sample_id,y_true,y_pred,prob_BRCA,prob_HNSCC,prob_LSCC,prob_LUAD
TCGA:BRCA:TCGA-3C-AAAU-01,BRCA,BRCA,0.9997764229774475,4.364080814411864e-05,3.07787413476035e-05,0.00014918361557647586
TCGA:BRCA:TCGA-3C-AALI-01,BRCA,BRCA,0.955237090587616,0.006159774027764797,0.007961061783134937,0.03064204752445221
TCGA:BRCA:TCGA-3C-AALJ-01,BRCA,BRCA,0.9724809527397156,0.007489456329494715,0.011332719586789608,0.008696871809661388
TCGA:BRCA:TCGA-3C-AALK-01,BRCA,BRCA,0.9999094605445862,3.500125967548229e-05,2.9703351174248382e-05,2.5859333618427627e-05
TCGA:BRCA:TCGA-4H-AAAK-01,BRCA,BRCA,0.9999929070472717,3.541563273756765e-06,1.8933330920845037e-06,1.6515274410267011e-06
TCGA:BRCA:TCGA-5L-AAT0-01,BRCA,BRCA,0.9984562993049622,0.0002868780866265297,0.0002956151438411325,0.0009612318244762719
TCGA:BRCA:TCGA-5T-A9QA-01,BRCA,BRCA,0.9657325148582458,0.01118960976600647,0.010709614492952824,0.012368288822472095
TCGA:BRCA:TCGA-A1-A0SB-01,BRCA,BRCA,0.996606171131134,0.0005872466135770082,0.0009694494074210525,0.0018371314508840442
TCGA:BRCA:TCGA-A1-A0SD-01,BRCA,BRCA,0.9999966621398926,5.207891149439092e-07,1.5269424693542533e-06,1.3000762919546105e-06
TCGA:BRCA:TCGA-A1-A0SE-01,BRCA,BRCA,0.9999769330024719,9.234671779267956e-06,6.962069619476097e-06,6.848232260381337e-06
TCGA:BRCA:TCGA-A1-A0SF-01,BRCA,BRCA,0.9993356466293335,0.0001989655283978209,0.00025092941359616816,0.00021448617917485535
TCGA:BRCA:TCGA-A1-A0SG-01,BRCA,BRCA,0.9999163746833801,4.345688648754731e-05,1.0278023182763718e-05,2.989830136357341e-05
TCGA:BRCA:TCGA-A1-A0SH-01,BRCA,BRCA,0.9999860525131226,5.687673819920747e-06,1.915841721711331e-06,6.32286491963896e-06
TCGA:BRCA:TCGA-A1-A0SI-01,BRCA,BRCA,0.9968819618225098,0.0005174257676117122,0.000898497411981225,0.0017020938685163856
TCGA:BRCA:TCGA-A1-A0SJ-01,BRCA,BRCA,0.999140739440918,0.000228726290515624,0.00026420687208883464,0.00036630890099331737
TCGA:BRCA:TCGA-A1-A0SK-01,BRCA,BRCA,0.9812502861022949,0.0005703060305677354,0.011872314848005772,0.006307113915681839
TCGA:BRCA:TCGA-A1-A0SM-01,BRCA,BRCA,0.9972391724586487,0.00032322475453838706,0.00033661266206763685,0.002100976649671793
TCGA:BRCA:TCGA-A1-A0SN-01,BRCA,BRCA,0.9999952912330627,4.480534244066803e-06,2.5218355403922033e-08,1.7744602587299596e-07
TCGA:BRCA:TCGA-A1-A0SO-01,BRCA,BRCA,0.962876558303833,0.00704152649268508,0.0054044160060584545,0.024677501991391182
TCGA:BRCA:TCGA-A1-A0SP-01,BRCA,BRCA,0.9998475909233093,4.931782626726999e-08,0.00015083282778505236,1.4996429626989993e-06
TCGA:BRCA:TCGA-A1-A0SQ-01,BRCA,BRCA,0.9999983310699463,1.6579949715378461e-06,2.68954405413524e-08,1.1584220693805491e-08
TCGA:BRCA:TCGA-A2-A04N-01,BRCA,BRCA,0.9995617866516113,0.0001406158844474703,0.00012842730211559683,0.00016917703032959253
TCGA:BRCA:TCGA-A2-A04P-01,BRCA,BRCA,0.9994251728057861,7.927812839625403e-05,0.00020538912212941796,0.00029013626044616103
TCGA:BRCA:TCGA-A2-A04Q-01,BRCA,BRCA,0.9999654293060303,1.7917324512950472e-08,2.8795589969377033e-05,5.786144356534351e-06
TCGA:BRCA:TCGA-A2-A04R-01,BRCA,BRCA,0.9999999403953552,9.520226829096146e-10,3.323841823998919e-08,1.3054947345381152e-08
TCGA:BRCA:TCGA-A2-A04T-01,BRCA,BRCA,0.9998762607574463,2.710082753765164e-06,9.339599637314677e-05,2.7604854039964266e-05
TCGA:BRCA:TCGA-A2-A04U-01,BRCA,BRCA,0.9974966049194336,0.000390034110751003,0.001498774392530322,0.0006145898951217532
TCGA:BRCA:TCGA-A2-A04V-01,BRCA,BRCA,0.9999779462814331,4.9435102482675575e-06,7.764431757095736e-06,9.329318345407955e-06
TCGA:BRCA:TCGA-A2-A04W-01,BRCA,BRCA,0.9945980310440063,0.0006311549223028123,0.0021302022505551577,0.002640638267621398
TCGA:BRCA:TCGA-A2-A04X-01,BRCA,BRCA,0.9999630451202393,3.135868246317841e-05,2.3827267341403058e-06,3.217406401745393e-06
TCGA:BRCA:TCGA-A2-A04Y-01,BRCA,BRCA,0.9987215995788574,0.00020551525813061744,0.00043084556818939745,0.0006420315476134419
TCGA:BRCA:TCGA-A2-A0CK-01,BRCA,BRCA,0.9999639391899109,1.076520584319951e-05,7.475560778402723e-06,1.783552761480678e-05
TCGA:BRCA:TCGA-A2-A0CL-01,BRCA,BRCA,0.9808462262153625,0.0024845069274306297,0.004399548284709454,0.012269729748368263
TCGA:BRCA:TCGA-A2-A0CM-01,BRCA,BRCA,0.999991774559021,2.9176325355706467e-08,1.5618109046044992e-06,6.653560376435053e-06
TCGA:BRCA:TCGA-A2-A0CO-01,BRCA,BRCA,0.9637743234634399,0.004979713819921017,0.0074623944237828255,0.023783596232533455
TCGA:BRCA:TCGA-A2-A0CP-01,BRCA,BRCA,0.9999931454658508,3.4983852401637705e-06,1.7484800309830462e-06,1.6040728496591328e-06
TCGA:BRCA:TCGA-A2-A0CQ-01,BRCA,BRCA,0.9985489249229431,0.0002425230195512995,0.00026759487809613347,0.0009409526246599853
TCGA:BRCA:TCGA-A2-A0CR-01,BRCA,BRCA,0.9999256134033203,5.1188369980081916e-05,1.026354220812209e-05,1.2939597581862472e-05
TCGA:BRCA:TCGA-A2-A0CS-01,BRCA,BRCA,0.9999570250511169,1.2503311154432595e-05,1.048865760822082e-05,2.0007042621728033e-05
TCGA:BRCA:TCGA-A2-A0CT-01,BRCA,BRCA,0.9999019503593445,6.60970836179331e-05,1.3780045264866203e-05,1.820064426283352e-05
TCGA:BRCA:TCGA-A2-A0CU-01,BRCA,BRCA,0.9993658661842346,0.0002256241423310712,0.00018556672148406506,0.00022292649373412132
TCGA:BRCA:TCGA-A2-A0CV-01,BRCA,BRCA,0.9999640583992004,6.2217113736551255e-06,1.0646014743542764e-05,1.9072238501394168e-05
TCGA:BRCA:TCGA-A2-A0CW-01,BRCA,BRCA,0.998723030090332,7.173709309427068e-05,0.0006977719021961093,0.0005074783693999052
TCGA:BRCA:TCGA-A2-A0CX-01,BRCA,BRCA,0.9977480173110962,0.00012071942182956263,0.0009569663088768721,0.0011742988135665655
TCGA:BRCA:TCGA-A2-A0CZ-01,BRCA,BRCA,1.0,1.1652034004328016e-08,2.470110560537364e-09,1.315168418614121e-08
TCGA:BRCA:TCGA-A2-A0D0-01,BRCA,BRCA,0.9955947995185852,0.0002766448596958071,0.0037918551824986935,0.0003366918535903096
TCGA:BRCA:TCGA-A2-A0D1-01,BRCA,BRCA,0.9999895691871643,3.812157700622265e-08,1.0221248913921954e-07,1.0283537449140567e-05
TCGA:BRCA:TCGA-A2-A0D2-01,BRCA,BRCA,0.9996378421783447,7.470015361832338e-07,0.00035340923932380974,7.982637725945096e-06
TCGA:BRCA:TCGA-A2-A0D3-01,BRCA,BRCA,0.9999960064888,1.663219450165343e-06,8.579517043472151e-07,1.4486927284451667e-06
TCGA:BRCA:TCGA-A2-A0D4-01,BRCA,BRCA,0.9990796446800232,0.00032649238710291684,0.00035332789411768317,0.0002405644190730527
TCGA:BRCA:TCGA-A2-A0EM-01,BRCA,BRCA,0.9999749660491943,5.981606136629125e-06,5.997124389978126e-06,1.3044206752965692e-05
TCGA:BRCA:TCGA-A2-A0EN-01,BRCA,BRCA,0.9999999403953552,3.6024261351741416e-10,1.0107460424180204e-09,4.468842718097221e-08
TCGA:BRCA:TCGA-A2-A0EO-01,BRCA,BRCA,0.999934196472168,1.3156212844478432e-05,1.179213995783357e-05,4.0844995965017006e-05
TCGA:BRCA:TCGA-A2-A0EP-01,BRCA,BRCA,0.9562501907348633,0.0033178578596562147,0.014166644774377346,0.026265285909175873
TCGA:BRCA:TCGA-A2-A0EQ-01,BRCA,BRCA,0.9914276599884033,0.0007214357610791922,0.0046415142714977264,0.0032093687914311886
TCGA:BRCA:TCGA-A2-A0ER-01,BRCA,BRCA,0.9999476075172424,8.715601325093303e-06,1.4492524314846378e-05,2.9158936740714125e-05
TCGA:BRCA:TCGA-A2-A0ES-01,BRCA,BRCA,0.9998342394828796,2.443965058773756e-05,2.7839814720209688e-05,0.00011350806744303554
TCGA:BRCA:TCGA-A2-A0ET-01,BRCA,BRCA,0.9999988675117493,3.134737625032358e-08,3.0722767974111775e-07,7.704707059019711e-07
TCGA:BRCA:TCGA-A2-A0EU-01,BRCA,BRCA,0.999845027923584,3.100003596046008e-05,3.083806223003194e-05,9.314320050179958e-05
TCGA:BRCA:TCGA-A2-A0EV-01,BRCA,BRCA,0.9999952912330627,9.010305461742973e-07,1.3952421795693226e-06,2.4332093744305894e-06
TCGA:BRCA:TCGA-A2-A0EW-01,BRCA,BRCA,0.9999942183494568,3.6524788811220787e-06,1.1172887752763927e-06,9.962036529032048e-07
TCGA:BRCA:TCGA-A2-A0EX-01,BRCA,BRCA,0.9993659853935242,0.0001750631636241451,0.00020973641949240118,0.0002492349885869771
TCGA:BRCA:TCGA-A2-A0EY-01,BRCA,BRCA,0.9999997019767761,1.6485794063214598e-08,2.2814705680218594e-09,2.6822897325473605e-07
TCGA:BRCA:TCGA-A2-A0ST-01,BRCA,BRCA,0.9911541938781738,0.0005334537709131837,0.0031761792488396168,0.005136159714311361
TCGA:BRCA:TCGA-A2-A0SU-01,BRCA,BRCA,0.9989690780639648,0.00023630150826647878,0.00022129336139187217,0.0005733117577619851
TCGA:BRCA:TCGA-A2-A0SV-01,BRCA,BRCA,0.9982911944389343,0.00045298098120838404,0.00046312325866892934,0.0007927093538455665
TCGA:BRCA:TCGA-A2-A0SW-01,BRCA,BRCA,0.9996665120124817,8.589569944206232e-08,1.4078656931815203e-05,0.0003193518496118486
TCGA:BRCA:TCGA-A2-A0SX-01,BRCA,BRCA,0.9999996423721313,2.7643176636615863e-09,5.3030827729116936e-08,3.1653522114538646e-07
TCGA:BRCA:TCGA-A2-A0SY-01,BRCA,BRCA,0.9999825954437256,4.579460437525995e-06,4.929208444082178e-06,7.895348062447738e-06
TCGA:BRCA:TCGA-A2-A0T0-01,BRCA,BRCA,0.997360348701477,0.0004058858612552285,0.0012249468127265573,0.0010088409762829542
TCGA:BRCA:TCGA-A2-A0T1-01,BRCA,BRCA,0.9983881115913391,4.3896430724998936e-05,0.00014022435061633587,0.001427768962457776
TCGA:BRCA:TCGA-A2-A0T2-01,BRCA,BRCA,0.9975603222846985,0.0003975779691245407,0.0011122477008029819,0.0009298427030444145
TCGA:BRCA:TCGA-A2-A0T3-01,BRCA,BRCA,0.9999989867210388,6.986052625279626e-09,6.116455608662363e-08,9.355951533507323e-07
TCGA:BRCA:TCGA-A2-A0T4-01,BRCA,BRCA,1.0,3.2195729415818164e-10,1.1050123038813808e-09,2.045851710263946e-09
TCGA:BRCA:TCGA-A2-A0T5-01,BRCA,BRCA,0.9999999403953552,6.711506017609281e-09,4.617224647063267e-08,3.8907694843715035e-09
TCGA:BRCA:TCGA-A2-A0T6-01,BRCA,BRCA,0.9999527931213379,1.6012845662771724e-05,8.556226930522826e-06,2.2623898985330015e-05
TCGA:BRCA:TCGA-A2-A0T7-01,BRCA,BRCA,0.9988323450088501,0.00038855866296216846,0.0003026416525244713,0.0004764514451380819
TCGA:BRCA:TCGA-A2-A0YC-01,BRCA,BRCA,0.9999971985816956,9.167925441033731e-07,5.997350740472029e-07,1.2876677146778093e-06
TCGA:BRCA:TCGA-A2-A0YD-01,BRCA,BRCA,0.9989835023880005,0.00020604944438673556,0.00017591046344023198,0.0006345614674501121
TCGA:BRCA:TCGA-A2-A0YE-01,BRCA,BRCA,0.9999905228614807,1.0858253851608879e-08,1.710707095980979e-07,9.27925248106476e-06
TCGA:BRCA:TCGA-A2-A0YF-01,BRCA,BRCA,0.9999992847442627,1.139687566542591e-09,3.950117033468814e-08,6.684762183795101e-07
TCGA:BRCA:TCGA-A2-A0YG-01,BRCA,BRCA,0.9944644570350647,0.0007123207906261086,0.0025219086091965437,0.0023012945894151926
TCGA:BRCA:TCGA-A2-A0YH-01,BRCA,BRCA,0.9999516606330872,5.296247763908468e-06,2.5017032385221682e-05,1.799994606699329e-05
TCGA:BRCA:TCGA-A2-A0YI-01,BRCA,BRCA,1.0,1.075160960262167e-09,1.1112679665359337e-09,9.505934928100146e-10
TCGA:BRCA:TCGA-A2-A0YJ-01,BRCA,BRCA,0.9999450445175171,8.040339707804378e-06,6.775936071790056e-06,4.013627039967105e-05
TCGA:BRCA:TCGA-A2-A0YK-01,BRCA,BRCA,0.9986804723739624,0.0003170953714288771,0.0006255900370888412,0.0003768133756238967
TCGA:BRCA:TCGA-A2-A0YL-01,BRCA,BRCA,0.9984040856361389,0.0005103237344883382,0.0005842192913405597,0.000501366681419313
TCGA:BRCA:TCGA-A2-A0YM-01,BRCA,BRCA,0.9973509311676025,0.000576009857468307,0.0007257369579747319,0.0013473219005391002
TCGA:BRCA:TCGA-A2-A0YT-01,BRCA,BRCA,0.9987662434577942,0.0003649909049272537,0.0003627151600085199,0.0005060295225121081
TCGA:BRCA:TCGA-A2-A1FV-01,BRCA,BRCA,0.9999998807907104,3.417204297306853e-09,4.253787722063862e-08,5.455026297340737e-08
TCGA:BRCA:TCGA-A2-A1FW-01,BRCA,BRCA,0.999967098236084,1.7936748918145895e-05,1.2551337931654416e-05,2.3976106149348198e-06
TCGA:BRCA:TCGA-A2-A1FX-01,BRCA,BRCA,0.999994158744812,1.0872553275476093e-06,3.3011999676091364e-06,1.4321777825898607e-06
TCGA:BRCA:TCGA-A2-A1FZ-01,BRCA,BRCA,0.9999994039535522,3.5184606339555557e-09,2.735515147733736e-09,5.618288128061977e-07
TCGA:BRCA:TCGA-A2-A1G0-01,BRCA,BRCA,0.9988163113594055,0.0004726414626929909,0.00042568272328935564,0.0002853430632967502
TCGA:BRCA:TCGA-A2-A1G1-01,BRCA,BRCA,0.9986743927001953,5.014052294427529e-05,0.0007352379034273326,0.0005402289680205286
TCGA:BRCA:TCGA-A2-A1G4-01,BRCA,BRCA,0.9992785453796387,0.0001999757660087198,0.00023474282352253795,0.00028675858629867435
TCGA:BRCA:TCGA-A2-A1G6-01,BRCA,BRCA,0.9980548024177551,0.0003271216119173914,0.0009462148882448673,0.0006718732765875757
TCGA:BRCA:TCGA-A2-A259-01,BRCA,BRCA,0.9990419745445251,0.00021340324019547552,0.0003061170282308012,0.000438532093539834
TCGA:BRCA:TCGA-A2-A25A-01,BRCA,BRCA,0.9986914396286011,2.4099796064547263e-05,9.385658631799743e-05,0.001190594513900578
TCGA:BRCA:TCGA-A2-A25B-01,BRCA,BRCA,0.9999998211860657,1.979650054995119e-10,1.6895280907647248e-07,1.8948442814803457e-08
TCGA:BRCA:TCGA-A2-A25C-01,BRCA,BRCA,0.9816684126853943,0.001982645131647587,0.0016054654261097312,0.014743456616997719
TCGA:BRCA:TCGA-A2-A25D-01,BRCA,BRCA,0.9999745488166809,3.1817887702345615e-06,1.4833906789135654e-05,7.409476893371902e-06
TCGA:BRCA:TCGA-A2-A25E-01,BRCA,BRCA,0.999906599521637,1.4896039829181973e-05,3.962640039389953e-05,3.890488005708903e-05
TCGA:BRCA:TCGA-A2-A25F-01,BRCA,BRCA,0.9797986149787903,0.0008590728975832462,0.005167621653527021,0.014174701645970345
TCGA:BRCA:TCGA-A2-A3KC-01,BRCA,BRCA,0.9999921321868896,2.958196091640275e-06,3.2942966754490044e-06,1.5986103107934468e-06
TCGA:BRCA:TCGA-A2-A3KD-01,BRCA,BRCA,0.9987471103668213,0.0003509602975100279,0.00023200889700092375,0.0006699304794892669
TCGA:BRCA:TCGA-A2-A3XS-01,BRCA,BRCA,0.9847690463066101,0.0018399738473817706,0.0023367861285805702,0.011054184287786484
TCGA:BRCA:TCGA-A2-A3XT-01,BRCA,BRCA,0.9993929266929626,7.304136670427397e-05,0.0002396555501036346,0.0002943849249277264
TCGA:BRCA:TCGA-A2-A3XU-01,BRCA,BRCA,0.9960200786590576,0.001947965589351952,0.0007466923561878502,0.0012852707877755165
TCGA:BRCA:TCGA-A2-A3XV-01,BRCA,BRCA,0.9798174500465393,0.004002378787845373,0.003758423961699009,0.012421740218997002
TCGA:BRCA:TCGA-A2-A3XW-01,BRCA,HNSCC,0.07428374886512756,0.9141929149627686,0.008287608623504639,0.003235735697671771
TCGA:BRCA:TCGA-A2-A3XX-01,BRCA,BRCA,0.9956501722335815,0.0005614765104837716,0.0019160136580467224,0.0018723156535997987
TCGA:BRCA:TCGA-A2-A3XY-01,BRCA,BRCA,0.9998139142990112,2.030193400059943e-06,0.0001581464021001011,2.5919976906152442e-05
TCGA:BRCA:TCGA-A2-A3XZ-01,BRCA,BRCA,0.9986944794654846,4.3147254473296925e-05,0.0002386132109677419,0.001023733988404274
TCGA:BRCA:TCGA-A2-A3Y0-01,BRCA,BRCA,0.8378037214279175,0.05966450646519661,0.09098842740058899,0.01154336053878069
TCGA:BRCA:TCGA-A2-A4RW-01,BRCA,BRCA,0.9999272227287292,2.6737145162769593e-05,1.8046333934762515e-05,2.7979147489531897e-05
TCGA:BRCA:TCGA-A2-A4RX-01,BRCA,BRCA,0.7546552419662476,0.07076246291399002,0.12988673150539398,0.044695548713207245
TCGA:BRCA:TCGA-A2-A4RY-01,BRCA,BRCA,0.999998927116394,2.6946105435854406e-07,4.1037355913431384e-07,3.94910955492378e-07
TCGA:BRCA:TCGA-A2-A4S0-01,BRCA,BRCA,0.9989286065101624,0.0002941599814221263,0.00023661676095798612,0.0005405969568528235
TCGA:BRCA:TCGA-A2-A4S1-01,BRCA,BRCA,0.9718658328056335,0.0003131203120574355,0.002868845360353589,0.024952176958322525
TCGA:BRCA:TCGA-A2-A4S2-01,BRCA,BRCA,0.9999995827674866,1.0454587595631892e-07,8.484341407211105e-08,2.2066882365834317e-07
TCGA:BRCA:TCGA-A2-A4S3-01,BRCA,BRCA,0.9966574311256409,0.0003157889295835048,0.0017491444014012814,0.0012776505900546908
TCGA:BRCA:TCGA-A7-A0CD-01,BRCA,BRCA,0.9990569949150085,0.00041278862045146525,0.00022868311498314142,0.0003015057591255754
TCGA:BRCA:TCGA-A7-A0CE-01,BRCA,BRCA,0.9776897430419922,0.0019346449989825487,0.005126452073454857,0.015249164775013924
TCGA:BRCA:TCGA-A7-A0CG-01,BRCA,BRCA,0.9998520016670227,1.0673795259208418e-05,1.5775271094753407e-05,0.00012152322597103193
TCGA:BRCA:TCGA-A7-A0CH-01,BRCA,BRCA,0.9999749660491943,5.257572411210276e-06,7.070703759382013e-06,1.2707927453448065e-05
TCGA:BRCA:TCGA-A7-A0CJ-01,BRCA,BRCA,0.9999078512191772,2.0779361875611357e-06,7.471864955732599e-05,1.5351304682553746e-05
TCGA:BRCA:TCGA-A7-A0D9-01,BRCA,BRCA,0.9999825358390808,1.6910071281017736e-06,3.0872856768837664e-06,1.2671351214521565e-05
TCGA:BRCA:TCGA-A7-A0DA-01,BRCA,BRCA,0.987899899482727,0.0012182630598545074,0.005605807062238455,0.005276060197502375
TCGA:BRCA:TCGA-A7-A0DB-01,BRCA,BRCA,0.9999698996543884,4.6812856453470886e-06,1.0644292160577606e-05,1.4746632587048225e-05
TCGA:BRCA:TCGA-A7-A0DC-01,BRCA,BRCA,0.9991962313652039,0.0002352847222937271,0.0002789219142869115,0.0002895620418712497
TCGA:BRCA:TCGA-A7-A13D-01,BRCA,BRCA,0.9759069681167603,0.00248253857716918,0.008588509634137154,0.013021989725530148
TCGA:BRCA:TCGA-A7-A13E-01,BRCA,BRCA,0.9994683861732483,4.455574162420817e-05,0.00012503446487244219,0.0003619975468609482
TCGA:BRCA:TCGA-A7-A13F-01,BRCA,BRCA,0.9999908804893494,3.3468038509454345e-06,3.066222689085407e-06,2.7066228085459443e-06
TCGA:BRCA:TCGA-A7-A13G-01,BRCA,BRCA,0.9993101954460144,0.0001991200988413766,0.00018535424896981567,0.0003053471154998988
TCGA:BRCA:TCGA-A7-A13H-01,BRCA,BRCA,0.998870313167572,0.0003565665101632476,0.0003308021405246109,0.0004423051723279059
TCGA:BRCA:TCGA-A7-A26E-01,BRCA,BRCA,1.0,5.982500606016572e-10,8.465579903749187e-10,2.4181672220180417e-09
TCGA:BRCA:TCGA-A7-A26F-01,BRCA,BRCA,0.9118314981460571,0.004766496364027262,0.06496865302324295,0.018433354794979095
TCGA:BRCA:TCGA-A7-A26G-01,BRCA,BRCA,0.9709567427635193,0.0018023523734882474,0.0166167002171278,0.010624213144183159
TCGA:BRCA:TCGA-A7-A26H-01,BRCA,BRCA,0.9907705187797546,0.0007232883363030851,0.0006751151522621512,0.007831105962395668
TCGA:BRCA:TCGA-A7-A26I-01,BRCA,BRCA,0.9985141158103943,1.655576670600567e-05,0.0002923725114669651,0.0011769675184041262
TCGA:BRCA:TCGA-A7-A26J-01,BRCA,BRCA,0.9999679923057556,1.4951947377994657e-05,9.919149306369945e-06,7.119763267837698e-06
TCGA:BRCA:TCGA-A7-A2KD-01,BRCA,BRCA,0.999931275844574,1.2534310371847823e-05,1.939532558026258e-05,3.676943379105069e-05
TCGA:BRCA:TCGA-A7-A3IY-01,BRCA,BRCA,0.9999990463256836,4.703074374390326e-09,4.0866979134079884e-08,9.369964573124889e-07
TCGA:BRCA:TCGA-A7-A3IZ-01,BRCA,BRCA,0.9986177086830139,0.00045864569256082177,0.0003275014169048518,0.0005961605347692966
TCGA:BRCA:TCGA-A7-A3J0-01,BRCA,BRCA,0.9999994039535522,2.310166458130425e-08,1.263902227321978e-08,5.860044893779559e-07
TCGA:BRCA:TCGA-A7-A3J1-01,BRCA,BRCA,0.9999921321868896,2.199577011197107e-06,3.0819676339888247e-06,2.563459929660894e-06
TCGA:BRCA:TCGA-A7-A3RF-01,BRCA,BRCA,0.9999673366546631,1.6028554455260746e-05,9.655164831201546e-06,6.960387509025168e-06
TCGA:BRCA:TCGA-A7-A425-01,BRCA,BRCA,0.9997029900550842,6.981172191444784e-05,0.00012944437912665308,9.776409569894895e-05
TCGA:BRCA:TCGA-A7-A426-01,BRCA,BRCA,0.9999513030052185,1.7327547539025545e-05,1.1594380339374766e-05,1.976090788957663e-05
TCGA:BRCA:TCGA-A7-A4SA-01,BRCA,BRCA,0.9990121126174927,9.685871191322803e-05,0.0001069129430106841,0.0007841026526875794
TCGA:BRCA:TCGA-A7-A4SB-01,BRCA,BRCA,0.998234748840332,0.00034748477628454566,0.0005119445268064737,0.0009058057912625372
TCGA:BRCA:TCGA-A7-A4SC-01,BRCA,BRCA,0.9866055846214294,0.0010317103005945683,0.0011920068645849824,0.011170707643032074
TCGA:BRCA:TCGA-A7-A4SD-01,BRCA,LSCC,0.13316293060779572,0.006423106417059898,0.8032106161117554,0.05720334127545357
TCGA:BRCA:TCGA-A7-A4SE-01,BRCA,BRCA,0.6355446577072144,0.03811955079436302,0.23534740507602692,0.0909884124994278
TCGA:BRCA:TCGA-A7-A4SF-01,BRCA,BRCA,0.9997913241386414,5.248139495961368e-05,5.793855234514922e-05,9.82285855570808e-05
TCGA:BRCA:TCGA-A7-A56D-01,BRCA,BRCA,0.8783763647079468,0.12145419418811798,3.30586735799443e-05,0.0001363951450912282
TCGA:BRCA:TCGA-A7-A5ZV-01,BRCA,BRCA,0.9933435916900635,0.0003275999042671174,0.003224423388019204,0.0031043747439980507
TCGA:BRCA:TCGA-A7-A5ZW-01,BRCA,BRCA,1.0,7.73928143793512e-11,1.8876775698117854e-09,2.1300645691724185e-09
TCGA:BRCA:TCGA-A7-A5ZX-01,BRCA,BRCA,0.9999996423721313,1.0361873137298971e-08,1.738621335789503e-07,1.7401941931893816e-07
TCGA:BRCA:TCGA-A7-A6VV-01,BRCA,BRCA,0.9826484322547913,0.001186408451758325,0.013150992803275585,0.00301419198513031
TCGA:BRCA:TCGA-A7-A6VW-01,BRCA,BRCA,0.9779409766197205,0.002876447280868888,0.016487838700413704,0.0026947115547955036
TCGA:BRCA:TCGA-A7-A6VX-01,BRCA,BRCA,0.9936797618865967,0.0006438000127673149,0.001552798436023295,0.004123639315366745
TCGA:BRCA:TCGA-A7-A6VY-01,BRCA,BRCA,0.9654664993286133,0.0011805162066593766,0.027996251359581947,0.005356724373996258
TCGA:BRCA:TCGA-A8-A06N-01,BRCA,BRCA,0.9981096982955933,0.0004860377812292427,0.0005736713064834476,0.0008305643568746746
TCGA:BRCA:TCGA-A8-A06O-01,BRCA,BRCA,0.9999954700469971,8.582356372244249e-07,1.8907857111116755e-06,1.8043749605567427e-06
TCGA:BRCA:TCGA-A8-A06P-01,BRCA,BRCA,0.9999976754188538,5.706109504899359e-07,3.4263337056472665e-07,1.386393250868423e-06
TCGA:BRCA:TCGA-A8-A06Q-01,BRCA,BRCA,0.9962672591209412,0.00040480357711203396,0.0005043265409767628,0.0028236352372914553
TCGA:BRCA:TCGA-A8-A06R-01,BRCA,BRCA,0.9998038411140442,1.0192660226948647e-07,5.989725764266041e-07,0.00019544483802746981
TCGA:BRCA:TCGA-A8-A06T-01,BRCA,BRCA,0.9999975562095642,6.121669002823182e-07,6.733932309543889e-07,1.1452557373559102e-06
TCGA:BRCA:TCGA-A8-A06U-01,BRCA,BRCA,0.999975860118866,1.3396411304711364e-05,3.0140276976453606e-06,7.738050044281408e-06
TCGA:BRCA:TCGA-A8-A06X-01,BRCA,BRCA,0.9999143481254578,1.0814623237820342e-05,1.2961508218722884e-05,6.188756378833205e-05
TCGA:BRCA:TCGA-A8-A06Y-01,BRCA,BRCA,0.9999995231628418,1.0716102449848108e-09,9.767833208940147e-10,4.64988175963299e-07
TCGA:BRCA:TCGA-A8-A06Z-01,BRCA,BRCA,0.9999966025352478,2.7308863081998425e-07,9.583955318248627e-08,3.0360488381120376e-06
TCGA:BRCA:TCGA-A8-A075-01,BRCA,BRCA,0.9976023435592651,0.0006236776243895292,0.0005306387320160866,0.0012433265801519156
TCGA:BRCA:TCGA-A8-A076-01,BRCA,BRCA,0.9986040592193604,0.00019759331189561635,0.00020339025650173426,0.0009949301602318883
TCGA:BRCA:TCGA-A8-A079-01,BRCA,BRCA,0.9999575614929199,1.039062044583261e-05,1.1651333807094488e-05,2.0390776626300067e-05
TCGA:BRCA:TCGA-A8-A07B-01,BRCA,BRCA,0.9999963641166687,1.1652970499653748e-07,1.7964778180612484e-06,1.7516683783469489e-06
TCGA:BRCA:TCGA-A8-A07C-01,BRCA,BRCA,0.9964197874069214,0.0005998674314469099,0.0012355562066659331,0.0017447780119255185
TCGA:BRCA:TCGA-A8-A07E-01,BRCA,BRCA,0.9999664425849915,9.171421879727859e-06,1.1063005331379827e-05,1.3339844372239895e-05
TCGA:BRCA:TCGA-A8-A07F-01,BRCA,BRCA,1.0,2.3695998496719994e-09,1.272725702605726e-09,2.4525840913725006e-08
TCGA:BRCA:TCGA-A8-A07G-01,BRCA,BRCA,0.9999994039535522,3.2386755499658193e-09,6.77761802236887e-09,6.138035928415775e-07
TCGA:BRCA:TCGA-A8-A07I-01,BRCA,BRCA,0.9999901652336121,5.0134749471908435e-06,2.3446693830919685e-06,2.4820631097099977e-06
TCGA:BRCA:TCGA-A8-A07J-01,BRCA,BRCA,0.9999991655349731,4.781085038985111e-08,5.5087556738442345e-09,7.714041316830844e-07
TCGA:BRCA:TCGA-A8-A07L-01,BRCA,BRCA,0.999947726726532,1.844345752033405e-05,9.073359251488e-06,2.4736480554565787e-05
TCGA:BRCA:TCGA-A8-A07O-01,BRCA,BRCA,0.9910622835159302,0.00111230812035501,0.005014031194150448,0.0028113804291933775
TCGA:BRCA:TCGA-A8-A07P-01,BRCA,BRCA,0.9999967217445374,1.1065257012887741e-06,1.218717102347e-06,9.407375500813941e-07
TCGA:BRCA:TCGA-A8-A07R-01,BRCA,BRCA,0.9998875260353088,4.7300787286985724e-08,0.00010746970656327903,4.9388877414457966e-06
TCGA:BRCA:TCGA-A8-A07S-01,BRCA,BRCA,0.9999665021896362,1.0378664228483103e-05,1.0070472853840329e-05,1.3063700862403493e-05
TCGA:BRCA:TCGA-A8-A07U-01,BRCA,BRCA,0.7029448747634888,0.005911644548177719,0.04386479780077934,0.24727870523929596
TCGA:BRCA:TCGA-A8-A07W-01,BRCA,BRCA,0.9974395036697388,0.0005773183074779809,0.0007072416483424604,0.0012759462697431445
TCGA:BRCA:TCGA-A8-A07Z-01,BRCA,BRCA,0.9998329877853394,0.00010416071745567024,3.337740417919122e-05,2.9450478905346245e-05
TCGA:BRCA:TCGA-A8-A081-01,BRCA,BRCA,0.9998059272766113,2.2717053070664406e-05,0.00010696826939238235,6.440388096962124e-05
TCGA:BRCA:TCGA-A8-A082-01,BRCA,BRCA,0.9999958872795105,1.205895614475594e-06,1.06002994471055e-06,1.835388957260875e-06
TCGA:BRCA:TCGA-A8-A083-01,BRCA,BRCA,1.0,3.5674034837285262e-09,1.390492498920537e-09,2.4272049259366213e-08
TCGA:BRCA:TCGA-A8-A085-01,BRCA,BRCA,1.0,5.84378101464722e-10,3.901937883910023e-09,1.582627717766627e-08
TCGA:BRCA:TCGA-A8-A086-01,BRCA,BRCA,1.0,5.032306127361608e-09,2.9703501880362637e-09,1.642577807103862e-08
TCGA:BRCA:TCGA-A8-A08A-01,BRCA,BRCA,0.9992197751998901,0.0002071657800115645,0.00017802564252633601,0.0003950065583921969
TCGA:BRCA:TCGA-A8-A08B-01,BRCA,BRCA,0.9957354664802551,0.0004385516222100705,0.0007273717783391476,0.0030985886696726084
TCGA:BRCA:TCGA-A8-A08C-01,BRCA,BRCA,0.99904465675354,0.00015402317512780428,0.0001843169011408463,0.0006169927073642612
TCGA:BRCA:TCGA-A8-A08G-01,BRCA,BRCA,0.9999629259109497,8.253057785623241e-06,7.564916359115159e-06,2.122858859365806e-05
TCGA:BRCA:TCGA-A8-A08H-01,BRCA,BRCA,0.8780257105827332,0.0008370430441573262,0.004006998147815466,0.11713022738695145
TCGA:BRCA:TCGA-A8-A08I-01,BRCA,BRCA,0.9999938011169434,1.256429538187831e-08,3.1697970825916855e-06,3.0014925869181752e-06
TCGA:BRCA:TCGA-A8-A08J-01,BRCA,BRCA,0.999783992767334,5.1281236665090546e-05,0.00011366955004632473,5.1055249059572816e-05
TCGA:BRCA:TCGA-A8-A08L-01,BRCA,BRCA,0.9966613054275513,0.0003956289147026837,0.00169709837064147,0.0012459431309252977
TCGA:BRCA:TCGA-A8-A08O-01,BRCA,BRCA,0.9999954104423523,5.813857910652587e-07,1.2686140280493419e-06,2.7325536393618677e-06
TCGA:BRCA:TCGA-A8-A08P-01,BRCA,BRCA,0.9991595149040222,0.00023818430781830102,0.0001710864744381979,0.0004312156233936548
TCGA:BRCA:TCGA-A8-A08R-01,BRCA,BRCA,0.9863887429237366,0.0012504110345616937,0.005407892167568207,0.006952960044145584
TCGA:BRCA:TCGA-A8-A08T-01,BRCA,BRCA,0.9994828104972839,0.0001285367616219446,0.00017409096471965313,0.00021454515808727592
TCGA:BRCA:TCGA-A8-A08X-01,BRCA,BRCA,0.9977118968963623,7.300973811652511e-05,0.0009007398621179163,0.0013143608812242746
TCGA:BRCA:TCGA-A8-A08Z-01,BRCA,BRCA,0.9999998807907104,4.4110895491833446e-10,4.888600080299454e-10,9.340057260942558e-08
TCGA:BRCA:TCGA-A8-A090-01,BRCA,BRCA,0.9953900575637817,0.0005650539533235133,0.0005417172214947641,0.0035031838342547417
TCGA:BRCA:TCGA-A8-A091-01,BRCA,BRCA,0.9991657137870789,0.00019040207553189248,0.00018480668950360268,0.00045909834443591535
TCGA:BRCA:TCGA-A8-A092-01,BRCA,BRCA,0.9997938275337219,3.897157876053825e-05,6.372668576659635e-05,0.00010348318028263748
TCGA:BRCA:TCGA-A8-A093-01,BRCA,BRCA,0.9999737739562988,1.0892011232499499e-05,6.7611317717819475e-06,8.573651030019391e-06
TCGA:BRCA:TCGA-A8-A094-01,BRCA,BRCA,0.9863299131393433,0.00021911703515797853,0.0005547709879465401,0.012896182015538216
TCGA:BRCA:TCGA-A8-A095-01,BRCA,BRCA,0.9999997615814209,3.4562088746525887e-09,1.877664956850822e-08,1.939923208738037e-07
TCGA:BRCA:TCGA-A8-A096-01,BRCA,BRCA,0.9999361038208008,1.921072725963313e-05,1.5800433175172657e-05,2.8867911169072613e-05
TCGA:BRCA:TCGA-A8-A097-01,BRCA,BRCA,0.9999998807907104,6.042012223872462e-09,4.077532267388051e-08,6.575545086207057e-08
TCGA:BRCA:TCGA-A8-A099-01,BRCA,BRCA,0.9990267157554626,0.00030148023506626487,0.00023378824698738754,0.0004380376485642046
TCGA:BRCA:TCGA-A8-A09A-01,BRCA,BRCA,0.9971935749053955,0.00034631689777597785,0.0009802146814763546,0.0014799104537814856
TCGA:BRCA:TCGA-A8-A09B-01,BRCA,BRCA,0.9999999403953552,1.7513435146554457e-09,4.3926909332192565e-10,2.8352063807801642e-08
TCGA:BRCA:TCGA-A8-A09C-01,BRCA,BRCA,0.9999996423721313,1.0282461548882793e-09,1.8910650823045216e-08,3.628496472174447e-07
TCGA:BRCA:TCGA-A8-A09D-01,BRCA,BRCA,0.9985537528991699,0.00034690130269154906,0.00035713883698917925,0.0007422243943437934
TCGA:BRCA:TCGA-A8-A09G-01,BRCA,BRCA,1.0,6.199588620248164e-10,2.28272711844113e-09,1.4235047807176215e-08
TCGA:BRCA:TCGA-A8-A09I-01,BRCA,BRCA,0.9984174370765686,0.00020104651048313826,0.0003584611404221505,0.00102305191103369
TCGA:BRCA:TCGA-A8-A09M-01,BRCA,BRCA,0.9984388947486877,0.00029956240905448794,0.0004449313273653388,0.0008166281040757895
TCGA:BRCA:TCGA-A8-A09N-01,BRCA,BRCA,0.9992285370826721,0.00022884378267917782,0.00022958802583161741,0.000313037569867447
TCGA:BRCA:TCGA-A8-A09Q-01,BRCA,BRCA,0.9999057650566101,4.5823180698789656e-05,1.2539488125185017e-05,3.589904008549638e-05
TCGA:BRCA:TCGA-A8-A09R-01,BRCA,BRCA,0.9991987943649292,0.00022555609757546335,0.0003086489159613848,0.0002670088142622262
TCGA:BRCA:TCGA-A8-A09T-01,BRCA,BRCA,1.0,3.469899645391905e-10,6.970357069313593e-10,2.247067598659669e-08
TCGA:BRCA:TCGA-A8-A09V-01,BRCA,BRCA,0.999929666519165,1.1460765563242603e-05,1.1139795788039919e-05,4.775191337103024e-05
TCGA:BRCA:TCGA-A8-A09W-01,BRCA,BRCA,0.9893854856491089,0.0035064839757978916,0.0021604658104479313,0.004947535693645477
TCGA:BRCA:TCGA-A8-A09X-01,BRCA,BRCA,1.0,4.3281225825531067e-10,4.572810130554217e-09,6.689915732494001e-09
TCGA:BRCA:TCGA-A8-A09Z-01,BRCA,BRCA,0.99921715259552,3.73508119082544e-05,1.449391584174009e-05,0.0007310209330171347
TCGA:BRCA:TCGA-A8-A0A1-01,BRCA,BRCA,0.9992966651916504,0.0002998015843331814,0.00017184427997563034,0.00023166208120528609
TCGA:BRCA:TCGA-A8-A0A2-01,BRCA,BRCA,0.9999966621398926,1.6635719930491177e-06,1.0526815685807378e-06,6.170008077788225e-07
TCGA:BRCA:TCGA-A8-A0A4-01,BRCA,BRCA,0.9998767971992493,3.423295129323378e-05,6.024111826263834e-06,8.293971040984616e-05
TCGA:BRCA:TCGA-A8-A0A6-01,BRCA,BRCA,0.9999570250511169,7.18230580787349e-07,2.6120640086446656e-06,3.964647476095706e-05
TCGA:BRCA:TCGA-A8-A0A7-01,BRCA,BRCA,0.9937511086463928,0.0004096088232472539,0.0014025687705725431,0.004436697345227003
TCGA:BRCA:TCGA-A8-A0A9-01,BRCA,BRCA,0.999991238117218,4.552424343273742e-06,1.2597431577887619e-06,2.9496693514374783e-06
TCGA:BRCA:TCGA-A8-A0AB-01,BRCA,BRCA,0.9999879002571106,1.0803730674524559e-06,6.522161129396409e-06,4.481255018617958e-06
TCGA:BRCA:TCGA-A8-A0AD-01,BRCA,BRCA,1.0,1.144343397818659e-09,5.494323884747132e-10,3.914248924985486e-09
TCGA:BRCA:TCGA-AC-A23C-01,BRCA,BRCA,0.9999954700469971,6.908317118359264e-07,1.7542597561259754e-06,2.0871182186965598e-06
TCGA:BRCA:TCGA-AC-A23E-01,BRCA,BRCA,0.9989718794822693,0.00021243920491542667,0.0003774830838665366,0.00043817004188895226
TCGA:BRCA:TCGA-AC-A23G-01,BRCA,BRCA,0.9999983906745911,1.3224833992353524e-06,2.5176147389061043e-08,2.798289813199517e-07
TCGA:BRCA:TCGA-AC-A23H-01,BRCA,BRCA,0.9955936670303345,0.0005073361098766327,0.0011060810647904873,0.0027928983327001333
TCGA:BRCA:TCGA-AC-A2B8-01,BRCA,BRCA,0.9999411702156067,1.5364015780505724e-05,7.895938324509189e-06,3.55704287358094e-05
TCGA:BRCA:TCGA-AC-A2BK-01,BRCA,BRCA,0.9994631409645081,3.0386527214432135e-06,0.00023066236462909728,0.00030314543982967734
TCGA:BRCA:TCGA-AC-A2BM-01,BRCA,BRCA,0.9999250173568726,1.2507739484135527e-05,2.4699031200725585e-05,3.778590325964615e-05
TCGA:BRCA:TCGA-AC-A2FB-01,BRCA,BRCA,1.0,4.781304241419093e-10,1.0401556060912753e-08,3.667522729955408e-09
TCGA:BRCA:TCGA-AC-A2FE-01,BRCA,BRCA,0.9995275735855103,2.173717257392127e-05,3.299815216450952e-05,0.00041770204552449286
TCGA:BRCA:TCGA-AC-A2FF-01,BRCA,BRCA,0.9999995231628418,7.150976477632298e-10,4.768359040951964e-09,4.718496313671494e-07
TCGA:BRCA:TCGA-AC-A2FG-01,BRCA,BRCA,0.9993601441383362,0.00024186437076423317,0.00019045283261220902,0.00020752812270075083
TCGA:BRCA:TCGA-AC-A2FK-01,BRCA,BRCA,0.9991614818572998,6.03224580117967e-05,9.045925253303722e-05,0.0006877576233819127
TCGA:BRCA:TCGA-AC-A2FM-01,BRCA,BRCA,0.9999976754188538,7.810648980921542e-07,3.4295774753445585e-07,1.2264933957339963e-06
TCGA:BRCA:TCGA-AC-A2FO-01,BRCA,BRCA,0.9999308586120605,1.0187731277255807e-05,9.51239144342253e-06,4.9430418584961444e-05
TCGA:BRCA:TCGA-AC-A2QH-01,BRCA,BRCA,0.92859947681427,0.016026217490434647,0.009776707738637924,0.04559760540723801
TCGA:BRCA:TCGA-AC-A2QI-01,BRCA,BRCA,0.9990561008453369,0.0003665966505650431,0.0002242912887595594,0.00035302419564686716
TCGA:BRCA:TCGA-AC-A2QJ-01,BRCA,BRCA,0.6308283805847168,0.29303136467933655,0.026203611865639687,0.04993661865592003
TCGA:BRCA:TCGA-AC-A3BB-01,BRCA,BRCA,0.9999999403953552,4.546623522116988e-09,3.989067687282244e-10,2.8945985164341437e-08
TCGA:BRCA:TCGA-AC-A3EH-01,BRCA,BRCA,0.9986901879310608,0.00045144811156205833,0.0003813596849795431,0.0004769901279360056
TCGA:BRCA:TCGA-AC-A3HN-01,BRCA,BRCA,0.9999960660934448,1.5497184904234018e-06,1.3444584965327522e-06,1.0141052371182013e-06
TCGA:BRCA:TCGA-AC-A3OD-01,BRCA,BRCA,0.9988078474998474,0.00023143482394516468,0.00044907297706231475,0.0005116491811349988
TCGA:BRCA:TCGA-AC-A3QP-01,BRCA,BRCA,0.9999731779098511,3.757413196581183e-06,1.3172915714676492e-05,9.898099051497411e-06
TCGA:BRCA:TCGA-AC-A3QQ-01,BRCA,BRCA,0.999866783618927,5.395232074079104e-05,4.153760528424755e-05,3.7717094528488815e-05
TCGA:BRCA:TCGA-AC-A3TM-01,BRCA,BRCA,0.9658044576644897,0.02215995267033577,0.003037269925698638,0.008998345583677292
TCGA:BRCA:TCGA-AC-A3TN-01,BRCA,BRCA,0.9982960224151611,0.0006350132753141224,0.00040841364534571767,0.0006605468806810677
TCGA:BRCA:TCGA-AC-A3W5-01,BRCA,BRCA,0.9999935626983643,2.9404723989046033e-08,8.787068850324431e-09,6.398840014298912e-06
TCGA:BRCA:TCGA-AC-A3W6-01,BRCA,BRCA,0.9979203343391418,0.00046808968181721866,0.0005450733588077128,0.001066492754034698
TCGA:BRCA:TCGA-AC-A3W7-01,BRCA,BRCA,0.9999998807907104,9.393988875672221e-08,5.588013607393805e-09,1.1256759968603092e-08
TCGA:BRCA:TCGA-AC-A3YI-01,BRCA,BRCA,0.9983911514282227,0.00010174597264267504,0.0011886596912518144,0.0003184554516337812
TCGA:BRCA:TCGA-AC-A3YJ-01,BRCA,BRCA,0.9963511228561401,0.000591906369663775,0.0006819752743467689,0.0023750225082039833
TCGA:BRCA:TCGA-AC-A4ZE-01,BRCA,BRCA,0.9988062977790833,0.00020842406956944615,0.00023835843603592366,0.0007469056290574372
TCGA:BRCA:TCGA-AC-A5EH-01,BRCA,BRCA,0.9999505877494812,5.620025149255525e-06,1.2628430340555497e-05,3.117767482763156e-05
TCGA:BRCA:TCGA-AC-A5XS-01,BRCA,BRCA,0.9902715086936951,0.0006495825364254415,0.0011953057255595922,0.007883632555603981
TCGA:BRCA:TCGA-AC-A5XU-01,BRCA,BRCA,0.9959254860877991,0.0007982698734849691,0.0010584457777440548,0.002217801520600915
TCGA:BRCA:TCGA-AC-A62V-01,BRCA,BRCA,0.9774553179740906,0.010555272921919823,0.004961284808814526,0.007028111256659031
TCGA:BRCA:TCGA-AC-A62X-01,BRCA,BRCA,0.9919822812080383,0.000999725772999227,0.0016820909222587943,0.0053358860313892365
TCGA:BRCA:TCGA-AC-A62Y-01,BRCA,BRCA,0.9999996423721313,1.6563074467512706e-08,5.002243508300808e-09,3.382839963705919e-07
TCGA:BRCA:TCGA-AC-A6IV-01,BRCA,BRCA,0.9973281621932983,0.00011534213263075799,0.00018480811559129506,0.0023716611322015524
TCGA:BRCA:TCGA-AC-A6IW-01,BRCA,BRCA,0.9999819397926331,1.890739326881885e-06,1.526291816844605e-05,9.012737223201839e-07
TCGA:BRCA:TCGA-AC-A6IX-01,BRCA,BRCA,0.9975494742393494,0.000401977333240211,0.0006344730500131845,0.0014140630373731256
TCGA:BRCA:TCGA-AC-A6NO-01,BRCA,BRCA,0.9993368983268738,0.00015801424160599709,0.0001952356396941468,0.00030986921046860516
TCGA:BRCA:TCGA-AC-A7VB-01,BRCA,BRCA,0.9978019595146179,0.00032852235017344356,0.0004149992309976369,0.001454525743611157
TCGA:BRCA:TCGA-AC-A7VC-01,BRCA,BRCA,0.9982075691223145,0.0007025972590781748,0.0008025282295420766,0.0002872918557841331
TCGA:BRCA:TCGA-AC-A8OP-01,BRCA,BRCA,0.9999509453773499,4.8851889005163684e-06,4.977031494490802e-06,3.918022048310377e-05
TCGA:BRCA:TCGA-AC-A8OQ-01,BRCA,BRCA,0.729007363319397,0.005443565547466278,0.043199680745601654,0.2223494052886963
TCGA:BRCA:TCGA-AC-A8OR-01,BRCA,BRCA,0.9999992251396179,5.29084672962199e-07,1.0506628456141698e-07,1.587556539561774e-07
TCGA:BRCA:TCGA-AC-A8OS-01,BRCA,BRCA,0.9906432032585144,0.0009457106934860349,0.0010535871842876077,0.007357506081461906
TCGA:BRCA:TCGA-AN-A03X-01,BRCA,BRCA,0.9997708797454834,2.5468814783380367e-05,1.3500860404747073e-05,0.00019016854639630765
TCGA:BRCA:TCGA-AN-A03Y-01,BRCA,BRCA,0.9996677041053772,2.777161898848135e-05,8.51143486215733e-05,0.00021941702289041132
TCGA:BRCA:TCGA-AN-A041-01,BRCA,BRCA,0.9900568723678589,0.0009780122200027108,0.0011982558062300086,0.007766838185489178
TCGA:BRCA:TCGA-AN-A046-01,BRCA,BRCA,0.9999891519546509,4.95125777888461e-06,1.8094099232257577e-06,4.080794042238267e-06
TCGA:BRCA:TCGA-AN-A049-01,BRCA,BRCA,0.9999401569366455,2.533266888349317e-05,7.554418971267296e-06,2.6949308448820375e-05
TCGA:BRCA:TCGA-AN-A04A-01,BRCA,BRCA,0.9999998807907104,3.2680418371455744e-08,6.705167976406301e-08,2.7833134907950807e-08
TCGA:BRCA:TCGA-AN-A04C-01,BRCA,BRCA,0.9999269247055054,4.412403029618872e-07,7.086295954650268e-05,1.7433255834475858e-06
TCGA:BRCA:TCGA-AN-A04D-01,BRCA,BRCA,0.9999734163284302,1.1006090261389545e-07,6.490769465017365e-06,1.9965928004239686e-05
TCGA:BRCA:TCGA-AN-A0AJ-01,BRCA,BRCA,0.9985436201095581,0.00028394913533702493,0.0009321112302131951,0.0002403192047495395
TCGA:BRCA:TCGA-AN-A0AK-01,BRCA,BRCA,0.995895504951477,0.0007693174993619323,0.0027848922181874514,0.0005502713029272854
TCGA:BRCA:TCGA-AN-A0AL-01,BRCA,BRCA,0.4953139126300812,0.007146689109504223,0.05391930416226387,0.44362008571624756
TCGA:BRCA:TCGA-AN-A0AM-01,BRCA,BRCA,0.9975316524505615,0.0006227607955224812,0.0005612871027551591,0.0012842802098020911
TCGA:BRCA:TCGA-AN-A0AR-01,BRCA,BRCA,0.9842614531517029,0.002415506634861231,0.004523217678070068,0.008799819275736809
TCGA:BRCA:TCGA-AN-A0AS-01,BRCA,BRCA,0.997917890548706,0.0002929773472715169,0.00030984339537099004,0.0014792768051847816
TCGA:BRCA:TCGA-AN-A0AT-01,BRCA,BRCA,0.997873842716217,0.00017246053903363645,0.00153352040797472,0.00042020107503049076
TCGA:BRCA:TCGA-AN-A0FD-01,BRCA,BRCA,0.9986815452575684,0.0003065415075980127,0.0005349532584659755,0.00047695697867311537
TCGA:BRCA:TCGA-AN-A0FF-01,BRCA,BRCA,0.9983701705932617,0.00038507248973473907,0.0005018916563130915,0.0007428534445352852
TCGA:BRCA:TCGA-AN-A0FJ-01,BRCA,BRCA,0.8643143773078918,0.0037781738210469484,0.05176081508398056,0.08014662563800812
TCGA:BRCA:TCGA-AN-A0FK-01,BRCA,BRCA,1.0,6.908942862260403e-10,1.1936218236030527e-08,9.337512985041485e-09
TCGA:BRCA:TCGA-AN-A0FL-01,BRCA,BRCA,0.986558198928833,0.0004924826207570732,0.004618778359144926,0.008330555632710457
TCGA:BRCA:TCGA-AN-A0FN-01,BRCA,BRCA,0.9999998807907104,5.599036789760703e-10,2.83921108845675e-09,1.2564009921334218e-07
TCGA:BRCA:TCGA-AN-A0FS-01,BRCA,BRCA,1.0,4.872743875061758e-10,6.43816833179045e-10,7.80769060515496e-10
TCGA:BRCA:TCGA-AN-A0FT-01,BRCA,BRCA,0.9999997615814209,1.4569380368811835e-07,1.5171346845477274e-08,4.961230359867841e-08
TCGA:BRCA:TCGA-AN-A0FV-01,BRCA,BRCA,0.9160164594650269,0.006350844167172909,0.0077071585692465305,0.06992553919553757
TCGA:BRCA:TCGA-AN-A0FW-01,BRCA,BRCA,0.9999446272850037,1.682768197497353e-05,2.0119445252930745e-05,1.8399159671389498e-05
TCGA:BRCA:TCGA-AN-A0FX-01,BRCA,BRCA,0.9999696612358093,1.0674695261059242e-07,2.9460041332640685e-05,7.886939101808821e-07
TCGA:BRCA:TCGA-AN-A0FY-01,BRCA,BRCA,0.9938573837280273,0.0013044436927884817,0.003725691931322217,0.0011124731972813606
TCGA:BRCA:TCGA-AN-A0FZ-01,BRCA,BRCA,0.9994214177131653,3.694564657052979e-05,6.060872692614794e-05,0.00048100066487677395
TCGA:BRCA:TCGA-AN-A0G0-01,BRCA,BRCA,0.9329808950424194,0.001675567589700222,0.010283459909260273,0.05506008490920067
TCGA:BRCA:TCGA-AN-A0XL-01,BRCA,BRCA,1.0,6.2947509427147e-09,4.274179232766073e-09,1.3732223358431384e-08
TCGA:BRCA:TCGA-AN-A0XN-01,BRCA,BRCA,0.9974667429924011,0.0003890928637702018,0.001267039100639522,0.0008771099965088069
TCGA:BRCA:TCGA-AN-A0XO-01,BRCA,BRCA,0.9985682964324951,0.00032500678207725286,0.00039799438673071563,0.0007087128469720483
TCGA:BRCA:TCGA-AN-A0XP-01,BRCA,BRCA,0.9999975562095642,9.256486350750492e-07,9.194300787385146e-07,5.715594966204662e-07
TCGA:BRCA:TCGA-AN-A0XR-01,BRCA,BRCA,0.9999905824661255,5.876087016076781e-06,1.6621435179331456e-06,1.8567669712865609e-06
TCGA:BRCA:TCGA-AN-A0XS-01,BRCA,BRCA,0.9999973773956299,1.2949618621860282e-06,5.105978857500304e-07,7.959404229040956e-07
TCGA:BRCA:TCGA-AN-A0XT-01,BRCA,BRCA,0.9998904466629028,1.6603093172307126e-05,1.3748326637141872e-05,7.917389302747324e-05
TCGA:BRCA:TCGA-AN-A0XU-01,BRCA,BRCA,0.9999898076057434,3.882500543284095e-09,7.4787562880374026e-06,2.716890094234259e-06
TCGA:BRCA:TCGA-AN-A0XV-01,BRCA,BRCA,0.9999980330467224,3.185165837749082e-07,4.3735707322412054e-07,1.1979769851677702e-06
TCGA:BRCA:TCGA-AN-A0XW-01,BRCA,BRCA,0.9999998807907104,5.397254865258105e-10,2.4558390876450176e-08,1.2364526469355042e-07
TCGA:BRCA:TCGA-AO-A03L-01,BRCA,BRCA,0.9995935559272766,0.00028633911279030144,8.757678733672947e-05,3.2536187063669786e-05
TCGA:BRCA:TCGA-AO-A03M-01,BRCA,BRCA,0.9969667792320251,0.0005114252562634647,0.0015208912082016468,0.0010009169345721602
TCGA:BRCA:TCGA-AO-A03N-01,BRCA,BRCA,0.9999915361404419,2.044082521024393e-06,3.7106740364833968e-06,2.7260944079898763e-06
TCGA:BRCA:TCGA-AO-A03O-01,BRCA,BRCA,0.9999945163726807,1.2514527725215885e-06,2.4235550881712697e-06,1.7855511487141484e-06
TCGA:BRCA:TCGA-AO-A03P-01,BRCA,BRCA,0.9987992644309998,0.00034693043562583625,0.00045470011536963284,0.0003991224803030491
TCGA:BRCA:TCGA-AO-A03R-01,BRCA,BRCA,0.9998990893363953,1.2691291885857936e-05,6.85574414092116e-05,1.9658929886645637e-05
TCGA:BRCA:TCGA-AO-A03T-01,BRCA,BRCA,0.989839494228363,0.003933805041015148,0.002735490445047617,0.0034911916591227055
TCGA:BRCA:TCGA-AO-A03U-01,BRCA,BRCA,0.6244405508041382,0.001910288934595883,0.003464719047769904,0.37018445134162903
TCGA:BRCA:TCGA-AO-A03V-01,BRCA,BRCA,0.9983072280883789,0.0003571382840164006,0.0008353885496035218,0.0005002194084227085
TCGA:BRCA:TCGA-AO-A0J2-01,BRCA,BRCA,0.9600794911384583,0.00414698664098978,0.005799820646643639,0.02997371181845665
TCGA:BRCA:TCGA-AO-A0J3-01,BRCA,BRCA,0.9974342584609985,0.0005670782411471009,0.0007490917341783643,0.0012495653936639428
TCGA:BRCA:TCGA-AO-A0J4-01,BRCA,BRCA,0.9905184507369995,0.0007826476939953864,0.0051837642677128315,0.00351515575312078
TCGA:BRCA:TCGA-AO-A0J5-01,BRCA,BRCA,0.9999969601631165,6.151329756676205e-08,1.1736811522666812e-08,2.99057614938647e-06
TCGA:BRCA:TCGA-AO-A0J6-01,BRCA,BRCA,0.9977800250053406,6.941278843441978e-05,0.0013582464307546616,0.0007923352532088757
TCGA:BRCA:TCGA-AO-A0J7-01,BRCA,BRCA,0.9999972581863403,2.0845736798946746e-06,1.0298258956709105e-07,5.728652467951179e-07
TCGA:BRCA:TCGA-AO-A0J8-01,BRCA,BRCA,0.9990861415863037,0.00016463229258079082,0.00018405982700642198,0.0005651560495607555
TCGA:BRCA:TCGA-AO-A0J9-01,BRCA,BRCA,0.9999916553497314,1.1463999953775783e-06,4.326934231357882e-06,2.881210548366653e-06
TCGA:BRCA:TCGA-AO-A0JA-01,BRCA,BRCA,0.999995768070221,1.0035689683718374e-06,1.0931184988294262e-06,2.1526516320591327e-06
TCGA:BRCA:TCGA-AO-A0JB-01,BRCA,BRCA,0.9903286099433899,0.0034990960266441107,0.004562470130622387,0.001609823782928288
TCGA:BRCA:TCGA-AO-A0JC-01,BRCA,BRCA,0.7658019065856934,0.010716109536588192,0.15978705883026123,0.06369490921497345
TCGA:BRCA:TCGA-AO-A0JD-01,BRCA,BRCA,0.9999980926513672,4.171541778674737e-09,1.7843178738985443e-06,1.035826855400046e-07
TCGA:BRCA:TCGA-AO-A0JE-01,BRCA,BRCA,0.9408212304115295,0.003184497356414795,0.00723428837954998,0.048760008066892624
TCGA:BRCA:TCGA-AO-A0JF-01,BRCA,BRCA,0.9987197518348694,0.00037621959927491844,0.00035226799082010984,0.0005517796380445361
TCGA:BRCA:TCGA-AO-A0JG-01,BRCA,BRCA,0.9989831447601318,0.0002111733629135415,0.0003044980694539845,0.0005011788452975452
TCGA:BRCA:TCGA-AO-A0JI-01,BRCA,BRCA,1.0,8.302474263643944e-09,1.0493769186936674e-09,7.48466710831508e-09
TCGA:BRCA:TCGA-AO-A0JJ-01,BRCA,BRCA,0.998066782951355,0.0006502910400740802,0.00047535417252220213,0.0008075653458945453
TCGA:BRCA:TCGA-AO-A0JL-01,BRCA,BRCA,0.9999997019767761,3.684568650186293e-09,4.138487330607177e-09,2.734064992182539e-07
TCGA:BRCA:TCGA-AO-A0JM-01,BRCA,BRCA,0.9979469180107117,0.0006854342063888907,0.00048492971109226346,0.0008827298297546804
TCGA:BRCA:TCGA-AO-A124-01,BRCA,BRCA,0.9875278472900391,0.001261102850548923,0.00426009576767683,0.006950933486223221
TCGA:BRCA:TCGA-AO-A125-01,BRCA,BRCA,0.9998043775558472,2.978852717205882e-05,2.407439205853734e-05,0.00014174450188875198
TCGA:BRCA:TCGA-AO-A126-01,BRCA,BRCA,0.9992479681968689,0.0002899304963648319,0.00021679360361304134,0.0002453163906466216
TCGA:BRCA:TCGA-AO-A128-01,BRCA,BRCA,0.961460530757904,0.0020464055705815554,0.005290794186294079,0.03120228461921215
TCGA:BRCA:TCGA-AO-A129-01,BRCA,BRCA,0.9904255867004395,0.0013085531536489725,0.006809828337281942,0.0014560045674443245
TCGA:BRCA:TCGA-AO-A12A-01,BRCA,BRCA,0.9999960064888,5.38512949788128e-07,7.774992241138534e-07,2.6512600470596226e-06
TCGA:BRCA:TCGA-AO-A12B-01,BRCA,BRCA,0.9978621602058411,0.00029987876769155264,0.0002987701736856252,0.001539189019240439
TCGA:BRCA:TCGA-AO-A12D-01,BRCA,BRCA,0.993685245513916,0.0005668167141266167,0.0017160060815513134,0.004031919874250889
TCGA:BRCA:TCGA-AO-A12E-01,BRCA,BRCA,0.9999999403953552,1.7008334296519934e-08,1.3204046744874631e-09,2.2332182325612848e-08
TCGA:BRCA:TCGA-AO-A12F-01,BRCA,BRCA,0.9906112551689148,0.0008869772427715361,0.005410496611148119,0.0030912619549781084
TCGA:BRCA:TCGA-AO-A12G-01,BRCA,BRCA,0.9999997019767761,7.544397995218333e-09,1.4561582872829604e-07,1.4544222892709513e-07
TCGA:BRCA:TCGA-AO-A12H-01,BRCA,BRCA,0.9995182156562805,0.0001526395935798064,0.0001448047551093623,0.00018436292884871364
TCGA:BRCA:TCGA-AO-A1KO-01,BRCA,BRCA,0.9999595880508423,3.0809667350695236e-06,2.1015752281527966e-05,1.632094972592313e-05
TCGA:BRCA:TCGA-AO-A1KP-01,BRCA,BRCA,1.0,8.588582622870433e-11,2.511170604790891e-09,1.2559507878151521e-09
TCGA:BRCA:TCGA-AO-A1KQ-01,BRCA,BRCA,0.9998801946640015,1.0474066584720276e-05,7.329397340072319e-05,3.603983350330964e-05
TCGA:BRCA:TCGA-AO-A1KR-01,BRCA,BRCA,0.9856337308883667,0.0006895309197716415,0.012581092305481434,0.001095617306418717
TCGA:BRCA:TCGA-AO-A1KS-01,BRCA,BRCA,1.0,1.2082339573282752e-09,4.4492631801063e-09,7.302922266916312e-09
TCGA:BRCA:TCGA-AO-A1KT-01,BRCA,BRCA,0.9999918937683105,1.5920439864203217e-06,1.3913760312789236e-06,5.099600002722582e-06
TCGA:BRCA:TCGA-AQ-A04H-01,BRCA,BRCA,0.9985654354095459,0.00028237138758413494,0.0003093996783718467,0.0008427959401160479
TCGA:BRCA:TCGA-AQ-A04J-01,BRCA,BRCA,0.900052547454834,0.0045187934301793575,0.07418908923864365,0.021239589899778366
TCGA:BRCA:TCGA-AQ-A04L-01,BRCA,BRCA,0.9909594058990479,0.0002727988758124411,0.002110859612002969,0.006656956858932972
TCGA:BRCA:TCGA-AQ-A0Y5-01,BRCA,BRCA,0.9999998211860657,8.395770190183782e-10,2.3203293508800016e-08,1.7782741679184255e-07
TCGA:BRCA:TCGA-AQ-A1H2-01,BRCA,BRCA,0.9988362789154053,0.0003599401388783008,0.00033883683499880135,0.0004649196926038712
TCGA:BRCA:TCGA-AQ-A1H3-01,BRCA,BRCA,0.9999963045120239,7.868216584938637e-07,9.131987894761551e-07,2.009344825637527e-06
TCGA:BRCA:TCGA-AQ-A54N-01,BRCA,BRCA,0.9932198524475098,0.0002941321872640401,0.0008854408515617251,0.005600591190159321
TCGA:BRCA:TCGA-AQ-A54O-01,BRCA,BRCA,0.9959030151367188,0.0009830341441556811,0.0010772229870781302,0.0020367109682410955
TCGA:BRCA:TCGA-AQ-A7U7-01,BRCA,BRCA,0.9514947533607483,0.0025576474145054817,0.006859481800347567,0.039088111370801926
TCGA:BRCA:TCGA-AR-A0TP-01,BRCA,BRCA,0.9999949336051941,1.201911281611956e-08,3.0940191209083423e-07,4.755302143166773e-06
TCGA:BRCA:TCGA-AR-A0TQ-01,BRCA,BRCA,0.9959632754325867,0.0014256862923502922,0.001267921761609614,0.0013431125553324819
TCGA:BRCA:TCGA-AR-A0TR-01,BRCA,BRCA,0.996713399887085,0.000622964056674391,0.0006634065066464245,0.0020002552773803473
TCGA:BRCA:TCGA-AR-A0TS-01,BRCA,BRCA,0.996769905090332,0.0008014671038836241,0.000980087206698954,0.0014485158026218414
TCGA:BRCA:TCGA-AR-A0TT-01,BRCA,BRCA,0.9890764951705933,0.0009302399703301489,0.0032718845177441835,0.006721396464854479
TCGA:BRCA:TCGA-AR-A0TU-01,BRCA,BRCA,0.9998829960823059,1.2477201380534098e-05,7.919518975540996e-05,2.535734893172048e-05
TCGA:BRCA:TCGA-AR-A0TV-01,BRCA,BRCA,0.9990174174308777,0.000290179654257372,0.0003174838493578136,0.0003749281750060618
TCGA:BRCA:TCGA-AR-A0TW-01,BRCA,BRCA,0.9977831244468689,0.00040016972343437374,0.00057756103342399,0.0012391634518280625
TCGA:BRCA:TCGA-AR-A0TX-01,BRCA,BRCA,0.9984122514724731,0.0005565266474150121,0.00036578314029611647,0.0006654312601312995
TCGA:BRCA:TCGA-AR-A0TY-01,BRCA,BRCA,0.9932108521461487,0.0014450672315433621,0.0021787628065794706,0.0031653132755309343
TCGA:BRCA:TCGA-AR-A0TZ-01,BRCA,BRCA,0.9999999403953552,8.617037750013878e-09,1.2174854902013976e-08,2.5093973121670388e-08
TCGA:BRCA:TCGA-AR-A0U0-01,BRCA,BRCA,0.9692703485488892,0.002377222292125225,0.013828982599079609,0.014523466117680073
TCGA:BRCA:TCGA-AR-A0U1-01,BRCA,BRCA,0.9499536156654358,0.0006297798827290535,0.0021547842770814896,0.04726183041930199
TCGA:BRCA:TCGA-AR-A0U2-01,BRCA,BRCA,0.9989861249923706,0.0001719118154142052,0.00013719641719944775,0.0007047572289593518
TCGA:BRCA:TCGA-AR-A0U3-01,BRCA,BRCA,0.9999998211860657,5.309004347253676e-10,5.959832627411288e-09,1.7832746834756108e-07
TCGA:BRCA:TCGA-AR-A0U4-01,BRCA,BRCA,0.9987166523933411,5.272549606161192e-05,0.0009188369149342179,0.0003118127933703363
TCGA:BRCA:TCGA-AR-A1AH-01,BRCA,BRCA,0.9999999403953552,4.970787115254893e-10,3.835094730675337e-08,1.174928954128518e-08
TCGA:BRCA:TCGA-AR-A1AI-01,BRCA,BRCA,0.9739214777946472,0.0023182497825473547,0.008414039388298988,0.015346230007708073
TCGA:BRCA:TCGA-AR-A1AJ-01,BRCA,BRCA,0.9999992251396179,4.683372578639933e-10,2.2614270278609183e-07,5.43778639894299e-07
TCGA:BRCA:TCGA-AR-A1AK-01,BRCA,BRCA,0.9999998807907104,6.1892153624398816e-09,1.4626253097560493e-08,8.316173705225083e-08
TCGA:BRCA:TCGA-AR-A1AL-01,BRCA,BRCA,0.9991937875747681,0.00020313695131335407,0.0002366088010603562,0.00036644621286541224
TCGA:BRCA:TCGA-AR-A1AM-01,BRCA,BRCA,0.999271810054779,0.0002515867818146944,0.00023104104911908507,0.0002455867361277342
TCGA:BRCA:TCGA-AR-A1AN-01,BRCA,BRCA,0.9992507696151733,0.00017695390852168202,0.00020663153554778546,0.00036562260356731713
TCGA:BRCA:TCGA-AR-A1AO-01,BRCA,BRCA,0.9990013837814331,9.340461701867753e-07,0.00043545637163333595,0.0005622503813356161
TCGA:BRCA:TCGA-AR-A1AP-01,BRCA,BRCA,0.9999432563781738,9.420203241461422e-06,1.2413682270562276e-05,3.49290894519072e-05
TCGA:BRCA:TCGA-AR-A1AQ-01,BRCA,BRCA,0.9986560344696045,6.552741979248822e-05,0.00044190537300892174,0.0008365240064449608
TCGA:BRCA:TCGA-AR-A1AR-01,BRCA,BRCA,0.9795960187911987,0.0009494207915849984,0.0018543805927038193,0.01760018616914749
TCGA:BRCA:TCGA-AR-A1AS-01,BRCA,BRCA,0.9998944401741028,2.641689388838131e-05,2.177785790991038e-05,5.739206972066313e-05
TCGA:BRCA:TCGA-AR-A1AT-01,BRCA,BRCA,0.9987404346466064,0.00037260158569552004,0.0004997531650587916,0.00038718862924724817
TCGA:BRCA:TCGA-AR-A1AU-01,BRCA,BRCA,0.9999333024024963,1.5285744666471146e-05,1.7903708794619888e-05,3.3487624023109674e-05
TCGA:BRCA:TCGA-AR-A1AV-01,BRCA,BRCA,0.9993183612823486,0.00020752940326929092,0.00019745208555832505,0.0002766417746897787
TCGA:BRCA:TCGA-AR-A1AW-01,BRCA,BRCA,0.9989750981330872,3.8142625271575525e-05,0.00038977208896540105,0.0005969947669655085
TCGA:BRCA:TCGA-AR-A1AX-01,BRCA,BRCA,0.9988939166069031,0.0002775730099529028,0.00045372763997875154,0.0003747957816813141
TCGA:BRCA:TCGA-AR-A1AY-01,BRCA,BRCA,0.9971296191215515,0.00011821116640930995,0.0021989792585372925,0.0005531954229809344
TCGA:BRCA:TCGA-AR-A24H-01,BRCA,BRCA,0.9994968175888062,0.0001368763332720846,0.0002125614701071754,0.00015375902876257896
TCGA:BRCA:TCGA-AR-A24K-01,BRCA,BRCA,0.9999256730079651,1.0957297490676865e-05,2.2090287529863417e-05,4.1278646676801145e-05
TCGA:BRCA:TCGA-AR-A24L-01,BRCA,BRCA,0.9999964833259583,9.612231224309653e-07,1.4554940435118624e-06,1.1128663572890218e-06
TCGA:BRCA:TCGA-AR-A24M-01,BRCA,BRCA,1.0,3.2121578730226474e-09,9.212921092682791e-09,3.8255234535711224e-09
TCGA:BRCA:TCGA-AR-A24N-01,BRCA,BRCA,0.998972475528717,0.00023053439508657902,0.00025499676121398807,0.0005420227535068989
TCGA:BRCA:TCGA-AR-A24O-01,BRCA,BRCA,0.9997336864471436,1.2119311577407643e-05,2.106988540617749e-05,0.00023312107077799737
TCGA:BRCA:TCGA-AR-A24P-01,BRCA,BRCA,0.9999957084655762,9.087232797355682e-07,1.7980490838453989e-06,1.5733215832369751e-06
TCGA:BRCA:TCGA-AR-A24Q-01,BRCA,BRCA,0.9963350296020508,0.00037623720709234476,0.00252843857742846,0.000760271621402353
TCGA:BRCA:TCGA-AR-A24R-01,BRCA,BRCA,0.9999883770942688,1.5160455859586364e-06,2.9943514618935296e-06,7.086418463586597e-06
TCGA:BRCA:TCGA-AR-A24S-01,BRCA,BRCA,0.9999470114707947,6.602241228392813e-06,1.3809967640554532e-05,3.257410935475491e-05
TCGA:BRCA:TCGA-AR-A24T-01,BRCA,BRCA,0.9999999403953552,2.960047540412347e-09,4.023377897510727e-08,2.704267387798609e-08
TCGA:BRCA:TCGA-AR-A24U-01,BRCA,BRCA,0.9925098419189453,0.0006761737749911845,0.002093711169436574,0.004720295779407024
TCGA:BRCA:TCGA-AR-A24V-01,BRCA,BRCA,1.0,2.7114865908117736e-10,3.871140297206921e-09,8.280491847756366e-09
TCGA:BRCA:TCGA-AR-A24W-01,BRCA,BRCA,0.9985913634300232,0.00033987362985499203,0.0005482459673658013,0.0005205271299928427
TCGA:BRCA:TCGA-AR-A24X-01,BRCA,BRCA,0.999500036239624,0.0001588447776157409,0.0001625004515517503,0.00017862139793578535
TCGA:BRCA:TCGA-AR-A24Z-01,BRCA,BRCA,0.9999881386756897,1.2164842928541475e-06,1.906402417262143e-06,8.741710189497098e-06
TCGA:BRCA:TCGA-AR-A250-01,BRCA,BRCA,0.9999544024467468,9.648952982388437e-06,2.495439002814237e-05,1.0966009540425148e-05
TCGA:BRCA:TCGA-AR-A251-01,BRCA,BRCA,0.9999229907989502,9.035505172505509e-06,2.0278424926800653e-05,4.767059726873413e-05
TCGA:BRCA:TCGA-AR-A252-01,BRCA,BRCA,0.9920830130577087,0.0006703118560835719,0.0023018931970000267,0.004944802261888981
TCGA:BRCA:TCGA-AR-A254-01,BRCA,BRCA,0.9991745352745056,0.00029054886545054615,0.00026574620278552175,0.00026918237563222647
TCGA:BRCA:TCGA-AR-A255-01,BRCA,BRCA,0.999297559261322,0.00022170468582771719,0.00019611298921518028,0.0002845969283953309
TCGA:BRCA:TCGA-AR-A256-01,BRCA,BRCA,0.9999999403953552,1.621969891729691e-09,1.0212349188520875e-08,1.819165085237273e-08
TCGA:BRCA:TCGA-AR-A2LE-01,BRCA,BRCA,0.9999999403953552,8.946464125081377e-10,4.5413578453334935e-10,5.082852538862426e-08
TCGA:BRCA:TCGA-AR-A2LH-01,BRCA,BRCA,0.9782193303108215,0.003107700264081359,0.006126519292593002,0.012546454556286335
TCGA:BRCA:TCGA-AR-A2LJ-01,BRCA,BRCA,0.9985046982765198,0.0005593175883404911,0.0003896244743373245,0.0005463584675453603
TCGA:BRCA:TCGA-AR-A2LK-01,BRCA,BRCA,0.9981150031089783,0.0003760497784242034,0.00025426570209674537,0.0012547089718282223
TCGA:BRCA:TCGA-AR-A2LM-01,BRCA,BRCA,0.9990882277488708,0.0002212343824794516,0.0002138934942195192,0.0004766609927173704
TCGA:BRCA:TCGA-AR-A2LN-01,BRCA,BRCA,0.9994826316833496,0.0001070980288204737,4.654448639485054e-05,0.00036370224552229047
TCGA:BRCA:TCGA-AR-A2LO-01,BRCA,BRCA,0.9999721050262451,3.4142358344979584e-06,2.096232128678821e-05,3.518021685522399e-06
TCGA:BRCA:TCGA-AR-A2LQ-01,BRCA,BRCA,0.9987927675247192,2.7060309548687655e-06,2.6953724955092184e-05,0.0011775941820815206
TCGA:BRCA:TCGA-AR-A5QM-01,BRCA,BRCA,0.9999998807907104,5.62557858074797e-08,1.3897547113117525e-08,5.726419516349779e-08
TCGA:BRCA:TCGA-AR-A5QN-01,BRCA,BRCA,0.9999998807907104,1.1919645714897342e-08,1.1964930379804173e-08,8.764265402305682e-08
TCGA:BRCA:TCGA-AR-A5QP-01,BRCA,BRCA,0.9999999403953552,1.1997319804279982e-09,3.0262668815339566e-08,3.524492697692949e-09
TCGA:BRCA:TCGA-AR-A5QQ-01,BRCA,LSCC,0.017694097012281418,0.2889290750026703,0.6874389052391052,0.005937904119491577
TCGA:BRCA:TCGA-B6-A0I1-01,BRCA,BRCA,0.9963027834892273,0.0005121846334077418,0.001795331947505474,0.0013896779855713248
TCGA:BRCA:TCGA-B6-A0I2-01,BRCA,BRCA,0.9960867166519165,0.0006850158097222447,0.0015678585041314363,0.0016603869153186679
TCGA:BRCA:TCGA-B6-A0I5-01,BRCA,BRCA,0.9943196773529053,0.0017024192493408918,0.0012191778514534235,0.0027587367221713066
TCGA:BRCA:TCGA-B6-A0I6-01,BRCA,BRCA,0.8639420866966248,0.00980436522513628,0.10981360822916031,0.01643991470336914
TCGA:BRCA:TCGA-B6-A0I8-01,BRCA,BRCA,0.9860311150550842,0.0007965229451656342,0.001001844648271799,0.012170512229204178
TCGA:BRCA:TCGA-B6-A0I9-01,BRCA,BRCA,0.9994193911552429,6.110087997512892e-05,0.00020065826538484544,0.0003188659029547125
TCGA:BRCA:TCGA-B6-A0IA-01,BRCA,BRCA,0.9976846575737,0.000357760232873261,0.0005330448620952666,0.0014245458878576756
TCGA:BRCA:TCGA-B6-A0IB-01,BRCA,BRCA,0.9999027848243713,2.4585737264715135e-05,1.62472697411431e-05,5.6398061133222654e-05
TCGA:BRCA:TCGA-B6-A0IC-01,BRCA,BRCA,0.9991470575332642,0.00021228786499705166,0.000153278888319619,0.0004874040896538645
TCGA:BRCA:TCGA-B6-A0IE-01,BRCA,BRCA,0.9911307096481323,0.0016953239683061838,0.0033383562695235014,0.0038356338627636433
TCGA:BRCA:TCGA-B6-A0IG-01,BRCA,BRCA,0.9943781495094299,0.0014704330824315548,0.0027335621416568756,0.001417859341017902
TCGA:BRCA:TCGA-B6-A0IH-01,BRCA,BRCA,0.9967095255851746,0.00040980931953527033,0.0005176204722374678,0.00236304709687829
TCGA:BRCA:TCGA-B6-A0IJ-01,BRCA,BRCA,0.9755088686943054,9.502594912191853e-05,0.02420417219400406,0.00019190984312444925
TCGA:BRCA:TCGA-B6-A0IK-01,BRCA,BRCA,0.9697173833847046,0.0034775249660015106,0.013545149937272072,0.013259939849376678
TCGA:BRCA:TCGA-B6-A0IM-01,BRCA,BRCA,0.9999953508377075,1.111724486690946e-06,9.171530450657883e-07,2.6311477085982915e-06
TCGA:BRCA:TCGA-B6-A0IN-01,BRCA,BRCA,0.9999998807907104,3.6552838533765453e-09,1.6485914855479677e-08,7.481845898382744e-08
TCGA:BRCA:TCGA-B6-A0IO-01,BRCA,BRCA,0.9977086186408997,0.000321435509249568,0.0006844356539659202,0.0012855295790359378
TCGA:BRCA:TCGA-B6-A0IP-01,BRCA,BRCA,1.0,1.816678918409309e-09,1.8100418941457974e-09,1.255798398602792e-08
TCGA:BRCA:TCGA-B6-A0IQ-01,BRCA,BRCA,0.9859828948974609,0.0004493525193538517,0.01152241975069046,0.002045325469225645
TCGA:BRCA:TCGA-B6-A0RE-01,BRCA,BRCA,0.9945990443229675,0.0007827370427548885,0.002458183327689767,0.002160026226192713
TCGA:BRCA:TCGA-B6-A0RG-01,BRCA,BRCA,0.9998770952224731,9.176035746349953e-06,2.1480762370629236e-05,9.222760127158836e-05
TCGA:BRCA:TCGA-B6-A0RH-01,BRCA,BRCA,0.9999998807907104,1.1668953581178698e-09,8.278213670109835e-08,1.0011459217196261e-08
TCGA:BRCA:TCGA-B6-A0RI-01,BRCA,BRCA,0.9999955892562866,8.598291856287688e-07,1.2340797184151597e-06,2.3122349830373423e-06
TCGA:BRCA:TCGA-B6-A0RL-01,BRCA,BRCA,0.9999999403953552,5.234390698660718e-09,4.548321186348403e-08,1.064251087257162e-08
TCGA:BRCA:TCGA-B6-A0RM-01,BRCA,BRCA,0.999417781829834,0.00017973555077333003,0.00015915899712126702,0.000243329384829849
TCGA:BRCA:TCGA-B6-A0RN-01,BRCA,BRCA,1.0,8.853275335063415e-10,2.0467212646924082e-10,8.081030289375235e-10
TCGA:BRCA:TCGA-B6-A0RO-01,BRCA,BRCA,0.9999672770500183,1.7121759583460516e-06,5.079895800008671e-06,2.5948982511181384e-05
TCGA:BRCA:TCGA-B6-A0RP-01,BRCA,BRCA,0.9992943406105042,0.00016665323346387595,0.00016577064525336027,0.0003732388431672007
TCGA:BRCA:TCGA-B6-A0RQ-01,BRCA,BRCA,0.9983458518981934,0.00036191518302075565,0.00042252708226442337,0.00086972740245983
TCGA:BRCA:TCGA-B6-A0RS-01,BRCA,BRCA,0.9992176294326782,0.00011066221486544237,0.0004185321740806103,0.0002531529462430626
TCGA:BRCA:TCGA-B6-A0RT-01,BRCA,BRCA,0.9971030950546265,1.4249258128984366e-05,0.0026541966944932938,0.00022845849161967635
TCGA:BRCA:TCGA-B6-A0RU-01,BRCA,BRCA,0.9999971389770508,7.140787516846103e-09,2.8510819447546965e-06,2.8838796239938347e-08
TCGA:BRCA:TCGA-B6-A0RV-01,BRCA,BRCA,0.9994233846664429,0.00020359986228868365,0.00018918872228823602,0.0001838171883719042
TCGA:BRCA:TCGA-B6-A0WS-01,BRCA,BRCA,0.9999932646751404,8.150033750098373e-07,6.792384397158457e-07,5.240012342255795e-06
TCGA:BRCA:TCGA-B6-A0WT-01,BRCA,BRCA,0.9999979138374329,5.357165377972706e-07,5.207616027291806e-07,1.0233582088403637e-06
TCGA:BRCA:TCGA-B6-A0WV-01,BRCA,BRCA,0.9988939166069031,0.00029203880694694817,0.0005097328685224056,0.0003043128235731274
TCGA:BRCA:TCGA-B6-A0WW-01,BRCA,BRCA,0.9999651312828064,4.812136921827914e-06,8.654999874124769e-06,2.142425364581868e-05
TCGA:BRCA:TCGA-B6-A0WX-01,BRCA,BRCA,0.998376727104187,0.00032402100623585284,0.0005891916807740927,0.0007100665825419128
TCGA:BRCA:TCGA-B6-A0WY-01,BRCA,BRCA,0.998633623123169,0.000608026166446507,0.00036037061363458633,0.0003979774483013898
TCGA:BRCA:TCGA-B6-A0WZ-01,BRCA,BRCA,0.9999999403953552,4.0400494061287873e-10,3.2972384822471668e-09,8.068731460753042e-08
TCGA:BRCA:TCGA-B6-A0X0-01,BRCA,BRCA,0.9991881847381592,0.0002854495542123914,0.00023736333241686225,0.00028898564050905406
TCGA:BRCA:TCGA-B6-A0X1-01,BRCA,BRCA,0.9960358142852783,2.7777145078289323e-05,0.0005122582078911364,0.003424162743613124
TCGA:BRCA:TCGA-B6-A0X4-01,BRCA,BRCA,0.9976066946983337,0.0002858430671039969,0.0005740439519286156,0.0015334328636527061
TCGA:BRCA:TCGA-B6-A0X5-01,BRCA,BRCA,0.9999650120735168,8.028897354961373e-06,1.1381549484212883e-05,1.5568448361591436e-05
TCGA:BRCA:TCGA-B6-A0X7-01,BRCA,BRCA,0.9999988079071045,3.510868396006117e-07,3.1680062306804757e-07,5.214628799876664e-07
TCGA:BRCA:TCGA-B6-A1KC-01,BRCA,BRCA,0.9999839663505554,3.4172844607383013e-06,2.3400268673867686e-06,1.0249986189592164e-05
TCGA:BRCA:TCGA-B6-A1KF-01,BRCA,BRCA,0.9996438026428223,3.703132824739441e-05,6.265482807066292e-05,0.00025650663883425295
TCGA:BRCA:TCGA-B6-A1KI-01,BRCA,BRCA,0.999919056892395,7.407346402032999e-06,1.7232910977327265e-05,5.6281238357769325e-05
TCGA:BRCA:TCGA-B6-A1KN-01,BRCA,BRCA,0.9978111982345581,7.999379158718511e-05,0.0015866081230342388,0.0005221932078711689
TCGA:BRCA:TCGA-B6-A2IU-01,BRCA,BRCA,0.999197781085968,0.0002670464164111763,0.00020537510863505304,0.0003298048977740109
TCGA:BRCA:TCGA-B6-A3ZX-01,BRCA,BRCA,0.994330883026123,0.0005955359665676951,0.0013700167182832956,0.003703545778989792
TCGA:BRCA:TCGA-B6-A400-01,BRCA,BRCA,0.9996466040611267,4.5460383262252435e-05,0.00012938887812197208,0.00017855559417512268
TCGA:BRCA:TCGA-B6-A401-01,BRCA,BRCA,0.9998184442520142,4.4511223677545786e-05,6.935631245141849e-05,6.76775598549284e-05
TCGA:BRCA:TCGA-B6-A402-01,BRCA,BRCA,0.9963018298149109,0.000577357888687402,0.0010303749004378915,0.0020904236007481813
TCGA:BRCA:TCGA-B6-A408-01,BRCA,BRCA,0.9999999403953552,8.655739236473892e-09,1.9170016685166047e-08,5.352434939709383e-08
TCGA:BRCA:TCGA-B6-A409-01,BRCA,BRCA,0.9993585348129272,6.772884080419317e-05,0.0003156554594170302,0.00025807812926359475
TCGA:BRCA:TCGA-B6-A40B-01,BRCA,BRCA,0.9977458715438843,0.0006017875857651234,0.0007770037045702338,0.0008753397851251066
TCGA:BRCA:TCGA-B6-A40C-01,BRCA,BRCA,1.0,3.7839482658341694e-09,3.4333582643597538e-09,8.940364892850994e-09
TCGA:BRCA:TCGA-BH-A0AU-01,BRCA,BRCA,1.0,4.323336688649704e-10,4.275630960393073e-09,2.0516445431439934e-08
TCGA:BRCA:TCGA-BH-A0AV-01,BRCA,BRCA,0.9998379945755005,1.8765487766359e-05,3.892428139806725e-05,0.00010429810208734125
TCGA:BRCA:TCGA-BH-A0AW-01,BRCA,BRCA,0.9995386004447937,7.516879122704268e-05,0.00012052748206770048,0.0002657236182130873
TCGA:BRCA:TCGA-BH-A0AY-01,BRCA,BRCA,0.9999961853027344,1.3805663456878392e-06,5.037791765971633e-07,1.914595713969902e-06
TCGA:BRCA:TCGA-BH-A0AZ-01,BRCA,BRCA,0.9978379011154175,0.0007532958406955004,0.0007497483165934682,0.0006590490229427814
TCGA:BRCA:TCGA-BH-A0B0-01,BRCA,BRCA,0.9999710321426392,6.313431640592171e-06,7.488481969630811e-06,1.5154404536588117e-05
TCGA:BRCA:TCGA-BH-A0B1-01,BRCA,BRCA,0.9999841451644897,1.9676519968925277e-06,2.994354645124986e-06,1.0900445886363741e-05
TCGA:BRCA:TCGA-BH-A0B2-01,BRCA,BRCA,0.9999857544898987,6.223448508535512e-06,3.937733254133491e-06,4.061784693476511e-06
TCGA:BRCA:TCGA-BH-A0B3-01,BRCA,BRCA,0.9628220200538635,0.0001858962350524962,0.03503771498799324,0.001954385545104742
TCGA:BRCA:TCGA-BH-A0B4-01,BRCA,BRCA,0.9999039769172668,1.8315593479201198e-05,2.237183252873365e-05,5.530680937226862e-05
TCGA:BRCA:TCGA-BH-A0B5-01,BRCA,BRCA,0.9986196756362915,0.00040444015758112073,0.0005584046011790633,0.00041749331285245717
TCGA:BRCA:TCGA-BH-A0B7-01,BRCA,BRCA,0.9972665905952454,5.791940202470869e-05,6.111371476436034e-05,0.002614396857097745
TCGA:BRCA:TCGA-BH-A0B8-01,BRCA,BRCA,0.9968255162239075,0.0009809683542698622,0.0014315001899376512,0.000762027280870825
TCGA:BRCA:TCGA-BH-A0B9-01,BRCA,BRCA,0.9917199015617371,0.0009473219979554415,0.0037005592603236437,0.0036322465166449547
TCGA:BRCA:TCGA-BH-A0BA-01,BRCA,BRCA,0.9999961256980896,9.728272516440484e-07,2.0572153971443186e-06,8.62669367052149e-07
TCGA:BRCA:TCGA-BH-A0BC-01,BRCA,BRCA,0.9997203350067139,5.905310536036268e-05,0.00015258888015523553,6.802812276873738e-05
TCGA:BRCA:TCGA-BH-A0BD-01,BRCA,BRCA,0.9894089698791504,0.0007385020726360381,0.0018009064951911569,0.008051623590290546
TCGA:BRCA:TCGA-BH-A0BF-01,BRCA,BRCA,0.9997432231903076,1.1560003258637153e-05,0.00015677849296480417,8.844232797855511e-05
TCGA:BRCA:TCGA-BH-A0BG-01,BRCA,BRCA,0.9907706379890442,0.0004455116286408156,0.0011762799695134163,0.007607572712004185
TCGA:BRCA:TCGA-BH-A0BJ-01,BRCA,BRCA,0.9999999403953552,7.396364054557125e-08,1.4432983697076907e-09,4.904892048074316e-09
TCGA:BRCA:TCGA-BH-A0BL-01,BRCA,BRCA,0.9959594011306763,8.393839380005375e-05,0.0020217590499669313,0.0019349061185494065
TCGA:BRCA:TCGA-BH-A0BM-01,BRCA,BRCA,1.0,2.9948903357279733e-09,4.6183434854185634e-09,1.2141587291125688e-08
TCGA:BRCA:TCGA-BH-A0BO-01,BRCA,BRCA,0.985855758190155,0.0013086361577734351,0.00347093865275383,0.009364655241370201
TCGA:BRCA:TCGA-BH-A0BP-01,BRCA,BRCA,1.0,5.901079624948125e-10,9.777934018018186e-10,4.029837574748285e-10
TCGA:BRCA:TCGA-BH-A0BQ-01,BRCA,BRCA,0.9986054301261902,0.00034335796954110265,0.00035476419725455344,0.0006964380154386163
TCGA:BRCA:TCGA-BH-A0BR-01,BRCA,BRCA,0.9953639507293701,0.000514571787789464,0.0007787172216922045,0.0033427653834223747
TCGA:BRCA:TCGA-BH-A0BS-01,BRCA,BRCA,0.9987623691558838,0.00032762091723270714,0.0002651637769304216,0.000644860090687871
TCGA:BRCA:TCGA-BH-A0BT-01,BRCA,BRCA,0.9999999403953552,4.103368311803024e-09,9.346011964339596e-09,3.2683558970347804e-08
TCGA:BRCA:TCGA-BH-A0BV-01,BRCA,BRCA,0.9999902844429016,7.937948680591944e-07,1.0093967830471229e-06,7.900593118392862e-06
TCGA:BRCA:TCGA-BH-A0BW-01,BRCA,LUAD,0.04247645288705826,0.0004113333416171372,0.002639773767441511,0.9544724225997925
TCGA:BRCA:TCGA-BH-A0BZ-01,BRCA,BRCA,0.9960484504699707,0.0005988109624013305,0.0013075425522401929,0.0020452088210731745
TCGA:BRCA:TCGA-BH-A0C0-01,BRCA,BRCA,0.9844706058502197,0.0022811838425695896,0.00831140298396349,0.004936831537634134
TCGA:BRCA:TCGA-BH-A0C1-01,BRCA,BRCA,0.9999963045120239,4.438449536792177e-07,1.3749378240390797e-06,1.871333438430156e-06
TCGA:BRCA:TCGA-BH-A0C3-01,BRCA,BRCA,0.9999864101409912,7.2371943993232435e-09,1.4415960869484934e-08,1.3573710930359084e-05
TCGA:BRCA:TCGA-BH-A0C7-01,BRCA,BRCA,0.9956440925598145,0.0005678957095369697,0.0008154566748999059,0.0029725744388997555
TCGA:BRCA:TCGA-BH-A0DD-01,BRCA,BRCA,0.9999999403953552,4.216693938463578e-10,1.2263678073054507e-08,5.6257476899190806e-08
TCGA:BRCA:TCGA-BH-A0DE-01,BRCA,BRCA,0.9997472167015076,3.4200860682176426e-05,3.0307943234220147e-05,0.0001882804644992575
TCGA:BRCA:TCGA-BH-A0DG-01,BRCA,BRCA,0.9999998211860657,3.4209577393085056e-08,1.1880548989040562e-08,1.375234006673054e-07
TCGA:BRCA:TCGA-BH-A0DH-01,BRCA,BRCA,0.9977303743362427,0.0006232057930901647,0.00045240746112540364,0.0011940032709389925
TCGA:BRCA:TCGA-BH-A0DI-01,BRCA,BRCA,0.9952301979064941,0.00046784812002442777,0.0009202173678204417,0.0033817565999925137
TCGA:BRCA:TCGA-BH-A0DK-01,BRCA,BRCA,0.9850159883499146,0.0019570423755794764,0.008093454875051975,0.00493348715826869
TCGA:BRCA:TCGA-BH-A0DL-01,BRCA,LSCC,0.03188512846827507,0.15248271822929382,0.778445839881897,0.037186332046985626
TCGA:BRCA:TCGA-BH-A0DO-01,BRCA,BRCA,0.999207079410553,0.0002047352318186313,0.00023157711257226765,0.00035662614391185343
TCGA:BRCA:TCGA-BH-A0DP-01,BRCA,BRCA,0.9999547600746155,6.012981884850888e-06,7.979793736012653e-06,3.124149952782318e-05
TCGA:BRCA:TCGA-BH-A0DQ-01,BRCA,BRCA,0.9988106489181519,0.00026688689831644297,0.0002525528543628752,0.0006699347286485136
TCGA:BRCA:TCGA-BH-A0DS-01,BRCA,BRCA,1.0,7.33185248624757e-11,6.120836476553038e-11,6.471413627195943e-09
TCGA:BRCA:TCGA-BH-A0DT-01,BRCA,BRCA,0.9999707341194153,5.830480859003728e-06,8.645753950986546e-06,1.4777801879972685e-05
TCGA:BRCA:TCGA-BH-A0DV-01,BRCA,BRCA,0.9970550537109375,0.0007113805040717125,0.0009023725287988782,0.001331173931248486
TCGA:BRCA:TCGA-BH-A0DX-01,BRCA,BRCA,1.0,2.1334647382076355e-09,2.3654445069354324e-09,2.457360759322569e-09
TCGA:BRCA:TCGA-BH-A0DZ-01,BRCA,BRCA,0.9998146891593933,2.09875042855856e-06,1.5795647414051928e-05,0.0001674146333243698
TCGA:BRCA:TCGA-BH-A0E0-01,BRCA,BRCA,0.9997522234916687,9.196120117849205e-06,0.00021680540521629155,2.1797610315843485e-05
TCGA:BRCA:TCGA-BH-A0E1-01,BRCA,BRCA,0.9991238117218018,0.00019254138169344515,0.00018078227003570646,0.0005028400919400156
TCGA:BRCA:TCGA-BH-A0E2-01,BRCA,BRCA,0.9979385733604431,0.0004162770346738398,0.0007897534524090588,0.0008553799125365913
TCGA:BRCA:TCGA-BH-A0E6-01,BRCA,BRCA,0.9768676161766052,0.0055750696919858456,0.0031151871662586927,0.014442137442529202
TCGA:BRCA:TCGA-BH-A0E7-01,BRCA,BRCA,0.9999985694885254,5.572484838012315e-07,3.756776436603104e-07,4.94128016725881e-07
TCGA:BRCA:TCGA-BH-A0E9-01,BRCA,BRCA,0.9999973177909851,1.3246057584126447e-08,1.0761252724478254e-06,1.618468218111957e-06
TCGA:BRCA:TCGA-BH-A0EA-01,BRCA,BRCA,0.9999963641166687,8.933746471484483e-07,9.079560641112039e-07,1.8183535530624795e-06
TCGA:BRCA:TCGA-BH-A0EB-01,BRCA,BRCA,0.9992681741714478,0.00024166089133359492,0.00020547064195852727,0.00028466482763178647
TCGA:BRCA:TCGA-BH-A0EE-01,BRCA,BRCA,0.584605872631073,0.018993491306900978,0.044529423117637634,0.35187122225761414
TCGA:BRCA:TCGA-BH-A0EI-01,BRCA,BRCA,0.9987199306488037,0.00028046511579304934,0.00033836025977507234,0.0006612323923036456
TCGA:BRCA:TCGA-BH-A0GY-01,BRCA,BRCA,0.9997053742408752,4.52312633569818e-05,0.00010546050179982558,0.00014393716992344707
TCGA:BRCA:TCGA-BH-A0GZ-01,BRCA,BRCA,0.9999656677246094,2.4756916445767274e-06,2.911222145485226e-05,2.741837988651241e-06
TCGA:BRCA:TCGA-BH-A0H0-01,BRCA,BRCA,0.9999999403953552,5.671113356697788e-09,2.8816138808451797e-08,4.057939051449466e-08
TCGA:BRCA:TCGA-BH-A0H3-01,BRCA,BRCA,0.9983345866203308,0.00024906109319999814,0.00038746389327570796,0.0010289117926731706
TCGA:BRCA:TCGA-BH-A0H5-01,BRCA,BRCA,0.9987421035766602,0.00030657718889415264,0.0005180534208193421,0.0004332625831011683
TCGA:BRCA:TCGA-BH-A0H6-01,BRCA,BRCA,0.9999961256980896,2.5752701731107663e-06,4.6355938820852316e-07,8.065213705776841e-07
TCGA:BRCA:TCGA-BH-A0H7-01,BRCA,BRCA,0.9999856948852539,3.645064225565875e-06,2.1648161236953456e-06,8.519174116372596e-06
TCGA:BRCA:TCGA-BH-A0H9-01,BRCA,BRCA,0.9999988079071045,8.228633419093967e-08,1.5724459956345527e-08,1.0884950825129636e-06
TCGA:BRCA:TCGA-BH-A0HA-01,BRCA,BRCA,0.9988787174224854,0.00037274177884683013,0.00041773627162911,0.00033079637796618044
TCGA:BRCA:TCGA-BH-A0HB-01,BRCA,BRCA,0.9988303184509277,0.00018388176977168769,0.0006657283520326018,0.00032004830427467823
TCGA:BRCA:TCGA-BH-A0HF-01,BRCA,BRCA,0.9993140697479248,5.150806146048126e-07,0.0006803874275647104,5.024926849728217e-06
TCGA:BRCA:TCGA-BH-A0HI-01,BRCA,BRCA,0.9994620084762573,0.0001931985025294125,0.0001808565139072016,0.00016396489809267223
TCGA:BRCA:TCGA-BH-A0HK-01,BRCA,BRCA,0.9955331683158875,0.0011226374190300703,0.0019197823712602258,0.0014244059566408396
TCGA:BRCA:TCGA-BH-A0HL-01,BRCA,BRCA,0.9965664148330688,0.0007229273905977607,0.0009307930013164878,0.0017798766493797302
TCGA:BRCA:TCGA-BH-A0HN-01,BRCA,BRCA,0.9999423623085022,1.3761990885541309e-05,1.2138324564148206e-05,3.174389712512493e-05
TCGA:BRCA:TCGA-BH-A0HO-01,BRCA,BRCA,0.9999685883522034,6.824478077760432e-06,7.926048965600785e-06,1.667004471528344e-05
TCGA:BRCA:TCGA-BH-A0HP-01,BRCA,BRCA,1.0,2.459433490198393e-10,1.9070354184691496e-09,1.8853101302340747e-09
TCGA:BRCA:TCGA-BH-A0HQ-01,BRCA,BRCA,1.0,4.245278795167451e-09,2.4899278194823182e-09,6.910116923108944e-09
TCGA:BRCA:TCGA-BH-A0HU-01,BRCA,BRCA,0.999957263469696,1.4462961189565249e-05,1.8583823475637473e-05,9.687876627140213e-06
TCGA:BRCA:TCGA-BH-A0HW-01,BRCA,BRCA,0.999922513961792,8.040459761105012e-06,1.5583518688799813e-05,5.3842733905185014e-05
TCGA:BRCA:TCGA-BH-A0HX-01,BRCA,BRCA,1.0,1.3311547419903036e-08,2.4874480253345155e-09,4.185886748331313e-09
TCGA:BRCA:TCGA-BH-A0HY-01,BRCA,BRCA,0.9980489611625671,0.0002736506285145879,0.0003653047897387296,0.0013120813528075814
TCGA:BRCA:TCGA-BH-A0RX-01,BRCA,BRCA,0.9999951124191284,7.493992981721931e-09,3.9211494140545256e-07,4.508912752498873e-06
TCGA:BRCA:TCGA-BH-A0W3-01,BRCA,BRCA,0.9999894499778748,5.946078545093769e-06,2.9767454634566093e-06,1.6141531204993953e-06
TCGA:BRCA:TCGA-BH-A0W4-01,BRCA,BRCA,0.9999958276748657,1.0478391914148233e-06,2.3654686174268136e-06,7.455201398443023e-07
TCGA:BRCA:TCGA-BH-A0W5-01,BRCA,BRCA,0.9990009665489197,0.00025643326807767153,0.0004919702187180519,0.00025062166969291866
TCGA:BRCA:TCGA-BH-A0W7-01,BRCA,BRCA,0.9999025464057922,1.781376158760395e-05,8.442613761872053e-06,7.118383655324578e-05
TCGA:BRCA:TCGA-BH-A0WA-01,BRCA,BRCA,0.9999999403953552,1.545556738147269e-10,4.9267523394291857e-08,3.50660123160651e-08
TCGA:BRCA:TCGA-BH-A18F-01,BRCA,BRCA,0.9992085099220276,0.00018688633281271905,0.00022800604347139597,0.00037661081296391785
TCGA:BRCA:TCGA-BH-A18G-01,BRCA,BRCA,0.9792181253433228,0.001582028460688889,0.0021707830019295216,0.017029041424393654
TCGA:BRCA:TCGA-BH-A18H-01,BRCA,BRCA,0.9981892704963684,0.000424590747570619,0.0008249146048910916,0.0005611952510662377
TCGA:BRCA:TCGA-BH-A18I-01,BRCA,BRCA,1.0,1.0161228802818556e-10,1.7785965755745536e-10,8.962237618703739e-10
TCGA:BRCA:TCGA-BH-A18J-01,BRCA,BRCA,0.9999982118606567,4.533474484702538e-09,3.2859698961829054e-08,1.7697597058941028e-06
TCGA:BRCA:TCGA-BH-A18K-01,BRCA,BRCA,0.9991845488548279,0.00022161380911711603,0.0002545011229813099,0.0003393129736650735
TCGA:BRCA:TCGA-BH-A18L-01,BRCA,BRCA,0.9926784634590149,0.001381390611641109,0.0025455912109464407,0.0033945743925869465
TCGA:BRCA:TCGA-BH-A18M-01,BRCA,BRCA,0.9999923706054688,1.3415964303931105e-06,2.687364030862227e-06,3.576178414732567e-06
TCGA:BRCA:TCGA-BH-A18N-01,BRCA,BRCA,0.999120831489563,0.00018092394748236984,0.00020949683676008135,0.0004887344548478723
TCGA:BRCA:TCGA-BH-A18P-01,BRCA,BRCA,0.9999870657920837,7.572025992885756e-07,1.1109993920399575e-06,1.106266336137196e-05
TCGA:BRCA:TCGA-BH-A18Q-01,BRCA,BRCA,0.9992210268974304,0.0003549180109985173,0.000366658583516255,5.742070425185375e-05
TCGA:BRCA:TCGA-BH-A18R-01,BRCA,BRCA,0.9999555349349976,1.565972161188256e-05,2.3924720153445378e-05,4.871548298979178e-06
TCGA:BRCA:TCGA-BH-A18S-01,BRCA,BRCA,0.9999669194221497,8.782000804785639e-06,7.4613012657209765e-06,1.686705945758149e-05
TCGA:BRCA:TCGA-BH-A18T-01,BRCA,BRCA,0.9999979734420776,1.1828225865428976e-07,6.261395242290746e-07,1.2682185115409084e-06
TCGA:BRCA:TCGA-BH-A18U-01,BRCA,BRCA,0.9981591701507568,0.0005456309299916029,0.0008726515807211399,0.00042252260027453303
TCGA:BRCA:TCGA-BH-A18V-01,BRCA,BRCA,0.9898605346679688,0.0023791566491127014,0.004384239669889212,0.003376042703166604
TCGA:BRCA:TCGA-BH-A1EN-01,BRCA,BRCA,0.9977491497993469,7.709076271567028e-06,9.458253771299496e-06,0.0022336954716593027
TCGA:BRCA:TCGA-BH-A1EO-01,BRCA,BRCA,0.9999920129776001,4.982666723662987e-07,7.820367500244174e-07,6.692622719128849e-06
TCGA:BRCA:TCGA-BH-A1ES-01,BRCA,BRCA,0.9985740184783936,0.0002944708976428956,0.000656952615827322,0.0004745313199236989
TCGA:BRCA:TCGA-BH-A1ET-01,BRCA,BRCA,0.9994068145751953,0.00015992828411981463,0.00019303867884445935,0.00024024629965424538
TCGA:BRCA:TCGA-BH-A1EU-01,BRCA,BRCA,0.9966031312942505,0.0003272926260251552,0.0005763796507380903,0.00249318964779377
TCGA:BRCA:TCGA-BH-A1EV-01,BRCA,BRCA,0.9999365210533142,2.0239880541339517e-05,3.917045614798553e-05,4.048110895382706e-06
TCGA:BRCA:TCGA-BH-A1EW-01,BRCA,BRCA,1.0,3.1909486164494183e-10,1.895024137610335e-09,1.5416643961430054e-08
TCGA:BRCA:TCGA-BH-A1EX-01,BRCA,BRCA,0.9955256581306458,1.067523172082474e-07,1.7463835888520407e-07,0.004474051762372255
TCGA:BRCA:TCGA-BH-A1EY-01,BRCA,BRCA,0.9865535497665405,0.0005783698870800436,0.0007087606936693192,0.012159304693341255
TCGA:BRCA:TCGA-BH-A1F0-01,BRCA,BRCA,0.9724480509757996,0.0010744949104264379,0.007911963388323784,0.01856549084186554
TCGA:BRCA:TCGA-BH-A1F2-01,BRCA,BRCA,0.9973678588867188,0.00030621106270700693,0.0005111721693538129,0.0018147336086258292
TCGA:BRCA:TCGA-BH-A1F5-01,BRCA,BRCA,0.999996542930603,8.800150794741057e-07,8.290847972602933e-07,1.7366369320370723e-06
TCGA:BRCA:TCGA-BH-A1F6-01,BRCA,BRCA,0.9941532015800476,0.0009325991850346327,0.0035197874531149864,0.00139440200291574
TCGA:BRCA:TCGA-BH-A1F8-01,BRCA,BRCA,0.9971042275428772,0.00036872702185064554,0.0011994593078270555,0.0013276004465296865
TCGA:BRCA:TCGA-BH-A1FB-01,BRCA,BRCA,0.9988641738891602,0.0002196762798121199,0.00031526375096291304,0.0006008605705574155
TCGA:BRCA:TCGA-BH-A1FC-01,BRCA,BRCA,0.9984548091888428,0.00027740339282900095,0.0008150574867613614,0.00045274352305568755
TCGA:BRCA:TCGA-BH-A1FD-01,BRCA,BRCA,0.9999880790710449,5.990791009935492e-07,3.6572439512383426e-06,7.670719242014457e-06
TCGA:BRCA:TCGA-BH-A1FE-01,BRCA,BRCA,0.9999871850013733,3.1476322419621283e-06,7.0956921263132244e-06,2.5463339170528343e-06
TCGA:BRCA:TCGA-BH-A1FG-01,BRCA,BRCA,0.9992946982383728,0.00022539975179824978,0.0001965640258276835,0.0002833537000697106
TCGA:BRCA:TCGA-BH-A1FH-01,BRCA,BRCA,0.9995211958885193,4.0518047171644866e-05,7.94795632828027e-05,0.0003588055551517755
TCGA:BRCA:TCGA-BH-A1FJ-01,BRCA,BRCA,0.999921977519989,1.0514879249967635e-05,9.74295016931137e-06,5.774592136731371e-05
TCGA:BRCA:TCGA-BH-A1FL-01,BRCA,BRCA,0.9993132948875427,0.00018962709873449057,0.00018108055519405752,0.0003159682673867792
TCGA:BRCA:TCGA-BH-A1FM-01,BRCA,BRCA,0.9987589120864868,4.245417585480027e-05,9.995143773267046e-05,0.0010986714623868465
TCGA:BRCA:TCGA-BH-A1FN-01,BRCA,BRCA,0.9997233748435974,2.4378688976867124e-05,0.00015470226935576648,9.753801714396104e-05
TCGA:BRCA:TCGA-BH-A1FR-01,BRCA,BRCA,0.9994174838066101,0.00017977772222366184,0.0001551708410261199,0.00024759513325989246
TCGA:BRCA:TCGA-BH-A1FU-01,BRCA,BRCA,0.999997079372406,7.50425428464041e-08,1.8429410602038843e-06,9.77464537754713e-07
TCGA:BRCA:TCGA-BH-A201-01,BRCA,BRCA,1.0,2.8038146804298947e-10,7.643452093475389e-09,2.2862067794449104e-09
TCGA:BRCA:TCGA-BH-A202-01,BRCA,BRCA,0.9999536275863647,2.1692221707780845e-06,1.0050239325209986e-05,3.417027983232401e-05
TCGA:BRCA:TCGA-BH-A203-01,BRCA,BRCA,0.9999999403953552,1.9059179234837131e-10,5.180266526849664e-08,3.571476270280982e-08
TCGA:BRCA:TCGA-BH-A204-01,BRCA,BRCA,0.9999687075614929,4.1043235796678346e-06,2.1149859094293788e-05,6.038034371158574e-06
TCGA:BRCA:TCGA-BH-A208-01,BRCA,BRCA,0.9948481321334839,5.684754432877526e-05,0.0003399241832084954,0.004755124915391207
TCGA:BRCA:TCGA-BH-A209-01,BRCA,BRCA,0.9963755011558533,0.0006408298504538834,0.0011270823888480663,0.001856588525697589
TCGA:BRCA:TCGA-BH-A28O-01,BRCA,BRCA,0.9930655360221863,0.001190196257084608,0.001618706970475614,0.004125566221773624
TCGA:BRCA:TCGA-BH-A28Q-01,BRCA,BRCA,0.9993574023246765,0.00020698716980405152,0.00020615992252714932,0.0002294359728693962
TCGA:BRCA:TCGA-BH-A2L8-01,BRCA,BRCA,0.9998972415924072,4.435315349837765e-05,3.675134576042183e-05,2.1673004084732383e-05
TCGA:BRCA:TCGA-BH-A42T-01,BRCA,BRCA,0.999999463558197,2.698481864626956e-07,9.302463155336227e-08,1.5714873313754651e-07
TCGA:BRCA:TCGA-BH-A42U-01,BRCA,BRCA,0.9878389835357666,0.006220020353794098,0.0026671409141272306,0.0032738428562879562
TCGA:BRCA:TCGA-BH-A42V-01,BRCA,BRCA,0.9969910383224487,0.0007464148802682757,0.000957361189648509,0.0013052020221948624
TCGA:BRCA:TCGA-BH-A5IZ-01,BRCA,BRCA,0.9323304891586304,0.005779231432825327,0.019619720056653023,0.042270559817552567
TCGA:BRCA:TCGA-BH-A5J0-01,BRCA,BRCA,0.9999995827674866,4.0761685227153066e-07,1.0653430138063413e-08,1.6007943415274895e-08
TCGA:BRCA:TCGA-BH-A6R8-01,BRCA,BRCA,1.0,1.7161576326696348e-10,7.539687763014058e-10,2.7412676573135286e-08
TCGA:BRCA:TCGA-BH-A6R9-01,BRCA,LSCC,0.38353657722473145,0.0595366470515728,0.488864541053772,0.06806221604347229
TCGA:BRCA:TCGA-BH-A8FY-01,BRCA,BRCA,0.999996542930603,3.06161695107221e-07,2.1351432621941058e-07,2.9583898140117526e-06
TCGA:BRCA:TCGA-BH-A8FZ-01,BRCA,BRCA,0.9986785054206848,0.0003799177648033947,0.0008364890818484128,0.00010508030391065404
TCGA:BRCA:TCGA-BH-A8G0-01,BRCA,BRCA,0.999975323677063,3.1951656183082378e-06,7.696228749409784e-06,1.3809507436235435e-05
TCGA:BRCA:TCGA-BH-AB28-01,BRCA,BRCA,0.9992912411689758,0.00020392247824929655,0.0002811330195982009,0.00022371849627234042
TCGA:BRCA:TCGA-C8-A12K-01,BRCA,BRCA,0.9510782361030579,0.004560511559247971,0.025611860677599907,0.018749402835965157
TCGA:BRCA:TCGA-C8-A12L-01,BRCA,BRCA,0.9042248725891113,0.008111637085676193,0.03142545744776726,0.05623801425099373
TCGA:BRCA:TCGA-C8-A12M-01,BRCA,BRCA,1.0,7.052751715974637e-09,4.470686043589467e-09,1.8138122115374244e-08
TCGA:BRCA:TCGA-C8-A12N-01,BRCA,BRCA,0.9992874264717102,0.00019874671124853194,0.0002571743098087609,0.0002566698531154543
TCGA:BRCA:TCGA-C8-A12O-01,BRCA,BRCA,0.9999911189079285,2.7529238195711514e-06,2.5212184482370503e-06,3.5786229091172572e-06
TCGA:BRCA:TCGA-C8-A12P-01,BRCA,BRCA,0.9967381954193115,0.0005924010183662176,0.0004884281661361456,0.0021809523459523916
TCGA:BRCA:TCGA-C8-A12Q-01,BRCA,BRCA,0.9868836998939514,0.0001557756622787565,0.0003941805043723434,0.012566368095576763
TCGA:BRCA:TCGA-C8-A12T-01,BRCA,BRCA,0.9999999403953552,1.5988993240512173e-08,2.4167878365233264e-08,1.196721832741332e-09
TCGA:BRCA:TCGA-C8-A12U-01,BRCA,BRCA,0.9938905835151672,0.0011836356716230512,0.0017480876995250583,0.0031777056865394115
TCGA:BRCA:TCGA-C8-A12V-01,BRCA,BRCA,0.9241419434547424,6.046380804036744e-06,0.01426185667514801,0.061590176075696945
TCGA:BRCA:TCGA-C8-A12W-01,BRCA,BRCA,0.9999192953109741,6.250804290175438e-05,5.745261205447605e-06,1.24746893561678e-05
TCGA:BRCA:TCGA-C8-A12X-01,BRCA,BRCA,0.9990670084953308,0.00026522812549956143,0.00020922253315802664,0.000458545662695542
TCGA:BRCA:TCGA-C8-A12Y-01,BRCA,BRCA,0.9981961846351624,0.00038227293407544494,0.00034076141309924424,0.0010808088118210435
TCGA:BRCA:TCGA-C8-A12Z-01,BRCA,BRCA,0.9981134533882141,0.00035338965244591236,0.0003682925889734179,0.0011648567160591483
TCGA:BRCA:TCGA-C8-A130-01,BRCA,BRCA,0.9999884366989136,1.9778525484070997e-08,5.337496077117976e-06,6.188382485561306e-06
TCGA:BRCA:TCGA-C8-A131-01,BRCA,BRCA,0.9829787611961365,0.0018094937549903989,0.004858812317252159,0.010352912358939648
TCGA:BRCA:TCGA-C8-A132-01,BRCA,BRCA,0.9999235272407532,2.0043164113303646e-05,4.066334804520011e-05,1.5785150026204064e-05
TCGA:BRCA:TCGA-C8-A133-01,BRCA,BRCA,0.9999896287918091,4.322163476899732e-06,1.250773038918851e-06,4.789018930750899e-06
TCGA:BRCA:TCGA-C8-A134-01,BRCA,BRCA,0.9999319911003113,2.421294539090013e-06,3.401259527890943e-05,3.1584102544002235e-05
TCGA:BRCA:TCGA-C8-A135-01,BRCA,BRCA,0.9999988079071045,4.0112678334480734e-07,6.362076874211198e-07,1.4449845764374913e-07
TCGA:BRCA:TCGA-C8-A137-01,BRCA,BRCA,0.9955704212188721,0.000855100923217833,0.0018043771851807833,0.0017700718017295003
TCGA:BRCA:TCGA-C8-A138-01,BRCA,BRCA,0.9984315037727356,0.0003592690627556294,0.0003094261628575623,0.0008998148259706795
TCGA:BRCA:TCGA-C8-A1HE-01,BRCA,BRCA,0.9999768733978271,6.260139343794435e-06,6.912672233738704e-06,9.949604645953514e-06
TCGA:BRCA:TCGA-C8-A1HF-01,BRCA,BRCA,0.9969508647918701,0.0005304763908497989,0.0010775239206850529,0.0014411568408831954
TCGA:BRCA:TCGA-C8-A1HG-01,BRCA,BRCA,0.9999678134918213,1.5025525499368086e-06,7.373058906523511e-06,2.328312984900549e-05
TCGA:BRCA:TCGA-C8-A1HI-01,BRCA,BRCA,0.998833954334259,0.00025060249026864767,0.0005095290835015476,0.00040593065205030143
TCGA:BRCA:TCGA-C8-A1HJ-01,BRCA,BRCA,0.9396859407424927,0.0019377247663214803,0.051920242607593536,0.006456068716943264
TCGA:BRCA:TCGA-C8-A1HK-01,BRCA,BRCA,0.9999997019767761,2.7863061191624183e-08,1.7246023276129563e-07,1.087232490704082e-07
TCGA:BRCA:TCGA-C8-A1HL-01,BRCA,BRCA,0.9937316179275513,0.0013022636994719505,0.0017747115343809128,0.003191434545442462
TCGA:BRCA:TCGA-C8-A1HM-01,BRCA,BRCA,0.9932921528816223,0.00011962193821091205,0.006076346151530743,0.0005118501139804721
TCGA:BRCA:TCGA-C8-A1HN-01,BRCA,BRCA,0.9999152421951294,1.1681943760777358e-05,1.7474319975008257e-05,5.558835982810706e-05
TCGA:BRCA:TCGA-C8-A1HO-01,BRCA,BRCA,0.9990749359130859,0.0002251421828987077,0.000244580558501184,0.00045532843796536326
TCGA:BRCA:TCGA-C8-A26V-01,BRCA,BRCA,0.999506413936615,2.777741610771045e-05,0.00010707000183174387,0.0003587108221836388
TCGA:BRCA:TCGA-C8-A26W-01,BRCA,BRCA,0.999963104724884,3.645870719992672e-06,2.523847797419876e-05,8.03767306933878e-06
TCGA:BRCA:TCGA-C8-A26X-01,BRCA,BRCA,0.996160626411438,6.533962732646614e-05,0.00035457679769024253,0.003419430460780859
TCGA:BRCA:TCGA-C8-A26Y-01,BRCA,BRCA,0.9959874153137207,2.738478315222892e-06,0.00031676958315074444,0.0036930779460817575
TCGA:BRCA:TCGA-C8-A26Z-01,BRCA,BRCA,1.0,4.4577158631042835e-10,1.1639372798910586e-09,4.817220400354927e-09
TCGA:BRCA:TCGA-C8-A273-01,BRCA,BRCA,0.9974480867385864,0.0002582343004178256,0.0006087468937039375,0.0016849377425387502
TCGA:BRCA:TCGA-C8-A274-01,BRCA,BRCA,0.9971423149108887,0.0003558351891115308,0.000432594126323238,0.002069249050691724
TCGA:BRCA:TCGA-C8-A275-01,BRCA,BRCA,0.9988678097724915,1.5537903891527094e-05,0.0006384669686667621,0.0004782118194270879
TCGA:BRCA:TCGA-C8-A278-01,BRCA,BRCA,0.9998409748077393,4.2982733248209115e-06,1.4090150216361508e-05,0.0001406337833032012
TCGA:BRCA:TCGA-C8-A27A-01,BRCA,BRCA,0.9860630631446838,0.001904378063045442,0.007907580584287643,0.004124955274164677
TCGA:BRCA:TCGA-C8-A27B-01,BRCA,BRCA,0.9925714731216431,0.00010717768600443378,0.004260458517819643,0.00306086428463459
TCGA:BRCA:TCGA-C8-A3M7-01,BRCA,BRCA,0.9970810413360596,0.00028943922370672226,0.0007666706806048751,0.0018628693651407957
TCGA:BRCA:TCGA-C8-A3M8-01,BRCA,BRCA,0.9999229311943054,1.6288990082102828e-05,1.8019361959886737e-05,4.2769919673446566e-05
TCGA:BRCA:TCGA-C8-A8HP-01,BRCA,BRCA,0.9984273910522461,9.145884177996777e-06,1.485786651755916e-05,0.0015486119082197547
TCGA:BRCA:TCGA-C8-A8HQ-01,BRCA,BRCA,0.9975341558456421,0.0003964422212447971,0.0005878543597646058,0.0014815645990893245
TCGA:BRCA:TCGA-C8-A8HR-01,BRCA,BRCA,0.9997933506965637,6.446687621064484e-05,5.72445169382263e-05,8.491954213241115e-05
TCGA:BRCA:TCGA-D8-A13Y-01,BRCA,BRCA,0.9862477779388428,0.0023478465154767036,0.00490657240152359,0.006497777067124844
TCGA:BRCA:TCGA-D8-A13Z-01,BRCA,BRCA,0.9935573935508728,0.0008875491330400109,0.0021430214401334524,0.003412025049328804
TCGA:BRCA:TCGA-D8-A140-01,BRCA,BRCA,0.9998995661735535,2.2021467884769663e-05,2.180711271648761e-05,5.662175317411311e-05
TCGA:BRCA:TCGA-D8-A141-01,BRCA,BRCA,0.9980770945549011,0.00030169490491971374,0.0003149719850625843,0.0013062440557405353
TCGA:BRCA:TCGA-D8-A142-01,BRCA,BRCA,0.9999997615814209,1.7007875996455368e-08,1.3571458623573562e-08,2.1503232972008846e-07
TCGA:BRCA:TCGA-D8-A143-01,BRCA,BRCA,0.9994362592697144,9.655112808104604e-05,0.0003686504205688834,9.85187289188616e-05
TCGA:BRCA:TCGA-D8-A145-01,BRCA,BRCA,0.9975574612617493,0.00039647339144721627,0.0004941178485751152,0.0015519740991294384
TCGA:BRCA:TCGA-D8-A147-01,BRCA,BRCA,0.9999263286590576,1.282836456084624e-05,2.0845802282565273e-05,3.998889587819576e-05
TCGA:BRCA:TCGA-D8-A1J8-01,BRCA,BRCA,0.9943798184394836,0.00017391100118402392,0.0007196552469395101,0.0047266241163015366
TCGA:BRCA:TCGA-D8-A1J9-01,BRCA,BRCA,0.9999420642852783,1.326288293057587e-05,3.963609742640983e-06,4.069247006555088e-05
TCGA:BRCA:TCGA-D8-A1JA-01,BRCA,BRCA,0.9570909142494202,0.00015549355885013938,0.00021887480397708714,0.04253469780087471
TCGA:BRCA:TCGA-D8-A1JB-01,BRCA,BRCA,0.9957351684570312,0.000427664490416646,0.0017130012856796384,0.002124143298715353
TCGA:BRCA:TCGA-D8-A1JC-01,BRCA,BRCA,0.9999945163726807,6.35486003375263e-07,2.581557737357798e-06,2.256542984468979e-06
TCGA:BRCA:TCGA-D8-A1JD-01,BRCA,BRCA,0.9999836683273315,4.979325240128674e-06,1.8278720972375595e-06,9.546143701300025e-06
TCGA:BRCA:TCGA-D8-A1JE-01,BRCA,BRCA,0.9989691972732544,0.00030108733335509896,0.00047042276128195226,0.0002593137905932963
TCGA:BRCA:TCGA-D8-A1JF-01,BRCA,BRCA,0.675794243812561,0.006954783108085394,0.023150939494371414,0.2941000163555145
TCGA:BRCA:TCGA-D8-A1JG-01,BRCA,BRCA,0.9653214812278748,0.0023440145887434483,0.002858191728591919,0.029476292431354523
TCGA:BRCA:TCGA-D8-A1JH-01,BRCA,BRCA,0.9999597668647766,7.80574555392377e-06,6.042919721949147e-06,2.6371229978394695e-05
TCGA:BRCA:TCGA-D8-A1JI-01,BRCA,BRCA,0.999235987663269,0.00020214132382534444,0.00023080594837665558,0.00033104262547567487
TCGA:BRCA:TCGA-D8-A1JJ-01,BRCA,BRCA,0.9999997615814209,2.3013585703779427e-08,6.536585317462595e-08,1.256376975788953e-07
TCGA:BRCA:TCGA-D8-A1JK-01,BRCA,BRCA,0.897575318813324,0.0010252611245959997,0.007215424440801144,0.09418397396802902
TCGA:BRCA:TCGA-D8-A1JL-01,BRCA,BRCA,0.9962150454521179,0.00010383482003817335,0.0018828745232895017,0.0017982230056077242
TCGA:BRCA:TCGA-D8-A1JM-01,BRCA,BRCA,0.9999972581863403,4.2638802710825985e-08,1.187253815260192e-06,1.5415424741149764e-06
TCGA:BRCA:TCGA-D8-A1JN-01,BRCA,BRCA,0.9999816417694092,4.080345206602942e-06,2.0149418560322374e-06,1.2256732588866726e-05
TCGA:BRCA:TCGA-D8-A1JP-01,BRCA,BRCA,0.9980074763298035,0.00036755885230377316,0.0006415614043362439,0.0009834024822339416
TCGA:BRCA:TCGA-D8-A1JS-01,BRCA,BRCA,0.9991857409477234,0.00027775680064223707,0.0002043822023551911,0.0003321383846923709
TCGA:BRCA:TCGA-D8-A1JT-01,BRCA,BRCA,0.9985679388046265,0.00039448559982702136,0.00044157111551612616,0.0005960155394859612
TCGA:BRCA:TCGA-D8-A1JU-01,BRCA,BRCA,0.9999999403953552,4.047001400664385e-09,4.10817913021333e-09,2.403241694537428e-08
TCGA:BRCA:TCGA-D8-A1X5-01,BRCA,BRCA,0.9999997019767761,5.280313786215629e-08,2.849261093729183e-08,2.1167009833789052e-07
TCGA:BRCA:TCGA-D8-A1X6-01,BRCA,BRCA,0.9999957084655762,1.0423699450257118e-06,1.2976292964594904e-06,1.977363126570708e-06
TCGA:BRCA:TCGA-D8-A1X7-01,BRCA,BRCA,0.9997970461845398,8.865461495588534e-06,9.788158422452398e-06,0.00018432291108183563
TCGA:BRCA:TCGA-D8-A1X8-01,BRCA,BRCA,0.9994972944259644,0.00016074898303486407,0.00018125560018233955,0.00016071433492470533
TCGA:BRCA:TCGA-D8-A1X9-01,BRCA,BRCA,1.0,3.9028982823374747e-10,6.970674037987123e-10,3.5069869230852646e-09
TCGA:BRCA:TCGA-D8-A1XA-01,BRCA,BRCA,0.9987753033638,0.00031139241764321923,0.00028032605769112706,0.0006329712923616171
TCGA:BRCA:TCGA-D8-A1XB-01,BRCA,BRCA,0.9993441700935364,0.00020739906176459044,0.00021665975509677082,0.00023179521667771041
TCGA:BRCA:TCGA-D8-A1XC-01,BRCA,BRCA,0.9999319314956665,1.1562226063688286e-05,1.1190239092684351e-05,4.534504114417359e-05
TCGA:BRCA:TCGA-D8-A1XD-01,BRCA,BRCA,0.9983922243118286,0.0006198958144523203,0.0006262256065383554,0.00036164946504868567
TCGA:BRCA:TCGA-D8-A1XF-01,BRCA,BRCA,0.9953939914703369,0.0007594042108394206,0.0014722408959642053,0.0023743873462080956
TCGA:BRCA:TCGA-D8-A1XG-01,BRCA,BRCA,0.9998825192451477,1.738898572511971e-05,3.225747786927968e-05,6.784618744859472e-05
TCGA:BRCA:TCGA-D8-A1XJ-01,BRCA,BRCA,0.9999727010726929,5.929454346187413e-06,1.115556551667396e-05,1.0223630852124188e-05
TCGA:BRCA:TCGA-D8-A1XK-01,BRCA,BRCA,0.8775303959846497,0.005786642897874117,0.08285840600728989,0.03382456302642822
TCGA:BRCA:TCGA-D8-A1XL-01,BRCA,BRCA,0.9970369338989258,0.0005120680434629321,0.0013199064414948225,0.0011310689151287079
TCGA:BRCA:TCGA-D8-A1XM-01,BRCA,BRCA,0.9992659687995911,0.0002608296927064657,0.00017355129239149392,0.0002996218972839415
TCGA:BRCA:TCGA-D8-A1XO-01,BRCA,BRCA,0.9993568062782288,0.00016578540089540184,0.00021885044407099485,0.00025857717264443636
TCGA:BRCA:TCGA-D8-A1XQ-01,BRCA,BRCA,0.9968238472938538,0.00048822126700542867,0.0015330411260947585,0.001154872588813305
TCGA:BRCA:TCGA-D8-A1XR-01,BRCA,BRCA,0.9989830851554871,0.00021294422913342714,0.00016852047701831907,0.0006354426732286811
TCGA:BRCA:TCGA-D8-A1XS-01,BRCA,BRCA,0.9999988079071045,3.358428273259051e-07,5.710219852517184e-07,3.108927160155872e-07
TCGA:BRCA:TCGA-D8-A1XT-01,BRCA,BRCA,0.997815728187561,5.499722101376392e-05,0.00022392089886125177,0.0019053767900913954
TCGA:BRCA:TCGA-D8-A1XU-01,BRCA,BRCA,0.995029866695404,0.0011499695247039199,0.0011345469392836094,0.0026856258045881987
TCGA:BRCA:TCGA-D8-A1XV-01,BRCA,BRCA,0.9999971985816956,6.269978598538728e-07,8.325872613568208e-07,1.3470032627083128e-06
TCGA:BRCA:TCGA-D8-A1XW-01,BRCA,BRCA,0.9987009763717651,2.9366749004111625e-05,4.359235754236579e-05,0.0012260403018444777
TCGA:BRCA:TCGA-D8-A1XY-01,BRCA,BRCA,0.9993072748184204,0.00021545260096900165,0.00023598811822012067,0.00024129889789037406
TCGA:BRCA:TCGA-D8-A1XZ-01,BRCA,BRCA,0.9999858736991882,1.4202424836184946e-06,8.735789378988557e-06,3.9783526517567225e-06
TCGA:BRCA:TCGA-D8-A1Y0-01,BRCA,BRCA,0.9999681115150452,1.0930107237072662e-05,9.91226261248812e-06,1.104619605030166e-05
TCGA:BRCA:TCGA-D8-A1Y1-01,BRCA,BRCA,0.9995653033256531,1.9202798284823075e-05,2.1321016902220435e-05,0.0003941812028642744
TCGA:BRCA:TCGA-D8-A1Y2-01,BRCA,BRCA,0.9997619390487671,1.8144883142667823e-05,3.0490036806440912e-05,0.0001893977023428306
TCGA:BRCA:TCGA-D8-A1Y3-01,BRCA,BRCA,0.9998846650123596,8.75398200150812e-06,8.240803435910493e-05,2.4187989765778184e-05
TCGA:BRCA:TCGA-D8-A27E-01,BRCA,BRCA,1.0,2.131369747360168e-09,4.6408976661638235e-10,9.035337478202621e-10
TCGA:BRCA:TCGA-D8-A27F-01,BRCA,BRCA,0.9991113543510437,0.0001269420754397288,0.0005007163272239268,0.0002609918301459402
TCGA:BRCA:TCGA-D8-A27G-01,BRCA,BRCA,0.9999973773956299,7.240080890369427e-07,7.968475301822764e-07,1.1271005178059568e-06
TCGA:BRCA:TCGA-D8-A27H-01,BRCA,BRCA,0.9999966621398926,1.1220072337891906e-07,2.403887435775687e-07,2.991517931150156e-06
TCGA:BRCA:TCGA-D8-A27I-01,BRCA,BRCA,0.9999999403953552,1.879691069461842e-09,6.627030035843973e-09,5.988594864447805e-08
TCGA:BRCA:TCGA-D8-A27K-01,BRCA,BRCA,0.999965488910675,8.254915883298963e-06,8.63990317157004e-06,1.7633710740483366e-05
TCGA:BRCA:TCGA-D8-A27L-01,BRCA,BRCA,0.9987437725067139,0.00033778155921027064,0.00027269546990282834,0.0006457474664784968
TCGA:BRCA:TCGA-D8-A27M-01,BRCA,BRCA,0.9139717817306519,0.002413287293165922,0.009306538850069046,0.07430840283632278
TCGA:BRCA:TCGA-D8-A27N-01,BRCA,BRCA,0.9998509287834167,6.587873940588906e-05,4.323244502302259e-05,3.994452708866447e-05
TCGA:BRCA:TCGA-D8-A27P-01,BRCA,BRCA,0.9999963045120239,1.190484908875078e-06,1.5247230749082519e-06,9.505950515631412e-07
TCGA:BRCA:TCGA-D8-A27R-01,BRCA,BRCA,0.9999734163284302,2.484286596882157e-06,9.037452400662005e-06,1.5060653822729364e-05
TCGA:BRCA:TCGA-D8-A27T-01,BRCA,BRCA,0.9999960660934448,1.0450446552567882e-06,1.3830897387379082e-06,1.5183059076662175e-06
TCGA:BRCA:TCGA-D8-A27V-01,BRCA,BRCA,1.0,6.142830688560252e-09,1.1356559026509672e-09,6.053708645481493e-10
TCGA:BRCA:TCGA-D8-A27W-01,BRCA,BRCA,0.992958128452301,0.002382539911195636,0.0026480599772185087,0.002011261647567153
TCGA:BRCA:TCGA-D8-A3Z5-01,BRCA,BRCA,0.999896764755249,1.5142866686801426e-05,6.965400189073989e-06,8.111454371828586e-05
TCGA:BRCA:TCGA-D8-A3Z6-01,BRCA,BRCA,0.9997512102127075,0.0001070884900400415,5.825849802931771e-05,8.346571848960593e-05
TCGA:BRCA:TCGA-D8-A4Z1-01,BRCA,BRCA,0.9966952204704285,0.0009394048247486353,0.0007556861964985728,0.0016096706967800856
TCGA:BRCA:TCGA-D8-A73U-01,BRCA,BRCA,0.9484066963195801,0.007355359382927418,0.009536566212773323,0.03470136597752571
TCGA:BRCA:TCGA-D8-A73W-01,BRCA,BRCA,0.9955868721008301,4.801544491783716e-05,5.665868957294151e-05,0.0043084509670734406
TCGA:BRCA:TCGA-D8-A73X-01,BRCA,BRCA,0.999455451965332,0.00013982178643345833,0.000155487417941913,0.00024921749718487263
TCGA:BRCA:TCGA-E2-A105-01,BRCA,BRCA,0.9999945163726807,8.43729878852173e-07,2.420976898065419e-06,2.2019642074155854e-06
TCGA:BRCA:TCGA-E2-A107-01,BRCA,BRCA,0.9985125660896301,0.00048558920389041305,0.00036246198578737676,0.0006393887451849878
TCGA:BRCA:TCGA-E2-A108-01,BRCA,BRCA,0.9994564056396484,5.281723497319035e-05,0.00015278469072654843,0.00033796345815062523
TCGA:BRCA:TCGA-E2-A109-01,BRCA,BRCA,0.9999999403953552,3.021302319439201e-09,4.628053940081145e-09,2.6443622402894107e-08
TCGA:BRCA:TCGA-E2-A10A-01,BRCA,BRCA,1.0,2.9055030603686305e-10,1.1412699674195892e-09,1.0668341765551759e-09
TCGA:BRCA:TCGA-E2-A10B-01,BRCA,BRCA,0.9999474287033081,1.7959486285690218e-05,1.9626431821961887e-05,1.4999684935901314e-05
TCGA:BRCA:TCGA-E2-A10C-01,BRCA,BRCA,0.9988943338394165,0.0002462553675286472,0.00032737679430283606,0.0005320398486219347
TCGA:BRCA:TCGA-E2-A10E-01,BRCA,BRCA,0.9992303848266602,0.00019590290321502835,0.0003177227918058634,0.00025598210049793124
TCGA:BRCA:TCGA-E2-A10F-01,BRCA,BRCA,0.9989827871322632,0.00018551968969404697,0.0002276677405461669,0.0006040026200935245
TCGA:BRCA:TCGA-E2-A14N-01,BRCA,BRCA,0.9986264705657959,0.00010904409282375127,0.0010658770333975554,0.00019860405882354826
TCGA:BRCA:TCGA-E2-A14O-01,BRCA,BRCA,0.9995750188827515,6.169176776893437e-05,4.327914211899042e-05,0.00031998101621866226
TCGA:BRCA:TCGA-E2-A14P-01,BRCA,BRCA,0.999638557434082,0.0003573705907911062,2.2081273982621497e-06,1.8564924175734632e-06
TCGA:BRCA:TCGA-E2-A14Q-01,BRCA,BRCA,0.9990663528442383,0.0002831537276506424,0.00037855442496947944,0.0002719335025176406
TCGA:BRCA:TCGA-E2-A14R-01,BRCA,BRCA,0.9999997615814209,1.4899319111805198e-08,5.561857463476372e-08,1.8619863340063603e-07
TCGA:BRCA:TCGA-E2-A14S-01,BRCA,BRCA,1.0,1.4353813970746643e-10,4.741619874515379e-10,1.0837257757856378e-09
TCGA:BRCA:TCGA-E2-A14T-01,BRCA,BRCA,0.9999966621398926,6.108920729275269e-07,1.2109575209251489e-06,1.5366006209660554e-06
TCGA:BRCA:TCGA-E2-A14U-01,BRCA,BRCA,0.9980095028877258,0.0007352871471084654,0.0004883292713202536,0.0007668593316338956
TCGA:BRCA:TCGA-E2-A14V-01,BRCA,BRCA,0.9975379705429077,0.0001213805953739211,0.0013214665232226253,0.001019162475131452
TCGA:BRCA:TCGA-E2-A14W-01,BRCA,BRCA,0.9992241859436035,0.00021746281709056348,0.00022484848159365356,0.00033350742887705564
TCGA:BRCA:TCGA-E2-A14X-01,BRCA,BRCA,0.9961435794830322,0.0005374617176130414,0.0011729795951396227,0.002146007027477026
TCGA:BRCA:TCGA-E2-A14Y-01,BRCA,LSCC,0.20935525000095367,0.013062709011137486,0.7697978615760803,0.007784178946167231
TCGA:BRCA:TCGA-E2-A14Z-01,BRCA,BRCA,0.9983460307121277,0.00045704221702180803,0.0007486086105927825,0.00044831185368821025
TCGA:BRCA:TCGA-E2-A150-01,BRCA,BRCA,0.9928153157234192,0.0006529727252200246,0.0014117707032710314,0.005119926296174526
TCGA:BRCA:TCGA-E2-A152-01,BRCA,BRCA,0.9993102550506592,4.545018600765616e-05,0.00033422987326048315,0.00031006152858026326
TCGA:BRCA:TCGA-E2-A153-01,BRCA,BRCA,0.9999697804450989,3.021912561962381e-06,3.1589499940309906e-06,2.4044200472417288e-05
TCGA:BRCA:TCGA-E2-A154-01,BRCA,BRCA,0.9999977946281433,4.3712253727790085e-07,8.883568511919293e-07,8.967845133156516e-07
TCGA:BRCA:TCGA-E2-A155-01,BRCA,BRCA,0.9977004528045654,0.0007193557685241103,0.0007372862310148776,0.0008429082226939499
TCGA:BRCA:TCGA-E2-A156-01,BRCA,BRCA,1.0,1.5036452083450058e-09,4.881876014550812e-10,2.357919637319128e-09
TCGA:BRCA:TCGA-E2-A158-01,BRCA,BRCA,0.9548279047012329,0.00030447993776760995,0.015589505434036255,0.0292781013995409
TCGA:BRCA:TCGA-E2-A159-01,BRCA,BRCA,0.9407035112380981,0.004181714728474617,0.030606603249907494,0.024508194997906685
TCGA:BRCA:TCGA-E2-A15A-01,BRCA,BRCA,0.9995368719100952,1.526476989965886e-05,3.064245902351104e-05,0.0004172292829025537
TCGA:BRCA:TCGA-E2-A15C-01,BRCA,BRCA,0.9999641180038452,1.2121009604015853e-05,6.3320899243990425e-06,1.7404043319402263e-05
TCGA:BRCA:TCGA-E2-A15D-01,BRCA,BRCA,1.0,8.181479799196367e-11,1.1826178925034014e-10,1.1723308546152111e-08
TCGA:BRCA:TCGA-E2-A15E-01,BRCA,BRCA,0.999234139919281,0.0002110301429638639,0.00028443627525120974,0.00027036957908421755
TCGA:BRCA:TCGA-E2-A15F-01,BRCA,BRCA,1.0,1.7867819723793588e-10,5.036223438281695e-09,6.390842521852846e-09
TCGA:BRCA:TCGA-E2-A15G-01,BRCA,BRCA,0.9999960660934448,1.2933237485412974e-06,7.298804121091962e-07,1.9055564735026564e-06
TCGA:BRCA:TCGA-E2-A15H-01,BRCA,BRCA,0.9999939799308777,2.278891543028294e-06,1.7731550769894966e-06,1.9570934455259703e-06
TCGA:BRCA:TCGA-E2-A15I-01,BRCA,BRCA,0.9982708096504211,0.00030527482158504426,0.00043991667916998267,0.0009840112179517746
TCGA:BRCA:TCGA-E2-A15J-01,BRCA,BRCA,0.9995221495628357,0.00015442699077539146,0.00014625283074565232,0.0001771595561876893
TCGA:BRCA:TCGA-E2-A15K-01,BRCA,BRCA,0.9999858140945435,9.40199061005842e-06,1.8023197299044114e-06,2.9646107577718794e-06
TCGA:BRCA:TCGA-E2-A15L-01,BRCA,BRCA,0.9999583959579468,1.3001066690776497e-05,1.2659145795623772e-05,1.594851528352592e-05
TCGA:BRCA:TCGA-E2-A15M-01,BRCA,BRCA,0.9984334111213684,0.0002742546203080565,0.0002749085833784193,0.0010174481431022286
TCGA:BRCA:TCGA-E2-A15O-01,BRCA,BRCA,0.9999399185180664,2.0703577320091426e-05,8.176305527740624e-06,3.118427412118763e-05
TCGA:BRCA:TCGA-E2-A15P-01,BRCA,BRCA,0.9993423819541931,0.0001882941578514874,0.0001913248561322689,0.00027801538817584515
TCGA:BRCA:TCGA-E2-A15R-01,BRCA,BRCA,0.9999999403953552,1.7896247817006383e-09,3.474221799137922e-08,4.433179512375318e-08
TCGA:BRCA:TCGA-E2-A15S-01,BRCA,BRCA,0.9999998211860657,6.071507385740915e-08,1.0827969987303732e-07,1.568378138472326e-08
TCGA:BRCA:TCGA-E2-A15T-01,BRCA,BRCA,0.9987888932228088,0.0002870594325941056,0.0003369974438101053,0.0005870656459592283
TCGA:BRCA:TCGA-E2-A1AZ-01,BRCA,BRCA,0.999995231628418,2.1838924002537397e-09,5.654949859490443e-07,4.176831225777278e-06
TCGA:BRCA:TCGA-E2-A1B0-01,BRCA,BRCA,0.9999930262565613,1.7617978755879449e-06,3.6299481962487334e-06,1.556877350594732e-06
TCGA:BRCA:TCGA-E2-A1B1-01,BRCA,BRCA,0.9999964237213135,6.469575737355626e-07,1.3978545894133276e-06,1.5019661532278406e-06
TCGA:BRCA:TCGA-E2-A1B4-01,BRCA,BRCA,0.9999966621398926,1.2801097000192385e-06,7.592547035528696e-07,1.269281710847281e-06
TCGA:BRCA:TCGA-E2-A1B5-01,BRCA,BRCA,0.9965513944625854,0.00046296202344819903,0.0007879034383222461,0.0021977608557790518
TCGA:BRCA:TCGA-E2-A1B6-01,BRCA,BRCA,0.9634708166122437,0.00013250492338556796,0.03593884035944939,0.0004578576481435448
TCGA:BRCA:TCGA-E2-A1BC-01,BRCA,BRCA,1.0,7.802514190302645e-09,5.259777613453309e-10,8.94455176592146e-10
TCGA:BRCA:TCGA-E2-A1BD-01,BRCA,BRCA,0.9999999403953552,1.987257913782514e-09,7.2682255769507265e-09,2.572344648399394e-08
TCGA:BRCA:TCGA-E2-A1IE-01,BRCA,BRCA,0.9984033703804016,0.000626507040578872,0.00037402199814096093,0.0005960833514109254
TCGA:BRCA:TCGA-E2-A1IF-01,BRCA,BRCA,0.9987367391586304,0.00032066923449747264,0.0002995927643496543,0.0006429817294701934
TCGA:BRCA:TCGA-E2-A1IG-01,BRCA,BRCA,0.9965617060661316,0.0005376224289648235,0.001064792275428772,0.0018358509987592697
TCGA:BRCA:TCGA-E2-A1IH-01,BRCA,BRCA,0.9989398121833801,0.00020175827376078814,0.00036310276482254267,0.0004953354364261031
TCGA:BRCA:TCGA-E2-A1II-01,BRCA,BRCA,0.9950424432754517,0.0005235583521425724,0.0036361904349178076,0.0007977851200848818
TCGA:BRCA:TCGA-E2-A1IJ-01,BRCA,BRCA,0.9999889731407166,1.342491373179655e-06,9.979962669603992e-07,8.66761001816485e-06
TCGA:BRCA:TCGA-E2-A1IK-01,BRCA,BRCA,0.998870849609375,0.00036353222094476223,0.00038308603689074516,0.0003825303865596652
TCGA:BRCA:TCGA-E2-A1IL-01,BRCA,BRCA,0.9999999403953552,2.1517488235645033e-08,1.5347918491670498e-09,1.8641785004547273e-08
TCGA:BRCA:TCGA-E2-A1IN-01,BRCA,BRCA,0.9994209408760071,0.00015928104403428733,0.00019548206182662398,0.00022428642841987312
TCGA:BRCA:TCGA-E2-A1IO-01,BRCA,BRCA,0.9971984624862671,0.0008073560311459005,0.0011951759224757552,0.0007990217418409884
TCGA:BRCA:TCGA-E2-A1IU-01,BRCA,BRCA,0.9999697208404541,8.199106559914071e-06,1.1493129932205193e-05,1.0573405234026723e-05
TCGA:BRCA:TCGA-E2-A1L6-01,BRCA,BRCA,0.999367892742157,0.0001613229396753013,0.00020906765712425113,0.00026173933292739093
TCGA:BRCA:TCGA-E2-A1L7-01,BRCA,BRCA,0.9999983310699463,1.8369059162637313e-08,1.5878772501309868e-06,4.7347224807481325e-08
TCGA:BRCA:TCGA-E2-A1L8-01,BRCA,BRCA,0.9992091059684753,0.00015148328384384513,0.00023573188809677958,0.0004036999016534537
TCGA:BRCA:TCGA-E2-A1L9-01,BRCA,BRCA,0.9999947547912598,1.1463038163128658e-06,1.8999668327523977e-06,2.1878558982280083e-06
TCGA:BRCA:TCGA-E2-A1LA-01,BRCA,BRCA,0.9985665082931519,0.0003202585212420672,0.0005578361451625824,0.000555381178855896
TCGA:BRCA:TCGA-E2-A1LB-01,BRCA,BRCA,0.8730584979057312,0.002868546871468425,0.001974000595510006,0.12209893763065338
TCGA:BRCA:TCGA-E2-A1LE-01,BRCA,BRCA,0.9974246621131897,9.702667739475146e-05,0.00012443219020497054,0.0023538817185908556
TCGA:BRCA:TCGA-E2-A1LG-01,BRCA,BRCA,0.9906794428825378,0.0017159342532977462,0.002361812861636281,0.005242784973233938
TCGA:BRCA:TCGA-E2-A1LH-01,BRCA,BRCA,0.9755253791809082,0.0024667764082551003,0.005127536598592997,0.01688029244542122
TCGA:BRCA:TCGA-E2-A1LI-01,BRCA,BRCA,0.9977895617485046,0.00035119906533509493,0.0009473367244936526,0.0009118964662775397
TCGA:BRCA:TCGA-E2-A1LK-01,BRCA,BRCA,0.9999769330024719,2.0621062049031025e-06,6.796711204515304e-06,1.4228598047338892e-05
TCGA:BRCA:TCGA-E2-A1LL-01,BRCA,LSCC,0.01948368363082409,0.10666710138320923,0.836219072341919,0.03763012960553169
TCGA:BRCA:TCGA-E2-A1LS-01,BRCA,BRCA,0.9995235800743103,2.1381720216595568e-05,7.574406481580809e-05,0.00037930160760879517
TCGA:BRCA:TCGA-E2-A2P5-01,BRCA,BRCA,0.9958094954490662,0.0008749075932428241,0.0007590663735754788,0.0025565458927303553
TCGA:BRCA:TCGA-E2-A2P6-01,BRCA,BRCA,0.9999999403953552,2.1121042692584524e-08,1.544400940467483e-09,2.2621327033789385e-08
TCGA:BRCA:TCGA-E2-A3DX-01,BRCA,BRCA,0.9985269904136658,0.0003057278227061033,0.0004791968094650656,0.0006881066365167499
TCGA:BRCA:TCGA-E2-A56Z-01,BRCA,BRCA,0.9986749291419983,0.00034044127096422017,0.0003860483702737838,0.0005985645693726838
TCGA:BRCA:TCGA-E2-A570-01,BRCA,BRCA,0.9991686940193176,0.00017462149844504893,0.00020294476416893303,0.0004537395143415779
TCGA:BRCA:TCGA-E2-A573-01,BRCA,BRCA,0.9957937598228455,0.00018783757695928216,0.0016421654727309942,0.002376266522333026
TCGA:BRCA:TCGA-E2-A574-01,BRCA,BRCA,0.9979701638221741,0.0005125802126713097,0.00039358396315947175,0.0011236461577937007
TCGA:BRCA:TCGA-E2-A576-01,BRCA,BRCA,0.9995130300521851,0.0002868615265469998,0.00014210341032594442,5.801449515274726e-05
TCGA:BRCA:TCGA-E2-A9RU-01,BRCA,BRCA,0.9999863505363464,1.7128412537203985e-06,5.700989731849404e-06,6.250038495636545e-06
TCGA:BRCA:TCGA-E9-A1N3-01,BRCA,BRCA,0.9992490410804749,0.00016426644288003445,0.00021387966990005225,0.00037278709351085126
TCGA:BRCA:TCGA-E9-A1N4-01,BRCA,BRCA,0.9989362955093384,0.00021963095059618354,0.00022723345318809152,0.0006168166291899979
TCGA:BRCA:TCGA-E9-A1N5-01,BRCA,BRCA,0.9999683499336243,1.049120783136459e-05,8.794752829999197e-06,1.237395827047294e-05
TCGA:BRCA:TCGA-E9-A1N6-01,BRCA,BRCA,0.9999998211860657,1.9484236446487557e-08,1.8534773715828123e-09,1.7905146876273648e-07
TCGA:BRCA:TCGA-E9-A1N8-01,BRCA,BRCA,0.9990604519844055,4.622288543032482e-05,0.0007599581149406731,0.0001333692780463025
TCGA:BRCA:TCGA-E9-A1N9-01,BRCA,BRCA,0.9998049736022949,1.6897298337426037e-05,3.8542013498954475e-05,0.00013958264025859535
TCGA:BRCA:TCGA-E9-A1NA-01,BRCA,BRCA,0.6543097496032715,0.010192066431045532,0.023970359936356544,0.311527818441391
TCGA:BRCA:TCGA-E9-A1NC-01,BRCA,BRCA,0.9996454119682312,6.2575991250923835e-06,3.89431843359489e-05,0.00030941597651690245
TCGA:BRCA:TCGA-E9-A1ND-01,BRCA,BRCA,0.9176943302154541,0.001008200109936297,0.06917056441307068,0.012126890942454338
TCGA:BRCA:TCGA-E9-A1NE-01,BRCA,BRCA,0.9982119202613831,0.00045382557436823845,0.0004622036940418184,0.0008720593177713454
TCGA:BRCA:TCGA-E9-A1NF-01,BRCA,BRCA,0.9996148943901062,1.8925136828329414e-05,5.231776594882831e-05,0.0003138494794256985
TCGA:BRCA:TCGA-E9-A1NG-01,BRCA,BRCA,0.9999970197677612,4.098549499786941e-09,1.3887978767002096e-08,2.955238642243785e-06
TCGA:BRCA:TCGA-E9-A1NH-01,BRCA,BRCA,0.9995291233062744,0.0001613487838767469,0.00014623301103711128,0.00016330459038726985
TCGA:BRCA:TCGA-E9-A1NI-01,BRCA,BRCA,1.0,2.2740735683424163e-10,4.2680808887141097e-10,6.6133676313029355e-09
TCGA:BRCA:TCGA-E9-A1QZ-01,BRCA,BRCA,0.9990281462669373,0.00017278656014241278,0.0002563548041507602,0.0005426933639682829
TCGA:BRCA:TCGA-E9-A1R0-01,BRCA,BRCA,0.9999651908874512,7.79718811827479e-06,7.490045391023159e-06,1.954256003955379e-05
TCGA:BRCA:TCGA-E9-A1R2-01,BRCA,BRCA,1.0,6.479339981213528e-11,7.779822341902332e-10,7.68894281577559e-09
TCGA:BRCA:TCGA-E9-A1R3-01,BRCA,BRCA,0.9999690651893616,1.3248471759652602e-06,6.389205964296707e-07,2.8977225156268105e-05
TCGA:BRCA:TCGA-E9-A1R4-01,BRCA,BRCA,0.9994360208511353,8.252029510913417e-05,5.652404433931224e-05,0.0004249062913004309
TCGA:BRCA:TCGA-E9-A1R5-01,BRCA,BRCA,0.9991695284843445,0.00017102218407671899,0.00019034900469705462,0.00046907778596505523
TCGA:BRCA:TCGA-E9-A1R6-01,BRCA,BRCA,0.9984713792800903,0.0006979076424613595,0.00026556639932096004,0.0005651727551594377
TCGA:BRCA:TCGA-E9-A1R7-01,BRCA,BRCA,0.9999448657035828,2.9912800414422236e-07,2.108015451085521e-07,5.4608834034297615e-05
TCGA:BRCA:TCGA-E9-A1RA-01,BRCA,BRCA,0.9999998211860657,1.857550502304406e-10,1.2501815138676875e-09,1.74562117649657e-07
TCGA:BRCA:TCGA-E9-A1RB-01,BRCA,BRCA,0.999998152256012,1.8385916122909407e-09,1.7867608903543442e-06,5.944030689875035e-08
TCGA:BRCA:TCGA-E9-A1RC-01,BRCA,BRCA,0.9999989867210388,3.749314458900699e-08,1.1744798911195176e-08,9.351792868983466e-07
TCGA:BRCA:TCGA-E9-A1RD-01,BRCA,BRCA,0.9994639158248901,0.00016549655993003398,0.0001862710778368637,0.00018432324577588588
TCGA:BRCA:TCGA-E9-A1RE-01,BRCA,BRCA,0.9931581616401672,0.0011408949503675103,0.0013543112436309457,0.004346644040197134
TCGA:BRCA:TCGA-E9-A1RF-01,BRCA,BRCA,0.9976961612701416,0.0003789111797232181,0.0006267882417887449,0.0012981403851881623
TCGA:BRCA:TCGA-E9-A1RG-01,BRCA,BRCA,0.9999987483024597,1.1056159792133258e-06,4.72525272243729e-08,1.0199888578199534e-07
TCGA:BRCA:TCGA-E9-A1RH-01,BRCA,BRCA,0.9043213725090027,0.0045437016524374485,0.022300977259874344,0.06883394718170166
TCGA:BRCA:TCGA-E9-A1RI-01,BRCA,BRCA,0.9994092583656311,0.00016863434575498104,0.00017175680841319263,0.00025033706333488226
TCGA:BRCA:TCGA-E9-A226-01,BRCA,BRCA,0.9965461492538452,0.0004903454682789743,0.000913062714971602,0.0020504274871200323
TCGA:BRCA:TCGA-E9-A227-01,BRCA,BRCA,0.9999460577964783,1.4148115951684304e-05,1.2110849638702348e-05,2.7685748136718757e-05
TCGA:BRCA:TCGA-E9-A228-01,BRCA,BRCA,0.9999979138374329,3.956416083639169e-09,7.640963417543389e-07,1.3094344240016653e-06
TCGA:BRCA:TCGA-E9-A229-01,BRCA,BRCA,0.999245822429657,0.00017049613234121352,0.00022441177861765027,0.000359247496817261
TCGA:BRCA:TCGA-E9-A22A-01,BRCA,BRCA,0.9984896183013916,0.00028138552443124354,0.00048495011287741363,0.0007440235349349678
TCGA:BRCA:TCGA-E9-A22B-01,BRCA,BRCA,0.9977309703826904,0.0003001235600095242,0.00046544469660148025,0.0015034484677016735
TCGA:BRCA:TCGA-E9-A22D-01,BRCA,BRCA,0.9970048666000366,0.0006063340115360916,0.0008498061797581613,0.001538983779028058
TCGA:BRCA:TCGA-E9-A22E-01,BRCA,BRCA,0.9981996417045593,0.0002768480044323951,0.0004036134632769972,0.0011199063155800104
TCGA:BRCA:TCGA-E9-A22G-01,BRCA,BRCA,0.9811391234397888,0.0016524260863661766,0.014511526562273502,0.002696916926652193
TCGA:BRCA:TCGA-E9-A22H-01,BRCA,BRCA,0.9991623163223267,0.00016846215294208378,0.0002291823911946267,0.00044002491631545126
TCGA:BRCA:TCGA-E9-A243-01,BRCA,BRCA,0.9905006885528564,9.985012002289295e-05,0.0005817596102133393,0.00881770346313715
TCGA:BRCA:TCGA-E9-A244-01,BRCA,BRCA,0.9956523776054382,0.0005055065848864615,0.0018726519774645567,0.001969441305845976
TCGA:BRCA:TCGA-E9-A245-01,BRCA,BRCA,0.9998996257781982,2.0870802472927608e-05,2.0945512005710043e-05,5.853128095623106e-05
TCGA:BRCA:TCGA-E9-A247-01,BRCA,BRCA,0.9999908804893494,7.247312510116899e-07,1.616721988284553e-06,6.778423539799405e-06
TCGA:BRCA:TCGA-E9-A248-01,BRCA,BRCA,0.991341233253479,9.900234090309823e-07,8.865904419508297e-06,0.008648927323520184
TCGA:BRCA:TCGA-E9-A249-01,BRCA,BRCA,0.9999566078186035,7.4750396379386075e-06,6.854301773273619e-06,2.909172690124251e-05
TCGA:BRCA:TCGA-E9-A24A-01,BRCA,BRCA,0.9991856813430786,0.00026003981474786997,0.00022136341431178153,0.0003329072496853769
TCGA:BRCA:TCGA-E9-A295-01,BRCA,BRCA,0.9996218085289001,0.0002644174383021891,9.75487200776115e-05,1.6232912457780913e-05
TCGA:BRCA:TCGA-E9-A2JS-01,BRCA,BRCA,0.9969190955162048,0.0004865289374720305,0.001410254742950201,0.0011841492960229516
TCGA:BRCA:TCGA-E9-A2JT-01,BRCA,BRCA,0.9997701048851013,3.413856029510498e-05,3.8506139389937744e-05,0.0001572233741171658
TCGA:BRCA:TCGA-E9-A3HO-01,BRCA,BRCA,0.9964532852172852,0.0012055245460942388,0.0012289846781641245,0.0011122014839202166
TCGA:BRCA:TCGA-E9-A3Q9-01,BRCA,BRCA,0.9999849796295166,2.120943463523872e-06,2.3067163965606596e-06,1.0592750186333433e-05
TCGA:BRCA:TCGA-E9-A3QA-01,BRCA,BRCA,0.9948235750198364,0.00021871099306736141,0.003751796204596758,0.0012059028958901763
TCGA:BRCA:TCGA-E9-A3X8-01,BRCA,BRCA,0.997052788734436,0.0009720271336846054,0.0006419437704607844,0.0013332217931747437
TCGA:BRCA:TCGA-E9-A54X-01,BRCA,BRCA,0.9950994849205017,0.0007624115678481758,0.0016051223501563072,0.002532968297600746
TCGA:BRCA:TCGA-E9-A54Y-01,BRCA,BRCA,0.9721375107765198,0.023665476590394974,0.0017437089700251818,0.0024532796815037727
TCGA:BRCA:TCGA-E9-A5FK-01,BRCA,BRCA,0.9962178468704224,0.0008262237533926964,0.0007946268888190389,0.002161286072805524
TCGA:BRCA:TCGA-E9-A5FL-01,BRCA,HNSCC,0.045423172414302826,0.8686463236808777,0.08200015872716904,0.00393033679574728
TCGA:BRCA:TCGA-E9-A5UO-01,BRCA,BRCA,0.991115391254425,0.0019453978165984154,0.0017056235810741782,0.005233568139374256
TCGA:BRCA:TCGA-E9-A5UP-01,BRCA,BRCA,0.999971866607666,9.782984307094011e-06,5.359424449125072e-06,1.3018763638683595e-05
TCGA:BRCA:TCGA-E9-A6HE-01,BRCA,BRCA,0.9977518916130066,0.0009138261084444821,0.0005661221803165972,0.0007681375136598945
TCGA:BRCA:TCGA-EW-A1IW-01,BRCA,BRCA,0.9999999403953552,2.397693821265534e-09,8.323500111373505e-09,3.054012864822653e-08
TCGA:BRCA:TCGA-EW-A1IX-01,BRCA,BRCA,0.999947190284729,1.6034278814913705e-05,1.4408500646823086e-05,2.2366561097442172e-05
TCGA:BRCA:TCGA-EW-A1IY-01,BRCA,BRCA,0.9997615814208984,1.701276414678432e-05,6.444939936045557e-05,0.00015697408525738865
TCGA:BRCA:TCGA-EW-A1IZ-01,BRCA,BRCA,0.9961522817611694,0.0006236775661818683,0.0021882259752601385,0.0010357938008382916
TCGA:BRCA:TCGA-EW-A1J1-01,BRCA,BRCA,0.9999496340751648,1.2297510693315417e-05,2.5157885829685256e-05,1.2931699529872276e-05
TCGA:BRCA:TCGA-EW-A1J2-01,BRCA,BRCA,0.99931800365448,0.00018560343596618623,0.00022542261285707355,0.00027099275030195713
TCGA:BRCA:TCGA-EW-A1J3-01,BRCA,BRCA,0.9988806247711182,0.0003060216549783945,0.0003695703635457903,0.00044379616156220436
TCGA:BRCA:TCGA-EW-A1J5-01,BRCA,BRCA,0.9994129538536072,0.0001564235135447234,0.00020170773495920002,0.00022891130356583744
TCGA:BRCA:TCGA-EW-A1J6-01,BRCA,BRCA,0.9974136352539062,5.4485197324538603e-05,0.0002573989622760564,0.002274485770612955
TCGA:BRCA:TCGA-EW-A1OV-01,BRCA,BRCA,0.9959867000579834,0.0003456472186371684,0.0006139433244243264,0.0030537359416484833
TCGA:BRCA:TCGA-EW-A1OW-01,BRCA,BRCA,0.9999568462371826,1.7906347693497082e-06,3.176289101247676e-05,9.598624274076428e-06
TCGA:BRCA:TCGA-EW-A1OX-01,BRCA,BRCA,0.9999998807907104,1.3527515108080479e-08,4.056797120455258e-09,1.1173105463058164e-07
TCGA:BRCA:TCGA-EW-A1OY-01,BRCA,BRCA,0.9998877644538879,3.266126805101521e-05,3.889728395733982e-05,4.064892345922999e-05
TCGA:BRCA:TCGA-EW-A1OZ-01,BRCA,BRCA,0.9965001344680786,0.0007037600153125823,0.0017806771211326122,0.0010154531337320805
TCGA:BRCA:TCGA-EW-A1P0-01,BRCA,BRCA,1.0,3.643054968804904e-09,3.598955022887651e-10,6.678447128649623e-09
TCGA:BRCA:TCGA-EW-A1P1-01,BRCA,BRCA,0.6691713929176331,0.00251814560033381,0.016483701765537262,0.3118267357349396
TCGA:BRCA:TCGA-EW-A1P3-01,BRCA,BRCA,0.9986860752105713,0.00020103072165511549,0.0002565485192462802,0.0008563274750486016
TCGA:BRCA:TCGA-EW-A1P4-01,BRCA,BRCA,0.8243231773376465,9.155553016171325e-06,0.15297231078147888,0.022695358842611313
TCGA:BRCA:TCGA-EW-A1P5-01,BRCA,BRCA,0.9999063014984131,1.3677008610102348e-05,3.394791201571934e-05,4.606912625604309e-05
TCGA:BRCA:TCGA-EW-A1P6-01,BRCA,BRCA,0.9999305009841919,1.3783549547952134e-05,1.020031140797073e-05,4.550230369204655e-05
TCGA:BRCA:TCGA-EW-A1P7-01,BRCA,BRCA,0.7913830280303955,0.007141862530261278,0.013913330622017384,0.1875617504119873
TCGA:BRCA:TCGA-EW-A1P8-01,BRCA,BRCA,0.9943076968193054,0.0005696002626791596,0.0024844335857778788,0.002638277830556035
TCGA:BRCA:TCGA-EW-A1PA-01,BRCA,BRCA,0.9976388812065125,0.000680621131323278,0.0009397206595167518,0.0007407525554299355
TCGA:BRCA:TCGA-EW-A1PB-01,BRCA,BRCA,0.902927041053772,0.01098609622567892,0.0367593988776207,0.04932744801044464
TCGA:BRCA:TCGA-EW-A1PC-01,BRCA,BRCA,0.9905714988708496,0.001087488722987473,0.0013813890982419252,0.006959597114473581
TCGA:BRCA:TCGA-EW-A1PD-01,BRCA,BRCA,0.9985374212265015,0.0005991078214719892,0.00044747511856257915,0.00041602342389523983
TCGA:BRCA:TCGA-EW-A1PE-01,BRCA,BRCA,0.9990044236183167,4.035961319459602e-05,8.10856290627271e-05,0.0008741439087316394
TCGA:BRCA:TCGA-EW-A1PF-01,BRCA,BRCA,0.9991618394851685,0.00027446699095889926,0.0003204273816663772,0.00024325579579453915
TCGA:BRCA:TCGA-EW-A1PG-01,BRCA,BRCA,0.8843379616737366,0.0038063260726630688,0.062038976699113846,0.04981672763824463
TCGA:BRCA:TCGA-EW-A1PH-01,BRCA,BRCA,0.9999797940254211,1.0639869287842885e-06,9.578915523889009e-06,9.586780834069941e-06
TCGA:BRCA:TCGA-EW-A2FR-01,BRCA,BRCA,0.9984776973724365,7.990795711521059e-05,0.00020968320313841105,0.0012327402364462614
TCGA:BRCA:TCGA-EW-A2FS-01,BRCA,BRCA,0.9989079833030701,0.0001114139668061398,0.00023044519184622914,0.0007501658983528614
TCGA:BRCA:TCGA-EW-A2FV-01,BRCA,BRCA,0.9988493919372559,0.0005548971239477396,0.00041466476977802813,0.00018104728951584548
TCGA:BRCA:TCGA-EW-A2FW-01,BRCA,BRCA,0.9999969601631165,3.288720407113033e-08,5.82886457323184e-07,2.4483406377839856e-06
TCGA:BRCA:TCGA-EW-A3E8-01,BRCA,BRCA,0.9988898634910583,0.0002477220550645143,0.0002463805431034416,0.0006160371704027057
TCGA:BRCA:TCGA-EW-A3U0-01,BRCA,BRCA,0.9969428777694702,0.0005685689393430948,0.0012953794794157147,0.001193164149299264
TCGA:BRCA:TCGA-EW-A423-01,BRCA,BRCA,0.9999436736106873,1.5971956599969417e-05,7.38891503715422e-06,3.296626891824417e-05
TCGA:BRCA:TCGA-EW-A424-01,BRCA,BRCA,0.9990307092666626,0.0001875046145869419,0.00025538494810462,0.0005264076753519475
TCGA:BRCA:TCGA-EW-A6S9-01,BRCA,BRCA,0.9998571276664734,2.1482121155713685e-05,3.101608308497816e-05,9.038698772201315e-05
TCGA:BRCA:TCGA-EW-A6SA-01,BRCA,BRCA,0.9921945929527283,0.00027631662669591606,0.00037883457844145596,0.007150262128561735
TCGA:BRCA:TCGA-EW-A6SB-01,BRCA,BRCA,0.9970585703849792,1.7825677787186578e-05,0.0005185118061490357,0.0024050879292190075
TCGA:BRCA:TCGA-EW-A6SC-01,BRCA,BRCA,0.999986469745636,1.3844980912836036e-06,4.7913399612298235e-06,7.342610842897557e-06
TCGA:BRCA:TCGA-EW-A6SD-01,BRCA,BRCA,0.9961347579956055,0.0002654822892509401,0.0002876028011087328,0.0033121295273303986
TCGA:BRCA:TCGA-GI-A2C8-01,BRCA,BRCA,0.9975228905677795,0.00047560702660121024,0.0010381562169641256,0.0009633317240513861
TCGA:BRCA:TCGA-GI-A2C9-01,BRCA,BRCA,0.9999991059303284,1.2569899565662013e-09,5.545738446244286e-08,8.49753917009366e-07
TCGA:BRCA:TCGA-GM-A2D9-01,BRCA,BRCA,0.9990823864936829,0.00038145409780554473,0.00023242914176080376,0.0003037421847693622
TCGA:BRCA:TCGA-GM-A2DA-01,BRCA,BRCA,0.9999502301216125,1.0348454452469014e-05,1.4538205505232327e-05,2.4861459678504616e-05
TCGA:BRCA:TCGA-GM-A2DB-01,BRCA,LUAD,0.34362679719924927,1.3229522664914839e-05,0.00026562580023892224,0.6560943722724915
TCGA:BRCA:TCGA-GM-A2DC-01,BRCA,BRCA,0.9999997615814209,2.298564716340934e-08,2.359237782911805e-08,1.8196132600678538e-07
TCGA:BRCA:TCGA-GM-A2DD-01,BRCA,BRCA,0.998868465423584,0.00010587368160486221,8.875603089109063e-05,0.0009369259350933135
TCGA:BRCA:TCGA-GM-A2DF-01,BRCA,BRCA,0.6219308376312256,0.001379644381813705,0.026948070153594017,0.34974145889282227
TCGA:BRCA:TCGA-GM-A2DH-01,BRCA,BRCA,0.999996542930603,7.140003503991466e-07,2.432136625429848e-07,2.5130814265139634e-06
TCGA:BRCA:TCGA-GM-A2DI-01,BRCA,BRCA,0.9984675645828247,0.0005584880127571523,0.0005883973790332675,0.00038557586958631873
TCGA:BRCA:TCGA-GM-A2DK-01,BRCA,BRCA,0.9993255138397217,0.00018663660739548504,0.00024211320851463825,0.00024570661480538547
TCGA:BRCA:TCGA-GM-A2DL-01,BRCA,BRCA,0.9999566674232483,3.371831780896173e-06,3.5637715427583316e-06,3.6412518966244534e-05
TCGA:BRCA:TCGA-GM-A2DM-01,BRCA,BRCA,0.999996542930603,8.935378446039977e-07,5.851896958120051e-07,1.9543224425433436e-06
TCGA:BRCA:TCGA-GM-A2DN-01,BRCA,BRCA,0.9955320358276367,0.00044566657743416727,0.0016986205009743571,0.0023236474953591824
TCGA:BRCA:TCGA-GM-A2DO-01,BRCA,BRCA,0.996020495891571,0.0006724880659021437,0.0015660641947761178,0.0017409620340913534
TCGA:BRCA:TCGA-GM-A3NW-01,BRCA,BRCA,0.9999904632568359,2.275865881529171e-06,1.958230541276862e-06,5.311578206601553e-06
TCGA:BRCA:TCGA-GM-A3NY-01,BRCA,BRCA,0.9972386360168457,0.00042183761252090335,0.0005243151099421084,0.0018152293050661683
TCGA:BRCA:TCGA-GM-A3XG-01,BRCA,BRCA,0.9944618940353394,0.002110829809680581,0.0017981051933020353,0.0016291915671899915
TCGA:BRCA:TCGA-GM-A3XL-01,BRCA,BRCA,0.8858145475387573,0.006642535794526339,0.09175461530685425,0.015788288787007332
TCGA:BRCA:TCGA-GM-A3XN-01,BRCA,BRCA,0.994684636592865,0.0006414244999177754,0.0011290980037301779,0.003544858191162348
TCGA:BRCA:TCGA-GM-A4E0-01,BRCA,BRCA,0.8663650155067444,0.0007668431499041617,0.0008637935970909894,0.13200433552265167
TCGA:BRCA:TCGA-GM-A5PV-01,BRCA,BRCA,0.9999576210975647,1.5620677004335448e-05,1.1142286894028075e-05,1.560997225169558e-05
TCGA:BRCA:TCGA-GM-A5PX-01,BRCA,BRCA,0.9999694228172302,1.1992168538199621e-06,1.4613742678193375e-06,2.7930411306442693e-05
TCGA:BRCA:TCGA-HN-A2NL-01,BRCA,BRCA,0.9997971653938293,1.678142143646255e-05,0.0001558881049277261,3.0136598070384935e-05
TCGA:BRCA:TCGA-HN-A2OB-01,BRCA,BRCA,0.9999933242797852,2.193256477767136e-06,1.12230316062778e-06,3.334591838211054e-06
TCGA:BRCA:TCGA-JL-A3YW-01,BRCA,LSCC,0.09572524577379227,0.016734695062041283,0.5888713598251343,0.2986687123775482
TCGA:BRCA:TCGA-JL-A3YX-01,BRCA,BRCA,0.9999998211860657,8.532731499144575e-08,6.499517013480727e-08,3.850353991197153e-08
TCGA:BRCA:TCGA-LD-A66U-01,BRCA,BRCA,0.9999902248382568,4.4733337745128665e-06,3.0425751447182847e-06,2.2379188067134237e-06
TCGA:BRCA:TCGA-LD-A74U-01,BRCA,BRCA,0.9999420046806335,1.1729275684047025e-05,1.4864388504065573e-05,3.1374227546621114e-05
TCGA:BRCA:TCGA-LD-A7W5-01,BRCA,BRCA,0.999609112739563,0.00010796369315357879,0.0002165126206818968,6.641564687015489e-05
TCGA:BRCA:TCGA-LD-A7W6-01,BRCA,BRCA,0.9990029335021973,0.00021949269284959882,0.0002727429673541337,0.0005048447637818754
TCGA:BRCA:TCGA-LD-A9QF-01,BRCA,BRCA,0.9145829081535339,0.0028879735618829727,0.019281186163425446,0.06324795633554459
TCGA:BRCA:TCGA-LL-A440-01,BRCA,BRCA,0.9989270567893982,4.1433719161432236e-05,0.0007152833859436214,0.0003162553475704044
TCGA:BRCA:TCGA-LL-A441-01,BRCA,BRCA,0.9754970669746399,0.0009840350830927491,0.009131146594882011,0.014387776143848896
TCGA:BRCA:TCGA-LL-A442-01,BRCA,BRCA,0.9999999403953552,2.7976751582059478e-08,3.3097704577045306e-09,1.2494888679270844e-08
TCGA:BRCA:TCGA-LL-A50Y-01,BRCA,BRCA,0.9999279975891113,2.7112464522360824e-05,1.6321431758115068e-05,2.8581382139236666e-05
TCGA:BRCA:TCGA-LL-A5YL-01,BRCA,BRCA,0.9994914531707764,0.0001023405566229485,7.542345701949671e-05,0.0003307767037767917
TCGA:BRCA:TCGA-LL-A5YM-01,BRCA,BRCA,0.9971973896026611,0.0017178263515233994,0.0005695315194316208,0.0005152676603756845
TCGA:BRCA:TCGA-LL-A5YN-01,BRCA,BRCA,0.9999990463256836,3.1483648399444064e-07,1.9223772085297242e-07,4.754156748276728e-07
TCGA:BRCA:TCGA-LL-A5YO-01,BRCA,BRCA,0.9990041851997375,5.075052104075439e-05,0.000755784974899143,0.00018927645578514785
TCGA:BRCA:TCGA-LL-A5YP-01,BRCA,BRCA,0.9335817694664001,0.0018293061293661594,0.0234358049929142,0.041153114289045334
TCGA:BRCA:TCGA-LL-A6FP-01,BRCA,BRCA,0.9999999403953552,1.1331322546936917e-08,1.1345181682997918e-08,3.163185979815353e-08
TCGA:BRCA:TCGA-LL-A6FQ-01,BRCA,BRCA,0.9997125267982483,0.00012062078167218715,6.296126957749948e-05,0.00010389323870185763
TCGA:BRCA:TCGA-LL-A6FR-01,BRCA,BRCA,0.9764372110366821,0.008267323486506939,0.006445935927331448,0.008849519304931164
TCGA:BRCA:TCGA-LL-A73Y-01,BRCA,BRCA,0.9940980076789856,0.0008417364442721009,0.0017501524416729808,0.0033101309090852737
TCGA:BRCA:TCGA-LL-A73Z-01,BRCA,BRCA,0.9997292757034302,1.6221410703565198e-07,9.740248970047105e-06,0.0002608371723908931
TCGA:BRCA:TCGA-LL-A740-01,BRCA,LUAD,0.27876001596450806,0.0035403927322477102,0.00704005965963006,0.7106595039367676
TCGA:BRCA:TCGA-LL-A7SZ-01,BRCA,BRCA,0.9784759283065796,0.006797445472329855,0.0001552674366394058,0.014571372419595718
TCGA:BRCA:TCGA-LL-A7T0-01,BRCA,BRCA,0.9944353103637695,0.0021016071550548077,0.001947084441781044,0.0015160063048824668
TCGA:BRCA:TCGA-LL-A8F5-01,BRCA,BRCA,0.9545039534568787,0.005943499971181154,0.03870244696736336,0.0008500912808813155
TCGA:BRCA:TCGA-LL-A9Q3-01,BRCA,BRCA,0.999840497970581,3.5521974496077746e-05,7.011045090621337e-05,5.384374890127219e-05
TCGA:BRCA:TCGA-LQ-A4E4-01,BRCA,BRCA,0.9998595118522644,3.241162994527258e-05,3.245218249503523e-05,7.56018707761541e-05
TCGA:BRCA:TCGA-MS-A51U-01,BRCA,BRCA,0.9999997019767761,2.520429731589502e-08,3.3540977995016874e-08,2.509605110390112e-07
TCGA:BRCA:TCGA-OK-A5Q2-01,BRCA,BRCA,0.9999167323112488,1.4121728781901766e-05,1.702139161352534e-05,5.2121191401965916e-05
TCGA:BRCA:TCGA-OL-A5D6-01,BRCA,BRCA,0.995196521282196,0.0005126594332978129,0.000827604322694242,0.003463190281763673
TCGA:BRCA:TCGA-OL-A5D7-01,BRCA,BRCA,0.9960469007492065,0.001307116006501019,0.0018396059749647975,0.0008063846617005765
TCGA:BRCA:TCGA-OL-A5D8-01,BRCA,BRCA,0.9957143068313599,0.001242554746568203,0.0004870809498243034,0.002556038089096546
TCGA:BRCA:TCGA-OL-A5DA-01,BRCA,BRCA,0.9999961853027344,1.3800299711874686e-06,7.634301937287091e-07,1.6846474863996264e-06
TCGA:BRCA:TCGA-OL-A5RU-01,BRCA,BRCA,0.9999539852142334,1.432080716767814e-05,1.6838806914165616e-05,1.483577216276899e-05
TCGA:BRCA:TCGA-OL-A5RV-01,BRCA,BRCA,0.9999399185180664,1.0109564755111933e-05,1.529255860077683e-05,3.4659879020182416e-05
TCGA:BRCA:TCGA-OL-A5RW-01,BRCA,BRCA,0.9855915904045105,0.00721154036000371,0.004571206867694855,0.0026256414130330086
TCGA:BRCA:TCGA-OL-A5RX-01,BRCA,BRCA,0.9985034465789795,0.00027306086849421263,0.00033511986839585006,0.0008883568807505071
TCGA:BRCA:TCGA-OL-A5RY-01,BRCA,BRCA,0.8277279138565063,0.013241192325949669,0.05067069083452225,0.1083601787686348
TCGA:BRCA:TCGA-OL-A5RZ-01,BRCA,BRCA,0.9646807312965393,0.002217030618339777,0.00646703876554966,0.026635171845555305
TCGA:BRCA:TCGA-OL-A5S0-01,BRCA,BRCA,0.9901368618011475,0.0031252666376531124,0.002900423016399145,0.0038374762516468763
TCGA:BRCA:TCGA-OL-A66H-01,BRCA,BRCA,0.9999049305915833,2.2387133867596276e-05,4.21920012740884e-05,3.0476527172140777e-05
TCGA:BRCA:TCGA-OL-A66I-01,BRCA,BRCA,0.9999788999557495,2.2552464784553194e-08,1.2941466593474615e-05,8.151954716595355e-06
TCGA:BRCA:TCGA-OL-A66J-01,BRCA,BRCA,0.999993085861206,2.164852730857092e-06,1.522630100225797e-06,3.2071186524262885e-06
TCGA:BRCA:TCGA-OL-A66K-01,BRCA,BRCA,0.9999997615814209,5.642345701772911e-09,3.2947016226358983e-09,2.1775437630822125e-07
TCGA:BRCA:TCGA-OL-A66L-01,BRCA,BRCA,0.9965437650680542,0.0011357988696545362,0.0006368862232193351,0.0016835762653499842
TCGA:BRCA:TCGA-OL-A66N-01,BRCA,BRCA,0.9999995827674866,1.041193353756853e-08,9.29143961769796e-09,4.012187275748147e-07
TCGA:BRCA:TCGA-OL-A66O-01,BRCA,BRCA,0.9995545148849487,0.00022956471366342157,0.00013955272152088583,7.635736255906522e-05
TCGA:BRCA:TCGA-OL-A66P-01,BRCA,BRCA,0.9219561815261841,0.007335533853620291,0.020911412313580513,0.049796853214502335
TCGA:BRCA:TCGA-OL-A6VO-01,BRCA,BRCA,0.9994727969169617,2.309448245796375e-05,0.0002667782246135175,0.00023732718545943499
TCGA:BRCA:TCGA-OL-A6VQ-01,BRCA,BRCA,0.999161958694458,0.00033351272577419877,0.00023221435549203306,0.00027231231797486544
TCGA:BRCA:TCGA-OL-A6VR-01,BRCA,BRCA,0.9998868107795715,3.0229166441131383e-05,4.623672066372819e-05,3.6705590900965035e-05
TCGA:BRCA:TCGA-OL-A97C-01,BRCA,BRCA,0.9971038699150085,0.0004785246856044978,0.0013320955913513899,0.0010854825377464294
TCGA:BRCA:TCGA-PE-A5DC-01,BRCA,BRCA,0.9989835023880005,0.0004110796726308763,0.00028400137671269476,0.0003214111493434757
TCGA:BRCA:TCGA-PE-A5DD-01,BRCA,BRCA,0.9998993873596191,2.5274792278651148e-05,3.277260111644864e-05,4.255630119587295e-05
TCGA:BRCA:TCGA-PE-A5DE-01,BRCA,BRCA,0.995181679725647,0.0008755425806157291,0.0010510962456464767,0.0028916983865201473
TCGA:BRCA:TCGA-PL-A8LV-01,BRCA,BRCA,0.6810099482536316,0.006090113427489996,0.012229787185788155,0.30067014694213867
TCGA:BRCA:TCGA-PL-A8LX-01,BRCA,BRCA,0.996415913105011,0.000645159394480288,0.0023859424982219934,0.0005529613699764013
TCGA:BRCA:TCGA-PL-A8LY-01,BRCA,BRCA,0.9972310662269592,0.0009119830210693181,0.0008645767229609191,0.0009923746110871434
TCGA:BRCA:TCGA-PL-A8LZ-01,BRCA,BRCA,0.8956283330917358,0.00443711131811142,0.011992882005870342,0.08794169127941132
TCGA:BRCA:TCGA-S3-A6ZF-01,BRCA,BRCA,0.9988548159599304,0.0002751985739450902,0.00025737722171470523,0.0006125934887677431
TCGA:BRCA:TCGA-S3-A6ZG-01,BRCA,BRCA,0.9996640682220459,0.00016759776917751878,7.927348633529618e-05,8.904324931791052e-05
TCGA:BRCA:TCGA-S3-A6ZH-01,BRCA,BRCA,0.9985103011131287,0.00010204052523477003,0.0010361551539972425,0.00035151097108609974
TCGA:BRCA:TCGA-S3-AA0Z-01,BRCA,BRCA,0.9999975562095642,1.0040860161097953e-06,1.7149000086646993e-07,1.2749752613672172e-06
TCGA:BRCA:TCGA-S3-AA10-01,BRCA,BRCA,0.8484383821487427,0.024295765906572342,0.08275700360536575,0.04450886324048042
TCGA:BRCA:TCGA-S3-AA11-01,BRCA,BRCA,0.9896085262298584,0.0007434998406097293,0.0011845772387459874,0.008463386446237564
TCGA:BRCA:TCGA-S3-AA12-01,BRCA,BRCA,0.9999999403953552,2.798592690922419e-09,2.515023922455839e-08,1.5777203543621e-08
TCGA:BRCA:TCGA-S3-AA14-01,BRCA,BRCA,0.9989440441131592,0.0003728697483893484,0.00042143958853557706,0.0002616593847051263
TCGA:BRCA:TCGA-S3-AA15-01,BRCA,BRCA,0.7477675676345825,7.197236845968291e-05,0.21694645285606384,0.03521402180194855
TCGA:BRCA:TCGA-S3-AA17-01,BRCA,BRCA,0.9997146725654602,5.679277455783449e-05,0.0001282335288124159,0.00010030382691184059
TCGA:BRCA:TCGA-UL-AAZ6-01,BRCA,BRCA,0.9999984502792358,7.486315212190675e-08,5.935331159889756e-07,8.750641313781671e-07
TCGA:BRCA:TCGA-UU-A93S-01,BRCA,BRCA,0.973519504070282,0.0033877284731715918,0.004498552531003952,0.01859419420361519
TCGA:BRCA:TCGA-V7-A7HQ-01,BRCA,BRCA,0.9998965859413147,8.515756053384393e-05,3.2366306186304428e-06,1.501447241025744e-05
TCGA:BRCA:TCGA-W8-A86G-01,BRCA,BRCA,0.9964655041694641,0.0010187093866989017,0.0007927436381578445,0.0017230442026630044
TCGA:BRCA:TCGA-WT-AB41-01,BRCA,BRCA,0.9998926520347595,5.039461757405661e-05,2.9480868761311285e-05,2.746302016021218e-05
TCGA:BRCA:TCGA-WT-AB44-01,BRCA,BRCA,0.9999997019767761,2.9697337922129918e-08,5.651460810440767e-08,2.17218882880843e-07
TCGA:BRCA:TCGA-XX-A899-01,BRCA,BRCA,0.996410608291626,0.0004958558129146695,0.0011335589224472642,0.001959963468834758
TCGA:BRCA:TCGA-XX-A89A-01,BRCA,BRCA,0.9996448159217834,1.7720216419547796e-05,0.00012259292998351157,0.00021486004698090255
TCGA:BRCA:TCGA-Z7-A8R5-01,BRCA,BRCA,0.9737858772277832,0.007203908171504736,0.010362742468714714,0.008647460490465164
TCGA:BRCA:TCGA-Z7-A8R6-01,BRCA,BRCA,0.9971857666969299,0.0014426736161112785,0.0010490680579096079,0.00032248496427200735
TCGA:LUAD:TCGA-05-4244-01,LUAD,LUAD,0.0010972239542752504,0.0004035565070807934,0.001403875183314085,0.9970953464508057
TCGA:LUAD:TCGA-05-4249-01,LUAD,LUAD,0.011314966715872288,0.0011473873164504766,0.012340592220425606,0.9751970767974854
TCGA:LUAD:TCGA-05-4250-01,LUAD,LUAD,0.0038666599430143833,0.0019215763313695788,0.01291400846093893,0.9812977313995361
TCGA:LUAD:TCGA-05-4382-01,LUAD,LUAD,6.34754469501786e-05,1.3244281035440508e-05,0.0005389374564401805,0.999384343624115
TCGA:LUAD:TCGA-05-4384-01,LUAD,LUAD,0.0008037592051550746,0.00039179413579404354,0.002607929054647684,0.9961965084075928
TCGA:LUAD:TCGA-05-4389-01,LUAD,LUAD,7.50873950892128e-05,1.3256905731395818e-05,0.0026318600866943598,0.9972798228263855
TCGA:LUAD:TCGA-05-4390-01,LUAD,LUAD,0.01644599623978138,0.0037774399388581514,0.034201331436634064,0.9455752372741699
TCGA:LUAD:TCGA-05-4395-01,LUAD,LUAD,7.895416638348252e-05,2.812705497490242e-05,0.002472547348588705,0.9974203705787659
TCGA:LUAD:TCGA-05-4396-01,LUAD,LUAD,0.0035753410775214434,6.492187094409019e-05,0.0004142480029258877,0.9959455132484436
TCGA:LUAD:TCGA-05-4397-01,LUAD,BRCA,0.6320515871047974,0.0006249956204555929,0.10037118196487427,0.2669522166252136
TCGA:LUAD:TCGA-05-4398-01,LUAD,LUAD,0.005290067754685879,0.0007800751482136548,0.008483408018946648,0.9854464530944824
TCGA:LUAD:TCGA-05-4402-01,LUAD,LUAD,0.0020434092730283737,0.0006284965784288943,0.019123196601867676,0.9782049059867859
TCGA:LUAD:TCGA-05-4403-01,LUAD,LUAD,0.005435073282569647,0.003310305532068014,0.0025735031813383102,0.9886811375617981
TCGA:LUAD:TCGA-05-4405-01,LUAD,LUAD,6.440569268306717e-05,2.1975581603328465e-06,1.1372046174074057e-05,0.9999220371246338
TCGA:LUAD:TCGA-05-4410-01,LUAD,LUAD,1.1153384775752784e-06,1.8946575419676037e-09,6.441113953314925e-08,0.9999988079071045
TCGA:LUAD:TCGA-05-4415-01,LUAD,LUAD,0.022346680983901024,0.00736320111900568,0.04223579540848732,0.9280543327331543
TCGA:LUAD:TCGA-05-4417-01,LUAD,LUAD,9.060185490739059e-09,7.158860726441674e-10,9.57014236746545e-08,0.9999998807907104
TCGA:LUAD:TCGA-05-4418-01,LUAD,LUAD,7.608138275827514e-06,1.6543473975616507e-05,0.0007292227819561958,0.9992465972900391
TCGA:LUAD:TCGA-05-4420-01,LUAD,LUAD,0.01272432692348957,8.058865205384791e-05,0.0008786242105998099,0.986316442489624
TCGA:LUAD:TCGA-05-4422-01,LUAD,LUAD,8.478008908241463e-07,1.689250517245e-08,8.716424417798407e-06,0.9999904036521912
TCGA:LUAD:TCGA-05-4424-01,LUAD,LUAD,0.010901748202741146,0.00045253828284330666,0.004068027716130018,0.9845777153968811
TCGA:LUAD:TCGA-05-4425-01,LUAD,LUAD,0.0001522961974842474,0.0001095714105758816,0.0013600519159808755,0.9983780980110168
TCGA:LUAD:TCGA-05-4426-01,LUAD,LUAD,0.0004234838124830276,0.0002738204784691334,0.002994097536429763,0.9963086247444153
TCGA:LUAD:TCGA-05-4427-01,LUAD,LUAD,0.0006625886308029294,1.4636007108492777e-05,0.00028747980832122266,0.9990352988243103
TCGA:LUAD:TCGA-05-4430-01,LUAD,LUAD,0.0030746175907552242,0.0009128497913479805,0.011911343783140182,0.9841011762619019
TCGA:LUAD:TCGA-05-4432-01,LUAD,LUAD,0.00027718357159756124,7.61207593313884e-06,0.00038507345016114414,0.9993301033973694
TCGA:LUAD:TCGA-05-4433-01,LUAD,LUAD,0.00025538913905620575,6.805709563195705e-05,9.129742829827592e-05,0.9995852708816528
TCGA:LUAD:TCGA-05-4434-01,LUAD,LUAD,2.308727061972604e-06,7.360864628935815e-07,0.003910232800990343,0.9960867166519165
TCGA:LUAD:TCGA-05-5423-01,LUAD,LUAD,0.0002956477110274136,3.460931111476384e-05,0.0003375340602360666,0.9993321895599365
TCGA:LUAD:TCGA-05-5425-01,LUAD,LUAD,2.556235585871036e-06,2.3586263608876834e-08,0.00028984385426156223,0.9997075796127319
TCGA:LUAD:TCGA-05-5428-01,LUAD,LUAD,6.241867822609493e-07,1.2192080589557008e-07,0.0008182210731320083,0.9991810321807861
TCGA:LUAD:TCGA-05-5429-01,LUAD,LUAD,7.371831145519536e-08,3.2079782386063016e-08,1.5298850541967113e-07,0.9999997615814209
TCGA:LUAD:TCGA-05-5715-01,LUAD,LUAD,3.2521222692594165e-06,4.351755706011318e-06,1.3344769286049996e-05,0.9999790787696838
TCGA:LUAD:TCGA-35-3615-01,LUAD,LUAD,7.0072854185809774e-09,7.992447814686443e-10,6.711732680741989e-08,0.9999999403953552
TCGA:LUAD:TCGA-35-4122-01,LUAD,LUAD,0.006737015210092068,0.0078959409147501,0.09680400788784027,0.8885630369186401
TCGA:LUAD:TCGA-35-4123-01,LUAD,LUAD,0.008846544660627842,0.0017483470728620887,0.023096121847629547,0.9663090109825134
TCGA:LUAD:TCGA-35-5375-01,LUAD,LSCC,0.048542603850364685,0.021053634583950043,0.8783468008041382,0.05205695331096649
TCGA:LUAD:TCGA-38-4625-01,LUAD,BRCA,0.48738884925842285,0.03825641795992851,0.08143507689237595,0.3929196298122406
TCGA:LUAD:TCGA-38-4626-01,LUAD,LUAD,0.00012726012209895998,8.000657544471323e-05,0.0006241422379389405,0.9991685748100281
TCGA:LUAD:TCGA-38-4627-01,LUAD,LUAD,0.02356822043657303,0.005114404018968344,0.053717684000730515,0.9175996780395508
TCGA:LUAD:TCGA-38-4628-01,LUAD,LUAD,0.011356973089277744,0.0010883541544899344,0.002454147208482027,0.985100507736206
TCGA:LUAD:TCGA-38-4631-01,LUAD,LSCC,0.0018332806648686528,0.0032322234474122524,0.5051947832107544,0.4897397458553314
TCGA:LUAD:TCGA-38-4632-01,LUAD,LUAD,8.278620225610211e-05,4.012191129731946e-05,0.004474401008337736,0.9954026937484741
TCGA:LUAD:TCGA-38-6178-01,LUAD,LUAD,0.032442398369312286,0.0017161727882921696,0.008442118763923645,0.957399308681488
TCGA:LUAD:TCGA-38-7271-01,LUAD,LUAD,0.048547741025686264,0.0031777219846844673,0.054261963814496994,0.8940125703811646
TCGA:LUAD:TCGA-38-A44F-01,LUAD,LUAD,4.200694547762396e-07,3.1415660828315595e-07,1.2828068065573461e-06,0.9999979734420776
TCGA:LUAD:TCGA-44-2655-01,LUAD,LUAD,0.002520901383832097,0.0005965362070128322,0.001938641769811511,0.9949439167976379
TCGA:LUAD:TCGA-44-2656-01,LUAD,LUAD,9.937831782735884e-05,0.00010561062663327903,0.0005516047822311521,0.9992433786392212
TCGA:LUAD:TCGA-44-2657-01,LUAD,LUAD,0.10786716639995575,0.003186076646670699,0.019762782379984856,0.8691839575767517
TCGA:LUAD:TCGA-44-2659-01,LUAD,LUAD,6.310935418696317e-08,1.3537596044166378e-10,2.114365127425799e-09,0.9999999403953552
TCGA:LUAD:TCGA-44-2662-01,LUAD,LUAD,2.966551619465463e-05,2.4766759310068664e-08,2.154995627279277e-06,0.9999681711196899
TCGA:LUAD:TCGA-44-2665-01,LUAD,LUAD,0.0015294505283236504,0.0006498661823570728,0.001998057123273611,0.9958226084709167
TCGA:LUAD:TCGA-44-2666-01,LUAD,LUAD,0.004010696895420551,0.00242315954528749,0.009301693178713322,0.9842644333839417
TCGA:LUAD:TCGA-44-2668-01,LUAD,LUAD,0.010999955236911774,0.005598848685622215,0.07211194932460785,0.9112892746925354
TCGA:LUAD:TCGA-44-3396-01,LUAD,LUAD,0.0004102581588085741,9.214170859195292e-05,0.0022324316669255495,0.9972651600837708
TCGA:LUAD:TCGA-44-3398-01,LUAD,LUAD,0.00022671942133456469,0.00015848166367504746,0.009896722622215748,0.9897180795669556
TCGA:LUAD:TCGA-44-3918-01,LUAD,LUAD,0.03289596736431122,0.002371041104197502,0.015174726955592632,0.9495582580566406
TCGA:LUAD:TCGA-44-3919-01,LUAD,LUAD,0.002182783791795373,0.0005010428139939904,0.0016688687028363347,0.9956473112106323
TCGA:LUAD:TCGA-44-4112-01,LUAD,LUAD,0.00010189216845901683,5.978883109492017e-06,0.0005923354183323681,0.9992997646331787
TCGA:LUAD:TCGA-44-5643-01,LUAD,LSCC,0.001434069825336337,0.0011224085465073586,0.9968627691268921,0.000580781081225723
TCGA:LUAD:TCGA-44-5644-01,LUAD,LUAD,1.1429024198150728e-05,1.414837953461756e-07,0.00021324925182852894,0.9997751712799072
TCGA:LUAD:TCGA-44-5645-01,LUAD,LUAD,0.007428891025483608,7.913971785455942e-05,0.0011446246644482017,0.9913473725318909
TCGA:LUAD:TCGA-44-6145-01,LUAD,LUAD,0.0013788910582661629,0.0006618992192670703,0.007388650439679623,0.9905705451965332
TCGA:LUAD:TCGA-44-6146-01,LUAD,LUAD,0.00010543707321630791,4.914058081340045e-05,1.2209674423502292e-05,0.9998332262039185
TCGA:LUAD:TCGA-44-6148-01,LUAD,LUAD,0.28933295607566833,0.007744703441858292,0.006578181870281696,0.6963441967964172
TCGA:LUAD:TCGA-44-6774-01,LUAD,LUAD,3.2333828130504116e-06,4.2753072193590924e-09,3.1868459871020605e-08,0.9999967217445374
TCGA:LUAD:TCGA-44-6775-01,LUAD,LUAD,0.0004221444542054087,7.570353045593947e-05,0.00036113784881308675,0.9991410374641418
TCGA:LUAD:TCGA-44-6776-01,LUAD,LUAD,9.65816752795945e-07,4.6209584070311394e-07,1.02120978340281e-07,0.9999984502792358
TCGA:LUAD:TCGA-44-6777-01,LUAD,LUAD,0.040866415947675705,0.003100961446762085,0.015196739695966244,0.9408358931541443
TCGA:LUAD:TCGA-44-6778-01,LUAD,LUAD,0.001698197447694838,8.415985939791426e-05,0.004709263332188129,0.9935083985328674
TCGA:LUAD:TCGA-44-6779-01,LUAD,LUAD,0.06648211181163788,0.01331405621021986,0.0952974185347557,0.8249064087867737
TCGA:LUAD:TCGA-44-7659-01,LUAD,LUAD,0.0061846463941037655,0.0009973353007808328,0.0024921847507357597,0.9903258085250854
TCGA:LUAD:TCGA-44-7660-01,LUAD,LSCC,0.006497346796095371,0.0004131126624997705,0.9916743636131287,0.001415150472894311
TCGA:LUAD:TCGA-44-7661-01,LUAD,LUAD,0.0013025933876633644,0.0007473431760445237,0.018058625981211662,0.9798914194107056
TCGA:LUAD:TCGA-44-7662-01,LUAD,LUAD,0.014846312813460827,0.0026781857013702393,0.07161035388708115,0.9108651280403137
TCGA:LUAD:TCGA-44-7667-01,LUAD,LSCC,0.11017894744873047,0.009433029219508171,0.46318891644477844,0.41719910502433777
TCGA:LUAD:TCGA-44-7669-01,LUAD,LUAD,0.3049434423446655,0.009265930391848087,0.10900402814149857,0.5767865777015686
TCGA:LUAD:TCGA-44-7670-01,LUAD,LUAD,1.4473646388069028e-06,1.4193461765898974e-06,0.026603378355503082,0.9733937382698059
TCGA:LUAD:TCGA-44-7671-01,LUAD,LUAD,0.0012073381803929806,0.0005603497265838087,0.0009985819924622774,0.9972337484359741
TCGA:LUAD:TCGA-44-7672-01,LUAD,LUAD,0.0009599432814866304,0.0001484273379901424,0.004986089654266834,0.9939055442810059
TCGA:LUAD:TCGA-44-8117-01,LUAD,LUAD,0.0007642316049896181,7.80387745180633e-06,1.5287518181139603e-05,0.9992126822471619
TCGA:LUAD:TCGA-44-8119-01,LUAD,LUAD,0.26535964012145996,0.005728850141167641,0.04939878359436989,0.6795127391815186
TCGA:LUAD:TCGA-44-8120-01,LUAD,LUAD,0.0036269263364374638,0.00040971802081912756,0.00044919754145666957,0.9955141544342041
TCGA:LUAD:TCGA-44-A479-01,LUAD,LUAD,1.0098235179611947e-05,3.510042034804428e-08,0.00469471188262105,0.9952951669692993
TCGA:LUAD:TCGA-44-A47A-01,LUAD,LUAD,0.0036396156065165997,0.0013788427459076047,0.010403025895357132,0.9845784902572632
TCGA:LUAD:TCGA-44-A47B-01,LUAD,LUAD,8.465581049676985e-05,2.1118925360497087e-05,5.377543129725382e-05,0.9998404383659363
TCGA:LUAD:TCGA-44-A47G-01,LUAD,LUAD,0.0008607648778706789,0.00048749291454441845,0.007898393087089062,0.9907533526420593
TCGA:LUAD:TCGA-44-A4SS-01,LUAD,LUAD,1.997438801026874e-07,3.721727992456181e-08,2.3548029730591225e-06,0.9999974370002747
TCGA:LUAD:TCGA-44-A4SU-01,LUAD,LUAD,0.0005678009474650025,4.3581028876360506e-05,0.0017354680458083749,0.9976531267166138
TCGA:LUAD:TCGA-49-4486-01,LUAD,LUAD,2.537687396397814e-05,3.1643423881178023e-06,1.655221240071114e-05,0.999954879283905
TCGA:LUAD:TCGA-49-4487-01,LUAD,LUAD,0.11702728271484375,0.0014646588824689388,0.011510685086250305,0.8699973821640015
TCGA:LUAD:TCGA-49-4488-01,LUAD,LUAD,7.238427497213706e-05,1.784097185009159e-05,0.0003079148882534355,0.9996018409729004
TCGA:LUAD:TCGA-49-4490-01,LUAD,LUAD,0.0008815884939394891,3.404479139135219e-05,0.00019551692821551114,0.9988888502120972
TCGA:LUAD:TCGA-49-4494-01,LUAD,LUAD,0.003484690096229315,0.001339539187029004,0.013563761487603188,0.9816120266914368
TCGA:LUAD:TCGA-49-4501-01,LUAD,LUAD,2.1893920347793028e-06,6.04608558774089e-08,1.7004659866870497e-06,0.9999960660934448
TCGA:LUAD:TCGA-49-4505-01,LUAD,LUAD,0.0023254251573234797,0.0005555714596994221,0.004697956144809723,0.99242103099823
TCGA:LUAD:TCGA-49-4506-01,LUAD,LUAD,0.01222596038132906,0.0206162016838789,0.06960295140743256,0.897554874420166
TCGA:LUAD:TCGA-49-4507-01,LUAD,LUAD,0.012495702132582664,0.005283502861857414,0.027847006916999817,0.9543737769126892
TCGA:LUAD:TCGA-49-4510-01,LUAD,LUAD,0.3133690357208252,0.0025570339057594538,0.006143947597593069,0.6779299974441528
TCGA:LUAD:TCGA-49-4512-01,LUAD,LUAD,0.0320596843957901,0.0014650378143414855,0.00545780872926116,0.9610174894332886
TCGA:LUAD:TCGA-49-4514-01,LUAD,LUAD,0.007277301512658596,0.0030593187548220158,0.19938677549362183,0.7902765870094299
TCGA:LUAD:TCGA-49-6742-01,LUAD,LUAD,0.0023345178924500942,0.0055441418662667274,0.005751034244894981,0.986370325088501
TCGA:LUAD:TCGA-49-6743-01,LUAD,LUAD,0.003077421337366104,0.0014550650957971811,0.008609766140580177,0.9868577718734741
TCGA:LUAD:TCGA-49-6744-01,LUAD,LUAD,0.003772973082959652,0.0008253908599726856,0.0053075822070240974,0.9900940656661987
TCGA:LUAD:TCGA-49-6745-01,LUAD,LUAD,0.004971986170858145,0.0017403021920472383,0.008520139381289482,0.9847675561904907
TCGA:LUAD:TCGA-49-6761-01,LUAD,LUAD,0.13892462849617004,0.0028911035042256117,0.008889768272638321,0.8492944836616516
TCGA:LUAD:TCGA-49-6767-01,LUAD,LUAD,0.0036379024386405945,2.7832098226099333e-07,0.00010398585436632857,0.9962578415870667
TCGA:LUAD:TCGA-49-AAQV-01,LUAD,LUAD,0.0006353940698318183,0.00011302832717774436,0.0026362233329564333,0.9966153502464294
TCGA:LUAD:TCGA-49-AAR0-01,LUAD,LUAD,1.2544095625344198e-05,4.927248653530114e-08,2.2966889900999377e-06,0.9999850988388062
TCGA:LUAD:TCGA-49-AAR2-01,LUAD,LUAD,0.005025291815400124,0.0032695853151381016,0.014950823038816452,0.9767543077468872
TCGA:LUAD:TCGA-49-AAR3-01,LUAD,LUAD,0.0022295163944363594,0.00795438140630722,0.033990778028964996,0.9558253288269043
TCGA:LUAD:TCGA-49-AAR4-01,LUAD,LUAD,3.3190232784363616e-07,9.556197255733423e-08,0.00011821260704891756,0.999881386756897
TCGA:LUAD:TCGA-49-AAR9-01,LUAD,LUAD,0.0015332421753555536,0.001563865807838738,0.017363404855132103,0.9795395135879517
TCGA:LUAD:TCGA-49-AARE-01,LUAD,LUAD,0.002200002083554864,0.001227105502039194,0.08047179132699966,0.9161010980606079
TCGA:LUAD:TCGA-49-AARN-01,LUAD,LUAD,7.643535354873165e-05,1.5820784028619528e-05,4.9658268835628405e-05,0.9998580813407898
TCGA:LUAD:TCGA-49-AARO-01,LUAD,LUAD,0.00036045617889612913,6.863025191705674e-05,0.0007131214370019734,0.9988577961921692
TCGA:LUAD:TCGA-49-AARQ-01,LUAD,LUAD,0.032329969108104706,0.005622232798486948,0.02443942241370678,0.9376083612442017
TCGA:LUAD:TCGA-49-AARR-01,LUAD,LUAD,0.008967109024524689,0.0005068096797913313,0.00304649886675179,0.987479567527771
TCGA:LUAD:TCGA-4B-A93V-01,LUAD,LUAD,0.007031221408396959,0.0028904853388667107,0.06783130764961243,0.9222469925880432
TCGA:LUAD:TCGA-50-5044-01,LUAD,LUAD,0.2701078951358795,0.0064667705446481705,0.0007811826653778553,0.7226441502571106
TCGA:LUAD:TCGA-50-5045-01,LUAD,LUAD,0.009027945809066296,0.0020570745691657066,0.03933628275990486,0.9495787024497986
TCGA:LUAD:TCGA-50-5049-01,LUAD,LUAD,0.0006316424114629626,2.391916041233344e-06,0.007600764278322458,0.9917652010917664
TCGA:LUAD:TCGA-50-5051-01,LUAD,LUAD,0.0037181128282099962,0.0005312248249538243,0.0032715594861656427,0.9924790859222412
TCGA:LUAD:TCGA-50-5055-01,LUAD,LUAD,0.005786835681647062,0.000174972417880781,0.004996466916054487,0.9890417456626892
TCGA:LUAD:TCGA-50-5066-01,LUAD,LSCC,0.011177767999470234,0.002989979926496744,0.5757956504821777,0.4100366234779358
TCGA:LUAD:TCGA-50-5068-01,LUAD,LUAD,0.012013689614832401,0.002696539042517543,0.03910725191235542,0.9461825489997864
TCGA:LUAD:TCGA-50-5072-01,LUAD,LUAD,0.0009830768685787916,0.002814872656017542,0.03693605586886406,0.9592660069465637
TCGA:LUAD:TCGA-50-5930-01,LUAD,LUAD,0.0022511431016027927,7.452611316693947e-05,0.0019443276105448604,0.9957299828529358
TCGA:LUAD:TCGA-50-5931-01,LUAD,LSCC,0.007833227515220642,0.007365345023572445,0.9808109998703003,0.0039904359728097916
TCGA:LUAD:TCGA-50-5932-01,LUAD,LUAD,0.002602615859359503,0.0003112433187197894,0.0005758379120379686,0.9965103268623352
TCGA:LUAD:TCGA-50-5933-01,LUAD,LUAD,0.034977544099092484,0.000317533704219386,0.0034057609736919403,0.9612991809844971
TCGA:LUAD:TCGA-50-5935-01,LUAD,LUAD,0.003422132460400462,0.0008143166778609157,0.002671453170478344,0.9930921196937561
TCGA:LUAD:TCGA-50-5936-01,LUAD,LUAD,0.0028400097507983446,0.004872370511293411,0.00861287023872137,0.9836747646331787
TCGA:LUAD:TCGA-50-5939-01,LUAD,LUAD,1.9820474335574545e-05,4.463498044060543e-05,0.0003098566667176783,0.9996256828308105
TCGA:LUAD:TCGA-50-5941-01,LUAD,LUAD,1.7352067516185343e-06,7.981417304847582e-09,1.9275319118605694e-06,0.9999963045120239
TCGA:LUAD:TCGA-50-5942-01,LUAD,LUAD,0.0005427791038528085,9.122383926296607e-05,0.0002882283297367394,0.9990777969360352
TCGA:LUAD:TCGA-50-5944-01,LUAD,LUAD,0.003033369081094861,6.466203194577247e-05,0.0002791175793390721,0.9966228604316711
TCGA:LUAD:TCGA-50-5946-01,LUAD,LUAD,0.006195267662405968,7.201041626103688e-06,0.0009146103984676301,0.9928829073905945
TCGA:LUAD:TCGA-50-6590-01,LUAD,LSCC,0.17526942491531372,0.0008799685747362673,0.6465670466423035,0.17728357017040253
TCGA:LUAD:TCGA-50-6591-01,LUAD,BRCA,0.9204803705215454,0.0017021074891090393,0.03498416021466255,0.0428333654999733
TCGA:LUAD:TCGA-50-6592-01,LUAD,LUAD,1.4444462692608795e-07,3.2110204273294585e-08,2.670363573997747e-05,0.9999731183052063
TCGA:LUAD:TCGA-50-6593-01,LUAD,LUAD,1.7019905484971787e-08,5.282905224390788e-09,1.3353051997455623e-08,0.9999999403953552
TCGA:LUAD:TCGA-50-6594-01,LUAD,LUAD,0.0013302249135449529,0.00013457755267154425,0.0013724034652113914,0.9971628189086914
TCGA:LUAD:TCGA-50-6595-01,LUAD,LUAD,0.026134226471185684,0.010923659428954124,0.17626234889030457,0.786679744720459
TCGA:LUAD:TCGA-50-6597-01,LUAD,LUAD,0.0005321454373188317,1.9712735593202524e-05,3.3739343052729964e-05,0.9994143843650818
TCGA:LUAD:TCGA-50-6673-01,LUAD,LUAD,0.0019994466565549374,0.0018039405113086104,0.001173533615656197,0.9950230717658997
TCGA:LUAD:TCGA-50-7109-01,LUAD,LUAD,0.13019245862960815,0.0028793567325919867,0.0536075234413147,0.8133206367492676
TCGA:LUAD:TCGA-50-8457-01,LUAD,LUAD,0.0038815673906356096,0.0007929872372187674,0.007038837764412165,0.9882866144180298
TCGA:LUAD:TCGA-50-8459-01,LUAD,LUAD,0.018900146707892418,0.003203596919775009,0.010392416268587112,0.9675038456916809
TCGA:LUAD:TCGA-50-8460-01,LUAD,LUAD,3.811295755440369e-05,4.587659532262478e-06,0.0005740278866142035,0.999383270740509
TCGA:LUAD:TCGA-53-7624-01,LUAD,LUAD,0.07339297980070114,0.006827723700553179,0.12538276612758636,0.7943965196609497
TCGA:LUAD:TCGA-53-7626-01,LUAD,LUAD,1.4213331269274931e-05,5.941181413504637e-08,6.2245708249975e-06,0.9999794960021973
TCGA:LUAD:TCGA-53-7813-01,LUAD,LUAD,0.00013901846250519156,1.2852797226514667e-06,7.853635179344565e-05,0.9997811317443848
TCGA:LUAD:TCGA-53-A4EZ-01,LUAD,LUAD,0.0005496341036632657,0.00027632020646706223,0.02312125638127327,0.9760527610778809
TCGA:LUAD:TCGA-55-1592-01,LUAD,LUAD,0.0010476781753823161,3.962045593652874e-05,0.00027841946575790644,0.9986342787742615
TCGA:LUAD:TCGA-55-1594-01,LUAD,LUAD,0.017561206594109535,0.0023393367882817984,0.13266980648040771,0.847429633140564
TCGA:LUAD:TCGA-55-1595-01,LUAD,LUAD,0.0038809734396636486,1.3906775166105945e-05,0.00021423479483928531,0.9958908557891846
TCGA:LUAD:TCGA-55-1596-01,LUAD,LUAD,0.0009130289545282722,0.00014107437164057046,0.010324643924832344,0.9886212348937988
TCGA:LUAD:TCGA-55-5899-01,LUAD,LUAD,0.005125061143189669,0.0013804404297843575,0.034495916217565536,0.9589985609054565
TCGA:LUAD:TCGA-55-6543-01,LUAD,LUAD,0.016431482508778572,0.001447916030883789,0.004172386601567268,0.9779481887817383
TCGA:LUAD:TCGA-55-6642-01,LUAD,LUAD,0.01752384752035141,0.0005724523216485977,0.0013415435096248984,0.980562150478363
TCGA:LUAD:TCGA-55-6712-01,LUAD,LUAD,0.09123212844133377,0.007186144590377808,0.019710026681423187,0.8818717002868652
TCGA:LUAD:TCGA-55-6968-01,LUAD,LUAD,0.042651742696762085,0.0073266117833554745,0.15104889869689941,0.7989727258682251
TCGA:LUAD:TCGA-55-6969-01,LUAD,LUAD,0.2544209361076355,0.004781555384397507,0.14750199019908905,0.5932955145835876
TCGA:LUAD:TCGA-55-6970-01,LUAD,LUAD,1.3455261296257959e-06,7.330149998097113e-08,4.735647053166758e-06,0.9999938607215881
TCGA:LUAD:TCGA-55-6971-01,LUAD,LUAD,7.530508838726746e-08,2.3910958546480288e-08,1.3760947695118375e-05,0.9999861121177673
TCGA:LUAD:TCGA-55-6972-01,LUAD,LUAD,0.031329747289419174,2.3183149096439593e-05,0.00013946746184956282,0.9685075879096985
TCGA:LUAD:TCGA-55-6975-01,LUAD,LUAD,0.005414904560893774,0.001850557280704379,0.007494120392948389,0.9852403998374939
TCGA:LUAD:TCGA-55-6978-01,LUAD,LUAD,0.006207822822034359,0.0001953033934114501,0.00244712270796299,0.9911497235298157
TCGA:LUAD:TCGA-55-6979-01,LUAD,LUAD,0.04701371490955353,0.002488505793735385,0.016058577224612236,0.9344391822814941
TCGA:LUAD:TCGA-55-6980-01,LUAD,LUAD,0.0007713277591392398,4.76973109471146e-05,0.0003103380440734327,0.9988706111907959
TCGA:LUAD:TCGA-55-6981-01,LUAD,LUAD,0.00017001961532514542,2.178031900257338e-05,0.00012379995314404368,0.9996843934059143
TCGA:LUAD:TCGA-55-6982-01,LUAD,LUAD,1.79950404799456e-06,2.0597162802005187e-06,8.472610716125928e-06,0.9999876618385315
TCGA:LUAD:TCGA-55-6983-01,LUAD,LUAD,0.0015553167322650552,1.3674437468580436e-05,5.1921550038969144e-05,0.998379111289978
TCGA:LUAD:TCGA-55-6984-01,LUAD,LUAD,3.533502604113892e-05,3.114405626547523e-05,7.891165296314284e-05,0.9998546242713928
TCGA:LUAD:TCGA-55-6985-01,LUAD,LUAD,4.648175888632977e-08,3.706363882471919e-09,3.4758286346914247e-06,0.9999964833259583
TCGA:LUAD:TCGA-55-6986-01,LUAD,LUAD,0.015620453283190727,0.00019151539891026914,0.0008701126207597554,0.9833179116249084
TCGA:LUAD:TCGA-55-6987-01,LUAD,LUAD,0.018365470692515373,0.00021321195526979864,0.005590756889432669,0.9758305549621582
TCGA:LUAD:TCGA-55-7227-01,LUAD,LUAD,7.285338142537512e-06,3.470304363872856e-06,8.304127550218254e-05,0.9999061822891235
TCGA:LUAD:TCGA-55-7281-01,LUAD,LUAD,0.00032005453249439597,9.883192251436412e-05,0.0002200711314799264,0.9993610382080078
TCGA:LUAD:TCGA-55-7283-01,LUAD,LUAD,1.4126458154350985e-06,2.1883069578620962e-08,6.954382314461327e-08,0.9999985098838806
TCGA:LUAD:TCGA-55-7284-01,LUAD,LUAD,0.00011591941438382491,3.238013232476078e-05,8.519510447513312e-05,0.9997665286064148
TCGA:LUAD:TCGA-55-7570-01,LUAD,LSCC,0.0023439687211066484,0.0005458570085465908,0.6030991077423096,0.3940110504627228
TCGA:LUAD:TCGA-55-7573-01,LUAD,LUAD,0.005087347235530615,0.0005295330774970353,0.0023743300698697567,0.9920088052749634
TCGA:LUAD:TCGA-55-7574-01,LUAD,LUAD,0.0010977156925946474,8.556877583032474e-05,0.0015007273759692907,0.9973160028457642
TCGA:LUAD:TCGA-55-7576-01,LUAD,LUAD,0.003337439615279436,0.0005462600965984166,0.002647163113579154,0.9934691190719604
TCGA:LUAD:TCGA-55-7724-01,LUAD,LSCC,0.08214826881885529,0.006879225838929415,0.810474157333374,0.10049835592508316
TCGA:LUAD:TCGA-55-7725-01,LUAD,LUAD,0.0063265543431043625,7.599093805765733e-06,6.770215986762196e-05,0.9935981631278992
TCGA:LUAD:TCGA-55-7726-01,LUAD,BRCA,0.4540957510471344,0.007944016717374325,0.44334954023361206,0.09461069107055664
TCGA:LUAD:TCGA-55-7727-01,LUAD,LUAD,1.639909896766767e-06,3.58682172851843e-09,1.2870489172200905e-06,0.999997079372406
TCGA:LUAD:TCGA-55-7728-01,LUAD,LUAD,9.507365575700533e-06,0.00011408761201892048,0.00016253361536655575,0.9997138977050781
TCGA:LUAD:TCGA-55-7815-01,LUAD,LUAD,0.008841780945658684,8.850717131281272e-05,0.00047418856411240995,0.9905955195426941
TCGA:LUAD:TCGA-55-7816-01,LUAD,LUAD,0.1497231423854828,0.00020308983221184462,0.0012024911120533943,0.8488712906837463
TCGA:LUAD:TCGA-55-7903-01,LUAD,LUAD,0.012819396331906319,0.0014795905444771051,0.006847889628261328,0.9788531064987183
TCGA:LUAD:TCGA-55-7907-01,LUAD,LUAD,0.0008823626558296382,0.0003396572719793767,0.0010766081977635622,0.9977013468742371
TCGA:LUAD:TCGA-55-7910-01,LUAD,LUAD,0.007572491653263569,0.0012454052921384573,0.005767319817095995,0.9854148030281067
TCGA:LUAD:TCGA-55-7911-01,LUAD,LUAD,0.004238116089254618,0.0008491759654134512,0.00445609400048852,0.9904566407203674
TCGA:LUAD:TCGA-55-7913-01,LUAD,LUAD,0.012421051040291786,0.002007650677114725,0.010621395893394947,0.9749498963356018
TCGA:LUAD:TCGA-55-7914-01,LUAD,LUAD,9.022292033478152e-06,1.7296197256655432e-06,1.841231824073475e-05,0.9999708533287048
TCGA:LUAD:TCGA-55-7994-01,LUAD,LUAD,0.00014351533900480717,4.176458290316987e-08,6.047768329153769e-05,0.9997959733009338
TCGA:LUAD:TCGA-55-7995-01,LUAD,LUAD,0.01851346343755722,0.022921210154891014,0.11938927322626114,0.8391760587692261
TCGA:LUAD:TCGA-55-8085-01,LUAD,LUAD,0.0015537943691015244,0.0006691133021377027,0.005358484573662281,0.9924185872077942
TCGA:LUAD:TCGA-55-8087-01,LUAD,LUAD,0.017139442265033722,0.0007873469730839133,0.0014427824644371867,0.9806304574012756
TCGA:LUAD:TCGA-55-8089-01,LUAD,LUAD,0.00038796820444986224,0.00016081478679552674,0.037120647728443146,0.9623305797576904
TCGA:LUAD:TCGA-55-8090-01,LUAD,LUAD,0.00024881429271772504,9.235465404344723e-05,0.0028275041840970516,0.9968312978744507
TCGA:LUAD:TCGA-55-8091-01,LUAD,LUAD,0.001798007171601057,0.0010830673854798079,0.01204996183514595,0.9850689768791199
TCGA:LUAD:TCGA-55-8092-01,LUAD,LUAD,0.08673081547021866,0.0030707234982401133,0.013425660319626331,0.8967728018760681
TCGA:LUAD:TCGA-55-8094-01,LUAD,LUAD,0.016432754695415497,0.0043118661269545555,0.013168036006391048,0.9660873413085938
TCGA:LUAD:TCGA-55-8096-01,LUAD,LUAD,0.0014204373583197594,0.0004709488130174577,0.00403320649638772,0.9940754175186157
TCGA:LUAD:TCGA-55-8097-01,LUAD,LUAD,0.008932034485042095,0.00047093251487240195,0.0017764162039384246,0.9888206124305725
TCGA:LUAD:TCGA-55-8203-01,LUAD,LUAD,0.00040168227860704064,2.320754538231995e-05,0.0002407573483651504,0.9993343353271484
TCGA:LUAD:TCGA-55-8204-01,LUAD,LSCC,0.0009727421565912664,0.004195841029286385,0.9900105595588684,0.004820873495191336
TCGA:LUAD:TCGA-55-8205-01,LUAD,LUAD,0.014475073665380478,0.0006822214345447719,0.09850530326366425,0.886337399482727
TCGA:LUAD:TCGA-55-8206-01,LUAD,LUAD,0.00039366804412566125,6.354383913276251e-06,0.0003629713610280305,0.9992370009422302
TCGA:LUAD:TCGA-55-8207-01,LUAD,LUAD,0.003015231341123581,0.0007232963107526302,0.002155619440600276,0.994105875492096
TCGA:LUAD:TCGA-55-8208-01,LUAD,LUAD,0.00026274265837855637,0.00042818381916731596,0.008625916205346584,0.9906831383705139
TCGA:LUAD:TCGA-55-8299-01,LUAD,LUAD,0.0030349234584718943,0.0006697780918329954,0.008978722617030144,0.9873165488243103
TCGA:LUAD:TCGA-55-8301-01,LUAD,LUAD,0.024909749627113342,0.003017675131559372,0.06949176639318466,0.9025807976722717
TCGA:LUAD:TCGA-55-8302-01,LUAD,LUAD,0.000144394303788431,0.0001650138437980786,0.0022773502860218287,0.9974132180213928
TCGA:LUAD:TCGA-55-8505-01,LUAD,LUAD,0.00024128631048370153,0.0006086831563152373,0.001314297434873879,0.9978357553482056
TCGA:LUAD:TCGA-55-8506-01,LUAD,LUAD,0.0030609858222305775,0.00110140023753047,0.006064443849027157,0.989773154258728
TCGA:LUAD:TCGA-55-8507-01,LUAD,LUAD,0.0002150958898710087,7.311077297345037e-06,7.184901915024966e-05,0.9997057318687439
TCGA:LUAD:TCGA-55-8508-01,LUAD,LUAD,1.3562113565512846e-07,1.0154264096229326e-09,3.394771738385316e-06,0.9999964833259583
TCGA:LUAD:TCGA-55-8510-01,LUAD,LUAD,3.401921640033834e-05,3.151389682898298e-05,0.00019782959134317935,0.9997366666793823
TCGA:LUAD:TCGA-55-8511-01,LUAD,LUAD,1.4670691825813265e-06,1.349959916296939e-06,0.00015157472807914019,0.9998456239700317
TCGA:LUAD:TCGA-55-8512-01,LUAD,LUAD,0.002343050902709365,0.002472389955073595,0.002801271853968501,0.9923833012580872
TCGA:LUAD:TCGA-55-8513-01,LUAD,LUAD,0.00529087008908391,0.0013172628823667765,0.004170962609350681,0.989220917224884
TCGA:LUAD:TCGA-55-8514-01,LUAD,LUAD,0.003944260533899069,0.0013285696040838957,0.007439192850142717,0.9872879981994629
TCGA:LUAD:TCGA-55-8614-01,LUAD,LSCC,0.004224556963890791,0.006620795466005802,0.977993369102478,0.011161303147673607
TCGA:LUAD:TCGA-55-8615-01,LUAD,LUAD,0.006930578965693712,0.0012258494971320033,0.005235298071056604,0.9866082668304443
TCGA:LUAD:TCGA-55-8616-01,LUAD,LUAD,5.618758950731717e-05,9.540095561533235e-06,2.0537341697490774e-05,0.99991375207901
TCGA:LUAD:TCGA-55-8619-01,LUAD,LUAD,0.0014485025312751532,0.0008164592436514795,0.00395989278331399,0.9937751293182373
TCGA:LUAD:TCGA-55-8620-01,LUAD,LSCC,0.17977888882160187,0.007664015516638756,0.5449694991111755,0.2675875723361969
TCGA:LUAD:TCGA-55-8621-01,LUAD,LUAD,2.1746160427937866e-08,6.694008014562769e-09,9.524719075670873e-07,0.9999990463256836
TCGA:LUAD:TCGA-55-A48X-01,LUAD,LUAD,5.20404391863849e-05,1.70587682077894e-05,0.00011579768761293963,0.9998151063919067
TCGA:LUAD:TCGA-55-A48Y-01,LUAD,LUAD,1.6100035281851888e-05,3.771619461190312e-08,5.509626589628169e-06,0.9999783635139465
TCGA:LUAD:TCGA-55-A48Z-01,LUAD,LUAD,4.2541751099633984e-06,1.279496473216568e-07,0.00021721025404985994,0.9997783899307251
TCGA:LUAD:TCGA-55-A490-01,LUAD,LUAD,0.016157088801264763,0.0010953214950859547,0.019297318533062935,0.9634502530097961
TCGA:LUAD:TCGA-55-A491-01,LUAD,LUAD,1.2162756775069283e-06,6.84749110746452e-08,5.173983026907081e-06,0.9999935626983643
TCGA:LUAD:TCGA-55-A492-01,LUAD,LUAD,5.672815314028412e-05,5.628064172924496e-06,1.2668658200709615e-05,0.9999249577522278
TCGA:LUAD:TCGA-55-A493-01,LUAD,LUAD,0.0011626791674643755,0.0004522035887930542,0.14482136070728302,0.8535637259483337
TCGA:LUAD:TCGA-55-A494-01,LUAD,LUAD,3.881018528772984e-08,2.2653379172510313e-09,9.719477667147203e-09,0.9999999403953552
TCGA:LUAD:TCGA-55-A4DF-01,LUAD,LUAD,0.000758879876229912,5.361564490158344e-06,0.32522881031036377,0.6740069389343262
TCGA:LUAD:TCGA-55-A4DG-01,LUAD,LUAD,0.03015735186636448,0.0009348051971755922,0.0030338081996887922,0.9658740162849426
TCGA:LUAD:TCGA-55-A57B-01,LUAD,LUAD,0.007507239002734423,0.0012510116212069988,0.0060848454013466835,0.9851568937301636
TCGA:LUAD:TCGA-62-8394-01,LUAD,LUAD,0.0024970087688416243,0.0012722932733595371,0.006707286462187767,0.9895234107971191
TCGA:LUAD:TCGA-62-8395-01,LUAD,LUAD,3.472512721813814e-09,1.1508934916193425e-09,3.5072031945304616e-09,1.0
TCGA:LUAD:TCGA-62-8397-01,LUAD,LUAD,3.76602793394909e-09,2.7802199431548047e-10,1.343790301255865e-09,1.0
TCGA:LUAD:TCGA-62-8398-01,LUAD,LUAD,6.889315073976832e-08,7.214550805656472e-06,0.0002063283754978329,0.999786376953125
TCGA:LUAD:TCGA-62-8399-01,LUAD,LUAD,3.6364434663482825e-07,5.9054013235027014e-08,2.6388408969069133e-06,0.9999969601631165
TCGA:LUAD:TCGA-62-8402-01,LUAD,LUAD,0.020359061658382416,0.0022152482997626066,0.013232016004621983,0.9641937017440796
TCGA:LUAD:TCGA-62-A46O-01,LUAD,LUAD,0.11612608283758163,0.007287070155143738,0.03662355989217758,0.8399633169174194
TCGA:LUAD:TCGA-62-A46P-01,LUAD,LUAD,0.00631663529202342,0.0009424331365153193,0.0023726951330900192,0.9903682470321655
TCGA:LUAD:TCGA-62-A46R-01,LUAD,LUAD,1.587779843248427e-05,1.2571676961670164e-06,8.130603418976534e-06,0.9999747276306152
TCGA:LUAD:TCGA-62-A46S-01,LUAD,LUAD,0.0021941561717540026,0.00028265765286050737,0.0005006672581657767,0.9970225095748901
TCGA:LUAD:TCGA-62-A46U-01,LUAD,LUAD,5.5313503253273666e-05,2.1147400275367545e-06,0.0002570517535787076,0.999685525894165
TCGA:LUAD:TCGA-62-A46V-01,LUAD,LUAD,0.002259371802210808,0.00046536698937416077,0.0008399779326282442,0.996435284614563
TCGA:LUAD:TCGA-62-A46Y-01,LUAD,LUAD,0.0011217434657737613,0.00036182638723403215,0.0011291527189314365,0.9973872900009155
TCGA:LUAD:TCGA-62-A470-01,LUAD,LUAD,4.640474799089134e-06,1.862857516243821e-06,1.4621691661886871e-05,0.9999788999557495
TCGA:LUAD:TCGA-62-A471-01,LUAD,LUAD,0.007761271204799414,0.008725060150027275,0.451677531003952,0.5318361520767212
TCGA:LUAD:TCGA-62-A472-01,LUAD,LUAD,0.0009236919577233493,7.470617856597528e-05,0.00033614831045269966,0.998665452003479
TCGA:LUAD:TCGA-64-1676-01,LUAD,LUAD,9.937595314113423e-05,6.790587121940916e-06,0.00022743511362932622,0.9996663928031921
TCGA:LUAD:TCGA-64-1677-01,LUAD,LUAD,0.00011696853471221402,5.293731533129176e-07,0.0008041058317758143,0.9990783929824829
TCGA:LUAD:TCGA-64-1678-01,LUAD,LUAD,0.010194675996899605,0.006608146242797375,0.33795589208602905,0.6452412605285645
TCGA:LUAD:TCGA-64-1679-01,LUAD,LUAD,0.021554255858063698,0.0094213942065835,0.29460954666137695,0.6744148135185242
TCGA:LUAD:TCGA-64-1680-01,LUAD,LUAD,0.00014178192941471934,7.781356544001028e-06,8.572063234169036e-05,0.9997647404670715
TCGA:LUAD:TCGA-64-1681-01,LUAD,LUAD,3.8701415178366005e-05,2.718799578360631e-06,1.3914274859416764e-05,0.9999446868896484
TCGA:LUAD:TCGA-64-5774-01,LUAD,LUAD,0.00029100614483468235,5.136894287716132e-06,0.0007838135934434831,0.9989200234413147
TCGA:LUAD:TCGA-64-5775-01,LUAD,BRCA,0.6953345537185669,0.009948330000042915,0.02201458439230919,0.27270254492759705
TCGA:LUAD:TCGA-64-5778-01,LUAD,LUAD,0.0007708525517955422,2.7223882170801517e-07,2.706691338971723e-05,0.9992018342018127
TCGA:LUAD:TCGA-64-5779-01,LUAD,LUAD,0.18134310841560364,0.004586844239383936,0.09899620711803436,0.715073823928833
TCGA:LUAD:TCGA-64-5781-01,LUAD,LUAD,0.01668374054133892,0.005826594308018684,0.04025797173380852,0.937231719493866
TCGA:LUAD:TCGA-64-5815-01,LUAD,LUAD,0.00017443308024667203,3.50442023773212e-05,0.0019076194148510695,0.9978829026222229
TCGA:LUAD:TCGA-67-3770-01,LUAD,LUAD,1.5740397429908626e-07,3.125119008018373e-08,1.8279650930708158e-06,0.9999979734420776
TCGA:LUAD:TCGA-67-3771-01,LUAD,LUAD,0.002797637367621064,0.0011949018808081746,0.03935917466878891,0.9566482901573181
TCGA:LUAD:TCGA-67-3772-01,LUAD,LUAD,0.00044848330435343087,0.00012094879639334977,0.00279912818223238,0.9966314435005188
TCGA:LUAD:TCGA-67-3773-01,LUAD,LUAD,3.8744696212233976e-05,4.591465767589398e-06,3.462379754637368e-05,0.9999220371246338
TCGA:LUAD:TCGA-67-3774-01,LUAD,LUAD,0.0018493547104299068,0.001019317889586091,0.002514657797291875,0.994616687297821
TCGA:LUAD:TCGA-67-4679-01,LUAD,LUAD,0.005214574281126261,0.0007062713266350329,0.0016671308549121022,0.9924120306968689
TCGA:LUAD:TCGA-67-6215-01,LUAD,LUAD,0.0007183720590546727,0.0003031778323929757,0.0036880658008158207,0.9952903985977173
TCGA:LUAD:TCGA-67-6216-01,LUAD,LUAD,4.494411768973805e-06,2.7826902169181267e-06,3.769922477658838e-05,0.9999549984931946
TCGA:LUAD:TCGA-67-6217-01,LUAD,LUAD,0.0016970769502222538,0.0003422980080358684,0.000641366234049201,0.9973192811012268
TCGA:LUAD:TCGA-69-7760-01,LUAD,LUAD,0.15312953293323517,0.010254161432385445,0.04156384989619255,0.7950524687767029
TCGA:LUAD:TCGA-69-7761-01,LUAD,LUAD,0.003359808586537838,9.629623673390597e-05,0.0003487456124275923,0.9961951375007629
TCGA:LUAD:TCGA-69-7763-01,LUAD,LUAD,2.398067772446666e-05,3.538644932632451e-06,1.0003001079894602e-05,0.9999624490737915
TCGA:LUAD:TCGA-69-7764-01,LUAD,LUAD,4.499056012718938e-05,1.5538200841547223e-06,2.6234081815346144e-05,0.9999272227287292
TCGA:LUAD:TCGA-69-7765-01,LUAD,LUAD,0.002784622134640813,0.000345496489899233,0.0013155278284102678,0.9955543279647827
TCGA:LUAD:TCGA-69-7973-01,LUAD,LUAD,0.0071861352771520615,0.001122250803746283,0.02279958315193653,0.9688920378684998
TCGA:LUAD:TCGA-69-7974-01,LUAD,LUAD,0.0028879947494715452,0.0021533614490181208,0.05781236290931702,0.9371463060379028
TCGA:LUAD:TCGA-69-7978-01,LUAD,LUAD,0.0021905233152210712,0.0007426844094879925,0.004014116711914539,0.9930526614189148
TCGA:LUAD:TCGA-69-7979-01,LUAD,LUAD,0.03342000022530556,0.0012912211241200566,0.005807966459542513,0.9594808220863342
TCGA:LUAD:TCGA-69-7980-01,LUAD,LUAD,0.002086058259010315,0.0006908889627084136,0.0030093479435890913,0.9942137002944946
TCGA:LUAD:TCGA-69-8253-01,LUAD,LUAD,0.00021594337886199355,0.000937578035518527,0.002483031013980508,0.9963634610176086
TCGA:LUAD:TCGA-69-8254-01,LUAD,LUAD,8.923611312638968e-05,6.729867163812742e-05,0.0007991699385456741,0.9990442991256714
TCGA:LUAD:TCGA-69-8255-01,LUAD,LSCC,0.08446751534938812,0.0038479226641356945,0.47709426283836365,0.43459030985832214
TCGA:LUAD:TCGA-69-8453-01,LUAD,LUAD,0.009927744045853615,0.0069475057534873486,0.020914878696203232,0.9622098803520203
TCGA:LUAD:TCGA-69-A59K-01,LUAD,LUAD,9.658610360929742e-05,5.885242444492178e-06,0.00015580421313643456,0.9997417330741882
TCGA:LUAD:TCGA-71-6725-01,LUAD,LUAD,0.007212221622467041,0.0005215362180024385,0.0010767965577542782,0.9911894202232361
TCGA:LUAD:TCGA-71-8520-01,LUAD,LUAD,1.2368507668725215e-05,4.308645657147281e-06,1.242559028469259e-05,0.9999709129333496
TCGA:LUAD:TCGA-73-4658-01,LUAD,LUAD,0.003837043885141611,0.0009336324874311686,0.0032659675925970078,0.9919633269309998
TCGA:LUAD:TCGA-73-4659-01,LUAD,LUAD,0.0007206994923762977,0.00022638087102677673,0.0033732436131685972,0.9956796765327454
TCGA:LUAD:TCGA-73-4662-01,LUAD,LUAD,0.0018686418188735843,0.00037630388396792114,0.00040202075615525246,0.9973530173301697
TCGA:LUAD:TCGA-73-4666-01,LUAD,LUAD,0.003666368778795004,0.004052148200571537,0.032076261937618256,0.9602051973342896
TCGA:LUAD:TCGA-73-4668-01,LUAD,LUAD,0.003995777107775211,0.000633615127298981,0.010338054038584232,0.9850325584411621
TCGA:LUAD:TCGA-73-4670-01,LUAD,LUAD,0.0024564203340560198,0.00025080397608689964,0.39119866490364075,0.6060941219329834
TCGA:LUAD:TCGA-73-4675-01,LUAD,LUAD,9.176478101835528e-07,1.339716249049161e-07,2.158925099138287e-06,0.9999967813491821
TCGA:LUAD:TCGA-73-4676-01,LUAD,LUAD,9.92944251265726e-07,2.469207629474113e-07,0.0029534355271607637,0.9970453381538391
TCGA:LUAD:TCGA-73-4677-01,LUAD,LUAD,0.004853489808738232,0.0009879037970677018,0.001143628149293363,0.9930149912834167
TCGA:LUAD:TCGA-73-7498-01,LUAD,LUAD,0.0011267394293099642,0.00024720444343984127,0.0012752915499731898,0.9973507523536682
TCGA:LUAD:TCGA-73-7499-01,LUAD,LUAD,2.119842429237906e-05,2.786720472158777e-07,0.0016990344738587737,0.9982795119285583
TCGA:LUAD:TCGA-73-A9RS-01,LUAD,BRCA,0.6897533535957336,0.004326574970036745,0.01583607867360115,0.29008400440216064
TCGA:LUAD:TCGA-75-5122-01,LUAD,LUAD,0.01159876398742199,0.00014313227438833565,0.009984965436160564,0.9782731533050537
TCGA:LUAD:TCGA-75-5125-01,LUAD,LUAD,0.0014263029443100095,2.3186248654383235e-05,0.0009237191407009959,0.997626781463623
TCGA:LUAD:TCGA-75-5126-01,LUAD,LUAD,3.162976440762577e-07,1.7590228651442885e-07,1.1592478585953359e-05,0.9999879002571106
TCGA:LUAD:TCGA-75-5146-01,LUAD,LUAD,0.009213662706315517,0.0008235873538069427,0.006480563431978226,0.9834821820259094
TCGA:LUAD:TCGA-75-5147-01,LUAD,LUAD,0.0009485490154474974,7.084688695613295e-05,0.008425216190516949,0.9905554056167603
TCGA:LUAD:TCGA-75-6203-01,LUAD,LUAD,2.1923984604654834e-05,2.3704327389850732e-08,1.6060823782027e-07,0.9999778866767883
TCGA:LUAD:TCGA-75-6205-01,LUAD,LUAD,0.0002841003006324172,8.975585660664365e-05,0.0056512425653636456,0.9939749240875244
TCGA:LUAD:TCGA-75-6206-01,LUAD,LUAD,1.7966851373785175e-05,1.7036688859661808e-06,6.081447281758301e-06,0.999974250793457
TCGA:LUAD:TCGA-75-6207-01,LUAD,LUAD,0.01644798554480076,7.089001314852794e-07,3.3280673960689455e-05,0.9835180044174194
TCGA:LUAD:TCGA-75-6211-01,LUAD,LUAD,0.004411973990499973,0.0004821749753318727,0.0080429557710886,0.9870628714561462
TCGA:LUAD:TCGA-75-6212-01,LUAD,LUAD,0.0017197203123942018,0.00044120725942775607,0.012865260243415833,0.9849737882614136
TCGA:LUAD:TCGA-75-6214-01,LUAD,HNSCC,0.03231487050652504,0.47151482105255127,0.3937400281429291,0.10243029147386551
TCGA:LUAD:TCGA-75-7025-01,LUAD,LUAD,0.0005300384946167469,0.00010298658162355423,0.001547219348140061,0.9978197813034058
TCGA:LUAD:TCGA-75-7027-01,LUAD,LUAD,0.004610507749021053,0.0032678835559636354,0.04883326590061188,0.9432883262634277
TCGA:LUAD:TCGA-75-7030-01,LUAD,LUAD,0.0183885358273983,0.006322297267615795,0.035591624677181244,0.9396975636482239
TCGA:LUAD:TCGA-75-7031-01,LUAD,LUAD,0.0013687547761946917,3.3411146205253317e-07,9.390871855430305e-05,0.998537003993988
TCGA:LUAD:TCGA-78-7143-01,LUAD,LUAD,0.006611507851630449,0.0009194661397486925,0.0021729092113673687,0.9902961254119873
TCGA:LUAD:TCGA-78-7145-01,LUAD,LUAD,7.258453479153104e-06,1.5023202237784972e-08,3.725421322542388e-07,0.9999923706054688
TCGA:LUAD:TCGA-78-7146-01,LUAD,LUAD,0.009244900196790695,0.0007528759306296706,0.013998874463140965,0.9760033488273621
TCGA:LUAD:TCGA-78-7147-01,LUAD,LUAD,0.003356287023052573,0.0009571381378918886,0.004611285403370857,0.9910752773284912
TCGA:LUAD:TCGA-78-7148-01,LUAD,LUAD,1.5993542547221296e-05,3.1185950319922995e-06,3.0639097531093284e-05,0.9999502301216125
TCGA:LUAD:TCGA-78-7149-01,LUAD,LUAD,1.1611022273427807e-05,6.669916729151737e-06,3.7815111681993585e-06,0.9999779462814331
TCGA:LUAD:TCGA-78-7150-01,LUAD,LUAD,0.03059387393295765,0.027424996718764305,0.3460562825202942,0.5959248542785645
TCGA:LUAD:TCGA-78-7152-01,LUAD,LUAD,0.000531607773154974,4.86283861391712e-05,8.326502575073391e-05,0.9993364810943604
TCGA:LUAD:TCGA-78-7153-01,LUAD,LUAD,0.12088007479906082,0.004688857588917017,0.01033677440136671,0.8640943169593811
TCGA:LUAD:TCGA-78-7154-01,LUAD,LUAD,0.0003263033286202699,6.87213396304287e-05,0.019791869446635246,0.9798130989074707
TCGA:LUAD:TCGA-78-7155-01,LUAD,BRCA,0.9795010089874268,0.005391816142946482,0.007857228629291058,0.0072499546222388744
TCGA:LUAD:TCGA-78-7156-01,LUAD,LUAD,1.8444843590259552e-05,1.7749786138665513e-06,3.5584102988650557e-06,0.9999762177467346
TCGA:LUAD:TCGA-78-7158-01,LUAD,LUAD,0.11173520982265472,0.0033361383248120546,0.005116341635584831,0.8798123002052307
TCGA:LUAD:TCGA-78-7159-01,LUAD,LUAD,0.0021564215421676636,0.00033031345810741186,0.002875607693567872,0.994637668132782
TCGA:LUAD:TCGA-78-7160-01,LUAD,LUAD,0.0013594030169770122,0.00043161227949894965,0.0023852980230003595,0.9958236813545227
TCGA:LUAD:TCGA-78-7161-01,LUAD,LUAD,0.0003293557383585721,2.5990041194745572e-06,1.0260139788442757e-05,0.9996578097343445
TCGA:LUAD:TCGA-78-7162-01,LUAD,LUAD,0.001962191890925169,0.0003102749469690025,0.0006664819666184485,0.9970610737800598
TCGA:LUAD:TCGA-78-7163-01,LUAD,LUAD,0.02004576474428177,0.0022109046112746,0.01766757294535637,0.9600757360458374
TCGA:LUAD:TCGA-78-7166-01,LUAD,LUAD,0.0006354476208798587,0.002044316614046693,0.006914590485394001,0.9904056191444397
TCGA:LUAD:TCGA-78-7167-01,LUAD,LUAD,0.0035752200055867434,0.0003563817881513387,0.0008291456615552306,0.9952392578125
TCGA:LUAD:TCGA-78-7220-01,LUAD,LUAD,0.015467106364667416,0.0032897659111768007,0.02493627928197384,0.9563068747520447
TCGA:LUAD:TCGA-78-7535-01,LUAD,LUAD,0.008251621387898922,0.0016528378473594785,0.0021533507388085127,0.9879422187805176
TCGA:LUAD:TCGA-78-7536-01,LUAD,BRCA,0.640129804611206,0.00036980098229832947,0.034667570143938065,0.32483282685279846
TCGA:LUAD:TCGA-78-7537-01,LUAD,LUAD,8.080124098341912e-05,1.0256177120027132e-05,6.381647108355537e-05,0.9998451471328735
TCGA:LUAD:TCGA-78-7539-01,LUAD,LUAD,1.2671247873186076e-07,1.1006072719865756e-09,3.388378910784695e-09,0.9999998807907104
TCGA:LUAD:TCGA-78-7540-01,LUAD,LUAD,0.00016124843386933208,6.923565524630249e-05,8.392135350732133e-05,0.9996855854988098
TCGA:LUAD:TCGA-78-7542-01,LUAD,LUAD,0.0743761956691742,0.3126033842563629,0.22380638122558594,0.38921400904655457
TCGA:LUAD:TCGA-78-7633-01,LUAD,LUAD,7.225446552183712e-06,9.082224892154045e-07,1.168520952887775e-06,0.999990701675415
TCGA:LUAD:TCGA-78-8640-01,LUAD,LSCC,0.00011051115143345669,0.002406418090686202,0.5368418097496033,0.4606412649154663
TCGA:LUAD:TCGA-78-8648-01,LUAD,LUAD,0.05060162395238876,0.00757248979061842,0.06801708787679672,0.8738088011741638
TCGA:LUAD:TCGA-78-8655-01,LUAD,LUAD,0.005113242194056511,0.0008920261170715094,0.0018813705537468195,0.9921133518218994
TCGA:LUAD:TCGA-78-8660-01,LUAD,LUAD,5.172938131181581e-07,1.5765853333959967e-07,1.6522539226571098e-05,0.9999827742576599
TCGA:LUAD:TCGA-78-8662-01,LUAD,LUAD,0.04367582127451897,0.004347699694335461,0.05488528683781624,0.8970912098884583
TCGA:LUAD:TCGA-80-5607-01,LUAD,LUAD,0.003032177221029997,0.005529508460313082,0.006760616786777973,0.9846776723861694
TCGA:LUAD:TCGA-80-5608-01,LUAD,LUAD,0.0005303869838826358,0.00028236230718903244,0.0014007211429998279,0.9977865219116211
TCGA:LUAD:TCGA-80-5611-01,LUAD,LUAD,0.007326639257371426,2.6104953576577827e-06,0.0042752730660140514,0.9883954524993896
TCGA:LUAD:TCGA-83-5908-01,LUAD,LUAD,0.013639852404594421,0.004622199572622776,0.15347789227962494,0.828260064125061
TCGA:LUAD:TCGA-86-6562-01,LUAD,LUAD,3.748341441678349e-07,2.6753784965194427e-08,1.2216089544381248e-06,0.9999983906745911
TCGA:LUAD:TCGA-86-6851-01,LUAD,LUAD,0.1328447461128235,0.0031629283912479877,0.0358438566327095,0.8281484842300415
TCGA:LUAD:TCGA-86-7701-01,LUAD,LUAD,5.780972514912719e-06,1.613090461205502e-08,1.43479746839148e-05,0.9999798536300659
TCGA:LUAD:TCGA-86-7711-01,LUAD,LUAD,7.575733616249636e-05,1.2064066368111526e-07,3.9477024984080344e-05,0.9998846650123596
TCGA:LUAD:TCGA-86-7713-01,LUAD,LUAD,0.03289321810007095,6.2793396864435636e-06,9.429462807020172e-05,0.9670062065124512
TCGA:LUAD:TCGA-86-7714-01,LUAD,LUAD,1.7985360045713605e-07,1.9603190182237995e-08,7.121974249457708e-06,0.9999926686286926
TCGA:LUAD:TCGA-86-7953-01,LUAD,LUAD,0.018032070249319077,0.00018116265709977597,0.004486561752855778,0.977300226688385
TCGA:LUAD:TCGA-86-7954-01,LUAD,LUAD,0.02899978682398796,0.00022931347484700382,0.0031879895832389593,0.9675828814506531
TCGA:LUAD:TCGA-86-7955-01,LUAD,BRCA,0.9846549034118652,6.271281745284796e-05,0.00329992757178843,0.011982446536421776
TCGA:LUAD:TCGA-86-8054-01,LUAD,LUAD,0.14165887236595154,0.0004007240931969136,0.012439647689461708,0.8455007672309875
TCGA:LUAD:TCGA-86-8055-01,LUAD,LUAD,1.6451404860617913e-07,8.242877491682066e-09,1.9299825453344965e-06,0.9999979138374329
TCGA:LUAD:TCGA-86-8056-01,LUAD,LUAD,0.0022981995716691017,0.0005390919977799058,0.002730023115873337,0.9944326877593994
TCGA:LUAD:TCGA-86-8073-01,LUAD,LUAD,0.025137681514024734,0.004128826316446066,0.008958021178841591,0.9617754817008972
TCGA:LUAD:TCGA-86-8074-01,LUAD,LUAD,0.04376940056681633,0.0017141621792688966,0.01646890863776207,0.9380475282669067
TCGA:LUAD:TCGA-86-8075-01,LUAD,LUAD,7.812715239197132e-07,8.018324670899801e-09,7.654599585293909e-07,0.9999984502792358
TCGA:LUAD:TCGA-86-8076-01,LUAD,LUAD,0.0004507148405537009,1.8893058950197883e-05,0.00012003518349956721,0.9994103312492371
TCGA:LUAD:TCGA-86-8278-01,LUAD,LUAD,0.00034597571357153356,0.0006555553409270942,0.0014422110980376601,0.9975562691688538
TCGA:LUAD:TCGA-86-8279-01,LUAD,LUAD,0.2891429364681244,0.004281944129616022,0.016789890825748444,0.6897852420806885
TCGA:LUAD:TCGA-86-8280-01,LUAD,LUAD,0.000330774491885677,1.726538539514877e-05,0.0004992710892111063,0.999152660369873
TCGA:LUAD:TCGA-86-8281-01,LUAD,LUAD,0.0008832134190015495,0.00033819276723079383,0.0007025116356089711,0.9980760812759399
TCGA:LUAD:TCGA-86-8358-01,LUAD,LSCC,0.15163929760456085,0.016931336373090744,0.5086691975593567,0.3227601945400238
TCGA:LUAD:TCGA-86-8359-01,LUAD,LUAD,0.0017244856571778655,0.001365137635730207,0.003984729293733835,0.9929256439208984
TCGA:LUAD:TCGA-86-8585-01,LUAD,LUAD,0.4211287200450897,0.02845212258398533,0.08275351673364639,0.4676656424999237
TCGA:LUAD:TCGA-86-8668-01,LUAD,LUAD,0.013054490089416504,0.0011759224580600858,0.000760268943849951,0.9850093126296997
TCGA:LUAD:TCGA-86-8669-01,LUAD,LUAD,0.003622211515903473,0.0002361825027037412,0.004967672750353813,0.9911739230155945
TCGA:LUAD:TCGA-86-8671-01,LUAD,LUAD,0.03362603113055229,0.00795582216233015,0.04973967373371124,0.9086784720420837
TCGA:LUAD:TCGA-86-8672-01,LUAD,LUAD,9.186671263705648e-07,7.824836529835011e-07,1.063054605765501e-05,0.9999876618385315
TCGA:LUAD:TCGA-86-8673-01,LUAD,LUAD,0.03760936111211777,0.0016275934176519513,0.016208717599511147,0.944554328918457
TCGA:LUAD:TCGA-86-8674-01,LUAD,LUAD,0.000604980974458158,0.00014324858784675598,0.00013620521349366754,0.9991155862808228
TCGA:LUAD:TCGA-86-A456-01,LUAD,LUAD,2.2230427276781484e-08,2.122498399259598e-09,2.645720442728816e-08,0.9999999403953552
TCGA:LUAD:TCGA-86-A4D0-01,LUAD,LUAD,0.2007724791765213,0.01520408783107996,0.3340698480606079,0.4499535858631134
TCGA:LUAD:TCGA-86-A4JF-01,LUAD,LUAD,0.008068638853728771,0.0008242070907726884,0.03167762979865074,0.9594295024871826
TCGA:LUAD:TCGA-86-A4P7-01,LUAD,LUAD,0.002692350884899497,0.00023612676886841655,0.003337552072480321,0.9937339425086975
TCGA:LUAD:TCGA-86-A4P8-01,LUAD,LUAD,0.007128236815333366,0.00014540922711603343,0.0024933218955993652,0.9902330040931702
TCGA:LUAD:TCGA-91-6828-01,LUAD,LUAD,0.0011649546213448048,6.551363185280934e-05,0.0005456355283968151,0.9982239007949829
TCGA:LUAD:TCGA-91-6829-01,LUAD,LUAD,0.018740033730864525,0.00019081705249845982,8.689790411153808e-05,0.98098224401474
TCGA:LUAD:TCGA-91-6830-01,LUAD,LUAD,0.0002198411093559116,7.13096815161407e-05,0.0031516454182565212,0.9965571761131287
TCGA:LUAD:TCGA-91-6831-01,LUAD,LUAD,0.0011952300556004047,5.1097199360583545e-08,2.4952939838840393e-06,0.9988022446632385
TCGA:LUAD:TCGA-91-6835-01,LUAD,LUAD,0.035745732486248016,0.003998505882918835,0.020651299506425858,0.9396044611930847
TCGA:LUAD:TCGA-91-6836-01,LUAD,LUAD,0.00010881328489631414,3.8207936370326934e-08,0.0005432257312349975,0.9993479251861572
TCGA:LUAD:TCGA-91-6840-01,LUAD,LUAD,0.1068936437368393,0.007129257079213858,0.03441782295703888,0.8515592813491821
TCGA:LUAD:TCGA-91-6847-01,LUAD,BRCA,0.9057428240776062,0.004242675378918648,0.0725991353392601,0.017415376380085945
TCGA:LUAD:TCGA-91-6848-01,LUAD,LSCC,0.04025619477033615,0.0001605476572876796,0.9469106793403625,0.01267256960272789
TCGA:LUAD:TCGA-91-6849-01,LUAD,LUAD,1.202303252512138e-07,2.8735433943438693e-07,5.686133022209106e-07,0.9999990463256836
TCGA:LUAD:TCGA-91-7771-01,LUAD,LUAD,0.00810633972287178,9.201979992212728e-05,0.0003631796862464398,0.9914384484291077
TCGA:LUAD:TCGA-91-8496-01,LUAD,LUAD,3.0437632858593133e-07,5.93216320510237e-09,1.6485322476000874e-06,0.9999980330467224
TCGA:LUAD:TCGA-91-8497-01,LUAD,LUAD,4.2635997488105204e-07,1.6127119195630257e-08,4.687104137701681e-06,0.9999948740005493
TCGA:LUAD:TCGA-91-8499-01,LUAD,BRCA,0.7003051042556763,0.021115470677614212,0.17112740874290466,0.10745199024677277
TCGA:LUAD:TCGA-91-A4BC-01,LUAD,LUAD,0.00011755771265598014,9.476341489289553e-08,0.00012443450395949185,0.9997578859329224
TCGA:LUAD:TCGA-91-A4BD-01,LUAD,LUAD,0.006860725581645966,0.000657613854855299,0.0012323717819526792,0.9912492632865906
TCGA:LUAD:TCGA-93-7347-01,LUAD,LUAD,3.167468776155147e-08,6.12121686671685e-09,3.124339116311603e-07,0.9999996423721313
TCGA:LUAD:TCGA-93-7348-01,LUAD,LUAD,0.0018177757738158107,0.00037074764259159565,0.0012154566356912255,0.9965960383415222
TCGA:LUAD:TCGA-93-8067-01,LUAD,LUAD,0.0063211023807525635,0.011502543464303017,0.014857861213386059,0.9673184752464294
TCGA:LUAD:TCGA-93-A4JN-01,LUAD,LUAD,4.4369011447997764e-05,2.9070579330436885e-06,0.00012306867574807256,0.9998296499252319
TCGA:LUAD:TCGA-93-A4JO-01,LUAD,LUAD,0.002151739550754428,0.0003926440258510411,0.019764263182878494,0.9776913523674011
TCGA:LUAD:TCGA-93-A4JP-01,LUAD,BRCA,0.5828321576118469,0.0005648373626172543,0.0008868974982760847,0.41571611166000366
TCGA:LUAD:TCGA-93-A4JQ-01,LUAD,LUAD,0.0026156080421060324,0.002162063028663397,0.0417153462767601,0.9535070061683655
TCGA:LUAD:TCGA-95-7039-01,LUAD,LUAD,0.0014849822036921978,0.00039427395677194,0.0011428269790485501,0.9969779253005981
TCGA:LUAD:TCGA-95-7043-01,LUAD,LUAD,0.0019138359930366278,0.0010747754713520408,0.06364364176988602,0.9333677291870117
TCGA:LUAD:TCGA-95-7562-01,LUAD,LUAD,0.30577370524406433,0.001261639641597867,0.01431841216981411,0.6786462664604187
TCGA:LUAD:TCGA-95-7567-01,LUAD,LUAD,0.004748244769871235,0.0013262872816994786,0.01372926589101553,0.9801961779594421
TCGA:LUAD:TCGA-95-7944-01,LUAD,BRCA,0.8742324113845825,0.013834096491336823,0.02504458837211132,0.08688890188932419
TCGA:LUAD:TCGA-95-7947-01,LUAD,BRCA,0.8156731724739075,0.0003561637131497264,0.004302232060581446,0.17966842651367188
TCGA:LUAD:TCGA-95-7948-01,LUAD,LUAD,0.0025283389259129763,1.289491501665907e-05,0.00012441858416423202,0.997334361076355
TCGA:LUAD:TCGA-95-8039-01,LUAD,LUAD,0.0030071246437728405,0.0005075969966128469,0.0016150498995557427,0.9948702454566956
TCGA:LUAD:TCGA-95-8494-01,LUAD,LUAD,0.00036527623888105154,6.627936818404123e-05,0.0009739315137267113,0.9985945224761963
TCGA:LUAD:TCGA-95-A4VK-01,LUAD,LUAD,0.0018332656472921371,0.0007800353341735899,0.002020324347540736,0.9953663945198059
TCGA:LUAD:TCGA-95-A4VN-01,LUAD,LUAD,0.005039894487708807,0.001117423758842051,0.007205937523394823,0.986636757850647
TCGA:LUAD:TCGA-95-A4VP-01,LUAD,LUAD,1.5654451317459461e-06,2.2389677667433716e-08,3.966354597650934e-06,0.9999944567680359
TCGA:LUAD:TCGA-97-7546-01,LUAD,LUAD,0.00028083185316063464,9.507979825684743e-08,3.3115270525740925e-07,0.9997187256813049
TCGA:LUAD:TCGA-97-7547-01,LUAD,LUAD,0.0010551844025030732,0.00047609730972908437,0.0022673422936350107,0.9962013959884644
TCGA:LUAD:TCGA-97-7552-01,LUAD,LUAD,2.4037832190515473e-05,4.380255995783955e-05,5.751002026954666e-05,0.9998746514320374
TCGA:LUAD:TCGA-97-7553-01,LUAD,LUAD,6.681911600026069e-06,5.731873784498021e-07,1.2091300050087739e-05,0.999980628490448
TCGA:LUAD:TCGA-97-7554-01,LUAD,LUAD,0.0001268546184292063,2.6301620891899802e-05,0.00011716066364897415,0.9997296929359436
TCGA:LUAD:TCGA-97-7937-01,LUAD,LUAD,0.02374371513724327,0.0010630814358592033,0.003122393973171711,0.9720708131790161
TCGA:LUAD:TCGA-97-7938-01,LUAD,LUAD,2.1597037402898422e-07,5.719660745029387e-09,1.6679798875429697e-07,0.9999995827674866
TCGA:LUAD:TCGA-97-7941-01,LUAD,LUAD,8.463497943012044e-05,0.00017721088079269975,0.00017028754518833011,0.9995678663253784
TCGA:LUAD:TCGA-97-8171-01,LUAD,LUAD,0.03493336960673332,0.000970266992226243,0.0025384235195815563,0.961557924747467
TCGA:LUAD:TCGA-97-8172-01,LUAD,LUAD,0.0018665380775928497,6.868625496281311e-05,0.0007122691604308784,0.9973524808883667
TCGA:LUAD:TCGA-97-8174-01,LUAD,LUAD,0.0011155433021485806,1.8695160179049708e-05,3.568871397874318e-05,0.9988300800323486
TCGA:LUAD:TCGA-97-8175-01,LUAD,LUAD,0.0017240768065676093,0.000943164573982358,0.014378104358911514,0.9829546809196472
TCGA:LUAD:TCGA-97-8176-01,LUAD,LUAD,0.0019225598080083728,0.008935068733990192,0.00755902286618948,0.9815833568572998
TCGA:LUAD:TCGA-97-8177-01,LUAD,LUAD,1.2720869563054293e-05,2.4332791781489505e-06,0.00015013397205621004,0.9998347163200378
TCGA:LUAD:TCGA-97-8179-01,LUAD,LUAD,0.00012724460975732654,2.844666778401006e-05,9.847634646575898e-05,0.9997458457946777
TCGA:LUAD:TCGA-97-8547-01,LUAD,LUAD,1.9596733125126775e-08,5.779833500696441e-08,2.875988158734799e-08,0.9999998807907104
TCGA:LUAD:TCGA-97-8552-01,LUAD,LUAD,0.004377817269414663,0.0005749052506871521,0.003765982808545232,0.991281270980835
TCGA:LUAD:TCGA-97-A4LX-01,LUAD,LUAD,7.3950716661386195e-09,4.662818464673535e-10,9.433659897695179e-08,0.9999998807907104
TCGA:LUAD:TCGA-97-A4M0-01,LUAD,LUAD,0.0016600359231233597,0.0004414495197124779,0.0007966976263560355,0.9971018433570862
TCGA:LUAD:TCGA-97-A4M1-01,LUAD,LUAD,0.000821708410512656,2.527248034311924e-05,8.801265357760713e-05,0.9990649819374084
TCGA:LUAD:TCGA-97-A4M2-01,LUAD,LUAD,0.0009373367065563798,3.1999712518882006e-05,0.0004653827054426074,0.9985652565956116
TCGA:LUAD:TCGA-97-A4M3-01,LUAD,LUAD,0.0053839245811104774,0.0012027457123622298,0.0031699910759925842,0.9902433156967163
TCGA:LUAD:TCGA-97-A4M5-01,LUAD,LUAD,0.0023142341524362564,0.0009070038213394582,0.0020233874674886465,0.9947553873062134
TCGA:LUAD:TCGA-97-A4M6-01,LUAD,LUAD,6.207184196682647e-05,3.49278561770916e-05,0.00012112745753256604,0.9997818470001221
TCGA:LUAD:TCGA-97-A4M7-01,LUAD,LUAD,0.002346761990338564,0.0005781793734058738,0.009360400959849358,0.9877146482467651
TCGA:LUAD:TCGA-99-7458-01,LUAD,LUAD,0.003078339621424675,0.0004350430390331894,0.0007739581051282585,0.9957126379013062
TCGA:LUAD:TCGA-99-8025-01,LUAD,LUAD,0.0015387680614367127,0.00044638599501922727,0.002129482803866267,0.9958853721618652
TCGA:LUAD:TCGA-99-8028-01,LUAD,LUAD,0.007242847234010696,0.0017579746199771762,0.031931303441524506,0.9590678811073303
TCGA:LUAD:TCGA-99-8032-01,LUAD,LUAD,0.00011992122017545626,9.951752872439101e-06,0.0003552802954800427,0.9995148181915283
TCGA:LUAD:TCGA-99-8033-01,LUAD,LUAD,5.309135667630471e-05,0.001066952827386558,0.006212722975760698,0.9926672577857971
TCGA:LUAD:TCGA-99-AA5R-01,LUAD,LUAD,0.0031779485289007425,0.00017423399549443275,0.0014254928100854158,0.9952223300933838
TCGA:LUAD:TCGA-J2-8192-01,LUAD,LUAD,0.00011003855615854263,3.9037044189171866e-05,0.0007190880714915693,0.9991318583488464
TCGA:LUAD:TCGA-J2-8194-01,LUAD,LUAD,0.0033438564278185368,0.00040359736885875463,0.0005971187492832541,0.9956554174423218
TCGA:LUAD:TCGA-J2-A4AD-01,LUAD,LUAD,4.241483111400157e-05,9.110346582019702e-06,1.7780697817215696e-05,0.9999306797981262
TCGA:LUAD:TCGA-J2-A4AE-01,LUAD,LUAD,3.7169158986216644e-06,1.252514181260267e-07,1.2930982848047279e-05,0.9999832510948181
TCGA:LUAD:TCGA-J2-A4AG-01,LUAD,LUAD,2.516568429200561e-07,1.3106356888670234e-08,1.1268549116039139e-07,0.9999996423721313
TCGA:LUAD:TCGA-L4-A4E5-01,LUAD,LUAD,0.0005043935962021351,5.9202793636359274e-05,0.0002499920374248177,0.9991863965988159
TCGA:LUAD:TCGA-L4-A4E6-01,LUAD,LUAD,0.018570687621831894,0.003939935937523842,0.012657856568694115,0.964831531047821
TCGA:LUAD:TCGA-L9-A443-01,LUAD,LUAD,0.0001184348002425395,4.543813338386826e-05,0.00029241383890621364,0.9995437264442444
TCGA:LUAD:TCGA-L9-A444-01,LUAD,LUAD,6.561620011780178e-07,1.0722725818368417e-08,2.4325959202542435e-07,0.9999991059303284
TCGA:LUAD:TCGA-L9-A50W-01,LUAD,LUAD,0.0001386202493449673,3.549205939634703e-05,0.0006480740266852081,0.9991778135299683
TCGA:LUAD:TCGA-L9-A5IP-01,LUAD,LUAD,0.0006687564891763031,0.004392017610371113,0.02095535770058632,0.973983883857727
TCGA:LUAD:TCGA-L9-A743-01,LUAD,LUAD,0.0018347478471696377,0.0007118055946193635,0.008601715788245201,0.9888517260551453
TCGA:LUAD:TCGA-L9-A7SV-01,LUAD,LUAD,1.1054448805225547e-06,1.4402391279588755e-08,4.897570988759981e-07,0.9999983906745911
TCGA:LUAD:TCGA-L9-A8F4-01,LUAD,LUAD,0.04213901236653328,0.00043624633690342307,0.017326802015304565,0.9400979280471802
TCGA:LUAD:TCGA-MN-A4N1-01,LUAD,LUAD,0.009074367582798004,0.0016100937500596046,0.006872193887829781,0.9824433326721191
TCGA:LUAD:TCGA-MN-A4N4-01,LUAD,LUAD,0.002919454127550125,2.834109409377561e-06,0.00047723142779432237,0.9966005086898804
TCGA:LUAD:TCGA-MN-A4N5-01,LUAD,LUAD,0.005837163422256708,0.0011012734612450004,0.001967398915439844,0.991094172000885
TCGA:LUAD:TCGA-MP-A4SV-01,LUAD,LUAD,0.002084219129756093,0.0006590698612853885,0.025854140520095825,0.9714025855064392
TCGA:LUAD:TCGA-MP-A4SW-01,LUAD,LUAD,0.0006302872207015753,0.0002939935075119138,0.0008745680679567158,0.9982011318206787
TCGA:LUAD:TCGA-MP-A4SY-01,LUAD,LUAD,5.056617791154849e-09,3.4179632457664866e-09,1.7245621108941123e-07,0.9999998211860657
TCGA:LUAD:TCGA-MP-A4T4-01,LUAD,LUAD,4.0855246652427013e-07,9.43654132612437e-09,0.00022019869356881827,0.9997794032096863
TCGA:LUAD:TCGA-MP-A4T6-01,LUAD,LUAD,0.0018624556250870228,0.0011022074613720179,0.004378378391265869,0.992656946182251
TCGA:LUAD:TCGA-MP-A4T7-01,LUAD,LUAD,0.00036317319609224796,0.0009441147558391094,0.007178767584264278,0.9915139675140381
TCGA:LUAD:TCGA-MP-A4T8-01,LUAD,LUAD,0.0022625920828431845,8.402304956689477e-05,0.0006926659843884408,0.9969606995582581
TCGA:LUAD:TCGA-MP-A4T9-01,LUAD,LUAD,0.0008318529580719769,0.00032863218802958727,0.001212954055517912,0.997626543045044
TCGA:LUAD:TCGA-MP-A4TA-01,LUAD,LUAD,0.00202893721871078,0.0005013215122744441,0.020704196766018867,0.9767655730247498
TCGA:LUAD:TCGA-MP-A4TC-01,LUAD,LUAD,0.00936687458306551,0.0017208326607942581,0.018646955490112305,0.9702653288841248
TCGA:LUAD:TCGA-MP-A4TD-01,LUAD,LUAD,3.4315307857468724e-05,5.042927114118356e-06,4.0730476030148566e-05,0.9999198913574219
TCGA:LUAD:TCGA-MP-A4TE-01,LUAD,LUAD,4.733124569611391e-06,3.130125492134539e-08,2.8289284728089115e-06,0.9999924302101135
TCGA:LUAD:TCGA-MP-A4TF-01,LUAD,LUAD,8.121544851746876e-06,1.9124760797240015e-07,0.0004275102401152253,0.9995641708374023
TCGA:LUAD:TCGA-MP-A4TH-01,LUAD,LUAD,3.2830273994477466e-05,1.0822824378919904e-06,1.8193264622823335e-05,0.9999479055404663
TCGA:LUAD:TCGA-MP-A4TI-01,LUAD,LUAD,0.005324297584593296,0.017534269019961357,0.1118239164352417,0.8653175234794617
TCGA:LUAD:TCGA-MP-A4TJ-01,LUAD,LUAD,0.0013172762701287866,8.548717596568167e-05,0.008505350910127163,0.990091860294342
TCGA:LUAD:TCGA-MP-A4TK-01,LUAD,LUAD,0.06733573973178864,0.0033112140372395515,0.01804354228079319,0.9113094806671143
TCGA:LUAD:TCGA-MP-A5C7-01,LUAD,LUAD,4.724676182377152e-05,1.1663496479741298e-06,4.111758698854828e-06,0.9999474883079529
TCGA:LUAD:TCGA-NJ-A4YF-01,LUAD,LUAD,3.9620263123651966e-05,1.5260821939477864e-08,2.6579093059808656e-07,0.9999601244926453
TCGA:LUAD:TCGA-NJ-A4YG-01,LUAD,LUAD,1.2852671716245823e-05,1.1898741831828374e-06,6.152658897917718e-06,0.9999797940254211
TCGA:LUAD:TCGA-NJ-A4YI-01,LUAD,LUAD,0.008076587691903114,0.00124155986122787,0.004724813625216484,0.9859570264816284
TCGA:LUAD:TCGA-NJ-A4YP-01,LUAD,LUAD,0.00566985085606575,0.002220836700871587,0.00445034634321928,0.9876589775085449
TCGA:LUAD:TCGA-NJ-A4YQ-01,LUAD,LUAD,0.017403433099389076,0.0025703555438667536,0.013404465280473232,0.9666217565536499
TCGA:LUAD:TCGA-NJ-A55A-01,LUAD,LUAD,0.010802638716995716,0.0006428950582630932,0.0014312571147456765,0.9871231913566589
TCGA:LUAD:TCGA-NJ-A55O-01,LUAD,LUAD,0.0010003735078498721,0.00033863025601021945,0.0007810068782418966,0.9978799819946289
TCGA:LUAD:TCGA-NJ-A55R-01,LUAD,LUAD,0.002898553619161248,0.0009136213921010494,0.0060426658019423485,0.9901451468467712
TCGA:LUAD:TCGA-NJ-A7XG-01,LUAD,LUAD,5.173682282588743e-08,2.471310045493169e-09,1.141005583349397e-07,0.9999998211860657
TCGA:LUAD:TCGA-O1-A52J-01,LUAD,LUAD,4.5396311179501936e-05,1.9056928977079224e-06,1.5724503100500442e-05,0.9999369978904724
TCGA:LUAD:TCGA-S2-AA1A-01,LUAD,LUAD,0.011568575166165829,0.0015874371165409684,0.010655752383172512,0.9761882424354553
TCGA:LSCC:TCGA-18-3406-01,LSCC,LSCC,1.6477055396535434e-05,2.0376659449539147e-05,0.9998684525489807,9.47080843616277e-05
TCGA:LSCC:TCGA-18-3407-01,LSCC,LSCC,0.001272521447390318,0.0021750973537564278,0.993881106376648,0.0026712582912296057
TCGA:LSCC:TCGA-18-3408-01,LSCC,LSCC,0.012991787865757942,0.002677495824173093,0.9641783833503723,0.020152322947978973
TCGA:LSCC:TCGA-18-3410-01,LSCC,LSCC,0.006378384307026863,0.008836746215820312,0.9734488725662231,0.01133597269654274
TCGA:LSCC:TCGA-18-3411-01,LSCC,LSCC,2.676985957350553e-07,8.204405048672925e-07,0.9999008774757385,9.801301348488778e-05
TCGA:LSCC:TCGA-18-3412-01,LSCC,LSCC,0.00022208273003343493,0.0007106047705747187,0.998733639717102,0.000333690841216594
TCGA:LSCC:TCGA-18-3414-01,LSCC,LSCC,0.0007805835921317339,0.000805080053396523,0.9976886510848999,0.000725657504517585
TCGA:LSCC:TCGA-18-3415-01,LSCC,LSCC,2.927893183368724e-05,0.00021591402764897794,0.9994159936904907,0.00033880810951814055
TCGA:LSCC:TCGA-18-3416-01,LSCC,LSCC,2.3145912564359605e-05,0.00020297312585171312,0.9995707273483276,0.00020312554261181504
TCGA:LSCC:TCGA-18-3417-01,LSCC,LSCC,0.004190844018012285,0.007058277260512114,0.9772117733955383,0.011539075523614883
TCGA:LSCC:TCGA-18-3419-01,LSCC,LSCC,0.0179985873401165,0.002766645047813654,0.976982057094574,0.002252718433737755
TCGA:LSCC:TCGA-18-3421-01,LSCC,LSCC,3.099764944636263e-05,7.214952347567305e-05,0.9998854398727417,1.1423365322116297e-05
TCGA:LSCC:TCGA-18-4083-01,LSCC,LSCC,0.0023225301411002874,0.005191931966692209,0.9899515509605408,0.002533970633521676
TCGA:LSCC:TCGA-18-4086-01,LSCC,LSCC,0.0007370820385403931,0.0015412498032674193,0.9966060519218445,0.0011156377149745822
TCGA:LSCC:TCGA-18-4721-01,LSCC,LSCC,2.826986565196421e-05,0.0002498054236639291,0.9996813535690308,4.0575127059128135e-05
TCGA:LSCC:TCGA-18-5592-01,LSCC,LSCC,0.00023456236522179097,0.0016684653237462044,0.9978534579277039,0.000243514878093265
TCGA:LSCC:TCGA-21-1071-01,LSCC,LSCC,0.003223591484129429,0.003428378142416477,0.9588795900344849,0.03446841984987259
TCGA:LSCC:TCGA-21-1072-01,LSCC,LSCC,0.0016429871320724487,0.004930133931338787,0.9912752509117126,0.002151602879166603
TCGA:LSCC:TCGA-21-1075-01,LSCC,LSCC,4.310270924179349e-06,6.329273219307652e-06,0.999983549118042,5.821650120196864e-06
TCGA:LSCC:TCGA-21-1076-01,LSCC,LSCC,0.0010148324072360992,0.0008467215811833739,0.996488094329834,0.0016503649530932307
TCGA:LSCC:TCGA-21-1079-01,LSCC,LSCC,0.04280254989862442,0.03370772302150726,0.9141663908958435,0.009323356673121452
TCGA:LSCC:TCGA-21-1080-01,LSCC,LSCC,1.2126343790441751e-05,2.149387228200794e-06,0.9999823570251465,3.379757572474773e-06
TCGA:LSCC:TCGA-21-1081-01,LSCC,LSCC,5.344795113160217e-07,1.0849415048141964e-05,0.9999883770942688,2.1181233478273498e-07
TCGA:LSCC:TCGA-21-1082-01,LSCC,LSCC,1.0110708899446763e-05,3.8998947275104e-05,0.999950647354126,2.4870874426596856e-07
TCGA:LSCC:TCGA-21-5782-01,LSCC,LSCC,0.0016539846546947956,0.008824891410768032,0.9883872866630554,0.001133866491727531
TCGA:LSCC:TCGA-21-5783-01,LSCC,LSCC,0.006485478021204472,0.009796073660254478,0.9806440472602844,0.0030743733514100313
TCGA:LSCC:TCGA-21-5784-01,LSCC,LSCC,0.0038520367816090584,0.018316952511668205,0.9693975448608398,0.008433442562818527
TCGA:LSCC:TCGA-21-5786-01,LSCC,LSCC,2.5150204237434082e-05,0.0009620119817554951,0.9990116953849792,1.1156643040521885e-06
TCGA:LSCC:TCGA-21-5787-01,LSCC,BRCA,0.7214270830154419,0.01599692925810814,0.17395472526550293,0.08862124383449554
TCGA:LSCC:TCGA-22-0940-01,LSCC,LSCC,1.8804934143190621e-07,1.4548193121299846e-06,0.9999842643737793,1.4077262676437385e-05
TCGA:LSCC:TCGA-22-0944-01,LSCC,LSCC,0.001315550645813346,0.006411424838006496,0.991387128829956,0.0008858762448653579
TCGA:LSCC:TCGA-22-1000-01,LSCC,LSCC,0.0012030828511342406,0.0062683927826583385,0.971214771270752,0.02131374552845955
TCGA:LSCC:TCGA-22-1002-01,LSCC,LSCC,0.00790888536721468,0.042574428021907806,0.926751434803009,0.022765228524804115
TCGA:LSCC:TCGA-22-1005-01,LSCC,LUAD,0.004504401236772537,0.0003648445417638868,0.046898674219846725,0.9482320547103882
TCGA:LSCC:TCGA-22-1011-01,LSCC,LSCC,0.0009298506774939597,0.02100573666393757,0.9767636656761169,0.0013007300440222025
TCGA:LSCC:TCGA-22-1012-01,LSCC,LSCC,2.4676608518348075e-05,0.0004221264098305255,0.9995335340499878,1.969030017789919e-05
TCGA:LSCC:TCGA-22-1016-01,LSCC,LUAD,0.03476256504654884,0.00826309621334076,0.41990670561790466,0.5370676517486572
TCGA:LSCC:TCGA-22-1017-01,LSCC,LUAD,0.002003834117203951,0.0002767876721918583,0.003994745668023825,0.9937246441841125
TCGA:LSCC:TCGA-22-4591-01,LSCC,LSCC,0.0020324827637523413,0.0009282279061153531,0.9920713901519775,0.004967874381691217
TCGA:LSCC:TCGA-22-4593-01,LSCC,LSCC,0.001506521482951939,0.003679973306134343,0.9928057193756104,0.0020078083034604788
TCGA:LSCC:TCGA-22-4594-01,LSCC,LUAD,0.00013239204417914152,7.405924861814128e-06,0.001776307006366551,0.9980838894844055
TCGA:LSCC:TCGA-22-4595-01,LSCC,HNSCC,0.04832930117845535,0.5497266054153442,0.3897917568683624,0.012152360752224922
TCGA:LSCC:TCGA-22-4596-01,LSCC,LUAD,5.746995157096535e-06,1.4044312024452665e-07,0.0007960290531627834,0.9991980791091919
TCGA:LSCC:TCGA-22-4599-01,LSCC,LSCC,1.4622925846197177e-05,8.984472515294328e-06,0.9999362230300903,4.015465674456209e-05
TCGA:LSCC:TCGA-22-4601-01,LSCC,LSCC,0.0006607678951695561,0.0020043060649186373,0.9967746138572693,0.0005603155586868525
TCGA:LSCC:TCGA-22-4604-01,LSCC,LSCC,1.4849241836145666e-08,1.8132807610982127e-07,0.9999997019767761,9.482576501795847e-08
TCGA:LSCC:TCGA-22-4605-01,LSCC,LSCC,0.0011289329268038273,0.010396338067948818,0.98703533411026,0.0014394075842574239
TCGA:LSCC:TCGA-22-4607-01,LSCC,LSCC,4.850641926168464e-05,0.00010575551277725026,0.9995440244674683,0.00030168466037139297
TCGA:LSCC:TCGA-22-4609-01,LSCC,LSCC,0.0007601008983328938,0.011283844709396362,0.9859734773635864,0.001982599264010787
TCGA:LSCC:TCGA-22-4613-01,LSCC,LSCC,0.0010520587675273418,0.0007382044568657875,0.9967958331108093,0.0014138800324872136
TCGA:LSCC:TCGA-22-5471-01,LSCC,LSCC,0.006108277477324009,0.02627021260559559,0.9623470902442932,0.005274428520351648
TCGA:LSCC:TCGA-22-5472-01,LSCC,LSCC,0.014071234501898289,0.04757453873753548,0.8820756673812866,0.05627856403589249
TCGA:LSCC:TCGA-22-5473-01,LSCC,LSCC,0.0012785684084519744,0.0029599322006106377,0.9944331645965576,0.0013283502776175737
TCGA:LSCC:TCGA-22-5474-01,LSCC,LSCC,1.0402534826425835e-05,3.9401897083735093e-05,0.9998951554298401,5.5048552894731984e-05
TCGA:LSCC:TCGA-22-5477-01,LSCC,LSCC,6.886517076054588e-05,6.847716576885432e-05,0.9998092651367188,5.3420553740579635e-05
TCGA:LSCC:TCGA-22-5478-01,LSCC,LSCC,0.0003792208153754473,8.500178410031367e-06,0.9964693784713745,0.003142921021208167
TCGA:LSCC:TCGA-22-5479-01,LSCC,LSCC,0.00015161266492214054,0.0007862837519496679,0.9989093542098999,0.00015274874749593437
TCGA:LSCC:TCGA-22-5480-01,LSCC,LSCC,0.08600609004497528,0.03794197365641594,0.8521654009819031,0.023886552080512047
TCGA:LSCC:TCGA-22-5481-01,LSCC,BRCA,0.9515057802200317,0.024962950497865677,0.020340926945209503,0.0031903127674013376
TCGA:LSCC:TCGA-22-5482-01,LSCC,LSCC,0.0024978674482554197,0.09936711192131042,0.8964026570320129,0.0017323626670986414
TCGA:LSCC:TCGA-22-5483-01,LSCC,LSCC,0.003223439445719123,0.000688689760863781,0.8219549059867859,0.17413298785686493
TCGA:LSCC:TCGA-22-5485-01,LSCC,LSCC,0.001955197425559163,0.010236771777272224,0.9814661145210266,0.006341908592730761
TCGA:LSCC:TCGA-22-5489-01,LSCC,LSCC,0.005933479405939579,0.010874352417886257,0.9733438491821289,0.009848329238593578
TCGA:LSCC:TCGA-22-5491-01,LSCC,LSCC,0.0019769342616200447,0.006255695130676031,0.9902907013893127,0.0014766872627660632
TCGA:LSCC:TCGA-22-5492-01,LSCC,LSCC,0.00040856373379938304,0.0002185433404520154,0.9987866282463074,0.0005862877587787807
TCGA:LSCC:TCGA-22-A5C4-01,LSCC,LSCC,2.7094608867628267e-06,1.1673068200934722e-07,0.9999963641166687,7.874265293139615e-07
TCGA:LSCC:TCGA-33-4532-01,LSCC,LSCC,0.00193599343765527,0.001490199938416481,0.9945036768913269,0.0020701242610812187
TCGA:LSCC:TCGA-33-4533-01,LSCC,LSCC,0.00529701542109251,4.54413338957238e-06,0.9934400320053101,0.0012584289070218801
TCGA:LSCC:TCGA-33-4538-01,LSCC,LSCC,0.0019216830842196941,0.0023803424555808306,0.9930573105812073,0.0026406932156533003
TCGA:LSCC:TCGA-33-4547-01,LSCC,LSCC,0.0006753294146619737,0.0010557203786447644,0.9972330331802368,0.0010359366424381733
TCGA:LSCC:TCGA-33-4566-01,LSCC,LSCC,0.0712229385972023,0.12321075052022934,0.6839763522148132,0.12158996611833572
TCGA:LSCC:TCGA-33-4582-01,LSCC,LSCC,0.004338370636105537,0.002644514199346304,0.9858098030090332,0.007207305636256933
TCGA:LSCC:TCGA-33-4583-01,LSCC,LSCC,1.5996141655705287e-06,0.00041656725807115436,0.9995715618133545,1.0262464456900489e-05
TCGA:LSCC:TCGA-33-4586-01,LSCC,LSCC,0.0015535247512161732,0.0032801171764731407,0.9934391379356384,0.0017272182740271091
TCGA:LSCC:TCGA-33-4587-01,LSCC,BRCA,0.878374457359314,0.007660390809178352,0.057244010269641876,0.05672111734747887
TCGA:LSCC:TCGA-33-4589-01,LSCC,LSCC,0.00012269614671822637,0.09260061383247375,0.8986369967460632,0.008639674633741379
TCGA:LSCC:TCGA-33-6738-01,LSCC,LSCC,0.0027717151679098606,0.0005325957899913192,0.9662936925888062,0.030401969328522682
TCGA:LSCC:TCGA-33-A4WN-01,LSCC,LSCC,0.0035300867166370153,0.027678320184350014,0.9658499360084534,0.0029416594188660383
TCGA:LSCC:TCGA-33-A5GW-01,LSCC,LSCC,1.314967084908858e-05,0.04739603027701378,0.9525874853134155,3.3252274533879245e-06
TCGA:LSCC:TCGA-33-AAS8-01,LSCC,LSCC,9.98658433672972e-05,0.00019545244867913425,0.9993883967399597,0.00031626172130927444
TCGA:LSCC:TCGA-33-AASB-01,LSCC,LUAD,0.004436806309968233,0.006883650552481413,0.25663989782333374,0.7320396304130554
TCGA:LSCC:TCGA-33-AASD-01,LSCC,LSCC,0.001916570239700377,0.004336393438279629,0.9904394745826721,0.003307583974674344
TCGA:LSCC:TCGA-33-AASI-01,LSCC,LSCC,0.006739677395671606,7.361648749792948e-05,0.9927682876586914,0.00041839355253614485
TCGA:LSCC:TCGA-33-AASJ-01,LSCC,LSCC,0.0001351990649709478,0.0043290588073432446,0.9954016804695129,0.00013404937635641545
TCGA:LSCC:TCGA-33-AASL-01,LSCC,LSCC,0.00013175493222661316,0.011071387678384781,0.9887367486953735,6.0080627008574083e-05
TCGA:LSCC:TCGA-34-2596-01,LSCC,LSCC,6.736733126899708e-08,7.787469803588465e-05,0.9999219179153442,1.407936167652224e-07
TCGA:LSCC:TCGA-34-2600-01,LSCC,LSCC,0.0011345271486788988,0.0009178019245155156,0.9976992607116699,0.0002484290744177997
TCGA:LSCC:TCGA-34-2608-01,LSCC,LSCC,3.1682535336585715e-05,5.070574479759671e-05,0.999549925327301,0.0003677135973703116
TCGA:LSCC:TCGA-34-5231-01,LSCC,LSCC,0.0007603071280755103,0.005076629109680653,0.9937008023262024,0.000462263822555542
TCGA:LSCC:TCGA-34-5232-01,LSCC,LSCC,1.3346136995551205e-07,0.0002134697715518996,0.9997859001159668,4.690505477356055e-07
TCGA:LSCC:TCGA-34-5234-01,LSCC,LUAD,0.00015601822815369815,0.00025660076062195003,0.20391559600830078,0.7956717610359192
TCGA:LSCC:TCGA-34-5236-01,LSCC,LSCC,2.1022651708335616e-06,1.6938460248638876e-05,0.9999787211418152,2.2229305614018813e-06
TCGA:LSCC:TCGA-34-5239-01,LSCC,LSCC,3.422353074711282e-06,0.00017052245675586164,0.9998095035552979,1.6550664440728724e-05
TCGA:LSCC:TCGA-34-5240-01,LSCC,LSCC,0.005074743181467056,0.019693395122885704,0.9651874899864197,0.010044355876743793
TCGA:LSCC:TCGA-34-5241-01,LSCC,LSCC,1.1993121916020755e-05,7.852009002817795e-05,0.9998788833618164,3.059487426071428e-05
TCGA:LSCC:TCGA-34-5927-01,LSCC,LSCC,0.024573631584644318,0.03506794571876526,0.9075632691383362,0.03279518336057663
TCGA:LSCC:TCGA-34-5928-01,LSCC,LSCC,1.3008691894356161e-05,4.198753700279667e-08,0.9999861717224121,7.508287467317132e-07
TCGA:LSCC:TCGA-34-5929-01,LSCC,LSCC,0.004283919930458069,0.029314257204532623,0.9616701602935791,0.004731678403913975
TCGA:LSCC:TCGA-34-7107-01,LSCC,LSCC,0.004108729772269726,0.029533131048083305,0.9615201354026794,0.004837992135435343
TCGA:LSCC:TCGA-34-8454-01,LSCC,LSCC,0.0025187130086123943,0.011864706873893738,0.983104944229126,0.00251164217479527
TCGA:LSCC:TCGA-34-8455-01,LSCC,LSCC,0.004030757583677769,0.20362648367881775,0.7884492874145508,0.00389348273165524
TCGA:LSCC:TCGA-34-8456-01,LSCC,LSCC,3.9359875358968566e-08,5.021646529712598e-07,0.9999992847442627,1.6356833043573715e-07
TCGA:LSCC:TCGA-34-A5IX-01,LSCC,BRCA,0.4934837520122528,0.04281104728579521,0.45537880063056946,0.008326399140059948
TCGA:LSCC:TCGA-37-3783-01,LSCC,LSCC,0.0005300446064211428,0.0030397633090615273,0.9812744855880737,0.015155728906393051
TCGA:LSCC:TCGA-37-3789-01,LSCC,LSCC,0.00025789227220229805,0.002665529726073146,0.9966051578521729,0.00047139308298937976
TCGA:LSCC:TCGA-37-3792-01,LSCC,LUAD,0.011717111803591251,0.014997730031609535,0.18065181374549866,0.7926333546638489
TCGA:LSCC:TCGA-37-4129-01,LSCC,BRCA,0.9907115697860718,0.0004365130444057286,0.0033713276498019695,0.005480583291500807
TCGA:LSCC:TCGA-37-4130-01,LSCC,LUAD,0.11680613458156586,0.016082627698779106,0.04473632574081421,0.8223748803138733
TCGA:LSCC:TCGA-37-4132-01,LSCC,LSCC,0.024274058640003204,0.006747260689735413,0.7157863974571228,0.253192275762558
TCGA:LSCC:TCGA-37-4133-01,LSCC,LSCC,3.946118522435427e-05,9.106459037866443e-05,0.9995999336242676,0.00026953741325996816
TCGA:LSCC:TCGA-37-4135-01,LSCC,LSCC,0.0005192868993617594,1.2226117178215645e-05,0.9665939211845398,0.03287458047270775
TCGA:LSCC:TCGA-37-4141-01,LSCC,LSCC,0.1134227067232132,0.024736396968364716,0.5658289790153503,0.29601195454597473
TCGA:LSCC:TCGA-37-5819-01,LSCC,LSCC,0.0004489697457756847,4.426609393703984e-06,0.9613885879516602,0.03815804421901703
TCGA:LSCC:TCGA-37-A5EL-01,LSCC,LSCC,0.0005676137516275048,0.003067406127229333,0.9941297173500061,0.0022352859377861023
TCGA:LSCC:TCGA-37-A5EN-01,LSCC,LSCC,0.00021149971871636808,0.00034237405634485185,0.9992687702178955,0.00017738381575327367
TCGA:LSCC:TCGA-39-5011-01,LSCC,LUAD,1.3975306956126587e-06,1.3055918657300936e-07,0.00021453600493259728,0.9997839331626892
TCGA:LSCC:TCGA-39-5016-01,LSCC,LSCC,0.002030725823715329,0.0014627621276304126,0.9923001527786255,0.004206330515444279
TCGA:LSCC:TCGA-39-5019-01,LSCC,LSCC,0.001149914227426052,0.0019744103774428368,0.9958581924438477,0.0010174657218158245
TCGA:LSCC:TCGA-39-5021-01,LSCC,LSCC,2.394078364886809e-05,2.388099892414175e-05,0.9995174407958984,0.00043474111589603126
TCGA:LSCC:TCGA-39-5022-01,LSCC,LSCC,0.0014538286486640573,0.0011497284285724163,0.9899331331253052,0.007463323883712292
TCGA:LSCC:TCGA-39-5024-01,LSCC,LSCC,0.0014348290860652924,0.24516651034355164,0.7523528933525085,0.0010457491734996438
TCGA:LSCC:TCGA-39-5027-01,LSCC,LSCC,9.925515769282356e-06,2.4670669517945498e-05,0.9999550580978394,1.035318746289704e-05
TCGA:LSCC:TCGA-39-5028-01,LSCC,LSCC,0.03861260414123535,0.0760527178645134,0.7650855779647827,0.12024911493062973
TCGA:LSCC:TCGA-39-5029-01,LSCC,LSCC,3.607810867833905e-07,2.5423830720683327e-06,0.9999964237213135,6.921865178810549e-07
TCGA:LSCC:TCGA-39-5030-01,LSCC,LSCC,0.0032760980539023876,0.007970089092850685,0.9810090065002441,0.007744782604277134
TCGA:LSCC:TCGA-39-5031-01,LSCC,LSCC,1.5807312593096867e-05,0.005675419233739376,0.9942969679832458,1.1816595360869542e-05
TCGA:LSCC:TCGA-39-5034-01,LSCC,LUAD,0.034158360213041306,0.0038634908851236105,0.035118091851472855,0.9268600344657898
TCGA:LSCC:TCGA-39-5035-01,LSCC,LSCC,0.0012692821910604835,0.0005152396042831242,0.9970372319221497,0.001178219448775053
TCGA:LSCC:TCGA-39-5036-01,LSCC,LSCC,4.640124018351344e-08,4.820155481866095e-06,0.9999944567680359,6.582322953363473e-07
TCGA:LSCC:TCGA-39-5037-01,LSCC,LSCC,0.0017223983304575086,0.004758368246257305,0.9921482801437378,0.0013709826162084937
TCGA:LSCC:TCGA-39-5039-01,LSCC,LSCC,0.000734845467377454,0.0018233942100778222,0.972066342830658,0.025375405326485634
TCGA:LSCC:TCGA-39-5040-01,LSCC,BRCA,0.8644170165061951,0.006333441007882357,0.060288529843091965,0.0689609944820404
TCGA:LSCC:TCGA-43-2576-01,LSCC,LUAD,0.38845935463905334,0.012491369619965553,0.03429347276687622,0.5647557973861694
TCGA:LSCC:TCGA-43-2578-01,LSCC,LSCC,0.04422199726104736,0.017484338954091072,0.8992635607719421,0.03903009742498398
TCGA:LSCC:TCGA-43-2581-01,LSCC,LUAD,6.388545898516895e-06,5.783941560366657e-06,8.829183934722096e-05,0.9998995065689087
TCGA:LSCC:TCGA-43-3394-01,LSCC,LSCC,0.0011540246196091175,0.002199997426941991,0.9949745535850525,0.001671423320658505
TCGA:LSCC:TCGA-43-3920-01,LSCC,LSCC,0.010569441132247448,0.0031127429101616144,0.974335253238678,0.011982535943388939
TCGA:LSCC:TCGA-43-5668-01,LSCC,LUAD,0.21618320047855377,0.009333225898444653,0.019190091639757156,0.7552934885025024
TCGA:LSCC:TCGA-43-5670-01,LSCC,LSCC,0.0010069016134366393,0.0015605101361870766,0.9971702098846436,0.0002623940526973456
TCGA:LSCC:TCGA-43-6143-01,LSCC,LSCC,0.000469158316263929,0.0006379224359989166,0.9968844056129456,0.0020085377618670464
TCGA:LSCC:TCGA-43-6647-01,LSCC,LSCC,0.000126499988255091,0.0005131103098392487,0.9988456964492798,0.0005146853509359062
TCGA:LSCC:TCGA-43-6770-01,LSCC,LSCC,0.0001542008831165731,0.00044247694313526154,0.9992919564247131,0.0001113951439037919
TCGA:LSCC:TCGA-43-6771-01,LSCC,HNSCC,0.0009003575542010367,0.9965702891349792,0.0019117766059935093,0.0006175940507091582
TCGA:LSCC:TCGA-43-6773-01,LSCC,LSCC,0.013854661956429482,0.012163176201283932,0.948321521282196,0.025660626590251923
TCGA:LSCC:TCGA-43-7656-01,LSCC,LSCC,0.021080154925584793,0.0003046509518753737,0.9770984053611755,0.0015167932724580169
TCGA:LSCC:TCGA-43-7657-01,LSCC,LSCC,0.0020576384849846363,0.0020247693173587322,0.993955671787262,0.0019619478844106197
TCGA:LSCC:TCGA-43-7658-01,LSCC,BRCA,0.7013296484947205,0.0280667282640934,0.1569845974445343,0.11361902207136154
TCGA:LSCC:TCGA-43-8115-01,LSCC,LSCC,0.0011379970237612724,0.0015993680572137237,0.9881138801574707,0.00914877187460661
TCGA:LSCC:TCGA-43-8116-01,LSCC,LSCC,0.0018892786465585232,0.0037441053427755833,0.9916614890098572,0.0027051542419940233
TCGA:LSCC:TCGA-43-8118-01,LSCC,LSCC,0.0008326749666593969,0.3318737745285034,0.6651255488395691,0.002168005332350731
TCGA:LSCC:TCGA-43-A474-01,LSCC,LSCC,0.0015837321989238262,0.009810734540224075,0.9873073697090149,0.0012981509789824486
TCGA:LSCC:TCGA-43-A475-01,LSCC,LSCC,0.0009141155169345438,0.13021495938301086,0.8681759834289551,0.0006949219387024641
TCGA:LSCC:TCGA-43-A56U-01,LSCC,LSCC,7.697922796978673e-07,1.8858333987736842e-06,0.9999401569366455,5.720665285480209e-05
TCGA:LSCC:TCGA-43-A56V-01,LSCC,LSCC,0.0009160463232547045,0.0013169209705665708,0.9892777800559998,0.008489231579005718
TCGA:LSCC:TCGA-46-3765-01,LSCC,LSCC,0.0010953013552352786,0.0022447900846600533,0.9928179383277893,0.0038419822230935097
TCGA:LSCC:TCGA-46-3766-01,LSCC,LSCC,0.013741609640419483,0.004421749617904425,0.6304933428764343,0.3513433039188385
TCGA:LSCC:TCGA-46-3767-01,LSCC,LSCC,0.0052105458453297615,0.000997412484139204,0.9903907179832458,0.003401316236704588
TCGA:LSCC:TCGA-46-3768-01,LSCC,LSCC,0.00022290275956038386,0.00048723851796239614,0.9990898370742798,0.000200024907826446
TCGA:LSCC:TCGA-46-3769-01,LSCC,LUAD,0.0013239268446341157,9.858330486167688e-06,0.015526343137025833,0.9831398725509644
TCGA:LSCC:TCGA-46-6025-01,LSCC,LSCC,0.0001673655933700502,0.019355453550815582,0.9802542328834534,0.00022295673261396587
TCGA:LSCC:TCGA-46-6026-01,LSCC,LSCC,0.00524798734113574,0.34870731830596924,0.6439161896705627,0.0021285039838403463
TCGA:LSCC:TCGA-51-4079-01,LSCC,LSCC,1.6906544431094517e-07,4.602071840054123e-06,0.9999950528144836,1.5750380555346055e-07
TCGA:LSCC:TCGA-51-4080-01,LSCC,LSCC,0.0002645520435180515,0.0002663989143911749,0.9993416666984558,0.00012740340025629848
TCGA:LSCC:TCGA-51-4081-01,LSCC,LSCC,3.6006986192660406e-07,1.887938196887262e-05,0.9999805092811584,2.2588282888591493e-07
TCGA:LSCC:TCGA-52-7622-01,LSCC,LSCC,6.500450399471447e-05,0.0003175496240146458,0.9973287582397461,0.0022886800579726696
TCGA:LSCC:TCGA-52-7809-01,LSCC,LSCC,2.732173243202851e-06,7.450282737408997e-07,0.9999839663505554,1.2583978787006345e-05
TCGA:LSCC:TCGA-52-7810-01,LSCC,LSCC,3.6327624002296943e-06,1.4146053217700683e-05,0.9999821782112122,6.930551421646669e-08
TCGA:LSCC:TCGA-52-7811-01,LSCC,LSCC,0.0002928907051682472,0.032149747014045715,0.9662810564041138,0.0012763208942487836
TCGA:LSCC:TCGA-52-7812-01,LSCC,LUAD,0.010661273263394833,0.006282647140324116,0.029931699857115746,0.9531244039535522
TCGA:LSCC:TCGA-56-1622-01,LSCC,LSCC,0.01344011165201664,0.010647490620613098,0.9421249032020569,0.03378749638795853
TCGA:LSCC:TCGA-56-5897-01,LSCC,LSCC,0.00023772151325829327,0.001150439609773457,0.9981939196586609,0.000417928647948429
TCGA:LSCC:TCGA-56-5898-01,LSCC,LSCC,1.892914980317073e-07,1.6943629361776402e-06,0.9999958872795105,2.2292133508017287e-06
TCGA:LSCC:TCGA-56-6545-01,LSCC,LSCC,0.00041146602598018944,0.002954893046990037,0.995968759059906,0.0006648823618888855
TCGA:LSCC:TCGA-56-6546-01,LSCC,LSCC,0.05399457365274429,0.003962652757763863,0.9217790365219116,0.020263714715838432
TCGA:LSCC:TCGA-56-7221-01,LSCC,LSCC,0.0012938181171193719,0.002076383912935853,0.99588543176651,0.0007443802896887064
TCGA:LSCC:TCGA-56-7222-01,LSCC,LSCC,5.11705093231285e-06,8.086508387350477e-06,0.9999030828475952,8.372345473617315e-05
TCGA:LSCC:TCGA-56-7223-01,LSCC,LSCC,0.0017199029680341482,0.0005670688697136939,0.9101821184158325,0.08753093332052231
TCGA:LSCC:TCGA-56-7579-01,LSCC,LSCC,0.0017290349351242185,0.03424077853560448,0.9558990597724915,0.008131125941872597
TCGA:LSCC:TCGA-56-7580-01,LSCC,LSCC,8.507644452038221e-06,7.504194945795462e-05,0.9999021291732788,1.4325923075375613e-05
TCGA:LSCC:TCGA-56-7582-01,LSCC,LSCC,2.0438221781660104e-07,2.471583115948306e-07,0.9999995231628418,3.226942268952371e-08
TCGA:LSCC:TCGA-56-7730-01,LSCC,LSCC,2.667781018317328e-07,6.07957963438821e-06,0.9999932050704956,4.6030768885430007e-07
TCGA:LSCC:TCGA-56-7731-01,LSCC,LSCC,0.0026691921520978212,0.005569709464907646,0.9878859519958496,0.0038751496467739344
TCGA:LSCC:TCGA-56-7822-01,LSCC,LSCC,2.253508682770189e-06,0.0005021257675252855,0.9994536638259888,4.197844828013331e-05
TCGA:LSCC:TCGA-56-7823-01,LSCC,LSCC,0.004292368423193693,0.011708670295774937,0.9807882905006409,0.003210681490600109
TCGA:LSCC:TCGA-56-8082-01,LSCC,LSCC,0.0005748370313085616,0.0066027408465743065,0.9925793409347534,0.0002430564782116562
TCGA:LSCC:TCGA-56-8083-01,LSCC,LSCC,0.09023624658584595,0.062237124890089035,0.623989999294281,0.2235366255044937
TCGA:LSCC:TCGA-56-8201-01,LSCC,HNSCC,2.894563840527553e-05,0.5596562027931213,0.44024208188056946,7.27448204997927e-05
TCGA:LSCC:TCGA-56-8304-01,LSCC,LSCC,2.518074495583278e-07,0.025710830464959145,0.9742884635925293,4.4711651980833267e-07
TCGA:LSCC:TCGA-56-8305-01,LSCC,LSCC,0.0016684051370248199,0.030832169577479362,0.9650469422340393,0.0024525111075490713
TCGA:LSCC:TCGA-56-8307-01,LSCC,HNSCC,0.021577216684818268,0.6539782285690308,0.32305780053138733,0.001386753050610423
TCGA:LSCC:TCGA-56-8308-01,LSCC,LSCC,9.609729750081897e-05,0.0017536829691380262,0.9980506300926208,9.960679744835943e-05
TCGA:LSCC:TCGA-56-8309-01,LSCC,LSCC,0.01789013296365738,0.019070545211434364,0.8915467858314514,0.07149253040552139
TCGA:LSCC:TCGA-56-8503-01,LSCC,LSCC,1.8249128430625206e-08,4.87656393488578e-07,0.9999994039535522,7.853986261352475e-08
TCGA:LSCC:TCGA-56-8504-01,LSCC,LSCC,0.00012687031994573772,0.005659820046275854,0.9935624599456787,0.0006508284714072943
TCGA:LSCC:TCGA-56-8622-01,LSCC,LSCC,0.0026597552932798862,0.018257910385727882,0.9734475612640381,0.005634771194308996
TCGA:LSCC:TCGA-56-8623-01,LSCC,LUAD,1.63164813216099e-07,3.1825337032387324e-07,1.7315993318334222e-05,0.9999821782112122
TCGA:LSCC:TCGA-56-8624-01,LSCC,LSCC,0.00047030465793795884,0.0001359674206469208,0.9993435740470886,5.0143491534981877e-05
TCGA:LSCC:TCGA-56-8625-01,LSCC,LSCC,8.792582661953929e-07,5.545419980990118e-07,0.9999978542327881,6.961581675568596e-07
TCGA:LSCC:TCGA-56-8626-01,LSCC,LSCC,0.0002479790709912777,0.0020559593103826046,0.9974937438964844,0.00020232750102877617
TCGA:LSCC:TCGA-56-8628-01,LSCC,LSCC,0.003110471647232771,0.004883829038590193,0.9514912962913513,0.040514420717954636
TCGA:LSCC:TCGA-56-8629-01,LSCC,LSCC,0.0028628057334572077,0.00876007042825222,0.9812867045402527,0.007090392056852579
TCGA:LSCC:TCGA-56-A49D-01,LSCC,LSCC,0.005068796221166849,0.040637291967868805,0.9430996179580688,0.01119432132691145
TCGA:LSCC:TCGA-56-A4BW-01,LSCC,HNSCC,0.0004648734466172755,0.9210303425788879,0.07827487587928772,0.00022993097081780434
TCGA:LSCC:TCGA-56-A4BX-01,LSCC,LSCC,3.687980552058434e-06,0.00014143824228085577,0.9998452067375183,9.670393410488032e-06
TCGA:LSCC:TCGA-56-A4BY-01,LSCC,HNSCC,0.0041053141467273235,0.5956861972808838,0.395004540681839,0.005203954875469208
TCGA:LSCC:TCGA-56-A4ZJ-01,LSCC,LSCC,9.872070222627372e-05,0.0012868556659668684,0.9977012872695923,0.000913115858566016
TCGA:LSCC:TCGA-56-A4ZK-01,LSCC,LSCC,0.00035549074527807534,0.0035854766611009836,0.9956860542297363,0.000372974929632619
TCGA:LSCC:TCGA-56-A5DR-01,LSCC,LSCC,0.0022330842912197113,0.004631169606000185,0.9902893900871277,0.0028463394846767187
TCGA:LSCC:TCGA-56-A5DS-01,LSCC,LSCC,2.9786775485263206e-05,0.0009257020428776741,0.9987354278564453,0.0003090913814958185
TCGA:LSCC:TCGA-56-A62T-01,LSCC,LSCC,0.015176025219261646,0.10539373010396957,0.8511149287223816,0.028315316885709763
TCGA:LSCC:TCGA-58-8386-01,LSCC,LSCC,0.004743924830108881,0.1881754845380783,0.7950669527053833,0.01201365515589714
TCGA:LSCC:TCGA-58-8387-01,LSCC,LSCC,0.0028387727215886116,0.006639545783400536,0.987594723701477,0.0029269387014210224
TCGA:LSCC:TCGA-58-8388-01,LSCC,LSCC,0.024410773068666458,0.007689819671213627,0.9439943432807922,0.023905066773295403
TCGA:LSCC:TCGA-58-8390-01,LSCC,LSCC,0.0007450814009644091,0.0013062262441962957,0.9975667595863342,0.00038194062653928995
TCGA:LSCC:TCGA-58-8391-01,LSCC,HNSCC,0.004732940811663866,0.7106384634971619,0.2800278961658478,0.004600681364536285
TCGA:LSCC:TCGA-58-8392-01,LSCC,LSCC,0.0009225357207469642,0.0032409573905169964,0.9949572682380676,0.0008792130392976105
TCGA:LSCC:TCGA-58-8393-01,LSCC,LSCC,0.007385401055216789,0.16475945711135864,0.820949375629425,0.006905787158757448
TCGA:LSCC:TCGA-58-A46J-01,LSCC,HNSCC,0.0022843568585813046,0.631458580493927,0.3637453019618988,0.0025117765180766582
TCGA:LSCC:TCGA-58-A46K-01,LSCC,LSCC,0.0008326933602802455,0.0012264309916645288,0.9960260391235352,0.0019148073624819517
TCGA:LSCC:TCGA-58-A46L-01,LSCC,LSCC,6.253274591472291e-07,1.4372310488397488e-06,0.9999974966049194,4.4684324507215933e-07
TCGA:LSCC:TCGA-58-A46M-01,LSCC,LSCC,0.000137809562147595,0.0003036077250726521,0.9993289709091187,0.00022958368936087936
TCGA:LSCC:TCGA-58-A46N-01,LSCC,LSCC,0.00015638655168004334,0.0011743236100301147,0.9985399842262268,0.00012933272228110582
TCGA:LSCC:TCGA-60-2695-01,LSCC,BRCA,0.6324030756950378,0.01495105680078268,0.2534855306148529,0.09916031360626221
TCGA:LSCC:TCGA-60-2697-01,LSCC,LUAD,0.0014681544853374362,0.0002722746576182544,0.06188291311264038,0.9363766312599182
TCGA:LSCC:TCGA-60-2698-01,LSCC,LSCC,1.1476835197754554e-06,5.2619125199271366e-05,0.9999109506607056,3.525433567119762e-05
TCGA:LSCC:TCGA-60-2703-01,LSCC,LSCC,6.003278394928202e-05,5.211559710005531e-06,0.99864661693573,0.00128814741037786
TCGA:LSCC:TCGA-60-2704-01,LSCC,LSCC,0.004272447433322668,0.0043408931232988834,0.9692500829696655,0.022136596962809563
TCGA:LSCC:TCGA-60-2706-01,LSCC,LUAD,0.015437898226082325,0.003374020801857114,0.18470624089241028,0.7964818477630615
TCGA:LSCC:TCGA-60-2707-01,LSCC,LSCC,0.00011806337715825066,0.008199574425816536,0.9884709119796753,0.0032114286441355944
TCGA:LSCC:TCGA-60-2708-01,LSCC,LSCC,0.0034068189561367035,0.009766720235347748,0.9847972393035889,0.0020292047411203384
TCGA:LSCC:TCGA-60-2709-01,LSCC,LSCC,4.633769989936809e-08,4.665022004246566e-07,0.9999994039535522,9.341286499875423e-08
TCGA:LSCC:TCGA-60-2710-01,LSCC,LSCC,0.00018354311760049313,0.0061049684882164,0.9935781359672546,0.000133348599774763
TCGA:LSCC:TCGA-60-2711-01,LSCC,LSCC,0.00030055083334445953,0.0005316378665156662,0.998944103717804,0.00022368613281287253
TCGA:LSCC:TCGA-60-2713-01,LSCC,LSCC,0.0007265176973305643,0.0014063833514228463,0.997695803642273,0.00017130962805822492
TCGA:LSCC:TCGA-60-2714-01,LSCC,LUAD,0.0072475760243833065,0.004285540897399187,0.13831228017807007,0.8501545786857605
TCGA:LSCC:TCGA-60-2716-01,LSCC,HNSCC,0.015513377264142036,0.7494980692863464,0.22837017476558685,0.006618370767682791
TCGA:LSCC:TCGA-60-2719-01,LSCC,LSCC,0.0014509649481624365,0.007062218151986599,0.9885834455490112,0.0029033757746219635
TCGA:LSCC:TCGA-60-2720-01,LSCC,LSCC,0.01641298644244671,0.026557184755802155,0.936226487159729,0.020803319290280342
TCGA:LSCC:TCGA-60-2721-01,LSCC,LSCC,0.0021124123595654964,0.008717300370335579,0.9877412915229797,0.0014290011022239923
TCGA:LSCC:TCGA-60-2722-01,LSCC,LSCC,0.00011104915029136464,0.0022473230492323637,0.9975574016571045,8.423552208114415e-05
TCGA:LSCC:TCGA-60-2723-01,LSCC,LSCC,1.0014148756454233e-05,0.00015626048843842,0.9998152852058411,1.8422302673570812e-05
TCGA:LSCC:TCGA-60-2724-01,LSCC,LSCC,0.00045944328303448856,0.02333291620016098,0.9752626419067383,0.0009450046927668154
TCGA:LSCC:TCGA-60-2725-01,LSCC,LSCC,0.00013876124285161495,0.0007005641236901283,0.9985760450363159,0.0005846187123097479
TCGA:LSCC:TCGA-60-2726-01,LSCC,LSCC,8.237478323280811e-05,2.3853834136389196e-05,0.9998860955238342,7.699542038608342e-06
TCGA:LSCC:TCGA-63-5128-01,LSCC,LSCC,0.00030369855812750757,0.0006856944528408349,0.998884916305542,0.0001256940304301679
TCGA:LSCC:TCGA-63-5131-01,LSCC,LSCC,1.2199194316053763e-05,5.571675501414575e-05,0.999876081943512,5.599977157544345e-05
TCGA:LSCC:TCGA-63-6202-01,LSCC,LUAD,0.017225859686732292,0.0023601993452757597,0.011320458725094795,0.9690935015678406
TCGA:LSCC:TCGA-63-7020-01,LSCC,LSCC,3.3936876775442215e-07,0.000736613292247057,0.9992409944534302,2.20489837374771e-05
TCGA:LSCC:TCGA-63-7021-01,LSCC,LSCC,9.6543924883008e-05,0.007385650184005499,0.9924349188804626,8.288065873784944e-05
TCGA:LSCC:TCGA-63-7022-01,LSCC,LSCC,2.9052978334220825e-06,0.0248103104531765,0.9751671552658081,1.963753493328113e-05
TCGA:LSCC:TCGA-63-7023-01,LSCC,LSCC,0.0006407874170690775,2.7377347578294575e-05,0.9993067383766174,2.512311220925767e-05
TCGA:LSCC:TCGA-63-A5M9-01,LSCC,LSCC,9.473172468688063e-08,9.973138048735564e-08,0.9999988079071045,1.0156583130083163e-06
TCGA:LSCC:TCGA-63-A5MB-01,LSCC,LSCC,7.324097532546148e-05,0.00016887672245502472,0.9996933341026306,6.456702976720408e-05
TCGA:LSCC:TCGA-63-A5MG-01,LSCC,LSCC,2.5152530724881217e-07,9.512070391792804e-05,0.9998917579650879,1.2884646821476053e-05
TCGA:LSCC:TCGA-63-A5MH-01,LSCC,LSCC,0.02550656348466873,0.16270676255226135,0.7856634259223938,0.02612323686480522
TCGA:LSCC:TCGA-63-A5MI-01,LSCC,LSCC,6.08560384307566e-08,1.315772533416748e-05,0.9999867081642151,5.1319332783350546e-08
TCGA:LSCC:TCGA-63-A5MJ-01,LSCC,LSCC,0.0001309453509747982,0.0009153335122391582,0.9987927675247192,0.00016094940656330436
TCGA:LSCC:TCGA-63-A5ML-01,LSCC,LSCC,0.005116479471325874,0.036118023097515106,0.9531923532485962,0.005573138128966093
TCGA:LSCC:TCGA-63-A5MM-01,LSCC,LSCC,0.0818912535905838,0.40510591864585876,0.4427691698074341,0.07023365050554276
TCGA:LSCC:TCGA-63-A5MN-01,LSCC,LUAD,0.012974104844033718,0.005686456803232431,0.11650742590427399,0.8648319840431213
TCGA:LSCC:TCGA-63-A5MP-01,LSCC,LSCC,1.2173914853974566e-07,8.311013743877993e-08,0.999999463558197,3.2921130355134665e-07
TCGA:LSCC:TCGA-63-A5MR-01,LSCC,HNSCC,1.4213283350272832e-07,0.9986898899078369,0.0013087227707728744,1.255918618880969e-06
TCGA:LSCC:TCGA-63-A5MS-01,LSCC,LSCC,2.4978339752124157e-06,0.014020022936165333,0.9859365820884705,4.0895796701079234e-05
TCGA:LSCC:TCGA-63-A5MT-01,LSCC,LSCC,0.00881421472877264,0.02440284751355648,0.9478350281715393,0.01894788257777691
TCGA:LSCC:TCGA-63-A5MU-01,LSCC,LSCC,0.002950092079117894,0.018081938847899437,0.9760026335716248,0.0029653224628418684
TCGA:LSCC:TCGA-63-A5MV-01,LSCC,LSCC,0.007837122306227684,0.122695691883564,0.8572315573692322,0.012235610745847225
TCGA:LSCC:TCGA-63-A5MW-01,LSCC,LSCC,0.03680998831987381,0.002431736094877124,0.9590321779251099,0.0017261026659980416
TCGA:LSCC:TCGA-63-A5MY-01,LSCC,LSCC,0.001162610249593854,0.0024154677521437407,0.9958341121673584,0.0005877971998415887
TCGA:LSCC:TCGA-66-2727-01,LSCC,LSCC,0.0015804857248440385,0.001754726399667561,0.9954463839530945,0.001218392513692379
TCGA:LSCC:TCGA-66-2734-01,LSCC,LSCC,1.4861645247776778e-09,9.2928615913479e-09,0.9999977946281433,2.167745606129756e-06
TCGA:LSCC:TCGA-66-2737-01,LSCC,LSCC,2.831370915501452e-09,1.2183383191199937e-09,1.0,1.4127477854231074e-08
TCGA:LSCC:TCGA-66-2742-01,LSCC,LSCC,0.00011788111442001536,0.0002530570200178772,0.9981778264045715,0.0014512562192976475
TCGA:LSCC:TCGA-66-2744-01,LSCC,LSCC,0.005266666412353516,0.0022690314799547195,0.9895464181900024,0.002917875535786152
TCGA:LSCC:TCGA-66-2753-01,LSCC,LSCC,0.0004756820562761277,9.008334745885804e-05,0.9986391067504883,0.0007951416773721576
TCGA:LSCC:TCGA-66-2754-01,LSCC,LSCC,0.07907930016517639,0.013541827909648418,0.5718356966972351,0.3355431854724884
TCGA:LSCC:TCGA-66-2755-01,LSCC,LSCC,0.0021640402264893055,0.0018394693033769727,0.9915217757225037,0.004474701825529337
TCGA:LSCC:TCGA-66-2756-01,LSCC,LUAD,0.002040340332314372,7.810196984792128e-05,0.023102955892682076,0.9747785925865173
TCGA:LSCC:TCGA-66-2757-01,LSCC,LSCC,0.05385265871882439,0.0003011362277902663,0.9420773386955261,0.0037688403390347958
TCGA:LSCC:TCGA-66-2758-01,LSCC,LSCC,8.729800356377382e-06,1.945137046277523e-05,0.9999076724052429,6.414965901058167e-05
TCGA:LSCC:TCGA-66-2759-01,LSCC,LSCC,1.8393109257885953e-08,6.176802571644657e-07,0.9999992847442627,5.7988142287968e-08
TCGA:LSCC:TCGA-66-2763-01,LSCC,LSCC,0.000284402136458084,0.00036467373138293624,0.9992462992668152,0.00010462718637427315
TCGA:LSCC:TCGA-66-2765-01,LSCC,LSCC,0.004954131785780191,0.1042398139834404,0.8866450190544128,0.0041610621847212315
TCGA:LSCC:TCGA-66-2766-01,LSCC,LSCC,1.6037969317039824e-06,1.1896100659214426e-05,0.9999849200248718,1.568690208841872e-06
TCGA:LSCC:TCGA-66-2767-01,LSCC,LSCC,0.0012991459807381034,0.001734500052407384,0.9930460453033447,0.003920313902199268
TCGA:LSCC:TCGA-66-2768-01,LSCC,LSCC,0.00018675335741136223,0.0026558912359178066,0.9970609545707703,9.639460040489212e-05
TCGA:LSCC:TCGA-66-2769-01,LSCC,LSCC,0.0007870342815294862,0.00020131166093051434,0.9985135197639465,0.0004981373785994947
TCGA:LSCC:TCGA-66-2770-01,LSCC,LSCC,6.6848770075012e-05,0.00038671604124829173,0.9994750618934631,7.138851651689038e-05
TCGA:LSCC:TCGA-66-2771-01,LSCC,LSCC,1.9222741684643552e-05,3.2409647246822715e-05,0.9992554783821106,0.0006928747752681375
TCGA:LSCC:TCGA-66-2773-01,LSCC,LSCC,0.00010529840074013919,0.001937604509294033,0.9973590970039368,0.0005979754496365786
TCGA:LSCC:TCGA-66-2777-01,LSCC,LSCC,0.002316777827218175,0.0036966430488973856,0.9914352297782898,0.0025513209402561188
TCGA:LSCC:TCGA-66-2778-01,LSCC,LSCC,0.01273043267428875,0.020652446895837784,0.9447647333145142,0.021852409467101097
TCGA:LSCC:TCGA-66-2780-01,LSCC,LSCC,0.0024542275350540876,0.006343677639961243,0.9874359369277954,0.0037661700043827295
TCGA:LSCC:TCGA-66-2781-01,LSCC,LSCC,0.0014041541144251823,0.002579580992460251,0.9909060001373291,0.005110255908221006
TCGA:LSCC:TCGA-66-2782-01,LSCC,LSCC,1.832699308579322e-05,6.190616841195151e-05,0.9981276988983154,0.001792076276615262
TCGA:LSCC:TCGA-66-2783-01,LSCC,LSCC,0.0018247106345370412,0.011902586556971073,0.9850769639015198,0.0011957474052906036
TCGA:LSCC:TCGA-66-2785-01,LSCC,LSCC,0.0012059450382366776,7.829403330106288e-05,0.9328944683074951,0.06582127511501312
TCGA:LSCC:TCGA-66-2786-01,LSCC,LSCC,0.0005964518641121686,0.0005973236402496696,0.9976052641868591,0.0012009668862447143
TCGA:LSCC:TCGA-66-2787-01,LSCC,LSCC,3.136935617931158e-07,5.9302479371581285e-08,0.9999992847442627,3.463774760348315e-07
TCGA:LSCC:TCGA-66-2788-01,LSCC,LSCC,2.304833469679579e-05,0.00015129563689697534,0.9996462464332581,0.00017939505050890148
TCGA:LSCC:TCGA-66-2789-01,LSCC,LSCC,0.004319093190133572,0.0008418613579124212,0.9912313222885132,0.003607704071328044
TCGA:LSCC:TCGA-66-2790-01,LSCC,LSCC,0.0003435680118855089,0.00023815303575247526,0.9988897442817688,0.0005285089137032628
TCGA:LSCC:TCGA-66-2791-01,LSCC,LSCC,0.0006711379392072558,0.0007921054493635893,0.9967305660247803,0.0018062074668705463
TCGA:LSCC:TCGA-66-2792-01,LSCC,LSCC,0.0018800327088683844,0.0031846624333411455,0.9928308129310608,0.0021044714376330376
TCGA:LSCC:TCGA-66-2793-01,LSCC,LSCC,0.05409708619117737,0.00935112964361906,0.9205849766731262,0.015966780483722687
TCGA:LSCC:TCGA-66-2794-01,LSCC,LSCC,1.494255343459372e-06,9.178774575957505e-07,0.9999966025352478,9.59943349698733e-07
TCGA:LSCC:TCGA-66-2795-01,LSCC,LSCC,0.0001938961067935452,0.00015762733528390527,0.9990362524986267,0.0006122140330262482
TCGA:LSCC:TCGA-66-2800-01,LSCC,LSCC,0.0009709821315482259,0.001069666352123022,0.9962974786758423,0.0016618940280750394
TCGA:LSCC:TCGA-68-7755-01,LSCC,HNSCC,0.00023256175336427987,0.7792242765426636,0.2202102392911911,0.00033294453169219196
TCGA:LSCC:TCGA-68-7756-01,LSCC,LSCC,0.002879678038880229,0.02247237227857113,0.9564149975776672,0.0182329248636961
TCGA:LSCC:TCGA-68-7757-01,LSCC,HNSCC,0.016891608014702797,0.6503421068191528,0.30152690410614014,0.031239371746778488
TCGA:LSCC:TCGA-68-8250-01,LSCC,LSCC,8.375354809686542e-05,0.000250679615419358,0.999539315700531,0.00012626918032765388
TCGA:LSCC:TCGA-68-8251-01,LSCC,LSCC,1.8505760408515926e-06,1.906540887830488e-06,0.999994695186615,1.560717350912455e-06
TCGA:LSCC:TCGA-68-A59I-01,LSCC,LSCC,0.003171850461512804,0.013220192864537239,0.9794333577156067,0.004174606874585152
TCGA:LSCC:TCGA-68-A59J-01,LSCC,LSCC,0.0021565863862633705,0.008390498347580433,0.9858642220497131,0.003588678315281868
TCGA:LSCC:TCGA-6A-AB49-01,LSCC,LSCC,0.0014601320726796985,0.0016439622268080711,0.9945624470710754,0.0023334419820457697
TCGA:LSCC:TCGA-70-6722-01,LSCC,LSCC,0.05147883668541908,0.06634149700403214,0.73587566614151,0.14630402624607086
TCGA:LSCC:TCGA-70-6723-01,LSCC,LSCC,7.785837806295604e-05,0.0002428655425319448,0.9990889430046082,0.0005903471610508859
TCGA:LSCC:TCGA-77-6842-01,LSCC,LSCC,4.711484962172108e-06,2.495818534953287e-06,0.9998846650123596,0.00010815693531185389
TCGA:LSCC:TCGA-77-6843-01,LSCC,LSCC,0.018023360520601273,0.07968591153621674,0.8681876063346863,0.034103117883205414
TCGA:LSCC:TCGA-77-6844-01,LSCC,LSCC,7.544380787294358e-05,0.2840849757194519,0.7157423496246338,9.719502122607082e-05
TCGA:LSCC:TCGA-77-6845-01,LSCC,LSCC,0.0003529889218043536,0.0007369754603132606,0.9984100461006165,0.0004999961238354445
TCGA:LSCC:TCGA-77-7138-01,LSCC,HNSCC,0.08529236167669296,0.7531566023826599,0.14480215311050415,0.016748862341046333
TCGA:LSCC:TCGA-77-7139-01,LSCC,LSCC,0.000989222782664001,0.0027517140842974186,0.9957807660102844,0.00047827247180975974
TCGA:LSCC:TCGA-77-7140-01,LSCC,LSCC,0.0026661085430532694,0.005821117199957371,0.9892929792404175,0.0022198192309588194
TCGA:LSCC:TCGA-77-7141-01,LSCC,LSCC,0.001030308660119772,0.0005425317212939262,0.9967270493507385,0.001700137392617762
TCGA:LSCC:TCGA-77-7142-01,LSCC,LSCC,0.028103027492761612,0.006716802716255188,0.9529111981391907,0.012268982827663422
TCGA:LSCC:TCGA-77-7335-01,LSCC,LSCC,0.01246090792119503,0.03265431895852089,0.9416318535804749,0.013252917677164078
TCGA:LSCC:TCGA-77-7337-01,LSCC,LSCC,0.0014259394956752658,0.030214684084057808,0.9663524031639099,0.0020069496240466833
TCGA:LSCC:TCGA-77-7338-01,LSCC,LSCC,0.002179746050387621,0.0048448471352458,0.9875871539115906,0.00538827758282423
TCGA:LSCC:TCGA-77-7463-01,LSCC,LSCC,6.715897171716279e-08,4.826176791539183e-08,0.9999998211860657,5.153342641506242e-08
TCGA:LSCC:TCGA-77-7465-01,LSCC,LSCC,0.0019432432018220425,0.0001602047705091536,0.9973043203353882,0.0005922364071011543
TCGA:LSCC:TCGA-77-8007-01,LSCC,LUAD,0.01506875827908516,0.0009391538915224373,0.027552718296647072,0.9564393758773804
TCGA:LSCC:TCGA-77-8008-01,LSCC,LSCC,0.011204433627426624,0.046431440860033035,0.9229351878166199,0.019428925588726997
TCGA:LSCC:TCGA-77-8009-01,LSCC,LSCC,0.001150313881225884,0.0009550627437420189,0.9968225955963135,0.001072022132575512
TCGA:LSCC:TCGA-77-8128-01,LSCC,LSCC,0.003396439366042614,0.00578192388638854,0.9871993064880371,0.003622303018346429
TCGA:LSCC:TCGA-77-8130-01,LSCC,LSCC,0.011057393625378609,0.03026801533997059,0.9534002542495728,0.005274312570691109
TCGA:LSCC:TCGA-77-8131-01,LSCC,HNSCC,0.002558727515861392,0.9178799986839294,0.07835714519023895,0.0012041237205266953
TCGA:LSCC:TCGA-77-8133-01,LSCC,LSCC,0.00011687252845149487,0.002804739633575082,0.9969987869262695,7.960578659549356e-05
TCGA:LSCC:TCGA-77-8136-01,LSCC,LSCC,0.006635933183133602,0.21877066791057587,0.7672052383422852,0.007388135883957148
TCGA:LSCC:TCGA-77-8138-01,LSCC,LSCC,0.0018166516674682498,0.0017314841970801353,0.9776899218559265,0.01876194030046463
TCGA:LSCC:TCGA-77-8139-01,LSCC,LSCC,0.0008200941956602037,0.035599902272224426,0.9621943831443787,0.0013856200966984034
TCGA:LSCC:TCGA-77-8140-01,LSCC,LSCC,0.0023755389265716076,0.003717130282893777,0.991496205329895,0.002411147579550743
TCGA:LSCC:TCGA-77-8143-01,LSCC,HNSCC,0.002124542836099863,0.7060151100158691,0.29168611764907837,0.00017421918164473027
TCGA:LSCC:TCGA-77-8144-01,LSCC,HNSCC,0.00022271290072239935,0.9984337687492371,0.001302223652601242,4.129607623326592e-05
TCGA:LSCC:TCGA-77-8145-01,LSCC,LSCC,0.0004666507011279464,0.013279508799314499,0.9858872890472412,0.00036654045106843114
TCGA:LSCC:TCGA-77-8148-01,LSCC,LSCC,0.0005354483146220446,0.004916838835924864,0.9940893054008484,0.00045838250662200153
TCGA:LSCC:TCGA-77-8150-01,LSCC,LSCC,3.191944699665328e-07,9.140768270299304e-06,0.9999900460243225,4.740526833302283e-07
TCGA:LSCC:TCGA-77-8153-01,LSCC,LSCC,0.0020813713781535625,0.039355259388685226,0.9570909142494202,0.0014724326319992542
TCGA:LSCC:TCGA-77-8154-01,LSCC,LSCC,8.282327326014638e-05,0.00030301441438496113,0.9994721412658691,0.0001420297776348889
TCGA:LSCC:TCGA-77-8156-01,LSCC,LSCC,1.0496702316231676e-06,8.050934411585331e-06,0.9999892115592957,1.6698742228982155e-06
TCGA:LSCC:TCGA-77-A5FZ-01,LSCC,LUAD,0.016700582578778267,0.0031749217305332422,0.05386257916688919,0.9262619018554688
TCGA:LSCC:TCGA-77-A5G1-01,LSCC,LSCC,0.123928502202034,0.08078107237815857,0.7582993507385254,0.03699110448360443
TCGA:LSCC:TCGA-77-A5G3-01,LSCC,LSCC,0.0021727036219090223,0.005292787216603756,0.9905426502227783,0.001991857308894396
TCGA:LSCC:TCGA-77-A5G6-01,LSCC,LSCC,1.108396281779278e-05,0.00702566746622324,0.9929600358009338,3.2377770367020275e-06
TCGA:LSCC:TCGA-77-A5G7-01,LSCC,LSCC,0.000757661007810384,0.003105987561866641,0.995708703994751,0.000427641294663772
TCGA:LSCC:TCGA-77-A5G8-01,LSCC,LSCC,7.249019836308435e-05,0.0004291176446713507,0.9994438886642456,5.451672041090205e-05
TCGA:LSCC:TCGA-77-A5GB-01,LSCC,HNSCC,0.0025366791523993015,0.9518682360649109,0.044040609151124954,0.0015544561902061105
TCGA:LSCC:TCGA-77-A5GF-01,LSCC,LSCC,0.0004081458901055157,0.06785087287425995,0.930538535118103,0.0012024303432554007
TCGA:LSCC:TCGA-77-A5GH-01,LSCC,LSCC,0.0008053670753724873,0.0004139601660426706,0.9951273202896118,0.0036533342208713293
TCGA:LSCC:TCGA-79-5596-01,LSCC,LSCC,3.358519097673707e-05,0.0008706491789780557,0.9990622997283936,3.344837750773877e-05
TCGA:LSCC:TCGA-85-6175-01,LSCC,LSCC,0.004823494702577591,0.06779208034276962,0.893420398235321,0.03396402671933174
TCGA:LSCC:TCGA-85-6560-01,LSCC,BRCA,0.6215922832489014,0.0026087770238518715,0.189670592546463,0.18612834811210632
TCGA:LSCC:TCGA-85-6561-01,LSCC,LSCC,0.0002650305104907602,0.04854784533381462,0.9496877789497375,0.0014993373770266771
TCGA:LSCC:TCGA-85-6798-01,LSCC,LSCC,0.0024374390486627817,0.013953031040728092,0.9821399450302124,0.0014695748686790466
TCGA:LSCC:TCGA-85-7696-01,LSCC,LSCC,0.0047569056041538715,0.00523696793243289,0.9863996505737305,0.003606503363698721
TCGA:LSCC:TCGA-85-7697-01,LSCC,LSCC,0.005707590840756893,0.18372780084609985,0.8069732189178467,0.003591385670006275
TCGA:LSCC:TCGA-85-7698-01,LSCC,LSCC,5.5818183852807124e-08,4.758463546750136e-06,0.9999949932098389,1.830603935104591e-07
TCGA:LSCC:TCGA-85-7699-01,LSCC,LSCC,0.014389848336577415,0.015238383784890175,0.9619714617729187,0.008400295861065388
TCGA:LSCC:TCGA-85-7710-01,LSCC,LSCC,0.003243595128878951,0.009833640418946743,0.9836819767951965,0.0032407764811068773
TCGA:LSCC:TCGA-85-7843-01,LSCC,LSCC,1.6558868765059742e-07,4.466899952149106e-07,0.9999992847442627,1.273843537319408e-07
TCGA:LSCC:TCGA-85-7844-01,LSCC,LSCC,0.00019139691721647978,0.004842123482376337,0.9945642352104187,0.0004022507928311825
TCGA:LSCC:TCGA-85-7950-01,LSCC,LSCC,0.0017372190486639738,0.0033919697161763906,0.9928678870201111,0.0020029223524034023
TCGA:LSCC:TCGA-85-8048-01,LSCC,LSCC,0.007262746337801218,0.009607650339603424,0.9476752281188965,0.0354543961584568
TCGA:LSCC:TCGA-85-8049-01,LSCC,LSCC,0.006197120528668165,0.06538710743188858,0.8993921875953674,0.029023611918091774
TCGA:LSCC:TCGA-85-8052-01,LSCC,LSCC,1.2047848940710537e-08,4.975061074219411e-07,0.999999463558197,2.6581997047969708e-08
TCGA:LSCC:TCGA-85-8070-01,LSCC,LSCC,5.062875061412342e-05,8.513810462318361e-05,0.9998068809509277,5.736171442549676e-05
TCGA:LSCC:TCGA-85-8071-01,LSCC,LSCC,1.6651315490889829e-06,6.064135959604755e-05,0.9998807907104492,5.6892291468102485e-05
TCGA:LSCC:TCGA-85-8072-01,LSCC,LSCC,0.00027406500885263085,0.004312356002628803,0.9950278997421265,0.0003856824478134513
TCGA:LSCC:TCGA-85-8276-01,LSCC,LSCC,0.005224572494626045,0.007331967819482088,0.985152542591095,0.002290939912199974
TCGA:LSCC:TCGA-85-8277-01,LSCC,LSCC,0.0019393149996176362,0.01049792766571045,0.9852156043052673,0.0023471349850296974
TCGA:LSCC:TCGA-85-8287-01,LSCC,LSCC,2.6754849386634305e-05,0.00011175779945915565,0.9997889399528503,7.257622928591445e-05
TCGA:LSCC:TCGA-85-8288-01,LSCC,LSCC,0.0025944984517991543,0.004089742433279753,0.9896154403686523,0.003700302680954337
TCGA:LSCC:TCGA-85-8350-01,LSCC,LSCC,0.0005351933068595827,0.0039732917211949825,0.9947102069854736,0.0007813220145180821
TCGA:LSCC:TCGA-85-8351-01,LSCC,LSCC,0.003182122018188238,0.010766447521746159,0.982140839099884,0.003910600207746029
TCGA:LSCC:TCGA-85-8352-01,LSCC,LSCC,0.180380180478096,0.018837615847587585,0.7626933455467224,0.03808888792991638
TCGA:LSCC:TCGA-85-8353-01,LSCC,LSCC,0.006051459815353155,0.4436302185058594,0.5454095005989075,0.00490884855389595
TCGA:LSCC:TCGA-85-8354-01,LSCC,LSCC,0.005311120767146349,0.038866542279720306,0.9514383673667908,0.004383985418826342
TCGA:LSCC:TCGA-85-8355-01,LSCC,LSCC,0.006958979181945324,0.009832656942307949,0.9678033590316772,0.015405024401843548
TCGA:LSCC:TCGA-85-8479-01,LSCC,LSCC,0.003091521793976426,0.020644132047891617,0.9743331074714661,0.0019312131917104125
TCGA:LSCC:TCGA-85-8481-01,LSCC,LSCC,0.001299761701375246,0.012575765140354633,0.9835373759269714,0.0025871179532259703
TCGA:LSCC:TCGA-85-8580-01,LSCC,LSCC,1.2328896445978899e-05,0.0006942825275473297,0.9992861151695251,7.3023543336603325e-06
TCGA:LSCC:TCGA-85-8582-01,LSCC,LSCC,0.005204272456467152,0.03750476986169815,0.9565153121948242,0.0007756687118671834
TCGA:LSCC:TCGA-85-8584-01,LSCC,LUAD,0.037887074053287506,0.021707402542233467,0.0631045326590538,0.8773009777069092
TCGA:LSCC:TCGA-85-8664-01,LSCC,LSCC,0.002107196021825075,0.005914624780416489,0.9874619841575623,0.004516173154115677
TCGA:LSCC:TCGA-85-8666-01,LSCC,LSCC,6.975053111091256e-05,0.0008595740073360503,0.998927891254425,0.00014281073526944965
TCGA:LSCC:TCGA-85-A4CL-01,LSCC,LSCC,0.0005469609168358147,0.007647537160664797,0.9914512634277344,0.00035422039218246937
TCGA:LSCC:TCGA-85-A4CN-01,LSCC,LSCC,1.007868149827118e-06,0.0007115725893527269,0.9992823004722595,5.141043857292971e-06
TCGA:LSCC:TCGA-85-A4JB-01,LSCC,LSCC,0.0017624080646783113,0.024997949600219727,0.9723020195960999,0.000937613018322736
TCGA:LSCC:TCGA-85-A4JC-01,LSCC,LSCC,0.0006510844686999917,0.004658438265323639,0.9929115176200867,0.0017789400881156325
TCGA:LSCC:TCGA-85-A4PA-01,LSCC,BRCA,0.9511310458183289,0.011361534707248211,0.022724909707903862,0.014782500453293324
TCGA:LSCC:TCGA-85-A4QQ-01,LSCC,LSCC,0.015511490404605865,0.13406606018543243,0.8441295623779297,0.006292869336903095
TCGA:LSCC:TCGA-85-A4QR-01,LSCC,LSCC,0.008897542953491211,0.2856719493865967,0.6991832852363586,0.006247232668101788
TCGA:LSCC:TCGA-85-A50M-01,LSCC,LUAD,0.020176295191049576,0.05997687578201294,0.1508641391992569,0.7689827084541321
TCGA:LSCC:TCGA-85-A50Z-01,LSCC,LSCC,0.0001889518607640639,0.00031012226827442646,0.9783280491828918,0.0211729034781456
TCGA:LSCC:TCGA-85-A510-01,LSCC,LSCC,0.043702639639377594,0.007390075363218784,0.8701909780502319,0.07871632277965546
TCGA:LSCC:TCGA-85-A511-01,LSCC,LSCC,4.385703800124929e-09,8.948708796197025e-08,0.9999998807907104,1.7190474821404678e-08
TCGA:LSCC:TCGA-85-A512-01,LSCC,HNSCC,0.004659533035010099,0.8605057597160339,0.13075971603393555,0.00407498748973012
TCGA:LSCC:TCGA-85-A513-01,LSCC,LUAD,0.00292015983723104,0.00024277040211018175,0.001194978249259293,0.9956420660018921
TCGA:LSCC:TCGA-85-A53L-01,LSCC,LSCC,9.755486826179549e-05,0.00014353609003592283,0.9994271993637085,0.00033173171686939895
TCGA:LSCC:TCGA-85-A5B5-01,LSCC,LSCC,0.009044435806572437,0.028045950457453728,0.9559319615364075,0.006977623328566551
TCGA:LSCC:TCGA-90-6837-01,LSCC,LSCC,0.005797405727207661,0.05637802928686142,0.9327394366264343,0.005085155367851257
TCGA:LSCC:TCGA-90-7766-01,LSCC,LSCC,4.611228723661043e-05,0.0002123272279277444,0.9996686577796936,7.292036025319248e-05
TCGA:LSCC:TCGA-90-7767-01,LSCC,LSCC,0.010739827528595924,0.12477866560220718,0.8556546568870544,0.008826818317174911
TCGA:LSCC:TCGA-90-7769-01,LSCC,LSCC,0.004481921438127756,0.03539098799228668,0.9567939639091492,0.003333120606839657
TCGA:LSCC:TCGA-90-7964-01,LSCC,LSCC,0.022789454087615013,0.06054019555449486,0.775402307510376,0.1412680447101593
TCGA:LSCC:TCGA-90-A4ED-01,LSCC,BRCA,0.934695303440094,0.006191693712025881,0.054068829864263535,0.0050441669300198555
TCGA:LSCC:TCGA-90-A4EE-01,LSCC,LSCC,0.001699661137536168,0.000976676121354103,0.9959896802902222,0.001333975000306964
TCGA:LSCC:TCGA-90-A59Q-01,LSCC,LUAD,0.00807005725800991,0.011614780873060226,0.38169389963150024,0.5986212491989136
TCGA:LSCC:TCGA-92-7340-01,LSCC,LSCC,1.7350148482364602e-05,0.00010854752326849848,0.9996641278266907,0.00020997639512643218
TCGA:LSCC:TCGA-92-7341-01,LSCC,LSCC,2.8770378079912007e-08,1.0589518240067264e-07,0.9999998211860657,5.8448875961403246e-08
TCGA:LSCC:TCGA-92-8063-01,LSCC,LSCC,0.002446392085403204,0.008851923048496246,0.9824306964874268,0.006270995829254389
TCGA:LSCC:TCGA-92-8064-01,LSCC,LSCC,5.994376124363043e-07,0.0008088073809631169,0.9991893768310547,1.2281703902772279e-06
TCGA:LSCC:TCGA-92-8065-01,LSCC,HNSCC,0.035905174911022186,0.8294866681098938,0.06496765464544296,0.06964050978422165
TCGA:LSCC:TCGA-94-7033-01,LSCC,LSCC,0.004060736391693354,0.30208519101142883,0.6894509792327881,0.004403095226734877
TCGA:LSCC:TCGA-94-7557-01,LSCC,LSCC,6.584978109458461e-05,5.5176278692670166e-05,0.9994279146194458,0.0004510438593570143
TCGA:LSCC:TCGA-94-7943-01,LSCC,LSCC,0.006012617144733667,0.002740291878581047,0.97281813621521,0.01842895708978176
TCGA:LSCC:TCGA-94-8035-01,LSCC,LSCC,0.00013272528303787112,0.0008350380812771618,0.9988341927528381,0.00019802627502940595
TCGA:LSCC:TCGA-94-8490-01,LSCC,LSCC,0.003331402549520135,0.18038950860500336,0.8122641444206238,0.00401495723053813
TCGA:LSCC:TCGA-94-8491-01,LSCC,LSCC,0.03200917690992355,0.043318893760442734,0.903016984462738,0.02165493555366993
TCGA:LSCC:TCGA-94-A4VJ-01,LSCC,HNSCC,1.8496604752726853e-05,0.8478816151618958,0.15195631980895996,0.0001435637823306024
TCGA:LSCC:TCGA-94-A5I4-01,LSCC,HNSCC,3.233965617255308e-05,0.9908875823020935,0.009012890979647636,6.71877060085535e-05
TCGA:LSCC:TCGA-94-A5I6-01,LSCC,LSCC,6.72328397399724e-08,1.5872290077822981e-06,0.9999982118606567,1.0933293026482716e-07
TCGA:LSCC:TCGA-96-7544-01,LSCC,LSCC,0.0015385921578854322,0.0016023049829527736,0.995227038860321,0.001632080995477736
TCGA:LSCC:TCGA-96-7545-01,LSCC,LSCC,4.494992936088238e-06,4.4498881379695376e-07,0.9999709725379944,2.409106855338905e-05
TCGA:LSCC:TCGA-96-8169-01,LSCC,LSCC,1.9124632899547578e-07,4.077740595676005e-05,0.9998704791069031,8.855570195009932e-05
TCGA:LSCC:TCGA-96-8170-01,LSCC,LSCC,0.0011344117810949683,0.020383166149258614,0.9756043553352356,0.002878057537600398
TCGA:LSCC:TCGA-96-A4JL-01,LSCC,LSCC,0.0019763829186558723,5.215712917561177e-06,0.997502863407135,0.0005155481630936265
TCGA:LSCC:TCGA-98-7454-01,LSCC,LUAD,0.29148954153060913,1.785458516678773e-05,0.12512095272541046,0.583371639251709
TCGA:LSCC:TCGA-98-8020-01,LSCC,HNSCC,0.0036058647092431784,0.7938967347145081,0.2016102820634842,0.0008871506433933973
TCGA:LSCC:TCGA-98-8021-01,LSCC,LSCC,3.318841481814161e-05,0.002099877456203103,0.9978357553482056,3.117653614026494e-05
TCGA:LSCC:TCGA-98-8022-01,LSCC,LSCC,0.0061515630222857,0.01014469750225544,0.9804194569587708,0.003284290200099349
TCGA:LSCC:TCGA-98-8023-01,LSCC,LSCC,0.005903756711632013,0.007851790636777878,0.9773433208465576,0.008901121094822884
TCGA:LSCC:TCGA-98-A538-01,LSCC,LSCC,7.535522286161722e-07,1.1495578291942365e-05,0.9999876618385315,1.0294069596739064e-07
TCGA:LSCC:TCGA-98-A539-01,LSCC,LSCC,0.0002543166046962142,0.003988669719547033,0.9953458309173584,0.00041120743844658136
TCGA:LSCC:TCGA-98-A53A-01,LSCC,LSCC,0.006438032723963261,0.011294502764940262,0.977699875831604,0.004567612893879414
TCGA:LSCC:TCGA-98-A53B-01,LSCC,LSCC,0.00014686031499877572,0.0013333229580894113,0.9976844191551208,0.0008354125311598182
TCGA:LSCC:TCGA-98-A53C-01,LSCC,LUAD,0.02116035856306553,0.0019785829354077578,0.2393934279680252,0.7374676465988159
TCGA:LSCC:TCGA-98-A53D-01,LSCC,LUAD,0.0036468664184212685,0.0014707113150507212,0.009250313974916935,0.9856321215629578
TCGA:LSCC:TCGA-98-A53H-01,LSCC,LUAD,7.809800445102155e-05,6.258153734961525e-05,0.37195685505867004,0.6279024481773376
TCGA:LSCC:TCGA-98-A53I-01,LSCC,LSCC,0.00020715390564873815,0.0015974275302141905,0.998015820980072,0.000179612819920294
TCGA:LSCC:TCGA-98-A53J-01,LSCC,LSCC,3.0869111924403114e-06,0.0011849249713122845,0.9987964630126953,1.550791239424143e-05
TCGA:LSCC:TCGA-J1-A4AH-01,LSCC,LSCC,0.001578491646796465,0.004974975250661373,0.9915772676467896,0.0018692640587687492
TCGA:LSCC:TCGA-L3-A4E7-01,LSCC,LSCC,0.0024933333043009043,0.014888082630932331,0.972743809223175,0.009874786250293255
TCGA:LSCC:TCGA-L3-A524-01,LSCC,LSCC,0.0017842528177425265,0.0034686310682445765,0.9935120344161987,0.0012350858887657523
TCGA:LSCC:TCGA-LA-A446-01,LSCC,LSCC,0.0006991582340560853,0.0009751917095854878,0.9977796673774719,0.0005459877429530025
TCGA:LSCC:TCGA-LA-A7SW-01,LSCC,HNSCC,0.00626712990924716,0.6047999262809753,0.384656697511673,0.004276262130588293
TCGA:LSCC:TCGA-MF-A522-01,LSCC,LSCC,0.001959337154403329,0.008100796490907669,0.9842567443847656,0.005683122668415308
TCGA:LSCC:TCGA-NC-A5HD-01,LSCC,LSCC,0.00014302492490969598,7.556752098025754e-05,0.9996411800384521,0.000140252013807185
TCGA:LSCC:TCGA-NC-A5HE-01,LSCC,LSCC,0.005631894804537296,0.005784134846180677,0.9753420948982239,0.01324186846613884
TCGA:LSCC:TCGA-NC-A5HF-01,LSCC,LSCC,5.931804480496794e-06,8.579808491049334e-05,0.9998831748962402,2.5068062313948758e-05
TCGA:LSCC:TCGA-NC-A5HG-01,LSCC,LSCC,0.002976598683744669,0.017328549176454544,0.9767574667930603,0.0029373974539339542
TCGA:LSCC:TCGA-NC-A5HH-01,LSCC,LSCC,0.0001078787463484332,1.610655431250052e-06,0.999888002872467,2.4805476641631685e-06
TCGA:LSCC:TCGA-NC-A5HI-01,LSCC,LSCC,1.4363355376190157e-06,2.7216970920562744e-05,0.9999668598175049,4.4773714762413874e-06
TCGA:LSCC:TCGA-NC-A5HJ-01,LSCC,LUAD,0.03217596188187599,0.0012662525987252593,0.019277311861515045,0.9472804665565491
TCGA:LSCC:TCGA-NC-A5HK-01,LSCC,LSCC,0.006417900323867798,0.004567693918943405,0.9785068035125732,0.010507631115615368
TCGA:LSCC:TCGA-NC-A5HL-01,LSCC,LSCC,0.002300843596458435,0.006472829729318619,0.9865620136260986,0.004664322827011347
TCGA:LSCC:TCGA-NC-A5HM-01,LSCC,LSCC,0.0008127422770485282,0.09217596799135208,0.9061874151229858,0.0008238716400228441
TCGA:LSCC:TCGA-NC-A5HN-01,LSCC,LSCC,1.1101112249889411e-05,6.071352618164383e-05,0.9998948574066162,3.331575499032624e-05
TCGA:LSCC:TCGA-NC-A5HO-01,LSCC,LSCC,1.729226642055437e-05,0.00010722397564677522,0.999826967716217,4.850007462664507e-05
TCGA:LSCC:TCGA-NC-A5HP-01,LSCC,LSCC,0.0002263691567350179,0.0011819037608802319,0.9981422424316406,0.00044951323070563376
TCGA:LSCC:TCGA-NC-A5HQ-01,LSCC,LSCC,0.004638612736016512,0.1098097637295723,0.880195140838623,0.005356496199965477
TCGA:LSCC:TCGA-NC-A5HR-01,LSCC,LSCC,0.002658276120200753,0.0056059714406728745,0.9803836345672607,0.01135210320353508
TCGA:LSCC:TCGA-NC-A5HT-01,LSCC,LSCC,0.012003673240542412,0.009526701644062996,0.9706323742866516,0.007837221026420593
TCGA:LSCC:TCGA-NK-A5CR-01,LSCC,LSCC,0.004738199524581432,0.007957439869642258,0.9830836057662964,0.004220740403980017
TCGA:LSCC:TCGA-NK-A5CT-01,LSCC,LSCC,0.00678700627759099,0.012739967554807663,0.9462942481040955,0.03417880833148956
TCGA:LSCC:TCGA-NK-A5CX-01,LSCC,LSCC,0.00022517814068123698,0.016145721077919006,0.9833625555038452,0.0002665653300937265
TCGA:LSCC:TCGA-NK-A7XE-01,LSCC,LSCC,0.0029666926711797714,0.375267893075943,0.6112931966781616,0.010472232475876808
TCGA:LSCC:TCGA-O2-A52N-01,LSCC,LSCC,0.01723836548626423,0.13873708248138428,0.83431476354599,0.009709805250167847
TCGA:LSCC:TCGA-O2-A52Q-01,LSCC,LUAD,0.02272343449294567,0.012991335242986679,0.11143355071544647,0.8528516888618469
TCGA:LSCC:TCGA-O2-A52S-01,LSCC,LSCC,0.0008560634450986981,0.0005922187119722366,0.9967992901802063,0.0017524315044283867
TCGA:LSCC:TCGA-O2-A52V-01,LSCC,LSCC,4.328749803050869e-09,1.592146858797605e-08,0.9999999403953552,2.9844905213849415e-08
TCGA:LSCC:TCGA-O2-A52W-01,LSCC,LSCC,0.004837275017052889,0.008124598301947117,0.9840730428695679,0.0029651049990206957
TCGA:LSCC:TCGA-O2-A5IB-01,LSCC,BRCA,0.9123772382736206,0.004199481103569269,0.033554982393980026,0.04986829683184624
TCGA:LSCC:TCGA-XC-AA0X-01,LSCC,LSCC,0.0006527992663905025,0.02955249696969986,0.9688644409179688,0.0009302585967816412
TCGA:HNSCC:TCGA-4P-AA8J-01,HNSCC,HNSCC,0.00033525985782034695,0.99883633852005,0.0007991284946911037,2.930197115347255e-05
TCGA:HNSCC:TCGA-BA-4074-01,HNSCC,LSCC,0.005054722540080547,0.12109438329935074,0.8477028608322144,0.026148010045289993
TCGA:HNSCC:TCGA-BA-4076-01,HNSCC,HNSCC,0.0008321256609633565,0.9961907267570496,0.0021701399236917496,0.000806997821200639
TCGA:HNSCC:TCGA-BA-4078-01,HNSCC,LSCC,0.00613724859431386,0.10744567960500717,0.877021074295044,0.00939599983394146
TCGA:HNSCC:TCGA-BA-5149-01,HNSCC,HNSCC,3.3311120205326006e-05,0.9998884201049805,7.141116657294333e-05,6.844444214948453e-06
TCGA:HNSCC:TCGA-BA-5151-01,HNSCC,HNSCC,1.4988665952841984e-07,0.9999997615814209,6.048901468602708e-08,5.4098956425718825e-09
TCGA:HNSCC:TCGA-BA-5152-01,HNSCC,HNSCC,0.00012817155220545828,0.9997630715370178,9.036007395479828e-05,1.838548450905364e-05
TCGA:HNSCC:TCGA-BA-5153-01,HNSCC,HNSCC,0.002170249819755554,0.9918179512023926,0.004666014574468136,0.0013458025641739368
TCGA:HNSCC:TCGA-BA-5555-01,HNSCC,HNSCC,6.8261897467891686e-06,0.9993653893470764,0.0006135041476227343,1.4291743354988284e-05
TCGA:HNSCC:TCGA-BA-5556-01,HNSCC,HNSCC,2.4746553695109696e-09,1.0,1.8767445375544867e-09,4.803920594653732e-10
TCGA:HNSCC:TCGA-BA-5557-01,HNSCC,HNSCC,8.993324307482453e-09,0.9999997019767761,2.136841175115478e-07,7.76122206502805e-08
TCGA:HNSCC:TCGA-BA-5558-01,HNSCC,HNSCC,0.0007647051243111491,0.9963291883468628,0.0024642127100378275,0.0004419022297952324
TCGA:HNSCC:TCGA-BA-5559-01,HNSCC,HNSCC,7.192045359261101e-08,0.9999785423278809,2.1194558939896524e-05,1.9158579789291252e-07
TCGA:HNSCC:TCGA-BA-6868-01,HNSCC,HNSCC,3.524552084854804e-06,0.9999750852584839,2.1346308130887337e-05,3.206439203040645e-08
TCGA:HNSCC:TCGA-BA-6869-01,HNSCC,HNSCC,0.0007604084676131606,0.9914988875389099,0.006413295865058899,0.0013273936929181218
TCGA:HNSCC:TCGA-BA-6870-01,HNSCC,HNSCC,1.6426776710432023e-05,0.9999487996101379,3.183912849635817e-05,2.9611444460897474e-06
TCGA:HNSCC:TCGA-BA-6871-01,HNSCC,HNSCC,0.024527141824364662,0.7873471975326538,0.17221882939338684,0.0159068014472723
TCGA:HNSCC:TCGA-BA-6872-01,HNSCC,HNSCC,0.0006173551082611084,0.9985727667808533,0.0005710955010727048,0.0002388035209150985
TCGA:HNSCC:TCGA-BA-6873-01,HNSCC,HNSCC,5.63416542718187e-05,0.9996669888496399,0.00025409553200006485,2.2555028408532962e-05
TCGA:HNSCC:TCGA-BA-7269-01,HNSCC,HNSCC,0.00012186228559585288,0.9990642070770264,0.0002498733811080456,0.0005640710587613285
TCGA:HNSCC:TCGA-BA-A4IF-01,HNSCC,HNSCC,0.0001407942472724244,0.9977441430091858,0.0020158211700618267,9.926680650096387e-05
TCGA:HNSCC:TCGA-BA-A4IG-01,HNSCC,HNSCC,7.827745866961777e-05,0.9980301260948181,0.0018575714202597737,3.4053682611556724e-05
TCGA:HNSCC:TCGA-BA-A4IH-01,HNSCC,HNSCC,0.008118736557662487,0.9677883386611938,0.01754315011203289,0.006549771875143051
TCGA:HNSCC:TCGA-BA-A4II-01,HNSCC,HNSCC,0.0024692288134247065,0.9585697054862976,0.037192150950431824,0.0017689274391159415
TCGA:HNSCC:TCGA-BA-A6D8-01,HNSCC,HNSCC,0.012182917445898056,0.9676253199577332,0.017651556059718132,0.002540198154747486
TCGA:HNSCC:TCGA-BA-A6DA-01,HNSCC,HNSCC,6.785091244410069e-08,0.9999996423721313,1.5934034536257968e-07,1.4548032822858659e-07
TCGA:HNSCC:TCGA-BA-A6DB-01,HNSCC,HNSCC,4.958977797286934e-07,0.9999990463256836,4.2694395574471855e-07,3.642115942170676e-08
TCGA:HNSCC:TCGA-BA-A6DD-01,HNSCC,HNSCC,9.567822090161826e-09,1.0,3.755302735442001e-09,3.4171521168246954e-10
TCGA:HNSCC:TCGA-BA-A6DE-01,HNSCC,HNSCC,1.0014388863055501e-05,0.999933660030365,4.7511286538792774e-05,8.797254849923775e-06
TCGA:HNSCC:TCGA-BA-A6DG-01,HNSCC,HNSCC,1.759328966954854e-07,0.9999993443489075,4.346895821072394e-07,3.226953992907511e-08
TCGA:HNSCC:TCGA-BA-A6DI-01,HNSCC,HNSCC,0.0005770846037194133,0.9958904385566711,0.0031501108314841986,0.000382352591259405
TCGA:HNSCC:TCGA-BA-A6DJ-01,HNSCC,HNSCC,4.474697561818175e-05,0.9998584389686584,8.232905383920297e-05,1.449565479560988e-05
TCGA:HNSCC:TCGA-BA-A6DL-01,HNSCC,HNSCC,7.891341374488547e-05,0.9966343641281128,0.003204395528882742,8.235101267928258e-05
TCGA:HNSCC:TCGA-BA-A8YP-01,HNSCC,HNSCC,0.0002689200628083199,0.985941469669342,0.013503583148121834,0.00028604373801499605
TCGA:HNSCC:TCGA-BB-4217-01,HNSCC,HNSCC,5.519396836461965e-06,0.9998199939727783,0.00017084891442209482,3.659566573332995e-06
TCGA:HNSCC:TCGA-BB-4223-01,HNSCC,HNSCC,1.187267935165437e-05,0.9988310933113098,0.0011372449807822704,1.980687193281483e-05
TCGA:HNSCC:TCGA-BB-4224-01,HNSCC,LSCC,0.009492793120443821,0.19166676700115204,0.795490562915802,0.003349846927449107
TCGA:HNSCC:TCGA-BB-4225-01,HNSCC,HNSCC,1.4416199292099918e-06,0.9999956488609314,2.6743487069325056e-06,2.421341491753992e-07
TCGA:HNSCC:TCGA-BB-4227-01,HNSCC,HNSCC,0.0010036396561190486,0.8887801170349121,0.10975219309329987,0.0004640607803594321
TCGA:HNSCC:TCGA-BB-4228-01,HNSCC,HNSCC,0.00010032203135779127,0.9994945526123047,0.0003850350622087717,2.01044422283303e-05
TCGA:HNSCC:TCGA-BB-7861-01,HNSCC,HNSCC,8.681458712089807e-05,0.9907605648040771,0.009056062437593937,9.653218876337633e-05
TCGA:HNSCC:TCGA-BB-7862-01,HNSCC,HNSCC,0.010349389165639877,0.8421329259872437,0.14213399589061737,0.005383710842579603
TCGA:HNSCC:TCGA-BB-7863-01,HNSCC,HNSCC,0.00011163079034304246,0.9998608231544495,2.231054713774938e-05,5.240457085164962e-06
TCGA:HNSCC:TCGA-BB-7864-01,HNSCC,HNSCC,8.799233910394832e-06,0.9996941685676575,0.0002914451761171222,5.604304078588029e-06
TCGA:HNSCC:TCGA-BB-7866-01,HNSCC,HNSCC,0.00013777933781966567,0.9985426068305969,0.0012793574715033174,4.02805490011815e-05
TCGA:HNSCC:TCGA-BB-7870-01,HNSCC,HNSCC,0.00017421398661099374,0.8912192583084106,0.10849525779485703,0.00011125474702566862
TCGA:HNSCC:TCGA-BB-7871-01,HNSCC,LSCC,0.0008046559523791075,0.018116585910320282,0.9810556769371033,2.309352385054808e-05
TCGA:HNSCC:TCGA-BB-7872-01,HNSCC,HNSCC,0.003055981593206525,0.9892857670783997,0.006526392884552479,0.0011318833567202091
TCGA:HNSCC:TCGA-BB-8596-01,HNSCC,HNSCC,0.00029474383336491883,0.9745393991470337,0.0242074653506279,0.0009584155632182956
TCGA:HNSCC:TCGA-BB-8601-01,HNSCC,LSCC,0.00020258133008610457,0.02354194037616253,0.9760475754737854,0.00020792036957573146
TCGA:HNSCC:TCGA-BB-A5HU-01,HNSCC,HNSCC,0.003268574597314,0.9381816387176514,0.056594762951135635,0.00195499905385077
TCGA:HNSCC:TCGA-BB-A5HY-01,HNSCC,HNSCC,0.001121089211665094,0.9910537600517273,0.007343046832829714,0.00048207800136879086
TCGA:HNSCC:TCGA-BB-A5HZ-01,HNSCC,HNSCC,0.0009341231198050082,0.9978958964347839,0.0007372084073722363,0.0004327889473643154
TCGA:HNSCC:TCGA-BB-A6UM-01,HNSCC,HNSCC,1.2738098575937329e-08,0.9999999403953552,6.459300294636705e-08,4.561507171985113e-09
TCGA:HNSCC:TCGA-BB-A6UO-01,HNSCC,HNSCC,0.0023559830151498318,0.9921407699584961,0.004790971986949444,0.0007122516399249434
TCGA:HNSCC:TCGA-C9-A47Z-01,HNSCC,HNSCC,3.5445686989987735e-06,0.9999427795410156,5.1873048505513e-05,1.8269121255798382e-06
TCGA:HNSCC:TCGA-C9-A480-01,HNSCC,HNSCC,0.0020919295493513346,0.9962195754051208,0.0013094852911308408,0.0003789815818890929
TCGA:HNSCC:TCGA-CN-4722-01,HNSCC,HNSCC,2.8241705877007917e-05,0.9998401999473572,0.000125427934108302,6.112693426985061e-06
TCGA:HNSCC:TCGA-CN-4723-01,HNSCC,HNSCC,0.0008580134599469602,0.994042694568634,0.004609968513250351,0.0004893452278338373
TCGA:HNSCC:TCGA-CN-4725-01,HNSCC,HNSCC,9.16681601665914e-05,0.9993907809257507,0.00047648194595240057,4.1098392102867365e-05
TCGA:HNSCC:TCGA-CN-4726-01,HNSCC,HNSCC,0.00030409294413402677,0.9974379539489746,0.0009636305621825159,0.0012943350011482835
TCGA:HNSCC:TCGA-CN-4727-01,HNSCC,HNSCC,3.108615587166241e-08,0.9999580383300781,4.1883919038809836e-05,6.826874709986441e-08
TCGA:HNSCC:TCGA-CN-4728-01,HNSCC,HNSCC,3.089290839852765e-05,0.9996498823165894,0.00029883129172958434,2.0414774553501047e-05
TCGA:HNSCC:TCGA-CN-4729-01,HNSCC,HNSCC,0.0005948147736489773,0.997614324092865,0.0013538547791540623,0.0004369957314338535
TCGA:HNSCC:TCGA-CN-4730-01,HNSCC,HNSCC,0.00010118998761754483,0.998191237449646,0.0016517604235559702,5.5829739721957594e-05
TCGA:HNSCC:TCGA-CN-4731-01,HNSCC,HNSCC,0.0001522051024949178,0.9953760504722595,0.004004718270152807,0.00046705076238140464
TCGA:HNSCC:TCGA-CN-4733-01,HNSCC,HNSCC,0.0008069588802754879,0.99713534116745,0.0014987646136432886,0.0005589164211414754
TCGA:HNSCC:TCGA-CN-4734-01,HNSCC,HNSCC,0.0006267927819862962,0.9983381032943726,0.000752839318010956,0.0002822918177116662
TCGA:HNSCC:TCGA-CN-4735-01,HNSCC,HNSCC,1.7897542420541868e-05,0.9511057138442993,0.04873373731970787,0.00014264792844187468
TCGA:HNSCC:TCGA-CN-4736-01,HNSCC,HNSCC,3.5211357953812694e-06,0.999982476234436,1.0824232049344573e-05,3.1686290640209336e-06
TCGA:HNSCC:TCGA-CN-4737-01,HNSCC,HNSCC,0.0009620662312954664,0.9974021315574646,0.0012255316833034158,0.00041025859536603093
TCGA:HNSCC:TCGA-CN-4738-01,HNSCC,HNSCC,0.0007137535721994936,0.9972156882286072,0.0014352635480463505,0.0006353172939270735
TCGA:HNSCC:TCGA-CN-4739-01,HNSCC,HNSCC,0.0001416893064742908,0.9276832938194275,0.07184689491987228,0.00032813832513056695
TCGA:HNSCC:TCGA-CN-4740-01,HNSCC,HNSCC,1.5807218289864977e-07,0.9999987483024597,1.0767158755697892e-06,8.879371016234927e-09
TCGA:HNSCC:TCGA-CN-4741-01,HNSCC,HNSCC,7.690717757213861e-05,0.9996191263198853,0.00028361528529785573,2.0329269318608567e-05
TCGA:HNSCC:TCGA-CN-4742-01,HNSCC,HNSCC,0.0012312812032178044,0.9970858097076416,0.0012539970921352506,0.00042891353950835764
TCGA:HNSCC:TCGA-CN-5355-01,HNSCC,HNSCC,6.120878470738944e-09,0.9999997615814209,2.5751501198101323e-07,6.617732473124249e-10
TCGA:HNSCC:TCGA-CN-5356-01,HNSCC,HNSCC,0.0015343260020017624,0.99244624376297,0.0041887154802680016,0.001830741879530251
TCGA:HNSCC:TCGA-CN-5358-01,HNSCC,HNSCC,8.682561336570416e-09,0.9999998807907104,1.0476316703034172e-07,1.681837424882815e-08
TCGA:HNSCC:TCGA-CN-5359-01,HNSCC,HNSCC,0.00010163179103983566,0.9967201948165894,0.0029774790164083242,0.00020066632714588195
TCGA:HNSCC:TCGA-CN-5360-01,HNSCC,LSCC,1.6919873360166093e-06,0.0011934450594708323,0.9987869262695312,1.7961037883651443e-05
TCGA:HNSCC:TCGA-CN-5361-01,HNSCC,HNSCC,4.849859033129178e-05,0.9996050596237183,0.0003258429642301053,2.057385427178815e-05
TCGA:HNSCC:TCGA-CN-5363-01,HNSCC,HNSCC,0.001452971831895411,0.9942815899848938,0.0026150597259402275,0.0016503571532666683
TCGA:HNSCC:TCGA-CN-5364-01,HNSCC,HNSCC,0.0009951319079846144,0.9914851784706116,0.006735172122716904,0.0007845369982533157
TCGA:HNSCC:TCGA-CN-5365-01,HNSCC,HNSCC,3.231881419196725e-05,0.9993096590042114,0.0006542447372339666,3.789898300965433e-06
TCGA:HNSCC:TCGA-CN-5366-01,HNSCC,HNSCC,0.0005394472973421216,0.9966351389884949,0.0024729156866669655,0.00035247227060608566
TCGA:HNSCC:TCGA-CN-5367-01,HNSCC,HNSCC,6.241866503842175e-05,0.9934942126274109,0.0064054266549646854,3.791304334299639e-05
TCGA:HNSCC:TCGA-CN-5369-01,HNSCC,HNSCC,0.0007541388040408492,0.9970530271530151,0.001871985848993063,0.0003208284906577319
TCGA:HNSCC:TCGA-CN-5370-01,HNSCC,HNSCC,0.0009002233855426311,0.9925191402435303,0.0054910494945943356,0.0010895702289417386
TCGA:HNSCC:TCGA-CN-5373-01,HNSCC,HNSCC,6.722716079821112e-06,0.9999688267707825,1.842797064455226e-05,6.03988428338198e-06
TCGA:HNSCC:TCGA-CN-5374-01,HNSCC,HNSCC,0.004458008799701929,0.9908190369606018,0.003963564522564411,0.0007594163762405515
TCGA:HNSCC:TCGA-CN-6010-01,HNSCC,HNSCC,0.0020024648401886225,0.9469213485717773,0.04957446828484535,0.0015016903635114431
TCGA:HNSCC:TCGA-CN-6011-01,HNSCC,HNSCC,0.00011098573304479942,0.9994240999221802,0.00043720207759179175,2.773972119030077e-05
TCGA:HNSCC:TCGA-CN-6012-01,HNSCC,HNSCC,0.002224383410066366,0.9838381409645081,0.012398217804729939,0.0015392597997561097
TCGA:HNSCC:TCGA-CN-6013-01,HNSCC,HNSCC,2.0374529412947595e-05,0.9995068311691284,0.00045437130029313266,1.843080281105358e-05
TCGA:HNSCC:TCGA-CN-6016-01,HNSCC,HNSCC,6.102160909904342e-07,0.9999991059303284,2.508354555175174e-07,2.5583533513895418e-08
TCGA:HNSCC:TCGA-CN-6017-01,HNSCC,HNSCC,7.584877437238902e-08,0.9999974370002747,2.200590188294882e-06,2.919734356510162e-07
TCGA:HNSCC:TCGA-CN-6018-01,HNSCC,HNSCC,4.704049206338823e-05,0.9997450113296509,0.00018883764278143644,1.9114240785711445e-05
TCGA:HNSCC:TCGA-CN-6019-01,HNSCC,HNSCC,0.002989866305142641,0.9813763499259949,0.013323875144124031,0.002309932140633464
TCGA:HNSCC:TCGA-CN-6020-01,HNSCC,HNSCC,8.917940275132707e-10,0.9999999403953552,6.863830037673324e-08,2.6789721552233914e-09
TCGA:HNSCC:TCGA-CN-6021-01,HNSCC,HNSCC,0.004536880645900965,0.9907326698303223,0.0039118011482059956,0.0008186776540242136
TCGA:HNSCC:TCGA-CN-6022-01,HNSCC,HNSCC,0.0008240843308158219,0.9958069920539856,0.002825175877660513,0.000543750764336437
TCGA:HNSCC:TCGA-CN-6023-01,HNSCC,HNSCC,0.008303859271109104,0.8310039639472961,0.1446903496980667,0.01600182056427002
TCGA:HNSCC:TCGA-CN-6024-01,HNSCC,HNSCC,8.914835980533553e-09,0.9999924302101135,7.5702978392655496e-06,4.038051670818277e-09
TCGA:HNSCC:TCGA-CN-6988-01,HNSCC,HNSCC,0.0008050036267377436,0.9942032694816589,0.004082644358277321,0.0009090807288885117
TCGA:HNSCC:TCGA-CN-6989-01,HNSCC,HNSCC,0.00286479271017015,0.9658368229866028,0.029666205868124962,0.0016321863513439894
TCGA:HNSCC:TCGA-CN-6992-01,HNSCC,HNSCC,0.0004693088703788817,0.9707911014556885,0.02842022106051445,0.0003193748998455703
TCGA:HNSCC:TCGA-CN-6994-01,HNSCC,HNSCC,3.6596961017210106e-09,0.9999999403953552,7.941057589277989e-08,1.9098913561776953e-09
TCGA:HNSCC:TCGA-CN-6995-01,HNSCC,HNSCC,0.0013059889897704124,0.9950568079948425,0.002760886214673519,0.0008763224468566477
TCGA:HNSCC:TCGA-CN-6996-01,HNSCC,HNSCC,0.0004149652668274939,0.9984114766120911,0.000831409590318799,0.00034213843173347414
TCGA:HNSCC:TCGA-CN-6997-01,HNSCC,HNSCC,0.003470779163762927,0.8711657524108887,0.12116523832082748,0.004198261070996523
TCGA:HNSCC:TCGA-CN-6998-01,HNSCC,HNSCC,1.0420972529345818e-08,1.0,8.286021646597419e-09,8.917099836303066e-10
TCGA:HNSCC:TCGA-CN-A497-01,HNSCC,HNSCC,0.0021676456090062857,0.9694455862045288,0.027068568393588066,0.001318228431046009
TCGA:HNSCC:TCGA-CN-A498-01,HNSCC,HNSCC,4.682280177803477e-06,0.9985376596450806,0.001452031428925693,5.609103027381934e-06
TCGA:HNSCC:TCGA-CN-A499-01,HNSCC,HNSCC,0.0011320961639285088,0.9910076856613159,0.00682814372703433,0.0010321014560759068
TCGA:HNSCC:TCGA-CN-A49A-01,HNSCC,HNSCC,1.7923093764693476e-05,0.9807500243186951,0.01922919787466526,2.8465071864047786e-06
TCGA:HNSCC:TCGA-CN-A49B-01,HNSCC,HNSCC,3.836649739241693e-06,0.9997695684432983,0.0002225155767519027,4.05921400670195e-06
TCGA:HNSCC:TCGA-CN-A49C-01,HNSCC,HNSCC,0.0007366605568677187,0.9972682595252991,0.0015374108916148543,0.00045764329843223095
TCGA:HNSCC:TCGA-CN-A63T-01,HNSCC,HNSCC,0.0011787664843723178,0.990272581577301,0.007171977311372757,0.001376663101837039
TCGA:HNSCC:TCGA-CN-A63U-01,HNSCC,HNSCC,0.032432835549116135,0.6331779956817627,0.2775232195854187,0.05686592683196068
TCGA:HNSCC:TCGA-CN-A63V-01,HNSCC,HNSCC,0.003907186910510063,0.9903252720832825,0.005499378778040409,0.00026815675664693117
TCGA:HNSCC:TCGA-CN-A63W-01,HNSCC,HNSCC,1.2306076158097312e-08,0.9999908208847046,9.105824574362487e-06,3.263594550162452e-08
TCGA:HNSCC:TCGA-CN-A641-01,HNSCC,HNSCC,0.001779439626261592,0.9822428822517395,0.013136849738657475,0.0028408425860106945
TCGA:HNSCC:TCGA-CN-A642-01,HNSCC,HNSCC,0.009692412801086903,0.9797725081443787,0.009400071576237679,0.0011350063141435385
TCGA:HNSCC:TCGA-CN-A6UY-01,HNSCC,HNSCC,0.02428334392607212,0.943756639957428,0.025210388004779816,0.0067496271803975105
TCGA:HNSCC:TCGA-CN-A6V1-01,HNSCC,HNSCC,0.0028136440087109804,0.9843763709068298,0.011408405378460884,0.001401572022587061
TCGA:HNSCC:TCGA-CN-A6V3-01,HNSCC,HNSCC,0.0006717948708683252,0.9957860708236694,0.0027472139336168766,0.0007949144346639514
TCGA:HNSCC:TCGA-CN-A6V6-01,HNSCC,HNSCC,1.3118485185259487e-05,0.9996231198310852,0.0003584726946428418,5.281073299556738e-06
TCGA:HNSCC:TCGA-CN-A6V7-01,HNSCC,HNSCC,8.488485036650673e-06,0.9994850158691406,0.0004999875673092902,6.524115633510519e-06
TCGA:HNSCC:TCGA-CQ-5323-01,HNSCC,HNSCC,9.957976772057009e-07,0.9999760389328003,2.2556656404049136e-05,4.365316215171333e-07
TCGA:HNSCC:TCGA-CQ-5324-01,HNSCC,HNSCC,1.6769825379014947e-05,0.9997920393943787,0.0001762306346790865,1.4964272850193083e-05
TCGA:HNSCC:TCGA-CQ-5325-01,HNSCC,HNSCC,9.572969247528818e-06,0.9999480843544006,3.8583792047575116e-05,3.761556172321434e-06
TCGA:HNSCC:TCGA-CQ-5326-01,HNSCC,HNSCC,2.3926202175061917e-06,0.9999679327011108,2.6167010219069198e-05,3.5063228551734937e-06
TCGA:HNSCC:TCGA-CQ-5327-01,HNSCC,HNSCC,3.742490406466459e-08,0.9999999403953552,5.019743731793369e-09,3.4378969115955726e-10
TCGA:HNSCC:TCGA-CQ-5329-01,HNSCC,HNSCC,0.0036177481524646282,0.9923372864723206,0.0031412355601787567,0.0009037168929353356
TCGA:HNSCC:TCGA-CQ-5330-01,HNSCC,HNSCC,7.760274456813931e-05,0.9996935725212097,0.00019895118020940572,2.985076753247995e-05
TCGA:HNSCC:TCGA-CQ-5331-01,HNSCC,HNSCC,1.0764751756653368e-08,1.0,4.810630560569962e-09,2.7327690110823255e-10
TCGA:HNSCC:TCGA-CQ-5332-01,HNSCC,HNSCC,1.2614535989996511e-05,0.9983920454978943,0.001586884493008256,8.439902558166068e-06
TCGA:HNSCC:TCGA-CQ-5333-01,HNSCC,HNSCC,0.0005725103546865284,0.9994187951087952,7.126361197151709e-06,1.549520334265253e-06
TCGA:HNSCC:TCGA-CQ-5334-01,HNSCC,HNSCC,9.619002412364352e-06,0.9999569058418274,2.276420855196193e-05,1.072619761544047e-05
TCGA:HNSCC:TCGA-CQ-6218-01,HNSCC,HNSCC,1.8528544387663715e-06,0.9999758005142212,2.09457975870464e-05,1.4266457810663269e-06
TCGA:HNSCC:TCGA-CQ-6219-01,HNSCC,HNSCC,4.9322963604936376e-05,0.9998458027839661,8.70546282385476e-05,1.7832220692071132e-05
TCGA:HNSCC:TCGA-CQ-6220-01,HNSCC,HNSCC,6.156744003504855e-09,1.0,1.8178701211013504e-08,2.093955897564115e-09
TCGA:HNSCC:TCGA-CQ-6222-01,HNSCC,HNSCC,0.00012268572754692286,0.9997009038925171,0.00010051311983261257,7.588990411022678e-05
TCGA:HNSCC:TCGA-CQ-6223-01,HNSCC,HNSCC,0.0008862036047503352,0.9936643242835999,0.004616717807948589,0.0008327438263222575
TCGA:HNSCC:TCGA-CQ-6224-01,HNSCC,HNSCC,0.00015623224317096174,0.9993700385093689,0.00042357665370218456,5.0145434215664864e-05
TCGA:HNSCC:TCGA-CQ-6225-01,HNSCC,LSCC,0.002303685527294874,0.04814700782299042,0.9464946985244751,0.0030545883346349
TCGA:HNSCC:TCGA-CQ-6227-01,HNSCC,HNSCC,0.000702040852047503,0.9979099035263062,0.0009963818592950702,0.0003916966961696744
TCGA:HNSCC:TCGA-CQ-6228-01,HNSCC,HNSCC,0.002495894907042384,0.8914347887039185,0.1039990484714508,0.0020702520851045847
TCGA:HNSCC:TCGA-CQ-6229-01,HNSCC,HNSCC,3.4849627628119606e-09,1.0,1.3568495660365443e-08,7.367801924118567e-10
TCGA:HNSCC:TCGA-CQ-7063-01,HNSCC,HNSCC,0.0010447081876918674,0.9980440735816956,0.0005879316595382988,0.0003232851449865848
TCGA:HNSCC:TCGA-CQ-7065-01,HNSCC,HNSCC,0.002146583516150713,0.9920099377632141,0.004693412687629461,0.0011500668479129672
TCGA:HNSCC:TCGA-CQ-7067-01,HNSCC,HNSCC,0.0013259678380563855,0.9892873167991638,0.008435535244643688,0.0009511850075796247
TCGA:HNSCC:TCGA-CQ-7068-01,HNSCC,HNSCC,0.0013811070239171386,0.9971944093704224,0.0010577351786196232,0.00036673981230705976
TCGA:HNSCC:TCGA-CQ-7069-01,HNSCC,HNSCC,0.0014599342830479145,0.9908636808395386,0.006496088579297066,0.0011802990920841694
TCGA:HNSCC:TCGA-CQ-7071-01,HNSCC,HNSCC,1.0105378756009031e-08,0.9999999403953552,3.953716642968175e-08,2.1796899840609285e-09
TCGA:HNSCC:TCGA-CQ-7072-01,HNSCC,HNSCC,0.005504764150828123,0.8776057362556458,0.10429774224758148,0.012591782957315445
TCGA:HNSCC:TCGA-CQ-A4C6-01,HNSCC,HNSCC,2.0242193841113476e-06,0.9999892115592957,7.707895747444127e-06,1.0408068646938773e-06
TCGA:HNSCC:TCGA-CQ-A4C9-01,HNSCC,HNSCC,0.007045457139611244,0.9057654142379761,0.08233461529016495,0.004854502156376839
TCGA:HNSCC:TCGA-CQ-A4CA-01,HNSCC,HNSCC,0.0002523396397009492,0.9985543489456177,0.0011415528133511543,5.1739854825427756e-05
TCGA:HNSCC:TCGA-CQ-A4CB-01,HNSCC,HNSCC,3.175852270942414e-06,0.9999150037765503,8.0274032370653e-05,1.541327378618007e-06
TCGA:HNSCC:TCGA-CQ-A4CD-01,HNSCC,HNSCC,1.943056382458508e-08,0.9999969005584717,3.071765377171687e-06,4.488873273089666e-09
TCGA:HNSCC:TCGA-CQ-A4CE-01,HNSCC,HNSCC,0.0004255234671290964,0.9985875487327576,0.00068399787414819,0.00030291988514363766
TCGA:HNSCC:TCGA-CQ-A4CG-01,HNSCC,HNSCC,0.001029105274938047,0.9916358590126038,0.00657226238399744,0.0007627712329849601
TCGA:HNSCC:TCGA-CQ-A4CH-01,HNSCC,HNSCC,0.00019287412578705698,0.9993357062339783,0.0004137673240620643,5.7659319281810895e-05
TCGA:HNSCC:TCGA-CQ-A4CI-01,HNSCC,LSCC,3.32256022375077e-05,0.008136025629937649,0.9917325377464294,9.823649452300742e-05
TCGA:HNSCC:TCGA-CR-5243-01,HNSCC,HNSCC,0.002416048664599657,0.983707070350647,0.012792547233402729,0.0010843540076166391
TCGA:HNSCC:TCGA-CR-5247-01,HNSCC,HNSCC,1.3385971220358783e-09,1.0,2.4019401578811994e-08,1.4539505155397592e-09
TCGA:HNSCC:TCGA-CR-5248-01,HNSCC,HNSCC,0.0007337829447351396,0.9933540225028992,0.005399136338382959,0.0005130543722771108
TCGA:HNSCC:TCGA-CR-5249-01,HNSCC,HNSCC,0.00041274732211604714,0.9967130422592163,0.002543887123465538,0.0003303260018583387
TCGA:HNSCC:TCGA-CR-5250-01,HNSCC,HNSCC,7.283114246092737e-05,0.9994644522666931,0.0003951509715989232,6.754665810149163e-05
TCGA:HNSCC:TCGA-CR-6467-01,HNSCC,HNSCC,1.7641316674144036e-07,0.9999942779541016,5.10553945787251e-06,4.325913209868304e-07
TCGA:HNSCC:TCGA-CR-6470-01,HNSCC,HNSCC,0.004360811784863472,0.9536860585212708,0.04086942598223686,0.0010837205918505788
TCGA:HNSCC:TCGA-CR-6471-01,HNSCC,HNSCC,8.851346677829497e-08,0.9999998807907104,2.9123810030284858e-09,6.69989841384222e-10
TCGA:HNSCC:TCGA-CR-6472-01,HNSCC,HNSCC,1.5409974366775714e-05,0.9998039603233337,0.00017542207206133753,5.183622761251172e-06
TCGA:HNSCC:TCGA-CR-6473-01,HNSCC,HNSCC,0.0006576703162863851,0.8939977884292603,0.10487701743841171,0.0004675281816162169
TCGA:HNSCC:TCGA-CR-6474-01,HNSCC,HNSCC,7.856793438065779e-09,0.9999997019767761,2.612990499528678e-07,1.3837553325402041e-09
TCGA:HNSCC:TCGA-CR-6477-01,HNSCC,HNSCC,0.000594388518948108,0.9978159666061401,0.001200360246002674,0.0003892690874636173
TCGA:HNSCC:TCGA-CR-6478-01,HNSCC,HNSCC,0.001163484645076096,0.9928217530250549,0.004906010814011097,0.0011087547754868865
TCGA:HNSCC:TCGA-CR-6480-01,HNSCC,HNSCC,0.0017713273409754038,0.9912731051445007,0.005685918033123016,0.0012696784688159823
TCGA:HNSCC:TCGA-CR-6481-01,HNSCC,HNSCC,0.0033259110059589148,0.9877079129219055,0.008239868097007275,0.0007263050647452474
TCGA:HNSCC:TCGA-CR-6482-01,HNSCC,HNSCC,0.00022537086624652147,0.9930097460746765,0.001980743370950222,0.004784165881574154
TCGA:HNSCC:TCGA-CR-6484-01,HNSCC,HNSCC,0.0014848281862214208,0.9943679571151733,0.0035952625330537558,0.0005519804544746876
TCGA:HNSCC:TCGA-CR-6487-01,HNSCC,HNSCC,3.852868394460529e-05,0.9980242252349854,0.0015554747078567743,0.0003817682736553252
TCGA:HNSCC:TCGA-CR-6488-01,HNSCC,HNSCC,1.4610706784878857e-05,0.9999017715454102,7.010565605014563e-05,1.3505165043170564e-05
TCGA:HNSCC:TCGA-CR-6491-01,HNSCC,HNSCC,9.946218293421794e-10,1.0,1.716925801531488e-08,1.7492712833799828e-09
TCGA:HNSCC:TCGA-CR-6492-01,HNSCC,HNSCC,4.595380687533179e-06,0.9999442100524902,4.867168900091201e-05,2.5521071620460134e-06
TCGA:HNSCC:TCGA-CR-6493-01,HNSCC,HNSCC,7.902704237494618e-05,0.9995110034942627,0.00036307581467553973,4.6906810894142836e-05
TCGA:HNSCC:TCGA-CR-7364-01,HNSCC,HNSCC,1.2821778000216e-05,0.9992139935493469,0.0007597813382744789,1.3427528756437823e-05
TCGA:HNSCC:TCGA-CR-7365-01,HNSCC,HNSCC,6.522759665728017e-09,1.0,1.752236755692138e-08,3.139501436599801e-10
TCGA:HNSCC:TCGA-CR-7367-01,HNSCC,HNSCC,0.0015342587139457464,0.9934311509132385,0.004326466005295515,0.00070809485623613
TCGA:HNSCC:TCGA-CR-7368-01,HNSCC,HNSCC,8.815820365271065e-06,0.9997724294662476,0.0002135678951162845,5.1741085371759254e-06
TCGA:HNSCC:TCGA-CR-7369-01,HNSCC,HNSCC,0.00047156537766568363,0.9974691271781921,0.0017941143596544862,0.0002652030379977077
TCGA:HNSCC:TCGA-CR-7370-01,HNSCC,HNSCC,0.005407237913459539,0.9055541157722473,0.0817946270108223,0.007244037929922342
TCGA:HNSCC:TCGA-CR-7371-01,HNSCC,HNSCC,0.0011624639155343175,0.9528074264526367,0.04414835199713707,0.0018817700911313295
TCGA:HNSCC:TCGA-CR-7372-01,HNSCC,HNSCC,0.0010319978464394808,0.9978141784667969,0.0008225548081099987,0.00033125304616987705
TCGA:HNSCC:TCGA-CR-7373-01,HNSCC,HNSCC,0.0014830147847533226,0.9965499043464661,0.0013173208571970463,0.0006497321301139891
TCGA:HNSCC:TCGA-CR-7374-01,HNSCC,HNSCC,0.00019143665849696845,0.9747176170349121,0.024662701413035393,0.00042822587420232594
TCGA:HNSCC:TCGA-CR-7376-01,HNSCC,HNSCC,0.00144098955206573,0.9947212338447571,0.002851633820682764,0.000986158032901585
TCGA:HNSCC:TCGA-CR-7377-01,HNSCC,HNSCC,2.9494597129087197e-06,0.999987781047821,8.198030627681874e-06,1.0798705716297263e-06
TCGA:HNSCC:TCGA-CR-7379-01,HNSCC,HNSCC,5.351669187803054e-06,0.9999574422836304,3.4678745578275993e-05,2.525090394556173e-06
TCGA:HNSCC:TCGA-CR-7380-01,HNSCC,HNSCC,0.0004873781290370971,0.9984747171401978,0.0007707479526288807,0.00026713035185821354
TCGA:HNSCC:TCGA-CR-7382-01,HNSCC,HNSCC,7.28134239125211e-07,0.9999943971633911,2.2251047084864695e-06,2.6711122700362466e-06
TCGA:HNSCC:TCGA-CR-7383-01,HNSCC,HNSCC,1.9532444639480673e-07,0.9999398589134216,5.985741881886497e-05,8.368476756004384e-08
TCGA:HNSCC:TCGA-CR-7385-01,HNSCC,HNSCC,0.0008997914846986532,0.9926642179489136,0.005875445436686277,0.00056057347683236
TCGA:HNSCC:TCGA-CR-7386-01,HNSCC,HNSCC,8.970798262453172e-06,0.9998626708984375,0.00011991442443104461,8.45411886984948e-06
TCGA:HNSCC:TCGA-CR-7388-01,HNSCC,HNSCC,4.79518057545647e-05,0.9989403486251831,0.0008970428607426584,0.00011465956049505621
TCGA:HNSCC:TCGA-CR-7389-01,HNSCC,HNSCC,0.0011855975026264787,0.9864599704742432,0.011754895560443401,0.000599536404479295
TCGA:HNSCC:TCGA-CR-7390-01,HNSCC,HNSCC,2.8603719393061056e-09,0.9999997019767761,2.9014614710831665e-07,1.3516949781688936e-09
TCGA:HNSCC:TCGA-CR-7391-01,HNSCC,HNSCC,0.00014405058755073696,0.999511182308197,0.00028123799711465836,6.354917422868311e-05
TCGA:HNSCC:TCGA-CR-7392-01,HNSCC,HNSCC,7.192944758571684e-05,0.9989202618598938,0.000865366542711854,0.0001424456131644547
TCGA:HNSCC:TCGA-CR-7393-01,HNSCC,HNSCC,0.0015517787542194128,0.995518684387207,0.0020732672419399023,0.000856297614518553
TCGA:HNSCC:TCGA-CR-7394-01,HNSCC,HNSCC,1.0211302651441656e-05,0.9999542832374573,2.881330692616757e-05,6.703966391796712e-06
TCGA:HNSCC:TCGA-CR-7395-01,HNSCC,HNSCC,2.4221746571129188e-05,0.9998988509178162,6.722586113028228e-05,9.703079740575049e-06
TCGA:HNSCC:TCGA-CR-7397-01,HNSCC,HNSCC,6.649061106145382e-06,0.9999583959579468,3.205233224434778e-05,2.9089801500958856e-06
TCGA:HNSCC:TCGA-CR-7398-01,HNSCC,HNSCC,0.002130010398104787,0.9737504720687866,0.02291310392320156,0.001206409651786089
TCGA:HNSCC:TCGA-CR-7399-01,HNSCC,LSCC,0.00025097656180150807,0.44869887828826904,0.5510085821151733,4.1578761738492176e-05
TCGA:HNSCC:TCGA-CR-7401-01,HNSCC,HNSCC,6.138309254311025e-05,0.9997186660766602,0.00020042531832586974,1.9535727915354073e-05
TCGA:HNSCC:TCGA-CR-7402-01,HNSCC,HNSCC,4.645823992177611e-08,0.999991774559021,8.08448839961784e-06,9.47809155604773e-08
TCGA:HNSCC:TCGA-CR-7404-01,HNSCC,HNSCC,9.247597517969552e-06,0.9959911704063416,0.003992123529314995,7.473659479728667e-06
TCGA:HNSCC:TCGA-CV-5430-01,HNSCC,HNSCC,0.0006497999420389533,0.9787903428077698,0.019439920783042908,0.0011199325090274215
TCGA:HNSCC:TCGA-CV-5431-01,HNSCC,HNSCC,0.0032564871944487095,0.9498373866081238,0.04522821307182312,0.0016779208090156317
TCGA:HNSCC:TCGA-CV-5432-01,HNSCC,HNSCC,0.002014891942963004,0.9279729723930359,0.06892961263656616,0.00108250230550766
TCGA:HNSCC:TCGA-CV-5434-01,HNSCC,LSCC,0.000727896171156317,0.475125253200531,0.5236005187034607,0.0005463460111059248
TCGA:HNSCC:TCGA-CV-5435-01,HNSCC,HNSCC,0.00048031058395281434,0.7700369358062744,0.22902105748653412,0.00046170942368917167
TCGA:HNSCC:TCGA-CV-5436-01,HNSCC,HNSCC,9.60213863976378e-09,0.9999999403953552,6.75794566973309e-08,3.719067276364285e-10
TCGA:HNSCC:TCGA-CV-5439-01,HNSCC,HNSCC,2.503649625396065e-07,0.9999781250953674,2.134783790097572e-05,2.503715279544849e-07
TCGA:HNSCC:TCGA-CV-5440-01,HNSCC,HNSCC,0.0003424091264605522,0.9852486848831177,0.014161739498376846,0.00024719402426853776
TCGA:HNSCC:TCGA-CV-5441-01,HNSCC,HNSCC,5.787574536952889e-06,0.9999650716781616,2.5706784072099254e-05,3.4622630664671306e-06
TCGA:HNSCC:TCGA-CV-5442-01,HNSCC,HNSCC,6.378943362506106e-05,0.9999356865882874,4.998231588615454e-07,3.2410731876097998e-09
TCGA:HNSCC:TCGA-CV-5443-01,HNSCC,HNSCC,7.369532681877899e-07,0.9998788833618164,0.0001197944802697748,5.940367486800824e-07
TCGA:HNSCC:TCGA-CV-5444-01,HNSCC,HNSCC,0.0014603810850530863,0.9965853095054626,0.001508012879639864,0.00044632621575146914
TCGA:HNSCC:TCGA-CV-5966-01,HNSCC,HNSCC,0.0075386883690953255,0.9521492719650269,0.03846721351146698,0.0018448279006406665
TCGA:HNSCC:TCGA-CV-5970-01,HNSCC,HNSCC,0.00042083158041350543,0.9982690215110779,0.0010051410645246506,0.00030501733999699354
TCGA:HNSCC:TCGA-CV-5971-01,HNSCC,HNSCC,0.00796931330114603,0.9911730885505676,0.0006212881999090314,0.00023631687508895993
TCGA:HNSCC:TCGA-CV-5973-01,HNSCC,HNSCC,0.0014081996632739902,0.997838020324707,0.0006295022321864963,0.00012425439490471035
TCGA:HNSCC:TCGA-CV-5976-01,HNSCC,HNSCC,0.0005182950990274549,0.9981808066368103,0.000988060375675559,0.00031281934934668243
TCGA:HNSCC:TCGA-CV-5977-01,HNSCC,HNSCC,5.97583920125544e-08,0.9999998807907104,4.1729755650976585e-08,9.160580072276048e-10
TCGA:HNSCC:TCGA-CV-5978-01,HNSCC,LSCC,2.21353711822303e-05,0.03148806467652321,0.9684824347496033,7.365053079411155e-06
TCGA:HNSCC:TCGA-CV-5979-01,HNSCC,HNSCC,0.001414235564880073,0.9859139919281006,0.011263207532465458,0.0014085507718846202
TCGA:HNSCC:TCGA-CV-6003-01,HNSCC,HNSCC,0.0006150317494757473,0.9973384737968445,0.0016543557867407799,0.0003921310417354107
TCGA:HNSCC:TCGA-CV-6433-01,HNSCC,HNSCC,0.00020504767599049956,0.9995210766792297,0.0002696978917811066,4.206605353829218e-06
TCGA:HNSCC:TCGA-CV-6436-01,HNSCC,HNSCC,6.67054919176735e-05,0.9998611211776733,4.90712009195704e-05,2.3128794055082835e-05
TCGA:HNSCC:TCGA-CV-6441-01,HNSCC,HNSCC,0.005127302370965481,0.9125386476516724,0.07241763174533844,0.009916447103023529
TCGA:HNSCC:TCGA-CV-6933-01,HNSCC,HNSCC,3.116525931545766e-06,0.9998391270637512,0.00015431387873832136,3.4483716717659263e-06
TCGA:HNSCC:TCGA-CV-6934-01,HNSCC,HNSCC,4.310448176170212e-08,0.999965250492096,3.4684697311604396e-05,2.1870141253543807e-08
TCGA:HNSCC:TCGA-CV-6935-01,HNSCC,HNSCC,6.1464234022423625e-06,0.9998998641967773,8.821115625323728e-05,5.801769020763459e-06
TCGA:HNSCC:TCGA-CV-6936-01,HNSCC,HNSCC,0.0037829407956451178,0.9931581020355225,0.0024591428227722645,0.000599815568421036
TCGA:HNSCC:TCGA-CV-6937-01,HNSCC,HNSCC,0.018503988161683083,0.9547906517982483,0.023531990125775337,0.0031733775977045298
TCGA:HNSCC:TCGA-CV-6938-01,HNSCC,HNSCC,2.733909605012741e-05,0.999942421913147,2.2626949430559762e-05,7.603648555232212e-06
TCGA:HNSCC:TCGA-CV-6939-01,HNSCC,HNSCC,0.002143583493307233,0.9781646132469177,0.01660636067390442,0.0030854609794914722
TCGA:HNSCC:TCGA-CV-6940-01,HNSCC,HNSCC,0.001020298688672483,0.9836224317550659,0.014562900178134441,0.0007943941163830459
TCGA:HNSCC:TCGA-CV-6941-01,HNSCC,HNSCC,0.0008298993925563991,0.9926224946975708,0.00604027695953846,0.0005073055508546531
TCGA:HNSCC:TCGA-CV-6942-01,HNSCC,HNSCC,0.0004965495318174362,0.9909496903419495,0.008402494713664055,0.00015128857921808958
TCGA:HNSCC:TCGA-CV-6943-01,HNSCC,HNSCC,6.78247413787858e-09,1.0,6.530014751149338e-09,3.6230263233960613e-09
TCGA:HNSCC:TCGA-CV-6945-01,HNSCC,HNSCC,0.0004507848061621189,0.966189980506897,0.03313085436820984,0.0002284111105836928
TCGA:HNSCC:TCGA-CV-6948-01,HNSCC,LSCC,0.006145041901618242,0.12504781782627106,0.8611916303634644,0.007615501526743174
TCGA:HNSCC:TCGA-CV-6950-01,HNSCC,HNSCC,0.0009561865590512753,0.9942994117736816,0.004130268003791571,0.0006141226622276008
TCGA:HNSCC:TCGA-CV-6951-01,HNSCC,HNSCC,0.0009014011593535542,0.9921024441719055,0.006414953153580427,0.000581179338041693
TCGA:HNSCC:TCGA-CV-6952-01,HNSCC,HNSCC,0.00045447121374309063,0.9987564086914062,0.0004319246800150722,0.00035718578146770597
TCGA:HNSCC:TCGA-CV-6953-01,HNSCC,HNSCC,0.0024719187058508396,0.9957486987113953,0.0013181050308048725,0.00046130194095894694
TCGA:HNSCC:TCGA-CV-6954-01,HNSCC,HNSCC,1.5480576109894173e-07,0.9999895691871643,1.0248449143546168e-05,2.5305784134843634e-08
TCGA:HNSCC:TCGA-CV-6955-01,HNSCC,HNSCC,2.064250770317244e-09,1.0,9.626933916706548e-09,7.242830335485451e-09
TCGA:HNSCC:TCGA-CV-6956-01,HNSCC,HNSCC,0.0009205787791870534,0.9858605861663818,0.012450304813683033,0.0007685379241593182
TCGA:HNSCC:TCGA-CV-6959-01,HNSCC,HNSCC,4.071650892001344e-06,0.9999191164970398,7.548381108790636e-05,1.3502566389433923e-06
TCGA:HNSCC:TCGA-CV-6960-01,HNSCC,HNSCC,0.0009961073519662023,0.9885839223861694,0.0017717828741297126,0.008648180402815342
TCGA:HNSCC:TCGA-CV-6961-01,HNSCC,HNSCC,0.0014600991271436214,0.9474542140960693,0.04628247022628784,0.004803220741450787
TCGA:HNSCC:TCGA-CV-6962-01,HNSCC,HNSCC,0.006497647613286972,0.7944994568824768,0.19192735850811005,0.007075537461787462
TCGA:HNSCC:TCGA-CV-7089-01,HNSCC,HNSCC,4.785514762239984e-10,1.0,1.936738325269971e-09,1.1676926092718531e-10
TCGA:HNSCC:TCGA-CV-7090-01,HNSCC,HNSCC,0.0004934860044158995,0.9984352588653564,0.0007304418832063675,0.0003408212214708328
TCGA:HNSCC:TCGA-CV-7091-01,HNSCC,HNSCC,7.1983163252298255e-06,0.999656617641449,0.0003340330149512738,2.16120429286093e-06
TCGA:HNSCC:TCGA-CV-7095-01,HNSCC,HNSCC,3.286647188360803e-05,0.9998228549957275,0.00010701711289584637,3.7285095459083095e-05
TCGA:HNSCC:TCGA-CV-7097-01,HNSCC,HNSCC,0.002074285177513957,0.9858511090278625,0.011477646417915821,0.0005969355115666986
TCGA:HNSCC:TCGA-CV-7099-01,HNSCC,HNSCC,1.7650156223680824e-05,0.999897301197052,6.788437167415395e-05,1.7175054381368682e-05
TCGA:HNSCC:TCGA-CV-7100-01,HNSCC,HNSCC,0.0009587294771336019,0.9852724671363831,0.012162777595221996,0.0016060161869972944
TCGA:HNSCC:TCGA-CV-7101-01,HNSCC,HNSCC,0.0011121116112917662,0.9901977777481079,0.00777102867141366,0.0009190626442432404
TCGA:HNSCC:TCGA-CV-7102-01,HNSCC,HNSCC,0.0003217285848222673,0.9981402158737183,0.0014911056496202946,4.69617843918968e-05
TCGA:HNSCC:TCGA-CV-7103-01,HNSCC,HNSCC,0.0015455182874575257,0.983165979385376,0.014464879408478737,0.0008236464345827699
TCGA:HNSCC:TCGA-CV-7104-01,HNSCC,HNSCC,4.499774330923856e-09,0.9999999403953552,3.0552222085589165e-08,4.966125288774492e-09
TCGA:HNSCC:TCGA-CV-7177-01,HNSCC,HNSCC,0.0034146832767874002,0.9254116415977478,0.0688193067908287,0.002354363212361932
TCGA:HNSCC:TCGA-CV-7178-01,HNSCC,LSCC,0.003914805129170418,0.488552063703537,0.5061349272727966,0.001398219377733767
TCGA:HNSCC:TCGA-CV-7180-01,HNSCC,HNSCC,0.0005233185365796089,0.9981576204299927,0.0010782122844830155,0.0002408307627774775
TCGA:HNSCC:TCGA-CV-7183-01,HNSCC,HNSCC,0.00014299972099252045,0.9993705749511719,0.0004323132161516696,5.4112213547341526e-05
TCGA:HNSCC:TCGA-CV-7235-01,HNSCC,HNSCC,0.011288058944046497,0.8569706082344055,0.12535135447978973,0.006389996502548456
TCGA:HNSCC:TCGA-CV-7236-01,HNSCC,HNSCC,0.0005557766417041421,0.9979976415634155,0.0011448852019384503,0.000301692052744329
TCGA:HNSCC:TCGA-CV-7238-01,HNSCC,HNSCC,0.000501590664498508,0.9978220462799072,0.001318543218076229,0.00035784111241810024
TCGA:HNSCC:TCGA-CV-7242-01,HNSCC,HNSCC,1.6910800695768557e-05,0.9988398551940918,0.0011186988558620214,2.4508537535439245e-05
TCGA:HNSCC:TCGA-CV-7243-01,HNSCC,HNSCC,3.670245860121213e-05,0.9995861053466797,0.00036962953163310885,7.557364369858988e-06
TCGA:HNSCC:TCGA-CV-7245-01,HNSCC,HNSCC,0.0001910127466544509,0.9880476593971252,0.011631895788013935,0.00012944488844368607
TCGA:HNSCC:TCGA-CV-7247-01,HNSCC,HNSCC,1.931178132963396e-07,0.9999996423721313,1.7538401664296543e-07,3.820102456586483e-09
TCGA:HNSCC:TCGA-CV-7248-01,HNSCC,HNSCC,0.0009141311165876687,0.9775721430778503,0.02079116553068161,0.000722558586858213
TCGA:HNSCC:TCGA-CV-7250-01,HNSCC,HNSCC,0.000730912375729531,0.9953345060348511,0.002655537100508809,0.0012790493201464415
TCGA:HNSCC:TCGA-CV-7252-01,HNSCC,HNSCC,4.524254472926259e-05,0.9989547729492188,0.000954706163611263,4.530148362391628e-05
TCGA:HNSCC:TCGA-CV-7253-01,HNSCC,HNSCC,0.0011233158875256777,0.9900134205818176,0.006185912061482668,0.0026773293502628803
TCGA:HNSCC:TCGA-CV-7254-01,HNSCC,HNSCC,0.01292463205754757,0.5924785137176514,0.3612233102321625,0.03337355703115463
TCGA:HNSCC:TCGA-CV-7255-01,HNSCC,HNSCC,2.2632091713603586e-05,0.9998067021369934,0.00016468791000079364,5.950217655481538e-06
TCGA:HNSCC:TCGA-CV-7261-01,HNSCC,LSCC,5.741923814639449e-06,0.05528988316655159,0.9447013139724731,3.0705457447766094e-06
TCGA:HNSCC:TCGA-CV-7263-01,HNSCC,HNSCC,0.0008788435370661318,0.9936970472335815,0.004854160360991955,0.0005699220928363502
TCGA:HNSCC:TCGA-CV-7406-01,HNSCC,HNSCC,0.0014672548277303576,0.9899385571479797,0.0076149022206664085,0.0009792603086680174
TCGA:HNSCC:TCGA-CV-7407-01,HNSCC,HNSCC,3.2814367045830295e-07,0.9999256730079651,7.291655492736027e-05,1.0663057992132963e-06
TCGA:HNSCC:TCGA-CV-7409-01,HNSCC,HNSCC,1.3813294572173618e-05,0.9995257258415222,0.0004526660486590117,7.805531822668854e-06
TCGA:HNSCC:TCGA-CV-7410-01,HNSCC,HNSCC,0.00023697254073340446,0.9972267150878906,0.0024992527905851603,3.7047386285848916e-05
TCGA:HNSCC:TCGA-CV-7411-01,HNSCC,HNSCC,3.678013672470115e-05,0.9998971819877625,6.113407289376482e-05,4.910736151941819e-06
TCGA:HNSCC:TCGA-CV-7413-01,HNSCC,HNSCC,0.00010903301881626248,0.9980268478393555,0.0018068442586809397,5.724808215745725e-05
TCGA:HNSCC:TCGA-CV-7414-01,HNSCC,HNSCC,0.004423993173986673,0.9905452728271484,0.004617525264620781,0.0004131877503823489
TCGA:HNSCC:TCGA-CV-7415-01,HNSCC,HNSCC,0.0007444380316883326,0.9979224801063538,0.0010458332253620028,0.0002872308832593262
TCGA:HNSCC:TCGA-CV-7416-01,HNSCC,HNSCC,0.0002652776602189988,0.9548627138137817,0.044702254235744476,0.00016975497419480234
TCGA:HNSCC:TCGA-CV-7418-01,HNSCC,HNSCC,2.1583971943073266e-07,0.9931433200836182,0.006855667103081942,7.87905776178377e-07
TCGA:HNSCC:TCGA-CV-7421-01,HNSCC,HNSCC,0.0005434061167761683,0.9897699952125549,0.009344094432890415,0.00034248814336024225
TCGA:HNSCC:TCGA-CV-7422-01,HNSCC,HNSCC,0.001581373973749578,0.9792750477790833,0.01776289753615856,0.0013807001523673534
TCGA:HNSCC:TCGA-CV-7423-01,HNSCC,HNSCC,2.923461033788044e-05,0.9997288584709167,0.00022138463100418448,2.0513962226687e-05
TCGA:HNSCC:TCGA-CV-7424-01,HNSCC,HNSCC,0.007575430441647768,0.5322367548942566,0.4519944489002228,0.008193349465727806
TCGA:HNSCC:TCGA-CV-7425-01,HNSCC,HNSCC,0.0013967301929369569,0.9977466464042664,0.0005500757833942771,0.0003065429627895355
TCGA:HNSCC:TCGA-CV-7427-01,HNSCC,HNSCC,3.974223727709614e-05,0.9999029636383057,3.659123831312172e-05,2.0732482880703174e-05
TCGA:HNSCC:TCGA-CV-7428-01,HNSCC,HNSCC,4.313676981837489e-05,0.9997712969779968,0.0001604895805940032,2.509020487195812e-05
TCGA:HNSCC:TCGA-CV-7429-01,HNSCC,HNSCC,0.003098358167335391,0.9886434674263,0.005668063182383776,0.002590110758319497
TCGA:HNSCC:TCGA-CV-7430-01,HNSCC,HNSCC,1.0778134651445725e-07,0.9999988675117493,9.910002063406864e-07,5.084788146092478e-09
TCGA:HNSCC:TCGA-CV-7432-01,HNSCC,HNSCC,0.0013139225775375962,0.9841445088386536,0.013030735775828362,0.001510835369117558
TCGA:HNSCC:TCGA-CV-7433-01,HNSCC,HNSCC,7.59316171752289e-05,0.9994490742683411,0.00043556580203585327,3.9400831155944616e-05
TCGA:HNSCC:TCGA-CV-7434-01,HNSCC,HNSCC,2.7280031645204872e-05,0.999835193157196,0.00012530393723864108,1.219744353875285e-05
TCGA:HNSCC:TCGA-CV-7435-01,HNSCC,HNSCC,5.532368231797591e-05,0.9983505010604858,0.0015619820915162563,3.220916914870031e-05
TCGA:HNSCC:TCGA-CV-7437-01,HNSCC,HNSCC,8.378500933758914e-05,0.9580634236335754,0.041513457894325256,0.0003393168153706938
TCGA:HNSCC:TCGA-CV-7438-01,HNSCC,HNSCC,0.0003953786217607558,0.9993428587913513,0.0002438961382722482,1.789199268387165e-05
TCGA:HNSCC:TCGA-CV-7440-01,HNSCC,HNSCC,0.007609852124005556,0.9709471464157104,0.008300249464809895,0.013142721727490425
TCGA:HNSCC:TCGA-CV-7446-01,HNSCC,LSCC,0.002903210697695613,0.2307194322347641,0.7638258337974548,0.002551495097577572
TCGA:HNSCC:TCGA-CV-7568-01,HNSCC,LSCC,0.0069397748447954655,0.26289018988609314,0.7271621823310852,0.0030078799463808537
TCGA:HNSCC:TCGA-CV-A45O-01,HNSCC,HNSCC,0.00044898659689351916,0.9978576302528381,0.0012096046702936292,0.00048375551705248654
TCGA:HNSCC:TCGA-CV-A45P-01,HNSCC,HNSCC,0.0006044004112482071,0.9986497163772583,0.0004555744817480445,0.00029033111059106886
TCGA:HNSCC:TCGA-CV-A45Q-01,HNSCC,HNSCC,0.00451264251023531,0.9937105774879456,0.0009086527279578149,0.0008681461331434548
TCGA:HNSCC:TCGA-CV-A45R-01,HNSCC,HNSCC,0.0001516965130576864,0.9995736479759216,0.00023962691193446517,3.502689651213586e-05
TCGA:HNSCC:TCGA-CV-A45T-01,HNSCC,HNSCC,3.752919383259723e-06,0.9999905228614807,4.8139299906324595e-06,9.268385952054814e-07
TCGA:HNSCC:TCGA-CV-A45U-01,HNSCC,HNSCC,9.41287581213146e-09,0.9999963641166687,3.6309500046627363e-06,1.0529349614429862e-09
TCGA:HNSCC:TCGA-CV-A45V-01,HNSCC,HNSCC,7.301365712919505e-06,0.9998142123222351,0.00017335698066744953,5.140284883964341e-06
TCGA:HNSCC:TCGA-CV-A45W-01,HNSCC,LSCC,7.324167654587654e-07,0.001276439055800438,0.9987221956253052,6.205705176398624e-07
TCGA:HNSCC:TCGA-CV-A45X-01,HNSCC,HNSCC,0.000673122180160135,0.9981002807617188,0.0007064303499646485,0.0005201685125939548
TCGA:HNSCC:TCGA-CV-A45Y-01,HNSCC,HNSCC,0.00014494160132016987,0.9931203126907349,0.006623975001275539,0.0001107924836105667
TCGA:HNSCC:TCGA-CV-A45Z-01,HNSCC,LSCC,1.6052180740189215e-07,0.005193556193262339,0.9948056936264038,6.088563964112836e-07
TCGA:HNSCC:TCGA-CV-A460-01,HNSCC,LSCC,4.055327008245513e-05,0.2291134148836136,0.7708377242088318,8.302661626657937e-06
TCGA:HNSCC:TCGA-CV-A461-01,HNSCC,HNSCC,1.652641117289022e-06,0.9986972808837891,0.001243255683220923,5.783221058663912e-05
TCGA:HNSCC:TCGA-CV-A463-01,HNSCC,HNSCC,0.001836711191572249,0.9954219460487366,0.001997485524043441,0.0007438816246576607
TCGA:HNSCC:TCGA-CV-A464-01,HNSCC,HNSCC,0.0007832105620764196,0.9966980218887329,0.0018512089736759663,0.0006675300537608564
TCGA:HNSCC:TCGA-CV-A465-01,HNSCC,HNSCC,0.00011694946442730725,0.9982078075408936,0.0015978285809978843,7.742176239844412e-05
TCGA:HNSCC:TCGA-CV-A468-01,HNSCC,HNSCC,5.785611938335933e-05,0.9994139671325684,0.0004970867885276675,3.1106996175367385e-05
TCGA:HNSCC:TCGA-CV-A6JD-01,HNSCC,HNSCC,9.874381248664577e-06,0.9999899864196777,1.0105562608941909e-07,1.1632070417988416e-08
TCGA:HNSCC:TCGA-CV-A6JE-01,HNSCC,HNSCC,0.0001842635392677039,0.999736487865448,7.187692972365767e-05,7.393864962068619e-06
TCGA:HNSCC:TCGA-CV-A6JM-01,HNSCC,HNSCC,0.004868675488978624,0.9855854511260986,0.0027930368669331074,0.0067528607323765755
TCGA:HNSCC:TCGA-CV-A6JN-01,HNSCC,HNSCC,1.2493815404468478e-07,0.9999998807907104,1.8715728966611778e-09,1.4842167495032754e-09
TCGA:HNSCC:TCGA-CV-A6JO-01,HNSCC,HNSCC,7.622008706675842e-05,0.9998794794082642,2.9355487640714273e-05,1.49239604070317e-05
TCGA:HNSCC:TCGA-CV-A6JT-01,HNSCC,HNSCC,0.003893648274242878,0.9945215582847595,0.0008551922510378063,0.0007295736577361822
TCGA:HNSCC:TCGA-CV-A6JU-01,HNSCC,HNSCC,5.677663352798845e-07,0.9999992847442627,5.0803709683577836e-08,9.165811576394844e-08
TCGA:HNSCC:TCGA-CV-A6JY-01,HNSCC,HNSCC,1.1161892743416502e-08,1.0,7.545623681437519e-09,6.854664613697992e-10
TCGA:HNSCC:TCGA-CV-A6JZ-01,HNSCC,HNSCC,6.119317549746484e-05,0.999716579914093,0.00021639854821842164,5.801003226224566e-06
TCGA:HNSCC:TCGA-CV-A6K0-01,HNSCC,HNSCC,1.041258110490162e-05,0.9998548626899719,0.00013113989552948624,3.5776422464550706e-06
TCGA:HNSCC:TCGA-CV-A6K1-01,HNSCC,HNSCC,0.003096198197454214,0.9941213726997375,0.0017403316451236606,0.001042087678797543
TCGA:HNSCC:TCGA-CV-A6K2-01,HNSCC,HNSCC,5.7560937420930713e-05,0.9996702075004578,0.00024836367811076343,2.3876327759353444e-05
TCGA:HNSCC:TCGA-CX-7085-01,HNSCC,HNSCC,2.466623845975846e-05,0.999854326248169,5.810908260173164e-05,6.287117867032066e-05
TCGA:HNSCC:TCGA-CX-7086-01,HNSCC,HNSCC,5.254743882687762e-06,0.9998329281806946,0.00015720759984105825,4.6326345000125e-06
TCGA:HNSCC:TCGA-CX-7219-01,HNSCC,HNSCC,0.0010977538768202066,0.9945170879364014,0.0023630945943295956,0.0020220796577632427
TCGA:HNSCC:TCGA-CX-A4AQ-01,HNSCC,HNSCC,0.00453160097822547,0.9356353878974915,0.058095287531614304,0.0017377273179590702
TCGA:HNSCC:TCGA-D6-6515-01,HNSCC,HNSCC,0.0014178521232679486,0.9939183592796326,0.003496472490951419,0.0011672974796965718
TCGA:HNSCC:TCGA-D6-6516-01,HNSCC,HNSCC,4.271472789696418e-06,0.9999771118164062,1.703774069028441e-05,1.5506941508647287e-06
TCGA:HNSCC:TCGA-D6-6517-01,HNSCC,HNSCC,0.0007789409137330949,0.9949517250061035,0.003832330461591482,0.00043699817615561187
TCGA:HNSCC:TCGA-D6-6823-01,HNSCC,HNSCC,7.275831848119196e-08,0.9999755620956421,2.4265174943138845e-05,7.859811290700236e-08
TCGA:HNSCC:TCGA-D6-6824-01,HNSCC,HNSCC,0.0001649427431402728,0.9743478894233704,0.0015229174168780446,0.023964250460267067
TCGA:HNSCC:TCGA-D6-6825-01,HNSCC,HNSCC,7.636244525599523e-09,0.9999997019767761,2.5909201895046863e-07,1.3241275631514782e-08
TCGA:HNSCC:TCGA-D6-6826-01,HNSCC,HNSCC,1.397710462924806e-07,0.9999995231628418,2.6593031066113326e-07,5.994819929355799e-08
TCGA:HNSCC:TCGA-D6-6827-01,HNSCC,LSCC,0.011219548061490059,0.01331007108092308,0.9752218723297119,0.00024849240435287356
TCGA:HNSCC:TCGA-D6-8568-01,HNSCC,HNSCC,1.5950168744893745e-05,0.9954046607017517,0.00440749479457736,0.00017187948105856776
TCGA:HNSCC:TCGA-D6-8569-01,HNSCC,HNSCC,0.0014631734229624271,0.9855141639709473,0.01126869022846222,0.0017539652762934566
TCGA:HNSCC:TCGA-D6-A4Z9-01,HNSCC,HNSCC,2.572089942987077e-05,0.9993875026702881,0.0005785952089354396,8.200084266718477e-06
TCGA:HNSCC:TCGA-D6-A4ZB-01,HNSCC,HNSCC,3.629740240285173e-05,0.9914592504501343,0.008485146798193455,1.933383828145452e-05
TCGA:HNSCC:TCGA-D6-A6EK-01,HNSCC,HNSCC,0.0033856199588626623,0.9937824010848999,0.002212348161265254,0.000619619560893625
TCGA:HNSCC:TCGA-D6-A6EM-01,HNSCC,HNSCC,0.007101834286004305,0.9891753196716309,0.002297997707501054,0.0014248316874727607
TCGA:HNSCC:TCGA-D6-A6EN-01,HNSCC,HNSCC,0.008165035396814346,0.9899067282676697,0.0011400481453165412,0.0007881780620664358
TCGA:HNSCC:TCGA-D6-A6EO-01,HNSCC,HNSCC,6.220885140351129e-09,0.9999997019767761,2.7273742375655274e-07,2.2449011538583363e-08
TCGA:HNSCC:TCGA-D6-A6EP-01,HNSCC,BRCA,0.9555399417877197,0.03521370142698288,0.004228096920996904,0.005018274299800396
TCGA:HNSCC:TCGA-D6-A6EQ-01,HNSCC,HNSCC,0.001709513715468347,0.9973124265670776,0.0006180318887345493,0.00035999948158860207
TCGA:HNSCC:TCGA-D6-A6ES-01,HNSCC,HNSCC,0.0007430686382576823,0.9990155696868896,0.00017397705232724547,6.736550130881369e-05
TCGA:HNSCC:TCGA-D6-A74Q-01,HNSCC,HNSCC,0.0011879164958372712,0.7978752255439758,0.19937869906425476,0.0015581835759803653
TCGA:HNSCC:TCGA-DQ-5624-01,HNSCC,HNSCC,2.8292229004023284e-08,0.9999999403953552,2.7413385339514207e-08,4.795862817985608e-09
TCGA:HNSCC:TCGA-DQ-5625-01,HNSCC,HNSCC,0.00023757520830258727,0.9994206428527832,0.00024513210519216955,9.663676610216498e-05
TCGA:HNSCC:TCGA-DQ-5629-01,HNSCC,HNSCC,1.0007527180277975e-06,0.9852890372276306,0.014709686860442162,2.452815976994316e-07
TCGA:HNSCC:TCGA-DQ-5630-01,HNSCC,HNSCC,0.009778434410691261,0.8018912076950073,0.18232513964176178,0.006005235482007265
TCGA:HNSCC:TCGA-DQ-5631-01,HNSCC,HNSCC,0.0026934687048196793,0.9449253082275391,0.04980594292283058,0.0025752936489880085
TCGA:HNSCC:TCGA-DQ-7588-01,HNSCC,HNSCC,7.122666283976287e-05,0.998225212097168,0.0016359159490093589,6.765183206880465e-05
TCGA:HNSCC:TCGA-DQ-7589-01,HNSCC,HNSCC,6.504436896648258e-05,0.9446346759796143,0.05526537820696831,3.489278242341243e-05
TCGA:HNSCC:TCGA-DQ-7590-01,HNSCC,HNSCC,7.249022019095719e-05,0.99554044008255,0.004371302668005228,1.576486465637572e-05
TCGA:HNSCC:TCGA-DQ-7591-01,HNSCC,HNSCC,0.009083420969545841,0.5710176229476929,0.4096356928348541,0.010263236239552498
TCGA:HNSCC:TCGA-DQ-7592-01,HNSCC,HNSCC,0.000867539260070771,0.9940754175186157,0.004506684374064207,0.0005503706634044647
TCGA:HNSCC:TCGA-DQ-7593-01,HNSCC,HNSCC,9.548171510687098e-05,0.9990742802619934,0.0007293010130524635,0.00010094217577716336
TCGA:HNSCC:TCGA-DQ-7594-01,HNSCC,HNSCC,8.691537914273795e-06,0.9996517896652222,0.0003333949716761708,6.15194721831358e-06
TCGA:HNSCC:TCGA-DQ-7595-01,HNSCC,HNSCC,0.0021162000484764576,0.9682209491729736,0.02674981765449047,0.002913048956543207
TCGA:HNSCC:TCGA-DQ-7596-01,HNSCC,HNSCC,3.9287100662477314e-05,0.9995836019515991,0.00036091444781050086,1.6224941646214575e-05
TCGA:HNSCC:TCGA-F7-7848-01,HNSCC,HNSCC,3.5768545785686e-05,0.9956318736076355,0.004229312762618065,0.0001030478160828352
TCGA:HNSCC:TCGA-F7-8298-01,HNSCC,HNSCC,2.7619087632047012e-05,0.9355166554450989,0.06442946940660477,2.6233634343952872e-05
TCGA:HNSCC:TCGA-F7-8489-01,HNSCC,HNSCC,1.9512033759383485e-05,0.9997882843017578,0.0001700979337329045,2.2107979020802304e-05
TCGA:HNSCC:TCGA-F7-A50G-01,HNSCC,HNSCC,0.0006834882660768926,0.9977238178253174,0.0010288369376212358,0.000563838635571301
TCGA:HNSCC:TCGA-F7-A50I-01,HNSCC,HNSCC,0.00024244115047622472,0.9917739033699036,0.007555685471743345,0.00042797898640856147
TCGA:HNSCC:TCGA-F7-A50J-01,HNSCC,HNSCC,5.117390537634492e-05,0.9997587203979492,0.00017209292855113745,1.800233258109074e-05
TCGA:HNSCC:TCGA-F7-A61S-01,HNSCC,HNSCC,6.494996796391206e-06,0.9999755620956421,1.6913098079385236e-05,1.0290165164406062e-06
TCGA:HNSCC:TCGA-F7-A61V-01,HNSCC,HNSCC,0.0007584188715554774,0.9967577457427979,0.002008658368140459,0.00047517174971289933
TCGA:HNSCC:TCGA-F7-A61W-01,HNSCC,HNSCC,5.142656300449744e-05,0.9995890855789185,0.0003467095084488392,1.2775262803188525e-05
TCGA:HNSCC:TCGA-F7-A620-01,HNSCC,HNSCC,5.027130555390613e-06,0.999971866607666,2.11772585316794e-05,1.9201684153813403e-06
TCGA:HNSCC:TCGA-F7-A622-01,HNSCC,HNSCC,3.9861078882097445e-09,0.9999998807907104,1.2691960193933483e-07,9.708160941812594e-10
TCGA:HNSCC:TCGA-F7-A623-01,HNSCC,HNSCC,4.136616098548984e-07,0.9999951124191284,4.456991064216709e-06,3.165338924304706e-08
TCGA:HNSCC:TCGA-F7-A624-01,HNSCC,BRCA,0.6244361400604248,0.010424363426864147,0.006625298410654068,0.3585141897201538
TCGA:HNSCC:TCGA-H7-7774-01,HNSCC,HNSCC,8.065735634943394e-09,0.9999999403953552,3.173802554101712e-08,1.0632066782534366e-08
TCGA:HNSCC:TCGA-H7-8501-01,HNSCC,HNSCC,6.515420682262629e-05,0.9991344809532166,0.0007752907695248723,2.509011210349854e-05
TCGA:HNSCC:TCGA-H7-8502-01,HNSCC,HNSCC,0.0005363896489143372,0.9977831840515137,0.0012618862092494965,0.00041852545109577477
TCGA:HNSCC:TCGA-H7-A6C4-01,HNSCC,HNSCC,3.0600211253783982e-09,1.0,7.678565339119814e-09,2.2771751151395847e-09
TCGA:HNSCC:TCGA-H7-A76A-01,HNSCC,HNSCC,0.0055747064761817455,0.9722796678543091,0.020476162433624268,0.0016694858204573393
TCGA:HNSCC:TCGA-HD-7229-01,HNSCC,HNSCC,4.470206871332039e-09,0.9999998807907104,1.2543758032279584e-07,2.555035516493831e-09
TCGA:HNSCC:TCGA-HD-7753-01,HNSCC,HNSCC,6.288409167609643e-06,0.9998937249183655,9.480865264777094e-05,5.196442998567363e-06
TCGA:HNSCC:TCGA-HD-7754-01,HNSCC,HNSCC,2.8030475732521154e-05,0.9981656670570374,0.0017766488017514348,2.964756276924163e-05
TCGA:HNSCC:TCGA-HD-7831-01,HNSCC,HNSCC,0.0007295028190128505,0.9954100847244263,0.0035293614491820335,0.0003310629108455032
TCGA:HNSCC:TCGA-HD-7832-01,HNSCC,HNSCC,0.0008999937563203275,0.9957367181777954,0.0028649091254919767,0.0004984035040251911
TCGA:HNSCC:TCGA-HD-7917-01,HNSCC,HNSCC,7.241787534439936e-05,0.9985967874526978,0.0012970358366146684,3.377770190127194e-05
TCGA:HNSCC:TCGA-HD-8224-01,HNSCC,LSCC,0.18799957633018494,0.23504041135311127,0.5174378752708435,0.05952213704586029
TCGA:HNSCC:TCGA-HD-8314-01,HNSCC,HNSCC,0.006884104572236538,0.9836954474449158,0.00857024360448122,0.0008501757401973009
TCGA:HNSCC:TCGA-HD-8634-01,HNSCC,HNSCC,8.697934816837005e-09,1.0,6.890362502787184e-09,1.8357258768642026e-10
TCGA:HNSCC:TCGA-HD-8635-01,HNSCC,HNSCC,0.0035867991391569376,0.9636237621307373,0.028355872258543968,0.004433569498360157
TCGA:HNSCC:TCGA-HD-A4C1-01,HNSCC,HNSCC,0.000623775296844542,0.9982238411903381,0.0007436317391693592,0.0004087492998223752
TCGA:HNSCC:TCGA-HD-A633-01,HNSCC,HNSCC,0.003992202691733837,0.9874560832977295,0.00657113641500473,0.0019805850461125374
TCGA:HNSCC:TCGA-HD-A634-01,HNSCC,BRCA,0.968215823173523,0.01128270011395216,0.014070631936192513,0.00643081683665514
TCGA:HNSCC:TCGA-HD-A6HZ-01,HNSCC,HNSCC,7.667332546645866e-09,0.9999783635139465,2.1629883121931925e-05,7.265540613587973e-09
TCGA:HNSCC:TCGA-HD-A6I0-01,HNSCC,HNSCC,0.0012087940704077482,0.9981227517127991,0.00036187711521051824,0.00030659965705126524
TCGA:HNSCC:TCGA-HL-7533-01,HNSCC,HNSCC,0.008719646371901035,0.9884448051452637,0.0022228958550840616,0.0006126436055637896
TCGA:HNSCC:TCGA-IQ-7630-01,HNSCC,HNSCC,0.00038006651448085904,0.995670735836029,0.0038500353693962097,9.914168185787275e-05
TCGA:HNSCC:TCGA-IQ-7631-01,HNSCC,HNSCC,0.00021109654335305095,0.9996244311332703,9.555068390909582e-05,6.890276563353837e-05
TCGA:HNSCC:TCGA-IQ-7632-01,HNSCC,HNSCC,0.0006678701611235738,0.9986904859542847,0.00038782897172495723,0.0002538300468586385
TCGA:HNSCC:TCGA-IQ-A61E-01,HNSCC,HNSCC,0.0026289436500519514,0.9871297478675842,0.009725688025355339,0.0005156223778612912
TCGA:HNSCC:TCGA-IQ-A61G-01,HNSCC,HNSCC,0.00042568822391331196,0.9254395365715027,0.07389859110116959,0.00023617420811206102
TCGA:HNSCC:TCGA-IQ-A61H-01,HNSCC,HNSCC,7.110768365237163e-07,0.9674859642982483,0.03251190111041069,1.4198036524248892e-06
TCGA:HNSCC:TCGA-IQ-A61I-01,HNSCC,HNSCC,0.0009384407894685864,0.9830484986305237,0.013906868174672127,0.002106214640662074
TCGA:HNSCC:TCGA-IQ-A61J-01,HNSCC,HNSCC,9.014336683321744e-06,0.9999193549156189,6.506065255962312e-05,6.579495675396174e-06
TCGA:HNSCC:TCGA-IQ-A61O-01,HNSCC,BRCA,0.4301404356956482,0.06413678079843521,0.2407141923904419,0.2650085985660553
TCGA:HNSCC:TCGA-IQ-A6SG-01,HNSCC,HNSCC,0.0001577271323185414,0.9930186867713928,0.006734355818480253,8.924057328840718e-05
TCGA:HNSCC:TCGA-IQ-A6SH-01,HNSCC,HNSCC,0.00015114805137272924,0.9976153373718262,0.001999923726543784,0.00023356311430688947
TCGA:HNSCC:TCGA-KU-A66S-01,HNSCC,HNSCC,0.029537944123148918,0.7382401823997498,0.13390569388866425,0.09831618517637253
TCGA:HNSCC:TCGA-KU-A66T-01,HNSCC,HNSCC,0.0003791343769989908,0.9807773232460022,0.018440689891576767,0.0004028394469060004
TCGA:HNSCC:TCGA-KU-A6H7-01,HNSCC,HNSCC,0.0004115017072763294,0.9913216829299927,0.008184222504496574,8.258219168055803e-05
TCGA:HNSCC:TCGA-KU-A6H8-01,HNSCC,HNSCC,0.010597484186291695,0.9510642290115356,0.03273693099617958,0.005601376760751009
TCGA:HNSCC:TCGA-MT-A51W-01,HNSCC,HNSCC,1.0905899898716598e-06,0.9999946355819702,3.680904910652316e-06,6.031398811501276e-07
TCGA:HNSCC:TCGA-MT-A51X-01,HNSCC,HNSCC,0.0006804727017879486,0.9984962940216064,0.0006065584602765739,0.0002166902122553438
TCGA:HNSCC:TCGA-MT-A67A-01,HNSCC,HNSCC,0.0028185301925987005,0.9954213500022888,0.0013323636958375573,0.0004277604166418314
TCGA:HNSCC:TCGA-MT-A67D-01,HNSCC,HNSCC,0.0008878752123564482,0.996461808681488,0.002202394651249051,0.00044791799155063927
TCGA:HNSCC:TCGA-MT-A67F-01,HNSCC,HNSCC,0.0031282524578273296,0.9950606822967529,0.001278228941373527,0.0005328498664312065
TCGA:HNSCC:TCGA-MT-A7BN-01,HNSCC,BRCA,0.8875870704650879,0.08508479595184326,0.021610040217638016,0.005718111526221037
TCGA:HNSCC:TCGA-MZ-A5BI-01,HNSCC,HNSCC,5.597227072939859e-07,0.9999828338623047,1.6328376659657806e-05,2.5722636110003805e-07
TCGA:HNSCC:TCGA-MZ-A6I9-01,HNSCC,HNSCC,0.00021166520309634507,0.9978745579719543,0.001889765844680369,2.401849087618757e-05
TCGA:HNSCC:TCGA-MZ-A7D7-01,HNSCC,LSCC,6.57117780065164e-05,0.06124504283070564,0.9375996589660645,0.0010895999148488045
TCGA:HNSCC:TCGA-P3-A5Q5-01,HNSCC,HNSCC,2.050689363386482e-05,0.9990653991699219,0.0009132940322160721,7.917356583675428e-07
TCGA:HNSCC:TCGA-P3-A5Q6-01,HNSCC,HNSCC,0.0224114079028368,0.9015154838562012,0.07266879081726074,0.003404307411983609
TCGA:HNSCC:TCGA-P3-A5QA-01,HNSCC,HNSCC,7.837531370569195e-07,0.9999785423278809,1.897520814964082e-05,1.7122406461567152e-06
TCGA:HNSCC:TCGA-P3-A5QE-01,HNSCC,HNSCC,0.00034692796180024743,0.9984757304191589,0.0010546415578573942,0.00012268326827324927
TCGA:HNSCC:TCGA-P3-A5QF-01,HNSCC,HNSCC,0.0012886672047898173,0.9734171628952026,0.024514291435480118,0.0007798875449225307
TCGA:HNSCC:TCGA-P3-A6SW-01,HNSCC,HNSCC,0.004651858005672693,0.9168500304222107,0.0719510018825531,0.006547130178660154
TCGA:HNSCC:TCGA-P3-A6SX-01,HNSCC,HNSCC,0.003267099615186453,0.9918712973594666,0.0035802535712718964,0.0012813404900953174
TCGA:HNSCC:TCGA-P3-A6T0-01,HNSCC,HNSCC,0.00015245561371557415,0.9974653720855713,0.002232165541499853,0.00015002211148384959
TCGA:HNSCC:TCGA-P3-A6T2-01,HNSCC,HNSCC,0.0009985908400267363,0.9979490041732788,0.0006687908316962421,0.0003836045216303319
TCGA:HNSCC:TCGA-P3-A6T3-01,HNSCC,HNSCC,2.1957110220682807e-05,0.9999246597290039,4.6737502998439595e-05,6.644916538789403e-06
TCGA:HNSCC:TCGA-P3-A6T4-01,HNSCC,HNSCC,5.1135732064722106e-05,0.9986249804496765,0.0013023114297538996,2.1548492441070266e-05
TCGA:HNSCC:TCGA-P3-A6T5-01,HNSCC,HNSCC,0.0013679114636033773,0.9935969710350037,0.0044112070463597775,0.0006238858331926167
TCGA:HNSCC:TCGA-P3-A6T6-01,HNSCC,HNSCC,0.009972021915018559,0.9630667567253113,0.024445775896310806,0.0025154617615044117
TCGA:HNSCC:TCGA-P3-A6T7-01,HNSCC,HNSCC,0.0014020748203620315,0.996044933795929,0.0018228418193757534,0.0007301460718736053
TCGA:HNSCC:TCGA-P3-A6T8-01,HNSCC,HNSCC,9.233657328877598e-05,0.9995854496955872,0.00028261198895052075,3.957255103159696e-05
TCGA:HNSCC:TCGA-QK-A64Z-01,HNSCC,HNSCC,0.002072211354970932,0.9769377112388611,0.01960650645196438,0.0013835468562319875
TCGA:HNSCC:TCGA-QK-A652-01,HNSCC,HNSCC,7.445729810484636e-09,0.9999999403953552,4.8377916783692854e-08,7.298539550504302e-09
TCGA:HNSCC:TCGA-QK-A6IF-01,HNSCC,HNSCC,0.1647375077009201,0.6949549913406372,0.11405213177204132,0.02625535987317562
TCGA:HNSCC:TCGA-QK-A6IG-01,HNSCC,HNSCC,0.00020411709556356072,0.9992714524269104,0.0004690812493208796,5.5357199016725644e-05
TCGA:HNSCC:TCGA-QK-A6IH-01,HNSCC,HNSCC,0.005523888394236565,0.9922819137573242,0.0017014670884236693,0.0004927490372210741
TCGA:HNSCC:TCGA-QK-A6II-01,HNSCC,HNSCC,0.002480166731402278,0.995119571685791,0.001539119053632021,0.0008611232624389231
TCGA:HNSCC:TCGA-QK-A6IJ-01,HNSCC,HNSCC,0.002218257635831833,0.9954614043235779,0.0011940101394429803,0.0011263132328167558
TCGA:HNSCC:TCGA-QK-A6V9-01,HNSCC,HNSCC,0.002176517155021429,0.9143902063369751,0.08120913058519363,0.0022241598926484585
TCGA:HNSCC:TCGA-QK-A6VB-01,HNSCC,HNSCC,0.0022439511958509684,0.9302362203598022,0.06374429166316986,0.0037755684461444616
TCGA:HNSCC:TCGA-QK-A6VC-01,HNSCC,HNSCC,0.0033154182601720095,0.8743669986724854,0.12025706470012665,0.0020604904275387526
TCGA:HNSCC:TCGA-QK-A8Z7-01,HNSCC,LSCC,0.020455418154597282,0.12594665586948395,0.8321571946144104,0.021440746262669563
TCGA:HNSCC:TCGA-QK-A8Z8-01,HNSCC,LSCC,0.009642831049859524,0.4422796666622162,0.5317363142967224,0.01634117215871811
TCGA:HNSCC:TCGA-QK-A8Z9-01,HNSCC,HNSCC,2.298435356351547e-05,0.9998957514762878,7.5032192398794e-05,6.251825197978178e-06
TCGA:HNSCC:TCGA-QK-A8ZA-01,HNSCC,HNSCC,0.0016215563518926501,0.7908024787902832,0.20639710128307343,0.001178890117444098
TCGA:HNSCC:TCGA-QK-A8ZB-01,HNSCC,HNSCC,0.00013340465375222266,0.9918997883796692,0.007844976149499416,0.00012180423800600693
TCGA:HNSCC:TCGA-QK-AA3J-01,HNSCC,HNSCC,0.0004889033734798431,0.9525325894355774,0.04651868715882301,0.00045981022412888706
TCGA:HNSCC:TCGA-QK-AA3K-01,HNSCC,HNSCC,0.07230150699615479,0.8175739645957947,0.0688561424612999,0.041268374770879745
TCGA:HNSCC:TCGA-RS-A6TO-01,HNSCC,HNSCC,1.245663128202068e-07,0.9999996423721313,2.551310558374098e-07,2.9386240107953654e-09
TCGA:HNSCC:TCGA-RS-A6TP-01,HNSCC,HNSCC,6.562386261066422e-05,0.9996809363365173,0.0002426686987746507,1.0794221452670172e-05
TCGA:HNSCC:TCGA-T2-A6WX-01,HNSCC,HNSCC,9.086961654247716e-06,0.9999727010726929,1.4786542124056723e-05,3.446212758717593e-06
TCGA:HNSCC:TCGA-T2-A6WZ-01,HNSCC,HNSCC,1.889266165733261e-08,0.9999999403953552,3.0439078813060405e-08,1.1430546509316741e-09
TCGA:HNSCC:TCGA-T2-A6X0-01,HNSCC,HNSCC,0.005416767206043005,0.8995761871337891,0.09161467105150223,0.003392342943698168
TCGA:HNSCC:TCGA-T2-A6X2-01,HNSCC,HNSCC,0.0015025959582999349,0.9977385401725769,0.00043689043377526104,0.000321974657708779
TCGA:HNSCC:TCGA-T3-A92M-01,HNSCC,HNSCC,0.002257227199152112,0.9811995625495911,0.015861449763178825,0.0006817682296968997
TCGA:HNSCC:TCGA-T3-A92N-01,HNSCC,HNSCC,5.472637712955475e-05,0.9978477954864502,0.0020603458397090435,3.710811142809689e-05
TCGA:HNSCC:TCGA-TN-A7HI-01,HNSCC,HNSCC,0.0010167022701352835,0.993394672870636,0.00530516030266881,0.0002834548649843782
TCGA:HNSCC:TCGA-TN-A7HJ-01,HNSCC,HNSCC,1.88277660129188e-09,0.9999999403953552,2.8271342600305616e-08,1.2714922170697918e-10
TCGA:HNSCC:TCGA-TN-A7HL-01,HNSCC,HNSCC,0.0002543891896493733,0.9994912147521973,0.00021333445329219103,4.105486732441932e-05
TCGA:HNSCC:TCGA-UF-A718-01,HNSCC,HNSCC,5.749507181462832e-05,0.9969780445098877,0.002911783754825592,5.267788583296351e-05
TCGA:HNSCC:TCGA-UF-A719-01,HNSCC,HNSCC,0.00020291659166105092,0.9888277649879456,0.01074498426169157,0.00022430538956541568
TCGA:HNSCC:TCGA-UF-A71A-01,HNSCC,LSCC,0.009258539415895939,0.2417864054441452,0.7437741160392761,0.005180923268198967
TCGA:HNSCC:TCGA-UF-A71B-01,HNSCC,HNSCC,0.002024946501478553,0.9576125144958496,0.036905888468027115,0.003456673352047801
TCGA:HNSCC:TCGA-UF-A71D-01,HNSCC,HNSCC,0.0005323800723999739,0.9856792688369751,0.01325644738972187,0.0005319254123605788
TCGA:HNSCC:TCGA-UF-A71E-01,HNSCC,HNSCC,4.948751666233875e-06,0.9998161792755127,0.00017604317690711468,2.8170800305815646e-06
TCGA:HNSCC:TCGA-UF-A7J9-01,HNSCC,HNSCC,0.007391073741018772,0.750760018825531,0.23787185549736023,0.0039770654402673244
TCGA:HNSCC:TCGA-UF-A7JA-01,HNSCC,HNSCC,0.003983802627772093,0.9573007822036743,0.03677801787853241,0.0019374112598598003
TCGA:HNSCC:TCGA-UF-A7JC-01,HNSCC,HNSCC,1.2913106957057607e-06,0.9999919533729553,4.994136816094397e-06,1.7569412875673152e-06
TCGA:HNSCC:TCGA-UF-A7JD-01,HNSCC,LSCC,0.03814012184739113,0.19210560619831085,0.5653553605079651,0.20439891517162323
TCGA:HNSCC:TCGA-UF-A7JF-01,HNSCC,HNSCC,1.000700251552189e-07,0.9999972581863403,2.547052417867235e-06,8.226489711660179e-08
TCGA:HNSCC:TCGA-UF-A7JH-01,HNSCC,HNSCC,0.0017229579389095306,0.9860101342201233,0.011179040186107159,0.0010878617176786065
TCGA:HNSCC:TCGA-UF-A7JJ-01,HNSCC,HNSCC,5.7507797464495525e-05,0.9972052574157715,0.002694443566724658,4.27837876486592e-05
TCGA:HNSCC:TCGA-UF-A7JK-01,HNSCC,HNSCC,0.00018468365306034684,0.9972180128097534,0.002447106409817934,0.00015018534031696618
TCGA:HNSCC:TCGA-UF-A7JO-01,HNSCC,HNSCC,1.1883384104294237e-05,0.998102605342865,0.0018684838432818651,1.704376336419955e-05
TCGA:HNSCC:TCGA-UF-A7JS-01,HNSCC,HNSCC,0.00024607364321127534,0.9992356896400452,0.00040905430796556175,0.00010917755571426824
TCGA:HNSCC:TCGA-UF-A7JT-01,HNSCC,HNSCC,0.0024310259614139795,0.9965775012969971,0.0006577746826224029,0.00033367256401106715
TCGA:HNSCC:TCGA-UF-A7JV-01,HNSCC,HNSCC,0.005928528495132923,0.9909073710441589,0.00200282852165401,0.0011612647213041782
TCGA:HNSCC:TCGA-UP-A6WW-01,HNSCC,HNSCC,6.381055300153093e-06,0.9999397993087769,4.171571708866395e-05,1.2084122317901347e-05
TCGA:HNSCC:TCGA-WA-A7GZ-01,HNSCC,HNSCC,3.889400977641344e-05,0.9965725541114807,0.0033797151409089565,8.820786206342746e-06
TCGA:HNSCC:TCGA-WA-A7H4-01,HNSCC,HNSCC,6.55524945614161e-06,0.9995335340499878,0.00045584599138237536,4.046421054226812e-06
