sample_id,y_true,y_pred,prob_BRCA,prob_HNSCC,prob_LSCC,prob_LUAD
TCGA:BRCA:TCGA-3C-AAAU-01,BRCA,BRCA,0.9926111709188344,0.001005030159586522,0.0013214536076227201,0.0050623453139563065
TCGA:BRCA:TCGA-3C-AALI-01,BRCA,BRCA,0.877592579622723,0.0056827874045372005,0.019532628084588232,0.09719200488815159
TCGA:BRCA:TCGA-3C-AALJ-01,BRCA,BRCA,0.9656253452527312,0.0026917929501224375,0.005190685575951045,0.026492176221195277
TCGA:BRCA:TCGA-3C-AALK-01,BRCA,BRCA,0.9962260277307277,0.0012975048585291955,0.0012468826896531345,0.0012295847210901478
TCGA:BRCA:TCGA-4H-AAAK-01,BRCA,BRCA,0.996587007835976,0.000764451734556792,0.0007612735169529017,0.00188726691251443
TCGA:BRCA:TCGA-5L-AAT0-01,BRCA,BRCA,0.9985694426785613,0.000295838250815584,0.0003338677062731612,0.0008008513643500068
TCGA:BRCA:TCGA-5T-A9QA-01,BRCA,BRCA,0.974894371139528,0.006116593806103194,0.005163981941129449,0.013825053113239543
TCGA:BRCA:TCGA-A1-A0SB-01,BRCA,BRCA,0.931878942419982,0.0053068183042844184,0.03121903176902118,0.03159520750671249
TCGA:BRCA:TCGA-A1-A0SD-01,BRCA,BRCA,0.9981157729631017,0.0002502750277037474,0.0004584806209634447,0.001175471388230947
TCGA:BRCA:TCGA-A1-A0SE-01,BRCA,BRCA,0.9985394746137515,0.00020940197745669827,0.0005966559165614284,0.0006544674922305629
TCGA:BRCA:TCGA-A1-A0SF-01,BRCA,BRCA,0.9983679560443911,0.00026250233758389266,0.0003503097948088455,0.0010192318232161094
TCGA:BRCA:TCGA-A1-A0SG-01,BRCA,BRCA,0.9952758937861717,0.0012813842638930185,0.0010535943790483892,0.0023891275708870134
TCGA:BRCA:TCGA-A1-A0SH-01,BRCA,BRCA,0.9908991126897753,0.0006996224285302963,0.0011807035011882905,0.007220561380506201
TCGA:BRCA:TCGA-A1-A0SI-01,BRCA,BRCA,0.987763108834264,0.0006628692554519407,0.0023280743379865865,0.00924594757229746
TCGA:BRCA:TCGA-A1-A0SJ-01,BRCA,BRCA,0.9974009307555045,0.00010181883477243742,0.0007970353205809894,0.001700215089142104
TCGA:BRCA:TCGA-A1-A0SK-01,BRCA,BRCA,0.7195278835729492,0.008267877927949772,0.21395686061135485,0.05824737788774631
TCGA:BRCA:TCGA-A1-A0SM-01,BRCA,BRCA,0.998260673647643,0.00011722680704738128,0.00040729440557187236,0.0012148051397379877
TCGA:BRCA:TCGA-A1-A0SN-01,BRCA,BRCA,0.9861727934401825,0.0033300171817216935,0.0035255353385643742,0.006971654039531585
TCGA:BRCA:TCGA-A1-A0SO-01,BRCA,BRCA,0.9027154597392046,0.022516268027345708,0.033710862526496764,0.04105740970695279
TCGA:BRCA:TCGA-A1-A0SP-01,BRCA,BRCA,0.9834421067113204,0.0014478521939995867,0.009821757100097557,0.005288283994582606
TCGA:BRCA:TCGA-A1-A0SQ-01,BRCA,BRCA,0.9983539004258436,0.000375910064623161,0.0005324924423488114,0.0007376970671844331
TCGA:BRCA:TCGA-A2-A04N-01,BRCA,BRCA,0.9989879068996458,0.00010576171086580819,0.0001367717990211531,0.0007695595904673113
TCGA:BRCA:TCGA-A2-A04P-01,BRCA,BRCA,0.9850793754650221,0.0019624552531592116,0.004231060580332606,0.008727108701486092
TCGA:BRCA:TCGA-A2-A04Q-01,BRCA,BRCA,0.9865076248604783,0.0006654388844396096,0.0044503210303643145,0.008376615224717747
TCGA:BRCA:TCGA-A2-A04R-01,BRCA,BRCA,0.9933157116475416,0.0006299810239685741,0.0028720433876869822,0.0031822639408028318
TCGA:BRCA:TCGA-A2-A04T-01,BRCA,BRCA,0.9778835333357081,0.0017551069534594457,0.015876760872454897,0.004484598838377597
TCGA:BRCA:TCGA-A2-A04U-01,BRCA,BRCA,0.9685113096106083,0.008011073814147082,0.011378329809313886,0.012099286765930722
TCGA:BRCA:TCGA-A2-A04V-01,BRCA,BRCA,0.9993895133290558,4.436523688142631e-05,0.0002250860281036356,0.0003410354059592475
TCGA:BRCA:TCGA-A2-A04W-01,BRCA,BRCA,0.987779513934868,0.0011884001921114366,0.0033735604557665255,0.00765852541725421
TCGA:BRCA:TCGA-A2-A04X-01,BRCA,BRCA,0.9942099979326395,0.0012707239906472635,0.001617361613535974,0.00290191646317707
TCGA:BRCA:TCGA-A2-A04Y-01,BRCA,BRCA,0.9954842282648688,0.0002674498656373164,0.0011488164625195194,0.003099505406974394
TCGA:BRCA:TCGA-A2-A0CK-01,BRCA,BRCA,0.9981954366524126,0.00020730826242731904,0.00030420087398759526,0.0012930542111727415
TCGA:BRCA:TCGA-A2-A0CL-01,BRCA,BRCA,0.9655048073728331,0.001289369494269257,0.014535069527684387,0.018670753605213215
TCGA:BRCA:TCGA-A2-A0CM-01,BRCA,BRCA,0.9827105678867276,0.0013979638441752214,0.00495559121709455,0.010935877052002599
TCGA:BRCA:TCGA-A2-A0CO-01,BRCA,BRCA,0.9358930209539824,0.014148142468130174,0.008245451353366497,0.04171338522452097
TCGA:BRCA:TCGA-A2-A0CP-01,BRCA,BRCA,0.9956958800846338,0.0013550014187389142,0.0008776165489096389,0.0020715019477175398
TCGA:BRCA:TCGA-A2-A0CQ-01,BRCA,BRCA,0.9927074554736763,0.0002914936873924821,0.0005620279947167175,0.006439022844214436
TCGA:BRCA:TCGA-A2-A0CR-01,BRCA,BRCA,0.993146282323783,0.0022612226720319364,0.0014952647836629879,0.003097230220522049
TCGA:BRCA:TCGA-A2-A0CS-01,BRCA,BRCA,0.9968054452223051,0.00018876902663463095,0.0014950297734655472,0.0015107559775945694
TCGA:BRCA:TCGA-A2-A0CT-01,BRCA,BRCA,0.9912662440073751,0.0023937410735312336,0.0023511598165568757,0.003988855102536846
TCGA:BRCA:TCGA-A2-A0CU-01,BRCA,BRCA,0.9991001524462233,0.00024175774848549133,0.00022540329445994118,0.00043268651083139357
TCGA:BRCA:TCGA-A2-A0CV-01,BRCA,BRCA,0.9971440125666569,0.00016527736683938422,0.0009912492762411047,0.001699460790262726
TCGA:BRCA:TCGA-A2-A0CW-01,BRCA,BRCA,0.9904807707282985,0.00046872069857350985,0.002676683126846521,0.006373825446281645
TCGA:BRCA:TCGA-A2-A0CX-01,BRCA,BRCA,0.9188323125995165,0.0015405725515371391,0.015534348933605797,0.0640927659153406
TCGA:BRCA:TCGA-A2-A0CZ-01,BRCA,BRCA,0.9949279175857187,0.0007055066761477767,0.0009150902319785659,0.0034514855061548704
TCGA:BRCA:TCGA-A2-A0D0-01,BRCA,BRCA,0.9609585554448995,0.0034800764549570845,0.02447044987918887,0.01109091822095453
TCGA:BRCA:TCGA-A2-A0D1-01,BRCA,BRCA,0.9880477982794471,0.0005959163085043986,0.0037612618569005524,0.007595023555148028
TCGA:BRCA:TCGA-A2-A0D2-01,BRCA,BRCA,0.9284125926523843,0.005925721528457742,0.04099167736974132,0.02467000844941674
TCGA:BRCA:TCGA-A2-A0D3-01,BRCA,BRCA,0.9986105164691477,0.0002767434458598554,0.00025299809804331223,0.0008597419869491316
TCGA:BRCA:TCGA-A2-A0D4-01,BRCA,BRCA,0.9823392137794315,0.0015709940306520567,0.010224316119944312,0.005865476069972244
TCGA:BRCA:TCGA-A2-A0EM-01,BRCA,BRCA,0.9984080105711423,0.0001529513822684393,0.00041191484193290543,0.0010271232046564504
TCGA:BRCA:TCGA-A2-A0EN-01,BRCA,BRCA,0.9964786779148274,0.0003317219178550584,0.0007714705088314036,0.0024181296584860723
TCGA:BRCA:TCGA-A2-A0EO-01,BRCA,BRCA,0.9923406881915425,0.0005079676989810192,0.0013685689962614892,0.005782775113214947
TCGA:BRCA:TCGA-A2-A0EP-01,BRCA,BRCA,0.8860669896126238,0.004244351414359685,0.01893663318622563,0.09075202578679098
TCGA:BRCA:TCGA-A2-A0EQ-01,BRCA,BRCA,0.9788983140866964,0.00112819953974006,0.007427548604367152,0.012545937769196477
TCGA:BRCA:TCGA-A2-A0ER-01,BRCA,BRCA,0.9961617739842853,0.0002270052896158663,0.0008468426580632028,0.0027643780680354775
TCGA:BRCA:TCGA-A2-A0ES-01,BRCA,BRCA,0.9941231977227799,0.000734824021441001,0.0015495339652202948,0.0035924442905589213
TCGA:BRCA:TCGA-A2-A0ET-01,BRCA,BRCA,0.9734445606994391,0.0012483405984577756,0.009794973779496242,0.015512124922606839
TCGA:BRCA:TCGA-A2-A0EU-01,BRCA,BRCA,0.9934301390602389,0.0008132482100239314,0.0012976306652928177,0.004458982064444393
TCGA:BRCA:TCGA-A2-A0EV-01,BRCA,BRCA,0.9973681339943623,0.00028839595037615195,0.0006258136297335184,0.0017176564255277954
TCGA:BRCA:TCGA-A2-A0EW-01,BRCA,BRCA,0.9972246747984195,0.0003765933788689362,0.0004915166030398073,0.001907215219671651
TCGA:BRCA:TCGA-A2-A0EX-01,BRCA,BRCA,0.9991768038497606,7.287407266338323e-05,0.00013199685280766574,0.0006183252247684651
TCGA:BRCA:TCGA-A2-A0EY-01,BRCA,BRCA,0.9926625333614109,0.000835477099061709,0.001849646783099905,0.004652342756427491
TCGA:BRCA:TCGA-A2-A0ST-01,BRCA,BRCA,0.9488185812917753,0.0005318733414438646,0.01537762779539391,0.03527191757138684
TCGA:BRCA:TCGA-A2-A0SU-01,BRCA,BRCA,0.9984367684810036,0.00027441308188763707,0.0004961107836760433,0.0007927076534326355
TCGA:BRCA:TCGA-A2-A0SV-01,BRCA,BRCA,0.9918540244676647,0.00048688860783741505,0.0029386983909349476,0.004720388533562862
TCGA:BRCA:TCGA-A2-A0SW-01,BRCA,BRCA,0.9500337919197513,0.0008769975852223857,0.008326893397021622,0.04076231709800444
TCGA:BRCA:TCGA-A2-A0SX-01,BRCA,BRCA,0.9634322831803434,0.001290723683080316,0.006134086131367957,0.029142907005208378
TCGA:BRCA:TCGA-A2-A0SY-01,BRCA,BRCA,0.9991833956324697,6.804537997271179e-05,0.00025849444652061503,0.0004900645410368869
TCGA:BRCA:TCGA-A2-A0T0-01,BRCA,BRCA,0.9974466084597969,0.00027759953053597817,0.0014954960382576338,0.0007802959714092918
TCGA:BRCA:TCGA-A2-A0T1-01,BRCA,BRCA,0.9910001040616309,0.00045291718058355007,0.0012013619424069196,0.0073456168153785825
TCGA:BRCA:TCGA-A2-A0T2-01,BRCA,BRCA,0.9185504590773698,0.011017485173150666,0.02714505311630719,0.04328700263317266
TCGA:BRCA:TCGA-A2-A0T3-01,BRCA,BRCA,0.9958357021388023,0.0004958333603170559,0.0019466609911976969,0.0017218035096828433
TCGA:BRCA:TCGA-A2-A0T4-01,BRCA,BRCA,0.9981821130684466,0.00022094215827024442,0.0007367871653472234,0.0008601576079360073
TCGA:BRCA:TCGA-A2-A0T5-01,BRCA,BRCA,0.9873129416446508,0.0032004511502794902,0.005793746599430406,0.003692860605639535
TCGA:BRCA:TCGA-A2-A0T6-01,BRCA,BRCA,0.9990324464505655,9.358253578159509e-05,0.00022497217071732286,0.0006489988429355703
TCGA:BRCA:TCGA-A2-A0T7-01,BRCA,BRCA,0.9972283540665358,0.0004173347587838897,0.0008151249599908789,0.0015391862146893576
TCGA:BRCA:TCGA-A2-A0YC-01,BRCA,BRCA,0.9976942596171915,0.00033088759532373587,0.0002753046546404674,0.0016995481328442152
TCGA:BRCA:TCGA-A2-A0YD-01,BRCA,BRCA,0.9986350298817499,0.00032674772254400803,0.00033709930811499244,0.0007011230875912918
TCGA:BRCA:TCGA-A2-A0YE-01,BRCA,BRCA,0.9762858050110349,0.00207780019787604,0.004651947398418658,0.016984447392670448
TCGA:BRCA:TCGA-A2-A0YF-01,BRCA,BRCA,0.9750428332287151,0.0005781596256687197,0.005248367653348383,0.019130639492267766
TCGA:BRCA:TCGA-A2-A0YG-01,BRCA,BRCA,0.9930298672763143,0.00047201088116239693,0.0023450625181953475,0.004153059324328141
TCGA:BRCA:TCGA-A2-A0YH-01,BRCA,BRCA,0.9898699081841223,0.0002662850416310075,0.0023507038677854347,0.007513102906461399
TCGA:BRCA:TCGA-A2-A0YI-01,BRCA,BRCA,0.9972714314100992,0.0003416732836358842,0.0010441703107460275,0.0013427249955189596
TCGA:BRCA:TCGA-A2-A0YJ-01,BRCA,BRCA,0.9913107305053989,0.0014847203831616516,0.0027767784400679362,0.004427770671371324
TCGA:BRCA:TCGA-A2-A0YK-01,BRCA,BRCA,0.9981442939315259,0.0003191623887510773,0.0006262390177660779,0.000910304661957005
TCGA:BRCA:TCGA-A2-A0YL-01,BRCA,BRCA,0.9837849921115418,0.0009866621853749258,0.006052922367557173,0.00917542333552612
TCGA:BRCA:TCGA-A2-A0YM-01,BRCA,BRCA,0.9680280161902147,0.007525458312714257,0.009290742052663984,0.015155783444407146
TCGA:BRCA:TCGA-A2-A0YT-01,BRCA,BRCA,0.9966750358410278,0.00021655202876683536,0.0009477316407390113,0.0021606804894663107
TCGA:BRCA:TCGA-A2-A1FV-01,BRCA,BRCA,0.996759203609798,0.0002016009242521412,0.0011545431932391472,0.0018846522727108334
TCGA:BRCA:TCGA-A2-A1FW-01,BRCA,BRCA,0.9909153091172271,0.002460456156120258,0.0029567028586456653,0.0036675318680072433
TCGA:BRCA:TCGA-A2-A1FX-01,BRCA,BRCA,0.9948242255864572,0.0004565046544924858,0.0013440544374340613,0.00337521532161644
TCGA:BRCA:TCGA-A2-A1FZ-01,BRCA,BRCA,0.9907512946541799,0.0009285814756848471,0.0013810232661026368,0.00693910060403262
TCGA:BRCA:TCGA-A2-A1G0-01,BRCA,BRCA,0.997291976455899,0.0006909234165079742,0.0005584316187627518,0.0014586685088304355
TCGA:BRCA:TCGA-A2-A1G1-01,BRCA,BRCA,0.9718712029669005,0.0026296937949189894,0.009563801751218607,0.015935301486962043
TCGA:BRCA:TCGA-A2-A1G4-01,BRCA,BRCA,0.9987030707721782,7.300104227181038e-05,0.00032133417870523984,0.0009025940068445968
TCGA:BRCA:TCGA-A2-A1G6-01,BRCA,BRCA,0.9647233104259211,0.0015402931934627106,0.012865721689998211,0.020870674690617767
TCGA:BRCA:TCGA-A2-A259-01,BRCA,BRCA,0.9975329775767294,0.00012640075580445324,0.00042223403309055125,0.001918387634375529
TCGA:BRCA:TCGA-A2-A25A-01,BRCA,BRCA,0.9720247388291336,0.0005167494095062766,0.003313885461409356,0.024144626299950733
TCGA:BRCA:TCGA-A2-A25B-01,BRCA,BRCA,0.982726326435024,0.0005399478031049387,0.009546211264592477,0.007187514497278568
TCGA:BRCA:TCGA-A2-A25C-01,BRCA,BRCA,0.8906836961731128,0.009518407854985683,0.031386799119688065,0.06841109685221348
TCGA:BRCA:TCGA-A2-A25D-01,BRCA,BRCA,0.9798854345028477,0.0009673938011982373,0.005331893074692742,0.013815278621261338
TCGA:BRCA:TCGA-A2-A25E-01,BRCA,BRCA,0.9865541701648226,0.0012426943673701219,0.007603561637301055,0.004599573830506242
TCGA:BRCA:TCGA-A2-A25F-01,BRCA,BRCA,0.9417280140505503,0.001789257810857723,0.021631774722050336,0.034850953416541666
TCGA:BRCA:TCGA-A2-A3KC-01,BRCA,BRCA,0.9992231251959173,0.00012219056546397046,0.00022313486912082684,0.0004315493694977414
TCGA:BRCA:TCGA-A2-A3KD-01,BRCA,BRCA,0.996670578353548,0.0006354746214449334,0.0006276572587524523,0.002066289766254638
TCGA:BRCA:TCGA-A2-A3XS-01,BRCA,BRCA,0.9768537890977111,0.002055757935706682,0.007365259877492068,0.013725193089090336
TCGA:BRCA:TCGA-A2-A3XT-01,BRCA,BRCA,0.9231995251616678,0.006639241085037683,0.02091319961104565,0.04924803414224884
TCGA:BRCA:TCGA-A2-A3XU-01,BRCA,BRCA,0.818858773709894,0.0721407498863098,0.047252538006439984,0.06174793839735616
TCGA:BRCA:TCGA-A2-A3XV-01,BRCA,BRCA,0.95421161099985,0.02052659515445044,0.006928191626439762,0.01833360221925994
TCGA:BRCA:TCGA-A2-A3XW-01,BRCA,HNSCC,0.02000923878310674,0.9735197652960365,0.00493080363188969,0.0015401922889672491
TCGA:BRCA:TCGA-A2-A3XX-01,BRCA,BRCA,0.9938445441447414,0.0008093690505026908,0.002762028290036517,0.0025840585147193043
TCGA:BRCA:TCGA-A2-A3XY-01,BRCA,BRCA,0.9907864958320399,0.0009757496561169307,0.004759119266023963,0.003478635245819273
TCGA:BRCA:TCGA-A2-A3XZ-01,BRCA,BRCA,0.9753458592971515,0.0024668272762402035,0.007242166136398299,0.014945147290210023
TCGA:BRCA:TCGA-A2-A3Y0-01,BRCA,LSCC,0.23073945228168669,0.06318474274328684,0.6927659864205999,0.013309818554426422
TCGA:BRCA:TCGA-A2-A4RW-01,BRCA,BRCA,0.9919720620652309,0.0013038775699105462,0.0014410096390425173,0.005283050725816048
TCGA:BRCA:TCGA-A2-A4RX-01,BRCA,BRCA,0.45310021561140146,0.13375411273775703,0.28112361755122056,0.13202205409962092
TCGA:BRCA:TCGA-A2-A4RY-01,BRCA,BRCA,0.9163814935702402,0.028789594536820878,0.023640091008593735,0.031188820884345082
TCGA:BRCA:TCGA-A2-A4S0-01,BRCA,BRCA,0.9981821292853136,0.000491757957235597,0.00022815821380297007,0.0010979545436478827
TCGA:BRCA:TCGA-A2-A4S1-01,BRCA,BRCA,0.4855146906084494,0.0096490047277352,0.04722069304683809,0.45761561161697745
TCGA:BRCA:TCGA-A2-A4S2-01,BRCA,BRCA,0.9945345939266268,0.0010356218495445005,0.001997943307666876,0.0024318409161617387
TCGA:BRCA:TCGA-A2-A4S3-01,BRCA,BRCA,0.9703967118902345,0.0029933694504020837,0.019548341509413186,0.007061577149950207
TCGA:BRCA:TCGA-A7-A0CD-01,BRCA,BRCA,0.9969586571746969,0.00012561207160781995,0.0005024785565389618,0.002413252197156492
TCGA:BRCA:TCGA-A7-A0CE-01,BRCA,BRCA,0.9869474599988618,0.0009219084511957778,0.005614739454182517,0.006515892095759782
TCGA:BRCA:TCGA-A7-A0CG-01,BRCA,BRCA,0.9955626649157564,0.00012830741752817377,0.0008257426638288745,0.0034832850028865036
TCGA:BRCA:TCGA-A7-A0CH-01,BRCA,BRCA,0.9989745063760247,0.00012070609368866622,0.0002739498010625224,0.0006308377292240988
TCGA:BRCA:TCGA-A7-A0CJ-01,BRCA,BRCA,0.9908970700942856,0.0012474491667835979,0.004527755272096062,0.0033277254668345785
TCGA:BRCA:TCGA-A7-A0D9-01,BRCA,BRCA,0.9846467637540846,0.0007381175415862692,0.001742477966953818,0.012872640737375323
TCGA:BRCA:TCGA-A7-A0DA-01,BRCA,BRCA,0.9525304663353981,0.0013307407263796484,0.02152215917097592,0.024616633767246463
TCGA:BRCA:TCGA-A7-A0DB-01,BRCA,BRCA,0.9981851405587763,4.7607183856301596e-05,0.0005277120992513345,0.0012395401581162262
TCGA:BRCA:TCGA-A7-A0DC-01,BRCA,BRCA,0.9976489404810851,0.00021862722624943552,0.0005698235009208497,0.0015626087917445276
TCGA:BRCA:TCGA-A7-A13D-01,BRCA,BRCA,0.9707660846618075,0.001870642601650641,0.017816041317624324,0.00954723141891746
TCGA:BRCA:TCGA-A7-A13E-01,BRCA,BRCA,0.9835733210835772,0.0024123398302509803,0.00332806458968466,0.01068627449648709
TCGA:BRCA:TCGA-A7-A13F-01,BRCA,BRCA,0.9979731018864624,0.0005723457161695871,0.0007036156426337026,0.0007509367547342422
TCGA:BRCA:TCGA-A7-A13G-01,BRCA,BRCA,0.9986688177584175,0.0003235165701569478,0.0002990898150836996,0.0007085758563417561
TCGA:BRCA:TCGA-A7-A13H-01,BRCA,BRCA,0.9963895262166859,0.0005745630609532929,0.0007427174173502629,0.0022931933050106506
TCGA:BRCA:TCGA-A7-A26E-01,BRCA,BRCA,0.9989955561731325,0.00015503569993708088,0.0004730419892532438,0.00037636613767712404
TCGA:BRCA:TCGA-A7-A26F-01,BRCA,BRCA,0.9045362358965583,0.0019955694388664362,0.032313264046427155,0.061154930618148036
TCGA:BRCA:TCGA-A7-A26G-01,BRCA,BRCA,0.8226161933849329,0.004080574569458427,0.039174732912421975,0.13412849913318678
TCGA:BRCA:TCGA-A7-A26H-01,BRCA,BRCA,0.9865142449175501,0.0016647313950542463,0.0019451563297699058,0.009875867357625768
TCGA:BRCA:TCGA-A7-A26I-01,BRCA,BRCA,0.9159036427098869,0.001749899443548019,0.010960209976049944,0.07138624787051522
TCGA:BRCA:TCGA-A7-A26J-01,BRCA,BRCA,0.997824464122054,0.00025059672542568286,0.0010990043864422864,0.0008259347660782478
TCGA:BRCA:TCGA-A7-A2KD-01,BRCA,BRCA,0.9953948072730759,0.00033465658845801996,0.0016859265228640577,0.002584609615602052
TCGA:BRCA:TCGA-A7-A3IY-01,BRCA,BRCA,0.9938568162795918,0.0008128318441057142,0.0014350931907731932,0.003895258685529331
TCGA:BRCA:TCGA-A7-A3IZ-01,BRCA,BRCA,0.991254010223478,0.00037850556957621053,0.0014683597475824387,0.006899124459363358
TCGA:BRCA:TCGA-A7-A3J0-01,BRCA,BRCA,0.9947030510302446,0.0007959010642769878,0.0008421142724873964,0.0036589336329910208
TCGA:BRCA:TCGA-A7-A3J1-01,BRCA,BRCA,0.9943061188050487,0.0006005047340596537,0.0013606723299024787,0.0037327041309891057
TCGA:BRCA:TCGA-A7-A3RF-01,BRCA,BRCA,0.9906890891295291,0.002316657135915908,0.0024756891371574647,0.00451856459739759
TCGA:BRCA:TCGA-A7-A425-01,BRCA,BRCA,0.9947339846073906,0.0011686246573880288,0.002221662411113938,0.0018757283241073923
TCGA:BRCA:TCGA-A7-A426-01,BRCA,BRCA,0.9913934588785515,0.002411659460378203,0.0017141035755129683,0.004480778085557273
TCGA:BRCA:TCGA-A7-A4SA-01,BRCA,BRCA,0.7865925082241554,0.004583860590105477,0.01468695773365697,0.19413667345208224
TCGA:BRCA:TCGA-A7-A4SB-01,BRCA,BRCA,0.994315401084378,0.00018248247039069062,0.0009831893412513414,0.00451892710397996
TCGA:BRCA:TCGA-A7-A4SC-01,BRCA,BRCA,0.9831694581914956,0.0008458939093099414,0.00223663148820816,0.013748016410986476
TCGA:BRCA:TCGA-A7-A4SD-01,BRCA,LSCC,0.11122256057960941,0.010124667373243594,0.4786952804284425,0.39995749161870436
TCGA:BRCA:TCGA-A7-A4SE-01,BRCA,BRCA,0.7994960450878918,0.0154226126572703,0.062622080456035,0.12245926179880273
TCGA:BRCA:TCGA-A7-A4SF-01,BRCA,BRCA,0.9892558457117073,0.0007555678842462293,0.0012974187843123625,0.008691167619734064
TCGA:BRCA:TCGA-A7-A56D-01,BRCA,BRCA,0.8864934459284022,0.07749640816577967,0.0186317993364037,0.01737834656941428
TCGA:BRCA:TCGA-A7-A5ZV-01,BRCA,BRCA,0.8769183933787233,0.007046491830652183,0.041072310527002436,0.07496280426362212
TCGA:BRCA:TCGA-A7-A5ZW-01,BRCA,BRCA,0.9984968058016771,0.00015778781809846663,0.000493930498086893,0.0008514758821376527
TCGA:BRCA:TCGA-A7-A5ZX-01,BRCA,BRCA,0.9887398428172087,0.0027669464665083044,0.0035384265375692954,0.004954784178713638
TCGA:BRCA:TCGA-A7-A6VV-01,BRCA,BRCA,0.9512840721433428,0.002569059475363643,0.029217480524124057,0.016929387857169468
TCGA:BRCA:TCGA-A7-A6VW-01,BRCA,BRCA,0.7323377003054797,0.04306393191821558,0.09247063948287636,0.13212772829342828
TCGA:BRCA:TCGA-A7-A6VX-01,BRCA,BRCA,0.9808820341401316,0.0008683103677917146,0.0025927143177109156,0.01565694117436566
TCGA:BRCA:TCGA-A7-A6VY-01,BRCA,BRCA,0.8902648220992818,0.007843021152992673,0.06352452589538163,0.03836763085234388
TCGA:BRCA:TCGA-A8-A06N-01,BRCA,BRCA,0.989735146414994,0.0012221218680225213,0.003204096544848967,0.005838635172134467
TCGA:BRCA:TCGA-A8-A06O-01,BRCA,BRCA,0.9934514633675836,0.0006053200017576068,0.001476630406434713,0.004466586224223894
TCGA:BRCA:TCGA-A8-A06P-01,BRCA,BRCA,0.9990632507993988,0.00019356226377168992,0.0001591321486636255,0.0005840547881660216
TCGA:BRCA:TCGA-A8-A06Q-01,BRCA,BRCA,0.9961818206493978,0.00031465381536089737,0.0011208158792832392,0.0023827096559583556
TCGA:BRCA:TCGA-A8-A06R-01,BRCA,BRCA,0.9766949496059524,0.0009286413441013313,0.0030242235663866857,0.019352185483559662
TCGA:BRCA:TCGA-A8-A06T-01,BRCA,BRCA,0.9981413777646228,0.000143476346986301,0.00040688654544219143,0.0013082593429486586
TCGA:BRCA:TCGA-A8-A06U-01,BRCA,BRCA,0.9919539469919835,0.001065572081720148,0.0017147298675012136,0.005265751058795115
TCGA:BRCA:TCGA-A8-A06X-01,BRCA,BRCA,0.9990908931807889,7.61872156448052e-05,0.0003678637618190102,0.0004650558417472906
TCGA:BRCA:TCGA-A8-A06Y-01,BRCA,BRCA,0.994822118157029,0.0002923113986512079,0.0015844224308011522,0.0033011480135187155
TCGA:BRCA:TCGA-A8-A06Z-01,BRCA,BRCA,0.9967958112191243,0.0001936889038170919,0.0005315876088580321,0.0024789122682006173
TCGA:BRCA:TCGA-A8-A075-01,BRCA,BRCA,0.996159872861932,0.0006870806026747606,0.002019290111060291,0.0011337564243328996
TCGA:BRCA:TCGA-A8-A076-01,BRCA,BRCA,0.998734204993205,0.00019116412099096786,0.0004273238695802197,0.0006473070162238757
TCGA:BRCA:TCGA-A8-A079-01,BRCA,BRCA,0.9904021209524289,0.0015711850358039155,0.0024066704176258775,0.005620023594141238
TCGA:BRCA:TCGA-A8-A07B-01,BRCA,BRCA,0.9802991705505435,0.0014550382771165455,0.003370485170307123,0.014875306002032884
TCGA:BRCA:TCGA-A8-A07C-01,BRCA,BRCA,0.9643588986484558,0.0017903816723319247,0.013258983881543925,0.020591735797668077
TCGA:BRCA:TCGA-A8-A07E-01,BRCA,BRCA,0.9989513945098448,0.00013110435420183805,0.0004380780107651364,0.00047942312518826734
TCGA:BRCA:TCGA-A8-A07F-01,BRCA,BRCA,0.9946033148369926,0.0006461043822462046,0.0016954382955814806,0.003055142485179743
TCGA:BRCA:TCGA-A8-A07G-01,BRCA,BRCA,0.9939745305007256,0.0006041350998184496,0.002565709266149694,0.002855625133306255
TCGA:BRCA:TCGA-A8-A07I-01,BRCA,BRCA,0.998556598656751,0.0002888253044695193,0.0006546582773738473,0.0004999177614056735
TCGA:BRCA:TCGA-A8-A07J-01,BRCA,BRCA,0.9624875115490608,0.001970140429280944,0.004994475216255812,0.03054787280540254
TCGA:BRCA:TCGA-A8-A07L-01,BRCA,BRCA,0.9925738107533595,0.0007335743306567235,0.004162876594881268,0.002529738321102692
TCGA:BRCA:TCGA-A8-A07O-01,BRCA,BRCA,0.9789207357523677,0.000610181096011231,0.010525164328506302,0.00994391882311459
TCGA:BRCA:TCGA-A8-A07P-01,BRCA,BRCA,0.9973603892770292,0.00035749199710083065,0.0004387070155802445,0.0018434117102898435
TCGA:BRCA:TCGA-A8-A07R-01,BRCA,BRCA,0.9523765618956235,0.008341022608980325,0.02713257094008871,0.012149844555307581
TCGA:BRCA:TCGA-A8-A07S-01,BRCA,BRCA,0.9988125963232181,0.00019318877823020164,0.0003538867084136927,0.0006403281901380184
TCGA:BRCA:TCGA-A8-A07U-01,BRCA,BRCA,0.5456932077839839,0.0038167254817057304,0.1809450839808762,0.26954498275343436
TCGA:BRCA:TCGA-A8-A07W-01,BRCA,BRCA,0.9972699469392311,0.00017793753124751882,0.001269194510075103,0.0012829210194461634
TCGA:BRCA:TCGA-A8-A07Z-01,BRCA,BRCA,0.9940406701228749,0.0013549248029534364,0.001804353191067841,0.0028000518831037087
TCGA:BRCA:TCGA-A8-A081-01,BRCA,BRCA,0.988373826627984,0.0010435271488861205,0.00733251643359847,0.003250129789531194
TCGA:BRCA:TCGA-A8-A082-01,BRCA,BRCA,0.9976119697934582,0.0003020966251279825,0.00048596086838682156,0.0015999727130269245
TCGA:BRCA:TCGA-A8-A083-01,BRCA,BRCA,0.9960406603469447,0.0005070594953384881,0.0007914231018383073,0.0026608570558785
TCGA:BRCA:TCGA-A8-A085-01,BRCA,BRCA,0.9979969775265921,0.0002597031292494056,0.0007996454527516723,0.0009436738914067685
TCGA:BRCA:TCGA-A8-A086-01,BRCA,BRCA,0.9976351597966235,0.00018119270185024673,0.0006261805929023025,0.0015574669086237788
TCGA:BRCA:TCGA-A8-A08A-01,BRCA,BRCA,0.9973634964489675,0.0004301577053477681,0.00047541375706242875,0.0017309320886222564
TCGA:BRCA:TCGA-A8-A08B-01,BRCA,BRCA,0.9817874108359229,0.0010720051159714065,0.003128556657042818,0.014012027391062934
TCGA:BRCA:TCGA-A8-A08C-01,BRCA,BRCA,0.9965880823603135,9.995366410432181e-05,0.0003166337578129783,0.0029953302177692684
TCGA:BRCA:TCGA-A8-A08G-01,BRCA,BRCA,0.9980767604087082,0.0001652085401544902,0.0007851762825403295,0.0009728547685970539
TCGA:BRCA:TCGA-A8-A08H-01,BRCA,BRCA,0.5235881450571223,0.003926739366719193,0.04308845970125488,0.4293966558749037
TCGA:BRCA:TCGA-A8-A08I-01,BRCA,BRCA,0.9845237323014095,0.0005511396716109721,0.009496102144764483,0.005429025882215005
TCGA:BRCA:TCGA-A8-A08J-01,BRCA,BRCA,0.9923225894479166,0.0006133974465127542,0.00329981761344065,0.0037641954921299567
TCGA:BRCA:TCGA-A8-A08L-01,BRCA,BRCA,0.96150696235877,0.0026103462457254716,0.018827247604914808,0.017055443790589694
TCGA:BRCA:TCGA-A8-A08O-01,BRCA,BRCA,0.9961520685251007,0.00032477177799040697,0.0012267081403336709,0.002296451556575044
TCGA:BRCA:TCGA-A8-A08P-01,BRCA,BRCA,0.9981123349938544,0.00023182185973357657,0.00048411375046821794,0.0011717293959436822
TCGA:BRCA:TCGA-A8-A08R-01,BRCA,BRCA,0.9313258205671455,0.0015600608930414605,0.02144651816874236,0.04566760037107074
TCGA:BRCA:TCGA-A8-A08T-01,BRCA,BRCA,0.9993358322224879,6.316989887025831e-05,0.00020183986900036967,0.00039915800964143044
TCGA:BRCA:TCGA-A8-A08X-01,BRCA,BRCA,0.975548007973238,0.0007886274341419098,0.007733987801507221,0.015929376791112983
TCGA:BRCA:TCGA-A8-A08Z-01,BRCA,BRCA,0.9969648405238271,0.00032439928141145854,0.0008683574924724155,0.0018424027022890279
TCGA:BRCA:TCGA-A8-A090-01,BRCA,BRCA,0.9247981004563348,0.0009416863458660815,0.004559963060496907,0.06970025013730215
TCGA:BRCA:TCGA-A8-A091-01,BRCA,BRCA,0.993105429939833,0.0016650429182006022,0.0013221601659458224,0.0039073669760206296
TCGA:BRCA:TCGA-A8-A092-01,BRCA,BRCA,0.9941883366006978,0.000726725902935598,0.0030335873657931275,0.0020513501305734296
TCGA:BRCA:TCGA-A8-A093-01,BRCA,BRCA,0.9984407109089126,0.0003272503526385749,0.0003955793892970511,0.0008364593491520353
TCGA:BRCA:TCGA-A8-A094-01,BRCA,BRCA,0.8242774421459628,0.0014069471671890677,0.022297335974199542,0.1520182747126488
TCGA:BRCA:TCGA-A8-A095-01,BRCA,BRCA,0.9929069550315427,0.000733669494212604,0.0032841232426574028,0.0030752522315871853
TCGA:BRCA:TCGA-A8-A096-01,BRCA,BRCA,0.9966117246605922,0.00037314005625815487,0.0011264194900701863,0.0018887157930796733
TCGA:BRCA:TCGA-A8-A097-01,BRCA,BRCA,0.9936357916053926,0.0003533351726181086,0.0031373551174906983,0.0028735181044985355
TCGA:BRCA:TCGA-A8-A099-01,BRCA,BRCA,0.9980973651029162,0.0006097905047325485,0.0003345045972677908,0.0009583397950834535
TCGA:BRCA:TCGA-A8-A09A-01,BRCA,BRCA,0.9955162212652425,0.00022964568254006223,0.0012861884595554713,0.0029679445926621755
TCGA:BRCA:TCGA-A8-A09B-01,BRCA,BRCA,0.9984359484386294,0.00019871293915838125,0.0003986618188468188,0.0009666768033654789
TCGA:BRCA:TCGA-A8-A09C-01,BRCA,BRCA,0.9889725458995797,0.0007719852499247304,0.0029586382100721584,0.007296830640423353
TCGA:BRCA:TCGA-A8-A09D-01,BRCA,BRCA,0.9957563136863582,0.0009807172897580718,0.0008479304661002773,0.002415038557783406
TCGA:BRCA:TCGA-A8-A09G-01,BRCA,BRCA,0.9933965573751495,0.0006115251412403557,0.0026393849734808643,0.0033525325101291985
TCGA:BRCA:TCGA-A8-A09I-01,BRCA,BRCA,0.9741452285481195,0.0028351137211245214,0.009550581459408479,0.013469076271347632
TCGA:BRCA:TCGA-A8-A09M-01,BRCA,BRCA,0.9951298994224806,0.0005035120899396456,0.001523887896799063,0.0028427005907807534
TCGA:BRCA:TCGA-A8-A09N-01,BRCA,BRCA,0.999014478103315,9.725245775045127e-05,0.0003292471121289465,0.0005590223268055562
TCGA:BRCA:TCGA-A8-A09Q-01,BRCA,BRCA,0.9989989533336382,0.00010927573495605611,0.0004410199352570324,0.0004507509961488577
TCGA:BRCA:TCGA-A8-A09R-01,BRCA,BRCA,0.9937852077933761,0.00040506247865693183,0.0019591016433029387,0.003850628084664041
TCGA:BRCA:TCGA-A8-A09T-01,BRCA,BRCA,0.9988704065741368,0.00012265157470539838,0.00038124923282232734,0.0006256926183351357
TCGA:BRCA:TCGA-A8-A09V-01,BRCA,BRCA,0.9975728357528667,0.00040733552868671007,0.0006376092962767495,0.0013822194221697443
TCGA:BRCA:TCGA-A8-A09W-01,BRCA,BRCA,0.9929410384043592,0.001146400883390983,0.001510759684945474,0.004401801027304293
TCGA:BRCA:TCGA-A8-A09X-01,BRCA,BRCA,0.9971189156539392,0.0005137074209667718,0.0012504824038196134,0.0011168945212744704
TCGA:BRCA:TCGA-A8-A09Z-01,BRCA,BRCA,0.991326557720213,0.0006092056636264793,0.0007986970444824407,0.007265539571678056
TCGA:BRCA:TCGA-A8-A0A1-01,BRCA,BRCA,0.9977454178659947,0.00020937239514907325,0.0004273576333162015,0.0016178521055400263
TCGA:BRCA:TCGA-A8-A0A2-01,BRCA,BRCA,0.9988674723105592,0.0001624332937793096,0.00025372698286524846,0.0007163674127963781
TCGA:BRCA:TCGA-A8-A0A4-01,BRCA,BRCA,0.9810649076053425,0.0016193994567292196,0.003870837894415064,0.013444855043513237
TCGA:BRCA:TCGA-A8-A0A6-01,BRCA,BRCA,0.9865268974900607,0.0006201192325033757,0.0006020108299827714,0.012250972447453148
TCGA:BRCA:TCGA-A8-A0A7-01,BRCA,BRCA,0.9753980760829883,0.00042201916592354046,0.006714551361795715,0.017465353389292466
TCGA:BRCA:TCGA-A8-A0A9-01,BRCA,BRCA,0.9968011191535043,0.0006542613110317034,0.0006644814480028336,0.0018801380874612114
TCGA:BRCA:TCGA-A8-A0AB-01,BRCA,BRCA,0.9964713446304165,0.0006633161324111656,0.0006400663474480534,0.0022252728897242634
TCGA:BRCA:TCGA-A8-A0AD-01,BRCA,BRCA,0.9981340538016314,0.0002492805323780778,0.0007482527783889807,0.0008684128876016818
TCGA:BRCA:TCGA-AC-A23C-01,BRCA,BRCA,0.9985414058977168,0.00014835311665793908,0.0002644312390157164,0.0010458097466096395
TCGA:BRCA:TCGA-AC-A23E-01,BRCA,BRCA,0.9982723284706768,0.00018938222411953495,0.00035409583637812693,0.0011841934688252827
TCGA:BRCA:TCGA-AC-A23G-01,BRCA,BRCA,0.9910934125736797,0.002631834290247628,0.0016864827447983003,0.004588270391274365
TCGA:BRCA:TCGA-AC-A23H-01,BRCA,BRCA,0.9874662530093447,0.0005627768220348437,0.0039211060230438695,0.008049864145576683
TCGA:BRCA:TCGA-AC-A2B8-01,BRCA,BRCA,0.998286088524438,0.0002390155186004446,0.0005174437340864622,0.0009574522228750385
TCGA:BRCA:TCGA-AC-A2BK-01,BRCA,BRCA,0.4991203768687856,0.006255539165424519,0.1286208775383161,0.3660032064274737
TCGA:BRCA:TCGA-AC-A2BM-01,BRCA,BRCA,0.9963899502345746,0.00030221614751487023,0.0007996605344246224,0.0025081730834860265
TCGA:BRCA:TCGA-AC-A2FB-01,BRCA,BRCA,0.9915927235602137,0.0007167241212916469,0.0034412411519082788,0.004249311166586466
TCGA:BRCA:TCGA-AC-A2FE-01,BRCA,BRCA,0.9910797731612768,0.0003133317778130111,0.0010481852486287238,0.00755870981228141
TCGA:BRCA:TCGA-AC-A2FF-01,BRCA,BRCA,0.991318157736161,0.0004118534624495916,0.002918630873532377,0.005351357927856819
TCGA:BRCA:TCGA-AC-A2FG-01,BRCA,BRCA,0.9987807210327383,0.0001719847767233922,0.0006354711210178212,0.00041182306952048753
TCGA:BRCA:TCGA-AC-A2FK-01,BRCA,BRCA,0.9834033711330992,0.0012021704543990137,0.003626233695624755,0.01176822471687716
TCGA:BRCA:TCGA-AC-A2FM-01,BRCA,BRCA,0.9822902452530899,0.0036456256010200133,0.004306731570314224,0.009757397575575916
TCGA:BRCA:TCGA-AC-A2FO-01,BRCA,BRCA,0.9959403798139284,0.00023371031907592541,0.0007507233179362874,0.003075186549059194
TCGA:BRCA:TCGA-AC-A2QH-01,BRCA,BRCA,0.8659985121867046,0.016976796708575083,0.0457324947737366,0.07129219633098374
TCGA:BRCA:TCGA-AC-A2QI-01,BRCA,BRCA,0.9990928887517547,0.00019281943185765378,0.00014923498740865583,0.0005650568289790088
TCGA:BRCA:TCGA-AC-A2QJ-01,BRCA,HNSCC,0.32736315251696396,0.5613442508597579,0.0668526371422995,0.04443995948097859
TCGA:BRCA:TCGA-AC-A3BB-01,BRCA,BRCA,0.9964656496937307,0.0011104359982155802,0.0005029307871391679,0.0019209835209145307
TCGA:BRCA:TCGA-AC-A3EH-01,BRCA,BRCA,0.9985031832967703,0.0004773656501259689,0.00041311790871413623,0.0006063331443896279
TCGA:BRCA:TCGA-AC-A3HN-01,BRCA,BRCA,0.9968741893182914,0.0004827025863946437,0.0011538104442315495,0.001489297651082424
TCGA:BRCA:TCGA-AC-A3OD-01,BRCA,BRCA,0.9984817356173024,0.00018099476258713956,0.0004069934419763678,0.0009302761781340147
TCGA:BRCA:TCGA-AC-A3QP-01,BRCA,BRCA,0.9936907735800597,0.000987874907841849,0.0017098254874653484,0.0036115260246330867
TCGA:BRCA:TCGA-AC-A3QQ-01,BRCA,BRCA,0.9817877081378248,0.00913313648287785,0.005020608110390042,0.0040585472689072255
TCGA:BRCA:TCGA-AC-A3TM-01,BRCA,BRCA,0.9708603994699863,0.017824415793774636,0.0035495022258055643,0.007765682510433484
TCGA:BRCA:TCGA-AC-A3TN-01,BRCA,BRCA,0.9952577366551641,0.001517049488872535,0.0005435829881167206,0.0026816308678466257
TCGA:BRCA:TCGA-AC-A3W5-01,BRCA,BRCA,0.9843003423615955,0.0008194478529577804,0.0014994109404879586,0.013380798844958809
TCGA:BRCA:TCGA-AC-A3W6-01,BRCA,BRCA,0.9933028776893353,0.0009976937553791208,0.001745495757091128,0.003953932798194412
TCGA:BRCA:TCGA-AC-A3W7-01,BRCA,BRCA,0.9893429771709458,0.0027741218951007674,0.002378840483230907,0.005504060450722685
TCGA:BRCA:TCGA-AC-A3YI-01,BRCA,BRCA,0.936399256756397,0.00317955665918886,0.01449234708277572,0.04592883950163857
TCGA:BRCA:TCGA-AC-A3YJ-01,BRCA,BRCA,0.9960949537871774,0.0006375274216869587,0.0005863018338606628,0.0026812169572750055
TCGA:BRCA:TCGA-AC-A4ZE-01,BRCA,BRCA,0.9967655477521574,0.00018031058096910078,0.0005426300891692654,0.0025115115777041667
TCGA:BRCA:TCGA-AC-A5EH-01,BRCA,BRCA,0.9941961466502574,0.0012703683078683955,0.0015927079389908808,0.0029407771028833324
TCGA:BRCA:TCGA-AC-A5XS-01,BRCA,BRCA,0.9832251042224179,0.0005155025755457747,0.001997469461761879,0.014261923740274582
TCGA:BRCA:TCGA-AC-A5XU-01,BRCA,BRCA,0.9912789201006447,0.000728320394974179,0.0019880364234404987,0.006004723080940617
TCGA:BRCA:TCGA-AC-A62V-01,BRCA,BRCA,0.9731141081445371,0.012565764252694461,0.006278660692576838,0.008041466910191435
TCGA:BRCA:TCGA-AC-A62X-01,BRCA,BRCA,0.9872016541142629,0.0015031062692575966,0.002794356142207644,0.008500883474271996
TCGA:BRCA:TCGA-AC-A62Y-01,BRCA,BRCA,0.9939525144050145,0.0005305117855947936,0.0015810602950484215,0.003935913514342317
TCGA:BRCA:TCGA-AC-A6IV-01,BRCA,BRCA,0.9885350384256056,0.0006102613710831491,0.002908934256186969,0.007945765947124338
TCGA:BRCA:TCGA-AC-A6IW-01,BRCA,BRCA,0.9697967033315325,0.006165124697749851,0.011396624943031524,0.012641547027686197
TCGA:BRCA:TCGA-AC-A6IX-01,BRCA,BRCA,0.9973623312294857,0.00016070034363577053,0.000496062213569449,0.0019809062133088412
TCGA:BRCA:TCGA-AC-A6NO-01,BRCA,BRCA,0.9970625213093594,0.0003036106839515313,0.0005519279694583091,0.00208194003723059
TCGA:BRCA:TCGA-AC-A7VB-01,BRCA,BRCA,0.9872424633154798,0.001176238070918602,0.0016809084428717161,0.009900390170729929
TCGA:BRCA:TCGA-AC-A7VC-01,BRCA,BRCA,0.8296594361877048,0.030748203487097732,0.08018599691940832,0.059406363405789295
TCGA:BRCA:TCGA-AC-A8OP-01,BRCA,BRCA,0.9976516295600283,0.0002654181442457067,0.0006337586728709482,0.0014491936228551233
TCGA:BRCA:TCGA-AC-A8OQ-01,BRCA,BRCA,0.5977667970212862,0.002994528309340675,0.09878797820120261,0.3004506964681705
TCGA:BRCA:TCGA-AC-A8OR-01,BRCA,BRCA,0.9974563453784124,0.0008453342315399625,0.0006802582077671482,0.001018062182280419
TCGA:BRCA:TCGA-AC-A8OS-01,BRCA,BRCA,0.9839432475678884,0.0009683918232097978,0.002197346441881096,0.012891014167020515
TCGA:BRCA:TCGA-AN-A03X-01,BRCA,BRCA,0.9833512819704868,0.0004138180063965744,0.001000790712521865,0.015234109310594771
TCGA:BRCA:TCGA-AN-A03Y-01,BRCA,BRCA,0.9948181841351686,0.0002304913125127419,0.0027484850633353714,0.00220283948898319
TCGA:BRCA:TCGA-AN-A041-01,BRCA,BRCA,0.9912579677519873,0.0006857632360599968,0.0017374125599473587,0.006318856452005143
TCGA:BRCA:TCGA-AN-A046-01,BRCA,BRCA,0.997177980494463,0.0009289466608337686,0.0005244401588748712,0.0013686326858285646
TCGA:BRCA:TCGA-AN-A049-01,BRCA,BRCA,0.9960015681215123,0.0006249121584304196,0.0009728011605754298,0.0024007185594819105
TCGA:BRCA:TCGA-AN-A04A-01,BRCA,BRCA,0.9929159604247415,0.0020867469941593477,0.0030341657032463957,0.0019631268778528407
TCGA:BRCA:TCGA-AN-A04C-01,BRCA,BRCA,0.8932999948126912,0.006726330167976113,0.05734730910832126,0.042626365911011425
TCGA:BRCA:TCGA-AN-A04D-01,BRCA,BRCA,0.9796182521675957,0.001455945760679337,0.005404090825597445,0.013521711246127489
TCGA:BRCA:TCGA-AN-A0AJ-01,BRCA,BRCA,0.9830283529992991,0.001409672018640479,0.011059472097347704,0.004502502884712576
TCGA:BRCA:TCGA-AN-A0AK-01,BRCA,BRCA,0.9473939479679396,0.011191116716258219,0.02085929462300215,0.020555640692799863
TCGA:BRCA:TCGA-AN-A0AL-01,BRCA,LUAD,0.45303800420680806,0.0020509986990515454,0.06465752802509732,0.48025346906904304
TCGA:BRCA:TCGA-AN-A0AM-01,BRCA,BRCA,0.9925022261376165,0.0016917866996592381,0.001781673277119253,0.0040243138856050275
TCGA:BRCA:TCGA-AN-A0AR-01,BRCA,BRCA,0.9692825262940719,0.004804189623647371,0.009659993728152733,0.01625329035412808
TCGA:BRCA:TCGA-AN-A0AS-01,BRCA,BRCA,0.9941182483098763,0.0008004660289498423,0.0008336319022403079,0.004247653758933581
TCGA:BRCA:TCGA-AN-A0AT-01,BRCA,BRCA,0.9097956902445202,0.0192500214904546,0.05924864286746278,0.011705645397562543
TCGA:BRCA:TCGA-AN-A0FD-01,BRCA,BRCA,0.9985911211918486,0.0001514328415659964,0.00053848063008971,0.0007189653364957455
TCGA:BRCA:TCGA-AN-A0FF-01,BRCA,BRCA,0.9968872537437039,0.0003061535173189729,0.0008856600064693225,0.0019209327325075546
TCGA:BRCA:TCGA-AN-A0FJ-01,BRCA,BRCA,0.632714827637153,0.009521860870194208,0.10883161136764591,0.24893170012500684
TCGA:BRCA:TCGA-AN-A0FK-01,BRCA,BRCA,0.9918717214928484,0.0006422092666023803,0.002331523365593611,0.005154545874955632
TCGA:BRCA:TCGA-AN-A0FL-01,BRCA,BRCA,0.8675275651056792,0.0043411424988774325,0.014541728053925215,0.11358956434151826
TCGA:BRCA:TCGA-AN-A0FN-01,BRCA,BRCA,0.9756166124133493,0.0009221828139378622,0.004218352177314043,0.01924285259539886
TCGA:BRCA:TCGA-AN-A0FS-01,BRCA,BRCA,0.9986277781419132,0.0002370231441321699,0.00040943367123022,0.0007257650427242715
TCGA:BRCA:TCGA-AN-A0FT-01,BRCA,BRCA,0.9890272811339365,0.001555294757317918,0.0018443025967297977,0.007573121512015824
TCGA:BRCA:TCGA-AN-A0FV-01,BRCA,BRCA,0.8746597799262685,0.009598315961603997,0.03591707138786747,0.07982483272426007
TCGA:BRCA:TCGA-AN-A0FW-01,BRCA,BRCA,0.9973096001434371,0.0004919700027874511,0.0015961969107022515,0.0006022329430730803
TCGA:BRCA:TCGA-AN-A0FX-01,BRCA,BRCA,0.9753804664396967,0.0016931761303468045,0.01137661622397986,0.01154974120597674
TCGA:BRCA:TCGA-AN-A0FY-01,BRCA,BRCA,0.9893392638005484,0.001012315543964591,0.00422576353163751,0.005422657123849738
TCGA:BRCA:TCGA-AN-A0FZ-01,BRCA,BRCA,0.9858878355197932,0.0010709402144474676,0.002745815223705892,0.010295409042053543
TCGA:BRCA:TCGA-AN-A0G0-01,BRCA,BRCA,0.7997769190760506,0.003217747118306871,0.03950368713706395,0.15750164666857838
TCGA:BRCA:TCGA-AN-A0XL-01,BRCA,BRCA,0.9967192832609005,0.0006002259516084434,0.0010127924278145867,0.0016676983596762367
TCGA:BRCA:TCGA-AN-A0XN-01,BRCA,BRCA,0.9921489072031772,0.00032001790643926476,0.002752296064493559,0.004778778825890213
TCGA:BRCA:TCGA-AN-A0XO-01,BRCA,BRCA,0.9958630088918806,0.00038994937607524457,0.0014017556863627548,0.002345286045681554
TCGA:BRCA:TCGA-AN-A0XP-01,BRCA,BRCA,0.9982698575621146,0.00028680239183243966,0.00048117633155942785,0.0009621637144933748
TCGA:BRCA:TCGA-AN-A0XR-01,BRCA,BRCA,0.995900047971958,0.0013709468069628146,0.0011607280116310043,0.001568277209448199
TCGA:BRCA:TCGA-AN-A0XS-01,BRCA,BRCA,0.9988877460017835,0.00026265963445985655,0.0002276898891291528,0.0006219044746272179
TCGA:BRCA:TCGA-AN-A0XT-01,BRCA,BRCA,0.9975973140114137,0.00020113204498389478,0.0005607662831908979,0.0016407876604115211
TCGA:BRCA:TCGA-AN-A0XU-01,BRCA,BRCA,0.8957770374502283,0.00490795803167915,0.0735129456616095,0.025802058856483002
TCGA:BRCA:TCGA-AN-A0XV-01,BRCA,BRCA,0.9954650684115297,0.000257225934321288,0.0005841669274404362,0.0036935387267083715
TCGA:BRCA:TCGA-AN-A0XW-01,BRCA,BRCA,0.9940412627803457,0.0002862757588799814,0.0030515183217309626,0.0026209431390431
TCGA:BRCA:TCGA-AO-A03L-01,BRCA,BRCA,0.9967194040500119,0.00070313122002436,0.0016715559729845785,0.0009059087569792649
TCGA:BRCA:TCGA-AO-A03M-01,BRCA,BRCA,0.9932576477503076,0.0006082875096294503,0.0034406904235303234,0.002693374316532546
TCGA:BRCA:TCGA-AO-A03N-01,BRCA,BRCA,0.9942814715666072,0.00021587358651661433,0.0011963533606679346,0.004306301486208349
TCGA:BRCA:TCGA-AO-A03O-01,BRCA,BRCA,0.9964832974466324,0.00036893029478141944,0.0005891352655949125,0.002558636992991101
TCGA:BRCA:TCGA-AO-A03P-01,BRCA,BRCA,0.9957645310316274,0.00024545598497442705,0.001519800247517474,0.0024702127358806284
TCGA:BRCA:TCGA-AO-A03R-01,BRCA,BRCA,0.9531831661013906,0.008406118678614087,0.014967075549954247,0.023443639670040976
TCGA:BRCA:TCGA-AO-A03T-01,BRCA,BRCA,0.9823581454940065,0.003479036813328511,0.006243214917462992,0.007919602775201887
TCGA:BRCA:TCGA-AO-A03U-01,BRCA,BRCA,0.7407053514759574,0.0020541528560693253,0.0082654683254603,0.24897502734251295
TCGA:BRCA:TCGA-AO-A03V-01,BRCA,BRCA,0.9969112987322473,0.00021170965453343312,0.0013079771567766697,0.0015690144564426236
TCGA:BRCA:TCGA-AO-A0J2-01,BRCA,BRCA,0.7841415514371792,0.011012573130029485,0.033946462332889255,0.17089941309990195
TCGA:BRCA:TCGA-AO-A0J3-01,BRCA,BRCA,0.9878229385221159,0.00041403366936664226,0.0037673208873323758,0.007995706921184969
TCGA:BRCA:TCGA-AO-A0J4-01,BRCA,BRCA,0.9670789894677444,0.0013667642866308368,0.016055229654276405,0.01549901659134839
TCGA:BRCA:TCGA-AO-A0J5-01,BRCA,BRCA,0.9906626095655986,0.0009384982079046689,0.0016098371260845823,0.006789055100412242
TCGA:BRCA:TCGA-AO-A0J6-01,BRCA,BRCA,0.9723817670344179,0.004846604636755469,0.010460953417966792,0.012310674910859767
TCGA:BRCA:TCGA-AO-A0J7-01,BRCA,BRCA,0.9900184514420942,0.0036614771662088616,0.0029040871121503893,0.0034159842795466193
TCGA:BRCA:TCGA-AO-A0J8-01,BRCA,BRCA,0.9984054258867477,0.00012578701240657897,0.00023996951605913366,0.0012288175847867365
TCGA:BRCA:TCGA-AO-A0J9-01,BRCA,BRCA,0.985549016201682,0.0004660885223060168,0.0035972639241562375,0.010387631351855726
TCGA:BRCA:TCGA-AO-A0JA-01,BRCA,BRCA,0.9977756647015649,0.00024617396955216547,0.0004810335562233551,0.0014971277726596552
TCGA:BRCA:TCGA-AO-A0JB-01,BRCA,BRCA,0.9716985825383633,0.004307570403934206,0.01106362298106843,0.012930224076633908
TCGA:BRCA:TCGA-AO-A0JC-01,BRCA,BRCA,0.9328650441844281,0.008934721884186744,0.045223951853247644,0.012976282078137443
TCGA:BRCA:TCGA-AO-A0JD-01,BRCA,BRCA,0.96384548503049,0.0012069304506844652,0.0216477844451304,0.013299800073695143
TCGA:BRCA:TCGA-AO-A0JE-01,BRCA,BRCA,0.9051012570896491,0.003115738676869581,0.019472707573475433,0.07231029666000591
TCGA:BRCA:TCGA-AO-A0JF-01,BRCA,BRCA,0.9978389785339585,0.0003047856290996073,0.000547993886917396,0.001308241950024314
TCGA:BRCA:TCGA-AO-A0JG-01,BRCA,BRCA,0.9963199669835506,0.0002151230811082906,0.0018320067100445073,0.0016329032252965013
TCGA:BRCA:TCGA-AO-A0JI-01,BRCA,BRCA,0.9969454128143554,0.00041475627974293515,0.0003802992431350483,0.0022595316627669008
TCGA:BRCA:TCGA-AO-A0JJ-01,BRCA,BRCA,0.9961659835821753,0.0004933160396833855,0.0003861598508081153,0.002954540527333181
TCGA:BRCA:TCGA-AO-A0JL-01,BRCA,BRCA,0.9770130236382687,0.0007646782205757525,0.0030743773543224075,0.01914792078683291
TCGA:BRCA:TCGA-AO-A0JM-01,BRCA,BRCA,0.998802697067054,0.0002171096021580547,0.00031418944057533314,0.0006660038902128164
TCGA:BRCA:TCGA-AO-A124-01,BRCA,BRCA,0.9498482223280165,0.002004031438028971,0.02880148040551757,0.019346265828437077
TCGA:BRCA:TCGA-AO-A125-01,BRCA,BRCA,0.9905081750971341,0.0006139314448426111,0.0017520855304894356,0.007125807927533901
TCGA:BRCA:TCGA-AO-A126-01,BRCA,BRCA,0.9993191695450219,0.00031746986691443273,0.00012766343920092435,0.000235697148862489
TCGA:BRCA:TCGA-AO-A128-01,BRCA,BRCA,0.9324319287210601,0.0015234118851200225,0.024752180265554338,0.041292479128265565
TCGA:BRCA:TCGA-AO-A129-01,BRCA,BRCA,0.9917040065204255,0.0017170339437265812,0.004373103736288196,0.002205855799559788
TCGA:BRCA:TCGA-AO-A12A-01,BRCA,BRCA,0.9966182761599581,0.0006368885177683695,0.0010041586082627778,0.001740676714010812
TCGA:BRCA:TCGA-AO-A12B-01,BRCA,BRCA,0.9947556528403586,0.00043656235218537774,0.00065937851301928,0.004148406294436836
TCGA:BRCA:TCGA-AO-A12D-01,BRCA,BRCA,0.9893750530331508,0.0006253794331131214,0.005679346222799531,0.004320221310936443
TCGA:BRCA:TCGA-AO-A12E-01,BRCA,BRCA,0.993376875263095,0.0006788373706721548,0.0013050104754915787,0.00463927689074108
TCGA:BRCA:TCGA-AO-A12F-01,BRCA,BRCA,0.9792524399476993,0.0004160967914692328,0.013215911444329225,0.007115551816502069
TCGA:BRCA:TCGA-AO-A12G-01,BRCA,BRCA,0.997396930006952,0.00027643292118174613,0.001178652360686591,0.0011479847111797194
TCGA:BRCA:TCGA-AO-A12H-01,BRCA,BRCA,0.9987255692681902,0.00014661437570497412,0.00031226116542387917,0.0008155551906806916
TCGA:BRCA:TCGA-AO-A1KO-01,BRCA,BRCA,0.9628228873191835,0.004473019246959217,0.00517120527559593,0.027532888158261392
TCGA:BRCA:TCGA-AO-A1KP-01,BRCA,BRCA,0.9978859230045325,0.00010501072950462714,0.0005968693627123299,0.0014121969032504403
TCGA:BRCA:TCGA-AO-A1KQ-01,BRCA,BRCA,0.9949870150740168,0.0007106259217676308,0.0020308649235917025,0.002271494080624096
TCGA:BRCA:TCGA-AO-A1KR-01,BRCA,BRCA,0.9452624341866465,0.004598505731412017,0.02788766488978425,0.02225139519215718
TCGA:BRCA:TCGA-AO-A1KS-01,BRCA,BRCA,0.9965110937618926,0.00016285359350403798,0.0007441396867590763,0.0025819129578440888
TCGA:BRCA:TCGA-AO-A1KT-01,BRCA,BRCA,0.9903833761666235,0.0004922113174952776,0.0015098985288395051,0.007614513987041726
TCGA:BRCA:TCGA-AQ-A04H-01,BRCA,BRCA,0.9958862001972201,0.00026104586578576134,0.0011152479941282272,0.002737505942865937
TCGA:BRCA:TCGA-AQ-A04J-01,BRCA,BRCA,0.9742052882745995,0.001003019845758461,0.017422804140821157,0.0073688877388208415
TCGA:BRCA:TCGA-AQ-A04L-01,BRCA,BRCA,0.9611022954377203,0.0012538375918449453,0.0081280687919233,0.02951579817851136
TCGA:BRCA:TCGA-AQ-A0Y5-01,BRCA,BRCA,0.9799968899018577,0.000918679636453369,0.012862424352761524,0.006222006108927382
TCGA:BRCA:TCGA-AQ-A1H2-01,BRCA,BRCA,0.9959742443347912,0.0005693180122386122,0.0007476910985134203,0.0027087465544568348
TCGA:BRCA:TCGA-AQ-A1H3-01,BRCA,BRCA,0.9890687438347101,0.0005217779808005771,0.0009477714082970992,0.009461706776192336
TCGA:BRCA:TCGA-AQ-A54N-01,BRCA,BRCA,0.9017983826157421,0.006135272816755156,0.01590144907701076,0.07616489549049207
TCGA:BRCA:TCGA-AQ-A54O-01,BRCA,BRCA,0.9911607204124251,0.0006441910375827753,0.002006803910016161,0.006188284639975927
TCGA:BRCA:TCGA-AQ-A7U7-01,BRCA,BRCA,0.9461294644066495,0.0038758563263491075,0.01600770210960444,0.03398697715739718
TCGA:BRCA:TCGA-AR-A0TP-01,BRCA,BRCA,0.9485795985819849,0.0022301770438606584,0.015327813474351071,0.03386241089980321
TCGA:BRCA:TCGA-AR-A0TQ-01,BRCA,BRCA,0.9854391563019814,0.002890366350124324,0.003806431658243884,0.007864045689650243
TCGA:BRCA:TCGA-AR-A0TR-01,BRCA,BRCA,0.9905982412459474,0.001540446557996628,0.0025977869708349896,0.005263525225221025
TCGA:BRCA:TCGA-AR-A0TS-01,BRCA,BRCA,0.9828601059523671,0.001371446544908169,0.005729860251554758,0.01003858725116984
TCGA:BRCA:TCGA-AR-A0TT-01,BRCA,BRCA,0.9788615026713599,0.0005910548531010489,0.006679556555912193,0.013867885919626906
TCGA:BRCA:TCGA-AR-A0TU-01,BRCA,BRCA,0.973475722044874,0.004120370543896379,0.008105616011757142,0.014298291399472453
TCGA:BRCA:TCGA-AR-A0TV-01,BRCA,BRCA,0.9954200650208591,0.00033616770910844786,0.0010656865957575834,0.0031780806742746984
TCGA:BRCA:TCGA-AR-A0TW-01,BRCA,BRCA,0.9942830680458297,0.0007883223785248453,0.0013641467653907457,0.0035644628102545865
TCGA:BRCA:TCGA-AR-A0TX-01,BRCA,BRCA,0.9962766730501829,0.0006362994828654145,0.0007888578146788309,0.002298169652272958
TCGA:BRCA:TCGA-AR-A0TY-01,BRCA,BRCA,0.9947182100356544,0.0005907464967600418,0.0025655533292946336,0.0021254901382909953
TCGA:BRCA:TCGA-AR-A0TZ-01,BRCA,BRCA,0.9965493377181898,0.0004958363904912386,0.0010290340185519274,0.0019257918727670698
TCGA:BRCA:TCGA-AR-A0U0-01,BRCA,BRCA,0.9574353062432559,0.0036729555616545903,0.023285497890137036,0.01560624030495231
TCGA:BRCA:TCGA-AR-A0U1-01,BRCA,BRCA,0.6133704098347006,0.01614220101063657,0.05532033392210717,0.31516705523255567
TCGA:BRCA:TCGA-AR-A0U2-01,BRCA,BRCA,0.9675411036283953,0.0037923314692060494,0.015138880343975704,0.013527684558423046
TCGA:BRCA:TCGA-AR-A0U3-01,BRCA,BRCA,0.9958181760237895,0.00018714911438040451,0.00144318010704618,0.0025514947547839472
TCGA:BRCA:TCGA-AR-A0U4-01,BRCA,BRCA,0.9745797761044519,0.002651407407151596,0.014441351958380698,0.008327464530015791
TCGA:BRCA:TCGA-AR-A1AH-01,BRCA,BRCA,0.9908767937703669,0.0007993194554138696,0.0040580962739484,0.004265790500270944
TCGA:BRCA:TCGA-AR-A1AI-01,BRCA,BRCA,0.9436203860295136,0.0016346834302479044,0.024307282792224636,0.03043764774801384
TCGA:BRCA:TCGA-AR-A1AJ-01,BRCA,BRCA,0.9873305982587703,0.00024037608512537245,0.003536915743279453,0.008892109912824738
TCGA:BRCA:TCGA-AR-A1AK-01,BRCA,BRCA,0.9958145297152688,0.0004886267998489737,0.001008013728663766,0.0026888297562184297
TCGA:BRCA:TCGA-AR-A1AL-01,BRCA,BRCA,0.9968950258538526,0.00026593653701717393,0.0006237216636064602,0.0022153159455235855
TCGA:BRCA:TCGA-AR-A1AM-01,BRCA,BRCA,0.9981844089553099,0.0003834076121998084,0.0006040048258713492,0.0008281786066187874
TCGA:BRCA:TCGA-AR-A1AN-01,BRCA,BRCA,0.9984427406215959,7.770465694555614e-05,0.0003288588700353223,0.0011506958514233595
TCGA:BRCA:TCGA-AR-A1AO-01,BRCA,BRCA,0.7867899953131816,0.004463721054662203,0.03634483479546363,0.17240144883669262
TCGA:BRCA:TCGA-AR-A1AP-01,BRCA,BRCA,0.998804705034678,0.00012446114101735808,0.0004929002143746489,0.000577933609930111
TCGA:BRCA:TCGA-AR-A1AQ-01,BRCA,BRCA,0.9376440405874429,0.0022203796245642313,0.01646691129841852,0.04366866848957443
TCGA:BRCA:TCGA-AR-A1AR-01,BRCA,BRCA,0.932679668011961,0.0010380252589923065,0.00620634462490344,0.060075962104143406
TCGA:BRCA:TCGA-AR-A1AS-01,BRCA,BRCA,0.9846862619991414,0.0009675562386110215,0.003929055903633102,0.01041712585861461
TCGA:BRCA:TCGA-AR-A1AT-01,BRCA,BRCA,0.9974564968572607,0.0005821251449019037,0.0008630015421575749,0.0010983764556798978
TCGA:BRCA:TCGA-AR-A1AU-01,BRCA,BRCA,0.9949463559972754,0.0007808802950847719,0.0017016734777861317,0.002571090229853866
TCGA:BRCA:TCGA-AR-A1AV-01,BRCA,BRCA,0.9986598152938887,0.00017267182694644112,0.0004083530166305154,0.0007591598625341932
TCGA:BRCA:TCGA-AR-A1AW-01,BRCA,BRCA,0.9044076676297548,0.0015812239374219572,0.02196009606972694,0.07205101236309629
TCGA:BRCA:TCGA-AR-A1AX-01,BRCA,BRCA,0.9977393472302549,0.00022362712806929825,0.0007386640450084643,0.0012983615966674377
TCGA:BRCA:TCGA-AR-A1AY-01,BRCA,BRCA,0.9510772927232295,0.0019498316904576348,0.034882471763762565,0.012090403822550154
TCGA:BRCA:TCGA-AR-A24H-01,BRCA,BRCA,0.9962175866448583,0.0004611913196289855,0.002104062018503365,0.001217160017009489
TCGA:BRCA:TCGA-AR-A24K-01,BRCA,BRCA,0.9959512253125083,0.00021797653697388898,0.0012815659429313102,0.0025492322075864747
TCGA:BRCA:TCGA-AR-A24L-01,BRCA,BRCA,0.9940884419882994,0.00036431894712405364,0.001295320486635347,0.00425191857794124
TCGA:BRCA:TCGA-AR-A24M-01,BRCA,BRCA,0.9976552175074953,0.00032810850703204804,0.0009354345182774142,0.0010812394671951948
TCGA:BRCA:TCGA-AR-A24N-01,BRCA,BRCA,0.9935235882920297,0.0002778778191419063,0.0008863966823773832,0.005312137206450941
TCGA:BRCA:TCGA-AR-A24O-01,BRCA,BRCA,0.994249885403275,0.00011333506208382797,0.0007827030895186275,0.004854076445122635
TCGA:BRCA:TCGA-AR-A24P-01,BRCA,BRCA,0.9984441162981285,0.0002466030617640797,0.0004301401572271679,0.0008791404828803368
TCGA:BRCA:TCGA-AR-A24Q-01,BRCA,BRCA,0.9496322983376729,0.0011713840306475142,0.027557670086743796,0.021638647544935937
TCGA:BRCA:TCGA-AR-A24R-01,BRCA,BRCA,0.9985393406655665,0.00027427732825326877,0.00027755273454548545,0.0009088292716348983
TCGA:BRCA:TCGA-AR-A24S-01,BRCA,BRCA,0.9876195306449285,0.0005474690317903998,0.0029852645012423662,0.008847735822038745
TCGA:BRCA:TCGA-AR-A24T-01,BRCA,BRCA,0.9956917699541183,0.0005189977016269596,0.0017552937508858565,0.002033938593368877
TCGA:BRCA:TCGA-AR-A24U-01,BRCA,BRCA,0.9680134516363739,0.00021422256356765933,0.002151897127897252,0.02962042867216111
TCGA:BRCA:TCGA-AR-A24V-01,BRCA,BRCA,0.9952522717010176,0.00022215696119855173,0.0011400351253350821,0.0033855362124488664
TCGA:BRCA:TCGA-AR-A24W-01,BRCA,BRCA,0.9972086593806003,0.00044266751327475494,0.0006085511370565703,0.0017401219690684271
TCGA:BRCA:TCGA-AR-A24X-01,BRCA,BRCA,0.9995301206713894,5.2684807710226704e-05,9.111111027765463e-05,0.00032608341062274855
TCGA:BRCA:TCGA-AR-A24Z-01,BRCA,BRCA,0.9968954507187676,0.00018491307944767498,0.0009514355394802643,0.0019682006623045773
TCGA:BRCA:TCGA-AR-A250-01,BRCA,BRCA,0.9967256625300672,0.00042968524648552683,0.0016958677918054268,0.0011487844316419482
TCGA:BRCA:TCGA-AR-A251-01,BRCA,BRCA,0.9727453342726308,0.0012492449487120883,0.009573884116273804,0.016431536662383405
TCGA:BRCA:TCGA-AR-A252-01,BRCA,BRCA,0.9855995124882102,0.0005248284301822718,0.007437931433346005,0.006437727648261497
TCGA:BRCA:TCGA-AR-A254-01,BRCA,BRCA,0.995308868472001,0.00016163213605334975,0.0010274364505691888,0.003502062941376707
TCGA:BRCA:TCGA-AR-A255-01,BRCA,BRCA,0.9984351620378072,0.00012513642747861135,0.00044637875697987965,0.0009933227777341952
TCGA:BRCA:TCGA-AR-A256-01,BRCA,BRCA,0.967917726518347,0.0016009523283107769,0.004659419930561253,0.025821901222781007
TCGA:BRCA:TCGA-AR-A2LE-01,BRCA,BRCA,0.9989737966683737,0.00018949002004821366,0.0003155371435149864,0.0005211761680632194
TCGA:BRCA:TCGA-AR-A2LH-01,BRCA,BRCA,0.951555382130403,0.00293079304242227,0.0181421683130208,0.027371656514154012
TCGA:BRCA:TCGA-AR-A2LJ-01,BRCA,BRCA,0.9918273775772917,0.002631138488003537,0.001376896436948621,0.0041645874977560135
TCGA:BRCA:TCGA-AR-A2LK-01,BRCA,BRCA,0.9822479980806064,0.0021565180352631596,0.0055637968904168845,0.010031686993713623
TCGA:BRCA:TCGA-AR-A2LM-01,BRCA,BRCA,0.9961665622809922,0.0002373482518883106,0.0005153363989667236,0.003080753068152856
TCGA:BRCA:TCGA-AR-A2LN-01,BRCA,BRCA,0.9920490251175051,0.000989589530005204,0.001262372106761665,0.00569901324572809
TCGA:BRCA:TCGA-AR-A2LO-01,BRCA,BRCA,0.9973740265283749,0.00036719689877840616,0.0009285736103033362,0.0013302029625432625
TCGA:BRCA:TCGA-AR-A2LQ-01,BRCA,BRCA,0.7620211520764716,0.007202570712391556,0.022682941973157327,0.20809333523797963
TCGA:BRCA:TCGA-AR-A5QM-01,BRCA,BRCA,0.9927153247192801,0.0017520076707726142,0.0015651031023765085,0.003967564507570698
TCGA:BRCA:TCGA-AR-A5QN-01,BRCA,BRCA,0.9970837473632296,0.00026146475483153006,0.0011621922682165363,0.0014925956137225168
TCGA:BRCA:TCGA-AR-A5QP-01,BRCA,BRCA,0.993530783138014,0.0005405350204506146,0.0017845210833535522,0.00414416075818171
TCGA:BRCA:TCGA-AR-A5QQ-01,BRCA,LSCC,0.02089430528249802,0.3704410584991831,0.5968648260275013,0.011799810190817616
TCGA:BRCA:TCGA-B6-A0I1-01,BRCA,BRCA,0.9882020659495588,0.0013073240906376167,0.006781212651234306,0.003709397308569414
TCGA:BRCA:TCGA-B6-A0I2-01,BRCA,BRCA,0.9763090368399647,0.0017484814487554394,0.00869233264430417,0.013250149066975714
TCGA:BRCA:TCGA-B6-A0I5-01,BRCA,BRCA,0.9897644973828994,0.0028491094295907383,0.0026186884803444405,0.0047677047071654445
TCGA:BRCA:TCGA-B6-A0I6-01,BRCA,BRCA,0.83854968822617,0.014698815744134565,0.06451937585599238,0.08223212017370297
TCGA:BRCA:TCGA-B6-A0I8-01,BRCA,BRCA,0.8903531422032397,0.0031375959262106676,0.025080167519527356,0.0814290943510222
TCGA:BRCA:TCGA-B6-A0I9-01,BRCA,BRCA,0.9757596781080534,0.0016345764518033966,0.0055279606062324325,0.0170777848339109
TCGA:BRCA:TCGA-B6-A0IA-01,BRCA,BRCA,0.9887740310992936,0.0006560549944199047,0.0014954751797357133,0.009074438726550713
TCGA:BRCA:TCGA-B6-A0IB-01,BRCA,BRCA,0.9889331475071659,0.0032157212964262437,0.0017125198876007442,0.00613861130880719
TCGA:BRCA:TCGA-B6-A0IC-01,BRCA,BRCA,0.9959457359353773,0.0005822689315014703,0.0005714470614054639,0.0029005480717158925
TCGA:BRCA:TCGA-B6-A0IE-01,BRCA,BRCA,0.9888504597921454,0.0010324772626295546,0.003395922094530195,0.006721140850695121
TCGA:BRCA:TCGA-B6-A0IG-01,BRCA,BRCA,0.9946512158667247,0.0005997749306204557,0.001702251317088086,0.0030467578855666575
TCGA:BRCA:TCGA-B6-A0IH-01,BRCA,BRCA,0.9819245603786563,0.0007029552725426664,0.0020671532144215434,0.015305331134379577
TCGA:BRCA:TCGA-B6-A0IJ-01,BRCA,BRCA,0.850212571742497,0.007057340009217171,0.12168360867869538,0.021046479569590524
TCGA:BRCA:TCGA-B6-A0IK-01,BRCA,BRCA,0.9603707683583141,0.002169029323898301,0.00701795928618363,0.03044224303160411
TCGA:BRCA:TCGA-B6-A0IM-01,BRCA,BRCA,0.9970832138402459,0.0002505233015034654,0.0003704322986658824,0.0022958305595845944
TCGA:BRCA:TCGA-B6-A0IN-01,BRCA,BRCA,0.9955714116542127,0.00036754216392748107,0.0014539908060452076,0.0026070553758146577
TCGA:BRCA:TCGA-B6-A0IO-01,BRCA,BRCA,0.9958656209023942,0.0002174778205055745,0.001350143641168315,0.002566757635932025
TCGA:BRCA:TCGA-B6-A0IP-01,BRCA,BRCA,0.9935870751178776,0.0007505735095804429,0.0018032702613930752,0.00385908111114895
TCGA:BRCA:TCGA-B6-A0IQ-01,BRCA,BRCA,0.8545608610410037,0.005506410680670629,0.12210886735605499,0.017823860922270767
TCGA:BRCA:TCGA-B6-A0RE-01,BRCA,BRCA,0.9674674657157392,0.0015880196432154913,0.008978244593591306,0.021966270047454106
TCGA:BRCA:TCGA-B6-A0RG-01,BRCA,BRCA,0.9604636856483818,0.0027700262113007587,0.012553773124831823,0.02421251501548546
TCGA:BRCA:TCGA-B6-A0RH-01,BRCA,BRCA,0.9971299961553628,0.00042825568934790975,0.0012004063679574813,0.0012413417873318657
TCGA:BRCA:TCGA-B6-A0RI-01,BRCA,BRCA,0.9953831197610794,0.0005892845217415933,0.0018131430159861106,0.0022144527011928035
TCGA:BRCA:TCGA-B6-A0RL-01,BRCA,BRCA,0.9973935713449099,0.0004231052705478715,0.0013557670756929058,0.0008275563088493325
TCGA:BRCA:TCGA-B6-A0RM-01,BRCA,BRCA,0.9982587824177389,0.00019228018285751832,0.00027378147082242197,0.0012751559285811812
TCGA:BRCA:TCGA-B6-A0RN-01,BRCA,BRCA,0.9990670713600333,0.00034186408191636344,0.0002145543144751751,0.00037651024357525517
TCGA:BRCA:TCGA-B6-A0RO-01,BRCA,BRCA,0.9954234271892008,0.0006745994772864753,0.0008306380837154817,0.00307133524979718
TCGA:BRCA:TCGA-B6-A0RP-01,BRCA,BRCA,0.9994053353809977,8.320172254557958e-05,0.00012695784683969027,0.0003845050496168949
TCGA:BRCA:TCGA-B6-A0RQ-01,BRCA,BRCA,0.9966545702477748,0.0006013199831496635,0.0012731569149989272,0.001470952854076288
TCGA:BRCA:TCGA-B6-A0RS-01,BRCA,BRCA,0.9902546743348823,0.0008950685575435921,0.005184965907168894,0.0036652912004053444
TCGA:BRCA:TCGA-B6-A0RT-01,BRCA,BRCA,0.9261125457358962,0.0025659280945794956,0.04210591643142178,0.029215609738102395
TCGA:BRCA:TCGA-B6-A0RU-01,BRCA,BRCA,0.9807110607530384,0.0014481885859819802,0.009983193116579928,0.007857557544399842
TCGA:BRCA:TCGA-B6-A0RV-01,BRCA,BRCA,0.998568106667258,0.00018505885240388661,0.0003594214666716087,0.0008874130136663997
TCGA:BRCA:TCGA-B6-A0WS-01,BRCA,BRCA,0.996205112761083,0.00014383780260118052,0.0006606846346751269,0.002990364801640604
TCGA:BRCA:TCGA-B6-A0WT-01,BRCA,BRCA,0.9981198427824999,0.000235811722386621,0.00023870511042901665,0.0014056403846844268
TCGA:BRCA:TCGA-B6-A0WV-01,BRCA,BRCA,0.9963887547713073,0.00012663239056926785,0.000989319813064432,0.0024952930250589337
TCGA:BRCA:TCGA-B6-A0WW-01,BRCA,BRCA,0.9909242474658274,0.0005834553790240055,0.001604797567404492,0.006887499587744291
TCGA:BRCA:TCGA-B6-A0WX-01,BRCA,BRCA,0.9968201164624414,9.391755160350623e-05,0.0008991117483636197,0.0021868542375915517
TCGA:BRCA:TCGA-B6-A0WY-01,BRCA,BRCA,0.9843128348974737,0.002859862451657862,0.007884559946413702,0.004942742704454645
TCGA:BRCA:TCGA-B6-A0WZ-01,BRCA,BRCA,0.990402306789491,0.0006514581335862048,0.002578825399624095,0.006367409677298685
TCGA:BRCA:TCGA-B6-A0X0-01,BRCA,BRCA,0.9987799158176631,0.00029737304021349993,0.00024895638441082597,0.0006737547577125625
TCGA:BRCA:TCGA-B6-A0X1-01,BRCA,BRCA,0.9045336647254635,0.00459601063701084,0.020227453661583017,0.07064287097594263
TCGA:BRCA:TCGA-B6-A0X4-01,BRCA,BRCA,0.990548259525415,0.0007258743886298139,0.0023079833034847152,0.006417882782470355
TCGA:BRCA:TCGA-B6-A0X5-01,BRCA,BRCA,0.9907540761242473,0.0009686953474474376,0.0017912910677633995,0.00648593746054176
TCGA:BRCA:TCGA-B6-A0X7-01,BRCA,BRCA,0.9983848884321304,0.00024283068901528025,0.00019597395980092277,0.0011763069190534807
TCGA:BRCA:TCGA-B6-A1KC-01,BRCA,BRCA,0.9919726279089605,0.0005515516924130487,0.0019019531848384565,0.00557386721378801
TCGA:BRCA:TCGA-B6-A1KF-01,BRCA,BRCA,0.9929477740149543,0.0001327809259767698,0.0014473579208714971,0.005472087138197601
TCGA:BRCA:TCGA-B6-A1KI-01,BRCA,BRCA,0.9923429935901174,0.0005442180952785226,0.001630841785843378,0.0054819465287606955
TCGA:BRCA:TCGA-B6-A1KN-01,BRCA,BRCA,0.9577429312110903,0.0014573220437703515,0.02081050306219355,0.019989243682945853
TCGA:BRCA:TCGA-B6-A2IU-01,BRCA,BRCA,0.9967665717444922,0.0007971201618226249,0.0004992925606383514,0.001937015533046812
TCGA:BRCA:TCGA-B6-A3ZX-01,BRCA,BRCA,0.9898544277125948,0.0008729812147322232,0.004241035390959828,0.005031555681713209
TCGA:BRCA:TCGA-B6-A400-01,BRCA,BRCA,0.9511820859900115,0.014031410802255383,0.009479573676548673,0.025306929531184446
TCGA:BRCA:TCGA-B6-A401-01,BRCA,BRCA,0.9899074385524574,0.0017250624417430177,0.002700340577861498,0.005667158427938008
TCGA:BRCA:TCGA-B6-A402-01,BRCA,BRCA,0.9965800215188539,0.0004669507028992207,0.0009080819821107723,0.002044945796136213
TCGA:BRCA:TCGA-B6-A408-01,BRCA,BRCA,0.9944263872974136,0.0013321458882918774,0.001070720739402376,0.0031707460748921596
TCGA:BRCA:TCGA-B6-A409-01,BRCA,BRCA,0.933861744293188,0.011737022850906813,0.016849378273024993,0.037551854582880136
TCGA:BRCA:TCGA-B6-A40B-01,BRCA,BRCA,0.9952066384511641,0.0005972807328374956,0.00111762952798981,0.00307845128800837
TCGA:BRCA:TCGA-B6-A40C-01,BRCA,BRCA,0.9975914912010324,0.0004335460120400638,0.0006726124982883434,0.0013023502886389815
TCGA:BRCA:TCGA-BH-A0AU-01,BRCA,BRCA,0.9896913636535848,0.0005682034341746605,0.002079625566016795,0.007660807346223712
TCGA:BRCA:TCGA-BH-A0AV-01,BRCA,BRCA,0.9917609926088492,0.0016328613843769896,0.00310929603995628,0.0034968499668175217
TCGA:BRCA:TCGA-BH-A0AW-01,BRCA,BRCA,0.9922774255069745,0.0003871000554562388,0.001430317490692364,0.005905156946876857
TCGA:BRCA:TCGA-BH-A0AY-01,BRCA,BRCA,0.997477951229289,0.0005860071162445823,0.00025413802168379115,0.0016819036327827151
TCGA:BRCA:TCGA-BH-A0AZ-01,BRCA,BRCA,0.9948948525051112,0.0007842570785094137,0.0024575012573746836,0.0018633891590045303
TCGA:BRCA:TCGA-BH-A0B0-01,BRCA,BRCA,0.9993496519276267,8.290429814312675e-05,0.00017191631230807457,0.0003955274619221718
TCGA:BRCA:TCGA-BH-A0B1-01,BRCA,BRCA,0.9954929657086794,0.0001609704264635147,0.0010660814527118563,0.0032799824121451586
TCGA:BRCA:TCGA-BH-A0B2-01,BRCA,BRCA,0.9977732968060015,0.0004632487903900058,0.0005480465327552469,0.001215407870853254
TCGA:BRCA:TCGA-BH-A0B3-01,BRCA,BRCA,0.8173059460498935,0.007575563260600167,0.1026999845816126,0.07241850610789369
TCGA:BRCA:TCGA-BH-A0B4-01,BRCA,BRCA,0.9958376917147186,0.0005590215035622391,0.0009665626512980997,0.0026367241304211036
TCGA:BRCA:TCGA-BH-A0B5-01,BRCA,BRCA,0.9980733262848488,0.0005176056428925153,0.0005701267986090962,0.0008389412736494994
TCGA:BRCA:TCGA-BH-A0B7-01,BRCA,BRCA,0.9885003273141664,9.631305030810426e-05,0.0009005783071285119,0.010502781328396955
TCGA:BRCA:TCGA-BH-A0B8-01,BRCA,BRCA,0.9942963477079548,0.0009088148386387449,0.0016510414313218287,0.0031437960220846895
TCGA:BRCA:TCGA-BH-A0B9-01,BRCA,BRCA,0.9765250603048273,0.0007976790370065464,0.017968808869007778,0.004708451789158358
TCGA:BRCA:TCGA-BH-A0BA-01,BRCA,BRCA,0.9976511343501825,0.0005035883779445303,0.0009166217335469374,0.0009286555383261496
TCGA:BRCA:TCGA-BH-A0BC-01,BRCA,BRCA,0.994670969608974,0.001022020081323459,0.0022727057067710595,0.002034304602931329
TCGA:BRCA:TCGA-BH-A0BD-01,BRCA,BRCA,0.9829793174705843,0.0008147884356008937,0.006359099963859555,0.009846794129955188
TCGA:BRCA:TCGA-BH-A0BF-01,BRCA,BRCA,0.9875537866890024,0.0003849901447183276,0.004879663108366619,0.007181560057912439
TCGA:BRCA:TCGA-BH-A0BG-01,BRCA,BRCA,0.9726070899498724,0.0004774573155915362,0.0044485783001572176,0.022466874434378763
TCGA:BRCA:TCGA-BH-A0BJ-01,BRCA,BRCA,0.9972754899766894,0.0006927829218706189,0.0006722248121978986,0.001359502289242051
TCGA:BRCA:TCGA-BH-A0BL-01,BRCA,BRCA,0.9671378330770042,0.0006432741573679671,0.00813469338162174,0.024084199384006185
TCGA:BRCA:TCGA-BH-A0BM-01,BRCA,BRCA,0.9971650597016497,0.0006875802097616826,0.000917810258103133,0.0012295498304851905
TCGA:BRCA:TCGA-BH-A0BO-01,BRCA,BRCA,0.988173532013132,0.0006199302443335431,0.0017291080315999434,0.00947742971093473
TCGA:BRCA:TCGA-BH-A0BP-01,BRCA,BRCA,0.9942035947578913,0.0004688952009170592,0.0021280029614762887,0.0031995070797152234
TCGA:BRCA:TCGA-BH-A0BQ-01,BRCA,BRCA,0.9983510612273117,0.00040488421503946176,0.00035380640197326665,0.0008902481556758435
TCGA:BRCA:TCGA-BH-A0BR-01,BRCA,BRCA,0.9583367258873274,0.003498774492681609,0.007555412691683707,0.030609086928307237
TCGA:BRCA:TCGA-BH-A0BS-01,BRCA,BRCA,0.9986016365024851,6.630184652377892e-05,0.00021952573968062113,0.0011125359113106715
TCGA:BRCA:TCGA-BH-A0BT-01,BRCA,BRCA,0.9896491990167521,0.0007611164931006866,0.0018783098816548215,0.007711374608492612
TCGA:BRCA:TCGA-BH-A0BV-01,BRCA,BRCA,0.9955074123036869,0.0003415021166862784,0.0005973155948833728,0.0035537699847432
TCGA:BRCA:TCGA-BH-A0BW-01,BRCA,LUAD,0.33017723038604385,0.015420934487247072,0.06618329717339634,0.5882185379533128
TCGA:BRCA:TCGA-BH-A0BZ-01,BRCA,BRCA,0.9926054897695664,0.0005755663819429187,0.003242903021700001,0.0035760408267907057
TCGA:BRCA:TCGA-BH-A0C0-01,BRCA,BRCA,0.9664763901035038,0.0026243917299676994,0.009427535864341067,0.021471682302187194
TCGA:BRCA:TCGA-BH-A0C1-01,BRCA,BRCA,0.9988462554897543,0.00013850413900477122,0.0002735980917302906,0.0007416422795107193
TCGA:BRCA:TCGA-BH-A0C3-01,BRCA,BRCA,0.9888564054134258,0.0008912919196058445,0.002458346348914692,0.007793956318053674
TCGA:BRCA:TCGA-BH-A0C7-01,BRCA,BRCA,0.9472282032499836,0.001460542549847534,0.010452952774624278,0.040858301425544426
TCGA:BRCA:TCGA-BH-A0DD-01,BRCA,BRCA,0.9934412256745779,0.0003004179266808346,0.0031276572646951914,0.0031306991340460414
TCGA:BRCA:TCGA-BH-A0DE-01,BRCA,BRCA,0.9905150040749412,0.0003336518662565048,0.0015530580013246417,0.007598286057477487
TCGA:BRCA:TCGA-BH-A0DG-01,BRCA,BRCA,0.9912751031962518,0.001752694224728852,0.003314872424318624,0.0036573301547007564
TCGA:BRCA:TCGA-BH-A0DH-01,BRCA,BRCA,0.9964689441923957,0.0003390363929611376,0.0010096900961831157,0.002182329318459915
TCGA:BRCA:TCGA-BH-A0DI-01,BRCA,BRCA,0.9753168067972359,0.0004934295689820124,0.005121715270444843,0.019068048363337232
TCGA:BRCA:TCGA-BH-A0DK-01,BRCA,BRCA,0.981286329965816,0.0010082696279974648,0.005285447245898525,0.0124199531602882
TCGA:BRCA:TCGA-BH-A0DL-01,BRCA,LSCC,0.1320995771657867,0.24929365614314608,0.5825045890096234,0.03610217768144382
TCGA:BRCA:TCGA-BH-A0DO-01,BRCA,BRCA,0.9970191647285507,0.0003637354272534844,0.0010424127747564443,0.0015746870694393013
TCGA:BRCA:TCGA-BH-A0DP-01,BRCA,BRCA,0.9973177965153548,0.00010597371406686806,0.0005378156913249852,0.002038414079253394
TCGA:BRCA:TCGA-BH-A0DQ-01,BRCA,BRCA,0.998462890074342,0.00021393382626626328,0.0003127128399876074,0.001010463259404034
TCGA:BRCA:TCGA-BH-A0DS-01,BRCA,BRCA,0.9973697232053184,0.000169964921607753,0.0004881365268144248,0.001972175346259333
TCGA:BRCA:TCGA-BH-A0DT-01,BRCA,BRCA,0.9977443997638196,0.0001037055283365424,0.0004560812776825154,0.0016958134301615778
TCGA:BRCA:TCGA-BH-A0DV-01,BRCA,BRCA,0.9967279704690801,0.0005201051323395827,0.0006540660156517838,0.002097858382928415
TCGA:BRCA:TCGA-BH-A0DX-01,BRCA,BRCA,0.996158888211564,0.0005332889318397969,0.002248392155357876,0.001059430701238439
TCGA:BRCA:TCGA-BH-A0DZ-01,BRCA,BRCA,0.9710239695562012,0.0022384101115757926,0.005953933613618081,0.020783686718605032
TCGA:BRCA:TCGA-BH-A0E0-01,BRCA,BRCA,0.9904586507314167,0.0017371244564040502,0.004461607846560136,0.003342616965619125
TCGA:BRCA:TCGA-BH-A0E1-01,BRCA,BRCA,0.9968920060443881,0.00032658569672398965,0.0005840384172332984,0.0021973698416546624
TCGA:BRCA:TCGA-BH-A0E2-01,BRCA,BRCA,0.9945969198995941,0.0005173347998670929,0.001089888872785679,0.0037958564277532584
TCGA:BRCA:TCGA-BH-A0E6-01,BRCA,BRCA,0.9391921135478288,0.012742931929967066,0.010009146175187566,0.03805580834701653
TCGA:BRCA:TCGA-BH-A0E7-01,BRCA,BRCA,0.9991182724022896,0.00011772912371014719,0.00013108930620293562,0.0006329091677972895
TCGA:BRCA:TCGA-BH-A0E9-01,BRCA,BRCA,0.9643542464555397,0.00309089123794263,0.021185436700764445,0.01136942560575322
TCGA:BRCA:TCGA-BH-A0EA-01,BRCA,BRCA,0.9974455601481973,0.0005022895269805723,0.00030670815804353506,0.0017454421667787224
TCGA:BRCA:TCGA-BH-A0EB-01,BRCA,BRCA,0.9992769847375439,0.00012740688466049709,0.0002580759745023795,0.0003375324032931474
TCGA:BRCA:TCGA-BH-A0EE-01,BRCA,BRCA,0.9120795903318311,0.009630243564049585,0.021442720999518983,0.05684744510460048
TCGA:BRCA:TCGA-BH-A0EI-01,BRCA,BRCA,0.9922460288707737,0.00018895418797210885,0.0010376515237470064,0.006527365417506989
TCGA:BRCA:TCGA-BH-A0GY-01,BRCA,BRCA,0.9849655772371363,0.0012996760949124508,0.005984192358945051,0.007750554309006261
TCGA:BRCA:TCGA-BH-A0GZ-01,BRCA,BRCA,0.9852849309029006,0.0010899391993133079,0.0055609101876921375,0.008064219710093955
TCGA:BRCA:TCGA-BH-A0H0-01,BRCA,BRCA,0.991142561438182,0.000528629432875092,0.0048170928845713435,0.0035117162443713138
TCGA:BRCA:TCGA-BH-A0H3-01,BRCA,BRCA,0.9982098294341636,0.00012059770239166208,0.0003903601358229873,0.0012792127276217127
TCGA:BRCA:TCGA-BH-A0H5-01,BRCA,BRCA,0.9976180929689509,0.00028833110336197736,0.0010606593689727944,0.0010329165587145983
TCGA:BRCA:TCGA-BH-A0H6-01,BRCA,BRCA,0.999083933867936,0.00020013021482096307,0.00022402382543049897,0.0004919120918126207
TCGA:BRCA:TCGA-BH-A0H7-01,BRCA,BRCA,0.9922924900912877,0.0011003222046899305,0.0010940798112298957,0.005513107892792383
TCGA:BRCA:TCGA-BH-A0H9-01,BRCA,BRCA,0.9941181573994182,0.0008210607994877302,0.0011144891537349438,0.003946292647359043
TCGA:BRCA:TCGA-BH-A0HA-01,BRCA,BRCA,0.997930386114649,0.0004690208895615722,0.00038086481561734554,0.0012197281801722031
TCGA:BRCA:TCGA-BH-A0HB-01,BRCA,BRCA,0.9837271420730528,0.002689645298954895,0.006921086119666321,0.006662126508325978
TCGA:BRCA:TCGA-BH-A0HF-01,BRCA,BRCA,0.9012165073678841,0.009736952024449297,0.06258540530187455,0.026461135305792065
TCGA:BRCA:TCGA-BH-A0HI-01,BRCA,BRCA,0.9996216570937551,8.573890406726361e-05,9.984448585216007e-05,0.0001927595163253852
TCGA:BRCA:TCGA-BH-A0HK-01,BRCA,BRCA,0.9965315621778962,0.00045065192161479136,0.001509293463438127,0.0015084924370508733
TCGA:BRCA:TCGA-BH-A0HL-01,BRCA,BRCA,0.9914969443874316,0.0009224972256771549,0.0034243852924667056,0.004156173094424336
TCGA:BRCA:TCGA-BH-A0HN-01,BRCA,BRCA,0.994045500111272,0.0006490474590398225,0.00196737488435973,0.0033380775453284227
TCGA:BRCA:TCGA-BH-A0HO-01,BRCA,BRCA,0.9932639029850117,0.00029907435591555633,0.0014546420302137698,0.004982380628858923
TCGA:BRCA:TCGA-BH-A0HP-01,BRCA,BRCA,0.9981483865509121,0.00027218782925376105,0.0006802363602414796,0.000899189259592909
TCGA:BRCA:TCGA-BH-A0HQ-01,BRCA,BRCA,0.998657505970478,0.00039371328419762503,0.0003937487825651622,0.0005550319627591669
TCGA:BRCA:TCGA-BH-A0HU-01,BRCA,BRCA,0.9873324258771328,0.002130305870410585,0.005008161741495304,0.005529106510961169
TCGA:BRCA:TCGA-BH-A0HW-01,BRCA,BRCA,0.9942823688157303,0.0002768841704628005,0.0008754950403200655,0.004565251973486967
TCGA:BRCA:TCGA-BH-A0HX-01,BRCA,BRCA,0.9974703862770867,0.0006036558238773711,0.0007821163401618704,0.001143841558874154
TCGA:BRCA:TCGA-BH-A0HY-01,BRCA,BRCA,0.9962855099649872,0.00037476531938060453,0.0014005449433840355,0.0019391797722483524
TCGA:BRCA:TCGA-BH-A0RX-01,BRCA,BRCA,0.9813396900424615,0.0006927459924479611,0.0039352841409728044,0.014032279824117576
TCGA:BRCA:TCGA-BH-A0W3-01,BRCA,BRCA,0.997307035857325,0.0005437585379647526,0.0005869097408086629,0.001562295863901805
TCGA:BRCA:TCGA-BH-A0W4-01,BRCA,BRCA,0.9969121887051882,0.0006448308251376701,0.001091209720784429,0.0013517707488898013
TCGA:BRCA:TCGA-BH-A0W5-01,BRCA,BRCA,0.9989724845166127,0.00025243038966653883,0.0002819901132221831,0.0004930949804987845
TCGA:BRCA:TCGA-BH-A0W7-01,BRCA,BRCA,0.9822257729045512,0.002679608888887689,0.004289489518542363,0.010805128688018648
TCGA:BRCA:TCGA-BH-A0WA-01,BRCA,BRCA,0.9796266195681358,0.0004567067240099675,0.0051834660408083535,0.014733207667045846
TCGA:BRCA:TCGA-BH-A18F-01,BRCA,BRCA,0.9987290049835402,0.00019151979517528672,0.00027370843221971575,0.0008057667890647269
TCGA:BRCA:TCGA-BH-A18G-01,BRCA,BRCA,0.7801431456646211,0.004149362368708423,0.012239090635170535,0.2034684013315001
TCGA:BRCA:TCGA-BH-A18H-01,BRCA,BRCA,0.9982292310968635,0.00011385472029842937,0.0004035435456143052,0.0012533706372238362
TCGA:BRCA:TCGA-BH-A18I-01,BRCA,BRCA,0.9988356713664578,0.0001619615109558695,0.0004763811497816312,0.0005259859728047312
TCGA:BRCA:TCGA-BH-A18J-01,BRCA,BRCA,0.9787098439058554,0.000612709271537587,0.0031942900357435798,0.01748315678686349
TCGA:BRCA:TCGA-BH-A18K-01,BRCA,BRCA,0.9976447661206344,0.00014427738135814802,0.0008979383366855165,0.0013130181613218888
TCGA:BRCA:TCGA-BH-A18L-01,BRCA,BRCA,0.9609663261637409,0.0015343593829618143,0.00885218408768349,0.028647130365613803
TCGA:BRCA:TCGA-BH-A18M-01,BRCA,BRCA,0.9969656431640668,0.0004854077395803237,0.0007021010256187091,0.0018468480707340982
TCGA:BRCA:TCGA-BH-A18N-01,BRCA,BRCA,0.997516226391296,0.0001793522301749494,0.0004589954872005817,0.0018454258913285825
TCGA:BRCA:TCGA-BH-A18P-01,BRCA,BRCA,0.987690899696184,0.0005366719959453582,0.0017077224984056027,0.010064705809464872
TCGA:BRCA:TCGA-BH-A18Q-01,BRCA,BRCA,0.9967235172611906,0.000490211311790044,0.001663281872274397,0.0011229895547450305
TCGA:BRCA:TCGA-BH-A18R-01,BRCA,BRCA,0.997866744219382,0.0004205666472774124,0.0007139311014574738,0.0009987580318828859
TCGA:BRCA:TCGA-BH-A18S-01,BRCA,BRCA,0.9993035221085673,7.009378208840186e-05,0.00020281669619097567,0.00042356741315337736
TCGA:BRCA:TCGA-BH-A18T-01,BRCA,BRCA,0.9868139502338213,0.0020241765211655356,0.00679727367111464,0.004364599573898316
TCGA:BRCA:TCGA-BH-A18U-01,BRCA,BRCA,0.9886566645891801,0.0008244751681991401,0.004979234571903253,0.005539625670717548
TCGA:BRCA:TCGA-BH-A18V-01,BRCA,BRCA,0.9901355597720207,0.0015574944976955438,0.003817720603488766,0.004489225126795154
TCGA:BRCA:TCGA-BH-A1EN-01,BRCA,BRCA,0.9886003559619692,0.0007853648185497463,0.0017918335480022393,0.008822445671478997
TCGA:BRCA:TCGA-BH-A1EO-01,BRCA,BRCA,0.9942895547226343,0.0002444639272773749,0.0007449186803899951,0.00472106266969827
TCGA:BRCA:TCGA-BH-A1ES-01,BRCA,BRCA,0.9965522789651745,0.00016766843918218725,0.0019317398936938253,0.001348312701949514
TCGA:BRCA:TCGA-BH-A1ET-01,BRCA,BRCA,0.999270200552105,0.0001934345237033844,0.00012628258414689133,0.00041008234004487196
TCGA:BRCA:TCGA-BH-A1EU-01,BRCA,BRCA,0.9937899298488352,0.0004958321145421883,0.0014991954026792168,0.004215042633943404
TCGA:BRCA:TCGA-BH-A1EV-01,BRCA,BRCA,0.9972297342546851,0.0005306878047401045,0.0007971053327000932,0.0014424726078749778
TCGA:BRCA:TCGA-BH-A1EW-01,BRCA,BRCA,0.9973733478225387,0.00016423405586223045,0.0009098783426814833,0.001552539778917565
TCGA:BRCA:TCGA-BH-A1EX-01,BRCA,BRCA,0.8875729846942273,0.0017458568111787293,0.0063209468551223575,0.10436021163947151
TCGA:BRCA:TCGA-BH-A1EY-01,BRCA,BRCA,0.9655014492878186,0.00033639058681567233,0.0020748368083681338,0.03208732331699773
TCGA:BRCA:TCGA-BH-A1F0-01,BRCA,BRCA,0.8873853507889403,0.0008943165569390178,0.04099643587246755,0.07072389678165296
TCGA:BRCA:TCGA-BH-A1F2-01,BRCA,BRCA,0.9870964874737678,0.00020891461536807219,0.002095073013381765,0.010599524897482485
TCGA:BRCA:TCGA-BH-A1F5-01,BRCA,BRCA,0.9960647601667203,0.0002571049476409096,0.0005334754116936022,0.0031446594739450383
TCGA:BRCA:TCGA-BH-A1F6-01,BRCA,BRCA,0.9845034958475065,0.0004573525497069293,0.008137874874714299,0.006901276728072334
TCGA:BRCA:TCGA-BH-A1F8-01,BRCA,BRCA,0.9892165408508904,0.0002765286741782937,0.004171681447047512,0.0063352490278838864
TCGA:BRCA:TCGA-BH-A1FB-01,BRCA,BRCA,0.9988627248382321,0.00012019530857882127,0.0004144534951659418,0.0006026263580230915
TCGA:BRCA:TCGA-BH-A1FC-01,BRCA,BRCA,0.966648962912065,0.0033224237807433295,0.012983882774533521,0.017044730532657957
TCGA:BRCA:TCGA-BH-A1FD-01,BRCA,BRCA,0.9950405681868408,0.0002805887503574627,0.0012956039434643249,0.0033832391193373717
TCGA:BRCA:TCGA-BH-A1FE-01,BRCA,BRCA,0.9961919017477191,0.000441652362193943,0.0008488000524115773,0.0025176458376754947
TCGA:BRCA:TCGA-BH-A1FG-01,BRCA,BRCA,0.9985158512584055,8.452193659673531e-05,0.0002592976090523421,0.0011403291959454804
TCGA:BRCA:TCGA-BH-A1FH-01,BRCA,BRCA,0.9805379163462693,0.0003594436921009313,0.0027384543837910558,0.01636418557783856
TCGA:BRCA:TCGA-BH-A1FJ-01,BRCA,BRCA,0.9913140467892639,0.001139389719995363,0.002057051207786138,0.005489512282954489
TCGA:BRCA:TCGA-BH-A1FL-01,BRCA,BRCA,0.9979484954939638,0.0002124648104200576,0.0005130404518113003,0.0013259992438047544
TCGA:BRCA:TCGA-BH-A1FM-01,BRCA,BRCA,0.9879495103414291,0.0006646786090021651,0.004059134453765796,0.007326676595802965
TCGA:BRCA:TCGA-BH-A1FN-01,BRCA,BRCA,0.9721755980575353,0.001424562753847325,0.006017579339272752,0.020382259849344487
TCGA:BRCA:TCGA-BH-A1FR-01,BRCA,BRCA,0.9981009875337679,0.00015986417689235811,0.0002685784565672255,0.0014705698327727122
TCGA:BRCA:TCGA-BH-A1FU-01,BRCA,BRCA,0.9783008852272982,0.0010320416813263112,0.004132689526562052,0.016534383564813418
TCGA:BRCA:TCGA-BH-A201-01,BRCA,BRCA,0.9980287005885773,0.00016687643915269893,0.0005736062742410905,0.0012308166980289493
TCGA:BRCA:TCGA-BH-A202-01,BRCA,BRCA,0.994899555711182,0.00034889515680360027,0.001669399955840821,0.0030821491761734324
TCGA:BRCA:TCGA-BH-A203-01,BRCA,BRCA,0.9884562558483059,0.00037512627207900027,0.005576513433210063,0.005592104446404885
TCGA:BRCA:TCGA-BH-A204-01,BRCA,BRCA,0.9894462127408619,0.000936218403903608,0.003040478149189103,0.006577090706045582
TCGA:BRCA:TCGA-BH-A208-01,BRCA,BRCA,0.8348108061024954,0.004031418554502609,0.017650003049479914,0.14350777229352205
TCGA:BRCA:TCGA-BH-A209-01,BRCA,BRCA,0.9750897265778529,0.0010575079268821694,0.009071900046780625,0.014780865448484476
TCGA:BRCA:TCGA-BH-A28O-01,BRCA,BRCA,0.9825508156845809,0.004191852495538384,0.0029976681509063857,0.010259663668974349
TCGA:BRCA:TCGA-BH-A28Q-01,BRCA,BRCA,0.9982141645599374,9.781612092401505e-05,0.00037219499334854796,0.0013158243257899577
TCGA:BRCA:TCGA-BH-A2L8-01,BRCA,BRCA,0.9964386507130831,0.00045547739711492355,0.001624557694360455,0.001481314195441471
TCGA:BRCA:TCGA-BH-A42T-01,BRCA,BRCA,0.9928061423133332,0.002798263871715954,0.0017127451403563477,0.002682848674594426
TCGA:BRCA:TCGA-BH-A42U-01,BRCA,BRCA,0.9181912143731472,0.033929536560726586,0.014532674707753657,0.03334657435837251
TCGA:BRCA:TCGA-BH-A42V-01,BRCA,BRCA,0.9959425231756324,0.0004201008472914993,0.0012173530266297158,0.002420022950446523
TCGA:BRCA:TCGA-BH-A5IZ-01,BRCA,BRCA,0.8611531674265337,0.004371621090570036,0.04121302925380494,0.0932621822290913
TCGA:BRCA:TCGA-BH-A5J0-01,BRCA,BRCA,0.9936764437755438,0.002184838578456539,0.0011714122308380448,0.0029673054151618354
TCGA:BRCA:TCGA-BH-A6R8-01,BRCA,BRCA,0.9920699214131088,0.0005523814811010848,0.0009728428231897889,0.006404854282600218
TCGA:BRCA:TCGA-BH-A6R9-01,BRCA,BRCA,0.5420547087750435,0.03928588922396452,0.3212144258258987,0.09744497617509335
TCGA:BRCA:TCGA-BH-A8FY-01,BRCA,BRCA,0.969434439780867,0.004418636658227498,0.008131412752732846,0.018015510808172586
TCGA:BRCA:TCGA-BH-A8FZ-01,BRCA,BRCA,0.9502333071783443,0.005935902278713274,0.01561704501729076,0.0282137455256517
TCGA:BRCA:TCGA-BH-A8G0-01,BRCA,BRCA,0.9899034162607215,0.0010141253736634611,0.0014933765305148732,0.007589081835100232
TCGA:BRCA:TCGA-BH-AB28-01,BRCA,BRCA,0.9991812874539097,0.00012412893341976535,0.0002854361997051552,0.00040914741296528025
TCGA:BRCA:TCGA-C8-A12K-01,BRCA,BRCA,0.867972301519438,0.006562716235175647,0.026648851423536228,0.09881613082185008
TCGA:BRCA:TCGA-C8-A12L-01,BRCA,BRCA,0.7814593490785133,0.00872142918411982,0.09887024208893606,0.1109489796484308
TCGA:BRCA:TCGA-C8-A12M-01,BRCA,BRCA,0.9956829390356565,0.0006373048940770243,0.0016252302559468352,0.0020545258143195994
TCGA:BRCA:TCGA-C8-A12N-01,BRCA,BRCA,0.9988097999319776,0.00011001244198860532,0.0002341110447482017,0.0008460765812856637
TCGA:BRCA:TCGA-C8-A12O-01,BRCA,BRCA,0.9961009583402264,0.000353222789620296,0.0005884518767215433,0.0029573669934318788
TCGA:BRCA:TCGA-C8-A12P-01,BRCA,BRCA,0.9959757357788345,0.000598481777481501,0.0011015498875206237,0.002324232556163358
TCGA:BRCA:TCGA-C8-A12Q-01,BRCA,BRCA,0.8447692182037834,0.0013971628949384198,0.014639812388219218,0.1391938065130589
TCGA:BRCA:TCGA-C8-A12T-01,BRCA,BRCA,0.9984804966079615,0.00020540839784798028,0.0007623272205658897,0.0005517677736247027
TCGA:BRCA:TCGA-C8-A12U-01,BRCA,BRCA,0.9600241660879064,0.003585200556193963,0.008374289952525035,0.02801634340337443
TCGA:BRCA:TCGA-C8-A12V-01,BRCA,BRCA,0.7627203287030553,0.008159215256881736,0.06095148056256511,0.16816897547749793
TCGA:BRCA:TCGA-C8-A12W-01,BRCA,BRCA,0.9913892797628041,0.0023049133280500698,0.0028898462251071458,0.0034159606840386066
TCGA:BRCA:TCGA-C8-A12X-01,BRCA,BRCA,0.9965234443318415,0.0002724391647819516,0.0004943356699057534,0.0027097808334708693
TCGA:BRCA:TCGA-C8-A12Y-01,BRCA,BRCA,0.9979683281803169,0.0001865445549179382,0.00037693065339542054,0.0014681966113695654
TCGA:BRCA:TCGA-C8-A12Z-01,BRCA,BRCA,0.9960823974962192,0.00047186050462020635,0.0009231769826935225,0.0025225650164669286
TCGA:BRCA:TCGA-C8-A130-01,BRCA,BRCA,0.9641312483560128,0.0012773649336498218,0.019693059958872636,0.014898326751464627
TCGA:BRCA:TCGA-C8-A131-01,BRCA,BRCA,0.9766097557155112,0.0014346290594557931,0.010722093530200717,0.01123352169483219
TCGA:BRCA:TCGA-C8-A132-01,BRCA,BRCA,0.9991247097724838,0.00014121042200278069,0.0004766962747933988,0.00025738353071989893
TCGA:BRCA:TCGA-C8-A133-01,BRCA,BRCA,0.9927739492498797,0.0013708595479650471,0.0009119365204662965,0.0049432546816889885
TCGA:BRCA:TCGA-C8-A134-01,BRCA,BRCA,0.9883221961785239,0.0009509139861918562,0.00622108600636265,0.004505803828921633
TCGA:BRCA:TCGA-C8-A135-01,BRCA,BRCA,0.990959720025329,0.001189748078990885,0.0030245407163596344,0.004825991179320687
TCGA:BRCA:TCGA-C8-A137-01,BRCA,BRCA,0.9831764060455007,0.0011306318376333026,0.00570079824470986,0.009992163872156309
TCGA:BRCA:TCGA-C8-A138-01,BRCA,BRCA,0.9640674690463025,0.0024918357909672517,0.008074929266419504,0.025365765896310725
TCGA:BRCA:TCGA-C8-A1HE-01,BRCA,BRCA,0.9992805506660415,6.450443968881341e-05,0.00021608904555749615,0.0004388558487120551
TCGA:BRCA:TCGA-C8-A1HF-01,BRCA,BRCA,0.9927602412892285,0.0008646313296333182,0.0020102070389995813,0.0043649203421386165
TCGA:BRCA:TCGA-C8-A1HG-01,BRCA,BRCA,0.9882177419823014,0.000705590818219408,0.0024073905472098587,0.00866927665226942
TCGA:BRCA:TCGA-C8-A1HI-01,BRCA,BRCA,0.9939044411061536,0.00039305059803653196,0.0015290328975615043,0.0041734753982482255
TCGA:BRCA:TCGA-C8-A1HJ-01,BRCA,BRCA,0.8906826634218471,0.004201464287449311,0.06584206000964322,0.03927381228106042
TCGA:BRCA:TCGA-C8-A1HK-01,BRCA,BRCA,0.9949891120757539,0.00046332146580762434,0.0021824069606127578,0.002365159497825617
TCGA:BRCA:TCGA-C8-A1HL-01,BRCA,BRCA,0.977296155628865,0.0014058984798788511,0.005733359006164011,0.015564586885092154
TCGA:BRCA:TCGA-C8-A1HM-01,BRCA,BRCA,0.978320398819517,0.0014055408396009756,0.014060131777961627,0.006213928562920492
TCGA:BRCA:TCGA-C8-A1HN-01,BRCA,BRCA,0.9948595245389449,0.0004964618104777563,0.0014517735950974337,0.003192240055480035
TCGA:BRCA:TCGA-C8-A1HO-01,BRCA,BRCA,0.9977754369019057,0.0002840499354515194,0.0006397554486558155,0.00130075771398691
TCGA:BRCA:TCGA-C8-A26V-01,BRCA,BRCA,0.9741821273095874,0.0009006778588459698,0.00224638042090011,0.022670814410666516
TCGA:BRCA:TCGA-C8-A26W-01,BRCA,BRCA,0.9867108757349576,0.0018294770557495722,0.005416584017809915,0.006043063191482867
TCGA:BRCA:TCGA-C8-A26X-01,BRCA,BRCA,0.9490431652858072,0.0016539028912223614,0.01006249045516081,0.03924044136780963
TCGA:BRCA:TCGA-C8-A26Y-01,BRCA,LUAD,0.4096941503314155,0.011847452245459357,0.16087057706019997,0.4175878203629252
TCGA:BRCA:TCGA-C8-A26Z-01,BRCA,BRCA,0.9978385942112405,0.00025470999376776,0.000865988600557124,0.0010407071944344385
TCGA:BRCA:TCGA-C8-A273-01,BRCA,BRCA,0.9378941864115533,0.0043947484988499375,0.006718606498793329,0.05099245859080357
TCGA:BRCA:TCGA-C8-A274-01,BRCA,BRCA,0.9944502956833735,0.00046037789053260137,0.0018274505613921708,0.003261875864701698
TCGA:BRCA:TCGA-C8-A275-01,BRCA,BRCA,0.9737721645201607,0.0014943204822179764,0.013607524931970387,0.011125990065650852
TCGA:BRCA:TCGA-C8-A278-01,BRCA,BRCA,0.9432248026570563,0.0009030847383261944,0.011628039368635136,0.044244073235982326
TCGA:BRCA:TCGA-C8-A27A-01,BRCA,BRCA,0.9907927153973751,0.00039502015778024194,0.002231063526903742,0.006581200917941046
TCGA:BRCA:TCGA-C8-A27B-01,BRCA,BRCA,0.947546022426084,0.0021693970751437025,0.01320395715081838,0.03708062334795373
TCGA:BRCA:TCGA-C8-A3M7-01,BRCA,BRCA,0.9839397137020574,0.0002268801658365363,0.0020540465683015854,0.013779359563804664
TCGA:BRCA:TCGA-C8-A3M8-01,BRCA,BRCA,0.9976495889678071,0.0004031503829767036,0.0005758700096275473,0.0013713906395885604
TCGA:BRCA:TCGA-C8-A8HP-01,BRCA,BRCA,0.9649584352495333,0.0017073526209683092,0.006651901728663433,0.026682310400834956
TCGA:BRCA:TCGA-C8-A8HQ-01,BRCA,BRCA,0.9667796822886157,0.0013104110724133022,0.007901344089248984,0.024008562549721932
TCGA:BRCA:TCGA-C8-A8HR-01,BRCA,BRCA,0.9955257921645104,0.0006814920939214918,0.0013438265593050081,0.002448889182262905
TCGA:BRCA:TCGA-D8-A13Y-01,BRCA,BRCA,0.9403197267858632,0.0023644616520364205,0.021037730506008493,0.03627808105609186
TCGA:BRCA:TCGA-D8-A13Z-01,BRCA,BRCA,0.9307061777632664,0.002392899085957565,0.03301403508495782,0.03388688806581838
TCGA:BRCA:TCGA-D8-A140-01,BRCA,BRCA,0.9987787859692806,7.059648163995832e-05,0.00038685490299791023,0.0007637626460817876
TCGA:BRCA:TCGA-D8-A141-01,BRCA,BRCA,0.9951499951748145,0.0005290217796216879,0.0006163450358873632,0.00370463800967661
TCGA:BRCA:TCGA-D8-A142-01,BRCA,BRCA,0.997131686696065,0.0001601500214964833,0.0011040619010762543,0.001604101381362183
TCGA:BRCA:TCGA-D8-A143-01,BRCA,BRCA,0.9581425945178684,0.011164274489264152,0.018447288781196555,0.012245842211670976
TCGA:BRCA:TCGA-D8-A145-01,BRCA,BRCA,0.9906046792296967,0.0009395895485579634,0.0029284897896990347,0.005527241432046142
TCGA:BRCA:TCGA-D8-A147-01,BRCA,BRCA,0.9888337158885462,0.0011050129233089667,0.004102688404209411,0.0059585827839353026
TCGA:BRCA:TCGA-D8-A1J8-01,BRCA,BRCA,0.9110415655146328,0.0016057180423217823,0.018929607194901714,0.06842310924814379
TCGA:BRCA:TCGA-D8-A1J9-01,BRCA,BRCA,0.9931956572324682,0.0009447196782379371,0.001767379089829863,0.004092243999464286
TCGA:BRCA:TCGA-D8-A1JA-01,BRCA,BRCA,0.8932508226290412,0.007655594703995777,0.014579296758992121,0.0845142859079709
TCGA:BRCA:TCGA-D8-A1JB-01,BRCA,BRCA,0.9952075617646183,0.0001251045510874577,0.0007345168428552147,0.003932816841438958
TCGA:BRCA:TCGA-D8-A1JC-01,BRCA,BRCA,0.9981575843371349,0.00012017975139794811,0.00036400588536719783,0.0013582300261000277
TCGA:BRCA:TCGA-D8-A1JD-01,BRCA,BRCA,0.9896770333716856,0.0015852981511355279,0.002151566361927222,0.006586102115251727
TCGA:BRCA:TCGA-D8-A1JE-01,BRCA,BRCA,0.9976369086856943,0.00017451067074179553,0.0008683021001789771,0.0013202785433848961
TCGA:BRCA:TCGA-D8-A1JF-01,BRCA,LUAD,0.23408997381049984,0.0017301246959717334,0.05567752195191606,0.7085023795416124
TCGA:BRCA:TCGA-D8-A1JG-01,BRCA,BRCA,0.8624051470987404,0.005611925353558015,0.030634891649050637,0.10134803589865084
TCGA:BRCA:TCGA-D8-A1JH-01,BRCA,BRCA,0.9976712155864547,0.00022132499410343063,0.0007148847120902617,0.001392574707351654
TCGA:BRCA:TCGA-D8-A1JI-01,BRCA,BRCA,0.9984152993874603,0.00023962000556124977,0.0002829289356921436,0.0010621516712863563
TCGA:BRCA:TCGA-D8-A1JJ-01,BRCA,BRCA,0.9793348605795602,0.0012755115163083047,0.006495225611478203,0.01289440229265318
TCGA:BRCA:TCGA-D8-A1JK-01,BRCA,BRCA,0.6123448195084954,0.0026564329816888706,0.035726221712246375,0.3492725257975694
TCGA:BRCA:TCGA-D8-A1JL-01,BRCA,BRCA,0.977383933169773,0.000181817863848799,0.007224360869670809,0.015209888096707409
TCGA:BRCA:TCGA-D8-A1JM-01,BRCA,BRCA,0.9531005396002332,0.0033513379993068645,0.009660190260744418,0.033887932139715485
TCGA:BRCA:TCGA-D8-A1JN-01,BRCA,BRCA,0.9936814296174397,0.0010280603708532434,0.0012908198108299543,0.003999690200877025
TCGA:BRCA:TCGA-D8-A1JP-01,BRCA,BRCA,0.9899419840357362,0.0003967690131192035,0.002330209010293369,0.007331037940851162
TCGA:BRCA:TCGA-D8-A1JS-01,BRCA,BRCA,0.992071696110218,0.0003607813595536223,0.0004643848484853051,0.007103137681742999
TCGA:BRCA:TCGA-D8-A1JT-01,BRCA,BRCA,0.9950550561177582,0.00014908308848344377,0.0013066987317537644,0.003489162062004588
TCGA:BRCA:TCGA-D8-A1JU-01,BRCA,BRCA,0.998256204543064,0.00033469803124881525,0.0003536596611028549,0.0010554377645842165
TCGA:BRCA:TCGA-D8-A1X5-01,BRCA,BRCA,0.9951894440941402,0.0004408198115577167,0.0015358326478193973,0.0028339034464825576
TCGA:BRCA:TCGA-D8-A1X6-01,BRCA,BRCA,0.996588200795642,0.0004156448023397363,0.0005777446883779275,0.002418409713640298
TCGA:BRCA:TCGA-D8-A1X7-01,BRCA,BRCA,0.993506487995534,0.00019890233895796018,0.0004643578476230804,0.005830251817884928
TCGA:BRCA:TCGA-D8-A1X8-01,BRCA,BRCA,0.9992899729775799,5.655301417328406e-05,0.00025213781811112815,0.0004013361901356852
TCGA:BRCA:TCGA-D8-A1X9-01,BRCA,BRCA,0.9984584755251763,0.00018687168668482477,0.000600381663346711,0.0007542711247924078
TCGA:BRCA:TCGA-D8-A1XA-01,BRCA,BRCA,0.9980667219482559,0.00024806616981868973,0.0005542115510751872,0.0011310003308501666
TCGA:BRCA:TCGA-D8-A1XB-01,BRCA,BRCA,0.9970612755670908,0.00016675054447645086,0.0005739101289174489,0.0021980637595152125
TCGA:BRCA:TCGA-D8-A1XC-01,BRCA,BRCA,0.9980247404331655,0.0001740599696124445,0.0002557711296690444,0.0015454284675531038
TCGA:BRCA:TCGA-D8-A1XD-01,BRCA,BRCA,0.9956154247817582,0.0003130332751835884,0.002024329646958691,0.0020472122960994124
TCGA:BRCA:TCGA-D8-A1XF-01,BRCA,BRCA,0.9786670707527645,0.0011124363198702532,0.005686485509954862,0.014534007417410406
TCGA:BRCA:TCGA-D8-A1XG-01,BRCA,BRCA,0.9985304823608778,0.00015014035958601694,0.0006140316573577648,0.0007053456221784923
TCGA:BRCA:TCGA-D8-A1XJ-01,BRCA,BRCA,0.9962775546287003,0.0006025016187952784,0.0016514214090930638,0.0014685223434113014
TCGA:BRCA:TCGA-D8-A1XK-01,BRCA,BRCA,0.6829785713614308,0.009574897826754102,0.09804126977071202,0.20940526104110305
TCGA:BRCA:TCGA-D8-A1XL-01,BRCA,BRCA,0.9931912733681121,0.0005678781736848626,0.002475089949467094,0.00376575850873583
TCGA:BRCA:TCGA-D8-A1XM-01,BRCA,BRCA,0.9984631103183601,0.0004985722219203161,0.00029632978568017664,0.0007419876740394661
TCGA:BRCA:TCGA-D8-A1XO-01,BRCA,BRCA,0.99804331667875,9.783875305410484e-05,0.0005280184107358334,0.001330826157460218
TCGA:BRCA:TCGA-D8-A1XQ-01,BRCA,BRCA,0.9765857114320737,0.0006710459289226313,0.006576011012622441,0.016167231626380896
TCGA:BRCA:TCGA-D8-A1XR-01,BRCA,BRCA,0.9940269485512424,0.0006224354706949982,0.0009734436415137928,0.004377172336548922
TCGA:BRCA:TCGA-D8-A1XS-01,BRCA,BRCA,0.9963736829474177,0.0003005381922921205,0.0008989372842172472,0.0024268415760728187
TCGA:BRCA:TCGA-D8-A1XT-01,BRCA,BRCA,0.9610217048608328,0.0008579693219825909,0.0043692472493137464,0.033751078567870824
TCGA:BRCA:TCGA-D8-A1XU-01,BRCA,BRCA,0.9950638116605287,0.0005134570232352089,0.001355694727602969,0.0030670365886331387
TCGA:BRCA:TCGA-D8-A1XV-01,BRCA,BRCA,0.9978248634203678,0.00011656147619279781,0.0003649439419709392,0.0016936311614684455
TCGA:BRCA:TCGA-D8-A1XW-01,BRCA,BRCA,0.9738082408462748,0.0002718502652742946,0.001414349045339171,0.02450555984311161
TCGA:BRCA:TCGA-D8-A1XY-01,BRCA,BRCA,0.9959712719765653,0.00011548752826428669,0.0005050708065849998,0.0034081696885854044
TCGA:BRCA:TCGA-D8-A1XZ-01,BRCA,BRCA,0.9965229289747274,0.0002185656133748589,0.0003782081387107017,0.0028802972731869873
TCGA:BRCA:TCGA-D8-A1Y0-01,BRCA,BRCA,0.9982098083757518,0.00022200272754491955,0.0006135557204526165,0.0009546331762504532
TCGA:BRCA:TCGA-D8-A1Y1-01,BRCA,BRCA,0.9561687141587467,0.0016126608090186545,0.005260356247932196,0.03695826878430255
TCGA:BRCA:TCGA-D8-A1Y2-01,BRCA,BRCA,0.996369187894406,0.00016392752289460432,0.0008521834870448899,0.0026147010956546696
TCGA:BRCA:TCGA-D8-A1Y3-01,BRCA,BRCA,0.9807835600952466,0.0020481521089664168,0.005172477090048095,0.011995810705738835
TCGA:BRCA:TCGA-D8-A27E-01,BRCA,BRCA,0.9981598366668547,0.00041913039717305343,0.0004775589102776376,0.0009434740256946852
TCGA:BRCA:TCGA-D8-A27F-01,BRCA,BRCA,0.970761591387668,0.0013883460276457075,0.009367714036525442,0.018482348548160745
TCGA:BRCA:TCGA-D8-A27G-01,BRCA,BRCA,0.9966454546346157,0.0002125020076105549,0.0004908812677534201,0.002651162090020192
TCGA:BRCA:TCGA-D8-A27H-01,BRCA,BRCA,0.9329603275633789,0.0032334352340776243,0.007983996617030647,0.05582224058551301
TCGA:BRCA:TCGA-D8-A27I-01,BRCA,BRCA,0.9937205540715747,0.0004499509726439796,0.0013024317104567017,0.004527063245324435
TCGA:BRCA:TCGA-D8-A27K-01,BRCA,BRCA,0.9986019549759385,0.00010942225309016635,0.00046006296760292656,0.0008285598033684502
TCGA:BRCA:TCGA-D8-A27L-01,BRCA,BRCA,0.9984975019705896,0.00019052202068575296,0.00027905457537092586,0.0010329214333534684
TCGA:BRCA:TCGA-D8-A27M-01,BRCA,BRCA,0.9181062320636616,0.001182937289492789,0.01642928371342943,0.06428154693341634
TCGA:BRCA:TCGA-D8-A27N-01,BRCA,BRCA,0.9934988871427994,0.001579121612788725,0.001975198903937648,0.002946792340474223
TCGA:BRCA:TCGA-D8-A27P-01,BRCA,BRCA,0.9901746194539749,0.0016516065877294041,0.0015330650173093654,0.006640708940986259
TCGA:BRCA:TCGA-D8-A27R-01,BRCA,BRCA,0.9941976581311713,0.00027285385108305303,0.002006581724815072,0.0035229062929304565
TCGA:BRCA:TCGA-D8-A27T-01,BRCA,BRCA,0.9988189075556521,0.00021306585856031873,0.00020353302870778248,0.0007644935570797841
TCGA:BRCA:TCGA-D8-A27V-01,BRCA,BRCA,0.9973912503928556,0.0006177603922266817,0.0010101581942055361,0.0009808310207120126
TCGA:BRCA:TCGA-D8-A27W-01,BRCA,BRCA,0.9815706226741807,0.0028516467967899936,0.0051969530237600675,0.01038077750526912
TCGA:BRCA:TCGA-D8-A3Z5-01,BRCA,BRCA,0.98677905600261,0.005097953971584454,0.0019589258728718232,0.006164064152933766
TCGA:BRCA:TCGA-D8-A3Z6-01,BRCA,BRCA,0.994158940338228,0.0009796531408696203,0.0023147888897951637,0.0025466176311071775
TCGA:BRCA:TCGA-D8-A4Z1-01,BRCA,BRCA,0.9949955514911711,0.0007838433800029049,0.0014978938465440997,0.0027227112822817406
TCGA:BRCA:TCGA-D8-A73U-01,BRCA,BRCA,0.8908739234850345,0.003882335781783639,0.02246034316137632,0.08278339757180547
TCGA:BRCA:TCGA-D8-A73W-01,BRCA,BRCA,0.9083044663133668,0.003937949528507954,0.012311398015217233,0.07544618614290816
TCGA:BRCA:TCGA-D8-A73X-01,BRCA,BRCA,0.9995074907273673,6.034087529966324e-05,0.0001390090164789021,0.0002931593808539799
TCGA:BRCA:TCGA-E2-A105-01,BRCA,BRCA,0.997307304703693,0.00036067885614244916,0.0007658640517208199,0.0015661523884436994
TCGA:BRCA:TCGA-E2-A107-01,BRCA,BRCA,0.9915375368265865,0.0008251972584831889,0.001038674951353417,0.006598590963576879
TCGA:BRCA:TCGA-E2-A108-01,BRCA,BRCA,0.984438922673679,0.000856172609582101,0.004149297739846671,0.010555606976892165
TCGA:BRCA:TCGA-E2-A109-01,BRCA,BRCA,0.9952006122666383,0.000566483742678688,0.0018092971015703121,0.0024236068891128363
TCGA:BRCA:TCGA-E2-A10A-01,BRCA,BRCA,0.9986791250409931,0.00012996111789626344,0.000622294457737739,0.0005686193833729639
TCGA:BRCA:TCGA-E2-A10B-01,BRCA,BRCA,0.9977281964972329,0.00021599927385491385,0.001349430462659167,0.0007063737662529417
TCGA:BRCA:TCGA-E2-A10C-01,BRCA,BRCA,0.9979838779304924,0.00017365516536818862,0.0006855734935568049,0.0011568934105825118
TCGA:BRCA:TCGA-E2-A10E-01,BRCA,BRCA,0.9981071484074278,0.00016408388572727425,0.000718547586614894,0.0010102201202301
TCGA:BRCA:TCGA-E2-A10F-01,BRCA,BRCA,0.9977332388081668,0.00019878029584293947,0.0006389033847486907,0.0014290775112416063
TCGA:BRCA:TCGA-E2-A14N-01,BRCA,BRCA,0.9914312601699335,0.0006004972923043364,0.0050481606697713325,0.0029200818679906452
TCGA:BRCA:TCGA-E2-A14O-01,BRCA,BRCA,0.9571298349769097,0.003002066986576527,0.008621616732542857,0.031246481303970747
TCGA:BRCA:TCGA-E2-A14P-01,BRCA,BRCA,0.9305299927039589,0.011840545281246128,0.045280995261249186,0.012348466753545919
TCGA:BRCA:TCGA-E2-A14Q-01,BRCA,BRCA,0.9980783801979703,0.000175542162008442,0.000425057440861964,0.0013210201991593468
TCGA:BRCA:TCGA-E2-A14R-01,BRCA,BRCA,0.9935237751044864,0.0010756950609756852,0.0011736674118760402,0.004226862422661963
TCGA:BRCA:TCGA-E2-A14S-01,BRCA,BRCA,0.9985750641997643,0.00011542350897981176,0.0006411308676589399,0.0006683814235968322
TCGA:BRCA:TCGA-E2-A14T-01,BRCA,BRCA,0.9973430863309058,0.0001870034252518099,0.0008823974833853759,0.0015875127604568953
TCGA:BRCA:TCGA-E2-A14U-01,BRCA,BRCA,0.995360100493401,0.0014931804496111703,0.0012488193294828741,0.0018978997275049675
TCGA:BRCA:TCGA-E2-A14V-01,BRCA,BRCA,0.9712980375822305,0.0024395876898069832,0.017010666901114285,0.009251707826848211
TCGA:BRCA:TCGA-E2-A14W-01,BRCA,BRCA,0.9986152690666186,0.00016548780706147648,0.00036667399284713326,0.0008525691334726579
TCGA:BRCA:TCGA-E2-A14X-01,BRCA,BRCA,0.9891502444495079,0.00037770754624490556,0.0034841965402892306,0.006987851463957968
TCGA:BRCA:TCGA-E2-A14Y-01,BRCA,BRCA,0.7250633052222957,0.04272973418042941,0.2167006015927003,0.015506359004574756
TCGA:BRCA:TCGA-E2-A14Z-01,BRCA,BRCA,0.9979293392899855,8.963958061406154e-05,0.0008512695295185125,0.0011297515998818994
TCGA:BRCA:TCGA-E2-A150-01,BRCA,BRCA,0.9918572418718443,0.00037566993275388354,0.0016419689295042417,0.006125119265897438
TCGA:BRCA:TCGA-E2-A152-01,BRCA,BRCA,0.971893655177597,0.0008750485070208806,0.005132701213683212,0.02209859510169879
TCGA:BRCA:TCGA-E2-A153-01,BRCA,BRCA,0.9952213103077798,0.0008034308468922397,0.0007271274565034808,0.0032481313888243686
TCGA:BRCA:TCGA-E2-A154-01,BRCA,BRCA,0.9985050705094283,0.00019146227445615167,0.00041036478994544703,0.0008931024261700296
TCGA:BRCA:TCGA-E2-A155-01,BRCA,BRCA,0.9863526287319766,0.00047961435764279977,0.00206166426580608,0.01110609264457446
TCGA:BRCA:TCGA-E2-A156-01,BRCA,BRCA,0.9977449422458209,0.0003287558145885916,0.0006009612271068162,0.0013253407124838225
TCGA:BRCA:TCGA-E2-A158-01,BRCA,BRCA,0.6569762876025079,0.003165810334603537,0.05957098532077338,0.2802869167421152
TCGA:BRCA:TCGA-E2-A159-01,BRCA,BRCA,0.7691017357013427,0.004481893386695769,0.06242637193592817,0.1639899989760334
TCGA:BRCA:TCGA-E2-A15A-01,BRCA,BRCA,0.9788548590360656,0.0013452135585349538,0.00892639781438764,0.010873529591011913
TCGA:BRCA:TCGA-E2-A15C-01,BRCA,BRCA,0.9988392474711627,0.00026303257464599443,0.00039170615092740433,0.0005060138032638809
TCGA:BRCA:TCGA-E2-A15D-01,BRCA,BRCA,0.9953774513223508,0.00016844248577081622,0.0004515268813180028,0.004002579310560243
TCGA:BRCA:TCGA-E2-A15E-01,BRCA,BRCA,0.9967049069010518,0.0003235470209923163,0.0012773362489392668,0.0016942098290164272
TCGA:BRCA:TCGA-E2-A15F-01,BRCA,BRCA,0.9977634512880978,0.00014874432725374393,0.000894708451558568,0.001193095933090195
TCGA:BRCA:TCGA-E2-A15G-01,BRCA,BRCA,0.9944497433012542,0.0006731356178932921,0.0006191016939654706,0.0042580193868871135
TCGA:BRCA:TCGA-E2-A15H-01,BRCA,BRCA,0.9992476034328037,0.0002075051734561589,0.00016300410628218443,0.0003818872874581073
TCGA:BRCA:TCGA-E2-A15I-01,BRCA,BRCA,0.9961218357505816,0.00035512005095754103,0.0009568415578245359,0.0025662026406364194
TCGA:BRCA:TCGA-E2-A15J-01,BRCA,BRCA,0.9994427342850206,0.00011174150603704883,0.00014822446142410302,0.00029729974751812477
TCGA:BRCA:TCGA-E2-A15K-01,BRCA,BRCA,0.9971781749649089,0.0004590946887266413,0.0005744397355671463,0.0017882906107973254
TCGA:BRCA:TCGA-E2-A15L-01,BRCA,BRCA,0.9980165553034597,0.00032774322737695436,0.0008414748389261905,0.0008142266302371046
TCGA:BRCA:TCGA-E2-A15M-01,BRCA,BRCA,0.9941786080211782,0.00016747336333136777,0.0015048860693971879,0.004149032546093242
TCGA:BRCA:TCGA-E2-A15O-01,BRCA,BRCA,0.993222051849473,0.001670482168550895,0.0014801850302302321,0.00362728095174587
TCGA:BRCA:TCGA-E2-A15P-01,BRCA,BRCA,0.9989898308475914,0.00010286311409114432,0.00023837623762751876,0.0006689298006899326
TCGA:BRCA:TCGA-E2-A15R-01,BRCA,BRCA,0.9942707390768872,0.00032068502562796093,0.002969181248798712,0.002439394648686069
TCGA:BRCA:TCGA-E2-A15S-01,BRCA,BRCA,0.994746190700947,0.0008705333090364158,0.002626506230948722,0.0017567697590679667
TCGA:BRCA:TCGA-E2-A15T-01,BRCA,BRCA,0.9948289259560509,0.0002398867066963683,0.0015976784586108237,0.003333508878642138
TCGA:BRCA:TCGA-E2-A1AZ-01,BRCA,BRCA,0.9830052784643428,0.000715932490311928,0.004237220901510075,0.01204156814383509
TCGA:BRCA:TCGA-E2-A1B0-01,BRCA,BRCA,0.9981713849287468,0.0001766681039635834,0.0005818222233180724,0.0010701247439714534
TCGA:BRCA:TCGA-E2-A1B1-01,BRCA,BRCA,0.9960590808112424,0.0003886275056788539,0.000881174478707261,0.0026711172043714787
TCGA:BRCA:TCGA-E2-A1B4-01,BRCA,BRCA,0.9985164077627194,0.00026988274724889106,0.00030774662554535864,0.0009059628644864386
TCGA:BRCA:TCGA-E2-A1B5-01,BRCA,BRCA,0.983914776339545,0.0002394538469302051,0.0015402005503820848,0.014305569263142484
TCGA:BRCA:TCGA-E2-A1B6-01,BRCA,BRCA,0.9393281420428133,0.0024072594239289177,0.050400376901202505,0.00786422163205509
TCGA:BRCA:TCGA-E2-A1BC-01,BRCA,BRCA,0.9981289446096822,0.0005850974248680436,0.000475568120585923,0.0008103898448638001
TCGA:BRCA:TCGA-E2-A1BD-01,BRCA,BRCA,0.9841886018057624,0.0007198315960797546,0.001755884433341271,0.01333568216481662
TCGA:BRCA:TCGA-E2-A1IE-01,BRCA,BRCA,0.9955968615647437,0.0005120288652048609,0.0016356451600107078,0.002255464410040815
TCGA:BRCA:TCGA-E2-A1IF-01,BRCA,BRCA,0.997583424669621,0.0002203544379418086,0.00030454616814654583,0.0018916747242905515
TCGA:BRCA:TCGA-E2-A1IG-01,BRCA,BRCA,0.9950004130761325,0.00033714426492749546,0.0017622079251337654,0.002900234733806309
TCGA:BRCA:TCGA-E2-A1IH-01,BRCA,BRCA,0.9965894197179186,8.719893846446582e-05,0.001053147501093892,0.002270233842523077
TCGA:BRCA:TCGA-E2-A1II-01,BRCA,BRCA,0.9915669610000687,0.0006064701409644179,0.0051221935503508115,0.00270437530861585
TCGA:BRCA:TCGA-E2-A1IJ-01,BRCA,BRCA,0.9971557976761336,0.00042195347259616406,0.0004464096860576291,0.0019758391652126934
TCGA:BRCA:TCGA-E2-A1IK-01,BRCA,BRCA,0.9986663790057024,0.00022294915190279257,0.00023681213220634904,0.0008738597101885535
TCGA:BRCA:TCGA-E2-A1IL-01,BRCA,BRCA,0.9960539889498377,0.0006004849955300369,0.001283459142525881,0.0020620669121064685
TCGA:BRCA:TCGA-E2-A1IN-01,BRCA,BRCA,0.9986388513021399,5.1550125954281225e-05,0.0003524951571129875,0.0009571034147927955
TCGA:BRCA:TCGA-E2-A1IO-01,BRCA,BRCA,0.9938062386041601,0.0009105086623086912,0.0020081016273380933,0.0032751511061930726
TCGA:BRCA:TCGA-E2-A1IU-01,BRCA,BRCA,0.9977082791208155,0.0003427927843456811,0.0008032819250471161,0.0011456461697916863
TCGA:BRCA:TCGA-E2-A1L6-01,BRCA,BRCA,0.9977697528218729,0.00012860324807298078,0.0006595512903029197,0.0014420926397513854
TCGA:BRCA:TCGA-E2-A1L7-01,BRCA,BRCA,0.991496630791307,0.0012227337959628258,0.004545920631650782,0.002734714781079394
TCGA:BRCA:TCGA-E2-A1L8-01,BRCA,BRCA,0.9993369048897492,5.327675275750379e-05,8.048237085824966e-05,0.0005293359866348142
TCGA:BRCA:TCGA-E2-A1L9-01,BRCA,BRCA,0.9981791740733512,0.00016106043737495573,0.00037729139971759624,0.0012824740895563342
TCGA:BRCA:TCGA-E2-A1LA-01,BRCA,BRCA,0.9945925151437878,0.00037791255639916356,0.0020871887595362033,0.002942383540276991
TCGA:BRCA:TCGA-E2-A1LB-01,BRCA,BRCA,0.8753786916645936,0.003930243297047883,0.012784184794395217,0.10790688024396336
TCGA:BRCA:TCGA-E2-A1LE-01,BRCA,BRCA,0.8436335918840712,0.006364792986031377,0.011995917938675531,0.13800569719122197
TCGA:BRCA:TCGA-E2-A1LG-01,BRCA,BRCA,0.9866923743252091,0.0019137222496309499,0.0053401665006108405,0.0060537369245492086
TCGA:BRCA:TCGA-E2-A1LH-01,BRCA,BRCA,0.9483292633082047,0.002326442186087976,0.01252500106755466,0.03681929343815268
TCGA:BRCA:TCGA-E2-A1LI-01,BRCA,BRCA,0.9911404793710823,0.0004478674608472262,0.0021377715055566167,0.0062738816625140465
TCGA:BRCA:TCGA-E2-A1LK-01,BRCA,BRCA,0.8082277261164157,0.009309911140439518,0.024214741438718556,0.1582476213044261
TCGA:BRCA:TCGA-E2-A1LL-01,BRCA,LSCC,0.01003197141591884,0.06799190759358718,0.90317307582171,0.018803045168783887
TCGA:BRCA:TCGA-E2-A1LS-01,BRCA,BRCA,0.9916893450464493,0.00022698371236266665,0.001122815077053171,0.0069608561641348625
TCGA:BRCA:TCGA-E2-A2P5-01,BRCA,BRCA,0.9917242478375377,0.0006840131878838248,0.0007852686675938123,0.006806470306984766
TCGA:BRCA:TCGA-E2-A2P6-01,BRCA,BRCA,0.9954366056539997,0.0006209175784258746,0.0015983449122135061,0.002344131855360755
TCGA:BRCA:TCGA-E2-A3DX-01,BRCA,BRCA,0.9980363647353585,0.000388177594270386,0.0007206018611950973,0.0008548558091759284
TCGA:BRCA:TCGA-E2-A56Z-01,BRCA,BRCA,0.997334176414877,0.00019485007479609992,0.0006381142433201816,0.0018328592670067455
TCGA:BRCA:TCGA-E2-A570-01,BRCA,BRCA,0.9986896706889911,0.00030135009853095274,0.0001964515651366987,0.0008125276473411547
TCGA:BRCA:TCGA-E2-A573-01,BRCA,BRCA,0.9531443857406311,0.002355627191252551,0.014844153133399129,0.029655833934717293
TCGA:BRCA:TCGA-E2-A574-01,BRCA,BRCA,0.9371674897828732,0.012867944780361655,0.020464905297144953,0.029499660139620208
TCGA:BRCA:TCGA-E2-A576-01,BRCA,BRCA,0.986893419553362,0.004179839446234896,0.004332420004670495,0.00459432099573291
TCGA:BRCA:TCGA-E2-A9RU-01,BRCA,BRCA,0.9739664533936101,0.0032486950731324083,0.014804592019087548,0.007980259514169972
TCGA:BRCA:TCGA-E9-A1N3-01,BRCA,BRCA,0.9981501333607103,4.209566943863761e-05,0.0002639127906046345,0.0015438581792462719
TCGA:BRCA:TCGA-E9-A1N4-01,BRCA,BRCA,0.9977699753503503,0.00016630420033096748,0.0004121055076133424,0.0016516149417054758
TCGA:BRCA:TCGA-E9-A1N5-01,BRCA,BRCA,0.9993571377357308,0.00020060523579623483,0.0001931465127970208,0.00024911051567602763
TCGA:BRCA:TCGA-E9-A1N6-01,BRCA,BRCA,0.9977821142682035,0.0003110236956775192,0.0006596158060212194,0.0012472462300976651
TCGA:BRCA:TCGA-E9-A1N8-01,BRCA,BRCA,0.947430970313737,0.004874924705259541,0.03103874239576886,0.016655362585234573
TCGA:BRCA:TCGA-E9-A1N9-01,BRCA,BRCA,0.996320785421891,0.00013219210310419646,0.0007165410139732449,0.0028304814610315976
TCGA:BRCA:TCGA-E9-A1NA-01,BRCA,LUAD,0.42324752406042376,0.004463926064189016,0.03368931007128231,0.5385992398041048
TCGA:BRCA:TCGA-E9-A1NC-01,BRCA,BRCA,0.9577471257078354,0.007963308770657542,0.01233808043029167,0.021951485091215438
TCGA:BRCA:TCGA-E9-A1ND-01,BRCA,BRCA,0.8319584378461272,0.003907298324139886,0.09604438754753725,0.06808987628219572
TCGA:BRCA:TCGA-E9-A1NE-01,BRCA,BRCA,0.996552988500659,0.00047191647373364765,0.001910033932691508,0.0010650610929159945
TCGA:BRCA:TCGA-E9-A1NF-01,BRCA,BRCA,0.9812342871520816,0.00029533103584196863,0.0018322612954464884,0.01663812051662981
TCGA:BRCA:TCGA-E9-A1NG-01,BRCA,BRCA,0.9863565835036967,0.00048630373290996383,0.004511877696143078,0.0086452350672503
TCGA:BRCA:TCGA-E9-A1NH-01,BRCA,BRCA,0.9995278726915422,0.00017217936630330478,0.0001283958019459742,0.00017155214020850477
TCGA:BRCA:TCGA-E9-A1NI-01,BRCA,BRCA,0.9956646990593829,0.0003819725946622307,0.0011792170744534384,0.0027741112715013354
TCGA:BRCA:TCGA-E9-A1QZ-01,BRCA,BRCA,0.9942644811210978,7.762910192670282e-05,0.00116913460420117,0.004488755172774331
TCGA:BRCA:TCGA-E9-A1R0-01,BRCA,BRCA,0.9962916048758761,0.0002781807291170724,0.0009719035555736733,0.002458310839433108
TCGA:BRCA:TCGA-E9-A1R2-01,BRCA,BRCA,0.9983599264008957,0.00023182722739008716,0.000460445219081851,0.0009478011526324847
TCGA:BRCA:TCGA-E9-A1R3-01,BRCA,BRCA,0.9616657539232653,0.0055774689122824826,0.009216868825181374,0.023539908339270953
TCGA:BRCA:TCGA-E9-A1R4-01,BRCA,BRCA,0.990674705274853,0.0012753324560596105,0.0033039705225958948,0.0047459917464916885
TCGA:BRCA:TCGA-E9-A1R5-01,BRCA,BRCA,0.9984228701304777,0.00011186187976159562,0.0003291360363643804,0.001136131953396472
TCGA:BRCA:TCGA-E9-A1R6-01,BRCA,BRCA,0.995150060738538,0.0011398667452301211,0.000944706072845855,0.002765366443386171
TCGA:BRCA:TCGA-E9-A1R7-01,BRCA,BRCA,0.9362196499899789,0.0035370714605455463,0.015708044853495334,0.04453523369598014
TCGA:BRCA:TCGA-E9-A1RA-01,BRCA,BRCA,0.9888890454674395,0.0006269848090215465,0.0019599592394411187,0.008524010484097936
TCGA:BRCA:TCGA-E9-A1RB-01,BRCA,BRCA,0.9840650702700949,0.0010454817330241045,0.009392705087454158,0.005496742909426841
TCGA:BRCA:TCGA-E9-A1RC-01,BRCA,BRCA,0.9833823791094995,0.003652564274232858,0.004164051580020505,0.008801005036247034
TCGA:BRCA:TCGA-E9-A1RD-01,BRCA,BRCA,0.9990078670993044,6.168887216859372e-05,0.00036305167454369394,0.0005673923539833455
TCGA:BRCA:TCGA-E9-A1RE-01,BRCA,BRCA,0.9816123220678882,0.000422615904300653,0.004674776399218945,0.013290285628592174
TCGA:BRCA:TCGA-E9-A1RF-01,BRCA,BRCA,0.9982020653697437,0.00013341703892077558,0.0006683758907183259,0.0009961417006171566
TCGA:BRCA:TCGA-E9-A1RG-01,BRCA,BRCA,0.9890967536426786,0.0023013577488419784,0.0024789070449831026,0.006122981563496433
TCGA:BRCA:TCGA-E9-A1RH-01,BRCA,BRCA,0.6543782465284691,0.0016878890221881558,0.03402218928193779,0.30991167516740487
TCGA:BRCA:TCGA-E9-A1RI-01,BRCA,BRCA,0.9991762086200713,0.00011235935272895486,0.0002102994082004642,0.0005011326189992446
TCGA:BRCA:TCGA-E9-A226-01,BRCA,BRCA,0.9949929898204872,0.0005020782792166194,0.001399847441982047,0.0031050844583140847
TCGA:BRCA:TCGA-E9-A227-01,BRCA,BRCA,0.9965382673728655,0.00013824840477676402,0.0006525247369868954,0.00267095948537093
TCGA:BRCA:TCGA-E9-A228-01,BRCA,BRCA,0.9689172773176689,0.0015574135898105581,0.013586827360880668,0.01593848173163995
TCGA:BRCA:TCGA-E9-A229-01,BRCA,BRCA,0.9992193501936759,0.00015264422514497564,0.00023254715733090332,0.0003954584238479317
TCGA:BRCA:TCGA-E9-A22A-01,BRCA,BRCA,0.9967928853389831,0.0003927518890984955,0.0007706847483606852,0.00204367802355777
TCGA:BRCA:TCGA-E9-A22B-01,BRCA,BRCA,0.987649985473822,0.00025355846730549056,0.0012880154870655118,0.01080844057180716
TCGA:BRCA:TCGA-E9-A22D-01,BRCA,BRCA,0.9901790447501619,0.0006900064736356859,0.003926564034908337,0.005204384741293901
TCGA:BRCA:TCGA-E9-A22E-01,BRCA,BRCA,0.992956090123279,0.0002831777394493638,0.000973993372652695,0.005786738764619003
TCGA:BRCA:TCGA-E9-A22G-01,BRCA,BRCA,0.9571393456905306,0.003316805944716092,0.02031066926575551,0.01923317909899775
TCGA:BRCA:TCGA-E9-A22H-01,BRCA,BRCA,0.9989112370378659,0.00013069448227363665,0.00026096255267057353,0.0006971059271899695
TCGA:BRCA:TCGA-E9-A243-01,BRCA,BRCA,0.8033374358852765,0.0015505923902631353,0.022376427472756505,0.17273554425170382
TCGA:BRCA:TCGA-E9-A244-01,BRCA,BRCA,0.991637471247972,0.0007164896506535235,0.0024019231662403364,0.0052441159351340775
TCGA:BRCA:TCGA-E9-A245-01,BRCA,BRCA,0.9949067444478416,0.0003572486842411328,0.0011274512723268104,0.0036085555955905667
TCGA:BRCA:TCGA-E9-A247-01,BRCA,BRCA,0.9962016669923922,0.00026358305086233405,0.0008748292723346256,0.0026599206844109564
TCGA:BRCA:TCGA-E9-A248-01,BRCA,BRCA,0.8817988085481508,0.003307938473315733,0.028609470710632214,0.0862837822679012
TCGA:BRCA:TCGA-E9-A249-01,BRCA,BRCA,0.9953785511618747,0.0002221108243621237,0.0010542795479257447,0.00334505846583743
TCGA:BRCA:TCGA-E9-A24A-01,BRCA,BRCA,0.9985889575662047,0.00015095214948772497,0.00035914026171944503,0.0009009500225879982
TCGA:BRCA:TCGA-E9-A295-01,BRCA,BRCA,0.9708215771376857,0.009778839620474255,0.008306845152371987,0.01109273808946803
TCGA:BRCA:TCGA-E9-A2JS-01,BRCA,BRCA,0.9915434798600646,0.0006542082995670572,0.0025317973673812176,0.005270514472987187
TCGA:BRCA:TCGA-E9-A2JT-01,BRCA,BRCA,0.9709886174569654,0.0025182606026089506,0.009180481935139526,0.017312640005286106
TCGA:BRCA:TCGA-E9-A3HO-01,BRCA,BRCA,0.9903869177496595,0.001351272105593886,0.003101280189615798,0.00516052995513078
TCGA:BRCA:TCGA-E9-A3Q9-01,BRCA,BRCA,0.9830400540904667,0.0009952083748048367,0.0012823420399906073,0.014682395494737837
TCGA:BRCA:TCGA-E9-A3QA-01,BRCA,BRCA,0.9629803458673069,0.002742374839279517,0.018924299110881736,0.015352980182531858
TCGA:BRCA:TCGA-E9-A3X8-01,BRCA,BRCA,0.9906502666498241,0.0026484814418842677,0.0018651915327415336,0.00483606037554998
TCGA:BRCA:TCGA-E9-A54X-01,BRCA,BRCA,0.9854337316991044,0.0004084042365537049,0.003741615724698023,0.01041624833964386
TCGA:BRCA:TCGA-E9-A54Y-01,BRCA,BRCA,0.958987355202612,0.02763902901063549,0.0064909187257848845,0.006882697060967735
TCGA:BRCA:TCGA-E9-A5FK-01,BRCA,BRCA,0.9960684281159411,0.00091057064859469,0.0011156793967935668,0.0019053218386707526
TCGA:BRCA:TCGA-E9-A5FL-01,BRCA,HNSCC,0.10752120756532273,0.46432183297413804,0.373639298160445,0.054517661300094215
TCGA:BRCA:TCGA-E9-A5UO-01,BRCA,BRCA,0.9357631885430608,0.0043275477816745326,0.00990819426528759,0.050001069409976874
TCGA:BRCA:TCGA-E9-A5UP-01,BRCA,BRCA,0.9950718155588568,0.000774635161914019,0.0006015001729776536,0.003552049106251549
TCGA:BRCA:TCGA-E9-A6HE-01,BRCA,BRCA,0.9940803223607483,0.001552425147911992,0.0012878003624251617,0.0030794521289146345
TCGA:BRCA:TCGA-EW-A1IW-01,BRCA,BRCA,0.9958943770186707,0.00018173299182164008,0.0019355618242118042,0.0019883281652960526
TCGA:BRCA:TCGA-EW-A1IX-01,BRCA,BRCA,0.9972644721434695,0.0004938122996716712,0.0010863557694742816,0.0011553597873846368
TCGA:BRCA:TCGA-EW-A1IY-01,BRCA,BRCA,0.9946366022377482,0.0001943531184149486,0.000664426727942125,0.004504617915894638
TCGA:BRCA:TCGA-EW-A1IZ-01,BRCA,BRCA,0.9905440762204895,0.0006235456191786351,0.002121203278068157,0.006711174882263641
TCGA:BRCA:TCGA-EW-A1J1-01,BRCA,BRCA,0.9986473511640452,7.949071727194567e-05,0.0005584110617039408,0.0007147470569789965
TCGA:BRCA:TCGA-EW-A1J2-01,BRCA,BRCA,0.9985811941756992,0.0003140168013571148,0.00036203145343265814,0.0007427575695111049
TCGA:BRCA:TCGA-EW-A1J3-01,BRCA,BRCA,0.9966826520809917,0.00012895142766066822,0.001392043860658902,0.0017963526306886471
TCGA:BRCA:TCGA-EW-A1J5-01,BRCA,BRCA,0.9992871980209854,0.0001376578339430044,0.0002728713778548279,0.00030227276721670615
TCGA:BRCA:TCGA-EW-A1J6-01,BRCA,BRCA,0.9733514099111367,0.0003720372869719121,0.0059393978764062955,0.020337154925485004
TCGA:BRCA:TCGA-EW-A1OV-01,BRCA,BRCA,0.9970572298633059,0.00012470043697823937,0.0005800666634753505,0.0022380030362404474
TCGA:BRCA:TCGA-EW-A1OW-01,BRCA,BRCA,0.9910896178955992,0.0005615374327544428,0.005039588948711408,0.003309255722934926
TCGA:BRCA:TCGA-EW-A1OX-01,BRCA,BRCA,0.98962838783268,0.0013587707900528485,0.0024818804227518614,0.006530960954515237
TCGA:BRCA:TCGA-EW-A1OY-01,BRCA,BRCA,0.9966694592459951,0.0004740146845535832,0.0009626543853923612,0.0018938716840588546
TCGA:BRCA:TCGA-EW-A1OZ-01,BRCA,BRCA,0.9902425355705863,0.001437451153439676,0.0017665034609707965,0.006553509815003336
TCGA:BRCA:TCGA-EW-A1P0-01,BRCA,BRCA,0.9967646798918642,0.0005549559274658134,0.000804026592479749,0.0018763375881899677
TCGA:BRCA:TCGA-EW-A1P1-01,BRCA,LUAD,0.3672847607287438,0.009800677497526875,0.03941271014063713,0.5835018516330922
TCGA:BRCA:TCGA-EW-A1P3-01,BRCA,BRCA,0.9966225802720182,0.00019620053676878366,0.0009386391948678553,0.0022425799963451598
TCGA:BRCA:TCGA-EW-A1P4-01,BRCA,BRCA,0.45444848414742944,0.01225555586431422,0.16673778692311078,0.36655817306514554
TCGA:BRCA:TCGA-EW-A1P5-01,BRCA,BRCA,0.992050692302593,0.0009819501974659727,0.0023078353553636836,0.0046595221445774404
TCGA:BRCA:TCGA-EW-A1P6-01,BRCA,BRCA,0.9985368870171216,0.00016210763597588587,0.0006632722837508987,0.0006377330631515196
TCGA:BRCA:TCGA-EW-A1P7-01,BRCA,BRCA,0.8380762417280657,0.007122445895297964,0.02152683655639885,0.1332744758202376
TCGA:BRCA:TCGA-EW-A1P8-01,BRCA,BRCA,0.9069009335437863,0.0028295842965563728,0.06246993800926663,0.027799544150390692
TCGA:BRCA:TCGA-EW-A1PA-01,BRCA,BRCA,0.9923559443454032,0.0003759038831144777,0.0024944864501081554,0.004773665321374247
TCGA:BRCA:TCGA-EW-A1PB-01,BRCA,BRCA,0.8034946149661303,0.014974360313938999,0.09637859739317485,0.08515242732675603
TCGA:BRCA:TCGA-EW-A1PC-01,BRCA,BRCA,0.9389790021699193,0.0029003973628724798,0.016983897927759804,0.04113670253944864
TCGA:BRCA:TCGA-EW-A1PD-01,BRCA,BRCA,0.9938283837216232,0.0028305137038768164,0.0018592428776971397,0.0014818596968027035
TCGA:BRCA:TCGA-EW-A1PE-01,BRCA,BRCA,0.9800712074880066,0.0010677988066331136,0.0048803573451712875,0.013980636360188934
TCGA:BRCA:TCGA-EW-A1PF-01,BRCA,BRCA,0.9993445542794034,4.830245256415567e-05,0.00022016355820846095,0.0003869797098240943
TCGA:BRCA:TCGA-EW-A1PG-01,BRCA,BRCA,0.8109618409968183,0.0324200500810713,0.08368717283258374,0.07293093608952657
TCGA:BRCA:TCGA-EW-A1PH-01,BRCA,BRCA,0.9939291666196443,0.0009594436467380721,0.0022193860645367118,0.002892003669080917
TCGA:BRCA:TCGA-EW-A2FR-01,BRCA,BRCA,0.8516776045525604,0.003905063754354193,0.018376512574922507,0.12604081911816303
TCGA:BRCA:TCGA-EW-A2FS-01,BRCA,BRCA,0.991242791199779,0.0006292941137548039,0.0030885512406917644,0.005039363445774498
TCGA:BRCA:TCGA-EW-A2FV-01,BRCA,BRCA,0.9986275051582922,0.0006702133039389284,0.00039999323688170204,0.0003022883008869819
TCGA:BRCA:TCGA-EW-A2FW-01,BRCA,BRCA,0.9948643373557868,0.0004735367512991938,0.0021042531112519655,0.00255787278166193
TCGA:BRCA:TCGA-EW-A3E8-01,BRCA,BRCA,0.9974289420231546,0.00043958455005898515,0.00038544757474627696,0.0017460258520400683
TCGA:BRCA:TCGA-EW-A3U0-01,BRCA,BRCA,0.9846421759153157,0.002378095130963432,0.004961259924364406,0.008018469029356339
TCGA:BRCA:TCGA-EW-A423-01,BRCA,BRCA,0.9926616716977272,0.0014426472530742712,0.0006338012561200134,0.005261879793078216
TCGA:BRCA:TCGA-EW-A424-01,BRCA,BRCA,0.9983117337211109,0.0001955487389624165,0.0003750897241169342,0.001117627815809531
TCGA:BRCA:TCGA-EW-A6S9-01,BRCA,BRCA,0.9971451603447813,0.00035196605729515186,0.0006758487967798208,0.0018270248011437245
TCGA:BRCA:TCGA-EW-A6SA-01,BRCA,BRCA,0.9806975568466454,0.00048775417277133816,0.0028846845009844603,0.015930004479598674
TCGA:BRCA:TCGA-EW-A6SB-01,BRCA,BRCA,0.9174474754337955,0.005715390366070452,0.04083255184122096,0.03600458235891309
TCGA:BRCA:TCGA-EW-A6SC-01,BRCA,BRCA,0.9956098356152403,0.0004643545009381688,0.0007737067385456976,0.003152103145275795
TCGA:BRCA:TCGA-EW-A6SD-01,BRCA,BRCA,0.9617286123548074,0.0028990333049488943,0.010326998594689602,0.025045355745553968
TCGA:BRCA:TCGA-GI-A2C8-01,BRCA,BRCA,0.9886826709090064,0.0002011303434072065,0.0011257508684232062,0.009990447879163322
TCGA:BRCA:TCGA-GI-A2C9-01,BRCA,BRCA,0.9667809280983182,0.0003868262913014506,0.002014020187767211,0.030818225422613085
TCGA:BRCA:TCGA-GM-A2D9-01,BRCA,BRCA,0.9981723353425571,0.0004788855871555636,0.00019436894524908283,0.0011544101250381702
TCGA:BRCA:TCGA-GM-A2DA-01,BRCA,BRCA,0.9975619893781998,0.00019112950916004524,0.0006258266060056121,0.0016210545066346117
TCGA:BRCA:TCGA-GM-A2DB-01,BRCA,LUAD,0.33273678501082504,0.010359331803067468,0.03756757816539954,0.6193363050207079
TCGA:BRCA:TCGA-GM-A2DC-01,BRCA,BRCA,0.9979499019308592,0.00044067891988147336,0.0006753815886966297,0.0009340375605627628
TCGA:BRCA:TCGA-GM-A2DD-01,BRCA,BRCA,0.9384720575640862,0.009756002303193744,0.023506040290230894,0.02826589984248916
TCGA:BRCA:TCGA-GM-A2DF-01,BRCA,LUAD,0.3553407146455322,0.014582843890775406,0.06610183682764041,0.563974604636052
TCGA:BRCA:TCGA-GM-A2DH-01,BRCA,BRCA,0.9927318478740886,0.0006214522082799308,0.004168843601187117,0.002477856316444253
TCGA:BRCA:TCGA-GM-A2DI-01,BRCA,BRCA,0.9932302421964208,0.0016716459866610845,0.0030746401681465323,0.002023471648771486
TCGA:BRCA:TCGA-GM-A2DK-01,BRCA,BRCA,0.9980496029109676,0.00013378096121931195,0.00032536387500463945,0.001491252252808506
TCGA:BRCA:TCGA-GM-A2DL-01,BRCA,BRCA,0.9969315604532393,0.0005185910841418284,0.0004911545329470424,0.0020586939296716594
TCGA:BRCA:TCGA-GM-A2DM-01,BRCA,BRCA,0.994793496394257,0.0006803675365704645,0.0006239204136078763,0.0039022156555646266
TCGA:BRCA:TCGA-GM-A2DN-01,BRCA,BRCA,0.9923776437416137,0.0004980703509207203,0.003288984390629824,0.0038353015168357844
TCGA:BRCA:TCGA-GM-A2DO-01,BRCA,BRCA,0.9931606607602544,0.0003546867865007147,0.0009963444372593096,0.005488308015985708
TCGA:BRCA:TCGA-GM-A3NW-01,BRCA,BRCA,0.9955006870036337,0.0003104036200511633,0.0007276439347391038,0.0034612654415759466
TCGA:BRCA:TCGA-GM-A3NY-01,BRCA,BRCA,0.9957263147933928,0.0008995678645866711,0.0009703945754641899,0.0024037227665560973
TCGA:BRCA:TCGA-GM-A3XG-01,BRCA,BRCA,0.9808386731819236,0.0038387709978599154,0.003835030526408269,0.011487525293808238
TCGA:BRCA:TCGA-GM-A3XL-01,BRCA,BRCA,0.7512463396424934,0.024981548652712956,0.15756826120551037,0.0662038504992831
TCGA:BRCA:TCGA-GM-A3XN-01,BRCA,BRCA,0.9723414008562282,0.00116540514454454,0.002542701153249662,0.023950492845977583
TCGA:BRCA:TCGA-GM-A4E0-01,BRCA,LUAD,0.3368024305656623,0.008802228786958771,0.01632566964872253,0.6380696709986564
TCGA:BRCA:TCGA-GM-A5PV-01,BRCA,BRCA,0.9979293925435132,0.0004305874161083792,0.0005830441160741159,0.001056975924304365
TCGA:BRCA:TCGA-GM-A5PX-01,BRCA,BRCA,0.9884458422893925,0.0007662624417401295,0.0007863425644993797,0.010001552704367787
TCGA:BRCA:TCGA-HN-A2NL-01,BRCA,BRCA,0.9804054645701454,0.005784818191505144,0.0062789897256226605,0.007530727512726702
TCGA:BRCA:TCGA-HN-A2OB-01,BRCA,BRCA,0.9957291110315412,0.0007419684433678154,0.000507826073231732,0.0030210944518594103
TCGA:BRCA:TCGA-JL-A3YW-01,BRCA,LUAD,0.0928303863295469,0.005833595520503526,0.11339238895825784,0.7879436291916916
TCGA:BRCA:TCGA-JL-A3YX-01,BRCA,BRCA,0.9867358587214272,0.0027601504349278622,0.003552971610456496,0.006951019233188278
TCGA:BRCA:TCGA-LD-A66U-01,BRCA,BRCA,0.9977304618960198,0.0007991688602071909,0.00039232398770299316,0.0010780452560699744
TCGA:BRCA:TCGA-LD-A74U-01,BRCA,BRCA,0.9973268259274493,0.0006568772338304645,0.0008675210254820984,0.00114877581323824
TCGA:BRCA:TCGA-LD-A7W5-01,BRCA,BRCA,0.9783027032532934,0.008812352651216802,0.004254323008536297,0.008630621086953527
TCGA:BRCA:TCGA-LD-A7W6-01,BRCA,BRCA,0.9967657023950831,0.00046775878992551067,0.0012217672378337712,0.0015447715771576365
TCGA:BRCA:TCGA-LD-A9QF-01,BRCA,BRCA,0.8778260767470439,0.0038788835047320947,0.01918216503140851,0.09911287471681549
TCGA:BRCA:TCGA-LL-A440-01,BRCA,BRCA,0.9082174382006254,0.00506898093052191,0.03056646123278279,0.05614711963606986
TCGA:BRCA:TCGA-LL-A441-01,BRCA,BRCA,0.9674386152744545,0.00039806290371668924,0.014662234017031995,0.017501087804796932
TCGA:BRCA:TCGA-LL-A442-01,BRCA,BRCA,0.9955298851600404,0.0010688970562460695,0.0013941412526817353,0.002007076531031829
TCGA:BRCA:TCGA-LL-A50Y-01,BRCA,BRCA,0.993347623162139,0.001739521758460312,0.0014120930580619512,0.0035007620213386484
TCGA:BRCA:TCGA-LL-A5YL-01,BRCA,BRCA,0.9829003322164005,0.002161586122243332,0.004605181532867339,0.010332900128488887
TCGA:BRCA:TCGA-LL-A5YM-01,BRCA,BRCA,0.8979603630808694,0.04787144016027764,0.028042225550128495,0.026125971208724483
TCGA:BRCA:TCGA-LL-A5YN-01,BRCA,BRCA,0.9791562757521296,0.004656004307600702,0.004255778975914766,0.01193194096435504
TCGA:BRCA:TCGA-LL-A5YO-01,BRCA,BRCA,0.9866725834042227,0.0009102772563543477,0.004593547141645406,0.00782359219777727
TCGA:BRCA:TCGA-LL-A5YP-01,BRCA,BRCA,0.7901875078113847,0.002743870072238858,0.0674124206378585,0.13965620147851798
TCGA:BRCA:TCGA-LL-A6FP-01,BRCA,BRCA,0.9963401917298256,0.0005466929931655566,0.0007945114209640899,0.0023186038560447297
TCGA:BRCA:TCGA-LL-A6FQ-01,BRCA,BRCA,0.9834072112997878,0.006635822838330735,0.0044712655166254025,0.005485700345256127
TCGA:BRCA:TCGA-LL-A6FR-01,BRCA,BRCA,0.9665112194200363,0.0170732916642259,0.006963334082082884,0.009452154833654927
TCGA:BRCA:TCGA-LL-A73Y-01,BRCA,BRCA,0.9762031870896735,0.0041602046730920715,0.005024165881323437,0.014612442355910915
TCGA:BRCA:TCGA-LL-A73Z-01,BRCA,BRCA,0.9537204971091371,0.002456379170468548,0.012280427775288486,0.03154269594510605
TCGA:BRCA:TCGA-LL-A740-01,BRCA,LUAD,0.13838674550235386,0.007964240891362915,0.018730741274017654,0.8349182723322656
TCGA:BRCA:TCGA-LL-A7SZ-01,BRCA,BRCA,0.9488842373552938,0.008887882893493935,0.010795720749676663,0.031432159001535384
TCGA:BRCA:TCGA-LL-A7T0-01,BRCA,BRCA,0.9907459398618494,0.0017540562011611471,0.0039963795833676714,0.0035036243536216605
TCGA:BRCA:TCGA-LL-A8F5-01,BRCA,BRCA,0.4400303339065648,0.22491582553193268,0.26384437862023674,0.0712094619412658
TCGA:BRCA:TCGA-LL-A9Q3-01,BRCA,BRCA,0.9439322893776134,0.010467875490262872,0.008255597441512675,0.0373442376906108
TCGA:BRCA:TCGA-LQ-A4E4-01,BRCA,BRCA,0.99696308892721,0.0007463665549168379,0.0012849556009446232,0.0010055889169285086
TCGA:BRCA:TCGA-MS-A51U-01,BRCA,BRCA,0.9965155280766684,0.0006712280208392675,0.0008948212333658147,0.0019184226691264772
TCGA:BRCA:TCGA-OK-A5Q2-01,BRCA,BRCA,0.9940006025824031,0.0004822366020654739,0.001498169492390488,0.004018991323140974
TCGA:BRCA:TCGA-OL-A5D6-01,BRCA,BRCA,0.9845765303856504,0.0010334517403465507,0.0022631335734131694,0.012126884300590078
TCGA:BRCA:TCGA-OL-A5D7-01,BRCA,BRCA,0.9850155840538674,0.0051061915803635935,0.005772084286524815,0.004106140079244287
TCGA:BRCA:TCGA-OL-A5D8-01,BRCA,BRCA,0.9555057627422967,0.003941743494579663,0.00400331377779344,0.03654917998533009
TCGA:BRCA:TCGA-OL-A5DA-01,BRCA,BRCA,0.9979788378974959,0.0003318527843023545,0.00026561539756578094,0.0014236939206360892
TCGA:BRCA:TCGA-OL-A5RU-01,BRCA,BRCA,0.9957949461599683,0.001605848710663867,0.0007404373908650965,0.001858767738502766
TCGA:BRCA:TCGA-OL-A5RV-01,BRCA,BRCA,0.9905065330234685,0.0008177598790321809,0.0016070547959934941,0.007068652301505998
TCGA:BRCA:TCGA-OL-A5RW-01,BRCA,BRCA,0.9304348320693586,0.029560192837709484,0.03128291707466881,0.008722058018263217
TCGA:BRCA:TCGA-OL-A5RX-01,BRCA,BRCA,0.9977414732020761,0.00019752018770428182,0.0005446460850172363,0.0015163605252024833
TCGA:BRCA:TCGA-OL-A5RY-01,BRCA,BRCA,0.5650872442570573,0.013602798867993869,0.053242928951043565,0.36806702792390544
TCGA:BRCA:TCGA-OL-A5RZ-01,BRCA,BRCA,0.9645936532910363,0.0017724332439183737,0.014759802338374485,0.018874111126670826
TCGA:BRCA:TCGA-OL-A5S0-01,BRCA,BRCA,0.9730485252871226,0.008080803475419463,0.009446285749879298,0.009424385487578622
TCGA:BRCA:TCGA-OL-A66H-01,BRCA,BRCA,0.9954277776498598,0.0003489921799455538,0.0016706571757835553,0.0025525729944111636
TCGA:BRCA:TCGA-OL-A66I-01,BRCA,BRCA,0.8830012438250964,0.004214080035564264,0.024805811175271385,0.08797886496406794
TCGA:BRCA:TCGA-OL-A66J-01,BRCA,BRCA,0.9963531394151897,0.0002619534463775144,0.000419643503823945,0.0029652636346089553
TCGA:BRCA:TCGA-OL-A66K-01,BRCA,BRCA,0.9953880755920801,0.0005769846491806096,0.0012220689726975033,0.0028128707860416865
TCGA:BRCA:TCGA-OL-A66L-01,BRCA,BRCA,0.9938514635305539,0.002112460091877069,0.001223936551631594,0.0028121398259374772
TCGA:BRCA:TCGA-OL-A66N-01,BRCA,BRCA,0.9951766467594505,0.00059439289059519,0.0005128369685362037,0.003716123381418109
TCGA:BRCA:TCGA-OL-A66O-01,BRCA,BRCA,0.9722070596326641,0.011496150567289544,0.008252889788244202,0.008043900011802321
TCGA:BRCA:TCGA-OL-A66P-01,BRCA,BRCA,0.7486003289843088,0.05343995553554594,0.11493314553309654,0.0830265699470487
TCGA:BRCA:TCGA-OL-A6VO-01,BRCA,BRCA,0.9831422040930642,0.005121249324891255,0.0052316935321177465,0.006504853049927094
TCGA:BRCA:TCGA-OL-A6VQ-01,BRCA,BRCA,0.9979995161979975,0.00047221973166933055,0.0003215086387117926,0.0012067554316214752
TCGA:BRCA:TCGA-OL-A6VR-01,BRCA,BRCA,0.9934934894447477,0.0008015156398069929,0.0012461643934867084,0.004458830521958553
TCGA:BRCA:TCGA-OL-A97C-01,BRCA,BRCA,0.9943207549973404,0.0005301639800303676,0.0010461142265380942,0.004102966796090962
TCGA:BRCA:TCGA-PE-A5DC-01,BRCA,BRCA,0.9969226814763567,0.0006144528722916195,0.0005462749509570582,0.0019165907003945639
TCGA:BRCA:TCGA-PE-A5DD-01,BRCA,BRCA,0.9980736889277159,0.0007734110728193975,0.0005427960452969253,0.0006101039541676942
TCGA:BRCA:TCGA-PE-A5DE-01,BRCA,BRCA,0.9907750346313259,0.0014746132795210648,0.004222677260802217,0.0035276748283508182
TCGA:BRCA:TCGA-PL-A8LV-01,BRCA,BRCA,0.6938139316890599,0.03610140285207531,0.13246066920740723,0.13762399625145752
TCGA:BRCA:TCGA-PL-A8LX-01,BRCA,BRCA,0.9968363293584435,0.00039262268551667996,0.0012537226484347532,0.0015173253076051908
TCGA:BRCA:TCGA-PL-A8LY-01,BRCA,BRCA,0.9078080244687934,0.025071199140043077,0.03299893055346502,0.03412184583769857
TCGA:BRCA:TCGA-PL-A8LZ-01,BRCA,BRCA,0.7791815488393771,0.002107614163641125,0.052418995447282256,0.1662918415496998
TCGA:BRCA:TCGA-S3-A6ZF-01,BRCA,BRCA,0.9975244641112003,0.00021514402573393588,0.0004936383000148344,0.0017667535630508592
TCGA:BRCA:TCGA-S3-A6ZG-01,BRCA,BRCA,0.9906138699465662,0.0011709829839000499,0.003899251503067975,0.004315895566465746
TCGA:BRCA:TCGA-S3-A6ZH-01,BRCA,BRCA,0.9821844077510811,0.0009427738001972632,0.010174162072009739,0.006698656376711963
TCGA:BRCA:TCGA-S3-AA0Z-01,BRCA,BRCA,0.9755090524193235,0.006365142766676249,0.010195905584580287,0.007929899229419977
TCGA:BRCA:TCGA-S3-AA10-01,BRCA,BRCA,0.4821858034241354,0.06427805110337252,0.24106966241683161,0.21246648305566043
TCGA:BRCA:TCGA-S3-AA11-01,BRCA,BRCA,0.9943020811898725,0.0005195803065598819,0.0012844225223860172,0.0038939159811816454
TCGA:BRCA:TCGA-S3-AA12-01,BRCA,BRCA,0.9976300178129152,0.00042353895253949807,0.0007552684533910524,0.0011911747811542217
TCGA:BRCA:TCGA-S3-AA14-01,BRCA,BRCA,0.997486623900682,0.00036953966422840156,0.0008234461995673485,0.0013203902355222934
TCGA:BRCA:TCGA-S3-AA15-01,BRCA,BRCA,0.6561047729613986,0.014891123851852681,0.26058983642517025,0.06841426676157857
TCGA:BRCA:TCGA-S3-AA17-01,BRCA,BRCA,0.9929363661657321,0.000845651823980694,0.004067082687491026,0.002150899322796418
TCGA:BRCA:TCGA-UL-AAZ6-01,BRCA,BRCA,0.9925226375286896,0.001299142916073607,0.002996140821870235,0.0031820787333663872
TCGA:BRCA:TCGA-UU-A93S-01,BRCA,BRCA,0.9447991251164345,0.007990938644682458,0.017672498071849306,0.029537438167033817
TCGA:BRCA:TCGA-V7-A7HQ-01,BRCA,BRCA,0.9963268757716516,0.0020770368009723488,0.000432111786927607,0.0011639756404486221
TCGA:BRCA:TCGA-W8-A86G-01,BRCA,BRCA,0.9863344307254646,0.0022790234290866124,0.0029765714941768244,0.008409974351271925
TCGA:BRCA:TCGA-WT-AB41-01,BRCA,BRCA,0.990220572398189,0.0032540313513313214,0.0012780563685540296,0.005247339881925679
TCGA:BRCA:TCGA-WT-AB44-01,BRCA,BRCA,0.9821933475749058,0.0015344813449252113,0.004560787870775048,0.011711383209393954
TCGA:BRCA:TCGA-XX-A899-01,BRCA,BRCA,0.9979838626350089,0.00015830053080561246,0.00032254985606968453,0.0015352869781159865
TCGA:BRCA:TCGA-XX-A89A-01,BRCA,BRCA,0.9665692518433419,0.0026029455494119905,0.005298319885383559,0.025529482721862565
TCGA:BRCA:TCGA-Z7-A8R5-01,BRCA,BRCA,0.9846371994048064,0.004287640037149077,0.005743139529402723,0.005332021028641825
TCGA:BRCA:TCGA-Z7-A8R6-01,BRCA,BRCA,0.9939107418631844,0.0017462594455107867,0.002717616404963633,0.001625382286341258
TCGA:LUAD:TCGA-05-4244-01,LUAD,LUAD,0.0002714641465870936,0.0001568289833319408,0.004525851320852408,0.9950458555492285
TCGA:LUAD:TCGA-05-4249-01,LUAD,LUAD,0.02388961373910865,0.0015725969812917127,0.016814955390069886,0.9577228338895297
TCGA:LUAD:TCGA-05-4250-01,LUAD,LUAD,0.0028289949990526813,0.0018130324281590974,0.015610602595258516,0.9797473699775298
TCGA:LUAD:TCGA-05-4382-01,LUAD,LUAD,0.01570838773645774,0.00050888948178566,0.009630019891600727,0.9741527028901558
TCGA:LUAD:TCGA-05-4384-01,LUAD,LUAD,0.0018078652306183962,0.00031745605377050924,0.006018459574678676,0.9918562191409325
TCGA:LUAD:TCGA-05-4389-01,LUAD,LUAD,0.00377046943202936,0.0009243168362505819,0.015238690917262503,0.9800665228144575
TCGA:LUAD:TCGA-05-4390-01,LUAD,LUAD,0.02908600726634403,0.004062384835692903,0.03210271694000074,0.9347488909579623
TCGA:LUAD:TCGA-05-4395-01,LUAD,LUAD,0.007670588557070606,0.004349891032819163,0.04713772134332283,0.9408417990667873
TCGA:LUAD:TCGA-05-4396-01,LUAD,LUAD,0.00882531682282284,0.0009341983983340021,0.01402394972680701,0.9762165350520361
TCGA:LUAD:TCGA-05-4397-01,LUAD,BRCA,0.5365765954801492,0.007893640681185225,0.1508418218436095,0.3046879419950561
TCGA:LUAD:TCGA-05-4398-01,LUAD,LUAD,0.0017853597412600655,0.000908652979401741,0.0098054919630365,0.9875004953163017
TCGA:LUAD:TCGA-05-4402-01,LUAD,LUAD,0.010094226097533666,0.002466142203549319,0.021352709299242215,0.9660869223996748
TCGA:LUAD:TCGA-05-4403-01,LUAD,LUAD,0.008530039031931636,0.002241124029545218,0.008389737231758851,0.9808390997067643
TCGA:LUAD:TCGA-05-4405-01,LUAD,LUAD,0.014299834494347836,0.0011257546225134879,0.0023825849305460383,0.9821918259525927
TCGA:LUAD:TCGA-05-4410-01,LUAD,LUAD,0.00785668204308403,0.0005375442634452946,0.009346731199759985,0.9822590424937108
TCGA:LUAD:TCGA-05-4415-01,LUAD,LUAD,0.01169990170746094,0.011417436758175869,0.03984764781979839,0.9370350137145648
TCGA:LUAD:TCGA-05-4417-01,LUAD,LUAD,0.005049690066779633,0.001025320357977312,0.009598543120290202,0.9843264464549528
TCGA:LUAD:TCGA-05-4418-01,LUAD,LUAD,0.0029928525778879006,0.005335153830989859,0.05045645937100193,0.9412155342201203
TCGA:LUAD:TCGA-05-4420-01,LUAD,LUAD,0.06288960495666775,0.0032419183876857176,0.010488477828971412,0.9233799988266751
TCGA:LUAD:TCGA-05-4422-01,LUAD,LUAD,0.004209329159467815,0.0003034437086549037,0.005687661332417023,0.9897995657994602
TCGA:LUAD:TCGA-05-4424-01,LUAD,LUAD,0.04115470251772411,0.0004951044257712928,0.008186049004507704,0.950164144051997
TCGA:LUAD:TCGA-05-4425-01,LUAD,LUAD,0.0023605843936906415,0.001123325855148561,0.0153859429687275,0.9811301467824334
TCGA:LUAD:TCGA-05-4426-01,LUAD,LUAD,0.005835762309718194,0.0009826057625812817,0.015533115709978186,0.9776485162177224
TCGA:LUAD:TCGA-05-4427-01,LUAD,LUAD,0.10282483304206053,0.004278894272857478,0.02887881324364961,0.8640174594414324
TCGA:LUAD:TCGA-05-4430-01,LUAD,LUAD,0.0012191818773587498,0.0008412142980421565,0.006153639858631437,0.9917859639659677
TCGA:LUAD:TCGA-05-4432-01,LUAD,LUAD,0.03386998325202456,0.0014934827599870349,0.01191413128769005,0.9527224027002984
TCGA:LUAD:TCGA-05-4433-01,LUAD,LUAD,0.02379060529766081,0.001590379377354484,0.008803867809660642,0.965815147515324
TCGA:LUAD:TCGA-05-4434-01,LUAD,LUAD,0.00622937957921188,0.009254842129124372,0.11327750228523097,0.8712382760064327
TCGA:LUAD:TCGA-05-5423-01,LUAD,LUAD,0.0034236950478121705,0.0002468247268871173,0.005210290129199544,0.991119190096101
TCGA:LUAD:TCGA-05-5425-01,LUAD,LUAD,0.015091763344087286,0.0013221063659322467,0.036434255800138066,0.9471518744898424
TCGA:LUAD:TCGA-05-5428-01,LUAD,LUAD,0.004118560525904762,0.0015826424703058032,0.049654368586710435,0.944644428417079
TCGA:LUAD:TCGA-05-5429-01,LUAD,LUAD,0.0021935818457077105,0.0012167666656191312,0.00574981109048693,0.9908398403981862
TCGA:LUAD:TCGA-05-5715-01,LUAD,LUAD,0.004604296467732503,0.0012844673532797415,0.005887754269055312,0.9882234819099325
TCGA:LUAD:TCGA-35-3615-01,LUAD,LUAD,0.0008609834936143787,0.00043678530820903536,0.0035338331959558493,0.9951683980022208
TCGA:LUAD:TCGA-35-4122-01,LUAD,LUAD,0.01829964336483523,0.009865767850981826,0.11783592392406557,0.8539986648601173
TCGA:LUAD:TCGA-35-4123-01,LUAD,LUAD,0.0136088441248594,0.002690803625427223,0.04487949532806914,0.9388208569216443
TCGA:LUAD:TCGA-35-5375-01,LUAD,LSCC,0.023752973747446764,0.020680387187428838,0.853478248562038,0.10208839050308627
TCGA:LUAD:TCGA-38-4625-01,LUAD,BRCA,0.7128017195600062,0.016877533512914523,0.17456811861413124,0.095752628312948
TCGA:LUAD:TCGA-38-4626-01,LUAD,LUAD,0.0033583540558410705,0.0009456356401838688,0.008172059330119035,0.987523950973856
TCGA:LUAD:TCGA-38-4627-01,LUAD,LUAD,0.0208845019522489,0.0023918332260271825,0.08635106217117462,0.8903726026505492
TCGA:LUAD:TCGA-38-4628-01,LUAD,LUAD,0.02623082438266681,0.0012606217466160153,0.019299004217675386,0.9532095496530418
TCGA:LUAD:TCGA-38-4631-01,LUAD,LUAD,0.016727635552983823,0.016380971326640216,0.42700446724464003,0.5398869258757361
TCGA:LUAD:TCGA-38-4632-01,LUAD,LUAD,0.0068393876290599,0.00803871425206264,0.030193124285090012,0.9549287738337875
TCGA:LUAD:TCGA-38-6178-01,LUAD,LUAD,0.057997012533887594,0.0005666455410837205,0.01229824394357339,0.9291380979814553
TCGA:LUAD:TCGA-38-7271-01,LUAD,LUAD,0.21788735300190465,0.0032502163282593045,0.26583580435764187,0.5130266263121942
TCGA:LUAD:TCGA-38-A44F-01,LUAD,LUAD,0.008632760791367539,0.0019452003144736394,0.008680022002315498,0.9807420168918434
TCGA:LUAD:TCGA-44-2655-01,LUAD,LUAD,0.0032318761588520715,0.0006664454826000398,0.003143534361624798,0.9929581439969231
TCGA:LUAD:TCGA-44-2656-01,LUAD,LUAD,0.003216792252424613,0.0003838433853987345,0.012485737408815143,0.9839136269533615
TCGA:LUAD:TCGA-44-2657-01,LUAD,LUAD,0.2851451736644475,0.0031414524967000473,0.07258712152783238,0.63912625231102
TCGA:LUAD:TCGA-44-2659-01,LUAD,LUAD,0.00457378829935697,0.0001674218191561848,0.0018004928317688835,0.993458297049718
TCGA:LUAD:TCGA-44-2662-01,LUAD,LUAD,0.3112967442222142,0.00399549666593141,0.053997765110795584,0.6307099940010589
TCGA:LUAD:TCGA-44-2665-01,LUAD,LUAD,0.0012928280843588118,0.000454034030878835,0.006238841793173966,0.9920142960915885
TCGA:LUAD:TCGA-44-2666-01,LUAD,LUAD,0.009192258043224487,0.0011912900980793923,0.007978575728018134,0.9816378761306781
TCGA:LUAD:TCGA-44-2668-01,LUAD,LUAD,0.028158316869952776,0.014157479358218544,0.23064725510758538,0.7270369486642433
TCGA:LUAD:TCGA-44-3396-01,LUAD,LUAD,0.01910036238493748,0.0037523634638696166,0.07986328005330358,0.8972839940978893
TCGA:LUAD:TCGA-44-3398-01,LUAD,LUAD,0.004299413482846939,0.0015511893034399254,0.031039008728825757,0.9631103884848873
TCGA:LUAD:TCGA-44-3918-01,LUAD,LUAD,0.06389665240695896,0.003300641263347575,0.08843491626783069,0.8443677900618627
TCGA:LUAD:TCGA-44-3919-01,LUAD,LUAD,0.00822880156808331,0.00023847727460736415,0.005350890298781337,0.9861818308585281
TCGA:LUAD:TCGA-44-4112-01,LUAD,LUAD,0.004203815782721369,0.0005457232314300802,0.003049090771054387,0.9922013702147943
TCGA:LUAD:TCGA-44-5643-01,LUAD,LSCC,0.012222270114248776,0.044013084409075046,0.935534802434452,0.008229843042224237
TCGA:LUAD:TCGA-44-5644-01,LUAD,LUAD,0.01396183887188606,0.0027745310922545467,0.10552566275365911,0.8777379672822002
TCGA:LUAD:TCGA-44-5645-01,LUAD,LUAD,0.0968805509289025,0.003155039008076657,0.04702859857232619,0.8529358114906946
TCGA:LUAD:TCGA-44-6145-01,LUAD,LUAD,0.004965143314948193,0.000451841937833106,0.014267102670977756,0.980315912076241
TCGA:LUAD:TCGA-44-6146-01,LUAD,LUAD,0.029343352480636232,0.00568805686448882,0.00868886179296757,0.9562797288619074
TCGA:LUAD:TCGA-44-6148-01,LUAD,LUAD,0.16151370980283983,0.03941941344136868,0.0461759917777796,0.752890884978012
TCGA:LUAD:TCGA-44-6774-01,LUAD,LUAD,0.06332756170166591,0.0015196436059777823,0.031038281355808755,0.9041145133365476
TCGA:LUAD:TCGA-44-6775-01,LUAD,LUAD,0.03650256150431211,0.0009468365355356807,0.014553338123944345,0.9479972638362079
TCGA:LUAD:TCGA-44-6776-01,LUAD,LUAD,0.013202285931019232,0.0034062828318427284,0.0052547428511447065,0.9781366883859934
TCGA:LUAD:TCGA-44-6777-01,LUAD,LUAD,0.12002405727526506,0.002801508104000218,0.10432662835306582,0.7728478062676689
TCGA:LUAD:TCGA-44-6778-01,LUAD,LUAD,0.10853982183821216,0.0025904505920671932,0.09514943872069825,0.7937202888490225
TCGA:LUAD:TCGA-44-6779-01,LUAD,LUAD,0.08662752822328837,0.013843459119022381,0.0931997420010561,0.8063292706566332
TCGA:LUAD:TCGA-44-7659-01,LUAD,LUAD,0.011540013979503334,0.001629834617465252,0.010231490129594187,0.9765986612734372
TCGA:LUAD:TCGA-44-7660-01,LUAD,LSCC,0.20350007572761322,0.014785318564861103,0.6922639464551025,0.0894506592524233
TCGA:LUAD:TCGA-44-7661-01,LUAD,LUAD,0.00841149496978097,0.008025176614586094,0.034689017682601075,0.948874310733032
TCGA:LUAD:TCGA-44-7662-01,LUAD,LUAD,0.022717989730307375,0.0016273253641830479,0.053095416532760065,0.9225592683727496
TCGA:LUAD:TCGA-44-7667-01,LUAD,LSCC,0.2003979364948614,0.04805735469676382,0.3930414199206227,0.358503288887752
TCGA:LUAD:TCGA-44-7669-01,LUAD,LUAD,0.30502443290012554,0.0044424643631895,0.3392619968706616,0.35127110586602334
TCGA:LUAD:TCGA-44-7670-01,LUAD,LUAD,0.013019471484506596,0.007241261028619672,0.2110741596511084,0.7686651078357654
TCGA:LUAD:TCGA-44-7671-01,LUAD,LUAD,0.01295398797812565,0.00046432751846623956,0.002902906982304345,0.9836787775211038
TCGA:LUAD:TCGA-44-7672-01,LUAD,LUAD,0.009522698398929925,0.0017549251887541118,0.0184898814723063,0.9702324949400097
TCGA:LUAD:TCGA-44-8117-01,LUAD,LUAD,0.014132312284388509,0.000916024317845043,0.0015084430069261196,0.9834432203908403
TCGA:LUAD:TCGA-44-8119-01,LUAD,LUAD,0.07042545659141321,0.0037237094283691257,0.08107597575263881,0.8447748582275788
TCGA:LUAD:TCGA-44-8120-01,LUAD,LUAD,0.0020702927302370796,0.00022913806186214972,0.001114563440783264,0.9965860057671175
TCGA:LUAD:TCGA-44-A479-01,LUAD,LUAD,0.009545151856940578,0.0017231400414129407,0.1286909179861326,0.8600407901155139
TCGA:LUAD:TCGA-44-A47A-01,LUAD,LUAD,0.001616093699289147,0.0005487662259889307,0.008288388060893612,0.9895467520138282
TCGA:LUAD:TCGA-44-A47B-01,LUAD,LUAD,0.019398124324902573,0.004214649541657003,0.009717473433545192,0.9666697526998953
TCGA:LUAD:TCGA-44-A47G-01,LUAD,LUAD,0.0005087321443397744,0.00045655252665036057,0.013061088454943966,0.985973626874066
TCGA:LUAD:TCGA-44-A4SS-01,LUAD,LUAD,0.0016910152040059648,0.0018482152179063673,0.03061678510701236,0.9658439844710753
TCGA:LUAD:TCGA-44-A4SU-01,LUAD,LUAD,0.02560276845787801,0.001503966534556294,0.01070580215252831,0.9621874628550375
TCGA:LUAD:TCGA-49-4486-01,LUAD,LUAD,0.005268498310242079,0.0012939737046685018,0.002687895793859082,0.9907496321912304
TCGA:LUAD:TCGA-49-4487-01,LUAD,LUAD,0.22128444425648225,0.002631039071966633,0.026599553074904653,0.7494849635966464
TCGA:LUAD:TCGA-49-4488-01,LUAD,LUAD,0.00833042313672548,0.004216772414391441,0.017091507980692026,0.9703612964681911
TCGA:LUAD:TCGA-49-4490-01,LUAD,LUAD,0.02422054529876624,0.004976837496313808,0.022565313027690163,0.9482373041772297
TCGA:LUAD:TCGA-49-4494-01,LUAD,LUAD,0.038332157090482,0.013339909229950998,0.09581962276464291,0.852508310914924
TCGA:LUAD:TCGA-49-4501-01,LUAD,LUAD,0.018986278686663756,0.006864124273199634,0.029855893520097168,0.9442937035200394
TCGA:LUAD:TCGA-49-4505-01,LUAD,LUAD,0.0060496818828448765,0.0007870416615090763,0.012575883228320697,0.9805873932273254
TCGA:LUAD:TCGA-49-4506-01,LUAD,LUAD,0.04291879115677116,0.03865539221192681,0.09321620853291636,0.8252096080983857
TCGA:LUAD:TCGA-49-4507-01,LUAD,LUAD,0.013243966946158328,0.007675411722500412,0.05474153753908802,0.9243390837922532
TCGA:LUAD:TCGA-49-4510-01,LUAD,LUAD,0.20091312867857647,0.0029119401313705646,0.027680499503771216,0.7684944316862817
TCGA:LUAD:TCGA-49-4512-01,LUAD,LUAD,0.026080867740585063,0.0031520562950052297,0.014918293667568182,0.9558487822968416
TCGA:LUAD:TCGA-49-4514-01,LUAD,LUAD,0.05658128871061865,0.01131163946757115,0.16239934451292773,0.7697077273088824
TCGA:LUAD:TCGA-49-6742-01,LUAD,LUAD,0.016930888420116575,0.011844758105970495,0.04094927320223849,0.9302750802716744
TCGA:LUAD:TCGA-49-6743-01,LUAD,LUAD,0.01195203270088724,0.005588596669594474,0.04436528691442502,0.9380940837150933
TCGA:LUAD:TCGA-49-6744-01,LUAD,LUAD,0.005735464735484751,0.0005085892518475735,0.008310859212898737,0.9854450867997688
TCGA:LUAD:TCGA-49-6745-01,LUAD,LUAD,0.016889674293204166,0.0049120895586848776,0.08100639146700933,0.8971918446811016
TCGA:LUAD:TCGA-49-6761-01,LUAD,LUAD,0.41780316543000695,0.0047578466493829775,0.027194792634160695,0.5502441952864494
TCGA:LUAD:TCGA-49-6767-01,LUAD,LUAD,0.06056795265954771,0.011720330392396474,0.07864813658162477,0.849063580366431
TCGA:LUAD:TCGA-49-AAQV-01,LUAD,LUAD,0.011891937571426882,0.0014496082196277633,0.05406210272410536,0.9325963514848399
TCGA:LUAD:TCGA-49-AAR0-01,LUAD,LUAD,0.08432042352602756,0.006155000002054369,0.028037412380481134,0.8814871640914369
TCGA:LUAD:TCGA-49-AAR2-01,LUAD,LUAD,0.012983006661906975,0.003929199566035167,0.07626644457007382,0.906821349201984
TCGA:LUAD:TCGA-49-AAR3-01,LUAD,LUAD,0.03163051312791245,0.019948203698819878,0.15972655436791197,0.7886947288053557
TCGA:LUAD:TCGA-49-AAR4-01,LUAD,LUAD,0.014676325284038652,0.010322167621753975,0.08946858021805573,0.8855329268761517
TCGA:LUAD:TCGA-49-AAR9-01,LUAD,LUAD,0.04080556343148215,0.016312692579606144,0.14145181145609623,0.8014299325328155
TCGA:LUAD:TCGA-49-AARE-01,LUAD,LUAD,0.05071883745370606,0.014663341750330629,0.26355973445092756,0.6710580863450357
TCGA:LUAD:TCGA-49-AARN-01,LUAD,LUAD,0.009968450331065477,0.0008190587044680112,0.004942285062573537,0.984270205901893
TCGA:LUAD:TCGA-49-AARO-01,LUAD,LUAD,0.02075877162609192,0.002638294637101388,0.017277324743803814,0.9593256089930028
TCGA:LUAD:TCGA-49-AARQ-01,LUAD,LUAD,0.1991601723084888,0.022993884245363666,0.13521886570893202,0.6426270777372155
TCGA:LUAD:TCGA-49-AARR-01,LUAD,LUAD,0.06291070882093268,0.023682585437958023,0.03713501671477013,0.8762716890263392
TCGA:LUAD:TCGA-4B-A93V-01,LUAD,LUAD,0.015049685506407135,0.00460459719075245,0.0637899412645236,0.9165557760383168
TCGA:LUAD:TCGA-50-5044-01,LUAD,LUAD,0.19114626086741274,0.06793770174280787,0.04173564647436939,0.6991803909154101
TCGA:LUAD:TCGA-50-5045-01,LUAD,LUAD,0.013688469143723257,0.001740295873919214,0.051500062968987056,0.9330711720133705
TCGA:LUAD:TCGA-50-5049-01,LUAD,LUAD,0.09115860670119154,0.00887242015337493,0.11996089730603614,0.7800080758393974
TCGA:LUAD:TCGA-50-5051-01,LUAD,LUAD,0.007249616541459107,0.0006801940833981465,0.007173214795376908,0.9848969745797659
TCGA:LUAD:TCGA-50-5055-01,LUAD,LUAD,0.04747609427559968,0.0013567222042340143,0.0207739925214079,0.9303931909987585
TCGA:LUAD:TCGA-50-5066-01,LUAD,LUAD,0.04259246484943666,0.014292167340562696,0.24598240023661325,0.6971329675733874
TCGA:LUAD:TCGA-50-5068-01,LUAD,LUAD,0.014974776358838749,0.0013899969957461686,0.04137439193574078,0.9422608347096743
TCGA:LUAD:TCGA-50-5072-01,LUAD,LUAD,0.01494315961741194,0.009928196823664224,0.1416351466340715,0.8334934969248523
TCGA:LUAD:TCGA-50-5930-01,LUAD,LUAD,0.014234290751066287,0.0010370646315689424,0.026808451782714408,0.9579201928346504
TCGA:LUAD:TCGA-50-5931-01,LUAD,LSCC,0.0296897044120526,0.005930936826951075,0.9566787522803404,0.007700606480656059
TCGA:LUAD:TCGA-50-5932-01,LUAD,LUAD,0.005663515327778549,0.0010016467326511816,0.0027259982712915893,0.9906088396682787
TCGA:LUAD:TCGA-50-5933-01,LUAD,LUAD,0.44903180326507847,0.006125632442637961,0.0672198877845849,0.47762267650769874
TCGA:LUAD:TCGA-50-5935-01,LUAD,LUAD,0.001330924304284087,0.00018726171231091398,0.0035032719370509443,0.9949785420463542
TCGA:LUAD:TCGA-50-5936-01,LUAD,LUAD,0.01603805199092453,0.008929808668784253,0.036726099633108536,0.9383060397071827
TCGA:LUAD:TCGA-50-5939-01,LUAD,LUAD,0.003979014644327139,0.006041776680496774,0.024544316549174734,0.9654348921260013
TCGA:LUAD:TCGA-50-5941-01,LUAD,LUAD,0.11270196874477048,0.007334328191173293,0.07955956153866178,0.8004041415253945
TCGA:LUAD:TCGA-50-5942-01,LUAD,LUAD,0.036456492554995085,0.0011551893836341393,0.01527090979309521,0.9471174082682756
TCGA:LUAD:TCGA-50-5944-01,LUAD,LUAD,0.022470656791963965,0.0008388951030929629,0.0022780136964481597,0.9744124344084949
TCGA:LUAD:TCGA-50-5946-01,LUAD,LUAD,0.02013088592682934,0.0034860015786326577,0.0430028916104321,0.9333802208841058
TCGA:LUAD:TCGA-50-6590-01,LUAD,LUAD,0.3036584848876665,0.013176043599370168,0.18049056968790034,0.502674901825063
TCGA:LUAD:TCGA-50-6591-01,LUAD,BRCA,0.818746892172653,0.005985817574878137,0.06307431126948647,0.11219297898298242
TCGA:LUAD:TCGA-50-6592-01,LUAD,LUAD,0.0014111962751243348,0.0023141556340889676,0.031115994729615782,0.965158653361171
TCGA:LUAD:TCGA-50-6593-01,LUAD,LUAD,0.004409704528227833,0.0009121189332134963,0.015585540260114892,0.9790926362784439
TCGA:LUAD:TCGA-50-6594-01,LUAD,LUAD,0.018412654044886137,0.009322156660285727,0.09244149207894077,0.8798236972158874
TCGA:LUAD:TCGA-50-6595-01,LUAD,LUAD,0.15795030330475035,0.026680018796462427,0.21815188977210873,0.5972177881266786
TCGA:LUAD:TCGA-50-6597-01,LUAD,LUAD,0.11471706411318358,0.007280730082299606,0.010467869298602087,0.8675343365059148
TCGA:LUAD:TCGA-50-6673-01,LUAD,LUAD,0.02323861678140577,0.0049565978476617915,0.01293230340223444,0.958872481968698
TCGA:LUAD:TCGA-50-7109-01,LUAD,LUAD,0.03944390941646772,0.00214457423845459,0.030993916906605485,0.9274175994384722
TCGA:LUAD:TCGA-50-8457-01,LUAD,LUAD,0.011805670961023041,0.0021834099542634685,0.03968047998932758,0.946330439095386
TCGA:LUAD:TCGA-50-8459-01,LUAD,LUAD,0.04630075197386207,0.0044404934138557745,0.012628628145130508,0.9366301264671517
TCGA:LUAD:TCGA-50-8460-01,LUAD,LUAD,0.003308012883664639,0.0017950554383626268,0.011038816876053964,0.9838581148019188
TCGA:LUAD:TCGA-53-7624-01,LUAD,LUAD,0.23474253394192482,0.012419543465803658,0.0957846973877021,0.6570532252045693
TCGA:LUAD:TCGA-53-7626-01,LUAD,LUAD,0.026239965263151165,0.0012267694096851055,0.008124201669107002,0.9644090636580568
TCGA:LUAD:TCGA-53-7813-01,LUAD,LUAD,0.015226020642576974,0.00024886194235330874,0.0038905414762852343,0.9806345759387846
TCGA:LUAD:TCGA-53-A4EZ-01,LUAD,LUAD,0.003903122663804112,0.001988974649745439,0.026190499960215073,0.9679174027262353
TCGA:LUAD:TCGA-55-1592-01,LUAD,LUAD,0.011655278518579662,0.0001880772440610933,0.002743963146183475,0.9854126810911756
TCGA:LUAD:TCGA-55-1594-01,LUAD,LUAD,0.01209397743085405,0.0009438738577488769,0.16706299483826179,0.8198991538731352
TCGA:LUAD:TCGA-55-1595-01,LUAD,LUAD,0.0802161708544171,0.0024869907536945327,0.0166736889290076,0.9006231494628807
TCGA:LUAD:TCGA-55-1596-01,LUAD,LUAD,0.03504272426343141,0.005125500065598782,0.13193986977589972,0.8278919058950701
TCGA:LUAD:TCGA-55-5899-01,LUAD,LUAD,0.017167264770810833,0.004887636818705561,0.0760707936064672,0.9018743048040164
TCGA:LUAD:TCGA-55-6543-01,LUAD,LUAD,0.015382828362292038,0.0009004822816553171,0.019843185913482768,0.9638735034425698
TCGA:LUAD:TCGA-55-6642-01,LUAD,LUAD,0.010233249748596514,0.0006906780872042683,0.013200365774151492,0.9758757063900477
TCGA:LUAD:TCGA-55-6712-01,LUAD,LUAD,0.1572497342358562,0.006114608913010789,0.06661728562067669,0.7700183712304564
TCGA:LUAD:TCGA-55-6968-01,LUAD,LUAD,0.26186867291917704,0.009282090187199828,0.20027905933950496,0.5285701775541182
TCGA:LUAD:TCGA-55-6969-01,LUAD,LUAD,0.268248416398258,0.001564179436757531,0.3443632007647481,0.38582420340023643
TCGA:LUAD:TCGA-55-6970-01,LUAD,LUAD,0.008572735562244816,0.0024892297825875303,0.034563992140911555,0.9543740425142562
TCGA:LUAD:TCGA-55-6971-01,LUAD,LUAD,0.012408269142983964,0.0011662434815722937,0.03154616714659931,0.9548793202288444
TCGA:LUAD:TCGA-55-6972-01,LUAD,LUAD,0.25679233250899997,0.006156900442393936,0.02425330734496164,0.7127974597036444
TCGA:LUAD:TCGA-55-6975-01,LUAD,LUAD,0.03001413176579264,0.003909036419896597,0.05341019865003865,0.9126666331642721
TCGA:LUAD:TCGA-55-6978-01,LUAD,LUAD,0.02750616842044518,0.0019258845464548795,0.013962209552790261,0.9566057374803097
TCGA:LUAD:TCGA-55-6979-01,LUAD,LUAD,0.055185360633162095,0.002584935545828556,0.07343108029398838,0.868798623527021
TCGA:LUAD:TCGA-55-6980-01,LUAD,LUAD,0.0319394801931919,0.004162655702289978,0.009965571568693299,0.9539322925358248
TCGA:LUAD:TCGA-55-6981-01,LUAD,LUAD,0.0030616732592153,0.0004182779294248203,0.002681987561678531,0.9938380612496814
TCGA:LUAD:TCGA-55-6982-01,LUAD,LUAD,0.002138638740056678,0.002229723488196317,0.00704810360936174,0.9885835341623852
TCGA:LUAD:TCGA-55-6983-01,LUAD,LUAD,0.032098762288163024,0.0009806168152501646,0.005383167460400504,0.9615374534361864
TCGA:LUAD:TCGA-55-6984-01,LUAD,LUAD,0.006364246955536844,0.003281710577449953,0.009834816574584185,0.9805192258924289
TCGA:LUAD:TCGA-55-6985-01,LUAD,LUAD,0.008123097317392039,0.0017491467899669964,0.02358229620358395,0.9665454596890569
TCGA:LUAD:TCGA-55-6986-01,LUAD,LUAD,0.27540562383090883,0.01260613555636375,0.026077767756872348,0.685910472855855
TCGA:LUAD:TCGA-55-6987-01,LUAD,LUAD,0.08169707374268557,0.0010187063825443175,0.06282358883486083,0.8544606310399093
TCGA:LUAD:TCGA-55-7227-01,LUAD,LUAD,0.0032990717730015107,0.0006443546359514054,0.0061335101839405095,0.9899230634071067
TCGA:LUAD:TCGA-55-7281-01,LUAD,LUAD,0.06261380887887563,0.020295398329706373,0.03396993864410965,0.8831208541473083
TCGA:LUAD:TCGA-55-7283-01,LUAD,LUAD,0.017583331494586758,0.002068559328196525,0.016693566596417138,0.9636545425807995
TCGA:LUAD:TCGA-55-7284-01,LUAD,LUAD,0.009849156958691896,0.0007897268471070345,0.002726973738165151,0.9866341424560359
TCGA:LUAD:TCGA-55-7570-01,LUAD,LSCC,0.04968409441857903,0.017112912275963368,0.737320114516961,0.19588287878849675
TCGA:LUAD:TCGA-55-7573-01,LUAD,LUAD,0.04212348541872577,0.0003420598131521733,0.010959435460258729,0.9465750193078634
TCGA:LUAD:TCGA-55-7574-01,LUAD,LUAD,0.04956370204907275,0.001229915787352194,0.015268460165058069,0.933937921998517
TCGA:LUAD:TCGA-55-7576-01,LUAD,LUAD,0.01984367030020778,0.00020407145187804692,0.009182744922462436,0.9707695133254518
TCGA:LUAD:TCGA-55-7724-01,LUAD,LSCC,0.07838929001254084,0.013213571289554409,0.7882081515816622,0.12018898711624261
TCGA:LUAD:TCGA-55-7725-01,LUAD,LUAD,0.02722130121470524,0.00043274049970785944,0.005836148849942951,0.966509809435644
TCGA:LUAD:TCGA-55-7726-01,LUAD,LSCC,0.1563669850850161,0.02114171446930943,0.7208138841580579,0.10167741628761658
TCGA:LUAD:TCGA-55-7727-01,LUAD,LUAD,0.003501568763742994,0.00027642211108097365,0.00984978954383603,0.98637221958134
TCGA:LUAD:TCGA-55-7728-01,LUAD,LUAD,0.02738575021473203,0.036923254588753625,0.04498338754074522,0.8907076076557692
TCGA:LUAD:TCGA-55-7815-01,LUAD,LUAD,0.040973010600392774,0.0006537255103578178,0.009609470415724948,0.9487637934735246
TCGA:LUAD:TCGA-55-7816-01,LUAD,LUAD,0.16371693568519496,0.0035668099631878574,0.051552133018315634,0.7811641213333015
TCGA:LUAD:TCGA-55-7903-01,LUAD,LUAD,0.0400825946160349,0.00280654426239891,0.014245614770753395,0.9428652463508128
TCGA:LUAD:TCGA-55-7907-01,LUAD,LUAD,0.0011591696883385245,0.00022594793190478196,0.0029175066563978656,0.9956973757233587
TCGA:LUAD:TCGA-55-7910-01,LUAD,LUAD,0.019204222626254135,0.0006039924108147849,0.06230637101075991,0.9178854139521712
TCGA:LUAD:TCGA-55-7911-01,LUAD,LUAD,0.0036725294282220888,0.00032434349341958383,0.006745134343793816,0.9892579927345644
TCGA:LUAD:TCGA-55-7913-01,LUAD,LUAD,0.007025260679451646,0.0019098004548740281,0.028292130437399407,0.962772808428275
TCGA:LUAD:TCGA-55-7914-01,LUAD,LUAD,0.00897555992880625,0.0002696166165596911,0.004681902448793626,0.9860729210058403
TCGA:LUAD:TCGA-55-7994-01,LUAD,LUAD,0.03865981600606765,0.004834362643741445,0.05990680040562673,0.8965990209445642
TCGA:LUAD:TCGA-55-7995-01,LUAD,LUAD,0.17162422465947258,0.07076057733002801,0.1949561498496616,0.5626590481608379
TCGA:LUAD:TCGA-55-8085-01,LUAD,LUAD,0.001314761160135028,0.00027481604832094386,0.0036160367857080624,0.9947943860058359
TCGA:LUAD:TCGA-55-8087-01,LUAD,LUAD,0.03706797896508551,0.0007730357295453149,0.006195212560276689,0.9559637727450924
TCGA:LUAD:TCGA-55-8089-01,LUAD,LUAD,0.0062114371578491,0.0010165006872639814,0.05196653974013527,0.9408055224147517
TCGA:LUAD:TCGA-55-8090-01,LUAD,LUAD,0.003236267580561367,0.0014550670257315991,0.008794567375764954,0.986514098017942
TCGA:LUAD:TCGA-55-8091-01,LUAD,LUAD,0.004900400782313283,0.004945265986109407,0.024412985541918533,0.9657413476896588
TCGA:LUAD:TCGA-55-8092-01,LUAD,LUAD,0.19421349385674747,0.0014965525923858521,0.058704944952012436,0.7455850085988542
TCGA:LUAD:TCGA-55-8094-01,LUAD,LUAD,0.016849364872887185,0.004242405429599518,0.07078131790676999,0.9081269117907432
TCGA:LUAD:TCGA-55-8096-01,LUAD,LUAD,0.008158329206660125,0.0005582632264049403,0.03154615915557087,0.959737248411364
TCGA:LUAD:TCGA-55-8097-01,LUAD,LUAD,0.07082623188783722,0.0005346853040685287,0.0062527854593877885,0.9223862973487066
TCGA:LUAD:TCGA-55-8203-01,LUAD,LUAD,0.0037789637235807953,0.00029774794904480786,0.003539141386922537,0.9923841469404519
TCGA:LUAD:TCGA-55-8204-01,LUAD,LSCC,0.0027136080893132397,0.03484268879888077,0.9539726283433533,0.008471074768452675
TCGA:LUAD:TCGA-55-8205-01,LUAD,LUAD,0.04046241171941647,0.006782679528834461,0.12079408161059166,0.8319608271411575
TCGA:LUAD:TCGA-55-8206-01,LUAD,LUAD,0.02156378384209052,0.0016196793755708595,0.02609836278714288,0.9507181739951958
TCGA:LUAD:TCGA-55-8207-01,LUAD,LUAD,0.0032569169543964814,0.00022004817443915166,0.007606244977309657,0.9889167898938546
TCGA:LUAD:TCGA-55-8208-01,LUAD,LUAD,0.005888670206912055,0.006162646398738593,0.051578585577058814,0.9363700978172905
TCGA:LUAD:TCGA-55-8299-01,LUAD,LUAD,0.006059392147578417,0.00025874593755113466,0.013255305137859759,0.9804265567770107
TCGA:LUAD:TCGA-55-8301-01,LUAD,LUAD,0.03353935806162284,0.002439602032519952,0.07990511858439686,0.8841159213214603
TCGA:LUAD:TCGA-55-8302-01,LUAD,LUAD,0.002420162412938691,0.003996176193843011,0.054776314128904706,0.9388073472643136
TCGA:LUAD:TCGA-55-8505-01,LUAD,LUAD,0.006391118117367064,0.003634029050101638,0.04119492296028969,0.9487799298722416
TCGA:LUAD:TCGA-55-8506-01,LUAD,LUAD,0.002430237085149706,0.001106216955645162,0.016005075332229574,0.9804584706269757
TCGA:LUAD:TCGA-55-8507-01,LUAD,LUAD,0.010389036893182694,0.0026329593871413405,0.010599863778206459,0.9763781399414695
TCGA:LUAD:TCGA-55-8508-01,LUAD,LUAD,0.08149867145986034,0.0014629564967010404,0.025814093825983705,0.8912242782174549
TCGA:LUAD:TCGA-55-8510-01,LUAD,LUAD,0.0009879115833466997,0.0005146478956675763,0.01512729985127147,0.9833701406697143
TCGA:LUAD:TCGA-55-8511-01,LUAD,LUAD,0.010254191055916111,0.006500508800453227,0.020968870258080904,0.9622764298855497
TCGA:LUAD:TCGA-55-8512-01,LUAD,LUAD,0.03109574716477179,0.019931158571729116,0.029339170082928728,0.9196339241805704
TCGA:LUAD:TCGA-55-8513-01,LUAD,LUAD,0.034773719011737474,0.014097104218373768,0.02901870565587821,0.9221104711140106
TCGA:LUAD:TCGA-55-8514-01,LUAD,LUAD,0.0037984837874836005,0.002343583896016832,0.03398627866223929,0.9598716536542603
TCGA:LUAD:TCGA-55-8614-01,LUAD,LSCC,0.008756401525193394,0.12403108574037586,0.7520561793162669,0.11515633341816385
TCGA:LUAD:TCGA-55-8615-01,LUAD,LUAD,0.02260915266982211,0.003657691575373989,0.04373600146903627,0.9299971542857677
TCGA:LUAD:TCGA-55-8616-01,LUAD,LUAD,0.015891416865900378,0.0018086900177905602,0.008400535731514206,0.9738993573847949
TCGA:LUAD:TCGA-55-8619-01,LUAD,LUAD,0.005656283218252613,0.0020430247469463117,0.016327223210128656,0.9759734688246723
TCGA:LUAD:TCGA-55-8620-01,LUAD,BRCA,0.6787913027992117,0.003519344361930625,0.18953578045208688,0.1281535723867708
TCGA:LUAD:TCGA-55-8621-01,LUAD,LUAD,0.006748312178519968,0.0010398225276218997,0.011846761795310148,0.980365103498548
TCGA:LUAD:TCGA-55-A48X-01,LUAD,LUAD,0.0016921028941117003,0.00012419375507044723,0.0026849364442087897,0.9954987669066092
TCGA:LUAD:TCGA-55-A48Y-01,LUAD,LUAD,0.03252591957912999,0.0026109748795458427,0.04269283040942266,0.9221702751319016
TCGA:LUAD:TCGA-55-A48Z-01,LUAD,LUAD,0.030955985270111182,0.0027824418908768463,0.035547988338574366,0.9307135845004377
TCGA:LUAD:TCGA-55-A490-01,LUAD,LUAD,0.045176428180812314,0.007136234524964734,0.08569357380383613,0.8619937634903868
TCGA:LUAD:TCGA-55-A491-01,LUAD,LUAD,0.04499973167189428,0.0015824137422626133,0.07397485993422645,0.8794429946516166
TCGA:LUAD:TCGA-55-A492-01,LUAD,LUAD,0.0017852686665227329,0.0009840786215557233,0.002270659553109181,0.9949599931588123
TCGA:LUAD:TCGA-55-A493-01,LUAD,LSCC,0.017178392133277067,0.013585706288021493,0.7375853644436657,0.23165053713503572
TCGA:LUAD:TCGA-55-A494-01,LUAD,LUAD,0.009800917854584116,0.0016082061856806016,0.00489019648197521,0.9837006794777602
TCGA:LUAD:TCGA-55-A4DF-01,LUAD,LUAD,0.05963329016562497,0.004339731515365669,0.40177895305934175,0.5342480252596675
TCGA:LUAD:TCGA-55-A4DG-01,LUAD,LUAD,0.17638689659712217,0.0020574035957031554,0.0334749818070259,0.7880807180001487
TCGA:LUAD:TCGA-55-A57B-01,LUAD,LUAD,0.012596430551121411,0.0021675734798645234,0.008277657752900161,0.976958338216114
TCGA:LUAD:TCGA-62-8394-01,LUAD,LUAD,0.014173146271343398,0.002990919037837555,0.04435271436039953,0.9384832203304195
TCGA:LUAD:TCGA-62-8395-01,LUAD,LUAD,0.00044452381238109946,9.481051012781787e-05,0.0010943381471579926,0.9983663275303332
TCGA:LUAD:TCGA-62-8397-01,LUAD,LUAD,0.0006777711284761978,0.00015330696731062193,0.0015428976547641677,0.997626024249449
TCGA:LUAD:TCGA-62-8398-01,LUAD,LUAD,0.004346395926854024,0.008746223529274344,0.07447863897704213,0.9124287415668294
TCGA:LUAD:TCGA-62-8399-01,LUAD,LUAD,0.003479994437332799,0.0009015851792576305,0.014961413166872214,0.9806570072165374
TCGA:LUAD:TCGA-62-8402-01,LUAD,LUAD,0.03976859444539625,0.0036072783930989304,0.07545001948876534,0.8811741076727395
TCGA:LUAD:TCGA-62-A46O-01,LUAD,LUAD,0.04473792071314816,0.0021995828836882717,0.08435230207829586,0.8687101943248676
TCGA:LUAD:TCGA-62-A46P-01,LUAD,LUAD,0.013711753581425118,0.0004213884897765185,0.00364706401241532,0.982219793916383
TCGA:LUAD:TCGA-62-A46R-01,LUAD,LUAD,0.002631310481452914,0.0001822392169562832,0.0014111349828943719,0.9957753153186965
TCGA:LUAD:TCGA-62-A46S-01,LUAD,LUAD,0.008418705705024742,0.0003178314286910762,0.002937824251610012,0.9883256386146742
TCGA:LUAD:TCGA-62-A46U-01,LUAD,LUAD,0.026897825851314817,0.005477249275112083,0.07426167305831465,0.8933632518152586
TCGA:LUAD:TCGA-62-A46V-01,LUAD,LUAD,0.004544865409317961,0.00046196028734328483,0.00403682536366522,0.9909563489396737
TCGA:LUAD:TCGA-62-A46Y-01,LUAD,LUAD,0.0019939539178450254,0.00035732309961978946,0.013052201726422063,0.9845965212561132
TCGA:LUAD:TCGA-62-A470-01,LUAD,LUAD,0.0011040878028975144,0.00020346210489314114,0.0019502358628932927,0.996742214229316
TCGA:LUAD:TCGA-62-A471-01,LUAD,LUAD,0.005212723294830534,0.007046771738201903,0.19221068556335322,0.7955298194036143
TCGA:LUAD:TCGA-62-A472-01,LUAD,LUAD,0.02732110890891158,0.0010741021088044186,0.009448444309996607,0.9621563446722874
TCGA:LUAD:TCGA-64-1676-01,LUAD,LUAD,0.0029803239632518624,0.0007514515880181501,0.0065963746527070615,0.9896718497960231
TCGA:LUAD:TCGA-64-1677-01,LUAD,LUAD,0.014924071997037632,0.0012041355851234257,0.030030704463638515,0.9538410879542005
TCGA:LUAD:TCGA-64-1678-01,LUAD,LUAD,0.03741103663531925,0.018336020373301214,0.362562252760844,0.5816906902305355
TCGA:LUAD:TCGA-64-1679-01,LUAD,LUAD,0.07586031438857513,0.002605603971016596,0.3180542648816506,0.6034798167587577
TCGA:LUAD:TCGA-64-1680-01,LUAD,LUAD,0.0026646711429124787,0.0005648942096773803,0.002030415470172416,0.9947400191772378
TCGA:LUAD:TCGA-64-1681-01,LUAD,LUAD,0.011151329205333921,0.001038144143060959,0.00605108484304166,0.9817594418085634
TCGA:LUAD:TCGA-64-5774-01,LUAD,LUAD,0.012987819351451884,0.0018692919106644544,0.022113973775363716,0.9630289149625199
TCGA:LUAD:TCGA-64-5775-01,LUAD,LUAD,0.3409779537014524,0.029722355592223523,0.06512709793464137,0.5641725927716829
TCGA:LUAD:TCGA-64-5778-01,LUAD,LUAD,0.020326314565453685,0.0013217474872949165,0.01230582051128961,0.9660461174359617
TCGA:LUAD:TCGA-64-5779-01,LUAD,LUAD,0.16568669809851627,0.0032873294716909123,0.16308113189299792,0.667944840536795
TCGA:LUAD:TCGA-64-5781-01,LUAD,LUAD,0.015895558024769996,0.0030640289350530136,0.06845012080848457,0.9125902922316924
TCGA:LUAD:TCGA-64-5815-01,LUAD,LUAD,0.009310340752748279,0.006836499512195287,0.031001133200870282,0.9528520265341861
TCGA:LUAD:TCGA-67-3770-01,LUAD,LUAD,0.0013044114456122844,0.0010857649813274704,0.014503068989910786,0.9831067545831496
TCGA:LUAD:TCGA-67-3771-01,LUAD,LUAD,0.0014646112461338277,0.000648054088709256,0.04370832508492251,0.9541790095802344
TCGA:LUAD:TCGA-67-3772-01,LUAD,LUAD,0.008525246187776784,0.001393826534874247,0.02270352334981553,0.9673774039275334
TCGA:LUAD:TCGA-67-3773-01,LUAD,LUAD,0.0009184988523536469,0.0006345523387309762,0.001734308381763522,0.9967126404271519
TCGA:LUAD:TCGA-67-3774-01,LUAD,LUAD,0.006709263464170193,0.0010114146502799438,0.0026393500279631023,0.9896399718575868
TCGA:LUAD:TCGA-67-4679-01,LUAD,LUAD,0.005293900639067594,0.000225191381104696,0.0037329454767171645,0.9907479625031106
TCGA:LUAD:TCGA-67-6215-01,LUAD,LUAD,0.0011355866606569088,0.00021876493464824623,0.009526764842814953,0.9891188835618799
TCGA:LUAD:TCGA-67-6216-01,LUAD,LUAD,0.01605735694806807,0.003654535719965993,0.022366579191299092,0.9579215281406668
TCGA:LUAD:TCGA-67-6217-01,LUAD,LUAD,0.00674640334932826,0.00023986329810084307,0.003801842516685421,0.9892118908358855
TCGA:LUAD:TCGA-69-7760-01,LUAD,LUAD,0.06354252519897663,0.00187335469661501,0.03252452843512635,0.9020595916692821
TCGA:LUAD:TCGA-69-7761-01,LUAD,LUAD,0.10285909319900283,0.003338825151046513,0.02539001780063819,0.8684120638493126
TCGA:LUAD:TCGA-69-7763-01,LUAD,LUAD,0.006814952807685103,0.0010973996914279964,0.0022808798406460428,0.9898067676602409
TCGA:LUAD:TCGA-69-7764-01,LUAD,LUAD,0.0027578102066167973,0.0004430501290013364,0.002818394452904803,0.9939807452114771
TCGA:LUAD:TCGA-69-7765-01,LUAD,LUAD,0.0034293476915420013,0.0002662547503669846,0.007454449456439964,0.9888499481016512
TCGA:LUAD:TCGA-69-7973-01,LUAD,LUAD,0.0023832261812697375,0.0005367328721446285,0.02228096313320084,0.9747990778133847
TCGA:LUAD:TCGA-69-7974-01,LUAD,LUAD,0.0013021461019264624,0.00625616578470275,0.025111908072019,0.967329780041352
TCGA:LUAD:TCGA-69-7978-01,LUAD,LUAD,0.003964237691092387,0.0008536795831086889,0.040822582370237,0.954359500355562
TCGA:LUAD:TCGA-69-7979-01,LUAD,LUAD,0.09683088151615503,0.009290572977337574,0.0268829899443971,0.8669955555621103
TCGA:LUAD:TCGA-69-7980-01,LUAD,LUAD,0.04511924478039146,0.005386986713114101,0.06461837369656642,0.884875394809928
TCGA:LUAD:TCGA-69-8253-01,LUAD,LUAD,0.01822327634383563,0.006894630548705656,0.0207876952850424,0.9540943978224163
TCGA:LUAD:TCGA-69-8254-01,LUAD,LUAD,0.00747033004567596,0.0015602322170214587,0.006446729408687591,0.984522708328615
TCGA:LUAD:TCGA-69-8255-01,LUAD,LSCC,0.19492446658947082,0.0185052343570375,0.421325409881207,0.3652448891722847
TCGA:LUAD:TCGA-69-8453-01,LUAD,LUAD,0.00755532916889407,0.0026121678271795457,0.04091737135953757,0.9489151316443888
TCGA:LUAD:TCGA-69-A59K-01,LUAD,LUAD,0.035514357303309464,0.003484474763518792,0.018946022188010968,0.9420551457451607
TCGA:LUAD:TCGA-71-6725-01,LUAD,LUAD,0.022580552602793243,0.0010494080474265032,0.004680308336684509,0.9716897310130957
TCGA:LUAD:TCGA-71-8520-01,LUAD,LUAD,0.007539922764751187,0.0013820326753226512,0.0038772421755330897,0.987200802384393
TCGA:LUAD:TCGA-73-4658-01,LUAD,LUAD,0.008374194346485678,0.0005964598918814665,0.0042747194104699,0.9867546263511628
TCGA:LUAD:TCGA-73-4659-01,LUAD,LUAD,0.012859292512051635,0.0010539806946170108,0.023194000097641707,0.9628927266956896
TCGA:LUAD:TCGA-73-4662-01,LUAD,LUAD,0.004690308737075707,0.00018348278107885324,0.002039678866832927,0.9930865296150125
TCGA:LUAD:TCGA-73-4666-01,LUAD,LUAD,0.0068191315544900944,0.004823610996389506,0.05805724583095026,0.9303000116181701
TCGA:LUAD:TCGA-73-4668-01,LUAD,LUAD,0.0018897958634177788,0.00017485797646184126,0.006216519014200789,0.9917188271459195
TCGA:LUAD:TCGA-73-4670-01,LUAD,LUAD,0.11460283907912383,0.005762067076014871,0.4024947863307922,0.477140307514069
TCGA:LUAD:TCGA-73-4675-01,LUAD,LUAD,0.013150966507511751,0.004406791032351869,0.022035876990421425,0.960406365469715
TCGA:LUAD:TCGA-73-4676-01,LUAD,LUAD,0.00993911421055568,0.0024662684145617558,0.03793416461614108,0.9496604527587413
TCGA:LUAD:TCGA-73-4677-01,LUAD,LUAD,0.003870089190021268,0.0012264536532648113,0.0024164133289811566,0.9924870438277329
TCGA:LUAD:TCGA-73-7498-01,LUAD,LUAD,0.0017465619278521118,0.00018808460382845052,0.0023111569175787287,0.9957541965507408
TCGA:LUAD:TCGA-73-7499-01,LUAD,LUAD,0.010093569949619121,0.0013704709442021814,0.10049276415767863,0.8880431949485001
TCGA:LUAD:TCGA-73-A9RS-01,LUAD,LUAD,0.09831100318201585,0.0036122177001356296,0.06498201467365779,0.8330947644441907
TCGA:LUAD:TCGA-75-5122-01,LUAD,LUAD,0.12739178002021917,0.005170362363415817,0.153404262062257,0.714033595554108
TCGA:LUAD:TCGA-75-5125-01,LUAD,LUAD,0.150419463658979,0.00594325600749619,0.036841247499928925,0.8067960328335959
TCGA:LUAD:TCGA-75-5126-01,LUAD,LUAD,0.006277205160377028,0.005288714374615328,0.07419703148725261,0.914237048977755
TCGA:LUAD:TCGA-75-5146-01,LUAD,LUAD,0.006066380773082726,0.00023373881968762042,0.006791985863292072,0.9869078945439377
TCGA:LUAD:TCGA-75-5147-01,LUAD,LUAD,0.018582525692292004,0.002249612420145433,0.10267756590801615,0.8764902959795464
TCGA:LUAD:TCGA-75-6203-01,LUAD,LUAD,0.012950596021413236,0.0006792285154470694,0.005778177693417557,0.9805919977697222
TCGA:LUAD:TCGA-75-6205-01,LUAD,LUAD,0.05694453145822507,0.009743710539363518,0.08456834311592135,0.84874341488649
TCGA:LUAD:TCGA-75-6206-01,LUAD,LUAD,0.0030260860543398316,0.00041889375225390434,0.0011295987722555823,0.9954254214211508
TCGA:LUAD:TCGA-75-6207-01,LUAD,LUAD,0.2092639887516047,0.004427032354512966,0.033292953543441126,0.7530160253504411
TCGA:LUAD:TCGA-75-6211-01,LUAD,LUAD,0.04584647079170543,0.0013011889238040432,0.01764898361422292,0.9352033566702675
TCGA:LUAD:TCGA-75-6212-01,LUAD,LUAD,0.016456989617420214,0.002083750834331913,0.10300536421909759,0.8784538953291502
TCGA:LUAD:TCGA-75-6214-01,LUAD,LSCC,0.049331310187826036,0.41088917655555396,0.4396417400850442,0.10013777317157573
TCGA:LUAD:TCGA-75-7025-01,LUAD,LUAD,0.04599804856939643,0.0050780824566051775,0.08493906349803405,0.8639848054759645
TCGA:LUAD:TCGA-75-7027-01,LUAD,LUAD,0.010109992694290745,0.0030327178456705443,0.031245058900797477,0.9556122305592413
TCGA:LUAD:TCGA-75-7030-01,LUAD,LUAD,0.035307371227010304,0.001586989484946301,0.0168275097000189,0.9462781295880246
TCGA:LUAD:TCGA-75-7031-01,LUAD,LUAD,0.26731818467007895,0.003192883460987366,0.18136189361565577,0.5481270382532779
TCGA:LUAD:TCGA-78-7143-01,LUAD,LUAD,0.006126354935999212,0.00024348308735682098,0.0038399469110562776,0.9897902150655877
TCGA:LUAD:TCGA-78-7145-01,LUAD,LUAD,0.028549076525231153,0.0018263724894366496,0.006166705931554356,0.9634578450537777
TCGA:LUAD:TCGA-78-7146-01,LUAD,LUAD,0.013757659642106963,0.0028311517332799347,0.08010277627180269,0.9033084123528105
TCGA:LUAD:TCGA-78-7147-01,LUAD,LUAD,0.015528150703977906,0.000510026060657624,0.01755698990245626,0.9664048333329083
TCGA:LUAD:TCGA-78-7148-01,LUAD,LUAD,0.004502602210701774,0.0005167218540473113,0.004795648414052548,0.9901850275211984
TCGA:LUAD:TCGA-78-7149-01,LUAD,LUAD,0.0034814159660735713,0.0009430048127557954,0.0015642604099300552,0.9940113188112405
TCGA:LUAD:TCGA-78-7150-01,LUAD,LUAD,0.11707632389166348,0.014861647511878455,0.16849870468388567,0.6995633239125724
TCGA:LUAD:TCGA-78-7152-01,LUAD,LUAD,0.008701478549327735,0.0007203587788557524,0.0035690512119455732,0.987009111459871
TCGA:LUAD:TCGA-78-7153-01,LUAD,LUAD,0.44181018117508963,0.0014308496778678145,0.006066924918311835,0.5506920442287307
TCGA:LUAD:TCGA-78-7154-01,LUAD,LUAD,0.06002449836902726,0.0063850983916674655,0.1292099987268358,0.8043804045124695
TCGA:LUAD:TCGA-78-7155-01,LUAD,BRCA,0.9508949336361151,0.004548130828228733,0.017463005440186863,0.02709393009546922
TCGA:LUAD:TCGA-78-7156-01,LUAD,LUAD,0.0018621982947011912,0.0004098534181117067,0.001542817116595102,0.996185131170592
TCGA:LUAD:TCGA-78-7158-01,LUAD,LUAD,0.24562320690348385,0.0013933964741111972,0.008418811145009699,0.7445645854773952
TCGA:LUAD:TCGA-78-7159-01,LUAD,LUAD,0.0032686272826647836,0.00012242774050759227,0.007033655499995881,0.9895752894768318
TCGA:LUAD:TCGA-78-7160-01,LUAD,LUAD,0.003459726831509129,0.0002573222980145325,0.0019235274958400135,0.9943594233746362
TCGA:LUAD:TCGA-78-7161-01,LUAD,LUAD,0.004618492666877018,0.0005211456133567367,0.0025667487527164805,0.9922936129670497
TCGA:LUAD:TCGA-78-7162-01,LUAD,LUAD,0.00998507899365029,0.00023107687373818592,0.0015256757304042809,0.9882581684022071
TCGA:LUAD:TCGA-78-7163-01,LUAD,LUAD,0.13734829687422836,0.0026877241391812996,0.017266956722812542,0.8426970222637779
TCGA:LUAD:TCGA-78-7166-01,LUAD,LUAD,0.02557695199257354,0.007062812919048113,0.02581040212247399,0.9415498329659043
TCGA:LUAD:TCGA-78-7167-01,LUAD,LUAD,0.009903851553136441,0.00022976403052106132,0.00305478675914448,0.9868115976571981
TCGA:LUAD:TCGA-78-7220-01,LUAD,LUAD,0.015767405255988118,0.0012788916173292115,0.015038678953327002,0.9679150241733556
TCGA:LUAD:TCGA-78-7535-01,LUAD,LUAD,0.10298619790956362,0.003950744120152084,0.02891859532471,0.8641444626455742
TCGA:LUAD:TCGA-78-7536-01,LUAD,LUAD,0.2664383100894972,0.00454092305055222,0.040650284008459804,0.6883704828514907
TCGA:LUAD:TCGA-78-7537-01,LUAD,LUAD,0.002546818184568022,0.00015666438658845945,0.001317312060231732,0.9959792053686117
TCGA:LUAD:TCGA-78-7539-01,LUAD,LUAD,0.023092316294659,0.001978465470193568,0.013152004689990834,0.9617772135451566
TCGA:LUAD:TCGA-78-7540-01,LUAD,LUAD,0.004317111549511301,0.0008703478750449154,0.0030757108126589477,0.9917368297627849
TCGA:LUAD:TCGA-78-7542-01,LUAD,LUAD,0.3243985692006049,0.07308921397175668,0.11854921600503618,0.48396300082260224
TCGA:LUAD:TCGA-78-7633-01,LUAD,LUAD,0.0008470953682981353,0.00015777396397210626,0.0005165753651847437,0.998478555302545
TCGA:LUAD:TCGA-78-8640-01,LUAD,LUAD,0.031402561573877594,0.03300705366799885,0.43290675788185334,0.5026836268762702
TCGA:LUAD:TCGA-78-8648-01,LUAD,LUAD,0.009046326944454657,0.002199501692123694,0.04724739890935867,0.9415067724540631
TCGA:LUAD:TCGA-78-8655-01,LUAD,LUAD,0.006347616163436535,0.0012275458507301745,0.010243003405217846,0.9821818345806154
TCGA:LUAD:TCGA-78-8660-01,LUAD,LUAD,0.012976626063689923,0.00792970555078143,0.044918925784345795,0.9341747426011828
TCGA:LUAD:TCGA-78-8662-01,LUAD,LUAD,0.12867464747173085,0.004594500644849184,0.0873733318707491,0.7793575200126708
TCGA:LUAD:TCGA-80-5607-01,LUAD,LUAD,0.004561442526517644,0.0030013795288652127,0.02449044403151349,0.9679467339131036
TCGA:LUAD:TCGA-80-5608-01,LUAD,LUAD,0.000850296770476011,0.0002306354781847258,0.002408859182540536,0.9965102085687987
TCGA:LUAD:TCGA-80-5611-01,LUAD,LUAD,0.12373998761034043,0.006382521203416565,0.1207343899068719,0.7491431012793712
TCGA:LUAD:TCGA-83-5908-01,LUAD,LUAD,0.03175074650443603,0.007117538596846148,0.14984931261711862,0.8112824022815991
TCGA:LUAD:TCGA-86-6562-01,LUAD,LUAD,0.005224580208085291,0.0008837609646914509,0.012597829395405399,0.9812938294318179
TCGA:LUAD:TCGA-86-6851-01,LUAD,LUAD,0.053919733462484555,0.0014095175083328653,0.10940612756032596,0.8352646214688567
TCGA:LUAD:TCGA-86-7701-01,LUAD,LUAD,0.007968574675384546,0.0013251632704352583,0.04169126399138082,0.9490149980627994
TCGA:LUAD:TCGA-86-7711-01,LUAD,LUAD,0.012557834971660001,0.0021954280072231293,0.023804706677287898,0.961442030343829
TCGA:LUAD:TCGA-86-7713-01,LUAD,LUAD,0.3901806575350504,0.00749735303000513,0.05843041993368988,0.5438915695012546
TCGA:LUAD:TCGA-86-7714-01,LUAD,LUAD,0.016971412377516,0.006506360408092561,0.029961766616746672,0.9465604605976449
TCGA:LUAD:TCGA-86-7953-01,LUAD,LUAD,0.012132526498048104,0.001056940732836575,0.008496895660551982,0.9783136371085632
TCGA:LUAD:TCGA-86-7954-01,LUAD,LUAD,0.12792891831354408,0.0012265340657682678,0.016813855810257662,0.85403069181043
TCGA:LUAD:TCGA-86-7955-01,LUAD,BRCA,0.9766824435242469,0.0022182804775615645,0.0028946538199228137,0.018204622178268796
TCGA:LUAD:TCGA-86-8054-01,LUAD,LUAD,0.1930400355755507,0.01451287993678933,0.10628193662343141,0.6861651478642286
TCGA:LUAD:TCGA-86-8055-01,LUAD,LUAD,0.0068004345531394094,0.0007728606085530664,0.015351033757105441,0.9770756710812021
TCGA:LUAD:TCGA-86-8056-01,LUAD,LUAD,0.003240810775004948,0.0002026000986920663,0.003833347218419696,0.9927232419078833
TCGA:LUAD:TCGA-86-8073-01,LUAD,LUAD,0.020153549510333345,0.00254609438499341,0.04373698463365421,0.933563371471019
TCGA:LUAD:TCGA-86-8074-01,LUAD,LUAD,0.10665494668741676,0.0018993428661066088,0.00948430807390735,0.8819614023725691
TCGA:LUAD:TCGA-86-8075-01,LUAD,LUAD,0.025010039109282307,0.002470744295503488,0.03200386500723249,0.9405153515879816
TCGA:LUAD:TCGA-86-8076-01,LUAD,LUAD,0.06839065096183754,0.004099101220554704,0.031035114791780914,0.8964751330258269
TCGA:LUAD:TCGA-86-8278-01,LUAD,LUAD,0.023950745182270132,0.004142607574303553,0.031240403132794314,0.9406662441106319
TCGA:LUAD:TCGA-86-8279-01,LUAD,LUAD,0.10163542162436857,0.0015141805000483688,0.02448268084707907,0.8723677170285039
TCGA:LUAD:TCGA-86-8280-01,LUAD,LUAD,0.004070059190458352,0.0002316220026075316,0.005029134176205377,0.9906691846307287
TCGA:LUAD:TCGA-86-8281-01,LUAD,LUAD,0.001327432707094237,0.00023572081932041964,0.0008076321776691823,0.997629214295916
TCGA:LUAD:TCGA-86-8358-01,LUAD,LSCC,0.30390425584274156,0.027329573331555466,0.4602978099206918,0.2084683609050111
TCGA:LUAD:TCGA-86-8359-01,LUAD,LUAD,0.0013889459875027531,0.0018154687179158828,0.011062874319678916,0.9857327109749023
TCGA:LUAD:TCGA-86-8585-01,LUAD,LUAD,0.14471432947763277,0.013053137039151284,0.30139587654609357,0.5408366569371224
TCGA:LUAD:TCGA-86-8668-01,LUAD,LUAD,0.13051642195963659,0.008121799751633034,0.032956474779832996,0.8284053035088974
TCGA:LUAD:TCGA-86-8669-01,LUAD,LUAD,0.05744692350653302,0.004360803930469971,0.03756305718613754,0.9006292153768595
TCGA:LUAD:TCGA-86-8671-01,LUAD,LUAD,0.056202168233123434,0.01145548051655476,0.08048679937249882,0.851855551877823
TCGA:LUAD:TCGA-86-8672-01,LUAD,LUAD,0.00453531526184194,0.0027845333185095742,0.06166857031276608,0.9310115811068824
TCGA:LUAD:TCGA-86-8673-01,LUAD,LUAD,0.0804511622203369,0.002224729019940864,0.02185646661438173,0.8954676421453406
TCGA:LUAD:TCGA-86-8674-01,LUAD,LUAD,0.01783374333052323,0.003971207479476662,0.006079241350869831,0.9721158078391303
TCGA:LUAD:TCGA-86-A456-01,LUAD,LUAD,0.004377091197509509,0.0017048395524265438,0.007986949173087291,0.9859311200769767
TCGA:LUAD:TCGA-86-A4D0-01,LUAD,LUAD,0.2467839070839039,0.013074618478316957,0.28377395611712825,0.456367518320651
TCGA:LUAD:TCGA-86-A4JF-01,LUAD,LUAD,0.004043340769300982,0.000534768323376521,0.021497052001246512,0.973924838906076
TCGA:LUAD:TCGA-86-A4P7-01,LUAD,LUAD,0.022124256512991186,0.00367599461953083,0.01659604358695553,0.9576037052805225
TCGA:LUAD:TCGA-86-A4P8-01,LUAD,LUAD,0.06020508114744203,0.004950419223636986,0.12023308287577134,0.8146114167531497
TCGA:LUAD:TCGA-91-6828-01,LUAD,LUAD,0.01456723394785985,0.0003249490350582413,0.0066339992144438045,0.978473817802638
TCGA:LUAD:TCGA-91-6829-01,LUAD,LUAD,0.2878803703230903,0.006099895845044852,0.01673432647255072,0.6892854073593142
TCGA:LUAD:TCGA-91-6830-01,LUAD,LUAD,0.004167996299268601,0.000711646769935619,0.03977558916719544,0.9553447677636003
TCGA:LUAD:TCGA-91-6831-01,LUAD,LUAD,0.34963733516630724,0.007308308657478091,0.06616212248267828,0.5768922336935363
TCGA:LUAD:TCGA-91-6835-01,LUAD,LUAD,0.0505891202431014,0.0022021469443687853,0.031633025910648746,0.9155757069018811
TCGA:LUAD:TCGA-91-6836-01,LUAD,LUAD,0.041589400258600126,0.003950630398882573,0.06737140528940143,0.887088564053116
TCGA:LUAD:TCGA-91-6840-01,LUAD,LUAD,0.039218949816555666,0.005156126833818565,0.05552803890833184,0.900096884441294
TCGA:LUAD:TCGA-91-6847-01,LUAD,BRCA,0.7945599913065087,0.010869224835681682,0.06501170502582661,0.12955907883198298
TCGA:LUAD:TCGA-91-6848-01,LUAD,LSCC,0.2560498423821147,0.03731130955848433,0.5037382510841961,0.20290059697520482
TCGA:LUAD:TCGA-91-6849-01,LUAD,LUAD,0.013581041971595303,0.011413549608546271,0.029629410589087916,0.9453759978307706
TCGA:LUAD:TCGA-91-7771-01,LUAD,LUAD,0.13934133372110766,0.0007853410905645882,0.007501700374491623,0.8523716248138361
TCGA:LUAD:TCGA-91-8496-01,LUAD,LUAD,0.0031124577845245945,0.0007369633622651305,0.013731503527098912,0.9824190753261114
TCGA:LUAD:TCGA-91-8497-01,LUAD,LUAD,0.02403861944970436,0.0010848727822557142,0.010978703543909856,0.9638978042241302
TCGA:LUAD:TCGA-91-8499-01,LUAD,BRCA,0.5183314219014491,0.013509556599979164,0.37195368947867863,0.09620533201989316
TCGA:LUAD:TCGA-91-A4BC-01,LUAD,LUAD,0.25069297711253663,0.008387397638140514,0.1267134532390164,0.6142061720103065
TCGA:LUAD:TCGA-91-A4BD-01,LUAD,LUAD,0.004109135503106339,0.00034891661935991227,0.0038000722176475305,0.9917418756598861
TCGA:LUAD:TCGA-93-7347-01,LUAD,LUAD,0.0014283193069198669,0.00040802975776395024,0.007216032009924285,0.990947618925392
TCGA:LUAD:TCGA-93-7348-01,LUAD,LUAD,0.0020428975926683915,0.00018689781738113424,0.0022980669707066974,0.9954721376192437
TCGA:LUAD:TCGA-93-8067-01,LUAD,LUAD,0.016968255475296724,0.008238572705352684,0.04623188912174934,0.9285612826976013
TCGA:LUAD:TCGA-93-A4JN-01,LUAD,LUAD,0.014561260861636534,0.0032507106114849633,0.02243919739379852,0.9597488311330801
TCGA:LUAD:TCGA-93-A4JO-01,LUAD,LUAD,0.049897576934602894,0.004997165574465198,0.027096780724910584,0.9180084767660214
TCGA:LUAD:TCGA-93-A4JP-01,LUAD,LUAD,0.3731719529625422,0.002663711178839774,0.00845071284328282,0.6157136230153352
TCGA:LUAD:TCGA-93-A4JQ-01,LUAD,LUAD,0.009949207695846882,0.0023443055594552804,0.043777360762257016,0.9439291259824407
TCGA:LUAD:TCGA-95-7039-01,LUAD,LUAD,0.0024947880748799156,0.0004137504915566667,0.004856833714944596,0.9922346277186187
TCGA:LUAD:TCGA-95-7043-01,LUAD,LUAD,0.021778535920892326,0.003259076490222524,0.04984720082256422,0.925115186766321
TCGA:LUAD:TCGA-95-7562-01,LUAD,LUAD,0.27268412406284787,0.008336266351834551,0.04015353252198602,0.6788260770633315
TCGA:LUAD:TCGA-95-7567-01,LUAD,LUAD,0.00843620403758142,0.0011766788038110947,0.011883149512520036,0.9785039676460875
TCGA:LUAD:TCGA-95-7944-01,LUAD,BRCA,0.8472160237426212,0.03069120424215681,0.08167333035416292,0.04041944166105899
TCGA:LUAD:TCGA-95-7947-01,LUAD,BRCA,0.7000909020436481,0.004765529719539123,0.07515424653719739,0.21998932169961546
TCGA:LUAD:TCGA-95-7948-01,LUAD,LUAD,0.25526445551869703,0.005606696145777884,0.01248919143372904,0.7266396569017961
TCGA:LUAD:TCGA-95-8039-01,LUAD,LUAD,0.0042947791695327605,0.0002771419368567297,0.01237462773758457,0.9830534511560259
TCGA:LUAD:TCGA-95-8494-01,LUAD,LUAD,0.029211776579816794,0.01577301127262871,0.04531231234782734,0.9097028997997272
TCGA:LUAD:TCGA-95-A4VK-01,LUAD,LUAD,0.003634383715077061,0.000727060597272634,0.003186636680426943,0.9924519190072233
TCGA:LUAD:TCGA-95-A4VN-01,LUAD,LUAD,0.004806195769229963,0.003953018060734083,0.01637504362755352,0.9748657425424824
TCGA:LUAD:TCGA-95-A4VP-01,LUAD,LUAD,0.005687132245113754,0.0007842001896475498,0.016025273316253176,0.9775033942489855
TCGA:LUAD:TCGA-97-7546-01,LUAD,LUAD,0.07559971179462163,0.0008117583818478377,0.009071751157341452,0.9145167786661891
TCGA:LUAD:TCGA-97-7547-01,LUAD,LUAD,0.001441298013635627,0.0001948189808249337,0.0038281256157026993,0.9945357573898368
TCGA:LUAD:TCGA-97-7552-01,LUAD,LUAD,0.19061808346621423,0.008580434731486957,0.015426976180229084,0.7853745056220698
TCGA:LUAD:TCGA-97-7553-01,LUAD,LUAD,0.006570588515095496,0.0005911076955075487,0.019791020848087756,0.9730472829413093
TCGA:LUAD:TCGA-97-7554-01,LUAD,LUAD,0.0023610697659228646,0.0001665367456894081,0.001995650640115891,0.9954767428482719
TCGA:LUAD:TCGA-97-7937-01,LUAD,LUAD,0.006680075645417858,0.00024419768592268116,0.0029643515299850407,0.9901113751386743
TCGA:LUAD:TCGA-97-7938-01,LUAD,LUAD,0.0011414404109877185,0.00010981384509306265,0.0020660064236114163,0.9966827393203077
TCGA:LUAD:TCGA-97-7941-01,LUAD,LUAD,0.00774659759722968,0.005248991358879342,0.009478158826516652,0.9775262522173744
TCGA:LUAD:TCGA-97-8171-01,LUAD,LUAD,0.07160415185537836,0.001763030367851345,0.005199410735874648,0.9214334070408957
TCGA:LUAD:TCGA-97-8172-01,LUAD,LUAD,0.005755379850857466,0.00023768007535319145,0.002895735539385722,0.9911112045344035
TCGA:LUAD:TCGA-97-8174-01,LUAD,LUAD,0.04800231768810019,0.002934706218598758,0.007187698212153699,0.9418752778811472
TCGA:LUAD:TCGA-97-8175-01,LUAD,LUAD,0.0022032660342210524,0.0007566137696978496,0.020694714792852356,0.9763454054032288
TCGA:LUAD:TCGA-97-8176-01,LUAD,LUAD,0.03716564789714252,0.027738036776478594,0.22515374132601051,0.7099425740003684
TCGA:LUAD:TCGA-97-8177-01,LUAD,LUAD,0.008091742204428256,0.000686632825914408,0.00395847167262538,0.9872631532970321
TCGA:LUAD:TCGA-97-8179-01,LUAD,LUAD,0.0034225693513260593,0.0001918231073892594,0.0024100247636383823,0.9939755827776464
TCGA:LUAD:TCGA-97-8547-01,LUAD,LUAD,0.006560736607230805,0.004013024766646509,0.021489347706047397,0.9679368909200753
TCGA:LUAD:TCGA-97-8552-01,LUAD,LUAD,0.01092074936297945,0.0005694487414180168,0.015279194016129987,0.9732306078794726
TCGA:LUAD:TCGA-97-A4LX-01,LUAD,LUAD,0.002877152284453725,0.0003790076800103639,0.005630343243374104,0.9911134967921619
TCGA:LUAD:TCGA-97-A4M0-01,LUAD,LUAD,0.003176034597027649,0.00021643140080868095,0.00397792498277078,0.9926296090193928
TCGA:LUAD:TCGA-97-A4M1-01,LUAD,LUAD,0.011482445546206671,0.0003002847323223963,0.00249572736174475,0.9857215423597262
TCGA:LUAD:TCGA-97-A4M2-01,LUAD,LUAD,0.0220806262293203,0.0032932341742523403,0.039729500184922474,0.9348966394115048
TCGA:LUAD:TCGA-97-A4M3-01,LUAD,LUAD,0.03251477233026138,0.0018368302982691219,0.00527804557090144,0.9603703518005681
TCGA:LUAD:TCGA-97-A4M5-01,LUAD,LUAD,0.032253416787782804,0.00466662773313198,0.01607660594956495,0.9470033495295203
TCGA:LUAD:TCGA-97-A4M6-01,LUAD,LUAD,0.0013641488519195257,0.00042938287013782856,0.005027721721044513,0.9931787465568981
TCGA:LUAD:TCGA-97-A4M7-01,LUAD,LUAD,0.007203674525377071,0.0012608605202864807,0.017343931145005178,0.9741915338093313
TCGA:LUAD:TCGA-99-7458-01,LUAD,LUAD,0.008364991618799694,0.00015495575450720893,0.002874470873032693,0.9886055817536604
TCGA:LUAD:TCGA-99-8025-01,LUAD,LUAD,0.009402864549283282,0.0021223765092967433,0.018947449145916593,0.9695273097955034
TCGA:LUAD:TCGA-99-8028-01,LUAD,LUAD,0.004295272981134082,0.001205627733867524,0.017763933184025263,0.9767351661009731
TCGA:LUAD:TCGA-99-8032-01,LUAD,LUAD,0.04273396509369183,0.0029627963480228364,0.04276665824747634,0.911536580310809
TCGA:LUAD:TCGA-99-8033-01,LUAD,LUAD,0.012576826420618543,0.016669916688300413,0.16786149563087083,0.8028917612602103
TCGA:LUAD:TCGA-99-AA5R-01,LUAD,LUAD,0.01975545224219023,0.003907011332658636,0.011869073470432062,0.964468462954719
TCGA:LUAD:TCGA-J2-8192-01,LUAD,LUAD,0.0008358394131871627,0.0002370815415025887,0.0020332675260578514,0.9968938115192525
TCGA:LUAD:TCGA-J2-8194-01,LUAD,LUAD,0.05201935286243672,0.0005138680182478075,0.004851348727671614,0.9426154303916439
TCGA:LUAD:TCGA-J2-A4AD-01,LUAD,LUAD,0.005737446046998272,0.0014735966644061065,0.004167314385959244,0.9886216429026363
TCGA:LUAD:TCGA-J2-A4AE-01,LUAD,LUAD,0.014396480552400082,0.002949722887478792,0.02011128497383018,0.9625425115862909
TCGA:LUAD:TCGA-J2-A4AG-01,LUAD,LUAD,0.021502593356243646,0.00350450943496972,0.01160589663091485,0.9633870005778717
TCGA:LUAD:TCGA-L4-A4E5-01,LUAD,LUAD,0.0035741321262613124,0.0005982625307954237,0.0050781256054323156,0.9907494797375108
TCGA:LUAD:TCGA-L4-A4E6-01,LUAD,LUAD,0.00244227615589906,0.0006569170542056746,0.00873034566391321,0.9881704611259821
TCGA:LUAD:TCGA-L9-A443-01,LUAD,LUAD,0.009467525413872632,0.0028307953738269617,0.014916284290162384,0.972785394922138
TCGA:LUAD:TCGA-L9-A444-01,LUAD,LUAD,0.014310557431090932,0.0008853711712287847,0.014583240795380616,0.9702208306022997
TCGA:LUAD:TCGA-L9-A50W-01,LUAD,LUAD,0.0010629215779275807,0.0006249803942093009,0.00966873275593721,0.9886433652719259
TCGA:LUAD:TCGA-L9-A5IP-01,LUAD,LUAD,0.005285234785441852,0.007994710304447488,0.061103560713904465,0.9256164941962062
TCGA:LUAD:TCGA-L9-A743-01,LUAD,LUAD,0.0022655258483251155,0.0003669013396079809,0.010510495405080414,0.9868570774069866
TCGA:LUAD:TCGA-L9-A7SV-01,LUAD,LUAD,0.005701657176502061,0.00036521477724276287,0.007196072128889478,0.9867370559173658
TCGA:LUAD:TCGA-L9-A8F4-01,LUAD,LUAD,0.29740444813373745,0.009134349608783288,0.080572884206137,0.6128883180513423
TCGA:LUAD:TCGA-MN-A4N1-01,LUAD,LUAD,0.015415549950408659,0.002744378526265696,0.033288168028685235,0.9485519034946404
TCGA:LUAD:TCGA-MN-A4N4-01,LUAD,LUAD,0.1358188477801203,0.006916484705222137,0.02941117881978295,0.8278534886948746
TCGA:LUAD:TCGA-MN-A4N5-01,LUAD,LUAD,0.00794769330304312,0.0011731067312867702,0.0058894204679817925,0.9849897794976883
TCGA:LUAD:TCGA-MP-A4SV-01,LUAD,LUAD,0.008313318394817458,0.0004767538145945439,0.009438608888711671,0.9817713189018764
TCGA:LUAD:TCGA-MP-A4SW-01,LUAD,LUAD,0.0008898462992473633,0.00017765666893571134,0.003963498636954199,0.9949689983948626
TCGA:LUAD:TCGA-MP-A4SY-01,LUAD,LUAD,0.0020901524447127723,0.0014466198729998854,0.018564574436558415,0.9778986532457289
TCGA:LUAD:TCGA-MP-A4T4-01,LUAD,LUAD,0.014990704214165887,0.0011917105638068553,0.042875631430457736,0.9409419537915694
TCGA:LUAD:TCGA-MP-A4T6-01,LUAD,LUAD,0.003158516348754088,0.0035115688583386277,0.015523068836968405,0.9778068459559389
TCGA:LUAD:TCGA-MP-A4T7-01,LUAD,LUAD,0.007060634531777157,0.005849993989073004,0.022180556965751056,0.9649088145133988
TCGA:LUAD:TCGA-MP-A4T8-01,LUAD,LUAD,0.059138405045352636,0.0013651295764464922,0.013879341159042607,0.9256171242191583
TCGA:LUAD:TCGA-MP-A4T9-01,LUAD,LUAD,0.0028668599418874784,0.0006363430598013486,0.004917961332889091,0.9915788356654219
TCGA:LUAD:TCGA-MP-A4TA-01,LUAD,LUAD,0.029438111522111544,0.00721960845825289,0.22321011852887207,0.7401321614907636
TCGA:LUAD:TCGA-MP-A4TC-01,LUAD,LUAD,0.013705756174191272,0.002916907256635161,0.03566065495549414,0.9477166816136794
TCGA:LUAD:TCGA-MP-A4TD-01,LUAD,LUAD,0.002796772541780207,0.0006139823000149656,0.0037242793854788416,0.992864965772726
TCGA:LUAD:TCGA-MP-A4TE-01,LUAD,LUAD,0.08119415998117689,0.004031189777817909,0.03971927522062929,0.8750553750203758
TCGA:LUAD:TCGA-MP-A4TF-01,LUAD,LUAD,0.14431579023637425,0.00875593932794633,0.09040988194621702,0.7565183884894624
TCGA:LUAD:TCGA-MP-A4TH-01,LUAD,LUAD,0.0029495977555084097,0.00022854177064123889,0.001788009399987526,0.9950338510738629
TCGA:LUAD:TCGA-MP-A4TI-01,LUAD,LUAD,0.014269090982643045,0.01721610214596227,0.16290618051271422,0.8056086263586805
TCGA:LUAD:TCGA-MP-A4TJ-01,LUAD,LUAD,0.014583361166566534,0.0008421549970281455,0.02471106540357563,0.9598634184328296
TCGA:LUAD:TCGA-MP-A4TK-01,LUAD,LUAD,0.08857449318945936,0.003584536328702603,0.030067327663785327,0.8777736428180528
TCGA:LUAD:TCGA-MP-A5C7-01,LUAD,LUAD,0.005409910894968371,0.000672192953415752,0.0015828823181817376,0.992335013833434
TCGA:LUAD:TCGA-NJ-A4YF-01,LUAD,LUAD,0.13556331928001125,0.002068026274861606,0.03142793196565619,0.8309407224794709
TCGA:LUAD:TCGA-NJ-A4YG-01,LUAD,LUAD,0.0054321628064603845,0.0006970689634113333,0.007377857941780256,0.986492910288348
TCGA:LUAD:TCGA-NJ-A4YI-01,LUAD,LUAD,0.003352603436204887,0.0006914978281908282,0.003780158489003848,0.9921757402466005
TCGA:LUAD:TCGA-NJ-A4YP-01,LUAD,LUAD,0.013142302477256566,0.0025792966618731635,0.00439803810857279,0.9798803627522975
TCGA:LUAD:TCGA-NJ-A4YQ-01,LUAD,LUAD,0.008297392374787637,0.0005553873436522377,0.01326179778756327,0.9778854224939969
TCGA:LUAD:TCGA-NJ-A55A-01,LUAD,LUAD,0.08295354213164492,0.004108035495116023,0.01909334795654885,0.8938450744166903
TCGA:LUAD:TCGA-NJ-A55O-01,LUAD,LUAD,0.003691021688028294,0.00014339443141053756,0.002349690420117914,0.9938158934604432
TCGA:LUAD:TCGA-NJ-A55R-01,LUAD,LUAD,0.006843468798624325,0.001190085505454922,0.003328089069430452,0.9886383566264902
TCGA:LUAD:TCGA-NJ-A7XG-01,LUAD,LUAD,0.0012281375571495644,0.00038609879268265994,0.00394331718933191,0.9944424464608359
TCGA:LUAD:TCGA-O1-A52J-01,LUAD,LUAD,0.004478175699448347,0.00035352856943163003,0.00456697082317824,0.9906013249079417
TCGA:LUAD:TCGA-S2-AA1A-01,LUAD,LUAD,0.03839174069672117,0.001458429044726263,0.028428344778960942,0.9317214854795915
TCGA:LSCC:TCGA-18-3406-01,LSCC,LSCC,0.005431754521200354,0.01732778737399965,0.944963888330648,0.03227656977415195
TCGA:LSCC:TCGA-18-3407-01,LSCC,LSCC,0.0033563049197931826,0.009931371366379449,0.9836308140066723,0.0030815097071550425
TCGA:LSCC:TCGA-18-3408-01,LSCC,LSCC,0.048042778682633194,0.006051656549511251,0.8833536380459304,0.06255192672192512
TCGA:LSCC:TCGA-18-3410-01,LSCC,LSCC,0.019296102103299396,0.03459317171437373,0.8820991216301143,0.06401160455221261
TCGA:LSCC:TCGA-18-3411-01,LSCC,LSCC,0.0010418521363190878,0.0039261710066799595,0.9899690031656421,0.005062973691358783
TCGA:LSCC:TCGA-18-3412-01,LSCC,LSCC,0.002124069360509451,0.02219012056801716,0.9649376797410234,0.010748130330450028
TCGA:LSCC:TCGA-18-3414-01,LSCC,LSCC,0.0009134627097202681,0.003148861262713466,0.9912299889622698,0.004707687065296482
TCGA:LSCC:TCGA-18-3415-01,LSCC,LSCC,0.0029407858959456315,0.022431254530309166,0.9700166712056286,0.004611288368116463
TCGA:LSCC:TCGA-18-3416-01,LSCC,LSCC,0.002032955832039059,0.03302305080360713,0.9623682509087403,0.002575742455613595
TCGA:LSCC:TCGA-18-3417-01,LSCC,LSCC,0.015423041685135124,0.11292493778766313,0.8466474279522174,0.025004592574984205
TCGA:LSCC:TCGA-18-3419-01,LSCC,LSCC,0.007381835043127568,0.0076381728512119355,0.9774353606720144,0.007544631433646144
TCGA:LSCC:TCGA-18-3421-01,LSCC,LSCC,0.0025812601503931287,0.010372455846607676,0.9847380934441835,0.0023081905588157106
TCGA:LSCC:TCGA-18-4083-01,LSCC,LSCC,0.001243272830735912,0.0073815147490742935,0.9901323133474906,0.0012428990726991481
TCGA:LSCC:TCGA-18-4086-01,LSCC,LSCC,0.0009600732411619982,0.005152086237369452,0.991904757557001,0.001983082964467339
TCGA:LSCC:TCGA-18-4721-01,LSCC,LSCC,0.0014592018561938353,0.00455088645461599,0.9897959729289044,0.004193938760285573
TCGA:LSCC:TCGA-18-5592-01,LSCC,LSCC,0.0005519744542773799,0.015587990297588367,0.9813975958066788,0.0024624394414553322
TCGA:LSCC:TCGA-21-1071-01,LSCC,LSCC,0.0005520206350051317,0.0025732315178260655,0.9925363690038601,0.004338378843308738
TCGA:LSCC:TCGA-21-1072-01,LSCC,LSCC,0.0013898650141192426,0.005988586530442081,0.9885684159730892,0.004053132482349426
TCGA:LSCC:TCGA-21-1075-01,LSCC,LSCC,0.0012544030414187374,0.0025501619289391747,0.9905202825932686,0.005675152436373376
TCGA:LSCC:TCGA-21-1076-01,LSCC,LSCC,0.0014848197480437006,0.00390822179760716,0.9905277141362562,0.004079244318093147
TCGA:LSCC:TCGA-21-1079-01,LSCC,LSCC,0.006799984727822273,0.020128085486341284,0.9666162915498572,0.006455638235979176
TCGA:LSCC:TCGA-21-1080-01,LSCC,LSCC,0.0019368272179588633,0.0056017473951385285,0.9894766486226366,0.0029847767642660686
TCGA:LSCC:TCGA-21-1081-01,LSCC,LSCC,0.0046944240894044,0.06693468038115073,0.9144106815295063,0.013960213999938461
TCGA:LSCC:TCGA-21-1082-01,LSCC,LSCC,0.024228025639364492,0.43748939316534025,0.526462119719575,0.011820461475720289
TCGA:LSCC:TCGA-21-5782-01,LSCC,LSCC,0.0005321546170736043,0.01115328876775722,0.9851595907298308,0.003154965885338295
TCGA:LSCC:TCGA-21-5783-01,LSCC,LSCC,0.006433387013596346,0.07048818293276583,0.9147947961219192,0.008283633931718808
TCGA:LSCC:TCGA-21-5784-01,LSCC,LSCC,0.01571542713742096,0.04032432022454368,0.9131587505334698,0.030801502104565524
TCGA:LSCC:TCGA-21-5786-01,LSCC,LSCC,0.013443235879904258,0.3703786175460973,0.5795584559923418,0.036619690581656726
TCGA:LSCC:TCGA-21-5787-01,LSCC,BRCA,0.6131297737757793,0.02062402183544325,0.20241054492299718,0.16383565946578035
TCGA:LSCC:TCGA-22-0940-01,LSCC,LSCC,0.002759219366577634,0.0061198584448415435,0.9796776745880809,0.011443247600500132
TCGA:LSCC:TCGA-22-0944-01,LSCC,LSCC,0.0010270281278384097,0.01084863297108095,0.9860733786709789,0.002050960230101614
TCGA:LSCC:TCGA-22-1000-01,LSCC,LSCC,0.00735758059428306,0.045230053227455394,0.8989160825218298,0.04849628365643176
TCGA:LSCC:TCGA-22-1002-01,LSCC,LSCC,0.01034855094545853,0.18660052971518903,0.7855174977851597,0.017533421554192685
TCGA:LSCC:TCGA-22-1005-01,LSCC,LUAD,0.06063511075729561,0.0014536238028723298,0.06654967498210974,0.8713615904577223
TCGA:LSCC:TCGA-22-1011-01,LSCC,LSCC,0.0038903509026861757,0.14040079458793378,0.8479158805266681,0.00779297398271199
TCGA:LSCC:TCGA-22-1012-01,LSCC,LSCC,0.003983668084693866,0.03463559442514946,0.9600294728382828,0.0013512646518740931
TCGA:LSCC:TCGA-22-1016-01,LSCC,LUAD,0.1530251267451065,0.01338505172819699,0.31115384533648427,0.5224359761902123
TCGA:LSCC:TCGA-22-1017-01,LSCC,LUAD,0.030844543878570854,0.004178492333444547,0.026756992077753637,0.9382199717102309
TCGA:LSCC:TCGA-22-4591-01,LSCC,LSCC,0.0017414785079629407,0.001806320690511224,0.9940823516176229,0.0023698491839029626
TCGA:LSCC:TCGA-22-4593-01,LSCC,LSCC,0.0034690905887059063,0.008914152689992952,0.985665073805918,0.0019516829153832717
TCGA:LSCC:TCGA-22-4594-01,LSCC,LUAD,0.00539998681093039,0.001266842445112916,0.02422535942004381,0.969107811323913
TCGA:LSCC:TCGA-22-4595-01,LSCC,HNSCC,0.005791132810747128,0.6833060736020861,0.2988134448178546,0.012089348769312211
TCGA:LSCC:TCGA-22-4596-01,LSCC,LUAD,0.022210212104849417,0.0010534937387821255,0.02549904685760135,0.9512372472987672
TCGA:LSCC:TCGA-22-4599-01,LSCC,LSCC,0.0008177274596534907,0.0030090261408890102,0.9931252680295527,0.0030479783699046124
TCGA:LSCC:TCGA-22-4601-01,LSCC,LSCC,0.010381765995215267,0.04933719073578299,0.9274109184007998,0.012870124868202033
TCGA:LSCC:TCGA-22-4604-01,LSCC,LSCC,0.002212823031635172,0.022444471080155477,0.9684548718758724,0.006887834012337044
TCGA:LSCC:TCGA-22-4605-01,LSCC,LSCC,0.014242365374238316,0.2452975153712803,0.715334306617052,0.02512581263742952
TCGA:LSCC:TCGA-22-4607-01,LSCC,LSCC,0.005538634537845234,0.039407712623110665,0.9410829160622947,0.013970736776749431
TCGA:LSCC:TCGA-22-4609-01,LSCC,LSCC,0.003830267590586265,0.20466281489692803,0.7774381617119207,0.014068755800565106
TCGA:LSCC:TCGA-22-4613-01,LSCC,LSCC,0.000840960616046494,0.0010061014869579665,0.9961092678990466,0.00204366999794886
TCGA:LSCC:TCGA-22-5471-01,LSCC,LSCC,0.007565832907639984,0.1848815098478773,0.7936814663638767,0.01387119088060606
TCGA:LSCC:TCGA-22-5472-01,LSCC,LSCC,0.00803963907262635,0.0856890484429944,0.8540665990406978,0.052204713443681335
TCGA:LSCC:TCGA-22-5473-01,LSCC,LSCC,0.0018508831187677073,0.010453605684667565,0.9856728313215173,0.002022679875047506
TCGA:LSCC:TCGA-22-5474-01,LSCC,LSCC,0.0011359562445626852,0.0036674611601926633,0.9937324160362455,0.001464166558999144
TCGA:LSCC:TCGA-22-5477-01,LSCC,LSCC,0.0034745231745324495,0.01607920583425982,0.9773500053607838,0.0030962656304239153
TCGA:LSCC:TCGA-22-5478-01,LSCC,LSCC,0.07721295794468673,0.027170473158278214,0.6949222566215786,0.20069431227545642
TCGA:LSCC:TCGA-22-5479-01,LSCC,LSCC,0.0023402030331134164,0.012450588309454341,0.984129506148301,0.001079702509131174
TCGA:LSCC:TCGA-22-5480-01,LSCC,LSCC,0.12129286733289844,0.14140861546612948,0.723843398357641,0.01345511884333103
TCGA:LSCC:TCGA-22-5481-01,LSCC,BRCA,0.7981838098623457,0.1024978324910314,0.06440571269561403,0.03491264495100873
TCGA:LSCC:TCGA-22-5482-01,LSCC,LSCC,0.004188887309811931,0.10626295911358184,0.8868285463965101,0.0027196071800962285
TCGA:LSCC:TCGA-22-5483-01,LSCC,LSCC,0.07892060194134544,0.008205502397629261,0.7197915628049095,0.19308233285611567
TCGA:LSCC:TCGA-22-5485-01,LSCC,LSCC,0.0016205034899353197,0.029341728434310346,0.965546945606339,0.0034908224694152183
TCGA:LSCC:TCGA-22-5489-01,LSCC,LSCC,0.0044660886324943165,0.018099841631786615,0.9702115908261961,0.007222478909522914
TCGA:LSCC:TCGA-22-5491-01,LSCC,LSCC,0.001160589854409796,0.00751252666716202,0.9904614348902812,0.0008654485881469594
TCGA:LSCC:TCGA-22-5492-01,LSCC,LSCC,0.004265781773631797,0.012820934670352682,0.9761434691769324,0.006769814379083148
TCGA:LSCC:TCGA-22-A5C4-01,LSCC,LSCC,0.011984267931254641,0.007060010304286555,0.9712002979100594,0.009755423854399387
TCGA:LSCC:TCGA-33-4532-01,LSCC,LSCC,0.0007941735694780155,0.003097113256311504,0.9927932620664356,0.003315451107774968
TCGA:LSCC:TCGA-33-4533-01,LSCC,LSCC,0.024770817979543412,0.00719674827400066,0.8700465443632073,0.09798588938324865
TCGA:LSCC:TCGA-33-4538-01,LSCC,LSCC,0.0018421906702539184,0.007154872556393696,0.9836587231658604,0.007344213607492017
TCGA:LSCC:TCGA-33-4547-01,LSCC,LSCC,0.0005050008618672642,0.0018211664020261354,0.9862242313417969,0.011449601394309677
TCGA:LSCC:TCGA-33-4566-01,LSCC,LSCC,0.016252479211628357,0.1076414101476461,0.8345098141787975,0.04159629646192798
TCGA:LSCC:TCGA-33-4582-01,LSCC,LSCC,0.006279491155694158,0.0032033358607525307,0.9830077866262884,0.007509386357264957
TCGA:LSCC:TCGA-33-4583-01,LSCC,LSCC,0.0022139104583648104,0.03548698238133656,0.9532092810780383,0.009089826082260399
TCGA:LSCC:TCGA-33-4586-01,LSCC,LSCC,0.0020463157624661223,0.018738373927174527,0.973129195039424,0.006086115270935416
TCGA:LSCC:TCGA-33-4587-01,LSCC,BRCA,0.8069293725658224,0.004459497982741757,0.08227986281799596,0.10633126663343993
TCGA:LSCC:TCGA-33-4589-01,LSCC,LSCC,0.022409955056851363,0.19887524590187763,0.759799173622106,0.018915625419164958
TCGA:LSCC:TCGA-33-6738-01,LSCC,LSCC,0.09959104846254557,0.011239131767037402,0.7041097360902474,0.18506008368016966
TCGA:LSCC:TCGA-33-A4WN-01,LSCC,LSCC,0.0035635700867558268,0.07779275078640609,0.9110437603639522,0.007599918762885999
TCGA:LSCC:TCGA-33-A5GW-01,LSCC,LSCC,0.011708166453009644,0.3907412832369234,0.5898259118632357,0.0077246384468311015
TCGA:LSCC:TCGA-33-AAS8-01,LSCC,LSCC,0.00533074720768789,0.010588065696887692,0.9805176061301457,0.0035635809652787413
TCGA:LSCC:TCGA-33-AASB-01,LSCC,LUAD,0.03259558394701656,0.040831074260796706,0.3416666843713489,0.5849066574208379
TCGA:LSCC:TCGA-33-AASD-01,LSCC,LSCC,0.0017319583415450395,0.012005181063075694,0.9796665854020972,0.006596275193282187
TCGA:LSCC:TCGA-33-AASI-01,LSCC,LSCC,0.15583719771743468,0.04204613733951434,0.7312078813467848,0.07090878359626626
TCGA:LSCC:TCGA-33-AASJ-01,LSCC,LSCC,0.001139959232059399,0.017472309385678664,0.9801546096777689,0.0012331217044931342
TCGA:LSCC:TCGA-33-AASL-01,LSCC,LSCC,0.017616244279185567,0.09952648937159624,0.8726747081794965,0.010182558169721617
TCGA:LSCC:TCGA-34-2596-01,LSCC,LSCC,0.008219485328572567,0.10717835714499055,0.8809511872734306,0.003650970253006262
TCGA:LSCC:TCGA-34-2600-01,LSCC,LSCC,0.039925226632429235,0.051059205786262905,0.8942360470036111,0.014779520577696822
TCGA:LSCC:TCGA-34-2608-01,LSCC,LSCC,0.0017050648584786047,0.006405703251257771,0.9833782794460773,0.008510952444186365
TCGA:LSCC:TCGA-34-5231-01,LSCC,LSCC,0.005777203164426997,0.05694042254539284,0.9345511092031108,0.002731265087069536
TCGA:LSCC:TCGA-34-5232-01,LSCC,LSCC,0.0039445672826811835,0.07371839866151143,0.9173428515799956,0.004994182475811614
TCGA:LSCC:TCGA-34-5234-01,LSCC,LSCC,0.008533074792077338,0.02229814675615206,0.5667049186341214,0.40246385981764915
TCGA:LSCC:TCGA-34-5236-01,LSCC,LSCC,0.03001116567915225,0.12192513507601793,0.8180687719044647,0.029994927340365143
TCGA:LSCC:TCGA-34-5239-01,LSCC,LSCC,0.030566235787223044,0.21492636487915381,0.7241277568096443,0.030379642523978748
TCGA:LSCC:TCGA-34-5240-01,LSCC,LSCC,0.008247538300410546,0.07600396303290005,0.8959994317541233,0.019749066912566057
TCGA:LSCC:TCGA-34-5241-01,LSCC,LSCC,0.0006734010307841724,0.0042321310881159105,0.9918619531785944,0.0032325147025056827
TCGA:LSCC:TCGA-34-5927-01,LSCC,LSCC,0.019236414963109752,0.014954003491281178,0.9455060760269459,0.02030350551866327
TCGA:LSCC:TCGA-34-5928-01,LSCC,LSCC,0.013846054844265734,0.01006629612550374,0.959218460446288,0.01686918858394244
TCGA:LSCC:TCGA-34-5929-01,LSCC,LSCC,0.004986860733711426,0.024792059458512934,0.9576026940949762,0.012618385712799307
TCGA:LSCC:TCGA-34-7107-01,LSCC,LSCC,0.0028871433434490943,0.048868545757258755,0.9440269035978794,0.0042174073014126555
TCGA:LSCC:TCGA-34-8454-01,LSCC,LSCC,0.0011001877255366326,0.033019847364655415,0.9632234351248816,0.0026565297849263114
TCGA:LSCC:TCGA-34-8455-01,LSCC,LSCC,0.0034429247289025104,0.17971853798738704,0.7954313589421672,0.02140717834154315
TCGA:LSCC:TCGA-34-8456-01,LSCC,LSCC,0.0033010125834544023,0.009642231548816048,0.9773782894116821,0.00967846645604731
TCGA:LSCC:TCGA-34-A5IX-01,LSCC,LSCC,0.13372581844782747,0.20589645449127905,0.6437918148078966,0.01658591225299696
TCGA:LSCC:TCGA-37-3783-01,LSCC,LSCC,0.005936903100254964,0.01300922222042848,0.9738557064603269,0.007198168218989621
TCGA:LSCC:TCGA-37-3789-01,LSCC,LSCC,0.0008243804794844048,0.010724041170057312,0.9853783983294684,0.0030731800209900734
TCGA:LSCC:TCGA-37-3792-01,LSCC,LUAD,0.006683884128054497,0.00449988825285095,0.1247906621458535,0.864025565473241
TCGA:LSCC:TCGA-37-4129-01,LSCC,BRCA,0.7373502530612438,0.010411157024834805,0.03599870199832086,0.2162398879156005
TCGA:LSCC:TCGA-37-4130-01,LSCC,LUAD,0.06105624874717957,0.010248498678726828,0.21046838883578647,0.7182268637383072
TCGA:LSCC:TCGA-37-4132-01,LSCC,LSCC,0.11955124928480428,0.007140093804476098,0.62324959504204,0.2500590618686796
TCGA:LSCC:TCGA-37-4133-01,LSCC,LSCC,0.006208295457232217,0.018871837862487275,0.9647757055783255,0.010144161101954952
TCGA:LSCC:TCGA-37-4135-01,LSCC,LSCC,0.06562810002293096,0.009428032520246668,0.8273077271110619,0.09763614034576035
TCGA:LSCC:TCGA-37-4141-01,LSCC,LSCC,0.15469276344447336,0.032786351955364675,0.4911955551014523,0.32132532949870973
TCGA:LSCC:TCGA-37-5819-01,LSCC,LSCC,0.19174282876834448,0.012580573236013954,0.4287430277209587,0.3669335702746829
TCGA:LSCC:TCGA-37-A5EL-01,LSCC,LSCC,0.01949991073215441,0.10048295357215001,0.8623645428126666,0.017652592883028895
TCGA:LSCC:TCGA-37-A5EN-01,LSCC,LSCC,0.004663957742606799,0.017910253514330718,0.9675552683966165,0.009870520346445928
TCGA:LSCC:TCGA-39-5011-01,LSCC,LUAD,0.008180643504117138,0.003427599784346326,0.16285834791763282,0.8255334087939038
TCGA:LSCC:TCGA-39-5016-01,LSCC,LSCC,0.0035221881834332685,0.005078548787209672,0.9797946922338935,0.011604570795463669
TCGA:LSCC:TCGA-39-5019-01,LSCC,LSCC,0.0021210140127072355,0.00820552299885375,0.9880482612573244,0.001625201731114696
TCGA:LSCC:TCGA-39-5021-01,LSCC,LSCC,0.00039881903789736945,0.0024062759600482855,0.9911599076497187,0.006034997352335542
TCGA:LSCC:TCGA-39-5022-01,LSCC,LSCC,0.003903975425906081,0.004217321421565509,0.9731044512777994,0.01877425187472887
TCGA:LSCC:TCGA-39-5024-01,LSCC,LSCC,0.016302509859281725,0.31912264761455095,0.6480099559072008,0.016564886618966525
TCGA:LSCC:TCGA-39-5027-01,LSCC,LSCC,0.0024245246351283904,0.010811395539575813,0.9856830933291457,0.0010809864961501077
TCGA:LSCC:TCGA-39-5028-01,LSCC,LSCC,0.06202149257625471,0.19185772096100004,0.7003030935812027,0.04581769288154263
TCGA:LSCC:TCGA-39-5029-01,LSCC,LSCC,0.008077555170464861,0.03706762495681739,0.9476449161250224,0.007209903747695325
TCGA:LSCC:TCGA-39-5030-01,LSCC,LSCC,0.001318679649534135,0.0036563909745771024,0.9878251306439579,0.007199798731930903
TCGA:LSCC:TCGA-39-5031-01,LSCC,LSCC,0.0033543915059228075,0.08068391899310426,0.9115612987614294,0.004400390739543588
TCGA:LSCC:TCGA-39-5034-01,LSCC,LUAD,0.07420087106636812,0.0020180245373885536,0.0696472389572865,0.8541338654389568
TCGA:LSCC:TCGA-39-5035-01,LSCC,LSCC,0.008498267694586416,0.007428121276219139,0.9719680741544189,0.012105536874775584
TCGA:LSCC:TCGA-39-5036-01,LSCC,LSCC,0.0025277265231031074,0.043269162187152335,0.9500781569772435,0.004124954312501078
TCGA:LSCC:TCGA-39-5037-01,LSCC,LSCC,0.0036078947313458593,0.052784137703460035,0.940333288773368,0.0032746787918260813
TCGA:LSCC:TCGA-39-5039-01,LSCC,LSCC,0.008396285577415494,0.016555840485316352,0.8544295576350167,0.12061831630225128
TCGA:LSCC:TCGA-39-5040-01,LSCC,BRCA,0.8098588613754216,0.004484944161658771,0.12929540371658163,0.056360790746337965
TCGA:LSCC:TCGA-43-2576-01,LSCC,LUAD,0.3286998195882052,0.007072481011044542,0.06090437932079787,0.6033233200799524
TCGA:LSCC:TCGA-43-2578-01,LSCC,BRCA,0.5282562446467308,0.034048374578345746,0.3112082701499677,0.12648711062495582
TCGA:LSCC:TCGA-43-2581-01,LSCC,LUAD,0.01210914796824546,0.006153410348993637,0.04438181909762786,0.937355622585133
TCGA:LSCC:TCGA-43-3394-01,LSCC,LSCC,0.0007577246904633451,0.0023104975470703898,0.9953450732503987,0.0015867045120677283
TCGA:LSCC:TCGA-43-3920-01,LSCC,LSCC,0.030897166087409243,0.006794840090296278,0.9415695159738193,0.020738477848475063
TCGA:LSCC:TCGA-43-5668-01,LSCC,BRCA,0.5801157484589321,0.06288285430639125,0.07601208996928671,0.2809893072653899
TCGA:LSCC:TCGA-43-5670-01,LSCC,LSCC,0.00887636775802353,0.08207554799962334,0.9026980404136196,0.006350043828733516
TCGA:LSCC:TCGA-43-6143-01,LSCC,LSCC,0.017627308910905918,0.034022464314696015,0.9302771075452944,0.018073119229103537
TCGA:LSCC:TCGA-43-6647-01,LSCC,LSCC,0.0025061808014662087,0.01733927983200318,0.9709083530710736,0.009246186295457018
TCGA:LSCC:TCGA-43-6770-01,LSCC,LSCC,0.0007153175109336015,0.008971040151305476,0.9896181873588789,0.0006954549788819173
TCGA:LSCC:TCGA-43-6771-01,LSCC,HNSCC,0.001465490132683985,0.993744744889887,0.004254097409412506,0.0005356675680164101
TCGA:LSCC:TCGA-43-6773-01,LSCC,LSCC,0.008288185500596783,0.07525803604586896,0.8971854119463786,0.019268366507155604
TCGA:LSCC:TCGA-43-7656-01,LSCC,LSCC,0.014032278126343351,0.007005800103092447,0.9623193849719924,0.016642536798571764
TCGA:LSCC:TCGA-43-7657-01,LSCC,LSCC,0.007232283783451521,0.024016913464842114,0.9561980231690608,0.012552779582645621
TCGA:LSCC:TCGA-43-7658-01,LSCC,BRCA,0.9287926406059496,0.0030309706930310627,0.04691188265812107,0.02126450604289835
TCGA:LSCC:TCGA-43-8115-01,LSCC,LSCC,0.005675807327398766,0.011410624270822907,0.9715138260123738,0.011399742389404742
TCGA:LSCC:TCGA-43-8116-01,LSCC,LSCC,0.001967850222733776,0.006179217314890875,0.9890803302964782,0.0027726021658969896
TCGA:LSCC:TCGA-43-8118-01,LSCC,HNSCC,0.01746287174793336,0.5232873015421672,0.44737345230190145,0.011876374407997985
TCGA:LSCC:TCGA-43-A474-01,LSCC,LSCC,0.0010571374766782493,0.06921040164153498,0.9262117946374437,0.0035206662443432336
TCGA:LSCC:TCGA-43-A475-01,LSCC,HNSCC,0.007023393009584495,0.56079696154599,0.4229701326441356,0.009209512800289926
TCGA:LSCC:TCGA-43-A56U-01,LSCC,LSCC,0.010885656026399059,0.015150670816952764,0.9371074147552982,0.0368562584013499
TCGA:LSCC:TCGA-43-A56V-01,LSCC,LSCC,0.0019242627300515545,0.011149756314248518,0.9677145507681139,0.0192114301875863
TCGA:LSCC:TCGA-46-3765-01,LSCC,LSCC,0.000287145185859318,0.0033232118565227563,0.9954203056697349,0.0009693372878830438
TCGA:LSCC:TCGA-46-3766-01,LSCC,LSCC,0.025726450655672826,0.004956194110201067,0.8464433092013417,0.12287404603278441
TCGA:LSCC:TCGA-46-3767-01,LSCC,LSCC,0.01306841957420563,0.0035374012489771366,0.9604687081027535,0.02292547107406366
TCGA:LSCC:TCGA-46-3768-01,LSCC,LSCC,0.004584724754805319,0.03780959858511783,0.9541124530024538,0.003493223657622828
TCGA:LSCC:TCGA-46-3769-01,LSCC,LUAD,0.031227917631701668,0.0067492676216176885,0.11757651797933123,0.8444462967673494
TCGA:LSCC:TCGA-46-6025-01,LSCC,LSCC,0.0013444532105819226,0.04131271579090925,0.9540857473590059,0.0032570836395031297
TCGA:LSCC:TCGA-46-6026-01,LSCC,HNSCC,0.01982073964499396,0.5095306533579921,0.45758003731469804,0.01306856968231582
TCGA:LSCC:TCGA-51-4079-01,LSCC,LSCC,0.0025122921625534305,0.06202061975845513,0.9323539506716781,0.0031131374073133018
TCGA:LSCC:TCGA-51-4080-01,LSCC,LSCC,0.0022864817259082744,0.003992024063045403,0.9927341597637068,0.0009873344473395724
TCGA:LSCC:TCGA-51-4081-01,LSCC,LSCC,0.0031271927338332906,0.021414405062979643,0.9696908191480703,0.005767583055116699
TCGA:LSCC:TCGA-52-7622-01,LSCC,LSCC,0.0013788511715583933,0.018923395103428345,0.9744894169408448,0.0052083367841683405
TCGA:LSCC:TCGA-52-7809-01,LSCC,LSCC,0.004365358027587808,0.007658794136057481,0.9706441223232751,0.017331725513079512
TCGA:LSCC:TCGA-52-7810-01,LSCC,LSCC,0.01744720357968763,0.14923130601611234,0.829222250448264,0.004099239955935984
TCGA:LSCC:TCGA-52-7811-01,LSCC,LSCC,0.0025328150972397205,0.23353923260052892,0.7558770832530821,0.008050869049149166
TCGA:LSCC:TCGA-52-7812-01,LSCC,LUAD,0.05546635431789193,0.009839609445270476,0.13459580394964957,0.800098232287188
TCGA:LSCC:TCGA-56-1622-01,LSCC,LSCC,0.05559938598492699,0.209989146365655,0.6815286653713066,0.05288280227811141
TCGA:LSCC:TCGA-56-5897-01,LSCC,LSCC,0.004492138711853269,0.06326197568843203,0.921089063897742,0.011156821701972769
TCGA:LSCC:TCGA-56-5898-01,LSCC,LSCC,0.003498582021914693,0.013996021704095757,0.970507147671947,0.011998248602042535
TCGA:LSCC:TCGA-56-6545-01,LSCC,LSCC,0.007482695379058708,0.10580723356442687,0.8716001269112326,0.015109944145281893
TCGA:LSCC:TCGA-56-6546-01,LSCC,LSCC,0.0694715672099277,0.0022824290160298978,0.9140111917078768,0.014234812066165736
TCGA:LSCC:TCGA-56-7221-01,LSCC,LSCC,0.005113807479186292,0.01056887801906012,0.9806969552018812,0.003620359299872404
TCGA:LSCC:TCGA-56-7222-01,LSCC,LSCC,0.002171541126725557,0.006438655640469448,0.9856981467719556,0.0056916564608494105
TCGA:LSCC:TCGA-56-7223-01,LSCC,LSCC,0.062098234311186044,0.016335415453006166,0.6993891876672071,0.2221771625686006
TCGA:LSCC:TCGA-56-7579-01,LSCC,LSCC,0.007520730404966113,0.14218644548196252,0.8277473224463844,0.022545501666686982
TCGA:LSCC:TCGA-56-7580-01,LSCC,LSCC,0.0006798556201454213,0.0027819818969478543,0.9939113112871341,0.0026268511957728592
TCGA:LSCC:TCGA-56-7582-01,LSCC,LSCC,0.0012627458615138973,0.01031019560446336,0.9869335373112702,0.0014935212227525103
TCGA:LSCC:TCGA-56-7730-01,LSCC,LSCC,0.0035397163406471147,0.01129974573241118,0.9794878447737003,0.005672693153241271
TCGA:LSCC:TCGA-56-7731-01,LSCC,LSCC,0.0018147759147175415,0.0038793955100358862,0.9878393716955075,0.006466456879739095
TCGA:LSCC:TCGA-56-7822-01,LSCC,LSCC,0.009255958035358593,0.15431317795313948,0.7260358137804516,0.11039505023105035
TCGA:LSCC:TCGA-56-7823-01,LSCC,LSCC,0.0011005832798579346,0.005911304726409964,0.9913945076332935,0.0015936043604385993
TCGA:LSCC:TCGA-56-8082-01,LSCC,LSCC,0.05065304631739028,0.1274579680789546,0.7992816052571192,0.02260738034653597
TCGA:LSCC:TCGA-56-8083-01,LSCC,LSCC,0.24112933878196424,0.03647551066495699,0.6415406862353424,0.08085446431773638
TCGA:LSCC:TCGA-56-8201-01,LSCC,HNSCC,0.029889437369264808,0.4876149558430963,0.4239588518995763,0.05853675488806269
TCGA:LSCC:TCGA-56-8304-01,LSCC,HNSCC,0.004049467791564034,0.81639793183699,0.17339461060048375,0.0061579897709621405
TCGA:LSCC:TCGA-56-8305-01,LSCC,LSCC,0.0019161594620683284,0.35034977878501694,0.6420327838532635,0.0057012778996513485
TCGA:LSCC:TCGA-56-8307-01,LSCC,LSCC,0.05998683978150855,0.35681356961754485,0.5644815213311534,0.018718069269793376
TCGA:LSCC:TCGA-56-8308-01,LSCC,LSCC,0.0033936256572544275,0.057120505446698694,0.9344189413919187,0.005066927504128092
TCGA:LSCC:TCGA-56-8309-01,LSCC,LSCC,0.0327043035162692,0.0318622686896985,0.821695077783642,0.11373835001039027
TCGA:LSCC:TCGA-56-8503-01,LSCC,LSCC,0.006074092372352618,0.023146140525339788,0.9504614644160216,0.02031830268628591
TCGA:LSCC:TCGA-56-8504-01,LSCC,LSCC,0.0020819716873827746,0.044477587400640034,0.9480780506261273,0.005362390285849931
TCGA:LSCC:TCGA-56-8622-01,LSCC,LSCC,0.013874656593554241,0.07271806088857036,0.8645756128045955,0.04883166971327996
TCGA:LSCC:TCGA-56-8623-01,LSCC,LUAD,0.010090962076633157,0.005550930206861309,0.022663791313115262,0.9616943164033902
TCGA:LSCC:TCGA-56-8624-01,LSCC,LSCC,0.1605219648184534,0.10742454438313304,0.6899069556379853,0.04214653516042824
TCGA:LSCC:TCGA-56-8625-01,LSCC,LSCC,0.0052414361775235015,0.016989771409376558,0.955623732667447,0.02214505974565309
TCGA:LSCC:TCGA-56-8626-01,LSCC,LSCC,0.0051127764803774395,0.01951196604345414,0.9067208164321913,0.06865444104397726
TCGA:LSCC:TCGA-56-8628-01,LSCC,LSCC,0.020211471302116278,0.13775261111918272,0.6925941659703575,0.1494417516083435
TCGA:LSCC:TCGA-56-8629-01,LSCC,LSCC,0.0011154952807502757,0.00835086500268218,0.9856242222606161,0.0049094174559514365
TCGA:LSCC:TCGA-56-A49D-01,LSCC,LSCC,0.002672527777394986,0.179580522548011,0.8101448377022333,0.0076021119723606615
TCGA:LSCC:TCGA-56-A4BW-01,LSCC,LSCC,0.010103900184473956,0.4242056203833074,0.5503651573333378,0.015325322098880937
TCGA:LSCC:TCGA-56-A4BX-01,LSCC,LSCC,0.005912058059964293,0.035358398392218285,0.9513236841430763,0.007405859404741031
TCGA:LSCC:TCGA-56-A4BY-01,LSCC,HNSCC,0.005277092364462588,0.6013483625628996,0.3806680041817961,0.012706540890841927
TCGA:LSCC:TCGA-56-A4ZJ-01,LSCC,LSCC,0.0027488793678752312,0.01581318773406646,0.9579790392689621,0.023458893629096162
TCGA:LSCC:TCGA-56-A4ZK-01,LSCC,LSCC,0.0033240018135213436,0.00808056091410296,0.9867877588021302,0.0018076784702455867
TCGA:LSCC:TCGA-56-A5DR-01,LSCC,LSCC,0.000992062753105247,0.006836476518388894,0.9899024472194281,0.0022690135090776926
TCGA:LSCC:TCGA-56-A5DS-01,LSCC,LSCC,0.0010213944349455385,0.033426307725167755,0.9476775340089277,0.017874763830959168
TCGA:LSCC:TCGA-56-A62T-01,LSCC,LSCC,0.005176588673624822,0.1571854788469173,0.83043549951264,0.007202432966817879
TCGA:LSCC:TCGA-58-8386-01,LSCC,LSCC,0.004350336627395614,0.43866492204667135,0.5177556598243799,0.03922908150155319
TCGA:LSCC:TCGA-58-8387-01,LSCC,LSCC,0.0010217726986939473,0.00871880773918949,0.9856319175627813,0.004627501999335315
TCGA:LSCC:TCGA-58-8388-01,LSCC,LSCC,0.0221654693128797,0.014530863241312949,0.9204590089943688,0.04284465845143848
TCGA:LSCC:TCGA-58-8390-01,LSCC,LSCC,0.006390890549169983,0.014243622014998554,0.9650685314753102,0.014296955960521215
TCGA:LSCC:TCGA-58-8391-01,LSCC,HNSCC,0.0060301027210921815,0.706625529758205,0.2767729583131074,0.010571409207595344
TCGA:LSCC:TCGA-58-8392-01,LSCC,LSCC,0.00015990430983487238,0.005140581322513257,0.9938819564576419,0.000817557910010061
TCGA:LSCC:TCGA-58-8393-01,LSCC,LSCC,0.0024731666934664958,0.10537897550105507,0.8880504522587158,0.0040974055467627385
TCGA:LSCC:TCGA-58-A46J-01,LSCC,LSCC,0.01285490070177645,0.24704700899424725,0.7319657409542177,0.00813234934975848
TCGA:LSCC:TCGA-58-A46K-01,LSCC,LSCC,0.000566148534413652,0.0018741230288264882,0.995714374499541,0.0018453539372189133
TCGA:LSCC:TCGA-58-A46L-01,LSCC,LSCC,0.0030572665834672865,0.0137470608336755,0.981013108479004,0.002182564103853151
TCGA:LSCC:TCGA-58-A46M-01,LSCC,LSCC,0.003032920282354945,0.01771736210160662,0.9732967817018998,0.005952935914138571
TCGA:LSCC:TCGA-58-A46N-01,LSCC,LSCC,0.001243634353045181,0.031145267585725528,0.965140553949482,0.002470544111747456
TCGA:LSCC:TCGA-60-2695-01,LSCC,BRCA,0.6568715091474957,0.004799702622150209,0.20770707499021562,0.1306217132401385
TCGA:LSCC:TCGA-60-2697-01,LSCC,LUAD,0.008840548036031749,0.0008498253755737021,0.0159040400431969,0.9744055865451977
TCGA:LSCC:TCGA-60-2698-01,LSCC,LSCC,0.002990345405419676,0.02551598381566908,0.9635485319896182,0.00794513878929314
TCGA:LSCC:TCGA-60-2703-01,LSCC,LSCC,0.008112843333459989,0.004388569299663415,0.9364158194155369,0.051082767951339605
TCGA:LSCC:TCGA-60-2704-01,LSCC,LSCC,0.020327510987231585,0.008136484001271304,0.9423453916851997,0.029190613326297507
TCGA:LSCC:TCGA-60-2706-01,LSCC,LUAD,0.020472387071332563,0.004050580492832691,0.12254237032814362,0.8529346621076911
TCGA:LSCC:TCGA-60-2707-01,LSCC,LSCC,0.001974282510511259,0.03283366971981383,0.9477027466895088,0.017489301080166057
TCGA:LSCC:TCGA-60-2708-01,LSCC,LSCC,0.0013894567073433858,0.0425251656040896,0.9534877934252917,0.002597584263275385
TCGA:LSCC:TCGA-60-2709-01,LSCC,LSCC,0.0011842357143324411,0.004318832743812946,0.9917123596003732,0.0027845719414815845
TCGA:LSCC:TCGA-60-2710-01,LSCC,LSCC,0.0027845029147298924,0.03504857164224887,0.9589617234739879,0.0032052019690333986
TCGA:LSCC:TCGA-60-2711-01,LSCC,LSCC,0.003486899533039875,0.009343809192877707,0.9858457087874117,0.0013235824866707914
TCGA:LSCC:TCGA-60-2713-01,LSCC,LSCC,0.005536400592110342,0.010862861208288136,0.9819997790465311,0.0016009591530705316
TCGA:LSCC:TCGA-60-2714-01,LSCC,LUAD,0.002455883410219036,0.0010262975724103197,0.06243095705882638,0.9340868619585443
TCGA:LSCC:TCGA-60-2716-01,LSCC,HNSCC,0.09066327534400892,0.7020537252469744,0.19317868353050235,0.014104315878514267
TCGA:LSCC:TCGA-60-2719-01,LSCC,LSCC,0.0018603358480289922,0.015836196569560066,0.9805399885430289,0.00176347903938193
TCGA:LSCC:TCGA-60-2720-01,LSCC,LSCC,0.04570054033919122,0.06149299064810272,0.8212329071365052,0.0715735618762007
TCGA:LSCC:TCGA-60-2721-01,LSCC,LSCC,0.001194072413817358,0.004704762176794924,0.9896393431735582,0.004461822235829444
TCGA:LSCC:TCGA-60-2722-01,LSCC,LSCC,0.004946284404507577,0.06424183407286908,0.9275638938059613,0.0032479877166619593
TCGA:LSCC:TCGA-60-2723-01,LSCC,LSCC,0.00032757485016406465,0.0023117963728153724,0.9956463206425141,0.0017143081345062255
TCGA:LSCC:TCGA-60-2724-01,LSCC,LSCC,0.000871773624326441,0.01900923290970668,0.9783446870999983,0.00177430636596864
TCGA:LSCC:TCGA-60-2725-01,LSCC,LSCC,0.00102957640832441,0.003993076234595448,0.991757978087883,0.0032193692691970697
TCGA:LSCC:TCGA-60-2726-01,LSCC,LSCC,0.007018823443714234,0.013612447204757792,0.9728793516516069,0.0064893776999211845
TCGA:LSCC:TCGA-63-5128-01,LSCC,LSCC,0.0014152852327337085,0.008654926072729316,0.9865799959442311,0.0033497927503059314
TCGA:LSCC:TCGA-63-5131-01,LSCC,LSCC,0.001472041248469263,0.005367771737802586,0.9781175303607255,0.01504265665300262
TCGA:LSCC:TCGA-63-6202-01,LSCC,LUAD,0.031783098427147494,0.005353632088693146,0.03608771602549695,0.9267755534586625
TCGA:LSCC:TCGA-63-7020-01,LSCC,LSCC,0.0073001203211919665,0.1478846655273181,0.8152926518576983,0.029522562293791643
TCGA:LSCC:TCGA-63-7021-01,LSCC,LSCC,0.003342269411722855,0.23160803894780627,0.7605979713297645,0.004451720310706487
TCGA:LSCC:TCGA-63-7022-01,LSCC,LSCC,0.0063353068267310835,0.11765480149080026,0.8594062830026955,0.016603608679773164
TCGA:LSCC:TCGA-63-7023-01,LSCC,LSCC,0.0423936172008313,0.030622522410308686,0.9019090277754477,0.025074832613412337
TCGA:LSCC:TCGA-63-A5M9-01,LSCC,LSCC,0.0027745648025022203,0.006756648889141583,0.9850588788436557,0.005409907464700462
TCGA:LSCC:TCGA-63-A5MB-01,LSCC,LSCC,0.0028565161885878245,0.01594743475302314,0.9786195976996063,0.0025764513587828008
TCGA:LSCC:TCGA-63-A5MG-01,LSCC,LSCC,0.004523665004059258,0.12573974923883943,0.849181209920304,0.020555375836797365
TCGA:LSCC:TCGA-63-A5MH-01,LSCC,LSCC,0.013325584432527026,0.25193796556288994,0.703855821478918,0.03088062852566497
TCGA:LSCC:TCGA-63-A5MI-01,LSCC,LSCC,0.0013199144404951809,0.02460478499013669,0.9672734408046675,0.0068018597647007
TCGA:LSCC:TCGA-63-A5MJ-01,LSCC,LSCC,0.0011878402598758128,0.018318452117009405,0.9781114350948338,0.0023822725282809532
TCGA:LSCC:TCGA-63-A5ML-01,LSCC,LSCC,0.007220883006496973,0.06351474089932833,0.9170498346216501,0.012214541472524532
TCGA:LSCC:TCGA-63-A5MM-01,LSCC,HNSCC,0.06386201460809686,0.46884145724657494,0.32612362364901404,0.14117290449631406
TCGA:LSCC:TCGA-63-A5MN-01,LSCC,LUAD,0.012100299963155864,0.009423906410497002,0.15634760671131004,0.8221281869150372
TCGA:LSCC:TCGA-63-A5MP-01,LSCC,LSCC,0.006038872703453264,0.0270714566579675,0.963363362079952,0.0035263085586273307
TCGA:LSCC:TCGA-63-A5MR-01,LSCC,HNSCC,0.0020741805217048474,0.9661460988326231,0.029247442455743206,0.002532278189928854
TCGA:LSCC:TCGA-63-A5MS-01,LSCC,LSCC,0.0052929205607843074,0.31068356889049537,0.6579568643120386,0.026066646236681756
TCGA:LSCC:TCGA-63-A5MT-01,LSCC,LSCC,0.004015559562177615,0.019440217558241542,0.956934417917618,0.0196098049619629
TCGA:LSCC:TCGA-63-A5MU-01,LSCC,LSCC,0.0018607701699051328,0.12622260676585678,0.8670784233052974,0.004838199758940708
TCGA:LSCC:TCGA-63-A5MV-01,LSCC,LSCC,0.002201490546290274,0.1446531805425888,0.8410886387770039,0.012056690134116931
TCGA:LSCC:TCGA-63-A5MW-01,LSCC,LSCC,0.08086000003312054,0.07246897233447763,0.6755096754781836,0.17116135215421815
TCGA:LSCC:TCGA-63-A5MY-01,LSCC,LSCC,0.004089265819997152,0.020586917026640512,0.9719817088779724,0.0033421082753899087
TCGA:LSCC:TCGA-66-2727-01,LSCC,LSCC,0.0008200250680676024,0.0076388056500232455,0.9900911798690141,0.0014499894128949685
TCGA:LSCC:TCGA-66-2734-01,LSCC,LSCC,0.0025513894440911387,0.00913382546449118,0.9489520638001361,0.039362721291281565
TCGA:LSCC:TCGA-66-2737-01,LSCC,LSCC,0.0013467311319223761,0.004051225997242373,0.9900161463364454,0.004585896534389727
TCGA:LSCC:TCGA-66-2742-01,LSCC,LSCC,0.000966782191968876,0.004611650368306098,0.9889385576923247,0.005483009747400333
TCGA:LSCC:TCGA-66-2744-01,LSCC,LSCC,0.011763125185941218,0.0132236323902165,0.9676777436859949,0.007335498737847355
TCGA:LSCC:TCGA-66-2753-01,LSCC,LSCC,0.043675116650206666,0.019485289237978997,0.9142422829537865,0.02259731115802771
TCGA:LSCC:TCGA-66-2754-01,LSCC,LSCC,0.15907578208353512,0.016658598114625653,0.6973427786525356,0.12692284114930366
TCGA:LSCC:TCGA-66-2755-01,LSCC,LSCC,0.006008624043257845,0.01623473531889865,0.9749038509999091,0.0028527896379344393
TCGA:LSCC:TCGA-66-2756-01,LSCC,LUAD,0.15901627478060537,0.008046432651802264,0.3371969206716333,0.49574037189595915
TCGA:LSCC:TCGA-66-2757-01,LSCC,LSCC,0.4097830912780477,0.01563496367047684,0.5229951579238292,0.05158678712764629
TCGA:LSCC:TCGA-66-2758-01,LSCC,LSCC,0.002672289708249723,0.010810578616428779,0.9818809396145555,0.004636192060766117
TCGA:LSCC:TCGA-66-2759-01,LSCC,LSCC,0.0012331899328652221,0.012625529625652832,0.9827939513844315,0.0033473290570504373
TCGA:LSCC:TCGA-66-2763-01,LSCC,LSCC,0.003248356207030729,0.014956232933319224,0.9751357553303052,0.006659655529344797
TCGA:LSCC:TCGA-66-2765-01,LSCC,LSCC,0.0023584927704847964,0.18170319016554226,0.8080124430513281,0.007925874012644897
TCGA:LSCC:TCGA-66-2766-01,LSCC,LSCC,0.0017350082683226576,0.010916829602952285,0.98434894728739,0.0029992148413348833
TCGA:LSCC:TCGA-66-2767-01,LSCC,LSCC,0.004699963796141938,0.007281944722987651,0.9490044260884867,0.039013665392383774
TCGA:LSCC:TCGA-66-2768-01,LSCC,LSCC,0.0014760056118062667,0.049220896806601105,0.9474105588919298,0.001892538689662737
TCGA:LSCC:TCGA-66-2769-01,LSCC,LSCC,0.0033373131340172788,0.005584639617359565,0.9828890984892383,0.008188948759384727
TCGA:LSCC:TCGA-66-2770-01,LSCC,LSCC,0.0008331024811493483,0.009014196248453068,0.9882185493788735,0.00193415189152412
TCGA:LSCC:TCGA-66-2771-01,LSCC,LSCC,0.002482914661936629,0.008261665181354386,0.974325747066793,0.014929673089915912
TCGA:LSCC:TCGA-66-2773-01,LSCC,LSCC,0.001295607464796637,0.04421828764983166,0.9483532219628671,0.006132882922504632
TCGA:LSCC:TCGA-66-2777-01,LSCC,LSCC,0.004267280369626805,0.02000523120321656,0.9713474822981902,0.004380006128966462
TCGA:LSCC:TCGA-66-2778-01,LSCC,LSCC,0.005511238929097073,0.05734504401096298,0.9170826827798741,0.020061034280065712
TCGA:LSCC:TCGA-66-2780-01,LSCC,LSCC,0.0016103171670218443,0.008690837602219231,0.9854223310570155,0.004276514173743397
TCGA:LSCC:TCGA-66-2781-01,LSCC,LSCC,0.0016523093194069302,0.004264004221846558,0.9896677402423981,0.0044159462163482315
TCGA:LSCC:TCGA-66-2782-01,LSCC,LSCC,0.0028660748971212715,0.014147985900029659,0.9725138824333118,0.010472056769537354
TCGA:LSCC:TCGA-66-2783-01,LSCC,LSCC,0.00137243239435102,0.028416593609046494,0.9666526489966915,0.003558324999910971
TCGA:LSCC:TCGA-66-2785-01,LSCC,LUAD,0.12917691312155682,0.0152530485215177,0.4216995699002057,0.4338704684567198
TCGA:LSCC:TCGA-66-2786-01,LSCC,LSCC,0.0028537261832518803,0.002680666580574821,0.9885608878159767,0.005904719420196604
TCGA:LSCC:TCGA-66-2787-01,LSCC,LSCC,0.006292316842626609,0.006164556930833856,0.9826735145214669,0.004869611705072669
TCGA:LSCC:TCGA-66-2788-01,LSCC,LSCC,0.0024283738965400845,0.014010074408539833,0.979697400869459,0.003864150825461085
TCGA:LSCC:TCGA-66-2789-01,LSCC,LSCC,0.017943662859057134,0.002201381182630523,0.9549618570071943,0.024893098951118093
TCGA:LSCC:TCGA-66-2790-01,LSCC,LSCC,0.0023553699905525458,0.008971022519116668,0.9781727798184527,0.010500827671878231
TCGA:LSCC:TCGA-66-2791-01,LSCC,LSCC,0.0004467512938117622,0.0047462870801090375,0.9893767916512431,0.005430169974836252
TCGA:LSCC:TCGA-66-2792-01,LSCC,LSCC,0.0005120879016017971,0.00829521124657185,0.9896702183649435,0.0015224824868827673
TCGA:LSCC:TCGA-66-2793-01,LSCC,LSCC,0.061584348149139614,0.014328702379659719,0.914031243085602,0.010055706385598629
TCGA:LSCC:TCGA-66-2794-01,LSCC,LSCC,0.009553572372672212,0.015823916882062267,0.9588146285964365,0.015807882148828976
TCGA:LSCC:TCGA-66-2795-01,LSCC,LSCC,0.0022699054471414576,0.017548100893979804,0.968765780413846,0.011416213245032924
TCGA:LSCC:TCGA-66-2800-01,LSCC,LSCC,0.0012286375736856715,0.002378486926578658,0.9935725437041973,0.002820331795538299
TCGA:LSCC:TCGA-68-7755-01,LSCC,HNSCC,0.005098737991519134,0.5954562053486324,0.3937099613754954,0.005735095284353012
TCGA:LSCC:TCGA-68-7756-01,LSCC,LSCC,0.0004937371989241124,0.03634985344922876,0.9582835780177043,0.0048728313341429704
TCGA:LSCC:TCGA-68-7757-01,LSCC,LSCC,0.005452655803866593,0.32245821750480336,0.6344633392508628,0.03762578744046711
TCGA:LSCC:TCGA-68-8250-01,LSCC,LSCC,0.0014103818862764405,0.0036372339655385533,0.9927245251416509,0.0022278590065340008
TCGA:LSCC:TCGA-68-8251-01,LSCC,LSCC,0.025302937463910272,0.028692509087034575,0.9315590314668802,0.014445521982175065
TCGA:LSCC:TCGA-68-A59I-01,LSCC,LSCC,0.024751781217024958,0.047444099429432535,0.8897243857885859,0.03807973356495666
TCGA:LSCC:TCGA-68-A59J-01,LSCC,LSCC,0.0014891451264321788,0.004338294586163429,0.9915494361064073,0.0026231241809970707
TCGA:LSCC:TCGA-6A-AB49-01,LSCC,LSCC,0.008455786986400001,0.054011085808904666,0.8973452152051613,0.04018791199953398
TCGA:LSCC:TCGA-70-6722-01,LSCC,LSCC,0.056496116769025745,0.05668831255247525,0.8170018251071434,0.06981374557135549
TCGA:LSCC:TCGA-70-6723-01,LSCC,LSCC,0.0029170471755213113,0.05615090481922273,0.9355595422272647,0.005372505777991298
TCGA:LSCC:TCGA-77-6842-01,LSCC,LSCC,0.02583162878245901,0.031650905946863726,0.9216201995373947,0.02089726573328249
TCGA:LSCC:TCGA-77-6843-01,LSCC,LSCC,0.07885823506965552,0.29881483096986644,0.5921434977963294,0.030183436164148782
TCGA:LSCC:TCGA-77-6844-01,LSCC,LSCC,0.006549998232331991,0.40481593828993195,0.5669035061977051,0.02173055728003071
TCGA:LSCC:TCGA-77-6845-01,LSCC,LSCC,0.0021209323385926447,0.012556398129321814,0.9792443449205858,0.0060783246114998486
TCGA:LSCC:TCGA-77-7138-01,LSCC,HNSCC,0.026541560216466753,0.7950499062755465,0.15755835880369262,0.020850174704293994
TCGA:LSCC:TCGA-77-7139-01,LSCC,LSCC,0.013399422795411795,0.06902669923806629,0.9094664983695137,0.008107379597008461
TCGA:LSCC:TCGA-77-7140-01,LSCC,LSCC,0.0021814827413542035,0.030352548483669715,0.9584527828656961,0.009013185909280073
TCGA:LSCC:TCGA-77-7141-01,LSCC,LSCC,0.010955049234431257,0.024599459028392338,0.9528292324485457,0.011616259288630734
TCGA:LSCC:TCGA-77-7142-01,LSCC,LSCC,0.021045153427333527,0.008663033384709232,0.9562906537770871,0.014001159410870078
TCGA:LSCC:TCGA-77-7335-01,LSCC,LSCC,0.03336811052541197,0.021715531230352584,0.9128065528945238,0.0321098053497115
TCGA:LSCC:TCGA-77-7337-01,LSCC,HNSCC,0.0058859792835060255,0.5078927167081689,0.4740413660134573,0.01217993799486782
TCGA:LSCC:TCGA-77-7338-01,LSCC,LSCC,0.0025666501145511457,0.018491506119822542,0.9738685666035191,0.005073277162107258
TCGA:LSCC:TCGA-77-7463-01,LSCC,LSCC,0.004082370412105747,0.013522037051942862,0.975209939939528,0.007185652596423544
TCGA:LSCC:TCGA-77-7465-01,LSCC,LSCC,0.027404259994751285,0.007799195604756613,0.947565783274883,0.01723076112560911
TCGA:LSCC:TCGA-77-8007-01,LSCC,LUAD,0.07226526215543183,0.015553099463194671,0.19472830373929464,0.7174533346420788
TCGA:LSCC:TCGA-77-8008-01,LSCC,LSCC,0.01274068540321535,0.12977561528617632,0.8405007640267286,0.016982935283879716
TCGA:LSCC:TCGA-77-8009-01,LSCC,LSCC,0.002354834572900477,0.04078134789938531,0.9499664304472214,0.006897387080492759
TCGA:LSCC:TCGA-77-8128-01,LSCC,LSCC,0.00435925390171813,0.012836080127558191,0.9784889016072609,0.004315764363462962
TCGA:LSCC:TCGA-77-8130-01,LSCC,LSCC,0.010628220247166148,0.07511688975541826,0.9062216413702024,0.008033248627213205
TCGA:LSCC:TCGA-77-8131-01,LSCC,HNSCC,0.005943484265823149,0.9309313282681602,0.0574213264456141,0.005703861020402499
TCGA:LSCC:TCGA-77-8133-01,LSCC,LSCC,0.015299571069408347,0.09959015725682534,0.8812649477419672,0.0038453239317990284
TCGA:LSCC:TCGA-77-8136-01,LSCC,LSCC,0.0022725841993764934,0.45081644245861946,0.538344461086246,0.008566512255758064
TCGA:LSCC:TCGA-77-8138-01,LSCC,LSCC,0.004353274079561605,0.006199892348115787,0.9709322056446406,0.018514627927682086
TCGA:LSCC:TCGA-77-8139-01,LSCC,LSCC,0.003020119905941992,0.0796130928863343,0.9109568900369837,0.006409897170740044
TCGA:LSCC:TCGA-77-8140-01,LSCC,LSCC,0.008959578839618976,0.017104420453898303,0.9548815737503047,0.019054426956177983
TCGA:LSCC:TCGA-77-8143-01,LSCC,HNSCC,0.038535851364577385,0.5700057172001005,0.3808087237971648,0.010649707638157278
TCGA:LSCC:TCGA-77-8144-01,LSCC,HNSCC,0.0014914536188710612,0.9827386880680857,0.01458686606614758,0.0011829922468956
TCGA:LSCC:TCGA-77-8145-01,LSCC,LSCC,0.003646185038616361,0.06646676898560742,0.9229856702057351,0.006901375770041229
TCGA:LSCC:TCGA-77-8148-01,LSCC,LSCC,0.004036872857603194,0.049332143766508844,0.9427628044246115,0.0038681789512764082
TCGA:LSCC:TCGA-77-8150-01,LSCC,LSCC,0.003989261160826385,0.04455229508667239,0.9452731384554529,0.006185305297048461
TCGA:LSCC:TCGA-77-8153-01,LSCC,LSCC,0.0016759087864762195,0.023029512601582224,0.9680860326731128,0.0072085459388288005
TCGA:LSCC:TCGA-77-8154-01,LSCC,LSCC,0.006208057991875961,0.017806925913430343,0.966762607188156,0.009222408906537777
TCGA:LSCC:TCGA-77-8156-01,LSCC,LSCC,0.009632060422451318,0.07249880582134346,0.9107394934231529,0.007129640333052319
TCGA:LSCC:TCGA-77-A5FZ-01,LSCC,LUAD,0.036582976519770695,0.006512773526742556,0.4506463089905099,0.5062579409629768
TCGA:LSCC:TCGA-77-A5G1-01,LSCC,LSCC,0.08081510702955404,0.07561306777993027,0.7955853916176265,0.04798643357288925
TCGA:LSCC:TCGA-77-A5G3-01,LSCC,LSCC,0.003978699377279247,0.013734435512825662,0.9808019687444529,0.0014848963654419723
TCGA:LSCC:TCGA-77-A5G6-01,LSCC,LSCC,0.0076752761395804375,0.41249502504387076,0.5707520397929478,0.009077659023601001
TCGA:LSCC:TCGA-77-A5G7-01,LSCC,LSCC,0.01461492701334976,0.026050351453056713,0.9544394263713241,0.004895295162269353
TCGA:LSCC:TCGA-77-A5G8-01,LSCC,LSCC,0.0018083042489711139,0.011374120739441005,0.9853776402055132,0.0014399348060746232
TCGA:LSCC:TCGA-77-A5GB-01,LSCC,HNSCC,0.00615903214571008,0.9752024293498721,0.01822184549106531,0.00041669301335241535
TCGA:LSCC:TCGA-77-A5GF-01,LSCC,LSCC,0.009269383518951894,0.33712505585858915,0.6476031750744029,0.006002385548055926
TCGA:LSCC:TCGA-77-A5GH-01,LSCC,LSCC,0.02514776961020634,0.012315875575426417,0.9214305647607154,0.0411057900536519
TCGA:LSCC:TCGA-79-5596-01,LSCC,LSCC,0.0010569289612532983,0.028918520845508784,0.9689622922572971,0.001062257935940896
TCGA:LSCC:TCGA-85-6175-01,LSCC,LSCC,0.216161376987441,0.18998108241700706,0.4877167959812012,0.10614074461435068
TCGA:LSCC:TCGA-85-6560-01,LSCC,BRCA,0.7141525239865439,0.01376388597385949,0.2220857242404131,0.04999786579918348
TCGA:LSCC:TCGA-85-6561-01,LSCC,LSCC,0.00828157973046475,0.28056616087136843,0.7015791968824888,0.00957306251567805
TCGA:LSCC:TCGA-85-6798-01,LSCC,LSCC,0.0028782537906175184,0.028324534172472986,0.9671285685590664,0.0016686434778431145
TCGA:LSCC:TCGA-85-7696-01,LSCC,LSCC,0.001622507944464378,0.009732473834047014,0.9838682396031642,0.004776778618324472
TCGA:LSCC:TCGA-85-7697-01,LSCC,LSCC,0.00375468022818639,0.2603877802858495,0.7273216024919398,0.008535936994024398
TCGA:LSCC:TCGA-85-7698-01,LSCC,LSCC,0.0015462931136535454,0.03202806347931974,0.9606749839052062,0.005750659501820423
TCGA:LSCC:TCGA-85-7699-01,LSCC,LSCC,0.017054207056254433,0.03038757103180023,0.9459308178861218,0.006627404025823549
TCGA:LSCC:TCGA-85-7710-01,LSCC,LSCC,0.0021087245475186703,0.005613527532362353,0.9887730080080033,0.003504739912115754
TCGA:LSCC:TCGA-85-7843-01,LSCC,LSCC,0.0018854222883852515,0.011906910342766653,0.9846522578780564,0.0015554094907916784
TCGA:LSCC:TCGA-85-7844-01,LSCC,LSCC,0.0010978321363651765,0.09139935630633882,0.900336395378701,0.007166416178595073
TCGA:LSCC:TCGA-85-7950-01,LSCC,LSCC,0.0014910995194040903,0.007997402499616465,0.9882959348916527,0.0022155630893268643
TCGA:LSCC:TCGA-85-8048-01,LSCC,LSCC,0.13414065961658944,0.15949562941922243,0.5019230044912659,0.20444070647292215
TCGA:LSCC:TCGA-85-8049-01,LSCC,LSCC,0.0024471702752790463,0.039925871039294916,0.9508975063840263,0.006729452301399756
TCGA:LSCC:TCGA-85-8052-01,LSCC,LSCC,0.0019741582679079247,0.025653153766378556,0.9671913709191172,0.005181317046596176
TCGA:LSCC:TCGA-85-8070-01,LSCC,LSCC,0.004549363632063295,0.01317042920504291,0.9712404516828039,0.01103975548008995
TCGA:LSCC:TCGA-85-8071-01,LSCC,LSCC,0.0051470747419469975,0.025683880884272096,0.921572977873317,0.04759606650046393
TCGA:LSCC:TCGA-85-8072-01,LSCC,LSCC,0.0016366075380830729,0.034887287111300444,0.9555645691720215,0.007911536178594978
TCGA:LSCC:TCGA-85-8276-01,LSCC,LSCC,0.0060359395402812726,0.011136433696945577,0.9792477285462673,0.003579898216505787
TCGA:LSCC:TCGA-85-8277-01,LSCC,LSCC,0.0029919506317431866,0.047170106989955565,0.9431080107173395,0.006729931660961755
TCGA:LSCC:TCGA-85-8287-01,LSCC,LSCC,0.0516281381735165,0.06404019623646265,0.7782351346006827,0.10609653098933804
TCGA:LSCC:TCGA-85-8288-01,LSCC,LSCC,0.003820056581380782,0.004979490039319172,0.9867693351850085,0.004431118194291519
TCGA:LSCC:TCGA-85-8350-01,LSCC,LSCC,0.005096557359483809,0.09455987441784298,0.8855200747501639,0.014823493472509294
TCGA:LSCC:TCGA-85-8351-01,LSCC,LSCC,0.015238436623142082,0.020705621573674397,0.9547175785952721,0.009338363207911416
TCGA:LSCC:TCGA-85-8352-01,LSCC,BRCA,0.5430742888803411,0.034281817572080577,0.3745951203122565,0.04804877323532192
TCGA:LSCC:TCGA-85-8353-01,LSCC,HNSCC,0.0032617749355435353,0.7555739884004214,0.23199787318391585,0.00916636348011929
TCGA:LSCC:TCGA-85-8354-01,LSCC,LSCC,0.0042083645421660204,0.06367164227553214,0.9276550310372792,0.004464962145022647
TCGA:LSCC:TCGA-85-8355-01,LSCC,LSCC,0.004688425558162234,0.014971329893343618,0.9637981333117099,0.01654211123678425
TCGA:LSCC:TCGA-85-8479-01,LSCC,LSCC,0.02260008673292985,0.10592894292750205,0.8633940000515435,0.008076970288024485
TCGA:LSCC:TCGA-85-8481-01,LSCC,LSCC,0.003264415295708686,0.02661443458398285,0.9560608044980712,0.014060345622237043
TCGA:LSCC:TCGA-85-8580-01,LSCC,LSCC,0.0027356093011919997,0.041170287245778175,0.9540820584478161,0.0020120450052136403
TCGA:LSCC:TCGA-85-8582-01,LSCC,LSCC,0.00991844888999635,0.10244459426046469,0.8825639558090613,0.005073001040477597
TCGA:LSCC:TCGA-85-8584-01,LSCC,LUAD,0.0706051853625518,0.011589625998899003,0.026289313521904053,0.8915158751166452
TCGA:LSCC:TCGA-85-8664-01,LSCC,LSCC,0.0018932251715303363,0.009503637287064465,0.9850870628046197,0.003516074736785475
TCGA:LSCC:TCGA-85-8666-01,LSCC,LSCC,0.003468299892890777,0.08035724189580928,0.9127325519797999,0.003441906231500077
TCGA:LSCC:TCGA-85-A4CL-01,LSCC,LSCC,0.003222870481991051,0.04280765623252534,0.9511856540109173,0.0027838192745662806
TCGA:LSCC:TCGA-85-A4CN-01,LSCC,LSCC,0.0046088903453047215,0.08377225116648183,0.9009097349042631,0.010709123583950498
TCGA:LSCC:TCGA-85-A4JB-01,LSCC,LSCC,0.010407404467155688,0.11670571262483559,0.8669960218143221,0.005890861093686656
TCGA:LSCC:TCGA-85-A4JC-01,LSCC,LSCC,0.007374372551123722,0.028429957761172648,0.94840569740871,0.015789972278993702
TCGA:LSCC:TCGA-85-A4PA-01,LSCC,BRCA,0.8645907573752672,0.008666751017407692,0.10555652604043511,0.021185965566889845
TCGA:LSCC:TCGA-85-A4QQ-01,LSCC,HNSCC,0.0283335403414648,0.5396712372176898,0.4047083779235457,0.027286844517299694
TCGA:LSCC:TCGA-85-A4QR-01,LSCC,LSCC,0.0030201384540917567,0.12317697559372473,0.8635152689327489,0.010287617019434547
TCGA:LSCC:TCGA-85-A50M-01,LSCC,LUAD,0.023606798066607457,0.011874879141702866,0.2766552989530969,0.6878630238385928
TCGA:LSCC:TCGA-85-A50Z-01,LSCC,LSCC,0.0037026819375372386,0.0212823510028591,0.9334188137846796,0.04159615327492396
TCGA:LSCC:TCGA-85-A510-01,LSCC,BRCA,0.6327533005725426,0.01218562131714841,0.23561203268756117,0.11944904542274783
TCGA:LSCC:TCGA-85-A511-01,LSCC,LSCC,0.001579350365871391,0.008413821790960091,0.985589368288858,0.00441745955431041
TCGA:LSCC:TCGA-85-A512-01,LSCC,HNSCC,0.0035675810512916894,0.9522892462801044,0.04001827106933629,0.004124901599267679
TCGA:LSCC:TCGA-85-A513-01,LSCC,LUAD,0.11488410188768625,0.027651640375672172,0.16023894951676423,0.6972253082198774
TCGA:LSCC:TCGA-85-A53L-01,LSCC,LSCC,0.004780928241344399,0.008369534876277455,0.9697669498252268,0.01708258705715131
TCGA:LSCC:TCGA-85-A5B5-01,LSCC,LSCC,0.0037462420676359453,0.046149707414173666,0.9447267438085016,0.005377306709688843
TCGA:LSCC:TCGA-90-6837-01,LSCC,LSCC,0.01045732660089191,0.029291964876113772,0.9468059660180459,0.013444742504948284
TCGA:LSCC:TCGA-90-7766-01,LSCC,LSCC,0.002886066920507994,0.013625643983143539,0.973061572976124,0.01042671612022437
TCGA:LSCC:TCGA-90-7767-01,LSCC,LSCC,0.0290754109051714,0.25683256005725863,0.6831537664789501,0.030938262558619724
TCGA:LSCC:TCGA-90-7769-01,LSCC,LSCC,0.006334025405846226,0.07390539575544491,0.9136034014657158,0.006157177372993128
TCGA:LSCC:TCGA-90-7964-01,LSCC,LSCC,0.036480028122809004,0.12036429633238899,0.7155030744033237,0.1276526011414782
TCGA:LSCC:TCGA-90-A4ED-01,LSCC,BRCA,0.6946086259502648,0.0817880235759337,0.19398429281333981,0.029619057660461735
TCGA:LSCC:TCGA-90-A4EE-01,LSCC,LSCC,0.025006275423312966,0.03839512986080949,0.925635491427248,0.010963103288629579
TCGA:LSCC:TCGA-90-A59Q-01,LSCC,LUAD,0.015042973810261059,0.011016182361564061,0.3906385868303883,0.5833022569977865
TCGA:LSCC:TCGA-92-7340-01,LSCC,LSCC,0.0011693206310514472,0.012078872066787117,0.9809262906195622,0.005825516682599335
TCGA:LSCC:TCGA-92-7341-01,LSCC,LSCC,0.0009508615535256267,0.009968664072214625,0.9877860318693389,0.001294442504920817
TCGA:LSCC:TCGA-92-8063-01,LSCC,LSCC,0.002306324985763908,0.01365991594284593,0.9750164667577538,0.009017292313636294
TCGA:LSCC:TCGA-92-8064-01,LSCC,LSCC,0.003304601456082984,0.0665725396166132,0.9223759630177133,0.007746895909590612
TCGA:LSCC:TCGA-92-8065-01,LSCC,HNSCC,0.03478978284884334,0.5605283371802193,0.3646428406712751,0.040039039299662196
TCGA:LSCC:TCGA-94-7033-01,LSCC,LSCC,0.01520973151663563,0.3063513465138847,0.6711383577574261,0.007300564212053563
TCGA:LSCC:TCGA-94-7557-01,LSCC,LSCC,0.006276566989619748,0.014743983320511007,0.9576393491577433,0.021340100532126174
TCGA:LSCC:TCGA-94-7943-01,LSCC,LSCC,0.04159175553804941,0.0024955944567865715,0.7319609155937222,0.22395173441144176
TCGA:LSCC:TCGA-94-8035-01,LSCC,LSCC,0.000751999533220614,0.0086805465092414,0.9894533373583194,0.0011141165992185683
TCGA:LSCC:TCGA-94-8490-01,LSCC,LSCC,0.001885361559128874,0.29036370763524383,0.6926075637714979,0.015143367034129494
TCGA:LSCC:TCGA-94-8491-01,LSCC,LSCC,0.01017769088704413,0.01549180555777198,0.9487072277811115,0.025623275774072418
TCGA:LSCC:TCGA-94-A4VJ-01,LSCC,LSCC,0.013099374187776394,0.4592031995152654,0.5129292040943502,0.014768222202608068
TCGA:LSCC:TCGA-94-A5I4-01,LSCC,HNSCC,0.001644992924543836,0.7833480320919899,0.21296635970567068,0.002040615277795636
TCGA:LSCC:TCGA-94-A5I6-01,LSCC,LSCC,0.004128291469178223,0.03857421854839106,0.9477760325644518,0.009521457417978992
TCGA:LSCC:TCGA-96-7544-01,LSCC,LSCC,0.0007027412478253482,0.003206043465663756,0.9930777176900445,0.0030134975964662652
TCGA:LSCC:TCGA-96-7545-01,LSCC,LSCC,0.0030508891709456493,0.002653511484601682,0.9854638468026752,0.008831752541777536
TCGA:LSCC:TCGA-96-8169-01,LSCC,LSCC,0.0039540983707741645,0.04047913945173825,0.8967047410229331,0.058862021154554606
TCGA:LSCC:TCGA-96-8170-01,LSCC,LSCC,0.002674517940913756,0.03889757078685164,0.9546296914351424,0.00379821983709212
TCGA:LSCC:TCGA-96-A4JL-01,LSCC,LSCC,0.08807334829967103,0.010486705091049358,0.8005837235754095,0.10085622303387003
TCGA:LSCC:TCGA-98-7454-01,LSCC,LUAD,0.059274442723940696,0.0013592159207257773,0.03147990534830072,0.9078864360070329
TCGA:LSCC:TCGA-98-8020-01,LSCC,HNSCC,0.010989850107479543,0.7853704438252053,0.19964504182366435,0.003994664243650859
TCGA:LSCC:TCGA-98-8021-01,LSCC,LSCC,0.0032418061048952985,0.020600807835962825,0.9690883690838394,0.007069016975302464
TCGA:LSCC:TCGA-98-8022-01,LSCC,LSCC,0.024662453544109546,0.04742688943422591,0.9063465595446176,0.02156409747704699
TCGA:LSCC:TCGA-98-8023-01,LSCC,LSCC,0.0023065914102629974,0.010889035946737576,0.9808966068383927,0.005907765804606681
TCGA:LSCC:TCGA-98-A538-01,LSCC,LSCC,0.0035303129204178893,0.028372413371791645,0.9638284638371624,0.004268809870628033
TCGA:LSCC:TCGA-98-A539-01,LSCC,LSCC,0.002449287124268455,0.0399479812097747,0.9523924679034343,0.00521026376252229
TCGA:LSCC:TCGA-98-A53A-01,LSCC,LSCC,0.011042357263163445,0.11669540828137699,0.860909574168137,0.011352660287322578
TCGA:LSCC:TCGA-98-A53B-01,LSCC,LSCC,0.003085862981471127,0.13919820867624877,0.8372976309424588,0.02041829739982125
TCGA:LSCC:TCGA-98-A53C-01,LSCC,LUAD,0.127612845529233,0.0029828166134473044,0.0269111652172149,0.8424931726401048
TCGA:LSCC:TCGA-98-A53D-01,LSCC,LUAD,0.06509820813457325,0.02458676025239185,0.18741514809571302,0.7228998835173219
TCGA:LSCC:TCGA-98-A53H-01,LSCC,LSCC,0.0498589078372786,0.043947637193816044,0.7848263935452968,0.12136706142360856
TCGA:LSCC:TCGA-98-A53I-01,LSCC,LSCC,0.0013846835388975944,0.014890244464730761,0.982128697886928,0.0015963741094435458
TCGA:LSCC:TCGA-98-A53J-01,LSCC,LSCC,0.010799955395969372,0.10488247815568037,0.877733582048875,0.006583984399475227
TCGA:LSCC:TCGA-J1-A4AH-01,LSCC,LSCC,0.002230952651586494,0.0063841582856816745,0.9876074017454038,0.00377748731732808
TCGA:LSCC:TCGA-L3-A4E7-01,LSCC,LSCC,0.0008648424805685855,0.02800030303673517,0.9538732540108759,0.01726160047182027
TCGA:LSCC:TCGA-L3-A524-01,LSCC,LSCC,0.002008764533723757,0.005648284477665142,0.9897087091366195,0.002634241851991606
TCGA:LSCC:TCGA-LA-A446-01,LSCC,LSCC,0.0024266234162459315,0.0015870412837370707,0.9949487677158732,0.0010375675841437723
TCGA:LSCC:TCGA-LA-A7SW-01,LSCC,LSCC,0.016373703815689165,0.4623762255231404,0.5136083074740009,0.007641763187169523
TCGA:LSCC:TCGA-MF-A522-01,LSCC,LSCC,0.0022176618208312473,0.08497228756793856,0.9055426039887103,0.007267446622519795
TCGA:LSCC:TCGA-NC-A5HD-01,LSCC,LSCC,0.003555203318089556,0.003985600586136851,0.9886077940643766,0.0038514020313969695
TCGA:LSCC:TCGA-NC-A5HE-01,LSCC,LSCC,0.02405587266868901,0.029143495790580416,0.9096299630176096,0.03717066852312104
TCGA:LSCC:TCGA-NC-A5HF-01,LSCC,LSCC,0.0009506973631274663,0.010034639134491204,0.9844874260353292,0.0045272374670519405
TCGA:LSCC:TCGA-NC-A5HG-01,LSCC,LSCC,0.010718066995424217,0.09677332654561896,0.8815708667057062,0.010937739753250667
TCGA:LSCC:TCGA-NC-A5HH-01,LSCC,LSCC,0.058896094952242115,0.03539288827701834,0.8728017056268661,0.032909311143873445
TCGA:LSCC:TCGA-NC-A5HI-01,LSCC,LSCC,0.012774060885583036,0.05202087198199028,0.9196903864109565,0.01551468072147022
TCGA:LSCC:TCGA-NC-A5HJ-01,LSCC,LUAD,0.07330921467835198,0.005048950235635415,0.09789111029127462,0.823750724794738
TCGA:LSCC:TCGA-NC-A5HK-01,LSCC,LSCC,0.0404398330500043,0.10094783949627316,0.7640270087421778,0.09458531871154473
TCGA:LSCC:TCGA-NC-A5HL-01,LSCC,LSCC,0.010534330515464433,0.022377758562876736,0.9531591187877487,0.013928792133909946
TCGA:LSCC:TCGA-NC-A5HM-01,LSCC,LSCC,0.007044976700157248,0.378582305421263,0.6109822190280215,0.003390498850558291
TCGA:LSCC:TCGA-NC-A5HN-01,LSCC,LSCC,0.0014110271038282724,0.015195009953440267,0.9801933179656347,0.003200644977096797
TCGA:LSCC:TCGA-NC-A5HO-01,LSCC,LSCC,0.0160402497582211,0.05085771565708922,0.915030603978446,0.018071430606243496
TCGA:LSCC:TCGA-NC-A5HP-01,LSCC,LSCC,0.006542536886799707,0.039897747929415486,0.9485840517706714,0.00497566341311346
TCGA:LSCC:TCGA-NC-A5HQ-01,LSCC,LSCC,0.002222971774574601,0.2595575899218226,0.7207475693660809,0.01747186893752188
TCGA:LSCC:TCGA-NC-A5HR-01,LSCC,LSCC,0.004537362142378536,0.02799416264281921,0.9517887844742356,0.01567969074056664
TCGA:LSCC:TCGA-NC-A5HT-01,LSCC,LSCC,0.010454045770849421,0.007290080152542988,0.9616704260710373,0.02058544800557029
TCGA:LSCC:TCGA-NK-A5CR-01,LSCC,LSCC,0.004066177817702605,0.01124068206124963,0.9780492882934533,0.006643851827594655
TCGA:LSCC:TCGA-NK-A5CT-01,LSCC,LSCC,0.0021343969819581487,0.013413908557453055,0.9587778394012082,0.025673855059380614
TCGA:LSCC:TCGA-NK-A5CX-01,LSCC,LSCC,0.006991910738327285,0.3401252942866247,0.6358396656409045,0.017043129334143387
TCGA:LSCC:TCGA-NK-A7XE-01,LSCC,LSCC,0.017299129252981927,0.4705441128418221,0.506987053939781,0.005169703965414933
TCGA:LSCC:TCGA-O2-A52N-01,LSCC,LSCC,0.08906640809449418,0.28412513471431977,0.606659613189178,0.02014884400200789
TCGA:LSCC:TCGA-O2-A52Q-01,LSCC,LUAD,0.07700777721054175,0.031034603903036948,0.2564245037617679,0.6355331151246534
TCGA:LSCC:TCGA-O2-A52S-01,LSCC,LSCC,0.041197167610205455,0.1272772076501752,0.8151641278324583,0.016361496907161037
TCGA:LSCC:TCGA-O2-A52V-01,LSCC,LSCC,0.0026519167768312107,0.012369893310615587,0.9746408927163938,0.01033729719615947
TCGA:LSCC:TCGA-O2-A52W-01,LSCC,LSCC,0.006929448237917051,0.10054834820151383,0.8847841684570656,0.007738035103503468
TCGA:LSCC:TCGA-O2-A5IB-01,LSCC,BRCA,0.8747162094034471,0.003337609906558026,0.05670559674374811,0.06524058394624681
TCGA:LSCC:TCGA-XC-AA0X-01,LSCC,LSCC,0.0034217864286871166,0.11023905094525314,0.8819327806846482,0.004406381941411615
TCGA:HNSCC:TCGA-4P-AA8J-01,HNSCC,HNSCC,0.015935190137384266,0.6691197404906521,0.30744315974326264,0.007501909628700908
TCGA:HNSCC:TCGA-BA-4074-01,HNSCC,LSCC,0.002681948077924244,0.07946701522661825,0.9093382627235483,0.008512773971909037
TCGA:HNSCC:TCGA-BA-4076-01,HNSCC,HNSCC,0.0013672509348164094,0.986221732680448,0.011487240717037984,0.0009237756676974896
TCGA:HNSCC:TCGA-BA-4078-01,HNSCC,LSCC,0.010958303715700838,0.24439290405679337,0.7216091575285379,0.023039634698967814
TCGA:HNSCC:TCGA-BA-5149-01,HNSCC,HNSCC,0.0015766334925664393,0.9910198365486819,0.0068090277780381925,0.000594502180713555
TCGA:HNSCC:TCGA-BA-5151-01,HNSCC,HNSCC,0.0034374363894989963,0.9907787668728152,0.0038163392369632144,0.00196745750072243
TCGA:HNSCC:TCGA-BA-5152-01,HNSCC,HNSCC,0.001574005323945101,0.9947247669166136,0.003462833755073115,0.0002383940043682427
TCGA:HNSCC:TCGA-BA-5153-01,HNSCC,HNSCC,0.006399824071026395,0.9431739897624227,0.04780969056071357,0.002616495605837401
TCGA:HNSCC:TCGA-BA-5555-01,HNSCC,HNSCC,0.0016892000576683732,0.9813139806388157,0.014997018261374047,0.0019998010421418493
TCGA:HNSCC:TCGA-BA-5556-01,HNSCC,HNSCC,0.0018086704857528874,0.993041167602066,0.0045816423285814836,0.0005685195835994565
TCGA:HNSCC:TCGA-BA-5557-01,HNSCC,HNSCC,0.0014640288548222692,0.99036616686803,0.005841390179654872,0.0023284140974929087
TCGA:HNSCC:TCGA-BA-5558-01,HNSCC,HNSCC,0.0005330937658858645,0.9905016206601703,0.00846746559889897,0.0004978199750448893
TCGA:HNSCC:TCGA-BA-5559-01,HNSCC,HNSCC,0.014833902376311551,0.8479488352855862,0.1150843046143483,0.022132957723753975
TCGA:HNSCC:TCGA-BA-6868-01,HNSCC,HNSCC,0.004989077239990787,0.9775037376831979,0.014392197457847068,0.0031149876189642987
TCGA:HNSCC:TCGA-BA-6869-01,HNSCC,HNSCC,0.0014140977983049183,0.9706584766750062,0.023124032953040715,0.00480339257364816
TCGA:HNSCC:TCGA-BA-6870-01,HNSCC,HNSCC,0.0009694427134601115,0.9912738726544585,0.007270747235974649,0.00048593739610677225
TCGA:HNSCC:TCGA-BA-6871-01,HNSCC,HNSCC,0.025058594394597865,0.8696064715517797,0.09332323898577176,0.012011695067850608
TCGA:HNSCC:TCGA-BA-6872-01,HNSCC,HNSCC,0.0008243128724938677,0.9979921062754289,0.0009354271997855793,0.0002481536522916056
TCGA:HNSCC:TCGA-BA-6873-01,HNSCC,HNSCC,0.0009519149858242747,0.993854861526104,0.004586865669110965,0.0006063578189606456
TCGA:HNSCC:TCGA-BA-7269-01,HNSCC,HNSCC,0.010429147554255565,0.9017429966597709,0.07199048589217781,0.015837369893795923
TCGA:HNSCC:TCGA-BA-A4IF-01,HNSCC,HNSCC,0.0016017916149773917,0.9792261779825383,0.017160899636749008,0.0020111307657354255
TCGA:HNSCC:TCGA-BA-A4IG-01,HNSCC,HNSCC,0.0018166222896013808,0.9754843249452186,0.02153213586091934,0.0011669169042607295
TCGA:HNSCC:TCGA-BA-A4IH-01,HNSCC,HNSCC,0.004422098459485163,0.9673316722989208,0.02073299274330495,0.007513236498289128
TCGA:HNSCC:TCGA-BA-A4II-01,HNSCC,HNSCC,0.0022344897444938764,0.9225653364849192,0.07243796615014467,0.0027622076204422206
TCGA:HNSCC:TCGA-BA-A6D8-01,HNSCC,HNSCC,0.008678454577591468,0.9670191319492569,0.02267833735129452,0.0016240761218571432
TCGA:HNSCC:TCGA-BA-A6DA-01,HNSCC,HNSCC,0.004187973034398089,0.9717219584468038,0.016945933561654383,0.007144134957143614
TCGA:HNSCC:TCGA-BA-A6DB-01,HNSCC,HNSCC,0.017009585900254025,0.9542518380848565,0.025267907186156922,0.003470668828732821
TCGA:HNSCC:TCGA-BA-A6DD-01,HNSCC,HNSCC,0.002163409786152604,0.9936569205933246,0.0038580003506730157,0.00032166926984989754
TCGA:HNSCC:TCGA-BA-A6DE-01,HNSCC,HNSCC,0.0037780150823935907,0.9871094365579716,0.007283069326924146,0.0018294790327107416
TCGA:HNSCC:TCGA-BA-A6DG-01,HNSCC,HNSCC,0.0028584454635842537,0.9767287566542394,0.016491953162856007,0.003920844719320116
TCGA:HNSCC:TCGA-BA-A6DI-01,HNSCC,HNSCC,0.00047651026789552383,0.9901991822095085,0.00862635391799755,0.0006979536045982998
TCGA:HNSCC:TCGA-BA-A6DJ-01,HNSCC,HNSCC,0.000568468583568833,0.9968503709393084,0.002365581239213861,0.000215579237908776
TCGA:HNSCC:TCGA-BA-A6DL-01,HNSCC,HNSCC,0.0008985761774820564,0.9735204912283222,0.02345887582901668,0.002122056765179138
TCGA:HNSCC:TCGA-BA-A8YP-01,HNSCC,HNSCC,0.012744075378456725,0.7618809816190486,0.20811617699760432,0.017258766004890364
TCGA:HNSCC:TCGA-BB-4217-01,HNSCC,HNSCC,0.0012293030539672004,0.9680092785399704,0.02996372892602873,0.000797689480033692
TCGA:HNSCC:TCGA-BB-4223-01,HNSCC,HNSCC,0.006372513611861733,0.9383142511020978,0.052345705497781,0.00296752978825946
TCGA:HNSCC:TCGA-BB-4224-01,HNSCC,HNSCC,0.01620480639420538,0.4972440449157482,0.4795416255291855,0.00700952316086099
TCGA:HNSCC:TCGA-BB-4225-01,HNSCC,HNSCC,0.004340067647761569,0.96541407526361,0.027086679751439784,0.0031591773371887834
TCGA:HNSCC:TCGA-BB-4227-01,HNSCC,HNSCC,0.01097419740849475,0.7116293990488094,0.2630952453533386,0.014301158189357272
TCGA:HNSCC:TCGA-BB-4228-01,HNSCC,HNSCC,0.005465714058851295,0.8691124481411142,0.12016656888584186,0.00525526891419261
TCGA:HNSCC:TCGA-BB-7861-01,HNSCC,HNSCC,0.010200519300476748,0.8237545846561923,0.16134739598447925,0.004697500058851782
TCGA:HNSCC:TCGA-BB-7862-01,HNSCC,HNSCC,0.006409010919777806,0.8278151308956779,0.1590448807734765,0.00673097741106775
TCGA:HNSCC:TCGA-BB-7863-01,HNSCC,HNSCC,0.004740576796673233,0.9866709982788172,0.007687787695507447,0.000900637229002191
TCGA:HNSCC:TCGA-BB-7864-01,HNSCC,HNSCC,0.0016120866716128539,0.9626718933055242,0.03394312451152983,0.0017728955113331382
TCGA:HNSCC:TCGA-BB-7866-01,HNSCC,HNSCC,0.0030952486179740097,0.9521534462125109,0.040516146900088465,0.0042351582694267744
TCGA:HNSCC:TCGA-BB-7870-01,HNSCC,LSCC,0.015474823996040502,0.38763885266958004,0.5930934910711936,0.003792832263185729
TCGA:HNSCC:TCGA-BB-7871-01,HNSCC,LSCC,0.03720792997887224,0.12305362233891416,0.8312986982691076,0.008439749413106103
TCGA:HNSCC:TCGA-BB-7872-01,HNSCC,HNSCC,0.0015965759043301002,0.9872412676065067,0.00943736066104759,0.0017247958281154828
TCGA:HNSCC:TCGA-BB-8596-01,HNSCC,HNSCC,0.005752900974551894,0.8970273557335765,0.0902978349170296,0.006921908374841913
TCGA:HNSCC:TCGA-BB-8601-01,HNSCC,LSCC,0.002078940417314752,0.17364228456642972,0.8221588970526027,0.0021198779636528793
TCGA:HNSCC:TCGA-BB-A5HU-01,HNSCC,HNSCC,0.002714833645770202,0.944846606950696,0.04958472488845833,0.002853834515075414
TCGA:HNSCC:TCGA-BB-A5HY-01,HNSCC,HNSCC,0.002240009800614809,0.9834269540904556,0.013678517374399688,0.0006545187345300246
TCGA:HNSCC:TCGA-BB-A5HZ-01,HNSCC,HNSCC,0.0021456915628809397,0.9938609845953575,0.0033167303791778228,0.0006765934625836674
TCGA:HNSCC:TCGA-BB-A6UM-01,HNSCC,HNSCC,0.0032742361518599316,0.9902820224089763,0.005021098164797697,0.0014226432743662646
TCGA:HNSCC:TCGA-BB-A6UO-01,HNSCC,HNSCC,0.0017763947113607992,0.9855476222881325,0.011323178483417283,0.0013528045170893845
TCGA:HNSCC:TCGA-C9-A47Z-01,HNSCC,HNSCC,0.0005899217375348984,0.9918234057011173,0.0070264688830114636,0.0005602036783362659
TCGA:HNSCC:TCGA-C9-A480-01,HNSCC,HNSCC,0.004296919678613403,0.9824436601584495,0.010924072970234155,0.002335347192703002
TCGA:HNSCC:TCGA-CN-4722-01,HNSCC,HNSCC,0.003901840246033142,0.9853600106145025,0.009854341922565719,0.0008838072168986565
TCGA:HNSCC:TCGA-CN-4723-01,HNSCC,HNSCC,0.0010223203666081706,0.9817800498465096,0.016014961056454783,0.0011826687304272508
TCGA:HNSCC:TCGA-CN-4725-01,HNSCC,HNSCC,0.00020124265659196943,0.9921170785283738,0.007105536960494303,0.0005761418545396332
TCGA:HNSCC:TCGA-CN-4726-01,HNSCC,HNSCC,0.020853422998971097,0.8877087813780807,0.061003254600558644,0.030434541022389433
TCGA:HNSCC:TCGA-CN-4727-01,HNSCC,HNSCC,0.0026994292993790135,0.8949407093064314,0.0996294428225582,0.0027304185716314163
TCGA:HNSCC:TCGA-CN-4728-01,HNSCC,HNSCC,0.0017316596917373243,0.9870312848943703,0.010759031120763372,0.0004780242931292217
TCGA:HNSCC:TCGA-CN-4729-01,HNSCC,HNSCC,0.0009134991628927198,0.9855263249453445,0.01290028223694143,0.0006598936548213458
TCGA:HNSCC:TCGA-CN-4730-01,HNSCC,HNSCC,0.0007624687152081215,0.9919964138228946,0.0069033100607819465,0.0003378074011155468
TCGA:HNSCC:TCGA-CN-4731-01,HNSCC,HNSCC,0.001150798825833021,0.845095418100695,0.13071315680717155,0.02304062626630039
TCGA:HNSCC:TCGA-CN-4733-01,HNSCC,HNSCC,0.0013734117033928448,0.9817289254410847,0.014854956212546525,0.002042706642975642
TCGA:HNSCC:TCGA-CN-4734-01,HNSCC,HNSCC,0.0010602727489917177,0.9941249103034197,0.004241914519710545,0.0005729024278783567
TCGA:HNSCC:TCGA-CN-4735-01,HNSCC,HNSCC,0.015286577833803385,0.6610812393304131,0.3111021527620119,0.012530030073771613
TCGA:HNSCC:TCGA-CN-4736-01,HNSCC,HNSCC,0.0023413681379903894,0.9653382191298092,0.029216334897637065,0.003104077834563217
TCGA:HNSCC:TCGA-CN-4737-01,HNSCC,HNSCC,0.0013915858434794587,0.991099992815358,0.006507215354821721,0.0010012059863409126
TCGA:HNSCC:TCGA-CN-4738-01,HNSCC,HNSCC,0.0007110281006564521,0.9855584827445442,0.012481647190664594,0.0012488419641347925
TCGA:HNSCC:TCGA-CN-4739-01,HNSCC,HNSCC,0.008840249827253406,0.8478478973661607,0.1323420322008229,0.010969820605762983
TCGA:HNSCC:TCGA-CN-4740-01,HNSCC,HNSCC,0.0044422077665253095,0.9841544773728946,0.010336131456942637,0.0010671834036373306
TCGA:HNSCC:TCGA-CN-4741-01,HNSCC,HNSCC,0.0008719228063501035,0.9961841368513946,0.0025002447894655116,0.0004436955527898794
TCGA:HNSCC:TCGA-CN-4742-01,HNSCC,HNSCC,0.001530443779605542,0.9828662750433091,0.013789907781635616,0.0018133733954496794
TCGA:HNSCC:TCGA-CN-5355-01,HNSCC,HNSCC,0.000686753677582331,0.9946919244832779,0.004271764312844907,0.000349557526294674
TCGA:HNSCC:TCGA-CN-5356-01,HNSCC,HNSCC,0.0014721601666582102,0.9880291006129657,0.00824523745669273,0.002253501763683562
TCGA:HNSCC:TCGA-CN-5358-01,HNSCC,HNSCC,0.0037055489258023986,0.9401196387353878,0.04751576775168985,0.008659044587119897
TCGA:HNSCC:TCGA-CN-5359-01,HNSCC,HNSCC,0.001515756879811575,0.9746776158025602,0.022341649684928477,0.0014649776326997755
TCGA:HNSCC:TCGA-CN-5360-01,HNSCC,LSCC,0.00486465412387304,0.023853565507501822,0.9662300576309739,0.00505172273765128
TCGA:HNSCC:TCGA-CN-5361-01,HNSCC,HNSCC,0.0028314559809573267,0.9656937793952217,0.025240460877615657,0.006234303746205348
TCGA:HNSCC:TCGA-CN-5363-01,HNSCC,HNSCC,0.0013423531450372972,0.990688326556519,0.007110688361574941,0.0008586319368689426
TCGA:HNSCC:TCGA-CN-5364-01,HNSCC,HNSCC,0.000811396571301906,0.9904809007480971,0.008453552617109006,0.0002541500634919257
TCGA:HNSCC:TCGA-CN-5365-01,HNSCC,HNSCC,0.005867040783813245,0.9711305111405393,0.02254873099640416,0.00045371707924316625
TCGA:HNSCC:TCGA-CN-5366-01,HNSCC,HNSCC,0.0007320166565717769,0.9917840877030193,0.006219210764956881,0.001264684875452347
TCGA:HNSCC:TCGA-CN-5367-01,HNSCC,HNSCC,0.005497124727145493,0.8787479403184331,0.11365641606463844,0.0020985188897828678
TCGA:HNSCC:TCGA-CN-5369-01,HNSCC,HNSCC,0.0008243337445843693,0.9932149935728795,0.005306036616138679,0.0006546360663973799
TCGA:HNSCC:TCGA-CN-5370-01,HNSCC,HNSCC,0.0018740126618531632,0.9825129218808938,0.013005166056816618,0.002607899400436418
TCGA:HNSCC:TCGA-CN-5373-01,HNSCC,HNSCC,0.0013423309430460621,0.9824567138827086,0.013878817403937791,0.002322137770307331
TCGA:HNSCC:TCGA-CN-5374-01,HNSCC,HNSCC,0.008827125851257535,0.9763209129980541,0.011741109340544382,0.003110851810143751
TCGA:HNSCC:TCGA-CN-6010-01,HNSCC,HNSCC,0.0009223353517017556,0.9666672291846352,0.03104238695241137,0.0013680485112515272
TCGA:HNSCC:TCGA-CN-6011-01,HNSCC,HNSCC,0.0013168390209899103,0.9914854171798063,0.0059673495113380425,0.0012303942878656882
TCGA:HNSCC:TCGA-CN-6012-01,HNSCC,HNSCC,0.0016218110802301321,0.9759395858795303,0.020528397699197752,0.0019102053410419086
TCGA:HNSCC:TCGA-CN-6013-01,HNSCC,HNSCC,0.0007972604250466196,0.9804623055753805,0.017111106308406874,0.0016293276911659087
TCGA:HNSCC:TCGA-CN-6016-01,HNSCC,HNSCC,0.01207340558687973,0.9615123648473674,0.017987679339161577,0.008426550226591369
TCGA:HNSCC:TCGA-CN-6017-01,HNSCC,HNSCC,0.0030646196726000986,0.9673454577371404,0.024279187162089048,0.005310735428170253
TCGA:HNSCC:TCGA-CN-6018-01,HNSCC,HNSCC,0.0006065637727718211,0.9885903944334075,0.009528214876454767,0.0012748269173660455
TCGA:HNSCC:TCGA-CN-6019-01,HNSCC,HNSCC,0.00145347276876595,0.9827991336481603,0.01388048793105589,0.0018669056520178632
TCGA:HNSCC:TCGA-CN-6020-01,HNSCC,HNSCC,0.0008357264917013401,0.9946953994459847,0.003720863258733701,0.0007480108035801956
TCGA:HNSCC:TCGA-CN-6021-01,HNSCC,HNSCC,0.0032767824829807186,0.9584282582921568,0.034306056083848596,0.0039889031410137
TCGA:HNSCC:TCGA-CN-6022-01,HNSCC,HNSCC,0.000805659295361259,0.9781661743925514,0.020206457496607405,0.0008217088154798685
TCGA:HNSCC:TCGA-CN-6023-01,HNSCC,HNSCC,0.008596091926479704,0.8858211731893246,0.09673630644259378,0.008846428441601982
TCGA:HNSCC:TCGA-CN-6024-01,HNSCC,HNSCC,0.0026751812523945423,0.9085789264840585,0.08694569187168756,0.0018002003918594792
TCGA:HNSCC:TCGA-CN-6988-01,HNSCC,HNSCC,0.0006677135880136099,0.9840256511866983,0.013492497648064058,0.0018141375772239628
TCGA:HNSCC:TCGA-CN-6989-01,HNSCC,HNSCC,0.0009873766401872397,0.9811304520762116,0.016437739618755474,0.001444431664845635
TCGA:HNSCC:TCGA-CN-6992-01,HNSCC,HNSCC,0.005761447693957896,0.9352271147671428,0.05244750989825453,0.0065639276406448815
TCGA:HNSCC:TCGA-CN-6994-01,HNSCC,HNSCC,0.0034736996921060203,0.9755380439979371,0.0175824269465943,0.003405829363362751
TCGA:HNSCC:TCGA-CN-6995-01,HNSCC,HNSCC,0.0025742830158279064,0.9866186656665571,0.008616220938393123,0.0021908303792217564
TCGA:HNSCC:TCGA-CN-6996-01,HNSCC,HNSCC,0.00039150776901483996,0.9959896505291069,0.003155552234880053,0.0004632894669982712
TCGA:HNSCC:TCGA-CN-6997-01,HNSCC,HNSCC,0.0012215926977195471,0.966764390597622,0.029510350044879834,0.0025036666597785615
TCGA:HNSCC:TCGA-CN-6998-01,HNSCC,HNSCC,0.0019368167760386616,0.9930911874941871,0.0034128660444850594,0.0015591296852891607
TCGA:HNSCC:TCGA-CN-A497-01,HNSCC,HNSCC,0.04381632326483796,0.8228998810637431,0.10971872013577903,0.023565075535639707
TCGA:HNSCC:TCGA-CN-A498-01,HNSCC,HNSCC,0.0005503224636274843,0.9557787442790868,0.04227891549709254,0.0013920177601932106
TCGA:HNSCC:TCGA-CN-A499-01,HNSCC,HNSCC,0.0010354497417908216,0.9778600953709251,0.01915303794057314,0.0019514169467108307
TCGA:HNSCC:TCGA-CN-A49A-01,HNSCC,LSCC,0.018217822666709616,0.4755579656132181,0.49494535046298843,0.01127886125708395
TCGA:HNSCC:TCGA-CN-A49B-01,HNSCC,HNSCC,0.0002799339324630183,0.9911506611492736,0.008170028595067842,0.0003993763231953702
TCGA:HNSCC:TCGA-CN-A49C-01,HNSCC,HNSCC,0.0005455788895502437,0.9961744083237852,0.002539799595859353,0.0007402131908049364
TCGA:HNSCC:TCGA-CN-A63T-01,HNSCC,HNSCC,0.00195412472972324,0.96750170808035,0.028982731123832,0.001561436066094807
TCGA:HNSCC:TCGA-CN-A63U-01,HNSCC,HNSCC,0.024586430085735765,0.4868322750617902,0.4776899965714543,0.010891298281019784
TCGA:HNSCC:TCGA-CN-A63V-01,HNSCC,HNSCC,0.016288323901873788,0.9331548928819333,0.0474682692312708,0.0030885139849220434
TCGA:HNSCC:TCGA-CN-A63W-01,HNSCC,HNSCC,0.0014634076962864284,0.9661954977198353,0.02848764480342253,0.0038534497804558606
TCGA:HNSCC:TCGA-CN-A641-01,HNSCC,HNSCC,0.002542679254992746,0.9623602621404863,0.03008519549227189,0.0050118631122491345
TCGA:HNSCC:TCGA-CN-A642-01,HNSCC,HNSCC,0.00764520802600077,0.9755363704407738,0.015232691269675986,0.0015857302635493955
TCGA:HNSCC:TCGA-CN-A6UY-01,HNSCC,HNSCC,0.02710782241859561,0.8851515043071296,0.07221978384127117,0.01552088943300347
TCGA:HNSCC:TCGA-CN-A6V1-01,HNSCC,HNSCC,0.003635338979805713,0.9913758665777921,0.0037906087289103657,0.0011981857134918442
TCGA:HNSCC:TCGA-CN-A6V3-01,HNSCC,HNSCC,0.0005069386616118566,0.9930662006931409,0.005525389783430758,0.0009014708618162307
TCGA:HNSCC:TCGA-CN-A6V6-01,HNSCC,HNSCC,0.003688626045864906,0.9735192710489433,0.022094908373208384,0.0006971945319835495
TCGA:HNSCC:TCGA-CN-A6V7-01,HNSCC,HNSCC,0.0024354192148698696,0.9365540658961755,0.059080915483295394,0.00192959940565912
TCGA:HNSCC:TCGA-CQ-5323-01,HNSCC,HNSCC,0.00021573211250192726,0.9955051133111108,0.004192952567263496,8.620200912383175e-05
TCGA:HNSCC:TCGA-CQ-5324-01,HNSCC,HNSCC,0.0006293537531522996,0.9810690514872444,0.017550442228748322,0.0007511525308550101
TCGA:HNSCC:TCGA-CQ-5325-01,HNSCC,HNSCC,0.001206467159441677,0.9874370192261789,0.010405016767981801,0.000951496846397784
TCGA:HNSCC:TCGA-CQ-5326-01,HNSCC,HNSCC,0.0006499558447414306,0.9936017780467098,0.005328715891498376,0.0004195502170502028
TCGA:HNSCC:TCGA-CQ-5327-01,HNSCC,HNSCC,0.0013596886482859286,0.9959557678561639,0.002085630392074483,0.000598913103475836
TCGA:HNSCC:TCGA-CQ-5329-01,HNSCC,HNSCC,0.005777971933784976,0.9798871184967605,0.012912346493893917,0.001422563075560736
TCGA:HNSCC:TCGA-CQ-5330-01,HNSCC,HNSCC,0.0021516288487904056,0.9848122580953798,0.011795273962391247,0.0012408390934384832
TCGA:HNSCC:TCGA-CQ-5331-01,HNSCC,HNSCC,0.001527951964148842,0.9956888846898532,0.0022484245487495976,0.0005347387972484028
TCGA:HNSCC:TCGA-CQ-5332-01,HNSCC,HNSCC,0.0009602070827753659,0.9193774196228804,0.07897226176456033,0.0006901115297838224
TCGA:HNSCC:TCGA-CQ-5333-01,HNSCC,HNSCC,0.054609022069435034,0.8910200425329153,0.048399986218232875,0.005970949179416855
TCGA:HNSCC:TCGA-CQ-5334-01,HNSCC,HNSCC,0.002941544052467406,0.9780274788294889,0.017792481394829484,0.0012384957232141026
TCGA:HNSCC:TCGA-CQ-6218-01,HNSCC,HNSCC,0.00029550920771430155,0.99144466535885,0.007600025626126406,0.0006597998073092205
TCGA:HNSCC:TCGA-CQ-6219-01,HNSCC,HNSCC,0.00164783607723059,0.9920698413114379,0.005676315985294225,0.0006060066260371873
TCGA:HNSCC:TCGA-CQ-6220-01,HNSCC,HNSCC,0.0011028088567653182,0.9961191279349005,0.0023897887008240415,0.00038827450751013177
TCGA:HNSCC:TCGA-CQ-6222-01,HNSCC,HNSCC,0.0070632570319336995,0.9674270585099611,0.02332758593884949,0.0021820985192558115
TCGA:HNSCC:TCGA-CQ-6223-01,HNSCC,HNSCC,0.0008308749201763419,0.9874658665618747,0.009915715739445668,0.0017875427785031964
TCGA:HNSCC:TCGA-CQ-6224-01,HNSCC,HNSCC,0.003949555320495325,0.9767498770449935,0.016027079150803477,0.003273488483707795
TCGA:HNSCC:TCGA-CQ-6225-01,HNSCC,LSCC,0.0014160988701561877,0.03880139827524722,0.9579116199429993,0.0018708829115973136
TCGA:HNSCC:TCGA-CQ-6227-01,HNSCC,HNSCC,0.0009132740946776317,0.996234455635642,0.00237491183809785,0.00047735843158253457
TCGA:HNSCC:TCGA-CQ-6228-01,HNSCC,HNSCC,0.004460321406219847,0.8266868945808281,0.15857392972630036,0.010278854286651677
TCGA:HNSCC:TCGA-CQ-6229-01,HNSCC,HNSCC,0.0009893442976584847,0.9962632868029387,0.0023476625534580636,0.0003997063459445895
TCGA:HNSCC:TCGA-CQ-7063-01,HNSCC,HNSCC,0.0018561074866040377,0.9953813186956452,0.002247079613692437,0.0005154942040583436
TCGA:HNSCC:TCGA-CQ-7065-01,HNSCC,HNSCC,0.003889211098172258,0.973097185392781,0.02057457359852256,0.0024390299105242607
TCGA:HNSCC:TCGA-CQ-7067-01,HNSCC,HNSCC,0.0019302629373362538,0.9766373909088769,0.018169303793223894,0.00326304236056291
TCGA:HNSCC:TCGA-CQ-7068-01,HNSCC,HNSCC,0.0012047273324865,0.994137125350791,0.0038365775471452604,0.0008215697695772129
TCGA:HNSCC:TCGA-CQ-7069-01,HNSCC,HNSCC,0.0016500401430085347,0.9705506129353549,0.023023418036455003,0.004775928885181466
TCGA:HNSCC:TCGA-CQ-7071-01,HNSCC,HNSCC,0.0007124325085049773,0.9959997933906952,0.002766440196281417,0.0005213339045185349
TCGA:HNSCC:TCGA-CQ-7072-01,HNSCC,HNSCC,0.015148276494642994,0.520916293853444,0.4376769021771394,0.02625852747477374
TCGA:HNSCC:TCGA-CQ-A4C6-01,HNSCC,HNSCC,0.0004088601196200341,0.99308035939703,0.006265587012196919,0.0002451934711531987
TCGA:HNSCC:TCGA-CQ-A4C9-01,HNSCC,HNSCC,0.0065858117230011845,0.6445979551031537,0.33794380921717165,0.010872423956673562
TCGA:HNSCC:TCGA-CQ-A4CA-01,HNSCC,HNSCC,0.0016886360979108375,0.9476706282000769,0.049138354807636724,0.0015023808943756482
TCGA:HNSCC:TCGA-CQ-A4CB-01,HNSCC,HNSCC,0.0003733632383284831,0.9908788053780229,0.008518350337841143,0.00022948104580762245
TCGA:HNSCC:TCGA-CQ-A4CD-01,HNSCC,HNSCC,0.004841627078010534,0.9592629799077855,0.033933517908077596,0.0019618751061263803
TCGA:HNSCC:TCGA-CQ-A4CE-01,HNSCC,HNSCC,0.001284604102760068,0.9956300668628519,0.00265608221057314,0.0004292468238148064
TCGA:HNSCC:TCGA-CQ-A4CG-01,HNSCC,HNSCC,0.0009120109435930601,0.9883676220898858,0.010278462542552946,0.00044190442396821754
TCGA:HNSCC:TCGA-CQ-A4CH-01,HNSCC,HNSCC,0.0014039163805202326,0.9875130448894676,0.009969739428281759,0.0011132993017302516
TCGA:HNSCC:TCGA-CQ-A4CI-01,HNSCC,LSCC,0.002550782438268814,0.19685171016523897,0.7968773211860279,0.0037201862104640805
TCGA:HNSCC:TCGA-CR-5243-01,HNSCC,HNSCC,0.004630972896543096,0.9474057255089336,0.042198252928496466,0.0057650486660268015
TCGA:HNSCC:TCGA-CR-5247-01,HNSCC,HNSCC,0.001573629920752725,0.9929872024477921,0.004774435943634789,0.0006647316878202849
TCGA:HNSCC:TCGA-CR-5248-01,HNSCC,HNSCC,0.0005076725681713568,0.9932955655120318,0.005646199827647959,0.0005505620921490406
TCGA:HNSCC:TCGA-CR-5249-01,HNSCC,HNSCC,0.0006448577446391355,0.9756897852595772,0.02266442001677476,0.0010009369790087961
TCGA:HNSCC:TCGA-CR-5250-01,HNSCC,HNSCC,0.002136416614903583,0.9776808565290993,0.018565087239157955,0.001617639616838947
TCGA:HNSCC:TCGA-CR-6467-01,HNSCC,HNSCC,0.004126979290963706,0.9251434576106958,0.06547582538016766,0.005253737718172824
TCGA:HNSCC:TCGA-CR-6470-01,HNSCC,HNSCC,0.0042347401238192585,0.8829147607234836,0.11065494995205433,0.002195549200642913
TCGA:HNSCC:TCGA-CR-6471-01,HNSCC,HNSCC,0.0057918475997981314,0.9852280631444538,0.007053108570314634,0.001926980685433383
TCGA:HNSCC:TCGA-CR-6472-01,HNSCC,HNSCC,0.033444424012325766,0.8656591288340741,0.09181293099155198,0.009083516162048064
TCGA:HNSCC:TCGA-CR-6473-01,HNSCC,LSCC,0.004950079971143777,0.4720003507037448,0.5136655347096117,0.009384034615499566
TCGA:HNSCC:TCGA-CR-6474-01,HNSCC,HNSCC,0.0025706862339859014,0.9827476831440854,0.012400296169899854,0.0022813344520287247
TCGA:HNSCC:TCGA-CR-6477-01,HNSCC,HNSCC,0.0005814738630485031,0.9972203398462394,0.001875900212173615,0.00032228607853874487
TCGA:HNSCC:TCGA-CR-6478-01,HNSCC,HNSCC,0.001591642835645842,0.9273989039865334,0.06815099348149808,0.0028584596963228304
TCGA:HNSCC:TCGA-CR-6480-01,HNSCC,HNSCC,0.0005061146586705648,0.9831652799470874,0.014971057191134453,0.001357548203107668
TCGA:HNSCC:TCGA-CR-6481-01,HNSCC,HNSCC,0.004724793086358776,0.9596451609458546,0.03350870775129078,0.002121338216495813
TCGA:HNSCC:TCGA-CR-6482-01,HNSCC,HNSCC,0.06738732253328214,0.6979162778539403,0.1620114792876716,0.07268492032510598
TCGA:HNSCC:TCGA-CR-6484-01,HNSCC,HNSCC,0.0031601224461202276,0.9744246820991672,0.02047076537768477,0.0019444300770278158
TCGA:HNSCC:TCGA-CR-6487-01,HNSCC,HNSCC,0.0020105771168166964,0.8494970434325259,0.14701207064101446,0.0014803088096430228
TCGA:HNSCC:TCGA-CR-6488-01,HNSCC,HNSCC,0.0014932742560143867,0.9818320202136432,0.013431415309343962,0.0032432902209984867
TCGA:HNSCC:TCGA-CR-6491-01,HNSCC,HNSCC,0.0014439883245526224,0.9929715884336228,0.004702939785526242,0.0008814834562983672
TCGA:HNSCC:TCGA-CR-6492-01,HNSCC,HNSCC,0.0005344072343889703,0.9874273400913341,0.011698401032230556,0.00033985164204615724
TCGA:HNSCC:TCGA-CR-6493-01,HNSCC,HNSCC,0.0001896145167127166,0.998084072512524,0.0014748063223251483,0.0002515066484379702
TCGA:HNSCC:TCGA-CR-7364-01,HNSCC,HNSCC,0.005566081116834684,0.9317462504860465,0.05377392599959496,0.008913742397523818
TCGA:HNSCC:TCGA-CR-7365-01,HNSCC,HNSCC,0.0004054514718699517,0.996994254648801,0.0023116656840966652,0.00028862819523238373
TCGA:HNSCC:TCGA-CR-7367-01,HNSCC,HNSCC,0.0013152208145954091,0.955425251259068,0.04238870538652007,0.0008708225398165558
TCGA:HNSCC:TCGA-CR-7368-01,HNSCC,HNSCC,0.0008372048092319671,0.9715131510598941,0.02342269509469266,0.004226949036181393
TCGA:HNSCC:TCGA-CR-7369-01,HNSCC,HNSCC,0.000529142745577683,0.9920598901333841,0.00692969731921442,0.00048126980182386077
TCGA:HNSCC:TCGA-CR-7370-01,HNSCC,HNSCC,0.001622240787025621,0.9181558520170172,0.07614266543267766,0.004079241763279439
TCGA:HNSCC:TCGA-CR-7371-01,HNSCC,HNSCC,0.0029034425570340036,0.942204823934563,0.051232015437645086,0.00365971807075813
TCGA:HNSCC:TCGA-CR-7372-01,HNSCC,HNSCC,0.0004073790364070959,0.9975094435170004,0.0019473111702596622,0.00013586627633286336
TCGA:HNSCC:TCGA-CR-7373-01,HNSCC,HNSCC,0.0020723783127910116,0.9952741832201565,0.0019112442520197949,0.0007421942150329326
TCGA:HNSCC:TCGA-CR-7374-01,HNSCC,HNSCC,0.019539336608951734,0.7636073301561638,0.20372512962807376,0.013128203606810704
TCGA:HNSCC:TCGA-CR-7376-01,HNSCC,HNSCC,0.0017997179685336532,0.983652902934125,0.012730563003595943,0.0018168160937455599
TCGA:HNSCC:TCGA-CR-7377-01,HNSCC,HNSCC,0.0011561834197341672,0.9952163209247348,0.003349283604515063,0.0002782120510161428
TCGA:HNSCC:TCGA-CR-7379-01,HNSCC,HNSCC,0.002722178308724305,0.9885526427039848,0.00822446701927714,0.0005007119680138722
TCGA:HNSCC:TCGA-CR-7380-01,HNSCC,HNSCC,0.0010888285857593093,0.9949826800758881,0.00313122276438653,0.0007972685739660694
TCGA:HNSCC:TCGA-CR-7382-01,HNSCC,HNSCC,0.017588521775043567,0.850632328395338,0.116618160461599,0.015160989368019337
TCGA:HNSCC:TCGA-CR-7383-01,HNSCC,HNSCC,0.007836267415048573,0.8462348035468763,0.14048273130832192,0.005446197729753235
TCGA:HNSCC:TCGA-CR-7385-01,HNSCC,HNSCC,0.00034270307340878223,0.9938646569870545,0.005470635025915426,0.0003220049136214318
TCGA:HNSCC:TCGA-CR-7386-01,HNSCC,HNSCC,0.0030365219863146328,0.974815822595483,0.018181771689446596,0.003965883728755916
TCGA:HNSCC:TCGA-CR-7388-01,HNSCC,HNSCC,0.0013522408182796823,0.9480609367218741,0.04789782000321669,0.002689002456629707
TCGA:HNSCC:TCGA-CR-7389-01,HNSCC,HNSCC,0.0040153774362453685,0.9358408515372652,0.05622664586569459,0.003917125160794899
TCGA:HNSCC:TCGA-CR-7390-01,HNSCC,HNSCC,0.0004031670044205059,0.9933424605492294,0.005716193313743566,0.0005381791326066296
TCGA:HNSCC:TCGA-CR-7391-01,HNSCC,HNSCC,0.0018277096644861936,0.9652361727319112,0.0306315493626609,0.0023045682409416303
TCGA:HNSCC:TCGA-CR-7392-01,HNSCC,HNSCC,0.0010854834028385689,0.9802628731653343,0.015676089514645605,0.002975553917181464
TCGA:HNSCC:TCGA-CR-7393-01,HNSCC,HNSCC,0.0016700416662814269,0.9879627440038627,0.00841437148516117,0.0019528428446947306
TCGA:HNSCC:TCGA-CR-7394-01,HNSCC,HNSCC,0.0029948146871712302,0.9790610749889123,0.01561677066113676,0.0023273396627797537
TCGA:HNSCC:TCGA-CR-7395-01,HNSCC,HNSCC,0.0006750540848904158,0.9948238507636801,0.0042229522784859915,0.00027814287294363713
TCGA:HNSCC:TCGA-CR-7397-01,HNSCC,HNSCC,0.0008037497916454149,0.9937055425799531,0.005131400168117006,0.0003593074602843164
TCGA:HNSCC:TCGA-CR-7398-01,HNSCC,HNSCC,0.00661465598010875,0.96529989853264,0.02446937301148173,0.0036160724757695085
TCGA:HNSCC:TCGA-CR-7399-01,HNSCC,HNSCC,0.012590659821034448,0.5336250381825286,0.42884415538734133,0.024940146609095548
TCGA:HNSCC:TCGA-CR-7401-01,HNSCC,HNSCC,0.0014932977627009965,0.9936215612379777,0.004440533987345038,0.0004446070119762036
TCGA:HNSCC:TCGA-CR-7402-01,HNSCC,HNSCC,0.004229628125616929,0.9138405541122057,0.07052317622803568,0.011406641534141768
TCGA:HNSCC:TCGA-CR-7404-01,HNSCC,HNSCC,0.0012374518962298305,0.9194676453243875,0.07819554737144564,0.0010993554079369782
TCGA:HNSCC:TCGA-CV-5430-01,HNSCC,HNSCC,0.0036242258742639295,0.915746676864298,0.07664664675314346,0.003982450508294525
TCGA:HNSCC:TCGA-CV-5431-01,HNSCC,HNSCC,0.0016862179606894272,0.9798527199893643,0.018022121308778703,0.00043894074116764854
TCGA:HNSCC:TCGA-CV-5432-01,HNSCC,HNSCC,0.0017737031369555562,0.9265621524331804,0.06966939309315162,0.001994751336712229
TCGA:HNSCC:TCGA-CV-5434-01,HNSCC,LSCC,0.003201221960940763,0.41811759866000053,0.5746074717115981,0.004073707667460456
TCGA:HNSCC:TCGA-CV-5435-01,HNSCC,HNSCC,0.003107816182976295,0.7458204989983015,0.24660034982335305,0.004471334995369106
TCGA:HNSCC:TCGA-CV-5436-01,HNSCC,HNSCC,0.0004428028907358639,0.9973055364172889,0.002136787474895716,0.00011487321707941599
TCGA:HNSCC:TCGA-CV-5439-01,HNSCC,HNSCC,0.002063727086211157,0.9244966952796105,0.07016639313481374,0.0032731844993647793
TCGA:HNSCC:TCGA-CV-5440-01,HNSCC,HNSCC,0.0021702538973463734,0.9642307539598148,0.031082928268657866,0.002516063874180757
TCGA:HNSCC:TCGA-CV-5441-01,HNSCC,HNSCC,0.001802890024846843,0.9900811301472906,0.0074137018089041,0.0007022780189585139
TCGA:HNSCC:TCGA-CV-5442-01,HNSCC,HNSCC,0.007581156265652973,0.9854039990036679,0.005776884140721983,0.001237960589957035
TCGA:HNSCC:TCGA-CV-5443-01,HNSCC,HNSCC,0.012388131272770754,0.6630836201645068,0.31754123012571817,0.006987018437004315
TCGA:HNSCC:TCGA-CV-5444-01,HNSCC,HNSCC,0.003073632011310747,0.988982520135914,0.006783707655988709,0.0011601401967865192
TCGA:HNSCC:TCGA-CV-5966-01,HNSCC,HNSCC,0.0019713292686550604,0.9902522355897095,0.006714133038834077,0.001062302102801544
TCGA:HNSCC:TCGA-CV-5970-01,HNSCC,HNSCC,0.0004762796581162988,0.9957341917177316,0.0032733737486599314,0.0005161548754921734
TCGA:HNSCC:TCGA-CV-5971-01,HNSCC,HNSCC,0.08484616841994307,0.81863242785357,0.06296921709639997,0.033552186630086904
TCGA:HNSCC:TCGA-CV-5973-01,HNSCC,HNSCC,0.03239144553407401,0.9179291200503908,0.0358365605139384,0.013842873901596721
TCGA:HNSCC:TCGA-CV-5976-01,HNSCC,HNSCC,0.0008707886538028224,0.9945042587631159,0.004077437408979399,0.0005475151741020086
TCGA:HNSCC:TCGA-CV-5977-01,HNSCC,HNSCC,0.0010869806017078853,0.9976758162584075,0.0010789113783807773,0.0001582917615036292
TCGA:HNSCC:TCGA-CV-5978-01,HNSCC,LSCC,0.010292112531761391,0.23541768018722956,0.7444280390637318,0.00986216821727712
TCGA:HNSCC:TCGA-CV-5979-01,HNSCC,HNSCC,0.0005989332440840445,0.9915244062830258,0.007001119560856868,0.0008755409120333311
TCGA:HNSCC:TCGA-CV-6003-01,HNSCC,HNSCC,0.0004898351899088071,0.9958655821287044,0.00273348601389932,0.0009110966674875889
TCGA:HNSCC:TCGA-CV-6433-01,HNSCC,HNSCC,0.05414431347052629,0.6735404079747004,0.24716698519809044,0.025148293356682887
TCGA:HNSCC:TCGA-CV-6436-01,HNSCC,HNSCC,0.001541335770138364,0.9966239568863222,0.0014433271511071597,0.000391380192432035
TCGA:HNSCC:TCGA-CV-6441-01,HNSCC,HNSCC,0.0034924889411677984,0.880008471666263,0.10548281248670333,0.011016226905865817
TCGA:HNSCC:TCGA-CV-6933-01,HNSCC,HNSCC,0.0006823330616684143,0.9764779202721756,0.021905557405733786,0.0009341892604221921
TCGA:HNSCC:TCGA-CV-6934-01,HNSCC,HNSCC,0.004787290515589969,0.9185556532373549,0.07067239380935078,0.005984662437704389
TCGA:HNSCC:TCGA-CV-6935-01,HNSCC,HNSCC,0.0036510783927417383,0.9523135270180474,0.04276084627854728,0.0012745483106636174
TCGA:HNSCC:TCGA-CV-6936-01,HNSCC,HNSCC,0.0014584290954973004,0.9943833856608265,0.003722053456031271,0.00043613178764498925
TCGA:HNSCC:TCGA-CV-6937-01,HNSCC,HNSCC,0.01886671800246461,0.8981103537153792,0.07051277979779819,0.012510148484358071
TCGA:HNSCC:TCGA-CV-6938-01,HNSCC,HNSCC,0.002217080188225529,0.9919855958430838,0.005269046381827548,0.0005282775868628876
TCGA:HNSCC:TCGA-CV-6939-01,HNSCC,HNSCC,0.006936407754895947,0.9140860135925936,0.07238866671910268,0.006588911933407658
TCGA:HNSCC:TCGA-CV-6940-01,HNSCC,HNSCC,0.0006355971920156162,0.983217518521331,0.01509876765034432,0.0010481166363091876
TCGA:HNSCC:TCGA-CV-6941-01,HNSCC,HNSCC,0.0007067733277558383,0.9916444190931742,0.007066871994106721,0.0005819355849630819
TCGA:HNSCC:TCGA-CV-6942-01,HNSCC,HNSCC,0.00187803220560112,0.9826339400177524,0.014988418808779873,0.0004996089678665306
TCGA:HNSCC:TCGA-CV-6943-01,HNSCC,HNSCC,0.0020642684965694303,0.9937704297648119,0.003230143355813292,0.00093515838280544
TCGA:HNSCC:TCGA-CV-6945-01,HNSCC,HNSCC,0.008467345153505442,0.8577323477870751,0.12474452060363583,0.009055786455783687
TCGA:HNSCC:TCGA-CV-6948-01,HNSCC,LSCC,0.013644129186323744,0.1598532518288806,0.8086065636027583,0.017896055382037396
TCGA:HNSCC:TCGA-CV-6950-01,HNSCC,HNSCC,0.0008300096939642767,0.9938263026206977,0.004240070486343699,0.0011036171989941771
TCGA:HNSCC:TCGA-CV-6951-01,HNSCC,HNSCC,0.0007679510729904592,0.9929957159009597,0.005134785867855075,0.001101547158194672
TCGA:HNSCC:TCGA-CV-6952-01,HNSCC,HNSCC,0.0008064375706960874,0.9967332541799756,0.001991365638852383,0.00046894261047607336
TCGA:HNSCC:TCGA-CV-6953-01,HNSCC,HNSCC,0.0037641121062663777,0.9849599038905122,0.009089212678055831,0.002186771325165532
TCGA:HNSCC:TCGA-CV-6954-01,HNSCC,HNSCC,0.003472647859926731,0.9872880707038578,0.006606826607714306,0.0026324548285010805
TCGA:HNSCC:TCGA-CV-6955-01,HNSCC,HNSCC,0.004333567752604945,0.9760418104994139,0.015892403566209672,0.0037322181817714185
TCGA:HNSCC:TCGA-CV-6956-01,HNSCC,HNSCC,0.0009072308589615972,0.9864930148530856,0.010944217942217782,0.0016555363457349862
TCGA:HNSCC:TCGA-CV-6959-01,HNSCC,HNSCC,0.00040187595093009806,0.9932411182609971,0.005783175758561499,0.0005738300295114197
TCGA:HNSCC:TCGA-CV-6960-01,HNSCC,HNSCC,0.0005731777013291114,0.985574494791252,0.011080239130476397,0.00277208837694254
TCGA:HNSCC:TCGA-CV-6961-01,HNSCC,HNSCC,0.0014099024294305525,0.8895235835068889,0.10686503735392096,0.0022014767097597978
TCGA:HNSCC:TCGA-CV-6962-01,HNSCC,HNSCC,0.0038616892430290966,0.9176349490478461,0.07413931007910478,0.004364051630019895
TCGA:HNSCC:TCGA-CV-7089-01,HNSCC,HNSCC,0.00043615231999028967,0.9981687258340787,0.001205614447578327,0.00018950739835282357
TCGA:HNSCC:TCGA-CV-7090-01,HNSCC,HNSCC,0.0006784391967510662,0.9961661396106342,0.0027229121968345934,0.000432508995780136
TCGA:HNSCC:TCGA-CV-7091-01,HNSCC,HNSCC,0.001320818044106496,0.9886702792884773,0.0095621115071797,0.0004467911602362816
TCGA:HNSCC:TCGA-CV-7095-01,HNSCC,HNSCC,0.00042396339693074204,0.9936901498576345,0.004933010016203069,0.0009528767292317918
TCGA:HNSCC:TCGA-CV-7097-01,HNSCC,HNSCC,0.0020377855324259842,0.9834792693645733,0.013436986291652325,0.0010459588113484388
TCGA:HNSCC:TCGA-CV-7099-01,HNSCC,HNSCC,0.0003245018706232392,0.9964151693199915,0.002924489402890573,0.00033583940649473516
TCGA:HNSCC:TCGA-CV-7100-01,HNSCC,HNSCC,0.0017255041391688092,0.9363978606081699,0.055626725506136794,0.006249909746524349
TCGA:HNSCC:TCGA-CV-7101-01,HNSCC,HNSCC,0.000992020853703127,0.9729244276446154,0.025026188785169667,0.0010573627165117274
TCGA:HNSCC:TCGA-CV-7102-01,HNSCC,HNSCC,0.0010209992489142975,0.9876624432109875,0.010044672873782672,0.0012718846663154237
TCGA:HNSCC:TCGA-CV-7103-01,HNSCC,HNSCC,0.01813482999802489,0.8254790910521912,0.1466313879846247,0.00975469096515923
TCGA:HNSCC:TCGA-CV-7104-01,HNSCC,HNSCC,0.0012387590601884543,0.9935006636178674,0.00402756036957068,0.001233016952373499
TCGA:HNSCC:TCGA-CV-7177-01,HNSCC,HNSCC,0.009981164981837293,0.9172839036622736,0.06428424178591245,0.008450689569976612
TCGA:HNSCC:TCGA-CV-7178-01,HNSCC,LSCC,0.01447975205250702,0.44439149897500646,0.5320329235749013,0.009095825397585213
TCGA:HNSCC:TCGA-CV-7180-01,HNSCC,HNSCC,0.0004056084061120802,0.9970133530614952,0.0023264102714468634,0.00025462826094570305
TCGA:HNSCC:TCGA-CV-7183-01,HNSCC,HNSCC,0.00042728463359379266,0.9959516580897358,0.0032086568777056055,0.0004124003989647309
TCGA:HNSCC:TCGA-CV-7235-01,HNSCC,HNSCC,0.021745653722067007,0.7928391852100389,0.17726139314518324,0.008153767922710584
TCGA:HNSCC:TCGA-CV-7236-01,HNSCC,HNSCC,0.00045426172063001233,0.9966591530501707,0.002587458855328013,0.0002991263738711768
TCGA:HNSCC:TCGA-CV-7238-01,HNSCC,HNSCC,0.0016894963010356074,0.9883549278703022,0.008990126422620318,0.000965449406041864
TCGA:HNSCC:TCGA-CV-7242-01,HNSCC,HNSCC,0.0006279227358486525,0.9798567769898257,0.018119539224221277,0.0013957610501044734
TCGA:HNSCC:TCGA-CV-7243-01,HNSCC,HNSCC,0.01091282603779594,0.9502594286509932,0.034891387106297696,0.003936358204913312
TCGA:HNSCC:TCGA-CV-7245-01,HNSCC,HNSCC,0.00020376328862022273,0.9841019925164339,0.015400629981722301,0.0002936142132237071
TCGA:HNSCC:TCGA-CV-7247-01,HNSCC,HNSCC,0.0029056191706824525,0.9877517334147438,0.008399734496575422,0.0009429129179985341
TCGA:HNSCC:TCGA-CV-7248-01,HNSCC,HNSCC,0.0004801105001388902,0.9855138640895746,0.013391587094332864,0.0006144383159536531
TCGA:HNSCC:TCGA-CV-7250-01,HNSCC,HNSCC,0.0008161541213510004,0.9887510231770444,0.009068184253370979,0.0013646384482333786
TCGA:HNSCC:TCGA-CV-7252-01,HNSCC,HNSCC,0.00044468156181336904,0.9907683474676486,0.007784427153134883,0.0010025438174033282
TCGA:HNSCC:TCGA-CV-7253-01,HNSCC,HNSCC,0.0006517272693576945,0.973856421642901,0.023255955275533743,0.0022358958122073807
TCGA:HNSCC:TCGA-CV-7254-01,HNSCC,HNSCC,0.020301661182119624,0.8549092584421607,0.10509292010023343,0.01969616027548631
TCGA:HNSCC:TCGA-CV-7255-01,HNSCC,HNSCC,0.0037001318225641333,0.983653676476896,0.011428406469449422,0.0012177852310903206
TCGA:HNSCC:TCGA-CV-7261-01,HNSCC,LSCC,0.0035230975569063433,0.13410759290881422,0.8595885642317749,0.0027807453025044133
TCGA:HNSCC:TCGA-CV-7263-01,HNSCC,HNSCC,0.0020161894933362853,0.9871568365316139,0.010169565682964905,0.0006574082920846954
TCGA:HNSCC:TCGA-CV-7406-01,HNSCC,HNSCC,0.014544125043653811,0.867075881494086,0.11193598681185944,0.006444006650400566
TCGA:HNSCC:TCGA-CV-7407-01,HNSCC,HNSCC,0.006146725710058155,0.8962446246034128,0.09122320604918868,0.006385443637340534
TCGA:HNSCC:TCGA-CV-7409-01,HNSCC,HNSCC,0.007463540863976415,0.9714521747660192,0.01989263700700947,0.0011916473629950488
TCGA:HNSCC:TCGA-CV-7410-01,HNSCC,HNSCC,0.005794238431134733,0.9523897884520964,0.039091565568661564,0.0027244075481074356
TCGA:HNSCC:TCGA-CV-7411-01,HNSCC,HNSCC,0.0030339821353745065,0.9902652037339024,0.0050066677769003845,0.0016941463538226948
TCGA:HNSCC:TCGA-CV-7413-01,HNSCC,HNSCC,0.0023189817395331447,0.9641869492235916,0.031051759145055424,0.002442309891819915
TCGA:HNSCC:TCGA-CV-7414-01,HNSCC,HNSCC,0.003992480370635231,0.9705467282932224,0.023218361885222513,0.0022424294509199123
TCGA:HNSCC:TCGA-CV-7415-01,HNSCC,HNSCC,0.0007219424915955989,0.9964329132689187,0.0023859387574683517,0.0004592054820173385
TCGA:HNSCC:TCGA-CV-7416-01,HNSCC,HNSCC,0.0017154849682302648,0.894125209387616,0.09988863866545797,0.004270666978695929
TCGA:HNSCC:TCGA-CV-7418-01,HNSCC,HNSCC,0.0030993485640550575,0.8057690710545029,0.18842915940282928,0.0027024209786127287
TCGA:HNSCC:TCGA-CV-7421-01,HNSCC,HNSCC,0.006416975720874332,0.8951989684862488,0.09361663024054137,0.004767425552335584
TCGA:HNSCC:TCGA-CV-7422-01,HNSCC,HNSCC,0.0002435395345246558,0.9883989808829537,0.010822497729878092,0.0005349818526434024
TCGA:HNSCC:TCGA-CV-7423-01,HNSCC,HNSCC,0.00012171986488545125,0.9976842702035488,0.0019596122093447593,0.00023439772222101784
TCGA:HNSCC:TCGA-CV-7424-01,HNSCC,LSCC,0.003990434715408037,0.27536808676370994,0.7108606402674281,0.009780838253453902
TCGA:HNSCC:TCGA-CV-7425-01,HNSCC,HNSCC,0.0010332935888997198,0.9926365548971037,0.005617637387360163,0.0007125141266363213
TCGA:HNSCC:TCGA-CV-7427-01,HNSCC,HNSCC,0.0018684839143869596,0.9937684473469207,0.0034725420559366072,0.0008905266827556713
TCGA:HNSCC:TCGA-CV-7428-01,HNSCC,HNSCC,0.0008059042762846505,0.9905043268062065,0.008129299979906867,0.000560468937601878
TCGA:HNSCC:TCGA-CV-7429-01,HNSCC,HNSCC,0.002636643408574854,0.9692835780617634,0.025954329071674297,0.002125449457987745
TCGA:HNSCC:TCGA-CV-7430-01,HNSCC,HNSCC,0.0022589721710151184,0.9667212988699065,0.028438051255699766,0.002581677703378583
TCGA:HNSCC:TCGA-CV-7432-01,HNSCC,HNSCC,0.0020100121429241363,0.9805774030625609,0.015834337967373182,0.0015782468271415943
TCGA:HNSCC:TCGA-CV-7433-01,HNSCC,HNSCC,0.0007626912542485503,0.981757682540238,0.016897943032016634,0.0005816831734968951
TCGA:HNSCC:TCGA-CV-7434-01,HNSCC,HNSCC,0.00024384595426078565,0.9982089983948861,0.0013367759314851344,0.00021037971936803155
TCGA:HNSCC:TCGA-CV-7435-01,HNSCC,HNSCC,0.00039715077449257915,0.9953301063679952,0.003765938134027636,0.0005068047234845445
TCGA:HNSCC:TCGA-CV-7437-01,HNSCC,HNSCC,0.001826922470247839,0.6027782217989157,0.38726979655315996,0.008125059177676468
TCGA:HNSCC:TCGA-CV-7438-01,HNSCC,HNSCC,0.0034059193838526995,0.9775634227016899,0.018064501595789092,0.0009661563186681249
TCGA:HNSCC:TCGA-CV-7440-01,HNSCC,HNSCC,0.034037753091375245,0.819457310858922,0.11297838674800278,0.033526549301699814
TCGA:HNSCC:TCGA-CV-7446-01,HNSCC,HNSCC,0.011129446489075335,0.7448264444962663,0.22831042671094423,0.01573368230371402
TCGA:HNSCC:TCGA-CV-7568-01,HNSCC,HNSCC,0.01990473840686557,0.5736043515517698,0.3937294663742238,0.012761443667140925
TCGA:HNSCC:TCGA-CV-A45O-01,HNSCC,HNSCC,0.0031181386710813956,0.9741402802535142,0.018476587697725765,0.00426499337767868
TCGA:HNSCC:TCGA-CV-A45P-01,HNSCC,HNSCC,0.0008044675203482295,0.9966444906909474,0.0019710686589059605,0.0005799731297982171
TCGA:HNSCC:TCGA-CV-A45Q-01,HNSCC,HNSCC,0.010459459574740556,0.9793502051873172,0.004975831070600478,0.005214504167341671
TCGA:HNSCC:TCGA-CV-A45R-01,HNSCC,HNSCC,0.0011531947916558895,0.9938159895223029,0.004102412318512413,0.0009284033675287303
TCGA:HNSCC:TCGA-CV-A45T-01,HNSCC,HNSCC,0.0005851434497181247,0.9930020315011244,0.006117237295185362,0.00029558775397179574
TCGA:HNSCC:TCGA-CV-A45U-01,HNSCC,HNSCC,0.0011732938061876765,0.9875255433653,0.010620363501745464,0.0006807993267668588
TCGA:HNSCC:TCGA-CV-A45V-01,HNSCC,HNSCC,0.0006331810196639166,0.9943653267176108,0.004690839184498221,0.00031065307822686236
TCGA:HNSCC:TCGA-CV-A45W-01,HNSCC,LSCC,0.004289397761811146,0.08032597682893398,0.9099033196071747,0.005481305802080161
TCGA:HNSCC:TCGA-CV-A45X-01,HNSCC,HNSCC,0.0006462519460755712,0.9965801596425334,0.0022096911168687453,0.0005638972945221887
TCGA:HNSCC:TCGA-CV-A45Y-01,HNSCC,HNSCC,0.004084408343918019,0.9706941225840524,0.023409997797151992,0.0018114712748776387
TCGA:HNSCC:TCGA-CV-A45Z-01,HNSCC,LSCC,0.003916051742736636,0.1137618542053378,0.8739613267196231,0.008360767332302465
TCGA:HNSCC:TCGA-CV-A460-01,HNSCC,LSCC,0.01785232248370381,0.3953561671322563,0.5752325788440913,0.011558931539948629
TCGA:HNSCC:TCGA-CV-A461-01,HNSCC,HNSCC,0.019665235258322585,0.666220195522662,0.27222281125172404,0.04189175796729136
TCGA:HNSCC:TCGA-CV-A463-01,HNSCC,HNSCC,0.0020969764955325056,0.9923509729181231,0.003909564921857937,0.0016424856644866362
TCGA:HNSCC:TCGA-CV-A464-01,HNSCC,HNSCC,0.0005356013879644353,0.9929250956386049,0.005843257927272022,0.000696045046158801
TCGA:HNSCC:TCGA-CV-A465-01,HNSCC,HNSCC,0.0005876117270633116,0.9918215043344059,0.006974745629346297,0.0006161383091844008
TCGA:HNSCC:TCGA-CV-A468-01,HNSCC,HNSCC,0.0023230054264612946,0.9890167624861678,0.0077640371988064024,0.0008961948885645557
TCGA:HNSCC:TCGA-CV-A6JD-01,HNSCC,HNSCC,0.008256827459152875,0.9861185365703641,0.004264759164381996,0.0013598768061011137
TCGA:HNSCC:TCGA-CV-A6JE-01,HNSCC,HNSCC,0.00879938001900635,0.9837982435744349,0.0063182224592551245,0.0010841539473037732
TCGA:HNSCC:TCGA-CV-A6JM-01,HNSCC,HNSCC,0.006590903486672133,0.9676654071988102,0.0165014753053525,0.009242214009165233
TCGA:HNSCC:TCGA-CV-A6JN-01,HNSCC,HNSCC,0.00283073136529294,0.9958550591207894,0.0008101362017156647,0.0005040733122019388
TCGA:HNSCC:TCGA-CV-A6JO-01,HNSCC,HNSCC,0.001505227333642413,0.994830919160948,0.0034504601493679106,0.00021339335604156944
TCGA:HNSCC:TCGA-CV-A6JT-01,HNSCC,HNSCC,0.004842883351897682,0.9901927270022111,0.0034306515231824074,0.0015337381227087095
TCGA:HNSCC:TCGA-CV-A6JU-01,HNSCC,HNSCC,0.010193124896042934,0.980856682190281,0.006350862475274389,0.002599330438401708
TCGA:HNSCC:TCGA-CV-A6JY-01,HNSCC,HNSCC,0.0010657250854407823,0.9974699501429999,0.0011962968451699977,0.0002680279263892816
TCGA:HNSCC:TCGA-CV-A6JZ-01,HNSCC,HNSCC,0.0020893584395781832,0.9925201831752258,0.00512663928428454,0.00026381910091146277
TCGA:HNSCC:TCGA-CV-A6K0-01,HNSCC,HNSCC,0.004952165711838367,0.9721941367311682,0.02143477979841881,0.001418917758574822
TCGA:HNSCC:TCGA-CV-A6K1-01,HNSCC,HNSCC,0.001414261220580071,0.9953621307339897,0.002093982741801155,0.0011296253036292387
TCGA:HNSCC:TCGA-CV-A6K2-01,HNSCC,HNSCC,0.0010460141780807256,0.9959107886815693,0.0027195254335383007,0.0003236717068117407
TCGA:HNSCC:TCGA-CX-7085-01,HNSCC,HNSCC,0.0032578751629326517,0.971979050146483,0.017670380432792676,0.007092694257791642
TCGA:HNSCC:TCGA-CX-7086-01,HNSCC,HNSCC,0.0006884976038700255,0.9822029943434448,0.016026922178595072,0.0010815858740899477
TCGA:HNSCC:TCGA-CX-7219-01,HNSCC,HNSCC,0.0018430315138174664,0.9864183473745038,0.00999145567231351,0.0017471654393652677
TCGA:HNSCC:TCGA-CX-A4AQ-01,HNSCC,HNSCC,0.04020986639282028,0.7198106281642669,0.23153318524365366,0.008446320199259175
TCGA:HNSCC:TCGA-D6-6515-01,HNSCC,HNSCC,0.0016392479648799883,0.9730438493425432,0.02376186942716232,0.0015550332654145794
TCGA:HNSCC:TCGA-D6-6516-01,HNSCC,HNSCC,0.0014305750691078417,0.9937262764949059,0.004214225562484874,0.000628922873501414
TCGA:HNSCC:TCGA-D6-6517-01,HNSCC,HNSCC,0.001808903126224206,0.9842098866104777,0.013095469635307961,0.000885740627990151
TCGA:HNSCC:TCGA-D6-6823-01,HNSCC,HNSCC,0.0007644520787341988,0.985426489534824,0.013039425262850722,0.0007696331235911364
TCGA:HNSCC:TCGA-D6-6824-01,HNSCC,HNSCC,0.013136988976351734,0.8036322132969854,0.15775298336323246,0.025477814363430332
TCGA:HNSCC:TCGA-D6-6825-01,HNSCC,HNSCC,0.0019711816522161854,0.9883998531709419,0.00852110465248455,0.0011078605243574427
TCGA:HNSCC:TCGA-D6-6826-01,HNSCC,HNSCC,0.01725053289577018,0.9027846228194113,0.0731035529759026,0.006861291308915973
TCGA:HNSCC:TCGA-D6-6827-01,HNSCC,LSCC,0.13877587536351474,0.3476594667941984,0.41821984114115485,0.09534481670113204
TCGA:HNSCC:TCGA-D6-8568-01,HNSCC,HNSCC,0.0004048742328344229,0.9861014481621244,0.012762717612727582,0.0007309599923138697
TCGA:HNSCC:TCGA-D6-8569-01,HNSCC,HNSCC,0.001770492404822917,0.9703974262455635,0.022660068762161135,0.0051720125874522615
TCGA:HNSCC:TCGA-D6-A4Z9-01,HNSCC,HNSCC,0.0017157469029743632,0.9818300410673744,0.01600628536690689,0.00044792666274458834
TCGA:HNSCC:TCGA-D6-A4ZB-01,HNSCC,HNSCC,0.0014328025596848002,0.920714079235519,0.07649381536988996,0.0013593028349063844
TCGA:HNSCC:TCGA-D6-A6EK-01,HNSCC,HNSCC,0.003491633126041933,0.991792219547265,0.0036213826992455987,0.0010947646274477214
TCGA:HNSCC:TCGA-D6-A6EM-01,HNSCC,HNSCC,0.0034096221973460095,0.9837899190972564,0.011708989887651684,0.0010914688177457537
TCGA:HNSCC:TCGA-D6-A6EN-01,HNSCC,HNSCC,0.014100455176204955,0.9749961239846731,0.0051758668066364455,0.005727554032485543
TCGA:HNSCC:TCGA-D6-A6EO-01,HNSCC,HNSCC,0.0019428664813642795,0.9789489327673413,0.013564492735355675,0.005543708015938828
TCGA:HNSCC:TCGA-D6-A6EP-01,HNSCC,BRCA,0.6948485479073128,0.1798345954204778,0.07815715599017604,0.047159700682033366
TCGA:HNSCC:TCGA-D6-A6EQ-01,HNSCC,HNSCC,0.003181319115218253,0.9953547165259441,0.0011206494978400073,0.0003433148609975862
TCGA:HNSCC:TCGA-D6-A6ES-01,HNSCC,HNSCC,0.034836871755731275,0.9393663720277741,0.017904343807907484,0.007892412408587316
TCGA:HNSCC:TCGA-D6-A74Q-01,HNSCC,LSCC,0.005525791637967353,0.37090276969764685,0.6130623322207635,0.01050910644362244
TCGA:HNSCC:TCGA-DQ-5624-01,HNSCC,HNSCC,0.0031379951135740466,0.9864596197709722,0.007438862236747721,0.0029635228787060998
TCGA:HNSCC:TCGA-DQ-5625-01,HNSCC,HNSCC,0.01742954203000323,0.9679702002528608,0.009920167890627057,0.004680089826509031
TCGA:HNSCC:TCGA-DQ-5629-01,HNSCC,HNSCC,0.004803478836979668,0.6902193015528907,0.29728485814188427,0.007692361468245316
TCGA:HNSCC:TCGA-DQ-5630-01,HNSCC,LSCC,0.007899544626725449,0.3874007014833097,0.585013944130144,0.019685809759820917
TCGA:HNSCC:TCGA-DQ-5631-01,HNSCC,HNSCC,0.00414992237298548,0.8180635417987521,0.17337167721835936,0.00441485860990324
TCGA:HNSCC:TCGA-DQ-7588-01,HNSCC,HNSCC,0.0004954351873242887,0.9894602073549522,0.009467693236536597,0.0005766642211868886
TCGA:HNSCC:TCGA-DQ-7589-01,HNSCC,HNSCC,0.005163042855438816,0.5130981061972931,0.47540181361281625,0.006337037334451783
TCGA:HNSCC:TCGA-DQ-7590-01,HNSCC,HNSCC,0.006211052055217382,0.9095776080429039,0.07978453241096266,0.004426807490916024
TCGA:HNSCC:TCGA-DQ-7591-01,HNSCC,HNSCC,0.007690305073891055,0.5269006671978627,0.4554968460501724,0.009912181678073721
TCGA:HNSCC:TCGA-DQ-7592-01,HNSCC,HNSCC,0.000972529712597936,0.9908293352422879,0.0077028171125094755,0.0004953179326046203
TCGA:HNSCC:TCGA-DQ-7593-01,HNSCC,HNSCC,0.019125927232195975,0.9515888585388852,0.0222919624706383,0.006993251758280474
TCGA:HNSCC:TCGA-DQ-7594-01,HNSCC,HNSCC,0.003976458111360547,0.909884689306258,0.08250781672672301,0.0036310358556585513
TCGA:HNSCC:TCGA-DQ-7595-01,HNSCC,HNSCC,0.00254120804744928,0.915040638064646,0.07628014182890568,0.0061380120589990764
TCGA:HNSCC:TCGA-DQ-7596-01,HNSCC,HNSCC,0.003889633378077721,0.967172023059896,0.025444597490232177,0.0034937460717940935
TCGA:HNSCC:TCGA-F7-7848-01,HNSCC,HNSCC,0.00602082351174685,0.900024722977213,0.08164884318347576,0.012305610327564444
TCGA:HNSCC:TCGA-F7-8298-01,HNSCC,LSCC,0.013994508638968088,0.2893313652264947,0.6777693682483885,0.018904757886148652
TCGA:HNSCC:TCGA-F7-8489-01,HNSCC,HNSCC,0.00048636016194073537,0.9934719973360787,0.005431800626390052,0.0006098418755903783
TCGA:HNSCC:TCGA-F7-A50G-01,HNSCC,HNSCC,0.0010640779430190056,0.996233855591856,0.0020237418378684846,0.0006783246272565378
TCGA:HNSCC:TCGA-F7-A50I-01,HNSCC,HNSCC,0.003995584215706681,0.9695671220677653,0.022946549742093644,0.0034907439744344577
TCGA:HNSCC:TCGA-F7-A50J-01,HNSCC,HNSCC,0.0003799839177027359,0.9967713215393366,0.0026651039412935087,0.00018359060166716942
TCGA:HNSCC:TCGA-F7-A61S-01,HNSCC,HNSCC,0.0005873721260911291,0.9955289496573787,0.0035967747771764027,0.00028690343935392154
TCGA:HNSCC:TCGA-F7-A61V-01,HNSCC,HNSCC,0.0009291291900271971,0.994589402272091,0.004216731867284435,0.00026473667059717903
TCGA:HNSCC:TCGA-F7-A61W-01,HNSCC,HNSCC,0.0015092723378904173,0.9660164637231414,0.03129091840267334,0.0011833455362948806
TCGA:HNSCC:TCGA-F7-A620-01,HNSCC,HNSCC,0.0002865805074174005,0.9977316810451627,0.0018887699321279753,9.296851529187782e-05
TCGA:HNSCC:TCGA-F7-A622-01,HNSCC,HNSCC,0.0006889777106621485,0.9973478961671166,0.001549584251176957,0.0004135418710443202
TCGA:HNSCC:TCGA-F7-A623-01,HNSCC,HNSCC,0.003970659730975551,0.9671945202213866,0.025945252025094994,0.002889568022542668
TCGA:HNSCC:TCGA-F7-A624-01,HNSCC,LUAD,0.21643809929843683,0.05596817503014309,0.24385536550932865,0.4837383601620914
TCGA:HNSCC:TCGA-H7-7774-01,HNSCC,HNSCC,0.004334690887608856,0.9745726641711988,0.01661138534495652,0.0044812595962357635
TCGA:HNSCC:TCGA-H7-8501-01,HNSCC,HNSCC,0.018563723059998326,0.7585351464787532,0.21571710584718432,0.007184024614064171
TCGA:HNSCC:TCGA-H7-8502-01,HNSCC,HNSCC,0.0005117228712565534,0.9946981358357023,0.0040596229884769615,0.0007305183045638937
TCGA:HNSCC:TCGA-H7-A6C4-01,HNSCC,HNSCC,0.000937749489395494,0.9952277210920767,0.0026187596090228374,0.0012157698095052074
TCGA:HNSCC:TCGA-H7-A76A-01,HNSCC,HNSCC,0.0030545842816392696,0.9858909641493289,0.009038145812539677,0.0020163057564923067
TCGA:HNSCC:TCGA-HD-7229-01,HNSCC,HNSCC,0.0023131617250531605,0.9785481282440146,0.017263428105095045,0.0018752819258373023
TCGA:HNSCC:TCGA-HD-7753-01,HNSCC,HNSCC,0.0020874546383118273,0.9843354567722811,0.013069585353960736,0.0005075032354465075
TCGA:HNSCC:TCGA-HD-7754-01,HNSCC,HNSCC,0.002837249338593278,0.9706298627179297,0.021440975227967788,0.005091912715509198
TCGA:HNSCC:TCGA-HD-7831-01,HNSCC,HNSCC,0.006819587674245291,0.8296062147124817,0.15017537935816203,0.013398818255111104
TCGA:HNSCC:TCGA-HD-7832-01,HNSCC,HNSCC,0.0007981921288521066,0.9905825278481045,0.007465899795542204,0.001153380227501132
TCGA:HNSCC:TCGA-HD-7917-01,HNSCC,HNSCC,0.00040973914086728865,0.995591272501336,0.003565089061262134,0.0004338992965345744
TCGA:HNSCC:TCGA-HD-8224-01,HNSCC,LSCC,0.017567452674929,0.08435478649503747,0.8548231788255996,0.043254582004434106
TCGA:HNSCC:TCGA-HD-8314-01,HNSCC,HNSCC,0.006045455186187016,0.9837321355735725,0.009523596946286347,0.0006988122939541266
TCGA:HNSCC:TCGA-HD-8634-01,HNSCC,HNSCC,0.0008800420768210382,0.9975842322799622,0.00131567415921201,0.00022005148400476587
TCGA:HNSCC:TCGA-HD-8635-01,HNSCC,HNSCC,0.013849460335580174,0.6524852968052616,0.32232113720193556,0.011344105657222808
TCGA:HNSCC:TCGA-HD-A4C1-01,HNSCC,HNSCC,0.0013374050620890776,0.9858641250726249,0.011071929044978373,0.0017265408203077624
TCGA:HNSCC:TCGA-HD-A633-01,HNSCC,HNSCC,0.0014593538470872149,0.9800069851632556,0.016228051630473857,0.0023056093591833564
TCGA:HNSCC:TCGA-HD-A634-01,HNSCC,BRCA,0.7828181840739064,0.1497501741631314,0.04303177417659576,0.024399867586366305
TCGA:HNSCC:TCGA-HD-A6HZ-01,HNSCC,HNSCC,0.0015345755337511423,0.9877176356757448,0.00875033636307842,0.0019974524274255804
TCGA:HNSCC:TCGA-HD-A6I0-01,HNSCC,HNSCC,0.0021053958997262943,0.9961037076738489,0.0012057624014386382,0.0005851340249861045
TCGA:HNSCC:TCGA-HL-7533-01,HNSCC,HNSCC,0.0017647714362617672,0.9939758605652274,0.0037607991098755514,0.0004985688886352409
TCGA:HNSCC:TCGA-IQ-7630-01,HNSCC,HNSCC,0.0037823977790445297,0.9836335233189779,0.011334405409771053,0.0012496734922066975
TCGA:HNSCC:TCGA-IQ-7631-01,HNSCC,HNSCC,0.04408904016534663,0.91332341944617,0.022093177554832772,0.02049436283365055
TCGA:HNSCC:TCGA-IQ-7632-01,HNSCC,HNSCC,0.0004197705940953091,0.9980334366010684,0.0013396416684480967,0.00020715113638829357
TCGA:HNSCC:TCGA-IQ-A61E-01,HNSCC,HNSCC,0.0020677945946917598,0.9803536859145022,0.015848651585083685,0.0017298679057223532
TCGA:HNSCC:TCGA-IQ-A61G-01,HNSCC,HNSCC,0.006335911649044451,0.5580696843089785,0.43065785208119106,0.004936551960785877
TCGA:HNSCC:TCGA-IQ-A61H-01,HNSCC,HNSCC,0.006012754319832247,0.7323439684627239,0.25836061246524517,0.0032826647521986187
TCGA:HNSCC:TCGA-IQ-A61I-01,HNSCC,HNSCC,0.011906777932852804,0.9065562452922403,0.06998132108154136,0.011555655693365453
TCGA:HNSCC:TCGA-IQ-A61J-01,HNSCC,HNSCC,0.002679017682417183,0.968644144642555,0.025132332239168612,0.003544505435859261
TCGA:HNSCC:TCGA-IQ-A61O-01,HNSCC,LUAD,0.38607145564978773,0.013120083872280891,0.07192731906342126,0.5288811414145101
TCGA:HNSCC:TCGA-IQ-A6SG-01,HNSCC,HNSCC,0.001171311220960383,0.9729509645106454,0.0242975175778459,0.0015802066905481911
TCGA:HNSCC:TCGA-IQ-A6SH-01,HNSCC,HNSCC,0.001521399503639381,0.9589787879634765,0.035543794593425215,0.003956017939458873
TCGA:HNSCC:TCGA-KU-A66S-01,HNSCC,HNSCC,0.06267768803635379,0.646572897670544,0.13974058609755519,0.15100882819554695
TCGA:HNSCC:TCGA-KU-A66T-01,HNSCC,HNSCC,0.002882041136510063,0.9511732826406508,0.04445484398889401,0.0014898322339450226
TCGA:HNSCC:TCGA-KU-A6H7-01,HNSCC,HNSCC,0.003758475509947157,0.8858553372694932,0.10362298832975095,0.006763198890808597
TCGA:HNSCC:TCGA-KU-A6H8-01,HNSCC,HNSCC,0.011416585621679678,0.9482249044666133,0.03519183307967731,0.005166676832029806
TCGA:HNSCC:TCGA-MT-A51W-01,HNSCC,HNSCC,0.00036520277779839743,0.9953353866720858,0.004160646724817418,0.00013876382529837646
TCGA:HNSCC:TCGA-MT-A51X-01,HNSCC,HNSCC,0.0019828608663381587,0.9962841020933952,0.0014706043172802762,0.00026243272298634283
TCGA:HNSCC:TCGA-MT-A67A-01,HNSCC,HNSCC,0.001224948687393257,0.9962822612911191,0.002181596919725465,0.0003111931017622362
TCGA:HNSCC:TCGA-MT-A67D-01,HNSCC,HNSCC,0.0011865889063454177,0.9909961786108945,0.007230280570136938,0.0005869519126231255
TCGA:HNSCC:TCGA-MT-A67F-01,HNSCC,HNSCC,0.002786985224554118,0.991174889181964,0.004271781158314451,0.0017663444351672147
TCGA:HNSCC:TCGA-MT-A7BN-01,HNSCC,BRCA,0.8459504411279385,0.08864737684923538,0.04515340206667776,0.020248779956148485
TCGA:HNSCC:TCGA-MZ-A5BI-01,HNSCC,HNSCC,0.0057447018691609295,0.9693272947417765,0.021306110584783995,0.003621892804278683
TCGA:HNSCC:TCGA-MZ-A6I9-01,HNSCC,HNSCC,0.006278632099623608,0.9555702148425419,0.036501528080286706,0.0016496249775477736
TCGA:HNSCC:TCGA-MZ-A7D7-01,HNSCC,LSCC,0.007684356766949,0.1043606421279544,0.876001661923965,0.011953339181131619
TCGA:HNSCC:TCGA-P3-A5Q5-01,HNSCC,HNSCC,0.018735508823507534,0.9246348409508358,0.054803400530751126,0.0018262496949053822
TCGA:HNSCC:TCGA-P3-A5Q6-01,HNSCC,HNSCC,0.015581344713419846,0.7251726711195143,0.2530934401664235,0.0061525440006424
TCGA:HNSCC:TCGA-P3-A5QA-01,HNSCC,HNSCC,0.0015771559591109315,0.9822395265386559,0.01389302920276001,0.0022902882994729817
TCGA:HNSCC:TCGA-P3-A5QE-01,HNSCC,HNSCC,0.004566998456480027,0.9601436186548848,0.031793757791572674,0.003495625097062412
TCGA:HNSCC:TCGA-P3-A5QF-01,HNSCC,HNSCC,0.0013804018767907189,0.9318039558825453,0.06230132907537098,0.004514313165292965
TCGA:HNSCC:TCGA-P3-A6SW-01,HNSCC,HNSCC,0.005810613942651806,0.9062378622006059,0.07762749997504773,0.010324023881694504
TCGA:HNSCC:TCGA-P3-A6SX-01,HNSCC,HNSCC,0.0034864381183438526,0.9795904430333858,0.014572918966714525,0.002350199881555918
TCGA:HNSCC:TCGA-P3-A6T0-01,HNSCC,HNSCC,0.001870570117123592,0.9786641676876793,0.017904203753497962,0.0015610584416992112
TCGA:HNSCC:TCGA-P3-A6T2-01,HNSCC,HNSCC,0.0011350150841895903,0.9956390797976651,0.002804959042831735,0.00042094607531371404
TCGA:HNSCC:TCGA-P3-A6T3-01,HNSCC,HNSCC,0.0024084639550198913,0.9853189146279738,0.009870345548457969,0.002402275868548379
TCGA:HNSCC:TCGA-P3-A6T4-01,HNSCC,HNSCC,0.004499923888288358,0.924264420922349,0.06630999283374175,0.00492566235562074
TCGA:HNSCC:TCGA-P3-A6T5-01,HNSCC,HNSCC,0.0013562294006827242,0.994682425767591,0.0033737398195335146,0.000587605012192784
TCGA:HNSCC:TCGA-P3-A6T6-01,HNSCC,HNSCC,0.025907710263648593,0.8051849227896205,0.1547007774856779,0.014206589461052924
TCGA:HNSCC:TCGA-P3-A6T7-01,HNSCC,HNSCC,0.000945942387368533,0.995176532094566,0.0033454139056236414,0.0005321116124417304
TCGA:HNSCC:TCGA-P3-A6T8-01,HNSCC,HNSCC,0.002278134702935584,0.9830011909178034,0.013909766414278227,0.0008109079649830427
TCGA:HNSCC:TCGA-QK-A64Z-01,HNSCC,HNSCC,0.001348730326181195,0.9773611595072514,0.01868933099869685,0.0026007791678704815
TCGA:HNSCC:TCGA-QK-A652-01,HNSCC,HNSCC,0.0007513803853863346,0.9945037549354465,0.0041326856635702375,0.0006121790155968759
TCGA:HNSCC:TCGA-QK-A6IF-01,HNSCC,HNSCC,0.079457429777619,0.7979696320630534,0.0992597451680298,0.02331319299129781
TCGA:HNSCC:TCGA-QK-A6IG-01,HNSCC,HNSCC,0.003227681307040256,0.9876997818946792,0.007648174818046257,0.0014243619802343883
TCGA:HNSCC:TCGA-QK-A6IH-01,HNSCC,HNSCC,0.0035610171159227537,0.9925529143060219,0.0033467039796706913,0.0005393645983847193
TCGA:HNSCC:TCGA-QK-A6II-01,HNSCC,HNSCC,0.002259091411034461,0.993349205343974,0.002539042638785628,0.0018526606062059501
TCGA:HNSCC:TCGA-QK-A6IJ-01,HNSCC,HNSCC,0.0025065038475051817,0.9935394617717449,0.003048670194818839,0.000905364185930971
TCGA:HNSCC:TCGA-QK-A6V9-01,HNSCC,HNSCC,0.004778639766044891,0.6562317824281835,0.32486905405515254,0.014120523750619163
TCGA:HNSCC:TCGA-QK-A6VB-01,HNSCC,HNSCC,0.0006352769950972105,0.9683949768698316,0.028759469242388768,0.002210276892682478
TCGA:HNSCC:TCGA-QK-A6VC-01,HNSCC,HNSCC,0.0020254006553325756,0.9342368828631534,0.06126650473368984,0.0024712117478239977
TCGA:HNSCC:TCGA-QK-A8Z7-01,HNSCC,LSCC,0.009484016643616642,0.041954182001200005,0.941208536497894,0.00735326485728931
TCGA:HNSCC:TCGA-QK-A8Z8-01,HNSCC,LSCC,0.0057411181423780745,0.21193655715451934,0.7589148295070561,0.023407495196046308
TCGA:HNSCC:TCGA-QK-A8Z9-01,HNSCC,HNSCC,0.02098110484104319,0.9595783269700284,0.016137213056973344,0.0033033551319552796
TCGA:HNSCC:TCGA-QK-A8ZA-01,HNSCC,HNSCC,0.002930112540485943,0.8881699450623862,0.09885552589238038,0.010044416504747406
TCGA:HNSCC:TCGA-QK-A8ZB-01,HNSCC,HNSCC,0.0009426603042738243,0.9685072780657087,0.028370835541696306,0.0021792260883212416
TCGA:HNSCC:TCGA-QK-AA3J-01,HNSCC,HNSCC,0.0082372298636254,0.8360780481356866,0.1473821723717737,0.008302549628914245
TCGA:HNSCC:TCGA-QK-AA3K-01,HNSCC,HNSCC,0.10334174219728708,0.6717066278330819,0.19358309863989556,0.03136853132973552
TCGA:HNSCC:TCGA-RS-A6TO-01,HNSCC,HNSCC,0.0039807030321837075,0.9854545481142408,0.009687993125294449,0.0008767557282809098
TCGA:HNSCC:TCGA-RS-A6TP-01,HNSCC,HNSCC,0.0038028649257136247,0.9746170688821981,0.01954275068032854,0.0020373155117596985
TCGA:HNSCC:TCGA-T2-A6WX-01,HNSCC,HNSCC,0.001832913108168152,0.9912894431318049,0.006463341911435188,0.00041430184859180387
TCGA:HNSCC:TCGA-T2-A6WZ-01,HNSCC,HNSCC,0.0034576394995376757,0.9928882653374792,0.0026907559392866658,0.000963339223696739
TCGA:HNSCC:TCGA-T2-A6X0-01,HNSCC,HNSCC,0.003318966152119153,0.8711746135540117,0.12300634913865288,0.0025000711552164625
TCGA:HNSCC:TCGA-T2-A6X2-01,HNSCC,HNSCC,0.0021818752196606775,0.9947613481886224,0.002640796803687927,0.00041597978802889916
TCGA:HNSCC:TCGA-T3-A92M-01,HNSCC,HNSCC,0.0008719391822218784,0.9917915525230188,0.006809308782405772,0.000527199512353593
TCGA:HNSCC:TCGA-T3-A92N-01,HNSCC,HNSCC,0.0025328760987624655,0.9884371871781341,0.007103851831111866,0.0019260848919918404
TCGA:HNSCC:TCGA-TN-A7HI-01,HNSCC,HNSCC,0.0031841458987624492,0.9762166057095858,0.018210353034791044,0.0023888953568607925
TCGA:HNSCC:TCGA-TN-A7HJ-01,HNSCC,HNSCC,0.002027485890841919,0.9935170569925331,0.003967952512745762,0.00048750460387905525
TCGA:HNSCC:TCGA-TN-A7HL-01,HNSCC,HNSCC,0.0012888395673988145,0.9929814471712364,0.004921917484282018,0.0008077957770826684
TCGA:HNSCC:TCGA-UF-A718-01,HNSCC,HNSCC,0.0016791557896543281,0.9722042269471192,0.024496705925138643,0.0016199113380877999
TCGA:HNSCC:TCGA-UF-A719-01,HNSCC,HNSCC,0.00547067166215538,0.72958823006798,0.2488096631641505,0.01613143510571426
TCGA:HNSCC:TCGA-UF-A71A-01,HNSCC,LSCC,0.005034159094731402,0.35965159238464905,0.6254416170149089,0.009872631505710655
TCGA:HNSCC:TCGA-UF-A71B-01,HNSCC,HNSCC,0.0031473217594771754,0.7245741198064286,0.2615814076618325,0.010697150772261561
TCGA:HNSCC:TCGA-UF-A71D-01,HNSCC,HNSCC,0.0024055059095506835,0.9430424688129961,0.050607284470988896,0.003944740806464261
TCGA:HNSCC:TCGA-UF-A71E-01,HNSCC,HNSCC,0.003524478995119306,0.9710742457771856,0.024034483851154198,0.0013667913765409193
TCGA:HNSCC:TCGA-UF-A7J9-01,HNSCC,HNSCC,0.005993541289909724,0.921102773719747,0.0703015300636026,0.0026021549267406675
TCGA:HNSCC:TCGA-UF-A7JA-01,HNSCC,HNSCC,0.0054301753011395774,0.9445784908416186,0.048444928064364526,0.0015464057928773218
TCGA:HNSCC:TCGA-UF-A7JC-01,HNSCC,HNSCC,0.00021602958149732253,0.9975322200802988,0.0018614534287617545,0.00039029690944216377
TCGA:HNSCC:TCGA-UF-A7JD-01,HNSCC,LUAD,0.09258277371769884,0.18030415448182166,0.21944234722410144,0.5076707245763781
TCGA:HNSCC:TCGA-UF-A7JF-01,HNSCC,HNSCC,0.002354400639664479,0.9870474317328716,0.00929029522312454,0.0013078724043393355
TCGA:HNSCC:TCGA-UF-A7JH-01,HNSCC,HNSCC,0.0032168795867701418,0.9789329720553571,0.01686028870292251,0.0009898596549503932
TCGA:HNSCC:TCGA-UF-A7JJ-01,HNSCC,HNSCC,0.003403128760243799,0.867402473055731,0.12348257830311957,0.0057118198809055715
TCGA:HNSCC:TCGA-UF-A7JK-01,HNSCC,HNSCC,0.001729430620390645,0.9778318474882823,0.018280394013561036,0.0021583278777659166
TCGA:HNSCC:TCGA-UF-A7JO-01,HNSCC,HNSCC,0.001894693085108043,0.9794439531692534,0.017968542890266188,0.0006928108553724302
TCGA:HNSCC:TCGA-UF-A7JS-01,HNSCC,HNSCC,0.0030345161303245907,0.9912635052030823,0.0035776075837786383,0.0021243710828145962
TCGA:HNSCC:TCGA-UF-A7JT-01,HNSCC,HNSCC,0.0014466699442611103,0.9954164390434359,0.002778191729459983,0.00035869928284287426
TCGA:HNSCC:TCGA-UF-A7JV-01,HNSCC,HNSCC,0.0031024087339279194,0.9913522548286082,0.00491581292255468,0.0006295235149094765
TCGA:HNSCC:TCGA-UP-A6WW-01,HNSCC,HNSCC,0.0721218172322984,0.6325220608081017,0.11727049706517997,0.17808562489442
TCGA:HNSCC:TCGA-WA-A7GZ-01,HNSCC,HNSCC,0.0029968192539627223,0.9702322751733697,0.026384656143594178,0.0003862494290733223
TCGA:HNSCC:TCGA-WA-A7H4-01,HNSCC,HNSCC,0.009917051618949633,0.9335955425107378,0.05065527044897894,0.00583213542133383
