sample_id,y_true,y_pred,prob_BRCA,prob_HNSCC,prob_LSCC,prob_LUAD
TCGA:BRCA:TCGA-3C-AAAU-01,BRCA,BRCA,0.85,0.04,0.02,0.09
TCGA:BRCA:TCGA-3C-AALI-01,BRCA,BRCA,0.64,0.09,0.16,0.11
TCGA:BRCA:TCGA-3C-AALJ-01,BRCA,BRCA,0.76,0.01,0.08,0.15
TCGA:BRCA:TCGA-3C-AALK-01,BRCA,BRCA,0.95,0.01,0.04,0.0
TCGA:BRCA:TCGA-4H-AAAK-01,BRCA,BRCA,0.93,0.05,0.0,0.02
TCGA:BRCA:TCGA-5L-AAT0-01,BRCA,BRCA,0.99,0.0,0.01,0.0
TCGA:BRCA:TCGA-5T-A9QA-01,BRCA,BRCA,0.75,0.06,0.09,0.1
TCGA:BRCA:TCGA-A1-A0SB-01,BRCA,BRCA,0.93,0.03,0.02,0.02
TCGA:BRCA:TCGA-A1-A0SD-01,BRCA,BRCA,0.98,0.01,0.0,0.01
TCGA:BRCA:TCGA-A1-A0SE-01,BRCA,BRCA,1.0,0.0,0.0,0.0
TCGA:BRCA:TCGA-A1-A0SF-01,BRCA,BRCA,1.0,0.0,0.0,0.0
TCGA:BRCA:TCGA-A1-A0SG-01,BRCA,BRCA,0.94,0.04,0.0,0.02
TCGA:BRCA:TCGA-A1-A0SH-01,BRCA,BRCA,0.91,0.01,0.01,0.07
TCGA:BRCA:TCGA-A1-A0SI-01,BRCA,BRCA,0.92,0.01,0.01,0.06
TCGA:BRCA:TCGA-A1-A0SJ-01,BRCA,BRCA,0.99,0.0,0.0,0.01
TCGA:BRCA:TCGA-A1-A0SK-01,BRCA,BRCA,0.57,0.05,0.21,0.17
TCGA:BRCA:TCGA-A1-A0SM-01,BRCA,BRCA,0.81,0.0,0.01,0.18
TCGA:BRCA:TCGA-A1-A0SN-01,BRCA,BRCA,0.84,0.07,0.05,0.04
TCGA:BRCA:TCGA-A1-A0SO-01,BRCA,BRCA,0.53,0.07,0.1,0.3
TCGA:BRCA:TCGA-A1-A0SP-01,BRCA,BRCA,0.81,0.02,0.08,0.09
TCGA:BRCA:TCGA-A1-A0SQ-01,BRCA,BRCA,0.92,0.05,0.01,0.02
TCGA:BRCA:TCGA-A2-A04N-01,BRCA,BRCA,1.0,0.0,0.0,0.0
TCGA:BRCA:TCGA-A2-A04P-01,BRCA,BRCA,0.75,0.07,0.06,0.12
TCGA:BRCA:TCGA-A2-A04Q-01,BRCA,BRCA,0.77,0.02,0.08,0.13
TCGA:BRCA:TCGA-A2-A04R-01,BRCA,BRCA,0.96,0.0,0.01,0.03
TCGA:BRCA:TCGA-A2-A04T-01,BRCA,BRCA,0.82,0.02,0.07,0.09
TCGA:BRCA:TCGA-A2-A04U-01,BRCA,BRCA,0.8,0.06,0.07,0.07
TCGA:BRCA:TCGA-A2-A04V-01,BRCA,BRCA,1.0,0.0,0.0,0.0
TCGA:BRCA:TCGA-A2-A04W-01,BRCA,BRCA,0.69,0.06,0.05,0.2
TCGA:BRCA:TCGA-A2-A04X-01,BRCA,BRCA,0.88,0.04,0.03,0.05
TCGA:BRCA:TCGA-A2-A04Y-01,BRCA,BRCA,0.94,0.01,0.01,0.04
TCGA:BRCA:TCGA-A2-A0CK-01,BRCA,BRCA,1.0,0.0,0.0,0.0
TCGA:BRCA:TCGA-A2-A0CL-01,BRCA,BRCA,0.8,0.04,0.04,0.12
TCGA:BRCA:TCGA-A2-A0CM-01,BRCA,BRCA,0.76,0.03,0.04,0.17
TCGA:BRCA:TCGA-A2-A0CO-01,BRCA,BRCA,0.78,0.04,0.02,0.16
TCGA:BRCA:TCGA-A2-A0CP-01,BRCA,BRCA,0.97,0.0,0.01,0.02
TCGA:BRCA:TCGA-A2-A0CQ-01,BRCA,BRCA,0.95,0.0,0.01,0.04
TCGA:BRCA:TCGA-A2-A0CR-01,BRCA,BRCA,0.85,0.07,0.03,0.05
TCGA:BRCA:TCGA-A2-A0CS-01,BRCA,BRCA,0.99,0.0,0.0,0.01
TCGA:BRCA:TCGA-A2-A0CT-01,BRCA,BRCA,0.91,0.03,0.03,0.03
TCGA:BRCA:TCGA-A2-A0CU-01,BRCA,BRCA,1.0,0.0,0.0,0.0
TCGA:BRCA:TCGA-A2-A0CV-01,BRCA,BRCA,0.99,0.0,0.0,0.01
TCGA:BRCA:TCGA-A2-A0CW-01,BRCA,BRCA,0.82,0.03,0.1,0.05
TCGA:BRCA:TCGA-A2-A0CX-01,BRCA,BRCA,0.6,0.02,0.21,0.17
TCGA:BRCA:TCGA-A2-A0CZ-01,BRCA,BRCA,0.94,0.0,0.03,0.03
TCGA:BRCA:TCGA-A2-A0D0-01,BRCA,BRCA,0.68,0.06,0.17,0.09
TCGA:BRCA:TCGA-A2-A0D1-01,BRCA,BRCA,0.72,0.03,0.11,0.14
TCGA:BRCA:TCGA-A2-A0D2-01,BRCA,BRCA,0.66,0.05,0.18,0.11
TCGA:BRCA:TCGA-A2-A0D3-01,BRCA,BRCA,0.98,0.01,0.0,0.01
TCGA:BRCA:TCGA-A2-A0D4-01,BRCA,BRCA,0.81,0.01,0.13,0.05
TCGA:BRCA:TCGA-A2-A0EM-01,BRCA,BRCA,1.0,0.0,0.0,0.0
TCGA:BRCA:TCGA-A2-A0EN-01,BRCA,BRCA,0.93,0.0,0.01,0.06
TCGA:BRCA:TCGA-A2-A0EO-01,BRCA,BRCA,1.0,0.0,0.0,0.0
TCGA:BRCA:TCGA-A2-A0EP-01,BRCA,BRCA,0.66,0.01,0.12,0.21
TCGA:BRCA:TCGA-A2-A0EQ-01,BRCA,BRCA,0.79,0.0,0.1,0.11
TCGA:BRCA:TCGA-A2-A0ER-01,BRCA,BRCA,1.0,0.0,0.0,0.0
TCGA:BRCA:TCGA-A2-A0ES-01,BRCA,BRCA,0.98,0.01,0.0,0.01
TCGA:BRCA:TCGA-A2-A0ET-01,BRCA,BRCA,0.88,0.01,0.04,0.07
TCGA:BRCA:TCGA-A2-A0EU-01,BRCA,BRCA,0.96,0.0,0.02,0.02
TCGA:BRCA:TCGA-A2-A0EV-01,BRCA,BRCA,1.0,0.0,0.0,0.0
TCGA:BRCA:TCGA-A2-A0EW-01,BRCA,BRCA,0.99,0.0,0.0,0.01
TCGA:BRCA:TCGA-A2-A0EX-01,BRCA,BRCA,0.96,0.0,0.0,0.04
TCGA:BRCA:TCGA-A2-A0EY-01,BRCA,BRCA,0.89,0.01,0.02,0.08
TCGA:BRCA:TCGA-A2-A0ST-01,BRCA,BRCA,0.83,0.01,0.06,0.1
TCGA:BRCA:TCGA-A2-A0SU-01,BRCA,BRCA,0.96,0.02,0.0,0.02
TCGA:BRCA:TCGA-A2-A0SV-01,BRCA,BRCA,0.94,0.01,0.0,0.05
TCGA:BRCA:TCGA-A2-A0SW-01,BRCA,BRCA,0.69,0.01,0.17,0.13
TCGA:BRCA:TCGA-A2-A0SX-01,BRCA,BRCA,0.79,0.0,0.06,0.15
TCGA:BRCA:TCGA-A2-A0SY-01,BRCA,BRCA,1.0,0.0,0.0,0.0
TCGA:BRCA:TCGA-A2-A0T0-01,BRCA,BRCA,0.8,0.05,0.04,0.11
TCGA:BRCA:TCGA-A2-A0T1-01,BRCA,BRCA,0.9,0.0,0.02,0.08
TCGA:BRCA:TCGA-A2-A0T2-01,BRCA,BRCA,0.65,0.09,0.08,0.18
TCGA:BRCA:TCGA-A2-A0T3-01,BRCA,BRCA,0.93,0.02,0.02,0.03
TCGA:BRCA:TCGA-A2-A0T4-01,BRCA,BRCA,0.97,0.0,0.01,0.02
TCGA:BRCA:TCGA-A2-A0T5-01,BRCA,BRCA,0.83,0.05,0.09,0.03
TCGA:BRCA:TCGA-A2-A0T6-01,BRCA,BRCA,0.99,0.01,0.0,0.0
TCGA:BRCA:TCGA-A2-A0T7-01,BRCA,BRCA,0.93,0.0,0.01,0.06
TCGA:BRCA:TCGA-A2-A0YC-01,BRCA,BRCA,1.0,0.0,0.0,0.0
TCGA:BRCA:TCGA-A2-A0YD-01,BRCA,BRCA,0.98,0.0,0.0,0.02
TCGA:BRCA:TCGA-A2-A0YE-01,BRCA,BRCA,0.78,0.02,0.09,0.11
TCGA:BRCA:TCGA-A2-A0YF-01,BRCA,BRCA,0.96,0.0,0.02,0.02
TCGA:BRCA:TCGA-A2-A0YG-01,BRCA,BRCA,0.84,0.02,0.04,0.1
TCGA:BRCA:TCGA-A2-A0YH-01,BRCA,BRCA,0.85,0.02,0.04,0.09
TCGA:BRCA:TCGA-A2-A0YI-01,BRCA,BRCA,0.99,0.0,0.01,0.0
TCGA:BRCA:TCGA-A2-A0YJ-01,BRCA,BRCA,0.72,0.03,0.11,0.14
TCGA:BRCA:TCGA-A2-A0YK-01,BRCA,BRCA,0.99,0.0,0.0,0.01
TCGA:BRCA:TCGA-A2-A0YL-01,BRCA,BRCA,1.0,0.0,0.0,0.0
TCGA:BRCA:TCGA-A2-A0YM-01,BRCA,BRCA,0.77,0.03,0.08,0.12
TCGA:BRCA:TCGA-A2-A0YT-01,BRCA,BRCA,0.96,0.0,0.01,0.03
TCGA:BRCA:TCGA-A2-A1FV-01,BRCA,BRCA,0.94,0.0,0.03,0.03
TCGA:BRCA:TCGA-A2-A1FW-01,BRCA,BRCA,0.88,0.04,0.07,0.01
TCGA:BRCA:TCGA-A2-A1FX-01,BRCA,BRCA,0.96,0.0,0.02,0.02
TCGA:BRCA:TCGA-A2-A1FZ-01,BRCA,BRCA,0.98,0.0,0.01,0.01
TCGA:BRCA:TCGA-A2-A1G0-01,BRCA,BRCA,0.96,0.01,0.01,0.02
TCGA:BRCA:TCGA-A2-A1G1-01,BRCA,BRCA,0.55,0.03,0.1,0.32
TCGA:BRCA:TCGA-A2-A1G4-01,BRCA,BRCA,0.95,0.01,0.01,0.03
TCGA:BRCA:TCGA-A2-A1G6-01,BRCA,BRCA,0.81,0.04,0.08,0.07
TCGA:BRCA:TCGA-A2-A259-01,BRCA,BRCA,0.96,0.0,0.0,0.04
TCGA:BRCA:TCGA-A2-A25A-01,BRCA,BRCA,0.84,0.01,0.04,0.11
TCGA:BRCA:TCGA-A2-A25B-01,BRCA,BRCA,0.88,0.01,0.06,0.05
TCGA:BRCA:TCGA-A2-A25C-01,BRCA,BRCA,0.82,0.03,0.04,0.11
TCGA:BRCA:TCGA-A2-A25D-01,BRCA,BRCA,0.98,0.0,0.0,0.02
TCGA:BRCA:TCGA-A2-A25E-01,BRCA,BRCA,0.94,0.02,0.03,0.01
TCGA:BRCA:TCGA-A2-A25F-01,BRCA,BRCA,0.76,0.0,0.09,0.15
TCGA:BRCA:TCGA-A2-A3KC-01,BRCA,BRCA,0.99,0.0,0.0,0.01
TCGA:BRCA:TCGA-A2-A3KD-01,BRCA,BRCA,0.96,0.0,0.0,0.04
TCGA:BRCA:TCGA-A2-A3XS-01,BRCA,BRCA,0.77,0.04,0.03,0.16
TCGA:BRCA:TCGA-A2-A3XT-01,BRCA,BRCA,0.76,0.1,0.05,0.09
TCGA:BRCA:TCGA-A2-A3XU-01,BRCA,BRCA,0.51,0.23,0.14,0.12
TCGA:BRCA:TCGA-A2-A3XV-01,BRCA,BRCA,0.67,0.14,0.03,0.16
TCGA:BRCA:TCGA-A2-A3XW-01,BRCA,HNSCC,0.23,0.55,0.14,0.08
TCGA:BRCA:TCGA-A2-A3XX-01,BRCA,BRCA,0.84,0.04,0.06,0.06
TCGA:BRCA:TCGA-A2-A3XY-01,BRCA,BRCA,0.77,0.04,0.07,0.12
TCGA:BRCA:TCGA-A2-A3XZ-01,BRCA,BRCA,0.76,0.0,0.04,0.2
TCGA:BRCA:TCGA-A2-A3Y0-01,BRCA,LSCC,0.23,0.25,0.41,0.11
TCGA:BRCA:TCGA-A2-A4RW-01,BRCA,BRCA,0.91,0.02,0.03,0.04
TCGA:BRCA:TCGA-A2-A4RX-01,BRCA,BRCA,0.34,0.24,0.2,0.22
TCGA:BRCA:TCGA-A2-A4RY-01,BRCA,BRCA,0.76,0.04,0.11,0.09
TCGA:BRCA:TCGA-A2-A4S0-01,BRCA,BRCA,0.96,0.0,0.01,0.03
TCGA:BRCA:TCGA-A2-A4S1-01,BRCA,LUAD,0.39,0.03,0.09,0.49
TCGA:BRCA:TCGA-A2-A4S2-01,BRCA,BRCA,0.89,0.03,0.06,0.02
TCGA:BRCA:TCGA-A2-A4S3-01,BRCA,BRCA,0.81,0.03,0.11,0.05
TCGA:BRCA:TCGA-A7-A0CD-01,BRCA,BRCA,0.98,0.01,0.01,0.0
TCGA:BRCA:TCGA-A7-A0CE-01,BRCA,BRCA,0.77,0.02,0.06,0.15
TCGA:BRCA:TCGA-A7-A0CG-01,BRCA,BRCA,0.94,0.0,0.01,0.05
TCGA:BRCA:TCGA-A7-A0CH-01,BRCA,BRCA,1.0,0.0,0.0,0.0
TCGA:BRCA:TCGA-A7-A0CJ-01,BRCA,BRCA,0.92,0.03,0.04,0.01
TCGA:BRCA:TCGA-A7-A0D9-01,BRCA,BRCA,0.93,0.01,0.0,0.06
TCGA:BRCA:TCGA-A7-A0DA-01,BRCA,BRCA,0.79,0.01,0.1,0.1
TCGA:BRCA:TCGA-A7-A0DB-01,BRCA,BRCA,1.0,0.0,0.0,0.0
TCGA:BRCA:TCGA-A7-A0DC-01,BRCA,BRCA,1.0,0.0,0.0,0.0
TCGA:BRCA:TCGA-A7-A13D-01,BRCA,BRCA,0.65,0.05,0.18,0.12
TCGA:BRCA:TCGA-A7-A13E-01,BRCA,BRCA,0.85,0.01,0.09,0.05
TCGA:BRCA:TCGA-A7-A13F-01,BRCA,BRCA,0.97,0.01,0.01,0.01
TCGA:BRCA:TCGA-A7-A13G-01,BRCA,BRCA,0.97,0.01,0.01,0.01
TCGA:BRCA:TCGA-A7-A13H-01,BRCA,BRCA,1.0,0.0,0.0,0.0
TCGA:BRCA:TCGA-A7-A26E-01,BRCA,BRCA,0.99,0.0,0.0,0.01
TCGA:BRCA:TCGA-A7-A26F-01,BRCA,BRCA,0.52,0.04,0.14,0.3
TCGA:BRCA:TCGA-A7-A26G-01,BRCA,BRCA,0.78,0.01,0.05,0.16
TCGA:BRCA:TCGA-A7-A26H-01,BRCA,BRCA,0.86,0.01,0.01,0.12
TCGA:BRCA:TCGA-A7-A26I-01,BRCA,BRCA,0.56,0.05,0.13,0.26
TCGA:BRCA:TCGA-A7-A26J-01,BRCA,BRCA,0.99,0.0,0.0,0.01
TCGA:BRCA:TCGA-A7-A2KD-01,BRCA,BRCA,0.96,0.0,0.02,0.02
TCGA:BRCA:TCGA-A7-A3IY-01,BRCA,BRCA,0.88,0.02,0.01,0.09
TCGA:BRCA:TCGA-A7-A3IZ-01,BRCA,BRCA,0.99,0.01,0.0,0.0
TCGA:BRCA:TCGA-A7-A3J0-01,BRCA,BRCA,0.95,0.01,0.01,0.03
TCGA:BRCA:TCGA-A7-A3J1-01,BRCA,BRCA,0.97,0.0,0.0,0.03
TCGA:BRCA:TCGA-A7-A3RF-01,BRCA,BRCA,0.83,0.08,0.02,0.07
TCGA:BRCA:TCGA-A7-A425-01,BRCA,BRCA,0.9,0.01,0.04,0.05
TCGA:BRCA:TCGA-A7-A426-01,BRCA,BRCA,0.93,0.0,0.01,0.06
TCGA:BRCA:TCGA-A7-A4SA-01,BRCA,BRCA,0.77,0.03,0.05,0.15
TCGA:BRCA:TCGA-A7-A4SB-01,BRCA,BRCA,0.82,0.02,0.06,0.1
TCGA:BRCA:TCGA-A7-A4SC-01,BRCA,BRCA,0.87,0.0,0.01,0.12
TCGA:BRCA:TCGA-A7-A4SD-01,BRCA,LUAD,0.3,0.08,0.28,0.34
TCGA:BRCA:TCGA-A7-A4SE-01,BRCA,BRCA,0.52,0.04,0.31,0.13
TCGA:BRCA:TCGA-A7-A4SF-01,BRCA,BRCA,0.91,0.0,0.04,0.05
TCGA:BRCA:TCGA-A7-A56D-01,BRCA,BRCA,0.53,0.32,0.04,0.11
TCGA:BRCA:TCGA-A7-A5ZV-01,BRCA,BRCA,0.53,0.07,0.15,0.25
TCGA:BRCA:TCGA-A7-A5ZW-01,BRCA,BRCA,0.98,0.0,0.01,0.01
TCGA:BRCA:TCGA-A7-A5ZX-01,BRCA,BRCA,0.9,0.0,0.03,0.07
TCGA:BRCA:TCGA-A7-A6VV-01,BRCA,BRCA,0.69,0.09,0.13,0.09
TCGA:BRCA:TCGA-A7-A6VW-01,BRCA,BRCA,0.65,0.12,0.15,0.08
TCGA:BRCA:TCGA-A7-A6VX-01,BRCA,BRCA,0.88,0.01,0.01,0.1
TCGA:BRCA:TCGA-A7-A6VY-01,BRCA,BRCA,0.52,0.06,0.22,0.2
TCGA:BRCA:TCGA-A8-A06N-01,BRCA,BRCA,0.96,0.0,0.0,0.04
TCGA:BRCA:TCGA-A8-A06O-01,BRCA,BRCA,0.98,0.0,0.02,0.0
TCGA:BRCA:TCGA-A8-A06P-01,BRCA,BRCA,1.0,0.0,0.0,0.0
TCGA:BRCA:TCGA-A8-A06Q-01,BRCA,BRCA,0.83,0.0,0.03,0.14
TCGA:BRCA:TCGA-A8-A06R-01,BRCA,BRCA,0.78,0.0,0.03,0.19
TCGA:BRCA:TCGA-A8-A06T-01,BRCA,BRCA,1.0,0.0,0.0,0.0
TCGA:BRCA:TCGA-A8-A06U-01,BRCA,BRCA,0.89,0.02,0.02,0.07
TCGA:BRCA:TCGA-A8-A06X-01,BRCA,BRCA,0.93,0.01,0.02,0.04
TCGA:BRCA:TCGA-A8-A06Y-01,BRCA,BRCA,0.83,0.0,0.0,0.17
TCGA:BRCA:TCGA-A8-A06Z-01,BRCA,BRCA,0.68,0.04,0.07,0.21
TCGA:BRCA:TCGA-A8-A075-01,BRCA,BRCA,0.89,0.05,0.04,0.02
TCGA:BRCA:TCGA-A8-A076-01,BRCA,BRCA,0.98,0.02,0.0,0.0
TCGA:BRCA:TCGA-A8-A079-01,BRCA,BRCA,0.94,0.03,0.03,0.0
TCGA:BRCA:TCGA-A8-A07B-01,BRCA,BRCA,0.87,0.01,0.03,0.09
TCGA:BRCA:TCGA-A8-A07C-01,BRCA,BRCA,0.84,0.0,0.07,0.09
TCGA:BRCA:TCGA-A8-A07E-01,BRCA,BRCA,0.99,0.0,0.0,0.01
TCGA:BRCA:TCGA-A8-A07F-01,BRCA,BRCA,0.96,0.0,0.01,0.03
TCGA:BRCA:TCGA-A8-A07G-01,BRCA,BRCA,0.92,0.0,0.03,0.05
TCGA:BRCA:TCGA-A8-A07I-01,BRCA,BRCA,0.96,0.02,0.02,0.0
TCGA:BRCA:TCGA-A8-A07J-01,BRCA,BRCA,0.88,0.01,0.03,0.08
TCGA:BRCA:TCGA-A8-A07L-01,BRCA,BRCA,0.88,0.03,0.04,0.05
TCGA:BRCA:TCGA-A8-A07O-01,BRCA,BRCA,0.83,0.02,0.1,0.05
TCGA:BRCA:TCGA-A8-A07P-01,BRCA,BRCA,0.99,0.0,0.01,0.0
TCGA:BRCA:TCGA-A8-A07R-01,BRCA,BRCA,0.82,0.02,0.08,0.08
TCGA:BRCA:TCGA-A8-A07S-01,BRCA,BRCA,1.0,0.0,0.0,0.0
TCGA:BRCA:TCGA-A8-A07U-01,BRCA,BRCA,0.39,0.04,0.21,0.36
TCGA:BRCA:TCGA-A8-A07W-01,BRCA,BRCA,0.87,0.01,0.06,0.06
TCGA:BRCA:TCGA-A8-A07Z-01,BRCA,BRCA,0.98,0.01,0.01,0.0
TCGA:BRCA:TCGA-A8-A081-01,BRCA,BRCA,0.93,0.02,0.03,0.02
TCGA:BRCA:TCGA-A8-A082-01,BRCA,BRCA,0.99,0.0,0.01,0.0
TCGA:BRCA:TCGA-A8-A083-01,BRCA,BRCA,0.98,0.02,0.0,0.0
TCGA:BRCA:TCGA-A8-A085-01,BRCA,BRCA,0.99,0.0,0.01,0.0
TCGA:BRCA:TCGA-A8-A086-01,BRCA,BRCA,0.96,0.01,0.01,0.02
TCGA:BRCA:TCGA-A8-A08A-01,BRCA,BRCA,1.0,0.0,0.0,0.0
TCGA:BRCA:TCGA-A8-A08B-01,BRCA,BRCA,0.87,0.02,0.02,0.09
TCGA:BRCA:TCGA-A8-A08C-01,BRCA,BRCA,0.99,0.0,0.0,0.01
TCGA:BRCA:TCGA-A8-A08G-01,BRCA,BRCA,1.0,0.0,0.0,0.0
TCGA:BRCA:TCGA-A8-A08H-01,BRCA,BRCA,0.56,0.02,0.06,0.36
TCGA:BRCA:TCGA-A8-A08I-01,BRCA,BRCA,0.9,0.0,0.07,0.03
TCGA:BRCA:TCGA-A8-A08J-01,BRCA,BRCA,0.92,0.02,0.03,0.03
TCGA:BRCA:TCGA-A8-A08L-01,BRCA,BRCA,0.82,0.03,0.07,0.08
TCGA:BRCA:TCGA-A8-A08O-01,BRCA,BRCA,1.0,0.0,0.0,0.0
TCGA:BRCA:TCGA-A8-A08P-01,BRCA,BRCA,0.98,0.0,0.0,0.02
TCGA:BRCA:TCGA-A8-A08R-01,BRCA,BRCA,0.72,0.04,0.12,0.12
TCGA:BRCA:TCGA-A8-A08T-01,BRCA,BRCA,1.0,0.0,0.0,0.0
TCGA:BRCA:TCGA-A8-A08X-01,BRCA,BRCA,0.82,0.0,0.05,0.13
TCGA:BRCA:TCGA-A8-A08Z-01,BRCA,BRCA,0.95,0.01,0.01,0.03
TCGA:BRCA:TCGA-A8-A090-01,BRCA,BRCA,0.86,0.01,0.01,0.12
TCGA:BRCA:TCGA-A8-A091-01,BRCA,BRCA,0.97,0.0,0.01,0.02
TCGA:BRCA:TCGA-A8-A092-01,BRCA,BRCA,0.96,0.0,0.02,0.02
TCGA:BRCA:TCGA-A8-A093-01,BRCA,BRCA,1.0,0.0,0.0,0.0
TCGA:BRCA:TCGA-A8-A094-01,BRCA,BRCA,0.71,0.01,0.09,0.19
TCGA:BRCA:TCGA-A8-A095-01,BRCA,BRCA,0.97,0.0,0.01,0.02
TCGA:BRCA:TCGA-A8-A096-01,BRCA,BRCA,0.97,0.0,0.0,0.03
TCGA:BRCA:TCGA-A8-A097-01,BRCA,BRCA,0.98,0.01,0.0,0.01
TCGA:BRCA:TCGA-A8-A099-01,BRCA,BRCA,0.98,0.01,0.01,0.0
TCGA:BRCA:TCGA-A8-A09A-01,BRCA,BRCA,0.98,0.0,0.01,0.01
TCGA:BRCA:TCGA-A8-A09B-01,BRCA,BRCA,1.0,0.0,0.0,0.0
TCGA:BRCA:TCGA-A8-A09C-01,BRCA,BRCA,0.91,0.01,0.03,0.05
TCGA:BRCA:TCGA-A8-A09D-01,BRCA,BRCA,0.94,0.0,0.01,0.05
TCGA:BRCA:TCGA-A8-A09G-01,BRCA,BRCA,0.92,0.02,0.04,0.02
TCGA:BRCA:TCGA-A8-A09I-01,BRCA,BRCA,0.89,0.0,0.02,0.09
TCGA:BRCA:TCGA-A8-A09M-01,BRCA,BRCA,0.99,0.0,0.01,0.0
TCGA:BRCA:TCGA-A8-A09N-01,BRCA,BRCA,0.95,0.01,0.01,0.03
TCGA:BRCA:TCGA-A8-A09Q-01,BRCA,BRCA,0.96,0.04,0.0,0.0
TCGA:BRCA:TCGA-A8-A09R-01,BRCA,BRCA,0.97,0.01,0.01,0.01
TCGA:BRCA:TCGA-A8-A09T-01,BRCA,BRCA,0.99,0.0,0.0,0.01
TCGA:BRCA:TCGA-A8-A09V-01,BRCA,BRCA,0.97,0.0,0.02,0.01
TCGA:BRCA:TCGA-A8-A09W-01,BRCA,BRCA,0.71,0.02,0.15,0.12
TCGA:BRCA:TCGA-A8-A09X-01,BRCA,BRCA,0.92,0.01,0.04,0.03
TCGA:BRCA:TCGA-A8-A09Z-01,BRCA,BRCA,0.81,0.01,0.02,0.16
TCGA:BRCA:TCGA-A8-A0A1-01,BRCA,BRCA,0.98,0.01,0.0,0.01
TCGA:BRCA:TCGA-A8-A0A2-01,BRCA,BRCA,0.98,0.0,0.01,0.01
TCGA:BRCA:TCGA-A8-A0A4-01,BRCA,BRCA,0.99,0.0,0.0,0.01
TCGA:BRCA:TCGA-A8-A0A6-01,BRCA,BRCA,0.97,0.0,0.01,0.02
TCGA:BRCA:TCGA-A8-A0A7-01,BRCA,BRCA,0.93,0.0,0.02,0.05
TCGA:BRCA:TCGA-A8-A0A9-01,BRCA,BRCA,0.98,0.01,0.0,0.01
TCGA:BRCA:TCGA-A8-A0AB-01,BRCA,BRCA,0.99,0.0,0.0,0.01
TCGA:BRCA:TCGA-A8-A0AD-01,BRCA,BRCA,1.0,0.0,0.0,0.0
TCGA:BRCA:TCGA-AC-A23C-01,BRCA,BRCA,0.98,0.0,0.0,0.02
TCGA:BRCA:TCGA-AC-A23E-01,BRCA,BRCA,0.93,0.01,0.02,0.04
TCGA:BRCA:TCGA-AC-A23G-01,BRCA,BRCA,0.91,0.01,0.0,0.08
TCGA:BRCA:TCGA-AC-A23H-01,BRCA,BRCA,0.84,0.02,0.08,0.06
TCGA:BRCA:TCGA-AC-A2B8-01,BRCA,BRCA,1.0,0.0,0.0,0.0
TCGA:BRCA:TCGA-AC-A2BK-01,BRCA,BRCA,0.59,0.04,0.2,0.17
TCGA:BRCA:TCGA-AC-A2BM-01,BRCA,BRCA,0.97,0.0,0.0,0.03
TCGA:BRCA:TCGA-AC-A2FB-01,BRCA,BRCA,0.92,0.0,0.03,0.05
TCGA:BRCA:TCGA-AC-A2FE-01,BRCA,BRCA,0.92,0.0,0.01,0.07
TCGA:BRCA:TCGA-AC-A2FF-01,BRCA,BRCA,0.96,0.0,0.0,0.04
TCGA:BRCA:TCGA-AC-A2FG-01,BRCA,BRCA,1.0,0.0,0.0,0.0
TCGA:BRCA:TCGA-AC-A2FK-01,BRCA,BRCA,0.91,0.01,0.01,0.07
TCGA:BRCA:TCGA-AC-A2FM-01,BRCA,BRCA,0.9,0.01,0.03,0.06
TCGA:BRCA:TCGA-AC-A2FO-01,BRCA,BRCA,0.98,0.0,0.01,0.01
TCGA:BRCA:TCGA-AC-A2QH-01,BRCA,BRCA,0.56,0.1,0.11,0.23
TCGA:BRCA:TCGA-AC-A2QI-01,BRCA,BRCA,0.98,0.0,0.0,0.02
TCGA:BRCA:TCGA-AC-A2QJ-01,BRCA,BRCA,0.48,0.19,0.15,0.18
TCGA:BRCA:TCGA-AC-A3BB-01,BRCA,BRCA,0.95,0.0,0.01,0.04
TCGA:BRCA:TCGA-AC-A3EH-01,BRCA,BRCA,1.0,0.0,0.0,0.0
TCGA:BRCA:TCGA-AC-A3HN-01,BRCA,BRCA,1.0,0.0,0.0,0.0
TCGA:BRCA:TCGA-AC-A3OD-01,BRCA,BRCA,0.97,0.0,0.01,0.02
TCGA:BRCA:TCGA-AC-A3QP-01,BRCA,BRCA,0.96,0.01,0.01,0.02
TCGA:BRCA:TCGA-AC-A3QQ-01,BRCA,BRCA,0.85,0.05,0.06,0.04
TCGA:BRCA:TCGA-AC-A3TM-01,BRCA,BRCA,0.75,0.09,0.05,0.11
TCGA:BRCA:TCGA-AC-A3TN-01,BRCA,BRCA,0.99,0.0,0.0,0.01
TCGA:BRCA:TCGA-AC-A3W5-01,BRCA,BRCA,0.79,0.0,0.04,0.17
TCGA:BRCA:TCGA-AC-A3W6-01,BRCA,BRCA,0.9,0.02,0.02,0.06
TCGA:BRCA:TCGA-AC-A3W7-01,BRCA,BRCA,0.89,0.06,0.02,0.03
TCGA:BRCA:TCGA-AC-A3YI-01,BRCA,BRCA,0.63,0.06,0.09,0.22
TCGA:BRCA:TCGA-AC-A3YJ-01,BRCA,BRCA,0.91,0.01,0.01,0.07
TCGA:BRCA:TCGA-AC-A4ZE-01,BRCA,BRCA,0.97,0.0,0.0,0.03
TCGA:BRCA:TCGA-AC-A5EH-01,BRCA,BRCA,0.92,0.0,0.01,0.07
TCGA:BRCA:TCGA-AC-A5XS-01,BRCA,BRCA,0.91,0.01,0.03,0.05
TCGA:BRCA:TCGA-AC-A5XU-01,BRCA,BRCA,0.83,0.02,0.06,0.09
TCGA:BRCA:TCGA-AC-A62V-01,BRCA,BRCA,0.75,0.07,0.04,0.14
TCGA:BRCA:TCGA-AC-A62X-01,BRCA,BRCA,0.77,0.05,0.03,0.15
TCGA:BRCA:TCGA-AC-A62Y-01,BRCA,BRCA,0.92,0.0,0.01,0.07
TCGA:BRCA:TCGA-AC-A6IV-01,BRCA,BRCA,0.82,0.0,0.04,0.14
TCGA:BRCA:TCGA-AC-A6IW-01,BRCA,BRCA,0.72,0.1,0.11,0.07
TCGA:BRCA:TCGA-AC-A6IX-01,BRCA,BRCA,0.96,0.0,0.0,0.04
TCGA:BRCA:TCGA-AC-A6NO-01,BRCA,BRCA,0.98,0.0,0.0,0.02
TCGA:BRCA:TCGA-AC-A7VB-01,BRCA,BRCA,0.93,0.0,0.01,0.06
TCGA:BRCA:TCGA-AC-A7VC-01,BRCA,BRCA,0.71,0.08,0.12,0.09
TCGA:BRCA:TCGA-AC-A8OP-01,BRCA,BRCA,0.9,0.02,0.02,0.06
TCGA:BRCA:TCGA-AC-A8OQ-01,BRCA,BRCA,0.52,0.01,0.19,0.28
TCGA:BRCA:TCGA-AC-A8OR-01,BRCA,BRCA,0.9,0.0,0.04,0.06
TCGA:BRCA:TCGA-AC-A8OS-01,BRCA,BRCA,0.92,0.0,0.01,0.07
TCGA:BRCA:TCGA-AN-A03X-01,BRCA,BRCA,0.9,0.01,0.0,0.09
TCGA:BRCA:TCGA-AN-A03Y-01,BRCA,BRCA,0.98,0.0,0.01,0.01
TCGA:BRCA:TCGA-AN-A041-01,BRCA,BRCA,0.8,0.01,0.07,0.12
TCGA:BRCA:TCGA-AN-A046-01,BRCA,BRCA,0.97,0.01,0.0,0.02
TCGA:BRCA:TCGA-AN-A049-01,BRCA,BRCA,0.95,0.01,0.02,0.02
TCGA:BRCA:TCGA-AN-A04A-01,BRCA,BRCA,0.92,0.02,0.02,0.04
TCGA:BRCA:TCGA-AN-A04C-01,BRCA,BRCA,0.69,0.02,0.13,0.16
TCGA:BRCA:TCGA-AN-A04D-01,BRCA,BRCA,0.75,0.03,0.09,0.13
TCGA:BRCA:TCGA-AN-A0AJ-01,BRCA,BRCA,0.77,0.05,0.11,0.07
TCGA:BRCA:TCGA-AN-A0AK-01,BRCA,BRCA,0.85,0.05,0.06,0.04
TCGA:BRCA:TCGA-AN-A0AL-01,BRCA,LUAD,0.35,0.04,0.18,0.43
TCGA:BRCA:TCGA-AN-A0AM-01,BRCA,BRCA,0.86,0.02,0.04,0.08
TCGA:BRCA:TCGA-AN-A0AR-01,BRCA,BRCA,0.73,0.03,0.12,0.12
TCGA:BRCA:TCGA-AN-A0AS-01,BRCA,BRCA,0.82,0.0,0.03,0.15
TCGA:BRCA:TCGA-AN-A0AT-01,BRCA,BRCA,0.67,0.04,0.14,0.15
TCGA:BRCA:TCGA-AN-A0FD-01,BRCA,BRCA,0.96,0.01,0.01,0.02
TCGA:BRCA:TCGA-AN-A0FF-01,BRCA,BRCA,0.94,0.01,0.02,0.03
TCGA:BRCA:TCGA-AN-A0FJ-01,BRCA,BRCA,0.66,0.04,0.12,0.18
TCGA:BRCA:TCGA-AN-A0FK-01,BRCA,BRCA,0.98,0.0,0.01,0.01
TCGA:BRCA:TCGA-AN-A0FL-01,BRCA,BRCA,0.59,0.0,0.06,0.35
TCGA:BRCA:TCGA-AN-A0FN-01,BRCA,BRCA,0.92,0.01,0.0,0.07
TCGA:BRCA:TCGA-AN-A0FS-01,BRCA,BRCA,1.0,0.0,0.0,0.0
TCGA:BRCA:TCGA-AN-A0FT-01,BRCA,BRCA,0.79,0.02,0.08,0.11
TCGA:BRCA:TCGA-AN-A0FV-01,BRCA,BRCA,0.63,0.08,0.06,0.23
TCGA:BRCA:TCGA-AN-A0FW-01,BRCA,BRCA,0.95,0.01,0.04,0.0
TCGA:BRCA:TCGA-AN-A0FX-01,BRCA,BRCA,0.79,0.03,0.08,0.1
TCGA:BRCA:TCGA-AN-A0FY-01,BRCA,BRCA,0.9,0.01,0.06,0.03
TCGA:BRCA:TCGA-AN-A0FZ-01,BRCA,BRCA,0.91,0.0,0.01,0.08
TCGA:BRCA:TCGA-AN-A0G0-01,BRCA,BRCA,0.64,0.03,0.11,0.22
TCGA:BRCA:TCGA-AN-A0XL-01,BRCA,BRCA,0.99,0.0,0.0,0.01
TCGA:BRCA:TCGA-AN-A0XN-01,BRCA,BRCA,0.82,0.01,0.06,0.11
TCGA:BRCA:TCGA-AN-A0XO-01,BRCA,BRCA,0.98,0.0,0.01,0.01
TCGA:BRCA:TCGA-AN-A0XP-01,BRCA,BRCA,0.98,0.02,0.0,0.0
TCGA:BRCA:TCGA-AN-A0XR-01,BRCA,BRCA,0.91,0.03,0.03,0.03
TCGA:BRCA:TCGA-AN-A0XS-01,BRCA,BRCA,0.98,0.0,0.0,0.02
TCGA:BRCA:TCGA-AN-A0XT-01,BRCA,BRCA,0.93,0.0,0.0,0.07
TCGA:BRCA:TCGA-AN-A0XU-01,BRCA,BRCA,0.73,0.03,0.14,0.1
TCGA:BRCA:TCGA-AN-A0XV-01,BRCA,BRCA,0.99,0.0,0.0,0.01
TCGA:BRCA:TCGA-AN-A0XW-01,BRCA,BRCA,0.96,0.0,0.02,0.02
TCGA:BRCA:TCGA-AO-A03L-01,BRCA,BRCA,0.8,0.09,0.08,0.03
TCGA:BRCA:TCGA-AO-A03M-01,BRCA,BRCA,0.86,0.01,0.07,0.06
TCGA:BRCA:TCGA-AO-A03N-01,BRCA,BRCA,0.91,0.01,0.02,0.06
TCGA:BRCA:TCGA-AO-A03O-01,BRCA,BRCA,0.98,0.01,0.01,0.0
TCGA:BRCA:TCGA-AO-A03P-01,BRCA,BRCA,0.94,0.01,0.02,0.03
TCGA:BRCA:TCGA-AO-A03R-01,BRCA,BRCA,0.84,0.04,0.03,0.09
TCGA:BRCA:TCGA-AO-A03T-01,BRCA,BRCA,0.9,0.04,0.02,0.04
TCGA:BRCA:TCGA-AO-A03U-01,BRCA,LUAD,0.4,0.01,0.02,0.57
TCGA:BRCA:TCGA-AO-A03V-01,BRCA,BRCA,0.93,0.02,0.03,0.02
TCGA:BRCA:TCGA-AO-A0J2-01,BRCA,BRCA,0.63,0.06,0.11,0.2
TCGA:BRCA:TCGA-AO-A0J3-01,BRCA,BRCA,0.93,0.0,0.03,0.04
TCGA:BRCA:TCGA-AO-A0J4-01,BRCA,BRCA,0.78,0.02,0.1,0.1
TCGA:BRCA:TCGA-AO-A0J5-01,BRCA,BRCA,0.88,0.0,0.01,0.11
TCGA:BRCA:TCGA-AO-A0J6-01,BRCA,BRCA,0.72,0.04,0.11,0.13
TCGA:BRCA:TCGA-AO-A0J7-01,BRCA,BRCA,0.88,0.01,0.02,0.09
TCGA:BRCA:TCGA-AO-A0J8-01,BRCA,BRCA,0.99,0.0,0.0,0.01
TCGA:BRCA:TCGA-AO-A0J9-01,BRCA,BRCA,0.94,0.0,0.02,0.04
TCGA:BRCA:TCGA-AO-A0JA-01,BRCA,BRCA,0.96,0.0,0.02,0.02
TCGA:BRCA:TCGA-AO-A0JB-01,BRCA,BRCA,0.76,0.09,0.07,0.08
TCGA:BRCA:TCGA-AO-A0JC-01,BRCA,BRCA,0.59,0.04,0.19,0.18
TCGA:BRCA:TCGA-AO-A0JD-01,BRCA,BRCA,0.91,0.0,0.03,0.06
TCGA:BRCA:TCGA-AO-A0JE-01,BRCA,BRCA,0.7,0.07,0.04,0.19
TCGA:BRCA:TCGA-AO-A0JF-01,BRCA,BRCA,0.97,0.0,0.01,0.02
TCGA:BRCA:TCGA-AO-A0JG-01,BRCA,BRCA,0.99,0.0,0.0,0.01
TCGA:BRCA:TCGA-AO-A0JI-01,BRCA,BRCA,0.99,0.0,0.01,0.0
TCGA:BRCA:TCGA-AO-A0JJ-01,BRCA,BRCA,0.98,0.0,0.0,0.02
TCGA:BRCA:TCGA-AO-A0JL-01,BRCA,BRCA,0.74,0.01,0.07,0.18
TCGA:BRCA:TCGA-AO-A0JM-01,BRCA,BRCA,0.96,0.02,0.01,0.01
TCGA:BRCA:TCGA-AO-A124-01,BRCA,BRCA,0.74,0.01,0.1,0.15
TCGA:BRCA:TCGA-AO-A125-01,BRCA,BRCA,0.88,0.01,0.0,0.11
TCGA:BRCA:TCGA-AO-A126-01,BRCA,BRCA,0.96,0.01,0.0,0.03
TCGA:BRCA:TCGA-AO-A128-01,BRCA,BRCA,0.66,0.02,0.14,0.18
TCGA:BRCA:TCGA-AO-A129-01,BRCA,BRCA,0.86,0.05,0.02,0.07
TCGA:BRCA:TCGA-AO-A12A-01,BRCA,BRCA,0.99,0.0,0.0,0.01
TCGA:BRCA:TCGA-AO-A12B-01,BRCA,BRCA,0.95,0.01,0.02,0.02
TCGA:BRCA:TCGA-AO-A12D-01,BRCA,BRCA,0.86,0.0,0.04,0.1
TCGA:BRCA:TCGA-AO-A12E-01,BRCA,BRCA,0.98,0.0,0.0,0.02
TCGA:BRCA:TCGA-AO-A12F-01,BRCA,BRCA,0.73,0.01,0.1,0.16
TCGA:BRCA:TCGA-AO-A12G-01,BRCA,BRCA,0.91,0.0,0.02,0.07
TCGA:BRCA:TCGA-AO-A12H-01,BRCA,BRCA,1.0,0.0,0.0,0.0
TCGA:BRCA:TCGA-AO-A1KO-01,BRCA,BRCA,0.81,0.04,0.08,0.07
TCGA:BRCA:TCGA-AO-A1KP-01,BRCA,BRCA,0.95,0.0,0.04,0.01
TCGA:BRCA:TCGA-AO-A1KQ-01,BRCA,BRCA,0.91,0.02,0.04,0.03
TCGA:BRCA:TCGA-AO-A1KR-01,BRCA,BRCA,0.73,0.06,0.12,0.09
TCGA:BRCA:TCGA-AO-A1KS-01,BRCA,BRCA,0.97,0.02,0.0,0.01
TCGA:BRCA:TCGA-AO-A1KT-01,BRCA,BRCA,0.91,0.03,0.03,0.03
TCGA:BRCA:TCGA-AQ-A04H-01,BRCA,BRCA,0.98,0.0,0.01,0.01
TCGA:BRCA:TCGA-AQ-A04J-01,BRCA,BRCA,0.67,0.04,0.17,0.12
TCGA:BRCA:TCGA-AQ-A04L-01,BRCA,BRCA,0.67,0.03,0.07,0.23
TCGA:BRCA:TCGA-AQ-A0Y5-01,BRCA,BRCA,0.74,0.0,0.06,0.2
TCGA:BRCA:TCGA-AQ-A1H2-01,BRCA,BRCA,0.97,0.02,0.0,0.01
TCGA:BRCA:TCGA-AQ-A1H3-01,BRCA,BRCA,1.0,0.0,0.0,0.0
TCGA:BRCA:TCGA-AQ-A54N-01,BRCA,BRCA,0.74,0.03,0.05,0.18
TCGA:BRCA:TCGA-AQ-A54O-01,BRCA,BRCA,0.9,0.02,0.01,0.07
TCGA:BRCA:TCGA-AQ-A7U7-01,BRCA,BRCA,0.68,0.04,0.07,0.21
TCGA:BRCA:TCGA-AR-A0TP-01,BRCA,BRCA,0.71,0.01,0.15,0.13
TCGA:BRCA:TCGA-AR-A0TQ-01,BRCA,BRCA,0.88,0.03,0.08,0.01
TCGA:BRCA:TCGA-AR-A0TR-01,BRCA,BRCA,0.94,0.0,0.02,0.04
TCGA:BRCA:TCGA-AR-A0TS-01,BRCA,BRCA,0.86,0.04,0.05,0.05
TCGA:BRCA:TCGA-AR-A0TT-01,BRCA,BRCA,0.92,0.01,0.03,0.04
TCGA:BRCA:TCGA-AR-A0TU-01,BRCA,BRCA,0.79,0.05,0.07,0.09
TCGA:BRCA:TCGA-AR-A0TV-01,BRCA,BRCA,0.99,0.0,0.0,0.01
TCGA:BRCA:TCGA-AR-A0TW-01,BRCA,BRCA,0.93,0.0,0.01,0.06
TCGA:BRCA:TCGA-AR-A0TX-01,BRCA,BRCA,0.98,0.01,0.0,0.01
TCGA:BRCA:TCGA-AR-A0TY-01,BRCA,BRCA,0.87,0.02,0.07,0.04
TCGA:BRCA:TCGA-AR-A0TZ-01,BRCA,BRCA,0.92,0.01,0.01,0.06
TCGA:BRCA:TCGA-AR-A0U0-01,BRCA,BRCA,0.61,0.08,0.12,0.19
TCGA:BRCA:TCGA-AR-A0U1-01,BRCA,BRCA,0.51,0.02,0.12,0.35
TCGA:BRCA:TCGA-AR-A0U2-01,BRCA,BRCA,0.81,0.02,0.09,0.08
TCGA:BRCA:TCGA-AR-A0U3-01,BRCA,BRCA,0.96,0.0,0.01,0.03
TCGA:BRCA:TCGA-AR-A0U4-01,BRCA,BRCA,0.71,0.03,0.12,0.14
TCGA:BRCA:TCGA-AR-A1AH-01,BRCA,BRCA,0.84,0.01,0.07,0.08
TCGA:BRCA:TCGA-AR-A1AI-01,BRCA,BRCA,0.65,0.02,0.19,0.14
TCGA:BRCA:TCGA-AR-A1AJ-01,BRCA,BRCA,0.82,0.01,0.07,0.1
TCGA:BRCA:TCGA-AR-A1AK-01,BRCA,BRCA,0.94,0.0,0.01,0.05
TCGA:BRCA:TCGA-AR-A1AL-01,BRCA,BRCA,0.98,0.0,0.0,0.02
TCGA:BRCA:TCGA-AR-A1AM-01,BRCA,BRCA,1.0,0.0,0.0,0.0
TCGA:BRCA:TCGA-AR-A1AN-01,BRCA,BRCA,1.0,0.0,0.0,0.0
TCGA:BRCA:TCGA-AR-A1AO-01,BRCA,BRCA,0.58,0.02,0.1,0.3
TCGA:BRCA:TCGA-AR-A1AP-01,BRCA,BRCA,0.96,0.0,0.0,0.04
TCGA:BRCA:TCGA-AR-A1AQ-01,BRCA,BRCA,0.68,0.06,0.11,0.15
TCGA:BRCA:TCGA-AR-A1AR-01,BRCA,BRCA,0.7,0.01,0.12,0.17
TCGA:BRCA:TCGA-AR-A1AS-01,BRCA,BRCA,0.95,0.02,0.02,0.01
TCGA:BRCA:TCGA-AR-A1AT-01,BRCA,BRCA,0.91,0.02,0.04,0.03
TCGA:BRCA:TCGA-AR-A1AU-01,BRCA,BRCA,0.91,0.03,0.01,0.05
TCGA:BRCA:TCGA-AR-A1AV-01,BRCA,BRCA,1.0,0.0,0.0,0.0
TCGA:BRCA:TCGA-AR-A1AW-01,BRCA,BRCA,0.78,0.03,0.04,0.15
TCGA:BRCA:TCGA-AR-A1AX-01,BRCA,BRCA,0.99,0.0,0.0,0.01
TCGA:BRCA:TCGA-AR-A1AY-01,BRCA,BRCA,0.8,0.02,0.08,0.1
TCGA:BRCA:TCGA-AR-A24H-01,BRCA,BRCA,0.94,0.0,0.02,0.04
TCGA:BRCA:TCGA-AR-A24K-01,BRCA,BRCA,0.98,0.0,0.0,0.02
TCGA:BRCA:TCGA-AR-A24L-01,BRCA,BRCA,0.95,0.0,0.02,0.03
TCGA:BRCA:TCGA-AR-A24M-01,BRCA,BRCA,1.0,0.0,0.0,0.0
TCGA:BRCA:TCGA-AR-A24N-01,BRCA,BRCA,0.99,0.0,0.0,0.01
TCGA:BRCA:TCGA-AR-A24O-01,BRCA,BRCA,0.97,0.0,0.0,0.03
TCGA:BRCA:TCGA-AR-A24P-01,BRCA,BRCA,1.0,0.0,0.0,0.0
TCGA:BRCA:TCGA-AR-A24Q-01,BRCA,BRCA,0.84,0.0,0.09,0.07
TCGA:BRCA:TCGA-AR-A24R-01,BRCA,BRCA,1.0,0.0,0.0,0.0
TCGA:BRCA:TCGA-AR-A24S-01,BRCA,BRCA,0.9,0.03,0.02,0.05
TCGA:BRCA:TCGA-AR-A24T-01,BRCA,BRCA,0.99,0.0,0.0,0.01
TCGA:BRCA:TCGA-AR-A24U-01,BRCA,BRCA,0.78,0.02,0.07,0.13
TCGA:BRCA:TCGA-AR-A24V-01,BRCA,BRCA,0.96,0.01,0.01,0.02
TCGA:BRCA:TCGA-AR-A24W-01,BRCA,BRCA,0.99,0.0,0.0,0.01
TCGA:BRCA:TCGA-AR-A24X-01,BRCA,BRCA,1.0,0.0,0.0,0.0
TCGA:BRCA:TCGA-AR-A24Z-01,BRCA,BRCA,0.97,0.01,0.01,0.01
TCGA:BRCA:TCGA-AR-A250-01,BRCA,BRCA,0.97,0.0,0.02,0.01
TCGA:BRCA:TCGA-AR-A251-01,BRCA,BRCA,0.77,0.05,0.05,0.13
TCGA:BRCA:TCGA-AR-A252-01,BRCA,BRCA,0.92,0.01,0.01,0.06
TCGA:BRCA:TCGA-AR-A254-01,BRCA,BRCA,0.96,0.0,0.0,0.04
TCGA:BRCA:TCGA-AR-A255-01,BRCA,BRCA,0.99,0.0,0.01,0.0
TCGA:BRCA:TCGA-AR-A256-01,BRCA,BRCA,0.86,0.0,0.06,0.08
TCGA:BRCA:TCGA-AR-A2LE-01,BRCA,BRCA,0.98,0.0,0.01,0.01
TCGA:BRCA:TCGA-AR-A2LH-01,BRCA,BRCA,0.79,0.02,0.07,0.12
TCGA:BRCA:TCGA-AR-A2LJ-01,BRCA,BRCA,0.96,0.01,0.0,0.03
TCGA:BRCA:TCGA-AR-A2LK-01,BRCA,BRCA,1.0,0.0,0.0,0.0
TCGA:BRCA:TCGA-AR-A2LM-01,BRCA,BRCA,0.99,0.0,0.0,0.01
TCGA:BRCA:TCGA-AR-A2LN-01,BRCA,BRCA,0.94,0.0,0.01,0.05
TCGA:BRCA:TCGA-AR-A2LO-01,BRCA,BRCA,0.92,0.02,0.02,0.04
TCGA:BRCA:TCGA-AR-A2LQ-01,BRCA,BRCA,0.78,0.04,0.05,0.13
TCGA:BRCA:TCGA-AR-A5QM-01,BRCA,BRCA,0.96,0.0,0.01,0.03
TCGA:BRCA:TCGA-AR-A5QN-01,BRCA,BRCA,0.92,0.0,0.02,0.06
TCGA:BRCA:TCGA-AR-A5QP-01,BRCA,BRCA,0.95,0.01,0.0,0.04
TCGA:BRCA:TCGA-AR-A5QQ-01,BRCA,HNSCC,0.14,0.51,0.28,0.07
TCGA:BRCA:TCGA-B6-A0I1-01,BRCA,BRCA,0.82,0.03,0.1,0.05
TCGA:BRCA:TCGA-B6-A0I2-01,BRCA,BRCA,0.69,0.03,0.07,0.21
TCGA:BRCA:TCGA-B6-A0I5-01,BRCA,BRCA,0.84,0.04,0.0,0.12
TCGA:BRCA:TCGA-B6-A0I6-01,BRCA,BRCA,0.71,0.07,0.13,0.09
TCGA:BRCA:TCGA-B6-A0I8-01,BRCA,BRCA,0.86,0.01,0.0,0.13
TCGA:BRCA:TCGA-B6-A0I9-01,BRCA,BRCA,0.85,0.01,0.06,0.08
TCGA:BRCA:TCGA-B6-A0IA-01,BRCA,BRCA,0.81,0.03,0.06,0.1
TCGA:BRCA:TCGA-B6-A0IB-01,BRCA,BRCA,0.86,0.03,0.03,0.08
TCGA:BRCA:TCGA-B6-A0IC-01,BRCA,BRCA,0.97,0.01,0.01,0.01
TCGA:BRCA:TCGA-B6-A0IE-01,BRCA,BRCA,0.82,0.01,0.05,0.12
TCGA:BRCA:TCGA-B6-A0IG-01,BRCA,BRCA,0.85,0.03,0.06,0.06
TCGA:BRCA:TCGA-B6-A0IH-01,BRCA,BRCA,0.94,0.0,0.0,0.06
TCGA:BRCA:TCGA-B6-A0IJ-01,BRCA,BRCA,0.69,0.06,0.2,0.05
TCGA:BRCA:TCGA-B6-A0IK-01,BRCA,BRCA,0.71,0.07,0.1,0.12
TCGA:BRCA:TCGA-B6-A0IM-01,BRCA,BRCA,1.0,0.0,0.0,0.0
TCGA:BRCA:TCGA-B6-A0IN-01,BRCA,BRCA,0.93,0.02,0.02,0.03
TCGA:BRCA:TCGA-B6-A0IO-01,BRCA,BRCA,0.91,0.01,0.01,0.07
TCGA:BRCA:TCGA-B6-A0IP-01,BRCA,BRCA,0.98,0.0,0.0,0.02
TCGA:BRCA:TCGA-B6-A0IQ-01,BRCA,BRCA,0.76,0.03,0.11,0.1
TCGA:BRCA:TCGA-B6-A0RE-01,BRCA,BRCA,0.79,0.02,0.07,0.12
TCGA:BRCA:TCGA-B6-A0RG-01,BRCA,BRCA,0.83,0.05,0.05,0.07
TCGA:BRCA:TCGA-B6-A0RH-01,BRCA,BRCA,0.9,0.01,0.05,0.04
TCGA:BRCA:TCGA-B6-A0RI-01,BRCA,BRCA,0.97,0.0,0.02,0.01
TCGA:BRCA:TCGA-B6-A0RL-01,BRCA,BRCA,0.98,0.0,0.01,0.01
TCGA:BRCA:TCGA-B6-A0RM-01,BRCA,BRCA,0.99,0.0,0.0,0.01
TCGA:BRCA:TCGA-B6-A0RN-01,BRCA,BRCA,0.99,0.0,0.01,0.0
TCGA:BRCA:TCGA-B6-A0RO-01,BRCA,BRCA,0.89,0.0,0.01,0.1
TCGA:BRCA:TCGA-B6-A0RP-01,BRCA,BRCA,0.99,0.0,0.0,0.01
TCGA:BRCA:TCGA-B6-A0RQ-01,BRCA,BRCA,0.94,0.02,0.0,0.04
TCGA:BRCA:TCGA-B6-A0RS-01,BRCA,BRCA,0.86,0.04,0.02,0.08
TCGA:BRCA:TCGA-B6-A0RT-01,BRCA,BRCA,0.74,0.03,0.09,0.14
TCGA:BRCA:TCGA-B6-A0RU-01,BRCA,BRCA,0.83,0.04,0.08,0.05
TCGA:BRCA:TCGA-B6-A0RV-01,BRCA,BRCA,1.0,0.0,0.0,0.0
TCGA:BRCA:TCGA-B6-A0WS-01,BRCA,BRCA,0.94,0.0,0.03,0.03
TCGA:BRCA:TCGA-B6-A0WT-01,BRCA,BRCA,1.0,0.0,0.0,0.0
TCGA:BRCA:TCGA-B6-A0WV-01,BRCA,BRCA,1.0,0.0,0.0,0.0
TCGA:BRCA:TCGA-B6-A0WW-01,BRCA,BRCA,0.92,0.02,0.01,0.05
TCGA:BRCA:TCGA-B6-A0WX-01,BRCA,BRCA,0.87,0.04,0.03,0.06
TCGA:BRCA:TCGA-B6-A0WY-01,BRCA,BRCA,0.86,0.06,0.04,0.04
TCGA:BRCA:TCGA-B6-A0WZ-01,BRCA,BRCA,0.95,0.01,0.0,0.04
TCGA:BRCA:TCGA-B6-A0X0-01,BRCA,BRCA,0.98,0.0,0.0,0.02
TCGA:BRCA:TCGA-B6-A0X1-01,BRCA,BRCA,0.49,0.04,0.18,0.29
TCGA:BRCA:TCGA-B6-A0X4-01,BRCA,BRCA,0.93,0.0,0.0,0.07
TCGA:BRCA:TCGA-B6-A0X5-01,BRCA,BRCA,0.88,0.01,0.05,0.06
TCGA:BRCA:TCGA-B6-A0X7-01,BRCA,BRCA,1.0,0.0,0.0,0.0
TCGA:BRCA:TCGA-B6-A1KC-01,BRCA,BRCA,0.94,0.0,0.03,0.03
TCGA:BRCA:TCGA-B6-A1KF-01,BRCA,BRCA,0.8,0.01,0.1,0.09
TCGA:BRCA:TCGA-B6-A1KI-01,BRCA,BRCA,0.98,0.0,0.0,0.02
TCGA:BRCA:TCGA-B6-A1KN-01,BRCA,BRCA,0.79,0.01,0.11,0.09
TCGA:BRCA:TCGA-B6-A2IU-01,BRCA,BRCA,0.99,0.0,0.0,0.01
TCGA:BRCA:TCGA-B6-A3ZX-01,BRCA,BRCA,0.87,0.02,0.04,0.07
TCGA:BRCA:TCGA-B6-A400-01,BRCA,BRCA,0.67,0.06,0.11,0.16
TCGA:BRCA:TCGA-B6-A401-01,BRCA,BRCA,0.85,0.07,0.01,0.07
TCGA:BRCA:TCGA-B6-A402-01,BRCA,BRCA,0.82,0.04,0.03,0.11
TCGA:BRCA:TCGA-B6-A408-01,BRCA,BRCA,0.93,0.02,0.0,0.05
TCGA:BRCA:TCGA-B6-A409-01,BRCA,BRCA,0.79,0.07,0.05,0.09
TCGA:BRCA:TCGA-B6-A40B-01,BRCA,BRCA,0.9,0.02,0.03,0.05
TCGA:BRCA:TCGA-B6-A40C-01,BRCA,BRCA,0.98,0.0,0.02,0.0
TCGA:BRCA:TCGA-BH-A0AU-01,BRCA,BRCA,0.96,0.0,0.01,0.03
TCGA:BRCA:TCGA-BH-A0AV-01,BRCA,BRCA,0.7,0.08,0.09,0.13
TCGA:BRCA:TCGA-BH-A0AW-01,BRCA,BRCA,0.77,0.02,0.04,0.17
TCGA:BRCA:TCGA-BH-A0AY-01,BRCA,BRCA,0.95,0.01,0.03,0.01
TCGA:BRCA:TCGA-BH-A0AZ-01,BRCA,BRCA,0.93,0.01,0.02,0.04
TCGA:BRCA:TCGA-BH-A0B0-01,BRCA,BRCA,0.99,0.0,0.0,0.01
TCGA:BRCA:TCGA-BH-A0B1-01,BRCA,BRCA,0.98,0.0,0.0,0.02
TCGA:BRCA:TCGA-BH-A0B2-01,BRCA,BRCA,0.94,0.02,0.02,0.02
TCGA:BRCA:TCGA-BH-A0B3-01,BRCA,BRCA,0.54,0.07,0.22,0.17
TCGA:BRCA:TCGA-BH-A0B4-01,BRCA,BRCA,0.92,0.01,0.03,0.04
TCGA:BRCA:TCGA-BH-A0B5-01,BRCA,BRCA,0.96,0.0,0.02,0.02
TCGA:BRCA:TCGA-BH-A0B7-01,BRCA,BRCA,0.79,0.02,0.04,0.15
TCGA:BRCA:TCGA-BH-A0B8-01,BRCA,BRCA,0.91,0.02,0.06,0.01
TCGA:BRCA:TCGA-BH-A0B9-01,BRCA,BRCA,0.79,0.01,0.09,0.11
TCGA:BRCA:TCGA-BH-A0BA-01,BRCA,BRCA,0.95,0.01,0.03,0.01
TCGA:BRCA:TCGA-BH-A0BC-01,BRCA,BRCA,0.87,0.02,0.04,0.07
TCGA:BRCA:TCGA-BH-A0BD-01,BRCA,BRCA,0.87,0.01,0.05,0.07
TCGA:BRCA:TCGA-BH-A0BF-01,BRCA,BRCA,0.92,0.0,0.01,0.07
TCGA:BRCA:TCGA-BH-A0BG-01,BRCA,BRCA,0.74,0.01,0.1,0.15
TCGA:BRCA:TCGA-BH-A0BJ-01,BRCA,BRCA,0.99,0.01,0.0,0.0
TCGA:BRCA:TCGA-BH-A0BL-01,BRCA,BRCA,0.8,0.01,0.09,0.1
TCGA:BRCA:TCGA-BH-A0BM-01,BRCA,BRCA,0.92,0.01,0.01,0.06
TCGA:BRCA:TCGA-BH-A0BO-01,BRCA,BRCA,0.66,0.0,0.11,0.23
TCGA:BRCA:TCGA-BH-A0BP-01,BRCA,BRCA,0.97,0.0,0.0,0.03
TCGA:BRCA:TCGA-BH-A0BQ-01,BRCA,BRCA,0.98,0.0,0.01,0.01
TCGA:BRCA:TCGA-BH-A0BR-01,BRCA,BRCA,0.64,0.07,0.07,0.22
TCGA:BRCA:TCGA-BH-A0BS-01,BRCA,BRCA,0.9,0.01,0.01,0.08
TCGA:BRCA:TCGA-BH-A0BT-01,BRCA,BRCA,0.83,0.02,0.04,0.11
TCGA:BRCA:TCGA-BH-A0BV-01,BRCA,BRCA,0.99,0.01,0.0,0.0
TCGA:BRCA:TCGA-BH-A0BW-01,BRCA,LUAD,0.35,0.01,0.14,0.5
TCGA:BRCA:TCGA-BH-A0BZ-01,BRCA,BRCA,0.85,0.01,0.06,0.08
TCGA:BRCA:TCGA-BH-A0C0-01,BRCA,BRCA,0.89,0.01,0.04,0.06
TCGA:BRCA:TCGA-BH-A0C1-01,BRCA,BRCA,1.0,0.0,0.0,0.0
TCGA:BRCA:TCGA-BH-A0C3-01,BRCA,BRCA,0.94,0.0,0.02,0.04
TCGA:BRCA:TCGA-BH-A0C7-01,BRCA,BRCA,0.94,0.0,0.01,0.05
TCGA:BRCA:TCGA-BH-A0DD-01,BRCA,BRCA,1.0,0.0,0.0,0.0
TCGA:BRCA:TCGA-BH-A0DE-01,BRCA,BRCA,0.79,0.0,0.02,0.19
TCGA:BRCA:TCGA-BH-A0DG-01,BRCA,BRCA,0.93,0.01,0.02,0.04
TCGA:BRCA:TCGA-BH-A0DH-01,BRCA,BRCA,0.92,0.02,0.0,0.06
TCGA:BRCA:TCGA-BH-A0DI-01,BRCA,BRCA,0.9,0.0,0.02,0.08
TCGA:BRCA:TCGA-BH-A0DK-01,BRCA,BRCA,0.78,0.06,0.09,0.07
TCGA:BRCA:TCGA-BH-A0DL-01,BRCA,LSCC,0.16,0.25,0.49,0.1
TCGA:BRCA:TCGA-BH-A0DO-01,BRCA,BRCA,0.98,0.0,0.01,0.01
TCGA:BRCA:TCGA-BH-A0DP-01,BRCA,BRCA,1.0,0.0,0.0,0.0
TCGA:BRCA:TCGA-BH-A0DQ-01,BRCA,BRCA,1.0,0.0,0.0,0.0
TCGA:BRCA:TCGA-BH-A0DS-01,BRCA,BRCA,0.99,0.0,0.0,0.01
TCGA:BRCA:TCGA-BH-A0DT-01,BRCA,BRCA,0.99,0.0,0.0,0.01
TCGA:BRCA:TCGA-BH-A0DV-01,BRCA,BRCA,0.94,0.01,0.01,0.04
TCGA:BRCA:TCGA-BH-A0DX-01,BRCA,BRCA,0.95,0.01,0.01,0.03
TCGA:BRCA:TCGA-BH-A0DZ-01,BRCA,BRCA,0.81,0.03,0.03,0.13
TCGA:BRCA:TCGA-BH-A0E0-01,BRCA,BRCA,0.78,0.09,0.08,0.05
TCGA:BRCA:TCGA-BH-A0E1-01,BRCA,BRCA,0.99,0.0,0.0,0.01
TCGA:BRCA:TCGA-BH-A0E2-01,BRCA,BRCA,0.94,0.02,0.01,0.03
TCGA:BRCA:TCGA-BH-A0E6-01,BRCA,BRCA,0.75,0.07,0.07,0.11
TCGA:BRCA:TCGA-BH-A0E7-01,BRCA,BRCA,1.0,0.0,0.0,0.0
TCGA:BRCA:TCGA-BH-A0E9-01,BRCA,BRCA,0.91,0.03,0.03,0.03
TCGA:BRCA:TCGA-BH-A0EA-01,BRCA,BRCA,1.0,0.0,0.0,0.0
TCGA:BRCA:TCGA-BH-A0EB-01,BRCA,BRCA,1.0,0.0,0.0,0.0
TCGA:BRCA:TCGA-BH-A0EE-01,BRCA,BRCA,0.5,0.06,0.18,0.26
TCGA:BRCA:TCGA-BH-A0EI-01,BRCA,BRCA,0.99,0.0,0.01,0.0
TCGA:BRCA:TCGA-BH-A0GY-01,BRCA,BRCA,0.88,0.01,0.05,0.06
TCGA:BRCA:TCGA-BH-A0GZ-01,BRCA,BRCA,0.92,0.0,0.03,0.05
TCGA:BRCA:TCGA-BH-A0H0-01,BRCA,BRCA,0.88,0.02,0.04,0.06
TCGA:BRCA:TCGA-BH-A0H3-01,BRCA,BRCA,0.95,0.0,0.0,0.05
TCGA:BRCA:TCGA-BH-A0H5-01,BRCA,BRCA,0.9,0.01,0.03,0.06
TCGA:BRCA:TCGA-BH-A0H6-01,BRCA,BRCA,1.0,0.0,0.0,0.0
TCGA:BRCA:TCGA-BH-A0H7-01,BRCA,BRCA,0.95,0.01,0.03,0.01
TCGA:BRCA:TCGA-BH-A0H9-01,BRCA,BRCA,0.93,0.02,0.02,0.03
TCGA:BRCA:TCGA-BH-A0HA-01,BRCA,BRCA,0.94,0.01,0.01,0.04
TCGA:BRCA:TCGA-BH-A0HB-01,BRCA,BRCA,0.85,0.03,0.06,0.06
TCGA:BRCA:TCGA-BH-A0HF-01,BRCA,BRCA,0.53,0.04,0.19,0.24
TCGA:BRCA:TCGA-BH-A0HI-01,BRCA,BRCA,0.98,0.01,0.0,0.01
TCGA:BRCA:TCGA-BH-A0HK-01,BRCA,BRCA,0.86,0.0,0.05,0.09
TCGA:BRCA:TCGA-BH-A0HL-01,BRCA,BRCA,0.87,0.07,0.03,0.03
TCGA:BRCA:TCGA-BH-A0HN-01,BRCA,BRCA,0.98,0.0,0.0,0.02
TCGA:BRCA:TCGA-BH-A0HO-01,BRCA,BRCA,1.0,0.0,0.0,0.0
TCGA:BRCA:TCGA-BH-A0HP-01,BRCA,BRCA,1.0,0.0,0.0,0.0
TCGA:BRCA:TCGA-BH-A0HQ-01,BRCA,BRCA,1.0,0.0,0.0,0.0
TCGA:BRCA:TCGA-BH-A0HU-01,BRCA,BRCA,0.84,0.05,0.03,0.08
TCGA:BRCA:TCGA-BH-A0HW-01,BRCA,BRCA,0.96,0.0,0.01,0.03
TCGA:BRCA:TCGA-BH-A0HX-01,BRCA,BRCA,0.98,0.0,0.01,0.01
TCGA:BRCA:TCGA-BH-A0HY-01,BRCA,BRCA,0.93,0.0,0.05,0.02
TCGA:BRCA:TCGA-BH-A0RX-01,BRCA,BRCA,0.79,0.04,0.06,0.11
TCGA:BRCA:TCGA-BH-A0W3-01,BRCA,BRCA,0.96,0.0,0.01,0.03
TCGA:BRCA:TCGA-BH-A0W4-01,BRCA,BRCA,1.0,0.0,0.0,0.0
TCGA:BRCA:TCGA-BH-A0W5-01,BRCA,BRCA,1.0,0.0,0.0,0.0
TCGA:BRCA:TCGA-BH-A0W7-01,BRCA,BRCA,0.88,0.07,0.02,0.03
TCGA:BRCA:TCGA-BH-A0WA-01,BRCA,BRCA,0.92,0.0,0.04,0.04
TCGA:BRCA:TCGA-BH-A18F-01,BRCA,BRCA,0.98,0.0,0.01,0.01
TCGA:BRCA:TCGA-BH-A18G-01,BRCA,BRCA,0.57,0.03,0.13,0.27
TCGA:BRCA:TCGA-BH-A18H-01,BRCA,BRCA,0.97,0.01,0.01,0.01
TCGA:BRCA:TCGA-BH-A18I-01,BRCA,BRCA,1.0,0.0,0.0,0.0
TCGA:BRCA:TCGA-BH-A18J-01,BRCA,BRCA,0.98,0.01,0.0,0.01
TCGA:BRCA:TCGA-BH-A18K-01,BRCA,BRCA,0.96,0.0,0.02,0.02
TCGA:BRCA:TCGA-BH-A18L-01,BRCA,BRCA,0.78,0.05,0.07,0.1
TCGA:BRCA:TCGA-BH-A18M-01,BRCA,BRCA,0.99,0.0,0.0,0.01
TCGA:BRCA:TCGA-BH-A18N-01,BRCA,BRCA,0.99,0.0,0.0,0.01
TCGA:BRCA:TCGA-BH-A18P-01,BRCA,BRCA,0.95,0.0,0.01,0.04
TCGA:BRCA:TCGA-BH-A18Q-01,BRCA,BRCA,0.86,0.05,0.05,0.04
TCGA:BRCA:TCGA-BH-A18R-01,BRCA,BRCA,0.88,0.04,0.06,0.02
TCGA:BRCA:TCGA-BH-A18S-01,BRCA,BRCA,0.96,0.0,0.0,0.04
TCGA:BRCA:TCGA-BH-A18T-01,BRCA,BRCA,0.81,0.0,0.08,0.11
TCGA:BRCA:TCGA-BH-A18U-01,BRCA,BRCA,0.93,0.01,0.03,0.03
TCGA:BRCA:TCGA-BH-A18V-01,BRCA,BRCA,0.69,0.05,0.12,0.14
TCGA:BRCA:TCGA-BH-A1EN-01,BRCA,BRCA,0.67,0.05,0.05,0.23
TCGA:BRCA:TCGA-BH-A1EO-01,BRCA,BRCA,0.99,0.0,0.0,0.01
TCGA:BRCA:TCGA-BH-A1ES-01,BRCA,BRCA,0.97,0.0,0.01,0.02
TCGA:BRCA:TCGA-BH-A1ET-01,BRCA,BRCA,0.99,0.0,0.0,0.01
TCGA:BRCA:TCGA-BH-A1EU-01,BRCA,BRCA,0.93,0.0,0.01,0.06
TCGA:BRCA:TCGA-BH-A1EV-01,BRCA,BRCA,0.88,0.06,0.02,0.04
TCGA:BRCA:TCGA-BH-A1EW-01,BRCA,BRCA,1.0,0.0,0.0,0.0
TCGA:BRCA:TCGA-BH-A1EX-01,BRCA,BRCA,0.61,0.02,0.03,0.34
TCGA:BRCA:TCGA-BH-A1EY-01,BRCA,BRCA,0.83,0.0,0.01,0.16
TCGA:BRCA:TCGA-BH-A1F0-01,BRCA,BRCA,0.8,0.01,0.07,0.12
TCGA:BRCA:TCGA-BH-A1F2-01,BRCA,BRCA,0.87,0.01,0.04,0.08
TCGA:BRCA:TCGA-BH-A1F5-01,BRCA,BRCA,0.96,0.0,0.0,0.04
TCGA:BRCA:TCGA-BH-A1F6-01,BRCA,BRCA,0.75,0.03,0.1,0.12
TCGA:BRCA:TCGA-BH-A1F8-01,BRCA,BRCA,0.9,0.0,0.0,0.1
TCGA:BRCA:TCGA-BH-A1FB-01,BRCA,BRCA,0.99,0.01,0.0,0.0
TCGA:BRCA:TCGA-BH-A1FC-01,BRCA,BRCA,0.72,0.06,0.14,0.08
TCGA:BRCA:TCGA-BH-A1FD-01,BRCA,BRCA,0.88,0.0,0.03,0.09
TCGA:BRCA:TCGA-BH-A1FE-01,BRCA,BRCA,0.99,0.0,0.0,0.01
TCGA:BRCA:TCGA-BH-A1FG-01,BRCA,BRCA,0.97,0.0,0.0,0.03
TCGA:BRCA:TCGA-BH-A1FH-01,BRCA,BRCA,0.93,0.01,0.01,0.05
TCGA:BRCA:TCGA-BH-A1FJ-01,BRCA,BRCA,0.88,0.01,0.02,0.09
TCGA:BRCA:TCGA-BH-A1FL-01,BRCA,BRCA,1.0,0.0,0.0,0.0
TCGA:BRCA:TCGA-BH-A1FM-01,BRCA,BRCA,0.81,0.03,0.02,0.14
TCGA:BRCA:TCGA-BH-A1FN-01,BRCA,BRCA,0.84,0.03,0.06,0.07
TCGA:BRCA:TCGA-BH-A1FR-01,BRCA,BRCA,0.99,0.0,0.0,0.01
TCGA:BRCA:TCGA-BH-A1FU-01,BRCA,BRCA,0.75,0.02,0.07,0.16
TCGA:BRCA:TCGA-BH-A201-01,BRCA,BRCA,0.94,0.0,0.02,0.04
TCGA:BRCA:TCGA-BH-A202-01,BRCA,BRCA,0.87,0.01,0.05,0.07
TCGA:BRCA:TCGA-BH-A203-01,BRCA,BRCA,0.94,0.0,0.02,0.04
TCGA:BRCA:TCGA-BH-A204-01,BRCA,BRCA,0.92,0.0,0.03,0.05
TCGA:BRCA:TCGA-BH-A208-01,BRCA,BRCA,0.6,0.04,0.08,0.28
TCGA:BRCA:TCGA-BH-A209-01,BRCA,BRCA,0.91,0.02,0.05,0.02
TCGA:BRCA:TCGA-BH-A28O-01,BRCA,BRCA,0.83,0.02,0.05,0.1
TCGA:BRCA:TCGA-BH-A28Q-01,BRCA,BRCA,1.0,0.0,0.0,0.0
TCGA:BRCA:TCGA-BH-A2L8-01,BRCA,BRCA,0.99,0.0,0.0,0.01
TCGA:BRCA:TCGA-BH-A42T-01,BRCA,BRCA,0.91,0.02,0.03,0.04
TCGA:BRCA:TCGA-BH-A42U-01,BRCA,BRCA,0.75,0.08,0.04,0.13
TCGA:BRCA:TCGA-BH-A42V-01,BRCA,BRCA,0.9,0.0,0.04,0.06
TCGA:BRCA:TCGA-BH-A5IZ-01,BRCA,BRCA,0.63,0.04,0.11,0.22
TCGA:BRCA:TCGA-BH-A5J0-01,BRCA,BRCA,0.86,0.04,0.03,0.07
TCGA:BRCA:TCGA-BH-A6R8-01,BRCA,BRCA,0.98,0.0,0.0,0.02
TCGA:BRCA:TCGA-BH-A6R9-01,BRCA,BRCA,0.33,0.16,0.3,0.21
TCGA:BRCA:TCGA-BH-A8FY-01,BRCA,BRCA,0.91,0.0,0.03,0.06
TCGA:BRCA:TCGA-BH-A8FZ-01,BRCA,BRCA,0.74,0.02,0.07,0.17
TCGA:BRCA:TCGA-BH-A8G0-01,BRCA,BRCA,0.99,0.0,0.01,0.0
TCGA:BRCA:TCGA-BH-AB28-01,BRCA,BRCA,0.95,0.0,0.01,0.04
TCGA:BRCA:TCGA-C8-A12K-01,BRCA,BRCA,0.63,0.02,0.14,0.21
TCGA:BRCA:TCGA-C8-A12L-01,BRCA,BRCA,0.49,0.1,0.19,0.22
TCGA:BRCA:TCGA-C8-A12M-01,BRCA,BRCA,0.74,0.04,0.06,0.16
TCGA:BRCA:TCGA-C8-A12N-01,BRCA,BRCA,0.98,0.0,0.0,0.02
TCGA:BRCA:TCGA-C8-A12O-01,BRCA,BRCA,0.94,0.01,0.03,0.02
TCGA:BRCA:TCGA-C8-A12P-01,BRCA,BRCA,0.8,0.03,0.08,0.09
TCGA:BRCA:TCGA-C8-A12Q-01,BRCA,BRCA,0.65,0.02,0.11,0.22
TCGA:BRCA:TCGA-C8-A12T-01,BRCA,BRCA,0.95,0.01,0.01,0.03
TCGA:BRCA:TCGA-C8-A12U-01,BRCA,BRCA,0.83,0.03,0.04,0.1
TCGA:BRCA:TCGA-C8-A12V-01,BRCA,BRCA,0.49,0.03,0.17,0.31
TCGA:BRCA:TCGA-C8-A12W-01,BRCA,BRCA,0.93,0.03,0.03,0.01
TCGA:BRCA:TCGA-C8-A12X-01,BRCA,BRCA,0.94,0.01,0.03,0.02
TCGA:BRCA:TCGA-C8-A12Y-01,BRCA,BRCA,0.96,0.0,0.0,0.04
TCGA:BRCA:TCGA-C8-A12Z-01,BRCA,BRCA,0.91,0.0,0.05,0.04
TCGA:BRCA:TCGA-C8-A130-01,BRCA,BRCA,0.85,0.03,0.09,0.03
TCGA:BRCA:TCGA-C8-A131-01,BRCA,BRCA,0.71,0.02,0.16,0.11
TCGA:BRCA:TCGA-C8-A132-01,BRCA,BRCA,0.97,0.01,0.01,0.01
TCGA:BRCA:TCGA-C8-A133-01,BRCA,BRCA,0.91,0.03,0.01,0.05
TCGA:BRCA:TCGA-C8-A134-01,BRCA,BRCA,0.78,0.01,0.1,0.11
TCGA:BRCA:TCGA-C8-A135-01,BRCA,BRCA,0.93,0.01,0.0,0.06
TCGA:BRCA:TCGA-C8-A137-01,BRCA,BRCA,0.75,0.05,0.09,0.11
TCGA:BRCA:TCGA-C8-A138-01,BRCA,BRCA,0.72,0.04,0.1,0.14
TCGA:BRCA:TCGA-C8-A1HE-01,BRCA,BRCA,1.0,0.0,0.0,0.0
TCGA:BRCA:TCGA-C8-A1HF-01,BRCA,BRCA,0.96,0.0,0.02,0.02
TCGA:BRCA:TCGA-C8-A1HG-01,BRCA,BRCA,0.87,0.03,0.02,0.08
TCGA:BRCA:TCGA-C8-A1HI-01,BRCA,BRCA,0.97,0.01,0.01,0.01
TCGA:BRCA:TCGA-C8-A1HJ-01,BRCA,BRCA,0.53,0.07,0.28,0.12
TCGA:BRCA:TCGA-C8-A1HK-01,BRCA,BRCA,0.92,0.0,0.01,0.07
TCGA:BRCA:TCGA-C8-A1HL-01,BRCA,BRCA,0.8,0.03,0.05,0.12
TCGA:BRCA:TCGA-C8-A1HM-01,BRCA,BRCA,0.81,0.02,0.1,0.07
TCGA:BRCA:TCGA-C8-A1HN-01,BRCA,BRCA,0.97,0.0,0.01,0.02
TCGA:BRCA:TCGA-C8-A1HO-01,BRCA,BRCA,0.98,0.02,0.0,0.0
TCGA:BRCA:TCGA-C8-A26V-01,BRCA,BRCA,0.88,0.0,0.06,0.06
TCGA:BRCA:TCGA-C8-A26W-01,BRCA,BRCA,0.96,0.01,0.02,0.01
TCGA:BRCA:TCGA-C8-A26X-01,BRCA,BRCA,0.73,0.04,0.04,0.19
TCGA:BRCA:TCGA-C8-A26Y-01,BRCA,BRCA,0.35,0.06,0.24,0.35
TCGA:BRCA:TCGA-C8-A26Z-01,BRCA,BRCA,0.98,0.0,0.01,0.01
TCGA:BRCA:TCGA-C8-A273-01,BRCA,BRCA,0.75,0.02,0.1,0.13
TCGA:BRCA:TCGA-C8-A274-01,BRCA,BRCA,0.9,0.0,0.01,0.09
TCGA:BRCA:TCGA-C8-A275-01,BRCA,BRCA,0.7,0.1,0.1,0.1
TCGA:BRCA:TCGA-C8-A278-01,BRCA,BRCA,0.78,0.02,0.09,0.11
TCGA:BRCA:TCGA-C8-A27A-01,BRCA,BRCA,0.83,0.03,0.09,0.05
TCGA:BRCA:TCGA-C8-A27B-01,BRCA,BRCA,0.67,0.05,0.16,0.12
TCGA:BRCA:TCGA-C8-A3M7-01,BRCA,BRCA,0.91,0.0,0.01,0.08
TCGA:BRCA:TCGA-C8-A3M8-01,BRCA,BRCA,0.95,0.01,0.01,0.03
TCGA:BRCA:TCGA-C8-A8HP-01,BRCA,BRCA,0.69,0.02,0.13,0.16
TCGA:BRCA:TCGA-C8-A8HQ-01,BRCA,BRCA,0.88,0.02,0.06,0.04
TCGA:BRCA:TCGA-C8-A8HR-01,BRCA,BRCA,0.91,0.01,0.01,0.07
TCGA:BRCA:TCGA-D8-A13Y-01,BRCA,BRCA,0.8,0.01,0.12,0.07
TCGA:BRCA:TCGA-D8-A13Z-01,BRCA,BRCA,0.72,0.04,0.13,0.11
TCGA:BRCA:TCGA-D8-A140-01,BRCA,BRCA,0.98,0.0,0.01,0.01
TCGA:BRCA:TCGA-D8-A141-01,BRCA,BRCA,0.94,0.01,0.0,0.05
TCGA:BRCA:TCGA-D8-A142-01,BRCA,BRCA,0.89,0.01,0.01,0.09
TCGA:BRCA:TCGA-D8-A143-01,BRCA,BRCA,0.62,0.08,0.14,0.16
TCGA:BRCA:TCGA-D8-A145-01,BRCA,BRCA,0.95,0.0,0.0,0.05
TCGA:BRCA:TCGA-D8-A147-01,BRCA,BRCA,0.77,0.02,0.1,0.11
TCGA:BRCA:TCGA-D8-A1J8-01,BRCA,BRCA,0.75,0.05,0.06,0.14
TCGA:BRCA:TCGA-D8-A1J9-01,BRCA,BRCA,0.89,0.03,0.0,0.08
TCGA:BRCA:TCGA-D8-A1JA-01,BRCA,BRCA,0.6,0.03,0.12,0.25
TCGA:BRCA:TCGA-D8-A1JB-01,BRCA,BRCA,0.98,0.0,0.0,0.02
TCGA:BRCA:TCGA-D8-A1JC-01,BRCA,BRCA,0.93,0.02,0.01,0.04
TCGA:BRCA:TCGA-D8-A1JD-01,BRCA,BRCA,0.94,0.01,0.02,0.03
TCGA:BRCA:TCGA-D8-A1JE-01,BRCA,BRCA,1.0,0.0,0.0,0.0
TCGA:BRCA:TCGA-D8-A1JF-01,BRCA,BRCA,0.47,0.01,0.11,0.41
TCGA:BRCA:TCGA-D8-A1JG-01,BRCA,BRCA,0.68,0.05,0.1,0.17
TCGA:BRCA:TCGA-D8-A1JH-01,BRCA,BRCA,1.0,0.0,0.0,0.0
TCGA:BRCA:TCGA-D8-A1JI-01,BRCA,BRCA,0.99,0.0,0.0,0.01
TCGA:BRCA:TCGA-D8-A1JJ-01,BRCA,BRCA,0.85,0.05,0.03,0.07
TCGA:BRCA:TCGA-D8-A1JK-01,BRCA,BRCA,0.53,0.03,0.09,0.35
TCGA:BRCA:TCGA-D8-A1JL-01,BRCA,BRCA,0.68,0.03,0.07,0.22
TCGA:BRCA:TCGA-D8-A1JM-01,BRCA,BRCA,0.7,0.01,0.19,0.1
TCGA:BRCA:TCGA-D8-A1JN-01,BRCA,BRCA,0.93,0.01,0.02,0.04
TCGA:BRCA:TCGA-D8-A1JP-01,BRCA,BRCA,0.96,0.03,0.01,0.0
TCGA:BRCA:TCGA-D8-A1JS-01,BRCA,BRCA,0.96,0.0,0.02,0.02
TCGA:BRCA:TCGA-D8-A1JT-01,BRCA,BRCA,0.94,0.0,0.02,0.04
TCGA:BRCA:TCGA-D8-A1JU-01,BRCA,BRCA,0.96,0.0,0.0,0.04
TCGA:BRCA:TCGA-D8-A1X5-01,BRCA,BRCA,0.98,0.0,0.0,0.02
TCGA:BRCA:TCGA-D8-A1X6-01,BRCA,BRCA,0.99,0.0,0.01,0.0
TCGA:BRCA:TCGA-D8-A1X7-01,BRCA,BRCA,0.93,0.01,0.02,0.04
TCGA:BRCA:TCGA-D8-A1X8-01,BRCA,BRCA,1.0,0.0,0.0,0.0
TCGA:BRCA:TCGA-D8-A1X9-01,BRCA,BRCA,0.95,0.0,0.01,0.04
TCGA:BRCA:TCGA-D8-A1XA-01,BRCA,BRCA,0.93,0.0,0.04,0.03
TCGA:BRCA:TCGA-D8-A1XB-01,BRCA,BRCA,1.0,0.0,0.0,0.0
TCGA:BRCA:TCGA-D8-A1XC-01,BRCA,BRCA,0.99,0.0,0.0,0.01
TCGA:BRCA:TCGA-D8-A1XD-01,BRCA,BRCA,0.96,0.01,0.02,0.01
TCGA:BRCA:TCGA-D8-A1XF-01,BRCA,BRCA,0.9,0.01,0.04,0.05
TCGA:BRCA:TCGA-D8-A1XG-01,BRCA,BRCA,0.97,0.0,0.01,0.02
TCGA:BRCA:TCGA-D8-A1XJ-01,BRCA,BRCA,0.79,0.1,0.07,0.04
TCGA:BRCA:TCGA-D8-A1XK-01,BRCA,BRCA,0.59,0.03,0.23,0.15
TCGA:BRCA:TCGA-D8-A1XL-01,BRCA,BRCA,0.91,0.02,0.05,0.02
TCGA:BRCA:TCGA-D8-A1XM-01,BRCA,BRCA,1.0,0.0,0.0,0.0
TCGA:BRCA:TCGA-D8-A1XO-01,BRCA,BRCA,1.0,0.0,0.0,0.0
TCGA:BRCA:TCGA-D8-A1XQ-01,BRCA,BRCA,0.84,0.01,0.06,0.09
TCGA:BRCA:TCGA-D8-A1XR-01,BRCA,BRCA,1.0,0.0,0.0,0.0
TCGA:BRCA:TCGA-D8-A1XS-01,BRCA,BRCA,1.0,0.0,0.0,0.0
TCGA:BRCA:TCGA-D8-A1XT-01,BRCA,BRCA,0.79,0.0,0.1,0.11
TCGA:BRCA:TCGA-D8-A1XU-01,BRCA,BRCA,0.88,0.01,0.01,0.1
TCGA:BRCA:TCGA-D8-A1XV-01,BRCA,BRCA,1.0,0.0,0.0,0.0
TCGA:BRCA:TCGA-D8-A1XW-01,BRCA,BRCA,0.79,0.01,0.05,0.15
TCGA:BRCA:TCGA-D8-A1XY-01,BRCA,BRCA,0.98,0.0,0.0,0.02
TCGA:BRCA:TCGA-D8-A1XZ-01,BRCA,BRCA,0.93,0.01,0.03,0.03
TCGA:BRCA:TCGA-D8-A1Y0-01,BRCA,BRCA,0.99,0.0,0.01,0.0
TCGA:BRCA:TCGA-D8-A1Y1-01,BRCA,BRCA,0.83,0.03,0.01,0.13
TCGA:BRCA:TCGA-D8-A1Y2-01,BRCA,BRCA,0.95,0.01,0.01,0.03
TCGA:BRCA:TCGA-D8-A1Y3-01,BRCA,BRCA,0.83,0.04,0.09,0.04
TCGA:BRCA:TCGA-D8-A27E-01,BRCA,BRCA,1.0,0.0,0.0,0.0
TCGA:BRCA:TCGA-D8-A27F-01,BRCA,BRCA,0.73,0.03,0.13,0.11
TCGA:BRCA:TCGA-D8-A27G-01,BRCA,BRCA,0.99,0.0,0.0,0.01
TCGA:BRCA:TCGA-D8-A27H-01,BRCA,BRCA,0.73,0.05,0.02,0.2
TCGA:BRCA:TCGA-D8-A27I-01,BRCA,BRCA,0.95,0.01,0.01,0.03
TCGA:BRCA:TCGA-D8-A27K-01,BRCA,BRCA,0.99,0.0,0.0,0.01
TCGA:BRCA:TCGA-D8-A27L-01,BRCA,BRCA,1.0,0.0,0.0,0.0
TCGA:BRCA:TCGA-D8-A27M-01,BRCA,BRCA,0.61,0.03,0.05,0.31
TCGA:BRCA:TCGA-D8-A27N-01,BRCA,BRCA,0.86,0.04,0.04,0.06
TCGA:BRCA:TCGA-D8-A27P-01,BRCA,BRCA,1.0,0.0,0.0,0.0
TCGA:BRCA:TCGA-D8-A27R-01,BRCA,BRCA,0.93,0.03,0.02,0.02
TCGA:BRCA:TCGA-D8-A27T-01,BRCA,BRCA,1.0,0.0,0.0,0.0
TCGA:BRCA:TCGA-D8-A27V-01,BRCA,BRCA,0.99,0.01,0.0,0.0
TCGA:BRCA:TCGA-D8-A27W-01,BRCA,BRCA,0.94,0.0,0.04,0.02
TCGA:BRCA:TCGA-D8-A3Z5-01,BRCA,BRCA,0.93,0.01,0.0,0.06
TCGA:BRCA:TCGA-D8-A3Z6-01,BRCA,BRCA,0.91,0.01,0.04,0.04
TCGA:BRCA:TCGA-D8-A4Z1-01,BRCA,BRCA,0.92,0.02,0.0,0.06
TCGA:BRCA:TCGA-D8-A73U-01,BRCA,BRCA,0.69,0.02,0.06,0.23
TCGA:BRCA:TCGA-D8-A73W-01,BRCA,BRCA,0.71,0.0,0.02,0.27
TCGA:BRCA:TCGA-D8-A73X-01,BRCA,BRCA,1.0,0.0,0.0,0.0
TCGA:BRCA:TCGA-E2-A105-01,BRCA,BRCA,1.0,0.0,0.0,0.0
TCGA:BRCA:TCGA-E2-A107-01,BRCA,BRCA,0.89,0.0,0.01,0.1
TCGA:BRCA:TCGA-E2-A108-01,BRCA,BRCA,0.92,0.0,0.03,0.05
TCGA:BRCA:TCGA-E2-A109-01,BRCA,BRCA,0.97,0.0,0.01,0.02
TCGA:BRCA:TCGA-E2-A10A-01,BRCA,BRCA,0.98,0.0,0.02,0.0
TCGA:BRCA:TCGA-E2-A10B-01,BRCA,BRCA,0.99,0.01,0.0,0.0
TCGA:BRCA:TCGA-E2-A10C-01,BRCA,BRCA,0.92,0.02,0.0,0.06
TCGA:BRCA:TCGA-E2-A10E-01,BRCA,BRCA,0.97,0.01,0.02,0.0
TCGA:BRCA:TCGA-E2-A10F-01,BRCA,BRCA,1.0,0.0,0.0,0.0
TCGA:BRCA:TCGA-E2-A14N-01,BRCA,BRCA,0.77,0.06,0.07,0.1
TCGA:BRCA:TCGA-E2-A14O-01,BRCA,BRCA,0.91,0.01,0.02,0.06
TCGA:BRCA:TCGA-E2-A14P-01,BRCA,BRCA,0.64,0.13,0.12,0.11
TCGA:BRCA:TCGA-E2-A14Q-01,BRCA,BRCA,0.99,0.0,0.01,0.0
TCGA:BRCA:TCGA-E2-A14R-01,BRCA,BRCA,0.83,0.02,0.08,0.07
TCGA:BRCA:TCGA-E2-A14S-01,BRCA,BRCA,1.0,0.0,0.0,0.0
TCGA:BRCA:TCGA-E2-A14T-01,BRCA,BRCA,1.0,0.0,0.0,0.0
TCGA:BRCA:TCGA-E2-A14U-01,BRCA,BRCA,0.96,0.0,0.0,0.04
TCGA:BRCA:TCGA-E2-A14V-01,BRCA,BRCA,0.86,0.03,0.06,0.05
TCGA:BRCA:TCGA-E2-A14W-01,BRCA,BRCA,0.95,0.03,0.01,0.01
TCGA:BRCA:TCGA-E2-A14X-01,BRCA,BRCA,0.87,0.0,0.05,0.08
TCGA:BRCA:TCGA-E2-A14Y-01,BRCA,BRCA,0.34,0.26,0.33,0.07
TCGA:BRCA:TCGA-E2-A14Z-01,BRCA,BRCA,0.94,0.01,0.02,0.03
TCGA:BRCA:TCGA-E2-A150-01,BRCA,BRCA,0.77,0.03,0.05,0.15
TCGA:BRCA:TCGA-E2-A152-01,BRCA,BRCA,0.79,0.02,0.04,0.15
TCGA:BRCA:TCGA-E2-A153-01,BRCA,BRCA,0.91,0.0,0.01,0.08
TCGA:BRCA:TCGA-E2-A154-01,BRCA,BRCA,1.0,0.0,0.0,0.0
TCGA:BRCA:TCGA-E2-A155-01,BRCA,BRCA,0.94,0.0,0.05,0.01
TCGA:BRCA:TCGA-E2-A156-01,BRCA,BRCA,1.0,0.0,0.0,0.0
TCGA:BRCA:TCGA-E2-A158-01,BRCA,BRCA,0.65,0.02,0.13,0.2
TCGA:BRCA:TCGA-E2-A159-01,BRCA,BRCA,0.59,0.04,0.09,0.28
TCGA:BRCA:TCGA-E2-A15A-01,BRCA,BRCA,0.96,0.0,0.0,0.04
TCGA:BRCA:TCGA-E2-A15C-01,BRCA,BRCA,0.99,0.01,0.0,0.0
TCGA:BRCA:TCGA-E2-A15D-01,BRCA,BRCA,0.99,0.01,0.0,0.0
TCGA:BRCA:TCGA-E2-A15E-01,BRCA,BRCA,0.99,0.0,0.01,0.0
TCGA:BRCA:TCGA-E2-A15F-01,BRCA,BRCA,0.99,0.0,0.0,0.01
TCGA:BRCA:TCGA-E2-A15G-01,BRCA,BRCA,1.0,0.0,0.0,0.0
TCGA:BRCA:TCGA-E2-A15H-01,BRCA,BRCA,0.97,0.01,0.0,0.02
TCGA:BRCA:TCGA-E2-A15I-01,BRCA,BRCA,0.98,0.0,0.01,0.01
TCGA:BRCA:TCGA-E2-A15J-01,BRCA,BRCA,1.0,0.0,0.0,0.0
TCGA:BRCA:TCGA-E2-A15K-01,BRCA,BRCA,0.98,0.0,0.01,0.01
TCGA:BRCA:TCGA-E2-A15L-01,BRCA,BRCA,0.99,0.01,0.0,0.0
TCGA:BRCA:TCGA-E2-A15M-01,BRCA,BRCA,1.0,0.0,0.0,0.0
TCGA:BRCA:TCGA-E2-A15O-01,BRCA,BRCA,0.97,0.0,0.0,0.03
TCGA:BRCA:TCGA-E2-A15P-01,BRCA,BRCA,1.0,0.0,0.0,0.0
TCGA:BRCA:TCGA-E2-A15R-01,BRCA,BRCA,0.98,0.01,0.01,0.0
TCGA:BRCA:TCGA-E2-A15S-01,BRCA,BRCA,0.95,0.03,0.01,0.01
TCGA:BRCA:TCGA-E2-A15T-01,BRCA,BRCA,0.93,0.02,0.03,0.02
TCGA:BRCA:TCGA-E2-A1AZ-01,BRCA,BRCA,0.79,0.03,0.07,0.11
TCGA:BRCA:TCGA-E2-A1B0-01,BRCA,BRCA,0.9,0.02,0.07,0.01
TCGA:BRCA:TCGA-E2-A1B1-01,BRCA,BRCA,0.99,0.0,0.0,0.01
TCGA:BRCA:TCGA-E2-A1B4-01,BRCA,BRCA,1.0,0.0,0.0,0.0
TCGA:BRCA:TCGA-E2-A1B5-01,BRCA,BRCA,0.89,0.02,0.01,0.08
TCGA:BRCA:TCGA-E2-A1B6-01,BRCA,BRCA,0.79,0.03,0.1,0.08
TCGA:BRCA:TCGA-E2-A1BC-01,BRCA,BRCA,1.0,0.0,0.0,0.0
TCGA:BRCA:TCGA-E2-A1BD-01,BRCA,BRCA,0.95,0.0,0.01,0.04
TCGA:BRCA:TCGA-E2-A1IE-01,BRCA,BRCA,0.96,0.0,0.01,0.03
TCGA:BRCA:TCGA-E2-A1IF-01,BRCA,BRCA,0.96,0.02,0.0,0.02
TCGA:BRCA:TCGA-E2-A1IG-01,BRCA,BRCA,0.93,0.0,0.03,0.04
TCGA:BRCA:TCGA-E2-A1IH-01,BRCA,BRCA,0.95,0.0,0.02,0.03
TCGA:BRCA:TCGA-E2-A1II-01,BRCA,BRCA,0.78,0.01,0.12,0.09
TCGA:BRCA:TCGA-E2-A1IJ-01,BRCA,BRCA,0.97,0.0,0.0,0.03
TCGA:BRCA:TCGA-E2-A1IK-01,BRCA,BRCA,0.94,0.02,0.01,0.03
TCGA:BRCA:TCGA-E2-A1IL-01,BRCA,BRCA,0.99,0.01,0.0,0.0
TCGA:BRCA:TCGA-E2-A1IN-01,BRCA,BRCA,1.0,0.0,0.0,0.0
TCGA:BRCA:TCGA-E2-A1IO-01,BRCA,BRCA,0.91,0.0,0.03,0.06
TCGA:BRCA:TCGA-E2-A1IU-01,BRCA,BRCA,1.0,0.0,0.0,0.0
TCGA:BRCA:TCGA-E2-A1L6-01,BRCA,BRCA,0.99,0.0,0.01,0.0
TCGA:BRCA:TCGA-E2-A1L7-01,BRCA,BRCA,0.92,0.02,0.03,0.03
TCGA:BRCA:TCGA-E2-A1L8-01,BRCA,BRCA,0.97,0.0,0.0,0.03
TCGA:BRCA:TCGA-E2-A1L9-01,BRCA,BRCA,0.98,0.0,0.0,0.02
TCGA:BRCA:TCGA-E2-A1LA-01,BRCA,BRCA,0.98,0.0,0.01,0.01
TCGA:BRCA:TCGA-E2-A1LB-01,BRCA,BRCA,0.75,0.03,0.04,0.18
TCGA:BRCA:TCGA-E2-A1LE-01,BRCA,BRCA,0.67,0.03,0.04,0.26
TCGA:BRCA:TCGA-E2-A1LG-01,BRCA,BRCA,0.61,0.08,0.14,0.17
TCGA:BRCA:TCGA-E2-A1LH-01,BRCA,BRCA,0.77,0.03,0.09,0.11
TCGA:BRCA:TCGA-E2-A1LI-01,BRCA,BRCA,0.93,0.02,0.02,0.03
TCGA:BRCA:TCGA-E2-A1LK-01,BRCA,BRCA,0.55,0.09,0.17,0.19
TCGA:BRCA:TCGA-E2-A1LL-01,BRCA,LSCC,0.09,0.3,0.48,0.13
TCGA:BRCA:TCGA-E2-A1LS-01,BRCA,BRCA,0.84,0.0,0.03,0.13
TCGA:BRCA:TCGA-E2-A2P5-01,BRCA,BRCA,0.96,0.0,0.02,0.02
TCGA:BRCA:TCGA-E2-A2P6-01,BRCA,BRCA,0.91,0.01,0.02,0.06
TCGA:BRCA:TCGA-E2-A3DX-01,BRCA,BRCA,0.95,0.0,0.01,0.04
TCGA:BRCA:TCGA-E2-A56Z-01,BRCA,BRCA,0.95,0.0,0.01,0.04
TCGA:BRCA:TCGA-E2-A570-01,BRCA,BRCA,0.96,0.0,0.02,0.02
TCGA:BRCA:TCGA-E2-A573-01,BRCA,BRCA,0.76,0.02,0.1,0.12
TCGA:BRCA:TCGA-E2-A574-01,BRCA,BRCA,0.66,0.11,0.06,0.17
TCGA:BRCA:TCGA-E2-A576-01,BRCA,BRCA,0.86,0.03,0.06,0.05
TCGA:BRCA:TCGA-E2-A9RU-01,BRCA,BRCA,0.71,0.1,0.11,0.08
TCGA:BRCA:TCGA-E9-A1N3-01,BRCA,BRCA,1.0,0.0,0.0,0.0
TCGA:BRCA:TCGA-E9-A1N4-01,BRCA,BRCA,0.91,0.0,0.05,0.04
TCGA:BRCA:TCGA-E9-A1N5-01,BRCA,BRCA,0.97,0.02,0.01,0.0
TCGA:BRCA:TCGA-E9-A1N6-01,BRCA,BRCA,0.99,0.0,0.0,0.01
TCGA:BRCA:TCGA-E9-A1N8-01,BRCA,BRCA,0.85,0.01,0.07,0.07
TCGA:BRCA:TCGA-E9-A1N9-01,BRCA,BRCA,0.95,0.01,0.03,0.01
TCGA:BRCA:TCGA-E9-A1NA-01,BRCA,BRCA,0.63,0.04,0.04,0.29
TCGA:BRCA:TCGA-E9-A1NC-01,BRCA,BRCA,0.68,0.05,0.11,0.16
TCGA:BRCA:TCGA-E9-A1ND-01,BRCA,BRCA,0.51,0.03,0.19,0.27
TCGA:BRCA:TCGA-E9-A1NE-01,BRCA,BRCA,0.97,0.0,0.02,0.01
TCGA:BRCA:TCGA-E9-A1NF-01,BRCA,BRCA,0.86,0.01,0.06,0.07
TCGA:BRCA:TCGA-E9-A1NG-01,BRCA,BRCA,0.88,0.01,0.01,0.1
TCGA:BRCA:TCGA-E9-A1NH-01,BRCA,BRCA,1.0,0.0,0.0,0.0
TCGA:BRCA:TCGA-E9-A1NI-01,BRCA,BRCA,0.99,0.0,0.0,0.01
TCGA:BRCA:TCGA-E9-A1QZ-01,BRCA,BRCA,0.99,0.0,0.0,0.01
TCGA:BRCA:TCGA-E9-A1R0-01,BRCA,BRCA,0.98,0.0,0.01,0.01
TCGA:BRCA:TCGA-E9-A1R2-01,BRCA,BRCA,0.97,0.0,0.0,0.03
TCGA:BRCA:TCGA-E9-A1R3-01,BRCA,BRCA,0.63,0.06,0.05,0.26
TCGA:BRCA:TCGA-E9-A1R4-01,BRCA,BRCA,0.93,0.02,0.02,0.03
TCGA:BRCA:TCGA-E9-A1R5-01,BRCA,BRCA,0.99,0.0,0.0,0.01
TCGA:BRCA:TCGA-E9-A1R6-01,BRCA,BRCA,0.95,0.01,0.01,0.03
TCGA:BRCA:TCGA-E9-A1R7-01,BRCA,BRCA,0.84,0.01,0.05,0.1
TCGA:BRCA:TCGA-E9-A1RA-01,BRCA,BRCA,0.95,0.01,0.02,0.02
TCGA:BRCA:TCGA-E9-A1RB-01,BRCA,BRCA,0.84,0.0,0.08,0.08
TCGA:BRCA:TCGA-E9-A1RC-01,BRCA,BRCA,0.8,0.07,0.02,0.11
TCGA:BRCA:TCGA-E9-A1RD-01,BRCA,BRCA,1.0,0.0,0.0,0.0
TCGA:BRCA:TCGA-E9-A1RE-01,BRCA,BRCA,0.8,0.01,0.07,0.12
TCGA:BRCA:TCGA-E9-A1RF-01,BRCA,BRCA,0.97,0.02,0.01,0.0
TCGA:BRCA:TCGA-E9-A1RG-01,BRCA,BRCA,0.9,0.02,0.03,0.05
TCGA:BRCA:TCGA-E9-A1RH-01,BRCA,BRCA,0.69,0.02,0.1,0.19
TCGA:BRCA:TCGA-E9-A1RI-01,BRCA,BRCA,1.0,0.0,0.0,0.0
TCGA:BRCA:TCGA-E9-A226-01,BRCA,BRCA,0.92,0.0,0.04,0.04
TCGA:BRCA:TCGA-E9-A227-01,BRCA,BRCA,0.95,0.01,0.0,0.04
TCGA:BRCA:TCGA-E9-A228-01,BRCA,BRCA,0.87,0.0,0.08,0.05
TCGA:BRCA:TCGA-E9-A229-01,BRCA,BRCA,0.99,0.0,0.0,0.01
TCGA:BRCA:TCGA-E9-A22A-01,BRCA,BRCA,0.86,0.01,0.03,0.1
TCGA:BRCA:TCGA-E9-A22B-01,BRCA,BRCA,0.92,0.01,0.0,0.07
TCGA:BRCA:TCGA-E9-A22D-01,BRCA,BRCA,0.94,0.01,0.02,0.03
TCGA:BRCA:TCGA-E9-A22E-01,BRCA,BRCA,0.88,0.02,0.0,0.1
TCGA:BRCA:TCGA-E9-A22G-01,BRCA,BRCA,0.71,0.06,0.1,0.13
TCGA:BRCA:TCGA-E9-A22H-01,BRCA,BRCA,0.99,0.0,0.0,0.01
TCGA:BRCA:TCGA-E9-A243-01,BRCA,BRCA,0.79,0.01,0.08,0.12
TCGA:BRCA:TCGA-E9-A244-01,BRCA,BRCA,0.8,0.03,0.07,0.1
TCGA:BRCA:TCGA-E9-A245-01,BRCA,BRCA,0.9,0.02,0.02,0.06
TCGA:BRCA:TCGA-E9-A247-01,BRCA,BRCA,0.94,0.01,0.01,0.04
TCGA:BRCA:TCGA-E9-A248-01,BRCA,BRCA,0.76,0.01,0.04,0.19
TCGA:BRCA:TCGA-E9-A249-01,BRCA,BRCA,0.96,0.0,0.01,0.03
TCGA:BRCA:TCGA-E9-A24A-01,BRCA,BRCA,0.98,0.0,0.0,0.02
TCGA:BRCA:TCGA-E9-A295-01,BRCA,BRCA,0.87,0.08,0.03,0.02
TCGA:BRCA:TCGA-E9-A2JS-01,BRCA,BRCA,0.94,0.0,0.0,0.06
TCGA:BRCA:TCGA-E9-A2JT-01,BRCA,BRCA,0.77,0.03,0.09,0.11
TCGA:BRCA:TCGA-E9-A3HO-01,BRCA,BRCA,0.92,0.01,0.05,0.02
TCGA:BRCA:TCGA-E9-A3Q9-01,BRCA,BRCA,0.94,0.0,0.02,0.04
TCGA:BRCA:TCGA-E9-A3QA-01,BRCA,BRCA,0.7,0.05,0.13,0.12
TCGA:BRCA:TCGA-E9-A3X8-01,BRCA,BRCA,0.86,0.05,0.01,0.08
TCGA:BRCA:TCGA-E9-A54X-01,BRCA,BRCA,0.79,0.02,0.07,0.12
TCGA:BRCA:TCGA-E9-A54Y-01,BRCA,BRCA,0.7,0.1,0.08,0.12
TCGA:BRCA:TCGA-E9-A5FK-01,BRCA,BRCA,0.92,0.04,0.02,0.02
TCGA:BRCA:TCGA-E9-A5FL-01,BRCA,HNSCC,0.17,0.54,0.22,0.07
TCGA:BRCA:TCGA-E9-A5UO-01,BRCA,BRCA,0.8,0.04,0.07,0.09
TCGA:BRCA:TCGA-E9-A5UP-01,BRCA,BRCA,0.98,0.0,0.0,0.02
TCGA:BRCA:TCGA-E9-A6HE-01,BRCA,BRCA,0.93,0.0,0.04,0.03
TCGA:BRCA:TCGA-EW-A1IW-01,BRCA,BRCA,0.99,0.0,0.01,0.0
TCGA:BRCA:TCGA-EW-A1IX-01,BRCA,BRCA,1.0,0.0,0.0,0.0
TCGA:BRCA:TCGA-EW-A1IY-01,BRCA,BRCA,0.84,0.04,0.03,0.09
TCGA:BRCA:TCGA-EW-A1IZ-01,BRCA,BRCA,0.93,0.0,0.02,0.05
TCGA:BRCA:TCGA-EW-A1J1-01,BRCA,BRCA,0.96,0.01,0.02,0.01
TCGA:BRCA:TCGA-EW-A1J2-01,BRCA,BRCA,1.0,0.0,0.0,0.0
TCGA:BRCA:TCGA-EW-A1J3-01,BRCA,BRCA,0.97,0.0,0.03,0.0
TCGA:BRCA:TCGA-EW-A1J5-01,BRCA,BRCA,1.0,0.0,0.0,0.0
TCGA:BRCA:TCGA-EW-A1J6-01,BRCA,BRCA,0.81,0.01,0.07,0.11
TCGA:BRCA:TCGA-EW-A1OV-01,BRCA,BRCA,0.92,0.01,0.04,0.03
TCGA:BRCA:TCGA-EW-A1OW-01,BRCA,BRCA,0.87,0.01,0.05,0.07
TCGA:BRCA:TCGA-EW-A1OX-01,BRCA,BRCA,0.88,0.02,0.03,0.07
TCGA:BRCA:TCGA-EW-A1OY-01,BRCA,BRCA,0.95,0.03,0.01,0.01
TCGA:BRCA:TCGA-EW-A1OZ-01,BRCA,BRCA,0.89,0.03,0.02,0.06
TCGA:BRCA:TCGA-EW-A1P0-01,BRCA,BRCA,1.0,0.0,0.0,0.0
TCGA:BRCA:TCGA-EW-A1P1-01,BRCA,LUAD,0.38,0.06,0.09,0.47
TCGA:BRCA:TCGA-EW-A1P3-01,BRCA,BRCA,0.96,0.0,0.02,0.02
TCGA:BRCA:TCGA-EW-A1P4-01,BRCA,BRCA,0.51,0.01,0.22,0.26
TCGA:BRCA:TCGA-EW-A1P5-01,BRCA,BRCA,0.87,0.04,0.03,0.06
TCGA:BRCA:TCGA-EW-A1P6-01,BRCA,BRCA,0.94,0.01,0.01,0.04
TCGA:BRCA:TCGA-EW-A1P7-01,BRCA,BRCA,0.59,0.03,0.08,0.3
TCGA:BRCA:TCGA-EW-A1P8-01,BRCA,BRCA,0.84,0.0,0.06,0.1
TCGA:BRCA:TCGA-EW-A1PA-01,BRCA,BRCA,0.96,0.01,0.02,0.01
TCGA:BRCA:TCGA-EW-A1PB-01,BRCA,BRCA,0.47,0.12,0.16,0.25
TCGA:BRCA:TCGA-EW-A1PC-01,BRCA,BRCA,0.63,0.03,0.15,0.19
TCGA:BRCA:TCGA-EW-A1PD-01,BRCA,BRCA,0.96,0.0,0.02,0.02
TCGA:BRCA:TCGA-EW-A1PE-01,BRCA,BRCA,0.88,0.03,0.02,0.07
TCGA:BRCA:TCGA-EW-A1PF-01,BRCA,BRCA,1.0,0.0,0.0,0.0
TCGA:BRCA:TCGA-EW-A1PG-01,BRCA,BRCA,0.46,0.1,0.2,0.24
TCGA:BRCA:TCGA-EW-A1PH-01,BRCA,BRCA,0.92,0.02,0.02,0.04
TCGA:BRCA:TCGA-EW-A2FR-01,BRCA,BRCA,0.68,0.0,0.09,0.23
TCGA:BRCA:TCGA-EW-A2FS-01,BRCA,BRCA,0.9,0.01,0.03,0.06
TCGA:BRCA:TCGA-EW-A2FV-01,BRCA,BRCA,0.99,0.01,0.0,0.0
TCGA:BRCA:TCGA-EW-A2FW-01,BRCA,BRCA,0.99,0.0,0.0,0.01
TCGA:BRCA:TCGA-EW-A3E8-01,BRCA,BRCA,0.95,0.03,0.02,0.0
TCGA:BRCA:TCGA-EW-A3U0-01,BRCA,BRCA,0.79,0.04,0.07,0.1
TCGA:BRCA:TCGA-EW-A423-01,BRCA,BRCA,0.88,0.03,0.0,0.09
TCGA:BRCA:TCGA-EW-A424-01,BRCA,BRCA,0.94,0.02,0.01,0.03
TCGA:BRCA:TCGA-EW-A6S9-01,BRCA,BRCA,0.95,0.02,0.01,0.02
TCGA:BRCA:TCGA-EW-A6SA-01,BRCA,BRCA,0.86,0.01,0.04,0.09
TCGA:BRCA:TCGA-EW-A6SB-01,BRCA,BRCA,0.74,0.02,0.08,0.16
TCGA:BRCA:TCGA-EW-A6SC-01,BRCA,BRCA,0.96,0.02,0.0,0.02
TCGA:BRCA:TCGA-EW-A6SD-01,BRCA,BRCA,0.72,0.07,0.07,0.14
TCGA:BRCA:TCGA-GI-A2C8-01,BRCA,BRCA,0.89,0.0,0.0,0.11
TCGA:BRCA:TCGA-GI-A2C9-01,BRCA,BRCA,0.77,0.01,0.03,0.19
TCGA:BRCA:TCGA-GM-A2D9-01,BRCA,BRCA,0.9,0.03,0.01,0.06
TCGA:BRCA:TCGA-GM-A2DA-01,BRCA,BRCA,0.9,0.01,0.0,0.09
TCGA:BRCA:TCGA-GM-A2DB-01,BRCA,LUAD,0.4,0.04,0.11,0.45
TCGA:BRCA:TCGA-GM-A2DC-01,BRCA,BRCA,0.97,0.01,0.01,0.01
TCGA:BRCA:TCGA-GM-A2DD-01,BRCA,BRCA,0.53,0.11,0.07,0.29
TCGA:BRCA:TCGA-GM-A2DF-01,BRCA,LUAD,0.34,0.07,0.14,0.45
TCGA:BRCA:TCGA-GM-A2DH-01,BRCA,BRCA,0.85,0.0,0.1,0.05
TCGA:BRCA:TCGA-GM-A2DI-01,BRCA,BRCA,0.96,0.0,0.0,0.04
TCGA:BRCA:TCGA-GM-A2DK-01,BRCA,BRCA,0.99,0.0,0.0,0.01
TCGA:BRCA:TCGA-GM-A2DL-01,BRCA,BRCA,0.9,0.04,0.01,0.05
TCGA:BRCA:TCGA-GM-A2DM-01,BRCA,BRCA,0.96,0.02,0.0,0.02
TCGA:BRCA:TCGA-GM-A2DN-01,BRCA,BRCA,0.95,0.02,0.01,0.02
TCGA:BRCA:TCGA-GM-A2DO-01,BRCA,BRCA,0.84,0.04,0.03,0.09
TCGA:BRCA:TCGA-GM-A3NW-01,BRCA,BRCA,0.9,0.01,0.01,0.08
TCGA:BRCA:TCGA-GM-A3NY-01,BRCA,BRCA,0.94,0.0,0.0,0.06
TCGA:BRCA:TCGA-GM-A3XG-01,BRCA,BRCA,0.85,0.05,0.04,0.06
TCGA:BRCA:TCGA-GM-A3XL-01,BRCA,BRCA,0.46,0.09,0.27,0.18
TCGA:BRCA:TCGA-GM-A3XN-01,BRCA,BRCA,0.86,0.0,0.03,0.11
TCGA:BRCA:TCGA-GM-A4E0-01,BRCA,BRCA,0.69,0.0,0.06,0.25
TCGA:BRCA:TCGA-GM-A5PV-01,BRCA,BRCA,0.98,0.0,0.0,0.02
TCGA:BRCA:TCGA-GM-A5PX-01,BRCA,BRCA,0.96,0.0,0.0,0.04
TCGA:BRCA:TCGA-HN-A2NL-01,BRCA,BRCA,0.83,0.05,0.07,0.05
TCGA:BRCA:TCGA-HN-A2OB-01,BRCA,BRCA,0.97,0.01,0.0,0.02
TCGA:BRCA:TCGA-JL-A3YW-01,BRCA,LUAD,0.21,0.05,0.18,0.56
TCGA:BRCA:TCGA-JL-A3YX-01,BRCA,BRCA,0.85,0.04,0.06,0.05
TCGA:BRCA:TCGA-LD-A66U-01,BRCA,BRCA,0.98,0.01,0.01,0.0
TCGA:BRCA:TCGA-LD-A74U-01,BRCA,BRCA,0.99,0.0,0.01,0.0
TCGA:BRCA:TCGA-LD-A7W5-01,BRCA,BRCA,0.89,0.03,0.01,0.07
TCGA:BRCA:TCGA-LD-A7W6-01,BRCA,BRCA,1.0,0.0,0.0,0.0
TCGA:BRCA:TCGA-LD-A9QF-01,BRCA,LUAD,0.37,0.02,0.1,0.51
TCGA:BRCA:TCGA-LL-A440-01,BRCA,BRCA,0.65,0.07,0.11,0.17
TCGA:BRCA:TCGA-LL-A441-01,BRCA,BRCA,0.75,0.01,0.05,0.19
TCGA:BRCA:TCGA-LL-A442-01,BRCA,BRCA,0.94,0.02,0.01,0.03
TCGA:BRCA:TCGA-LL-A50Y-01,BRCA,BRCA,0.96,0.0,0.02,0.02
TCGA:BRCA:TCGA-LL-A5YL-01,BRCA,BRCA,0.85,0.04,0.0,0.11
TCGA:BRCA:TCGA-LL-A5YM-01,BRCA,BRCA,0.84,0.09,0.02,0.05
TCGA:BRCA:TCGA-LL-A5YN-01,BRCA,BRCA,0.91,0.02,0.01,0.06
TCGA:BRCA:TCGA-LL-A5YO-01,BRCA,BRCA,0.84,0.0,0.06,0.1
TCGA:BRCA:TCGA-LL-A5YP-01,BRCA,BRCA,0.66,0.01,0.12,0.21
TCGA:BRCA:TCGA-LL-A6FP-01,BRCA,BRCA,0.88,0.0,0.03,0.09
TCGA:BRCA:TCGA-LL-A6FQ-01,BRCA,BRCA,0.91,0.02,0.02,0.05
TCGA:BRCA:TCGA-LL-A6FR-01,BRCA,BRCA,0.62,0.09,0.12,0.17
TCGA:BRCA:TCGA-LL-A73Y-01,BRCA,BRCA,0.74,0.04,0.04,0.18
TCGA:BRCA:TCGA-LL-A73Z-01,BRCA,BRCA,0.82,0.0,0.04,0.14
TCGA:BRCA:TCGA-LL-A740-01,BRCA,LUAD,0.34,0.05,0.08,0.53
TCGA:BRCA:TCGA-LL-A7SZ-01,BRCA,BRCA,0.57,0.15,0.11,0.17
TCGA:BRCA:TCGA-LL-A7T0-01,BRCA,BRCA,0.84,0.05,0.05,0.06
TCGA:BRCA:TCGA-LL-A8F5-01,BRCA,BRCA,0.48,0.16,0.25,0.11
TCGA:BRCA:TCGA-LL-A9Q3-01,BRCA,BRCA,0.83,0.02,0.05,0.1
TCGA:BRCA:TCGA-LQ-A4E4-01,BRCA,BRCA,0.93,0.0,0.02,0.05
TCGA:BRCA:TCGA-MS-A51U-01,BRCA,BRCA,0.96,0.01,0.0,0.03
TCGA:BRCA:TCGA-OK-A5Q2-01,BRCA,BRCA,0.98,0.0,0.0,0.02
TCGA:BRCA:TCGA-OL-A5D6-01,BRCA,BRCA,0.75,0.02,0.03,0.2
TCGA:BRCA:TCGA-OL-A5D7-01,BRCA,BRCA,0.75,0.09,0.07,0.09
TCGA:BRCA:TCGA-OL-A5D8-01,BRCA,BRCA,0.88,0.0,0.04,0.08
TCGA:BRCA:TCGA-OL-A5DA-01,BRCA,BRCA,1.0,0.0,0.0,0.0
TCGA:BRCA:TCGA-OL-A5RU-01,BRCA,BRCA,0.91,0.02,0.02,0.05
TCGA:BRCA:TCGA-OL-A5RV-01,BRCA,BRCA,0.99,0.0,0.0,0.01
TCGA:BRCA:TCGA-OL-A5RW-01,BRCA,BRCA,0.53,0.22,0.14,0.11
TCGA:BRCA:TCGA-OL-A5RX-01,BRCA,BRCA,0.98,0.0,0.0,0.02
TCGA:BRCA:TCGA-OL-A5RY-01,BRCA,LUAD,0.36,0.04,0.18,0.42
TCGA:BRCA:TCGA-OL-A5RZ-01,BRCA,BRCA,0.68,0.07,0.09,0.16
TCGA:BRCA:TCGA-OL-A5S0-01,BRCA,BRCA,0.63,0.07,0.11,0.19
TCGA:BRCA:TCGA-OL-A66H-01,BRCA,BRCA,0.96,0.01,0.0,0.03
TCGA:BRCA:TCGA-OL-A66I-01,BRCA,BRCA,0.74,0.03,0.11,0.12
TCGA:BRCA:TCGA-OL-A66J-01,BRCA,BRCA,0.99,0.0,0.0,0.01
TCGA:BRCA:TCGA-OL-A66K-01,BRCA,BRCA,0.96,0.01,0.0,0.03
TCGA:BRCA:TCGA-OL-A66L-01,BRCA,BRCA,0.83,0.01,0.04,0.12
TCGA:BRCA:TCGA-OL-A66N-01,BRCA,BRCA,0.88,0.0,0.0,0.12
TCGA:BRCA:TCGA-OL-A66O-01,BRCA,BRCA,0.81,0.08,0.05,0.06
TCGA:BRCA:TCGA-OL-A66P-01,BRCA,BRCA,0.51,0.09,0.1,0.3
TCGA:BRCA:TCGA-OL-A6VO-01,BRCA,BRCA,0.88,0.01,0.08,0.03
TCGA:BRCA:TCGA-OL-A6VQ-01,BRCA,BRCA,1.0,0.0,0.0,0.0
TCGA:BRCA:TCGA-OL-A6VR-01,BRCA,BRCA,0.89,0.02,0.0,0.09
TCGA:BRCA:TCGA-OL-A97C-01,BRCA,BRCA,0.92,0.02,0.03,0.03
TCGA:BRCA:TCGA-PE-A5DC-01,BRCA,BRCA,1.0,0.0,0.0,0.0
TCGA:BRCA:TCGA-PE-A5DD-01,BRCA,BRCA,0.94,0.0,0.0,0.06
TCGA:BRCA:TCGA-PE-A5DE-01,BRCA,BRCA,0.87,0.06,0.01,0.06
TCGA:BRCA:TCGA-PL-A8LV-01,BRCA,BRCA,0.48,0.12,0.19,0.21
TCGA:BRCA:TCGA-PL-A8LX-01,BRCA,BRCA,0.91,0.03,0.02,0.04
TCGA:BRCA:TCGA-PL-A8LY-01,BRCA,BRCA,0.85,0.06,0.03,0.06
TCGA:BRCA:TCGA-PL-A8LZ-01,BRCA,BRCA,0.63,0.06,0.08,0.23
TCGA:BRCA:TCGA-S3-A6ZF-01,BRCA,BRCA,0.98,0.0,0.0,0.02
TCGA:BRCA:TCGA-S3-A6ZG-01,BRCA,BRCA,0.99,0.0,0.0,0.01
TCGA:BRCA:TCGA-S3-A6ZH-01,BRCA,BRCA,0.87,0.03,0.07,0.03
TCGA:BRCA:TCGA-S3-AA0Z-01,BRCA,BRCA,0.68,0.01,0.14,0.17
TCGA:BRCA:TCGA-S3-AA10-01,BRCA,BRCA,0.45,0.1,0.23,0.22
TCGA:BRCA:TCGA-S3-AA11-01,BRCA,BRCA,0.91,0.0,0.02,0.07
TCGA:BRCA:TCGA-S3-AA12-01,BRCA,BRCA,0.97,0.01,0.01,0.01
TCGA:BRCA:TCGA-S3-AA14-01,BRCA,BRCA,0.92,0.04,0.01,0.03
TCGA:BRCA:TCGA-S3-AA15-01,BRCA,BRCA,0.48,0.03,0.14,0.35
TCGA:BRCA:TCGA-S3-AA17-01,BRCA,BRCA,0.86,0.02,0.03,0.09
TCGA:BRCA:TCGA-UL-AAZ6-01,BRCA,BRCA,0.76,0.03,0.11,0.1
TCGA:BRCA:TCGA-UU-A93S-01,BRCA,BRCA,0.54,0.09,0.17,0.2
TCGA:BRCA:TCGA-V7-A7HQ-01,BRCA,BRCA,0.85,0.09,0.02,0.04
TCGA:BRCA:TCGA-W8-A86G-01,BRCA,BRCA,0.88,0.03,0.02,0.07
TCGA:BRCA:TCGA-WT-AB41-01,BRCA,BRCA,0.75,0.12,0.01,0.12
TCGA:BRCA:TCGA-WT-AB44-01,BRCA,BRCA,0.69,0.07,0.04,0.2
TCGA:BRCA:TCGA-XX-A899-01,BRCA,BRCA,0.91,0.0,0.03,0.06
TCGA:BRCA:TCGA-XX-A89A-01,BRCA,BRCA,0.81,0.02,0.04,0.13
TCGA:BRCA:TCGA-Z7-A8R5-01,BRCA,BRCA,0.79,0.05,0.02,0.14
TCGA:BRCA:TCGA-Z7-A8R6-01,BRCA,BRCA,0.83,0.01,0.13,0.03
TCGA:LUAD:TCGA-05-4244-01,LUAD,LUAD,0.04,0.0,0.09,0.87
TCGA:LUAD:TCGA-05-4249-01,LUAD,LUAD,0.17,0.01,0.14,0.68
TCGA:LUAD:TCGA-05-4250-01,LUAD,LUAD,0.09,0.07,0.21,0.63
TCGA:LUAD:TCGA-05-4382-01,LUAD,LUAD,0.03,0.0,0.16,0.81
TCGA:LUAD:TCGA-05-4384-01,LUAD,LUAD,0.01,0.0,0.01,0.98
TCGA:LUAD:TCGA-05-4389-01,LUAD,LUAD,0.08,0.05,0.1,0.77
TCGA:LUAD:TCGA-05-4390-01,LUAD,LUAD,0.18,0.06,0.22,0.54
TCGA:LUAD:TCGA-05-4395-01,LUAD,LUAD,0.17,0.05,0.12,0.66
TCGA:LUAD:TCGA-05-4396-01,LUAD,LUAD,0.17,0.0,0.07,0.76
TCGA:LUAD:TCGA-05-4397-01,LUAD,BRCA,0.38,0.07,0.19,0.36
TCGA:LUAD:TCGA-05-4398-01,LUAD,LUAD,0.13,0.01,0.13,0.73
TCGA:LUAD:TCGA-05-4402-01,LUAD,LUAD,0.1,0.01,0.07,0.82
TCGA:LUAD:TCGA-05-4403-01,LUAD,LUAD,0.04,0.02,0.05,0.89
TCGA:LUAD:TCGA-05-4405-01,LUAD,LUAD,0.15,0.01,0.03,0.81
TCGA:LUAD:TCGA-05-4410-01,LUAD,LUAD,0.2,0.01,0.03,0.76
TCGA:LUAD:TCGA-05-4415-01,LUAD,LUAD,0.29,0.07,0.16,0.48
TCGA:LUAD:TCGA-05-4417-01,LUAD,LUAD,0.02,0.0,0.01,0.97
TCGA:LUAD:TCGA-05-4418-01,LUAD,LUAD,0.05,0.04,0.3,0.61
TCGA:LUAD:TCGA-05-4420-01,LUAD,LUAD,0.25,0.04,0.1,0.61
TCGA:LUAD:TCGA-05-4422-01,LUAD,LUAD,0.08,0.01,0.09,0.82
TCGA:LUAD:TCGA-05-4424-01,LUAD,LUAD,0.32,0.04,0.14,0.5
TCGA:LUAD:TCGA-05-4425-01,LUAD,LUAD,0.04,0.03,0.1,0.83
TCGA:LUAD:TCGA-05-4426-01,LUAD,LUAD,0.05,0.04,0.08,0.83
TCGA:LUAD:TCGA-05-4427-01,LUAD,LUAD,0.27,0.01,0.09,0.63
TCGA:LUAD:TCGA-05-4430-01,LUAD,LUAD,0.04,0.0,0.01,0.95
TCGA:LUAD:TCGA-05-4432-01,LUAD,LUAD,0.17,0.01,0.11,0.71
TCGA:LUAD:TCGA-05-4433-01,LUAD,LUAD,0.09,0.06,0.05,0.8
TCGA:LUAD:TCGA-05-4434-01,LUAD,LUAD,0.04,0.08,0.29,0.59
TCGA:LUAD:TCGA-05-5423-01,LUAD,LUAD,0.08,0.01,0.05,0.86
TCGA:LUAD:TCGA-05-5425-01,LUAD,LUAD,0.16,0.01,0.15,0.68
TCGA:LUAD:TCGA-05-5428-01,LUAD,LUAD,0.09,0.02,0.25,0.64
TCGA:LUAD:TCGA-05-5429-01,LUAD,LUAD,0.04,0.02,0.11,0.83
TCGA:LUAD:TCGA-05-5715-01,LUAD,LUAD,0.07,0.02,0.1,0.81
TCGA:LUAD:TCGA-35-3615-01,LUAD,LUAD,0.05,0.0,0.0,0.95
TCGA:LUAD:TCGA-35-4122-01,LUAD,LUAD,0.08,0.03,0.32,0.57
TCGA:LUAD:TCGA-35-4123-01,LUAD,LUAD,0.08,0.01,0.16,0.75
TCGA:LUAD:TCGA-35-5375-01,LUAD,LSCC,0.11,0.15,0.5,0.24
TCGA:LUAD:TCGA-38-4625-01,LUAD,BRCA,0.44,0.05,0.21,0.3
TCGA:LUAD:TCGA-38-4626-01,LUAD,LUAD,0.01,0.01,0.0,0.98
TCGA:LUAD:TCGA-38-4627-01,LUAD,LUAD,0.15,0.0,0.19,0.66
TCGA:LUAD:TCGA-38-4628-01,LUAD,LUAD,0.23,0.03,0.05,0.69
TCGA:LUAD:TCGA-38-4631-01,LUAD,LUAD,0.07,0.05,0.38,0.5
TCGA:LUAD:TCGA-38-4632-01,LUAD,LUAD,0.13,0.04,0.18,0.65
TCGA:LUAD:TCGA-38-6178-01,LUAD,LUAD,0.26,0.02,0.11,0.61
TCGA:LUAD:TCGA-38-7271-01,LUAD,LUAD,0.27,0.02,0.11,0.6
TCGA:LUAD:TCGA-38-A44F-01,LUAD,LUAD,0.01,0.01,0.02,0.96
TCGA:LUAD:TCGA-44-2655-01,LUAD,LUAD,0.02,0.02,0.02,0.94
TCGA:LUAD:TCGA-44-2656-01,LUAD,LUAD,0.08,0.01,0.07,0.84
TCGA:LUAD:TCGA-44-2657-01,LUAD,LUAD,0.31,0.01,0.05,0.63
TCGA:LUAD:TCGA-44-2659-01,LUAD,LUAD,0.13,0.0,0.0,0.87
TCGA:LUAD:TCGA-44-2662-01,LUAD,LUAD,0.23,0.03,0.09,0.65
TCGA:LUAD:TCGA-44-2665-01,LUAD,LUAD,0.04,0.0,0.09,0.87
TCGA:LUAD:TCGA-44-2666-01,LUAD,LUAD,0.04,0.03,0.06,0.87
TCGA:LUAD:TCGA-44-2668-01,LUAD,LUAD,0.11,0.03,0.25,0.61
TCGA:LUAD:TCGA-44-3396-01,LUAD,LUAD,0.08,0.01,0.08,0.83
TCGA:LUAD:TCGA-44-3398-01,LUAD,LUAD,0.09,0.0,0.17,0.74
TCGA:LUAD:TCGA-44-3918-01,LUAD,LUAD,0.25,0.01,0.08,0.66
TCGA:LUAD:TCGA-44-3919-01,LUAD,LUAD,0.14,0.0,0.02,0.84
TCGA:LUAD:TCGA-44-4112-01,LUAD,LUAD,0.13,0.02,0.02,0.83
TCGA:LUAD:TCGA-44-5643-01,LUAD,LSCC,0.13,0.1,0.71,0.06
TCGA:LUAD:TCGA-44-5644-01,LUAD,LUAD,0.13,0.03,0.18,0.66
TCGA:LUAD:TCGA-44-5645-01,LUAD,LUAD,0.16,0.09,0.1,0.65
TCGA:LUAD:TCGA-44-6145-01,LUAD,LUAD,0.03,0.03,0.17,0.77
TCGA:LUAD:TCGA-44-6146-01,LUAD,LUAD,0.15,0.04,0.02,0.79
TCGA:LUAD:TCGA-44-6148-01,LUAD,LUAD,0.34,0.11,0.05,0.5
TCGA:LUAD:TCGA-44-6774-01,LUAD,LUAD,0.19,0.02,0.09,0.7
TCGA:LUAD:TCGA-44-6775-01,LUAD,LUAD,0.1,0.02,0.04,0.84
TCGA:LUAD:TCGA-44-6776-01,LUAD,LUAD,0.17,0.03,0.02,0.78
TCGA:LUAD:TCGA-44-6777-01,LUAD,LUAD,0.28,0.04,0.08,0.6
TCGA:LUAD:TCGA-44-6778-01,LUAD,LUAD,0.22,0.02,0.14,0.62
TCGA:LUAD:TCGA-44-6779-01,LUAD,LUAD,0.12,0.12,0.23,0.53
TCGA:LUAD:TCGA-44-7659-01,LUAD,LUAD,0.09,0.0,0.01,0.9
TCGA:LUAD:TCGA-44-7660-01,LUAD,LSCC,0.33,0.02,0.48,0.17
TCGA:LUAD:TCGA-44-7661-01,LUAD,LUAD,0.14,0.05,0.17,0.64
TCGA:LUAD:TCGA-44-7662-01,LUAD,LUAD,0.13,0.04,0.17,0.66
TCGA:LUAD:TCGA-44-7667-01,LUAD,LUAD,0.29,0.12,0.29,0.3
TCGA:LUAD:TCGA-44-7669-01,LUAD,BRCA,0.45,0.04,0.21,0.3
TCGA:LUAD:TCGA-44-7670-01,LUAD,LUAD,0.06,0.05,0.35,0.54
TCGA:LUAD:TCGA-44-7671-01,LUAD,LUAD,0.09,0.0,0.04,0.87
TCGA:LUAD:TCGA-44-7672-01,LUAD,LUAD,0.07,0.01,0.11,0.81
TCGA:LUAD:TCGA-44-8117-01,LUAD,LUAD,0.24,0.04,0.06,0.66
TCGA:LUAD:TCGA-44-8119-01,LUAD,LUAD,0.27,0.06,0.13,0.54
TCGA:LUAD:TCGA-44-8120-01,LUAD,LUAD,0.08,0.0,0.01,0.91
TCGA:LUAD:TCGA-44-A479-01,LUAD,LUAD,0.25,0.0,0.2,0.55
TCGA:LUAD:TCGA-44-A47A-01,LUAD,LUAD,0.07,0.03,0.14,0.76
TCGA:LUAD:TCGA-44-A47B-01,LUAD,LUAD,0.17,0.01,0.05,0.77
TCGA:LUAD:TCGA-44-A47G-01,LUAD,LUAD,0.0,0.0,0.03,0.97
TCGA:LUAD:TCGA-44-A4SS-01,LUAD,LUAD,0.08,0.01,0.14,0.77
TCGA:LUAD:TCGA-44-A4SU-01,LUAD,LUAD,0.03,0.02,0.01,0.94
TCGA:LUAD:TCGA-49-4486-01,LUAD,LUAD,0.12,0.01,0.06,0.81
TCGA:LUAD:TCGA-49-4487-01,LUAD,BRCA,0.37,0.06,0.23,0.34
TCGA:LUAD:TCGA-49-4488-01,LUAD,LUAD,0.17,0.03,0.12,0.68
TCGA:LUAD:TCGA-49-4490-01,LUAD,LUAD,0.13,0.04,0.09,0.74
TCGA:LUAD:TCGA-49-4494-01,LUAD,LUAD,0.16,0.1,0.19,0.55
TCGA:LUAD:TCGA-49-4501-01,LUAD,LUAD,0.08,0.04,0.03,0.85
TCGA:LUAD:TCGA-49-4505-01,LUAD,LUAD,0.05,0.0,0.02,0.93
TCGA:LUAD:TCGA-49-4506-01,LUAD,LUAD,0.08,0.11,0.21,0.6
TCGA:LUAD:TCGA-49-4507-01,LUAD,LUAD,0.1,0.09,0.15,0.66
TCGA:LUAD:TCGA-49-4510-01,LUAD,LUAD,0.31,0.02,0.09,0.58
TCGA:LUAD:TCGA-49-4512-01,LUAD,LUAD,0.24,0.03,0.06,0.67
TCGA:LUAD:TCGA-49-4514-01,LUAD,LUAD,0.19,0.05,0.28,0.48
TCGA:LUAD:TCGA-49-6742-01,LUAD,LUAD,0.1,0.07,0.2,0.63
TCGA:LUAD:TCGA-49-6743-01,LUAD,LUAD,0.15,0.05,0.26,0.54
TCGA:LUAD:TCGA-49-6744-01,LUAD,LUAD,0.07,0.01,0.01,0.91
TCGA:LUAD:TCGA-49-6745-01,LUAD,LUAD,0.06,0.08,0.14,0.72
TCGA:LUAD:TCGA-49-6761-01,LUAD,LUAD,0.41,0.02,0.13,0.44
TCGA:LUAD:TCGA-49-6767-01,LUAD,LUAD,0.28,0.02,0.13,0.57
TCGA:LUAD:TCGA-49-AAQV-01,LUAD,LUAD,0.13,0.06,0.12,0.69
TCGA:LUAD:TCGA-49-AAR0-01,LUAD,LUAD,0.2,0.06,0.07,0.67
TCGA:LUAD:TCGA-49-AAR2-01,LUAD,LUAD,0.14,0.06,0.25,0.55
TCGA:LUAD:TCGA-49-AAR3-01,LUAD,LUAD,0.07,0.07,0.27,0.59
TCGA:LUAD:TCGA-49-AAR4-01,LUAD,LUAD,0.07,0.02,0.07,0.84
TCGA:LUAD:TCGA-49-AAR9-01,LUAD,LUAD,0.22,0.11,0.33,0.34
TCGA:LUAD:TCGA-49-AARE-01,LUAD,LUAD,0.11,0.09,0.31,0.49
TCGA:LUAD:TCGA-49-AARN-01,LUAD,LUAD,0.06,0.02,0.06,0.86
TCGA:LUAD:TCGA-49-AARO-01,LUAD,LUAD,0.08,0.04,0.08,0.8
TCGA:LUAD:TCGA-49-AARQ-01,LUAD,LUAD,0.23,0.1,0.33,0.34
TCGA:LUAD:TCGA-49-AARR-01,LUAD,LUAD,0.16,0.06,0.1,0.68
TCGA:LUAD:TCGA-4B-A93V-01,LUAD,LUAD,0.21,0.03,0.19,0.57
TCGA:LUAD:TCGA-50-5044-01,LUAD,LUAD,0.22,0.2,0.08,0.5
TCGA:LUAD:TCGA-50-5045-01,LUAD,LUAD,0.1,0.01,0.06,0.83
TCGA:LUAD:TCGA-50-5049-01,LUAD,LUAD,0.3,0.02,0.14,0.54
TCGA:LUAD:TCGA-50-5051-01,LUAD,LUAD,0.17,0.01,0.03,0.79
TCGA:LUAD:TCGA-50-5055-01,LUAD,LUAD,0.21,0.01,0.02,0.76
TCGA:LUAD:TCGA-50-5066-01,LUAD,LUAD,0.15,0.01,0.4,0.44
TCGA:LUAD:TCGA-50-5068-01,LUAD,LUAD,0.1,0.01,0.25,0.64
TCGA:LUAD:TCGA-50-5072-01,LUAD,LUAD,0.11,0.05,0.31,0.53
TCGA:LUAD:TCGA-50-5930-01,LUAD,LUAD,0.25,0.02,0.11,0.62
TCGA:LUAD:TCGA-50-5931-01,LUAD,LSCC,0.21,0.08,0.61,0.1
TCGA:LUAD:TCGA-50-5932-01,LUAD,LUAD,0.11,0.01,0.02,0.86
TCGA:LUAD:TCGA-50-5933-01,LUAD,LUAD,0.31,0.07,0.15,0.47
TCGA:LUAD:TCGA-50-5935-01,LUAD,LUAD,0.14,0.0,0.05,0.81
TCGA:LUAD:TCGA-50-5936-01,LUAD,LUAD,0.1,0.1,0.16,0.64
TCGA:LUAD:TCGA-50-5939-01,LUAD,LUAD,0.04,0.02,0.17,0.77
TCGA:LUAD:TCGA-50-5941-01,LUAD,LUAD,0.21,0.02,0.06,0.71
TCGA:LUAD:TCGA-50-5942-01,LUAD,LUAD,0.06,0.0,0.02,0.92
TCGA:LUAD:TCGA-50-5944-01,LUAD,LUAD,0.25,0.03,0.02,0.7
TCGA:LUAD:TCGA-50-5946-01,LUAD,BRCA,0.41,0.09,0.18,0.32
TCGA:LUAD:TCGA-50-6590-01,LUAD,LUAD,0.3,0.09,0.27,0.34
TCGA:LUAD:TCGA-50-6591-01,LUAD,BRCA,0.71,0.04,0.14,0.11
TCGA:LUAD:TCGA-50-6592-01,LUAD,LUAD,0.06,0.06,0.31,0.57
TCGA:LUAD:TCGA-50-6593-01,LUAD,LUAD,0.06,0.01,0.09,0.84
TCGA:LUAD:TCGA-50-6594-01,LUAD,LUAD,0.11,0.04,0.13,0.72
TCGA:LUAD:TCGA-50-6595-01,LUAD,LUAD,0.12,0.16,0.26,0.46
TCGA:LUAD:TCGA-50-6597-01,LUAD,LUAD,0.21,0.04,0.11,0.64
TCGA:LUAD:TCGA-50-6673-01,LUAD,LUAD,0.12,0.01,0.02,0.85
TCGA:LUAD:TCGA-50-7109-01,LUAD,LUAD,0.3,0.0,0.06,0.64
TCGA:LUAD:TCGA-50-8457-01,LUAD,LUAD,0.14,0.01,0.08,0.77
TCGA:LUAD:TCGA-50-8459-01,LUAD,LUAD,0.19,0.0,0.04,0.77
TCGA:LUAD:TCGA-50-8460-01,LUAD,LUAD,0.02,0.02,0.05,0.91
TCGA:LUAD:TCGA-53-7624-01,LUAD,LSCC,0.29,0.08,0.39,0.24
TCGA:LUAD:TCGA-53-7626-01,LUAD,LUAD,0.18,0.01,0.07,0.74
TCGA:LUAD:TCGA-53-7813-01,LUAD,LUAD,0.25,0.01,0.05,0.69
TCGA:LUAD:TCGA-53-A4EZ-01,LUAD,LUAD,0.08,0.04,0.32,0.56
TCGA:LUAD:TCGA-55-1592-01,LUAD,LUAD,0.2,0.0,0.04,0.76
TCGA:LUAD:TCGA-55-1594-01,LUAD,LUAD,0.26,0.02,0.23,0.49
TCGA:LUAD:TCGA-55-1595-01,LUAD,LUAD,0.36,0.01,0.09,0.54
TCGA:LUAD:TCGA-55-1596-01,LUAD,LUAD,0.19,0.06,0.26,0.49
TCGA:LUAD:TCGA-55-5899-01,LUAD,LUAD,0.13,0.13,0.24,0.5
TCGA:LUAD:TCGA-55-6543-01,LUAD,LUAD,0.14,0.0,0.06,0.8
TCGA:LUAD:TCGA-55-6642-01,LUAD,LUAD,0.26,0.01,0.1,0.63
TCGA:LUAD:TCGA-55-6712-01,LUAD,LUAD,0.23,0.06,0.14,0.57
TCGA:LUAD:TCGA-55-6968-01,LUAD,LUAD,0.28,0.05,0.31,0.36
TCGA:LUAD:TCGA-55-6969-01,LUAD,BRCA,0.49,0.03,0.17,0.31
TCGA:LUAD:TCGA-55-6970-01,LUAD,LUAD,0.14,0.01,0.09,0.76
TCGA:LUAD:TCGA-55-6971-01,LUAD,LUAD,0.04,0.01,0.18,0.77
TCGA:LUAD:TCGA-55-6972-01,LUAD,LUAD,0.36,0.06,0.03,0.55
TCGA:LUAD:TCGA-55-6975-01,LUAD,LUAD,0.2,0.04,0.19,0.57
TCGA:LUAD:TCGA-55-6978-01,LUAD,LUAD,0.14,0.02,0.06,0.78
TCGA:LUAD:TCGA-55-6979-01,LUAD,LUAD,0.28,0.0,0.08,0.64
TCGA:LUAD:TCGA-55-6980-01,LUAD,LUAD,0.07,0.01,0.07,0.85
TCGA:LUAD:TCGA-55-6981-01,LUAD,LUAD,0.06,0.0,0.01,0.93
TCGA:LUAD:TCGA-55-6982-01,LUAD,LUAD,0.01,0.01,0.02,0.96
TCGA:LUAD:TCGA-55-6983-01,LUAD,LUAD,0.33,0.0,0.04,0.63
TCGA:LUAD:TCGA-55-6984-01,LUAD,LUAD,0.01,0.08,0.04,0.87
TCGA:LUAD:TCGA-55-6985-01,LUAD,LUAD,0.04,0.0,0.04,0.92
TCGA:LUAD:TCGA-55-6986-01,LUAD,LUAD,0.23,0.06,0.05,0.66
TCGA:LUAD:TCGA-55-6987-01,LUAD,LUAD,0.18,0.01,0.08,0.73
TCGA:LUAD:TCGA-55-7227-01,LUAD,LUAD,0.02,0.0,0.04,0.94
TCGA:LUAD:TCGA-55-7281-01,LUAD,LUAD,0.13,0.07,0.09,0.71
TCGA:LUAD:TCGA-55-7283-01,LUAD,LUAD,0.1,0.0,0.02,0.88
TCGA:LUAD:TCGA-55-7284-01,LUAD,LUAD,0.04,0.0,0.03,0.93
TCGA:LUAD:TCGA-55-7570-01,LUAD,LSCC,0.11,0.03,0.48,0.38
TCGA:LUAD:TCGA-55-7573-01,LUAD,LUAD,0.09,0.0,0.08,0.83
TCGA:LUAD:TCGA-55-7574-01,LUAD,LUAD,0.14,0.02,0.11,0.73
TCGA:LUAD:TCGA-55-7576-01,LUAD,LUAD,0.15,0.01,0.01,0.83
TCGA:LUAD:TCGA-55-7724-01,LUAD,LSCC,0.21,0.06,0.4,0.33
TCGA:LUAD:TCGA-55-7725-01,LUAD,LUAD,0.3,0.01,0.05,0.64
TCGA:LUAD:TCGA-55-7726-01,LUAD,LSCC,0.32,0.12,0.34,0.22
TCGA:LUAD:TCGA-55-7727-01,LUAD,LUAD,0.25,0.02,0.09,0.64
TCGA:LUAD:TCGA-55-7728-01,LUAD,LUAD,0.13,0.05,0.12,0.7
TCGA:LUAD:TCGA-55-7815-01,LUAD,LUAD,0.27,0.02,0.08,0.63
TCGA:LUAD:TCGA-55-7816-01,LUAD,LUAD,0.17,0.03,0.07,0.73
TCGA:LUAD:TCGA-55-7903-01,LUAD,LUAD,0.15,0.04,0.11,0.7
TCGA:LUAD:TCGA-55-7907-01,LUAD,LUAD,0.05,0.0,0.05,0.9
TCGA:LUAD:TCGA-55-7910-01,LUAD,LUAD,0.27,0.04,0.09,0.6
TCGA:LUAD:TCGA-55-7911-01,LUAD,LUAD,0.08,0.01,0.05,0.86
TCGA:LUAD:TCGA-55-7913-01,LUAD,LUAD,0.18,0.01,0.11,0.7
TCGA:LUAD:TCGA-55-7914-01,LUAD,LUAD,0.12,0.02,0.04,0.82
TCGA:LUAD:TCGA-55-7994-01,LUAD,LUAD,0.21,0.03,0.09,0.67
TCGA:LUAD:TCGA-55-7995-01,LUAD,LUAD,0.18,0.14,0.28,0.4
TCGA:LUAD:TCGA-55-8085-01,LUAD,LUAD,0.08,0.02,0.13,0.77
TCGA:LUAD:TCGA-55-8087-01,LUAD,LUAD,0.17,0.0,0.02,0.81
TCGA:LUAD:TCGA-55-8089-01,LUAD,LUAD,0.05,0.02,0.2,0.73
TCGA:LUAD:TCGA-55-8090-01,LUAD,LUAD,0.04,0.03,0.06,0.87
TCGA:LUAD:TCGA-55-8091-01,LUAD,LUAD,0.02,0.0,0.02,0.96
TCGA:LUAD:TCGA-55-8092-01,LUAD,LUAD,0.4,0.01,0.17,0.42
TCGA:LUAD:TCGA-55-8094-01,LUAD,LUAD,0.28,0.02,0.1,0.6
TCGA:LUAD:TCGA-55-8096-01,LUAD,LUAD,0.09,0.02,0.05,0.84
TCGA:LUAD:TCGA-55-8097-01,LUAD,LUAD,0.17,0.01,0.04,0.78
TCGA:LUAD:TCGA-55-8203-01,LUAD,LUAD,0.06,0.0,0.04,0.9
TCGA:LUAD:TCGA-55-8204-01,LUAD,LSCC,0.02,0.15,0.7,0.13
TCGA:LUAD:TCGA-55-8205-01,LUAD,LUAD,0.24,0.03,0.23,0.5
TCGA:LUAD:TCGA-55-8206-01,LUAD,LUAD,0.12,0.0,0.03,0.85
TCGA:LUAD:TCGA-55-8207-01,LUAD,LUAD,0.03,0.0,0.01,0.96
TCGA:LUAD:TCGA-55-8208-01,LUAD,LUAD,0.04,0.02,0.17,0.77
TCGA:LUAD:TCGA-55-8299-01,LUAD,LUAD,0.06,0.0,0.06,0.88
TCGA:LUAD:TCGA-55-8301-01,LUAD,LUAD,0.18,0.01,0.12,0.69
TCGA:LUAD:TCGA-55-8302-01,LUAD,LUAD,0.07,0.05,0.17,0.71
TCGA:LUAD:TCGA-55-8505-01,LUAD,LUAD,0.07,0.09,0.16,0.68
TCGA:LUAD:TCGA-55-8506-01,LUAD,LUAD,0.06,0.04,0.1,0.8
TCGA:LUAD:TCGA-55-8507-01,LUAD,LUAD,0.08,0.04,0.09,0.79
TCGA:LUAD:TCGA-55-8508-01,LUAD,LUAD,0.18,0.01,0.08,0.73
TCGA:LUAD:TCGA-55-8510-01,LUAD,LUAD,0.01,0.01,0.05,0.93
TCGA:LUAD:TCGA-55-8511-01,LUAD,LUAD,0.17,0.05,0.14,0.64
TCGA:LUAD:TCGA-55-8512-01,LUAD,LUAD,0.1,0.03,0.05,0.82
TCGA:LUAD:TCGA-55-8513-01,LUAD,LUAD,0.11,0.01,0.04,0.84
TCGA:LUAD:TCGA-55-8514-01,LUAD,LUAD,0.13,0.03,0.09,0.75
TCGA:LUAD:TCGA-55-8614-01,LUAD,LSCC,0.04,0.23,0.58,0.15
TCGA:LUAD:TCGA-55-8615-01,LUAD,LUAD,0.26,0.02,0.07,0.65
TCGA:LUAD:TCGA-55-8616-01,LUAD,LUAD,0.16,0.03,0.05,0.76
TCGA:LUAD:TCGA-55-8619-01,LUAD,LUAD,0.03,0.0,0.01,0.96
TCGA:LUAD:TCGA-55-8620-01,LUAD,LUAD,0.28,0.09,0.29,0.34
TCGA:LUAD:TCGA-55-8621-01,LUAD,LUAD,0.01,0.0,0.03,0.96
TCGA:LUAD:TCGA-55-A48X-01,LUAD,LUAD,0.05,0.0,0.0,0.95
TCGA:LUAD:TCGA-55-A48Y-01,LUAD,LUAD,0.22,0.0,0.17,0.61
TCGA:LUAD:TCGA-55-A48Z-01,LUAD,LUAD,0.14,0.01,0.15,0.7
TCGA:LUAD:TCGA-55-A490-01,LUAD,LUAD,0.19,0.08,0.2,0.53
TCGA:LUAD:TCGA-55-A491-01,LUAD,LUAD,0.24,0.03,0.1,0.63
TCGA:LUAD:TCGA-55-A492-01,LUAD,LUAD,0.12,0.03,0.05,0.8
TCGA:LUAD:TCGA-55-A493-01,LUAD,LUAD,0.1,0.14,0.32,0.44
TCGA:LUAD:TCGA-55-A494-01,LUAD,LUAD,0.04,0.0,0.06,0.9
TCGA:LUAD:TCGA-55-A4DF-01,LUAD,LSCC,0.19,0.01,0.4,0.4
TCGA:LUAD:TCGA-55-A4DG-01,LUAD,LUAD,0.26,0.01,0.03,0.7
TCGA:LUAD:TCGA-55-A57B-01,LUAD,LUAD,0.12,0.03,0.06,0.79
TCGA:LUAD:TCGA-62-8394-01,LUAD,LUAD,0.09,0.07,0.21,0.63
TCGA:LUAD:TCGA-62-8395-01,LUAD,LUAD,0.06,0.0,0.04,0.9
TCGA:LUAD:TCGA-62-8397-01,LUAD,LUAD,0.02,0.02,0.02,0.94
TCGA:LUAD:TCGA-62-8398-01,LUAD,LUAD,0.06,0.04,0.17,0.73
TCGA:LUAD:TCGA-62-8399-01,LUAD,LUAD,0.2,0.01,0.17,0.62
TCGA:LUAD:TCGA-62-8402-01,LUAD,LUAD,0.25,0.06,0.13,0.56
TCGA:LUAD:TCGA-62-A46O-01,LUAD,LUAD,0.36,0.06,0.15,0.43
TCGA:LUAD:TCGA-62-A46P-01,LUAD,LUAD,0.12,0.01,0.02,0.85
TCGA:LUAD:TCGA-62-A46R-01,LUAD,LUAD,0.05,0.0,0.06,0.89
TCGA:LUAD:TCGA-62-A46S-01,LUAD,LUAD,0.12,0.0,0.03,0.85
TCGA:LUAD:TCGA-62-A46U-01,LUAD,LUAD,0.14,0.05,0.23,0.58
TCGA:LUAD:TCGA-62-A46V-01,LUAD,LUAD,0.03,0.01,0.0,0.96
TCGA:LUAD:TCGA-62-A46Y-01,LUAD,LUAD,0.04,0.0,0.03,0.93
TCGA:LUAD:TCGA-62-A470-01,LUAD,LUAD,0.05,0.01,0.06,0.88
TCGA:LUAD:TCGA-62-A471-01,LUAD,LUAD,0.06,0.09,0.3,0.55
TCGA:LUAD:TCGA-62-A472-01,LUAD,LUAD,0.16,0.02,0.12,0.7
TCGA:LUAD:TCGA-64-1676-01,LUAD,LUAD,0.08,0.02,0.06,0.84
TCGA:LUAD:TCGA-64-1677-01,LUAD,LUAD,0.24,0.03,0.14,0.59
TCGA:LUAD:TCGA-64-1678-01,LUAD,LUAD,0.18,0.11,0.34,0.37
TCGA:LUAD:TCGA-64-1679-01,LUAD,LUAD,0.09,0.02,0.17,0.72
TCGA:LUAD:TCGA-64-1680-01,LUAD,LUAD,0.07,0.01,0.04,0.88
TCGA:LUAD:TCGA-64-1681-01,LUAD,LUAD,0.05,0.01,0.04,0.9
TCGA:LUAD:TCGA-64-5774-01,LUAD,LUAD,0.2,0.03,0.17,0.6
TCGA:LUAD:TCGA-64-5775-01,LUAD,BRCA,0.45,0.09,0.14,0.32
TCGA:LUAD:TCGA-64-5778-01,LUAD,LUAD,0.23,0.01,0.11,0.65
TCGA:LUAD:TCGA-64-5779-01,LUAD,LUAD,0.25,0.01,0.22,0.52
TCGA:LUAD:TCGA-64-5781-01,LUAD,LUAD,0.15,0.06,0.21,0.58
TCGA:LUAD:TCGA-64-5815-01,LUAD,LUAD,0.06,0.03,0.12,0.79
TCGA:LUAD:TCGA-67-3770-01,LUAD,LUAD,0.06,0.01,0.11,0.82
TCGA:LUAD:TCGA-67-3771-01,LUAD,LUAD,0.05,0.05,0.21,0.69
TCGA:LUAD:TCGA-67-3772-01,LUAD,LUAD,0.11,0.01,0.1,0.78
TCGA:LUAD:TCGA-67-3773-01,LUAD,LUAD,0.09,0.01,0.03,0.87
TCGA:LUAD:TCGA-67-3774-01,LUAD,LUAD,0.01,0.02,0.07,0.9
TCGA:LUAD:TCGA-67-4679-01,LUAD,LUAD,0.1,0.0,0.03,0.87
TCGA:LUAD:TCGA-67-6215-01,LUAD,LUAD,0.06,0.01,0.01,0.92
TCGA:LUAD:TCGA-67-6216-01,LUAD,LUAD,0.03,0.04,0.03,0.9
TCGA:LUAD:TCGA-67-6217-01,LUAD,LUAD,0.03,0.02,0.01,0.94
TCGA:LUAD:TCGA-69-7760-01,LUAD,LUAD,0.22,0.05,0.18,0.55
TCGA:LUAD:TCGA-69-7761-01,LUAD,LUAD,0.19,0.02,0.11,0.68
TCGA:LUAD:TCGA-69-7763-01,LUAD,LUAD,0.07,0.01,0.03,0.89
TCGA:LUAD:TCGA-69-7764-01,LUAD,LUAD,0.1,0.0,0.04,0.86
TCGA:LUAD:TCGA-69-7765-01,LUAD,LUAD,0.12,0.0,0.01,0.87
TCGA:LUAD:TCGA-69-7973-01,LUAD,LUAD,0.11,0.05,0.13,0.71
TCGA:LUAD:TCGA-69-7974-01,LUAD,LUAD,0.03,0.06,0.06,0.85
TCGA:LUAD:TCGA-69-7978-01,LUAD,LUAD,0.07,0.01,0.07,0.85
TCGA:LUAD:TCGA-69-7979-01,LUAD,LUAD,0.35,0.03,0.18,0.44
TCGA:LUAD:TCGA-69-7980-01,LUAD,LUAD,0.11,0.04,0.09,0.76
TCGA:LUAD:TCGA-69-8253-01,LUAD,LUAD,0.1,0.1,0.07,0.73
TCGA:LUAD:TCGA-69-8254-01,LUAD,LUAD,0.02,0.03,0.08,0.87
TCGA:LUAD:TCGA-69-8255-01,LUAD,LUAD,0.3,0.06,0.31,0.33
TCGA:LUAD:TCGA-69-8453-01,LUAD,LUAD,0.1,0.03,0.14,0.73
TCGA:LUAD:TCGA-69-A59K-01,LUAD,LUAD,0.24,0.02,0.14,0.6
TCGA:LUAD:TCGA-71-6725-01,LUAD,LUAD,0.15,0.05,0.09,0.71
TCGA:LUAD:TCGA-71-8520-01,LUAD,LUAD,0.06,0.01,0.04,0.89
TCGA:LUAD:TCGA-73-4658-01,LUAD,LUAD,0.05,0.0,0.11,0.84
TCGA:LUAD:TCGA-73-4659-01,LUAD,LUAD,0.07,0.08,0.1,0.75
TCGA:LUAD:TCGA-73-4662-01,LUAD,LUAD,0.11,0.0,0.03,0.86
TCGA:LUAD:TCGA-73-4666-01,LUAD,LUAD,0.05,0.09,0.26,0.6
TCGA:LUAD:TCGA-73-4668-01,LUAD,LUAD,0.09,0.03,0.04,0.84
TCGA:LUAD:TCGA-73-4670-01,LUAD,LSCC,0.13,0.09,0.39,0.39
TCGA:LUAD:TCGA-73-4675-01,LUAD,LUAD,0.16,0.05,0.05,0.74
TCGA:LUAD:TCGA-73-4676-01,LUAD,LUAD,0.05,0.01,0.21,0.73
TCGA:LUAD:TCGA-73-4677-01,LUAD,LUAD,0.07,0.04,0.03,0.86
TCGA:LUAD:TCGA-73-7498-01,LUAD,LUAD,0.02,0.0,0.0,0.98
TCGA:LUAD:TCGA-73-7499-01,LUAD,LUAD,0.21,0.03,0.19,0.57
TCGA:LUAD:TCGA-73-A9RS-01,LUAD,BRCA,0.57,0.04,0.1,0.29
TCGA:LUAD:TCGA-75-5122-01,LUAD,LUAD,0.17,0.03,0.15,0.65
TCGA:LUAD:TCGA-75-5125-01,LUAD,LUAD,0.3,0.04,0.08,0.58
TCGA:LUAD:TCGA-75-5126-01,LUAD,LUAD,0.11,0.01,0.17,0.71
TCGA:LUAD:TCGA-75-5146-01,LUAD,LUAD,0.19,0.0,0.08,0.73
TCGA:LUAD:TCGA-75-5147-01,LUAD,LUAD,0.08,0.01,0.26,0.65
TCGA:LUAD:TCGA-75-6203-01,LUAD,LUAD,0.13,0.0,0.03,0.84
TCGA:LUAD:TCGA-75-6205-01,LUAD,LUAD,0.07,0.04,0.11,0.78
TCGA:LUAD:TCGA-75-6206-01,LUAD,LUAD,0.08,0.0,0.01,0.91
TCGA:LUAD:TCGA-75-6207-01,LUAD,LUAD,0.41,0.04,0.1,0.45
TCGA:LUAD:TCGA-75-6211-01,LUAD,LUAD,0.22,0.03,0.25,0.5
TCGA:LUAD:TCGA-75-6212-01,LUAD,LUAD,0.02,0.02,0.05,0.91
TCGA:LUAD:TCGA-75-6214-01,LUAD,HNSCC,0.16,0.4,0.34,0.1
TCGA:LUAD:TCGA-75-7025-01,LUAD,LUAD,0.02,0.02,0.13,0.83
TCGA:LUAD:TCGA-75-7027-01,LUAD,LUAD,0.08,0.06,0.23,0.63
TCGA:LUAD:TCGA-75-7030-01,LUAD,LUAD,0.05,0.01,0.12,0.82
TCGA:LUAD:TCGA-75-7031-01,LUAD,LUAD,0.29,0.03,0.17,0.51
TCGA:LUAD:TCGA-78-7143-01,LUAD,LUAD,0.26,0.03,0.1,0.61
TCGA:LUAD:TCGA-78-7145-01,LUAD,LUAD,0.19,0.03,0.03,0.75
TCGA:LUAD:TCGA-78-7146-01,LUAD,LUAD,0.25,0.05,0.18,0.52
TCGA:LUAD:TCGA-78-7147-01,LUAD,LUAD,0.09,0.02,0.07,0.82
TCGA:LUAD:TCGA-78-7148-01,LUAD,LUAD,0.09,0.02,0.08,0.81
TCGA:LUAD:TCGA-78-7149-01,LUAD,LUAD,0.03,0.02,0.01,0.94
TCGA:LUAD:TCGA-78-7150-01,LUAD,LUAD,0.14,0.13,0.24,0.49
TCGA:LUAD:TCGA-78-7152-01,LUAD,LUAD,0.18,0.01,0.05,0.76
TCGA:LUAD:TCGA-78-7153-01,LUAD,LUAD,0.3,0.01,0.06,0.63
TCGA:LUAD:TCGA-78-7154-01,LUAD,LUAD,0.15,0.07,0.31,0.47
TCGA:LUAD:TCGA-78-7155-01,LUAD,BRCA,0.58,0.06,0.15,0.21
TCGA:LUAD:TCGA-78-7156-01,LUAD,LUAD,0.12,0.0,0.01,0.87
TCGA:LUAD:TCGA-78-7158-01,LUAD,LUAD,0.34,0.01,0.03,0.62
TCGA:LUAD:TCGA-78-7159-01,LUAD,LUAD,0.16,0.01,0.08,0.75
TCGA:LUAD:TCGA-78-7160-01,LUAD,LUAD,0.06,0.0,0.08,0.86
TCGA:LUAD:TCGA-78-7161-01,LUAD,LUAD,0.2,0.0,0.02,0.78
TCGA:LUAD:TCGA-78-7162-01,LUAD,LUAD,0.06,0.02,0.0,0.92
TCGA:LUAD:TCGA-78-7163-01,LUAD,LUAD,0.21,0.04,0.06,0.69
TCGA:LUAD:TCGA-78-7166-01,LUAD,LUAD,0.18,0.06,0.19,0.57
TCGA:LUAD:TCGA-78-7167-01,LUAD,LUAD,0.08,0.0,0.02,0.9
TCGA:LUAD:TCGA-78-7220-01,LUAD,LUAD,0.22,0.05,0.19,0.54
TCGA:LUAD:TCGA-78-7535-01,LUAD,LUAD,0.17,0.06,0.15,0.62
TCGA:LUAD:TCGA-78-7536-01,LUAD,BRCA,0.45,0.03,0.18,0.34
TCGA:LUAD:TCGA-78-7537-01,LUAD,LUAD,0.05,0.0,0.01,0.94
TCGA:LUAD:TCGA-78-7539-01,LUAD,LUAD,0.1,0.02,0.06,0.82
TCGA:LUAD:TCGA-78-7540-01,LUAD,LUAD,0.03,0.02,0.01,0.94
TCGA:LUAD:TCGA-78-7542-01,LUAD,BRCA,0.3,0.17,0.3,0.23
TCGA:LUAD:TCGA-78-7633-01,LUAD,LUAD,0.06,0.0,0.03,0.91
TCGA:LUAD:TCGA-78-8640-01,LUAD,LUAD,0.1,0.17,0.28,0.45
TCGA:LUAD:TCGA-78-8648-01,LUAD,LUAD,0.21,0.01,0.09,0.69
TCGA:LUAD:TCGA-78-8655-01,LUAD,LUAD,0.13,0.01,0.01,0.85
TCGA:LUAD:TCGA-78-8660-01,LUAD,LUAD,0.08,0.02,0.25,0.65
TCGA:LUAD:TCGA-78-8662-01,LUAD,LUAD,0.34,0.08,0.21,0.37
TCGA:LUAD:TCGA-80-5607-01,LUAD,LUAD,0.08,0.12,0.1,0.7
TCGA:LUAD:TCGA-80-5608-01,LUAD,LUAD,0.02,0.0,0.05,0.93
TCGA:LUAD:TCGA-80-5611-01,LUAD,LUAD,0.31,0.05,0.25,0.39
TCGA:LUAD:TCGA-83-5908-01,LUAD,LUAD,0.16,0.1,0.21,0.53
TCGA:LUAD:TCGA-86-6562-01,LUAD,LUAD,0.09,0.05,0.06,0.8
TCGA:LUAD:TCGA-86-6851-01,LUAD,LUAD,0.33,0.02,0.17,0.48
TCGA:LUAD:TCGA-86-7701-01,LUAD,LUAD,0.2,0.03,0.21,0.56
TCGA:LUAD:TCGA-86-7711-01,LUAD,LUAD,0.24,0.04,0.09,0.63
TCGA:LUAD:TCGA-86-7713-01,LUAD,BRCA,0.5,0.07,0.11,0.32
TCGA:LUAD:TCGA-86-7714-01,LUAD,LUAD,0.07,0.06,0.19,0.68
TCGA:LUAD:TCGA-86-7953-01,LUAD,LUAD,0.24,0.02,0.15,0.59
TCGA:LUAD:TCGA-86-7954-01,LUAD,LUAD,0.34,0.03,0.13,0.5
TCGA:LUAD:TCGA-86-7955-01,LUAD,BRCA,0.58,0.04,0.13,0.25
TCGA:LUAD:TCGA-86-8054-01,LUAD,LUAD,0.32,0.08,0.17,0.43
TCGA:LUAD:TCGA-86-8055-01,LUAD,LUAD,0.11,0.01,0.12,0.76
TCGA:LUAD:TCGA-86-8056-01,LUAD,LUAD,0.07,0.0,0.04,0.89
TCGA:LUAD:TCGA-86-8073-01,LUAD,LUAD,0.17,0.04,0.16,0.63
TCGA:LUAD:TCGA-86-8074-01,LUAD,LUAD,0.21,0.04,0.18,0.57
TCGA:LUAD:TCGA-86-8075-01,LUAD,LUAD,0.32,0.02,0.1,0.56
TCGA:LUAD:TCGA-86-8076-01,LUAD,LUAD,0.14,0.01,0.03,0.82
TCGA:LUAD:TCGA-86-8278-01,LUAD,LUAD,0.14,0.09,0.08,0.69
TCGA:LUAD:TCGA-86-8279-01,LUAD,BRCA,0.42,0.07,0.1,0.41
TCGA:LUAD:TCGA-86-8280-01,LUAD,LUAD,0.05,0.0,0.01,0.94
TCGA:LUAD:TCGA-86-8281-01,LUAD,LUAD,0.0,0.0,0.0,1.0
TCGA:LUAD:TCGA-86-8358-01,LUAD,BRCA,0.38,0.04,0.25,0.33
TCGA:LUAD:TCGA-86-8359-01,LUAD,LUAD,0.04,0.02,0.03,0.91
TCGA:LUAD:TCGA-86-8585-01,LUAD,LUAD,0.31,0.07,0.18,0.44
TCGA:LUAD:TCGA-86-8668-01,LUAD,LUAD,0.22,0.06,0.07,0.65
TCGA:LUAD:TCGA-86-8669-01,LUAD,LUAD,0.15,0.03,0.08,0.74
TCGA:LUAD:TCGA-86-8671-01,LUAD,LUAD,0.13,0.01,0.15,0.71
TCGA:LUAD:TCGA-86-8672-01,LUAD,LUAD,0.1,0.02,0.15,0.73
TCGA:LUAD:TCGA-86-8673-01,LUAD,LUAD,0.24,0.03,0.1,0.63
TCGA:LUAD:TCGA-86-8674-01,LUAD,LUAD,0.12,0.06,0.09,0.73
TCGA:LUAD:TCGA-86-A456-01,LUAD,LUAD,0.02,0.01,0.01,0.96
TCGA:LUAD:TCGA-86-A4D0-01,LUAD,LUAD,0.31,0.02,0.31,0.36
TCGA:LUAD:TCGA-86-A4JF-01,LUAD,LUAD,0.13,0.03,0.12,0.72
TCGA:LUAD:TCGA-86-A4P7-01,LUAD,LUAD,0.14,0.03,0.07,0.76
TCGA:LUAD:TCGA-86-A4P8-01,LUAD,LUAD,0.16,0.01,0.15,0.68
TCGA:LUAD:TCGA-91-6828-01,LUAD,LUAD,0.19,0.02,0.07,0.72
TCGA:LUAD:TCGA-91-6829-01,LUAD,LUAD,0.3,0.04,0.09,0.57
TCGA:LUAD:TCGA-91-6830-01,LUAD,LUAD,0.04,0.02,0.05,0.89
TCGA:LUAD:TCGA-91-6831-01,LUAD,BRCA,0.45,0.0,0.17,0.38
TCGA:LUAD:TCGA-91-6835-01,LUAD,LUAD,0.27,0.02,0.13,0.58
TCGA:LUAD:TCGA-91-6836-01,LUAD,LUAD,0.35,0.04,0.18,0.43
TCGA:LUAD:TCGA-91-6840-01,LUAD,LUAD,0.34,0.04,0.17,0.45
TCGA:LUAD:TCGA-91-6847-01,LUAD,BRCA,0.64,0.06,0.11,0.19
TCGA:LUAD:TCGA-91-6848-01,LUAD,BRCA,0.42,0.12,0.29,0.17
TCGA:LUAD:TCGA-91-6849-01,LUAD,LUAD,0.06,0.02,0.05,0.87
TCGA:LUAD:TCGA-91-7771-01,LUAD,LUAD,0.18,0.01,0.02,0.79
TCGA:LUAD:TCGA-91-8496-01,LUAD,LUAD,0.07,0.01,0.06,0.86
TCGA:LUAD:TCGA-91-8497-01,LUAD,LUAD,0.2,0.0,0.04,0.76
TCGA:LUAD:TCGA-91-8499-01,LUAD,BRCA,0.59,0.03,0.27,0.11
TCGA:LUAD:TCGA-91-A4BC-01,LUAD,LUAD,0.18,0.0,0.15,0.67
TCGA:LUAD:TCGA-91-A4BD-01,LUAD,LUAD,0.09,0.0,0.02,0.89
TCGA:LUAD:TCGA-93-7347-01,LUAD,LUAD,0.01,0.0,0.03,0.96
TCGA:LUAD:TCGA-93-7348-01,LUAD,LUAD,0.05,0.02,0.03,0.9
TCGA:LUAD:TCGA-93-8067-01,LUAD,LUAD,0.2,0.11,0.19,0.5
TCGA:LUAD:TCGA-93-A4JN-01,LUAD,LUAD,0.16,0.03,0.15,0.66
TCGA:LUAD:TCGA-93-A4JO-01,LUAD,LUAD,0.19,0.02,0.04,0.75
TCGA:LUAD:TCGA-93-A4JP-01,LUAD,LUAD,0.47,0.0,0.04,0.49
TCGA:LUAD:TCGA-93-A4JQ-01,LUAD,LUAD,0.06,0.05,0.1,0.79
TCGA:LUAD:TCGA-95-7039-01,LUAD,LUAD,0.07,0.01,0.04,0.88
TCGA:LUAD:TCGA-95-7043-01,LUAD,LUAD,0.15,0.02,0.23,0.6
TCGA:LUAD:TCGA-95-7562-01,LUAD,BRCA,0.5,0.05,0.14,0.31
TCGA:LUAD:TCGA-95-7567-01,LUAD,LUAD,0.12,0.05,0.06,0.77
TCGA:LUAD:TCGA-95-7944-01,LUAD,BRCA,0.44,0.18,0.16,0.22
TCGA:LUAD:TCGA-95-7947-01,LUAD,BRCA,0.54,0.04,0.08,0.34
TCGA:LUAD:TCGA-95-7948-01,LUAD,LUAD,0.28,0.03,0.06,0.63
TCGA:LUAD:TCGA-95-8039-01,LUAD,LUAD,0.03,0.01,0.03,0.93
TCGA:LUAD:TCGA-95-8494-01,LUAD,LUAD,0.19,0.04,0.07,0.7
TCGA:LUAD:TCGA-95-A4VK-01,LUAD,LUAD,0.08,0.07,0.06,0.79
TCGA:LUAD:TCGA-95-A4VN-01,LUAD,LUAD,0.1,0.04,0.17,0.69
TCGA:LUAD:TCGA-95-A4VP-01,LUAD,LUAD,0.14,0.01,0.11,0.74
TCGA:LUAD:TCGA-97-7546-01,LUAD,LUAD,0.28,0.0,0.07,0.65
TCGA:LUAD:TCGA-97-7547-01,LUAD,LUAD,0.03,0.01,0.08,0.88
TCGA:LUAD:TCGA-97-7552-01,LUAD,LUAD,0.18,0.06,0.06,0.7
TCGA:LUAD:TCGA-97-7553-01,LUAD,LUAD,0.05,0.01,0.11,0.83
TCGA:LUAD:TCGA-97-7554-01,LUAD,LUAD,0.14,0.04,0.05,0.77
TCGA:LUAD:TCGA-97-7937-01,LUAD,LUAD,0.21,0.01,0.12,0.66
TCGA:LUAD:TCGA-97-7938-01,LUAD,LUAD,0.06,0.0,0.09,0.85
TCGA:LUAD:TCGA-97-7941-01,LUAD,LUAD,0.06,0.03,0.09,0.82
TCGA:LUAD:TCGA-97-8171-01,LUAD,LUAD,0.25,0.01,0.05,0.69
TCGA:LUAD:TCGA-97-8172-01,LUAD,LUAD,0.19,0.03,0.08,0.7
TCGA:LUAD:TCGA-97-8174-01,LUAD,LUAD,0.18,0.0,0.02,0.8
TCGA:LUAD:TCGA-97-8175-01,LUAD,LUAD,0.06,0.02,0.08,0.84
TCGA:LUAD:TCGA-97-8176-01,LUAD,LUAD,0.12,0.05,0.22,0.61
TCGA:LUAD:TCGA-97-8177-01,LUAD,LUAD,0.04,0.0,0.01,0.95
TCGA:LUAD:TCGA-97-8179-01,LUAD,LUAD,0.05,0.0,0.06,0.89
TCGA:LUAD:TCGA-97-8547-01,LUAD,LUAD,0.03,0.03,0.04,0.9
TCGA:LUAD:TCGA-97-8552-01,LUAD,LUAD,0.03,0.0,0.01,0.96
TCGA:LUAD:TCGA-97-A4LX-01,LUAD,LUAD,0.04,0.03,0.03,0.9
TCGA:LUAD:TCGA-97-A4M0-01,LUAD,LUAD,0.13,0.01,0.04,0.82
TCGA:LUAD:TCGA-97-A4M1-01,LUAD,LUAD,0.15,0.01,0.03,0.81
TCGA:LUAD:TCGA-97-A4M2-01,LUAD,LUAD,0.07,0.0,0.08,0.85
TCGA:LUAD:TCGA-97-A4M3-01,LUAD,LUAD,0.11,0.03,0.08,0.78
TCGA:LUAD:TCGA-97-A4M5-01,LUAD,LUAD,0.07,0.03,0.02,0.88
TCGA:LUAD:TCGA-97-A4M6-01,LUAD,LUAD,0.01,0.02,0.05,0.92
TCGA:LUAD:TCGA-97-A4M7-01,LUAD,LUAD,0.1,0.0,0.04,0.86
TCGA:LUAD:TCGA-99-7458-01,LUAD,LUAD,0.09,0.01,0.03,0.87
TCGA:LUAD:TCGA-99-8025-01,LUAD,LUAD,0.03,0.01,0.03,0.93
TCGA:LUAD:TCGA-99-8028-01,LUAD,LUAD,0.09,0.03,0.12,0.76
TCGA:LUAD:TCGA-99-8032-01,LUAD,LUAD,0.21,0.02,0.07,0.7
TCGA:LUAD:TCGA-99-8033-01,LUAD,LUAD,0.06,0.07,0.25,0.62
TCGA:LUAD:TCGA-99-AA5R-01,LUAD,LUAD,0.19,0.01,0.11,0.69
TCGA:LUAD:TCGA-J2-8192-01,LUAD,LUAD,0.0,0.0,0.06,0.94
TCGA:LUAD:TCGA-J2-8194-01,LUAD,LUAD,0.16,0.0,0.05,0.79
TCGA:LUAD:TCGA-J2-A4AD-01,LUAD,LUAD,0.1,0.02,0.09,0.79
TCGA:LUAD:TCGA-J2-A4AE-01,LUAD,LUAD,0.1,0.06,0.12,0.72
TCGA:LUAD:TCGA-J2-A4AG-01,LUAD,LUAD,0.17,0.01,0.01,0.81
TCGA:LUAD:TCGA-L4-A4E5-01,LUAD,LUAD,0.19,0.05,0.08,0.68
TCGA:LUAD:TCGA-L4-A4E6-01,LUAD,LUAD,0.17,0.02,0.06,0.75
TCGA:LUAD:TCGA-L9-A443-01,LUAD,LUAD,0.04,0.03,0.04,0.89
TCGA:LUAD:TCGA-L9-A444-01,LUAD,LUAD,0.11,0.01,0.02,0.86
TCGA:LUAD:TCGA-L9-A50W-01,LUAD,LUAD,0.05,0.03,0.04,0.88
TCGA:LUAD:TCGA-L9-A5IP-01,LUAD,LUAD,0.08,0.06,0.25,0.61
TCGA:LUAD:TCGA-L9-A743-01,LUAD,LUAD,0.03,0.03,0.06,0.88
TCGA:LUAD:TCGA-L9-A7SV-01,LUAD,LUAD,0.19,0.0,0.09,0.72
TCGA:LUAD:TCGA-L9-A8F4-01,LUAD,LUAD,0.28,0.02,0.14,0.56
TCGA:LUAD:TCGA-MN-A4N1-01,LUAD,LUAD,0.14,0.05,0.11,0.7
TCGA:LUAD:TCGA-MN-A4N4-01,LUAD,LUAD,0.23,0.03,0.12,0.62
TCGA:LUAD:TCGA-MN-A4N5-01,LUAD,LUAD,0.12,0.06,0.07,0.75
TCGA:LUAD:TCGA-MP-A4SV-01,LUAD,LUAD,0.04,0.02,0.18,0.76
TCGA:LUAD:TCGA-MP-A4SW-01,LUAD,LUAD,0.03,0.0,0.02,0.95
TCGA:LUAD:TCGA-MP-A4SY-01,LUAD,LUAD,0.07,0.02,0.04,0.87
TCGA:LUAD:TCGA-MP-A4T4-01,LUAD,LUAD,0.06,0.0,0.11,0.83
TCGA:LUAD:TCGA-MP-A4T6-01,LUAD,LUAD,0.1,0.01,0.07,0.82
TCGA:LUAD:TCGA-MP-A4T7-01,LUAD,LUAD,0.08,0.01,0.07,0.84
TCGA:LUAD:TCGA-MP-A4T8-01,LUAD,LUAD,0.24,0.02,0.03,0.71
TCGA:LUAD:TCGA-MP-A4T9-01,LUAD,LUAD,0.02,0.0,0.02,0.96
TCGA:LUAD:TCGA-MP-A4TA-01,LUAD,LUAD,0.11,0.03,0.3,0.56
TCGA:LUAD:TCGA-MP-A4TC-01,LUAD,LUAD,0.1,0.02,0.14,0.74
TCGA:LUAD:TCGA-MP-A4TD-01,LUAD,LUAD,0.04,0.03,0.03,0.9
TCGA:LUAD:TCGA-MP-A4TE-01,LUAD,LUAD,0.18,0.05,0.08,0.69
TCGA:LUAD:TCGA-MP-A4TF-01,LUAD,LUAD,0.16,0.05,0.16,0.63
TCGA:LUAD:TCGA-MP-A4TH-01,LUAD,LUAD,0.07,0.0,0.02,0.91
TCGA:LUAD:TCGA-MP-A4TI-01,LUAD,LUAD,0.1,0.09,0.19,0.62
TCGA:LUAD:TCGA-MP-A4TJ-01,LUAD,LUAD,0.09,0.0,0.1,0.81
TCGA:LUAD:TCGA-MP-A4TK-01,LUAD,LUAD,0.19,0.04,0.15,0.62
TCGA:LUAD:TCGA-MP-A5C7-01,LUAD,LUAD,0.09,0.02,0.02,0.87
TCGA:LUAD:TCGA-NJ-A4YF-01,LUAD,LUAD,0.17,0.04,0.1,0.69
TCGA:LUAD:TCGA-NJ-A4YG-01,LUAD,LUAD,0.06,0.0,0.02,0.92
TCGA:LUAD:TCGA-NJ-A4YI-01,LUAD,LUAD,0.12,0.0,0.08,0.8
TCGA:LUAD:TCGA-NJ-A4YP-01,LUAD,LUAD,0.05,0.02,0.02,0.91
TCGA:LUAD:TCGA-NJ-A4YQ-01,LUAD,LUAD,0.21,0.02,0.17,0.6
TCGA:LUAD:TCGA-NJ-A55A-01,LUAD,LUAD,0.13,0.0,0.01,0.86
TCGA:LUAD:TCGA-NJ-A55O-01,LUAD,LUAD,0.03,0.0,0.01,0.96
TCGA:LUAD:TCGA-NJ-A55R-01,LUAD,LUAD,0.2,0.02,0.05,0.73
TCGA:LUAD:TCGA-NJ-A7XG-01,LUAD,LUAD,0.04,0.0,0.02,0.94
TCGA:LUAD:TCGA-O1-A52J-01,LUAD,LUAD,0.08,0.0,0.05,0.87
TCGA:LUAD:TCGA-S2-AA1A-01,LUAD,LUAD,0.09,0.0,0.08,0.83
TCGA:LSCC:TCGA-18-3406-01,LSCC,LSCC,0.1,0.23,0.52,0.15
TCGA:LSCC:TCGA-18-3407-01,LSCC,LSCC,0.02,0.14,0.76,0.08
TCGA:LSCC:TCGA-18-3408-01,LSCC,LSCC,0.13,0.09,0.52,0.26
TCGA:LSCC:TCGA-18-3410-01,LSCC,LSCC,0.06,0.26,0.57,0.11
TCGA:LSCC:TCGA-18-3411-01,LSCC,LSCC,0.05,0.07,0.79,0.09
TCGA:LSCC:TCGA-18-3412-01,LSCC,LSCC,0.02,0.15,0.78,0.05
TCGA:LSCC:TCGA-18-3414-01,LSCC,LSCC,0.02,0.14,0.8,0.04
TCGA:LSCC:TCGA-18-3415-01,LSCC,LSCC,0.02,0.15,0.75,0.08
TCGA:LSCC:TCGA-18-3416-01,LSCC,LSCC,0.03,0.21,0.72,0.04
TCGA:LSCC:TCGA-18-3417-01,LSCC,LSCC,0.14,0.23,0.53,0.1
TCGA:LSCC:TCGA-18-3419-01,LSCC,LSCC,0.16,0.17,0.61,0.06
TCGA:LSCC:TCGA-18-3421-01,LSCC,LSCC,0.05,0.12,0.72,0.11
TCGA:LSCC:TCGA-18-4083-01,LSCC,LSCC,0.03,0.12,0.81,0.04
TCGA:LSCC:TCGA-18-4086-01,LSCC,LSCC,0.01,0.05,0.91,0.03
TCGA:LSCC:TCGA-18-4721-01,LSCC,LSCC,0.02,0.06,0.86,0.06
TCGA:LSCC:TCGA-18-5592-01,LSCC,LSCC,0.02,0.18,0.77,0.03
TCGA:LSCC:TCGA-21-1071-01,LSCC,LSCC,0.05,0.1,0.72,0.13
TCGA:LSCC:TCGA-21-1072-01,LSCC,LSCC,0.07,0.14,0.76,0.03
TCGA:LSCC:TCGA-21-1075-01,LSCC,LSCC,0.04,0.04,0.87,0.05
TCGA:LSCC:TCGA-21-1076-01,LSCC,LSCC,0.02,0.06,0.85,0.07
TCGA:LSCC:TCGA-21-1079-01,LSCC,LSCC,0.08,0.36,0.5,0.06
TCGA:LSCC:TCGA-21-1080-01,LSCC,LSCC,0.14,0.19,0.58,0.09
TCGA:LSCC:TCGA-21-1081-01,LSCC,LSCC,0.04,0.25,0.66,0.05
TCGA:LSCC:TCGA-21-1082-01,LSCC,LSCC,0.14,0.32,0.52,0.02
TCGA:LSCC:TCGA-21-5782-01,LSCC,LSCC,0.01,0.41,0.55,0.03
TCGA:LSCC:TCGA-21-5783-01,LSCC,LSCC,0.08,0.17,0.64,0.11
TCGA:LSCC:TCGA-21-5784-01,LSCC,LSCC,0.11,0.24,0.57,0.08
TCGA:LSCC:TCGA-21-5786-01,LSCC,LSCC,0.11,0.34,0.54,0.01
TCGA:LSCC:TCGA-21-5787-01,LSCC,BRCA,0.47,0.11,0.17,0.25
TCGA:LSCC:TCGA-22-0940-01,LSCC,LSCC,0.02,0.17,0.76,0.05
TCGA:LSCC:TCGA-22-0944-01,LSCC,LSCC,0.01,0.4,0.56,0.03
TCGA:LSCC:TCGA-22-1000-01,LSCC,LSCC,0.04,0.26,0.5,0.2
TCGA:LSCC:TCGA-22-1002-01,LSCC,LSCC,0.02,0.23,0.66,0.09
TCGA:LSCC:TCGA-22-1005-01,LSCC,LUAD,0.1,0.0,0.18,0.72
TCGA:LSCC:TCGA-22-1011-01,LSCC,LSCC,0.02,0.38,0.53,0.07
TCGA:LSCC:TCGA-22-1012-01,LSCC,LSCC,0.05,0.15,0.76,0.04
TCGA:LSCC:TCGA-22-1016-01,LSCC,LUAD,0.19,0.02,0.33,0.46
TCGA:LSCC:TCGA-22-1017-01,LSCC,LUAD,0.24,0.07,0.15,0.54
TCGA:LSCC:TCGA-22-4591-01,LSCC,LSCC,0.07,0.08,0.75,0.1
TCGA:LSCC:TCGA-22-4593-01,LSCC,LSCC,0.06,0.15,0.73,0.06
TCGA:LSCC:TCGA-22-4594-01,LSCC,LUAD,0.04,0.0,0.23,0.73
TCGA:LSCC:TCGA-22-4595-01,LSCC,HNSCC,0.08,0.55,0.3,0.07
TCGA:LSCC:TCGA-22-4596-01,LSCC,LUAD,0.08,0.04,0.04,0.84
TCGA:LSCC:TCGA-22-4599-01,LSCC,LSCC,0.08,0.06,0.79,0.07
TCGA:LSCC:TCGA-22-4601-01,LSCC,LSCC,0.07,0.1,0.73,0.1
TCGA:LSCC:TCGA-22-4604-01,LSCC,LSCC,0.01,0.12,0.84,0.03
TCGA:LSCC:TCGA-22-4605-01,LSCC,LSCC,0.03,0.27,0.64,0.06
TCGA:LSCC:TCGA-22-4607-01,LSCC,LSCC,0.04,0.14,0.76,0.06
TCGA:LSCC:TCGA-22-4609-01,LSCC,LSCC,0.03,0.22,0.7,0.05
TCGA:LSCC:TCGA-22-4613-01,LSCC,LSCC,0.04,0.03,0.92,0.01
TCGA:LSCC:TCGA-22-5471-01,LSCC,LSCC,0.08,0.24,0.61,0.07
TCGA:LSCC:TCGA-22-5472-01,LSCC,LSCC,0.06,0.18,0.64,0.12
TCGA:LSCC:TCGA-22-5473-01,LSCC,LSCC,0.01,0.07,0.89,0.03
TCGA:LSCC:TCGA-22-5474-01,LSCC,LSCC,0.02,0.03,0.86,0.09
TCGA:LSCC:TCGA-22-5477-01,LSCC,LSCC,0.07,0.07,0.76,0.1
TCGA:LSCC:TCGA-22-5478-01,LSCC,LSCC,0.21,0.06,0.44,0.29
TCGA:LSCC:TCGA-22-5479-01,LSCC,LSCC,0.03,0.1,0.86,0.01
TCGA:LSCC:TCGA-22-5480-01,LSCC,LSCC,0.22,0.13,0.57,0.08
TCGA:LSCC:TCGA-22-5481-01,LSCC,BRCA,0.57,0.19,0.14,0.1
TCGA:LSCC:TCGA-22-5482-01,LSCC,LSCC,0.01,0.44,0.55,0.0
TCGA:LSCC:TCGA-22-5483-01,LSCC,LSCC,0.12,0.01,0.58,0.29
TCGA:LSCC:TCGA-22-5485-01,LSCC,LSCC,0.01,0.13,0.79,0.07
TCGA:LSCC:TCGA-22-5489-01,LSCC,LSCC,0.09,0.24,0.56,0.11
TCGA:LSCC:TCGA-22-5491-01,LSCC,LSCC,0.0,0.1,0.88,0.02
TCGA:LSCC:TCGA-22-5492-01,LSCC,LSCC,0.06,0.18,0.69,0.07
TCGA:LSCC:TCGA-22-A5C4-01,LSCC,LSCC,0.1,0.12,0.68,0.1
TCGA:LSCC:TCGA-33-4532-01,LSCC,LSCC,0.04,0.06,0.87,0.03
TCGA:LSCC:TCGA-33-4533-01,LSCC,LSCC,0.24,0.07,0.46,0.23
TCGA:LSCC:TCGA-33-4538-01,LSCC,LSCC,0.02,0.09,0.88,0.01
TCGA:LSCC:TCGA-33-4547-01,LSCC,LSCC,0.02,0.1,0.85,0.03
TCGA:LSCC:TCGA-33-4566-01,LSCC,LSCC,0.14,0.18,0.47,0.21
TCGA:LSCC:TCGA-33-4582-01,LSCC,LSCC,0.1,0.08,0.74,0.08
TCGA:LSCC:TCGA-33-4583-01,LSCC,LSCC,0.01,0.34,0.6,0.05
TCGA:LSCC:TCGA-33-4586-01,LSCC,LSCC,0.01,0.1,0.86,0.03
TCGA:LSCC:TCGA-33-4587-01,LSCC,BRCA,0.62,0.01,0.13,0.24
TCGA:LSCC:TCGA-33-4589-01,LSCC,LSCC,0.1,0.33,0.4,0.17
TCGA:LSCC:TCGA-33-6738-01,LSCC,LUAD,0.24,0.09,0.33,0.34
TCGA:LSCC:TCGA-33-A4WN-01,LSCC,LSCC,0.02,0.19,0.78,0.01
TCGA:LSCC:TCGA-33-A5GW-01,LSCC,HNSCC,0.05,0.53,0.38,0.04
TCGA:LSCC:TCGA-33-AAS8-01,LSCC,LSCC,0.04,0.11,0.81,0.04
TCGA:LSCC:TCGA-33-AASB-01,LSCC,LUAD,0.14,0.1,0.34,0.42
TCGA:LSCC:TCGA-33-AASD-01,LSCC,LSCC,0.02,0.2,0.7,0.08
TCGA:LSCC:TCGA-33-AASI-01,LSCC,LSCC,0.25,0.18,0.4,0.17
TCGA:LSCC:TCGA-33-AASJ-01,LSCC,LSCC,0.02,0.2,0.76,0.02
TCGA:LSCC:TCGA-33-AASL-01,LSCC,LSCC,0.06,0.27,0.6,0.07
TCGA:LSCC:TCGA-34-2596-01,LSCC,LSCC,0.04,0.1,0.85,0.01
TCGA:LSCC:TCGA-34-2600-01,LSCC,LSCC,0.09,0.13,0.73,0.05
TCGA:LSCC:TCGA-34-2608-01,LSCC,LSCC,0.02,0.09,0.66,0.23
TCGA:LSCC:TCGA-34-5231-01,LSCC,LSCC,0.05,0.29,0.65,0.01
TCGA:LSCC:TCGA-34-5232-01,LSCC,LSCC,0.03,0.22,0.75,0.0
TCGA:LSCC:TCGA-34-5234-01,LSCC,LSCC,0.04,0.04,0.49,0.43
TCGA:LSCC:TCGA-34-5236-01,LSCC,LSCC,0.02,0.24,0.73,0.01
TCGA:LSCC:TCGA-34-5239-01,LSCC,LSCC,0.06,0.2,0.66,0.08
TCGA:LSCC:TCGA-34-5240-01,LSCC,LSCC,0.13,0.09,0.72,0.06
TCGA:LSCC:TCGA-34-5241-01,LSCC,LSCC,0.03,0.06,0.88,0.03
TCGA:LSCC:TCGA-34-5927-01,LSCC,LSCC,0.24,0.17,0.51,0.08
TCGA:LSCC:TCGA-34-5928-01,LSCC,LSCC,0.12,0.18,0.55,0.15
TCGA:LSCC:TCGA-34-5929-01,LSCC,LSCC,0.1,0.17,0.64,0.09
TCGA:LSCC:TCGA-34-7107-01,LSCC,LSCC,0.03,0.17,0.69,0.11
TCGA:LSCC:TCGA-34-8454-01,LSCC,LSCC,0.01,0.29,0.66,0.04
TCGA:LSCC:TCGA-34-8455-01,LSCC,LSCC,0.0,0.32,0.62,0.06
TCGA:LSCC:TCGA-34-8456-01,LSCC,LSCC,0.03,0.1,0.81,0.06
TCGA:LSCC:TCGA-34-A5IX-01,LSCC,LSCC,0.24,0.27,0.36,0.13
TCGA:LSCC:TCGA-37-3783-01,LSCC,LSCC,0.06,0.23,0.52,0.19
TCGA:LSCC:TCGA-37-3789-01,LSCC,LSCC,0.03,0.29,0.61,0.07
TCGA:LSCC:TCGA-37-3792-01,LSCC,LUAD,0.16,0.11,0.25,0.48
TCGA:LSCC:TCGA-37-4129-01,LSCC,BRCA,0.46,0.05,0.12,0.37
TCGA:LSCC:TCGA-37-4130-01,LSCC,LUAD,0.2,0.05,0.35,0.4
TCGA:LSCC:TCGA-37-4132-01,LSCC,LSCC,0.15,0.04,0.43,0.38
TCGA:LSCC:TCGA-37-4133-01,LSCC,LSCC,0.01,0.06,0.77,0.16
TCGA:LSCC:TCGA-37-4135-01,LSCC,LSCC,0.19,0.02,0.45,0.34
TCGA:LSCC:TCGA-37-4141-01,LSCC,LSCC,0.26,0.12,0.43,0.19
TCGA:LSCC:TCGA-37-5819-01,LSCC,LSCC,0.23,0.03,0.38,0.36
TCGA:LSCC:TCGA-37-A5EL-01,LSCC,LSCC,0.04,0.23,0.62,0.11
TCGA:LSCC:TCGA-37-A5EN-01,LSCC,LSCC,0.09,0.17,0.69,0.05
TCGA:LSCC:TCGA-39-5011-01,LSCC,LUAD,0.12,0.03,0.24,0.61
TCGA:LSCC:TCGA-39-5016-01,LSCC,LSCC,0.04,0.02,0.88,0.06
TCGA:LSCC:TCGA-39-5019-01,LSCC,LSCC,0.03,0.06,0.87,0.04
TCGA:LSCC:TCGA-39-5021-01,LSCC,LSCC,0.02,0.03,0.9,0.05
TCGA:LSCC:TCGA-39-5022-01,LSCC,LSCC,0.09,0.05,0.68,0.18
TCGA:LSCC:TCGA-39-5024-01,LSCC,HNSCC,0.02,0.52,0.43,0.03
TCGA:LSCC:TCGA-39-5027-01,LSCC,LSCC,0.03,0.03,0.92,0.02
TCGA:LSCC:TCGA-39-5028-01,LSCC,LSCC,0.09,0.31,0.42,0.18
TCGA:LSCC:TCGA-39-5029-01,LSCC,LSCC,0.04,0.3,0.6,0.06
TCGA:LSCC:TCGA-39-5030-01,LSCC,LSCC,0.05,0.1,0.77,0.08
TCGA:LSCC:TCGA-39-5031-01,LSCC,LSCC,0.03,0.11,0.85,0.01
TCGA:LSCC:TCGA-39-5034-01,LSCC,LUAD,0.16,0.03,0.17,0.64
TCGA:LSCC:TCGA-39-5035-01,LSCC,LSCC,0.16,0.17,0.6,0.07
TCGA:LSCC:TCGA-39-5036-01,LSCC,LSCC,0.0,0.19,0.76,0.05
TCGA:LSCC:TCGA-39-5037-01,LSCC,LSCC,0.03,0.16,0.77,0.04
TCGA:LSCC:TCGA-39-5039-01,LSCC,LSCC,0.0,0.16,0.65,0.19
TCGA:LSCC:TCGA-39-5040-01,LSCC,BRCA,0.52,0.04,0.2,0.24
TCGA:LSCC:TCGA-43-2576-01,LSCC,LUAD,0.4,0.03,0.06,0.51
TCGA:LSCC:TCGA-43-2578-01,LSCC,LSCC,0.25,0.09,0.47,0.19
TCGA:LSCC:TCGA-43-2581-01,LSCC,LUAD,0.06,0.01,0.04,0.89
TCGA:LSCC:TCGA-43-3394-01,LSCC,LSCC,0.06,0.08,0.81,0.05
TCGA:LSCC:TCGA-43-3920-01,LSCC,LSCC,0.07,0.12,0.68,0.13
TCGA:LSCC:TCGA-43-5668-01,LSCC,LUAD,0.26,0.12,0.26,0.36
TCGA:LSCC:TCGA-43-5670-01,LSCC,LSCC,0.08,0.29,0.57,0.06
TCGA:LSCC:TCGA-43-6143-01,LSCC,LSCC,0.08,0.18,0.64,0.1
TCGA:LSCC:TCGA-43-6647-01,LSCC,LSCC,0.05,0.32,0.54,0.09
TCGA:LSCC:TCGA-43-6770-01,LSCC,LSCC,0.02,0.08,0.89,0.01
TCGA:LSCC:TCGA-43-6771-01,LSCC,HNSCC,0.0,0.97,0.02,0.01
TCGA:LSCC:TCGA-43-6773-01,LSCC,LSCC,0.09,0.22,0.57,0.12
TCGA:LSCC:TCGA-43-7656-01,LSCC,LSCC,0.37,0.09,0.46,0.08
TCGA:LSCC:TCGA-43-7657-01,LSCC,LSCC,0.06,0.21,0.68,0.05
TCGA:LSCC:TCGA-43-7658-01,LSCC,BRCA,0.54,0.07,0.22,0.17
TCGA:LSCC:TCGA-43-8115-01,LSCC,LSCC,0.04,0.06,0.81,0.09
TCGA:LSCC:TCGA-43-8116-01,LSCC,LSCC,0.08,0.17,0.68,0.07
TCGA:LSCC:TCGA-43-8118-01,LSCC,LSCC,0.01,0.31,0.57,0.11
TCGA:LSCC:TCGA-43-A474-01,LSCC,LSCC,0.0,0.19,0.78,0.03
TCGA:LSCC:TCGA-43-A475-01,LSCC,HNSCC,0.07,0.44,0.42,0.07
TCGA:LSCC:TCGA-43-A56U-01,LSCC,LSCC,0.1,0.22,0.45,0.23
TCGA:LSCC:TCGA-43-A56V-01,LSCC,LSCC,0.0,0.1,0.81,0.09
TCGA:LSCC:TCGA-46-3765-01,LSCC,LSCC,0.03,0.09,0.8,0.08
TCGA:LSCC:TCGA-46-3766-01,LSCC,LUAD,0.07,0.1,0.31,0.52
TCGA:LSCC:TCGA-46-3767-01,LSCC,LSCC,0.07,0.04,0.73,0.16
TCGA:LSCC:TCGA-46-3768-01,LSCC,LSCC,0.09,0.15,0.7,0.06
TCGA:LSCC:TCGA-46-3769-01,LSCC,LUAD,0.28,0.03,0.25,0.44
TCGA:LSCC:TCGA-46-6025-01,LSCC,LSCC,0.0,0.44,0.52,0.04
TCGA:LSCC:TCGA-46-6026-01,LSCC,LSCC,0.11,0.32,0.56,0.01
TCGA:LSCC:TCGA-51-4079-01,LSCC,LSCC,0.0,0.17,0.8,0.03
TCGA:LSCC:TCGA-51-4080-01,LSCC,LSCC,0.13,0.06,0.74,0.07
TCGA:LSCC:TCGA-51-4081-01,LSCC,LSCC,0.04,0.15,0.78,0.03
TCGA:LSCC:TCGA-52-7622-01,LSCC,LSCC,0.02,0.12,0.71,0.15
TCGA:LSCC:TCGA-52-7809-01,LSCC,LSCC,0.12,0.1,0.63,0.15
TCGA:LSCC:TCGA-52-7810-01,LSCC,LSCC,0.07,0.27,0.62,0.04
TCGA:LSCC:TCGA-52-7811-01,LSCC,LSCC,0.01,0.23,0.7,0.06
TCGA:LSCC:TCGA-52-7812-01,LSCC,LUAD,0.2,0.04,0.31,0.45
TCGA:LSCC:TCGA-56-1622-01,LSCC,LSCC,0.15,0.19,0.52,0.14
TCGA:LSCC:TCGA-56-5897-01,LSCC,LSCC,0.02,0.22,0.69,0.07
TCGA:LSCC:TCGA-56-5898-01,LSCC,LSCC,0.06,0.2,0.57,0.17
TCGA:LSCC:TCGA-56-6545-01,LSCC,LSCC,0.1,0.23,0.57,0.1
TCGA:LSCC:TCGA-56-6546-01,LSCC,LSCC,0.37,0.04,0.44,0.15
TCGA:LSCC:TCGA-56-7221-01,LSCC,LSCC,0.06,0.13,0.78,0.03
TCGA:LSCC:TCGA-56-7222-01,LSCC,LSCC,0.06,0.17,0.68,0.09
TCGA:LSCC:TCGA-56-7223-01,LSCC,LSCC,0.23,0.07,0.47,0.23
TCGA:LSCC:TCGA-56-7579-01,LSCC,LSCC,0.06,0.24,0.59,0.11
TCGA:LSCC:TCGA-56-7580-01,LSCC,LSCC,0.01,0.09,0.85,0.05
TCGA:LSCC:TCGA-56-7582-01,LSCC,LSCC,0.05,0.15,0.74,0.06
TCGA:LSCC:TCGA-56-7730-01,LSCC,LSCC,0.06,0.16,0.73,0.05
TCGA:LSCC:TCGA-56-7731-01,LSCC,LSCC,0.05,0.12,0.71,0.12
TCGA:LSCC:TCGA-56-7822-01,LSCC,LSCC,0.09,0.31,0.46,0.14
TCGA:LSCC:TCGA-56-7823-01,LSCC,LSCC,0.05,0.24,0.7,0.01
TCGA:LSCC:TCGA-56-8082-01,LSCC,LSCC,0.11,0.16,0.62,0.11
TCGA:LSCC:TCGA-56-8083-01,LSCC,BRCA,0.33,0.11,0.33,0.23
TCGA:LSCC:TCGA-56-8201-01,LSCC,LSCC,0.1,0.33,0.48,0.09
TCGA:LSCC:TCGA-56-8304-01,LSCC,HNSCC,0.01,0.67,0.3,0.02
TCGA:LSCC:TCGA-56-8305-01,LSCC,LSCC,0.05,0.28,0.64,0.03
TCGA:LSCC:TCGA-56-8307-01,LSCC,HNSCC,0.15,0.4,0.39,0.06
TCGA:LSCC:TCGA-56-8308-01,LSCC,LSCC,0.03,0.33,0.61,0.03
TCGA:LSCC:TCGA-56-8309-01,LSCC,LSCC,0.14,0.07,0.54,0.25
TCGA:LSCC:TCGA-56-8503-01,LSCC,LSCC,0.05,0.15,0.73,0.07
TCGA:LSCC:TCGA-56-8504-01,LSCC,LSCC,0.01,0.23,0.72,0.04
TCGA:LSCC:TCGA-56-8622-01,LSCC,LSCC,0.07,0.35,0.47,0.11
TCGA:LSCC:TCGA-56-8623-01,LSCC,LUAD,0.07,0.0,0.08,0.85
TCGA:LSCC:TCGA-56-8624-01,LSCC,LSCC,0.2,0.32,0.37,0.11
TCGA:LSCC:TCGA-56-8625-01,LSCC,LSCC,0.06,0.17,0.68,0.09
TCGA:LSCC:TCGA-56-8626-01,LSCC,LSCC,0.05,0.21,0.55,0.19
TCGA:LSCC:TCGA-56-8628-01,LSCC,LSCC,0.1,0.17,0.41,0.32
TCGA:LSCC:TCGA-56-8629-01,LSCC,LSCC,0.05,0.22,0.63,0.1
TCGA:LSCC:TCGA-56-A49D-01,LSCC,LSCC,0.02,0.28,0.67,0.03
TCGA:LSCC:TCGA-56-A4BW-01,LSCC,HNSCC,0.04,0.46,0.42,0.08
TCGA:LSCC:TCGA-56-A4BX-01,LSCC,LSCC,0.08,0.12,0.73,0.07
TCGA:LSCC:TCGA-56-A4BY-01,LSCC,LSCC,0.05,0.31,0.63,0.01
TCGA:LSCC:TCGA-56-A4ZJ-01,LSCC,LSCC,0.02,0.2,0.58,0.2
TCGA:LSCC:TCGA-56-A4ZK-01,LSCC,LSCC,0.02,0.18,0.78,0.02
TCGA:LSCC:TCGA-56-A5DR-01,LSCC,LSCC,0.02,0.17,0.79,0.02
TCGA:LSCC:TCGA-56-A5DS-01,LSCC,LSCC,0.01,0.14,0.77,0.08
TCGA:LSCC:TCGA-56-A62T-01,LSCC,LSCC,0.06,0.38,0.52,0.04
TCGA:LSCC:TCGA-58-8386-01,LSCC,LSCC,0.06,0.35,0.51,0.08
TCGA:LSCC:TCGA-58-8387-01,LSCC,LSCC,0.07,0.24,0.67,0.02
TCGA:LSCC:TCGA-58-8388-01,LSCC,LSCC,0.22,0.14,0.43,0.21
TCGA:LSCC:TCGA-58-8390-01,LSCC,LSCC,0.11,0.15,0.63,0.11
TCGA:LSCC:TCGA-58-8391-01,LSCC,LSCC,0.01,0.24,0.69,0.06
TCGA:LSCC:TCGA-58-8392-01,LSCC,LSCC,0.01,0.22,0.76,0.01
TCGA:LSCC:TCGA-58-8393-01,LSCC,LSCC,0.03,0.39,0.57,0.01
TCGA:LSCC:TCGA-58-A46J-01,LSCC,LSCC,0.05,0.32,0.61,0.02
TCGA:LSCC:TCGA-58-A46K-01,LSCC,LSCC,0.02,0.07,0.87,0.04
TCGA:LSCC:TCGA-58-A46L-01,LSCC,LSCC,0.01,0.19,0.76,0.04
TCGA:LSCC:TCGA-58-A46M-01,LSCC,LSCC,0.03,0.13,0.83,0.01
TCGA:LSCC:TCGA-58-A46N-01,LSCC,LSCC,0.01,0.19,0.75,0.05
TCGA:LSCC:TCGA-60-2695-01,LSCC,BRCA,0.5,0.06,0.29,0.15
TCGA:LSCC:TCGA-60-2697-01,LSCC,LUAD,0.07,0.03,0.18,0.72
TCGA:LSCC:TCGA-60-2698-01,LSCC,LSCC,0.02,0.24,0.68,0.06
TCGA:LSCC:TCGA-60-2703-01,LSCC,LSCC,0.26,0.08,0.52,0.14
TCGA:LSCC:TCGA-60-2704-01,LSCC,LSCC,0.1,0.16,0.61,0.13
TCGA:LSCC:TCGA-60-2706-01,LSCC,LSCC,0.18,0.04,0.42,0.36
TCGA:LSCC:TCGA-60-2707-01,LSCC,LSCC,0.01,0.3,0.59,0.1
TCGA:LSCC:TCGA-60-2708-01,LSCC,LSCC,0.04,0.29,0.57,0.1
TCGA:LSCC:TCGA-60-2709-01,LSCC,LSCC,0.03,0.06,0.84,0.07
TCGA:LSCC:TCGA-60-2710-01,LSCC,LSCC,0.01,0.32,0.64,0.03
TCGA:LSCC:TCGA-60-2711-01,LSCC,LSCC,0.04,0.08,0.85,0.03
TCGA:LSCC:TCGA-60-2713-01,LSCC,LSCC,0.02,0.17,0.79,0.02
TCGA:LSCC:TCGA-60-2714-01,LSCC,LUAD,0.05,0.06,0.2,0.69
TCGA:LSCC:TCGA-60-2716-01,LSCC,HNSCC,0.17,0.43,0.31,0.09
TCGA:LSCC:TCGA-60-2719-01,LSCC,LSCC,0.04,0.14,0.75,0.07
TCGA:LSCC:TCGA-60-2720-01,LSCC,LSCC,0.08,0.32,0.43,0.17
TCGA:LSCC:TCGA-60-2721-01,LSCC,LSCC,0.03,0.22,0.72,0.03
TCGA:LSCC:TCGA-60-2722-01,LSCC,LSCC,0.03,0.29,0.66,0.02
TCGA:LSCC:TCGA-60-2723-01,LSCC,LSCC,0.03,0.06,0.87,0.04
TCGA:LSCC:TCGA-60-2724-01,LSCC,LSCC,0.01,0.21,0.75,0.03
TCGA:LSCC:TCGA-60-2725-01,LSCC,LSCC,0.02,0.04,0.83,0.11
TCGA:LSCC:TCGA-60-2726-01,LSCC,LSCC,0.09,0.31,0.53,0.07
TCGA:LSCC:TCGA-63-5128-01,LSCC,LSCC,0.05,0.21,0.7,0.04
TCGA:LSCC:TCGA-63-5131-01,LSCC,LSCC,0.07,0.15,0.69,0.09
TCGA:LSCC:TCGA-63-6202-01,LSCC,LUAD,0.11,0.05,0.18,0.66
TCGA:LSCC:TCGA-63-7020-01,LSCC,LSCC,0.03,0.25,0.68,0.04
TCGA:LSCC:TCGA-63-7021-01,LSCC,LSCC,0.02,0.45,0.49,0.04
TCGA:LSCC:TCGA-63-7022-01,LSCC,LSCC,0.04,0.42,0.44,0.1
TCGA:LSCC:TCGA-63-7023-01,LSCC,LSCC,0.16,0.13,0.59,0.12
TCGA:LSCC:TCGA-63-A5M9-01,LSCC,LSCC,0.07,0.1,0.74,0.09
TCGA:LSCC:TCGA-63-A5MB-01,LSCC,LSCC,0.06,0.12,0.77,0.05
TCGA:LSCC:TCGA-63-A5MG-01,LSCC,LSCC,0.04,0.3,0.58,0.08
TCGA:LSCC:TCGA-63-A5MH-01,LSCC,LSCC,0.14,0.29,0.38,0.19
TCGA:LSCC:TCGA-63-A5MI-01,LSCC,LSCC,0.01,0.15,0.8,0.04
TCGA:LSCC:TCGA-63-A5MJ-01,LSCC,LSCC,0.01,0.24,0.72,0.03
TCGA:LSCC:TCGA-63-A5ML-01,LSCC,LSCC,0.07,0.12,0.77,0.04
TCGA:LSCC:TCGA-63-A5MM-01,LSCC,HNSCC,0.1,0.45,0.31,0.14
TCGA:LSCC:TCGA-63-A5MN-01,LSCC,LUAD,0.06,0.03,0.23,0.68
TCGA:LSCC:TCGA-63-A5MP-01,LSCC,LSCC,0.06,0.09,0.78,0.07
TCGA:LSCC:TCGA-63-A5MR-01,LSCC,HNSCC,0.01,0.73,0.25,0.01
TCGA:LSCC:TCGA-63-A5MS-01,LSCC,LSCC,0.06,0.25,0.6,0.09
TCGA:LSCC:TCGA-63-A5MT-01,LSCC,LSCC,0.08,0.26,0.58,0.08
TCGA:LSCC:TCGA-63-A5MU-01,LSCC,LSCC,0.02,0.33,0.62,0.03
TCGA:LSCC:TCGA-63-A5MV-01,LSCC,LSCC,0.04,0.33,0.52,0.11
TCGA:LSCC:TCGA-63-A5MW-01,LSCC,LSCC,0.34,0.11,0.44,0.11
TCGA:LSCC:TCGA-63-A5MY-01,LSCC,LSCC,0.08,0.14,0.7,0.08
TCGA:LSCC:TCGA-66-2727-01,LSCC,LSCC,0.06,0.13,0.8,0.01
TCGA:LSCC:TCGA-66-2734-01,LSCC,LSCC,0.03,0.1,0.74,0.13
TCGA:LSCC:TCGA-66-2737-01,LSCC,LSCC,0.02,0.02,0.93,0.03
TCGA:LSCC:TCGA-66-2742-01,LSCC,LSCC,0.04,0.12,0.77,0.07
TCGA:LSCC:TCGA-66-2744-01,LSCC,LSCC,0.06,0.26,0.49,0.19
TCGA:LSCC:TCGA-66-2753-01,LSCC,LSCC,0.11,0.12,0.66,0.11
TCGA:LSCC:TCGA-66-2754-01,LSCC,LSCC,0.19,0.02,0.5,0.29
TCGA:LSCC:TCGA-66-2755-01,LSCC,LSCC,0.09,0.21,0.63,0.07
TCGA:LSCC:TCGA-66-2756-01,LSCC,LUAD,0.26,0.07,0.27,0.4
TCGA:LSCC:TCGA-66-2757-01,LSCC,BRCA,0.5,0.01,0.34,0.15
TCGA:LSCC:TCGA-66-2758-01,LSCC,LSCC,0.05,0.1,0.76,0.09
TCGA:LSCC:TCGA-66-2759-01,LSCC,LSCC,0.02,0.13,0.8,0.05
TCGA:LSCC:TCGA-66-2763-01,LSCC,LSCC,0.03,0.1,0.84,0.03
TCGA:LSCC:TCGA-66-2765-01,LSCC,HNSCC,0.01,0.5,0.47,0.02
TCGA:LSCC:TCGA-66-2766-01,LSCC,LSCC,0.04,0.16,0.7,0.1
TCGA:LSCC:TCGA-66-2767-01,LSCC,LSCC,0.01,0.03,0.91,0.05
TCGA:LSCC:TCGA-66-2768-01,LSCC,LSCC,0.04,0.35,0.56,0.05
TCGA:LSCC:TCGA-66-2769-01,LSCC,LSCC,0.06,0.14,0.62,0.18
TCGA:LSCC:TCGA-66-2770-01,LSCC,LSCC,0.0,0.13,0.85,0.02
TCGA:LSCC:TCGA-66-2771-01,LSCC,LSCC,0.06,0.05,0.72,0.17
TCGA:LSCC:TCGA-66-2773-01,LSCC,LSCC,0.0,0.05,0.87,0.08
TCGA:LSCC:TCGA-66-2777-01,LSCC,LSCC,0.02,0.13,0.83,0.02
TCGA:LSCC:TCGA-66-2778-01,LSCC,LSCC,0.04,0.23,0.54,0.19
TCGA:LSCC:TCGA-66-2780-01,LSCC,LSCC,0.02,0.3,0.67,0.01
TCGA:LSCC:TCGA-66-2781-01,LSCC,LSCC,0.0,0.05,0.9,0.05
TCGA:LSCC:TCGA-66-2782-01,LSCC,LSCC,0.03,0.12,0.67,0.18
TCGA:LSCC:TCGA-66-2783-01,LSCC,LSCC,0.0,0.28,0.66,0.06
TCGA:LSCC:TCGA-66-2785-01,LSCC,LSCC,0.31,0.09,0.39,0.21
TCGA:LSCC:TCGA-66-2786-01,LSCC,LSCC,0.01,0.08,0.86,0.05
TCGA:LSCC:TCGA-66-2787-01,LSCC,LSCC,0.05,0.05,0.82,0.08
TCGA:LSCC:TCGA-66-2788-01,LSCC,LSCC,0.03,0.12,0.81,0.04
TCGA:LSCC:TCGA-66-2789-01,LSCC,LSCC,0.14,0.08,0.69,0.09
TCGA:LSCC:TCGA-66-2790-01,LSCC,LSCC,0.05,0.07,0.76,0.12
TCGA:LSCC:TCGA-66-2791-01,LSCC,LSCC,0.01,0.01,0.95,0.03
TCGA:LSCC:TCGA-66-2792-01,LSCC,LSCC,0.01,0.07,0.9,0.02
TCGA:LSCC:TCGA-66-2793-01,LSCC,LSCC,0.2,0.16,0.55,0.09
TCGA:LSCC:TCGA-66-2794-01,LSCC,LSCC,0.09,0.19,0.67,0.05
TCGA:LSCC:TCGA-66-2795-01,LSCC,LSCC,0.02,0.05,0.79,0.14
TCGA:LSCC:TCGA-66-2800-01,LSCC,LSCC,0.04,0.07,0.86,0.03
TCGA:LSCC:TCGA-68-7755-01,LSCC,LSCC,0.02,0.26,0.69,0.03
TCGA:LSCC:TCGA-68-7756-01,LSCC,LSCC,0.02,0.23,0.7,0.05
TCGA:LSCC:TCGA-68-7757-01,LSCC,HNSCC,0.1,0.42,0.37,0.11
TCGA:LSCC:TCGA-68-8250-01,LSCC,LSCC,0.09,0.17,0.7,0.04
TCGA:LSCC:TCGA-68-8251-01,LSCC,LSCC,0.06,0.08,0.84,0.02
TCGA:LSCC:TCGA-68-A59I-01,LSCC,LSCC,0.04,0.24,0.62,0.1
TCGA:LSCC:TCGA-68-A59J-01,LSCC,LSCC,0.04,0.25,0.65,0.06
TCGA:LSCC:TCGA-6A-AB49-01,LSCC,LSCC,0.09,0.24,0.55,0.12
TCGA:LSCC:TCGA-70-6722-01,LSCC,LSCC,0.09,0.29,0.5,0.12
TCGA:LSCC:TCGA-70-6723-01,LSCC,LSCC,0.04,0.15,0.75,0.06
TCGA:LSCC:TCGA-77-6842-01,LSCC,LSCC,0.09,0.18,0.55,0.18
TCGA:LSCC:TCGA-77-6843-01,LSCC,LSCC,0.11,0.2,0.57,0.12
TCGA:LSCC:TCGA-77-6844-01,LSCC,HNSCC,0.0,0.5,0.49,0.01
TCGA:LSCC:TCGA-77-6845-01,LSCC,LSCC,0.04,0.09,0.83,0.04
TCGA:LSCC:TCGA-77-7138-01,LSCC,HNSCC,0.11,0.46,0.31,0.12
TCGA:LSCC:TCGA-77-7139-01,LSCC,LSCC,0.09,0.12,0.7,0.09
TCGA:LSCC:TCGA-77-7140-01,LSCC,LSCC,0.02,0.17,0.79,0.02
TCGA:LSCC:TCGA-77-7141-01,LSCC,LSCC,0.13,0.05,0.73,0.09
TCGA:LSCC:TCGA-77-7142-01,LSCC,LSCC,0.15,0.18,0.48,0.19
TCGA:LSCC:TCGA-77-7335-01,LSCC,LSCC,0.13,0.2,0.53,0.14
TCGA:LSCC:TCGA-77-7337-01,LSCC,LSCC,0.08,0.21,0.65,0.06
TCGA:LSCC:TCGA-77-7338-01,LSCC,LSCC,0.08,0.12,0.74,0.06
TCGA:LSCC:TCGA-77-7463-01,LSCC,LSCC,0.06,0.18,0.74,0.02
TCGA:LSCC:TCGA-77-7465-01,LSCC,LSCC,0.15,0.13,0.56,0.16
TCGA:LSCC:TCGA-77-8007-01,LSCC,LUAD,0.17,0.03,0.23,0.57
TCGA:LSCC:TCGA-77-8008-01,LSCC,LSCC,0.02,0.31,0.54,0.13
TCGA:LSCC:TCGA-77-8009-01,LSCC,LSCC,0.02,0.18,0.79,0.01
TCGA:LSCC:TCGA-77-8128-01,LSCC,LSCC,0.08,0.15,0.75,0.02
TCGA:LSCC:TCGA-77-8130-01,LSCC,HNSCC,0.1,0.42,0.38,0.1
TCGA:LSCC:TCGA-77-8131-01,LSCC,HNSCC,0.02,0.82,0.15,0.01
TCGA:LSCC:TCGA-77-8133-01,LSCC,LSCC,0.07,0.16,0.71,0.06
TCGA:LSCC:TCGA-77-8136-01,LSCC,HNSCC,0.01,0.51,0.46,0.02
TCGA:LSCC:TCGA-77-8138-01,LSCC,LSCC,0.02,0.21,0.59,0.18
TCGA:LSCC:TCGA-77-8139-01,LSCC,LSCC,0.01,0.18,0.77,0.04
TCGA:LSCC:TCGA-77-8140-01,LSCC,LSCC,0.06,0.14,0.74,0.06
TCGA:LSCC:TCGA-77-8143-01,LSCC,LSCC,0.13,0.34,0.46,0.07
TCGA:LSCC:TCGA-77-8144-01,LSCC,HNSCC,0.01,0.88,0.09,0.02
TCGA:LSCC:TCGA-77-8145-01,LSCC,LSCC,0.05,0.27,0.65,0.03
TCGA:LSCC:TCGA-77-8148-01,LSCC,LSCC,0.02,0.1,0.85,0.03
TCGA:LSCC:TCGA-77-8150-01,LSCC,LSCC,0.0,0.16,0.8,0.04
TCGA:LSCC:TCGA-77-8153-01,LSCC,LSCC,0.0,0.23,0.75,0.02
TCGA:LSCC:TCGA-77-8154-01,LSCC,LSCC,0.07,0.14,0.71,0.08
TCGA:LSCC:TCGA-77-8156-01,LSCC,LSCC,0.02,0.08,0.87,0.03
TCGA:LSCC:TCGA-77-A5FZ-01,LSCC,LUAD,0.08,0.01,0.23,0.68
TCGA:LSCC:TCGA-77-A5G1-01,LSCC,HNSCC,0.12,0.41,0.33,0.14
TCGA:LSCC:TCGA-77-A5G3-01,LSCC,LSCC,0.04,0.15,0.81,0.0
TCGA:LSCC:TCGA-77-A5G6-01,LSCC,LSCC,0.03,0.25,0.67,0.05
TCGA:LSCC:TCGA-77-A5G7-01,LSCC,LSCC,0.09,0.18,0.68,0.05
TCGA:LSCC:TCGA-77-A5G8-01,LSCC,LSCC,0.01,0.17,0.79,0.03
TCGA:LSCC:TCGA-77-A5GB-01,LSCC,HNSCC,0.03,0.83,0.13,0.01
TCGA:LSCC:TCGA-77-A5GF-01,LSCC,LSCC,0.04,0.15,0.78,0.03
TCGA:LSCC:TCGA-77-A5GH-01,LSCC,LSCC,0.2,0.16,0.53,0.11
TCGA:LSCC:TCGA-79-5596-01,LSCC,LSCC,0.03,0.25,0.7,0.02
TCGA:LSCC:TCGA-85-6175-01,LSCC,LSCC,0.1,0.25,0.34,0.31
TCGA:LSCC:TCGA-85-6560-01,LSCC,BRCA,0.51,0.01,0.26,0.22
TCGA:LSCC:TCGA-85-6561-01,LSCC,LSCC,0.03,0.29,0.62,0.06
TCGA:LSCC:TCGA-85-6798-01,LSCC,LSCC,0.06,0.21,0.7,0.03
TCGA:LSCC:TCGA-85-7696-01,LSCC,LSCC,0.05,0.15,0.75,0.05
TCGA:LSCC:TCGA-85-7697-01,LSCC,LSCC,0.04,0.39,0.57,0.0
TCGA:LSCC:TCGA-85-7698-01,LSCC,LSCC,0.0,0.1,0.9,0.0
TCGA:LSCC:TCGA-85-7699-01,LSCC,LSCC,0.17,0.12,0.63,0.08
TCGA:LSCC:TCGA-85-7710-01,LSCC,LSCC,0.04,0.24,0.65,0.07
TCGA:LSCC:TCGA-85-7843-01,LSCC,LSCC,0.05,0.08,0.83,0.04
TCGA:LSCC:TCGA-85-7844-01,LSCC,LSCC,0.04,0.16,0.77,0.03
TCGA:LSCC:TCGA-85-7950-01,LSCC,LSCC,0.01,0.13,0.81,0.05
TCGA:LSCC:TCGA-85-8048-01,LSCC,LSCC,0.07,0.22,0.49,0.22
TCGA:LSCC:TCGA-85-8049-01,LSCC,LSCC,0.04,0.28,0.58,0.1
TCGA:LSCC:TCGA-85-8052-01,LSCC,LSCC,0.02,0.14,0.82,0.02
TCGA:LSCC:TCGA-85-8070-01,LSCC,LSCC,0.06,0.07,0.8,0.07
TCGA:LSCC:TCGA-85-8071-01,LSCC,LSCC,0.03,0.27,0.64,0.06
TCGA:LSCC:TCGA-85-8072-01,LSCC,LSCC,0.04,0.23,0.7,0.03
TCGA:LSCC:TCGA-85-8276-01,LSCC,LSCC,0.07,0.2,0.66,0.07
TCGA:LSCC:TCGA-85-8277-01,LSCC,LSCC,0.01,0.16,0.79,0.04
TCGA:LSCC:TCGA-85-8287-01,LSCC,LSCC,0.18,0.25,0.48,0.09
TCGA:LSCC:TCGA-85-8288-01,LSCC,LSCC,0.05,0.24,0.64,0.07
TCGA:LSCC:TCGA-85-8350-01,LSCC,LSCC,0.01,0.18,0.73,0.08
TCGA:LSCC:TCGA-85-8351-01,LSCC,LSCC,0.02,0.29,0.54,0.15
TCGA:LSCC:TCGA-85-8352-01,LSCC,BRCA,0.46,0.11,0.29,0.14
TCGA:LSCC:TCGA-85-8353-01,LSCC,HNSCC,0.01,0.54,0.43,0.02
TCGA:LSCC:TCGA-85-8354-01,LSCC,LSCC,0.06,0.31,0.6,0.03
TCGA:LSCC:TCGA-85-8355-01,LSCC,LSCC,0.09,0.17,0.62,0.12
TCGA:LSCC:TCGA-85-8479-01,LSCC,LSCC,0.08,0.37,0.5,0.05
TCGA:LSCC:TCGA-85-8481-01,LSCC,LSCC,0.0,0.29,0.59,0.12
TCGA:LSCC:TCGA-85-8580-01,LSCC,LSCC,0.01,0.13,0.84,0.02
TCGA:LSCC:TCGA-85-8582-01,LSCC,LSCC,0.05,0.29,0.56,0.1
TCGA:LSCC:TCGA-85-8584-01,LSCC,LUAD,0.22,0.1,0.17,0.51
TCGA:LSCC:TCGA-85-8664-01,LSCC,LSCC,0.07,0.25,0.59,0.09
TCGA:LSCC:TCGA-85-8666-01,LSCC,LSCC,0.0,0.31,0.66,0.03
TCGA:LSCC:TCGA-85-A4CL-01,LSCC,LSCC,0.05,0.35,0.53,0.07
TCGA:LSCC:TCGA-85-A4CN-01,LSCC,LSCC,0.01,0.11,0.83,0.05
TCGA:LSCC:TCGA-85-A4JB-01,LSCC,LSCC,0.08,0.35,0.52,0.05
TCGA:LSCC:TCGA-85-A4JC-01,LSCC,LSCC,0.04,0.27,0.6,0.09
TCGA:LSCC:TCGA-85-A4PA-01,LSCC,BRCA,0.61,0.11,0.14,0.14
TCGA:LSCC:TCGA-85-A4QQ-01,LSCC,HNSCC,0.06,0.46,0.45,0.03
TCGA:LSCC:TCGA-85-A4QR-01,LSCC,LSCC,0.03,0.34,0.58,0.05
TCGA:LSCC:TCGA-85-A50M-01,LSCC,LSCC,0.14,0.11,0.45,0.3
TCGA:LSCC:TCGA-85-A50Z-01,LSCC,LSCC,0.05,0.14,0.52,0.29
TCGA:LSCC:TCGA-85-A510-01,LSCC,LSCC,0.25,0.06,0.4,0.29
TCGA:LSCC:TCGA-85-A511-01,LSCC,LSCC,0.01,0.04,0.92,0.03
TCGA:LSCC:TCGA-85-A512-01,LSCC,LSCC,0.02,0.38,0.57,0.03
TCGA:LSCC:TCGA-85-A513-01,LSCC,LUAD,0.19,0.06,0.07,0.68
TCGA:LSCC:TCGA-85-A53L-01,LSCC,LSCC,0.04,0.09,0.76,0.11
TCGA:LSCC:TCGA-85-A5B5-01,LSCC,LSCC,0.09,0.18,0.65,0.08
TCGA:LSCC:TCGA-90-6837-01,LSCC,LSCC,0.06,0.31,0.53,0.1
TCGA:LSCC:TCGA-90-7766-01,LSCC,LSCC,0.08,0.13,0.67,0.12
TCGA:LSCC:TCGA-90-7767-01,LSCC,LSCC,0.13,0.29,0.49,0.09
TCGA:LSCC:TCGA-90-7769-01,LSCC,LSCC,0.05,0.32,0.63,0.0
TCGA:LSCC:TCGA-90-7964-01,LSCC,LSCC,0.03,0.22,0.53,0.22
TCGA:LSCC:TCGA-90-A4ED-01,LSCC,BRCA,0.5,0.19,0.24,0.07
TCGA:LSCC:TCGA-90-A4EE-01,LSCC,LSCC,0.19,0.12,0.61,0.08
TCGA:LSCC:TCGA-90-A59Q-01,LSCC,LUAD,0.08,0.08,0.31,0.53
TCGA:LSCC:TCGA-92-7340-01,LSCC,LSCC,0.04,0.15,0.7,0.11
TCGA:LSCC:TCGA-92-7341-01,LSCC,LSCC,0.02,0.17,0.77,0.04
TCGA:LSCC:TCGA-92-8063-01,LSCC,LSCC,0.04,0.21,0.66,0.09
TCGA:LSCC:TCGA-92-8064-01,LSCC,LSCC,0.01,0.24,0.71,0.04
TCGA:LSCC:TCGA-92-8065-01,LSCC,HNSCC,0.07,0.38,0.32,0.23
TCGA:LSCC:TCGA-94-7033-01,LSCC,HNSCC,0.05,0.52,0.38,0.05
TCGA:LSCC:TCGA-94-7557-01,LSCC,LSCC,0.04,0.12,0.72,0.12
TCGA:LSCC:TCGA-94-7943-01,LSCC,LSCC,0.18,0.06,0.51,0.25
TCGA:LSCC:TCGA-94-8035-01,LSCC,LSCC,0.01,0.21,0.76,0.02
TCGA:LSCC:TCGA-94-8490-01,LSCC,LSCC,0.01,0.35,0.61,0.03
TCGA:LSCC:TCGA-94-8491-01,LSCC,LSCC,0.09,0.26,0.52,0.13
TCGA:LSCC:TCGA-94-A4VJ-01,LSCC,HNSCC,0.02,0.55,0.4,0.03
TCGA:LSCC:TCGA-94-A5I4-01,LSCC,HNSCC,0.01,0.54,0.45,0.0
TCGA:LSCC:TCGA-94-A5I6-01,LSCC,LSCC,0.05,0.09,0.83,0.03
TCGA:LSCC:TCGA-96-7544-01,LSCC,LSCC,0.04,0.1,0.78,0.08
TCGA:LSCC:TCGA-96-7545-01,LSCC,LSCC,0.06,0.13,0.71,0.1
TCGA:LSCC:TCGA-96-8169-01,LSCC,LSCC,0.01,0.19,0.69,0.11
TCGA:LSCC:TCGA-96-8170-01,LSCC,LSCC,0.04,0.32,0.61,0.03
TCGA:LSCC:TCGA-96-A4JL-01,LSCC,LSCC,0.36,0.14,0.37,0.13
TCGA:LSCC:TCGA-98-7454-01,LSCC,BRCA,0.46,0.01,0.18,0.35
TCGA:LSCC:TCGA-98-8020-01,LSCC,HNSCC,0.03,0.67,0.27,0.03
TCGA:LSCC:TCGA-98-8021-01,LSCC,LSCC,0.01,0.17,0.73,0.09
TCGA:LSCC:TCGA-98-8022-01,LSCC,LSCC,0.17,0.19,0.51,0.13
TCGA:LSCC:TCGA-98-8023-01,LSCC,LSCC,0.04,0.14,0.73,0.09
TCGA:LSCC:TCGA-98-A538-01,LSCC,LSCC,0.01,0.14,0.81,0.04
TCGA:LSCC:TCGA-98-A539-01,LSCC,LSCC,0.01,0.38,0.59,0.02
TCGA:LSCC:TCGA-98-A53A-01,LSCC,LSCC,0.11,0.21,0.64,0.04
TCGA:LSCC:TCGA-98-A53B-01,LSCC,LSCC,0.05,0.17,0.73,0.05
TCGA:LSCC:TCGA-98-A53C-01,LSCC,LUAD,0.27,0.02,0.17,0.54
TCGA:LSCC:TCGA-98-A53D-01,LSCC,LUAD,0.14,0.05,0.12,0.69
TCGA:LSCC:TCGA-98-A53H-01,LSCC,LSCC,0.11,0.08,0.43,0.38
TCGA:LSCC:TCGA-98-A53I-01,LSCC,LSCC,0.02,0.09,0.87,0.02
TCGA:LSCC:TCGA-98-A53J-01,LSCC,LSCC,0.03,0.34,0.57,0.06
TCGA:LSCC:TCGA-J1-A4AH-01,LSCC,LSCC,0.03,0.06,0.87,0.04
TCGA:LSCC:TCGA-L3-A4E7-01,LSCC,LSCC,0.0,0.25,0.63,0.12
TCGA:LSCC:TCGA-L3-A524-01,LSCC,LSCC,0.04,0.15,0.79,0.02
TCGA:LSCC:TCGA-LA-A446-01,LSCC,LSCC,0.02,0.05,0.92,0.01
TCGA:LSCC:TCGA-LA-A7SW-01,LSCC,LSCC,0.12,0.38,0.44,0.06
TCGA:LSCC:TCGA-MF-A522-01,LSCC,LSCC,0.02,0.24,0.66,0.08
TCGA:LSCC:TCGA-NC-A5HD-01,LSCC,LSCC,0.07,0.06,0.84,0.03
TCGA:LSCC:TCGA-NC-A5HE-01,LSCC,LSCC,0.11,0.07,0.64,0.18
TCGA:LSCC:TCGA-NC-A5HF-01,LSCC,LSCC,0.04,0.18,0.71,0.07
TCGA:LSCC:TCGA-NC-A5HG-01,LSCC,LSCC,0.06,0.27,0.63,0.04
TCGA:LSCC:TCGA-NC-A5HH-01,LSCC,LSCC,0.22,0.21,0.49,0.08
TCGA:LSCC:TCGA-NC-A5HI-01,LSCC,LSCC,0.01,0.18,0.78,0.03
TCGA:LSCC:TCGA-NC-A5HJ-01,LSCC,BRCA,0.47,0.04,0.12,0.37
TCGA:LSCC:TCGA-NC-A5HK-01,LSCC,LSCC,0.09,0.23,0.56,0.12
TCGA:LSCC:TCGA-NC-A5HL-01,LSCC,LSCC,0.06,0.19,0.72,0.03
TCGA:LSCC:TCGA-NC-A5HM-01,LSCC,LSCC,0.05,0.27,0.65,0.03
TCGA:LSCC:TCGA-NC-A5HN-01,LSCC,LSCC,0.05,0.22,0.68,0.05
TCGA:LSCC:TCGA-NC-A5HO-01,LSCC,LSCC,0.02,0.24,0.68,0.06
TCGA:LSCC:TCGA-NC-A5HP-01,LSCC,LSCC,0.02,0.21,0.77,0.0
TCGA:LSCC:TCGA-NC-A5HQ-01,LSCC,LSCC,0.01,0.33,0.63,0.03
TCGA:LSCC:TCGA-NC-A5HR-01,LSCC,LSCC,0.06,0.11,0.73,0.1
TCGA:LSCC:TCGA-NC-A5HT-01,LSCC,LSCC,0.1,0.21,0.61,0.08
TCGA:LSCC:TCGA-NK-A5CR-01,LSCC,LSCC,0.04,0.11,0.8,0.05
TCGA:LSCC:TCGA-NK-A5CT-01,LSCC,LSCC,0.03,0.23,0.61,0.13
TCGA:LSCC:TCGA-NK-A5CX-01,LSCC,LSCC,0.02,0.25,0.65,0.08
TCGA:LSCC:TCGA-NK-A7XE-01,LSCC,LSCC,0.05,0.35,0.48,0.12
TCGA:LSCC:TCGA-O2-A52N-01,LSCC,LSCC,0.08,0.29,0.59,0.04
TCGA:LSCC:TCGA-O2-A52Q-01,LSCC,LUAD,0.1,0.11,0.3,0.49
TCGA:LSCC:TCGA-O2-A52S-01,LSCC,LSCC,0.06,0.11,0.7,0.13
TCGA:LSCC:TCGA-O2-A52V-01,LSCC,LSCC,0.01,0.07,0.92,0.0
TCGA:LSCC:TCGA-O2-A52W-01,LSCC,LSCC,0.03,0.23,0.73,0.01
TCGA:LSCC:TCGA-O2-A5IB-01,LSCC,BRCA,0.63,0.07,0.13,0.17
TCGA:LSCC:TCGA-XC-AA0X-01,LSCC,LSCC,0.01,0.3,0.57,0.12
TCGA:HNSCC:TCGA-4P-AA8J-01,HNSCC,HNSCC,0.07,0.59,0.24,0.1
TCGA:HNSCC:TCGA-BA-4074-01,HNSCC,LSCC,0.02,0.34,0.5,0.14
TCGA:HNSCC:TCGA-BA-4076-01,HNSCC,HNSCC,0.01,0.88,0.1,0.01
TCGA:HNSCC:TCGA-BA-4078-01,HNSCC,LSCC,0.04,0.27,0.66,0.03
TCGA:HNSCC:TCGA-BA-5149-01,HNSCC,HNSCC,0.02,0.9,0.05,0.03
TCGA:HNSCC:TCGA-BA-5151-01,HNSCC,HNSCC,0.01,0.87,0.1,0.02
TCGA:HNSCC:TCGA-BA-5152-01,HNSCC,HNSCC,0.03,0.89,0.06,0.02
TCGA:HNSCC:TCGA-BA-5153-01,HNSCC,HNSCC,0.04,0.78,0.13,0.05
TCGA:HNSCC:TCGA-BA-5555-01,HNSCC,HNSCC,0.01,0.73,0.23,0.03
TCGA:HNSCC:TCGA-BA-5556-01,HNSCC,HNSCC,0.0,0.99,0.01,0.0
TCGA:HNSCC:TCGA-BA-5557-01,HNSCC,HNSCC,0.04,0.79,0.13,0.04
TCGA:HNSCC:TCGA-BA-5558-01,HNSCC,HNSCC,0.01,0.95,0.03,0.01
TCGA:HNSCC:TCGA-BA-5559-01,HNSCC,HNSCC,0.06,0.61,0.27,0.06
TCGA:HNSCC:TCGA-BA-6868-01,HNSCC,HNSCC,0.03,0.85,0.09,0.03
TCGA:HNSCC:TCGA-BA-6869-01,HNSCC,HNSCC,0.02,0.81,0.16,0.01
TCGA:HNSCC:TCGA-BA-6870-01,HNSCC,HNSCC,0.01,0.93,0.06,0.0
TCGA:HNSCC:TCGA-BA-6871-01,HNSCC,HNSCC,0.1,0.44,0.43,0.03
TCGA:HNSCC:TCGA-BA-6872-01,HNSCC,HNSCC,0.04,0.93,0.03,0.0
TCGA:HNSCC:TCGA-BA-6873-01,HNSCC,HNSCC,0.01,0.86,0.12,0.01
TCGA:HNSCC:TCGA-BA-7269-01,HNSCC,HNSCC,0.17,0.42,0.28,0.13
TCGA:HNSCC:TCGA-BA-A4IF-01,HNSCC,HNSCC,0.04,0.65,0.31,0.0
TCGA:HNSCC:TCGA-BA-A4IG-01,HNSCC,HNSCC,0.0,0.78,0.2,0.02
TCGA:HNSCC:TCGA-BA-A4IH-01,HNSCC,HNSCC,0.08,0.56,0.33,0.03
TCGA:HNSCC:TCGA-BA-A4II-01,HNSCC,HNSCC,0.03,0.79,0.16,0.02
TCGA:HNSCC:TCGA-BA-A6D8-01,HNSCC,HNSCC,0.08,0.68,0.18,0.06
TCGA:HNSCC:TCGA-BA-A6DA-01,HNSCC,HNSCC,0.02,0.71,0.15,0.12
TCGA:HNSCC:TCGA-BA-A6DB-01,HNSCC,HNSCC,0.03,0.81,0.1,0.06
TCGA:HNSCC:TCGA-BA-A6DD-01,HNSCC,HNSCC,0.05,0.88,0.05,0.02
TCGA:HNSCC:TCGA-BA-A6DE-01,HNSCC,HNSCC,0.05,0.82,0.11,0.02
TCGA:HNSCC:TCGA-BA-A6DG-01,HNSCC,HNSCC,0.07,0.71,0.18,0.04
TCGA:HNSCC:TCGA-BA-A6DI-01,HNSCC,HNSCC,0.01,0.93,0.05,0.01
TCGA:HNSCC:TCGA-BA-A6DJ-01,HNSCC,HNSCC,0.0,0.97,0.03,0.0
TCGA:HNSCC:TCGA-BA-A6DL-01,HNSCC,HNSCC,0.02,0.85,0.12,0.01
TCGA:HNSCC:TCGA-BA-A8YP-01,HNSCC,HNSCC,0.04,0.61,0.33,0.02
TCGA:HNSCC:TCGA-BB-4217-01,HNSCC,HNSCC,0.01,0.83,0.15,0.01
TCGA:HNSCC:TCGA-BB-4223-01,HNSCC,HNSCC,0.03,0.71,0.2,0.06
TCGA:HNSCC:TCGA-BB-4224-01,HNSCC,LSCC,0.06,0.43,0.47,0.04
TCGA:HNSCC:TCGA-BB-4225-01,HNSCC,HNSCC,0.1,0.61,0.27,0.02
TCGA:HNSCC:TCGA-BB-4227-01,HNSCC,HNSCC,0.08,0.54,0.31,0.07
TCGA:HNSCC:TCGA-BB-4228-01,HNSCC,HNSCC,0.06,0.71,0.2,0.03
TCGA:HNSCC:TCGA-BB-7861-01,HNSCC,HNSCC,0.03,0.63,0.31,0.03
TCGA:HNSCC:TCGA-BB-7862-01,HNSCC,HNSCC,0.08,0.56,0.32,0.04
TCGA:HNSCC:TCGA-BB-7863-01,HNSCC,HNSCC,0.03,0.9,0.06,0.01
TCGA:HNSCC:TCGA-BB-7864-01,HNSCC,HNSCC,0.02,0.78,0.19,0.01
TCGA:HNSCC:TCGA-BB-7866-01,HNSCC,HNSCC,0.09,0.64,0.23,0.04
TCGA:HNSCC:TCGA-BB-7870-01,HNSCC,HNSCC,0.09,0.5,0.39,0.02
TCGA:HNSCC:TCGA-BB-7871-01,HNSCC,LSCC,0.12,0.24,0.58,0.06
TCGA:HNSCC:TCGA-BB-7872-01,HNSCC,HNSCC,0.08,0.82,0.08,0.02
TCGA:HNSCC:TCGA-BB-8596-01,HNSCC,HNSCC,0.01,0.62,0.31,0.06
TCGA:HNSCC:TCGA-BB-8601-01,HNSCC,LSCC,0.02,0.29,0.67,0.02
TCGA:HNSCC:TCGA-BB-A5HU-01,HNSCC,HNSCC,0.02,0.78,0.17,0.03
TCGA:HNSCC:TCGA-BB-A5HY-01,HNSCC,HNSCC,0.06,0.72,0.21,0.01
TCGA:HNSCC:TCGA-BB-A5HZ-01,HNSCC,HNSCC,0.03,0.95,0.02,0.0
TCGA:HNSCC:TCGA-BB-A6UM-01,HNSCC,HNSCC,0.02,0.87,0.11,0.0
TCGA:HNSCC:TCGA-BB-A6UO-01,HNSCC,HNSCC,0.04,0.83,0.1,0.03
TCGA:HNSCC:TCGA-C9-A47Z-01,HNSCC,HNSCC,0.0,0.97,0.03,0.0
TCGA:HNSCC:TCGA-C9-A480-01,HNSCC,HNSCC,0.01,0.88,0.08,0.03
TCGA:HNSCC:TCGA-CN-4722-01,HNSCC,HNSCC,0.03,0.88,0.07,0.02
TCGA:HNSCC:TCGA-CN-4723-01,HNSCC,HNSCC,0.02,0.76,0.21,0.01
TCGA:HNSCC:TCGA-CN-4725-01,HNSCC,HNSCC,0.03,0.87,0.09,0.01
TCGA:HNSCC:TCGA-CN-4726-01,HNSCC,HNSCC,0.11,0.61,0.16,0.12
TCGA:HNSCC:TCGA-CN-4727-01,HNSCC,HNSCC,0.05,0.74,0.18,0.03
TCGA:HNSCC:TCGA-CN-4728-01,HNSCC,HNSCC,0.03,0.73,0.17,0.07
TCGA:HNSCC:TCGA-CN-4729-01,HNSCC,HNSCC,0.0,0.94,0.05,0.01
TCGA:HNSCC:TCGA-CN-4730-01,HNSCC,HNSCC,0.07,0.66,0.26,0.01
TCGA:HNSCC:TCGA-CN-4731-01,HNSCC,HNSCC,0.01,0.66,0.27,0.06
TCGA:HNSCC:TCGA-CN-4733-01,HNSCC,HNSCC,0.01,0.85,0.13,0.01
TCGA:HNSCC:TCGA-CN-4734-01,HNSCC,HNSCC,0.0,0.96,0.04,0.0
TCGA:HNSCC:TCGA-CN-4735-01,HNSCC,HNSCC,0.08,0.41,0.41,0.1
TCGA:HNSCC:TCGA-CN-4736-01,HNSCC,HNSCC,0.02,0.85,0.08,0.05
TCGA:HNSCC:TCGA-CN-4737-01,HNSCC,HNSCC,0.05,0.84,0.09,0.02
TCGA:HNSCC:TCGA-CN-4738-01,HNSCC,HNSCC,0.0,0.92,0.07,0.01
TCGA:HNSCC:TCGA-CN-4739-01,HNSCC,HNSCC,0.07,0.62,0.3,0.01
TCGA:HNSCC:TCGA-CN-4740-01,HNSCC,HNSCC,0.03,0.68,0.22,0.07
TCGA:HNSCC:TCGA-CN-4741-01,HNSCC,HNSCC,0.0,0.89,0.11,0.0
TCGA:HNSCC:TCGA-CN-4742-01,HNSCC,HNSCC,0.0,0.94,0.03,0.03
TCGA:HNSCC:TCGA-CN-5355-01,HNSCC,HNSCC,0.0,0.94,0.06,0.0
TCGA:HNSCC:TCGA-CN-5356-01,HNSCC,HNSCC,0.07,0.68,0.2,0.05
TCGA:HNSCC:TCGA-CN-5358-01,HNSCC,HNSCC,0.02,0.85,0.12,0.01
TCGA:HNSCC:TCGA-CN-5359-01,HNSCC,HNSCC,0.03,0.72,0.2,0.05
TCGA:HNSCC:TCGA-CN-5360-01,HNSCC,LSCC,0.04,0.26,0.62,0.08
TCGA:HNSCC:TCGA-CN-5361-01,HNSCC,HNSCC,0.03,0.65,0.25,0.07
TCGA:HNSCC:TCGA-CN-5363-01,HNSCC,HNSCC,0.04,0.72,0.18,0.06
TCGA:HNSCC:TCGA-CN-5364-01,HNSCC,HNSCC,0.0,0.86,0.14,0.0
TCGA:HNSCC:TCGA-CN-5365-01,HNSCC,HNSCC,0.01,0.91,0.08,0.0
TCGA:HNSCC:TCGA-CN-5366-01,HNSCC,HNSCC,0.01,0.91,0.07,0.01
TCGA:HNSCC:TCGA-CN-5367-01,HNSCC,HNSCC,0.01,0.76,0.2,0.03
TCGA:HNSCC:TCGA-CN-5369-01,HNSCC,HNSCC,0.0,0.95,0.05,0.0
TCGA:HNSCC:TCGA-CN-5370-01,HNSCC,HNSCC,0.04,0.79,0.1,0.07
TCGA:HNSCC:TCGA-CN-5373-01,HNSCC,HNSCC,0.01,0.87,0.1,0.02
TCGA:HNSCC:TCGA-CN-5374-01,HNSCC,HNSCC,0.08,0.71,0.19,0.02
TCGA:HNSCC:TCGA-CN-6010-01,HNSCC,HNSCC,0.01,0.53,0.45,0.01
TCGA:HNSCC:TCGA-CN-6011-01,HNSCC,HNSCC,0.01,0.95,0.04,0.0
TCGA:HNSCC:TCGA-CN-6012-01,HNSCC,HNSCC,0.0,0.66,0.32,0.02
TCGA:HNSCC:TCGA-CN-6013-01,HNSCC,HNSCC,0.02,0.85,0.08,0.05
TCGA:HNSCC:TCGA-CN-6016-01,HNSCC,HNSCC,0.1,0.64,0.19,0.07
TCGA:HNSCC:TCGA-CN-6017-01,HNSCC,HNSCC,0.04,0.71,0.16,0.09
TCGA:HNSCC:TCGA-CN-6018-01,HNSCC,HNSCC,0.02,0.87,0.1,0.01
TCGA:HNSCC:TCGA-CN-6019-01,HNSCC,HNSCC,0.06,0.63,0.25,0.06
TCGA:HNSCC:TCGA-CN-6020-01,HNSCC,HNSCC,0.01,0.99,0.0,0.0
TCGA:HNSCC:TCGA-CN-6021-01,HNSCC,HNSCC,0.07,0.62,0.22,0.09
TCGA:HNSCC:TCGA-CN-6022-01,HNSCC,HNSCC,0.0,0.88,0.1,0.02
TCGA:HNSCC:TCGA-CN-6023-01,HNSCC,LSCC,0.05,0.36,0.53,0.06
TCGA:HNSCC:TCGA-CN-6024-01,HNSCC,HNSCC,0.03,0.77,0.18,0.02
TCGA:HNSCC:TCGA-CN-6988-01,HNSCC,HNSCC,0.01,0.79,0.15,0.05
TCGA:HNSCC:TCGA-CN-6989-01,HNSCC,HNSCC,0.01,0.64,0.34,0.01
TCGA:HNSCC:TCGA-CN-6992-01,HNSCC,HNSCC,0.03,0.57,0.36,0.04
TCGA:HNSCC:TCGA-CN-6994-01,HNSCC,HNSCC,0.0,0.89,0.11,0.0
TCGA:HNSCC:TCGA-CN-6995-01,HNSCC,HNSCC,0.01,0.85,0.09,0.05
TCGA:HNSCC:TCGA-CN-6996-01,HNSCC,HNSCC,0.0,0.96,0.04,0.0
TCGA:HNSCC:TCGA-CN-6997-01,HNSCC,HNSCC,0.02,0.51,0.45,0.02
TCGA:HNSCC:TCGA-CN-6998-01,HNSCC,HNSCC,0.02,0.94,0.01,0.03
TCGA:HNSCC:TCGA-CN-A497-01,HNSCC,HNSCC,0.13,0.57,0.27,0.03
TCGA:HNSCC:TCGA-CN-A498-01,HNSCC,HNSCC,0.01,0.82,0.17,0.0
TCGA:HNSCC:TCGA-CN-A499-01,HNSCC,HNSCC,0.02,0.85,0.12,0.01
TCGA:HNSCC:TCGA-CN-A49A-01,HNSCC,LSCC,0.07,0.42,0.48,0.03
TCGA:HNSCC:TCGA-CN-A49B-01,HNSCC,HNSCC,0.02,0.91,0.06,0.01
TCGA:HNSCC:TCGA-CN-A49C-01,HNSCC,HNSCC,0.03,0.78,0.16,0.03
TCGA:HNSCC:TCGA-CN-A63T-01,HNSCC,HNSCC,0.02,0.9,0.07,0.01
TCGA:HNSCC:TCGA-CN-A63U-01,HNSCC,LSCC,0.21,0.34,0.38,0.07
TCGA:HNSCC:TCGA-CN-A63V-01,HNSCC,HNSCC,0.09,0.74,0.15,0.02
TCGA:HNSCC:TCGA-CN-A63W-01,HNSCC,HNSCC,0.01,0.86,0.12,0.01
TCGA:HNSCC:TCGA-CN-A641-01,HNSCC,HNSCC,0.01,0.63,0.32,0.04
TCGA:HNSCC:TCGA-CN-A642-01,HNSCC,HNSCC,0.1,0.61,0.23,0.06
TCGA:HNSCC:TCGA-CN-A6UY-01,HNSCC,HNSCC,0.11,0.63,0.2,0.06
TCGA:HNSCC:TCGA-CN-A6V1-01,HNSCC,HNSCC,0.04,0.82,0.11,0.03
TCGA:HNSCC:TCGA-CN-A6V3-01,HNSCC,HNSCC,0.01,0.9,0.08,0.01
TCGA:HNSCC:TCGA-CN-A6V6-01,HNSCC,HNSCC,0.04,0.89,0.07,0.0
TCGA:HNSCC:TCGA-CN-A6V7-01,HNSCC,HNSCC,0.03,0.73,0.22,0.02
TCGA:HNSCC:TCGA-CQ-5323-01,HNSCC,HNSCC,0.0,0.95,0.05,0.0
TCGA:HNSCC:TCGA-CQ-5324-01,HNSCC,HNSCC,0.01,0.94,0.05,0.0
TCGA:HNSCC:TCGA-CQ-5325-01,HNSCC,HNSCC,0.02,0.92,0.05,0.01
TCGA:HNSCC:TCGA-CQ-5326-01,HNSCC,HNSCC,0.0,0.9,0.1,0.0
TCGA:HNSCC:TCGA-CQ-5327-01,HNSCC,HNSCC,0.04,0.95,0.01,0.0
TCGA:HNSCC:TCGA-CQ-5329-01,HNSCC,HNSCC,0.08,0.75,0.12,0.05
TCGA:HNSCC:TCGA-CQ-5330-01,HNSCC,HNSCC,0.07,0.84,0.07,0.02
TCGA:HNSCC:TCGA-CQ-5331-01,HNSCC,HNSCC,0.02,0.98,0.0,0.0
TCGA:HNSCC:TCGA-CQ-5332-01,HNSCC,HNSCC,0.01,0.75,0.23,0.01
TCGA:HNSCC:TCGA-CQ-5333-01,HNSCC,HNSCC,0.1,0.63,0.19,0.08
TCGA:HNSCC:TCGA-CQ-5334-01,HNSCC,HNSCC,0.07,0.84,0.06,0.03
TCGA:HNSCC:TCGA-CQ-6218-01,HNSCC,HNSCC,0.0,0.97,0.03,0.0
TCGA:HNSCC:TCGA-CQ-6219-01,HNSCC,HNSCC,0.03,0.84,0.11,0.02
TCGA:HNSCC:TCGA-CQ-6220-01,HNSCC,HNSCC,0.0,0.98,0.02,0.0
TCGA:HNSCC:TCGA-CQ-6222-01,HNSCC,HNSCC,0.05,0.87,0.06,0.02
TCGA:HNSCC:TCGA-CQ-6223-01,HNSCC,HNSCC,0.0,0.95,0.04,0.01
TCGA:HNSCC:TCGA-CQ-6224-01,HNSCC,HNSCC,0.04,0.73,0.18,0.05
TCGA:HNSCC:TCGA-CQ-6225-01,HNSCC,LSCC,0.02,0.36,0.61,0.01
TCGA:HNSCC:TCGA-CQ-6227-01,HNSCC,HNSCC,0.01,0.95,0.04,0.0
TCGA:HNSCC:TCGA-CQ-6228-01,HNSCC,HNSCC,0.04,0.62,0.32,0.02
TCGA:HNSCC:TCGA-CQ-6229-01,HNSCC,HNSCC,0.0,0.96,0.04,0.0
TCGA:HNSCC:TCGA-CQ-7063-01,HNSCC,HNSCC,0.02,0.94,0.04,0.0
TCGA:HNSCC:TCGA-CQ-7065-01,HNSCC,HNSCC,0.03,0.87,0.08,0.02
TCGA:HNSCC:TCGA-CQ-7067-01,HNSCC,HNSCC,0.0,0.83,0.14,0.03
TCGA:HNSCC:TCGA-CQ-7068-01,HNSCC,HNSCC,0.03,0.95,0.02,0.0
TCGA:HNSCC:TCGA-CQ-7069-01,HNSCC,HNSCC,0.06,0.69,0.2,0.05
TCGA:HNSCC:TCGA-CQ-7071-01,HNSCC,HNSCC,0.02,0.93,0.04,0.01
TCGA:HNSCC:TCGA-CQ-7072-01,HNSCC,HNSCC,0.06,0.52,0.37,0.05
TCGA:HNSCC:TCGA-CQ-A4C6-01,HNSCC,HNSCC,0.0,0.93,0.07,0.0
TCGA:HNSCC:TCGA-CQ-A4C9-01,HNSCC,HNSCC,0.01,0.49,0.46,0.04
TCGA:HNSCC:TCGA-CQ-A4CA-01,HNSCC,HNSCC,0.02,0.78,0.19,0.01
TCGA:HNSCC:TCGA-CQ-A4CB-01,HNSCC,HNSCC,0.01,0.94,0.05,0.0
TCGA:HNSCC:TCGA-CQ-A4CD-01,HNSCC,HNSCC,0.0,0.9,0.09,0.01
TCGA:HNSCC:TCGA-CQ-A4CE-01,HNSCC,HNSCC,0.0,0.95,0.05,0.0
TCGA:HNSCC:TCGA-CQ-A4CG-01,HNSCC,HNSCC,0.01,0.82,0.17,0.0
TCGA:HNSCC:TCGA-CQ-A4CH-01,HNSCC,HNSCC,0.02,0.87,0.1,0.01
TCGA:HNSCC:TCGA-CQ-A4CI-01,HNSCC,LSCC,0.03,0.21,0.72,0.04
TCGA:HNSCC:TCGA-CR-5243-01,HNSCC,HNSCC,0.02,0.8,0.14,0.04
TCGA:HNSCC:TCGA-CR-5247-01,HNSCC,HNSCC,0.03,0.83,0.14,0.0
TCGA:HNSCC:TCGA-CR-5248-01,HNSCC,HNSCC,0.0,0.78,0.22,0.0
TCGA:HNSCC:TCGA-CR-5249-01,HNSCC,HNSCC,0.03,0.88,0.09,0.0
TCGA:HNSCC:TCGA-CR-5250-01,HNSCC,HNSCC,0.05,0.73,0.17,0.05
TCGA:HNSCC:TCGA-CR-6467-01,HNSCC,HNSCC,0.04,0.66,0.24,0.06
TCGA:HNSCC:TCGA-CR-6470-01,HNSCC,HNSCC,0.06,0.6,0.29,0.05
TCGA:HNSCC:TCGA-CR-6471-01,HNSCC,HNSCC,0.08,0.83,0.06,0.03
TCGA:HNSCC:TCGA-CR-6472-01,HNSCC,HNSCC,0.18,0.45,0.35,0.02
TCGA:HNSCC:TCGA-CR-6473-01,HNSCC,HNSCC,0.08,0.52,0.35,0.05
TCGA:HNSCC:TCGA-CR-6474-01,HNSCC,HNSCC,0.0,0.83,0.15,0.02
TCGA:HNSCC:TCGA-CR-6477-01,HNSCC,HNSCC,0.01,0.93,0.05,0.01
TCGA:HNSCC:TCGA-CR-6478-01,HNSCC,HNSCC,0.03,0.67,0.26,0.04
TCGA:HNSCC:TCGA-CR-6480-01,HNSCC,HNSCC,0.01,0.86,0.11,0.02
TCGA:HNSCC:TCGA-CR-6481-01,HNSCC,HNSCC,0.12,0.6,0.27,0.01
TCGA:HNSCC:TCGA-CR-6482-01,HNSCC,HNSCC,0.12,0.48,0.33,0.07
TCGA:HNSCC:TCGA-CR-6484-01,HNSCC,HNSCC,0.0,0.84,0.12,0.04
TCGA:HNSCC:TCGA-CR-6487-01,HNSCC,HNSCC,0.02,0.56,0.37,0.05
TCGA:HNSCC:TCGA-CR-6488-01,HNSCC,HNSCC,0.03,0.82,0.11,0.04
TCGA:HNSCC:TCGA-CR-6491-01,HNSCC,HNSCC,0.0,0.92,0.08,0.0
TCGA:HNSCC:TCGA-CR-6492-01,HNSCC,HNSCC,0.01,0.97,0.02,0.0
TCGA:HNSCC:TCGA-CR-6493-01,HNSCC,HNSCC,0.0,0.92,0.08,0.0
TCGA:HNSCC:TCGA-CR-7364-01,HNSCC,HNSCC,0.06,0.66,0.25,0.03
TCGA:HNSCC:TCGA-CR-7365-01,HNSCC,HNSCC,0.01,0.94,0.05,0.0
TCGA:HNSCC:TCGA-CR-7367-01,HNSCC,HNSCC,0.0,0.84,0.13,0.03
TCGA:HNSCC:TCGA-CR-7368-01,HNSCC,HNSCC,0.04,0.76,0.19,0.01
TCGA:HNSCC:TCGA-CR-7369-01,HNSCC,HNSCC,0.0,0.94,0.06,0.0
TCGA:HNSCC:TCGA-CR-7370-01,HNSCC,HNSCC,0.04,0.54,0.41,0.01
TCGA:HNSCC:TCGA-CR-7371-01,HNSCC,HNSCC,0.01,0.51,0.46,0.02
TCGA:HNSCC:TCGA-CR-7372-01,HNSCC,HNSCC,0.01,0.93,0.05,0.01
TCGA:HNSCC:TCGA-CR-7373-01,HNSCC,HNSCC,0.04,0.84,0.11,0.01
TCGA:HNSCC:TCGA-CR-7374-01,HNSCC,HNSCC,0.03,0.44,0.43,0.1
TCGA:HNSCC:TCGA-CR-7376-01,HNSCC,HNSCC,0.04,0.68,0.2,0.08
TCGA:HNSCC:TCGA-CR-7377-01,HNSCC,HNSCC,0.0,0.96,0.04,0.0
TCGA:HNSCC:TCGA-CR-7379-01,HNSCC,HNSCC,0.01,0.92,0.07,0.0
TCGA:HNSCC:TCGA-CR-7380-01,HNSCC,HNSCC,0.0,0.93,0.07,0.0
TCGA:HNSCC:TCGA-CR-7382-01,HNSCC,HNSCC,0.06,0.57,0.19,0.18
TCGA:HNSCC:TCGA-CR-7383-01,HNSCC,HNSCC,0.03,0.48,0.48,0.01
TCGA:HNSCC:TCGA-CR-7385-01,HNSCC,HNSCC,0.0,0.91,0.09,0.0
TCGA:HNSCC:TCGA-CR-7386-01,HNSCC,HNSCC,0.04,0.78,0.17,0.01
TCGA:HNSCC:TCGA-CR-7388-01,HNSCC,HNSCC,0.01,0.78,0.18,0.03
TCGA:HNSCC:TCGA-CR-7389-01,HNSCC,HNSCC,0.03,0.72,0.22,0.03
TCGA:HNSCC:TCGA-CR-7390-01,HNSCC,HNSCC,0.0,0.89,0.11,0.0
TCGA:HNSCC:TCGA-CR-7391-01,HNSCC,HNSCC,0.03,0.9,0.05,0.02
TCGA:HNSCC:TCGA-CR-7392-01,HNSCC,HNSCC,0.04,0.81,0.11,0.04
TCGA:HNSCC:TCGA-CR-7393-01,HNSCC,HNSCC,0.1,0.75,0.13,0.02
TCGA:HNSCC:TCGA-CR-7394-01,HNSCC,HNSCC,0.01,0.93,0.03,0.03
TCGA:HNSCC:TCGA-CR-7395-01,HNSCC,HNSCC,0.01,0.96,0.02,0.01
TCGA:HNSCC:TCGA-CR-7397-01,HNSCC,HNSCC,0.01,0.92,0.06,0.01
TCGA:HNSCC:TCGA-CR-7398-01,HNSCC,HNSCC,0.08,0.52,0.36,0.04
TCGA:HNSCC:TCGA-CR-7399-01,HNSCC,LSCC,0.09,0.28,0.57,0.06
TCGA:HNSCC:TCGA-CR-7401-01,HNSCC,HNSCC,0.02,0.95,0.03,0.0
TCGA:HNSCC:TCGA-CR-7402-01,HNSCC,HNSCC,0.09,0.68,0.21,0.02
TCGA:HNSCC:TCGA-CR-7404-01,HNSCC,HNSCC,0.02,0.74,0.23,0.01
TCGA:HNSCC:TCGA-CV-5430-01,HNSCC,HNSCC,0.04,0.52,0.41,0.03
TCGA:HNSCC:TCGA-CV-5431-01,HNSCC,HNSCC,0.05,0.65,0.27,0.03
TCGA:HNSCC:TCGA-CV-5432-01,HNSCC,HNSCC,0.04,0.65,0.31,0.0
TCGA:HNSCC:TCGA-CV-5434-01,HNSCC,LSCC,0.01,0.26,0.69,0.04
TCGA:HNSCC:TCGA-CV-5435-01,HNSCC,HNSCC,0.02,0.52,0.43,0.03
TCGA:HNSCC:TCGA-CV-5436-01,HNSCC,HNSCC,0.0,0.89,0.11,0.0
TCGA:HNSCC:TCGA-CV-5439-01,HNSCC,HNSCC,0.01,0.8,0.14,0.05
TCGA:HNSCC:TCGA-CV-5440-01,HNSCC,HNSCC,0.05,0.63,0.26,0.06
TCGA:HNSCC:TCGA-CV-5441-01,HNSCC,HNSCC,0.07,0.82,0.09,0.02
TCGA:HNSCC:TCGA-CV-5442-01,HNSCC,HNSCC,0.08,0.74,0.16,0.02
TCGA:HNSCC:TCGA-CV-5443-01,HNSCC,HNSCC,0.08,0.56,0.35,0.01
TCGA:HNSCC:TCGA-CV-5444-01,HNSCC,HNSCC,0.05,0.85,0.08,0.02
TCGA:HNSCC:TCGA-CV-5966-01,HNSCC,HNSCC,0.11,0.51,0.33,0.05
TCGA:HNSCC:TCGA-CV-5970-01,HNSCC,HNSCC,0.0,0.96,0.04,0.0
TCGA:HNSCC:TCGA-CV-5971-01,HNSCC,BRCA,0.27,0.27,0.26,0.2
TCGA:HNSCC:TCGA-CV-5973-01,HNSCC,HNSCC,0.05,0.65,0.25,0.05
TCGA:HNSCC:TCGA-CV-5976-01,HNSCC,HNSCC,0.01,0.96,0.03,0.0
TCGA:HNSCC:TCGA-CV-5977-01,HNSCC,HNSCC,0.0,0.97,0.03,0.0
TCGA:HNSCC:TCGA-CV-5978-01,HNSCC,LSCC,0.05,0.21,0.71,0.03
TCGA:HNSCC:TCGA-CV-5979-01,HNSCC,HNSCC,0.04,0.9,0.06,0.0
TCGA:HNSCC:TCGA-CV-6003-01,HNSCC,HNSCC,0.0,0.93,0.06,0.01
TCGA:HNSCC:TCGA-CV-6433-01,HNSCC,HNSCC,0.12,0.52,0.27,0.09
TCGA:HNSCC:TCGA-CV-6436-01,HNSCC,HNSCC,0.0,0.97,0.02,0.01
TCGA:HNSCC:TCGA-CV-6441-01,HNSCC,HNSCC,0.02,0.58,0.38,0.02
TCGA:HNSCC:TCGA-CV-6933-01,HNSCC,HNSCC,0.0,0.77,0.2,0.03
TCGA:HNSCC:TCGA-CV-6934-01,HNSCC,HNSCC,0.04,0.8,0.16,0.0
TCGA:HNSCC:TCGA-CV-6935-01,HNSCC,HNSCC,0.03,0.82,0.12,0.03
TCGA:HNSCC:TCGA-CV-6936-01,HNSCC,HNSCC,0.02,0.87,0.07,0.04
TCGA:HNSCC:TCGA-CV-6937-01,HNSCC,HNSCC,0.1,0.57,0.23,0.1
TCGA:HNSCC:TCGA-CV-6938-01,HNSCC,HNSCC,0.04,0.89,0.06,0.01
TCGA:HNSCC:TCGA-CV-6939-01,HNSCC,HNSCC,0.03,0.66,0.27,0.04
TCGA:HNSCC:TCGA-CV-6940-01,HNSCC,HNSCC,0.0,0.74,0.24,0.02
TCGA:HNSCC:TCGA-CV-6941-01,HNSCC,HNSCC,0.02,0.73,0.24,0.01
TCGA:HNSCC:TCGA-CV-6942-01,HNSCC,HNSCC,0.07,0.76,0.17,0.0
TCGA:HNSCC:TCGA-CV-6943-01,HNSCC,HNSCC,0.02,0.91,0.05,0.02
TCGA:HNSCC:TCGA-CV-6945-01,HNSCC,HNSCC,0.04,0.75,0.16,0.05
TCGA:HNSCC:TCGA-CV-6948-01,HNSCC,LSCC,0.04,0.25,0.69,0.02
TCGA:HNSCC:TCGA-CV-6950-01,HNSCC,HNSCC,0.0,0.96,0.04,0.0
TCGA:HNSCC:TCGA-CV-6951-01,HNSCC,HNSCC,0.01,0.82,0.17,0.0
TCGA:HNSCC:TCGA-CV-6952-01,HNSCC,HNSCC,0.0,0.99,0.01,0.0
TCGA:HNSCC:TCGA-CV-6953-01,HNSCC,HNSCC,0.06,0.88,0.05,0.01
TCGA:HNSCC:TCGA-CV-6954-01,HNSCC,HNSCC,0.05,0.88,0.07,0.0
TCGA:HNSCC:TCGA-CV-6955-01,HNSCC,HNSCC,0.02,0.89,0.08,0.01
TCGA:HNSCC:TCGA-CV-6956-01,HNSCC,HNSCC,0.0,0.88,0.11,0.01
TCGA:HNSCC:TCGA-CV-6959-01,HNSCC,HNSCC,0.0,0.97,0.02,0.01
TCGA:HNSCC:TCGA-CV-6960-01,HNSCC,HNSCC,0.03,0.74,0.15,0.08
TCGA:HNSCC:TCGA-CV-6961-01,HNSCC,HNSCC,0.0,0.79,0.2,0.01
TCGA:HNSCC:TCGA-CV-6962-01,HNSCC,LSCC,0.06,0.38,0.54,0.02
TCGA:HNSCC:TCGA-CV-7089-01,HNSCC,HNSCC,0.0,1.0,0.0,0.0
TCGA:HNSCC:TCGA-CV-7090-01,HNSCC,HNSCC,0.02,0.87,0.09,0.02
TCGA:HNSCC:TCGA-CV-7091-01,HNSCC,HNSCC,0.0,0.94,0.06,0.0
TCGA:HNSCC:TCGA-CV-7095-01,HNSCC,HNSCC,0.01,0.92,0.06,0.01
TCGA:HNSCC:TCGA-CV-7097-01,HNSCC,HNSCC,0.01,0.8,0.16,0.03
TCGA:HNSCC:TCGA-CV-7099-01,HNSCC,HNSCC,0.0,0.97,0.03,0.0
TCGA:HNSCC:TCGA-CV-7100-01,HNSCC,HNSCC,0.01,0.72,0.25,0.02
TCGA:HNSCC:TCGA-CV-7101-01,HNSCC,HNSCC,0.0,0.88,0.12,0.0
TCGA:HNSCC:TCGA-CV-7102-01,HNSCC,HNSCC,0.04,0.85,0.11,0.0
TCGA:HNSCC:TCGA-CV-7103-01,HNSCC,HNSCC,0.06,0.49,0.42,0.03
TCGA:HNSCC:TCGA-CV-7104-01,HNSCC,HNSCC,0.03,0.93,0.02,0.02
TCGA:HNSCC:TCGA-CV-7177-01,HNSCC,HNSCC,0.04,0.62,0.29,0.05
TCGA:HNSCC:TCGA-CV-7178-01,HNSCC,HNSCC,0.03,0.47,0.47,0.03
TCGA:HNSCC:TCGA-CV-7180-01,HNSCC,HNSCC,0.0,1.0,0.0,0.0
TCGA:HNSCC:TCGA-CV-7183-01,HNSCC,HNSCC,0.0,0.96,0.01,0.03
TCGA:HNSCC:TCGA-CV-7235-01,HNSCC,HNSCC,0.07,0.65,0.26,0.02
TCGA:HNSCC:TCGA-CV-7236-01,HNSCC,HNSCC,0.0,0.96,0.04,0.0
TCGA:HNSCC:TCGA-CV-7238-01,HNSCC,HNSCC,0.0,0.98,0.02,0.0
TCGA:HNSCC:TCGA-CV-7242-01,HNSCC,HNSCC,0.04,0.8,0.15,0.01
TCGA:HNSCC:TCGA-CV-7243-01,HNSCC,HNSCC,0.0,0.92,0.07,0.01
TCGA:HNSCC:TCGA-CV-7245-01,HNSCC,HNSCC,0.0,0.9,0.1,0.0
TCGA:HNSCC:TCGA-CV-7247-01,HNSCC,HNSCC,0.01,0.8,0.19,0.0
TCGA:HNSCC:TCGA-CV-7248-01,HNSCC,HNSCC,0.01,0.6,0.38,0.01
TCGA:HNSCC:TCGA-CV-7250-01,HNSCC,HNSCC,0.01,0.87,0.11,0.01
TCGA:HNSCC:TCGA-CV-7252-01,HNSCC,HNSCC,0.01,0.94,0.05,0.0
TCGA:HNSCC:TCGA-CV-7253-01,HNSCC,HNSCC,0.01,0.84,0.12,0.03
TCGA:HNSCC:TCGA-CV-7254-01,HNSCC,LSCC,0.05,0.37,0.52,0.06
TCGA:HNSCC:TCGA-CV-7255-01,HNSCC,HNSCC,0.03,0.91,0.06,0.0
TCGA:HNSCC:TCGA-CV-7261-01,HNSCC,LSCC,0.01,0.24,0.75,0.0
TCGA:HNSCC:TCGA-CV-7263-01,HNSCC,HNSCC,0.02,0.73,0.22,0.03
TCGA:HNSCC:TCGA-CV-7406-01,HNSCC,HNSCC,0.09,0.71,0.18,0.02
TCGA:HNSCC:TCGA-CV-7407-01,HNSCC,HNSCC,0.01,0.68,0.29,0.02
TCGA:HNSCC:TCGA-CV-7409-01,HNSCC,HNSCC,0.02,0.74,0.23,0.01
TCGA:HNSCC:TCGA-CV-7410-01,HNSCC,HNSCC,0.03,0.81,0.14,0.02
TCGA:HNSCC:TCGA-CV-7411-01,HNSCC,HNSCC,0.05,0.87,0.05,0.03
TCGA:HNSCC:TCGA-CV-7413-01,HNSCC,HNSCC,0.03,0.85,0.09,0.03
TCGA:HNSCC:TCGA-CV-7414-01,HNSCC,HNSCC,0.05,0.63,0.29,0.03
TCGA:HNSCC:TCGA-CV-7415-01,HNSCC,HNSCC,0.0,0.88,0.09,0.03
TCGA:HNSCC:TCGA-CV-7416-01,HNSCC,HNSCC,0.01,0.75,0.23,0.01
TCGA:HNSCC:TCGA-CV-7418-01,HNSCC,LSCC,0.02,0.39,0.55,0.04
TCGA:HNSCC:TCGA-CV-7421-01,HNSCC,HNSCC,0.06,0.62,0.26,0.06
TCGA:HNSCC:TCGA-CV-7422-01,HNSCC,HNSCC,0.0,0.55,0.43,0.02
TCGA:HNSCC:TCGA-CV-7423-01,HNSCC,HNSCC,0.01,0.93,0.06,0.0
TCGA:HNSCC:TCGA-CV-7424-01,HNSCC,LSCC,0.03,0.3,0.63,0.04
TCGA:HNSCC:TCGA-CV-7425-01,HNSCC,HNSCC,0.02,0.93,0.03,0.02
TCGA:HNSCC:TCGA-CV-7427-01,HNSCC,HNSCC,0.0,0.99,0.0,0.01
TCGA:HNSCC:TCGA-CV-7428-01,HNSCC,HNSCC,0.0,0.91,0.06,0.03
TCGA:HNSCC:TCGA-CV-7429-01,HNSCC,HNSCC,0.07,0.51,0.32,0.1
TCGA:HNSCC:TCGA-CV-7430-01,HNSCC,HNSCC,0.02,0.86,0.1,0.02
TCGA:HNSCC:TCGA-CV-7432-01,HNSCC,HNSCC,0.02,0.81,0.15,0.02
TCGA:HNSCC:TCGA-CV-7433-01,HNSCC,HNSCC,0.01,0.92,0.07,0.0
TCGA:HNSCC:TCGA-CV-7434-01,HNSCC,HNSCC,0.0,0.94,0.05,0.01
TCGA:HNSCC:TCGA-CV-7435-01,HNSCC,HNSCC,0.02,0.89,0.08,0.01
TCGA:HNSCC:TCGA-CV-7437-01,HNSCC,LSCC,0.01,0.4,0.52,0.07
TCGA:HNSCC:TCGA-CV-7438-01,HNSCC,HNSCC,0.1,0.83,0.06,0.01
TCGA:HNSCC:TCGA-CV-7440-01,HNSCC,HNSCC,0.09,0.54,0.29,0.08
TCGA:HNSCC:TCGA-CV-7446-01,HNSCC,LSCC,0.08,0.32,0.49,0.11
TCGA:HNSCC:TCGA-CV-7568-01,HNSCC,LSCC,0.06,0.36,0.47,0.11
TCGA:HNSCC:TCGA-CV-A45O-01,HNSCC,HNSCC,0.09,0.72,0.14,0.05
TCGA:HNSCC:TCGA-CV-A45P-01,HNSCC,HNSCC,0.01,0.98,0.01,0.0
TCGA:HNSCC:TCGA-CV-A45Q-01,HNSCC,HNSCC,0.04,0.89,0.04,0.03
TCGA:HNSCC:TCGA-CV-A45R-01,HNSCC,HNSCC,0.03,0.92,0.05,0.0
TCGA:HNSCC:TCGA-CV-A45T-01,HNSCC,HNSCC,0.02,0.93,0.04,0.01
TCGA:HNSCC:TCGA-CV-A45U-01,HNSCC,HNSCC,0.02,0.82,0.14,0.02
TCGA:HNSCC:TCGA-CV-A45V-01,HNSCC,HNSCC,0.01,0.94,0.05,0.0
TCGA:HNSCC:TCGA-CV-A45W-01,HNSCC,LSCC,0.03,0.18,0.79,0.0
TCGA:HNSCC:TCGA-CV-A45X-01,HNSCC,HNSCC,0.02,0.91,0.06,0.01
TCGA:HNSCC:TCGA-CV-A45Y-01,HNSCC,HNSCC,0.02,0.81,0.15,0.02
TCGA:HNSCC:TCGA-CV-A45Z-01,HNSCC,LSCC,0.04,0.18,0.78,0.0
TCGA:HNSCC:TCGA-CV-A460-01,HNSCC,HNSCC,0.05,0.53,0.42,0.0
TCGA:HNSCC:TCGA-CV-A461-01,HNSCC,HNSCC,0.05,0.6,0.24,0.11
TCGA:HNSCC:TCGA-CV-A463-01,HNSCC,HNSCC,0.05,0.87,0.03,0.05
TCGA:HNSCC:TCGA-CV-A464-01,HNSCC,HNSCC,0.01,0.91,0.08,0.0
TCGA:HNSCC:TCGA-CV-A465-01,HNSCC,HNSCC,0.01,0.93,0.04,0.02
TCGA:HNSCC:TCGA-CV-A468-01,HNSCC,HNSCC,0.0,0.94,0.05,0.01
TCGA:HNSCC:TCGA-CV-A6JD-01,HNSCC,HNSCC,0.06,0.73,0.17,0.04
TCGA:HNSCC:TCGA-CV-A6JE-01,HNSCC,HNSCC,0.09,0.78,0.11,0.02
TCGA:HNSCC:TCGA-CV-A6JM-01,HNSCC,HNSCC,0.06,0.79,0.1,0.05
TCGA:HNSCC:TCGA-CV-A6JN-01,HNSCC,HNSCC,0.03,0.91,0.05,0.01
TCGA:HNSCC:TCGA-CV-A6JO-01,HNSCC,HNSCC,0.01,0.95,0.04,0.0
TCGA:HNSCC:TCGA-CV-A6JT-01,HNSCC,HNSCC,0.05,0.87,0.06,0.02
TCGA:HNSCC:TCGA-CV-A6JU-01,HNSCC,HNSCC,0.12,0.64,0.15,0.09
TCGA:HNSCC:TCGA-CV-A6JY-01,HNSCC,HNSCC,0.02,0.97,0.01,0.0
TCGA:HNSCC:TCGA-CV-A6JZ-01,HNSCC,HNSCC,0.05,0.84,0.08,0.03
TCGA:HNSCC:TCGA-CV-A6K0-01,HNSCC,HNSCC,0.02,0.86,0.1,0.02
TCGA:HNSCC:TCGA-CV-A6K1-01,HNSCC,HNSCC,0.08,0.79,0.09,0.04
TCGA:HNSCC:TCGA-CV-A6K2-01,HNSCC,HNSCC,0.01,0.88,0.09,0.02
TCGA:HNSCC:TCGA-CX-7085-01,HNSCC,HNSCC,0.03,0.72,0.15,0.1
TCGA:HNSCC:TCGA-CX-7086-01,HNSCC,HNSCC,0.04,0.81,0.13,0.02
TCGA:HNSCC:TCGA-CX-7219-01,HNSCC,HNSCC,0.04,0.84,0.06,0.06
TCGA:HNSCC:TCGA-CX-A4AQ-01,HNSCC,HNSCC,0.09,0.47,0.39,0.05
TCGA:HNSCC:TCGA-D6-6515-01,HNSCC,HNSCC,0.07,0.72,0.17,0.04
TCGA:HNSCC:TCGA-D6-6516-01,HNSCC,HNSCC,0.0,0.93,0.07,0.0
TCGA:HNSCC:TCGA-D6-6517-01,HNSCC,HNSCC,0.01,0.94,0.05,0.0
TCGA:HNSCC:TCGA-D6-6823-01,HNSCC,HNSCC,0.0,0.86,0.14,0.0
TCGA:HNSCC:TCGA-D6-6824-01,HNSCC,HNSCC,0.06,0.42,0.27,0.25
TCGA:HNSCC:TCGA-D6-6825-01,HNSCC,HNSCC,0.0,0.89,0.11,0.0
TCGA:HNSCC:TCGA-D6-6826-01,HNSCC,HNSCC,0.07,0.68,0.18,0.07
TCGA:HNSCC:TCGA-D6-6827-01,HNSCC,LSCC,0.24,0.22,0.43,0.11
TCGA:HNSCC:TCGA-D6-8568-01,HNSCC,HNSCC,0.0,0.81,0.14,0.05
TCGA:HNSCC:TCGA-D6-8569-01,HNSCC,HNSCC,0.0,0.83,0.15,0.02
TCGA:HNSCC:TCGA-D6-A4Z9-01,HNSCC,HNSCC,0.01,0.91,0.08,0.0
TCGA:HNSCC:TCGA-D6-A4ZB-01,HNSCC,HNSCC,0.01,0.86,0.12,0.01
TCGA:HNSCC:TCGA-D6-A6EK-01,HNSCC,HNSCC,0.07,0.87,0.06,0.0
TCGA:HNSCC:TCGA-D6-A6EM-01,HNSCC,HNSCC,0.12,0.72,0.13,0.03
TCGA:HNSCC:TCGA-D6-A6EN-01,HNSCC,HNSCC,0.11,0.79,0.04,0.06
TCGA:HNSCC:TCGA-D6-A6EO-01,HNSCC,HNSCC,0.03,0.77,0.16,0.04
TCGA:HNSCC:TCGA-D6-A6EP-01,HNSCC,BRCA,0.51,0.17,0.15,0.17
TCGA:HNSCC:TCGA-D6-A6EQ-01,HNSCC,HNSCC,0.03,0.92,0.04,0.01
TCGA:HNSCC:TCGA-D6-A6ES-01,HNSCC,HNSCC,0.15,0.59,0.18,0.08
TCGA:HNSCC:TCGA-D6-A74Q-01,HNSCC,HNSCC,0.01,0.7,0.26,0.03
TCGA:HNSCC:TCGA-DQ-5624-01,HNSCC,HNSCC,0.02,0.94,0.03,0.01
TCGA:HNSCC:TCGA-DQ-5625-01,HNSCC,HNSCC,0.04,0.87,0.05,0.04
TCGA:HNSCC:TCGA-DQ-5629-01,HNSCC,HNSCC,0.0,0.6,0.39,0.01
TCGA:HNSCC:TCGA-DQ-5630-01,HNSCC,HNSCC,0.01,0.59,0.33,0.07
TCGA:HNSCC:TCGA-DQ-5631-01,HNSCC,HNSCC,0.04,0.61,0.29,0.06
TCGA:HNSCC:TCGA-DQ-7588-01,HNSCC,HNSCC,0.0,0.75,0.24,0.01
TCGA:HNSCC:TCGA-DQ-7589-01,HNSCC,LSCC,0.01,0.28,0.71,0.0
TCGA:HNSCC:TCGA-DQ-7590-01,HNSCC,HNSCC,0.14,0.58,0.27,0.01
TCGA:HNSCC:TCGA-DQ-7591-01,HNSCC,HNSCC,0.13,0.43,0.41,0.03
TCGA:HNSCC:TCGA-DQ-7592-01,HNSCC,HNSCC,0.04,0.78,0.12,0.06
TCGA:HNSCC:TCGA-DQ-7593-01,HNSCC,HNSCC,0.04,0.73,0.18,0.05
TCGA:HNSCC:TCGA-DQ-7594-01,HNSCC,HNSCC,0.01,0.8,0.19,0.0
TCGA:HNSCC:TCGA-DQ-7595-01,HNSCC,HNSCC,0.03,0.61,0.33,0.03
TCGA:HNSCC:TCGA-DQ-7596-01,HNSCC,HNSCC,0.03,0.74,0.2,0.03
TCGA:HNSCC:TCGA-F7-7848-01,HNSCC,HNSCC,0.07,0.59,0.27,0.07
TCGA:HNSCC:TCGA-F7-8298-01,HNSCC,HNSCC,0.04,0.57,0.37,0.02
TCGA:HNSCC:TCGA-F7-8489-01,HNSCC,HNSCC,0.01,0.96,0.02,0.01
TCGA:HNSCC:TCGA-F7-A50G-01,HNSCC,HNSCC,0.01,0.96,0.02,0.01
TCGA:HNSCC:TCGA-F7-A50I-01,HNSCC,HNSCC,0.01,0.77,0.19,0.03
TCGA:HNSCC:TCGA-F7-A50J-01,HNSCC,HNSCC,0.0,0.98,0.02,0.0
TCGA:HNSCC:TCGA-F7-A61S-01,HNSCC,HNSCC,0.01,0.93,0.06,0.0
TCGA:HNSCC:TCGA-F7-A61V-01,HNSCC,HNSCC,0.04,0.79,0.16,0.01
TCGA:HNSCC:TCGA-F7-A61W-01,HNSCC,HNSCC,0.05,0.83,0.12,0.0
TCGA:HNSCC:TCGA-F7-A620-01,HNSCC,HNSCC,0.0,0.95,0.04,0.01
TCGA:HNSCC:TCGA-F7-A622-01,HNSCC,HNSCC,0.01,0.88,0.08,0.03
TCGA:HNSCC:TCGA-F7-A623-01,HNSCC,HNSCC,0.07,0.67,0.23,0.03
TCGA:HNSCC:TCGA-F7-A624-01,HNSCC,BRCA,0.37,0.1,0.21,0.32
TCGA:HNSCC:TCGA-H7-7774-01,HNSCC,HNSCC,0.0,0.9,0.06,0.04
TCGA:HNSCC:TCGA-H7-8501-01,HNSCC,LSCC,0.1,0.39,0.45,0.06
TCGA:HNSCC:TCGA-H7-8502-01,HNSCC,HNSCC,0.01,0.95,0.04,0.0
TCGA:HNSCC:TCGA-H7-A6C4-01,HNSCC,HNSCC,0.0,0.98,0.02,0.0
TCGA:HNSCC:TCGA-H7-A76A-01,HNSCC,HNSCC,0.07,0.76,0.14,0.03
TCGA:HNSCC:TCGA-HD-7229-01,HNSCC,HNSCC,0.01,0.94,0.05,0.0
TCGA:HNSCC:TCGA-HD-7753-01,HNSCC,HNSCC,0.0,0.92,0.05,0.03
TCGA:HNSCC:TCGA-HD-7754-01,HNSCC,HNSCC,0.05,0.7,0.22,0.03
TCGA:HNSCC:TCGA-HD-7831-01,HNSCC,HNSCC,0.05,0.64,0.27,0.04
TCGA:HNSCC:TCGA-HD-7832-01,HNSCC,HNSCC,0.02,0.91,0.07,0.0
TCGA:HNSCC:TCGA-HD-7917-01,HNSCC,HNSCC,0.01,0.89,0.1,0.0
TCGA:HNSCC:TCGA-HD-8224-01,HNSCC,LSCC,0.18,0.26,0.43,0.13
TCGA:HNSCC:TCGA-HD-8314-01,HNSCC,HNSCC,0.09,0.64,0.25,0.02
TCGA:HNSCC:TCGA-HD-8634-01,HNSCC,HNSCC,0.0,0.98,0.02,0.0
TCGA:HNSCC:TCGA-HD-8635-01,HNSCC,HNSCC,0.03,0.64,0.3,0.03
TCGA:HNSCC:TCGA-HD-A4C1-01,HNSCC,HNSCC,0.0,0.95,0.04,0.01
TCGA:HNSCC:TCGA-HD-A633-01,HNSCC,HNSCC,0.03,0.81,0.12,0.04
TCGA:HNSCC:TCGA-HD-A634-01,HNSCC,BRCA,0.54,0.13,0.2,0.13
TCGA:HNSCC:TCGA-HD-A6HZ-01,HNSCC,HNSCC,0.0,0.75,0.22,0.03
TCGA:HNSCC:TCGA-HD-A6I0-01,HNSCC,HNSCC,0.02,0.96,0.02,0.0
TCGA:HNSCC:TCGA-HL-7533-01,HNSCC,HNSCC,0.07,0.8,0.07,0.06
TCGA:HNSCC:TCGA-IQ-7630-01,HNSCC,HNSCC,0.01,0.86,0.1,0.03
TCGA:HNSCC:TCGA-IQ-7631-01,HNSCC,HNSCC,0.2,0.39,0.24,0.17
TCGA:HNSCC:TCGA-IQ-7632-01,HNSCC,HNSCC,0.01,0.96,0.03,0.0
TCGA:HNSCC:TCGA-IQ-A61E-01,HNSCC,HNSCC,0.03,0.87,0.07,0.03
TCGA:HNSCC:TCGA-IQ-A61G-01,HNSCC,HNSCC,0.03,0.7,0.25,0.02
TCGA:HNSCC:TCGA-IQ-A61H-01,HNSCC,LSCC,0.03,0.34,0.62,0.01
TCGA:HNSCC:TCGA-IQ-A61I-01,HNSCC,HNSCC,0.08,0.52,0.27,0.13
TCGA:HNSCC:TCGA-IQ-A61J-01,HNSCC,HNSCC,0.02,0.85,0.1,0.03
TCGA:HNSCC:TCGA-IQ-A61O-01,HNSCC,LUAD,0.23,0.15,0.16,0.46
TCGA:HNSCC:TCGA-IQ-A6SG-01,HNSCC,HNSCC,0.0,0.86,0.14,0.0
TCGA:HNSCC:TCGA-IQ-A6SH-01,HNSCC,HNSCC,0.02,0.83,0.14,0.01
TCGA:HNSCC:TCGA-KU-A66S-01,HNSCC,LSCC,0.16,0.26,0.39,0.19
TCGA:HNSCC:TCGA-KU-A66T-01,HNSCC,HNSCC,0.02,0.71,0.25,0.02
TCGA:HNSCC:TCGA-KU-A6H7-01,HNSCC,HNSCC,0.06,0.62,0.29,0.03
TCGA:HNSCC:TCGA-KU-A6H8-01,HNSCC,HNSCC,0.09,0.58,0.27,0.06
TCGA:HNSCC:TCGA-MT-A51W-01,HNSCC,HNSCC,0.0,1.0,0.0,0.0
TCGA:HNSCC:TCGA-MT-A51X-01,HNSCC,HNSCC,0.0,0.93,0.06,0.01
TCGA:HNSCC:TCGA-MT-A67A-01,HNSCC,HNSCC,0.05,0.86,0.08,0.01
TCGA:HNSCC:TCGA-MT-A67D-01,HNSCC,HNSCC,0.01,0.93,0.06,0.0
TCGA:HNSCC:TCGA-MT-A67F-01,HNSCC,HNSCC,0.03,0.88,0.04,0.05
TCGA:HNSCC:TCGA-MT-A7BN-01,HNSCC,BRCA,0.52,0.17,0.17,0.14
TCGA:HNSCC:TCGA-MZ-A5BI-01,HNSCC,HNSCC,0.06,0.65,0.27,0.02
TCGA:HNSCC:TCGA-MZ-A6I9-01,HNSCC,HNSCC,0.03,0.72,0.23,0.02
TCGA:HNSCC:TCGA-MZ-A7D7-01,HNSCC,LSCC,0.07,0.28,0.49,0.16
TCGA:HNSCC:TCGA-P3-A5Q5-01,HNSCC,HNSCC,0.09,0.51,0.35,0.05
TCGA:HNSCC:TCGA-P3-A5Q6-01,HNSCC,HNSCC,0.08,0.72,0.18,0.02
TCGA:HNSCC:TCGA-P3-A5QA-01,HNSCC,HNSCC,0.05,0.64,0.25,0.06
TCGA:HNSCC:TCGA-P3-A5QE-01,HNSCC,HNSCC,0.09,0.69,0.19,0.03
TCGA:HNSCC:TCGA-P3-A5QF-01,HNSCC,HNSCC,0.01,0.72,0.26,0.01
TCGA:HNSCC:TCGA-P3-A6SW-01,HNSCC,HNSCC,0.05,0.62,0.27,0.06
TCGA:HNSCC:TCGA-P3-A6SX-01,HNSCC,HNSCC,0.02,0.78,0.18,0.02
TCGA:HNSCC:TCGA-P3-A6T0-01,HNSCC,HNSCC,0.02,0.86,0.11,0.01
TCGA:HNSCC:TCGA-P3-A6T2-01,HNSCC,HNSCC,0.03,0.91,0.05,0.01
TCGA:HNSCC:TCGA-P3-A6T3-01,HNSCC,HNSCC,0.02,0.89,0.06,0.03
TCGA:HNSCC:TCGA-P3-A6T4-01,HNSCC,HNSCC,0.0,0.82,0.14,0.04
TCGA:HNSCC:TCGA-P3-A6T5-01,HNSCC,HNSCC,0.0,0.92,0.06,0.02
TCGA:HNSCC:TCGA-P3-A6T6-01,HNSCC,HNSCC,0.1,0.51,0.34,0.05
TCGA:HNSCC:TCGA-P3-A6T7-01,HNSCC,HNSCC,0.01,0.92,0.05,0.02
TCGA:HNSCC:TCGA-P3-A6T8-01,HNSCC,HNSCC,0.0,0.83,0.15,0.02
TCGA:HNSCC:TCGA-QK-A64Z-01,HNSCC,HNSCC,0.02,0.81,0.17,0.0
TCGA:HNSCC:TCGA-QK-A652-01,HNSCC,HNSCC,0.0,0.92,0.05,0.03
TCGA:HNSCC:TCGA-QK-A6IF-01,HNSCC,HNSCC,0.19,0.4,0.26,0.15
TCGA:HNSCC:TCGA-QK-A6IG-01,HNSCC,HNSCC,0.16,0.69,0.12,0.03
TCGA:HNSCC:TCGA-QK-A6IH-01,HNSCC,HNSCC,0.05,0.91,0.03,0.01
TCGA:HNSCC:TCGA-QK-A6II-01,HNSCC,HNSCC,0.02,0.92,0.04,0.02
TCGA:HNSCC:TCGA-QK-A6IJ-01,HNSCC,HNSCC,0.01,0.94,0.04,0.01
TCGA:HNSCC:TCGA-QK-A6V9-01,HNSCC,HNSCC,0.05,0.52,0.4,0.03
TCGA:HNSCC:TCGA-QK-A6VB-01,HNSCC,HNSCC,0.02,0.5,0.47,0.01
TCGA:HNSCC:TCGA-QK-A6VC-01,HNSCC,HNSCC,0.01,0.76,0.22,0.01
TCGA:HNSCC:TCGA-QK-A8Z7-01,HNSCC,LSCC,0.09,0.24,0.63,0.04
TCGA:HNSCC:TCGA-QK-A8Z8-01,HNSCC,LSCC,0.01,0.44,0.51,0.04
TCGA:HNSCC:TCGA-QK-A8Z9-01,HNSCC,HNSCC,0.03,0.84,0.09,0.04
TCGA:HNSCC:TCGA-QK-A8ZA-01,HNSCC,HNSCC,0.03,0.53,0.42,0.02
TCGA:HNSCC:TCGA-QK-A8ZB-01,HNSCC,HNSCC,0.02,0.78,0.19,0.01
TCGA:HNSCC:TCGA-QK-AA3J-01,HNSCC,HNSCC,0.08,0.53,0.37,0.02
TCGA:HNSCC:TCGA-QK-AA3K-01,HNSCC,HNSCC,0.25,0.33,0.25,0.17
TCGA:HNSCC:TCGA-RS-A6TO-01,HNSCC,HNSCC,0.03,0.84,0.13,0.0
TCGA:HNSCC:TCGA-RS-A6TP-01,HNSCC,HNSCC,0.04,0.8,0.14,0.02
TCGA:HNSCC:TCGA-T2-A6WX-01,HNSCC,HNSCC,0.02,0.93,0.04,0.01
TCGA:HNSCC:TCGA-T2-A6WZ-01,HNSCC,HNSCC,0.05,0.8,0.13,0.02
TCGA:HNSCC:TCGA-T2-A6X0-01,HNSCC,HNSCC,0.01,0.54,0.42,0.03
TCGA:HNSCC:TCGA-T2-A6X2-01,HNSCC,HNSCC,0.01,0.98,0.01,0.0
TCGA:HNSCC:TCGA-T3-A92M-01,HNSCC,HNSCC,0.01,0.71,0.28,0.0
TCGA:HNSCC:TCGA-T3-A92N-01,HNSCC,HNSCC,0.04,0.79,0.15,0.02
TCGA:HNSCC:TCGA-TN-A7HI-01,HNSCC,HNSCC,0.09,0.51,0.36,0.04
TCGA:HNSCC:TCGA-TN-A7HJ-01,HNSCC,HNSCC,0.03,0.91,0.06,0.0
TCGA:HNSCC:TCGA-TN-A7HL-01,HNSCC,HNSCC,0.02,0.85,0.13,0.0
TCGA:HNSCC:TCGA-UF-A718-01,HNSCC,HNSCC,0.01,0.83,0.15,0.01
TCGA:HNSCC:TCGA-UF-A719-01,HNSCC,HNSCC,0.04,0.62,0.32,0.02
TCGA:HNSCC:TCGA-UF-A71A-01,HNSCC,LSCC,0.01,0.21,0.75,0.03
TCGA:HNSCC:TCGA-UF-A71B-01,HNSCC,HNSCC,0.05,0.6,0.31,0.04
TCGA:HNSCC:TCGA-UF-A71D-01,HNSCC,HNSCC,0.03,0.73,0.22,0.02
TCGA:HNSCC:TCGA-UF-A71E-01,HNSCC,HNSCC,0.03,0.78,0.17,0.02
TCGA:HNSCC:TCGA-UF-A7J9-01,HNSCC,LSCC,0.04,0.37,0.58,0.01
TCGA:HNSCC:TCGA-UF-A7JA-01,HNSCC,HNSCC,0.05,0.68,0.24,0.03
TCGA:HNSCC:TCGA-UF-A7JC-01,HNSCC,HNSCC,0.01,0.98,0.01,0.0
TCGA:HNSCC:TCGA-UF-A7JD-01,HNSCC,LSCC,0.18,0.21,0.36,0.25
TCGA:HNSCC:TCGA-UF-A7JF-01,HNSCC,HNSCC,0.05,0.62,0.26,0.07
TCGA:HNSCC:TCGA-UF-A7JH-01,HNSCC,HNSCC,0.02,0.9,0.08,0.0
TCGA:HNSCC:TCGA-UF-A7JJ-01,HNSCC,HNSCC,0.06,0.75,0.18,0.01
TCGA:HNSCC:TCGA-UF-A7JK-01,HNSCC,HNSCC,0.04,0.79,0.14,0.03
TCGA:HNSCC:TCGA-UF-A7JO-01,HNSCC,HNSCC,0.02,0.75,0.22,0.01
TCGA:HNSCC:TCGA-UF-A7JS-01,HNSCC,HNSCC,0.05,0.79,0.12,0.04
TCGA:HNSCC:TCGA-UF-A7JT-01,HNSCC,HNSCC,0.02,0.95,0.02,0.01
TCGA:HNSCC:TCGA-UF-A7JV-01,HNSCC,HNSCC,0.05,0.82,0.1,0.03
TCGA:HNSCC:TCGA-UP-A6WW-01,HNSCC,HNSCC,0.12,0.54,0.22,0.12
TCGA:HNSCC:TCGA-WA-A7GZ-01,HNSCC,HNSCC,0.05,0.78,0.15,0.02
TCGA:HNSCC:TCGA-WA-A7H4-01,HNSCC,HNSCC,0.08,0.73,0.17,0.02
