sample_id,y_true,y_pred,prob_BRCA,prob_HNSCC,prob_LSCC,prob_LUAD
TCGA:BRCA:TCGA-3C-AAAU-01,BRCA,BRCA,0.9989687204360962,9.427570330444723e-05,0.0001295981928706169,0.0008073850767686963
TCGA:BRCA:TCGA-3C-AALI-01,BRCA,BRCA,0.9563420414924622,0.005600085947662592,0.010539871640503407,0.02751794457435608
TCGA:BRCA:TCGA-3C-AALJ-01,BRCA,BRCA,0.9947311878204346,0.0002694697177503258,0.002455927198752761,0.002543387934565544
TCGA:BRCA:TCGA-3C-AALK-01,BRCA,BRCA,0.9994675517082214,0.00028335489332675934,0.0001246353203896433,0.00012449930363800377
TCGA:BRCA:TCGA-4H-AAAK-01,BRCA,BRCA,0.9998718500137329,5.91682837693952e-05,2.768492413451895e-05,4.129256558371708e-05
TCGA:BRCA:TCGA-5L-AAT0-01,BRCA,BRCA,0.9996277093887329,2.836711246345658e-05,2.3582562789670192e-05,0.0003203604428563267
TCGA:BRCA:TCGA-5T-A9QA-01,BRCA,BRCA,0.8624927401542664,0.051391035318374634,0.022791663184762,0.06332457810640335
TCGA:BRCA:TCGA-A1-A0SB-01,BRCA,BRCA,0.9993410706520081,8.000256639206782e-05,0.00025621874374337494,0.00032268508221022785
TCGA:BRCA:TCGA-A1-A0SD-01,BRCA,BRCA,0.9999568462371826,1.2782781595888082e-05,6.072339147067396e-06,2.428537300147582e-05
TCGA:BRCA:TCGA-A1-A0SE-01,BRCA,BRCA,0.9999688863754272,6.327553364826599e-06,9.996440894610714e-06,1.4844707948213909e-05
TCGA:BRCA:TCGA-A1-A0SF-01,BRCA,BRCA,0.9999276399612427,6.42241093373741e-06,1.0631800250848755e-05,5.5344928114209324e-05
TCGA:BRCA:TCGA-A1-A0SG-01,BRCA,BRCA,0.9998745918273926,7.886790263000876e-05,1.7895998098538257e-05,2.86747635982465e-05
TCGA:BRCA:TCGA-A1-A0SH-01,BRCA,BRCA,0.9998394250869751,8.167084160959348e-05,3.159267362207174e-05,4.727656050818041e-05
TCGA:BRCA:TCGA-A1-A0SI-01,BRCA,BRCA,0.9997143149375916,5.09938363393303e-05,0.00011027112486772239,0.00012445749598555267
TCGA:BRCA:TCGA-A1-A0SJ-01,BRCA,BRCA,0.9999631643295288,5.257595603325171e-06,9.535105164104607e-06,2.208419391536154e-05
TCGA:BRCA:TCGA-A1-A0SK-01,BRCA,BRCA,0.9493981599807739,0.001999501371756196,0.04191948473453522,0.0066827936097979546
TCGA:BRCA:TCGA-A1-A0SM-01,BRCA,BRCA,0.9998049139976501,4.6237778406066354e-06,6.58781436868594e-06,0.00018389504111837596
TCGA:BRCA:TCGA-A1-A0SN-01,BRCA,BRCA,0.9997562766075134,0.00012509209045674652,2.8736410968122073e-05,8.990579226519912e-05
TCGA:BRCA:TCGA-A1-A0SO-01,BRCA,BRCA,0.9895820617675781,0.0035171345807611942,0.0012726184213533998,0.00562813738361001
TCGA:BRCA:TCGA-A1-A0SP-01,BRCA,BRCA,0.9965702295303345,0.00014731427654623985,0.0028309598565101624,0.00045150404912419617
TCGA:BRCA:TCGA-A1-A0SQ-01,BRCA,BRCA,0.9995274543762207,0.00025031008408404887,0.0001319157163379714,9.03280233615078e-05
TCGA:BRCA:TCGA-A2-A04N-01,BRCA,BRCA,0.9999723434448242,5.7678485063661356e-06,7.526725312345661e-06,1.4312790881376714e-05
TCGA:BRCA:TCGA-A2-A04P-01,BRCA,BRCA,0.9995775818824768,4.787945363204926e-05,0.00016578074428252876,0.00020870169100817293
TCGA:BRCA:TCGA-A2-A04Q-01,BRCA,BRCA,0.990147054195404,0.00016820750897750258,0.007277195807546377,0.0024075512774288654
TCGA:BRCA:TCGA-A2-A04R-01,BRCA,BRCA,0.9997889399528503,1.5053396055009216e-05,4.37280505138915e-05,0.00015226883988361806
TCGA:BRCA:TCGA-A2-A04T-01,BRCA,BRCA,0.9985809326171875,6.175956514198333e-05,0.0006792155909352005,0.0006781094707548618
TCGA:BRCA:TCGA-A2-A04U-01,BRCA,BRCA,0.9965923428535461,0.0005199837614782155,0.002345457673072815,0.0005421559326350689
TCGA:BRCA:TCGA-A2-A04V-01,BRCA,BRCA,0.999948263168335,8.52048924571136e-06,1.9196037101210095e-05,2.3973363568075e-05
TCGA:BRCA:TCGA-A2-A04W-01,BRCA,BRCA,0.9997046589851379,1.171077474282356e-05,2.58711188507732e-05,0.0002577825798653066
TCGA:BRCA:TCGA-A2-A04X-01,BRCA,BRCA,0.9999040365219116,5.7746892707655206e-05,1.0617334737617057e-05,2.7609639801084995e-05
TCGA:BRCA:TCGA-A2-A04Y-01,BRCA,BRCA,0.9999511241912842,4.183148121228442e-06,9.613825568521861e-06,3.5087326978100464e-05
TCGA:BRCA:TCGA-A2-A0CK-01,BRCA,BRCA,0.9999622106552124,1.2020109352306463e-05,9.141600457951427e-06,1.6591246094321832e-05
TCGA:BRCA:TCGA-A2-A0CL-01,BRCA,BRCA,0.9987459182739258,7.726767944404855e-05,0.00034741140552796423,0.0008294146973639727
TCGA:BRCA:TCGA-A2-A0CM-01,BRCA,BRCA,0.9974898099899292,0.00011838921636808664,0.0012416032841429114,0.0011501875706017017
TCGA:BRCA:TCGA-A2-A0CO-01,BRCA,BRCA,0.9964792132377625,0.0011665535857900977,0.00047304187319241464,0.0018812206108123064
TCGA:BRCA:TCGA-A2-A0CP-01,BRCA,BRCA,0.9999374151229858,3.0022360078874044e-05,9.540880455460865e-06,2.3016218619886786e-05
TCGA:BRCA:TCGA-A2-A0CQ-01,BRCA,BRCA,0.9996923208236694,1.61948428285541e-05,2.3406153559335507e-05,0.00026813530712388456
TCGA:BRCA:TCGA-A2-A0CR-01,BRCA,BRCA,0.9995794892311096,0.00019662857812363654,0.00012871000217273831,9.520150342723355e-05
TCGA:BRCA:TCGA-A2-A0CS-01,BRCA,BRCA,0.9999431371688843,8.632053322799038e-06,1.3041087186138611e-05,3.52097958966624e-05
TCGA:BRCA:TCGA-A2-A0CT-01,BRCA,BRCA,0.999679684638977,0.00013293928350321949,7.577332144137472e-05,0.00011161147995153442
TCGA:BRCA:TCGA-A2-A0CU-01,BRCA,BRCA,0.9998908042907715,4.050524876220152e-05,2.904740540543571e-05,3.968401870224625e-05
TCGA:BRCA:TCGA-A2-A0CV-01,BRCA,BRCA,0.9999736547470093,3.50811387761496e-06,9.47331682255026e-06,1.335238448518794e-05
TCGA:BRCA:TCGA-A2-A0CW-01,BRCA,BRCA,0.998408854007721,0.00011003610416082665,0.0009096420835703611,0.0005715224542655051
TCGA:BRCA:TCGA-A2-A0CX-01,BRCA,BRCA,0.9991961121559143,5.9388250519987196e-05,0.00016642843547742814,0.0005780534702353179
TCGA:BRCA:TCGA-A2-A0CZ-01,BRCA,BRCA,0.9998928308486938,3.389314952073619e-05,1.621334558876697e-05,5.699705798178911e-05
TCGA:BRCA:TCGA-A2-A0D0-01,BRCA,BRCA,0.9971973896026611,0.0003075048152823001,0.0018384652212262154,0.0006566630909219384
TCGA:BRCA:TCGA-A2-A0D1-01,BRCA,BRCA,0.994607150554657,0.00012326345313340425,0.0002108498738380149,0.0050587416626513
TCGA:BRCA:TCGA-A2-A0D2-01,BRCA,BRCA,0.9230489730834961,0.005593712907284498,0.0631721094250679,0.008185187354683876
TCGA:BRCA:TCGA-A2-A0D3-01,BRCA,BRCA,0.9999561309814453,1.8104989067069255e-05,8.569557394366711e-06,1.7146478057838976e-05
TCGA:BRCA:TCGA-A2-A0D4-01,BRCA,BRCA,0.9994660019874573,0.00015839104889892042,0.00020635050896089524,0.00016932733706198633
TCGA:BRCA:TCGA-A2-A0EM-01,BRCA,BRCA,0.99996018409729,5.700766450900119e-06,4.3069371713500004e-06,2.9775172151857987e-05
TCGA:BRCA:TCGA-A2-A0EN-01,BRCA,BRCA,0.9999526739120483,1.005649937724229e-05,9.2805048552691e-06,2.7993419280392118e-05
TCGA:BRCA:TCGA-A2-A0EO-01,BRCA,BRCA,0.99989914894104,8.039959539019037e-06,1.4970055417506956e-05,7.778055442031473e-05
TCGA:BRCA:TCGA-A2-A0EP-01,BRCA,BRCA,0.9947956204414368,0.00023385869280900806,0.0026499093510210514,0.0023205792531371117
TCGA:BRCA:TCGA-A2-A0EQ-01,BRCA,BRCA,0.9988849759101868,4.917600017506629e-05,0.00036418368108570576,0.0007017045863904059
TCGA:BRCA:TCGA-A2-A0ER-01,BRCA,BRCA,0.9999071359634399,1.1766642273869365e-05,1.1662931683531497e-05,6.948343070689589e-05
TCGA:BRCA:TCGA-A2-A0ES-01,BRCA,BRCA,0.9999128580093384,1.0494951311557088e-05,3.1337964173872024e-05,4.525803524302319e-05
TCGA:BRCA:TCGA-A2-A0ET-01,BRCA,BRCA,0.9994388222694397,0.00011499959509819746,0.00028637744253501296,0.0001597812952240929
TCGA:BRCA:TCGA-A2-A0EU-01,BRCA,BRCA,0.9998061060905457,3.1517527531832457e-05,1.982851608772762e-05,0.0001426016096957028
TCGA:BRCA:TCGA-A2-A0EV-01,BRCA,BRCA,0.9998923540115356,1.971946949197445e-05,2.4765382477198727e-05,6.31411312497221e-05
TCGA:BRCA:TCGA-A2-A0EW-01,BRCA,BRCA,0.9999452829360962,2.4192628188757226e-05,1.239005086972611e-05,1.8132614059140906e-05
TCGA:BRCA:TCGA-A2-A0EX-01,BRCA,BRCA,0.9999667406082153,9.715306077850983e-06,6.367322384903673e-06,1.7213262253790163e-05
TCGA:BRCA:TCGA-A2-A0EY-01,BRCA,BRCA,0.9997828602790833,3.455433397903107e-05,7.117105269571766e-05,0.00011142155562993139
TCGA:BRCA:TCGA-A2-A0ST-01,BRCA,BRCA,0.997281551361084,1.563956539030187e-05,0.00035016017500311136,0.002352685434743762
TCGA:BRCA:TCGA-A2-A0SU-01,BRCA,BRCA,0.9999263286590576,9.718518413137645e-06,9.879077879304532e-06,5.406165655585937e-05
TCGA:BRCA:TCGA-A2-A0SV-01,BRCA,BRCA,0.9998310804367065,1.2172270544397179e-05,3.978581662522629e-05,0.0001169069146271795
TCGA:BRCA:TCGA-A2-A0SW-01,BRCA,BRCA,0.9921841025352478,0.0004661517741624266,0.0014906979631632566,0.005859060678631067
TCGA:BRCA:TCGA-A2-A0SX-01,BRCA,BRCA,0.9996786117553711,2.67982977675274e-05,6.249626312637702e-05,0.00023211943334899843
TCGA:BRCA:TCGA-A2-A0SY-01,BRCA,BRCA,0.9999734163284302,4.9982027121586725e-06,4.6234813453338575e-06,1.701853034319356e-05
TCGA:BRCA:TCGA-A2-A0T0-01,BRCA,BRCA,0.9998875856399536,2.1709047359763645e-05,4.437320967554115e-05,4.636526864487678e-05
TCGA:BRCA:TCGA-A2-A0T1-01,BRCA,BRCA,0.9987398982048035,3.1789852073416114e-05,8.147372864186764e-05,0.0011468897573649883
TCGA:BRCA:TCGA-A2-A0T2-01,BRCA,BRCA,0.9986265897750854,0.00024624954676255584,0.000711978180333972,0.0004151929751969874
TCGA:BRCA:TCGA-A2-A0T3-01,BRCA,BRCA,0.9994526505470276,3.055941124330275e-05,6.168086110847071e-05,0.00045510620111599565
TCGA:BRCA:TCGA-A2-A0T4-01,BRCA,BRCA,0.9999656677246094,6.9007487581984606e-06,1.0744010069174692e-05,1.665640047576744e-05
TCGA:BRCA:TCGA-A2-A0T5-01,BRCA,BRCA,0.9996869564056396,2.4398957975790836e-05,0.00025606018607504666,3.263808321207762e-05
TCGA:BRCA:TCGA-A2-A0T6-01,BRCA,BRCA,0.999945878982544,2.0851663066423498e-05,9.509984920441639e-06,2.3762075215927325e-05
TCGA:BRCA:TCGA-A2-A0T7-01,BRCA,BRCA,0.9999186992645264,3.8234393286984414e-05,2.2916419766261242e-05,2.010576645261608e-05
TCGA:BRCA:TCGA-A2-A0YC-01,BRCA,BRCA,0.9999198913574219,3.715235652634874e-05,1.4266034668253269e-05,2.8642418328672647e-05
TCGA:BRCA:TCGA-A2-A0YD-01,BRCA,BRCA,0.999923586845398,1.700309985608328e-05,9.417410183232278e-06,4.9988044338533655e-05
TCGA:BRCA:TCGA-A2-A0YE-01,BRCA,BRCA,0.9991374015808105,3.237125929445028e-05,0.0001587022707099095,0.000671481597237289
TCGA:BRCA:TCGA-A2-A0YF-01,BRCA,BRCA,0.9987216591835022,2.4744693291722797e-05,0.00011690299288602546,0.0011366510298103094
TCGA:BRCA:TCGA-A2-A0YG-01,BRCA,BRCA,0.9990529417991638,5.5930511734914035e-05,0.00023074254568200558,0.0006603994406759739
TCGA:BRCA:TCGA-A2-A0YH-01,BRCA,BRCA,0.9997760653495789,2.9435632313834503e-05,0.00014194754476193339,5.254169082036242e-05
TCGA:BRCA:TCGA-A2-A0YI-01,BRCA,BRCA,0.999931812286377,2.380349724262487e-05,1.643228461034596e-05,2.8000549718854018e-05
TCGA:BRCA:TCGA-A2-A0YJ-01,BRCA,BRCA,0.999755322933197,5.153075835551135e-05,2.385797051829286e-05,0.00016932692960835993
TCGA:BRCA:TCGA-A2-A0YK-01,BRCA,BRCA,0.9998787641525269,4.50483821623493e-05,3.1750496418680996e-05,4.436845483724028e-05
TCGA:BRCA:TCGA-A2-A0YL-01,BRCA,BRCA,0.999792754650116,3.971495607402176e-05,3.412332443986088e-05,0.0001334333064733073
TCGA:BRCA:TCGA-A2-A0YM-01,BRCA,BRCA,0.9983409643173218,0.0006294262129813433,0.00034715892979875207,0.0006824481533840299
TCGA:BRCA:TCGA-A2-A0YT-01,BRCA,BRCA,0.9997656941413879,3.864841710310429e-05,3.647055200417526e-05,0.0001591903856024146
TCGA:BRCA:TCGA-A2-A1FV-01,BRCA,BRCA,0.9998626708984375,1.4179362551658414e-05,3.472617390798405e-05,8.845872798701748e-05
TCGA:BRCA:TCGA-A2-A1FW-01,BRCA,BRCA,0.9997075200080872,9.107684309128672e-05,0.00011358079791534692,8.781138603808358e-05
TCGA:BRCA:TCGA-A2-A1FX-01,BRCA,BRCA,0.9999438524246216,1.3194015082262922e-05,2.2384394469554536e-05,2.055694676528219e-05
TCGA:BRCA:TCGA-A2-A1FZ-01,BRCA,BRCA,0.9992407560348511,5.7959870900958776e-05,4.537194763543084e-05,0.0006559776957146823
TCGA:BRCA:TCGA-A2-A1G0-01,BRCA,BRCA,0.9999508857727051,2.9319287932594307e-05,9.022226549859624e-06,1.0748996828624513e-05
TCGA:BRCA:TCGA-A2-A1G1-01,BRCA,BRCA,0.9945100545883179,0.0002909699687734246,0.002977975644171238,0.0022209722083061934
TCGA:BRCA:TCGA-A2-A1G4-01,BRCA,BRCA,0.9998685121536255,1.1332559552101884e-05,1.735798105073627e-05,0.00010275759996147826
TCGA:BRCA:TCGA-A2-A1G6-01,BRCA,BRCA,0.9998515844345093,5.590158252744004e-06,0.00010026789095718414,4.2520154238445684e-05
TCGA:BRCA:TCGA-A2-A259-01,BRCA,BRCA,0.9999407529830933,5.494787274074042e-06,1.3886024134990294e-05,3.9874208596302196e-05
TCGA:BRCA:TCGA-A2-A25A-01,BRCA,BRCA,0.9954702854156494,2.0476869394769892e-05,6.842327275080606e-05,0.004440844524651766
TCGA:BRCA:TCGA-A2-A25B-01,BRCA,BRCA,0.9998390674591064,7.121019734768197e-06,9.736348147271201e-05,5.641924144583754e-05
TCGA:BRCA:TCGA-A2-A25C-01,BRCA,BRCA,0.9883130192756653,0.0026289327070116997,0.0014130269410088658,0.0076450989581644535
TCGA:BRCA:TCGA-A2-A25D-01,BRCA,BRCA,0.9999537467956543,6.029945325281005e-06,1.808249726309441e-05,2.2149330106913112e-05
TCGA:BRCA:TCGA-A2-A25E-01,BRCA,BRCA,0.9999325275421143,1.0014397048507817e-05,1.8909726350102574e-05,3.858495983877219e-05
TCGA:BRCA:TCGA-A2-A25F-01,BRCA,BRCA,0.9968648552894592,3.35889017151203e-05,0.00046155834570527077,0.0026399667840451
TCGA:BRCA:TCGA-A2-A3KC-01,BRCA,BRCA,0.99996018409729,9.757006409927271e-06,2.3006692572380416e-05,7.0991245593177155e-06
TCGA:BRCA:TCGA-A2-A3KD-01,BRCA,BRCA,0.9999061822891235,4.4598251406569034e-05,1.5970294043654576e-05,3.323112832731567e-05
TCGA:BRCA:TCGA-A2-A3XS-01,BRCA,BRCA,0.9972814321517944,0.00010912850848399103,0.0004394969146233052,0.002169941319152713
TCGA:BRCA:TCGA-A2-A3XT-01,BRCA,BRCA,0.9991487264633179,7.231064955703914e-05,0.000338355777785182,0.0004405748040881008
TCGA:BRCA:TCGA-A2-A3XU-01,BRCA,BRCA,0.8771270513534546,0.10974651575088501,0.006480302661657333,0.006646181456744671
TCGA:BRCA:TCGA-A2-A3XV-01,BRCA,BRCA,0.9876646399497986,0.0006615772726945579,0.0021914176177233458,0.009482348337769508
TCGA:BRCA:TCGA-A2-A3XW-01,BRCA,HNSCC,0.007617868483066559,0.9901210069656372,0.0019104062812402844,0.0003507341898512095
TCGA:BRCA:TCGA-A2-A3XX-01,BRCA,BRCA,0.9992498755455017,8.076135418377817e-05,0.00046406700857914984,0.00020529590256046504
TCGA:BRCA:TCGA-A2-A3XY-01,BRCA,BRCA,0.9918892979621887,0.000520549074281007,0.004598015453666449,0.0029921825043857098
TCGA:BRCA:TCGA-A2-A3XZ-01,BRCA,BRCA,0.9972888231277466,0.0001607657759450376,0.0013142654206603765,0.0012361803092062473
TCGA:BRCA:TCGA-A2-A3Y0-01,BRCA,BRCA,0.7200950384140015,0.022071395069360733,0.25453370809555054,0.0032998721580952406
TCGA:BRCA:TCGA-A2-A4RW-01,BRCA,BRCA,0.9998289346694946,7.669975457247347e-05,3.475469202385284e-05,5.9535632317420095e-05
TCGA:BRCA:TCGA-A2-A4RX-01,BRCA,BRCA,0.7757875919342041,0.07411205768585205,0.10699263960123062,0.04310773313045502
TCGA:BRCA:TCGA-A2-A4RY-01,BRCA,BRCA,0.9983349442481995,0.00040918414015322924,0.0006065156194381416,0.0006493863766081631
TCGA:BRCA:TCGA-A2-A4S0-01,BRCA,BRCA,0.9998990297317505,6.223956734174863e-05,1.0652311175363138e-05,2.8054400900145993e-05
TCGA:BRCA:TCGA-A2-A4S1-01,BRCA,BRCA,0.9864010214805603,0.00038858703919686377,0.008638080209493637,0.0045723142102360725
TCGA:BRCA:TCGA-A2-A4S2-01,BRCA,BRCA,0.9993247985839844,0.0002814600302372128,0.00019436053116805851,0.00019941723439842463
TCGA:BRCA:TCGA-A2-A4S3-01,BRCA,BRCA,0.9995529055595398,7.041268690954894e-05,0.00016321834118571132,0.00021348799054976553
TCGA:BRCA:TCGA-A7-A0CD-01,BRCA,BRCA,0.9998660087585449,5.397803397499956e-05,1.49587413034169e-05,6.500347080873325e-05
TCGA:BRCA:TCGA-A7-A0CE-01,BRCA,BRCA,0.9977654218673706,9.249062713934109e-05,0.00024043081793934107,0.0019016298465430737
TCGA:BRCA:TCGA-A7-A0CG-01,BRCA,BRCA,0.9998780488967896,7.880535122239962e-06,1.0277813089487609e-05,0.0001038139162119478
TCGA:BRCA:TCGA-A7-A0CH-01,BRCA,BRCA,0.9998812675476074,1.2249719475221355e-05,1.8596403606352396e-05,8.783620432950556e-05
TCGA:BRCA:TCGA-A7-A0CJ-01,BRCA,BRCA,0.9995865225791931,3.8496717024827376e-05,0.0002970516216009855,7.796005229465663e-05
TCGA:BRCA:TCGA-A7-A0D9-01,BRCA,BRCA,0.9999145269393921,6.871448931633495e-06,1.935850923473481e-05,5.920094918110408e-05
TCGA:BRCA:TCGA-A7-A0DA-01,BRCA,BRCA,0.9990755319595337,4.9193735321750864e-05,0.00037923321360722184,0.0004960333462804556
TCGA:BRCA:TCGA-A7-A0DB-01,BRCA,BRCA,0.9999629259109497,6.232150099094724e-06,1.5437492038472556e-05,1.538286596769467e-05
TCGA:BRCA:TCGA-A7-A0DC-01,BRCA,BRCA,0.9999027252197266,1.1145335520268418e-05,1.0757113159343135e-05,7.541941158706322e-05
TCGA:BRCA:TCGA-A7-A13D-01,BRCA,BRCA,0.9758349657058716,0.0007862139609642327,0.009957573376595974,0.013421223498880863
TCGA:BRCA:TCGA-A7-A13E-01,BRCA,BRCA,0.9991588592529297,4.22206285293214e-05,0.00010362612374592572,0.0006953331176191568
TCGA:BRCA:TCGA-A7-A13F-01,BRCA,BRCA,0.999945878982544,1.0787596693262458e-05,1.6117464838316664e-05,2.7220448828302324e-05
TCGA:BRCA:TCGA-A7-A13G-01,BRCA,BRCA,0.9999349117279053,4.029816045658663e-05,7.0643263825331815e-06,1.777469333319459e-05
TCGA:BRCA:TCGA-A7-A13H-01,BRCA,BRCA,0.9998641014099121,5.587379200733267e-05,3.353931970195845e-05,4.649373659049161e-05
TCGA:BRCA:TCGA-A7-A26E-01,BRCA,BRCA,0.999866247177124,2.484381548129022e-05,3.254843977629207e-05,7.633235509274527e-05
TCGA:BRCA:TCGA-A7-A26F-01,BRCA,BRCA,0.9683337807655334,0.0009198340703733265,0.016131548210978508,0.014614865183830261
TCGA:BRCA:TCGA-A7-A26G-01,BRCA,BRCA,0.9981489181518555,9.155213774647564e-05,0.001375258550979197,0.00038428796688094735
TCGA:BRCA:TCGA-A7-A26H-01,BRCA,BRCA,0.9989514350891113,4.927861664327793e-05,5.5753520427970216e-05,0.0009435111423954368
TCGA:BRCA:TCGA-A7-A26I-01,BRCA,BRCA,0.9952620267868042,8.396137855015695e-05,0.0005411346210166812,0.0041128783486783504
TCGA:BRCA:TCGA-A7-A26J-01,BRCA,BRCA,0.9999394416809082,1.3435169421427418e-05,1.10081527964212e-05,3.605564052122645e-05
TCGA:BRCA:TCGA-A7-A2KD-01,BRCA,BRCA,0.9997726082801819,1.4641278539784253e-05,1.543988400953822e-05,0.000197354587726295
TCGA:BRCA:TCGA-A7-A3IY-01,BRCA,BRCA,0.9996863603591919,1.5150458239077125e-05,4.063213418703526e-05,0.0002578429994173348
TCGA:BRCA:TCGA-A7-A3IZ-01,BRCA,BRCA,0.999695897102356,0.00021196463785599917,2.7171217880095355e-05,6.4961175667122e-05
TCGA:BRCA:TCGA-A7-A3J0-01,BRCA,BRCA,0.9997417330741882,3.5908655263483524e-05,4.973617251380347e-05,0.00017261141329072416
TCGA:BRCA:TCGA-A7-A3J1-01,BRCA,BRCA,0.9999419450759888,3.17004305543378e-05,6.350390776788117e-06,1.995094498852268e-05
TCGA:BRCA:TCGA-A7-A3RF-01,BRCA,BRCA,0.9997740387916565,5.422566755441949e-05,9.404555021319538e-05,7.768757495796308e-05
TCGA:BRCA:TCGA-A7-A425-01,BRCA,BRCA,0.9983996748924255,0.0006650657742284238,0.0006213607266545296,0.0003138963656965643
TCGA:BRCA:TCGA-A7-A426-01,BRCA,BRCA,0.9998669624328613,4.193347194814123e-05,2.574196332716383e-05,6.53399620205164e-05
TCGA:BRCA:TCGA-A7-A4SA-01,BRCA,BRCA,0.9940342307090759,0.0003528395900502801,0.0005264607025310397,0.005086484830826521
TCGA:BRCA:TCGA-A7-A4SB-01,BRCA,BRCA,0.9997397065162659,5.1910341426264495e-05,7.630726759089157e-05,0.00013206117728259414
TCGA:BRCA:TCGA-A7-A4SC-01,BRCA,BRCA,0.9947918057441711,0.00017392414156347513,0.00011170917423442006,0.0049225385300815105
TCGA:BRCA:TCGA-A7-A4SD-01,BRCA,LSCC,0.28284284472465515,0.0013210729230195284,0.5435259938240051,0.17231005430221558
TCGA:BRCA:TCGA-A7-A4SE-01,BRCA,BRCA,0.544295608997345,0.03479837626218796,0.09692884236574173,0.32397714257240295
TCGA:BRCA:TCGA-A7-A4SF-01,BRCA,BRCA,0.9998644590377808,1.5387982784886844e-05,3.908123471774161e-05,8.102664287434891e-05
TCGA:BRCA:TCGA-A7-A56D-01,BRCA,BRCA,0.9665615558624268,0.02793322503566742,0.001477311016060412,0.004027906339615583
TCGA:BRCA:TCGA-A7-A5ZV-01,BRCA,BRCA,0.9929885268211365,0.00048060136032290757,0.002740901429206133,0.0037899978924542665
TCGA:BRCA:TCGA-A7-A5ZW-01,BRCA,BRCA,0.9999358654022217,4.351491043053102e-06,1.8469805581844412e-05,4.1286941268481314e-05
TCGA:BRCA:TCGA-A7-A5ZX-01,BRCA,BRCA,0.9992967844009399,8.33335070637986e-05,0.00023485433484893292,0.0003850525536108762
TCGA:BRCA:TCGA-A7-A6VV-01,BRCA,BRCA,0.9977013468742371,0.00011602147424127907,0.001025885227136314,0.0011567628243938088
TCGA:BRCA:TCGA-A7-A6VW-01,BRCA,BRCA,0.9769322872161865,0.0020160155836492777,0.016117529943585396,0.004934095311909914
TCGA:BRCA:TCGA-A7-A6VX-01,BRCA,BRCA,0.9986194372177124,7.336482667597011e-05,0.0002841485838871449,0.0010230503976345062
TCGA:BRCA:TCGA-A7-A6VY-01,BRCA,BRCA,0.9590312242507935,0.0016238766256719828,0.03249990567564964,0.006844976916909218
TCGA:BRCA:TCGA-A8-A06N-01,BRCA,BRCA,0.999301552772522,0.00012088596849935129,0.00010440737969474867,0.0004731865774374455
TCGA:BRCA:TCGA-A8-A06O-01,BRCA,BRCA,0.9999384880065918,9.253082680515945e-06,2.0794674128410406e-05,3.141076012980193e-05
TCGA:BRCA:TCGA-A8-A06P-01,BRCA,BRCA,0.9999604225158691,8.995060852612369e-06,4.262765287421644e-06,2.6363853976363316e-05
TCGA:BRCA:TCGA-A8-A06Q-01,BRCA,BRCA,0.99908447265625,0.00011575398821150884,5.0369042583042756e-05,0.0007493526209145784
TCGA:BRCA:TCGA-A8-A06R-01,BRCA,BRCA,0.9988932013511658,3.1031915568746626e-05,0.00013252657663542777,0.0009432356455363333
TCGA:BRCA:TCGA-A8-A06T-01,BRCA,BRCA,0.9999706745147705,8.07817377790343e-06,8.951747076935135e-06,1.2265473742445465e-05
TCGA:BRCA:TCGA-A8-A06U-01,BRCA,BRCA,0.9998216032981873,8.22564834379591e-05,2.8704596843454055e-05,6.744915299350396e-05
TCGA:BRCA:TCGA-A8-A06X-01,BRCA,BRCA,0.9999587535858154,6.588319138245424e-06,1.0851358638319653e-05,2.381896774750203e-05
TCGA:BRCA:TCGA-A8-A06Y-01,BRCA,BRCA,0.9998493194580078,1.3984888937557116e-05,1.313221400778275e-05,0.0001235769159393385
TCGA:BRCA:TCGA-A8-A06Z-01,BRCA,BRCA,0.9982719421386719,0.00012780504766851664,0.0001817196753108874,0.001418502302840352
TCGA:BRCA:TCGA-A8-A075-01,BRCA,BRCA,0.9997757077217102,6.0150687204441056e-05,2.427694562356919e-05,0.0001398717431584373
TCGA:BRCA:TCGA-A8-A076-01,BRCA,BRCA,0.9998570680618286,5.249100649962202e-05,1.7368100088788196e-05,7.305809413082898e-05
TCGA:BRCA:TCGA-A8-A079-01,BRCA,BRCA,0.9998846054077148,4.248637560522184e-05,2.6329671527491882e-05,4.661447383114137e-05
TCGA:BRCA:TCGA-A8-A07B-01,BRCA,BRCA,0.998525083065033,5.011082976125181e-05,0.000709947373252362,0.0007148563745431602
TCGA:BRCA:TCGA-A8-A07C-01,BRCA,BRCA,0.9994729161262512,4.962786260875873e-05,0.00016345246694982052,0.00031401749583892524
TCGA:BRCA:TCGA-A8-A07E-01,BRCA,BRCA,0.9999791383743286,3.86478041036753e-06,4.561117293633288e-06,1.2413426702551078e-05
TCGA:BRCA:TCGA-A8-A07F-01,BRCA,BRCA,0.999792754650116,4.990981688024476e-05,4.191896005067974e-05,0.00011537718091858551
TCGA:BRCA:TCGA-A8-A07G-01,BRCA,BRCA,0.999743640422821,2.3472630346077494e-05,1.8981669200002216e-05,0.00021386377920862287
TCGA:BRCA:TCGA-A8-A07I-01,BRCA,BRCA,0.9999561309814453,1.5423172953887843e-05,1.711439290374983e-05,1.128866642829962e-05
TCGA:BRCA:TCGA-A8-A07J-01,BRCA,BRCA,0.9990990161895752,9.692607272882015e-05,0.00012327662261668593,0.0006807660683989525
TCGA:BRCA:TCGA-A8-A07L-01,BRCA,BRCA,0.9998993873596191,1.9539929780876264e-05,2.5438373995712027e-05,5.560932549997233e-05
TCGA:BRCA:TCGA-A8-A07O-01,BRCA,BRCA,0.9985684156417847,4.2420295358169824e-05,0.0007761073065921664,0.0006130433757789433
TCGA:BRCA:TCGA-A8-A07P-01,BRCA,BRCA,0.9999382495880127,1.1945064215979073e-05,1.267939296667464e-05,3.7064000935060903e-05
TCGA:BRCA:TCGA-A8-A07R-01,BRCA,BRCA,0.9988697171211243,3.99471064156387e-05,0.0006428116466850042,0.0004474394954741001
TCGA:BRCA:TCGA-A8-A07S-01,BRCA,BRCA,0.9999504089355469,1.6550216969335452e-05,1.106913168769097e-05,2.1933798052486964e-05
TCGA:BRCA:TCGA-A8-A07U-01,BRCA,BRCA,0.8989920616149902,0.00015110948879737407,0.02203463390469551,0.07882218807935715
TCGA:BRCA:TCGA-A8-A07W-01,BRCA,BRCA,0.9997139573097229,2.67042651103111e-05,6.764576392015442e-05,0.00019171171879861504
TCGA:BRCA:TCGA-A8-A07Z-01,BRCA,BRCA,0.9998383522033691,6.667680281680077e-05,3.1069455872057006e-05,6.391694478224963e-05
TCGA:BRCA:TCGA-A8-A081-01,BRCA,BRCA,0.9996545314788818,2.907457201217767e-05,0.0001636445667827502,0.0001527368585811928
TCGA:BRCA:TCGA-A8-A082-01,BRCA,BRCA,0.9999338388442993,7.774738151056226e-06,8.17818636278389e-06,5.019004311179742e-05
TCGA:BRCA:TCGA-A8-A083-01,BRCA,BRCA,0.9999064207077026,3.441609442234039e-05,2.779670467134565e-05,3.140235276077874e-05
TCGA:BRCA:TCGA-A8-A085-01,BRCA,BRCA,0.9998571872711182,9.436625077796634e-06,2.155030051653739e-05,0.00011181519221281633
TCGA:BRCA:TCGA-A8-A086-01,BRCA,BRCA,0.9999158382415771,1.0421119441161864e-05,1.4238792573451065e-05,5.948853140580468e-05
TCGA:BRCA:TCGA-A8-A08A-01,BRCA,BRCA,0.9998903274536133,4.5962606236571446e-05,9.893382411974017e-06,5.379100548452698e-05
TCGA:BRCA:TCGA-A8-A08B-01,BRCA,BRCA,0.9998714923858643,1.8838589312508702e-05,2.5004603230627254e-05,8.461660036118701e-05
TCGA:BRCA:TCGA-A8-A08C-01,BRCA,BRCA,0.9998733997344971,5.133144441060722e-06,1.1061441000492778e-05,0.00011043717677239329
TCGA:BRCA:TCGA-A8-A08G-01,BRCA,BRCA,0.9999321699142456,6.529703568958212e-06,7.910788553999737e-06,5.341119322110899e-05
TCGA:BRCA:TCGA-A8-A08H-01,BRCA,BRCA,0.9249209761619568,0.0015573108103126287,0.006242874078452587,0.06727884709835052
TCGA:BRCA:TCGA-A8-A08I-01,BRCA,BRCA,0.9995391368865967,3.343591379234567e-05,0.00021923030726611614,0.00020822846272494644
TCGA:BRCA:TCGA-A8-A08J-01,BRCA,BRCA,0.9996973276138306,2.2072448700782843e-05,0.0001648165489314124,0.00011580267164390534
TCGA:BRCA:TCGA-A8-A08L-01,BRCA,BRCA,0.9996678829193115,4.98832632729318e-05,0.00020405165560077876,7.818896119715646e-05
TCGA:BRCA:TCGA-A8-A08O-01,BRCA,BRCA,0.9998595714569092,9.434928870177828e-06,5.102571230963804e-05,7.9908779298421e-05
TCGA:BRCA:TCGA-A8-A08P-01,BRCA,BRCA,0.9999197721481323,1.8019170965999365e-05,1.48798944792361e-05,4.726728730020113e-05
TCGA:BRCA:TCGA-A8-A08R-01,BRCA,BRCA,0.9984747767448425,7.469277625204995e-05,0.0002177735004806891,0.0012328018201515079
TCGA:BRCA:TCGA-A8-A08T-01,BRCA,BRCA,0.999957799911499,1.081677692127414e-05,6.762771135981893e-06,2.467809281370137e-05
TCGA:BRCA:TCGA-A8-A08X-01,BRCA,BRCA,0.9993116855621338,2.9915514460299164e-05,0.00021915095567237586,0.0004393052076920867
TCGA:BRCA:TCGA-A8-A08Z-01,BRCA,BRCA,0.999882698059082,1.2971274372830521e-05,1.2389014955260791e-05,9.188030526274815e-05
TCGA:BRCA:TCGA-A8-A090-01,BRCA,BRCA,0.9983086585998535,4.028587500215508e-05,3.651808947324753e-05,0.0016145061235874891
TCGA:BRCA:TCGA-A8-A091-01,BRCA,BRCA,0.9997435212135315,0.00010093704622704536,2.2891372282174416e-05,0.00013259587285574526
TCGA:BRCA:TCGA-A8-A092-01,BRCA,BRCA,0.9998959302902222,2.15346590266563e-05,5.240306199993938e-05,3.0072204026510008e-05
TCGA:BRCA:TCGA-A8-A093-01,BRCA,BRCA,0.999966025352478,9.498375220573507e-06,4.271644684195053e-06,2.0171750293229707e-05
TCGA:BRCA:TCGA-A8-A094-01,BRCA,BRCA,0.9745647311210632,0.00019478665490169078,0.0013713098596781492,0.023869158700108528
TCGA:BRCA:TCGA-A8-A095-01,BRCA,BRCA,0.9999402761459351,6.6922402766067535e-06,1.736422927933745e-05,3.5653047234518453e-05
TCGA:BRCA:TCGA-A8-A096-01,BRCA,BRCA,0.9998986721038818,1.6564817997277714e-05,3.2266056223306805e-05,5.2490333473542705e-05
TCGA:BRCA:TCGA-A8-A097-01,BRCA,BRCA,0.9997921586036682,3.318534800200723e-05,4.63600481452886e-05,0.0001283486490137875
TCGA:BRCA:TCGA-A8-A099-01,BRCA,BRCA,0.9998424053192139,8.312827412737533e-05,2.3397104087052867e-05,5.100683483760804e-05
TCGA:BRCA:TCGA-A8-A09A-01,BRCA,BRCA,0.999910831451416,8.44651640363736e-06,3.8326346839312464e-05,4.2392861359985545e-05
TCGA:BRCA:TCGA-A8-A09B-01,BRCA,BRCA,0.9998906850814819,2.7530604711500928e-05,1.1293323041172698e-05,7.04968988429755e-05
TCGA:BRCA:TCGA-A8-A09C-01,BRCA,BRCA,0.9998476505279541,1.7299449609708972e-05,6.823884177720174e-05,6.673251482425258e-05
TCGA:BRCA:TCGA-A8-A09D-01,BRCA,BRCA,0.9998217225074768,5.955393862677738e-05,2.270343975396827e-05,9.604907245375216e-05
TCGA:BRCA:TCGA-A8-A09G-01,BRCA,BRCA,0.9999020099639893,7.86597047408577e-06,3.3783737308112904e-05,5.637293725158088e-05
TCGA:BRCA:TCGA-A8-A09I-01,BRCA,BRCA,0.9993643164634705,8.728054672246799e-05,0.00017828204727265984,0.0003701814857777208
TCGA:BRCA:TCGA-A8-A09M-01,BRCA,BRCA,0.9998171925544739,1.9388808141229674e-05,8.20629793452099e-05,8.136063115671277e-05
TCGA:BRCA:TCGA-A8-A09N-01,BRCA,BRCA,0.9999164342880249,6.023743026162265e-06,8.52002267492935e-06,6.904546899022534e-05
TCGA:BRCA:TCGA-A8-A09Q-01,BRCA,BRCA,0.9999297857284546,3.4796466934494674e-05,1.4151079994917382e-05,2.120986391673796e-05
TCGA:BRCA:TCGA-A8-A09R-01,BRCA,BRCA,0.9997161030769348,0.00012144233915023506,6.88613363308832e-05,9.35831994866021e-05
TCGA:BRCA:TCGA-A8-A09T-01,BRCA,BRCA,0.9999206066131592,4.367585006548325e-06,1.2677173799602315e-05,6.235789624042809e-05
TCGA:BRCA:TCGA-A8-A09V-01,BRCA,BRCA,0.999863862991333,3.6518304113997146e-05,1.471065388614079e-05,8.494048961438239e-05
TCGA:BRCA:TCGA-A8-A09W-01,BRCA,BRCA,0.9995032548904419,0.00013427535304799676,5.502084968611598e-05,0.000307387497741729
TCGA:BRCA:TCGA-A8-A09X-01,BRCA,BRCA,0.9999593496322632,4.101873400941258e-06,2.6858846467803232e-05,9.639095878810622e-06
TCGA:BRCA:TCGA-A8-A09Z-01,BRCA,BRCA,0.9989458918571472,5.9151832829229534e-05,8.40045468066819e-05,0.0009109562961384654
TCGA:BRCA:TCGA-A8-A0A1-01,BRCA,BRCA,0.9997922778129578,0.00010815609857672825,2.3815047825337388e-05,7.574428309453651e-05
TCGA:BRCA:TCGA-A8-A0A2-01,BRCA,BRCA,0.9999473094940186,1.943839743034914e-05,1.6486741515109316e-05,1.67202470038319e-05
TCGA:BRCA:TCGA-A8-A0A4-01,BRCA,BRCA,0.999357283115387,9.541444887872785e-05,4.6907989599276334e-05,0.0005003605037927628
TCGA:BRCA:TCGA-A8-A0A6-01,BRCA,BRCA,0.9996792078018188,5.168666575627867e-06,9.62739341048291e-06,0.0003060144081246108
TCGA:BRCA:TCGA-A8-A0A7-01,BRCA,BRCA,0.999627947807312,1.0681453204597346e-05,0.00012392907228786498,0.00023745089129079133
TCGA:BRCA:TCGA-A8-A0A9-01,BRCA,BRCA,0.9998400211334229,4.057282058056444e-05,1.042922758642817e-05,0.00010891045531025156
TCGA:BRCA:TCGA-A8-A0AB-01,BRCA,BRCA,0.9998300075531006,1.5682491721236147e-05,6.83855832903646e-05,8.585158502683043e-05
TCGA:BRCA:TCGA-A8-A0AD-01,BRCA,BRCA,0.9999645948410034,6.883691185066709e-06,1.0728753295552451e-05,1.7788957848097198e-05
TCGA:BRCA:TCGA-AC-A23C-01,BRCA,BRCA,0.999920129776001,1.1063308193115517e-05,1.2509713997133076e-05,5.624201367027126e-05
TCGA:BRCA:TCGA-AC-A23E-01,BRCA,BRCA,0.999943733215332,1.0544214092078619e-05,1.907195837702602e-05,2.6677791538531892e-05
TCGA:BRCA:TCGA-AC-A23G-01,BRCA,BRCA,0.9996232986450195,0.00029028189601376653,3.218262645532377e-05,5.417800275608897e-05
TCGA:BRCA:TCGA-AC-A23H-01,BRCA,BRCA,0.9992260932922363,7.038965850370005e-05,0.0002641799801494926,0.00043934088898822665
TCGA:BRCA:TCGA-AC-A2B8-01,BRCA,BRCA,0.9999302625656128,2.304432200617157e-05,1.0473117981746327e-05,3.619625204009935e-05
TCGA:BRCA:TCGA-AC-A2BK-01,BRCA,BRCA,0.9856993556022644,0.0015394201036542654,0.008144068531692028,0.004617148544639349
TCGA:BRCA:TCGA-AC-A2BM-01,BRCA,BRCA,0.9998433589935303,1.967265416169539e-05,4.2128969653276727e-05,9.480835433350876e-05
TCGA:BRCA:TCGA-AC-A2FB-01,BRCA,BRCA,0.9996813535690308,4.5665892685065046e-05,0.00015965753118507564,0.00011333404836477712
TCGA:BRCA:TCGA-AC-A2FE-01,BRCA,BRCA,0.9993202686309814,4.131897367187776e-05,6.458300777012482e-05,0.0005738670588470995
TCGA:BRCA:TCGA-AC-A2FF-01,BRCA,BRCA,0.99930739402771,2.1197451133048162e-05,3.1671916076447815e-05,0.0006397707620635629
TCGA:BRCA:TCGA-AC-A2FG-01,BRCA,BRCA,0.9999635219573975,8.754815098654944e-06,1.3719770322495606e-05,1.3969836800242774e-05
TCGA:BRCA:TCGA-AC-A2FK-01,BRCA,BRCA,0.9996128678321838,2.6127037926926278e-05,0.00020962825510650873,0.00015140368486754596
TCGA:BRCA:TCGA-AC-A2FM-01,BRCA,BRCA,0.9990339279174805,0.0001818706950871274,0.0003799127880483866,0.0004043130320496857
TCGA:BRCA:TCGA-AC-A2FO-01,BRCA,BRCA,0.9998227953910828,1.3990386833029334e-05,2.459145980537869e-05,0.000138619274366647
TCGA:BRCA:TCGA-AC-A2QH-01,BRCA,BRCA,0.991144061088562,0.001480036647990346,0.000670159119181335,0.006705756764858961
TCGA:BRCA:TCGA-AC-A2QI-01,BRCA,BRCA,0.999957799911499,1.944828181876801e-05,1.047548448696034e-05,1.2271540981600992e-05
TCGA:BRCA:TCGA-AC-A2QJ-01,BRCA,BRCA,0.9419357180595398,0.04433317855000496,0.005082420539110899,0.008648721501231194
TCGA:BRCA:TCGA-AC-A3BB-01,BRCA,BRCA,0.9999184608459473,3.6767298297490925e-05,1.5652231013518758e-05,2.908222086261958e-05
TCGA:BRCA:TCGA-AC-A3EH-01,BRCA,BRCA,0.999935507774353,2.5499408366158605e-05,2.1327732611098327e-05,1.7717382434057072e-05
TCGA:BRCA:TCGA-AC-A3HN-01,BRCA,BRCA,0.999962329864502,2.4434861188638024e-05,6.559310349985026e-06,6.72476699037361e-06
TCGA:BRCA:TCGA-AC-A3OD-01,BRCA,BRCA,0.9997815489768982,1.7702308468869887e-05,3.4809261705959216e-05,0.00016592607425991446
TCGA:BRCA:TCGA-AC-A3QP-01,BRCA,BRCA,0.9996013045310974,0.0001244904415216297,0.00012706145935226232,0.00014718064630869776
TCGA:BRCA:TCGA-AC-A3QQ-01,BRCA,BRCA,0.9996055960655212,9.37624936341308e-05,8.351147698704153e-05,0.00021711735462304205
TCGA:BRCA:TCGA-AC-A3TM-01,BRCA,BRCA,0.9921507835388184,0.005694258958101273,0.0010575024643912911,0.0010974108008667827
TCGA:BRCA:TCGA-AC-A3TN-01,BRCA,BRCA,0.9995433688163757,0.00023160051205195487,3.9915077650221065e-05,0.00018513591203372926
TCGA:BRCA:TCGA-AC-A3W5-01,BRCA,BRCA,0.9994402527809143,5.292700734571554e-05,6.257832865230739e-05,0.00044424558291211724
TCGA:BRCA:TCGA-AC-A3W6-01,BRCA,BRCA,0.9998425245285034,5.473869532579556e-05,3.607133839977905e-05,6.66759951855056e-05
TCGA:BRCA:TCGA-AC-A3W7-01,BRCA,BRCA,0.9998514652252197,0.00010939221101580188,1.36370736072422e-05,2.548134398239199e-05
TCGA:BRCA:TCGA-AC-A3YI-01,BRCA,BRCA,0.9773010611534119,0.0017227429198101163,0.009450914338231087,0.011525308713316917
TCGA:BRCA:TCGA-AC-A3YJ-01,BRCA,BRCA,0.9995418787002563,5.651079845847562e-05,4.377598816063255e-05,0.0003578138130251318
TCGA:BRCA:TCGA-AC-A4ZE-01,BRCA,BRCA,0.9999195337295532,1.8098267901223153e-05,1.649295154493302e-05,4.5900698751211166e-05
TCGA:BRCA:TCGA-AC-A5EH-01,BRCA,BRCA,0.9997679591178894,3.624660530476831e-05,6.407649198081344e-05,0.0001317540736636147
TCGA:BRCA:TCGA-AC-A5XS-01,BRCA,BRCA,0.978874146938324,4.015077502117492e-05,5.638209404423833e-05,0.021029358729720116
TCGA:BRCA:TCGA-AC-A5XU-01,BRCA,BRCA,0.9991301894187927,0.00016358430730178952,0.00031671448959968984,0.000389540393371135
TCGA:BRCA:TCGA-AC-A62V-01,BRCA,BRCA,0.9955508708953857,0.0024010741617530584,0.000969411397818476,0.0010786630446091294
TCGA:BRCA:TCGA-AC-A62X-01,BRCA,BRCA,0.998089611530304,2.8102058422518894e-05,0.0001317204296356067,0.0017505418509244919
TCGA:BRCA:TCGA-AC-A62Y-01,BRCA,BRCA,0.9996764659881592,0.000188947087735869,3.3131480449810624e-05,0.00010144017142010853
TCGA:BRCA:TCGA-AC-A6IV-01,BRCA,BRCA,0.9984440207481384,0.00014545863086823374,0.00026664912002161145,0.001143908011727035
TCGA:BRCA:TCGA-AC-A6IW-01,BRCA,BRCA,0.9982871413230896,0.00032452517189085484,0.0011016579810529947,0.00028666463913396
TCGA:BRCA:TCGA-AC-A6IX-01,BRCA,BRCA,0.9998522996902466,1.9484954464132898e-05,2.8149701392976567e-05,0.00010004454816225916
TCGA:BRCA:TCGA-AC-A6NO-01,BRCA,BRCA,0.9999539852142334,1.145364876720123e-05,1.2022762348351534e-05,2.259355824207887e-05
TCGA:BRCA:TCGA-AC-A7VB-01,BRCA,BRCA,0.9994935989379883,0.0001546458079246804,5.812994277221151e-05,0.0002936394594144076
TCGA:BRCA:TCGA-AC-A7VC-01,BRCA,BRCA,0.9982781410217285,0.00048390947631560266,0.0008387145353481174,0.00039927999023348093
TCGA:BRCA:TCGA-AC-A8OP-01,BRCA,BRCA,0.9998540878295898,3.246577034587972e-05,3.721416578628123e-05,7.623088458785787e-05
TCGA:BRCA:TCGA-AC-A8OQ-01,BRCA,BRCA,0.53630530834198,0.0011765836970880628,0.024248680099844933,0.4382694363594055
TCGA:BRCA:TCGA-AC-A8OR-01,BRCA,BRCA,0.9993724226951599,0.00026612289366312325,0.00012504670303314924,0.00023644145403522998
TCGA:BRCA:TCGA-AC-A8OS-01,BRCA,BRCA,0.9989603757858276,4.9923608457902446e-05,3.274984919698909e-05,0.0009569248068146408
TCGA:BRCA:TCGA-AN-A03X-01,BRCA,BRCA,0.9995306730270386,1.6326725017279387e-05,7.726503099547699e-06,0.00044526156852953136
TCGA:BRCA:TCGA-AN-A03Y-01,BRCA,BRCA,0.9997037053108215,1.1961525160586461e-05,8.67347334860824e-05,0.00019756695837713778
TCGA:BRCA:TCGA-AN-A041-01,BRCA,BRCA,0.9955576062202454,0.00023342906206380576,0.0001162782937171869,0.004092758055776358
TCGA:BRCA:TCGA-AN-A046-01,BRCA,BRCA,0.9999276399612427,3.60687990905717e-05,1.5580471881548874e-05,2.073666109936312e-05
TCGA:BRCA:TCGA-AN-A049-01,BRCA,BRCA,0.9997177720069885,5.881819743080996e-05,2.726161983446218e-05,0.0001961433154065162
TCGA:BRCA:TCGA-AN-A04A-01,BRCA,BRCA,0.9995936751365662,6.059453880880028e-05,0.00012999142927583307,0.00021570926764979959
TCGA:BRCA:TCGA-AN-A04C-01,BRCA,BRCA,0.9917998909950256,0.00030966816120781004,0.0062521081417799,0.0016383335459977388
TCGA:BRCA:TCGA-AN-A04D-01,BRCA,BRCA,0.998826801776886,7.97145621618256e-05,0.0005536499083973467,0.0005398318753577769
TCGA:BRCA:TCGA-AN-A0AJ-01,BRCA,BRCA,0.999500036239624,7.527552224928513e-05,0.00015254091704264283,0.000272090284852311
TCGA:BRCA:TCGA-AN-A0AK-01,BRCA,BRCA,0.9985765218734741,0.0002026121801463887,0.0009425383759662509,0.0002783055242616683
TCGA:BRCA:TCGA-AN-A0AL-01,BRCA,LUAD,0.2568106949329376,0.002320703351870179,0.015459553338587284,0.7254090905189514
TCGA:BRCA:TCGA-AN-A0AM-01,BRCA,BRCA,0.999725878238678,4.1278744902228937e-05,2.148431485693436e-05,0.00021132368419785053
TCGA:BRCA:TCGA-AN-A0AR-01,BRCA,BRCA,0.9797434210777283,0.0008402848616242409,0.00371652003377676,0.01569977030158043
TCGA:BRCA:TCGA-AN-A0AS-01,BRCA,BRCA,0.9998200535774231,7.364679731836077e-06,1.0241308700642549e-05,0.00016239284013863653
TCGA:BRCA:TCGA-AN-A0AT-01,BRCA,BRCA,0.9877117276191711,0.0005335197201929986,0.009627779014408588,0.002126938896253705
TCGA:BRCA:TCGA-AN-A0FD-01,BRCA,BRCA,0.9997647404670715,3.544900755514391e-05,2.729911466303747e-05,0.00017248456424567848
TCGA:BRCA:TCGA-AN-A0FF-01,BRCA,BRCA,0.9999518394470215,1.0287240002071485e-05,1.3070211025478784e-05,2.4797698642942123e-05
TCGA:BRCA:TCGA-AN-A0FJ-01,BRCA,BRCA,0.9817638993263245,0.00010100084182340652,0.008877803571522236,0.009257245808839798
TCGA:BRCA:TCGA-AN-A0FK-01,BRCA,BRCA,0.9998490810394287,1.2180665180494543e-05,6.487430073320866e-05,7.384717173408717e-05
TCGA:BRCA:TCGA-AN-A0FL-01,BRCA,BRCA,0.9906343221664429,8.989993511931971e-05,0.0037666521966457367,0.005509095266461372
TCGA:BRCA:TCGA-AN-A0FN-01,BRCA,BRCA,0.9998544454574585,1.172863721876638e-05,4.5204837078927085e-05,8.856157364789397e-05
TCGA:BRCA:TCGA-AN-A0FS-01,BRCA,BRCA,0.9999432563781738,1.947353666764684e-05,1.936467924679164e-05,1.790642818377819e-05
TCGA:BRCA:TCGA-AN-A0FT-01,BRCA,BRCA,0.9990033507347107,0.0007007544627413154,0.00013373840192798525,0.00016213102207984775
TCGA:BRCA:TCGA-AN-A0FV-01,BRCA,BRCA,0.9816091656684875,0.0022949357517063618,0.0006788078462705016,0.015417068265378475
TCGA:BRCA:TCGA-AN-A0FW-01,BRCA,BRCA,0.9998375177383423,4.676634125644341e-05,4.4236625399207696e-05,7.149326120270416e-05
TCGA:BRCA:TCGA-AN-A0FX-01,BRCA,BRCA,0.9979572296142578,0.00011105222802143544,0.0013401724863797426,0.0005915613728575408
TCGA:BRCA:TCGA-AN-A0FY-01,BRCA,BRCA,0.9997803568840027,3.5598557587945834e-05,0.00011412688036216423,6.99465672369115e-05
TCGA:BRCA:TCGA-AN-A0FZ-01,BRCA,BRCA,0.9996609687805176,3.413812373764813e-05,6.877825217088684e-05,0.000236147316172719
TCGA:BRCA:TCGA-AN-A0G0-01,BRCA,BRCA,0.9926871061325073,4.6438752178801224e-05,0.000991601264104247,0.006274902727454901
TCGA:BRCA:TCGA-AN-A0XL-01,BRCA,BRCA,0.9998761415481567,5.079031689092517e-05,2.3285656425287016e-05,4.97108994750306e-05
TCGA:BRCA:TCGA-AN-A0XN-01,BRCA,BRCA,0.9999004602432251,1.2067330317222513e-05,4.512839223025367e-05,4.232916035107337e-05
TCGA:BRCA:TCGA-AN-A0XO-01,BRCA,BRCA,0.9997466206550598,3.41018385370262e-05,1.9060998965869658e-05,0.0002001995308091864
TCGA:BRCA:TCGA-AN-A0XP-01,BRCA,BRCA,0.9999337196350098,1.589203384355642e-05,1.4644895600213204e-05,3.578132964321412e-05
TCGA:BRCA:TCGA-AN-A0XR-01,BRCA,BRCA,0.9999191761016846,3.609694977058098e-05,2.2035719666746445e-05,2.2670299586025067e-05
TCGA:BRCA:TCGA-AN-A0XS-01,BRCA,BRCA,0.9999374151229858,3.337413363624364e-05,1.5748446458019316e-05,1.3431055776891299e-05
TCGA:BRCA:TCGA-AN-A0XT-01,BRCA,BRCA,0.9999369382858276,5.910915660933824e-06,1.0482301149750128e-05,4.6711258619325235e-05
TCGA:BRCA:TCGA-AN-A0XU-01,BRCA,BRCA,0.9954434633255005,4.907813126919791e-05,0.001736655249260366,0.00277082622051239
TCGA:BRCA:TCGA-AN-A0XV-01,BRCA,BRCA,0.9999731779098511,4.92655226480565e-06,5.9503031479835045e-06,1.5981724573066458e-05
TCGA:BRCA:TCGA-AN-A0XW-01,BRCA,BRCA,0.999733030796051,2.2040989279048517e-05,7.43209820939228e-05,0.00017059601668734103
TCGA:BRCA:TCGA-AO-A03L-01,BRCA,BRCA,0.9998364448547363,0.0001006674428936094,2.952772229036782e-05,3.331047992105596e-05
TCGA:BRCA:TCGA-AO-A03M-01,BRCA,BRCA,0.9998724460601807,9.497993232798763e-06,4.6393844968406484e-05,7.168918091338128e-05
TCGA:BRCA:TCGA-AO-A03N-01,BRCA,BRCA,0.9999477863311768,7.513653144997079e-06,1.1451153113739565e-05,3.3288240956608206e-05
TCGA:BRCA:TCGA-AO-A03O-01,BRCA,BRCA,0.9999431371688843,7.730015568085946e-06,1.2359422726149205e-05,3.67119355360046e-05
TCGA:BRCA:TCGA-AO-A03P-01,BRCA,BRCA,0.9998980760574341,1.6544774553040043e-05,1.9289800547994673e-05,6.603528890991583e-05
TCGA:BRCA:TCGA-AO-A03R-01,BRCA,BRCA,0.9996168613433838,5.573859380092472e-05,0.0002126863255398348,0.00011466423893580213
TCGA:BRCA:TCGA-AO-A03T-01,BRCA,BRCA,0.9989897608757019,0.00021717861818615347,0.0002856883220374584,0.0005073803476989269
TCGA:BRCA:TCGA-AO-A03U-01,BRCA,BRCA,0.6630452871322632,7.41009134799242e-05,0.00046770396875217557,0.3364129066467285
TCGA:BRCA:TCGA-AO-A03V-01,BRCA,BRCA,0.9998606443405151,2.281876550114248e-05,6.316911458270624e-05,5.335539754014462e-05
TCGA:BRCA:TCGA-AO-A0J2-01,BRCA,BRCA,0.996901273727417,0.00019097169570159167,0.0003237913770135492,0.0025839924346655607
TCGA:BRCA:TCGA-AO-A0J3-01,BRCA,BRCA,0.9997102618217468,2.9363491194089875e-05,4.3823718442581594e-05,0.00021654926240444183
TCGA:BRCA:TCGA-AO-A0J4-01,BRCA,BRCA,0.994979202747345,6.240687798708677e-05,0.0012823139550164342,0.0036760203074663877
TCGA:BRCA:TCGA-AO-A0J5-01,BRCA,BRCA,0.9979200959205627,0.0002674084098543972,7.019958138698712e-05,0.0017423637909814715
TCGA:BRCA:TCGA-AO-A0J6-01,BRCA,BRCA,0.9975160360336304,0.000307685520965606,0.0007918527699075639,0.0013844957575201988
TCGA:BRCA:TCGA-AO-A0J7-01,BRCA,BRCA,0.9995149374008179,0.00013780075823888183,9.772981866262853e-05,0.0002495618537068367
TCGA:BRCA:TCGA-AO-A0J8-01,BRCA,BRCA,0.9997900128364563,3.460170410107821e-05,2.2075400920584798e-05,0.00015327121946029365
TCGA:BRCA:TCGA-AO-A0J9-01,BRCA,BRCA,0.9999427795410156,1.2724027328658849e-05,1.3375014532357454e-05,3.114384162472561e-05
TCGA:BRCA:TCGA-AO-A0JA-01,BRCA,BRCA,0.999919056892395,7.708863449806813e-06,2.615159610286355e-05,4.706402978627011e-05
TCGA:BRCA:TCGA-AO-A0JB-01,BRCA,BRCA,0.9992727637290955,0.0001572009059600532,0.00034142399090342224,0.0002285959926666692
TCGA:BRCA:TCGA-AO-A0JC-01,BRCA,BRCA,0.5493840575218201,0.005999681539833546,0.4325645864009857,0.012051694095134735
TCGA:BRCA:TCGA-AO-A0JD-01,BRCA,BRCA,0.9989976286888123,4.369694215711206e-05,0.0007175174541771412,0.00024112248502206057
TCGA:BRCA:TCGA-AO-A0JE-01,BRCA,BRCA,0.9971680045127869,0.00024253757146652788,0.0001381882029818371,0.0024513197131454945
TCGA:BRCA:TCGA-AO-A0JF-01,BRCA,BRCA,0.9998979568481445,3.5668406781041995e-05,2.4093400497804396e-05,4.230241756886244e-05
TCGA:BRCA:TCGA-AO-A0JG-01,BRCA,BRCA,0.9999346733093262,1.4428466784011107e-05,3.210961585864425e-05,1.8785311112878844e-05
TCGA:BRCA:TCGA-AO-A0JI-01,BRCA,BRCA,0.9998607635498047,3.2357522286474705e-05,2.082107494061347e-05,8.598041313234717e-05
TCGA:BRCA:TCGA-AO-A0JJ-01,BRCA,BRCA,0.9998555183410645,4.3834599637193605e-05,7.99840381660033e-06,9.256821795133874e-05
TCGA:BRCA:TCGA-AO-A0JL-01,BRCA,BRCA,0.9997658133506775,2.5123525119852275e-05,4.268454358680174e-05,0.00016634332132525742
TCGA:BRCA:TCGA-AO-A0JM-01,BRCA,BRCA,0.9999161958694458,3.1366984330816194e-05,1.1740731679310557e-05,4.06778090109583e-05
TCGA:BRCA:TCGA-AO-A124-01,BRCA,BRCA,0.9967417120933533,0.0004735278489533812,0.0012431704672053456,0.0015415584202855825
TCGA:BRCA:TCGA-AO-A125-01,BRCA,BRCA,0.9995902180671692,8.077776874415576e-05,3.497368743410334e-05,0.00029402345535345376
TCGA:BRCA:TCGA-AO-A126-01,BRCA,BRCA,0.999906063079834,6.177172326715663e-05,5.090290414955234e-06,2.7023670554626733e-05
TCGA:BRCA:TCGA-AO-A128-01,BRCA,BRCA,0.9988279938697815,2.0331530322437175e-05,0.0002407993597444147,0.0009109226521104574
TCGA:BRCA:TCGA-AO-A129-01,BRCA,BRCA,0.9989738464355469,0.00024372825282625854,0.00044921826338395476,0.00033317168708890676
TCGA:BRCA:TCGA-AO-A12A-01,BRCA,BRCA,0.999910831451416,1.4034102605364751e-05,9.197488907375373e-06,6.592224235646427e-05
TCGA:BRCA:TCGA-AO-A12B-01,BRCA,BRCA,0.9997311234474182,1.7177888366859406e-05,1.3668240171682555e-05,0.00023805088130757213
TCGA:BRCA:TCGA-AO-A12D-01,BRCA,BRCA,0.9997996687889099,1.2353737474768423e-05,3.352810745127499e-05,0.00015445242752321064
TCGA:BRCA:TCGA-AO-A12E-01,BRCA,BRCA,0.9999043941497803,2.145886537618935e-05,1.348623845842667e-05,6.0684171330649406e-05
TCGA:BRCA:TCGA-AO-A12F-01,BRCA,BRCA,0.9988640546798706,7.246757013490424e-05,0.0003279787197243422,0.0007354965782724321
TCGA:BRCA:TCGA-AO-A12G-01,BRCA,BRCA,0.9996527433395386,2.6625020836945623e-05,0.00013491764548234642,0.00018574298883322626
TCGA:BRCA:TCGA-AO-A12H-01,BRCA,BRCA,0.9999655485153198,8.687828994879965e-06,8.427618922723923e-06,1.7295466022915207e-05
TCGA:BRCA:TCGA-AO-A1KO-01,BRCA,BRCA,0.9995872378349304,3.5068598663201556e-05,0.00028124518576078117,9.639943891670555e-05
TCGA:BRCA:TCGA-AO-A1KP-01,BRCA,BRCA,0.9999305009841919,4.94396317662904e-06,2.2962456569075584e-05,4.1549152228981256e-05
TCGA:BRCA:TCGA-AO-A1KQ-01,BRCA,BRCA,0.9998069405555725,1.3324935935088433e-05,6.763386045349762e-05,0.00011212254321435466
TCGA:BRCA:TCGA-AO-A1KR-01,BRCA,BRCA,0.9799283742904663,0.0032525542192161083,0.012684715911746025,0.0041343821212649345
TCGA:BRCA:TCGA-AO-A1KS-01,BRCA,BRCA,0.9999136924743652,9.876126568997279e-06,1.9454046196187846e-05,5.6973898608703166e-05
TCGA:BRCA:TCGA-AO-A1KT-01,BRCA,BRCA,0.9999402761459351,1.1627933417912573e-05,7.070524588925764e-06,4.104333129362203e-05
TCGA:BRCA:TCGA-AQ-A04H-01,BRCA,BRCA,0.9996585845947266,4.082225132151507e-05,3.151191776851192e-05,0.0002691312984097749
TCGA:BRCA:TCGA-AQ-A04J-01,BRCA,BRCA,0.9511311650276184,0.0004449114785529673,0.04592616483569145,0.002497707027941942
TCGA:BRCA:TCGA-AQ-A04L-01,BRCA,BRCA,0.9966526627540588,7.804885535733774e-05,0.0015613613650202751,0.0017079480458050966
TCGA:BRCA:TCGA-AQ-A0Y5-01,BRCA,BRCA,0.9990742206573486,3.516160631988896e-06,3.7709389289375395e-05,0.0008845053380355239
TCGA:BRCA:TCGA-AQ-A1H2-01,BRCA,BRCA,0.9998897314071655,6.208988634170964e-05,2.0907638827338815e-05,2.7279807909508236e-05
TCGA:BRCA:TCGA-AQ-A1H3-01,BRCA,BRCA,0.9999500513076782,8.707153938303236e-06,5.64463562113815e-06,3.563731661415659e-05
TCGA:BRCA:TCGA-AQ-A54N-01,BRCA,BRCA,0.9972973465919495,0.00013725280587095767,0.00045675470028072596,0.0021086684428155422
TCGA:BRCA:TCGA-AQ-A54O-01,BRCA,BRCA,0.9997372031211853,2.2065731172915548e-05,0.0001183204585686326,0.00012243895616848022
TCGA:BRCA:TCGA-AQ-A7U7-01,BRCA,BRCA,0.9882246255874634,0.0005700288456864655,0.0007982241222634912,0.010407177731394768
TCGA:BRCA:TCGA-AR-A0TP-01,BRCA,BRCA,0.9979382157325745,4.775140405399725e-05,0.0002984622260555625,0.0017154860543087125
TCGA:BRCA:TCGA-AR-A0TQ-01,BRCA,BRCA,0.9990702271461487,0.00041589868487790227,0.00012360433174762875,0.0003903539036400616
TCGA:BRCA:TCGA-AR-A0TR-01,BRCA,BRCA,0.9995296001434326,0.00013409499661065638,4.48249229521025e-05,0.0002914660144597292
TCGA:BRCA:TCGA-AR-A0TS-01,BRCA,BRCA,0.9998457431793213,1.3677371498488355e-05,5.8215955505147576e-05,8.238761802203953e-05
TCGA:BRCA:TCGA-AR-A0TT-01,BRCA,BRCA,0.9994569420814514,1.910088940348942e-05,0.00021033523080404848,0.0003135794831905514
TCGA:BRCA:TCGA-AR-A0TU-01,BRCA,BRCA,0.9987994432449341,0.00017938227392733097,0.000527095515280962,0.0004940557410009205
TCGA:BRCA:TCGA-AR-A0TV-01,BRCA,BRCA,0.999866247177124,1.649753176025115e-05,4.843325223191641e-05,6.882283196318895e-05
TCGA:BRCA:TCGA-AR-A0TW-01,BRCA,BRCA,0.999790608882904,2.480931107129436e-05,4.366103530628607e-05,0.00014088122406974435
TCGA:BRCA:TCGA-AR-A0TX-01,BRCA,BRCA,0.9997932314872742,8.917115337681025e-05,1.4387075680133421e-05,0.00010326165647711605
TCGA:BRCA:TCGA-AR-A0TY-01,BRCA,BRCA,0.9996967315673828,4.689873458119109e-05,0.00013510926510207355,0.00012130153481848538
TCGA:BRCA:TCGA-AR-A0TZ-01,BRCA,BRCA,0.9998681545257568,2.857542858691886e-05,1.2713301657640841e-05,9.052501991391182e-05
TCGA:BRCA:TCGA-AR-A0U0-01,BRCA,BRCA,0.9953128099441528,0.0002217958972323686,0.0026234802789986134,0.0018419232219457626
TCGA:BRCA:TCGA-AR-A0U1-01,BRCA,BRCA,0.9872695207595825,0.00021391197515185922,0.00018299442308489233,0.01233353279531002
TCGA:BRCA:TCGA-AR-A0U2-01,BRCA,BRCA,0.9977377653121948,0.00039043734432198107,0.0009906276827678084,0.0008811845909804106
TCGA:BRCA:TCGA-AR-A0U3-01,BRCA,BRCA,0.9998241066932678,1.2344770766503643e-05,3.7263405829435214e-05,0.00012636523752007633
TCGA:BRCA:TCGA-AR-A0U4-01,BRCA,BRCA,0.990852415561676,0.00018267333507537842,0.006637243088334799,0.0023276316933333874
TCGA:BRCA:TCGA-AR-A1AH-01,BRCA,BRCA,0.9998396635055542,1.2832385436922777e-05,9.845252498053014e-05,4.899651321466081e-05
TCGA:BRCA:TCGA-AR-A1AI-01,BRCA,BRCA,0.9754675030708313,0.00034467290970496833,0.0022297168616205454,0.021958068013191223
TCGA:BRCA:TCGA-AR-A1AJ-01,BRCA,BRCA,0.9973459243774414,2.7476098694023676e-05,0.0009508947259746492,0.0016756253316998482
TCGA:BRCA:TCGA-AR-A1AK-01,BRCA,BRCA,0.9996117949485779,2.5524601369397715e-05,3.371059938217513e-05,0.0003289835585746914
TCGA:BRCA:TCGA-AR-A1AL-01,BRCA,BRCA,0.9998639822006226,3.379170084372163e-05,3.106329313595779e-05,7.117778295651078e-05
TCGA:BRCA:TCGA-AR-A1AM-01,BRCA,BRCA,0.9999561309814453,2.272497113153804e-05,1.0294330422766507e-05,1.082594371837331e-05
TCGA:BRCA:TCGA-AR-A1AN-01,BRCA,BRCA,0.999972939491272,2.2462984361482086e-06,3.080047690673382e-06,2.1753139662905596e-05
TCGA:BRCA:TCGA-AR-A1AO-01,BRCA,BRCA,0.9926868677139282,0.0003792029165197164,0.003212863812223077,0.0037210474256426096
TCGA:BRCA:TCGA-AR-A1AP-01,BRCA,BRCA,0.9999712705612183,6.659106020379113e-06,4.090519723831676e-06,1.7939339159056544e-05
TCGA:BRCA:TCGA-AR-A1AQ-01,BRCA,BRCA,0.9985792636871338,5.088607213110663e-05,0.000918016245122999,0.00045189508819021285
TCGA:BRCA:TCGA-AR-A1AR-01,BRCA,BRCA,0.9986100196838379,4.2549287172732875e-05,0.00014744330837856978,0.0011999346315860748
TCGA:BRCA:TCGA-AR-A1AS-01,BRCA,BRCA,0.9998843669891357,2.0716748622362502e-05,2.5741996068973094e-05,6.912619573995471e-05
TCGA:BRCA:TCGA-AR-A1AT-01,BRCA,BRCA,0.9999525547027588,1.2706302186415996e-05,1.6523157682968304e-05,1.8272243323735893e-05
TCGA:BRCA:TCGA-AR-A1AU-01,BRCA,BRCA,0.9999312162399292,6.988153927522944e-06,2.872004006349016e-05,3.3097916457336396e-05
TCGA:BRCA:TCGA-AR-A1AV-01,BRCA,BRCA,0.9999387264251709,1.8078622815664858e-05,1.2056875675625633e-05,3.113997445325367e-05
TCGA:BRCA:TCGA-AR-A1AW-01,BRCA,BRCA,0.9985658526420593,4.3133593862876296e-05,0.0006441235891543329,0.0007468979456461966
TCGA:BRCA:TCGA-AR-A1AX-01,BRCA,BRCA,0.99992835521698,1.4120539162831847e-05,4.291959703550674e-05,1.4565132914867718e-05
TCGA:BRCA:TCGA-AR-A1AY-01,BRCA,BRCA,0.9988217949867249,3.8188809412531555e-05,0.0009980248287320137,0.00014199150609783828
TCGA:BRCA:TCGA-AR-A24H-01,BRCA,BRCA,0.9995543360710144,6.96684219292365e-05,6.10999486525543e-05,0.00031486598891206086
TCGA:BRCA:TCGA-AR-A24K-01,BRCA,BRCA,0.9998422861099243,9.52373920881655e-06,1.8800332327373326e-05,0.00012930642697028816
TCGA:BRCA:TCGA-AR-A24L-01,BRCA,BRCA,0.9999457597732544,7.5207281042821705e-06,1.9452387277851813e-05,2.7254056476522237e-05
TCGA:BRCA:TCGA-AR-A24M-01,BRCA,BRCA,0.9999129772186279,1.6316249457304366e-05,4.251660357112996e-05,2.818751454469748e-05
TCGA:BRCA:TCGA-AR-A24N-01,BRCA,BRCA,0.9998528957366943,8.609226824773941e-06,2.0057619622093625e-05,0.00011846208508359268
TCGA:BRCA:TCGA-AR-A24O-01,BRCA,BRCA,0.998968243598938,9.889199645840563e-06,1.1186945812369231e-05,0.0010107069974765182
TCGA:BRCA:TCGA-AR-A24P-01,BRCA,BRCA,0.9999406337738037,1.1818319762824103e-05,1.6575801055296324e-05,3.0960527510615066e-05
TCGA:BRCA:TCGA-AR-A24Q-01,BRCA,BRCA,0.9995774626731873,1.8326580175198615e-05,0.00026335680740885437,0.0001409023825544864
TCGA:BRCA:TCGA-AR-A24R-01,BRCA,BRCA,0.9998999834060669,1.9903245629393496e-05,1.9811664969893172e-05,6.0336507885949686e-05
TCGA:BRCA:TCGA-AR-A24S-01,BRCA,BRCA,0.9998358488082886,3.300279422546737e-05,4.7388522943947464e-05,8.376133337151259e-05
TCGA:BRCA:TCGA-AR-A24T-01,BRCA,BRCA,0.9998119473457336,3.240964360884391e-05,4.207163510727696e-05,0.00011360533244442195
TCGA:BRCA:TCGA-AR-A24U-01,BRCA,BRCA,0.9973305463790894,2.37697568081785e-05,0.00012915278784930706,0.0025164922699332237
TCGA:BRCA:TCGA-AR-A24V-01,BRCA,BRCA,0.9999313354492188,5.257694283500314e-06,2.6130528567591682e-05,3.729293166543357e-05
TCGA:BRCA:TCGA-AR-A24W-01,BRCA,BRCA,0.9999368190765381,1.0300789654138498e-05,1.1811400327133015e-05,4.101482409168966e-05
TCGA:BRCA:TCGA-AR-A24X-01,BRCA,BRCA,0.999940037727356,8.380246072192676e-06,6.123335879237857e-06,4.541756061371416e-05
TCGA:BRCA:TCGA-AR-A24Z-01,BRCA,BRCA,0.9995915293693542,1.544127007946372e-05,7.062624354148284e-05,0.00032242873567156494
TCGA:BRCA:TCGA-AR-A250-01,BRCA,BRCA,0.9999319314956665,1.1177423402841669e-05,3.573505819076672e-05,2.119436248904094e-05
TCGA:BRCA:TCGA-AR-A251-01,BRCA,BRCA,0.9996953010559082,5.3568084695143625e-05,0.00012548782979138196,0.00012564219650812447
TCGA:BRCA:TCGA-AR-A252-01,BRCA,BRCA,0.9988101720809937,2.8596961783478037e-05,0.00011351174907758832,0.0010477042524144053
TCGA:BRCA:TCGA-AR-A254-01,BRCA,BRCA,0.9999527931213379,4.240399903210346e-06,2.5160141376545653e-05,1.785251333785709e-05
TCGA:BRCA:TCGA-AR-A255-01,BRCA,BRCA,0.9999265670776367,2.6171801437158138e-05,1.4510328583128285e-05,3.276808638474904e-05
TCGA:BRCA:TCGA-AR-A256-01,BRCA,BRCA,0.9998107552528381,4.1588893509469926e-05,4.898985935142264e-05,9.865005267784e-05
TCGA:BRCA:TCGA-AR-A2LE-01,BRCA,BRCA,0.9999097585678101,1.545349368825555e-05,9.811107702262234e-06,6.498958100564778e-05
TCGA:BRCA:TCGA-AR-A2LH-01,BRCA,BRCA,0.9687909483909607,0.002017521532252431,0.004070222843438387,0.025121264159679413
TCGA:BRCA:TCGA-AR-A2LJ-01,BRCA,BRCA,0.9998927116394043,3.530263347784057e-05,2.6591416826704517e-05,4.542624083114788e-05
TCGA:BRCA:TCGA-AR-A2LK-01,BRCA,BRCA,0.99962317943573,2.4753591787884943e-05,1.4948876923881471e-05,0.00033707241527736187
TCGA:BRCA:TCGA-AR-A2LM-01,BRCA,BRCA,0.9999047517776489,2.1168940293136984e-05,2.0486042558331974e-05,5.3533185564447194e-05
TCGA:BRCA:TCGA-AR-A2LN-01,BRCA,BRCA,0.9993988275527954,0.00010700949496822432,5.8822708524530753e-05,0.00043534909491427243
TCGA:BRCA:TCGA-AR-A2LO-01,BRCA,BRCA,0.9998672008514404,3.201993604307063e-05,7.256415847223252e-05,2.820308509399183e-05
TCGA:BRCA:TCGA-AR-A2LQ-01,BRCA,BRCA,0.9777737855911255,0.0023832509759813547,0.003983512986451387,0.015859417617321014
TCGA:BRCA:TCGA-AR-A5QM-01,BRCA,BRCA,0.9997864365577698,0.00013236782979220152,3.2727111829444766e-05,4.851818812312558e-05
TCGA:BRCA:TCGA-AR-A5QN-01,BRCA,BRCA,0.999699592590332,3.584514342946932e-05,3.616181857069023e-05,0.0002284301008330658
TCGA:BRCA:TCGA-AR-A5QP-01,BRCA,BRCA,0.9998823404312134,2.361798942729365e-05,4.5926357415737584e-05,4.813233681488782e-05
TCGA:BRCA:TCGA-AR-A5QQ-01,BRCA,LSCC,0.022258490324020386,0.07723050564527512,0.8957533240318298,0.0047576953656971455
TCGA:BRCA:TCGA-B6-A0I1-01,BRCA,BRCA,0.9998542070388794,1.6346906704711728e-05,7.204893336165696e-05,5.73312136111781e-05
TCGA:BRCA:TCGA-B6-A0I2-01,BRCA,BRCA,0.9987720847129822,7.113139145076275e-05,0.00028347226907499135,0.0008732446585781872
TCGA:BRCA:TCGA-B6-A0I5-01,BRCA,BRCA,0.997701108455658,0.00031626541749574244,0.000256049184827134,0.001726561109535396
TCGA:BRCA:TCGA-B6-A0I6-01,BRCA,BRCA,0.9868495464324951,0.0008337170002050698,0.01124926283955574,0.0010674330405890942
TCGA:BRCA:TCGA-B6-A0I8-01,BRCA,BRCA,0.9994920492172241,3.118141466984525e-05,4.231154889566824e-05,0.00043441049638204277
TCGA:BRCA:TCGA-B6-A0I9-01,BRCA,BRCA,0.9980176687240601,0.000273456156719476,0.0003339471877552569,0.0013748829951509833
TCGA:BRCA:TCGA-B6-A0IA-01,BRCA,BRCA,0.9998183846473694,1.7150936400867067e-05,4.6933168050600216e-05,0.00011751114652724937
TCGA:BRCA:TCGA-B6-A0IB-01,BRCA,BRCA,0.9992406368255615,0.0001337924913968891,0.00010043365182355046,0.0005251016700640321
TCGA:BRCA:TCGA-B6-A0IC-01,BRCA,BRCA,0.9997956156730652,9.03477703104727e-05,1.2287723620829638e-05,0.00010176545038120821
TCGA:BRCA:TCGA-B6-A0IE-01,BRCA,BRCA,0.9990391731262207,9.551716357236728e-05,0.00023631482326891273,0.0006290230085141957
TCGA:BRCA:TCGA-B6-A0IG-01,BRCA,BRCA,0.9990491271018982,0.0001876072201412171,0.0006311998586170375,0.00013210356701165438
TCGA:BRCA:TCGA-B6-A0IH-01,BRCA,BRCA,0.9996293783187866,9.77331874310039e-05,6.828161713201553e-05,0.0002045745641225949
TCGA:BRCA:TCGA-B6-A0IJ-01,BRCA,BRCA,0.8403027653694153,0.005827749613672495,0.13976627588272095,0.014103174209594727
TCGA:BRCA:TCGA-B6-A0IK-01,BRCA,BRCA,0.9816131591796875,0.0016745354514569044,0.005962179508060217,0.010750151239335537
TCGA:BRCA:TCGA-B6-A0IM-01,BRCA,BRCA,0.9999270439147949,1.2620355846593156e-05,1.2898057320853695e-05,4.746371996589005e-05
TCGA:BRCA:TCGA-B6-A0IN-01,BRCA,BRCA,0.999843955039978,2.9587166864075698e-05,5.3332529205363244e-05,7.314106915146112e-05
TCGA:BRCA:TCGA-B6-A0IO-01,BRCA,BRCA,0.9998493194580078,9.68066797213396e-06,3.05764697259292e-05,0.0001104083057725802
TCGA:BRCA:TCGA-B6-A0IP-01,BRCA,BRCA,0.9999492168426514,1.1592384907999076e-05,1.362948660244001e-05,2.5572744561941363e-05
TCGA:BRCA:TCGA-B6-A0IQ-01,BRCA,BRCA,0.9736896753311157,0.000504711817484349,0.024603314697742462,0.0012022916926071048
TCGA:BRCA:TCGA-B6-A0RE-01,BRCA,BRCA,0.9990135431289673,9.44273269851692e-05,0.00015808323223609477,0.0007339742733165622
TCGA:BRCA:TCGA-B6-A0RG-01,BRCA,BRCA,0.9994562268257141,7.001511403359473e-05,0.00010252507490804419,0.0003712877514772117
TCGA:BRCA:TCGA-B6-A0RH-01,BRCA,BRCA,0.9997897744178772,3.536598524078727e-05,0.00013078184565529227,4.404449646244757e-05
TCGA:BRCA:TCGA-B6-A0RI-01,BRCA,BRCA,0.9999468326568604,1.0050802302430384e-05,1.0961793122987729e-05,3.210259819752537e-05
TCGA:BRCA:TCGA-B6-A0RL-01,BRCA,BRCA,0.9998750686645508,1.5566078218398616e-05,6.400725396815687e-05,4.537339918897487e-05
TCGA:BRCA:TCGA-B6-A0RM-01,BRCA,BRCA,0.9999639987945557,4.1647958823887166e-06,9.860426871455275e-06,2.2028323655831628e-05
TCGA:BRCA:TCGA-B6-A0RN-01,BRCA,BRCA,0.9999585151672363,1.4360788554768078e-05,8.296269697893877e-06,1.879633236967493e-05
TCGA:BRCA:TCGA-B6-A0RO-01,BRCA,BRCA,0.9995928406715393,1.9128461644868366e-05,4.0353432268602774e-05,0.0003477026766631752
TCGA:BRCA:TCGA-B6-A0RP-01,BRCA,BRCA,0.999950647354126,1.6221134501392953e-05,7.5500634011405054e-06,2.5631381504354067e-05
TCGA:BRCA:TCGA-B6-A0RQ-01,BRCA,BRCA,0.9995917677879333,1.8839966287487186e-05,6.404039595508948e-05,0.0003253728791605681
TCGA:BRCA:TCGA-B6-A0RS-01,BRCA,BRCA,0.9995369911193848,4.98674125992693e-05,0.00024098156427498907,0.00017214720719493926
TCGA:BRCA:TCGA-B6-A0RT-01,BRCA,BRCA,0.993558943271637,0.00016689722542650998,0.00403931038454175,0.002234822139143944
TCGA:BRCA:TCGA-B6-A0RU-01,BRCA,BRCA,0.9997449517250061,3.4154378226958215e-05,0.00018801182159222662,3.282020770711824e-05
TCGA:BRCA:TCGA-B6-A0RV-01,BRCA,BRCA,0.9999536275863647,1.2300993148528505e-05,1.2364870599412825e-05,2.16884018300334e-05
TCGA:BRCA:TCGA-B6-A0WS-01,BRCA,BRCA,0.9999105930328369,1.7510848920210265e-05,1.3291767572809476e-05,5.862041871296242e-05
TCGA:BRCA:TCGA-B6-A0WT-01,BRCA,BRCA,0.9999587535858154,1.3822378605254926e-05,1.042789972416358e-05,1.694075035629794e-05
TCGA:BRCA:TCGA-B6-A0WV-01,BRCA,BRCA,0.999840497970581,2.5894256395986304e-05,8.433314360445365e-05,4.9298210797132924e-05
TCGA:BRCA:TCGA-B6-A0WW-01,BRCA,BRCA,0.9996981620788574,2.780048453132622e-05,5.81896529183723e-05,0.00021581639884971082
TCGA:BRCA:TCGA-B6-A0WX-01,BRCA,BRCA,0.9998916387557983,7.80382652010303e-06,1.713113670120947e-05,8.34267120808363e-05
TCGA:BRCA:TCGA-B6-A0WY-01,BRCA,BRCA,0.9996423721313477,0.0001128679868998006,0.00012675285688601434,0.0001179453611257486
TCGA:BRCA:TCGA-B6-A0WZ-01,BRCA,BRCA,0.9999277591705322,6.747384304617299e-06,1.4299750546342693e-05,5.114758459967561e-05
TCGA:BRCA:TCGA-B6-A0X0-01,BRCA,BRCA,0.9998719692230225,6.246032717172056e-05,1.883845470729284e-05,4.666294626076706e-05
TCGA:BRCA:TCGA-B6-A0X1-01,BRCA,BRCA,0.9925219416618347,0.00016398975276388228,0.0009352279594168067,0.006378859281539917
TCGA:BRCA:TCGA-B6-A0X4-01,BRCA,BRCA,0.999903678894043,9.546939509164076e-06,1.7984442820306867e-05,6.880866567371413e-05
TCGA:BRCA:TCGA-B6-A0X5-01,BRCA,BRCA,0.9996594190597534,5.567041444010101e-05,7.731807272648439e-05,0.00020761677296832204
TCGA:BRCA:TCGA-B6-A0X7-01,BRCA,BRCA,0.9999667406082153,1.0447981367178727e-05,5.08500943396939e-06,1.7710621250444092e-05
TCGA:BRCA:TCGA-B6-A1KC-01,BRCA,BRCA,0.9997755885124207,1.2547152437036857e-05,5.999393397360109e-05,0.00015190507110673934
TCGA:BRCA:TCGA-B6-A1KF-01,BRCA,BRCA,0.9994818568229675,2.63479432760505e-05,8.359874482266605e-05,0.0004081984225194901
TCGA:BRCA:TCGA-B6-A1KI-01,BRCA,BRCA,0.9999215602874756,5.934072305535665e-06,1.0909247066592798e-05,6.162946374388412e-05
TCGA:BRCA:TCGA-B6-A1KN-01,BRCA,BRCA,0.9982068538665771,6.443432357627898e-05,0.0009616570896469057,0.00076706224353984
TCGA:BRCA:TCGA-B6-A2IU-01,BRCA,BRCA,0.9998940229415894,5.7462901168037206e-05,1.33564162752009e-05,3.512757393764332e-05
TCGA:BRCA:TCGA-B6-A3ZX-01,BRCA,BRCA,0.9997182488441467,2.783444506349042e-05,3.997989551862702e-05,0.00021389526955317706
TCGA:BRCA:TCGA-B6-A400-01,BRCA,BRCA,0.9977481961250305,0.0005146089242771268,0.0006061874446459115,0.0011310146655887365
TCGA:BRCA:TCGA-B6-A401-01,BRCA,BRCA,0.9997647404670715,4.019339758087881e-05,8.514559885952622e-05,0.00010988080612150952
TCGA:BRCA:TCGA-B6-A402-01,BRCA,BRCA,0.9987145662307739,4.007008101325482e-05,0.00026507285656407475,0.000980295124463737
TCGA:BRCA:TCGA-B6-A408-01,BRCA,BRCA,0.9998819828033447,3.1250299798557535e-05,1.9052820789511316e-05,6.7695407778956e-05
TCGA:BRCA:TCGA-B6-A409-01,BRCA,BRCA,0.9943636655807495,0.0006993889692239463,0.002372035989537835,0.002564898459240794
TCGA:BRCA:TCGA-B6-A40B-01,BRCA,BRCA,0.9998931884765625,2.117083568009548e-05,4.166286817053333e-05,4.399917452246882e-05
TCGA:BRCA:TCGA-B6-A40C-01,BRCA,BRCA,0.9998579025268555,3.637585541582666e-05,3.523625127854757e-05,7.052363798720762e-05
TCGA:BRCA:TCGA-BH-A0AU-01,BRCA,BRCA,0.9998351335525513,9.724185474624392e-06,1.8026927136816084e-05,0.00013704037701245397
TCGA:BRCA:TCGA-BH-A0AV-01,BRCA,BRCA,0.9996786117553711,1.9848877855110914e-05,4.508878555498086e-05,0.00025651094620116055
TCGA:BRCA:TCGA-BH-A0AW-01,BRCA,BRCA,0.999832272529602,2.7848345780512318e-05,3.205453322152607e-05,0.0001077392662409693
TCGA:BRCA:TCGA-BH-A0AY-01,BRCA,BRCA,0.9999537467956543,8.211822205339558e-06,3.5007249152840814e-06,3.455730984569527e-05
TCGA:BRCA:TCGA-BH-A0AZ-01,BRCA,BRCA,0.9995362758636475,8.593217353336513e-05,0.00017355597810819745,0.00020421478257048875
TCGA:BRCA:TCGA-BH-A0B0-01,BRCA,BRCA,0.9999501705169678,6.488911822088994e-06,6.131789177743485e-06,3.718719381140545e-05
TCGA:BRCA:TCGA-BH-A0B1-01,BRCA,BRCA,0.9999035596847534,1.1169648132636212e-05,1.8956809071823955e-05,6.633775046793744e-05
TCGA:BRCA:TCGA-BH-A0B2-01,BRCA,BRCA,0.9999303817749023,3.290998574811965e-05,2.7635893275146373e-05,9.04705302673392e-06
TCGA:BRCA:TCGA-BH-A0B3-01,BRCA,BRCA,0.9915457367897034,0.0004847794771194458,0.006284081377089024,0.0016853278502821922
TCGA:BRCA:TCGA-BH-A0B4-01,BRCA,BRCA,0.9999215602874756,1.6606529243290424e-05,1.2877915651188232e-05,4.8958016122924164e-05
TCGA:BRCA:TCGA-BH-A0B5-01,BRCA,BRCA,0.9997274279594421,9.676834451965988e-05,5.8567722589941695e-05,0.00011723674833774567
TCGA:BRCA:TCGA-BH-A0B7-01,BRCA,BRCA,0.9979416728019714,2.395610135863535e-05,2.24059731408488e-05,0.0020120060071349144
TCGA:BRCA:TCGA-BH-A0B8-01,BRCA,BRCA,0.9995255470275879,0.00023236626293510199,0.0001592793851159513,8.278370660264045e-05
TCGA:BRCA:TCGA-BH-A0B9-01,BRCA,BRCA,0.998691976070404,1.9962448277510703e-05,0.0010596978245303035,0.00022833571711089462
TCGA:BRCA:TCGA-BH-A0BA-01,BRCA,BRCA,0.9999111890792847,1.814669849409256e-05,3.650774306152016e-05,3.412124715396203e-05
TCGA:BRCA:TCGA-BH-A0BC-01,BRCA,BRCA,0.9999290704727173,9.035461516759824e-06,4.481436553760432e-05,1.70403018273646e-05
TCGA:BRCA:TCGA-BH-A0BD-01,BRCA,BRCA,0.9970813393592834,0.00012801251432392746,0.0003639147325884551,0.0024266631808131933
TCGA:BRCA:TCGA-BH-A0BF-01,BRCA,BRCA,0.999806821346283,8.112196155707352e-06,0.00014000020746607333,4.504861863097176e-05
TCGA:BRCA:TCGA-BH-A0BG-01,BRCA,BRCA,0.9990271329879761,1.2725063243124168e-05,8.190028165699914e-05,0.0008783011580817401
TCGA:BRCA:TCGA-BH-A0BJ-01,BRCA,BRCA,0.9999362230300903,4.1668037738418207e-05,1.171802341559669e-05,1.0362719876866322e-05
TCGA:BRCA:TCGA-BH-A0BL-01,BRCA,BRCA,0.9990487694740295,2.074031908705365e-05,0.00010968239075737074,0.0008207733044400811
TCGA:BRCA:TCGA-BH-A0BM-01,BRCA,BRCA,0.9999547004699707,2.0975865481887013e-05,1.3263002074381802e-05,1.110282028093934e-05
TCGA:BRCA:TCGA-BH-A0BO-01,BRCA,BRCA,0.992203950881958,0.00018039578571915627,0.0002096271055052057,0.007406055461615324
TCGA:BRCA:TCGA-BH-A0BP-01,BRCA,BRCA,0.9999693632125854,4.237466782797128e-06,1.0097982340084855e-05,1.6327474440913647e-05
TCGA:BRCA:TCGA-BH-A0BQ-01,BRCA,BRCA,0.9998816251754761,1.577555485710036e-05,7.583970727864653e-06,9.494625555817038e-05
TCGA:BRCA:TCGA-BH-A0BR-01,BRCA,BRCA,0.9983649849891663,0.00027051265351474285,0.0001417545136064291,0.0012227842817083001
TCGA:BRCA:TCGA-BH-A0BS-01,BRCA,BRCA,0.9998458623886108,4.034521407447755e-05,1.877776776382234e-05,9.496260463492945e-05
TCGA:BRCA:TCGA-BH-A0BT-01,BRCA,BRCA,0.9998692274093628,3.257117350585759e-05,3.7216821510810405e-05,6.1021877627354115e-05
TCGA:BRCA:TCGA-BH-A0BV-01,BRCA,BRCA,0.999708354473114,2.4249093257822096e-05,1.020464060275117e-05,0.00025717183598317206
TCGA:BRCA:TCGA-BH-A0BW-01,BRCA,LUAD,0.00525667006149888,0.0002972765942104161,0.002320772036910057,0.9921253323554993
TCGA:BRCA:TCGA-BH-A0BZ-01,BRCA,BRCA,0.9998975992202759,2.005325586651452e-05,2.426187347737141e-05,5.813358802697621e-05
TCGA:BRCA:TCGA-BH-A0C0-01,BRCA,BRCA,0.9994955062866211,2.475406654411927e-05,0.00039318905328400433,8.658652222948149e-05
TCGA:BRCA:TCGA-BH-A0C1-01,BRCA,BRCA,0.999958872795105,5.0316552915319335e-06,9.55487212195294e-06,2.6539059035712853e-05
TCGA:BRCA:TCGA-BH-A0C3-01,BRCA,BRCA,0.9976480603218079,4.062646985403262e-05,5.354956738301553e-05,0.0022577785421162844
TCGA:BRCA:TCGA-BH-A0C7-01,BRCA,BRCA,0.9973690509796143,5.684734423994087e-05,0.0001761613821145147,0.002397905569523573
TCGA:BRCA:TCGA-BH-A0DD-01,BRCA,BRCA,0.9998972415924072,9.361081538372673e-06,2.709232830966357e-05,6.634827150264755e-05
TCGA:BRCA:TCGA-BH-A0DE-01,BRCA,BRCA,0.999175488948822,2.404199040029198e-05,4.6080367610557005e-05,0.0007543779793195426
TCGA:BRCA:TCGA-BH-A0DG-01,BRCA,BRCA,0.999541163444519,0.00010039470362244174,6.724830018356442e-05,0.00029124345746822655
TCGA:BRCA:TCGA-BH-A0DH-01,BRCA,BRCA,0.9998617172241211,7.136290514608845e-05,1.7908401787281036e-05,4.895555321127176e-05
TCGA:BRCA:TCGA-BH-A0DI-01,BRCA,BRCA,0.9996210336685181,1.1219501175219193e-05,3.710245437105186e-05,0.00033064201124943793
TCGA:BRCA:TCGA-BH-A0DK-01,BRCA,BRCA,0.9991400241851807,5.5350406910292804e-05,0.0002296721504535526,0.0005749570555053651
TCGA:BRCA:TCGA-BH-A0DL-01,BRCA,LSCC,0.003963187336921692,0.01874738186597824,0.9713056087493896,0.005983817391097546
TCGA:BRCA:TCGA-BH-A0DO-01,BRCA,BRCA,0.9999219179153442,1.0862264389288612e-05,2.82753499050159e-05,3.897776696248911e-05
TCGA:BRCA:TCGA-BH-A0DP-01,BRCA,BRCA,0.9998904466629028,9.886385669233277e-06,2.838799264281988e-05,7.127095886971802e-05
TCGA:BRCA:TCGA-BH-A0DQ-01,BRCA,BRCA,0.999934196472168,2.44410039158538e-05,1.2910665645904373e-05,2.841892455762718e-05
TCGA:BRCA:TCGA-BH-A0DS-01,BRCA,BRCA,0.9999240636825562,5.010884706280194e-06,6.211662821442587e-06,6.468690116889775e-05
TCGA:BRCA:TCGA-BH-A0DT-01,BRCA,BRCA,0.9999599456787109,5.075643912277883e-06,6.837520231783856e-06,2.8084672521799803e-05
TCGA:BRCA:TCGA-BH-A0DV-01,BRCA,BRCA,0.999901533126831,4.483126031118445e-05,3.050038867513649e-05,2.3157048417488113e-05
TCGA:BRCA:TCGA-BH-A0DX-01,BRCA,BRCA,0.9999333620071411,3.104515781160444e-05,1.477190471632639e-05,2.0792800569324754e-05
TCGA:BRCA:TCGA-BH-A0DZ-01,BRCA,BRCA,0.9989207983016968,0.00013331491209100932,0.0003329862665850669,0.0006128913373686373
TCGA:BRCA:TCGA-BH-A0E0-01,BRCA,BRCA,0.9988558292388916,3.633077358244918e-05,0.0008262105984613299,0.00028157702763564885
TCGA:BRCA:TCGA-BH-A0E1-01,BRCA,BRCA,0.9999426603317261,9.467071322433185e-06,7.3539108598197345e-06,4.047549009555951e-05
TCGA:BRCA:TCGA-BH-A0E2-01,BRCA,BRCA,0.9998428821563721,3.38030731654726e-05,4.19585412601009e-05,8.135030657285824e-05
TCGA:BRCA:TCGA-BH-A0E6-01,BRCA,BRCA,0.9943256974220276,0.00017933209892362356,6.605733506148681e-05,0.005428872536867857
TCGA:BRCA:TCGA-BH-A0E7-01,BRCA,BRCA,0.9999672174453735,7.437118711095536e-06,3.766975396501948e-06,2.1598825696855783e-05
TCGA:BRCA:TCGA-BH-A0E9-01,BRCA,BRCA,0.9994381070137024,3.061083043576218e-05,0.00012594008876476437,0.0004053613229189068
TCGA:BRCA:TCGA-BH-A0EA-01,BRCA,BRCA,0.9999254941940308,2.0743736968142912e-05,1.3553493772633374e-05,4.022087523480877e-05
TCGA:BRCA:TCGA-BH-A0EB-01,BRCA,BRCA,0.9999364614486694,1.9669943867484108e-05,1.2611907550308388e-05,3.127457603113726e-05
TCGA:BRCA:TCGA-BH-A0EE-01,BRCA,LUAD,0.28906965255737305,0.0031618818175047636,0.011795083060860634,0.6959733366966248
TCGA:BRCA:TCGA-BH-A0EI-01,BRCA,BRCA,0.9998619556427002,1.463905573473312e-05,3.9698395994491875e-05,8.371577132493258e-05
TCGA:BRCA:TCGA-BH-A0GY-01,BRCA,BRCA,0.9995518326759338,3.0682414944749326e-05,0.00010919830674538389,0.00030830319155938923
TCGA:BRCA:TCGA-BH-A0GZ-01,BRCA,BRCA,0.9998863935470581,1.575033093104139e-05,5.5225915275514126e-05,4.2579948058119044e-05
TCGA:BRCA:TCGA-BH-A0H0-01,BRCA,BRCA,0.9996384382247925,3.452125019975938e-05,0.00017097451200243086,0.0001560291275382042
TCGA:BRCA:TCGA-BH-A0H3-01,BRCA,BRCA,0.9998132586479187,1.6819378288346343e-05,1.7765498341759667e-05,0.00015216365864034742
TCGA:BRCA:TCGA-BH-A0H5-01,BRCA,BRCA,0.9998236298561096,3.771022238652222e-05,9.576553566148505e-05,4.2907733586616814e-05
TCGA:BRCA:TCGA-BH-A0H6-01,BRCA,BRCA,0.9999603033065796,1.2715540833596606e-05,3.482606416582712e-06,2.352103911107406e-05
TCGA:BRCA:TCGA-BH-A0H7-01,BRCA,BRCA,0.9998177886009216,6.025260154274292e-05,4.5262102503329515e-05,7.669260958209634e-05
TCGA:BRCA:TCGA-BH-A0H9-01,BRCA,BRCA,0.9975650310516357,8.020644600037485e-05,6.173516158014536e-05,0.0022930202540010214
TCGA:BRCA:TCGA-BH-A0HA-01,BRCA,BRCA,0.9999562501907349,1.4109584299148992e-05,1.1259724487899803e-05,1.8385826479061507e-05
TCGA:BRCA:TCGA-BH-A0HB-01,BRCA,BRCA,0.9982908368110657,0.0002570277138147503,0.0009426956530660391,0.0005094723892398179
TCGA:BRCA:TCGA-BH-A0HF-01,BRCA,BRCA,0.9833979606628418,0.0003996902669314295,0.015216516330838203,0.00098581297788769
TCGA:BRCA:TCGA-BH-A0HI-01,BRCA,BRCA,0.9999642372131348,1.402952602802543e-05,1.01166788226692e-05,1.1670974345179275e-05
TCGA:BRCA:TCGA-BH-A0HK-01,BRCA,BRCA,0.9993478655815125,0.00010971302981488407,0.00011804765381384641,0.0004243569856043905
TCGA:BRCA:TCGA-BH-A0HL-01,BRCA,BRCA,0.9993164539337158,0.0001647817116463557,0.0001018923067022115,0.0004168901941739023
TCGA:BRCA:TCGA-BH-A0HN-01,BRCA,BRCA,0.9998595714569092,2.4806338842608966e-05,3.5377695894567296e-05,8.027494914131239e-05
TCGA:BRCA:TCGA-BH-A0HO-01,BRCA,BRCA,0.9999566078186035,5.9000162764277775e-06,7.307501618925016e-06,3.0207000236259773e-05
TCGA:BRCA:TCGA-BH-A0HP-01,BRCA,BRCA,0.9999409914016724,9.437677363166586e-06,2.6460040317033418e-05,2.3061695173964836e-05
TCGA:BRCA:TCGA-BH-A0HQ-01,BRCA,BRCA,0.9998781681060791,3.64401021215599e-05,3.300941898487508e-05,5.23262242495548e-05
TCGA:BRCA:TCGA-BH-A0HU-01,BRCA,BRCA,0.9991912245750427,0.00017204563482664526,0.00026845294632948935,0.0003683119430206716
TCGA:BRCA:TCGA-BH-A0HW-01,BRCA,BRCA,0.9998617172241211,9.77181025518803e-06,2.1789608581457287e-05,0.00010669284529285505
TCGA:BRCA:TCGA-BH-A0HX-01,BRCA,BRCA,0.9998987913131714,2.675345604075119e-05,2.5047434974112548e-05,4.939614882459864e-05
TCGA:BRCA:TCGA-BH-A0HY-01,BRCA,BRCA,0.9998243451118469,1.0001956070482265e-05,2.6645035177352838e-05,0.00013901811325922608
TCGA:BRCA:TCGA-BH-A0RX-01,BRCA,BRCA,0.9994106292724609,1.7291822587139904e-05,0.00010706424654927105,0.00046507210936397314
TCGA:BRCA:TCGA-BH-A0W3-01,BRCA,BRCA,0.9998631477355957,6.883495370857418e-05,3.5695575206773356e-05,3.226407716283575e-05
TCGA:BRCA:TCGA-BH-A0W4-01,BRCA,BRCA,0.9998841285705566,4.060615901835263e-05,4.274524326319806e-05,3.254371404182166e-05
TCGA:BRCA:TCGA-BH-A0W5-01,BRCA,BRCA,0.9999358654022217,3.311986074550077e-05,8.881436770025175e-06,2.210063576058019e-05
TCGA:BRCA:TCGA-BH-A0W7-01,BRCA,BRCA,0.9998190999031067,3.528390880092047e-05,1.0252409992972389e-05,0.0001354329870082438
TCGA:BRCA:TCGA-BH-A0WA-01,BRCA,BRCA,0.9997968077659607,4.892495326203061e-06,0.0001222561695612967,7.60502225602977e-05
TCGA:BRCA:TCGA-BH-A18F-01,BRCA,BRCA,0.9999347925186157,1.6682879504514858e-05,1.4427532732952386e-05,3.4115775633836165e-05
TCGA:BRCA:TCGA-BH-A18G-01,BRCA,BRCA,0.9937591552734375,8.691890980117023e-05,0.00012455250544007868,0.006029341835528612
TCGA:BRCA:TCGA-BH-A18H-01,BRCA,BRCA,0.9999758005142212,2.7076544029114302e-06,6.634946657868568e-06,1.4836488844593987e-05
TCGA:BRCA:TCGA-BH-A18I-01,BRCA,BRCA,0.999962329864502,4.606340098689543e-06,7.913531590020284e-06,2.5183664547512308e-05
TCGA:BRCA:TCGA-BH-A18J-01,BRCA,BRCA,0.9992635846138,3.310959073132835e-05,7.864250801503658e-05,0.0006247041164897382
TCGA:BRCA:TCGA-BH-A18K-01,BRCA,BRCA,0.9999576807022095,8.927828275773209e-06,9.778481398825534e-06,2.3598266125191003e-05
TCGA:BRCA:TCGA-BH-A18L-01,BRCA,BRCA,0.9922676682472229,0.0011205526534467936,0.0013562424574047327,0.00525559950619936
TCGA:BRCA:TCGA-BH-A18M-01,BRCA,BRCA,0.9999181032180786,1.9148888895870186e-05,1.4139232916932087e-05,4.8657158913556486e-05
TCGA:BRCA:TCGA-BH-A18N-01,BRCA,BRCA,0.9999544620513916,6.808883881603833e-06,9.575664989824872e-06,2.911390402005054e-05
TCGA:BRCA:TCGA-BH-A18P-01,BRCA,BRCA,0.9998633861541748,9.769581083673984e-06,3.623810698627494e-05,9.060136653715745e-05
TCGA:BRCA:TCGA-BH-A18Q-01,BRCA,BRCA,0.9995133876800537,9.278503421228379e-05,0.00010085541725857183,0.00029303261544555426
TCGA:BRCA:TCGA-BH-A18R-01,BRCA,BRCA,0.9999104738235474,2.6178920961683616e-05,4.262428410584107e-05,2.066840897896327e-05
TCGA:BRCA:TCGA-BH-A18S-01,BRCA,BRCA,0.9999516010284424,6.4493256104469765e-06,1.6122969100251794e-05,2.5803134121815674e-05
TCGA:BRCA:TCGA-BH-A18T-01,BRCA,BRCA,0.9983901977539062,7.51287880120799e-05,0.0008754764567129314,0.0006592008285224438
TCGA:BRCA:TCGA-BH-A18U-01,BRCA,BRCA,0.9999054670333862,1.539018558105454e-05,5.063553908257745e-05,2.8493548597907647e-05
TCGA:BRCA:TCGA-BH-A18V-01,BRCA,BRCA,0.9982739686965942,0.00014104096044320613,0.001107664662413299,0.00047736320993863046
TCGA:BRCA:TCGA-BH-A1EN-01,BRCA,BRCA,0.9938401579856873,2.508606849005446e-05,0.00014741875929757953,0.00598730705678463
TCGA:BRCA:TCGA-BH-A1EO-01,BRCA,BRCA,0.9999310970306396,3.595549969759304e-06,7.152589660108788e-06,5.8168698160443455e-05
TCGA:BRCA:TCGA-BH-A1ES-01,BRCA,BRCA,0.9999164342880249,1.2043768947478384e-05,3.0356704883161e-05,4.110361624043435e-05
TCGA:BRCA:TCGA-BH-A1ET-01,BRCA,BRCA,0.9999550580978394,2.4991866666823626e-05,4.114667717658449e-06,1.5793108104844578e-05
TCGA:BRCA:TCGA-BH-A1EU-01,BRCA,BRCA,0.9994136095046997,5.96231511735823e-05,4.4722713937517256e-05,0.0004821097827516496
TCGA:BRCA:TCGA-BH-A1EV-01,BRCA,BRCA,0.9998173117637634,6.243302777875215e-05,5.412906830315478e-05,6.612674769712612e-05
TCGA:BRCA:TCGA-BH-A1EW-01,BRCA,BRCA,0.9999237060546875,5.862842499482213e-06,2.9112619813531637e-05,4.134471600991674e-05
TCGA:BRCA:TCGA-BH-A1EX-01,BRCA,LUAD,0.33931973576545715,0.000306384899886325,0.0008584787137806416,0.6595154404640198
TCGA:BRCA:TCGA-BH-A1EY-01,BRCA,BRCA,0.9989979863166809,3.328793900436722e-05,6.25370375928469e-05,0.0009062193566933274
TCGA:BRCA:TCGA-BH-A1F0-01,BRCA,BRCA,0.998103141784668,2.410052729828749e-05,0.0012145447544753551,0.0006582193309441209
TCGA:BRCA:TCGA-BH-A1F2-01,BRCA,BRCA,0.9997044205665588,2.014150595641695e-05,4.21979020757135e-05,0.00023315954604186118
TCGA:BRCA:TCGA-BH-A1F5-01,BRCA,BRCA,0.9999351501464844,7.309059583349153e-06,1.7315423974650912e-05,4.0215742046711966e-05
TCGA:BRCA:TCGA-BH-A1F6-01,BRCA,BRCA,0.999392032623291,2.080476588162128e-05,0.0005007149302400649,8.641356544103473e-05
TCGA:BRCA:TCGA-BH-A1F8-01,BRCA,BRCA,0.9997106194496155,1.0700628990889527e-05,9.834035881794989e-05,0.0001802598126232624
TCGA:BRCA:TCGA-BH-A1FB-01,BRCA,BRCA,0.9999415874481201,7.708191333222203e-06,9.248912647308316e-06,4.1489824070595205e-05
TCGA:BRCA:TCGA-BH-A1FC-01,BRCA,BRCA,0.9997062087059021,7.985721458680928e-05,0.00014779812772758305,6.609009142266586e-05
TCGA:BRCA:TCGA-BH-A1FD-01,BRCA,BRCA,0.9999020099639893,5.068578047939809e-06,4.1278457501903176e-05,5.1660950703080744e-05
TCGA:BRCA:TCGA-BH-A1FE-01,BRCA,BRCA,0.9998632669448853,2.456615402479656e-05,2.889569805120118e-05,8.323933434439823e-05
TCGA:BRCA:TCGA-BH-A1FG-01,BRCA,BRCA,0.9999786615371704,5.335597052180674e-06,5.631269232253544e-06,1.0357804967497941e-05
TCGA:BRCA:TCGA-BH-A1FH-01,BRCA,BRCA,0.9993597865104675,2.18507120735012e-05,0.0003169422852806747,0.0003013904788531363
TCGA:BRCA:TCGA-BH-A1FJ-01,BRCA,BRCA,0.9996092915534973,2.507079261704348e-05,4.245046147843823e-05,0.00032315697171725333
TCGA:BRCA:TCGA-BH-A1FL-01,BRCA,BRCA,0.999886155128479,1.7561864297022112e-05,1.1413335414545145e-05,8.489671017741784e-05
TCGA:BRCA:TCGA-BH-A1FM-01,BRCA,BRCA,0.9988540410995483,1.929437530634459e-05,5.507905370905064e-05,0.0010716296965256333
TCGA:BRCA:TCGA-BH-A1FN-01,BRCA,BRCA,0.9993610978126526,5.5610718845855445e-05,0.0002199660666519776,0.0003632934531196952
TCGA:BRCA:TCGA-BH-A1FR-01,BRCA,BRCA,0.9999500513076782,9.27464134292677e-06,1.0844290954992175e-05,2.9809589250362478e-05
TCGA:BRCA:TCGA-BH-A1FU-01,BRCA,BRCA,0.9976237416267395,0.0002940652775578201,0.0009953922126442194,0.0010868236422538757
TCGA:BRCA:TCGA-BH-A201-01,BRCA,BRCA,0.9999164342880249,9.169182703772094e-06,4.690032437792979e-05,2.7432453862274997e-05
TCGA:BRCA:TCGA-BH-A202-01,BRCA,BRCA,0.9994644522666931,2.9828321203240193e-05,0.00011048553278669715,0.0003952569968532771
TCGA:BRCA:TCGA-BH-A203-01,BRCA,BRCA,0.9997618794441223,9.178910659102257e-06,0.00016470336413476616,6.420657155103981e-05
TCGA:BRCA:TCGA-BH-A204-01,BRCA,BRCA,0.9996730089187622,3.712912439368665e-05,9.648202831158414e-05,0.00019340153085067868
TCGA:BRCA:TCGA-BH-A208-01,BRCA,BRCA,0.9985415935516357,6.0812777519458905e-05,0.00040120744961313903,0.0009963532211259007
TCGA:BRCA:TCGA-BH-A209-01,BRCA,BRCA,0.999631404876709,2.095972558890935e-05,8.554671512683854e-05,0.00026209495263174176
TCGA:BRCA:TCGA-BH-A28O-01,BRCA,BRCA,0.9995357990264893,0.00014783609367441386,0.00014546611055266112,0.00017091553309001029
TCGA:BRCA:TCGA-BH-A28Q-01,BRCA,BRCA,0.99991774559021,2.5555264073773287e-05,2.4855902665876783e-05,3.178781844326295e-05
TCGA:BRCA:TCGA-BH-A2L8-01,BRCA,BRCA,0.9998798370361328,3.0240305932238698e-05,6.295640196185559e-05,2.6990148398908786e-05
TCGA:BRCA:TCGA-BH-A42T-01,BRCA,BRCA,0.9996606111526489,5.129064811626449e-05,8.987129695015028e-05,0.00019818323198705912
TCGA:BRCA:TCGA-BH-A42U-01,BRCA,BRCA,0.9932072758674622,0.001941806054674089,0.0031604981049895287,0.0016904493095353246
TCGA:BRCA:TCGA-BH-A42V-01,BRCA,BRCA,0.9997716546058655,4.88615914946422e-05,7.982223178260028e-05,9.961036266759038e-05
TCGA:BRCA:TCGA-BH-A5IZ-01,BRCA,BRCA,0.9615241885185242,0.0007683797157369554,0.003546744817867875,0.03416074812412262
TCGA:BRCA:TCGA-BH-A5J0-01,BRCA,BRCA,0.9997960925102234,7.900570926722139e-05,4.1405251977266744e-05,8.347475522896275e-05
TCGA:BRCA:TCGA-BH-A6R8-01,BRCA,BRCA,0.9998903274536133,1.1249794624745846e-05,1.6473120922455564e-05,8.191665983758867e-05
TCGA:BRCA:TCGA-BH-A6R9-01,BRCA,LSCC,0.257540225982666,0.01829005777835846,0.618813157081604,0.1053565964102745
TCGA:BRCA:TCGA-BH-A8FY-01,BRCA,BRCA,0.9987090826034546,0.00020195612160023302,0.0003741447872016579,0.000714831636287272
TCGA:BRCA:TCGA-BH-A8FZ-01,BRCA,BRCA,0.9901581406593323,0.0014176915865391493,0.006919844076037407,0.0015043412568047643
TCGA:BRCA:TCGA-BH-A8G0-01,BRCA,BRCA,0.9998070597648621,5.4693020501872525e-05,4.534513209364377e-05,9.287780994782224e-05
TCGA:BRCA:TCGA-BH-AB28-01,BRCA,BRCA,0.9999319314956665,3.1637653592042625e-05,1.889671511889901e-05,1.7475587810622528e-05
TCGA:BRCA:TCGA-C8-A12K-01,BRCA,BRCA,0.9927575588226318,0.0003083020565100014,0.003962928429245949,0.0029712198302149773
TCGA:BRCA:TCGA-C8-A12L-01,BRCA,BRCA,0.8069012761116028,0.028088347986340523,0.04812844097614288,0.11688193678855896
TCGA:BRCA:TCGA-C8-A12M-01,BRCA,BRCA,0.999397873878479,5.871616303920746e-05,7.619429379701614e-05,0.00046715763164684176
TCGA:BRCA:TCGA-C8-A12N-01,BRCA,BRCA,0.9999750852584839,4.973836439603474e-06,7.750437362119555e-06,1.2231956134201027e-05
TCGA:BRCA:TCGA-C8-A12O-01,BRCA,BRCA,0.9999293088912964,2.0642617528210394e-05,1.4276321962825023e-05,3.576667222660035e-05
TCGA:BRCA:TCGA-C8-A12P-01,BRCA,BRCA,0.999818742275238,3.1070445402292535e-05,1.6229871107498184e-05,0.00013402101467363536
TCGA:BRCA:TCGA-C8-A12Q-01,BRCA,BRCA,0.9952168464660645,0.00013756418775301427,0.0005337003385648131,0.004111891612410545
TCGA:BRCA:TCGA-C8-A12T-01,BRCA,BRCA,0.9999063014984131,2.300751475559082e-05,3.905589255737141e-05,3.157779428875074e-05
TCGA:BRCA:TCGA-C8-A12U-01,BRCA,BRCA,0.995245635509491,0.00032659867429174483,0.0009883809834718704,0.0034393456298857927
TCGA:BRCA:TCGA-C8-A12V-01,BRCA,BRCA,0.770012378692627,0.0012068009236827493,0.08093784004449844,0.14784300327301025
TCGA:BRCA:TCGA-C8-A12W-01,BRCA,BRCA,0.9997180104255676,0.00010751255467766896,2.4901730284909718e-05,0.00014954523066990077
TCGA:BRCA:TCGA-C8-A12X-01,BRCA,BRCA,0.9998452663421631,1.5342835467890836e-05,4.8607444114168175e-06,0.00013449948164634407
TCGA:BRCA:TCGA-C8-A12Y-01,BRCA,BRCA,0.9999332427978516,8.735335541132372e-06,8.342074579559267e-06,4.9699610826792195e-05
TCGA:BRCA:TCGA-C8-A12Z-01,BRCA,BRCA,0.9998745918273926,1.5028363122837618e-05,2.0171079086139798e-05,9.020853758556768e-05
TCGA:BRCA:TCGA-C8-A130-01,BRCA,BRCA,0.9989901185035706,5.2382805733941495e-05,0.000426750018959865,0.0005307987448759377
TCGA:BRCA:TCGA-C8-A131-01,BRCA,BRCA,0.9990494847297668,0.00011073982750531286,0.00015906359476502985,0.0006807479076087475
TCGA:BRCA:TCGA-C8-A132-01,BRCA,BRCA,0.9999247789382935,2.158264942409005e-05,2.0859057258348912e-05,3.280651799286716e-05
TCGA:BRCA:TCGA-C8-A133-01,BRCA,BRCA,0.999931812286377,1.761943713063374e-05,5.608634637610521e-06,4.4957032514503226e-05
TCGA:BRCA:TCGA-C8-A134-01,BRCA,BRCA,0.999566376209259,2.0802879589609802e-05,0.00013080838834866881,0.0002820617810357362
TCGA:BRCA:TCGA-C8-A135-01,BRCA,BRCA,0.9995019435882568,8.920760592445731e-05,0.00029432293376885355,0.00011457028449513018
TCGA:BRCA:TCGA-C8-A137-01,BRCA,BRCA,0.9998170733451843,3.523115083226003e-05,8.099019032670185e-05,6.677318015135825e-05
TCGA:BRCA:TCGA-C8-A138-01,BRCA,BRCA,0.9989295601844788,0.0002685882500372827,0.00018390252080280334,0.0006179414922371507
TCGA:BRCA:TCGA-C8-A1HE-01,BRCA,BRCA,0.9999681711196899,3.380887164894375e-06,4.124197403143626e-06,2.4361315809073858e-05
TCGA:BRCA:TCGA-C8-A1HF-01,BRCA,BRCA,0.999874472618103,1.968696597032249e-05,1.3013766874792054e-05,9.28631707211025e-05
TCGA:BRCA:TCGA-C8-A1HG-01,BRCA,BRCA,0.9998620748519897,1.7528813259559684e-05,4.715578324976377e-05,7.325820479309186e-05
TCGA:BRCA:TCGA-C8-A1HI-01,BRCA,BRCA,0.9999237060546875,8.478770723741036e-06,5.579250864684582e-05,1.1967877071583644e-05
TCGA:BRCA:TCGA-C8-A1HJ-01,BRCA,BRCA,0.9381476640701294,0.0027645560912787914,0.05433855578303337,0.0047492072917521
TCGA:BRCA:TCGA-C8-A1HK-01,BRCA,BRCA,0.9998206496238708,2.6641913791536354e-05,9.924032201524824e-05,5.3497758926823735e-05
TCGA:BRCA:TCGA-C8-A1HL-01,BRCA,BRCA,0.9991378784179688,5.634914123220369e-05,0.00018418063700664788,0.0006215462926775217
TCGA:BRCA:TCGA-C8-A1HM-01,BRCA,BRCA,0.9993783235549927,4.190234176348895e-05,0.00036565709160640836,0.00021403777645900846
TCGA:BRCA:TCGA-C8-A1HN-01,BRCA,BRCA,0.9998719692230225,1.4019017726241145e-05,2.85965834336821e-05,8.539691771147773e-05
TCGA:BRCA:TCGA-C8-A1HO-01,BRCA,BRCA,0.9998897314071655,1.315961253567366e-05,1.989558404602576e-05,7.72317434893921e-05
TCGA:BRCA:TCGA-C8-A26V-01,BRCA,BRCA,0.9998164772987366,1.3636607945954893e-05,4.499139322433621e-05,0.00012486566265579313
TCGA:BRCA:TCGA-C8-A26W-01,BRCA,BRCA,0.9999136924743652,1.7066076907212846e-05,2.7176905859960243e-05,4.204535434837453e-05
TCGA:BRCA:TCGA-C8-A26X-01,BRCA,BRCA,0.9967284202575684,5.642379619530402e-05,0.0006967249792069197,0.0025183965917676687
TCGA:BRCA:TCGA-C8-A26Y-01,BRCA,BRCA,0.8009693622589111,0.008655411191284657,0.026571214199066162,0.16380400955677032
TCGA:BRCA:TCGA-C8-A26Z-01,BRCA,BRCA,0.9998779296875,1.835777220549062e-05,3.145769005641341e-05,7.22530166967772e-05
TCGA:BRCA:TCGA-C8-A273-01,BRCA,BRCA,0.9980251789093018,0.00014602195005863905,0.00029557873494923115,0.0015332953771576285
TCGA:BRCA:TCGA-C8-A274-01,BRCA,BRCA,0.9993472695350647,5.846142448717728e-05,0.00013021743507124484,0.00046409585047513247
TCGA:BRCA:TCGA-C8-A275-01,BRCA,BRCA,0.9981665015220642,4.697889380622655e-05,0.0010930554708465934,0.0006934604025445879
TCGA:BRCA:TCGA-C8-A278-01,BRCA,BRCA,0.9989786148071289,6.920255691511557e-05,0.00015355383220594376,0.000798709224909544
TCGA:BRCA:TCGA-C8-A27A-01,BRCA,BRCA,0.9992204904556274,7.329251820920035e-05,0.00017629189824219793,0.000529856130015105
TCGA:BRCA:TCGA-C8-A27B-01,BRCA,BRCA,0.9930898547172546,0.00031577213667333126,0.0027426155284047127,0.003851734334602952
TCGA:BRCA:TCGA-C8-A3M7-01,BRCA,BRCA,0.9998050332069397,1.1092787644884083e-05,2.703962854866404e-05,0.00015690230065956712
TCGA:BRCA:TCGA-C8-A3M8-01,BRCA,BRCA,0.9997795224189758,6.158774340292439e-05,7.586838182760403e-05,8.306978998007253e-05
TCGA:BRCA:TCGA-C8-A8HP-01,BRCA,BRCA,0.9935490489006042,0.0004947702400386333,0.0017860163934528828,0.004170147702097893
TCGA:BRCA:TCGA-C8-A8HQ-01,BRCA,BRCA,0.9995248317718506,5.265136496745981e-05,7.17599323252216e-05,0.0003507659712340683
TCGA:BRCA:TCGA-C8-A8HR-01,BRCA,BRCA,0.9999315738677979,1.901386713143438e-05,2.7823474738397636e-05,2.1620291590807028e-05
TCGA:BRCA:TCGA-D8-A13Y-01,BRCA,BRCA,0.9986899495124817,7.429096149280667e-05,0.000697302573826164,0.0005384468822740018
TCGA:BRCA:TCGA-D8-A13Z-01,BRCA,BRCA,0.9852171540260315,0.0014251157408580184,0.004149345215409994,0.009208376519382
TCGA:BRCA:TCGA-D8-A140-01,BRCA,BRCA,0.9999048709869385,2.2054999135434628e-05,3.30349248542916e-05,4.002474815933965e-05
TCGA:BRCA:TCGA-D8-A141-01,BRCA,BRCA,0.9998832941055298,2.1514517356990837e-05,1.2946998140250798e-05,8.220156450988725e-05
TCGA:BRCA:TCGA-D8-A142-01,BRCA,BRCA,0.9997959733009338,1.6012834748835303e-05,2.32594866247382e-05,0.0001647762255743146
TCGA:BRCA:TCGA-D8-A143-01,BRCA,BRCA,0.9976898431777954,0.0006304817507043481,0.0009030505898408592,0.0007766937487758696
TCGA:BRCA:TCGA-D8-A145-01,BRCA,BRCA,0.999596893787384,0.00013233491335995495,6.293912883847952e-05,0.00020780721388291568
TCGA:BRCA:TCGA-D8-A147-01,BRCA,BRCA,0.9998261332511902,2.498494905012194e-05,5.835838965140283e-05,9.052285167854279e-05
TCGA:BRCA:TCGA-D8-A1J8-01,BRCA,BRCA,0.9988964796066284,4.981454912922345e-05,0.00018249753338750452,0.0008712097187526524
TCGA:BRCA:TCGA-D8-A1J9-01,BRCA,BRCA,0.9997101426124573,9.580207552062348e-05,1.788184636097867e-05,0.00017617639969103038
TCGA:BRCA:TCGA-D8-A1JA-01,BRCA,BRCA,0.7094371914863586,0.0002521436254028231,0.000972478708717972,0.28933823108673096
TCGA:BRCA:TCGA-D8-A1JB-01,BRCA,BRCA,0.9998213648796082,8.220380550483242e-06,2.5432944312342443e-05,0.00014501989062409848
TCGA:BRCA:TCGA-D8-A1JC-01,BRCA,BRCA,0.9999371767044067,5.5082359722291585e-06,2.0243513063178398e-05,3.704360642586835e-05
TCGA:BRCA:TCGA-D8-A1JD-01,BRCA,BRCA,0.9998151659965515,5.623927427222952e-05,2.0325107470853254e-05,0.00010834874410647899
TCGA:BRCA:TCGA-D8-A1JE-01,BRCA,BRCA,0.9998915195465088,3.860737706418149e-05,3.7636149500031024e-05,3.221198858227581e-05
TCGA:BRCA:TCGA-D8-A1JF-01,BRCA,LUAD,0.3745257258415222,0.0005412741447798908,0.005465348716825247,0.6194676160812378
TCGA:BRCA:TCGA-D8-A1JG-01,BRCA,BRCA,0.7849087715148926,0.010542813688516617,0.06664490699768066,0.13790352642536163
TCGA:BRCA:TCGA-D8-A1JH-01,BRCA,BRCA,0.999914288520813,1.390025772707304e-05,1.1128257938253228e-05,6.071082316339016e-05
TCGA:BRCA:TCGA-D8-A1JI-01,BRCA,BRCA,0.9999231100082397,2.0459943698369898e-05,1.724458343232982e-05,3.915859269909561e-05
TCGA:BRCA:TCGA-D8-A1JJ-01,BRCA,BRCA,0.9998145699501038,3.606103564379737e-05,3.5358360037207603e-05,0.00011407332931412384
TCGA:BRCA:TCGA-D8-A1JK-01,BRCA,BRCA,0.8222377896308899,0.00036337674828246236,0.012172752059996128,0.16522610187530518
TCGA:BRCA:TCGA-D8-A1JL-01,BRCA,BRCA,0.9989317059516907,3.186067260685377e-05,0.00027722097001969814,0.0007592339534312487
TCGA:BRCA:TCGA-D8-A1JM-01,BRCA,BRCA,0.9982800483703613,0.00013387207582127303,0.0004872324934694916,0.0010988486465066671
TCGA:BRCA:TCGA-D8-A1JN-01,BRCA,BRCA,0.9998714923858643,2.1261303118080832e-05,1.0182019650528673e-05,9.704459080239758e-05
TCGA:BRCA:TCGA-D8-A1JP-01,BRCA,BRCA,0.9994664788246155,1.3088083505863324e-05,2.8522490538307466e-05,0.0004919203347526491
TCGA:BRCA:TCGA-D8-A1JS-01,BRCA,BRCA,0.9998900890350342,4.536032065516338e-05,1.224237621499924e-05,5.227676956565119e-05
TCGA:BRCA:TCGA-D8-A1JT-01,BRCA,BRCA,0.9999052286148071,9.099660928768571e-06,2.338068406970706e-05,6.22841325821355e-05
TCGA:BRCA:TCGA-D8-A1JU-01,BRCA,BRCA,0.9999364614486694,2.4952629246399738e-05,7.540199021605076e-06,3.106367512373254e-05
TCGA:BRCA:TCGA-D8-A1X5-01,BRCA,BRCA,0.9995601773262024,0.00016425216745119542,7.025134982541203e-05,0.0002053620119113475
TCGA:BRCA:TCGA-D8-A1X6-01,BRCA,BRCA,0.9999101161956787,2.8632386602112092e-05,2.7733496608561836e-05,3.350901897647418e-05
TCGA:BRCA:TCGA-D8-A1X7-01,BRCA,BRCA,0.999906063079834,7.266486136359163e-06,7.942043339426164e-06,7.875372830312699e-05
TCGA:BRCA:TCGA-D8-A1X8-01,BRCA,BRCA,0.999957799911499,6.662377018074039e-06,1.9169088773196563e-05,1.638681351323612e-05
TCGA:BRCA:TCGA-D8-A1X9-01,BRCA,BRCA,0.9999369382858276,1.1630923836492002e-05,1.7847309209173545e-05,3.355689477757551e-05
TCGA:BRCA:TCGA-D8-A1XA-01,BRCA,BRCA,0.9998975992202759,5.360931027098559e-06,1.1881705177074764e-05,8.512500789947808e-05
TCGA:BRCA:TCGA-D8-A1XB-01,BRCA,BRCA,0.9999152421951294,1.9752538719330914e-05,1.5371355402749032e-05,4.962871389579959e-05
TCGA:BRCA:TCGA-D8-A1XC-01,BRCA,BRCA,0.9998693466186523,1.410405366186751e-05,7.4465820034674834e-06,0.00010905084491241723
TCGA:BRCA:TCGA-D8-A1XD-01,BRCA,BRCA,0.9998301267623901,5.3518524509854615e-05,5.3769406804349273e-05,6.259629299165681e-05
TCGA:BRCA:TCGA-D8-A1XF-01,BRCA,BRCA,0.9971753358840942,0.00015557967708446085,0.0014135779347270727,0.0012554542627185583
TCGA:BRCA:TCGA-D8-A1XG-01,BRCA,BRCA,0.9999325275421143,6.873656730022049e-06,2.8839991500717588e-05,3.172393189743161e-05
TCGA:BRCA:TCGA-D8-A1XJ-01,BRCA,BRCA,0.9996782541275024,0.00010750314686447382,6.494770786957815e-05,0.0001492906449129805
TCGA:BRCA:TCGA-D8-A1XK-01,BRCA,BRCA,0.9918537735939026,0.00025799867580644786,0.005516715347766876,0.0023715062998235226
TCGA:BRCA:TCGA-D8-A1XL-01,BRCA,BRCA,0.9998412132263184,1.7329621186945587e-05,9.256839257432148e-05,4.882148641627282e-05
TCGA:BRCA:TCGA-D8-A1XM-01,BRCA,BRCA,0.9999289512634277,4.1522471292410046e-05,6.915898666193243e-06,2.2584225007449277e-05
TCGA:BRCA:TCGA-D8-A1XO-01,BRCA,BRCA,0.9999121427536011,7.4672534537967294e-06,2.6744732167571783e-05,5.3658401157008484e-05
TCGA:BRCA:TCGA-D8-A1XQ-01,BRCA,BRCA,0.9998856782913208,5.299816166370874e-06,6.512873369501904e-05,4.3915759306401014e-05
TCGA:BRCA:TCGA-D8-A1XR-01,BRCA,BRCA,0.9997994303703308,1.822020385588985e-05,9.87286966847023e-06,0.00017250074597541243
TCGA:BRCA:TCGA-D8-A1XS-01,BRCA,BRCA,0.9999682903289795,8.351983524335083e-06,8.161513505910989e-06,1.5209838238661177e-05
TCGA:BRCA:TCGA-D8-A1XT-01,BRCA,BRCA,0.995899498462677,1.3914653209212702e-05,2.9296956199686974e-05,0.004057271406054497
TCGA:BRCA:TCGA-D8-A1XU-01,BRCA,BRCA,0.9978829026222229,0.0006541162147186697,0.0005914422799833119,0.0008715333533473313
TCGA:BRCA:TCGA-D8-A1XV-01,BRCA,BRCA,0.9999376535415649,6.27626013738336e-06,1.1916872608708218e-05,4.412374983076006e-05
TCGA:BRCA:TCGA-D8-A1XW-01,BRCA,BRCA,0.9988786578178406,2.1079260477563366e-05,7.726172771072015e-05,0.0010230183834210038
TCGA:BRCA:TCGA-D8-A1XY-01,BRCA,BRCA,0.9999300241470337,1.81292252818821e-05,1.5166498997132294e-05,3.6690242268377915e-05
TCGA:BRCA:TCGA-D8-A1XZ-01,BRCA,BRCA,0.9998663663864136,1.2499978765845299e-05,6.53644819976762e-05,5.574144597630948e-05
TCGA:BRCA:TCGA-D8-A1Y0-01,BRCA,BRCA,0.9999233484268188,1.4284462849900592e-05,1.1075822840211913e-05,5.1246475777588785e-05
TCGA:BRCA:TCGA-D8-A1Y1-01,BRCA,BRCA,0.9994609951972961,2.478339956724085e-05,2.56172406807309e-05,0.0004886377137154341
TCGA:BRCA:TCGA-D8-A1Y2-01,BRCA,BRCA,0.9998677968978882,5.0803478188754525e-06,1.1691259715007618e-05,0.00011543504660949111
TCGA:BRCA:TCGA-D8-A1Y3-01,BRCA,BRCA,0.9994908571243286,6.251993181649595e-05,0.0001535692863399163,0.0002930279588326812
TCGA:BRCA:TCGA-D8-A27E-01,BRCA,BRCA,0.999967098236084,1.1151752005389426e-05,7.211147931229789e-06,1.4509990251099225e-05
TCGA:BRCA:TCGA-D8-A27F-01,BRCA,BRCA,0.9985187649726868,0.00010862886847462505,0.0004822287301067263,0.0008903761627152562
TCGA:BRCA:TCGA-D8-A27G-01,BRCA,BRCA,0.9999569654464722,1.0009600373450667e-05,1.1936313967453316e-05,2.1082865714561194e-05
TCGA:BRCA:TCGA-D8-A27H-01,BRCA,BRCA,0.9991477727890015,0.0001440395280951634,0.00019034245633520186,0.0005178857827559114
TCGA:BRCA:TCGA-D8-A27I-01,BRCA,BRCA,0.9996476173400879,3.954996645916253e-05,3.704820846905932e-05,0.0002757463080342859
TCGA:BRCA:TCGA-D8-A27K-01,BRCA,BRCA,0.9999608993530273,5.413211965787923e-06,6.866815056127962e-06,2.679490171431098e-05
TCGA:BRCA:TCGA-D8-A27L-01,BRCA,BRCA,0.9997541308403015,3.397730688448064e-05,3.998205647803843e-05,0.00017196322733070701
TCGA:BRCA:TCGA-D8-A27M-01,BRCA,BRCA,0.9829323291778564,0.00037604113458655775,0.005390819162130356,0.011300756596028805
TCGA:BRCA:TCGA-D8-A27N-01,BRCA,BRCA,0.9999102354049683,2.3001593945082277e-05,4.856493978877552e-05,1.8201364582637325e-05
TCGA:BRCA:TCGA-D8-A27P-01,BRCA,BRCA,0.9999098777770996,3.0338245778693818e-05,2.027126174652949e-05,3.949848178308457e-05
TCGA:BRCA:TCGA-D8-A27R-01,BRCA,BRCA,0.9998582601547241,1.569391679367982e-05,3.5790370020549744e-05,9.020225115818903e-05
TCGA:BRCA:TCGA-D8-A27T-01,BRCA,BRCA,0.9999285936355591,2.0386316464282572e-05,1.1865925443999004e-05,3.9108683267841116e-05
TCGA:BRCA:TCGA-D8-A27V-01,BRCA,BRCA,0.9998880624771118,7.12050314177759e-05,2.5412673494429328e-05,1.525530569779221e-05
TCGA:BRCA:TCGA-D8-A27W-01,BRCA,BRCA,0.9975672960281372,0.0002766750112641603,0.00048754020826891065,0.0016685526352375746
TCGA:BRCA:TCGA-D8-A3Z5-01,BRCA,BRCA,0.9997808337211609,9.210059943143278e-05,2.6376043024356477e-05,0.00010072867735289037
TCGA:BRCA:TCGA-D8-A3Z6-01,BRCA,BRCA,0.9997484087944031,8.243523916462436e-05,5.709283868782222e-05,0.00011209513468202204
TCGA:BRCA:TCGA-D8-A4Z1-01,BRCA,BRCA,0.9996441602706909,0.00017754915461409837,5.143165617482737e-05,0.00012681461521424353
TCGA:BRCA:TCGA-D8-A73U-01,BRCA,BRCA,0.9976645708084106,0.0006188106490299106,0.00044307098141871393,0.0012735958443954587
TCGA:BRCA:TCGA-D8-A73W-01,BRCA,BRCA,0.9990624785423279,7.405138603644446e-05,0.00011083211575169116,0.0007526000845246017
TCGA:BRCA:TCGA-D8-A73X-01,BRCA,BRCA,0.9999619722366333,1.0946288966806605e-05,1.006125512503786e-05,1.6991400116239674e-05
TCGA:BRCA:TCGA-E2-A105-01,BRCA,BRCA,0.9999313354492188,1.5571675248793326e-05,2.3670445443713106e-05,2.9404063752735965e-05
TCGA:BRCA:TCGA-E2-A107-01,BRCA,BRCA,0.9996135830879211,0.00016039906768128276,4.605526555678807e-05,0.0001800203463062644
TCGA:BRCA:TCGA-E2-A108-01,BRCA,BRCA,0.9997500777244568,1.7306110748904757e-05,0.00014901984832249582,8.362445805687457e-05
TCGA:BRCA:TCGA-E2-A109-01,BRCA,BRCA,0.9998279809951782,1.9883753338945098e-05,2.9185192033764906e-05,0.00012291081657167524
TCGA:BRCA:TCGA-E2-A10A-01,BRCA,BRCA,0.999963641166687,4.5268166104506236e-06,9.540331120660994e-06,2.2288892068900168e-05
TCGA:BRCA:TCGA-E2-A10B-01,BRCA,BRCA,0.9999194145202637,1.8322834876016714e-05,3.285740967839956e-05,2.9340882974793203e-05
TCGA:BRCA:TCGA-E2-A10C-01,BRCA,BRCA,0.9999145269393921,4.596764483721927e-06,2.9707189241889864e-05,5.11768193973694e-05
TCGA:BRCA:TCGA-E2-A10E-01,BRCA,BRCA,0.9999494552612305,1.730870280880481e-05,1.706429429759737e-05,1.6148169379448518e-05
TCGA:BRCA:TCGA-E2-A10F-01,BRCA,BRCA,0.9998577833175659,1.627975689189043e-05,1.1373451343388297e-05,0.00011455053754616529
TCGA:BRCA:TCGA-E2-A14N-01,BRCA,BRCA,0.9989494681358337,3.754468707484193e-05,0.0009721550741232932,4.089027424925007e-05
TCGA:BRCA:TCGA-E2-A14O-01,BRCA,BRCA,0.9998363256454468,1.40269967232598e-05,1.9272594727226533e-05,0.00013033932191319764
TCGA:BRCA:TCGA-E2-A14P-01,BRCA,BRCA,0.9774817824363708,0.0023496525827795267,0.01886025443673134,0.0013083512894809246
TCGA:BRCA:TCGA-E2-A14Q-01,BRCA,BRCA,0.9999637603759766,7.585360435768962e-06,1.4068319615034852e-05,1.4591258150176145e-05
TCGA:BRCA:TCGA-E2-A14R-01,BRCA,BRCA,0.9994162321090698,0.00010418907913845032,0.00020562479039654136,0.00027392266201786697
TCGA:BRCA:TCGA-E2-A14S-01,BRCA,BRCA,0.9999293088912964,1.1956981325056404e-05,1.2414395314408466e-05,4.63194701296743e-05
TCGA:BRCA:TCGA-E2-A14T-01,BRCA,BRCA,0.9999617338180542,6.489500265161041e-06,1.1045445717172697e-05,2.0783440049854107e-05
TCGA:BRCA:TCGA-E2-A14U-01,BRCA,BRCA,0.9999198913574219,3.4033342672046274e-05,2.593464705569204e-05,2.007999864872545e-05
TCGA:BRCA:TCGA-E2-A14V-01,BRCA,BRCA,0.9997844099998474,4.11470937251579e-05,6.301742541836575e-05,0.00011148177873110399
TCGA:BRCA:TCGA-E2-A14W-01,BRCA,BRCA,0.9999321699142456,5.39716938874335e-06,1.0865163858397864e-05,5.1618630095617846e-05
TCGA:BRCA:TCGA-E2-A14X-01,BRCA,BRCA,0.9996525049209595,1.2511686691141222e-05,0.00010687967733247206,0.0002281509223394096
TCGA:BRCA:TCGA-E2-A14Y-01,BRCA,LSCC,0.3696025013923645,0.0036230445839464664,0.6226319074630737,0.004142523277550936
TCGA:BRCA:TCGA-E2-A14Z-01,BRCA,BRCA,0.9999258518218994,7.406199529214064e-06,3.057843059650622e-05,3.61416932719294e-05
TCGA:BRCA:TCGA-E2-A150-01,BRCA,BRCA,0.9996199607849121,1.5421708667417988e-05,1.8745759007288143e-05,0.0003458636929281056
TCGA:BRCA:TCGA-E2-A152-01,BRCA,BRCA,0.9982732534408569,4.729898500954732e-05,0.0005867962609045208,0.0010926605900749564
TCGA:BRCA:TCGA-E2-A153-01,BRCA,BRCA,0.9998924732208252,2.047590896836482e-05,1.3450307051243726e-05,7.356063724728301e-05
TCGA:BRCA:TCGA-E2-A154-01,BRCA,BRCA,0.9999542236328125,1.2529339983302634e-05,9.286469321523327e-06,2.399743243586272e-05
TCGA:BRCA:TCGA-E2-A155-01,BRCA,BRCA,0.9997562766075134,4.949718277202919e-05,8.936716039897874e-05,0.00010482381912879646
TCGA:BRCA:TCGA-E2-A156-01,BRCA,BRCA,0.9998973608016968,1.9303479348309338e-05,2.765718090813607e-05,5.5694341426715255e-05
TCGA:BRCA:TCGA-E2-A158-01,BRCA,BRCA,0.7677645683288574,0.0004206590820103884,0.025424188002943993,0.20639057457447052
TCGA:BRCA:TCGA-E2-A159-01,BRCA,BRCA,0.9519792795181274,0.0013797878054901958,0.02138904668390751,0.02525189518928528
TCGA:BRCA:TCGA-E2-A15A-01,BRCA,BRCA,0.9996254444122314,1.9576034901547246e-05,2.4441334971925244e-05,0.0003305192512925714
TCGA:BRCA:TCGA-E2-A15C-01,BRCA,BRCA,0.9999454021453857,2.2496098608826287e-05,8.096517376543488e-06,2.3945875000208616e-05
TCGA:BRCA:TCGA-E2-A15D-01,BRCA,BRCA,0.9999347925186157,5.008306288800668e-06,6.523322554130573e-06,5.367497215047479e-05
TCGA:BRCA:TCGA-E2-A15E-01,BRCA,BRCA,0.9999293088912964,1.5683957826695405e-05,2.0440294974832796e-05,3.459263461991213e-05
TCGA:BRCA:TCGA-E2-A15F-01,BRCA,BRCA,0.9999492168426514,3.7361751310527325e-06,1.5936293493723497e-05,3.111827390966937e-05
TCGA:BRCA:TCGA-E2-A15G-01,BRCA,BRCA,0.9998382329940796,3.7659166991943493e-05,1.6141693777171895e-05,0.00010792964894790202
TCGA:BRCA:TCGA-E2-A15H-01,BRCA,BRCA,0.9999600648880005,2.1439500414999202e-05,4.864061793341534e-06,1.3667303392139729e-05
TCGA:BRCA:TCGA-E2-A15I-01,BRCA,BRCA,0.9995642304420471,9.217465412802994e-05,8.681158942636102e-05,0.0002567241317592561
TCGA:BRCA:TCGA-E2-A15J-01,BRCA,BRCA,0.9999374151229858,3.0648152460344136e-05,7.733769052720163e-06,2.4203605789807625e-05
TCGA:BRCA:TCGA-E2-A15K-01,BRCA,BRCA,0.9998646974563599,5.3839768952457234e-05,2.038825914496556e-05,6.10056595178321e-05
TCGA:BRCA:TCGA-E2-A15L-01,BRCA,BRCA,0.9998867511749268,3.56891359842848e-05,2.450972533551976e-05,5.3087525884620845e-05
TCGA:BRCA:TCGA-E2-A15M-01,BRCA,BRCA,0.9997542500495911,1.1223371984669939e-05,2.4983104594866745e-05,0.00020951998885720968
TCGA:BRCA:TCGA-E2-A15O-01,BRCA,BRCA,0.9991422891616821,7.416982407448813e-05,0.00011088845349149778,0.0006726622814312577
TCGA:BRCA:TCGA-E2-A15P-01,BRCA,BRCA,0.9999539852142334,9.551454240863677e-06,6.53861343380413e-06,2.9905522751505487e-05
TCGA:BRCA:TCGA-E2-A15R-01,BRCA,BRCA,0.999778687953949,1.3960249816591386e-05,8.491324842907488e-05,0.00012242034426890314
TCGA:BRCA:TCGA-E2-A15S-01,BRCA,BRCA,0.9998114705085754,6.097710502217524e-05,4.924180029775016e-05,7.829003152437508e-05
TCGA:BRCA:TCGA-E2-A15T-01,BRCA,BRCA,0.9997879862785339,2.4142591428244486e-05,5.530364433070645e-05,0.00013257320097181946
TCGA:BRCA:TCGA-E2-A1AZ-01,BRCA,BRCA,0.998625636100769,2.5099254344240762e-05,0.0005404766998253763,0.0008087705937214196
TCGA:BRCA:TCGA-E2-A1B0-01,BRCA,BRCA,0.9998935461044312,2.1861820641788654e-05,2.3657297788304277e-05,6.097717414377257e-05
TCGA:BRCA:TCGA-E2-A1B1-01,BRCA,BRCA,0.9999675750732422,5.066522589913802e-06,1.1377693226677366e-05,1.5935673218336888e-05
TCGA:BRCA:TCGA-E2-A1B4-01,BRCA,BRCA,0.999957799911499,1.435200192645425e-05,8.189449545170646e-06,1.963374415936414e-05
TCGA:BRCA:TCGA-E2-A1B5-01,BRCA,BRCA,0.9998526573181152,1.1024479135812726e-05,3.7583184166578576e-05,9.870190115179867e-05
TCGA:BRCA:TCGA-E2-A1B6-01,BRCA,BRCA,0.9721758365631104,8.38560372358188e-05,0.027155466377735138,0.0005847664433531463
TCGA:BRCA:TCGA-E2-A1BC-01,BRCA,BRCA,0.9999215602874756,4.0123752114595845e-05,1.9911723939003423e-05,1.8430584532325156e-05
TCGA:BRCA:TCGA-E2-A1BD-01,BRCA,BRCA,0.9998998641967773,1.2601083653862588e-05,1.8953936887555756e-05,6.853106606286019e-05
TCGA:BRCA:TCGA-E2-A1IE-01,BRCA,BRCA,0.9997238516807556,0.0001333495747530833,3.24181055475492e-05,0.00011039644596166909
TCGA:BRCA:TCGA-E2-A1IF-01,BRCA,BRCA,0.9999502897262573,1.0218252100457903e-05,6.676154043816496e-06,3.2809672120492905e-05
TCGA:BRCA:TCGA-E2-A1IG-01,BRCA,BRCA,0.9989812970161438,4.208698373986408e-05,9.695106564322487e-05,0.0008796448237262666
TCGA:BRCA:TCGA-E2-A1IH-01,BRCA,BRCA,0.9999393224716187,2.2625170004175743e-06,1.9828850781777874e-05,3.852598456433043e-05
TCGA:BRCA:TCGA-E2-A1II-01,BRCA,BRCA,0.9993830919265747,2.8079635740141384e-05,0.0005180606385692954,7.07973595126532e-05
TCGA:BRCA:TCGA-E2-A1IJ-01,BRCA,BRCA,0.9998759031295776,2.489110738679301e-05,1.7080656107282266e-05,8.212698594434187e-05
TCGA:BRCA:TCGA-E2-A1IK-01,BRCA,BRCA,0.999950647354126,1.695939681667369e-05,1.0644087524269708e-05,2.1719903088524006e-05
TCGA:BRCA:TCGA-E2-A1IL-01,BRCA,BRCA,0.9998443126678467,5.792396405013278e-05,1.5935973351588473e-05,8.185245678760111e-05
TCGA:BRCA:TCGA-E2-A1IN-01,BRCA,BRCA,0.9999717473983765,2.6492402867006604e-06,7.963437383295968e-06,1.7662436221144162e-05
TCGA:BRCA:TCGA-E2-A1IO-01,BRCA,BRCA,0.9993855953216553,0.00020128545293118805,0.0003191598516423255,9.391061757924035e-05
TCGA:BRCA:TCGA-E2-A1IU-01,BRCA,BRCA,0.9999319314956665,1.3790171578875743e-05,1.2274031178094447e-05,4.200671901344322e-05
TCGA:BRCA:TCGA-E2-A1L6-01,BRCA,BRCA,0.9998959302902222,6.620006388402544e-06,2.8246209694771096e-05,6.921572639839724e-05
TCGA:BRCA:TCGA-E2-A1L7-01,BRCA,BRCA,0.9998371601104736,1.3617566764878575e-05,0.00010030565317720175,4.890003765467554e-05
TCGA:BRCA:TCGA-E2-A1L8-01,BRCA,BRCA,0.9999421834945679,7.420616839226568e-06,8.47739829623606e-06,4.187671220279299e-05
TCGA:BRCA:TCGA-E2-A1L9-01,BRCA,BRCA,0.9999750852584839,5.418970431492198e-06,4.886195711151231e-06,1.4634388207923621e-05
TCGA:BRCA:TCGA-E2-A1LA-01,BRCA,BRCA,0.9998546838760376,4.073318632435985e-05,5.016319846617989e-05,5.443118425318971e-05
TCGA:BRCA:TCGA-E2-A1LB-01,BRCA,BRCA,0.8309977054595947,0.003322009928524494,0.0010980478255078197,0.16458220779895782
TCGA:BRCA:TCGA-E2-A1LE-01,BRCA,BRCA,0.9429728388786316,0.0013090481515973806,0.0016615863423794508,0.05405654385685921
TCGA:BRCA:TCGA-E2-A1LG-01,BRCA,BRCA,0.9986523985862732,6.105861393734813e-05,0.0004759301373269409,0.0008105841116048396
TCGA:BRCA:TCGA-E2-A1LH-01,BRCA,BRCA,0.9966385364532471,0.0002830245648510754,0.0007095450419001281,0.002368874615058303
TCGA:BRCA:TCGA-E2-A1LI-01,BRCA,BRCA,0.9997281432151794,2.3401258658850566e-05,6.639085040660575e-05,0.0001820627076085657
TCGA:BRCA:TCGA-E2-A1LK-01,BRCA,BRCA,0.9894456267356873,0.0015694901812821627,0.0041120643727481365,0.004872821271419525
TCGA:BRCA:TCGA-E2-A1LL-01,BRCA,LSCC,0.003151822602376342,0.21889303624629974,0.7729706764221191,0.004984406754374504
TCGA:BRCA:TCGA-E2-A1LS-01,BRCA,BRCA,0.9992368221282959,8.227359103329945e-06,9.744580165715888e-05,0.0006575647857971489
TCGA:BRCA:TCGA-E2-A2P5-01,BRCA,BRCA,0.9996633529663086,0.00012737643555738032,7.701231515966356e-05,0.00013224984286352992
TCGA:BRCA:TCGA-E2-A2P6-01,BRCA,BRCA,0.9997839331626892,0.00012523389887064695,2.2700114641338587e-05,6.814988591941074e-05
TCGA:BRCA:TCGA-E2-A3DX-01,BRCA,BRCA,0.9998441934585571,3.2778261811472476e-05,9.273442992707714e-05,3.0293840609374456e-05
TCGA:BRCA:TCGA-E2-A56Z-01,BRCA,BRCA,0.9997332692146301,2.2635949790128507e-05,3.586173988878727e-05,0.0002081729908240959
TCGA:BRCA:TCGA-E2-A570-01,BRCA,BRCA,0.999970555305481,7.349019142566249e-06,5.603879799309652e-06,1.649823025218211e-05
TCGA:BRCA:TCGA-E2-A573-01,BRCA,BRCA,0.9990482926368713,0.0001239972625626251,0.0004254330706316978,0.00040230053127743304
TCGA:BRCA:TCGA-E2-A574-01,BRCA,BRCA,0.9937804341316223,0.0018806419102475047,0.0009461083682253957,0.003392810234799981
TCGA:BRCA:TCGA-E2-A576-01,BRCA,BRCA,0.9995044469833374,0.0001644073927309364,0.00017762306379154325,0.0001535596529720351
TCGA:BRCA:TCGA-E2-A9RU-01,BRCA,BRCA,0.9982569813728333,0.00021137652220204473,0.000692131114192307,0.0008395073818974197
TCGA:BRCA:TCGA-E9-A1N3-01,BRCA,BRCA,0.9998594522476196,1.1458169865363743e-05,9.714560292195529e-06,0.00011933381028939039
TCGA:BRCA:TCGA-E9-A1N4-01,BRCA,BRCA,0.9998805522918701,2.232639781141188e-05,2.6440833607921377e-05,7.062928489176556e-05
TCGA:BRCA:TCGA-E9-A1N5-01,BRCA,BRCA,0.9999738931655884,6.492928150692023e-06,5.794431217509555e-06,1.384776351187611e-05
TCGA:BRCA:TCGA-E9-A1N6-01,BRCA,BRCA,0.9998207688331604,1.5103212717804126e-05,2.49917502515018e-05,0.00013920028868597
TCGA:BRCA:TCGA-E9-A1N8-01,BRCA,BRCA,0.9993166923522949,7.605850987602025e-05,0.0003718967782333493,0.00023531210899818689
TCGA:BRCA:TCGA-E9-A1N9-01,BRCA,BRCA,0.9998939037322998,1.8270875443704426e-05,1.1163598173880018e-05,7.667533645872027e-05
TCGA:BRCA:TCGA-E9-A1NA-01,BRCA,LUAD,0.08080509305000305,0.0009612128487788141,0.0016880529001355171,0.9165456295013428
TCGA:BRCA:TCGA-E9-A1NC-01,BRCA,BRCA,0.9906219244003296,0.0002902694104705006,0.0021252327132970095,0.006962590850889683
TCGA:BRCA:TCGA-E9-A1ND-01,BRCA,BRCA,0.8316292762756348,0.0010359069565311074,0.15298599004745483,0.014348860830068588
TCGA:BRCA:TCGA-E9-A1NE-01,BRCA,BRCA,0.9998080134391785,6.450678483815864e-05,4.191320113022812e-05,8.556019747629762e-05
TCGA:BRCA:TCGA-E9-A1NF-01,BRCA,BRCA,0.9993711113929749,2.3438500647898763e-05,4.9096441216534004e-05,0.00055636529577896
TCGA:BRCA:TCGA-E9-A1NG-01,BRCA,BRCA,0.9994148015975952,7.685359378228895e-06,1.5231196812237613e-05,0.000562253117095679
TCGA:BRCA:TCGA-E9-A1NH-01,BRCA,BRCA,0.9999643564224243,1.884303492261097e-05,4.566825282381615e-06,1.227848042617552e-05
TCGA:BRCA:TCGA-E9-A1NI-01,BRCA,BRCA,0.9999368190765381,1.2848155165556818e-05,1.5719386283308268e-05,3.457604179857299e-05
TCGA:BRCA:TCGA-E9-A1QZ-01,BRCA,BRCA,0.9999626874923706,4.819893092644634e-06,1.091855392587604e-05,2.1516430933843367e-05
TCGA:BRCA:TCGA-E9-A1R0-01,BRCA,BRCA,0.9999297857284546,1.4611956430599093e-05,1.9698854885064065e-05,3.593014116631821e-05
TCGA:BRCA:TCGA-E9-A1R2-01,BRCA,BRCA,0.9999419450759888,4.3694199121091515e-06,1.0727670996857341e-05,4.3000236473744735e-05
TCGA:BRCA:TCGA-E9-A1R3-01,BRCA,BRCA,0.9973466396331787,0.0004243693547323346,0.00018776304204948246,0.0020412132143974304
TCGA:BRCA:TCGA-E9-A1R4-01,BRCA,BRCA,0.9993601441383362,8.796054316917434e-05,2.5997069315053523e-05,0.0005258626770228148
TCGA:BRCA:TCGA-E9-A1R5-01,BRCA,BRCA,0.9998871088027954,7.638634087925311e-06,1.1054939022869803e-05,9.412618237547576e-05
TCGA:BRCA:TCGA-E9-A1R6-01,BRCA,BRCA,0.9998486042022705,9.46415530052036e-05,1.6580093870288692e-05,4.0111681300913915e-05
TCGA:BRCA:TCGA-E9-A1R7-01,BRCA,BRCA,0.9955865144729614,0.0003558943863026798,0.0008213933324441314,0.003236233489587903
TCGA:BRCA:TCGA-E9-A1RA-01,BRCA,BRCA,0.9999150037765503,5.884677193535026e-06,1.260362932953285e-05,6.654462777078152e-05
TCGA:BRCA:TCGA-E9-A1RB-01,BRCA,BRCA,0.9997943043708801,7.656390152988024e-06,0.00013863675121683627,5.9400121244834736e-05
TCGA:BRCA:TCGA-E9-A1RC-01,BRCA,BRCA,0.9996498823165894,3.195377212250605e-05,3.543469574651681e-05,0.00028272607596591115
TCGA:BRCA:TCGA-E9-A1RD-01,BRCA,BRCA,0.9999359846115112,1.2304717529332265e-05,2.4808281523291953e-05,2.686859261302743e-05
TCGA:BRCA:TCGA-E9-A1RE-01,BRCA,BRCA,0.9994184970855713,4.901418651570566e-05,0.00010553093306953087,0.0004270352073945105
TCGA:BRCA:TCGA-E9-A1RF-01,BRCA,BRCA,0.9999574422836304,7.97381107986439e-06,1.4896755601512268e-05,1.967910247913096e-05
TCGA:BRCA:TCGA-E9-A1RG-01,BRCA,BRCA,0.9992092251777649,0.0004304862814024091,0.00017997946997638792,0.0001803019258659333
TCGA:BRCA:TCGA-E9-A1RH-01,BRCA,BRCA,0.9809297323226929,0.0003745579451788217,0.007026412058621645,0.01166929304599762
TCGA:BRCA:TCGA-E9-A1RI-01,BRCA,BRCA,0.9999547004699707,7.612648914800957e-06,7.582435046060709e-06,3.0134120606817305e-05
TCGA:BRCA:TCGA-E9-A226-01,BRCA,BRCA,0.9997554421424866,2.3360245904768817e-05,4.826466829399578e-05,0.00017288215167354792
TCGA:BRCA:TCGA-E9-A227-01,BRCA,BRCA,0.9999349117279053,1.0607156582409516e-05,1.057481495081447e-05,4.39038522017654e-05
TCGA:BRCA:TCGA-E9-A228-01,BRCA,BRCA,0.9994080066680908,1.5451661965926178e-05,0.00022147684649098665,0.00035503896651789546
TCGA:BRCA:TCGA-E9-A229-01,BRCA,BRCA,0.9999704360961914,4.3569280023803e-06,8.77060301718302e-06,1.6456304365419783e-05
TCGA:BRCA:TCGA-E9-A22A-01,BRCA,BRCA,0.9999343156814575,9.1555402832455e-06,1.6197775039472617e-05,4.035547681269236e-05
TCGA:BRCA:TCGA-E9-A22B-01,BRCA,BRCA,0.9997028708457947,2.1610276235151105e-05,1.718575913400855e-05,0.00025827204808592796
TCGA:BRCA:TCGA-E9-A22D-01,BRCA,BRCA,0.9992475509643555,4.8554924433119595e-05,0.00010939955245703459,0.0005944735603407025
TCGA:BRCA:TCGA-E9-A22E-01,BRCA,BRCA,0.9998466968536377,1.0009318430093117e-05,2.473255699442234e-05,0.00011852587340399623
TCGA:BRCA:TCGA-E9-A22G-01,BRCA,BRCA,0.9979344606399536,9.472684905631468e-05,0.001681459485553205,0.0002893230994231999
TCGA:BRCA:TCGA-E9-A22H-01,BRCA,BRCA,0.9997970461845398,4.802497642231174e-05,1.775181408447679e-05,0.0001371664257021621
TCGA:BRCA:TCGA-E9-A243-01,BRCA,BRCA,0.9526700973510742,0.0002737063041422516,0.0070761931128799915,0.03998002037405968
TCGA:BRCA:TCGA-E9-A244-01,BRCA,BRCA,0.9997676014900208,1.3209566532168537e-05,5.675177089869976e-05,0.00016246750601567328
TCGA:BRCA:TCGA-E9-A245-01,BRCA,BRCA,0.9998966455459595,1.4528990504913963e-05,2.5009789169416763e-05,6.382113497238606e-05
TCGA:BRCA:TCGA-E9-A247-01,BRCA,BRCA,0.9998983144760132,1.0348521755076945e-05,4.343627006164752e-05,4.794092455995269e-05
TCGA:BRCA:TCGA-E9-A248-01,BRCA,BRCA,0.9619688391685486,0.0005647666403092444,0.0020620354916900396,0.035404324531555176
TCGA:BRCA:TCGA-E9-A249-01,BRCA,BRCA,0.9999021291732788,1.4349040611705277e-05,1.048639569489751e-05,7.303630991373211e-05
TCGA:BRCA:TCGA-E9-A24A-01,BRCA,BRCA,0.9999442100524902,3.210615977877751e-05,6.378848411259241e-06,1.7336828022962436e-05
TCGA:BRCA:TCGA-E9-A295-01,BRCA,BRCA,0.9978383183479309,0.0007940807845443487,0.001031762338243425,0.00033580861054360867
TCGA:BRCA:TCGA-E9-A2JS-01,BRCA,BRCA,0.9996742010116577,1.6759273421484977e-05,0.00015756669745314866,0.00015151409024838358
TCGA:BRCA:TCGA-E9-A2JT-01,BRCA,BRCA,0.9987043142318726,0.00012883570161648095,0.0007224068394862115,0.0004444445949047804
TCGA:BRCA:TCGA-E9-A3HO-01,BRCA,BRCA,0.9995840191841125,0.00016331684309989214,6.314886559266597e-05,0.00018957357679028064
TCGA:BRCA:TCGA-E9-A3Q9-01,BRCA,BRCA,0.9999269247055054,1.2267136298760306e-05,1.3670083717443049e-05,4.717714909929782e-05
TCGA:BRCA:TCGA-E9-A3QA-01,BRCA,BRCA,0.9855114221572876,0.00022749323397874832,0.013164772652089596,0.0010963353561237454
TCGA:BRCA:TCGA-E9-A3X8-01,BRCA,BRCA,0.9997969269752502,5.5096621508710086e-05,4.3193238525418565e-05,0.00010475003364263102
TCGA:BRCA:TCGA-E9-A54X-01,BRCA,BRCA,0.9996316432952881,4.511023871600628e-05,0.0001703254529275,0.0001529072324046865
TCGA:BRCA:TCGA-E9-A54Y-01,BRCA,BRCA,0.9923681616783142,0.006319863721728325,0.0005353651358745992,0.0007765766349621117
TCGA:BRCA:TCGA-E9-A5FK-01,BRCA,BRCA,0.9996024966239929,0.00010018259490607306,0.0001839374308474362,0.00011344610538799316
TCGA:BRCA:TCGA-E9-A5FL-01,BRCA,HNSCC,0.004893583245575428,0.9887469410896301,0.005834307987242937,0.0005252364207990468
TCGA:BRCA:TCGA-E9-A5UO-01,BRCA,BRCA,0.9975022673606873,0.0008326779934577644,0.0001497271005064249,0.0015152780106291175
TCGA:BRCA:TCGA-E9-A5UP-01,BRCA,BRCA,0.9998315572738647,6.74635884934105e-05,2.1227247998467647e-05,7.976248161867261e-05
TCGA:BRCA:TCGA-E9-A6HE-01,BRCA,BRCA,0.9997085928916931,0.00010077386104967445,6.844676681794226e-05,0.0001221436687046662
TCGA:BRCA:TCGA-EW-A1IW-01,BRCA,BRCA,0.9999228715896606,1.4077689229452517e-05,2.8619127988349646e-05,3.4369622881058604e-05
TCGA:BRCA:TCGA-EW-A1IX-01,BRCA,BRCA,0.9998743534088135,5.1073351642116904e-05,4.418104072101414e-05,3.0344863262143917e-05
TCGA:BRCA:TCGA-EW-A1IY-01,BRCA,BRCA,0.9996591806411743,1.915762732096482e-05,4.416466981638223e-05,0.00027744934777729213
TCGA:BRCA:TCGA-EW-A1IZ-01,BRCA,BRCA,0.9997778534889221,1.593558226886671e-05,0.0001776169374352321,2.8655749702011235e-05
TCGA:BRCA:TCGA-EW-A1J1-01,BRCA,BRCA,0.9999359846115112,1.1370674656063784e-05,1.6888858226593584e-05,3.573373760445975e-05
TCGA:BRCA:TCGA-EW-A1J2-01,BRCA,BRCA,0.9999244213104248,3.402791480766609e-05,1.1011736205546185e-05,3.056223431485705e-05
TCGA:BRCA:TCGA-EW-A1J3-01,BRCA,BRCA,0.9998782873153687,1.4665424714621622e-05,5.218783553573303e-05,5.4887961596250534e-05
TCGA:BRCA:TCGA-EW-A1J5-01,BRCA,BRCA,0.9999408721923828,1.4918288798071444e-05,1.9076742319157347e-05,2.516742461011745e-05
TCGA:BRCA:TCGA-EW-A1J6-01,BRCA,BRCA,0.9973673224449158,2.964830127893947e-05,0.00012760535173583776,0.002475474961102009
TCGA:BRCA:TCGA-EW-A1OV-01,BRCA,BRCA,0.9995071887969971,5.32854664925253e-06,1.464234901504824e-05,0.0004727881751023233
TCGA:BRCA:TCGA-EW-A1OW-01,BRCA,BRCA,0.9998205304145813,1.826584048103541e-05,9.927646169671789e-05,6.198666960699484e-05
TCGA:BRCA:TCGA-EW-A1OX-01,BRCA,BRCA,0.9997431635856628,3.368527177372016e-05,4.287548654247075e-05,0.00018032414664048702
TCGA:BRCA:TCGA-EW-A1OY-01,BRCA,BRCA,0.9999161958694458,1.5056374650157522e-05,1.887586768134497e-05,4.981463644071482e-05
TCGA:BRCA:TCGA-EW-A1OZ-01,BRCA,BRCA,0.9998440742492676,1.728204188111704e-05,9.891194349620491e-05,3.965779978898354e-05
TCGA:BRCA:TCGA-EW-A1P0-01,BRCA,BRCA,0.9999291896820068,2.1868105250177905e-05,1.1462794645922258e-05,3.742703120224178e-05
TCGA:BRCA:TCGA-EW-A1P1-01,BRCA,BRCA,0.533338725566864,0.0035288569051772356,0.008178073912858963,0.4549543261528015
TCGA:BRCA:TCGA-EW-A1P3-01,BRCA,BRCA,0.9998534917831421,8.04915907792747e-06,2.512762148398906e-05,0.00011335140879964456
TCGA:BRCA:TCGA-EW-A1P4-01,BRCA,LUAD,0.12512442469596863,0.0021513847168534994,0.3178001344203949,0.5549240112304688
TCGA:BRCA:TCGA-EW-A1P5-01,BRCA,BRCA,0.9993940591812134,0.00012466944463085383,0.0001593157066963613,0.0003219791396986693
TCGA:BRCA:TCGA-EW-A1P6-01,BRCA,BRCA,0.9998360872268677,5.043612327426672e-05,2.6024437829619274e-05,8.737982716411352e-05
TCGA:BRCA:TCGA-EW-A1P7-01,BRCA,BRCA,0.7048642039299011,0.002035035751760006,0.0023086548317223787,0.2907921373844147
TCGA:BRCA:TCGA-EW-A1P8-01,BRCA,BRCA,0.9995504021644592,2.175396730308421e-05,0.0001372506085317582,0.0002905542787630111
TCGA:BRCA:TCGA-EW-A1PA-01,BRCA,BRCA,0.9996174573898315,4.2934825614793226e-05,0.00010796335845952854,0.00023161942954175174
TCGA:BRCA:TCGA-EW-A1PB-01,BRCA,BRCA,0.9354023933410645,0.003929206170141697,0.03991394862532616,0.02075442112982273
TCGA:BRCA:TCGA-EW-A1PC-01,BRCA,BRCA,0.9912756681442261,0.0018643910298123956,0.0008671182440593839,0.005992772523313761
TCGA:BRCA:TCGA-EW-A1PD-01,BRCA,BRCA,0.9998598098754883,8.766861719777808e-05,2.2592077584704384e-05,2.9926986826467328e-05
TCGA:BRCA:TCGA-EW-A1PE-01,BRCA,BRCA,0.9977534413337708,6.84360129525885e-05,0.0003515856515150517,0.001826575375162065
TCGA:BRCA:TCGA-EW-A1PF-01,BRCA,BRCA,0.9999779462814331,3.977968844992574e-06,6.638479590037605e-06,1.1489620192151051e-05
TCGA:BRCA:TCGA-EW-A1PG-01,BRCA,BRCA,0.5702289342880249,0.004998481832444668,0.31516921520233154,0.10960335284471512
TCGA:BRCA:TCGA-EW-A1PH-01,BRCA,BRCA,0.999778687953949,1.799205710995011e-05,0.00011510936747072265,8.824613178148866e-05
TCGA:BRCA:TCGA-EW-A2FR-01,BRCA,BRCA,0.9988130331039429,6.34312818874605e-05,0.0001326819765381515,0.0009908974170684814
TCGA:BRCA:TCGA-EW-A2FS-01,BRCA,BRCA,0.9983887672424316,9.620097989682108e-05,0.0002463487326167524,0.001268748426809907
TCGA:BRCA:TCGA-EW-A2FV-01,BRCA,BRCA,0.9999487400054932,3.621712312451564e-05,1.1429201549617574e-05,3.6611043015000178e-06
TCGA:BRCA:TCGA-EW-A2FW-01,BRCA,BRCA,0.9993426203727722,4.18996496591717e-05,0.00021296403429005295,0.00040254861232824624
TCGA:BRCA:TCGA-EW-A3E8-01,BRCA,BRCA,0.9999004602432251,2.306196984136477e-05,9.650485480960924e-06,6.680710066575557e-05
TCGA:BRCA:TCGA-EW-A3U0-01,BRCA,BRCA,0.9919787645339966,0.002574003068730235,0.002306948648765683,0.0031402637250721455
TCGA:BRCA:TCGA-EW-A423-01,BRCA,BRCA,0.9995951056480408,0.00011579525016713887,4.542709939414635e-05,0.00024369152379222214
TCGA:BRCA:TCGA-EW-A424-01,BRCA,BRCA,0.9999275207519531,1.092334514396498e-05,9.083822078537196e-06,5.2442912419792265e-05
TCGA:BRCA:TCGA-EW-A6S9-01,BRCA,BRCA,0.9996664524078369,3.499460217426531e-05,6.354623474180698e-05,0.00023499342205468565
TCGA:BRCA:TCGA-EW-A6SA-01,BRCA,BRCA,0.9843410849571228,0.0005330782732926309,0.0006869373610243201,0.014438929036259651
TCGA:BRCA:TCGA-EW-A6SB-01,BRCA,BRCA,0.9715685248374939,0.00018366018775850534,0.0032781430054455996,0.02496967650949955
TCGA:BRCA:TCGA-EW-A6SC-01,BRCA,BRCA,0.9999278783798218,1.834239810705185e-05,2.81464872387005e-05,2.5628987714299e-05
TCGA:BRCA:TCGA-EW-A6SD-01,BRCA,BRCA,0.9943187832832336,0.0004848538665100932,0.0006327477749437094,0.004563696216791868
TCGA:BRCA:TCGA-GI-A2C8-01,BRCA,BRCA,0.9998635053634644,2.2804168111179024e-05,2.7517728085513227e-05,8.61623848322779e-05
TCGA:BRCA:TCGA-GI-A2C9-01,BRCA,BRCA,0.9992067217826843,4.835991421714425e-05,0.00038287797360681,0.0003620607312768698
TCGA:BRCA:TCGA-GM-A2D9-01,BRCA,BRCA,0.9998935461044312,6.23935047769919e-05,1.0413773452455644e-05,3.3597803849261254e-05
TCGA:BRCA:TCGA-GM-A2DA-01,BRCA,BRCA,0.9999306201934814,9.927097380568739e-06,1.1782514775404707e-05,4.770335362991318e-05
TCGA:BRCA:TCGA-GM-A2DB-01,BRCA,LUAD,0.09087782353162766,0.0013527642004191875,0.011918450705707073,0.8958510160446167
TCGA:BRCA:TCGA-GM-A2DC-01,BRCA,BRCA,0.9996455907821655,4.513022940955125e-05,8.57514824019745e-05,0.00022355333203449845
TCGA:BRCA:TCGA-GM-A2DD-01,BRCA,BRCA,0.9698212146759033,0.0020631244406104088,0.005843643099069595,0.02227199077606201
TCGA:BRCA:TCGA-GM-A2DF-01,BRCA,LUAD,0.18572549521923065,0.002278270898386836,0.0026531803887337446,0.8093429803848267
TCGA:BRCA:TCGA-GM-A2DH-01,BRCA,BRCA,0.9995713829994202,9.732868784340099e-05,0.0001315635599894449,0.0001996700739255175
TCGA:BRCA:TCGA-GM-A2DI-01,BRCA,BRCA,0.9998266100883484,5.4906584409764037e-05,5.199928637011908e-05,6.648400449194014e-05
TCGA:BRCA:TCGA-GM-A2DK-01,BRCA,BRCA,0.9999589920043945,7.161116172937909e-06,1.2678011444222648e-05,2.1189316612435505e-05
TCGA:BRCA:TCGA-GM-A2DL-01,BRCA,BRCA,0.999794065952301,1.4138880942482501e-05,2.196745845139958e-05,0.00016982982924673706
TCGA:BRCA:TCGA-GM-A2DM-01,BRCA,BRCA,0.9999195337295532,1.7715849025989883e-05,8.311641977343243e-06,5.446124487207271e-05
TCGA:BRCA:TCGA-GM-A2DN-01,BRCA,BRCA,0.9997327923774719,9.54456118051894e-06,8.831179729895666e-05,0.00016933749429881573
TCGA:BRCA:TCGA-GM-A2DO-01,BRCA,BRCA,0.9993367791175842,8.076205995166674e-05,0.00025958920014090836,0.00032290193485096097
TCGA:BRCA:TCGA-GM-A3NW-01,BRCA,BRCA,0.9999089241027832,1.16258952402859e-05,9.98446557787247e-06,6.949515227461234e-05
TCGA:BRCA:TCGA-GM-A3NY-01,BRCA,BRCA,0.9998326301574707,2.4094491891446523e-05,3.7387246266007423e-05,0.00010582475806586444
TCGA:BRCA:TCGA-GM-A3XG-01,BRCA,BRCA,0.9973965883255005,0.001208644825965166,0.000733474618755281,0.0006612957222387195
TCGA:BRCA:TCGA-GM-A3XL-01,BRCA,BRCA,0.841966986656189,0.006409999914467335,0.14254680275917053,0.009076244197785854
TCGA:BRCA:TCGA-GM-A3XN-01,BRCA,BRCA,0.9993139505386353,6.365426816046238e-05,0.00012132218398619443,0.0005010376335121691
TCGA:BRCA:TCGA-GM-A4E0-01,BRCA,BRCA,0.9416549801826477,0.001488940673880279,0.003084593452513218,0.05377146601676941
TCGA:BRCA:TCGA-GM-A5PV-01,BRCA,BRCA,0.9999285936355591,1.792328475858085e-05,1.672404869168531e-05,3.680854570120573e-05
TCGA:BRCA:TCGA-GM-A5PX-01,BRCA,BRCA,0.9997182488441467,2.477422822266817e-05,3.054212356801145e-05,0.00022637758229393512
TCGA:BRCA:TCGA-HN-A2NL-01,BRCA,BRCA,0.9995476603507996,7.573139009764418e-05,0.0001636236411286518,0.00021297279454302043
TCGA:BRCA:TCGA-HN-A2OB-01,BRCA,BRCA,0.9998993873596191,2.3170783606474288e-05,1.5197829270618968e-05,6.225045217433944e-05
TCGA:BRCA:TCGA-JL-A3YW-01,BRCA,LSCC,0.22744882106781006,0.009619783610105515,0.5707343816757202,0.19219698011875153
TCGA:BRCA:TCGA-JL-A3YX-01,BRCA,BRCA,0.9997808337211609,3.546428706613369e-05,7.74104701122269e-05,0.00010625703725963831
TCGA:BRCA:TCGA-LD-A66U-01,BRCA,BRCA,0.9999111890792847,4.201818956062198e-05,1.4782569451199379e-05,3.1989144190447405e-05
TCGA:BRCA:TCGA-LD-A74U-01,BRCA,BRCA,0.999958872795105,1.794127092580311e-05,1.1262171028647572e-05,1.1893022019648924e-05
TCGA:BRCA:TCGA-LD-A7W5-01,BRCA,BRCA,0.9990639090538025,0.00037650519516319036,0.00023068742302712053,0.0003288634470663965
TCGA:BRCA:TCGA-LD-A7W6-01,BRCA,BRCA,0.9999464750289917,1.0968983588099945e-05,1.1619791621342301e-05,3.0929219065001234e-05
TCGA:BRCA:TCGA-LD-A9QF-01,BRCA,BRCA,0.9195817708969116,0.0020701088942587376,0.011873286217451096,0.0664748102426529
TCGA:BRCA:TCGA-LL-A440-01,BRCA,BRCA,0.9989761114120483,0.00017253088299185038,0.0005527815665118396,0.00029858972993679345
TCGA:BRCA:TCGA-LL-A441-01,BRCA,BRCA,0.9985407590866089,4.7699420974822715e-05,0.0005308229010552168,0.0008807536214590073
TCGA:BRCA:TCGA-LL-A442-01,BRCA,BRCA,0.9998456239700317,5.2632112783612683e-05,2.289148142153863e-05,7.886494131525978e-05
TCGA:BRCA:TCGA-LL-A50Y-01,BRCA,BRCA,0.9998785257339478,2.8300451958784834e-05,1.67192720255116e-05,7.647996972082183e-05
TCGA:BRCA:TCGA-LL-A5YL-01,BRCA,BRCA,0.9995452761650085,8.370394061785191e-05,0.00013896050222683698,0.0002320645871805027
TCGA:BRCA:TCGA-LL-A5YM-01,BRCA,BRCA,0.9977037310600281,0.00050078280037269,0.0010360539890825748,0.0007594592170789838
TCGA:BRCA:TCGA-LL-A5YN-01,BRCA,BRCA,0.999208390712738,0.00017304596258327365,0.00018175315926782787,0.0004368922091089189
TCGA:BRCA:TCGA-LL-A5YO-01,BRCA,BRCA,0.9990878105163574,6.002978625474498e-05,0.00031271958141587675,0.0005394620820879936
TCGA:BRCA:TCGA-LL-A5YP-01,BRCA,BRCA,0.9878966808319092,0.00016821025928948075,0.00587244750931859,0.006062653847038746
TCGA:BRCA:TCGA-LL-A6FP-01,BRCA,BRCA,0.9997637867927551,4.2235875298501924e-05,7.211363117676228e-05,0.00012185556988697499
TCGA:BRCA:TCGA-LL-A6FQ-01,BRCA,BRCA,0.9993359446525574,0.00012742886610794812,0.0002663360792212188,0.00027023785514757037
TCGA:BRCA:TCGA-LL-A6FR-01,BRCA,BRCA,0.9875669479370117,0.007771953009068966,0.002132205758243799,0.002528931712731719
TCGA:BRCA:TCGA-LL-A73Y-01,BRCA,BRCA,0.999705970287323,4.6326043957378715e-05,9.964666969608516e-05,0.00014807334810029715
TCGA:BRCA:TCGA-LL-A73Z-01,BRCA,BRCA,0.990802526473999,0.000219431021832861,0.0009394229855388403,0.008038568310439587
TCGA:BRCA:TCGA-LL-A740-01,BRCA,LUAD,0.23046572506427765,0.007390725426375866,0.00662086671218276,0.7555227279663086
TCGA:BRCA:TCGA-LL-A7SZ-01,BRCA,BRCA,0.8782176971435547,0.02347341552376747,0.023521848022937775,0.07478702068328857
TCGA:BRCA:TCGA-LL-A7T0-01,BRCA,BRCA,0.9995434880256653,0.00016976363258436322,0.00011752086720662192,0.00016924248484428972
TCGA:BRCA:TCGA-LL-A8F5-01,BRCA,BRCA,0.9599366784095764,0.010790448635816574,0.027774659916758537,0.0014982940629124641
TCGA:BRCA:TCGA-LL-A9Q3-01,BRCA,BRCA,0.99868243932724,0.00013239099644124508,0.0007771106902509928,0.00040806239121593535
TCGA:BRCA:TCGA-LQ-A4E4-01,BRCA,BRCA,0.9991851449012756,0.0002522994764149189,0.0002727164828684181,0.0002897967933677137
TCGA:BRCA:TCGA-MS-A51U-01,BRCA,BRCA,0.9996515512466431,4.6743731218157336e-05,5.1137747504981235e-05,0.00025057810125872493
TCGA:BRCA:TCGA-OK-A5Q2-01,BRCA,BRCA,0.999879002571106,1.1119665941805579e-05,7.592461315653054e-06,0.00010229930921923369
TCGA:BRCA:TCGA-OL-A5D6-01,BRCA,BRCA,0.9991437196731567,3.046274468943011e-05,7.447101961588487e-05,0.0007513391901738942
TCGA:BRCA:TCGA-OL-A5D7-01,BRCA,BRCA,0.9965507984161377,0.0023288875818252563,0.0005399409565143287,0.0005803863168694079
TCGA:BRCA:TCGA-OL-A5D8-01,BRCA,BRCA,0.9989219903945923,0.0001869097468443215,3.0288274501799606e-05,0.0008608001517131925
TCGA:BRCA:TCGA-OL-A5DA-01,BRCA,BRCA,0.9999593496322632,1.7693575500743464e-05,9.400841008755378e-06,1.3520334505301435e-05
TCGA:BRCA:TCGA-OL-A5RU-01,BRCA,BRCA,0.9997367262840271,0.0001247389445779845,7.853850547689945e-05,6.0029949963791296e-05
TCGA:BRCA:TCGA-OL-A5RV-01,BRCA,BRCA,0.9999209642410278,1.1215676749998238e-05,1.0438270692247897e-05,5.735166632803157e-05
TCGA:BRCA:TCGA-OL-A5RW-01,BRCA,BRCA,0.9969731569290161,0.0005626367055810988,0.0018261445220559835,0.0006379939732141793
TCGA:BRCA:TCGA-OL-A5RX-01,BRCA,BRCA,0.999901533126831,6.66814867145149e-06,2.1001009372412227e-05,7.083103992044926e-05
TCGA:BRCA:TCGA-OL-A5RY-01,BRCA,BRCA,0.6719532608985901,0.045337773859500885,0.07051313668489456,0.21219579875469208
TCGA:BRCA:TCGA-OL-A5RZ-01,BRCA,BRCA,0.9711389541625977,0.00036437978269532323,0.003177533159032464,0.025319138541817665
TCGA:BRCA:TCGA-OL-A5S0-01,BRCA,BRCA,0.9969013929367065,0.0007320268196053803,0.0005727103562094271,0.0017939013196155429
TCGA:BRCA:TCGA-OL-A66H-01,BRCA,BRCA,0.999925971031189,8.741421879676636e-06,3.496235513011925e-05,3.0378456358448602e-05
TCGA:BRCA:TCGA-OL-A66I-01,BRCA,BRCA,0.9976939558982849,0.00012649975542444736,0.001540587400086224,0.000638951372820884
TCGA:BRCA:TCGA-OL-A66J-01,BRCA,BRCA,0.9999462366104126,1.2844037883041892e-05,1.3282801774039399e-05,2.7665048037306406e-05
TCGA:BRCA:TCGA-OL-A66K-01,BRCA,BRCA,0.9998224377632141,4.159588206675835e-05,2.574177415226586e-05,0.00011023877596016973
TCGA:BRCA:TCGA-OL-A66L-01,BRCA,BRCA,0.9990928173065186,0.00021361798280850053,9.706208948045969e-05,0.0005965317250229418
TCGA:BRCA:TCGA-OL-A66N-01,BRCA,BRCA,0.9996744394302368,3.2792358979349956e-05,5.048267848906107e-05,0.000242336027440615
TCGA:BRCA:TCGA-OL-A66O-01,BRCA,BRCA,0.9983975291252136,0.0002201302704634145,0.0005816917400807142,0.0008006279240362346
TCGA:BRCA:TCGA-OL-A66P-01,BRCA,BRCA,0.9623660445213318,0.005318860523402691,0.02194792777299881,0.010367156006395817
TCGA:BRCA:TCGA-OL-A6VO-01,BRCA,BRCA,0.9993743300437927,0.00011876194912474602,0.00015136293950490654,0.0003555616713128984
TCGA:BRCA:TCGA-OL-A6VQ-01,BRCA,BRCA,0.9998365640640259,8.795439498499036e-05,1.4842291420791298e-05,6.0650374507531524e-05
TCGA:BRCA:TCGA-OL-A6VR-01,BRCA,BRCA,0.9999315738677979,1.0985413609887473e-05,3.7760113627882674e-05,1.969201366591733e-05
TCGA:BRCA:TCGA-OL-A97C-01,BRCA,BRCA,0.9998652935028076,2.4813956770231016e-05,4.1516104829497635e-05,6.83497273712419e-05
TCGA:BRCA:TCGA-PE-A5DC-01,BRCA,BRCA,0.9999496936798096,2.0187586414976977e-05,5.687842076440575e-06,2.4426839445368387e-05
TCGA:BRCA:TCGA-PE-A5DD-01,BRCA,BRCA,0.9998296499252319,5.023092671763152e-05,3.556221054168418e-05,8.453852933598682e-05
TCGA:BRCA:TCGA-PE-A5DE-01,BRCA,BRCA,0.9986280202865601,0.0003573377034626901,0.0001986978604691103,0.0008159686694853008
TCGA:BRCA:TCGA-PL-A8LV-01,BRCA,BRCA,0.5112525224685669,0.013344858773052692,0.010844477452337742,0.46455812454223633
TCGA:BRCA:TCGA-PL-A8LX-01,BRCA,BRCA,0.9997815489768982,4.171311593381688e-05,9.09153968677856e-05,8.579880523029715e-05
TCGA:BRCA:TCGA-PL-A8LY-01,BRCA,BRCA,0.997319757938385,0.0003796571691054851,0.0011583224404603243,0.0011422245297580957
TCGA:BRCA:TCGA-PL-A8LZ-01,BRCA,BRCA,0.9787423610687256,0.00016172195319086313,0.0006855096435174346,0.02041039802134037
TCGA:BRCA:TCGA-S3-A6ZF-01,BRCA,BRCA,0.9999092817306519,1.163549313787371e-05,1.4647414900537115e-05,6.441384903155267e-05
TCGA:BRCA:TCGA-S3-A6ZG-01,BRCA,BRCA,0.999500036239624,0.00021253596059978008,8.493816858390346e-05,0.00020242200116626918
TCGA:BRCA:TCGA-S3-A6ZH-01,BRCA,BRCA,0.9984672665596008,3.8287078496068716e-05,0.000958034535869956,0.0005363631062209606
TCGA:BRCA:TCGA-S3-AA0Z-01,BRCA,BRCA,0.998318076133728,0.00017505843425169587,0.0007731339428573847,0.0007338029681704938
TCGA:BRCA:TCGA-S3-AA10-01,BRCA,BRCA,0.6573631763458252,0.0759669840335846,0.07527954131364822,0.19139030575752258
TCGA:BRCA:TCGA-S3-AA11-01,BRCA,BRCA,0.9956484436988831,0.00014099811960477382,0.00015450963110197335,0.00405602203682065
TCGA:BRCA:TCGA-S3-AA12-01,BRCA,BRCA,0.9997748732566833,2.5952605938073248e-05,8.095388329820707e-05,0.00011826106492662802
TCGA:BRCA:TCGA-S3-AA14-01,BRCA,BRCA,0.9999456405639648,1.8873848603107035e-05,2.740815034485422e-05,8.047605660976842e-06
TCGA:BRCA:TCGA-S3-AA15-01,BRCA,LSCC,0.3182532489299774,0.0020667454227805138,0.4592483341693878,0.22043165564537048
TCGA:BRCA:TCGA-S3-AA17-01,BRCA,BRCA,0.9997738003730774,3.29960894305259e-05,9.104206401389092e-05,0.0001021953285089694
TCGA:BRCA:TCGA-UL-AAZ6-01,BRCA,BRCA,0.9917551279067993,0.0004025061207357794,0.005590378772467375,0.0022520076017826796
TCGA:BRCA:TCGA-UU-A93S-01,BRCA,BRCA,0.7754718661308289,0.0019748888444155455,0.0036222930066287518,0.2189309298992157
TCGA:BRCA:TCGA-V7-A7HQ-01,BRCA,BRCA,0.9996688365936279,0.0001634199870750308,4.537840504781343e-05,0.0001223525032401085
TCGA:BRCA:TCGA-W8-A86G-01,BRCA,BRCA,0.999737560749054,4.701637590187602e-05,7.068367267493159e-05,0.00014468353765551
TCGA:BRCA:TCGA-WT-AB41-01,BRCA,BRCA,0.9988287091255188,0.00024179503088817,0.00045643720659427345,0.00047300755977630615
TCGA:BRCA:TCGA-WT-AB44-01,BRCA,BRCA,0.9998664855957031,2.4661514544277452e-05,3.7829526263521984e-05,7.105574331944808e-05
TCGA:BRCA:TCGA-XX-A899-01,BRCA,BRCA,0.9998121857643127,1.701327164482791e-05,7.497428305214271e-05,9.579485049471259e-05
TCGA:BRCA:TCGA-XX-A89A-01,BRCA,BRCA,0.9988420605659485,0.00024610169930383563,0.00045205021160654724,0.00045982582378201187
TCGA:BRCA:TCGA-Z7-A8R5-01,BRCA,BRCA,0.994992196559906,0.0011912045301869512,0.0019245640141889453,0.0018920088186860085
TCGA:BRCA:TCGA-Z7-A8R6-01,BRCA,BRCA,0.9996681213378906,0.0001040847273543477,0.00015156056906562299,7.61969422455877e-05
TCGA:LUAD:TCGA-05-4244-01,LUAD,LUAD,2.2763504603062756e-05,1.850661647040397e-05,6.796510569984093e-05,0.9998908042907715
TCGA:LUAD:TCGA-05-4249-01,LUAD,LUAD,0.0006491527892649174,6.737242074450478e-05,0.002416684292256832,0.996866762638092
TCGA:LUAD:TCGA-05-4250-01,LUAD,LUAD,0.00022840499877929688,8.148008782882243e-05,0.0023400005884468555,0.9973500967025757
TCGA:LUAD:TCGA-05-4382-01,LUAD,LUAD,0.00023331753618549556,6.104286148911342e-05,0.0007928526611067355,0.9989128112792969
TCGA:LUAD:TCGA-05-4384-01,LUAD,LUAD,2.627696085255593e-05,1.5612118659191765e-05,0.0002167510538129136,0.9997413754463196
TCGA:LUAD:TCGA-05-4389-01,LUAD,LUAD,0.00030057464027777314,0.00011349925625836477,0.0038500018417835236,0.9957358837127686
TCGA:LUAD:TCGA-05-4390-01,LUAD,LUAD,0.004689972382038832,0.0004044304951094091,0.002560344059020281,0.9923452734947205
TCGA:LUAD:TCGA-05-4395-01,LUAD,LUAD,0.00018305325647816062,0.00011703828204190359,0.001997079001739621,0.9977028965950012
TCGA:LUAD:TCGA-05-4396-01,LUAD,LUAD,0.0007170482422225177,2.160055191779975e-05,0.00023506319848820567,0.9990262985229492
TCGA:LUAD:TCGA-05-4397-01,LUAD,BRCA,0.5227349400520325,0.007762324996292591,0.24529308080673218,0.22420965135097504
TCGA:LUAD:TCGA-05-4398-01,LUAD,LUAD,0.0005115211242809892,7.130063022486866e-05,0.0014241248136386275,0.9979931116104126
TCGA:LUAD:TCGA-05-4402-01,LUAD,LUAD,9.119303285842761e-05,2.0126530216657557e-05,0.0002633779658935964,0.9996253252029419
TCGA:LUAD:TCGA-05-4403-01,LUAD,LUAD,0.000368194974726066,0.00035678193671628833,0.00046823197044432163,0.9988068342208862
TCGA:LUAD:TCGA-05-4405-01,LUAD,LUAD,0.0007478430634364486,1.1359902600815985e-05,4.8138048441614956e-05,0.9991926550865173
TCGA:LUAD:TCGA-05-4410-01,LUAD,LUAD,0.0008025689166970551,5.284278086037375e-05,0.0002607908099889755,0.9988837838172913
TCGA:LUAD:TCGA-05-4415-01,LUAD,LUAD,0.0012459580320864916,0.0004611430340446532,0.0004620919353328645,0.9978308081626892
TCGA:LUAD:TCGA-05-4417-01,LUAD,LUAD,4.533656101557426e-05,1.293064451601822e-05,5.290114495437592e-05,0.9998887777328491
TCGA:LUAD:TCGA-05-4418-01,LUAD,LUAD,6.067142021493055e-05,0.00014694621495436877,0.002124892082065344,0.9976674914360046
TCGA:LUAD:TCGA-05-4420-01,LUAD,LUAD,0.002974077593535185,0.00019144955149386078,0.001551379798911512,0.9952830672264099
TCGA:LUAD:TCGA-05-4422-01,LUAD,LUAD,0.00015086677740328014,1.609303944860585e-05,0.0023999186232686043,0.9974331259727478
TCGA:LUAD:TCGA-05-4424-01,LUAD,LUAD,0.004924910143017769,3.9511898648925126e-05,0.0003014980466105044,0.9947340488433838
TCGA:LUAD:TCGA-05-4425-01,LUAD,LUAD,3.025583464477677e-05,1.7772821593098342e-05,0.00020253739785403013,0.999749481678009
TCGA:LUAD:TCGA-05-4426-01,LUAD,LUAD,0.0005761273787356913,0.0004585147544275969,0.0011259069433435798,0.9978394508361816
TCGA:LUAD:TCGA-05-4427-01,LUAD,LUAD,0.0017607348272576928,4.237224129610695e-05,0.00011159894347656518,0.9980852603912354
TCGA:LUAD:TCGA-05-4430-01,LUAD,LUAD,0.00020387308904901147,6.128962559159845e-05,0.0003147840325254947,0.9994200468063354
TCGA:LUAD:TCGA-05-4432-01,LUAD,LUAD,0.004322292748838663,7.263901352416724e-05,0.0013829621020704508,0.994222104549408
TCGA:LUAD:TCGA-05-4433-01,LUAD,LUAD,0.0005574806709773839,0.00023828785924706608,0.0003990247205365449,0.9988051652908325
TCGA:LUAD:TCGA-05-4434-01,LUAD,LUAD,0.0017847558483481407,0.0008964342414401472,0.041591234505176544,0.9557275176048279
TCGA:LUAD:TCGA-05-5423-01,LUAD,LUAD,0.0002885175636038184,1.6938756743911654e-05,7.758667197776958e-05,0.9996169805526733
TCGA:LUAD:TCGA-05-5425-01,LUAD,LUAD,0.0003047505160793662,5.811347728013061e-05,0.022443542256951332,0.9771935939788818
TCGA:LUAD:TCGA-05-5428-01,LUAD,LUAD,0.0007239244878292084,9.705077536636963e-05,0.01431257463991642,0.9848664402961731
TCGA:LUAD:TCGA-05-5429-01,LUAD,LUAD,8.36249309941195e-05,5.6286480685230345e-05,0.00017190449580084532,0.9996881484985352
TCGA:LUAD:TCGA-05-5715-01,LUAD,LUAD,2.9691420422750525e-05,4.019786138087511e-05,6.581966590601951e-05,0.9998642206192017
TCGA:LUAD:TCGA-35-3615-01,LUAD,LUAD,0.0001055181201081723,1.84237851499347e-05,0.00013277781545184553,0.9997432827949524
TCGA:LUAD:TCGA-35-4122-01,LUAD,LUAD,0.0015634342562407255,0.0037854963447898626,0.10612977296113968,0.8885213136672974
TCGA:LUAD:TCGA-35-4123-01,LUAD,LUAD,0.0005971034406684339,0.00013858974853064865,0.004295861814171076,0.9949684739112854
TCGA:LUAD:TCGA-35-5375-01,LUAD,LSCC,0.03492949530482292,0.0036685182712972164,0.8356893658638,0.12571264803409576
TCGA:LUAD:TCGA-38-4625-01,LUAD,LUAD,0.251102477312088,0.030478812754154205,0.0985172763466835,0.6199014186859131
TCGA:LUAD:TCGA-38-4626-01,LUAD,LUAD,8.699545287527144e-05,6.896570994285867e-05,0.0003736110229510814,0.9994704127311707
TCGA:LUAD:TCGA-38-4627-01,LUAD,LUAD,0.003971614874899387,0.0008117813267745078,0.02257944829761982,0.9726371169090271
TCGA:LUAD:TCGA-38-4628-01,LUAD,LUAD,0.0034280542749911547,0.00027644573128782213,0.00040611726581119,0.9958893656730652
TCGA:LUAD:TCGA-38-4631-01,LUAD,LSCC,0.00043116926099173725,0.0003735140198841691,0.6978750228881836,0.30132025480270386
TCGA:LUAD:TCGA-38-4632-01,LUAD,LUAD,0.00022167639690451324,9.830500493990257e-05,0.005002100020647049,0.9946779012680054
TCGA:LUAD:TCGA-38-6178-01,LUAD,LUAD,0.005000104662030935,0.0002475670480635017,0.00259295548312366,0.992159366607666
TCGA:LUAD:TCGA-38-7271-01,LUAD,LUAD,0.019465602934360504,0.003552242647856474,0.09062377363443375,0.886358380317688
TCGA:LUAD:TCGA-38-A44F-01,LUAD,LUAD,0.0004227752215228975,0.00020153728837613016,0.00037977591273374856,0.9989959597587585
TCGA:LUAD:TCGA-44-2655-01,LUAD,LUAD,6.235593900782987e-05,3.2395124435424805e-05,0.00011984500451944768,0.9997853636741638
TCGA:LUAD:TCGA-44-2656-01,LUAD,LUAD,0.0029402594082057476,0.000648725894279778,0.007870929315686226,0.9885401129722595
TCGA:LUAD:TCGA-44-2657-01,LUAD,LUAD,0.12448029220104218,0.0026694813277572393,0.06638947874307632,0.8064607381820679
TCGA:LUAD:TCGA-44-2659-01,LUAD,LUAD,0.0003476326819509268,5.810450147691881e-06,2.372220842516981e-05,0.9996228218078613
TCGA:LUAD:TCGA-44-2662-01,LUAD,LUAD,0.0017159642884507775,7.911027933005244e-05,0.000780212867539376,0.9974247217178345
TCGA:LUAD:TCGA-44-2665-01,LUAD,LUAD,9.597752068657428e-05,1.713052006380167e-05,0.0009586367523297668,0.9989282488822937
TCGA:LUAD:TCGA-44-2666-01,LUAD,LUAD,0.00017334941367153078,0.00011270986578892916,0.0007635522051714361,0.9989504218101501
TCGA:LUAD:TCGA-44-2668-01,LUAD,LUAD,0.002022641943767667,0.0006768808234483004,0.04692426696419716,0.9503762125968933
TCGA:LUAD:TCGA-44-3396-01,LUAD,LUAD,0.0001671572681516409,2.199787377321627e-05,0.001945988740772009,0.9978649020195007
TCGA:LUAD:TCGA-44-3398-01,LUAD,LUAD,0.00019577983766794205,6.10782444709912e-05,0.014684091322124004,0.9850590229034424
TCGA:LUAD:TCGA-44-3918-01,LUAD,LUAD,0.0059860930778086185,0.00015271795564331114,0.002342398976907134,0.9915187954902649
TCGA:LUAD:TCGA-44-3919-01,LUAD,LUAD,0.00016931061691138893,3.6390440072864294e-05,0.0001696743129286915,0.9996246099472046
TCGA:LUAD:TCGA-44-4112-01,LUAD,LUAD,0.0005111647769808769,4.283539965399541e-05,0.00220613949932158,0.9972398281097412
TCGA:LUAD:TCGA-44-5643-01,LUAD,LSCC,0.0003926744102500379,0.0004297020204830915,0.9990634322166443,0.00011424501280998811
TCGA:LUAD:TCGA-44-5644-01,LUAD,LUAD,0.0012334168422967196,0.00015343241102527827,0.005534695461392403,0.9930784106254578
TCGA:LUAD:TCGA-44-5645-01,LUAD,LUAD,0.0008981809369288385,2.6630106731317937e-05,0.0033080712892115116,0.9957671165466309
TCGA:LUAD:TCGA-44-6145-01,LUAD,LUAD,5.4756717872805893e-05,2.5252367777284235e-05,0.0004308629722800106,0.9994890689849854
TCGA:LUAD:TCGA-44-6146-01,LUAD,LUAD,0.0002107280888594687,3.990384720964357e-05,7.542307866970077e-05,0.9996739625930786
TCGA:LUAD:TCGA-44-6148-01,LUAD,LUAD,0.09653311222791672,0.00815287884324789,0.003336127381771803,0.8919779062271118
TCGA:LUAD:TCGA-44-6774-01,LUAD,LUAD,0.0004045384412165731,9.164780931314453e-05,0.0001442085049347952,0.999359667301178
TCGA:LUAD:TCGA-44-6775-01,LUAD,LUAD,0.00015661513316445053,3.3165841159643605e-05,0.00021102221217006445,0.9995991587638855
TCGA:LUAD:TCGA-44-6776-01,LUAD,LUAD,0.0017334220465272665,0.0002471307816449553,0.00042776833288371563,0.9975917339324951
TCGA:LUAD:TCGA-44-6777-01,LUAD,LUAD,0.14165638387203217,0.0017217362765222788,0.043049607425928116,0.8135722875595093
TCGA:LUAD:TCGA-44-6778-01,LUAD,LUAD,0.0010898279724642634,0.00020675630366895348,0.012222104705870152,0.9864813089370728
TCGA:LUAD:TCGA-44-6779-01,LUAD,LUAD,0.06709234416484833,0.004181289579719305,0.05456797033548355,0.8741583824157715
TCGA:LUAD:TCGA-44-7659-01,LUAD,LUAD,0.0004963285755366087,3.1491446861764416e-05,0.000138944000354968,0.9993332028388977
TCGA:LUAD:TCGA-44-7660-01,LUAD,LSCC,0.015377029776573181,0.00013192396727390587,0.9842157959938049,0.00027529901126399636
TCGA:LUAD:TCGA-44-7661-01,LUAD,LUAD,0.0008234999841079116,0.0007223866996355355,0.00309887551702559,0.9953552484512329
TCGA:LUAD:TCGA-44-7662-01,LUAD,LUAD,0.0009314499911852181,0.0001517140626674518,0.010369827039539814,0.9885469675064087
TCGA:LUAD:TCGA-44-7667-01,LUAD,LUAD,0.05857433006167412,0.009783830493688583,0.2696019113063812,0.6620399355888367
TCGA:LUAD:TCGA-44-7669-01,LUAD,LUAD,0.3909458816051483,0.005840390920639038,0.1278829276561737,0.47533082962036133
TCGA:LUAD:TCGA-44-7670-01,LUAD,LUAD,0.0009185539674945176,0.0009531744290143251,0.09247524291276932,0.9056530594825745
TCGA:LUAD:TCGA-44-7671-01,LUAD,LUAD,4.2540341382846236e-05,1.9269096810603514e-05,3.169051342410967e-05,0.9999065399169922
TCGA:LUAD:TCGA-44-7672-01,LUAD,LUAD,0.0005640951567329466,0.0001244298036908731,0.004217500798404217,0.9950939416885376
TCGA:LUAD:TCGA-44-8117-01,LUAD,LUAD,0.0015192092396318913,5.7765468227444217e-05,0.00010993282921845093,0.9983130693435669
TCGA:LUAD:TCGA-44-8119-01,LUAD,LUAD,0.1654214709997177,0.0004581082903314382,0.009062498807907104,0.8250579237937927
TCGA:LUAD:TCGA-44-8120-01,LUAD,LUAD,0.0004873601719737053,2.3724507627775893e-05,3.2170511985896155e-05,0.9994567036628723
TCGA:LUAD:TCGA-44-A479-01,LUAD,LUAD,0.002831315156072378,0.0002740886702667922,0.13213174045085907,0.8647628426551819
TCGA:LUAD:TCGA-44-A47A-01,LUAD,LUAD,0.00033713853918015957,0.00012514161062426865,0.0035936860367655754,0.995944082736969
TCGA:LUAD:TCGA-44-A47B-01,LUAD,LUAD,0.00012831711501348764,4.721878212876618e-05,0.0002503420691937208,0.9995741248130798
TCGA:LUAD:TCGA-44-A47G-01,LUAD,LUAD,8.897503721527755e-05,6.078858859837055e-05,0.000426672660978511,0.999423623085022
TCGA:LUAD:TCGA-44-A4SS-01,LUAD,LUAD,0.0006320386892184615,0.0006281230016611516,0.0020112369675189257,0.9967285394668579
TCGA:LUAD:TCGA-44-A4SU-01,LUAD,LUAD,0.00046804730664007366,6.775691144866869e-05,0.0003998281026724726,0.9990643858909607
TCGA:LUAD:TCGA-49-4486-01,LUAD,LUAD,0.0003711740719154477,5.256887379800901e-05,0.0001420147600583732,0.9994341731071472
TCGA:LUAD:TCGA-49-4487-01,LUAD,LUAD,0.007224868983030319,0.00035998853854835033,0.002316209487617016,0.9900988936424255
TCGA:LUAD:TCGA-49-4488-01,LUAD,LUAD,0.0005565550527535379,0.00010734444367699325,0.0025795463006943464,0.9967564940452576
TCGA:LUAD:TCGA-49-4490-01,LUAD,LUAD,0.006832439452409744,2.6111492843483575e-05,9.32948969420977e-05,0.9930481314659119
TCGA:LUAD:TCGA-49-4494-01,LUAD,LUAD,0.007340202573686838,0.0031882026232779026,0.026871873065829277,0.9625996947288513
TCGA:LUAD:TCGA-49-4501-01,LUAD,LUAD,0.0012823512079194188,0.00013331107038538903,0.0005112796789035201,0.9980729818344116
TCGA:LUAD:TCGA-49-4505-01,LUAD,LUAD,0.00038012248114682734,3.622775693656877e-05,0.00027284916723147035,0.9993108510971069
TCGA:LUAD:TCGA-49-4506-01,LUAD,LUAD,0.0018074358813464642,0.00726913008838892,0.023646991699934006,0.967276394367218
TCGA:LUAD:TCGA-49-4507-01,LUAD,LUAD,0.0006491199019365013,0.00034798489650711417,0.0012921479064971209,0.9977107048034668
TCGA:LUAD:TCGA-49-4510-01,LUAD,BRCA,0.7474626302719116,0.00016806523490231484,0.00041842329665087163,0.25195083022117615
TCGA:LUAD:TCGA-49-4512-01,LUAD,LUAD,0.0006626728572882712,9.396298264618963e-05,0.00012038145359838381,0.9991230368614197
TCGA:LUAD:TCGA-49-4514-01,LUAD,LUAD,0.0037477414589375257,0.0021356705110520124,0.0342148058116436,0.9599018096923828
TCGA:LUAD:TCGA-49-6742-01,LUAD,LUAD,4.437307143234648e-05,0.0007184764253906906,0.00010941898653982207,0.9991276860237122
TCGA:LUAD:TCGA-49-6743-01,LUAD,LUAD,0.007449062075465918,0.0017764474032446742,0.004160332027822733,0.9866141676902771
TCGA:LUAD:TCGA-49-6744-01,LUAD,LUAD,0.00011304520739940926,2.556424260546919e-05,0.000110187305836007,0.9997511506080627
TCGA:LUAD:TCGA-49-6745-01,LUAD,LUAD,0.0010564862750470638,0.0004376281285658479,0.0019595343619585037,0.9965463280677795
TCGA:LUAD:TCGA-49-6761-01,LUAD,LUAD,0.07100169360637665,0.0001499536301707849,0.00037720706313848495,0.9284711480140686
TCGA:LUAD:TCGA-49-6767-01,LUAD,LUAD,0.22792524099349976,0.0010471296263858676,0.06519410014152527,0.7058334946632385
TCGA:LUAD:TCGA-49-AAQV-01,LUAD,LUAD,0.000440532952779904,4.6012493839953095e-05,0.0005472726188600063,0.9989662170410156
TCGA:LUAD:TCGA-49-AAR0-01,LUAD,LUAD,0.00022160894877742976,2.8901173209305853e-05,0.00015818038082215935,0.9995912909507751
TCGA:LUAD:TCGA-49-AAR2-01,LUAD,LUAD,0.0005140213179402053,0.0007033692672848701,0.0026924379635602236,0.9960901141166687
TCGA:LUAD:TCGA-49-AAR3-01,LUAD,LUAD,0.001279148506000638,0.01014624536037445,0.005376861896365881,0.9831977486610413
TCGA:LUAD:TCGA-49-AAR4-01,LUAD,LUAD,0.0005121492431499064,0.00024045903410296887,0.00825195387005806,0.990995466709137
TCGA:LUAD:TCGA-49-AAR9-01,LUAD,LUAD,0.011358841322362423,0.00427177594974637,0.03842904791235924,0.9459403157234192
TCGA:LUAD:TCGA-49-AARE-01,LUAD,LUAD,0.0012787202140316367,0.0004907197435386479,0.04232688248157501,0.9559036493301392
TCGA:LUAD:TCGA-49-AARN-01,LUAD,LUAD,0.0003456255653873086,5.778748163720593e-05,0.00017135309462901205,0.9994252920150757
TCGA:LUAD:TCGA-49-AARO-01,LUAD,LUAD,0.0001511991722509265,5.405082629295066e-05,0.00046908631338737905,0.9993256330490112
TCGA:LUAD:TCGA-49-AARQ-01,LUAD,LUAD,0.014969011768698692,0.004502981435507536,0.02460295334458351,0.9559249877929688
TCGA:LUAD:TCGA-49-AARR-01,LUAD,LUAD,0.011339752934873104,0.0016693316865712404,0.0044267321936786175,0.9825641512870789
TCGA:LUAD:TCGA-4B-A93V-01,LUAD,LUAD,0.00043283370905555785,0.0009407598990947008,0.030719729140400887,0.967906653881073
TCGA:LUAD:TCGA-50-5044-01,LUAD,LUAD,0.09428787976503372,0.0035872410517185926,0.004758505616337061,0.8973664045333862
TCGA:LUAD:TCGA-50-5045-01,LUAD,LUAD,0.0012080520391464233,0.0008254364365711808,0.0512310266494751,0.9467354416847229
TCGA:LUAD:TCGA-50-5049-01,LUAD,LUAD,0.002080245641991496,0.0007231900817714632,0.05449359863996506,0.9427029490470886
TCGA:LUAD:TCGA-50-5051-01,LUAD,LUAD,0.00017407660197932273,2.9185792300268076e-05,0.00047241459833458066,0.9993243217468262
TCGA:LUAD:TCGA-50-5055-01,LUAD,LUAD,0.004809620324522257,0.0001118098443839699,0.0025189085863530636,0.9925596714019775
TCGA:LUAD:TCGA-50-5066-01,LUAD,LSCC,0.00975627452135086,0.006324206944555044,0.6389510631561279,0.3449684977531433
TCGA:LUAD:TCGA-50-5068-01,LUAD,LUAD,0.0034388683270663023,0.0010441887425258756,0.06075425073504448,0.9347626566886902
TCGA:LUAD:TCGA-50-5072-01,LUAD,LUAD,0.003352155676111579,0.010937283746898174,0.047689177095890045,0.9380213618278503
TCGA:LUAD:TCGA-50-5930-01,LUAD,LUAD,0.005807680543512106,0.0006990637630224228,0.008995064534246922,0.9844982028007507
TCGA:LUAD:TCGA-50-5931-01,LUAD,LSCC,0.0019090997520834208,0.00020188296912238002,0.9974556565284729,0.00043338362593203783
TCGA:LUAD:TCGA-50-5932-01,LUAD,LUAD,0.0004787685174960643,3.8639282138319686e-05,0.00010567084973445162,0.9993769526481628
TCGA:LUAD:TCGA-50-5933-01,LUAD,LUAD,0.15074926614761353,0.0029781742487102747,0.036668747663497925,0.8096038103103638
TCGA:LUAD:TCGA-50-5935-01,LUAD,LUAD,7.64100841479376e-05,2.1296567865647376e-05,0.0001435260201105848,0.999758780002594
TCGA:LUAD:TCGA-50-5936-01,LUAD,LUAD,5.9458438045112416e-05,0.0006204075179994106,0.0001349449739791453,0.9991851449012756
TCGA:LUAD:TCGA-50-5939-01,LUAD,LUAD,2.3908321963972412e-05,9.397588291903958e-05,0.00019387352222111076,0.9996882677078247
TCGA:LUAD:TCGA-50-5941-01,LUAD,LUAD,0.00017551473865751177,2.435320675431285e-05,9.236265759682283e-05,0.9997077584266663
TCGA:LUAD:TCGA-50-5942-01,LUAD,LUAD,0.000436907634139061,3.675717016449198e-05,0.0002931687340606004,0.9992331266403198
TCGA:LUAD:TCGA-50-5944-01,LUAD,LUAD,0.09185556322336197,0.001258445787243545,0.0030591930262744427,0.9038267731666565
TCGA:LUAD:TCGA-50-5946-01,LUAD,LUAD,0.24138756096363068,0.006973777897655964,0.06757616251707077,0.6840625405311584
TCGA:LUAD:TCGA-50-6590-01,LUAD,LSCC,0.146368607878685,0.015017790719866753,0.8080059885978699,0.030607672408223152
TCGA:LUAD:TCGA-50-6591-01,LUAD,BRCA,0.935640275478363,0.001148620736785233,0.0065552787855267525,0.05665583163499832
TCGA:LUAD:TCGA-50-6592-01,LUAD,LUAD,8.102881838567555e-05,4.681308564613573e-05,0.0014423929387703538,0.9984297156333923
TCGA:LUAD:TCGA-50-6593-01,LUAD,LUAD,0.00011128875485155731,6.800895789638162e-05,0.0001232030481332913,0.9996975660324097
TCGA:LUAD:TCGA-50-6594-01,LUAD,LUAD,0.0005372600280679762,8.755728777032346e-05,0.0008593353559263051,0.9985159039497375
TCGA:LUAD:TCGA-50-6595-01,LUAD,LUAD,0.0053436048328876495,0.002039404818788171,0.06222043186426163,0.930396556854248
TCGA:LUAD:TCGA-50-6597-01,LUAD,LUAD,0.0004956741468049586,6.769394531147555e-05,7.769146759528667e-05,0.9993589520454407
TCGA:LUAD:TCGA-50-6673-01,LUAD,LUAD,0.00025165476836264133,8.340339263668284e-05,4.2218562157358974e-05,0.9996227025985718
TCGA:LUAD:TCGA-50-7109-01,LUAD,LUAD,0.0786740630865097,0.00023838342167437077,0.07615000754594803,0.8449375629425049
TCGA:LUAD:TCGA-50-8457-01,LUAD,LUAD,0.00037103999056853354,7.528841524617746e-05,0.0004894858575426042,0.9990641474723816
TCGA:LUAD:TCGA-50-8459-01,LUAD,LUAD,0.001884054858237505,0.0004036585451103747,0.001315218978561461,0.996397078037262
TCGA:LUAD:TCGA-50-8460-01,LUAD,LUAD,0.00010285738244419917,1.7605854736757465e-05,0.003806767286732793,0.9960727691650391
TCGA:LUAD:TCGA-53-7624-01,LUAD,LUAD,0.004628209862858057,0.00249300105497241,0.18239779770374298,0.8104810118675232
TCGA:LUAD:TCGA-53-7626-01,LUAD,LUAD,0.002466552658006549,0.00044535452616401017,0.0014894969062879682,0.995598554611206
TCGA:LUAD:TCGA-53-7813-01,LUAD,LUAD,0.00029551517218351364,8.404413165408187e-06,0.0004028749535791576,0.9992932081222534
TCGA:LUAD:TCGA-53-A4EZ-01,LUAD,LUAD,0.00026493563200347126,0.0006602752255275846,0.02416324056684971,0.9749115705490112
TCGA:LUAD:TCGA-55-1592-01,LUAD,LUAD,9.94552974589169e-05,5.681139555235859e-06,5.614783731289208e-05,0.9998387098312378
TCGA:LUAD:TCGA-55-1594-01,LUAD,LUAD,0.010168301872909069,0.00026843996602110565,0.15171080827713013,0.837852418422699
TCGA:LUAD:TCGA-55-1595-01,LUAD,LUAD,0.005604370031505823,3.1859439332038164e-05,0.00037220740341581404,0.9939915537834167
TCGA:LUAD:TCGA-55-1596-01,LUAD,LUAD,0.0032810939010232687,0.001411503879353404,0.011346605606377125,0.983960747718811
TCGA:LUAD:TCGA-55-5899-01,LUAD,LUAD,0.07080114632844925,0.016824960708618164,0.22286133468151093,0.6895126104354858
TCGA:LUAD:TCGA-55-6543-01,LUAD,LUAD,0.0002194685221184045,4.3852698581758887e-05,9.968741505872458e-05,0.9996370077133179
TCGA:LUAD:TCGA-55-6642-01,LUAD,LUAD,0.0019535059109330177,3.408225893508643e-05,0.00022434092534240335,0.9977880716323853
TCGA:LUAD:TCGA-55-6712-01,LUAD,LUAD,0.022290363907814026,0.0003279594238847494,0.0009057192946784198,0.9764759540557861
TCGA:LUAD:TCGA-55-6968-01,LUAD,LUAD,0.06098364666104317,0.0020391293801367283,0.08266598731279373,0.8543112874031067
TCGA:LUAD:TCGA-55-6969-01,LUAD,LUAD,0.20917434990406036,0.00036119192373007536,0.06054464355111122,0.7299198508262634
TCGA:LUAD:TCGA-55-6970-01,LUAD,LUAD,0.00027292282902635634,2.501097333151847e-05,0.0005930913030169904,0.9991089701652527
TCGA:LUAD:TCGA-55-6971-01,LUAD,LUAD,0.00014804750389885157,3.936555003747344e-05,0.0013462433125823736,0.9984663724899292
TCGA:LUAD:TCGA-55-6972-01,LUAD,LUAD,0.10165287554264069,0.0003203100059181452,0.0011481697438284755,0.8968786001205444
TCGA:LUAD:TCGA-55-6975-01,LUAD,LUAD,0.004832166712731123,0.0003325512516312301,0.0019385440973564982,0.9928967356681824
TCGA:LUAD:TCGA-55-6978-01,LUAD,LUAD,0.0011161570437252522,0.00012141610204707831,0.000541598885320127,0.9982208609580994
TCGA:LUAD:TCGA-55-6979-01,LUAD,LUAD,0.004598441068083048,0.0008095101220533252,0.0032912774477154016,0.9913007616996765
TCGA:LUAD:TCGA-55-6980-01,LUAD,LUAD,0.0003268931759521365,5.6817276345100254e-05,0.00017890246817842126,0.9994373917579651
TCGA:LUAD:TCGA-55-6981-01,LUAD,LUAD,8.281687769340351e-05,1.612849155208096e-05,5.229196176514961e-05,0.9998487234115601
TCGA:LUAD:TCGA-55-6982-01,LUAD,LUAD,1.1748612450901419e-05,9.398773727298249e-06,0.00011354836169630289,0.9998652935028076
TCGA:LUAD:TCGA-55-6983-01,LUAD,LUAD,0.0004293314414098859,2.466601290507242e-05,7.011417619651183e-05,0.99947589635849
TCGA:LUAD:TCGA-55-6984-01,LUAD,LUAD,0.00016811919340398163,0.0001079657013178803,0.0004860873450525105,0.9992378950119019
TCGA:LUAD:TCGA-55-6985-01,LUAD,LUAD,5.520924605662003e-05,3.229319554520771e-05,0.00030411776970140636,0.9996084570884705
TCGA:LUAD:TCGA-55-6986-01,LUAD,BRCA,0.6440938711166382,0.00576668931171298,0.008481279015541077,0.34165817499160767
TCGA:LUAD:TCGA-55-6987-01,LUAD,LUAD,0.035887524485588074,5.837290154886432e-05,0.00117942423094064,0.962874710559845
TCGA:LUAD:TCGA-55-7227-01,LUAD,LUAD,2.1083644242025912e-05,2.2241812985157594e-05,0.00021730945445597172,0.9997393488883972
TCGA:LUAD:TCGA-55-7281-01,LUAD,LUAD,0.004735324066132307,0.0014571580104529858,0.006778589449822903,0.987028956413269
TCGA:LUAD:TCGA-55-7283-01,LUAD,LUAD,0.001034329179674387,3.795767406700179e-05,0.00010745227336883545,0.9988202452659607
TCGA:LUAD:TCGA-55-7284-01,LUAD,LUAD,0.00015053585229907185,3.7194768083281815e-05,6.941452738828957e-05,0.9997428059577942
TCGA:LUAD:TCGA-55-7570-01,LUAD,LUAD,0.008103718049824238,0.008659139275550842,0.1200893223285675,0.8631477952003479
TCGA:LUAD:TCGA-55-7573-01,LUAD,LUAD,0.0009017634438350797,8.982413419289514e-05,0.001682095811702311,0.9973262548446655
TCGA:LUAD:TCGA-55-7574-01,LUAD,LUAD,0.00028618014766834676,5.536966637009755e-05,0.0005557763506658375,0.9991027116775513
TCGA:LUAD:TCGA-55-7576-01,LUAD,LUAD,2.88336887024343e-05,1.274535316042602e-05,5.948321268078871e-05,0.9998989105224609
TCGA:LUAD:TCGA-55-7724-01,LUAD,LSCC,0.011732294224202633,0.0003447594353929162,0.9860427975654602,0.001880182302556932
TCGA:LUAD:TCGA-55-7725-01,LUAD,LUAD,0.004929985385388136,1.650642298045568e-05,0.00012498541036620736,0.9949285984039307
TCGA:LUAD:TCGA-55-7726-01,LUAD,LSCC,0.02526901662349701,0.0006518978625535965,0.9245032668113708,0.04957583174109459
TCGA:LUAD:TCGA-55-7727-01,LUAD,LUAD,0.0002856624487321824,1.8102506146533415e-05,0.00018233084119856358,0.9995138645172119
TCGA:LUAD:TCGA-55-7728-01,LUAD,LUAD,0.0029310251120477915,0.002989819273352623,0.008202963508665562,0.9858762621879578
TCGA:LUAD:TCGA-55-7815-01,LUAD,LUAD,0.029461488127708435,0.00017359490448143333,0.0025755856186151505,0.9677892923355103
TCGA:LUAD:TCGA-55-7816-01,LUAD,LUAD,0.02738243155181408,0.00043945308425463736,0.0032402637880295515,0.9689379334449768
TCGA:LUAD:TCGA-55-7903-01,LUAD,LUAD,0.0020701454486697912,0.0001388463278999552,0.000293903227429837,0.9974971413612366
TCGA:LUAD:TCGA-55-7907-01,LUAD,LUAD,5.272119597066194e-05,1.6806139683467336e-05,6.544704228872433e-05,0.9998650550842285
TCGA:LUAD:TCGA-55-7910-01,LUAD,LUAD,0.014360039494931698,0.0002523631264921278,0.05067453160881996,0.9347131252288818
TCGA:LUAD:TCGA-55-7911-01,LUAD,LUAD,0.00030889196204952896,2.373524330323562e-05,0.0003990400000475347,0.9992683529853821
TCGA:LUAD:TCGA-55-7913-01,LUAD,LUAD,0.0003074115957133472,4.934315074933693e-05,0.0004476401081774384,0.9991956353187561
TCGA:LUAD:TCGA-55-7914-01,LUAD,LUAD,0.00014484171697404236,1.2926700946991332e-05,5.533481453312561e-05,0.999786913394928
TCGA:LUAD:TCGA-55-7994-01,LUAD,LUAD,0.002731571439653635,4.325451300246641e-05,0.003251756774261594,0.993973433971405
TCGA:LUAD:TCGA-55-7995-01,LUAD,LUAD,0.00595424510538578,0.009887989610433578,0.2129933387041092,0.7711644172668457
TCGA:LUAD:TCGA-55-8085-01,LUAD,LUAD,2.9656886908924207e-05,1.0213386303803418e-05,0.00015239445201586932,0.9998077750205994
TCGA:LUAD:TCGA-55-8087-01,LUAD,LUAD,0.0037044628988951445,1.3197229236538988e-05,2.849517113645561e-05,0.9962538480758667
TCGA:LUAD:TCGA-55-8089-01,LUAD,LUAD,0.0008500231197103858,0.0003391230711713433,0.04392540827393532,0.9548854827880859
TCGA:LUAD:TCGA-55-8090-01,LUAD,LUAD,0.00013528142881114036,0.0001001011478365399,0.000403148791519925,0.9993614554405212
TCGA:LUAD:TCGA-55-8091-01,LUAD,LUAD,9.846853208728135e-05,6.429272616514936e-05,0.004382290877401829,0.9954549074172974
TCGA:LUAD:TCGA-55-8092-01,LUAD,LUAD,0.04480922594666481,0.00042669157846830785,0.008298663422465324,0.9464653730392456
TCGA:LUAD:TCGA-55-8094-01,LUAD,LUAD,0.00394141860306263,0.0011575632961466908,0.04249107837677002,0.9524099826812744
TCGA:LUAD:TCGA-55-8096-01,LUAD,LUAD,0.0001776864955900237,0.00011074951908085495,0.0014888920122757554,0.9982226490974426
TCGA:LUAD:TCGA-55-8097-01,LUAD,LUAD,0.06595101207494736,1.0116989869857207e-05,0.00023453301400877535,0.9338043332099915
TCGA:LUAD:TCGA-55-8203-01,LUAD,LUAD,0.0016318492125719786,2.4059459974523634e-05,0.000315489451168105,0.998028576374054
TCGA:LUAD:TCGA-55-8204-01,LUAD,LSCC,8.292873098980635e-05,0.0013911047717556357,0.997650682926178,0.0008752360590733588
TCGA:LUAD:TCGA-55-8205-01,LUAD,LUAD,0.026614960283041,0.0016369018703699112,0.19161711633205414,0.7801309823989868
TCGA:LUAD:TCGA-55-8206-01,LUAD,LUAD,0.00045949179911985993,2.13356706808554e-05,0.0001640285918256268,0.999355137348175
TCGA:LUAD:TCGA-55-8207-01,LUAD,LUAD,0.00019287806935608387,2.6103109121322632e-05,8.696597797097638e-05,0.9996941089630127
TCGA:LUAD:TCGA-55-8208-01,LUAD,LUAD,0.00021707822452299297,0.0004850626573897898,0.014546656981110573,0.9847512245178223
TCGA:LUAD:TCGA-55-8299-01,LUAD,LUAD,0.00018091277161147445,7.279734563780949e-05,0.0009557170560583472,0.9987905621528625
TCGA:LUAD:TCGA-55-8301-01,LUAD,LUAD,0.0021172151900827885,0.00038811092963442206,0.05519144982099533,0.9423032999038696
TCGA:LUAD:TCGA-55-8302-01,LUAD,LUAD,6.863208545837551e-05,0.00017475130152888596,0.0012912164675071836,0.9984654188156128
TCGA:LUAD:TCGA-55-8505-01,LUAD,LUAD,5.040257383370772e-05,0.00012444621825125068,0.0005140562425367534,0.999311089515686
TCGA:LUAD:TCGA-55-8506-01,LUAD,LUAD,0.0007090720464475453,0.00014422966341953725,0.0038427934050559998,0.9953038692474365
TCGA:LUAD:TCGA-55-8507-01,LUAD,LUAD,0.00022052862914279103,1.9580980733735487e-05,4.9621568905422464e-05,0.9997102618217468
TCGA:LUAD:TCGA-55-8508-01,LUAD,LUAD,0.00015474160318262875,1.0580932212178595e-05,0.001075394102372229,0.9987592697143555
TCGA:LUAD:TCGA-55-8510-01,LUAD,LUAD,4.5791974116582423e-05,4.484174132812768e-05,0.0004719974531326443,0.9994373917579651
TCGA:LUAD:TCGA-55-8511-01,LUAD,LUAD,0.0006855565588921309,0.00038021549698896706,0.016653267666697502,0.982280969619751
TCGA:LUAD:TCGA-55-8512-01,LUAD,LUAD,0.00029641963192261755,0.0003470742085482925,0.00024775502970442176,0.9991087317466736
TCGA:LUAD:TCGA-55-8513-01,LUAD,LUAD,0.0017673748079687357,0.0006473070243373513,0.0011735634179785848,0.9964117407798767
TCGA:LUAD:TCGA-55-8514-01,LUAD,LUAD,0.00015661821817047894,0.00013941926590632647,0.0020584494341164827,0.9976455569267273
TCGA:LUAD:TCGA-55-8614-01,LUAD,LSCC,0.00011061142868129537,0.00026672243257053196,0.9989595413208008,0.0006630928837694228
TCGA:LUAD:TCGA-55-8615-01,LUAD,LUAD,0.016881689429283142,0.00041448333649896085,0.011883099563419819,0.9708207845687866
TCGA:LUAD:TCGA-55-8616-01,LUAD,LUAD,0.00017593383381608874,1.2952661563758738e-05,7.401861512335017e-05,0.9997370839118958
TCGA:LUAD:TCGA-55-8619-01,LUAD,LUAD,0.00024570515961386263,0.00035099670640192926,0.0011848615249618888,0.9982183575630188
TCGA:LUAD:TCGA-55-8620-01,LUAD,LSCC,0.08300714939832687,0.005654764827340841,0.6853547692298889,0.22598335146903992
TCGA:LUAD:TCGA-55-8621-01,LUAD,LUAD,0.00010973477765219286,7.644622382940724e-05,0.0008558701956644654,0.9989579916000366
TCGA:LUAD:TCGA-55-A48X-01,LUAD,LUAD,7.753911631880328e-05,1.298738152399892e-05,6.654357275692746e-05,0.9998428821563721
TCGA:LUAD:TCGA-55-A48Y-01,LUAD,LUAD,0.004491557367146015,0.00027003473951481283,0.0011138753034174442,0.9941245913505554
TCGA:LUAD:TCGA-55-A48Z-01,LUAD,LUAD,0.0008778802002780139,0.00016992795281112194,0.001351015642285347,0.9976012110710144
TCGA:LUAD:TCGA-55-A490-01,LUAD,LUAD,0.066341832280159,0.0022098731715232134,0.024920159950852394,0.906528115272522
TCGA:LUAD:TCGA-55-A491-01,LUAD,LUAD,0.0003448624047450721,5.537407923839055e-05,0.0009166533127427101,0.9986831545829773
TCGA:LUAD:TCGA-55-A492-01,LUAD,LUAD,0.00045613895053975284,2.3954817152116448e-05,0.00012701099331025034,0.9993928670883179
TCGA:LUAD:TCGA-55-A493-01,LUAD,LSCC,0.0005994396051391959,0.000330505077727139,0.6749371290206909,0.32413291931152344
TCGA:LUAD:TCGA-55-A494-01,LUAD,LUAD,0.00013025962107349187,2.7372208933229558e-05,0.00014456248027272522,0.9996978044509888
TCGA:LUAD:TCGA-55-A4DF-01,LUAD,LUAD,0.04169148951768875,0.004352375864982605,0.3799983561038971,0.5739578008651733
TCGA:LUAD:TCGA-55-A4DG-01,LUAD,LUAD,0.02374216914176941,0.00019720257841981947,0.0005013990448787808,0.9755591750144958
TCGA:LUAD:TCGA-55-A57B-01,LUAD,LUAD,0.011003284715116024,0.0005299725453369319,0.0022335615940392017,0.986233115196228
TCGA:LUAD:TCGA-62-8394-01,LUAD,LUAD,0.00036920717684552073,0.0004748039355035871,0.0006328367744572461,0.9985231757164001
TCGA:LUAD:TCGA-62-8395-01,LUAD,LUAD,2.496884007996414e-05,1.8091481251758523e-05,4.3358832044759765e-05,0.9999135732650757
TCGA:LUAD:TCGA-62-8397-01,LUAD,LUAD,4.7977959184208885e-05,3.977912456321064e-06,1.940848960657604e-05,0.9999285936355591
TCGA:LUAD:TCGA-62-8398-01,LUAD,LUAD,6.343064160319045e-05,0.00023176003014668822,0.02141156606376171,0.978293240070343
TCGA:LUAD:TCGA-62-8399-01,LUAD,LUAD,0.00010494970047147945,6.027581912348978e-05,0.000622203282546252,0.9992125034332275
TCGA:LUAD:TCGA-62-8402-01,LUAD,LUAD,0.008318440057337284,0.0009533155243843794,0.020695628598332405,0.9700325727462769
TCGA:LUAD:TCGA-62-A46O-01,LUAD,LUAD,0.13613995909690857,0.001950895064510405,0.019349034875631332,0.8425601720809937
TCGA:LUAD:TCGA-62-A46P-01,LUAD,LUAD,0.0005275338189676404,9.45508509175852e-05,9.496917482465506e-05,0.9992830157279968
TCGA:LUAD:TCGA-62-A46R-01,LUAD,LUAD,5.697661981685087e-05,8.709435860509984e-06,5.8755656937137246e-05,0.999875545501709
TCGA:LUAD:TCGA-62-A46S-01,LUAD,LUAD,0.0004007877432741225,1.4075730177864898e-05,6.368473987095058e-05,0.9995214939117432
TCGA:LUAD:TCGA-62-A46U-01,LUAD,LUAD,0.0013061986537650228,0.00015805268776603043,0.0049558235332369804,0.9935799837112427
TCGA:LUAD:TCGA-62-A46V-01,LUAD,LUAD,0.00031189818400889635,1.910671744553838e-05,5.9666515880962834e-05,0.9996094107627869
TCGA:LUAD:TCGA-62-A46Y-01,LUAD,LUAD,2.5127828848781064e-05,1.5275067198672332e-05,8.64047251525335e-05,0.999873161315918
TCGA:LUAD:TCGA-62-A470-01,LUAD,LUAD,3.659291542135179e-05,1.7566717360750772e-05,9.229617717210203e-05,0.9998534917831421
TCGA:LUAD:TCGA-62-A471-01,LUAD,LUAD,0.0002878194791264832,0.0016473336145281792,0.12111339718103409,0.8769514560699463
TCGA:LUAD:TCGA-62-A472-01,LUAD,LUAD,0.0009466870687901974,0.0002429918822599575,0.0009742133552208543,0.997836172580719
TCGA:LUAD:TCGA-64-1676-01,LUAD,LUAD,0.00026624862221069634,4.8664765927242115e-05,0.000582048436626792,0.9991030693054199
TCGA:LUAD:TCGA-64-1677-01,LUAD,LUAD,0.002039048122242093,0.00014657952124252915,0.006164634134620428,0.9916497468948364
TCGA:LUAD:TCGA-64-1678-01,LUAD,LUAD,0.0020456481724977493,0.0021912544034421444,0.2516128718852997,0.7441502809524536
TCGA:LUAD:TCGA-64-1679-01,LUAD,LUAD,0.0003713722981046885,0.0001455403253203258,0.050569746643304825,0.9489132761955261
TCGA:LUAD:TCGA-64-1680-01,LUAD,LUAD,0.0005257403245195746,5.90575800742954e-05,0.002140951342880726,0.9972742199897766
TCGA:LUAD:TCGA-64-1681-01,LUAD,LUAD,0.00014033724437467754,1.668162440182641e-05,8.638270810479298e-05,0.9997566342353821
TCGA:LUAD:TCGA-64-5774-01,LUAD,LUAD,0.0005072829662822187,4.5685432269237936e-05,0.004957910627126694,0.9944890737533569
TCGA:LUAD:TCGA-64-5775-01,LUAD,BRCA,0.8398945331573486,0.011393950320780277,0.01940206065773964,0.12930941581726074
TCGA:LUAD:TCGA-64-5778-01,LUAD,LUAD,0.004969626199454069,8.667264046380296e-05,0.0009269585134461522,0.9940167665481567
TCGA:LUAD:TCGA-64-5779-01,LUAD,LUAD,0.043566424399614334,0.000572271877899766,0.12735673785209656,0.8285045623779297
TCGA:LUAD:TCGA-64-5781-01,LUAD,LUAD,0.0005265864310786128,0.0007446216768585145,0.0028762381989508867,0.9958525896072388
TCGA:LUAD:TCGA-64-5815-01,LUAD,LUAD,0.0037032885011285543,0.0014188792556524277,0.009669486433267593,0.9852083921432495
TCGA:LUAD:TCGA-67-3770-01,LUAD,LUAD,0.00014027630095370114,4.786312274518423e-05,0.0021054623648524284,0.997706413269043
TCGA:LUAD:TCGA-67-3771-01,LUAD,LUAD,0.0001683500740909949,0.00016337040869984776,0.03216153010725975,0.9675067663192749
TCGA:LUAD:TCGA-67-3772-01,LUAD,LUAD,0.0014114856021478772,0.0004159487143624574,0.007972043007612228,0.9902004599571228
TCGA:LUAD:TCGA-67-3773-01,LUAD,LUAD,0.00039073260268196464,7.418185850838199e-05,0.000577579892706126,0.9989575147628784
TCGA:LUAD:TCGA-67-3774-01,LUAD,LUAD,4.2201972973998636e-05,3.938536610803567e-05,9.738178050611168e-05,0.9998210072517395
TCGA:LUAD:TCGA-67-4679-01,LUAD,LUAD,0.0007772668614052236,5.220261664362624e-05,0.00024347013095393777,0.9989270567893982
TCGA:LUAD:TCGA-67-6215-01,LUAD,LUAD,3.100973117398098e-05,7.240485956572229e-06,0.0003938185691367835,0.9995679259300232
TCGA:LUAD:TCGA-67-6216-01,LUAD,LUAD,0.0017683107871562243,0.0018392240162938833,0.005798100959509611,0.9905943870544434
TCGA:LUAD:TCGA-67-6217-01,LUAD,LUAD,8.83460816112347e-05,6.143168320704717e-06,2.0223977116984315e-05,0.9998853206634521
TCGA:LUAD:TCGA-69-7760-01,LUAD,LUAD,0.09637981653213501,0.0037679020315408707,0.14352978765964508,0.7563225030899048
TCGA:LUAD:TCGA-69-7761-01,LUAD,LUAD,0.048846080899238586,0.00032507849391549826,0.0013979538343846798,0.9494308233261108
TCGA:LUAD:TCGA-69-7763-01,LUAD,LUAD,0.00010238186223432422,1.1273239579168148e-05,2.4667488105478697e-05,0.9998617172241211
TCGA:LUAD:TCGA-69-7764-01,LUAD,LUAD,9.635920287109911e-05,6.899381787661696e-06,8.054722275119275e-05,0.9998162388801575
TCGA:LUAD:TCGA-69-7765-01,LUAD,LUAD,6.218751514097676e-05,8.127571163640823e-06,0.00028165147523395717,0.9996479749679565
TCGA:LUAD:TCGA-69-7973-01,LUAD,LUAD,0.0001113541511585936,3.102422124356963e-05,0.0011568397749215364,0.998700737953186
TCGA:LUAD:TCGA-69-7974-01,LUAD,LUAD,6.32309092907235e-05,0.00010106457921210676,0.0009327470907010138,0.9989029169082642
TCGA:LUAD:TCGA-69-7978-01,LUAD,LUAD,8.586345211369917e-05,4.596640792442486e-05,0.0002755981113296002,0.9995926022529602
TCGA:LUAD:TCGA-69-7979-01,LUAD,LUAD,0.0028648304287344217,5.643133044941351e-05,0.0008559261332266033,0.9962228536605835
TCGA:LUAD:TCGA-69-7980-01,LUAD,LUAD,0.00033864271244965494,0.00023089759633876383,0.028485890477895737,0.9709445834159851
TCGA:LUAD:TCGA-69-8253-01,LUAD,LUAD,0.0008366755791939795,0.0021095704287290573,0.004589094314724207,0.9924646615982056
TCGA:LUAD:TCGA-69-8254-01,LUAD,LUAD,0.00027084979228675365,0.0001234266528626904,0.0009407364414073527,0.9986649751663208
TCGA:LUAD:TCGA-69-8255-01,LUAD,LSCC,0.12768487632274628,0.002063653664663434,0.754260241985321,0.11599117517471313
TCGA:LUAD:TCGA-69-8453-01,LUAD,LUAD,0.0008579514687880874,0.0006192151922732592,0.0045521873980760574,0.9939706325531006
TCGA:LUAD:TCGA-69-A59K-01,LUAD,LUAD,0.0004873384314123541,2.859056075976696e-05,0.00033352882019244134,0.9991505146026611
TCGA:LUAD:TCGA-71-6725-01,LUAD,LUAD,0.0003736115468200296,2.5574883693479933e-05,5.995000174152665e-05,0.9995409250259399
TCGA:LUAD:TCGA-71-8520-01,LUAD,LUAD,0.00011823609384009615,2.528888944652863e-05,2.9510914828279056e-05,0.999826967716217
TCGA:LUAD:TCGA-73-4658-01,LUAD,LUAD,0.000673952978104353,0.00010102600936079398,0.00037275804788805544,0.9988522529602051
TCGA:LUAD:TCGA-73-4659-01,LUAD,LUAD,0.0005378258065320551,6.558498716913164e-05,0.0002894714125432074,0.9991070628166199
TCGA:LUAD:TCGA-73-4662-01,LUAD,LUAD,0.00019081190112046897,1.331962994299829e-05,3.527077569742687e-05,0.9997605681419373
TCGA:LUAD:TCGA-73-4666-01,LUAD,LUAD,9.27568253246136e-05,0.00031732709612697363,0.002860485343262553,0.9967293739318848
TCGA:LUAD:TCGA-73-4668-01,LUAD,LUAD,0.00010470341658219695,1.8916220142273232e-05,0.00034795887768268585,0.9995284080505371
TCGA:LUAD:TCGA-73-4670-01,LUAD,LUAD,0.020503045991063118,0.0032116740476340055,0.4802064299583435,0.4960789084434509
TCGA:LUAD:TCGA-73-4675-01,LUAD,LUAD,0.0003517345176078379,8.819343202048913e-05,0.00027930582291446626,0.9992807507514954
TCGA:LUAD:TCGA-73-4676-01,LUAD,LUAD,0.0001461939245928079,0.00010238833783660084,0.009064056910574436,0.9906874299049377
TCGA:LUAD:TCGA-73-4677-01,LUAD,LUAD,0.001287209102883935,0.00014036007632967085,6.828278856119141e-05,0.9985041618347168
TCGA:LUAD:TCGA-73-7498-01,LUAD,LUAD,4.491299478104338e-05,1.2066675481037237e-05,0.00016917269385885447,0.9997738003730774
TCGA:LUAD:TCGA-73-7499-01,LUAD,LUAD,0.0008337314357049763,0.00013879782636649907,0.009727422147989273,0.9893001317977905
TCGA:LUAD:TCGA-73-A9RS-01,LUAD,BRCA,0.7843058109283447,0.00028881890466436744,0.004020113032311201,0.21138520538806915
TCGA:LUAD:TCGA-75-5122-01,LUAD,LUAD,0.14808058738708496,0.0027882216963917017,0.11519185453653336,0.7339393496513367
TCGA:LUAD:TCGA-75-5125-01,LUAD,LUAD,0.019689755514264107,0.00027046422474086285,0.002989182947203517,0.9770506620407104
TCGA:LUAD:TCGA-75-5126-01,LUAD,LUAD,0.0006026255432516336,0.0002484520082361996,0.005164013709872961,0.9939848780632019
TCGA:LUAD:TCGA-75-5146-01,LUAD,LUAD,0.0008536461391486228,5.303341822582297e-05,0.0010341069428250194,0.9980592131614685
TCGA:LUAD:TCGA-75-5147-01,LUAD,LUAD,0.0009520174935460091,0.0001430803822586313,0.006168070714920759,0.99273681640625
TCGA:LUAD:TCGA-75-6203-01,LUAD,LUAD,0.012465110048651695,0.00018367372103966773,0.0007901875069364905,0.9865610003471375
TCGA:LUAD:TCGA-75-6205-01,LUAD,LUAD,0.0021324793342500925,0.0013418138260021806,0.020821664482355118,0.9757040739059448
TCGA:LUAD:TCGA-75-6206-01,LUAD,LUAD,4.451232234714553e-05,4.847303898714017e-06,1.1331092537147924e-05,0.9999393224716187
TCGA:LUAD:TCGA-75-6207-01,LUAD,LUAD,0.3204658329486847,0.0012438454432412982,0.011317433789372444,0.6669728755950928
TCGA:LUAD:TCGA-75-6211-01,LUAD,LUAD,0.0016602339455857873,0.00018685284885577857,0.0034008286893367767,0.994752049446106
TCGA:LUAD:TCGA-75-6212-01,LUAD,LUAD,0.0006965569336898625,8.814584725769237e-05,0.006174275651574135,0.9930410385131836
TCGA:LUAD:TCGA-75-6214-01,LUAD,LSCC,0.01626945659518242,0.27282071113586426,0.6733222603797913,0.037587590515613556
TCGA:LUAD:TCGA-75-7025-01,LUAD,LUAD,0.005278842058032751,0.000542985915672034,0.04904034361243248,0.9451378583908081
TCGA:LUAD:TCGA-75-7027-01,LUAD,LUAD,0.00015223950322251767,0.00012140138278482482,0.008253109641373158,0.9914731979370117
TCGA:LUAD:TCGA-75-7030-01,LUAD,LUAD,0.0012509992811828852,0.001052743406035006,0.0023365092929452658,0.9953597187995911
TCGA:LUAD:TCGA-75-7031-01,LUAD,LUAD,0.21785888075828552,0.0007587105501443148,0.006334329955279827,0.7750480771064758
TCGA:LUAD:TCGA-78-7143-01,LUAD,LUAD,0.00044583959970623255,4.83286457892973e-05,0.00010589986777631566,0.9993999004364014
TCGA:LUAD:TCGA-78-7145-01,LUAD,LUAD,0.0006172190769575536,3.889771687681787e-05,0.00011751371494028717,0.9992263317108154
TCGA:LUAD:TCGA-78-7146-01,LUAD,LUAD,0.010965392924845219,0.0023618063423782587,0.09244696795940399,0.8942258358001709
TCGA:LUAD:TCGA-78-7147-01,LUAD,LUAD,3.4342690923949704e-05,1.5681389413657598e-05,5.290854096529074e-05,0.9998970031738281
TCGA:LUAD:TCGA-78-7148-01,LUAD,LUAD,0.0025859144516289234,4.0985909436130896e-05,0.000371419737348333,0.9970017075538635
TCGA:LUAD:TCGA-78-7149-01,LUAD,LUAD,6.849402416264638e-05,3.9270777051569894e-05,1.898903792607598e-05,0.9998732805252075
TCGA:LUAD:TCGA-78-7150-01,LUAD,LUAD,0.0047912136651575565,0.008250805549323559,0.13579235970973969,0.8511655926704407
TCGA:LUAD:TCGA-78-7152-01,LUAD,LUAD,0.0005415715277194977,6.223370291991159e-05,9.566113294567913e-05,0.999300479888916
TCGA:LUAD:TCGA-78-7153-01,LUAD,LUAD,0.007626284845173359,0.00011262311454629526,0.00039941025897860527,0.9918617010116577
TCGA:LUAD:TCGA-78-7154-01,LUAD,LUAD,0.0003018059069290757,0.0002950016059912741,0.025138041004538536,0.9742651581764221
TCGA:LUAD:TCGA-78-7155-01,LUAD,BRCA,0.9898864030838013,0.002130674896761775,0.005419449880719185,0.0025635361671447754
TCGA:LUAD:TCGA-78-7156-01,LUAD,LUAD,0.00013300999125931412,7.507345799240284e-06,3.8118359952932224e-05,0.9998213648796082
TCGA:LUAD:TCGA-78-7158-01,LUAD,LUAD,0.10116184502840042,0.0010406841756775975,0.0030690336134284735,0.894728422164917
TCGA:LUAD:TCGA-78-7159-01,LUAD,LUAD,0.0038454197347164154,6.943251719349064e-06,0.00011694768909364939,0.9960306286811829
TCGA:LUAD:TCGA-78-7160-01,LUAD,LUAD,1.891648571472615e-05,7.499226285290206e-06,7.272885704878718e-05,0.9999008178710938
TCGA:LUAD:TCGA-78-7161-01,LUAD,LUAD,0.0026237526908516884,1.8980759705300443e-05,0.0001135269267251715,0.9972437620162964
TCGA:LUAD:TCGA-78-7162-01,LUAD,LUAD,0.000170197818079032,1.9264827642473392e-05,6.16543838987127e-05,0.9997488856315613
TCGA:LUAD:TCGA-78-7163-01,LUAD,LUAD,0.005405174568295479,0.00012282331590540707,0.001518686069175601,0.992953360080719
TCGA:LUAD:TCGA-78-7166-01,LUAD,LUAD,0.0003018417046405375,0.001577280811034143,0.0014293001731857657,0.9966915845870972
TCGA:LUAD:TCGA-78-7167-01,LUAD,LUAD,0.00010435167496325448,5.504930868482916e-06,1.5241986147884745e-05,0.9998748302459717
TCGA:LUAD:TCGA-78-7220-01,LUAD,LUAD,0.01069714780896902,0.0008920370019041002,0.009512792341411114,0.9788980484008789
TCGA:LUAD:TCGA-78-7535-01,LUAD,LUAD,0.003551802132278681,0.0003857392002828419,0.0018339874222874641,0.9942284822463989
TCGA:LUAD:TCGA-78-7536-01,LUAD,LUAD,0.1584630161523819,0.0011636457638815045,0.04531288519501686,0.7950604557991028
TCGA:LUAD:TCGA-78-7537-01,LUAD,LUAD,0.00015191789134405553,8.232552318077069e-06,6.278546788962558e-05,0.9997770190238953
TCGA:LUAD:TCGA-78-7539-01,LUAD,LUAD,9.278100333176553e-05,1.5325933418353088e-05,4.42939781351015e-05,0.9998475313186646
TCGA:LUAD:TCGA-78-7540-01,LUAD,LUAD,0.00010949897114187479,3.313298293505795e-05,4.1319926822325215e-05,0.9998161196708679
TCGA:LUAD:TCGA-78-7542-01,LUAD,LUAD,0.19787617027759552,0.25061526894569397,0.16415399312973022,0.3873545825481415
TCGA:LUAD:TCGA-78-7633-01,LUAD,LUAD,0.00012086801143595949,5.042496013629716e-06,1.1710991202562582e-05,0.9998623132705688
TCGA:LUAD:TCGA-78-8640-01,LUAD,LSCC,0.0029717583674937487,0.009373928420245647,0.7170519232749939,0.27060237526893616
TCGA:LUAD:TCGA-78-8648-01,LUAD,LUAD,0.015651946887373924,0.0014116675592958927,0.009814239107072353,0.9731221795082092
TCGA:LUAD:TCGA-78-8655-01,LUAD,LUAD,0.00027707117260433733,4.0221086237579584e-05,0.0002792570448946208,0.9994034767150879
TCGA:LUAD:TCGA-78-8660-01,LUAD,LUAD,0.000297904567560181,0.00016079990018624812,0.00045847310684621334,0.9990828037261963
TCGA:LUAD:TCGA-78-8662-01,LUAD,LUAD,0.04044029489159584,0.00522832665592432,0.011817805469036102,0.9425135254859924
TCGA:LUAD:TCGA-80-5607-01,LUAD,LUAD,4.65137891296763e-05,8.325831731781363e-05,0.00022713060025125742,0.999643087387085
TCGA:LUAD:TCGA-80-5608-01,LUAD,LUAD,1.6445557776023634e-05,1.1105314115411602e-05,6.9672372774221e-05,0.9999027252197266
TCGA:LUAD:TCGA-80-5611-01,LUAD,LUAD,0.22078527510166168,0.01888391748070717,0.15149010717868805,0.6088407039642334
TCGA:LUAD:TCGA-83-5908-01,LUAD,LUAD,0.0015136933652684093,0.0007076313486322761,0.16933956742286682,0.8284391164779663
TCGA:LUAD:TCGA-86-6562-01,LUAD,LUAD,0.0005824894178658724,0.00015866920875851065,0.0006790768238715827,0.998579740524292
TCGA:LUAD:TCGA-86-6851-01,LUAD,LUAD,0.11144595593214035,0.0014326287200674415,0.01901422254741192,0.8681071400642395
TCGA:LUAD:TCGA-86-7701-01,LUAD,LUAD,0.0009756358922459185,6.067403592169285e-05,0.0016279396368190646,0.9973357319831848
TCGA:LUAD:TCGA-86-7711-01,LUAD,LUAD,0.0074401372112333775,0.0002577410778030753,0.0018411856144666672,0.9904609322547913
TCGA:LUAD:TCGA-86-7713-01,LUAD,BRCA,0.9251793622970581,0.0015432639047503471,0.007625036407262087,0.06565232574939728
TCGA:LUAD:TCGA-86-7714-01,LUAD,LUAD,0.0004970895824953914,7.130135054467246e-05,0.0027618224266916513,0.9966698288917542
TCGA:LUAD:TCGA-86-7953-01,LUAD,LUAD,0.014412929303944111,0.0007862410275265574,0.006861664354801178,0.9779391884803772
TCGA:LUAD:TCGA-86-7954-01,LUAD,LUAD,0.028892740607261658,0.00028611309244297445,0.007200830150395632,0.9636203646659851
TCGA:LUAD:TCGA-86-7955-01,LUAD,BRCA,0.9944552779197693,0.00017190446669701487,0.0009725907584652305,0.004400260746479034
TCGA:LUAD:TCGA-86-8054-01,LUAD,BRCA,0.5520570278167725,0.0017070260364562273,0.039848219603300095,0.40638771653175354
TCGA:LUAD:TCGA-86-8055-01,LUAD,LUAD,6.24668100499548e-05,1.6886955563677475e-05,0.0001355043496005237,0.9997851252555847
TCGA:LUAD:TCGA-86-8056-01,LUAD,LUAD,0.00017962885613087565,2.117394069500733e-05,0.00021884746092837304,0.9995803236961365
TCGA:LUAD:TCGA-86-8073-01,LUAD,LUAD,0.003303866134956479,0.00012364810390863568,0.00017573017976246774,0.9963967204093933
TCGA:LUAD:TCGA-86-8074-01,LUAD,LUAD,0.09664399921894073,0.0009301182581111789,0.002908100374042988,0.8995177745819092
TCGA:LUAD:TCGA-86-8075-01,LUAD,LUAD,0.00011962886492256075,3.934353298973292e-05,0.00012323103146627545,0.9997177720069885
TCGA:LUAD:TCGA-86-8076-01,LUAD,LUAD,0.0037554840091615915,6.394735828507692e-05,0.00012917413550894707,0.9960513710975647
TCGA:LUAD:TCGA-86-8278-01,LUAD,LUAD,0.00037097869790159166,0.007569051813334227,0.0029648805502802134,0.9890950322151184
TCGA:LUAD:TCGA-86-8279-01,LUAD,LUAD,0.18546462059020996,0.0013889300171285868,0.012415080331265926,0.800731360912323
TCGA:LUAD:TCGA-86-8280-01,LUAD,LUAD,0.00014713805285282433,1.0536035915720277e-05,0.0004569462325889617,0.9993853569030762
TCGA:LUAD:TCGA-86-8281-01,LUAD,LUAD,3.372641731402837e-05,1.6042649804148823e-05,2.407476495136507e-05,0.9999262094497681
TCGA:LUAD:TCGA-86-8358-01,LUAD,LSCC,0.28094998002052307,0.006064295768737793,0.541972279548645,0.17101344466209412
TCGA:LUAD:TCGA-86-8359-01,LUAD,LUAD,4.6917895815568045e-05,4.387432272778824e-05,9.008395136334002e-05,0.9998190999031067
TCGA:LUAD:TCGA-86-8585-01,LUAD,LUAD,0.16804511845111847,0.003408590331673622,0.01855895295739174,0.8099873661994934
TCGA:LUAD:TCGA-86-8668-01,LUAD,LUAD,0.04463176056742668,0.0036026982124894857,0.0011002493556588888,0.950665295124054
TCGA:LUAD:TCGA-86-8669-01,LUAD,LUAD,0.004241154063493013,4.031299613416195e-05,0.0006152854184620082,0.9951032400131226
TCGA:LUAD:TCGA-86-8671-01,LUAD,LUAD,0.00494429050013423,0.0018694886239245534,0.02629074454307556,0.9668954610824585
TCGA:LUAD:TCGA-86-8672-01,LUAD,LUAD,0.0028056479059159756,0.001387985423207283,0.02186446823179722,0.9739418625831604
TCGA:LUAD:TCGA-86-8673-01,LUAD,LUAD,0.0006582295754924417,7.211482443381101e-05,0.0007814277778379619,0.998488187789917
TCGA:LUAD:TCGA-86-8674-01,LUAD,LUAD,0.0002583620953373611,9.236552432412282e-05,0.0001126430433942005,0.9995366334915161
TCGA:LUAD:TCGA-86-A456-01,LUAD,LUAD,0.0002103018923662603,3.0439872716669925e-05,6.615183519897982e-05,0.9996931552886963
TCGA:LUAD:TCGA-86-A4D0-01,LUAD,LSCC,0.12799331545829773,0.006877627223730087,0.5861172676086426,0.2790118157863617
TCGA:LUAD:TCGA-86-A4JF-01,LUAD,LUAD,0.00025499906041659415,2.7163452614331618e-05,0.008342391811311245,0.9913755059242249
TCGA:LUAD:TCGA-86-A4P7-01,LUAD,LUAD,0.0037696221843361855,0.0009009424247778952,0.0053529636934399605,0.9899764657020569
TCGA:LUAD:TCGA-86-A4P8-01,LUAD,LUAD,0.07020434737205505,0.006906338036060333,0.20067641139030457,0.7222128510475159
TCGA:LUAD:TCGA-91-6828-01,LUAD,LUAD,0.0008482543635182083,0.00011607554188231006,0.000843670277390629,0.9981920123100281
TCGA:LUAD:TCGA-91-6829-01,LUAD,LUAD,0.01904427818953991,4.197241651127115e-05,3.665552503662184e-05,0.9808771014213562
TCGA:LUAD:TCGA-91-6830-01,LUAD,LUAD,0.00020690674136858433,5.574409442488104e-05,0.0020866908598691225,0.997650682926178
TCGA:LUAD:TCGA-91-6831-01,LUAD,LUAD,0.09629631787538528,0.00016295652312692255,0.0012321590911597013,0.9023085236549377
TCGA:LUAD:TCGA-91-6835-01,LUAD,LUAD,0.005139439832419157,0.0013728659832850099,0.008156334049999714,0.9853314161300659
TCGA:LUAD:TCGA-91-6836-01,LUAD,LUAD,0.008919253014028072,0.00021401816047728062,0.02005823142826557,0.9708085060119629
TCGA:LUAD:TCGA-91-6840-01,LUAD,LUAD,0.018809311091899872,0.0016884878277778625,0.021476145833730698,0.9580259919166565
TCGA:LUAD:TCGA-91-6847-01,LUAD,BRCA,0.9568814039230347,0.002395333256572485,0.024970779195427895,0.015752499923110008
TCGA:LUAD:TCGA-91-6848-01,LUAD,LSCC,0.370930016040802,0.003199724480509758,0.5898910164833069,0.0359792523086071
TCGA:LUAD:TCGA-91-6849-01,LUAD,LUAD,0.0006981705082580447,0.0004563852562569082,0.0009701622766442597,0.9978753328323364
TCGA:LUAD:TCGA-91-7771-01,LUAD,LUAD,0.02601665072143078,0.00020644972391892225,0.00047735654516145587,0.9732995629310608
TCGA:LUAD:TCGA-91-8496-01,LUAD,LUAD,0.0004718970158137381,2.785596007015556e-05,0.0013365367194637656,0.9981637597084045
TCGA:LUAD:TCGA-91-8497-01,LUAD,LUAD,0.000314329779939726,0.00017936037329491228,0.0009754709899425507,0.9985308647155762
TCGA:LUAD:TCGA-91-8499-01,LUAD,BRCA,0.8447616100311279,0.0026582248974591494,0.03359216824173927,0.11898797750473022
TCGA:LUAD:TCGA-91-A4BC-01,LUAD,LUAD,0.0022098328918218613,0.00012722070096060634,0.022723466157913208,0.9749394059181213
TCGA:LUAD:TCGA-91-A4BD-01,LUAD,LUAD,0.0003371638886164874,4.087816705578007e-05,0.00028057064628228545,0.9993414282798767
TCGA:LUAD:TCGA-93-7347-01,LUAD,LUAD,7.774115510983393e-05,3.085465868934989e-05,0.00021748927247244865,0.9996739625930786
TCGA:LUAD:TCGA-93-7348-01,LUAD,LUAD,0.00011315438314341009,1.5092892681423109e-05,5.078542744740844e-05,0.9998210072517395
TCGA:LUAD:TCGA-93-8067-01,LUAD,LUAD,0.012504073791205883,0.020126264542341232,0.006589585915207863,0.9607800245285034
TCGA:LUAD:TCGA-93-A4JN-01,LUAD,LUAD,0.0012590850237756968,0.00016873735876288265,0.0031934359576553106,0.9953787326812744
TCGA:LUAD:TCGA-93-A4JO-01,LUAD,LUAD,0.0006007446791045368,0.00018464696768205613,0.0054112207144498825,0.9938033819198608
TCGA:LUAD:TCGA-93-A4JP-01,LUAD,BRCA,0.8863899111747742,0.00010485031816642731,0.0003031908127013594,0.11320202052593231
TCGA:LUAD:TCGA-93-A4JQ-01,LUAD,LUAD,0.00010603944247122854,6.0771384596591815e-05,0.002726565580815077,0.9971066117286682
TCGA:LUAD:TCGA-95-7039-01,LUAD,LUAD,3.290637323516421e-05,1.782613071554806e-05,7.717611151747406e-05,0.999872088432312
TCGA:LUAD:TCGA-95-7043-01,LUAD,LUAD,0.007707439363002777,0.004453801549971104,0.1633339524269104,0.8245047926902771
TCGA:LUAD:TCGA-95-7562-01,LUAD,LUAD,0.009535872377455235,0.000193606480024755,0.0014525909209623933,0.9888179302215576
TCGA:LUAD:TCGA-95-7567-01,LUAD,LUAD,0.0001671642530709505,2.3158434487413615e-05,0.00023354329459834844,0.9995761513710022
TCGA:LUAD:TCGA-95-7944-01,LUAD,BRCA,0.9788036942481995,0.004046944435685873,0.009710226207971573,0.007439133711159229
TCGA:LUAD:TCGA-95-7947-01,LUAD,BRCA,0.7575005292892456,0.001729693845845759,0.008460604585707188,0.23230913281440735
TCGA:LUAD:TCGA-95-7948-01,LUAD,LUAD,0.0005281295161694288,2.2976106265559793e-05,0.00023217065609060228,0.9992166757583618
TCGA:LUAD:TCGA-95-8039-01,LUAD,LUAD,6.979773752391338e-05,1.3537116501538549e-05,3.862125595333055e-05,0.9998780488967896
TCGA:LUAD:TCGA-95-8494-01,LUAD,LUAD,0.000989744788967073,0.00023413232702296227,0.0008608241914771497,0.9979153275489807
TCGA:LUAD:TCGA-95-A4VK-01,LUAD,LUAD,0.00013797020073980093,9.321304969489574e-05,0.0003764257417060435,0.9993923902511597
TCGA:LUAD:TCGA-95-A4VN-01,LUAD,LUAD,0.00031477893935516477,6.707215652568266e-05,0.000335413875291124,0.9992827773094177
TCGA:LUAD:TCGA-95-A4VP-01,LUAD,LUAD,0.0002202988980570808,4.157087823841721e-05,0.0007969385478645563,0.9989412426948547
TCGA:LUAD:TCGA-97-7546-01,LUAD,LUAD,0.0032858403865247965,6.37074263067916e-05,0.00022647282457910478,0.9964240193367004
TCGA:LUAD:TCGA-97-7547-01,LUAD,LUAD,3.485219713184051e-05,3.1745817977935076e-05,0.00013710054918192327,0.9997963309288025
TCGA:LUAD:TCGA-97-7552-01,LUAD,LUAD,0.001836805953644216,0.0017927016597241163,0.0016737488331273198,0.9946967363357544
TCGA:LUAD:TCGA-97-7553-01,LUAD,LUAD,0.000989946536719799,0.0004662787832785398,0.0026386165991425514,0.9959051609039307
TCGA:LUAD:TCGA-97-7554-01,LUAD,LUAD,5.9947993577225134e-05,1.5190378690022044e-05,4.8483747377758846e-05,0.9998763799667358
TCGA:LUAD:TCGA-97-7937-01,LUAD,LUAD,0.0009413747466169298,2.5329725758638233e-05,0.00019476628222037107,0.9988386034965515
TCGA:LUAD:TCGA-97-7938-01,LUAD,LUAD,0.0004221803101245314,6.509125523734838e-05,0.000718722294550389,0.9987939596176147
TCGA:LUAD:TCGA-97-7941-01,LUAD,LUAD,0.00012449160567484796,0.0003000581345986575,7.331967208301648e-05,0.9995020627975464
TCGA:LUAD:TCGA-97-8171-01,LUAD,LUAD,0.005806253757327795,0.00014066752919461578,0.00030702207004651427,0.9937460422515869
TCGA:LUAD:TCGA-97-8172-01,LUAD,LUAD,0.0005818225326947868,2.46135241468437e-05,0.00018231284047942609,0.9992111921310425
TCGA:LUAD:TCGA-97-8174-01,LUAD,LUAD,0.002026926726102829,9.918589785229415e-05,5.563973536482081e-05,0.9978182315826416
TCGA:LUAD:TCGA-97-8175-01,LUAD,LUAD,9.120797767536715e-05,3.897311762557365e-05,0.0030490930657833815,0.9968206882476807
TCGA:LUAD:TCGA-97-8176-01,LUAD,LUAD,0.0016883951611816883,0.004963751882314682,0.010997116565704346,0.9823507070541382
TCGA:LUAD:TCGA-97-8177-01,LUAD,LUAD,2.479996874171775e-05,9.819617844186723e-06,0.00010503317025722936,0.9998602867126465
TCGA:LUAD:TCGA-97-8179-01,LUAD,LUAD,4.6989724069135264e-05,1.4839143659628462e-05,5.62080203962978e-05,0.9998819828033447
TCGA:LUAD:TCGA-97-8547-01,LUAD,LUAD,0.00014656731218565255,9.380521805724129e-05,8.188268839148805e-05,0.9996777772903442
TCGA:LUAD:TCGA-97-8552-01,LUAD,LUAD,5.957492612651549e-05,2.3224676624522544e-05,0.0004734864050988108,0.9994437098503113
TCGA:LUAD:TCGA-97-A4LX-01,LUAD,LUAD,8.340176282217726e-05,1.5658879419788718e-05,0.0004293283855076879,0.9994716048240662
TCGA:LUAD:TCGA-97-A4M0-01,LUAD,LUAD,0.00010671905329218134,1.2614183106052224e-05,0.00010327350901206955,0.9997773766517639
TCGA:LUAD:TCGA-97-A4M1-01,LUAD,LUAD,0.0028693475760519505,5.450085882330313e-05,0.00016030827828217298,0.9969158172607422
TCGA:LUAD:TCGA-97-A4M2-01,LUAD,LUAD,0.002922937273979187,0.00017789463163353503,0.0010132279712706804,0.9958859086036682
TCGA:LUAD:TCGA-97-A4M3-01,LUAD,LUAD,0.001414889469742775,0.00022599920339416713,0.0007172773475758731,0.997641921043396
TCGA:LUAD:TCGA-97-A4M5-01,LUAD,LUAD,0.00030422635609284043,0.00020682370814029127,0.00014612372615374625,0.9993428587913513
TCGA:LUAD:TCGA-97-A4M6-01,LUAD,LUAD,3.771051706280559e-05,1.695137507340405e-05,0.00019118790805805475,0.9997541308403015
TCGA:LUAD:TCGA-97-A4M7-01,LUAD,LUAD,0.00011137360706925392,2.8730753911077045e-05,0.0009370101033709943,0.9989228844642639
TCGA:LUAD:TCGA-99-7458-01,LUAD,LUAD,0.0002531461068429053,7.30319970898563e-06,4.840468318434432e-05,0.9996911287307739
TCGA:LUAD:TCGA-99-8025-01,LUAD,LUAD,0.00045310144196264446,0.00018342339899390936,0.0008542424184270203,0.9985092282295227
TCGA:LUAD:TCGA-99-8028-01,LUAD,LUAD,0.0020784835796803236,0.000501807953696698,0.048600662499666214,0.9488190412521362
TCGA:LUAD:TCGA-99-8032-01,LUAD,LUAD,0.00033517417614348233,1.2544333003461361e-05,0.00043595966417342424,0.9992163181304932
TCGA:LUAD:TCGA-99-8033-01,LUAD,LUAD,5.553222217713483e-05,0.0022032400593161583,0.002185315592214465,0.9955559372901917
TCGA:LUAD:TCGA-99-AA5R-01,LUAD,LUAD,0.003245062893256545,0.0004983983235433698,0.0019586896523833275,0.9942979216575623
TCGA:LUAD:TCGA-J2-8192-01,LUAD,LUAD,0.0001938723580678925,2.0341214622021653e-05,0.00018271755834575742,0.9996030926704407
TCGA:LUAD:TCGA-J2-8194-01,LUAD,LUAD,0.0007898262701928616,3.386951357242651e-05,0.0002170264342566952,0.9989593029022217
TCGA:LUAD:TCGA-J2-A4AD-01,LUAD,LUAD,0.00037467863876372576,1.148391038441332e-05,4.326194175519049e-05,0.9995705485343933
TCGA:LUAD:TCGA-J2-A4AE-01,LUAD,LUAD,0.0007170751341618598,0.00011445704876678064,0.0007409337558783591,0.9984275102615356
TCGA:LUAD:TCGA-J2-A4AG-01,LUAD,LUAD,0.000516753236297518,7.136197382351384e-05,5.4171207011677325e-05,0.9993577599525452
TCGA:LUAD:TCGA-L4-A4E5-01,LUAD,LUAD,0.00017385608225595206,7.214933430077508e-05,9.035600669449195e-05,0.9996635913848877
TCGA:LUAD:TCGA-L4-A4E6-01,LUAD,LUAD,0.0009970274986699224,0.0003384232404641807,0.0019322425359860063,0.9967323541641235
TCGA:LUAD:TCGA-L9-A443-01,LUAD,LUAD,0.0001826953375712037,4.23515921283979e-05,9.61016776273027e-05,0.9996788501739502
TCGA:LUAD:TCGA-L9-A444-01,LUAD,LUAD,0.0002107375330524519,1.5683184756198898e-05,0.00031027384102344513,0.9994632601737976
TCGA:LUAD:TCGA-L9-A50W-01,LUAD,LUAD,0.0001321742165600881,2.8697295419988222e-05,0.00028712747734971344,0.9995519518852234
TCGA:LUAD:TCGA-L9-A5IP-01,LUAD,LUAD,5.313111250870861e-05,0.0010154640767723322,0.002866314025595784,0.996065080165863
TCGA:LUAD:TCGA-L9-A743-01,LUAD,LUAD,8.208414510590956e-05,8.550228812964633e-05,0.0008992720977403224,0.9989331364631653
TCGA:LUAD:TCGA-L9-A7SV-01,LUAD,LUAD,0.0001225929008796811,9.11180268303724e-06,7.24482088116929e-05,0.9997958540916443
TCGA:LUAD:TCGA-L9-A8F4-01,LUAD,LUAD,0.25305256247520447,0.0009418581612408161,0.03631708025932312,0.7096884846687317
TCGA:LUAD:TCGA-MN-A4N1-01,LUAD,LUAD,0.0007633190252818167,0.000428852770710364,0.005092767532914877,0.9937151074409485
TCGA:LUAD:TCGA-MN-A4N4-01,LUAD,LUAD,0.05146726965904236,0.004162539262324572,0.02793312445282936,0.9164370894432068
TCGA:LUAD:TCGA-MN-A4N5-01,LUAD,LUAD,7.706237374804914e-05,2.0378816770971753e-05,6.908176146680489e-05,0.9998334646224976
TCGA:LUAD:TCGA-MP-A4SV-01,LUAD,LUAD,4.281336077838205e-05,1.4376556464412715e-05,0.0005451883189380169,0.9993976354598999
TCGA:LUAD:TCGA-MP-A4SW-01,LUAD,LUAD,1.3177354048821144e-05,1.4971852579037659e-05,0.0001385987998219207,0.9998332262039185
TCGA:LUAD:TCGA-MP-A4SY-01,LUAD,LUAD,5.0467664550524205e-05,1.307117327087326e-05,0.0002848421281669289,0.9996516704559326
TCGA:LUAD:TCGA-MP-A4T4-01,LUAD,LUAD,6.759878306183964e-05,3.7334695662138984e-05,0.012657332234084606,0.9872376918792725
TCGA:LUAD:TCGA-MP-A4T6-01,LUAD,LUAD,0.0002065585576929152,0.0002669318928383291,0.00029526863363571465,0.999231219291687
TCGA:LUAD:TCGA-MP-A4T7-01,LUAD,LUAD,6.755427602911368e-05,0.00018302681564819068,0.00345517392270267,0.9962942004203796
TCGA:LUAD:TCGA-MP-A4T8-01,LUAD,LUAD,0.0772700235247612,0.002021537162363529,0.01145558338612318,0.9092528820037842
TCGA:LUAD:TCGA-MP-A4T9-01,LUAD,LUAD,9.04181506484747e-05,3.2682670280337334e-05,0.00015419081319123507,0.9997226595878601
TCGA:LUAD:TCGA-MP-A4TA-01,LUAD,LUAD,0.0005483003333210945,0.0003425336326472461,0.010140882804989815,0.9889683127403259
TCGA:LUAD:TCGA-MP-A4TC-01,LUAD,LUAD,0.0018050943035632372,0.0002631577954161912,0.004444066900759935,0.9934877157211304
TCGA:LUAD:TCGA-MP-A4TD-01,LUAD,LUAD,0.00022094139421824366,6.40986327198334e-05,0.0003204299136996269,0.9993945360183716
TCGA:LUAD:TCGA-MP-A4TE-01,LUAD,LUAD,0.008637246675789356,0.002026644768193364,0.01479721162468195,0.9745389223098755
TCGA:LUAD:TCGA-MP-A4TF-01,LUAD,LUAD,0.0016751671209931374,4.08797750424128e-05,0.007671006489545107,0.9906129837036133
TCGA:LUAD:TCGA-MP-A4TH-01,LUAD,LUAD,7.432362326653674e-05,8.939062354329508e-06,9.768491145223379e-05,0.9998190999031067
TCGA:LUAD:TCGA-MP-A4TI-01,LUAD,LUAD,0.004210499580949545,0.009446972981095314,0.04795576632022858,0.9383867383003235
TCGA:LUAD:TCGA-MP-A4TJ-01,LUAD,LUAD,0.0004414833674672991,6.272831524256617e-05,0.006112187169492245,0.9933835864067078
TCGA:LUAD:TCGA-MP-A4TK-01,LUAD,LUAD,0.4350077509880066,0.0024432833306491375,0.048453494906425476,0.5140954852104187
TCGA:LUAD:TCGA-MP-A5C7-01,LUAD,LUAD,0.00011251083196839318,6.893773388583213e-06,4.3199066567467526e-05,0.9998373985290527
TCGA:LUAD:TCGA-NJ-A4YF-01,LUAD,LUAD,0.003529180306941271,2.038656202785205e-05,0.0004376395954750478,0.996012806892395
TCGA:LUAD:TCGA-NJ-A4YG-01,LUAD,LUAD,4.57247078884393e-05,4.677046035794774e-06,2.5413350158487447e-05,0.9999241828918457
TCGA:LUAD:TCGA-NJ-A4YI-01,LUAD,LUAD,0.00036085143801756203,3.984333307016641e-05,0.000387029314879328,0.9992122650146484
TCGA:LUAD:TCGA-NJ-A4YP-01,LUAD,LUAD,0.0003923183830920607,7.132611790439114e-05,0.00021101391757838428,0.9993253946304321
TCGA:LUAD:TCGA-NJ-A4YQ-01,LUAD,LUAD,0.0004026700626127422,8.334471931448206e-05,0.0007859810721129179,0.9987279772758484
TCGA:LUAD:TCGA-NJ-A55A-01,LUAD,LUAD,0.0037690233439207077,0.00013865891378372908,0.00036808045115321875,0.9957242012023926
TCGA:LUAD:TCGA-NJ-A55O-01,LUAD,LUAD,4.3425941839814186e-05,9.22040817386005e-06,2.9278986403369345e-05,0.9999181032180786
TCGA:LUAD:TCGA-NJ-A55R-01,LUAD,LUAD,9.262497769668698e-05,2.6515417630434968e-05,0.002359811682254076,0.9975209832191467
TCGA:LUAD:TCGA-NJ-A7XG-01,LUAD,LUAD,0.00035851498250849545,1.798416269593872e-05,0.0004416326410137117,0.9991818070411682
TCGA:LUAD:TCGA-O1-A52J-01,LUAD,LUAD,0.001426015980541706,4.762797470903024e-05,0.0005404314142651856,0.9979859590530396
TCGA:LUAD:TCGA-S2-AA1A-01,LUAD,LUAD,0.0010519747156649828,9.40930112847127e-05,0.0007042494253255427,0.9981497526168823
TCGA:LSCC:TCGA-18-3406-01,LSCC,LSCC,0.0026891331654042006,0.017251664772629738,0.9611018300056458,0.01895737089216709
TCGA:LSCC:TCGA-18-3407-01,LSCC,LSCC,0.00016166636487469077,0.0002855624188669026,0.9982933402061462,0.0012593766441568732
TCGA:LSCC:TCGA-18-3408-01,LSCC,LSCC,0.002319163642823696,0.00025913413264788687,0.995293915271759,0.0021277761552482843
TCGA:LSCC:TCGA-18-3410-01,LSCC,LSCC,0.0006315308855846524,0.0007840371690690517,0.9943049550056458,0.004279485438019037
TCGA:LSCC:TCGA-18-3411-01,LSCC,LSCC,0.0005580976721830666,0.0006518205045722425,0.9923861026763916,0.006403975188732147
TCGA:LSCC:TCGA-18-3412-01,LSCC,LSCC,0.00021977047435939312,0.0015580086037516594,0.9976900815963745,0.0005321373464539647
TCGA:LSCC:TCGA-18-3414-01,LSCC,LSCC,4.025208545499481e-05,4.9684924306347966e-05,0.9998780488967896,3.196514808223583e-05
TCGA:LSCC:TCGA-18-3415-01,LSCC,LSCC,0.00022220845858100802,0.0010396892903372645,0.9979071617126465,0.0008309419499710202
TCGA:LSCC:TCGA-18-3416-01,LSCC,LSCC,7.63291900511831e-05,0.0006785567966289818,0.9990509152412415,0.00019420019816607237
TCGA:LSCC:TCGA-18-3417-01,LSCC,LSCC,0.0012236287584528327,0.0009543972555547953,0.9960377216339111,0.0017842616653069854
TCGA:LSCC:TCGA-18-3419-01,LSCC,LSCC,0.004954544827342033,0.0006865671603009105,0.9940301179885864,0.00032874190947040915
TCGA:LSCC:TCGA-18-3421-01,LSCC,LSCC,0.00040386844193562865,0.00044511639862321317,0.9990022778511047,0.0001487075787736103
TCGA:LSCC:TCGA-18-4083-01,LSCC,LSCC,6.70804874971509e-05,0.0005959850386716425,0.9992582201957703,7.871681737015024e-05
TCGA:LSCC:TCGA-18-4086-01,LSCC,LSCC,1.6905079974094406e-05,0.00030018630786798894,0.9996448755264282,3.802529681706801e-05
TCGA:LSCC:TCGA-18-4721-01,LSCC,LSCC,0.0004033788572996855,0.0012360450346022844,0.9976513981819153,0.0007091331062838435
TCGA:LSCC:TCGA-18-5592-01,LSCC,LSCC,0.00019644571875687689,0.0013781386660411954,0.9982404708862305,0.00018490022921469063
TCGA:LSCC:TCGA-21-1071-01,LSCC,LSCC,0.00033990078372880816,0.0013823109911754727,0.9758761525154114,0.022401664406061172
TCGA:LSCC:TCGA-21-1072-01,LSCC,LSCC,4.6517081500496715e-05,0.0007759178406558931,0.9990504384040833,0.00012714631156995893
TCGA:LSCC:TCGA-21-1075-01,LSCC,LSCC,1.839328251662664e-05,3.4786546166287735e-05,0.9999269247055054,1.9880371837643906e-05
TCGA:LSCC:TCGA-21-1076-01,LSCC,LSCC,2.752856380539015e-05,5.189512739889324e-05,0.9998242259025574,9.63643760769628e-05
TCGA:LSCC:TCGA-21-1079-01,LSCC,LSCC,0.0036201064940541983,0.001470846007578075,0.9943661689758301,0.0005429463344626129
TCGA:LSCC:TCGA-21-1080-01,LSCC,LSCC,0.002396700903773308,0.0012583020143210888,0.9874778985977173,0.008867130614817142
TCGA:LSCC:TCGA-21-1081-01,LSCC,LSCC,0.00011959911353187636,0.0007254703668877482,0.9989546537399292,0.00020028090511914343
TCGA:LSCC:TCGA-21-1082-01,LSCC,LSCC,0.000247062707785517,0.0032032642047852278,0.9963746666908264,0.00017497794760856777
TCGA:LSCC:TCGA-21-5782-01,LSCC,LSCC,0.0001238714758073911,0.0006975200376473367,0.9982061386108398,0.0009724568808451295
TCGA:LSCC:TCGA-21-5783-01,LSCC,LSCC,0.00473150284960866,0.008907191455364227,0.9854324460029602,0.0009289148147217929
TCGA:LSCC:TCGA-21-5784-01,LSCC,LSCC,0.0005528492038138211,0.0024357412476092577,0.9953721165657043,0.0016393453115597367
TCGA:LSCC:TCGA-21-5786-01,LSCC,LSCC,0.0014484055573120713,0.008427637629210949,0.9898509979248047,0.00027299398789182305
TCGA:LSCC:TCGA-21-5787-01,LSCC,BRCA,0.6782696843147278,0.007086994592100382,0.1590898633003235,0.1555534452199936
TCGA:LSCC:TCGA-22-0940-01,LSCC,LSCC,0.00029336323495954275,0.0005148242926225066,0.9980668425559998,0.00112497853115201
TCGA:LSCC:TCGA-22-0944-01,LSCC,LSCC,5.370393046177924e-05,0.00031060370383784175,0.9995892643928528,4.641557461582124e-05
TCGA:LSCC:TCGA-22-1000-01,LSCC,LSCC,0.0001673257938819006,0.0007203868008218706,0.9977426528930664,0.0013697025133296847
TCGA:LSCC:TCGA-22-1002-01,LSCC,LSCC,0.002659853547811508,0.012904778122901917,0.9811597466468811,0.0032756109721958637
TCGA:LSCC:TCGA-22-1005-01,LSCC,LUAD,0.013979614712297916,0.0007425249787047505,0.09790902584791183,0.8873687982559204
TCGA:LSCC:TCGA-22-1011-01,LSCC,LSCC,0.0005175223923288286,0.010237357579171658,0.9888710379600525,0.0003740315150935203
TCGA:LSCC:TCGA-22-1012-01,LSCC,LSCC,0.00014300324255600572,0.0014152665389701724,0.9983845949172974,5.7117591495625675e-05
TCGA:LSCC:TCGA-22-1016-01,LSCC,LUAD,0.0013806968927383423,0.0004125139384996146,0.4380141496658325,0.5601926445960999
TCGA:LSCC:TCGA-22-1017-01,LSCC,LUAD,0.0020958781242370605,0.00019758575945161283,0.0023809880949556828,0.9953255653381348
TCGA:LSCC:TCGA-22-4591-01,LSCC,LSCC,5.0910497520817444e-05,5.400711961556226e-05,0.9997276663780212,0.00016739493003115058
TCGA:LSCC:TCGA-22-4593-01,LSCC,LSCC,0.0002434976486256346,0.00105985626578331,0.9985083937644958,0.0001882512151496485
TCGA:LSCC:TCGA-22-4594-01,LSCC,LUAD,0.00013264946755953133,6.166196544654667e-05,0.0014307723613455892,0.9983749389648438
TCGA:LSCC:TCGA-22-4595-01,LSCC,HNSCC,0.0018940111622214317,0.9741787910461426,0.02359563484787941,0.00033155939308926463
TCGA:LSCC:TCGA-22-4596-01,LSCC,LUAD,0.0029548173770308495,0.0002685991348698735,0.009718845598399639,0.9870577454566956
TCGA:LSCC:TCGA-22-4599-01,LSCC,LSCC,1.9270306438556872e-05,2.232765473308973e-05,0.999923586845398,3.484101398498751e-05
TCGA:LSCC:TCGA-22-4601-01,LSCC,LSCC,0.0002420669625280425,0.0004223241121508181,0.9990712404251099,0.000264298781985417
TCGA:LSCC:TCGA-22-4604-01,LSCC,LSCC,2.898213278967887e-05,6.366083835018799e-05,0.9998440742492676,6.322195258690044e-05
TCGA:LSCC:TCGA-22-4605-01,LSCC,LSCC,0.0006414517411030829,0.01935066469013691,0.9792317152023315,0.0007761333836242557
TCGA:LSCC:TCGA-22-4607-01,LSCC,LSCC,0.0003053697000723332,0.001597502501681447,0.9961071610450745,0.001989913871511817
TCGA:LSCC:TCGA-22-4609-01,LSCC,LSCC,0.00028493459103628993,0.0010028037941083312,0.9983924031257629,0.0003197784535586834
TCGA:LSCC:TCGA-22-4613-01,LSCC,LSCC,2.406261228315998e-05,2.234508610854391e-05,0.9999009370803833,5.259874160401523e-05
TCGA:LSCC:TCGA-22-5471-01,LSCC,LSCC,0.0007463417714461684,0.0060581667348742485,0.9910462498664856,0.00214923988096416
TCGA:LSCC:TCGA-22-5472-01,LSCC,LSCC,0.0025927494280040264,0.008628040552139282,0.9345633387565613,0.054215844720602036
TCGA:LSCC:TCGA-22-5473-01,LSCC,LSCC,0.00010502671648282558,0.00034965359373018146,0.9993870258331299,0.00015825987793505192
TCGA:LSCC:TCGA-22-5474-01,LSCC,LSCC,6.235709588509053e-05,0.00035912328166887164,0.9993034601211548,0.0002750857383944094
TCGA:LSCC:TCGA-22-5477-01,LSCC,LSCC,0.0001810081594157964,8.012212492758408e-05,0.9991827607154846,0.000556137936655432
TCGA:LSCC:TCGA-22-5478-01,LSCC,LSCC,0.0941728726029396,0.0077680363319814205,0.6997366547584534,0.19832248985767365
TCGA:LSCC:TCGA-22-5479-01,LSCC,LSCC,0.00015957947471179068,0.0005110820638947189,0.9992145299911499,0.00011481457477202639
TCGA:LSCC:TCGA-22-5480-01,LSCC,LSCC,0.03454593941569328,0.014969384297728539,0.9438412189483643,0.006643384229391813
TCGA:LSCC:TCGA-22-5481-01,LSCC,BRCA,0.9527568817138672,0.006784026511013508,0.035437751561403275,0.005021355580538511
TCGA:LSCC:TCGA-22-5482-01,LSCC,LSCC,0.00011540820560185239,0.0036708111874759197,0.996146559715271,6.722321268171072e-05
TCGA:LSCC:TCGA-22-5483-01,LSCC,LSCC,0.006400730460882187,0.0013988702557981014,0.9542391896247864,0.03796114772558212
TCGA:LSCC:TCGA-22-5485-01,LSCC,LSCC,0.0002531676145736128,0.0035487632267177105,0.9958810806274414,0.0003169591072946787
TCGA:LSCC:TCGA-22-5489-01,LSCC,LSCC,0.000738253933377564,0.0007853570277802646,0.9976328611373901,0.0008435000781901181
TCGA:LSCC:TCGA-22-5491-01,LSCC,LSCC,5.598657298833132e-05,0.00044251326471567154,0.9993983507156372,0.0001031194333336316
TCGA:LSCC:TCGA-22-5492-01,LSCC,LSCC,0.00022962858201935887,0.00013543086242862046,0.9990353584289551,0.000599642691668123
TCGA:LSCC:TCGA-22-A5C4-01,LSCC,LSCC,0.0007142574759200215,0.0001221561833517626,0.998730480670929,0.00043306624866090715
TCGA:LSCC:TCGA-33-4532-01,LSCC,LSCC,4.646871457225643e-05,0.0002021820837398991,0.9996329545974731,0.00011837143392767757
TCGA:LSCC:TCGA-33-4533-01,LSCC,LSCC,0.04228280857205391,0.0008385273977182806,0.9539577960968018,0.0029208355117589235
TCGA:LSCC:TCGA-33-4538-01,LSCC,LSCC,0.00011821342923212796,0.00036501462454907596,0.9990253448486328,0.0004914209712296724
TCGA:LSCC:TCGA-33-4547-01,LSCC,LSCC,2.0363140720291995e-05,5.634988337988034e-05,0.9998030066490173,0.00012029553181491792
TCGA:LSCC:TCGA-33-4566-01,LSCC,LSCC,0.006105039734393358,0.10001692920923233,0.8683054447174072,0.025572529062628746
TCGA:LSCC:TCGA-33-4582-01,LSCC,LSCC,7.549565634690225e-05,0.00010660574480425566,0.998801589012146,0.0010162516264244914
TCGA:LSCC:TCGA-33-4583-01,LSCC,LSCC,0.00034257012885063887,0.005587028805166483,0.993131697177887,0.0009387360769324005
TCGA:LSCC:TCGA-33-4586-01,LSCC,LSCC,7.77799723437056e-05,0.000644839892629534,0.9992063641548157,7.102955714799464e-05
TCGA:LSCC:TCGA-33-4587-01,LSCC,BRCA,0.9540627002716064,0.0014354317681863904,0.022303353995084763,0.022198446094989777
TCGA:LSCC:TCGA-33-4589-01,LSCC,LSCC,0.017266731709241867,0.22969558835029602,0.7280322909355164,0.02500535547733307
TCGA:LSCC:TCGA-33-6738-01,LSCC,LSCC,0.01330995000898838,0.004306423012167215,0.8992094397544861,0.08317418396472931
TCGA:LSCC:TCGA-33-A4WN-01,LSCC,LSCC,0.00014829722931608558,0.0017041946994140744,0.9978049397468567,0.0003426199546083808
TCGA:LSCC:TCGA-33-A5GW-01,LSCC,HNSCC,0.0004941259394399822,0.8749951124191284,0.12422486394643784,0.00028588189161382616
TCGA:LSCC:TCGA-33-AAS8-01,LSCC,LSCC,9.602679347153753e-05,0.00030218405299820006,0.9994848966598511,0.00011689441453199834
TCGA:LSCC:TCGA-33-AASB-01,LSCC,LUAD,0.061612777411937714,0.009954893961548805,0.23219400644302368,0.6962383389472961
TCGA:LSCC:TCGA-33-AASD-01,LSCC,LSCC,9.45482388488017e-05,0.0008411215385422111,0.9983599781990051,0.0007043756195344031
TCGA:LSCC:TCGA-33-AASI-01,LSCC,LSCC,0.1590309739112854,0.006328271701931953,0.796807587146759,0.03783314675092697
TCGA:LSCC:TCGA-33-AASJ-01,LSCC,LSCC,0.00022238405654206872,0.002331039635464549,0.9972890615463257,0.00015757724759168923
TCGA:LSCC:TCGA-33-AASL-01,LSCC,LSCC,0.0023395209573209286,0.060109205543994904,0.9352437257766724,0.002307516522705555
TCGA:LSCC:TCGA-34-2596-01,LSCC,LSCC,0.00019494490697979927,0.055171746760606766,0.9442694187164307,0.00036395920324139297
TCGA:LSCC:TCGA-34-2600-01,LSCC,LSCC,0.0006985748186707497,0.0032907926943153143,0.9958570599555969,0.00015359738608822227
TCGA:LSCC:TCGA-34-2608-01,LSCC,LSCC,9.332741319667548e-05,0.00016916617460083216,0.99919193983078,0.0005455841892398894
TCGA:LSCC:TCGA-34-5231-01,LSCC,LSCC,0.0004737406561616808,0.0004961550002917647,0.998828113079071,0.0002019516978180036
TCGA:LSCC:TCGA-34-5232-01,LSCC,LSCC,0.00046235270565375686,0.011004794389009476,0.9876090288162231,0.0009237807826139033
TCGA:LSCC:TCGA-34-5234-01,LSCC,LSCC,0.0006026848568581045,0.000816414481960237,0.5813354253768921,0.4172455072402954
TCGA:LSCC:TCGA-34-5236-01,LSCC,LSCC,0.00026070952299050987,0.0023839862551540136,0.9965015649795532,0.0008537387475371361
TCGA:LSCC:TCGA-34-5239-01,LSCC,LSCC,0.001133309444412589,0.0017905577551573515,0.9938194155693054,0.003256677184253931
TCGA:LSCC:TCGA-34-5240-01,LSCC,LSCC,0.0002220446040155366,0.0007839129539206624,0.9986920952796936,0.000301918713375926
TCGA:LSCC:TCGA-34-5241-01,LSCC,LSCC,0.00010442210623295978,0.000146203106851317,0.9996856451034546,6.378332909662277e-05
TCGA:LSCC:TCGA-34-5927-01,LSCC,LSCC,0.00072211999213323,0.001068337238393724,0.9963579773902893,0.0018515789415687323
TCGA:LSCC:TCGA-34-5928-01,LSCC,LSCC,0.0007482186774723232,5.9648726164596155e-05,0.998917818069458,0.0002743495861068368
TCGA:LSCC:TCGA-34-5929-01,LSCC,LSCC,0.0016190418973565102,0.0034495466388761997,0.9939613342285156,0.0009700513328425586
TCGA:LSCC:TCGA-34-7107-01,LSCC,LSCC,0.0012924371985718608,0.012561710551381111,0.9843452572822571,0.0018005946185439825
TCGA:LSCC:TCGA-34-8454-01,LSCC,LSCC,9.10806265892461e-05,0.005517377518117428,0.9941073656082153,0.0002841738751158118
TCGA:LSCC:TCGA-34-8455-01,LSCC,LSCC,5.645963392453268e-05,0.09126531332731247,0.9085186719894409,0.00015961122699081898
TCGA:LSCC:TCGA-34-8456-01,LSCC,LSCC,8.410265581915155e-05,0.0003817166725639254,0.9993860721588135,0.00014814827591180801
TCGA:LSCC:TCGA-34-A5IX-01,LSCC,LSCC,0.06912609189748764,0.02308090217411518,0.893392026424408,0.014400998130440712
TCGA:LSCC:TCGA-37-3783-01,LSCC,LSCC,0.0038288654759526253,0.00842292234301567,0.9252650141716003,0.06248319149017334
TCGA:LSCC:TCGA-37-3789-01,LSCC,LSCC,0.0003547798842191696,0.002507986733689904,0.9966768026351929,0.00046042920439504087
TCGA:LSCC:TCGA-37-3792-01,LSCC,LUAD,0.0009396483656018972,0.0014080081600695848,0.04909030720591545,0.94856196641922
TCGA:LSCC:TCGA-37-4129-01,LSCC,BRCA,0.9884212017059326,0.0004948772257193923,0.004756140988320112,0.006327801384031773
TCGA:LSCC:TCGA-37-4130-01,LSCC,LUAD,0.10729313641786575,0.004403548315167427,0.1209140494465828,0.7673892378807068
TCGA:LSCC:TCGA-37-4132-01,LSCC,LSCC,0.001361045171506703,0.0007840857142582536,0.6931365132331848,0.3047183156013489
TCGA:LSCC:TCGA-37-4133-01,LSCC,LSCC,0.00018936277774628252,0.0008131423383019865,0.9968198537826538,0.00217768014408648
TCGA:LSCC:TCGA-37-4135-01,LSCC,LSCC,0.05590379610657692,0.0014548101462423801,0.868397057056427,0.07424427568912506
TCGA:LSCC:TCGA-37-4141-01,LSCC,LUAD,0.19799339771270752,0.03683876991271973,0.2558874189853668,0.5092803835868835
TCGA:LSCC:TCGA-37-5819-01,LSCC,LSCC,0.02094295248389244,0.0011333813890814781,0.617840588092804,0.3600830137729645
TCGA:LSCC:TCGA-37-A5EL-01,LSCC,LSCC,0.0011861994862556458,0.012637659907341003,0.9803091287612915,0.005867077969014645
TCGA:LSCC:TCGA-37-A5EN-01,LSCC,LSCC,0.0025632150936871767,0.002681219018995762,0.9926180243492126,0.002137556206434965
TCGA:LSCC:TCGA-39-5011-01,LSCC,LUAD,0.0015393351204693317,0.0008845176198519766,0.01112679298967123,0.9864493012428284
TCGA:LSCC:TCGA-39-5016-01,LSCC,LSCC,0.00017242002650164068,0.00023935297213029116,0.9983599781990051,0.0012282056268304586
TCGA:LSCC:TCGA-39-5019-01,LSCC,LSCC,3.664649557322264e-05,0.0001281281147385016,0.9997498393058777,8.53651508805342e-05
TCGA:LSCC:TCGA-39-5021-01,LSCC,LSCC,3.0898147088009864e-05,0.00022119077038951218,0.9995574355125427,0.0001905158715089783
TCGA:LSCC:TCGA-39-5022-01,LSCC,LSCC,3.759361425181851e-05,2.4033333829720505e-05,0.9993140697479248,0.0006242836243472993
TCGA:LSCC:TCGA-39-5024-01,LSCC,HNSCC,0.0011772828875109553,0.9547167420387268,0.04251287132501602,0.0015930779045447707
TCGA:LSCC:TCGA-39-5027-01,LSCC,LSCC,8.302335481857881e-05,0.0004562741669360548,0.9993921518325806,6.854200182715431e-05
TCGA:LSCC:TCGA-39-5028-01,LSCC,LSCC,0.011824830435216427,0.027995526790618896,0.9307729601860046,0.029406696557998657
TCGA:LSCC:TCGA-39-5029-01,LSCC,LSCC,0.00011418391659390181,0.00018215137242805213,0.9994522929191589,0.00025142572121694684
TCGA:LSCC:TCGA-39-5030-01,LSCC,LSCC,0.00013977516209706664,0.00021669517445843667,0.9989700317382812,0.0006734737544320524
TCGA:LSCC:TCGA-39-5031-01,LSCC,LSCC,0.0001426942035323009,0.010047310963273048,0.9896524548530579,0.0001575471687829122
TCGA:LSCC:TCGA-39-5034-01,LSCC,LUAD,0.0013156987261027098,8.966601308202371e-05,0.0016340750735253096,0.9969605803489685
TCGA:LSCC:TCGA-39-5035-01,LSCC,LSCC,0.0007821216713637114,0.000298492843285203,0.9986441731452942,0.00027527284692041576
TCGA:LSCC:TCGA-39-5036-01,LSCC,LSCC,0.0010638029780238867,0.039764828979969025,0.9570868611335754,0.002084460575133562
TCGA:LSCC:TCGA-39-5037-01,LSCC,LSCC,5.1109775085933506e-05,0.001248101587407291,0.998638927936554,6.181040953379124e-05
TCGA:LSCC:TCGA-39-5039-01,LSCC,LSCC,0.00014268647646531463,0.00017438651411794126,0.9949824213981628,0.004700580146163702
TCGA:LSCC:TCGA-39-5040-01,LSCC,BRCA,0.8560693264007568,0.002415621653199196,0.1255619376897812,0.015953127294778824
TCGA:LSCC:TCGA-43-2576-01,LSCC,LUAD,0.2262694239616394,0.0016924894880503416,0.0046400646679103374,0.7673979997634888
TCGA:LSCC:TCGA-43-2578-01,LSCC,BRCA,0.47664496302604675,0.030641641467809677,0.46238744258880615,0.03032592125236988
TCGA:LSCC:TCGA-43-2581-01,LSCC,LUAD,1.0236539310426451e-05,2.1145669961697422e-05,0.00030542584136128426,0.999663233757019
TCGA:LSCC:TCGA-43-3394-01,LSCC,LSCC,4.532354068942368e-05,8.108223846647888e-05,0.9997484087944031,0.00012518526636995375
TCGA:LSCC:TCGA-43-3920-01,LSCC,LSCC,0.0009158558095805347,0.00021824963914696127,0.9980465173721313,0.0008193777175620198
TCGA:LSCC:TCGA-43-5668-01,LSCC,LUAD,0.18296612799167633,0.023705564439296722,0.10441390424966812,0.6889143586158752
TCGA:LSCC:TCGA-43-5670-01,LSCC,LSCC,0.001145265530794859,0.0018631540006026626,0.9962902069091797,0.0007013286813162267
TCGA:LSCC:TCGA-43-6143-01,LSCC,LSCC,0.00040875939885154366,0.00036360081867314875,0.9986405968666077,0.000587044982239604
TCGA:LSCC:TCGA-43-6647-01,LSCC,LSCC,0.00017767211829777807,0.00022996976622380316,0.9972845315933228,0.0023077880032360554
TCGA:LSCC:TCGA-43-6770-01,LSCC,LSCC,9.131104161497205e-05,0.0002407802821835503,0.9996225833892822,4.5319131459109485e-05
TCGA:LSCC:TCGA-43-6771-01,LSCC,HNSCC,2.0407991542015225e-05,0.999745786190033,0.00021000331616960466,2.3818663976271637e-05
TCGA:LSCC:TCGA-43-6773-01,LSCC,LSCC,0.0033100959844887257,0.004125223029404879,0.990778923034668,0.0017857650527730584
TCGA:LSCC:TCGA-43-7656-01,LSCC,LSCC,0.009566604159772396,6.194242450874299e-05,0.9900071620941162,0.00036425795406103134
TCGA:LSCC:TCGA-43-7657-01,LSCC,LSCC,0.0001812764530768618,0.0003206383262295276,0.9990780353546143,0.0004200102121103555
TCGA:LSCC:TCGA-43-7658-01,LSCC,BRCA,0.8632317185401917,0.011125188320875168,0.08827068656682968,0.037372443825006485
TCGA:LSCC:TCGA-43-8115-01,LSCC,LSCC,0.00033369322773069143,9.232665615854785e-05,0.9993256330490112,0.0002483513089828193
TCGA:LSCC:TCGA-43-8116-01,LSCC,LSCC,0.00018519634613767266,0.0003444590838626027,0.9983413219451904,0.0011290544643998146
TCGA:LSCC:TCGA-43-8118-01,LSCC,HNSCC,0.00628709327429533,0.7595673203468323,0.2267979085445404,0.007347707636654377
TCGA:LSCC:TCGA-43-A474-01,LSCC,LSCC,0.00023917942598927766,0.002175824949517846,0.9972575306892395,0.00032752647530287504
TCGA:LSCC:TCGA-43-A475-01,LSCC,LSCC,0.0008341000066138804,0.3883695900440216,0.610384464263916,0.0004118336655665189
TCGA:LSCC:TCGA-43-A56U-01,LSCC,LSCC,0.0002522085269447416,0.0007898579351603985,0.9921103119850159,0.006847587879747152
TCGA:LSCC:TCGA-43-A56V-01,LSCC,LSCC,1.6880065231816843e-05,4.6706354623893276e-05,0.9998071789741516,0.00012926846102345735
TCGA:LSCC:TCGA-46-3765-01,LSCC,LSCC,1.891609645099379e-05,0.00015727848222013563,0.999756395816803,6.74475813866593e-05
TCGA:LSCC:TCGA-46-3766-01,LSCC,LSCC,0.002247260184958577,0.0005152697558514774,0.6508755683898926,0.3463618755340576
TCGA:LSCC:TCGA-46-3767-01,LSCC,LSCC,6.371229392243549e-05,3.808427936746739e-05,0.9997766613960266,0.00012149765098001808
TCGA:LSCC:TCGA-46-3768-01,LSCC,LSCC,0.0002137397968908772,0.0007997879874892533,0.9983649849891663,0.0006215264438651502
TCGA:LSCC:TCGA-46-3769-01,LSCC,LUAD,0.01779782772064209,0.002995667979121208,0.08794234693050385,0.8912642002105713
TCGA:LSCC:TCGA-46-6025-01,LSCC,LSCC,9.757069346960634e-05,0.08402714133262634,0.9156361818313599,0.00023915756901260465
TCGA:LSCC:TCGA-46-6026-01,LSCC,HNSCC,0.0027015749365091324,0.8919088840484619,0.10327962785959244,0.002109902212396264
TCGA:LSCC:TCGA-51-4079-01,LSCC,LSCC,0.00012769224122166634,0.00037941255141049623,0.9993435740470886,0.00014932351768948138
TCGA:LSCC:TCGA-51-4080-01,LSCC,LSCC,5.847931970492937e-05,0.00010641332482919097,0.9997809529304504,5.414661791292019e-05
TCGA:LSCC:TCGA-51-4081-01,LSCC,LSCC,0.0002196197456214577,0.0011370639549568295,0.9984596967697144,0.00018361925322096795
TCGA:LSCC:TCGA-52-7622-01,LSCC,LSCC,0.0002211181417806074,0.0012858596164733171,0.9955850839614868,0.002907950198277831
TCGA:LSCC:TCGA-52-7809-01,LSCC,LSCC,0.0015732531901448965,0.0005410084850154817,0.991465151309967,0.006420608144253492
TCGA:LSCC:TCGA-52-7810-01,LSCC,LSCC,0.00038514198968186975,0.001824932056479156,0.9976442456245422,0.00014565960736945271
TCGA:LSCC:TCGA-52-7811-01,LSCC,LSCC,0.00012225158570799977,0.06904800236225128,0.9305219650268555,0.0003077842411585152
TCGA:LSCC:TCGA-52-7812-01,LSCC,LUAD,0.002893832279369235,0.0002776991459541023,0.003184206783771515,0.9936442375183105
TCGA:LSCC:TCGA-56-1622-01,LSCC,LSCC,0.002640912076458335,0.0007748567149974406,0.9941670894622803,0.002417132491245866
TCGA:LSCC:TCGA-56-5897-01,LSCC,LSCC,0.0002226584911113605,0.0008568725315853953,0.9986796975135803,0.00024080334696918726
TCGA:LSCC:TCGA-56-5898-01,LSCC,LSCC,3.161384665872902e-05,0.00011551949137356132,0.9995406866073608,0.00031220648088492453
TCGA:LSCC:TCGA-56-6545-01,LSCC,LSCC,0.000846044160425663,0.0013527710689231753,0.9969536066055298,0.0008475292706862092
TCGA:LSCC:TCGA-56-6546-01,LSCC,LSCC,0.008722567930817604,0.00013785499322693795,0.9884597063064575,0.00267986161634326
TCGA:LSCC:TCGA-56-7221-01,LSCC,LSCC,0.0001234400406247005,0.00046139658661559224,0.9992963075637817,0.00011883719707839191
TCGA:LSCC:TCGA-56-7222-01,LSCC,LSCC,0.0004046729882247746,0.0004403612110763788,0.9983367919921875,0.0008181868470273912
TCGA:LSCC:TCGA-56-7223-01,LSCC,LSCC,0.009622964076697826,0.007958028465509415,0.8048059344291687,0.17761312425136566
TCGA:LSCC:TCGA-56-7579-01,LSCC,LSCC,0.0006905117770656943,0.0016028543468564749,0.997340977191925,0.0003656958579085767
TCGA:LSCC:TCGA-56-7580-01,LSCC,LSCC,2.475118344591465e-05,0.00034767770557664335,0.9995678067207336,5.9710197092499584e-05
TCGA:LSCC:TCGA-56-7582-01,LSCC,LSCC,0.0002559919666964561,0.000125819758977741,0.9995139837265015,0.0001042468793457374
TCGA:LSCC:TCGA-56-7730-01,LSCC,LSCC,9.693182073533535e-05,0.0005241002072580159,0.9992460012435913,0.00013303046580404043
TCGA:LSCC:TCGA-56-7731-01,LSCC,LSCC,3.9613885746803135e-05,0.0002108989137923345,0.9995068311691284,0.00024259458587039262
TCGA:LSCC:TCGA-56-7822-01,LSCC,LSCC,0.001316493609920144,0.002743133343756199,0.9925619959831238,0.0033783491235226393
TCGA:LSCC:TCGA-56-7823-01,LSCC,LSCC,0.00016934728773776442,0.0003828417102340609,0.9992330074310303,0.0002148647326976061
TCGA:LSCC:TCGA-56-8082-01,LSCC,LSCC,0.008925504051148891,0.024011151865124702,0.9657920598983765,0.001271328772418201
TCGA:LSCC:TCGA-56-8083-01,LSCC,LSCC,0.01717868633568287,0.014932322315871716,0.8464978933334351,0.12139108031988144
TCGA:LSCC:TCGA-56-8201-01,LSCC,LSCC,0.0014967962633818388,0.16562099754810333,0.8301709294319153,0.002711317501962185
TCGA:LSCC:TCGA-56-8304-01,LSCC,HNSCC,0.0003052030806429684,0.5083265900611877,0.49081525206565857,0.0005529840709641576
TCGA:LSCC:TCGA-56-8305-01,LSCC,LSCC,6.401544669643044e-05,0.007682476192712784,0.9920884370803833,0.00016506957763340324
TCGA:LSCC:TCGA-56-8307-01,LSCC,HNSCC,0.05063982680439949,0.6076344847679138,0.3370931148529053,0.004632564727216959
TCGA:LSCC:TCGA-56-8308-01,LSCC,LSCC,0.00022556794283445925,0.0008843912510201335,0.9986729621887207,0.00021706191182602197
TCGA:LSCC:TCGA-56-8309-01,LSCC,LSCC,0.0010964189423248172,0.0010775388218462467,0.9660124778747559,0.031813547015190125
TCGA:LSCC:TCGA-56-8503-01,LSCC,LSCC,2.4983062758110464e-05,0.00015488323697354645,0.9997468590736389,7.323174941120669e-05
TCGA:LSCC:TCGA-56-8504-01,LSCC,LSCC,0.0005651162937283516,0.0061142235063016415,0.9891029596328735,0.004217653535306454
TCGA:LSCC:TCGA-56-8622-01,LSCC,LSCC,0.0002902907144743949,0.0016381129389628768,0.9968169331550598,0.0012547025689855218
TCGA:LSCC:TCGA-56-8623-01,LSCC,LUAD,0.0002816446649376303,0.00040645425906404853,0.005071132443845272,0.9942407608032227
TCGA:LSCC:TCGA-56-8624-01,LSCC,LSCC,0.002870276803150773,0.0016368870856240392,0.9943597912788391,0.0011330635752528906
TCGA:LSCC:TCGA-56-8625-01,LSCC,LSCC,0.00021177766029722989,0.00012246107507962734,0.9994829893112183,0.00018272557645104825
TCGA:LSCC:TCGA-56-8626-01,LSCC,LSCC,0.0003285131824668497,0.003575009061023593,0.995665967464447,0.0004304996400605887
TCGA:LSCC:TCGA-56-8628-01,LSCC,LSCC,0.00042220321483910084,0.001396091771312058,0.995102047920227,0.003079682122915983
TCGA:LSCC:TCGA-56-8629-01,LSCC,LSCC,5.5877597333164886e-05,0.001361299306154251,0.9977784752845764,0.000804296403657645
TCGA:LSCC:TCGA-56-A49D-01,LSCC,LSCC,0.0005376914632506669,0.0188472718000412,0.9786680340766907,0.001946966047398746
TCGA:LSCC:TCGA-56-A4BW-01,LSCC,HNSCC,0.00010648489114828408,0.9978833794593811,0.0019059781916439533,0.00010410937829874456
TCGA:LSCC:TCGA-56-A4BX-01,LSCC,LSCC,0.0011868022847920656,0.008492887951433659,0.9879975318908691,0.002322742249816656
TCGA:LSCC:TCGA-56-A4BY-01,LSCC,HNSCC,0.0005377557827159762,0.8534132242202759,0.14505989849567413,0.000989109743386507
TCGA:LSCC:TCGA-56-A4ZJ-01,LSCC,LSCC,0.0016117325285449624,0.003901159390807152,0.9839736819267273,0.01051340065896511
TCGA:LSCC:TCGA-56-A4ZK-01,LSCC,LSCC,0.00018553610425442457,0.0004858453175984323,0.9992252588272095,0.00010335358820157126
TCGA:LSCC:TCGA-56-A5DR-01,LSCC,LSCC,7.130546146072447e-05,0.00026172830257564783,0.9994600415229797,0.00020695923012681305
TCGA:LSCC:TCGA-56-A5DS-01,LSCC,LSCC,7.484214438591152e-05,0.00039718864718452096,0.9990832805633545,0.0004447334795258939
TCGA:LSCC:TCGA-56-A62T-01,LSCC,LSCC,0.005253565032035112,0.04091016575694084,0.9470009207725525,0.0068353889510035515
TCGA:LSCC:TCGA-58-8386-01,LSCC,LSCC,0.0013113758759573102,0.12216544151306152,0.873773455619812,0.0027497056871652603
TCGA:LSCC:TCGA-58-8387-01,LSCC,LSCC,0.0002861803804989904,0.0018189464462921023,0.9973499774932861,0.0005448756273835897
TCGA:LSCC:TCGA-58-8388-01,LSCC,LSCC,0.0007660394185222685,0.0013472249265760183,0.9941040873527527,0.0037827049382030964
TCGA:LSCC:TCGA-58-8390-01,LSCC,LSCC,0.0009032860398292542,0.00048661103937774897,0.9984444975852966,0.00016558427887503058
TCGA:LSCC:TCGA-58-8391-01,LSCC,HNSCC,0.00016281830903608352,0.734256386756897,0.26514941453933716,0.000431434455094859
TCGA:LSCC:TCGA-58-8392-01,LSCC,LSCC,1.3944371858087834e-05,0.00031798076815903187,0.9996115565299988,5.653214975609444e-05
TCGA:LSCC:TCGA-58-8393-01,LSCC,LSCC,0.000306369096506387,0.013430082239210606,0.9841164946556091,0.0021470042411237955
TCGA:LSCC:TCGA-58-A46J-01,LSCC,HNSCC,0.0020599246490746737,0.8595831990242004,0.1339605152606964,0.004396314732730389
TCGA:LSCC:TCGA-58-A46K-01,LSCC,LSCC,4.519713547779247e-05,0.00023487680300604552,0.9995506405830383,0.00016924433293752372
TCGA:LSCC:TCGA-58-A46L-01,LSCC,LSCC,0.00018856882525142282,0.00039951669168658555,0.9992701411247253,0.00014180754078552127
TCGA:LSCC:TCGA-58-A46M-01,LSCC,LSCC,5.404608600656502e-05,0.0001755876000970602,0.9996497631072998,0.00012061227607773617
TCGA:LSCC:TCGA-58-A46N-01,LSCC,LSCC,6.559217581525445e-05,0.000532182864844799,0.9993281364440918,7.417102460749447e-05
TCGA:LSCC:TCGA-60-2695-01,LSCC,LSCC,0.32462310791015625,0.006875381805002689,0.6039466857910156,0.0645548403263092
TCGA:LSCC:TCGA-60-2697-01,LSCC,LUAD,0.0002272709971293807,4.317262937547639e-05,0.0022834392730146646,0.9974461793899536
TCGA:LSCC:TCGA-60-2698-01,LSCC,LSCC,0.0002455842331983149,0.00222723837941885,0.9948405623435974,0.002686598338186741
TCGA:LSCC:TCGA-60-2703-01,LSCC,LSCC,0.0007807790534570813,0.0003305443678982556,0.9874252676963806,0.011463446542620659
TCGA:LSCC:TCGA-60-2704-01,LSCC,LSCC,6.490213854704052e-05,7.56047447794117e-05,0.9983320832252502,0.001527418615296483
TCGA:LSCC:TCGA-60-2706-01,LSCC,LSCC,0.004503297619521618,0.0005605245823971927,0.5442532300949097,0.45068293809890747
TCGA:LSCC:TCGA-60-2707-01,LSCC,LSCC,0.0004077742632944137,0.006364583503454924,0.9896638989448547,0.003563766833394766
TCGA:LSCC:TCGA-60-2708-01,LSCC,LSCC,0.0011057950323447585,0.01626439206302166,0.9818271994590759,0.0008026100695133209
TCGA:LSCC:TCGA-60-2709-01,LSCC,LSCC,5.1543825975386426e-05,0.0002787503763101995,0.9995606541633606,0.00010900823690462857
TCGA:LSCC:TCGA-60-2710-01,LSCC,LSCC,7.431059202644974e-05,0.001428583636879921,0.9984489679336548,4.8137098929146305e-05
TCGA:LSCC:TCGA-60-2711-01,LSCC,LSCC,0.0001300155563512817,0.00010959667997667566,0.999697208404541,6.320313696051016e-05
TCGA:LSCC:TCGA-60-2713-01,LSCC,LSCC,0.00011124436423415318,0.00024710598518140614,0.9996190071105957,2.265188959427178e-05
TCGA:LSCC:TCGA-60-2714-01,LSCC,LUAD,0.0005676780710928142,0.00016638817032799125,0.049993179738521576,0.9492726922035217
TCGA:LSCC:TCGA-60-2716-01,LSCC,HNSCC,0.012352761812508106,0.6461240649223328,0.3372669816017151,0.0042562177404761314
TCGA:LSCC:TCGA-60-2719-01,LSCC,LSCC,0.00012991874245926738,0.007063677534461021,0.9924037456512451,0.0004027378454338759
TCGA:LSCC:TCGA-60-2720-01,LSCC,LSCC,0.008437840268015862,0.011683606542646885,0.9647377729415894,0.015140763483941555
TCGA:LSCC:TCGA-60-2721-01,LSCC,LSCC,0.00013722993026021868,0.0004327504138927907,0.9990015625953674,0.00042849176679737866
TCGA:LSCC:TCGA-60-2722-01,LSCC,LSCC,0.00048120191786438227,0.002912551863119006,0.9960581064224243,0.0005481653497554362
TCGA:LSCC:TCGA-60-2723-01,LSCC,LSCC,4.3439402361400425e-05,8.496817463310435e-05,0.9997997879981995,7.185220601968467e-05
TCGA:LSCC:TCGA-60-2724-01,LSCC,LSCC,0.00018450990319252014,0.032812219113111496,0.9663328528404236,0.00067045638570562
TCGA:LSCC:TCGA-60-2725-01,LSCC,LSCC,2.757968832156621e-05,5.634976696455851e-05,0.9998028874397278,0.00011323740181978792
TCGA:LSCC:TCGA-60-2726-01,LSCC,LSCC,0.005601867102086544,0.00789621938019991,0.9844892024993896,0.0020127571187913418
TCGA:LSCC:TCGA-63-5128-01,LSCC,LSCC,0.00011869776790263131,0.00469806557521224,0.9949458241462708,0.0002373960887780413
TCGA:LSCC:TCGA-63-5131-01,LSCC,LSCC,6.815757660660893e-05,0.00017999309056904167,0.9995908141136169,0.00016110044089145958
TCGA:LSCC:TCGA-63-6202-01,LSCC,LUAD,0.0009339622338302433,0.0001137231447501108,0.0008991468348540366,0.9980531930923462
TCGA:LSCC:TCGA-63-7020-01,LSCC,LSCC,0.0009589457185938954,0.06106557697057724,0.9332600831985474,0.00471545709297061
TCGA:LSCC:TCGA-63-7021-01,LSCC,LSCC,0.00032395534799434245,0.00279031228274107,0.9963945746421814,0.0004911061841994524
TCGA:LSCC:TCGA-63-7022-01,LSCC,LSCC,0.0003367637109477073,0.06499703228473663,0.9336086511611938,0.0010575634660199285
TCGA:LSCC:TCGA-63-7023-01,LSCC,LSCC,0.0067807831801474094,0.0013521919026970863,0.9858213067054749,0.006045678164809942
TCGA:LSCC:TCGA-63-A5M9-01,LSCC,LSCC,0.0001845240913098678,0.00011294747673673555,0.9990125894546509,0.000689904554747045
TCGA:LSCC:TCGA-63-A5MB-01,LSCC,LSCC,0.00010481644130777568,0.0004904107190668583,0.9993265867233276,7.822169573046267e-05
TCGA:LSCC:TCGA-63-A5MG-01,LSCC,LSCC,0.00013709708582609892,0.017728913575410843,0.9816969037055969,0.0004370361566543579
TCGA:LSCC:TCGA-63-A5MH-01,LSCC,LSCC,0.02850959636271,0.31604719161987305,0.6386242508888245,0.016818933188915253
TCGA:LSCC:TCGA-63-A5MI-01,LSCC,LSCC,0.00023933389456942677,0.00391771225258708,0.9956287145614624,0.00021425657905638218
TCGA:LSCC:TCGA-63-A5MJ-01,LSCC,LSCC,6.097271034377627e-05,0.0007415030268020928,0.9991264939308167,7.103417738107964e-05
TCGA:LSCC:TCGA-63-A5ML-01,LSCC,LSCC,8.033678022911772e-05,0.0028693722561001778,0.9967875480651855,0.0002627926296554506
TCGA:LSCC:TCGA-63-A5MM-01,LSCC,LSCC,0.0460003986954689,0.3734365999698639,0.5226801037788391,0.057882893830537796
TCGA:LSCC:TCGA-63-A5MN-01,LSCC,LUAD,0.003173315431922674,0.000808847020380199,0.13332003355026245,0.8626978397369385
TCGA:LSCC:TCGA-63-A5MP-01,LSCC,LSCC,0.0002963164006359875,7.441295019816607e-05,0.9994449019432068,0.00018434145022183657
TCGA:LSCC:TCGA-63-A5MR-01,LSCC,HNSCC,5.191226227907464e-05,0.9909175038337708,0.008902260102331638,0.00012837715621571988
TCGA:LSCC:TCGA-63-A5MS-01,LSCC,LSCC,0.0010419554309919477,0.09735430032014847,0.9001714587211609,0.0014322708593681455
TCGA:LSCC:TCGA-63-A5MT-01,LSCC,LSCC,0.0010014452273026109,0.0019947709515690804,0.9955058097839355,0.0014979291008785367
TCGA:LSCC:TCGA-63-A5MU-01,LSCC,LSCC,0.00025829701917245984,0.005040449555963278,0.9942893981933594,0.0004117922217119485
TCGA:LSCC:TCGA-63-A5MV-01,LSCC,LSCC,0.00033135220292024314,0.1654902994632721,0.8324678540229797,0.0017104856669902802
TCGA:LSCC:TCGA-63-A5MW-01,LSCC,LSCC,0.0236833356320858,0.0011773614678531885,0.9711574912071228,0.003981739282608032
TCGA:LSCC:TCGA-63-A5MY-01,LSCC,LSCC,0.002030717907473445,0.005925889126956463,0.9910747408866882,0.0009687392739579082
TCGA:LSCC:TCGA-66-2727-01,LSCC,LSCC,0.00010555966582614928,0.0004543362883850932,0.9992645382881165,0.00017559107800479978
TCGA:LSCC:TCGA-66-2734-01,LSCC,LSCC,2.3608421543031e-05,8.822853851597756e-05,0.9991484880447388,0.00073961669113487
TCGA:LSCC:TCGA-66-2737-01,LSCC,LSCC,3.662481321953237e-05,4.766455458593555e-05,0.9998016953468323,0.00011407055717427284
TCGA:LSCC:TCGA-66-2742-01,LSCC,LSCC,0.0001861943310359493,0.0002671198744792491,0.9982503056526184,0.0012963394401594996
TCGA:LSCC:TCGA-66-2744-01,LSCC,LSCC,0.0027190616820007563,0.0015662055229768157,0.9942254424095154,0.0014892786275595427
TCGA:LSCC:TCGA-66-2753-01,LSCC,LSCC,0.0012654969468712807,0.00021906860638409853,0.9922349452972412,0.006280576344579458
TCGA:LSCC:TCGA-66-2754-01,LSCC,LSCC,0.022477325052022934,0.001685650204308331,0.8570094108581543,0.11882762610912323
TCGA:LSCC:TCGA-66-2755-01,LSCC,LSCC,0.00036406517028808594,0.0002059268590528518,0.9992325305938721,0.0001974405167857185
TCGA:LSCC:TCGA-66-2756-01,LSCC,LUAD,0.0020792849827557802,8.909455209504813e-05,0.006932883523404598,0.9908987283706665
TCGA:LSCC:TCGA-66-2757-01,LSCC,BRCA,0.7264381051063538,0.003702543443068862,0.24472004175186157,0.02513928897678852
TCGA:LSCC:TCGA-66-2758-01,LSCC,LSCC,3.9891241613077e-05,0.00038716921699233353,0.9995068311691284,6.611037679249421e-05
TCGA:LSCC:TCGA-66-2759-01,LSCC,LSCC,5.0926908443216234e-05,0.00035141679109074175,0.9994254112243652,0.00017223652685061097
TCGA:LSCC:TCGA-66-2763-01,LSCC,LSCC,0.000149962303112261,0.00032462645322084427,0.9994275569915771,9.785350994206965e-05
TCGA:LSCC:TCGA-66-2765-01,LSCC,LSCC,0.0002352554292883724,0.013041620142757893,0.986221432685852,0.0005017002113163471
TCGA:LSCC:TCGA-66-2766-01,LSCC,LSCC,0.0002705466467887163,0.0005300202174112201,0.9988780617713928,0.0003213317249901593
TCGA:LSCC:TCGA-66-2767-01,LSCC,LSCC,4.565186100080609e-05,0.00011778008774854243,0.9994686245918274,0.0003679317596834153
TCGA:LSCC:TCGA-66-2768-01,LSCC,LSCC,0.0006833178922533989,0.02209136076271534,0.9748987555503845,0.0023265311028808355
TCGA:LSCC:TCGA-66-2769-01,LSCC,LSCC,0.0005190881201997399,0.0004370903770904988,0.9988667964935303,0.00017700903117656708
TCGA:LSCC:TCGA-66-2770-01,LSCC,LSCC,2.2250380425248295e-05,0.0002373247261857614,0.9997163414955139,2.400307494099252e-05
TCGA:LSCC:TCGA-66-2771-01,LSCC,LSCC,5.70481970498804e-05,0.00010650000331224874,0.9991325736045837,0.0007038465701043606
TCGA:LSCC:TCGA-66-2773-01,LSCC,LSCC,1.8610700863064267e-05,0.0005739238695241511,0.9991662502288818,0.00024125656636897475
TCGA:LSCC:TCGA-66-2777-01,LSCC,LSCC,0.0001319587609032169,0.0006932712276466191,0.9988453388214111,0.0003293589106760919
TCGA:LSCC:TCGA-66-2778-01,LSCC,LSCC,0.0021317130886018276,0.00429129134863615,0.9921866655349731,0.0013902708888053894
TCGA:LSCC:TCGA-66-2780-01,LSCC,LSCC,0.00030864402651786804,0.000680328521411866,0.9964563250541687,0.002554661128669977
TCGA:LSCC:TCGA-66-2781-01,LSCC,LSCC,0.00014319634647108614,0.00015976886788848788,0.998224675655365,0.0014724164502695203
TCGA:LSCC:TCGA-66-2782-01,LSCC,LSCC,5.276215961202979e-05,0.0001823812344809994,0.9986237287521362,0.0011411531595513225
TCGA:LSCC:TCGA-66-2783-01,LSCC,LSCC,2.322530963283498e-05,0.0009064673213288188,0.9990202188491821,5.006400897400454e-05
TCGA:LSCC:TCGA-66-2785-01,LSCC,LUAD,0.03300079330801964,0.038638483732938766,0.4229561388492584,0.5054045915603638
TCGA:LSCC:TCGA-66-2786-01,LSCC,LSCC,3.1648323783883825e-05,2.8984910386498086e-05,0.9996510744094849,0.00028828371432609856
TCGA:LSCC:TCGA-66-2787-01,LSCC,LSCC,0.00022337690461426973,0.00026376015739515424,0.9991635084152222,0.00034934646100737154
TCGA:LSCC:TCGA-66-2788-01,LSCC,LSCC,9.556832810631022e-05,0.0001062406663550064,0.9991149306297302,0.0006832244107499719
TCGA:LSCC:TCGA-66-2789-01,LSCC,LSCC,0.00040634366450831294,6.975697760935873e-05,0.9994257688522339,9.811975905904546e-05
TCGA:LSCC:TCGA-66-2790-01,LSCC,LSCC,9.116267028730363e-05,0.0001532121968921274,0.9995623230934143,0.00019328054622747004
TCGA:LSCC:TCGA-66-2791-01,LSCC,LSCC,1.6058893379522488e-05,4.618114326149225e-05,0.9997881054878235,0.00014963233843445778
TCGA:LSCC:TCGA-66-2792-01,LSCC,LSCC,0.0001344479387626052,0.0004331797535996884,0.9991399049758911,0.00029246395570226014
TCGA:LSCC:TCGA-66-2793-01,LSCC,LSCC,0.027926243841648102,0.002643678802996874,0.9680201411247253,0.0014099613763391972
TCGA:LSCC:TCGA-66-2794-01,LSCC,LSCC,0.0005062880809418857,0.0014392125885933638,0.9973675608634949,0.0006869304343126714
TCGA:LSCC:TCGA-66-2795-01,LSCC,LSCC,0.00034167454577982426,0.00035908681456930935,0.9976961016654968,0.0016031675040721893
TCGA:LSCC:TCGA-66-2800-01,LSCC,LSCC,1.4234662558010314e-05,4.207976962788962e-05,0.9999070167541504,3.6685687518911436e-05
TCGA:LSCC:TCGA-68-7755-01,LSCC,HNSCC,0.00023121519188862294,0.5401813983917236,0.45891162753105164,0.0006757662049494684
TCGA:LSCC:TCGA-68-7756-01,LSCC,LSCC,3.4191918530268595e-05,0.003431219607591629,0.995966911315918,0.0005676696309819818
TCGA:LSCC:TCGA-68-7757-01,LSCC,LSCC,0.0029013718012720346,0.47855255007743835,0.5074955224990845,0.011050557717680931
TCGA:LSCC:TCGA-68-8250-01,LSCC,LSCC,0.0005275331204757094,0.0012106550857424736,0.9975873231887817,0.0006744617130607367
TCGA:LSCC:TCGA-68-8251-01,LSCC,LSCC,0.0004249430203344673,0.001024912460707128,0.9982592463493347,0.00029085163259878755
TCGA:LSCC:TCGA-68-A59I-01,LSCC,LSCC,0.008809495717287064,0.027261599898338318,0.9620813131332397,0.0018476503901183605
TCGA:LSCC:TCGA-68-A59J-01,LSCC,LSCC,5.5860924476291984e-05,0.0002636300050653517,0.9995166063308716,0.0001639597030589357
TCGA:LSCC:TCGA-6A-AB49-01,LSCC,LSCC,0.00785409938544035,0.013526245020329952,0.9634081721305847,0.015211419202387333
TCGA:LSCC:TCGA-70-6722-01,LSCC,LSCC,0.2929912805557251,0.06920262426137924,0.555256187915802,0.08254995942115784
TCGA:LSCC:TCGA-70-6723-01,LSCC,LSCC,0.0008811395964585245,0.004519300069659948,0.9909173846244812,0.0036821591202169657
TCGA:LSCC:TCGA-77-6842-01,LSCC,LSCC,0.00022349950450006872,6.705042324028909e-05,0.9977193474769592,0.0019900507759302855
TCGA:LSCC:TCGA-77-6843-01,LSCC,LSCC,0.0034044578205794096,0.004016880877315998,0.9875850677490234,0.004993544891476631
TCGA:LSCC:TCGA-77-6844-01,LSCC,HNSCC,0.0001805822248570621,0.7920973300933838,0.20713822543621063,0.0005838189972564578
TCGA:LSCC:TCGA-77-6845-01,LSCC,LSCC,0.0002500924456398934,0.0006172357825562358,0.9989860653877258,0.0001466137618990615
TCGA:LSCC:TCGA-77-7138-01,LSCC,HNSCC,0.01086764968931675,0.8146141171455383,0.17301781475543976,0.0015003728913143277
TCGA:LSCC:TCGA-77-7139-01,LSCC,LSCC,0.00040349140181206167,0.0007824701024219394,0.9986832737922668,0.0001307733473367989
TCGA:LSCC:TCGA-77-7140-01,LSCC,LSCC,0.00035271598608233035,0.0009503099718131125,0.9983722567558289,0.0003247844288125634
TCGA:LSCC:TCGA-77-7141-01,LSCC,LSCC,0.0015803736168891191,0.0010209956672042608,0.9953124523162842,0.0020861190278083086
TCGA:LSCC:TCGA-77-7142-01,LSCC,LSCC,0.0017058216035366058,0.0003031598462257534,0.9978396892547607,0.00015126346261240542
TCGA:LSCC:TCGA-77-7335-01,LSCC,LSCC,0.0053352550603449345,0.006507801823318005,0.9796761274337769,0.008480851538479328
TCGA:LSCC:TCGA-77-7337-01,LSCC,LSCC,0.0006438593263737857,0.020252788439393044,0.9769644141197205,0.002138909650966525
TCGA:LSCC:TCGA-77-7338-01,LSCC,LSCC,0.00011260104656685144,0.0005604681209661067,0.9988629817962646,0.0004639998951461166
TCGA:LSCC:TCGA-77-7463-01,LSCC,LSCC,9.183212387142703e-05,0.0004986985004507005,0.9993641972541809,4.524972609942779e-05
TCGA:LSCC:TCGA-77-7465-01,LSCC,LSCC,0.0023833762388676405,0.00027779597439803183,0.9961382746696472,0.0012005382450297475
TCGA:LSCC:TCGA-77-8007-01,LSCC,LUAD,0.0019347094930708408,0.0004798135778401047,0.048807088285684586,0.9487783908843994
TCGA:LSCC:TCGA-77-8008-01,LSCC,LSCC,0.0009541463223285973,0.001615503104403615,0.9970197081565857,0.0004106402047909796
TCGA:LSCC:TCGA-77-8009-01,LSCC,LSCC,3.179842315148562e-05,9.02488172869198e-05,0.9997792840003967,9.87200764939189e-05
TCGA:LSCC:TCGA-77-8128-01,LSCC,LSCC,0.0001369491801597178,0.0011238085571676493,0.9978118538856506,0.0009274560725316405
TCGA:LSCC:TCGA-77-8130-01,LSCC,LSCC,0.0049293008632957935,0.02642796002328396,0.9654900431632996,0.003152713179588318
TCGA:LSCC:TCGA-77-8131-01,LSCC,HNSCC,0.0004186105215921998,0.9945480227470398,0.004812729079276323,0.0002206534700235352
TCGA:LSCC:TCGA-77-8133-01,LSCC,LSCC,0.0014667585492134094,0.009388280101120472,0.9881595373153687,0.0009854321833699942
TCGA:LSCC:TCGA-77-8136-01,LSCC,LSCC,0.00063014414627105,0.06476125866174698,0.9323209524154663,0.002287600189447403
TCGA:LSCC:TCGA-77-8138-01,LSCC,LSCC,0.00012420998245943338,8.860469824867323e-05,0.9985104203224182,0.0012767056468874216
TCGA:LSCC:TCGA-77-8139-01,LSCC,LSCC,0.0003465688496362418,0.07163083553314209,0.9267117977142334,0.001310786698013544
TCGA:LSCC:TCGA-77-8140-01,LSCC,LSCC,0.0004305045586079359,0.001350284437648952,0.997027575969696,0.0011916718212887645
TCGA:LSCC:TCGA-77-8143-01,LSCC,HNSCC,0.0026526320725679398,0.5378308296203613,0.4590516984462738,0.0004648490867111832
TCGA:LSCC:TCGA-77-8144-01,LSCC,HNSCC,8.923382119974121e-05,0.999298095703125,0.0005724593647755682,4.013626676169224e-05
TCGA:LSCC:TCGA-77-8145-01,LSCC,LSCC,0.0005383644020184875,0.04230494797229767,0.9562830924987793,0.0008735538576729596
TCGA:LSCC:TCGA-77-8148-01,LSCC,LSCC,0.0004976285272277892,0.009991954080760479,0.988686203956604,0.0008242650656029582
TCGA:LSCC:TCGA-77-8150-01,LSCC,LSCC,0.00012138433521613479,0.001108997268602252,0.9984527826309204,0.00031680535175837576
TCGA:LSCC:TCGA-77-8153-01,LSCC,LSCC,0.0001144324050983414,0.00218654191121459,0.9975833892822266,0.00011559505946934223
TCGA:LSCC:TCGA-77-8154-01,LSCC,LSCC,0.0001755291159497574,0.0008610406657680869,0.9981396198272705,0.0008238382288254797
TCGA:LSCC:TCGA-77-8156-01,LSCC,LSCC,0.0003736456565093249,0.0038515899796038866,0.9955189228057861,0.0002558515116106719
TCGA:LSCC:TCGA-77-A5FZ-01,LSCC,LUAD,0.002992848167195916,0.0014597804984077811,0.02772700972855091,0.9678203463554382
TCGA:LSCC:TCGA-77-A5G1-01,LSCC,LSCC,0.09018752723932266,0.007977241650223732,0.8912361860275269,0.010599063709378242
TCGA:LSCC:TCGA-77-A5G3-01,LSCC,LSCC,0.00013344200851861387,0.00024006966850720346,0.9995566010475159,6.985526124481112e-05
TCGA:LSCC:TCGA-77-A5G6-01,LSCC,LSCC,0.0011894775088876486,0.0699358657002449,0.9279133677482605,0.0009612955618649721
TCGA:LSCC:TCGA-77-A5G7-01,LSCC,LSCC,0.00022696649830322713,0.0005902066477574408,0.9988484382629395,0.0003343507705722004
TCGA:LSCC:TCGA-77-A5G8-01,LSCC,LSCC,6.223859236342832e-05,0.00025924883084371686,0.9996306896209717,4.7839457693044096e-05
TCGA:LSCC:TCGA-77-A5GB-01,LSCC,HNSCC,8.535492816008627e-05,0.9981468915939331,0.001750398543663323,1.7339203623123467e-05
TCGA:LSCC:TCGA-77-A5GF-01,LSCC,LSCC,0.00031130891875363886,0.012053159065544605,0.9870266318321228,0.0006089659873396158
TCGA:LSCC:TCGA-77-A5GH-01,LSCC,LSCC,0.0026053483597934246,0.0007086864789016545,0.99313884973526,0.003547067055478692
TCGA:LSCC:TCGA-79-5596-01,LSCC,LSCC,0.0008813595050014555,0.006498158443719149,0.9910021424293518,0.001618392881937325
TCGA:LSCC:TCGA-85-6175-01,LSCC,LSCC,0.02549770101904869,0.21177704632282257,0.7203877568244934,0.04233749955892563
TCGA:LSCC:TCGA-85-6560-01,LSCC,BRCA,0.8579009771347046,0.0030637674499303102,0.06172870844602585,0.07730656862258911
TCGA:LSCC:TCGA-85-6561-01,LSCC,LSCC,0.0007739175343886018,0.10250933468341827,0.8951542973518372,0.0015625118976458907
TCGA:LSCC:TCGA-85-6798-01,LSCC,LSCC,0.0003556952578946948,0.0020947980228811502,0.9973100423812866,0.00023947823501657695
TCGA:LSCC:TCGA-85-7696-01,LSCC,LSCC,0.00013729999773204327,0.00022094789892435074,0.9992885589599609,0.00035319055314175785
TCGA:LSCC:TCGA-85-7697-01,LSCC,LSCC,0.0002781864022836089,0.24344590306282043,0.7558722496032715,0.0004036540340166539
TCGA:LSCC:TCGA-85-7698-01,LSCC,LSCC,4.599284511641599e-05,0.000462023017462343,0.9994046688079834,8.726684609428048e-05
TCGA:LSCC:TCGA-85-7699-01,LSCC,LSCC,0.0019143932731822133,0.006185931619256735,0.9866851568222046,0.005214461591094732
TCGA:LSCC:TCGA-85-7710-01,LSCC,LSCC,0.0001237663673236966,0.000649829744361341,0.9987278580665588,0.0004984891274943948
TCGA:LSCC:TCGA-85-7843-01,LSCC,LSCC,5.133859667694196e-05,0.0005146106705069542,0.9993687272071838,6.530690734507516e-05
TCGA:LSCC:TCGA-85-7844-01,LSCC,LSCC,0.00022337732661981136,0.018438784405589104,0.9810432195663452,0.00029459947836585343
TCGA:LSCC:TCGA-85-7950-01,LSCC,LSCC,0.0001592100306879729,0.0003300595562905073,0.9991770386695862,0.00033370914752595127
TCGA:LSCC:TCGA-85-8048-01,LSCC,LSCC,0.0035544116981327534,0.0011803688248619437,0.9732705354690552,0.02199471741914749
TCGA:LSCC:TCGA-85-8049-01,LSCC,LSCC,0.000929687637835741,0.050254594534635544,0.9444718360900879,0.004343900829553604
TCGA:LSCC:TCGA-85-8052-01,LSCC,LSCC,2.9406925023067743e-05,0.00011965840531047434,0.9997997879981995,5.1204970077378675e-05
TCGA:LSCC:TCGA-85-8070-01,LSCC,LSCC,0.00017832292360253632,0.0003496761491987854,0.9992713332176208,0.00020063041301909834
TCGA:LSCC:TCGA-85-8071-01,LSCC,LSCC,0.0005188644281588495,0.0013836463913321495,0.9958131909370422,0.002284296089783311
TCGA:LSCC:TCGA-85-8072-01,LSCC,LSCC,0.00015834104851819575,0.008277514949440956,0.9913873076438904,0.00017685629427433014
TCGA:LSCC:TCGA-85-8276-01,LSCC,LSCC,0.00024129851954057813,0.0002592797391116619,0.9992570281028748,0.00024234344891738147
TCGA:LSCC:TCGA-85-8277-01,LSCC,LSCC,0.00016974983736872673,0.0007707385229878128,0.9988009929656982,0.0002584853209555149
TCGA:LSCC:TCGA-85-8287-01,LSCC,LSCC,0.03514624759554863,0.02380150370299816,0.9143521785736084,0.026700105518102646
TCGA:LSCC:TCGA-85-8288-01,LSCC,LSCC,9.214483725372702e-05,0.00012220683856867254,0.9991598129272461,0.000625785265583545
TCGA:LSCC:TCGA-85-8350-01,LSCC,LSCC,0.0002882001281250268,0.008206762373447418,0.9906466007232666,0.0008584564202465117
TCGA:LSCC:TCGA-85-8351-01,LSCC,LSCC,0.0001356622378807515,0.00013553991448134184,0.9995936751365662,0.00013510757707990706
TCGA:LSCC:TCGA-85-8352-01,LSCC,LSCC,0.16094760596752167,0.005412658676505089,0.8234529495239258,0.010186795145273209
TCGA:LSCC:TCGA-85-8353-01,LSCC,LSCC,0.0004329071380198002,0.01915816217660904,0.9783483147621155,0.0020606189500540495
TCGA:LSCC:TCGA-85-8354-01,LSCC,LSCC,0.0008947058231569827,0.031013470143079758,0.964585542678833,0.0035062390379607677
TCGA:LSCC:TCGA-85-8355-01,LSCC,LSCC,0.0004510651051532477,0.0011531596537679434,0.9936843514442444,0.0047113629989326
TCGA:LSCC:TCGA-85-8479-01,LSCC,LSCC,0.00035744503838941455,0.0010204428108409047,0.9984678626060486,0.00015416611859109253
TCGA:LSCC:TCGA-85-8481-01,LSCC,LSCC,0.0011939011747017503,0.007263100706040859,0.9894976615905762,0.0020453252363950014
TCGA:LSCC:TCGA-85-8580-01,LSCC,LSCC,0.00011861435632454231,0.0003347208257764578,0.9994572997093201,8.939616236602888e-05
TCGA:LSCC:TCGA-85-8582-01,LSCC,LSCC,0.0017309392569586635,0.0068953270092606544,0.9909254312515259,0.0004482866788748652
TCGA:LSCC:TCGA-85-8584-01,LSCC,LUAD,0.004704327322542667,0.001781892846338451,0.02254313789308071,0.9709706902503967
TCGA:LSCC:TCGA-85-8664-01,LSCC,LSCC,5.089138721814379e-05,0.0001824579230742529,0.9994076490402222,0.0003589958359953016
TCGA:LSCC:TCGA-85-8666-01,LSCC,LSCC,0.00014032227045390755,0.0006797504611313343,0.9989579916000366,0.0002219487214460969
TCGA:LSCC:TCGA-85-A4CL-01,LSCC,LSCC,0.00032285493216477334,0.002123021287843585,0.9972074627876282,0.0003466712078079581
TCGA:LSCC:TCGA-85-A4CN-01,LSCC,LSCC,0.0005721368943341076,0.023411421105265617,0.9755845665931702,0.00043185590766370296
TCGA:LSCC:TCGA-85-A4JB-01,LSCC,LSCC,0.0006562297930940986,0.023701868951320648,0.9753912091255188,0.00025069245020858943
TCGA:LSCC:TCGA-85-A4JC-01,LSCC,LSCC,0.00039130717050284147,0.007620658725500107,0.9895338416099548,0.0024541979655623436
TCGA:LSCC:TCGA-85-A4PA-01,LSCC,BRCA,0.7118241786956787,0.01806429773569107,0.25329554080963135,0.016815975308418274
TCGA:LSCC:TCGA-85-A4QQ-01,LSCC,LSCC,0.0010759910801425576,0.0175983477383852,0.9801880121231079,0.0011376588372513652
TCGA:LSCC:TCGA-85-A4QR-01,LSCC,LSCC,0.00038578794919885695,0.11643261462450027,0.8826808929443359,0.0005007735453546047
TCGA:LSCC:TCGA-85-A50M-01,LSCC,LUAD,0.0017866414273157716,0.012136537581682205,0.13173985481262207,0.8543369174003601
TCGA:LSCC:TCGA-85-A50Z-01,LSCC,LSCC,0.0007506340043619275,0.0006936094723641872,0.9921773076057434,0.006378444842994213
TCGA:LSCC:TCGA-85-A510-01,LSCC,LSCC,0.0189508106559515,0.001735673868097365,0.9670476913452148,0.01226585078984499
TCGA:LSCC:TCGA-85-A511-01,LSCC,LSCC,4.082310988451354e-05,0.00015109716332517564,0.9996738433837891,0.00013418958405964077
TCGA:LSCC:TCGA-85-A512-01,LSCC,HNSCC,0.0003065671771764755,0.8788521885871887,0.12059974670410156,0.00024154965649358928
TCGA:LSCC:TCGA-85-A513-01,LSCC,LUAD,0.04697512090206146,0.0009001329890452325,0.011090896092355251,0.9410338401794434
TCGA:LSCC:TCGA-85-A53L-01,LSCC,LSCC,0.00025071806157939136,0.0003563010832294822,0.9991316199302673,0.0002614213153719902
TCGA:LSCC:TCGA-85-A5B5-01,LSCC,LSCC,0.00035988626768812537,0.00784357264637947,0.9911608695983887,0.000635614269413054
TCGA:LSCC:TCGA-90-6837-01,LSCC,LSCC,0.003349562408402562,0.04771849513053894,0.9327920079231262,0.016139918938279152
TCGA:LSCC:TCGA-90-7766-01,LSCC,LSCC,0.00011681218893500045,0.0001911435683723539,0.9994497895240784,0.00024224068329203874
TCGA:LSCC:TCGA-90-7767-01,LSCC,LSCC,0.03270662575960159,0.07685089856386185,0.8772497773170471,0.013192690908908844
TCGA:LSCC:TCGA-90-7769-01,LSCC,LSCC,0.00014026188000570983,0.000992681598290801,0.9987518787384033,0.00011511315824463964
TCGA:LSCC:TCGA-90-7964-01,LSCC,LSCC,0.001593535766005516,0.004435666836798191,0.96554034948349,0.028430480509996414
TCGA:LSCC:TCGA-90-A4ED-01,LSCC,BRCA,0.9935716390609741,4.5970875362399966e-05,0.006231823470443487,0.00015054494724608958
TCGA:LSCC:TCGA-90-A4EE-01,LSCC,LSCC,0.0024790442548692226,0.0010516899637877941,0.9955416321754456,0.0009276529890485108
TCGA:LSCC:TCGA-90-A59Q-01,LSCC,LUAD,0.0005111590144224465,0.0012632933212444186,0.03889470174908638,0.9593309164047241
TCGA:LSCC:TCGA-92-7340-01,LSCC,LSCC,0.0001936503394972533,0.0014984461013227701,0.9975180625915527,0.0007898650947026908
TCGA:LSCC:TCGA-92-7341-01,LSCC,LSCC,8.820827497402206e-05,0.00041554574272595346,0.9994459748268127,5.0285594625165686e-05
TCGA:LSCC:TCGA-92-8063-01,LSCC,LSCC,7.941445073811337e-05,0.0006710535963065922,0.9981973767280579,0.0010521523654460907
TCGA:LSCC:TCGA-92-8064-01,LSCC,LSCC,0.00020211501396261156,0.004088510759174824,0.9953190684318542,0.00039030014886520803
TCGA:LSCC:TCGA-92-8065-01,LSCC,HNSCC,0.01661711558699608,0.884467601776123,0.06542088091373444,0.03349439427256584
TCGA:LSCC:TCGA-94-7033-01,LSCC,LSCC,0.0018199828919023275,0.17832599580287933,0.812130868434906,0.0077231265604496
TCGA:LSCC:TCGA-94-7557-01,LSCC,LSCC,0.0003718944499269128,0.001020047697238624,0.9806120991706848,0.01799592189490795
TCGA:LSCC:TCGA-94-7943-01,LSCC,LSCC,0.00039634958375245333,0.0003028539940714836,0.9944164752960205,0.004884264897555113
TCGA:LSCC:TCGA-94-8035-01,LSCC,LSCC,6.421519356081262e-05,0.00039425361319445074,0.9994927644729614,4.8738143959781155e-05
TCGA:LSCC:TCGA-94-8490-01,LSCC,LSCC,0.00023231319210026413,0.018967177718877792,0.9801523089408875,0.000648188404738903
TCGA:LSCC:TCGA-94-8491-01,LSCC,LSCC,0.0038484849501401186,0.006539130583405495,0.9837859272956848,0.005826449021697044
TCGA:LSCC:TCGA-94-A4VJ-01,LSCC,HNSCC,0.0005723348585888743,0.9849562048912048,0.013925827108323574,0.0005456542712636292
TCGA:LSCC:TCGA-94-A5I4-01,LSCC,HNSCC,5.469666939461604e-05,0.9639803171157837,0.03584655374288559,0.0001184450084110722
TCGA:LSCC:TCGA-94-A5I6-01,LSCC,LSCC,9.661639342084527e-05,0.0002211592363892123,0.9995808005332947,0.00010148397268494591
TCGA:LSCC:TCGA-96-7544-01,LSCC,LSCC,7.462080975528806e-05,0.00016465270891785622,0.9996249675750732,0.0001357231813017279
TCGA:LSCC:TCGA-96-7545-01,LSCC,LSCC,0.0005744776572100818,0.00024479764397256076,0.9972687363624573,0.001911971252411604
TCGA:LSCC:TCGA-96-8169-01,LSCC,LSCC,0.00026476019411347806,0.003951182123273611,0.9924759268760681,0.00330809666775167
TCGA:LSCC:TCGA-96-8170-01,LSCC,LSCC,0.001101659843698144,0.05365287885069847,0.9418014883995056,0.0034439843147993088
TCGA:LSCC:TCGA-96-A4JL-01,LSCC,LSCC,0.009469393640756607,0.00019632924522738904,0.988564133644104,0.0017702109180390835
TCGA:LSCC:TCGA-98-7454-01,LSCC,LUAD,0.03232400491833687,0.0007261764840222895,0.01227579265832901,0.9546740055084229
TCGA:LSCC:TCGA-98-8020-01,LSCC,HNSCC,0.00044773350236937404,0.9428442716598511,0.05647043511271477,0.00023751160188112408
TCGA:LSCC:TCGA-98-8021-01,LSCC,LSCC,0.00027565547497943044,0.0018261646619066596,0.9975491166114807,0.00034905385109595954
TCGA:LSCC:TCGA-98-8022-01,LSCC,LSCC,0.0015771982725709677,0.0058095939457416534,0.9913290739059448,0.0012840604176744819
TCGA:LSCC:TCGA-98-8023-01,LSCC,LSCC,6.730248423991725e-05,0.00024202717759180814,0.9990708827972412,0.0006197685725055635
TCGA:LSCC:TCGA-98-A538-01,LSCC,LSCC,0.00033353775506839156,0.0027767722494900227,0.9966866374015808,0.00020308179955463856
TCGA:LSCC:TCGA-98-A539-01,LSCC,LSCC,8.742706995690241e-05,0.0007557524950243533,0.9990677237510681,8.908205927582458e-05
TCGA:LSCC:TCGA-98-A53A-01,LSCC,LSCC,0.0001357613509753719,0.0005003861151635647,0.9991893172264099,0.00017453511827625334
TCGA:LSCC:TCGA-98-A53B-01,LSCC,LSCC,0.000272983917966485,0.00142387836240232,0.9971401691436768,0.0011629753280431032
TCGA:LSCC:TCGA-98-A53C-01,LSCC,LUAD,0.015620551072061062,0.0010460152989253402,0.024147965013980865,0.9591854214668274
TCGA:LSCC:TCGA-98-A53D-01,LSCC,LUAD,0.005494430661201477,0.0008926531299948692,0.042985670268535614,0.9506272673606873
TCGA:LSCC:TCGA-98-A53H-01,LSCC,LSCC,0.0011265634093433619,0.0021638115867972374,0.5742956399917603,0.42241397500038147
TCGA:LSCC:TCGA-98-A53I-01,LSCC,LSCC,9.941104508470744e-05,0.0035951114259660244,0.9962003827095032,0.0001050995706464164
TCGA:LSCC:TCGA-98-A53J-01,LSCC,LSCC,0.0017367717809975147,0.02015029825270176,0.9748100638389587,0.003302880795672536
TCGA:LSCC:TCGA-J1-A4AH-01,LSCC,LSCC,0.00014226198254618794,0.0004091186565347016,0.9992004036903381,0.0002482652780599892
TCGA:LSCC:TCGA-L3-A4E7-01,LSCC,LSCC,0.00011877003271365538,0.0015463567106053233,0.9977414608001709,0.0005933837383054197
TCGA:LSCC:TCGA-L3-A524-01,LSCC,LSCC,0.00014924371498636901,0.0005145425675436854,0.9991010427474976,0.0002352301380597055
TCGA:LSCC:TCGA-LA-A446-01,LSCC,LSCC,3.9498037949670106e-05,0.00017912796465680003,0.9997289776802063,5.234097261563875e-05
TCGA:LSCC:TCGA-LA-A7SW-01,LSCC,LSCC,0.006384098436683416,0.14617198705673218,0.8389003276824951,0.008543596602976322
TCGA:LSCC:TCGA-MF-A522-01,LSCC,LSCC,8.68748829816468e-05,0.002220979891717434,0.9966469407081604,0.0010451549896970391
TCGA:LSCC:TCGA-NC-A5HD-01,LSCC,LSCC,0.00032876298064365983,6.167537503642961e-05,0.9995600581169128,4.953175812261179e-05
TCGA:LSCC:TCGA-NC-A5HE-01,LSCC,LSCC,0.0006362636922858655,0.0011610535439103842,0.9830470681190491,0.015155656263232231
TCGA:LSCC:TCGA-NC-A5HF-01,LSCC,LSCC,3.168175317114219e-05,0.00020663926261477172,0.9996531009674072,0.00010855405707843602
TCGA:LSCC:TCGA-NC-A5HG-01,LSCC,LSCC,0.0018508266657590866,0.0012807475868612528,0.9964770674705505,0.0003914129047188908
TCGA:LSCC:TCGA-NC-A5HH-01,LSCC,LSCC,0.006966103799641132,0.000459777977084741,0.991727352142334,0.0008468115120194852
TCGA:LSCC:TCGA-NC-A5HI-01,LSCC,LSCC,0.00043384378659538925,0.004835132509469986,0.9929089546203613,0.0018220775527879596
TCGA:LSCC:TCGA-NC-A5HJ-01,LSCC,LUAD,0.006243717856705189,0.0003858181007672101,0.01839396357536316,0.9749764800071716
TCGA:LSCC:TCGA-NC-A5HK-01,LSCC,LSCC,0.0009749139426276088,0.0012534675188362598,0.9830547571182251,0.014716851525008678
TCGA:LSCC:TCGA-NC-A5HL-01,LSCC,LSCC,0.00013895006850361824,0.00132574827875942,0.9982024431228638,0.0003328255261294544
TCGA:LSCC:TCGA-NC-A5HM-01,LSCC,LSCC,0.0014498940436169505,0.24470767378807068,0.7521198391914368,0.0017225299961864948
TCGA:LSCC:TCGA-NC-A5HN-01,LSCC,LSCC,1.9692108253366314e-05,8.104459993774071e-05,0.9998000264167786,9.931108070304617e-05
TCGA:LSCC:TCGA-NC-A5HO-01,LSCC,LSCC,0.00112120748963207,0.0016380335437133908,0.995525062084198,0.001715701655484736
TCGA:LSCC:TCGA-NC-A5HP-01,LSCC,LSCC,0.0011810213327407837,0.0038175880908966064,0.993868887424469,0.0011324933730065823
TCGA:LSCC:TCGA-NC-A5HQ-01,LSCC,LSCC,8.730798435863107e-05,0.026208801195025444,0.9734283089637756,0.0002755954919848591
TCGA:LSCC:TCGA-NC-A5HR-01,LSCC,LSCC,0.0003687163407448679,0.0013568941503763199,0.9923242330551147,0.005950090941041708
TCGA:LSCC:TCGA-NC-A5HT-01,LSCC,LSCC,0.0004003428330179304,0.0005683812196366489,0.9977666139602661,0.0012646295363083482
TCGA:LSCC:TCGA-NK-A5CR-01,LSCC,LSCC,0.00019783627067226917,0.0008967696339823306,0.99869304895401,0.00021239250781945884
TCGA:LSCC:TCGA-NK-A5CT-01,LSCC,LSCC,0.00031689758179709315,0.0010171366157010198,0.9961626529693604,0.0025033196434378624
TCGA:LSCC:TCGA-NK-A5CX-01,LSCC,LSCC,5.4298248869599774e-05,0.004788811318576336,0.9950679540634155,8.890278695616871e-05
TCGA:LSCC:TCGA-NK-A7XE-01,LSCC,LSCC,0.003982829861342907,0.26684698462486267,0.721770167350769,0.007400027476251125
TCGA:LSCC:TCGA-O2-A52N-01,LSCC,LSCC,0.0020434220787137747,0.06893883645534515,0.9269752502441406,0.0020425044931471348
TCGA:LSCC:TCGA-O2-A52Q-01,LSCC,LUAD,0.005929970648139715,0.017842039465904236,0.024784548208117485,0.9514434933662415
TCGA:LSCC:TCGA-O2-A52S-01,LSCC,LSCC,0.0008826944977045059,0.0012216299073770642,0.9942301511764526,0.0036654893774539232
TCGA:LSCC:TCGA-O2-A52V-01,LSCC,LSCC,3.447477865847759e-05,9.677834168542176e-05,0.9997734427452087,9.530410170555115e-05
TCGA:LSCC:TCGA-O2-A52W-01,LSCC,LSCC,0.00035556257353164256,0.004819661378860474,0.9947143197059631,0.00011039438686566427
TCGA:LSCC:TCGA-O2-A5IB-01,LSCC,BRCA,0.9846394062042236,0.00033865010482259095,0.0055084917694330215,0.00951339676976204
TCGA:LSCC:TCGA-XC-AA0X-01,LSCC,LSCC,0.0006021474255248904,0.05528239533305168,0.9436802864074707,0.0004352137038949877
TCGA:HNSCC:TCGA-4P-AA8J-01,HNSCC,HNSCC,0.00019522360526025295,0.9978753328323364,0.0017497838707640767,0.00017969617329072207
TCGA:HNSCC:TCGA-BA-4074-01,HNSCC,LSCC,0.000282568100374192,0.026614338159561157,0.9709317088127136,0.002171384869143367
TCGA:HNSCC:TCGA-BA-4076-01,HNSCC,HNSCC,1.424792662874097e-05,0.9998589754104614,0.00010605536954244599,2.0692727048299275e-05
TCGA:HNSCC:TCGA-BA-4078-01,HNSCC,LSCC,0.00018100645684171468,0.005933753680437803,0.9934372305870056,0.0004479754134081304
TCGA:HNSCC:TCGA-BA-5149-01,HNSCC,HNSCC,6.008574564475566e-05,0.9997875094413757,0.00013600361126009375,1.641915150685236e-05
TCGA:HNSCC:TCGA-BA-5151-01,HNSCC,HNSCC,0.00012935617996845394,0.9997206330299377,9.148387471213937e-05,5.847668944625184e-05
TCGA:HNSCC:TCGA-BA-5152-01,HNSCC,HNSCC,0.0003378026303835213,0.999448835849762,0.000193452782696113,1.9891040210495703e-05
TCGA:HNSCC:TCGA-BA-5153-01,HNSCC,HNSCC,0.00020809662237297744,0.998710036277771,0.0009752330370247364,0.00010667437891243026
TCGA:HNSCC:TCGA-BA-5555-01,HNSCC,HNSCC,3.3542462915647775e-05,0.9994773268699646,0.00036507478216663003,0.0001240280398633331
TCGA:HNSCC:TCGA-BA-5556-01,HNSCC,HNSCC,3.758708044188097e-05,0.9998514652252197,8.78257051226683e-05,2.3088281523087062e-05
TCGA:HNSCC:TCGA-BA-5557-01,HNSCC,HNSCC,2.851248973456677e-05,0.9990092515945435,0.0007475628517568111,0.00021465096506290138
TCGA:HNSCC:TCGA-BA-5558-01,HNSCC,HNSCC,3.891377127729356e-05,0.9997521042823792,0.00019682839047163725,1.2127419722673949e-05
TCGA:HNSCC:TCGA-BA-5559-01,HNSCC,HNSCC,0.00039710599230602384,0.9937005043029785,0.00562553433701396,0.0002768395934253931
TCGA:HNSCC:TCGA-BA-6868-01,HNSCC,HNSCC,0.001235739327967167,0.9947136044502258,0.003978172782808542,7.24230776540935e-05
TCGA:HNSCC:TCGA-BA-6869-01,HNSCC,HNSCC,9.42957467486849e-06,0.9988777041435242,0.0010807710932567716,3.2099087547976524e-05
TCGA:HNSCC:TCGA-BA-6870-01,HNSCC,HNSCC,3.069008744205348e-05,0.9998819828033447,6.451094668591395e-05,2.2788020942243747e-05
TCGA:HNSCC:TCGA-BA-6871-01,HNSCC,LSCC,0.04547297954559326,0.41456565260887146,0.5240183472633362,0.01594303734600544
TCGA:HNSCC:TCGA-BA-6872-01,HNSCC,HNSCC,6.044821202522144e-05,0.9998632669448853,6.378651596605778e-05,1.2506331586337183e-05
TCGA:HNSCC:TCGA-BA-6873-01,HNSCC,HNSCC,2.2782091036788188e-05,0.9997590184211731,0.00020334291912149638,1.4835139154456556e-05
TCGA:HNSCC:TCGA-BA-7269-01,HNSCC,HNSCC,0.00025293149519711733,0.997680127620697,0.0007327566272579134,0.0013342370511963964
TCGA:HNSCC:TCGA-BA-A4IF-01,HNSCC,HNSCC,7.260605343617499e-05,0.9991057515144348,0.0007267529144883156,9.482989116804674e-05
TCGA:HNSCC:TCGA-BA-A4IG-01,HNSCC,HNSCC,0.0003857419069390744,0.9866413474082947,0.012533990666270256,0.0004389624227769673
TCGA:HNSCC:TCGA-BA-A4IH-01,HNSCC,HNSCC,0.00029772575362585485,0.9954890608787537,0.004056477453559637,0.0001567826111568138
TCGA:HNSCC:TCGA-BA-A4II-01,HNSCC,HNSCC,0.00028312517679296434,0.9952468276023865,0.004265919793397188,0.00020417923224158585
TCGA:HNSCC:TCGA-BA-A6D8-01,HNSCC,HNSCC,0.0048874784260988235,0.9908265471458435,0.0036967815831303596,0.0005892153130844235
TCGA:HNSCC:TCGA-BA-A6DA-01,HNSCC,HNSCC,0.0002201245806645602,0.999213695526123,0.00044688512571156025,0.00011929985339520499
TCGA:HNSCC:TCGA-BA-A6DB-01,HNSCC,HNSCC,0.00013350925291888416,0.9996426105499268,0.00017438281793147326,4.949873255100101e-05
TCGA:HNSCC:TCGA-BA-A6DD-01,HNSCC,HNSCC,5.671514736604877e-05,0.9998706579208374,4.8701367632020265e-05,2.3893855541246012e-05
TCGA:HNSCC:TCGA-BA-A6DE-01,HNSCC,HNSCC,0.00021795164502691478,0.9989113807678223,0.00043028348591178656,0.0004403701750561595
TCGA:HNSCC:TCGA-BA-A6DG-01,HNSCC,HNSCC,7.116357301129028e-05,0.9998055100440979,0.00010806700447574258,1.5307601643144153e-05
TCGA:HNSCC:TCGA-BA-A6DI-01,HNSCC,HNSCC,7.533287316618953e-06,0.9995506405830383,0.0004273212980479002,1.4484001439996064e-05
TCGA:HNSCC:TCGA-BA-A6DJ-01,HNSCC,HNSCC,5.035802678321488e-05,0.9998838901519775,5.160860746400431e-05,1.4154317796055693e-05
TCGA:HNSCC:TCGA-BA-A6DL-01,HNSCC,HNSCC,4.548892320599407e-05,0.9992501139640808,0.0006808859179727733,2.3498281734646298e-05
TCGA:HNSCC:TCGA-BA-A8YP-01,HNSCC,HNSCC,0.00019808555953204632,0.9754313230514526,0.02387143485248089,0.0004990924498997629
TCGA:HNSCC:TCGA-BB-4217-01,HNSCC,HNSCC,1.326433994108811e-05,0.999624490737915,0.00035177217796444893,1.043130578182172e-05
TCGA:HNSCC:TCGA-BB-4223-01,HNSCC,HNSCC,7.500758511014283e-05,0.9975964426994324,0.0022782525047659874,5.033586421632208e-05
TCGA:HNSCC:TCGA-BB-4224-01,HNSCC,LSCC,0.005606638267636299,0.37789079546928406,0.6135655641555786,0.0029369513504207134
TCGA:HNSCC:TCGA-BB-4225-01,HNSCC,HNSCC,0.0012205694802105427,0.9979038238525391,0.0004210564948152751,0.00045460768160410225
TCGA:HNSCC:TCGA-BB-4227-01,HNSCC,HNSCC,0.00011248956434428692,0.9033422470092773,0.0964377224445343,0.00010752424714155495
TCGA:HNSCC:TCGA-BB-4228-01,HNSCC,HNSCC,0.00025523820659145713,0.9993509650230408,0.00031167693668976426,8.210978558054194e-05
TCGA:HNSCC:TCGA-BB-7861-01,HNSCC,HNSCC,0.00019101914949715137,0.97657710313797,0.023081913590431213,0.0001499472273280844
TCGA:HNSCC:TCGA-BB-7862-01,HNSCC,HNSCC,0.0019539869390428066,0.9735958576202393,0.023651305586099625,0.0007988579454831779
TCGA:HNSCC:TCGA-BB-7863-01,HNSCC,HNSCC,0.0008932383498176932,0.9985480904579163,0.0005084880394861102,5.020420940127224e-05
TCGA:HNSCC:TCGA-BB-7864-01,HNSCC,HNSCC,8.592198719270527e-05,0.9919503927230835,0.007868900895118713,9.482476161792874e-05
TCGA:HNSCC:TCGA-BB-7866-01,HNSCC,HNSCC,0.0002966172178275883,0.9982732534408569,0.0012414288939908147,0.00018865794118028134
TCGA:HNSCC:TCGA-BB-7870-01,HNSCC,HNSCC,0.0009011593647301197,0.6587458252906799,0.33964064717292786,0.0007124234107322991
TCGA:HNSCC:TCGA-BB-7871-01,HNSCC,LSCC,0.005035100970417261,0.005625723861157894,0.9883694648742676,0.0009696672204881907
TCGA:HNSCC:TCGA-BB-7872-01,HNSCC,HNSCC,0.00013357208808884025,0.9987844824790955,0.0009909961372613907,9.099378803512082e-05
TCGA:HNSCC:TCGA-BB-8596-01,HNSCC,HNSCC,0.0010345233604311943,0.8848410248756409,0.11242783069610596,0.0016965752001851797
TCGA:HNSCC:TCGA-BB-8601-01,HNSCC,LSCC,0.00054989627096802,0.012960836291313171,0.9855479001998901,0.0009413912193849683
TCGA:HNSCC:TCGA-BB-A5HU-01,HNSCC,HNSCC,0.00010716651740949601,0.9921630024909973,0.007587379310280085,0.00014244153862819076
TCGA:HNSCC:TCGA-BB-A5HY-01,HNSCC,HNSCC,0.00020321262127254158,0.9983602166175842,0.001386386575177312,5.015724673285149e-05
TCGA:HNSCC:TCGA-BB-A5HZ-01,HNSCC,HNSCC,8.208181679947302e-05,0.9998615980148315,4.602124681696296e-05,1.0264615411870182e-05
TCGA:HNSCC:TCGA-BB-A6UM-01,HNSCC,HNSCC,5.5345390137517825e-05,0.9996289014816284,0.0002827816060744226,3.291942994110286e-05
TCGA:HNSCC:TCGA-BB-A6UO-01,HNSCC,HNSCC,0.0001938781060744077,0.9986598491668701,0.001109995529986918,3.626078978413716e-05
TCGA:HNSCC:TCGA-C9-A47Z-01,HNSCC,HNSCC,2.2843611077405512e-05,0.9997482895851135,0.00021807018492836505,1.0806015779962763e-05
TCGA:HNSCC:TCGA-C9-A480-01,HNSCC,HNSCC,9.316067007603124e-05,0.9996989965438843,0.00018179402104578912,2.6060703021357767e-05
TCGA:HNSCC:TCGA-CN-4722-01,HNSCC,HNSCC,0.00023083240375854075,0.9980056881904602,0.0016572822351008654,0.00010616218787617981
TCGA:HNSCC:TCGA-CN-4723-01,HNSCC,HNSCC,5.68065261177253e-05,0.9991939663887024,0.0006870231591165066,6.218423368409276e-05
TCGA:HNSCC:TCGA-CN-4725-01,HNSCC,HNSCC,5.9138332289876416e-05,0.9995554089546204,0.0003545269137248397,3.086939614149742e-05
TCGA:HNSCC:TCGA-CN-4726-01,HNSCC,HNSCC,0.00024899293202906847,0.997893750667572,0.0005638332804664969,0.0012934760889038444
TCGA:HNSCC:TCGA-CN-4727-01,HNSCC,HNSCC,1.5399893527501263e-05,0.999728262424469,0.00020266159845050424,5.3661478887079284e-05
TCGA:HNSCC:TCGA-CN-4728-01,HNSCC,HNSCC,3.935214408556931e-05,0.9998125433921814,0.00012113385309930891,2.7012174541596323e-05
TCGA:HNSCC:TCGA-CN-4729-01,HNSCC,HNSCC,1.9966364561696537e-05,0.9996263980865479,0.00030269179842434824,5.0953087338712066e-05
TCGA:HNSCC:TCGA-CN-4730-01,HNSCC,HNSCC,0.00018600490875542164,0.99506014585495,0.0046919179148972034,6.196134927449748e-05
TCGA:HNSCC:TCGA-CN-4731-01,HNSCC,HNSCC,0.00011068180174333975,0.9939931035041809,0.004709789529442787,0.001186435460112989
TCGA:HNSCC:TCGA-CN-4733-01,HNSCC,HNSCC,2.5989451387431473e-05,0.9998602867126465,8.468814485240728e-05,2.904979010054376e-05
TCGA:HNSCC:TCGA-CN-4734-01,HNSCC,HNSCC,3.1404273613588884e-05,0.9998177886009216,0.00012224441161379218,2.856309038179461e-05
TCGA:HNSCC:TCGA-CN-4735-01,HNSCC,HNSCC,0.004819635301828384,0.7713156342506409,0.21622547507286072,0.00763929495587945
TCGA:HNSCC:TCGA-CN-4736-01,HNSCC,HNSCC,4.0059418097371235e-05,0.9997827410697937,0.0001403980713803321,3.6792014725506306e-05
TCGA:HNSCC:TCGA-CN-4737-01,HNSCC,HNSCC,2.5747895051608793e-05,0.9998617172241211,8.531472849426791e-05,2.7241996576776728e-05
TCGA:HNSCC:TCGA-CN-4738-01,HNSCC,HNSCC,1.5454634194611572e-05,0.9996384382247925,0.0003126720548607409,3.3447369787609205e-05
TCGA:HNSCC:TCGA-CN-4739-01,HNSCC,HNSCC,0.00013419953756965697,0.9004276990890503,0.09910012781620026,0.00033794500632211566
TCGA:HNSCC:TCGA-CN-4740-01,HNSCC,HNSCC,0.00014803970407228917,0.9994731545448303,0.0002884622663259506,9.035912080435082e-05
TCGA:HNSCC:TCGA-CN-4741-01,HNSCC,HNSCC,0.00010804577323142439,0.9997662901878357,0.0001104068142012693,1.5287554560927674e-05
TCGA:HNSCC:TCGA-CN-4742-01,HNSCC,HNSCC,5.730039265472442e-05,0.9996656179428101,0.0002580698928795755,1.8990436728927307e-05
TCGA:HNSCC:TCGA-CN-5355-01,HNSCC,HNSCC,1.57637769007124e-05,0.9997565150260925,0.0002185472840210423,9.167488315142691e-06
TCGA:HNSCC:TCGA-CN-5356-01,HNSCC,HNSCC,0.00017554369696881622,0.9995256662368774,0.00024225536617450416,5.6505461543565616e-05
TCGA:HNSCC:TCGA-CN-5358-01,HNSCC,HNSCC,2.0352636056486517e-05,0.9998468160629272,9.4962066214066e-05,3.779181861318648e-05
TCGA:HNSCC:TCGA-CN-5359-01,HNSCC,HNSCC,0.0003309962630737573,0.9960324168205261,0.0032047773711383343,0.00043177336920052767
TCGA:HNSCC:TCGA-CN-5360-01,HNSCC,LSCC,0.00010063493391498923,0.0031239818781614304,0.9963377714157104,0.0004376625583972782
TCGA:HNSCC:TCGA-CN-5361-01,HNSCC,HNSCC,0.00021535683481488377,0.9990622401237488,0.0005415337509475648,0.00018091815582010895
TCGA:HNSCC:TCGA-CN-5363-01,HNSCC,HNSCC,3.380136695341207e-05,0.9997962117195129,0.00014462870603892952,2.5321220164187253e-05
TCGA:HNSCC:TCGA-CN-5364-01,HNSCC,HNSCC,4.2237323214067146e-05,0.9977729916572571,0.0021107790526002645,7.400710455840454e-05
TCGA:HNSCC:TCGA-CN-5365-01,HNSCC,HNSCC,9.126845543505624e-05,0.9993946552276611,0.000491323065944016,2.2732298020855524e-05
TCGA:HNSCC:TCGA-CN-5366-01,HNSCC,HNSCC,1.710215838102158e-05,0.9998189806938171,0.00014630505756940693,1.757968493620865e-05
TCGA:HNSCC:TCGA-CN-5367-01,HNSCC,HNSCC,0.00010217913222732022,0.9991101622581482,0.0007189154857769608,6.871388177387416e-05
TCGA:HNSCC:TCGA-CN-5369-01,HNSCC,HNSCC,2.0373903680592775e-05,0.9998040795326233,0.000148154838825576,2.7415248041506857e-05
TCGA:HNSCC:TCGA-CN-5370-01,HNSCC,HNSCC,8.400733349844813e-05,0.9966476559638977,0.002981761936098337,0.0002865147253032774
TCGA:HNSCC:TCGA-CN-5373-01,HNSCC,HNSCC,7.678661495447159e-05,0.9995647072792053,0.00032085602288134396,3.768108945223503e-05
TCGA:HNSCC:TCGA-CN-5374-01,HNSCC,HNSCC,0.0013972261222079396,0.9976897239685059,0.0008203199249692261,9.278892684960738e-05
TCGA:HNSCC:TCGA-CN-6010-01,HNSCC,HNSCC,6.665597902610898e-05,0.9976254105567932,0.002215935615822673,9.19974481803365e-05
TCGA:HNSCC:TCGA-CN-6011-01,HNSCC,HNSCC,5.117536420584656e-05,0.9997983574867249,0.00011108461330877617,3.937012661481276e-05
TCGA:HNSCC:TCGA-CN-6012-01,HNSCC,HNSCC,3.192836084053852e-05,0.9980341792106628,0.00187180214561522,6.214452150743455e-05
TCGA:HNSCC:TCGA-CN-6013-01,HNSCC,HNSCC,3.060631570406258e-05,0.9994556307792664,0.00038727049832232296,0.00012652641453314573
TCGA:HNSCC:TCGA-CN-6016-01,HNSCC,HNSCC,0.00019296690879855305,0.9996004700660706,0.0001742419699439779,3.236113116145134e-05
TCGA:HNSCC:TCGA-CN-6017-01,HNSCC,HNSCC,2.484718606865499e-05,0.9995718598365784,0.00036883121356368065,3.440621730987914e-05
TCGA:HNSCC:TCGA-CN-6018-01,HNSCC,HNSCC,5.608439460047521e-05,0.9997171759605408,0.00019612917094491422,3.0546692869393155e-05
TCGA:HNSCC:TCGA-CN-6019-01,HNSCC,HNSCC,4.7651399654569104e-05,0.9995276927947998,0.0003845728060696274,4.010263000964187e-05
TCGA:HNSCC:TCGA-CN-6020-01,HNSCC,HNSCC,1.2169745787105057e-05,0.9998030066490173,0.00015586710651405156,2.899050377891399e-05
TCGA:HNSCC:TCGA-CN-6021-01,HNSCC,HNSCC,8.78082137205638e-05,0.9997991919517517,0.0001005532467388548,1.2490797416830901e-05
TCGA:HNSCC:TCGA-CN-6022-01,HNSCC,HNSCC,2.5356217520311475e-05,0.9996553659439087,0.0002847358991857618,3.453161480138078e-05
TCGA:HNSCC:TCGA-CN-6023-01,HNSCC,HNSCC,0.00032883937819860876,0.9926099181175232,0.006691869348287582,0.0003693883481901139
TCGA:HNSCC:TCGA-CN-6024-01,HNSCC,HNSCC,9.88329338724725e-06,0.9995167255401611,0.0004663518047891557,7.086629921104759e-06
TCGA:HNSCC:TCGA-CN-6988-01,HNSCC,HNSCC,1.3114211469655856e-05,0.9997935891151428,0.00014962401473894715,4.3657335481839254e-05
TCGA:HNSCC:TCGA-CN-6989-01,HNSCC,HNSCC,0.0002124740567523986,0.9927660226821899,0.0067317974753677845,0.0002896701917052269
TCGA:HNSCC:TCGA-CN-6992-01,HNSCC,HNSCC,0.007119263056665659,0.9223464131355286,0.06677424162626266,0.003760100342333317
TCGA:HNSCC:TCGA-CN-6994-01,HNSCC,HNSCC,1.119152148021385e-05,0.9997923970222473,0.00018646115495357662,9.938626135408413e-06
TCGA:HNSCC:TCGA-CN-6995-01,HNSCC,HNSCC,5.1741881179623306e-05,0.9993808269500732,0.00047943563549779356,8.79977669683285e-05
TCGA:HNSCC:TCGA-CN-6996-01,HNSCC,HNSCC,1.1981047464360017e-05,0.9998924732208252,5.1314287702552974e-05,4.4198575778864324e-05
TCGA:HNSCC:TCGA-CN-6997-01,HNSCC,HNSCC,5.303078796714544e-05,0.9803168773651123,0.01940026320517063,0.00022978258493822068
TCGA:HNSCC:TCGA-CN-6998-01,HNSCC,HNSCC,5.529793997993693e-05,0.9997888207435608,0.00011640545562840998,3.9538994315080345e-05
TCGA:HNSCC:TCGA-CN-A497-01,HNSCC,HNSCC,0.0005825205007568002,0.9838991165161133,0.015197803266346455,0.0003205643151886761
TCGA:HNSCC:TCGA-CN-A498-01,HNSCC,HNSCC,2.439493255224079e-05,0.9986739158630371,0.0012644794769585133,3.727474540937692e-05
TCGA:HNSCC:TCGA-CN-A499-01,HNSCC,HNSCC,4.920412175124511e-05,0.9984796643257141,0.0014046336291357875,6.648986163781956e-05
TCGA:HNSCC:TCGA-CN-A49A-01,HNSCC,HNSCC,0.0008983620791696012,0.9174783229827881,0.08132827281951904,0.00029501377139240503
TCGA:HNSCC:TCGA-CN-A49B-01,HNSCC,HNSCC,1.90095161087811e-05,0.999427318572998,0.0004929755814373493,6.077936268411577e-05
TCGA:HNSCC:TCGA-CN-A49C-01,HNSCC,HNSCC,8.342652108694892e-06,0.9998995065689087,8.475909271510318e-05,7.3543510552553926e-06
TCGA:HNSCC:TCGA-CN-A63T-01,HNSCC,HNSCC,2.451527507218998e-05,0.999667763710022,0.00029046647250652313,1.722537308523897e-05
TCGA:HNSCC:TCGA-CN-A63U-01,HNSCC,HNSCC,0.001970035955309868,0.9138842821121216,0.07926705479621887,0.004878650885075331
TCGA:HNSCC:TCGA-CN-A63V-01,HNSCC,HNSCC,0.002484425902366638,0.9968358874320984,0.0005871655885130167,9.258228237740695e-05
TCGA:HNSCC:TCGA-CN-A63W-01,HNSCC,HNSCC,4.178183735348284e-05,0.9981725215911865,0.0017468014266341925,3.886826380039565e-05
TCGA:HNSCC:TCGA-CN-A641-01,HNSCC,HNSCC,0.00014053219638299197,0.9986374974250793,0.001122810528613627,9.916127601172775e-05
TCGA:HNSCC:TCGA-CN-A642-01,HNSCC,HNSCC,0.0010299613932147622,0.9985713958740234,0.0003504828782752156,4.8162102757487446e-05
TCGA:HNSCC:TCGA-CN-A6UY-01,HNSCC,HNSCC,0.0017062148544937372,0.9958359003067017,0.0020247295033186674,0.0004331899690441787
TCGA:HNSCC:TCGA-CN-A6V1-01,HNSCC,HNSCC,0.0005726530798710883,0.9982825517654419,0.0008802324300631881,0.0002645938366185874
TCGA:HNSCC:TCGA-CN-A6V3-01,HNSCC,HNSCC,1.5105461898201611e-05,0.99965500831604,0.0003000113065354526,2.98819322779309e-05
TCGA:HNSCC:TCGA-CN-A6V6-01,HNSCC,HNSCC,2.249557655886747e-05,0.9995256662368774,0.0004384212661534548,1.3418177331914194e-05
TCGA:HNSCC:TCGA-CN-A6V7-01,HNSCC,HNSCC,3.6087534681428224e-05,0.9977676868438721,0.0021325431298464537,6.367420428432524e-05
TCGA:HNSCC:TCGA-CQ-5323-01,HNSCC,HNSCC,1.7283973647863604e-05,0.9997289776802063,0.00024357056827284396,1.0151667993341107e-05
TCGA:HNSCC:TCGA-CQ-5324-01,HNSCC,HNSCC,2.3567999960505404e-05,0.9995384216308594,0.00041644807788543403,2.1634803488268517e-05
TCGA:HNSCC:TCGA-CQ-5325-01,HNSCC,HNSCC,7.693404040765017e-05,0.9989417195320129,0.0009459038265049458,3.5407767427386716e-05
TCGA:HNSCC:TCGA-CQ-5326-01,HNSCC,HNSCC,1.5224185517581645e-05,0.999839186668396,0.00010471321002114564,4.0844970499165356e-05
TCGA:HNSCC:TCGA-CQ-5327-01,HNSCC,HNSCC,0.00010080952051794156,0.9998430013656616,3.894199835485779e-05,1.7173717424157076e-05
TCGA:HNSCC:TCGA-CQ-5329-01,HNSCC,HNSCC,0.0005114630330353975,0.9986336827278137,0.0008195510017685592,3.5297340218676254e-05
TCGA:HNSCC:TCGA-CQ-5330-01,HNSCC,HNSCC,0.0001605246216058731,0.9996578693389893,0.0001706323237158358,1.0967701200570446e-05
TCGA:HNSCC:TCGA-CQ-5331-01,HNSCC,HNSCC,5.952962237643078e-05,0.9998633861541748,6.468414358096197e-05,1.2373307981761172e-05
TCGA:HNSCC:TCGA-CQ-5332-01,HNSCC,HNSCC,2.910805596911814e-05,0.9985396862030029,0.0013971275184303522,3.410741192055866e-05
TCGA:HNSCC:TCGA-CQ-5333-01,HNSCC,HNSCC,0.008278424851596355,0.9902791380882263,0.0010111345909535885,0.0004312683013267815
TCGA:HNSCC:TCGA-CQ-5334-01,HNSCC,HNSCC,0.00011277322482783347,0.9997836947441101,6.975202268222347e-05,3.3844844438135624e-05
TCGA:HNSCC:TCGA-CQ-6218-01,HNSCC,HNSCC,1.334757234872086e-05,0.9998687505722046,0.0001072543891496025,1.066284403350437e-05
TCGA:HNSCC:TCGA-CQ-6219-01,HNSCC,HNSCC,5.7955956435762346e-05,0.99985671043396,7.096721674315631e-05,1.4349826415127609e-05
TCGA:HNSCC:TCGA-CQ-6220-01,HNSCC,HNSCC,4.3793763325084e-05,0.9997960925102234,0.00012963355402462184,3.048812686756719e-05
TCGA:HNSCC:TCGA-CQ-6222-01,HNSCC,HNSCC,0.0004071890434715897,0.9989681243896484,0.0005592499510385096,6.54889372526668e-05
TCGA:HNSCC:TCGA-CQ-6223-01,HNSCC,HNSCC,3.5960627428721637e-05,0.9992484450340271,0.0006824134616181254,3.317131631774828e-05
TCGA:HNSCC:TCGA-CQ-6224-01,HNSCC,HNSCC,0.00011875970812980086,0.9996128678321838,0.00022563945094589144,4.2717183532658964e-05
TCGA:HNSCC:TCGA-CQ-6225-01,HNSCC,LSCC,0.0002777107001747936,0.011165857315063477,0.9883750677108765,0.00018140966130886227
TCGA:HNSCC:TCGA-CQ-6227-01,HNSCC,HNSCC,1.1415744666010141e-05,0.9998989105224609,8.25445749796927e-05,7.16117801857763e-06
TCGA:HNSCC:TCGA-CQ-6228-01,HNSCC,HNSCC,0.0001409197720931843,0.9753486514091492,0.02411889284849167,0.00039151101373136044
TCGA:HNSCC:TCGA-CQ-6229-01,HNSCC,HNSCC,2.7538917493075132e-05,0.9999237060546875,3.0780036468058825e-05,1.7942351405508816e-05
TCGA:HNSCC:TCGA-CQ-7063-01,HNSCC,HNSCC,4.8972513468470424e-05,0.9998170733451843,0.00012248623534105718,1.1519916370161809e-05
TCGA:HNSCC:TCGA-CQ-7065-01,HNSCC,HNSCC,6.45980762783438e-05,0.999698281288147,0.0001805002975743264,5.6644614232936874e-05
TCGA:HNSCC:TCGA-CQ-7067-01,HNSCC,HNSCC,7.259994163177907e-05,0.9984731078147888,0.0013971402077004313,5.718359534512274e-05
TCGA:HNSCC:TCGA-CQ-7068-01,HNSCC,HNSCC,7.61079863877967e-05,0.9998475313186646,6.714885967085138e-05,9.205225978803355e-06
TCGA:HNSCC:TCGA-CQ-7069-01,HNSCC,HNSCC,0.0005132767255418003,0.9979881048202515,0.0008366895490325987,0.0006619119667448103
TCGA:HNSCC:TCGA-CQ-7071-01,HNSCC,HNSCC,4.239716145093553e-05,0.9998396635055542,0.00010465715604368597,1.326014898950234e-05
TCGA:HNSCC:TCGA-CQ-7072-01,HNSCC,HNSCC,0.0012299115769565105,0.8509933948516846,0.14475350081920624,0.0030231927521526814
TCGA:HNSCC:TCGA-CQ-A4C6-01,HNSCC,HNSCC,1.2224193596921396e-05,0.9998953342437744,7.840965554350987e-05,1.4021563401911408e-05
TCGA:HNSCC:TCGA-CQ-A4C9-01,HNSCC,HNSCC,0.00033577196882106364,0.9884330630302429,0.01090210024267435,0.00032904651015996933
TCGA:HNSCC:TCGA-CQ-A4CA-01,HNSCC,HNSCC,0.00014358959742821753,0.9984956979751587,0.0012191934511065483,0.00014156958786770701
TCGA:HNSCC:TCGA-CQ-A4CB-01,HNSCC,HNSCC,1.3839012353855651e-05,0.9997175335884094,0.00026333495043218136,5.2181708269927185e-06
TCGA:HNSCC:TCGA-CQ-A4CD-01,HNSCC,HNSCC,8.558269473724067e-05,0.9994626641273499,0.00042936342651955783,2.2364407413988374e-05
TCGA:HNSCC:TCGA-CQ-A4CE-01,HNSCC,HNSCC,3.628253034548834e-05,0.999884843826294,6.918500002939254e-05,9.734950253914576e-06
TCGA:HNSCC:TCGA-CQ-A4CG-01,HNSCC,HNSCC,2.955939453386236e-05,0.9988835453987122,0.0010729217901825905,1.3981030861032195e-05
TCGA:HNSCC:TCGA-CQ-A4CH-01,HNSCC,HNSCC,7.211318734334782e-05,0.9998205304145813,7.564521365566179e-05,3.178766564815305e-05
TCGA:HNSCC:TCGA-CQ-A4CI-01,HNSCC,LSCC,0.00012019272253382951,0.001150014577433467,0.9982637763023376,0.0004659884434659034
TCGA:HNSCC:TCGA-CR-5243-01,HNSCC,HNSCC,0.000256221741437912,0.9986637830734253,0.0009740269160829484,0.00010596335050649941
TCGA:HNSCC:TCGA-CR-5247-01,HNSCC,HNSCC,1.3425375072984025e-05,0.9998977184295654,7.103519601514563e-05,1.7812584701459855e-05
TCGA:HNSCC:TCGA-CR-5248-01,HNSCC,HNSCC,1.1295705007796641e-05,0.9997316002845764,0.0002334473392693326,2.364762440265622e-05
TCGA:HNSCC:TCGA-CR-5249-01,HNSCC,HNSCC,1.5510604498558678e-05,0.9998410940170288,0.00012743832485284656,1.5899884601822123e-05
TCGA:HNSCC:TCGA-CR-5250-01,HNSCC,HNSCC,0.00010169790766667575,0.9996381998062134,0.00016532248992007226,9.475663682678714e-05
TCGA:HNSCC:TCGA-CR-6467-01,HNSCC,HNSCC,0.0002539793204050511,0.9982035160064697,0.0011314572766423225,0.00041101998067460954
TCGA:HNSCC:TCGA-CR-6470-01,HNSCC,HNSCC,0.0010450029512867332,0.9780338406562805,0.020654896274209023,0.00026625345344655216
TCGA:HNSCC:TCGA-CR-6471-01,HNSCC,HNSCC,0.00010809068771777675,0.9998119473457336,6.902264431118965e-05,1.095451443688944e-05
TCGA:HNSCC:TCGA-CR-6472-01,HNSCC,HNSCC,0.0007747486815787852,0.9966340661048889,0.001662793685682118,0.0009284428670071065
TCGA:HNSCC:TCGA-CR-6473-01,HNSCC,HNSCC,0.0004270542995072901,0.993126630783081,0.005961930844932795,0.0004843489732593298
TCGA:HNSCC:TCGA-CR-6474-01,HNSCC,HNSCC,1.570610038470477e-05,0.999680757522583,0.00028917755116708577,1.4414392353501171e-05
TCGA:HNSCC:TCGA-CR-6477-01,HNSCC,HNSCC,1.2692228665400762e-05,0.9999048709869385,5.9096528275404125e-05,2.333305383217521e-05
TCGA:HNSCC:TCGA-CR-6478-01,HNSCC,HNSCC,3.3515698305564e-05,0.9993933439254761,0.0005136672407388687,5.9436923038447276e-05
TCGA:HNSCC:TCGA-CR-6480-01,HNSCC,HNSCC,3.6476489185588434e-05,0.9995212554931641,0.0004099505895283073,3.226904300390743e-05
TCGA:HNSCC:TCGA-CR-6481-01,HNSCC,HNSCC,0.0003606633108574897,0.9991938471794128,0.0003767934103962034,6.867613410577178e-05
TCGA:HNSCC:TCGA-CR-6482-01,HNSCC,HNSCC,0.002655109390616417,0.973251461982727,0.013803910464048386,0.010289479047060013
TCGA:HNSCC:TCGA-CR-6484-01,HNSCC,HNSCC,0.00013157965440768749,0.9996497631072998,0.00020715908613055944,1.1487077244964894e-05
TCGA:HNSCC:TCGA-CR-6487-01,HNSCC,HNSCC,0.00029277688008733094,0.9744577407836914,0.023826638236641884,0.0014228684594854712
TCGA:HNSCC:TCGA-CR-6488-01,HNSCC,HNSCC,0.00014112985809333622,0.9988213181495667,0.0008990681380964816,0.00013850710820406675
TCGA:HNSCC:TCGA-CR-6491-01,HNSCC,HNSCC,1.3276274330564775e-05,0.9998114705085754,0.00015662150690332055,1.864375917648431e-05
TCGA:HNSCC:TCGA-CR-6492-01,HNSCC,HNSCC,2.2999622160568833e-05,0.9998206496238708,0.00013798009604215622,1.839574906625785e-05
TCGA:HNSCC:TCGA-CR-6493-01,HNSCC,HNSCC,3.275058406870812e-05,0.999768078327179,0.00015167535457294434,4.7510286094620824e-05
TCGA:HNSCC:TCGA-CR-7364-01,HNSCC,HNSCC,0.00020652425882872194,0.9983158111572266,0.001275567221455276,0.00020206534827593714
TCGA:HNSCC:TCGA-CR-7365-01,HNSCC,HNSCC,3.7458183214766905e-05,0.9998524188995361,9.92856002994813e-05,1.0808274964801967e-05
TCGA:HNSCC:TCGA-CR-7367-01,HNSCC,HNSCC,4.017394167021848e-05,0.999524712562561,0.00040672763134352863,2.8353424568194896e-05
TCGA:HNSCC:TCGA-CR-7368-01,HNSCC,HNSCC,4.541449379757978e-05,0.9991051554679871,0.0007240858976729214,0.00012531131505966187
TCGA:HNSCC:TCGA-CR-7369-01,HNSCC,HNSCC,1.1122166142740753e-05,0.9996871948242188,0.0002895541547331959,1.2116203834011685e-05
TCGA:HNSCC:TCGA-CR-7370-01,HNSCC,HNSCC,0.00010134799958905205,0.9878902435302734,0.011629367247223854,0.00037904386408627033
TCGA:HNSCC:TCGA-CR-7371-01,HNSCC,HNSCC,4.618083039531484e-05,0.9937924742698669,0.00599380349740386,0.00016753948875702918
TCGA:HNSCC:TCGA-CR-7372-01,HNSCC,HNSCC,3.106400981778279e-05,0.9999309778213501,3.3264961530221626e-05,4.700733370555099e-06
TCGA:HNSCC:TCGA-CR-7373-01,HNSCC,HNSCC,0.00014484190614894032,0.9998082518577576,2.586269511084538e-05,2.101872451021336e-05
TCGA:HNSCC:TCGA-CR-7374-01,HNSCC,HNSCC,0.003576241433620453,0.755618155002594,0.23783820867538452,0.0029674202669411898
TCGA:HNSCC:TCGA-CR-7376-01,HNSCC,HNSCC,7.051351713016629e-05,0.9996448755264282,0.00016868402599357069,0.00011597033153520897
TCGA:HNSCC:TCGA-CR-7377-01,HNSCC,HNSCC,3.3869760954985395e-05,0.9998873472213745,6.688890425721183e-05,1.1876473763550166e-05
TCGA:HNSCC:TCGA-CR-7379-01,HNSCC,HNSCC,2.4829954782035202e-05,0.9997983574867249,0.00016652191698085517,1.0327888048777822e-05
TCGA:HNSCC:TCGA-CR-7380-01,HNSCC,HNSCC,1.6072805010480806e-05,0.9999215602874756,4.766999700223096e-05,1.4741501217940822e-05
TCGA:HNSCC:TCGA-CR-7382-01,HNSCC,HNSCC,0.0002154920221073553,0.9942328333854675,0.00508975749835372,0.0004618686798494309
TCGA:HNSCC:TCGA-CR-7383-01,HNSCC,HNSCC,0.00040926187648437917,0.9970377683639526,0.0023386632092297077,0.00021428210311569273
TCGA:HNSCC:TCGA-CR-7385-01,HNSCC,HNSCC,2.078827310469933e-05,0.9996306896209717,0.00031876415596343577,2.969459274027031e-05
TCGA:HNSCC:TCGA-CR-7386-01,HNSCC,HNSCC,0.0001150109528680332,0.9988839030265808,0.0009431226062588394,5.797803169116378e-05
TCGA:HNSCC:TCGA-CR-7388-01,HNSCC,HNSCC,8.073684148257598e-05,0.9994660019874573,0.00031530208070762455,0.000137992188683711
TCGA:HNSCC:TCGA-CR-7389-01,HNSCC,HNSCC,0.00037573924055323005,0.9895659685134888,0.009768364019691944,0.000289914634777233
TCGA:HNSCC:TCGA-CR-7390-01,HNSCC,HNSCC,2.2247102606343105e-05,0.9997807145118713,0.00017363950610160828,2.3469270672649145e-05
TCGA:HNSCC:TCGA-CR-7391-01,HNSCC,HNSCC,0.0001644311851123348,0.9995805621147156,0.00021531984384637326,3.9682148781139404e-05
TCGA:HNSCC:TCGA-CR-7392-01,HNSCC,HNSCC,0.0001164581481134519,0.9989810585975647,0.0007915280293673277,0.00011093603097833693
TCGA:HNSCC:TCGA-CR-7393-01,HNSCC,HNSCC,2.5155801267828792e-05,0.9998461008071899,9.387596946908161e-05,3.489590744720772e-05
TCGA:HNSCC:TCGA-CR-7394-01,HNSCC,HNSCC,7.824964995961636e-05,0.9991986155509949,0.0006766110891476274,4.648920730687678e-05
TCGA:HNSCC:TCGA-CR-7395-01,HNSCC,HNSCC,2.8654376365011558e-05,0.9998843669891357,7.471837307093665e-05,1.2234975656610914e-05
TCGA:HNSCC:TCGA-CR-7397-01,HNSCC,HNSCC,4.0606137190479785e-05,0.9997616410255432,0.00018208703841082752,1.568557672726456e-05
TCGA:HNSCC:TCGA-CR-7398-01,HNSCC,HNSCC,0.0002486013690941036,0.9835935235023499,0.01574048213660717,0.0004174226778559387
TCGA:HNSCC:TCGA-CR-7399-01,HNSCC,LSCC,0.007182059809565544,0.44195792078971863,0.5471360683441162,0.0037239377852529287
TCGA:HNSCC:TCGA-CR-7401-01,HNSCC,HNSCC,0.00012619135668501258,0.9996345043182373,0.0002093854418490082,2.9878923669457436e-05
TCGA:HNSCC:TCGA-CR-7402-01,HNSCC,HNSCC,6.726339051965624e-05,0.9979451298713684,0.001868948107585311,0.00011863102554343641
TCGA:HNSCC:TCGA-CR-7404-01,HNSCC,HNSCC,2.167374623240903e-05,0.9980826377868652,0.001862341770902276,3.337035377626307e-05
TCGA:HNSCC:TCGA-CV-5430-01,HNSCC,HNSCC,0.00034625414991751313,0.9937899708747864,0.005419330671429634,0.00044445222010836005
TCGA:HNSCC:TCGA-CV-5431-01,HNSCC,HNSCC,0.00013744125317316502,0.9939548373222351,0.00544414296746254,0.00046360818669199944
TCGA:HNSCC:TCGA-CV-5432-01,HNSCC,HNSCC,0.00010183949052589014,0.9972984194755554,0.002575032180175185,2.4679708076291718e-05
TCGA:HNSCC:TCGA-CV-5434-01,HNSCC,LSCC,0.0003339356044307351,0.39445266127586365,0.6049985885620117,0.00021481281146407127
TCGA:HNSCC:TCGA-CV-5435-01,HNSCC,HNSCC,0.0006291831959970295,0.937360942363739,0.06169941648840904,0.0003105141513515264
TCGA:HNSCC:TCGA-CV-5436-01,HNSCC,HNSCC,2.0867666535195895e-05,0.99985671043396,0.0001074356259778142,1.4965180525905453e-05
TCGA:HNSCC:TCGA-CV-5439-01,HNSCC,HNSCC,0.00014688163355458528,0.9986603260040283,0.0010764936450868845,0.00011625034676399082
TCGA:HNSCC:TCGA-CV-5440-01,HNSCC,HNSCC,9.03893742361106e-05,0.9952566027641296,0.004573693964630365,7.924954843474552e-05
TCGA:HNSCC:TCGA-CV-5441-01,HNSCC,HNSCC,3.0682342185173184e-05,0.999901294708252,3.773708158405498e-05,3.0320919904625043e-05
TCGA:HNSCC:TCGA-CV-5442-01,HNSCC,HNSCC,0.0007004036451689899,0.9990556836128235,0.00022306926257442683,2.0870684238616377e-05
TCGA:HNSCC:TCGA-CV-5443-01,HNSCC,HNSCC,7.35409848857671e-05,0.9995929598808289,0.0002768603153526783,5.666501238010824e-05
TCGA:HNSCC:TCGA-CV-5444-01,HNSCC,HNSCC,0.00013157146167941391,0.9995341300964355,0.00031605124240741134,1.8291302694706246e-05
TCGA:HNSCC:TCGA-CV-5966-01,HNSCC,HNSCC,0.005017721559852362,0.9769333004951477,0.01705058291554451,0.0009984133066609502
TCGA:HNSCC:TCGA-CV-5970-01,HNSCC,HNSCC,1.5437834008480422e-05,0.9998800754547119,8.917762897908688e-05,1.5330204405472614e-05
TCGA:HNSCC:TCGA-CV-5971-01,HNSCC,HNSCC,0.017233580350875854,0.9766854643821716,0.004005660768598318,0.0020752535201609135
TCGA:HNSCC:TCGA-CV-5973-01,HNSCC,HNSCC,0.0025215528439730406,0.9945544004440308,0.00229132198728621,0.0006326865404844284
TCGA:HNSCC:TCGA-CV-5976-01,HNSCC,HNSCC,7.105325494194403e-06,0.999948263168335,4.045966488774866e-05,4.178364179097116e-06
TCGA:HNSCC:TCGA-CV-5977-01,HNSCC,HNSCC,0.00012103562039555982,0.999563992023468,0.00029129956965334713,2.3633156160940416e-05
TCGA:HNSCC:TCGA-CV-5978-01,HNSCC,LSCC,0.0010615859646350145,0.01577998325228691,0.9819259643554688,0.0012325092684477568
TCGA:HNSCC:TCGA-CV-5979-01,HNSCC,HNSCC,3.926485078409314e-05,0.9972399473190308,0.002669266425073147,5.1544153393479064e-05
TCGA:HNSCC:TCGA-CV-6003-01,HNSCC,HNSCC,1.0743123311840463e-05,0.9999240636825562,4.362132676760666e-05,2.1536416170420125e-05
TCGA:HNSCC:TCGA-CV-6433-01,HNSCC,HNSCC,0.026847345754504204,0.9240092635154724,0.044723253697156906,0.004420167300850153
TCGA:HNSCC:TCGA-CV-6436-01,HNSCC,HNSCC,6.0583188314922154e-05,0.9998315572738647,9.859210695140064e-05,9.221720574714709e-06
TCGA:HNSCC:TCGA-CV-6441-01,HNSCC,HNSCC,0.0005631253006868064,0.9458568692207336,0.04731345921754837,0.006266496609896421
TCGA:HNSCC:TCGA-CV-6933-01,HNSCC,HNSCC,7.172986897785449e-06,0.9998490810394287,0.00012504980259109288,1.8692708181333728e-05
TCGA:HNSCC:TCGA-CV-6934-01,HNSCC,HNSCC,2.9538750823121518e-05,0.9993841648101807,0.0005561943398788571,3.0116294510662556e-05
TCGA:HNSCC:TCGA-CV-6935-01,HNSCC,HNSCC,5.495676668942906e-05,0.9993441700935364,0.0005307960091158748,7.005902443779632e-05
TCGA:HNSCC:TCGA-CV-6936-01,HNSCC,HNSCC,0.00013287589536048472,0.999763548374176,7.659971015527844e-05,2.7004156436305493e-05
TCGA:HNSCC:TCGA-CV-6937-01,HNSCC,HNSCC,0.006421535275876522,0.9182627201080322,0.07181556522846222,0.00350015121512115
TCGA:HNSCC:TCGA-CV-6938-01,HNSCC,HNSCC,0.000699726166203618,0.998963475227356,0.0002874931087717414,4.930614522891119e-05
TCGA:HNSCC:TCGA-CV-6939-01,HNSCC,HNSCC,6.423865124816075e-05,0.9981629252433777,0.0014809069689363241,0.00029191671637818217
TCGA:HNSCC:TCGA-CV-6940-01,HNSCC,HNSCC,1.4164120329951402e-05,0.9994615912437439,0.0005071464693173766,1.7092557754949667e-05
TCGA:HNSCC:TCGA-CV-6941-01,HNSCC,HNSCC,1.548792715766467e-05,0.9997264742851257,0.0002419156808173284,1.605906982149463e-05
TCGA:HNSCC:TCGA-CV-6942-01,HNSCC,HNSCC,0.00019806517229881138,0.9982088804244995,0.0015442692674696445,4.880741471424699e-05
TCGA:HNSCC:TCGA-CV-6943-01,HNSCC,HNSCC,2.8281974664423615e-05,0.9999063014984131,4.04708189307712e-05,2.4968254365376197e-05
TCGA:HNSCC:TCGA-CV-6945-01,HNSCC,HNSCC,0.0004735651018563658,0.9802671670913696,0.018838780000805855,0.00042052281787618995
TCGA:HNSCC:TCGA-CV-6948-01,HNSCC,LSCC,0.0002697578747756779,0.004735080525279045,0.9946892261505127,0.0003059822483919561
TCGA:HNSCC:TCGA-CV-6950-01,HNSCC,HNSCC,3.259663935750723e-05,0.9996551275253296,0.00024324732657987624,6.907417991897091e-05
TCGA:HNSCC:TCGA-CV-6951-01,HNSCC,HNSCC,2.1030393327237107e-05,0.9994707703590393,0.0004905069945380092,1.769970913301222e-05
TCGA:HNSCC:TCGA-CV-6952-01,HNSCC,HNSCC,1.604701901669614e-05,0.9999333620071411,4.4226355385035276e-05,6.396359822247177e-06
TCGA:HNSCC:TCGA-CV-6953-01,HNSCC,HNSCC,0.0006627208786085248,0.9988981485366821,0.00038745187339372933,5.160062210052274e-05
TCGA:HNSCC:TCGA-CV-6954-01,HNSCC,HNSCC,7.958294736454263e-05,0.9980720281600952,0.0018170097609981894,3.1311432394431904e-05
TCGA:HNSCC:TCGA-CV-6955-01,HNSCC,HNSCC,3.85580315196421e-05,0.9997665286064148,4.883618748863228e-05,0.00014603768067900091
TCGA:HNSCC:TCGA-CV-6956-01,HNSCC,HNSCC,2.1695372197427787e-05,0.9997227787971497,0.00018327210273128003,7.218388782348484e-05
TCGA:HNSCC:TCGA-CV-6959-01,HNSCC,HNSCC,2.1173418645048514e-05,0.9997166991233826,0.00024678156478330493,1.527323001937475e-05
TCGA:HNSCC:TCGA-CV-6960-01,HNSCC,HNSCC,7.743162859696895e-05,0.9980266690254211,0.001473597134463489,0.00042232091072946787
TCGA:HNSCC:TCGA-CV-6961-01,HNSCC,HNSCC,0.00012071729724993929,0.9299265742301941,0.06906764209270477,0.000885048764757812
TCGA:HNSCC:TCGA-CV-6962-01,HNSCC,HNSCC,0.0009596138843335211,0.8036925792694092,0.19264596700668335,0.002701826859265566
TCGA:HNSCC:TCGA-CV-7089-01,HNSCC,HNSCC,1.768562287907116e-05,0.9998703002929688,9.654268069425598e-05,1.5399216863443144e-05
TCGA:HNSCC:TCGA-CV-7090-01,HNSCC,HNSCC,1.5855010133236647e-05,0.9999043941497803,6.427300832001492e-05,1.5440637071151286e-05
TCGA:HNSCC:TCGA-CV-7091-01,HNSCC,HNSCC,4.491364961722866e-05,0.9991650581359863,0.0007766647031530738,1.3402979675447568e-05
TCGA:HNSCC:TCGA-CV-7095-01,HNSCC,HNSCC,4.2546798795228824e-05,0.999774158000946,0.00015191688726190478,3.143655339954421e-05
TCGA:HNSCC:TCGA-CV-7097-01,HNSCC,HNSCC,0.00011482671834528446,0.9990181922912598,0.0008527628961019218,1.4149455637380015e-05
TCGA:HNSCC:TCGA-CV-7099-01,HNSCC,HNSCC,2.2483334760181606e-05,0.9999004602432251,6.430550274671987e-05,1.2751695066981483e-05
TCGA:HNSCC:TCGA-CV-7100-01,HNSCC,HNSCC,2.2695523512084037e-05,0.9947298765182495,0.005080188158899546,0.00016715975652914494
TCGA:HNSCC:TCGA-CV-7101-01,HNSCC,HNSCC,1.2412702744768467e-05,0.9997434020042419,0.00020210840739309788,4.206249650451355e-05
TCGA:HNSCC:TCGA-CV-7102-01,HNSCC,HNSCC,9.048044012160972e-05,0.9995444416999817,0.00034872122341766953,1.6372088794014417e-05
TCGA:HNSCC:TCGA-CV-7103-01,HNSCC,HNSCC,4.891856951871887e-05,0.9989062547683716,0.0009390538325533271,0.00010576462227618322
TCGA:HNSCC:TCGA-CV-7104-01,HNSCC,HNSCC,2.778960515570361e-05,0.9997997879981995,0.0001317622809438035,4.069177157361992e-05
TCGA:HNSCC:TCGA-CV-7177-01,HNSCC,HNSCC,0.0023058238439261913,0.9265397191047668,0.06892463564872742,0.002229843055829406
TCGA:HNSCC:TCGA-CV-7178-01,HNSCC,LSCC,0.003499837126582861,0.4241824746131897,0.5707813501358032,0.0015363205457106233
TCGA:HNSCC:TCGA-CV-7180-01,HNSCC,HNSCC,1.2924004295200575e-05,0.9998643398284912,0.00011463040573289618,8.054676072788425e-06
TCGA:HNSCC:TCGA-CV-7183-01,HNSCC,HNSCC,6.2342565797735e-05,0.9995442032814026,0.00036181535688228905,3.165438829455525e-05
TCGA:HNSCC:TCGA-CV-7235-01,HNSCC,HNSCC,0.0019274760270491242,0.887961208820343,0.109257273375988,0.0008540509734302759
TCGA:HNSCC:TCGA-CV-7236-01,HNSCC,HNSCC,1.1374499990779441e-05,0.9999386072158813,4.524293399299495e-05,4.8262022573908325e-06
TCGA:HNSCC:TCGA-CV-7238-01,HNSCC,HNSCC,1.2821467862522695e-05,0.9999126195907593,6.429960194509476e-05,1.0213570931227878e-05
TCGA:HNSCC:TCGA-CV-7242-01,HNSCC,HNSCC,0.00010644703434081748,0.9954578876495361,0.004094717558473349,0.0003410091740079224
TCGA:HNSCC:TCGA-CV-7243-01,HNSCC,HNSCC,0.00014143118460197002,0.9994333386421204,0.0003578502219170332,6.733229383826256e-05
TCGA:HNSCC:TCGA-CV-7245-01,HNSCC,HNSCC,6.30354043096304e-05,0.9987952709197998,0.0011152501683682203,2.6432495360495523e-05
TCGA:HNSCC:TCGA-CV-7247-01,HNSCC,HNSCC,0.00011163960880367085,0.9996541738510132,0.00021372678747866303,2.0485969798755832e-05
TCGA:HNSCC:TCGA-CV-7248-01,HNSCC,HNSCC,4.009174881502986e-05,0.999016284942627,0.0009201652719639242,2.345593566133175e-05
TCGA:HNSCC:TCGA-CV-7250-01,HNSCC,HNSCC,1.2188453183625825e-05,0.9998302459716797,0.00013608302106149495,2.142047196684871e-05
TCGA:HNSCC:TCGA-CV-7252-01,HNSCC,HNSCC,5.2337709348648787e-05,0.999197781085968,0.0006851109792478383,6.48396453470923e-05
TCGA:HNSCC:TCGA-CV-7253-01,HNSCC,HNSCC,7.654081127839163e-05,0.9980948567390442,0.001580604468472302,0.0002480194380041212
TCGA:HNSCC:TCGA-CV-7254-01,HNSCC,HNSCC,0.02029121108353138,0.5100470781326294,0.44106265902519226,0.028599046170711517
TCGA:HNSCC:TCGA-CV-7255-01,HNSCC,HNSCC,0.00034739237162284553,0.9985727071762085,0.0010212119668722153,5.8658788475440815e-05
TCGA:HNSCC:TCGA-CV-7261-01,HNSCC,LSCC,0.0003793392679654062,0.004515171982347965,0.9948286414146423,0.0002768851991277188
TCGA:HNSCC:TCGA-CV-7263-01,HNSCC,HNSCC,8.288994285976514e-05,0.999670147895813,0.00020432317978702486,4.267007898306474e-05
TCGA:HNSCC:TCGA-CV-7406-01,HNSCC,HNSCC,6.936911086086184e-05,0.9955714344978333,0.004234054125845432,0.00012522918405011296
TCGA:HNSCC:TCGA-CV-7407-01,HNSCC,HNSCC,7.29826424503699e-05,0.9987177848815918,0.0009821215644478798,0.00022709766926709563
TCGA:HNSCC:TCGA-CV-7409-01,HNSCC,HNSCC,0.00017310766270384192,0.9968059062957764,0.002935844473540783,8.509965846315026e-05
TCGA:HNSCC:TCGA-CV-7410-01,HNSCC,HNSCC,0.00015960019663907588,0.9990270137786865,0.0007942007505334914,1.9169336155755445e-05
TCGA:HNSCC:TCGA-CV-7411-01,HNSCC,HNSCC,0.00015939910372253507,0.9993576407432556,0.00044690261711366475,3.6078126868233085e-05
TCGA:HNSCC:TCGA-CV-7413-01,HNSCC,HNSCC,8.739922486711293e-05,0.9995556473731995,0.0003254405746702105,3.1509935070062056e-05
TCGA:HNSCC:TCGA-CV-7414-01,HNSCC,HNSCC,0.0002379849465796724,0.9993960857391357,0.00029960169922560453,6.626956019317731e-05
TCGA:HNSCC:TCGA-CV-7415-01,HNSCC,HNSCC,4.9300735554425046e-05,0.9997621178627014,0.00017529426258988678,1.3330883120943327e-05
TCGA:HNSCC:TCGA-CV-7416-01,HNSCC,HNSCC,9.786053124116734e-05,0.9860361814498901,0.013729868456721306,0.00013609425514005125
TCGA:HNSCC:TCGA-CV-7418-01,HNSCC,HNSCC,0.00013444297655951232,0.915777325630188,0.08377889543771744,0.00030931748915463686
TCGA:HNSCC:TCGA-CV-7421-01,HNSCC,HNSCC,0.0009449159260839224,0.9790215492248535,0.019719691947102547,0.00031380594009533525
TCGA:HNSCC:TCGA-CV-7422-01,HNSCC,HNSCC,1.673773476795759e-05,0.9989781379699707,0.0009435273241251707,6.16099641774781e-05
TCGA:HNSCC:TCGA-CV-7423-01,HNSCC,HNSCC,2.5864246708806604e-05,0.9997633099555969,0.00020090768521185964,9.926628990797326e-06
TCGA:HNSCC:TCGA-CV-7424-01,HNSCC,LSCC,0.004597619641572237,0.3160037696361542,0.6730525493621826,0.0063460823148489
TCGA:HNSCC:TCGA-CV-7425-01,HNSCC,HNSCC,3.8468122511403635e-05,0.9998886585235596,6.10769129707478e-05,1.1839431863336358e-05
TCGA:HNSCC:TCGA-CV-7427-01,HNSCC,HNSCC,2.8144035240984522e-05,0.9999227523803711,3.18942911690101e-05,1.720438194752205e-05
TCGA:HNSCC:TCGA-CV-7428-01,HNSCC,HNSCC,2.882388434954919e-05,0.9997791647911072,0.00017417327035218477,1.7790238416637294e-05
TCGA:HNSCC:TCGA-CV-7429-01,HNSCC,HNSCC,0.00011244942288612947,0.9992650151252747,0.0005055263172835112,0.00011694595741573721
TCGA:HNSCC:TCGA-CV-7430-01,HNSCC,HNSCC,0.00010960243525914848,0.9994331002235413,0.0003991589182987809,5.811312439618632e-05
TCGA:HNSCC:TCGA-CV-7432-01,HNSCC,HNSCC,8.752819849178195e-05,0.997086226940155,0.002614927012473345,0.00021135648421477526
TCGA:HNSCC:TCGA-CV-7433-01,HNSCC,HNSCC,5.182691529626027e-05,0.9996743202209473,0.0002456592919770628,2.8173666578368284e-05
TCGA:HNSCC:TCGA-CV-7434-01,HNSCC,HNSCC,1.6617286746622995e-05,0.9998997449874878,7.80121554271318e-05,5.64318906981498e-06
TCGA:HNSCC:TCGA-CV-7435-01,HNSCC,HNSCC,8.794609311735258e-05,0.9983643889427185,0.0014804404927417636,6.723917613271624e-05
TCGA:HNSCC:TCGA-CV-7437-01,HNSCC,HNSCC,0.0004217571404296905,0.8372039794921875,0.15810100734233856,0.004273255355656147
TCGA:HNSCC:TCGA-CV-7438-01,HNSCC,HNSCC,0.00041446200339123607,0.9993441700935364,0.00022611275198869407,1.530032022856176e-05
TCGA:HNSCC:TCGA-CV-7440-01,HNSCC,HNSCC,0.0006907139322720468,0.9977095127105713,0.0005712705897167325,0.0010285426396876574
TCGA:HNSCC:TCGA-CV-7446-01,HNSCC,HNSCC,0.002593918237835169,0.7777155637741089,0.21422019600868225,0.005470326170325279
TCGA:HNSCC:TCGA-CV-7568-01,HNSCC,HNSCC,0.001512298360466957,0.9138367176055908,0.08380436152219772,0.0008465744322165847
TCGA:HNSCC:TCGA-CV-A45O-01,HNSCC,HNSCC,0.00024293447495438159,0.9986760020256042,0.0009064004989340901,0.0001746300549712032
TCGA:HNSCC:TCGA-CV-A45P-01,HNSCC,HNSCC,1.4895405911374837e-05,0.9999383687973022,4.0718143281992525e-05,6.047930583008565e-06
TCGA:HNSCC:TCGA-CV-A45Q-01,HNSCC,HNSCC,0.0020259397570043802,0.9977400302886963,0.00010919639316853136,0.00012485339539125562
TCGA:HNSCC:TCGA-CV-A45R-01,HNSCC,HNSCC,0.00016783412138465792,0.9996606111526489,0.00014469724555965513,2.686588413780555e-05
TCGA:HNSCC:TCGA-CV-A45T-01,HNSCC,HNSCC,5.326784958015196e-05,0.9998844861984253,5.103180592413992e-05,1.1235008059884422e-05
TCGA:HNSCC:TCGA-CV-A45U-01,HNSCC,HNSCC,2.708267311390955e-05,0.997742772102356,0.002221941016614437,8.211931344703771e-06
TCGA:HNSCC:TCGA-CV-A45V-01,HNSCC,HNSCC,5.543631414184347e-05,0.9987897276878357,0.0010666671441867948,8.822688687359914e-05
TCGA:HNSCC:TCGA-CV-A45W-01,HNSCC,LSCC,0.00010951592412311584,0.001702668727375567,0.9980663657188416,0.00012150051043136045
TCGA:HNSCC:TCGA-CV-A45X-01,HNSCC,HNSCC,2.2517508114106022e-05,0.9999182224273682,3.469705188763328e-05,2.454844070598483e-05
TCGA:HNSCC:TCGA-CV-A45Y-01,HNSCC,HNSCC,0.00011776405881391838,0.9969717264175415,0.002811106387525797,9.937053255271167e-05
TCGA:HNSCC:TCGA-CV-A45Z-01,HNSCC,LSCC,7.93421859270893e-05,0.027743874117732048,0.9719864726066589,0.0001902280346257612
TCGA:HNSCC:TCGA-CV-A460-01,HNSCC,HNSCC,0.0031554140150547028,0.8905442357063293,0.10599666833877563,0.00030361907556653023
TCGA:HNSCC:TCGA-CV-A461-01,HNSCC,HNSCC,0.0003321891708765179,0.9926208257675171,0.006350504234433174,0.0006965079228393734
TCGA:HNSCC:TCGA-CV-A463-01,HNSCC,HNSCC,0.00011313549475744367,0.999764621257782,0.00010527973063290119,1.695276478130836e-05
TCGA:HNSCC:TCGA-CV-A464-01,HNSCC,HNSCC,1.604550561751239e-05,0.9999114274978638,4.9961512559093535e-05,2.2507178073283285e-05
TCGA:HNSCC:TCGA-CV-A465-01,HNSCC,HNSCC,0.00023128441534936428,0.9988601207733154,0.0007381797768175602,0.0001704329188214615
TCGA:HNSCC:TCGA-CV-A468-01,HNSCC,HNSCC,5.2990708354627714e-05,0.9997655749320984,0.00014813049347139895,3.336804729769938e-05
TCGA:HNSCC:TCGA-CV-A6JD-01,HNSCC,HNSCC,0.002171388128772378,0.997649610042572,0.0001375656429445371,4.1410003177588806e-05
TCGA:HNSCC:TCGA-CV-A6JE-01,HNSCC,HNSCC,0.000778105400968343,0.9988752007484436,0.00031644589034840465,3.025371734111104e-05
TCGA:HNSCC:TCGA-CV-A6JM-01,HNSCC,HNSCC,0.0007895438466221094,0.9982060194015503,0.0003739024687092751,0.0006305778515525162
TCGA:HNSCC:TCGA-CV-A6JN-01,HNSCC,HNSCC,0.0002967414038721472,0.999643087387085,3.979275425081141e-05,2.0347362806205638e-05
TCGA:HNSCC:TCGA-CV-A6JO-01,HNSCC,HNSCC,7.69374892115593e-05,0.9998680353164673,3.8003836380084977e-05,1.6991585653158836e-05
TCGA:HNSCC:TCGA-CV-A6JT-01,HNSCC,HNSCC,0.00040468538645654917,0.9995054006576538,4.2230920371366665e-05,4.767052087117918e-05
TCGA:HNSCC:TCGA-CV-A6JU-01,HNSCC,HNSCC,0.0003503806656226516,0.9993413090705872,0.00013148375728633255,0.00017676882271189243
TCGA:HNSCC:TCGA-CV-A6JY-01,HNSCC,HNSCC,7.521582301706076e-05,0.9998338222503662,5.659494854626246e-05,3.4371809306321666e-05
TCGA:HNSCC:TCGA-CV-A6JZ-01,HNSCC,HNSCC,0.0003832299553323537,0.9993044137954712,0.00027433776995167136,3.797846511588432e-05
TCGA:HNSCC:TCGA-CV-A6K0-01,HNSCC,HNSCC,7.16117792762816e-05,0.9989595413208008,0.0009444055031053722,2.44403381657321e-05
TCGA:HNSCC:TCGA-CV-A6K1-01,HNSCC,HNSCC,0.00025336150429211557,0.9996355772018433,8.307938696816564e-05,2.7973735996056348e-05
TCGA:HNSCC:TCGA-CV-A6K2-01,HNSCC,HNSCC,2.9561861083493568e-05,0.9998589754104614,8.108996553346515e-05,3.033346001757309e-05
TCGA:HNSCC:TCGA-CX-7085-01,HNSCC,HNSCC,0.00011957423703279346,0.9985163807868958,0.0010643387213349342,0.00029971246840432286
TCGA:HNSCC:TCGA-CX-7086-01,HNSCC,HNSCC,2.14307274291059e-05,0.9997672438621521,0.00013468896213453263,7.667578756809235e-05
TCGA:HNSCC:TCGA-CX-7219-01,HNSCC,HNSCC,2.814910840243101e-05,0.9992450475692749,0.0003050442901439965,0.0004218210815452039
TCGA:HNSCC:TCGA-CX-A4AQ-01,HNSCC,HNSCC,0.015437216497957706,0.7803608775138855,0.20229582488536835,0.0019061056664213538
TCGA:HNSCC:TCGA-D6-6515-01,HNSCC,HNSCC,5.9859241446247324e-05,0.9993553757667542,0.0004703541344497353,0.00011436136264819652
TCGA:HNSCC:TCGA-D6-6516-01,HNSCC,HNSCC,7.925875979708508e-05,0.9997342228889465,0.0001492571464041248,3.726002250914462e-05
TCGA:HNSCC:TCGA-D6-6517-01,HNSCC,HNSCC,2.7827220037579536e-05,0.9995179176330566,0.0004305632319301367,2.365134423598647e-05
TCGA:HNSCC:TCGA-D6-6823-01,HNSCC,HNSCC,9.634638990974054e-05,0.9885135293006897,0.011200417764484882,0.00018965444178320467
TCGA:HNSCC:TCGA-D6-6824-01,HNSCC,HNSCC,0.0007219900144264102,0.974010169506073,0.0205268282443285,0.004741010721772909
TCGA:HNSCC:TCGA-D6-6825-01,HNSCC,HNSCC,1.8392545825918205e-05,0.999779999256134,0.0001813806447898969,2.0235813281033188e-05
TCGA:HNSCC:TCGA-D6-6826-01,HNSCC,HNSCC,0.00015681394143030047,0.9986569881439209,0.0010575331980362535,0.00012862177391070873
TCGA:HNSCC:TCGA-D6-6827-01,HNSCC,LSCC,0.012696369551122189,0.00287967873737216,0.9834685325622559,0.0009553630952723324
TCGA:HNSCC:TCGA-D6-8568-01,HNSCC,HNSCC,4.8613292165100574e-05,0.9975676536560059,0.002254143822938204,0.00012965832138434052
TCGA:HNSCC:TCGA-D6-8569-01,HNSCC,HNSCC,0.0001437680039089173,0.9973679184913635,0.002235555788502097,0.00025283594732172787
TCGA:HNSCC:TCGA-D6-A4Z9-01,HNSCC,HNSCC,5.8842822909355164e-05,0.9996318817138672,0.0002756202593445778,3.3655705919954926e-05
TCGA:HNSCC:TCGA-D6-A4ZB-01,HNSCC,HNSCC,1.5026979781396221e-05,0.9959949254989624,0.003974547144025564,1.543357575428672e-05
TCGA:HNSCC:TCGA-D6-A6EK-01,HNSCC,HNSCC,0.0007130384328775108,0.9982147216796875,0.0009538106387481093,0.00011847230780404061
TCGA:HNSCC:TCGA-D6-A6EM-01,HNSCC,HNSCC,0.00038135951035656035,0.9993973970413208,0.0001846213999669999,3.6607070796890184e-05
TCGA:HNSCC:TCGA-D6-A6EN-01,HNSCC,HNSCC,0.0007939405040815473,0.9990563988685608,0.00010136536002391949,4.8250516556436196e-05
TCGA:HNSCC:TCGA-D6-A6EO-01,HNSCC,HNSCC,5.113332372275181e-05,0.999178946018219,0.0005654172855429351,0.00020450129522942007
TCGA:HNSCC:TCGA-D6-A6EP-01,HNSCC,BRCA,0.880612313747406,0.11372602730989456,0.002630004193633795,0.0030316580086946487
TCGA:HNSCC:TCGA-D6-A6EQ-01,HNSCC,HNSCC,0.0002188503713114187,0.9996556043624878,9.197900362778455e-05,3.359330366947688e-05
TCGA:HNSCC:TCGA-D6-A6ES-01,HNSCC,HNSCC,0.0016091977013275027,0.9977030158042908,0.0005477808299474418,0.00014002801617607474
TCGA:HNSCC:TCGA-D6-A74Q-01,HNSCC,HNSCC,0.0024639179464429617,0.8502341508865356,0.14330416917800903,0.00399775430560112
TCGA:HNSCC:TCGA-DQ-5624-01,HNSCC,HNSCC,0.00011278668534941971,0.9996827840805054,0.0001617589732632041,4.2702697101049125e-05
TCGA:HNSCC:TCGA-DQ-5625-01,HNSCC,HNSCC,0.000837997708003968,0.9989909529685974,0.0001157953665824607,5.522078208741732e-05
TCGA:HNSCC:TCGA-DQ-5629-01,HNSCC,HNSCC,0.0002811990270856768,0.9627358317375183,0.036844298243522644,0.00013872784620616585
TCGA:HNSCC:TCGA-DQ-5630-01,HNSCC,HNSCC,0.0011708032106980681,0.9825076460838318,0.01467374712228775,0.001647859811782837
TCGA:HNSCC:TCGA-DQ-5631-01,HNSCC,HNSCC,6.628336268477142e-05,0.998008668422699,0.001824280247092247,0.00010076919716084376
TCGA:HNSCC:TCGA-DQ-7588-01,HNSCC,HNSCC,0.00020184477034490556,0.9936110377311707,0.006045269314199686,0.0001418225292582065
TCGA:HNSCC:TCGA-DQ-7589-01,HNSCC,HNSCC,0.00019614487246144563,0.9812310338020325,0.018521100282669067,5.1669179811142385e-05
TCGA:HNSCC:TCGA-DQ-7590-01,HNSCC,HNSCC,0.0002394498442299664,0.9963001608848572,0.0034068082459270954,5.358539419830777e-05
TCGA:HNSCC:TCGA-DQ-7591-01,HNSCC,HNSCC,0.0016066167736425996,0.685977041721344,0.310971736907959,0.0014445781707763672
TCGA:HNSCC:TCGA-DQ-7592-01,HNSCC,HNSCC,2.173547909478657e-05,0.9995785355567932,0.00038257360574789345,1.721055195957888e-05
TCGA:HNSCC:TCGA-DQ-7593-01,HNSCC,HNSCC,0.0003356030792929232,0.9984390139579773,0.0008156838594004512,0.00040974150761030614
TCGA:HNSCC:TCGA-DQ-7594-01,HNSCC,HNSCC,6.844691233709455e-05,0.9988730549812317,0.0009488165960647166,0.00010961228690575808
TCGA:HNSCC:TCGA-DQ-7595-01,HNSCC,HNSCC,2.657700861163903e-05,0.9980385899543762,0.0018478792626410723,8.69666546350345e-05
TCGA:HNSCC:TCGA-DQ-7596-01,HNSCC,HNSCC,6.69292567181401e-05,0.9989499449729919,0.000834756123367697,0.00014839462528470904
TCGA:HNSCC:TCGA-F7-7848-01,HNSCC,HNSCC,3.0242834327509627e-05,0.9992227554321289,0.0007042579236440361,4.274443563190289e-05
TCGA:HNSCC:TCGA-F7-8298-01,HNSCC,HNSCC,0.004024043679237366,0.7712893486022949,0.21678844094276428,0.007898103445768356
TCGA:HNSCC:TCGA-F7-8489-01,HNSCC,HNSCC,2.0678757209680043e-05,0.9997406601905823,0.00021778649534098804,2.089718691422604e-05
TCGA:HNSCC:TCGA-F7-A50G-01,HNSCC,HNSCC,4.608860035659745e-05,0.9998001456260681,0.0001268489140784368,2.6925989004666917e-05
TCGA:HNSCC:TCGA-F7-A50I-01,HNSCC,HNSCC,0.00023986391897778958,0.9978554844856262,0.0017310346011072397,0.00017355587624479085
TCGA:HNSCC:TCGA-F7-A50J-01,HNSCC,HNSCC,5.8969100791728124e-05,0.9997594952583313,0.00017066953296307474,1.080866150005022e-05
TCGA:HNSCC:TCGA-F7-A61S-01,HNSCC,HNSCC,4.136000279686414e-05,0.9999033212661743,4.942342275171541e-05,5.835841420775978e-06
TCGA:HNSCC:TCGA-F7-A61V-01,HNSCC,HNSCC,3.11360890918877e-05,0.9997912049293518,0.00016532131121493876,1.2402089851093479e-05
TCGA:HNSCC:TCGA-F7-A61W-01,HNSCC,HNSCC,0.00018600866314955056,0.9987367987632751,0.001019660965539515,5.7598514104029164e-05
TCGA:HNSCC:TCGA-F7-A620-01,HNSCC,HNSCC,7.902921788627282e-05,0.9997835755348206,0.00012351870827842504,1.3907854736316949e-05
TCGA:HNSCC:TCGA-F7-A622-01,HNSCC,HNSCC,2.4754135665716603e-05,0.9997461438179016,0.00021819329413119704,1.0849672435142566e-05
TCGA:HNSCC:TCGA-F7-A623-01,HNSCC,HNSCC,0.00011031918984372169,0.998469889163971,0.0011407233541831374,0.00027909092023037374
TCGA:HNSCC:TCGA-F7-A624-01,HNSCC,BRCA,0.736828625202179,0.010469065047800541,0.07273655384778976,0.17996574938297272
TCGA:HNSCC:TCGA-H7-7774-01,HNSCC,HNSCC,7.551761518698186e-05,0.9997192025184631,7.961567462189123e-05,0.00012567156227305532
TCGA:HNSCC:TCGA-H7-8501-01,HNSCC,HNSCC,0.0068896920420229435,0.9207867980003357,0.07068712264299393,0.0016363757895305753
TCGA:HNSCC:TCGA-H7-8502-01,HNSCC,HNSCC,1.0623198249959387e-05,0.9997944235801697,0.00018684781389310956,8.16745978227118e-06
TCGA:HNSCC:TCGA-H7-A6C4-01,HNSCC,HNSCC,2.77465587714687e-05,0.9998278617858887,0.00012474162213038653,1.9606010027928278e-05
TCGA:HNSCC:TCGA-H7-A76A-01,HNSCC,HNSCC,0.0005107554607093334,0.9508576393127441,0.04782603308558464,0.00080554757732898
TCGA:HNSCC:TCGA-HD-7229-01,HNSCC,HNSCC,2.5957528123399243e-05,0.9994744658470154,0.00047969986917451024,1.9898570826626383e-05
TCGA:HNSCC:TCGA-HD-7753-01,HNSCC,HNSCC,2.8100797862862237e-05,0.9997023940086365,0.0002361697261221707,3.324964927742258e-05
TCGA:HNSCC:TCGA-HD-7754-01,HNSCC,HNSCC,1.745855661283713e-05,0.9991832375526428,0.0007557008066214621,4.353301483206451e-05
TCGA:HNSCC:TCGA-HD-7831-01,HNSCC,HNSCC,0.0004609711468219757,0.9968578815460205,0.001951388898305595,0.0007297143456526101
TCGA:HNSCC:TCGA-HD-7832-01,HNSCC,HNSCC,2.7870704798260704e-05,0.9997307658195496,0.0002085172018269077,3.2881773222470656e-05
TCGA:HNSCC:TCGA-HD-7917-01,HNSCC,HNSCC,3.6800673115067184e-05,0.9996261596679688,0.0003122579073533416,2.4721393856452778e-05
TCGA:HNSCC:TCGA-HD-8224-01,HNSCC,LSCC,0.06567535549402237,0.04104938730597496,0.8718801140785217,0.021395182237029076
TCGA:HNSCC:TCGA-HD-8314-01,HNSCC,HNSCC,0.00022400349553208798,0.9986521601676941,0.0010816168505698442,4.220017945044674e-05
TCGA:HNSCC:TCGA-HD-8634-01,HNSCC,HNSCC,9.946276986738667e-05,0.9997307658195496,0.00015559641178697348,1.416516624885844e-05
TCGA:HNSCC:TCGA-HD-8635-01,HNSCC,HNSCC,0.00013171433238312602,0.9971766471862793,0.0025447518564760685,0.00014687617658637464
TCGA:HNSCC:TCGA-HD-A4C1-01,HNSCC,HNSCC,1.9992017769254744e-05,0.9997697472572327,0.00018269226711709052,2.7629426767816767e-05
TCGA:HNSCC:TCGA-HD-A633-01,HNSCC,HNSCC,0.00016363659233320504,0.9995315074920654,0.00019508921832311898,0.0001097522399504669
TCGA:HNSCC:TCGA-HD-A634-01,HNSCC,BRCA,0.9626308679580688,0.010820016264915466,0.017230667173862457,0.00931842252612114
TCGA:HNSCC:TCGA-HD-A6HZ-01,HNSCC,HNSCC,1.5459638234460726e-05,0.9984488487243652,0.0015024433378130198,3.318364542792551e-05
TCGA:HNSCC:TCGA-HD-A6I0-01,HNSCC,HNSCC,0.00019787254859693348,0.9997005462646484,8.568694465793669e-05,1.590896317793522e-05
TCGA:HNSCC:TCGA-HL-7533-01,HNSCC,HNSCC,0.00020018589566461742,0.9996403455734253,0.00014558390830643475,1.3850961295247544e-05
TCGA:HNSCC:TCGA-IQ-7630-01,HNSCC,HNSCC,0.0003673147002700716,0.9990860223770142,0.0004952538292855024,5.136412801221013e-05
TCGA:HNSCC:TCGA-IQ-7631-01,HNSCC,HNSCC,0.014483701437711716,0.9612824320793152,0.018958119675517082,0.005275757983326912
TCGA:HNSCC:TCGA-IQ-7632-01,HNSCC,HNSCC,5.646444333251566e-05,0.9998559951782227,7.350809028139338e-05,1.4003533578943461e-05
TCGA:HNSCC:TCGA-IQ-A61E-01,HNSCC,HNSCC,0.00015765598800498992,0.9985755681991577,0.0012247030390426517,4.2078798287548125e-05
TCGA:HNSCC:TCGA-IQ-A61G-01,HNSCC,HNSCC,0.000590816605836153,0.9425376653671265,0.05665842816233635,0.00021301837114151567
TCGA:HNSCC:TCGA-IQ-A61H-01,HNSCC,HNSCC,0.0002480762777850032,0.8281146287918091,0.17124351859092712,0.0003937598958145827
TCGA:HNSCC:TCGA-IQ-A61I-01,HNSCC,HNSCC,0.0013602448161691427,0.9907177090644836,0.0022194746416062117,0.0057026082649827
TCGA:HNSCC:TCGA-IQ-A61J-01,HNSCC,HNSCC,3.419505446800031e-05,0.99943608045578,0.000486574339447543,4.308633288019337e-05
TCGA:HNSCC:TCGA-IQ-A61O-01,HNSCC,LUAD,0.3037876784801483,0.02041168510913849,0.08007709681987762,0.5957235097885132
TCGA:HNSCC:TCGA-IQ-A6SG-01,HNSCC,HNSCC,0.00013296434190124273,0.9915527701377869,0.008247851394116879,6.636843318119645e-05
TCGA:HNSCC:TCGA-IQ-A6SH-01,HNSCC,HNSCC,0.00022530698333866894,0.9987836480140686,0.0007590355817228556,0.00023202445299830288
TCGA:HNSCC:TCGA-KU-A66S-01,HNSCC,HNSCC,0.0034076033625751734,0.8897199630737305,0.05087750032544136,0.05599496513605118
TCGA:HNSCC:TCGA-KU-A66T-01,HNSCC,HNSCC,0.00013740768190473318,0.9942969679832458,0.005430986173450947,0.00013468574616126716
TCGA:HNSCC:TCGA-KU-A6H7-01,HNSCC,HNSCC,0.00010290003410773352,0.9964287877082825,0.0033445993904024363,0.00012372616038192064
TCGA:HNSCC:TCGA-KU-A6H8-01,HNSCC,HNSCC,0.0007741970475763083,0.9957036375999451,0.0033326551783829927,0.000189518352271989
TCGA:HNSCC:TCGA-MT-A51W-01,HNSCC,HNSCC,1.2589658581418917e-05,0.999897837638855,8.002584218047559e-05,9.47785702010151e-06
TCGA:HNSCC:TCGA-MT-A51X-01,HNSCC,HNSCC,8.570696081733331e-05,0.9998433589935303,6.22546867816709e-05,8.693331437825691e-06
TCGA:HNSCC:TCGA-MT-A67A-01,HNSCC,HNSCC,9.440842404728755e-05,0.9995511174201965,0.00034815401886589825,6.260332611418562e-06
TCGA:HNSCC:TCGA-MT-A67D-01,HNSCC,HNSCC,4.128015280002728e-05,0.9997370839118958,0.00019819405861198902,2.3476395654142834e-05
TCGA:HNSCC:TCGA-MT-A67F-01,HNSCC,HNSCC,0.00010574934276519343,0.9998102784156799,6.13143783994019e-05,2.2689977413392626e-05
TCGA:HNSCC:TCGA-MT-A7BN-01,HNSCC,BRCA,0.9747375845909119,0.02147100307047367,0.0030896798707544804,0.0007017845055088401
TCGA:HNSCC:TCGA-MZ-A5BI-01,HNSCC,HNSCC,0.0003638518101070076,0.9986074566841125,0.0008791977888904512,0.00014954802463762462
TCGA:HNSCC:TCGA-MZ-A6I9-01,HNSCC,HNSCC,0.0006368632894009352,0.9923408031463623,0.006919401232153177,0.00010293421655660495
TCGA:HNSCC:TCGA-MZ-A7D7-01,HNSCC,LSCC,0.011741206049919128,0.19050465524196625,0.7533990144729614,0.044355135411024094
TCGA:HNSCC:TCGA-P3-A5Q5-01,HNSCC,HNSCC,0.002812011633068323,0.9868506789207458,0.009273584000766277,0.001063720090314746
TCGA:HNSCC:TCGA-P3-A5Q6-01,HNSCC,HNSCC,0.021179284900426865,0.8225329518318176,0.15462516248226166,0.0016626248834654689
TCGA:HNSCC:TCGA-P3-A5QA-01,HNSCC,HNSCC,0.0005773167940787971,0.9948221445083618,0.004004971589893103,0.0005955030210316181
TCGA:HNSCC:TCGA-P3-A5QE-01,HNSCC,HNSCC,0.0003699736553244293,0.9971097111701965,0.0017606065375730395,0.0007597033400088549
TCGA:HNSCC:TCGA-P3-A5QF-01,HNSCC,HNSCC,3.060795643250458e-05,0.9937239289283752,0.0062135555781424046,3.1944313377607614e-05
TCGA:HNSCC:TCGA-P3-A6SW-01,HNSCC,HNSCC,0.00047790727694518864,0.9807022213935852,0.01782677322626114,0.0009931460954248905
TCGA:HNSCC:TCGA-P3-A6SX-01,HNSCC,HNSCC,0.00010992312309099361,0.9997997879981995,7.48957390896976e-05,1.5456185792572796e-05
TCGA:HNSCC:TCGA-P3-A6T0-01,HNSCC,HNSCC,0.00036024375003762543,0.9971576929092407,0.002260954584926367,0.00022115017054602504
TCGA:HNSCC:TCGA-P3-A6T2-01,HNSCC,HNSCC,9.031543595483527e-05,0.9998171925544739,7.959158392623067e-05,1.2878795132564846e-05
TCGA:HNSCC:TCGA-P3-A6T3-01,HNSCC,HNSCC,0.00015577963495161384,0.9993104934692383,0.00042061504791490734,0.0001131710596382618
TCGA:HNSCC:TCGA-P3-A6T4-01,HNSCC,HNSCC,0.00015978192095644772,0.9947822690010071,0.004850243683904409,0.00020771118579432368
TCGA:HNSCC:TCGA-P3-A6T5-01,HNSCC,HNSCC,4.104815161554143e-05,0.99930739402771,0.0006063741748221219,4.521497612586245e-05
TCGA:HNSCC:TCGA-P3-A6T6-01,HNSCC,HNSCC,0.0008746548555791378,0.9975316524505615,0.0014856033958494663,0.00010806335922097787
TCGA:HNSCC:TCGA-P3-A6T7-01,HNSCC,HNSCC,0.0002035765501204878,0.9994940757751465,0.00026241003070026636,3.992711936007254e-05
TCGA:HNSCC:TCGA-P3-A6T8-01,HNSCC,HNSCC,0.0001561101380502805,0.9985677003860474,0.0011891437461599708,8.702122431714088e-05
TCGA:HNSCC:TCGA-QK-A64Z-01,HNSCC,HNSCC,4.6241853851825e-05,0.9979814291000366,0.0018718746723607183,0.00010038191976491362
TCGA:HNSCC:TCGA-QK-A652-01,HNSCC,HNSCC,2.484711876604706e-05,0.999940037727356,2.3339303879765794e-05,1.1791630640800577e-05
TCGA:HNSCC:TCGA-QK-A6IF-01,HNSCC,HNSCC,0.09080225229263306,0.8151333332061768,0.0774574726819992,0.016606973484158516
TCGA:HNSCC:TCGA-QK-A6IG-01,HNSCC,HNSCC,0.00019445661746431142,0.9995251893997192,0.0002314494486199692,4.889331103186123e-05
TCGA:HNSCC:TCGA-QK-A6IH-01,HNSCC,HNSCC,0.0004882992361672223,0.9991912245750427,0.00029561578412540257,2.4881654098862782e-05
TCGA:HNSCC:TCGA-QK-A6II-01,HNSCC,HNSCC,0.00021987577201798558,0.9995064735412598,0.0002176034467993304,5.600331132882275e-05
TCGA:HNSCC:TCGA-QK-A6IJ-01,HNSCC,HNSCC,0.0002190249360864982,0.9996079802513123,0.00011372729204595089,5.931954365223646e-05
TCGA:HNSCC:TCGA-QK-A6V9-01,HNSCC,HNSCC,9.684024553280324e-05,0.9800664186477661,0.019408579915761948,0.000428188854129985
TCGA:HNSCC:TCGA-QK-A6VB-01,HNSCC,HNSCC,0.00024025337188504636,0.9558643102645874,0.04366433620452881,0.00023110670736059546
TCGA:HNSCC:TCGA-QK-A6VC-01,HNSCC,HNSCC,0.00033824724960140884,0.9530713558197021,0.04607701301574707,0.0005133582162670791
TCGA:HNSCC:TCGA-QK-A8Z7-01,HNSCC,LSCC,0.006650661118328571,0.12360455840826035,0.8662367463111877,0.0035080143716186285
TCGA:HNSCC:TCGA-QK-A8Z8-01,HNSCC,LSCC,0.00022834300762042403,0.3734554648399353,0.6193268299102783,0.006989324931055307
TCGA:HNSCC:TCGA-QK-A8Z9-01,HNSCC,HNSCC,0.00013252650387585163,0.9997102618217468,0.00011816075857495889,3.90226996387355e-05
TCGA:HNSCC:TCGA-QK-A8ZA-01,HNSCC,HNSCC,0.0005668566445820034,0.980357825756073,0.018552716821432114,0.0005226692301221192
TCGA:HNSCC:TCGA-QK-A8ZB-01,HNSCC,HNSCC,0.0002739213523454964,0.9946960210800171,0.004721010569483042,0.00030898948898538947
TCGA:HNSCC:TCGA-QK-AA3J-01,HNSCC,HNSCC,0.0007534399628639221,0.97032231092453,0.027570825070142746,0.00135342578869313
TCGA:HNSCC:TCGA-QK-AA3K-01,HNSCC,HNSCC,0.037773266434669495,0.5211989879608154,0.426588773727417,0.014438941143453121
TCGA:HNSCC:TCGA-RS-A6TO-01,HNSCC,HNSCC,0.00010333489626646042,0.9995924830436707,0.0002593734534457326,4.482744407141581e-05
TCGA:HNSCC:TCGA-RS-A6TP-01,HNSCC,HNSCC,0.0004133411275688559,0.9973670840263367,0.002133612986654043,8.598053682362661e-05
TCGA:HNSCC:TCGA-T2-A6WX-01,HNSCC,HNSCC,6.0680518799927086e-05,0.99974125623703,0.00014744656800758094,5.0623264542082325e-05
TCGA:HNSCC:TCGA-T2-A6WZ-01,HNSCC,HNSCC,5.773759039584547e-05,0.9997543692588806,0.00016475946176797152,2.311388379894197e-05
TCGA:HNSCC:TCGA-T2-A6X0-01,HNSCC,HNSCC,8.960681589087471e-05,0.9751444458961487,0.024647003039717674,0.0001188811584142968
TCGA:HNSCC:TCGA-T2-A6X2-01,HNSCC,HNSCC,0.0002489967446308583,0.9996826648712158,5.2175881137372926e-05,1.6139334547915496e-05
TCGA:HNSCC:TCGA-T3-A92M-01,HNSCC,HNSCC,0.0001086561824195087,0.9988603591918945,0.0010139172663912177,1.712891571514774e-05
TCGA:HNSCC:TCGA-T3-A92N-01,HNSCC,HNSCC,9.692020830698311e-05,0.9992073178291321,0.0006435436080209911,5.218858495936729e-05
TCGA:HNSCC:TCGA-TN-A7HI-01,HNSCC,HNSCC,0.006358343642205,0.9851415157318115,0.006956921424716711,0.0015431807842105627
TCGA:HNSCC:TCGA-TN-A7HJ-01,HNSCC,HNSCC,1.3272074284031987e-05,0.9998955726623535,8.346793765667826e-05,7.729639946774114e-06
TCGA:HNSCC:TCGA-TN-A7HL-01,HNSCC,HNSCC,8.740978955756873e-05,0.9995811581611633,0.00025510083651170135,7.634625217178836e-05
TCGA:HNSCC:TCGA-UF-A718-01,HNSCC,HNSCC,0.00017810672579798847,0.9941725134849548,0.005503486376255751,0.0001458530459785834
TCGA:HNSCC:TCGA-UF-A719-01,HNSCC,HNSCC,0.0003596697060856968,0.9942318797111511,0.004901180975139141,0.0005072015919722617
TCGA:HNSCC:TCGA-UF-A71A-01,HNSCC,LSCC,0.0007918181363493204,0.10929086804389954,0.8892685174942017,0.0006487362552434206
TCGA:HNSCC:TCGA-UF-A71B-01,HNSCC,HNSCC,4.6606895921286196e-05,0.9989948868751526,0.00085253402357921,0.00010592350736260414
TCGA:HNSCC:TCGA-UF-A71D-01,HNSCC,HNSCC,0.00022201219690032303,0.9988892674446106,0.000639416160993278,0.0002493138308636844
TCGA:HNSCC:TCGA-UF-A71E-01,HNSCC,HNSCC,3.654283864307217e-05,0.9996609687805176,0.0002574065001681447,4.5116335968486965e-05
TCGA:HNSCC:TCGA-UF-A7J9-01,HNSCC,HNSCC,0.006153346970677376,0.7607658505439758,0.22880421578884125,0.004276629537343979
TCGA:HNSCC:TCGA-UF-A7JA-01,HNSCC,HNSCC,0.0029919217340648174,0.992138683795929,0.004748485516756773,0.00012092365795979276
TCGA:HNSCC:TCGA-UF-A7JC-01,HNSCC,HNSCC,1.1046148756577168e-05,0.9998726844787598,9.16929348022677e-05,2.4616081645945087e-05
TCGA:HNSCC:TCGA-UF-A7JD-01,HNSCC,LSCC,0.01694822683930397,0.0361165851354599,0.849148154258728,0.097787044942379
TCGA:HNSCC:TCGA-UF-A7JF-01,HNSCC,HNSCC,0.00035012714215554297,0.9932045936584473,0.006119346246123314,0.0003259730292484164
TCGA:HNSCC:TCGA-UF-A7JH-01,HNSCC,HNSCC,4.408722816151567e-05,0.9988061189651489,0.0011045589344576001,4.525163603830151e-05
TCGA:HNSCC:TCGA-UF-A7JJ-01,HNSCC,HNSCC,0.0002768955600913614,0.9807008504867554,0.01859128102660179,0.00043102094787172973
TCGA:HNSCC:TCGA-UF-A7JK-01,HNSCC,HNSCC,0.00013802065222989768,0.997710108757019,0.001963530434295535,0.00018835201626643538
TCGA:HNSCC:TCGA-UF-A7JO-01,HNSCC,HNSCC,4.272660589776933e-05,0.9969503283500671,0.002947781700640917,5.913859058637172e-05
TCGA:HNSCC:TCGA-UF-A7JS-01,HNSCC,HNSCC,9.535969002172351e-05,0.9995726943016052,0.00022469116083811969,0.0001073084567906335
TCGA:HNSCC:TCGA-UF-A7JT-01,HNSCC,HNSCC,0.0003651458246167749,0.9994964599609375,9.862196748144925e-05,3.970220132032409e-05
TCGA:HNSCC:TCGA-UF-A7JV-01,HNSCC,HNSCC,0.0007484180387109518,0.998793363571167,0.0003622310468927026,9.601161582395434e-05
TCGA:HNSCC:TCGA-UP-A6WW-01,HNSCC,HNSCC,0.00064988894155249,0.9963197708129883,0.0024637088645249605,0.0005665978533215821
TCGA:HNSCC:TCGA-WA-A7GZ-01,HNSCC,HNSCC,0.00013136329653207213,0.9982154369354248,0.001608334481716156,4.4933829485671595e-05
TCGA:HNSCC:TCGA-WA-A7H4-01,HNSCC,HNSCC,0.00058879388961941,0.9959896206855774,0.002645852044224739,0.0007757188286632299
