dataset,model_name,version,split,original_row_index,y_true,y_pred,y_true_encoded,y_pred_encoded,prob_brca,prob_esca,prob_hnscc,prob_lscc,prob_luad
ALL_core_cancer_type_top95,tabpfn_v2_6,v2_6,train,1195,BRCA,BRCA,0,0,0.9999337,9.118906e-06,1.2814149e-05,1.805901e-05,2.6164706e-05
ALL_core_cancer_type_top95,tabpfn_v2_6,v2_6,train,313,BRCA,BRCA,0,0,0.9999373,8.344127e-06,1.23373875e-05,1.7463066e-05,2.4495974e-05
ALL_core_cancer_type_top95,tabpfn_v2_6,v2_6,train,1656,HNSCC,HNSCC,2,2,2.5031355e-05,1.7521948e-05,0.9998963,3.2421565e-05,2.8786058e-05
ALL_core_cancer_type_top95,tabpfn_v2_6,v2_6,train,1589,HNSCC,HNSCC,2,2,3.605529e-05,3.0453311e-05,0.99984694,4.4339067e-05,4.219363e-05
ALL_core_cancer_type_top95,tabpfn_v2_6,v2_6,train,1500,HNSCC,HNSCC,2,2,2.3362749e-05,1.6985672e-05,0.9999027,2.997822e-05,2.687908e-05
ALL_core_cancer_type_top95,tabpfn_v2_6,v2_6,train,1821,HNSCC,HNSCC,2,2,2.669994e-05,1.9309779e-05,0.99988985,3.3315326e-05,3.0812207e-05
ALL_core_cancer_type_top95,tabpfn_v2_6,v2_6,train,67,BRCA,HNSCC,0,2,0.28300264,0.00021198681,0.30668792,0.20742945,0.20266798
ALL_core_cancer_type_top95,tabpfn_v2_6,v2_6,train,3032,LUAD,LUAD,4,4,3.307528e-05,1.7938126e-05,3.5101515e-05,7.3957526e-05,0.9998399
ALL_core_cancer_type_top95,tabpfn_v2_6,v2_6,train,992,BRCA,BRCA,0,0,0.99993944,8.224943e-06,1.1979808e-05,1.72247e-05,2.3125202e-05
ALL_core_cancer_type_top95,tabpfn_v2_6,v2_6,train,2305,LSCC,LSCC,3,3,2.6818692e-05,1.7581142e-05,3.4923898e-05,0.9998733,4.7320093e-05
ALL_core_cancer_type_top95,tabpfn_v2_6,v2_6,train,411,BRCA,BRCA,0,0,0.9999299,9.655276e-06,1.412531e-05,2.0144958e-05,2.6105005e-05
ALL_core_cancer_type_top95,tabpfn_v2_6,v2_6,train,1075,BRCA,BRCA,0,0,0.9999517,6.317787e-06,9.357477e-06,1.2873982e-05,1.9668583e-05
ALL_core_cancer_type_top95,tabpfn_v2_6,v2_6,train,1296,ESCA,ESCA,1,1,4.010554e-05,0.99979097,2.9140578e-05,4.5707206e-05,9.415565e-05
ALL_core_cancer_type_top95,tabpfn_v2_6,v2_6,train,102,BRCA,HNSCC,0,2,0.28300264,0.00021198681,0.30668792,0.20742945,0.20266798
ALL_core_cancer_type_top95,tabpfn_v2_6,v2_6,train,2371,LSCC,LSCC,3,3,3.2777563e-05,2.044128e-05,4.118054e-05,0.99984777,5.7807705e-05
ALL_core_cancer_type_top95,tabpfn_v2_6,v2_6,train,1717,HNSCC,HNSCC,2,2,2.5210138e-05,1.7998727e-05,0.9998958,3.0931587e-05,3.003761e-05
ALL_core_cancer_type_top95,tabpfn_v2_6,v2_6,train,3085,LUAD,LUAD,4,4,2.3004988e-05,1.22772735e-05,2.2945389e-05,4.6307967e-05,0.99989545
ALL_core_cancer_type_top95,tabpfn_v2_6,v2_6,train,936,BRCA,BRCA,0,0,0.9999399,8.165346e-06,1.1503005e-05,1.615189e-05,2.4376835e-05
ALL_core_cancer_type_top95,tabpfn_v2_6,v2_6,train,1521,HNSCC,HNSCC,2,2,2.2468745e-05,1.7998835e-05,0.9999018,2.9561e-05,2.8190228e-05
ALL_core_cancer_type_top95,tabpfn_v2_6,v2_6,train,1027,BRCA,BRCA,0,0,0.99993944,8.463347e-06,1.1860606e-05,1.668829e-05,2.360201e-05
ALL_core_cancer_type_top95,tabpfn_v2_6,v2_6,train,1815,HNSCC,HNSCC,2,2,2.8427945e-05,2.3064182e-05,0.9998779,3.7009966e-05,3.355332e-05
ALL_core_cancer_type_top95,tabpfn_v2_6,v2_6,train,759,BRCA,BRCA,0,0,0.9999188,1.1860361e-05,1.6330347e-05,2.2528728e-05,3.03959e-05
ALL_core_cancer_type_top95,tabpfn_v2_6,v2_6,train,383,BRCA,BRCA,0,0,0.9999466,6.973371e-06,1.0430256e-05,1.5019568e-05,2.0920113e-05
ALL_core_cancer_type_top95,tabpfn_v2_6,v2_6,train,1487,HNSCC,HNSCC,2,2,0.28300264,0.00021198681,0.30668792,0.20742945,0.20266798
ALL_core_cancer_type_top95,tabpfn_v2_6,v2_6,train,2511,LSCC,LSCC,3,3,2.2706847e-05,1.5853075e-05,3.075258e-05,0.9998889,4.165902e-05
ALL_core_cancer_type_top95,tabpfn_v2_6,v2_6,train,1600,HNSCC,HNSCC,2,2,0.00012981461,0.00010293381,0.9994786,0.00015913913,0.0001295762
ALL_core_cancer_type_top95,tabpfn_v2_6,v2_6,train,274,BRCA,BRCA,0,0,0.99993396,9.059308e-06,1.3052555e-05,1.8655022e-05,2.52111e-05
ALL_core_cancer_type_top95,tabpfn_v2_6,v2_6,train,1379,ESCA,ESCA,1,1,4.1237683e-05,0.99978834,2.9140501e-05,4.6839334e-05,9.457255e-05
ALL_core_cancer_type_top95,tabpfn_v2_6,v2_6,train,3060,LUAD,LUAD,4,4,4.4693796e-05,2.7710154e-05,4.8030935e-05,9.630024e-05,0.99978334
ALL_core_cancer_type_top95,tabpfn_v2_6,v2_6,train,1295,ESCA,ESCA,1,1,3.5756126e-05,0.99981374,2.6280752e-05,4.0940762e-05,8.3311774e-05
ALL_core_cancer_type_top95,tabpfn_v2_6,v2_6,train,220,BRCA,BRCA,0,0,0.99987054,1.9547793e-05,2.7474185e-05,3.7724858e-05,4.4876488e-05
ALL_core_cancer_type_top95,tabpfn_v2_6,v2_6,train,881,BRCA,BRCA,0,0,0.99990666,1.2456208e-05,1.8475715e-05,2.7773172e-05,3.4686665e-05
ALL_core_cancer_type_top95,tabpfn_v2_6,v2_6,train,802,BRCA,BRCA,0,0,0.9999058,1.3469381e-05,1.8892893e-05,2.6819564e-05,3.498463e-05
ALL_core_cancer_type_top95,tabpfn_v2_6,v2_6,train,3079,LUAD,LUAD,4,4,3.182401e-05,1.99645e-05,3.5876506e-05,6.531669e-05,0.99984694
ALL_core_cancer_type_top95,tabpfn_v2_6,v2_6,train,1019,BRCA,BRCA,0,0,0.99992394,1.031082e-05,1.5257629e-05,2.199244e-05,2.8667653e-05
ALL_core_cancer_type_top95,tabpfn_v2_6,v2_6,train,2353,LSCC,LSCC,3,3,2.896394e-05,1.8534536e-05,3.849939e-05,0.9998647,4.9226775e-05
ALL_core_cancer_type_top95,tabpfn_v2_6,v2_6,train,1199,BRCA,BRCA,0,0,0.9999093,1.1025859e-05,1.8118168e-05,2.5985268e-05,3.5640343e-05
ALL_core_cancer_type_top95,tabpfn_v2_6,v2_6,train,1408,HNSCC,HNSCC,2,2,0.28300264,0.00021198681,0.30668792,0.20742945,0.20266798
ALL_core_cancer_type_top95,tabpfn_v2_6,v2_6,train,1294,ESCA,ESCA,1,1,5.6396453e-05,0.99969715,4.9719496e-05,6.7604204e-05,0.00012912761
ALL_core_cancer_type_top95,tabpfn_v2_6,v2_6,train,472,BRCA,BRCA,0,0,0.9999331,9.178501e-06,1.3112145e-05,1.895301e-05,2.5628284e-05
ALL_core_cancer_type_top95,tabpfn_v2_6,v2_6,train,1061,BRCA,BRCA,0,0,0.9999316,9.655292e-06,1.3171725e-05,1.9191382e-05,2.628385e-05
ALL_core_cancer_type_top95,tabpfn_v2_6,v2_6,train,3215,LUAD,LUAD,4,4,2.4137145e-05,1.3171133e-05,2.455433e-05,5.1492574e-05,0.99988663
ALL_core_cancer_type_top95,tabpfn_v2_6,v2_6,train,935,BRCA,BRCA,0,0,0.9999311,9.714888e-06,1.3588923e-05,1.9012572e-05,2.646264e-05
ALL_core_cancer_type_top95,tabpfn_v2_6,v2_6,train,2480,LSCC,LSCC,3,3,3.6352987e-05,2.097746e-05,4.4755892e-05,0.9998392,5.8760732e-05
ALL_core_cancer_type_top95,tabpfn_v2_6,v2_6,train,1389,HNSCC,HNSCC,2,2,0.28300264,0.00021198681,0.30668792,0.20742945,0.20266798
ALL_core_cancer_type_top95,tabpfn_v2_6,v2_6,train,2812,LUAD,LUAD,4,4,0.12012441,0.0004892643,0.12079583,0.28419676,0.47439373
ALL_core_cancer_type_top95,tabpfn_v2_6,v2_6,train,1579,HNSCC,HNSCC,2,2,2.1515369e-05,1.48402405e-05,0.9999113,2.7236907e-05,2.509133e-05
ALL_core_cancer_type_top95,tabpfn_v2_6,v2_6,train,538,BRCA,BRCA,0,0,0.99994254,7.926962e-06,1.1503035e-05,1.561552e-05,2.2588862e-05
ALL_core_cancer_type_top95,tabpfn_v2_6,v2_6,train,599,BRCA,BRCA,0,0,0.99993956,8.2249435e-06,1.197981e-05,1.7045899e-05,2.3125205e-05
ALL_core_cancer_type_top95,tabpfn_v2_6,v2_6,train,3078,LUAD,LUAD,4,4,2.5567137e-05,1.5733624e-05,2.938135e-05,5.6617206e-05,0.9998727
ALL_core_cancer_type_top95,tabpfn_v2_6,v2_6,train,3226,LUAD,LUAD,4,4,2.425624e-05,1.3826652e-05,2.7355316e-05,5.202874e-05,0.99988246
ALL_core_cancer_type_top95,tabpfn_v2_6,v2_6,train,2903,LUAD,LUAD,4,4,2.5745943e-05,1.4839676e-05,2.9679351e-05,5.6438446e-05,0.9998733
ALL_core_cancer_type_top95,tabpfn_v2_6,v2_6,train,1665,HNSCC,HNSCC,2,2,2.8010942e-05,2.062082e-05,0.99988425,3.4745484e-05,3.2301978e-05
ALL_core_cancer_type_top95,tabpfn_v2_6,v2_6,train,1179,BRCA,BRCA,0,0,0.99983335,2.0917745e-05,3.200236e-05,4.880807e-05,6.483905e-05
ALL_core_cancer_type_top95,tabpfn_v2_6,v2_6,train,1261,ESCA,ESCA,1,1,9.500942e-05,0.99950767,8.3624975e-05,0.00010329443,0.00021040354
ALL_core_cancer_type_top95,tabpfn_v2_6,v2_6,train,368,BRCA,BRCA,0,0,0.99992466,9.953225e-06,1.3827236e-05,2.1813657e-05,2.9621277e-05
ALL_core_cancer_type_top95,tabpfn_v2_6,v2_6,train,165,BRCA,BRCA,0,0,0.99991274,1.2158286e-05,1.7522236e-05,2.5210566e-05,3.2422096e-05
ALL_core_cancer_type_top95,tabpfn_v2_6,v2_6,train,3170,LUAD,LUAD,4,4,3.796148e-05,2.3301316e-05,3.939174e-05,7.520783e-05,0.9998241
ALL_core_cancer_type_top95,tabpfn_v2_6,v2_6,train,2758,LUAD,LUAD,4,4,3.349195e-05,2.0977164e-05,3.8974616e-05,8.158448e-05,0.99982506
ALL_core_cancer_type_top95,tabpfn_v2_6,v2_6,train,1857,HNSCC,HNSCC,2,2,2.6759493e-05,2.0263313e-05,0.9998882,3.3553664e-05,3.128894e-05
ALL_core_cancer_type_top95,tabpfn_v2_6,v2_6,train,2109,LSCC,HNSCC,3,2,0.28300264,0.00021198681,0.30668792,0.20742945,0.20266798
ALL_core_cancer_type_top95,tabpfn_v2_6,v2_6,train,2671,LUAD,HNSCC,4,2,0.28300264,0.00021198681,0.30668792,0.20742945,0.20266798
ALL_core_cancer_type_top95,tabpfn_v2_6,v2_6,train,2171,LSCC,LSCC,3,3,2.4732984e-05,1.6627717e-05,3.391101e-05,0.999881,4.356581e-05
ALL_core_cancer_type_top95,tabpfn_v2_6,v2_6,train,867,BRCA,BRCA,0,0,0.9999385,8.344137e-06,1.2039398e-05,1.698628e-05,2.4138397e-05
ALL_core_cancer_type_top95,tabpfn_v2_6,v2_6,train,2700,LUAD,HNSCC,4,2,0.28300264,0.00021198681,0.30668792,0.20742945,0.20266798
ALL_core_cancer_type_top95,tabpfn_v2_6,v2_6,train,3207,LUAD,LUAD,4,4,3.2896573e-05,1.8414928e-05,3.4565237e-05,7.1991046e-05,0.99984217
ALL_core_cancer_type_top95,tabpfn_v2_6,v2_6,train,938,BRCA,BRCA,0,0,0.9982734,0.00026266839,0.00037231218,0.0005024546,0.0005892162
ALL_core_cancer_type_top95,tabpfn_v2_6,v2_6,train,3102,LUAD,LUAD,4,4,2.0263593e-05,1.1562168e-05,2.1991958e-05,4.4222314e-05,0.999902
ALL_core_cancer_type_top95,tabpfn_v2_6,v2_6,train,789,BRCA,BRCA,0,0,0.99991226,1.221788e-05,1.633024e-05,2.538935e-05,3.385247e-05
ALL_core_cancer_type_top95,tabpfn_v2_6,v2_6,train,448,BRCA,BRCA,0,0,0.99993265,9.595701e-06,1.3529343e-05,1.88338e-05,2.5389869e-05
ALL_core_cancer_type_top95,tabpfn_v2_6,v2_6,train,390,BRCA,BRCA,0,0,0.9999372,8.284525e-06,1.1741377e-05,1.7463064e-05,2.5389983e-05
ALL_core_cancer_type_top95,tabpfn_v2_6,v2_6,train,176,BRCA,BRCA,0,0,0.9999331,8.642096e-06,1.3052544e-05,1.9131812e-05,2.6105088e-05
ALL_core_cancer_type_top95,tabpfn_v2_6,v2_6,train,630,BRCA,BRCA,0,0,0.9999453,7.152166e-06,1.0907053e-05,1.5257954e-05,2.1337295e-05
ALL_core_cancer_type_top95,tabpfn_v2_6,v2_6,train,1682,HNSCC,HNSCC,2,2,2.9739009e-05,2.1872178e-05,0.9998753,3.891698e-05,3.4089608e-05
ALL_core_cancer_type_top95,tabpfn_v2_6,v2_6,train,2857,LUAD,LUAD,4,4,2.6937927e-05,1.5495269e-05,2.7295511e-05,5.548498e-05,0.99987483
ALL_core_cancer_type_top95,tabpfn_v2_6,v2_6,train,657,BRCA,BRCA,0,0,0.9999248,1.0191628e-05,1.47212395e-05,2.0442856e-05,2.9680881e-05
ALL_core_cancer_type_top95,tabpfn_v2_6,v2_6,train,595,BRCA,BRCA,0,0,0.9999429,7.807763e-06,1.0787825e-05,1.5794329e-05,2.2767674e-05
ALL_core_cancer_type_top95,tabpfn_v2_6,v2_6,train,2101,LSCC,HNSCC,3,2,0.28300264,0.00021198681,0.30668792,0.20742945,0.20266798
ALL_core_cancer_type_top95,tabpfn_v2_6,v2_6,train,3090,LUAD,LUAD,4,4,2.8189119e-05,1.5614269e-05,3.1347732e-05,6.2457075e-05,0.99986243
ALL_core_cancer_type_top95,tabpfn_v2_6,v2_6,train,1161,BRCA,BRCA,0,0,0.9999312,9.297685e-06,1.3648525e-05,1.871457e-05,2.7177848e-05
ALL_core_cancer_type_top95,tabpfn_v2_6,v2_6,train,328,BRCA,BRCA,0,0,0.9999229,1.0728008e-05,1.5198012e-05,2.1754018e-05,2.9442424e-05
ALL_core_cancer_type_top95,tabpfn_v2_6,v2_6,train,2579,LSCC,LSCC,3,3,2.777205e-05,1.9070936e-05,3.8439855e-05,0.99986625,4.8452097e-05
ALL_core_cancer_type_top95,tabpfn_v2_6,v2_6,train,2261,LSCC,LSCC,3,3,2.8248776e-05,1.7521394e-05,3.7665035e-05,0.9998646,5.1968214e-05
ALL_core_cancer_type_top95,tabpfn_v2_6,v2_6,train,521,BRCA,BRCA,0,0,0.99993145,9.65529e-06,1.3469727e-05,1.931058e-05,2.6105045e-05
ALL_core_cancer_type_top95,tabpfn_v2_6,v2_6,train,2340,LSCC,LSCC,3,3,2.6520735e-05,1.7759952e-05,3.581789e-05,0.99987435,4.547263e-05
ALL_core_cancer_type_top95,tabpfn_v2_6,v2_6,train,324,BRCA,BRCA,0,0,0.9999399,8.105745e-06,1.1920213e-05,1.6986303e-05,2.3184813e-05
ALL_core_cancer_type_top95,tabpfn_v2_6,v2_6,train,512,BRCA,BRCA,0,0,0.9998777,1.6866052e-05,2.4911695e-05,3.4208882e-05,4.6307145e-05
ALL_core_cancer_type_top95,tabpfn_v2_6,v2_6,train,359,BRCA,BRCA,0,0,0.9998198,1.9189238e-05,3.6531063e-05,5.66738e-05,6.7698675e-05
ALL_core_cancer_type_top95,tabpfn_v2_6,v2_6,train,2920,LUAD,LUAD,4,4,2.7235857e-05,1.5972013e-05,2.824901e-05,5.5723256e-05,0.9998728
ALL_core_cancer_type_top95,tabpfn_v2_6,v2_6,train,2230,LSCC,LSCC,3,3,2.1872522e-05,1.5614716e-05,3.0097066e-05,0.99989104,4.1361116e-05
ALL_core_cancer_type_top95,tabpfn_v2_6,v2_6,train,1643,HNSCC,HNSCC,2,2,2.5150463e-05,1.9369432e-05,0.9998927,3.2183056e-05,3.0514304e-05
ALL_core_cancer_type_top95,tabpfn_v2_6,v2_6,train,1975,HNSCC,HNSCC,2,2,3.462518e-05,2.890398e-05,0.9998522,4.4577686e-05,3.9750423e-05
ALL_core_cancer_type_top95,tabpfn_v2_6,v2_6,train,1635,HNSCC,HNSCC,2,2,5.2142757e-05,3.7185237e-05,0.9997832,6.370355e-05,6.3763146e-05
ALL_core_cancer_type_top95,tabpfn_v2_6,v2_6,train,2786,LUAD,LUAD,4,4,2.5924925e-05,1.4303406e-05,2.7534057e-05,5.173065e-05,0.99988055
ALL_core_cancer_type_top95,tabpfn_v2_6,v2_6,train,351,BRCA,BRCA,0,0,0.99986243,1.7580951e-05,2.5447682e-05,4.2849846e-05,5.149133e-05
ALL_core_cancer_type_top95,tabpfn_v2_6,v2_6,train,803,BRCA,BRCA,0,0,0.9999299,9.774477e-06,1.406571e-05,1.9906556e-05,2.6343407e-05
ALL_core_cancer_type_top95,tabpfn_v2_6,v2_6,train,430,BRCA,BRCA,0,0,0.99990463,1.3052172e-05,1.8416078e-05,2.7415523e-05,3.6414964e-05
ALL_core_cancer_type_top95,tabpfn_v2_6,v2_6,train,1961,HNSCC,HNSCC,2,2,2.4673715e-05,2.050183e-05,0.99989426,3.1408326e-05,2.9203187e-05
ALL_core_cancer_type_top95,tabpfn_v2_6,v2_6,train,2505,LSCC,LSCC,3,3,2.807008e-05,1.8177016e-05,3.6056048e-05,0.9998679,4.98825e-05
ALL_core_cancer_type_top95,tabpfn_v2_6,v2_6,train,225,BRCA,BRCA,0,0,0.9999292,9.536068e-06,1.4304102e-05,2.0025742e-05,2.6879792e-05
ALL_core_cancer_type_top95,tabpfn_v2_6,v2_6,train,1282,ESCA,ESCA,1,1,3.909255e-05,0.9997929,2.9021448e-05,4.5528515e-05,9.344072e-05
ALL_core_cancer_type_top95,tabpfn_v2_6,v2_6,train,2888,LUAD,LUAD,4,4,2.4911933e-05,1.3409533e-05,2.556751e-05,4.8870297e-05,0.9998872
ALL_core_cancer_type_top95,tabpfn_v2_6,v2_6,train,1382,ESCA,ESCA,1,1,3.5041125e-05,0.9998172,2.5029374e-05,3.8557155e-05,8.408678e-05
ALL_core_cancer_type_top95,tabpfn_v2_6,v2_6,train,342,BRCA,BRCA,0,0,0.9999347,8.940113e-06,1.3171766e-05,1.8178229e-05,2.5032316e-05
ALL_core_cancer_type_top95,tabpfn_v2_6,v2_6,train,2843,LUAD,LUAD,4,4,2.7176246e-05,1.5972004e-05,2.8368186e-05,5.6319193e-05,0.9998722
ALL_core_cancer_type_top95,tabpfn_v2_6,v2_6,train,530,BRCA,BRCA,0,0,0.99992526,1.0251233e-05,1.4721247e-05,2.0442865e-05,2.9204093e-05
ALL_core_cancer_type_top95,tabpfn_v2_6,v2_6,train,456,BRCA,BRCA,0,0,0.9999324,9.178495e-06,1.352934e-05,1.8952996e-05,2.5985868e-05
ALL_core_cancer_type_top95,tabpfn_v2_6,v2_6,train,123,BRCA,BRCA,0,0,0.99992836,9.297659e-06,1.4423291e-05,2.1217733e-05,2.6700967e-05
ALL_core_cancer_type_top95,tabpfn_v2_6,v2_6,train,3100,LUAD,LUAD,4,4,3.8676044e-05,2.6757385e-05,4.064262e-05,8.450328e-05,0.99980944
ALL_core_cancer_type_top95,tabpfn_v2_6,v2_6,train,2252,LSCC,LSCC,3,3,4.0940304e-05,2.550575e-05,5.560015e-05,0.99980253,7.544458e-05
ALL_core_cancer_type_top95,tabpfn_v2_6,v2_6,train,1728,HNSCC,HNSCC,2,2,3.414875e-05,2.550727e-05,0.9998621,4.1121533e-05,3.718817e-05
ALL_core_cancer_type_top95,tabpfn_v2_6,v2_6,train,1115,BRCA,BRCA,0,0,0.9999274,9.655251e-06,1.4363676e-05,2.0562109e-05,2.801215e-05
ALL_core_cancer_type_top95,tabpfn_v2_6,v2_6,train,1360,ESCA,ESCA,1,1,4.046322e-05,0.99979407,2.9259852e-05,4.582653e-05,9.028244e-05
ALL_core_cancer_type_top95,tabpfn_v2_6,v2_6,train,2155,LSCC,LSCC,3,3,2.544804e-05,1.6806434e-05,3.4328037e-05,0.9998765,4.6903064e-05
ALL_core_cancer_type_top95,tabpfn_v2_6,v2_6,train,727,BRCA,BRCA,0,0,0.99994826,6.794578e-06,1.0191867e-05,1.490039e-05,1.9966523e-05
ALL_core_cancer_type_top95,tabpfn_v2_6,v2_6,train,162,BRCA,BRCA,0,0,0.999936,8.820923e-06,1.2396972e-05,1.7999451e-05,2.4793944e-05
ALL_core_cancer_type_top95,tabpfn_v2_6,v2_6,train,736,BRCA,BRCA,0,0,0.9999229,1.1085609e-05,1.5734413e-05,2.1634818e-05,2.8727223e-05
ALL_core_cancer_type_top95,tabpfn_v2_6,v2_6,train,3235,LUAD,LUAD,4,4,3.617343e-05,2.1453765e-05,3.8676368e-05,8.581506e-05,0.9998179
ALL_core_cancer_type_top95,tabpfn_v2_6,v2_6,train,2666,LUAD,HNSCC,4,2,0.28300264,0.00021198681,0.30668792,0.20742945,0.20266798
ALL_core_cancer_type_top95,tabpfn_v2_6,v2_6,train,2185,LSCC,LSCC,3,3,3.0215311e-05,1.9309193e-05,3.981031e-05,0.9998596,5.0954815e-05
ALL_core_cancer_type_top95,tabpfn_v2_6,v2_6,train,2433,LSCC,LSCC,3,3,2.3243185e-05,1.5853044e-05,3.0871717e-05,0.999887,4.2970092e-05
ALL_core_cancer_type_top95,tabpfn_v2_6,v2_6,train,350,BRCA,BRCA,0,0,0.99993706,8.522928e-06,1.2337385e-05,1.7939868e-05,2.4138362e-05
ALL_core_cancer_type_top95,tabpfn_v2_6,v2_6,train,717,BRCA,BRCA,0,0,0.99994016,8.165348e-06,1.1860615e-05,1.6211494e-05,2.3602028e-05
ALL_core_cancer_type_top95,tabpfn_v2_6,v2_6,train,2492,LSCC,LSCC,3,3,3.1645344e-05,1.9726192e-05,4.0763494e-05,0.99985075,5.709273e-05
ALL_core_cancer_type_top95,tabpfn_v2_6,v2_6,train,2247,LSCC,LSCC,3,3,2.354118e-05,1.5972244e-05,2.9977755e-05,0.9998872,4.3268094e-05
ALL_core_cancer_type_top95,tabpfn_v2_6,v2_6,train,903,BRCA,BRCA,0,0,0.9999385,8.046132e-06,1.1860595e-05,1.7403485e-05,2.4078796e-05
ALL_core_cancer_type_top95,tabpfn_v2_6,v2_6,train,942,BRCA,BRCA,0,0,0.99994004,8.165347e-06,1.1801012e-05,1.7045906e-05,2.3006014e-05
ALL_core_cancer_type_top95,tabpfn_v2_6,v2_6,train,2479,LSCC,LSCC,3,3,2.2528075e-05,1.5793492e-05,3.063341e-05,0.99988985,4.124187e-05
ALL_core_cancer_type_top95,tabpfn_v2_6,v2_6,train,741,BRCA,BRCA,0,0,0.9997278,3.0807212e-05,5.3331638e-05,8.437721e-05,0.00010362426
ALL_core_cancer_type_top95,tabpfn_v2_6,v2_6,train,409,BRCA,BRCA,0,0,0.9999368,8.463325e-06,1.2814189e-05,1.7820663e-05,2.4078756e-05
ALL_core_cancer_type_top95,tabpfn_v2_6,v2_6,train,1068,BRCA,BRCA,0,0,0.9999436,7.3905594e-06,1.1264643e-05,1.5555936e-05,2.229088e-05
ALL_core_cancer_type_top95,tabpfn_v2_6,v2_6,train,2839,LUAD,LUAD,4,4,2.4673416e-05,1.3945844e-05,2.610376e-05,5.298229e-05,0.9998822
ALL_core_cancer_type_top95,tabpfn_v2_6,v2_6,train,1806,HNSCC,HNSCC,2,2,2.2528402e-05,1.7045299e-05,0.9999044,2.884589e-05,2.717712e-05
ALL_core_cancer_type_top95,tabpfn_v2_6,v2_6,train,2334,LSCC,LSCC,3,3,2.5567284e-05,1.6925662e-05,3.3016957e-05,0.9998784,4.600919e-05
ALL_core_cancer_type_top95,tabpfn_v2_6,v2_6,train,2386,LSCC,LSCC,3,3,7.046388e-05,4.0537594e-05,9.144805e-05,0.99967045,0.00012709729
ALL_core_cancer_type_top95,tabpfn_v2_6,v2_6,train,2487,LSCC,LSCC,3,3,3.0870768e-05,1.8713168e-05,4.0525334e-05,0.99985623,5.3636468e-05
ALL_core_cancer_type_top95,tabpfn_v2_6,v2_6,train,633,BRCA,BRCA,0,0,0.99990046,1.4720882e-05,1.8713996e-05,2.7177013e-05,3.885836e-05
ALL_core_cancer_type_top95,tabpfn_v2_6,v2_6,train,1049,BRCA,BRCA,0,0,0.9999232,1.0787612e-05,1.5794018e-05,2.1873226e-05,2.8310033e-05
ALL_core_cancer_type_top95,tabpfn_v2_6,v2_6,train,1456,HNSCC,HNSCC,2,2,0.28300264,0.00021198681,0.30668792,0.20742945,0.20266798
ALL_core_cancer_type_top95,tabpfn_v2_6,v2_6,train,163,BRCA,BRCA,0,0,0.9999336,9.357308e-06,1.2814147e-05,1.8476214e-05,2.5747497e-05
ALL_core_cancer_type_top95,tabpfn_v2_6,v2_6,train,310,BRCA,BRCA,0,0,0.99994195,7.8673565e-06,1.1681832e-05,1.5198302e-05,2.3244462e-05
ALL_core_cancer_type_top95,tabpfn_v2_6,v2_6,train,331,BRCA,BRCA,0,0,0.9999497,7.0329943e-06,9.655467e-06,1.31123625e-05,2.0502966e-05
ALL_core_cancer_type_top95,tabpfn_v2_6,v2_6,train,1246,ESCA,ESCA,1,1,4.662006e-05,0.9997096,4.2208445e-05,6.611464e-05,0.00013544856
ALL_core_cancer_type_top95,tabpfn_v2_6,v2_6,train,2212,LSCC,LSCC,3,3,2.550771e-05,1.6746884e-05,3.2480613e-05,0.99987936,4.5830442e-05
ALL_core_cancer_type_top95,tabpfn_v2_6,v2_6,train,1693,HNSCC,HNSCC,2,2,2.4494953e-05,1.8833103e-05,0.9998957,3.1348773e-05,2.956082e-05
ALL_core_cancer_type_top95,tabpfn_v2_6,v2_6,train,589,BRCA,BRCA,0,0,0.999938,8.463335e-06,1.1860589e-05,1.7463079e-05,2.4257586e-05
ALL_core_cancer_type_top95,tabpfn_v2_6,v2_6,train,2166,LSCC,LSCC,3,3,2.9082907e-05,1.9607123e-05,4.0167786e-05,0.99985695,5.4053682e-05
ALL_core_cancer_type_top95,tabpfn_v2_6,v2_6,train,2398,LSCC,LSCC,3,3,2.7116657e-05,1.7700324e-05,3.4685483e-05,0.99987257,4.791603e-05
ALL_core_cancer_type_top95,tabpfn_v2_6,v2_6,train,2260,LSCC,LSCC,3,3,2.932149e-05,1.7878958e-05,3.9035724e-05,0.99986374,4.9941886e-05
ALL_core_cancer_type_top95,tabpfn_v2_6,v2_6,train,2265,LSCC,LSCC,3,3,2.4196619e-05,1.6568129e-05,3.2957465e-05,0.9998815,4.4757784e-05
ALL_core_cancer_type_top95,tabpfn_v2_6,v2_6,train,1542,HNSCC,HNSCC,2,2,3.1109557e-05,2.2587206e-05,0.9998692,3.9095536e-05,3.802279e-05
ALL_core_cancer_type_top95,tabpfn_v2_6,v2_6,train,3233,LUAD,LUAD,4,4,2.6163309e-05,1.4184207e-05,2.7832039e-05,5.1551848e-05,0.9998803
ALL_core_cancer_type_top95,tabpfn_v2_6,v2_6,train,2519,LSCC,LSCC,3,3,2.717613e-05,1.7521452e-05,3.7367176e-05,0.9998679,5.0120885e-05
ALL_core_cancer_type_top95,tabpfn_v2_6,v2_6,train,575,BRCA,BRCA,0,0,0.99991524,9.774333e-06,1.627069e-05,2.4257035e-05,3.4448563e-05
ALL_core_cancer_type_top95,tabpfn_v2_6,v2_6,train,3043,LUAD,LUAD,4,4,2.7057129e-05,1.38265505e-05,2.914303e-05,5.488902e-05,0.99987507
ALL_core_cancer_type_top95,tabpfn_v2_6,v2_6,train,156,BRCA,BRCA,0,0,0.99995005,6.7349883e-06,9.5958685e-06,1.3410376e-05,2.038377e-05
ALL_core_cancer_type_top95,tabpfn_v2_6,v2_6,train,1651,HNSCC,HNSCC,2,2,3.8260085e-05,2.7830933e-05,0.9998406,4.982154e-05,4.3504457e-05
ALL_core_cancer_type_top95,tabpfn_v2_6,v2_6,train,289,BRCA,BRCA,0,0,0.999933,8.999698e-06,1.3171744e-05,1.925101e-05,2.556868e-05
ALL_core_cancer_type_top95,tabpfn_v2_6,v2_6,train,1427,HNSCC,HNSCC,2,2,0.28300264,0.00021198681,0.30668792,0.20742945,0.20266798
ALL_core_cancer_type_top95,tabpfn_v2_6,v2_6,train,227,BRCA,BRCA,0,0,0.9999391,8.403743e-06,1.2158607e-05,1.7224693e-05,2.3244396e-05
ALL_core_cancer_type_top95,tabpfn_v2_6,v2_6,train,3141,LUAD,LUAD,4,4,2.8844743e-05,1.4899144e-05,3.236094e-05,5.9298593e-05,0.9998646
ALL_core_cancer_type_top95,tabpfn_v2_6,v2_6,train,2864,LUAD,LUAD,4,4,3.1823998e-05,1.8057437e-05,3.390984e-05,6.9607544e-05,0.9998466
ALL_core_cancer_type_top95,tabpfn_v2_6,v2_6,train,2655,LUAD,HNSCC,4,2,0.28300264,0.00021198681,0.30668792,0.20742945,0.20266798
ALL_core_cancer_type_top95,tabpfn_v2_6,v2_6,train,1192,BRCA,BRCA,0,0,0.9999379,8.642137e-06,1.2396996e-05,1.7343875e-05,2.3721175e-05
ALL_core_cancer_type_top95,tabpfn_v2_6,v2_6,train,1101,BRCA,BRCA,0,0,0.9999275,9.774453e-06,1.4244478e-05,2.0562113e-05,2.7952552e-05
ALL_core_cancer_type_top95,tabpfn_v2_6,v2_6,train,1371,ESCA,ESCA,1,1,3.5041397e-05,0.99982506,2.4374034e-05,3.7305977e-05,7.8247205e-05
ALL_core_cancer_type_top95,tabpfn_v2_6,v2_6,train,714,BRCA,BRCA,0,0,0.999923,1.060881e-05,1.5138414e-05,2.276722e-05,2.8488827e-05
ALL_core_cancer_type_top95,tabpfn_v2_6,v2_6,train,535,BRCA,BRCA,0,0,0.999944,7.5097646e-06,1.1145444e-05,1.507913e-05,2.2410091e-05
ALL_core_cancer_type_top95,tabpfn_v2_6,v2_6,train,42,BRCA,HNSCC,0,2,0.28300264,0.00021198681,0.30668792,0.20742945,0.20266798
ALL_core_cancer_type_top95,tabpfn_v2_6,v2_6,train,3006,LUAD,LUAD,4,4,2.360084e-05,1.3588362e-05,2.48524e-05,4.809565e-05,0.99988985
ALL_core_cancer_type_top95,tabpfn_v2_6,v2_6,train,1907,HNSCC,HNSCC,2,2,2.4912188e-05,1.7283575e-05,0.9998975,3.1050837e-05,2.9382078e-05
ALL_core_cancer_type_top95,tabpfn_v2_6,v2_6,train,2552,LSCC,LSCC,3,3,1.9667586e-05,1.4065305e-05,2.765382e-05,0.99990106,3.7547212e-05
ALL_core_cancer_type_top95,tabpfn_v2_6,v2_6,train,39,BRCA,HNSCC,0,2,0.28300264,0.00021198681,0.30668792,0.20742945,0.20266798
ALL_core_cancer_type_top95,tabpfn_v2_6,v2_6,train,1098,BRCA,BRCA,0,0,0.99991095,1.346945e-05,1.7581804e-05,2.5031723e-05,3.3018034e-05
ALL_core_cancer_type_top95,tabpfn_v2_6,v2_6,train,2462,LSCC,LSCC,3,3,4.713707e-05,2.7590977e-05,6.114113e-05,0.9997836,8.050845e-05
ALL_core_cancer_type_top95,tabpfn_v2_6,v2_6,train,152,BRCA,BRCA,0,0,0.9999453,7.2117673e-06,1.0489844e-05,1.5257954e-05,2.1814107e-05
ALL_core_cancer_type_top95,tabpfn_v2_6,v2_6,train,428,BRCA,BRCA,0,0,0.99993944,8.224943e-06,1.1562601e-05,1.6330683e-05,2.4436424e-05
ALL_core_cancer_type_top95,tabpfn_v2_6,v2_6,train,626,BRCA,BRCA,0,0,0.99995136,6.4965902e-06,9.297873e-06,1.3171986e-05,1.9728177e-05
ALL_core_cancer_type_top95,tabpfn_v2_6,v2_6,train,1332,ESCA,ESCA,1,1,8.214117e-05,0.9995843,6.372199e-05,9.287078e-05,0.00017691944
ALL_core_cancer_type_top95,tabpfn_v2_6,v2_6,train,375,BRCA,BRCA,0,0,0.999943,7.569359e-06,1.096663e-05,1.5853931e-05,2.246967e-05
ALL_core_cancer_type_top95,tabpfn_v2_6,v2_6,train,2536,LSCC,LSCC,3,3,3.307535e-05,2.1037114e-05,4.630549e-05,0.9998419,5.7628582e-05
ALL_core_cancer_type_top95,tabpfn_v2_6,v2_6,train,2713,LUAD,HNSCC,4,2,0.28300264,0.00021198681,0.30668792,0.20742945,0.20266798
ALL_core_cancer_type_top95,tabpfn_v2_6,v2_6,train,833,BRCA,BRCA,0,0,0.99991536,1.191992e-05,1.633029e-05,2.3541843e-05,3.295858e-05
ALL_core_cancer_type_top95,tabpfn_v2_6,v2_6,train,404,BRCA,BRCA,0,0,0.999923,1.0132009e-05,1.5138414e-05,2.240962e-05,2.9323228e-05
ALL_core_cancer_type_top95,tabpfn_v2_6,v2_6,train,2502,LSCC,LSCC,3,3,4.1357853e-05,2.5088842e-05,5.1369552e-05,0.9998122,7.00223e-05
ALL_core_cancer_type_top95,tabpfn_v2_6,v2_6,train,1467,HNSCC,HNSCC,2,2,0.28300264,0.00021198681,0.30668792,0.20742945,0.20266798
ALL_core_cancer_type_top95,tabpfn_v2_6,v2_6,train,2749,LUAD,LUAD,4,4,0.00011453617,0.00010732176,0.00013510617,0.00030860968,0.99933445
ALL_core_cancer_type_top95,tabpfn_v2_6,v2_6,train,1745,HNSCC,HNSCC,2,2,5.2618743e-05,4.338216e-05,0.99976903,7.413105e-05,6.0782695e-05
ALL_core_cancer_type_top95,tabpfn_v2_6,v2_6,train,2931,LUAD,LUAD,4,4,3.4326415e-05,2.199036e-05,3.653141e-05,7.777078e-05,0.9998293
ALL_core_cancer_type_top95,tabpfn_v2_6,v2_6,train,3137,LUAD,LUAD,4,4,2.240893e-05,1.1800448e-05,2.312411e-05,5.0360497e-05,0.99989223
ALL_core_cancer_type_top95,tabpfn_v2_6,v2_6,train,108,BRCA,HNSCC,0,2,0.28300264,0.00021198681,0.30668792,0.20742945,0.20266798
ALL_core_cancer_type_top95,tabpfn_v2_6,v2_6,train,2405,LSCC,LSCC,3,3,2.2408934e-05,1.48399595e-05,3.0514293e-05,0.99989235,3.9930812e-05
ALL_core_cancer_type_top95,tabpfn_v2_6,v2_6,train,2781,LUAD,LUAD,4,4,3.6054702e-05,2.0738904e-05,3.8319296e-05,7.425481e-05,0.9998306
ALL_core_cancer_type_top95,tabpfn_v2_6,v2_6,train,218,BRCA,BRCA,0,0,0.9999049,1.2277389e-05,1.919087e-05,2.7534727e-05,3.611698e-05
ALL_core_cancer_type_top95,tabpfn_v2_6,v2_6,train,701,BRCA,BRCA,0,0,0.9999459,7.1521704e-06,1.0609053e-05,1.4423544e-05,2.187372e-05
ALL_core_cancer_type_top95,tabpfn_v2_6,v2_6,train,2935,LUAD,LUAD,4,4,3.861651e-05,2.4910032e-05,4.3383978e-05,8.211967e-05,0.999811
ALL_core_cancer_type_top95,tabpfn_v2_6,v2_6,train,2906,LUAD,LUAD,4,4,3.0453197e-05,1.9785639e-05,3.4028915e-05,7.258707e-05,0.9998431
ALL_core_cancer_type_top95,tabpfn_v2_6,v2_6,train,923,BRCA,BRCA,0,0,0.99993944,8.403746e-06,1.1562601e-05,1.6211481e-05,2.4496025e-05
ALL_core_cancer_type_top95,tabpfn_v2_6,v2_6,train,1396,HNSCC,HNSCC,2,2,0.28300264,0.00021198681,0.30668792,0.20742945,0.20266798
ALL_core_cancer_type_top95,tabpfn_v2_6,v2_6,train,2393,LSCC,LSCC,3,3,3.277775e-05,2.0560588e-05,3.975047e-05,0.9998534,5.3517124e-05
ALL_core_cancer_type_top95,tabpfn_v2_6,v2_6,train,1954,HNSCC,HNSCC,2,2,2.9143079e-05,2.2527778e-05,0.99987674,3.6652338e-05,3.4745226e-05
ALL_core_cancer_type_top95,tabpfn_v2_6,v2_6,train,1404,HNSCC,HNSCC,2,2,0.28300264,0.00021198681,0.30668792,0.20742945,0.20266798
ALL_core_cancer_type_top95,tabpfn_v2_6,v2_6,train,1753,HNSCC,HNSCC,2,2,3.0334844e-05,2.1752885e-05,0.9998708,4.0287534e-05,3.689051e-05
ALL_core_cancer_type_top95,tabpfn_v2_6,v2_6,train,1551,HNSCC,HNSCC,2,2,2.1276946e-05,1.6032209e-05,0.9999101,2.687928e-05,2.5687294e-05
ALL_core_cancer_type_top95,tabpfn_v2_6,v2_6,train,2228,LSCC,LSCC,3,3,2.0799884e-05,1.4303645e-05,2.7594115e-05,0.99989724,3.9990606e-05
ALL_core_cancer_type_top95,tabpfn_v2_6,v2_6,train,770,BRCA,BRCA,0,0,0.999899,1.215812e-05,1.913116e-05,3.0097306e-05,3.9692684e-05
ALL_core_cancer_type_top95,tabpfn_v2_6,v2_6,train,2188,LSCC,LSCC,3,3,2.747421e-05,1.7342723e-05,3.5936984e-05,0.9998715,4.767759e-05
ALL_core_cancer_type_top95,tabpfn_v2_6,v2_6,train,2441,LSCC,LSCC,3,3,3.1704803e-05,2.1454378e-05,4.2372398e-05,0.99984646,5.792682e-05
ALL_core_cancer_type_top95,tabpfn_v2_6,v2_6,train,707,BRCA,BRCA,0,0,0.9999316,9.47649e-06,1.3469728e-05,1.8774179e-05,2.6701055e-05
ALL_core_cancer_type_top95,tabpfn_v2_6,v2_6,train,1113,BRCA,BRCA,0,0,0.9999403,8.284551e-06,1.1562611e-05,1.5615484e-05,2.419804e-05
ALL_core_cancer_type_top95,tabpfn_v2_6,v2_6,train,650,BRCA,BRCA,0,0,0.9999287,1.01320675e-05,1.4304095e-05,1.9906533e-05,2.699898e-05
ALL_core_cancer_type_top95,tabpfn_v2_6,v2_6,train,905,BRCA,BRCA,0,0,0.9999318,9.23809e-06,1.3588932e-05,1.9250987e-05,2.5926252e-05
ALL_core_cancer_type_top95,tabpfn_v2_6,v2_6,train,675,BRCA,BRCA,0,0,0.99994254,7.748158e-06,1.1324232e-05,1.561552e-05,2.2827267e-05
ALL_core_cancer_type_top95,tabpfn_v2_6,v2_6,train,267,BRCA,BRCA,0,0,0.999943,7.926966e-06,1.0907029e-05,1.5138718e-05,2.3006081e-05
ALL_core_cancer_type_top95,tabpfn_v2_6,v2_6,train,522,BRCA,BRCA,0,0,0.99985695,1.8653585e-05,2.7712196e-05,4.159809e-05,5.512641e-05
ALL_core_cancer_type_top95,tabpfn_v2_6,v2_6,train,3048,LUAD,LUAD,4,4,2.2826109e-05,1.2754013e-05,2.5210036e-05,4.744016e-05,0.99989176
ALL_core_cancer_type_top95,tabpfn_v2_6,v2_6,train,1840,HNSCC,HNSCC,2,2,2.5388925e-05,1.7879524e-05,0.99989545,3.1765954e-05,2.9441617e-05
ALL_core_cancer_type_top95,tabpfn_v2_6,v2_6,train,2945,LUAD,LUAD,4,4,6.849602e-05,5.3831074e-05,6.903254e-05,0.00014688789,0.99966174
ALL_core_cancer_type_top95,tabpfn_v2_6,v2_6,train,677,BRCA,BRCA,0,0,0.99992204,1.043e-05,1.5555599e-05,2.24692e-05,2.9502e-05
ALL_core_cancer_type_top95,tabpfn_v2_6,v2_6,train,245,BRCA,BRCA,0,0,0.9999304,9.71488e-06,1.3350511e-05,1.9668163e-05,2.6820224e-05
ALL_core_cancer_type_top95,tabpfn_v2_6,v2_6,train,1110,BRCA,BRCA,0,0,0.99988353,1.400546e-05,2.157437e-05,3.6235404e-05,4.4579083e-05
ALL_core_cancer_type_top95,tabpfn_v2_6,v2_6,train,735,BRCA,BRCA,0,0,0.9998977,1.3469272e-05,2.0680696e-05,3.111044e-05,3.7129896e-05
ALL_core_cancer_type_top95,tabpfn_v2_6,v2_6,train,251,BRCA,BRCA,0,0,0.99993706,8.463327e-06,1.2277784e-05,1.7224658e-05,2.4972775e-05
ALL_core_cancer_type_top95,tabpfn_v2_6,v2_6,train,1432,HNSCC,HNSCC,2,2,0.28300264,0.00021198681,0.30668792,0.20742945,0.20266798
ALL_core_cancer_type_top95,tabpfn_v2_6,v2_6,train,172,BRCA,BRCA,0,0,0.99993575,8.701719e-06,1.26353725e-05,1.7403438e-05,2.5509149e-05
ALL_core_cancer_type_top95,tabpfn_v2_6,v2_6,train,1522,HNSCC,HNSCC,2,2,4.0702704e-05,3.3611017e-05,0.9998215,5.4826483e-05,4.928424e-05
ALL_core_cancer_type_top95,tabpfn_v2_6,v2_6,train,3066,LUAD,LUAD,4,4,3.3730947e-05,2.097755e-05,3.5220826e-05,6.662756e-05,0.99984336
ALL_core_cancer_type_top95,tabpfn_v2_6,v2_6,train,1525,HNSCC,LUAD,2,4,0.12843463,0.0047537293,0.13112052,0.3455038,0.39018732
ALL_core_cancer_type_top95,tabpfn_v2_6,v2_6,train,243,BRCA,BRCA,0,0,0.99992216,1.0549201e-05,1.5376801e-05,2.1932801e-05,3.0038404e-05
ALL_core_cancer_type_top95,tabpfn_v2_6,v2_6,train,483,BRCA,BRCA,0,0,0.999949,6.794583e-06,9.536257e-06,1.448319e-05,2.0264546e-05
ALL_core_cancer_type_top95,tabpfn_v2_6,v2_6,train,806,BRCA,BRCA,0,0,0.9999068,1.3171399e-05,1.8654515e-05,2.6998387e-05,3.456747e-05
ALL_core_cancer_type_top95,tabpfn_v2_6,v2_6,train,3059,LUAD,LUAD,4,4,2.848704e-05,1.5256657e-05,3.283757e-05,6.30529e-05,0.9998603
ALL_core_cancer_type_top95,tabpfn_v2_6,v2_6,train,1930,HNSCC,HNSCC,2,2,2.3303182e-05,1.7045295e-05,0.99990416,2.848829e-05,2.7117514e-05
ALL_core_cancer_type_top95,tabpfn_v2_6,v2_6,train,2586,LSCC,LSCC,3,3,3.2896933e-05,1.9964624e-05,3.933329e-05,0.99985313,5.4589837e-05
ALL_core_cancer_type_top95,tabpfn_v2_6,v2_6,train,2802,LUAD,LUAD,4,4,5.437134e-05,3.106082e-05,6.2777435e-05,0.00012120278,0.9997306
ALL_core_cancer_type_top95,tabpfn_v2_6,v2_6,train,1959,HNSCC,HNSCC,2,2,2.729583e-05,2.020368e-05,0.9998865,3.492436e-05,3.1169693e-05
ALL_core_cancer_type_top95,tabpfn_v2_6,v2_6,train,2058,LSCC,HNSCC,3,2,0.28300264,0.00021198681,0.30668792,0.20742945,0.20266798
ALL_core_cancer_type_top95,tabpfn_v2_6,v2_6,train,222,BRCA,BRCA,0,0,0.99991846,1.1383559e-05,1.638994e-05,2.2826718e-05,3.075349e-05
ALL_core_cancer_type_top95,tabpfn_v2_6,v2_6,train,3034,LUAD,LUAD,4,4,3.8497856e-05,2.0798376e-05,3.873623e-05,7.7234086e-05,0.9998248
ALL_core_cancer_type_top95,tabpfn_v2_6,v2_6,train,1569,HNSCC,HNSCC,2,2,3.7127666e-05,3.092979e-05,0.99983764,5.0834507e-05,4.3444732e-05
ALL_core_cancer_type_top95,tabpfn_v2_6,v2_6,train,3214,LUAD,LUAD,4,4,2.4971447e-05,1.2515522e-05,2.6163401e-05,5.23864e-05,0.9998839
ALL_core_cancer_type_top95,tabpfn_v2_6,v2_6,train,2326,LSCC,LSCC,3,3,2.3302728e-05,1.573381e-05,3.176561e-05,0.9998846,4.4519533e-05
ALL_core_cancer_type_top95,tabpfn_v2_6,v2_6,train,77,BRCA,HNSCC,0,2,0.28300264,0.00021198681,0.30668792,0.20742945,0.20266798
ALL_core_cancer_type_top95,tabpfn_v2_6,v2_6,train,56,BRCA,HNSCC,0,2,0.28300264,0.00021198681,0.30668792,0.20742945,0.20266798
ALL_core_cancer_type_top95,tabpfn_v2_6,v2_6,train,3095,LUAD,LUAD,4,4,2.5567204e-05,1.454172e-05,2.7474316e-05,5.7034533e-05,0.9998753
ALL_core_cancer_type_top95,tabpfn_v2_6,v2_6,train,278,BRCA,BRCA,0,0,0.99990094,1.4065303e-05,1.9965579e-05,2.789221e-05,3.707042e-05
ALL_core_cancer_type_top95,tabpfn_v2_6,v2_6,train,1185,BRCA,BRCA,0,0,0.99992585,1.0251239e-05,1.4602056e-05,2.086008e-05,2.8548508e-05
ALL_core_cancer_type_top95,tabpfn_v2_6,v2_6,train,1235,ESCA,ESCA,1,1,3.790132e-05,0.9998092,2.6399819e-05,4.1476917e-05,8.4980005e-05
ALL_core_cancer_type_top95,tabpfn_v2_6,v2_6,train,217,BRCA,BRCA,0,0,0.9998765,1.7938783e-05,2.5567235e-05,3.5639176e-05,4.4459575e-05
ALL_core_cancer_type_top95,tabpfn_v2_6,v2_6,train,374,BRCA,BRCA,0,0,0.9999118,1.066829e-05,1.7224223e-05,2.5925734e-05,3.4269648e-05
ALL_core_cancer_type_top95,tabpfn_v2_6,v2_6,train,3161,LUAD,LUAD,4,4,3.480311e-05,2.3837745e-05,3.6769725e-05,7.705551e-05,0.9998275
ALL_core_cancer_type_top95,tabpfn_v2_6,v2_6,train,1248,ESCA,ESCA,1,1,4.1476145e-05,0.9997906,2.920016e-05,4.630311e-05,9.236785e-05
ALL_core_cancer_type_top95,tabpfn_v2_6,v2_6,train,173,BRCA,BRCA,0,0,0.9999422,7.6289534e-06,1.1205026e-05,1.5734717e-05,2.3244467e-05
ALL_core_cancer_type_top95,tabpfn_v2_6,v2_6,train,1392,HNSCC,HNSCC,2,2,0.28300264,0.00021198681,0.30668792,0.20742945,0.20266798
ALL_core_cancer_type_top95,tabpfn_v2_6,v2_6,train,2582,LSCC,LSCC,3,3,2.0263575e-05,1.3946107e-05,2.7296226e-05,0.99990106,3.7368416e-05
ALL_core_cancer_type_top95,tabpfn_v2_6,v2_6,train,1972,HNSCC,HNSCC,2,2,2.4792858e-05,1.9667412e-05,0.9998921,3.3196207e-05,3.0156696e-05
ALL_core_cancer_type_top95,tabpfn_v2_6,v2_6,train,1762,HNSCC,HNSCC,2,2,2.5388916e-05,1.85351e-05,0.9998951,3.0812367e-05,3.0335581e-05
ALL_core_cancer_type_top95,tabpfn_v2_6,v2_6,train,451,BRCA,BRCA,0,0,0.99993336,9.357305e-06,1.3112148e-05,1.859541e-05,2.562829e-05
ALL_core_cancer_type_top95,tabpfn_v2_6,v2_6,train,2384,LSCC,LSCC,3,3,2.324329e-05,1.472075e-05,2.9083913e-05,0.9998915,4.1480333e-05
ALL_core_cancer_type_top95,tabpfn_v2_6,v2_6,train,568,BRCA,BRCA,0,0,0.9999199,1.1204776e-05,1.6270764e-05,2.276715e-05,2.9978735e-05
ALL_core_cancer_type_top95,tabpfn_v2_6,v2_6,train,118,BRCA,HNSCC,0,2,0.28300264,0.00021198681,0.30668792,0.20742945,0.20266798
ALL_core_cancer_type_top95,tabpfn_v2_6,v2_6,train,1783,HNSCC,HNSCC,2,2,2.217085e-05,1.5912949e-05,0.9999063,2.8428753e-05,2.7117572e-05
ALL_core_cancer_type_top95,tabpfn_v2_6,v2_6,train,1258,ESCA,ESCA,1,1,5.1388786e-05,0.9996981,4.4950284e-05,6.77235e-05,0.00013783164
ALL_core_cancer_type_top95,tabpfn_v2_6,v2_6,train,1247,ESCA,ESCA,1,1,3.7186353e-05,0.99981326,2.562521e-05,4.0940744e-05,8.3073355e-05
ALL_core_cancer_type_top95,tabpfn_v2_6,v2_6,train,1566,HNSCC,HNSCC,2,2,3.0811563e-05,2.413672e-05,0.999869,4.0406656e-05,3.563891e-05
ALL_core_cancer_type_top95,tabpfn_v2_6,v2_6,train,1554,HNSCC,HNSCC,2,2,3.8140613e-05,3.241952e-05,0.9998332,4.9821174e-05,4.6364683e-05
ALL_core_cancer_type_top95,tabpfn_v2_6,v2_6,train,2296,LSCC,LSCC,3,3,2.7176226e-05,1.8236678e-05,3.480464e-05,0.9998715,4.8333157e-05
ALL_core_cancer_type_top95,tabpfn_v2_6,v2_6,train,449,BRCA,BRCA,0,0,0.9999299,9.893677e-06,1.3708108e-05,1.9966157e-05,2.6462607e-05
ALL_core_cancer_type_top95,tabpfn_v2_6,v2_6,train,1799,HNSCC,HNSCC,2,2,2.2289993e-05,1.7700877e-05,0.9999038,2.902467e-05,2.7057906e-05
ALL_core_cancer_type_top95,tabpfn_v2_6,v2_6,train,1774,HNSCC,HNSCC,2,2,4.7137193e-05,3.9390245e-05,0.9997862,6.656415e-05,6.084333e-05
ALL_core_cancer_type_top95,tabpfn_v2_6,v2_6,train,1825,HNSCC,HNSCC,2,2,2.9381426e-05,2.2408552e-05,0.9998753,3.8559396e-05,3.4327993e-05
ALL_core_cancer_type_top95,tabpfn_v2_6,v2_6,train,301,BRCA,BRCA,0,0,0.9999256,1.0012835e-05,1.4363651e-05,2.0979274e-05,2.9084904e-05
ALL_core_cancer_type_top95,tabpfn_v2_6,v2_6,train,827,BRCA,BRCA,0,0,0.99994063,8.165352e-06,1.1503013e-05,1.668831e-05,2.3125229e-05
ALL_core_cancer_type_top95,tabpfn_v2_6,v2_6,train,2897,LUAD,LUAD,4,4,3.5756733e-05,2.0023772e-05,3.7425383e-05,7.6042656e-05,0.9998307
ALL_core_cancer_type_top95,tabpfn_v2_6,v2_6,train,338,BRCA,BRCA,0,0,0.99993265,8.940095e-06,1.3588944e-05,1.9012601e-05,2.5866673e-05
ALL_core_cancer_type_top95,tabpfn_v2_6,v2_6,train,2016,HNSCC,HNSCC,2,2,0.0020810007,0.0019951665,0.99076235,0.0028001,0.0023613921
ALL_core_cancer_type_top95,tabpfn_v2_6,v2_6,train,1926,HNSCC,HNSCC,2,2,2.1038515e-05,1.633018e-05,0.99990857,2.7177233e-05,2.6819638e-05
ALL_core_cancer_type_top95,tabpfn_v2_6,v2_6,train,3093,LUAD,LUAD,4,4,8.488158e-05,6.0978833e-05,9.406119e-05,0.00019456004,0.99956554
ALL_core_cancer_type_top95,tabpfn_v2_6,v2_6,train,1236,ESCA,ESCA,1,1,5.7346795e-05,0.99963593,4.703391e-05,8.4053e-05,0.00017561711
ALL_core_cancer_type_top95,tabpfn_v2_6,v2_6,train,1591,HNSCC,HNSCC,2,2,2.5269683e-05,1.9190655e-05,0.99989367,3.206389e-05,2.9739555e-05
ALL_core_cancer_type_top95,tabpfn_v2_6,v2_6,train,1856,HNSCC,HNSCC,2,2,8.155118e-05,5.4188615e-05,0.9996592,0.000115292394,8.977784e-05
ALL_core_cancer_type_top95,tabpfn_v2_6,v2_6,train,875,BRCA,BRCA,0,0,0.99994516,7.4501722e-06,1.0609045e-05,1.49003445e-05,2.1933307e-05
ALL_core_cancer_type_top95,tabpfn_v2_6,v2_6,train,2829,LUAD,LUAD,4,4,3.0870488e-05,1.9070572e-05,3.2896736e-05,6.996516e-05,0.9998472
ALL_core_cancer_type_top95,tabpfn_v2_6,v2_6,train,2000,HNSCC,HNSCC,2,2,0.00076665985,0.0008601084,0.9964594,0.0010069562,0.0009068327
ALL_core_cancer_type_top95,tabpfn_v2_6,v2_6,train,155,BRCA,BRCA,0,0,0.9999386,8.403739e-06,1.1562592e-05,1.7224686e-05,2.4198e-05
ALL_core_cancer_type_top95,tabpfn_v2_6,v2_6,train,147,BRCA,BRCA,0,0,0.9999294,9.297669e-06,1.3946503e-05,2.0502552e-05,2.6760597e-05
ALL_core_cancer_type_top95,tabpfn_v2_6,v2_6,train,837,BRCA,BRCA,0,0,0.99993277,9.416901e-06,1.3529345e-05,1.9012603e-05,2.5330271e-05
ALL_core_cancer_type_top95,tabpfn_v2_6,v2_6,train,3174,LUAD,LUAD,4,4,2.2110971e-05,1.2098456e-05,2.4077715e-05,4.797664e-05,0.99989367
ALL_core_cancer_type_top95,tabpfn_v2_6,v2_6,train,31,BRCA,HNSCC,0,2,0.28300264,0.00021198681,0.30668792,0.20742945,0.20266798
ALL_core_cancer_type_top95,tabpfn_v2_6,v2_6,train,1481,HNSCC,HNSCC,2,2,0.28300264,0.00021198681,0.30668792,0.20742945,0.20266798
ALL_core_cancer_type_top95,tabpfn_v2_6,v2_6,train,2884,LUAD,LUAD,4,4,3.1168503e-05,1.656758e-05,3.3433134e-05,7.044201e-05,0.99984837
ALL_core_cancer_type_top95,tabpfn_v2_6,v2_6,train,3105,LUAD,LUAD,4,4,2.5269133e-05,1.52568355e-05,2.8308581e-05,5.9120237e-05,0.99987197
ALL_core_cancer_type_top95,tabpfn_v2_6,v2_6,train,127,BRCA,BRCA,0,0,0.99989414,1.3767216e-05,2.109781e-05,3.188511e-05,3.9156108e-05
ALL_core_cancer_type_top95,tabpfn_v2_6,v2_6,train,1136,BRCA,BRCA,0,0,0.99993765,8.224928e-06,1.2396993e-05,1.793988e-05,2.372117e-05
ALL_core_cancer_type_top95,tabpfn_v2_6,v2_6,train,150,BRCA,BRCA,0,0,0.99992776,1.0012857e-05,1.41848805e-05,1.9787312e-05,2.825056e-05
ALL_core_cancer_type_top95,tabpfn_v2_6,v2_6,train,83,BRCA,HNSCC,0,2,0.28300264,0.00021198681,0.30668792,0.20742945,0.20266798
ALL_core_cancer_type_top95,tabpfn_v2_6,v2_6,train,2045,LSCC,HNSCC,3,2,0.28300264,0.00021198681,0.30668792,0.20742945,0.20266798
ALL_core_cancer_type_top95,tabpfn_v2_6,v2_6,train,1399,HNSCC,HNSCC,2,2,0.28300264,0.00021198681,0.30668792,0.20742945,0.20266798
ALL_core_cancer_type_top95,tabpfn_v2_6,v2_6,train,262,BRCA,BRCA,0,0,0.99991786,1.0906754e-05,1.5972733e-05,2.37207e-05,3.146867e-05
ALL_core_cancer_type_top95,tabpfn_v2_6,v2_6,train,2778,LUAD,LUAD,4,4,2.556732e-05,1.3945811e-05,2.7534037e-05,5.304176e-05,0.99987984
ALL_core_cancer_type_top95,tabpfn_v2_6,v2_6,train,1831,HNSCC,HNSCC,2,2,2.550807e-05,1.8773462e-05,0.9998934,3.3077053e-05,2.9024368e-05
ALL_core_cancer_type_top95,tabpfn_v2_6,v2_6,train,1162,BRCA,BRCA,0,0,0.9998246,2.4135647e-05,3.5518136e-05,5.166816e-05,6.412335e-05
ALL_core_cancer_type_top95,tabpfn_v2_6,v2_6,train,1994,HNSCC,HNSCC,2,2,2.6580656e-05,2.0501671e-05,0.9998865,3.5043555e-05,3.1348485e-05
ALL_core_cancer_type_top95,tabpfn_v2_6,v2_6,train,2993,LUAD,LUAD,4,4,3.6471312e-05,2.6399986e-05,4.2728647e-05,7.896158e-05,0.9998155
ALL_core_cancer_type_top95,tabpfn_v2_6,v2_6,train,2530,LSCC,LSCC,3,3,2.9738534e-05,2.0441517e-05,3.9452727e-05,0.99985933,5.10144e-05
ALL_core_cancer_type_top95,tabpfn_v2_6,v2_6,train,2116,LSCC,HNSCC,3,2,0.28300264,0.00021198681,0.30668792,0.20742945,0.20266798
ALL_core_cancer_type_top95,tabpfn_v2_6,v2_6,train,2610,LSCC,LSCC,3,3,2.6520649e-05,1.7700298e-05,3.569858e-05,0.99987113,4.8988706e-05
ALL_core_cancer_type_top95,tabpfn_v2_6,v2_6,train,762,BRCA,BRCA,0,0,0.9999,1.3826894e-05,2.1157533e-05,2.8666967e-05,3.63552e-05
ALL_core_cancer_type_top95,tabpfn_v2_6,v2_6,train,3184,LUAD,LUAD,4,4,2.5388552e-05,1.4184215e-05,2.7534064e-05,5.208825e-05,0.9998808
ALL_core_cancer_type_top95,tabpfn_v2_6,v2_6,train,2952,LUAD,LUAD,4,4,1.931011e-05,1.04894425e-05,2.1515276e-05,4.1719373e-05,0.999907
ALL_core_cancer_type_top95,tabpfn_v2_6,v2_6,train,3056,LUAD,LUAD,4,4,1.9727284e-05,1.1443017e-05,2.1098062e-05,4.1719333e-05,0.99990606
ALL_core_cancer_type_top95,tabpfn_v2_6,v2_6,train,2489,LSCC,LSCC,3,3,3.4505745e-05,2.0500824e-05,4.124003e-05,0.99984515,5.85227e-05
ALL_core_cancer_type_top95,tabpfn_v2_6,v2_6,train,115,BRCA,HNSCC,0,2,0.28300264,0.00021198681,0.30668792,0.20742945,0.20266798
ALL_core_cancer_type_top95,tabpfn_v2_6,v2_6,train,1359,ESCA,ESCA,1,1,5.9970007e-05,0.99964064,5.4426062e-05,8.4232226e-05,0.00016071486
ALL_core_cancer_type_top95,tabpfn_v2_6,v2_6,train,2288,LSCC,LSCC,3,3,2.3600727e-05,1.5853013e-05,3.1527234e-05,0.9998851,4.380438e-05
ALL_core_cancer_type_top95,tabpfn_v2_6,v2_6,train,487,BRCA,BRCA,0,0,0.9999294,9.655271e-06,1.3827302e-05,1.9906547e-05,2.71182e-05
ALL_core_cancer_type_top95,tabpfn_v2_6,v2_6,train,1839,HNSCC,HNSCC,2,2,2.580602e-05,1.954821e-05,0.9998919,3.2719414e-05,3.0156689e-05
ALL_core_cancer_type_top95,tabpfn_v2_6,v2_6,train,2887,LUAD,LUAD,4,4,2.5805677e-05,1.3826598e-05,2.7891585e-05,5.393565e-05,0.9998785
ALL_core_cancer_type_top95,tabpfn_v2_6,v2_6,train,1163,BRCA,BRCA,0,0,0.9999318,9.357291e-06,1.335053e-05,1.9131787e-05,2.6462658e-05
ALL_core_cancer_type_top95,tabpfn_v2_6,v2_6,train,0,BRCA,HNSCC,0,2,0.28300264,0.00021198681,0.30668792,0.20742945,0.20266798
ALL_core_cancer_type_top95,tabpfn_v2_6,v2_6,train,1918,HNSCC,HNSCC,2,2,2.1932494e-05,1.5555383e-05,0.9999081,2.8607601e-05,2.5866038e-05
ALL_core_cancer_type_top95,tabpfn_v2_6,v2_6,train,777,BRCA,BRCA,0,0,0.99986744,1.775983e-05,2.6401358e-05,3.7605547e-05,5.0776427e-05
ALL_core_cancer_type_top95,tabpfn_v2_6,v2_6,train,2954,LUAD,LUAD,4,4,2.8129707e-05,1.6687114e-05,2.7950917e-05,5.822611e-05,0.999869
ALL_core_cancer_type_top95,tabpfn_v2_6,v2_6,train,734,BRCA,BRCA,0,0,0.9999187,1.0906763e-05,1.5793947e-05,2.407832e-05,3.0515097e-05
ALL_core_cancer_type_top95,tabpfn_v2_6,v2_6,train,3203,LUAD,LUAD,4,4,2.854665e-05,1.8057694e-05,3.1526466e-05,6.1086255e-05,0.99986076
ALL_core_cancer_type_top95,tabpfn_v2_6,v2_6,train,551,BRCA,BRCA,0,0,0.9999373,8.761333e-06,1.23969885e-05,1.7522667e-05,2.3899964e-05
ALL_core_cancer_type_top95,tabpfn_v2_6,v2_6,train,388,BRCA,BRCA,0,0,0.999941,7.748146e-06,1.1264613e-05,1.58539e-05,2.4078856e-05
ALL_core_cancer_type_top95,tabpfn_v2_6,v2_6,train,61,BRCA,HNSCC,0,2,0.28300264,0.00021198681,0.30668792,0.20742945,0.20266798
ALL_core_cancer_type_top95,tabpfn_v2_6,v2_6,train,1758,HNSCC,HNSCC,2,2,2.6878715e-05,2.0263333e-05,0.99988914,3.2361735e-05,3.122937e-05
ALL_core_cancer_type_top95,tabpfn_v2_6,v2_6,train,1219,ESCA,ESCA,1,1,4.1774132e-05,0.9997912,3.0272837e-05,4.534966e-05,9.153362e-05
ALL_core_cancer_type_top95,tabpfn_v2_6,v2_6,train,1833,HNSCC,HNSCC,2,2,4.243095e-05,3.253834e-05,0.99982196,5.4766915e-05,4.8449947e-05
ALL_core_cancer_type_top95,tabpfn_v2_6,v2_6,train,582,BRCA,BRCA,0,0,0.9999516,6.43699e-06,9.297874e-06,1.3350795e-05,1.9251369e-05
ALL_core_cancer_type_top95,tabpfn_v2_6,v2_6,train,2035,LSCC,HNSCC,3,2,0.28300264,0.00021198681,0.30668792,0.20742945,0.20266798
ALL_core_cancer_type_top95,tabpfn_v2_6,v2_6,train,2273,LSCC,LSCC,3,3,3.581688e-05,2.1275584e-05,4.1359257e-05,0.9998461,5.542379e-05
ALL_core_cancer_type_top95,tabpfn_v2_6,v2_6,train,1353,ESCA,ESCA,1,1,5.41904e-05,0.99969214,4.4413475e-05,6.8319256e-05,0.00014093082
ALL_core_cancer_type_top95,tabpfn_v2_6,v2_6,train,1386,ESCA,ESCA,1,1,3.1942796e-05,0.9998343,2.3301554e-05,3.4922534e-05,7.544698e-05
ALL_core_cancer_type_top95,tabpfn_v2_6,v2_6,train,704,BRCA,BRCA,0,0,0.99991083,1.156227e-05,1.7403005e-05,2.7058097e-05,3.313723e-05
ALL_core_cancer_type_top95,tabpfn_v2_6,v2_6,train,1159,BRCA,BRCA,0,0,0.99993205,9.238092e-06,1.3529335e-05,1.8714587e-05,2.6283862e-05
ALL_core_cancer_type_top95,tabpfn_v2_6,v2_6,train,1967,HNSCC,HNSCC,2,2,2.1098173e-05,1.489984e-05,0.9999113,2.6819711e-05,2.5866122e-05
ALL_core_cancer_type_top95,tabpfn_v2_6,v2_6,train,2879,LUAD,LUAD,4,4,1.8595e-05,1.0370289e-05,1.9906185e-05,3.9752773e-05,0.9999113
ALL_core_cancer_type_top95,tabpfn_v2_6,v2_6,train,1858,HNSCC,HNSCC,2,2,3.146695e-05,2.5984073e-05,0.99986327,4.2075128e-05,3.7188212e-05
ALL_core_cancer_type_top95,tabpfn_v2_6,v2_6,train,85,BRCA,HNSCC,0,2,0.28300264,0.00021198681,0.30668792,0.20742945,0.20266798
ALL_core_cancer_type_top95,tabpfn_v2_6,v2_6,train,1412,HNSCC,HNSCC,2,2,0.28300264,0.00021198681,0.30668792,0.20742945,0.20266798
ALL_core_cancer_type_top95,tabpfn_v2_6,v2_6,train,1808,HNSCC,HNSCC,2,2,3.170549e-05,2.4196295e-05,0.99986815,3.9453073e-05,3.6473233e-05
ALL_core_cancer_type_top95,tabpfn_v2_6,v2_6,train,2861,LUAD,LUAD,4,4,3.116856e-05,1.8832248e-05,3.3492797e-05,6.615125e-05,0.9998503
ALL_core_cancer_type_top95,tabpfn_v2_6,v2_6,train,1729,HNSCC,HNSCC,2,2,2.1932428e-05,1.656852e-05,0.9999051,2.884591e-05,2.7534734e-05
ALL_core_cancer_type_top95,tabpfn_v2_6,v2_6,train,546,BRCA,BRCA,0,0,0.99990916,1.1025858e-05,1.8237364e-05,2.7058051e-05,3.4567554e-05
ALL_core_cancer_type_top95,tabpfn_v2_6,v2_6,train,982,BRCA,BRCA,0,0,0.9998265,2.5029607e-05,3.378997e-05,5.029759e-05,6.436185e-05
ALL_core_cancer_type_top95,tabpfn_v2_6,v2_6,train,79,BRCA,HNSCC,0,2,0.28300264,0.00021198681,0.30668792,0.20742945,0.20266798
ALL_core_cancer_type_top95,tabpfn_v2_6,v2_6,train,597,BRCA,BRCA,0,0,0.9999356,8.82092e-06,1.2814174e-05,1.8118646e-05,2.4615134e-05
ALL_core_cancer_type_top95,tabpfn_v2_6,v2_6,train,2975,LUAD,LUAD,4,4,3.325408e-05,1.9428011e-05,3.4803554e-05,7.228889e-05,0.99984026
ALL_core_cancer_type_top95,tabpfn_v2_6,v2_6,train,2739,LUAD,LUAD,4,4,3.8974133e-05,2.383739e-05,4.4039578e-05,8.0451195e-05,0.99981266
ALL_core_cancer_type_top95,tabpfn_v2_6,v2_6,train,662,BRCA,BRCA,0,0,0.99987984,1.6687296e-05,2.3541006e-05,3.474533e-05,4.5115296e-05
ALL_core_cancer_type_top95,tabpfn_v2_6,v2_6,train,3194,LUAD,LUAD,4,4,4.5170575e-05,2.6756712e-05,4.9878327e-05,9.385707e-05,0.9997843
ALL_core_cancer_type_top95,tabpfn_v2_6,v2_6,train,887,BRCA,BRCA,0,0,0.99994135,8.28456e-06,1.138382e-05,1.6449918e-05,2.2410031e-05
ALL_core_cancer_type_top95,tabpfn_v2_6,v2_6,train,497,BRCA,BRCA,0,0,0.9998574,2.103744e-05,2.9798073e-05,4.3803168e-05,4.785571e-05
ALL_core_cancer_type_top95,tabpfn_v2_6,v2_6,train,434,BRCA,BRCA,0,0,0.9999392,8.642148e-06,1.2099007e-05,1.692669e-05,2.3125196e-05
ALL_core_cancer_type_top95,tabpfn_v2_6,v2_6,train,1848,HNSCC,HNSCC,2,2,7.708186e-05,4.8109094e-05,0.999681,0.00010605462,8.7752895e-05
ALL_core_cancer_type_top95,tabpfn_v2_6,v2_6,train,413,BRCA,BRCA,0,0,0.99992204,1.1323999e-05,1.49e-05,2.13964e-05,3.03364e-05
ALL_core_cancer_type_top95,tabpfn_v2_6,v2_6,train,139,BRCA,BRCA,0,0,0.9999306,9.416881e-06,1.3708117e-05,1.9668169e-05,2.6522226e-05
ALL_core_cancer_type_top95,tabpfn_v2_6,v2_6,train,3075,LUAD,LUAD,4,4,2.0382895e-05,1.1264232e-05,2.0561693e-05,4.064659e-05,0.99990714
ALL_core_cancer_type_top95,tabpfn_v2_6,v2_6,train,1895,HNSCC,HNSCC,2,2,2.1515349e-05,1.5615016e-05,0.99991035,2.741568e-05,2.5031706e-05
ALL_core_cancer_type_top95,tabpfn_v2_6,v2_6,train,1033,BRCA,BRCA,0,0,0.99988365,1.4601439e-05,2.2706728e-05,3.4507073e-05,4.451949e-05
ALL_core_cancer_type_top95,tabpfn_v2_6,v2_6,train,2396,LSCC,LSCC,3,3,2.169383e-05,1.4542018e-05,2.854765e-05,0.9998958,3.9275368e-05
ALL_core_cancer_type_top95,tabpfn_v2_6,v2_6,train,865,BRCA,BRCA,0,0,0.9999385,8.463339e-06,1.2397004e-05,1.7284285e-05,2.3363584e-05
ALL_core_cancer_type_top95,tabpfn_v2_6,v2_6,train,2896,LUAD,LUAD,4,4,2.1932305e-05,1.1979329e-05,2.2707089e-05,4.386461e-05,0.9998995
ALL_core_cancer_type_top95,tabpfn_v2_6,v2_6,train,1203,BRCA,BRCA,0,0,0.99994457,7.6289716e-06,1.0728241e-05,1.46619295e-05,2.2410104e-05
ALL_core_cancer_type_top95,tabpfn_v2_6,v2_6,train,2637,LUAD,HNSCC,4,2,0.28300264,0.00021198681,0.30668792,0.20742945,0.20266798
ALL_core_cancer_type_top95,tabpfn_v2_6,v2_6,train,1316,ESCA,ESCA,1,1,8.8274865e-05,0.99951607,7.122786e-05,0.000111878406,0.0002125511
ALL_core_cancer_type_top95,tabpfn_v2_6,v2_6,train,1962,HNSCC,HNSCC,2,2,3.1586518e-05,1.9786272e-05,0.9998752,3.8738184e-05,3.4685574e-05
ALL_core_cancer_type_top95,tabpfn_v2_6,v2_6,train,59,BRCA,HNSCC,0,2,0.28300264,0.00021198681,0.30668792,0.20742945,0.20266798
ALL_core_cancer_type_top95,tabpfn_v2_6,v2_6,train,369,BRCA,BRCA,0,0,0.99993825,8.403736e-06,1.2098996e-05,1.734388e-05,2.3840386e-05
ALL_core_cancer_type_top95,tabpfn_v2_6,v2_6,train,2549,LSCC,LSCC,3,3,3.1645344e-05,2.0024172e-05,4.165743e-05,0.99985075,5.596041e-05
ALL_core_cancer_type_top95,tabpfn_v2_6,v2_6,train,842,BRCA,BRCA,0,0,0.9999232,1.0489613e-05,1.5019217e-05,2.1873226e-05,2.9323233e-05
ALL_core_cancer_type_top95,tabpfn_v2_6,v2_6,train,932,BRCA,BRCA,0,0,0.9998969,1.3528859e-05,2.0859476e-05,2.9918447e-05,3.8739025e-05
ALL_core_cancer_type_top95,tabpfn_v2_6,v2_6,train,2692,LUAD,HNSCC,4,2,0.28300264,0.00021198681,0.30668792,0.20742945,0.20266798
ALL_core_cancer_type_top95,tabpfn_v2_6,v2_6,train,2246,LSCC,LSCC,3,3,3.4803154e-05,2.1215621e-05,4.1000978e-05,0.9998288,7.407589e-05
ALL_core_cancer_type_top95,tabpfn_v2_6,v2_6,train,312,BRCA,BRCA,0,0,0.99994123,7.926952e-06,1.1562622e-05,1.7045926e-05,2.2290827e-05
ALL_core_cancer_type_top95,tabpfn_v2_6,v2_6,train,2049,LSCC,HNSCC,3,2,0.28300264,0.00021198681,0.30668792,0.20742945,0.20266798
ALL_core_cancer_type_top95,tabpfn_v2_6,v2_6,train,1684,HNSCC,HNSCC,2,2,2.8964321e-05,2.2289416e-05,0.9998779,3.7188758e-05,3.3672513e-05
ALL_core_cancer_type_top95,tabpfn_v2_6,v2_6,train,179,BRCA,BRCA,0,0,0.9999399,8.046143e-06,1.1562606e-05,1.6628697e-05,2.3900027e-05
ALL_core_cancer_type_top95,tabpfn_v2_6,v2_6,train,1863,HNSCC,HNSCC,2,2,4.1537198e-05,3.2419277e-05,0.9998258,5.4469154e-05,4.5827986e-05
ALL_core_cancer_type_top95,tabpfn_v2_6,v2_6,train,2440,LSCC,LSCC,3,3,2.4434985e-05,1.5852942e-05,3.3374614e-05,0.99988055,4.5711302e-05
ALL_core_cancer_type_top95,tabpfn_v2_6,v2_6,train,1337,ESCA,ESCA,1,1,3.4624147e-05,0.99982244,2.4671941e-05,3.8616952e-05,7.973685e-05
ALL_core_cancer_type_top95,tabpfn_v2_6,v2_6,train,493,BRCA,BRCA,0,0,0.9998872,1.4005512e-05,2.1753242e-05,3.3851622e-05,4.3208496e-05
ALL_core_cancer_type_top95,tabpfn_v2_6,v2_6,train,848,BRCA,BRCA,0,0,0.99992657,9.953244e-06,1.4661666e-05,2.0860094e-05,2.7833325e-05
ALL_core_cancer_type_top95,tabpfn_v2_6,v2_6,train,180,BRCA,BRCA,0,0,0.9999057,1.2396597e-05,1.8416098e-05,2.5925576e-05,3.7547386e-05
ALL_core_cancer_type_top95,tabpfn_v2_6,v2_6,train,2022,LSCC,HNSCC,3,2,0.28300264,0.00021198681,0.30668792,0.20742945,0.20266798
ALL_core_cancer_type_top95,tabpfn_v2_6,v2_6,train,3154,LUAD,LUAD,4,4,4.6660003e-05,3.0391571e-05,4.73751e-05,9.910036e-05,0.9997764
ALL_core_cancer_type_top95,tabpfn_v2_6,v2_6,train,1397,HNSCC,HNSCC,2,2,0.28300264,0.00021198681,0.30668792,0.20742945,0.20266798
ALL_core_cancer_type_top95,tabpfn_v2_6,v2_6,train,467,BRCA,BRCA,0,0,0.99990964,1.0966263e-05,1.7939377e-05,2.6342872e-05,3.5223162e-05
ALL_core_cancer_type_top95,tabpfn_v2_6,v2_6,train,1726,HNSCC,HNSCC,2,2,3.2182088e-05,2.4732532e-05,0.9998627,4.2671065e-05,3.7605365e-05
ALL_core_cancer_type_top95,tabpfn_v2_6,v2_6,train,1971,HNSCC,HNSCC,2,2,2.711703e-05,2.0382471e-05,0.9998863,3.3732395e-05,3.2540436e-05
ALL_core_cancer_type_top95,tabpfn_v2_6,v2_6,train,2940,LUAD,LUAD,4,4,2.3839153e-05,1.3647915e-05,2.5150306e-05,5.0836992e-05,0.9998865
ALL_core_cancer_type_top95,tabpfn_v2_6,v2_6,train,1964,HNSCC,HNSCC,2,2,2.3243545e-05,1.7641254e-05,0.9999025,2.914383e-05,2.7415463e-05
ALL_core_cancer_type_top95,tabpfn_v2_6,v2_6,train,1891,HNSCC,HNSCC,2,2,2.6997828e-05,2.1216836e-05,0.99988604,3.5401124e-05,3.0454503e-05
ALL_core_cancer_type_top95,tabpfn_v2_6,v2_6,train,234,BRCA,BRCA,0,0,0.99987674,1.54357e-05,2.4852074e-05,3.617556e-05,4.6724283e-05
ALL_core_cancer_type_top95,tabpfn_v2_6,v2_6,train,984,BRCA,BRCA,0,0,0.99993575,8.582518e-06,1.26353725e-05,1.8059047e-05,2.491314e-05
ALL_core_cancer_type_top95,tabpfn_v2_6,v2_6,train,3143,LUAD,LUAD,4,4,3.0632047e-05,1.9189727e-05,3.6829973e-05,6.8117566e-05,0.99984527
ALL_core_cancer_type_top95,tabpfn_v2_6,v2_6,train,1335,ESCA,ESCA,1,1,3.390917e-05,0.99982685,2.4612455e-05,3.7246453e-05,7.759181e-05
ALL_core_cancer_type_top95,tabpfn_v2_6,v2_6,train,2768,LUAD,LUAD,4,4,3.5458717e-05,2.1573203e-05,3.8617225e-05,7.479108e-05,0.99982953
ALL_core_cancer_type_top95,tabpfn_v2_6,v2_6,train,322,BRCA,BRCA,0,0,0.999684,3.0463223e-05,6.4682186e-05,0.00010289535,0.00011797792
ALL_core_cancer_type_top95,tabpfn_v2_6,v2_6,train,258,BRCA,BRCA,0,0,0.99991965,1.0787574e-05,1.5495963e-05,2.2588345e-05,3.1409123e-05
ALL_core_cancer_type_top95,tabpfn_v2_6,v2_6,train,1356,ESCA,ESCA,1,1,9.14286e-05,0.99945784,7.825668e-05,0.00012766627,0.0002448427
ALL_core_cancer_type_top95,tabpfn_v2_6,v2_6,train,1074,BRCA,BRCA,0,0,0.9999163,1.1562333e-05,1.6687904e-05,2.3243867e-05,3.2124215e-05
ALL_core_cancer_type_top95,tabpfn_v2_6,v2_6,train,2581,LSCC,LSCC,3,3,3.5399335e-05,2.2705635e-05,4.481532e-05,0.9998355,6.144228e-05
ALL_core_cancer_type_top95,tabpfn_v2_6,v2_6,train,2526,LSCC,LSCC,3,3,3.2300733e-05,2.032205e-05,4.3862252e-05,0.99984574,5.774799e-05
ALL_core_cancer_type_top95,tabpfn_v2_6,v2_6,train,2271,LSCC,LSCC,3,3,2.8248702e-05,1.8594083e-05,3.957202e-05,0.99986196,5.16105e-05
ALL_core_cancer_type_top95,tabpfn_v2_6,v2_6,train,209,BRCA,BRCA,0,0,0.9999113,1.2754263e-05,1.7224214e-05,2.5508525e-05,3.3137243e-05
ALL_core_cancer_type_top95,tabpfn_v2_6,v2_6,train,303,BRCA,BRCA,0,0,0.99993885,8.34414e-06,1.251621e-05,1.7343891e-05,2.3005987e-05
ALL_core_cancer_type_top95,tabpfn_v2_6,v2_6,train,2529,LSCC,LSCC,3,3,8.7985885e-05,4.5304387e-05,0.00011433396,0.9996188,0.00013352871
ALL_core_cancer_type_top95,tabpfn_v2_6,v2_6,train,1904,HNSCC,HNSCC,2,2,2.038298e-05,1.662822e-05,0.9999113,2.5627724e-05,2.604492e-05
ALL_core_cancer_type_top95,tabpfn_v2_6,v2_6,train,1149,BRCA,BRCA,0,0,0.99993086,9.595685e-06,1.3469718e-05,1.919137e-05,2.6939437e-05
ALL_core_cancer_type_top95,tabpfn_v2_6,v2_6,train,408,BRCA,BRCA,0,0,0.9999087,1.2039039e-05,1.8058558e-05,2.6044852e-05,3.5342327e-05
ALL_core_cancer_type_top95,tabpfn_v2_6,v2_6,train,427,BRCA,BRCA,0,0,0.99989414,1.4244002e-05,2.109781e-05,3.1229527e-05,3.9156108e-05
ALL_core_cancer_type_top95,tabpfn_v2_6,v2_6,train,1119,BRCA,BRCA,0,0,0.99993706,8.463327e-06,1.2218183e-05,1.7522663e-05,2.4615169e-05
ALL_core_cancer_type_top95,tabpfn_v2_6,v2_6,train,788,BRCA,BRCA,0,0,0.99993205,9.2976925e-06,1.3410134e-05,1.9370193e-05,2.5985859e-05
ALL_core_cancer_type_top95,tabpfn_v2_6,v2_6,train,2043,LSCC,HNSCC,3,2,0.28300264,0.00021198681,0.30668792,0.20742945,0.20266798
ALL_core_cancer_type_top95,tabpfn_v2_6,v2_6,train,1793,HNSCC,HNSCC,2,2,3.1705495e-05,2.2825572e-05,0.9998683,3.992985e-05,3.7188398e-05
ALL_core_cancer_type_top95,tabpfn_v2_6,v2_6,train,2905,LUAD,LUAD,4,4,2.3660426e-05,1.4184337e-05,2.4733192e-05,4.803603e-05,0.9998894
ALL_core_cancer_type_top95,tabpfn_v2_6,v2_6,train,2031,LSCC,HNSCC,3,2,0.28300264,0.00021198681,0.30668792,0.20742945,0.20266798
ALL_core_cancer_type_top95,tabpfn_v2_6,v2_6,train,2498,LSCC,LSCC,3,3,2.2289732e-05,1.5555133e-05,3.0275893e-05,0.9998921,3.969241e-05
ALL_core_cancer_type_top95,tabpfn_v2_6,v2_6,train,2597,LSCC,LSCC,3,3,2.5209682e-05,1.6031689e-05,3.450687e-05,0.9998777,4.6545534e-05
ALL_core_cancer_type_top95,tabpfn_v2_6,v2_6,train,1146,BRCA,BRCA,0,0,0.9999149,1.1800716e-05,1.7343475e-05,2.4435825e-05,3.1647374e-05
ALL_core_cancer_type_top95,tabpfn_v2_6,v2_6,train,3063,LUAD,LUAD,4,4,4.9280916e-05,2.6875083e-05,6.0007114e-05,0.00010982434,0.999754
ALL_core_cancer_type_top95,tabpfn_v2_6,v2_6,train,228,BRCA,BRCA,0,0,0.99993396,8.999707e-06,1.2992955e-05,1.9012627e-05,2.5032297e-05
ALL_core_cancer_type_top95,tabpfn_v2_6,v2_6,train,1553,HNSCC,HNSCC,2,2,2.7057496e-05,1.9428951e-05,0.99988866,3.3374887e-05,3.1527346e-05
ALL_core_cancer_type_top95,tabpfn_v2_6,v2_6,train,1502,HNSCC,HNSCC,2,2,3.462505e-05,3.0274568e-05,0.99984837,4.5411853e-05,4.141895e-05
ALL_core_cancer_type_top95,tabpfn_v2_6,v2_6,train,2810,LUAD,LUAD,4,4,3.772311e-05,2.1453903e-05,4.19543e-05,7.4611904e-05,0.99982435
ALL_core_cancer_type_top95,tabpfn_v2_6,v2_6,train,1008,BRCA,BRCA,0,0,0.9999416,7.986556e-06,1.1681828e-05,1.6211516e-05,2.2588842e-05
ALL_core_cancer_type_top95,tabpfn_v2_6,v2_6,train,1250,ESCA,ESCA,1,1,0.00010257695,0.99948597,8.040459e-05,0.00011396115,0.00021707453
ALL_core_cancer_type_top95,tabpfn_v2_6,v2_6,train,2402,LSCC,LSCC,3,3,3.0989922e-05,1.9487894e-05,4.0525283e-05,0.99985504,5.3874788e-05
ALL_core_cancer_type_top95,tabpfn_v2_6,v2_6,train,2066,LSCC,HNSCC,3,2,0.28300264,0.00021198681,0.30668792,0.20742945,0.20266798
ALL_core_cancer_type_top95,tabpfn_v2_6,v2_6,train,1645,HNSCC,HNSCC,2,2,2.7534148e-05,1.9786445e-05,0.9998839,3.5520243e-05,3.3255532e-05
ALL_core_cancer_type_top95,tabpfn_v2_6,v2_6,train,2770,LUAD,LUAD,4,4,2.836797e-05,1.5614303e-05,2.9977076e-05,6.150366e-05,0.9998646
ALL_core_cancer_type_top95,tabpfn_v2_6,v2_6,train,1752,HNSCC,HNSCC,2,2,6.179458e-05,4.2368316e-05,0.9997502,7.7287914e-05,6.834945e-05
ALL_core_cancer_type_top95,tabpfn_v2_6,v2_6,train,674,BRCA,BRCA,0,0,0.99985933,1.9368785e-05,2.7354685e-05,4.1836574e-05,5.214673e-05
ALL_core_cancer_type_top95,tabpfn_v2_6,v2_6,train,1157,BRCA,BRCA,0,0,0.9999292,9.77447e-06,1.3588897e-05,1.9250938e-05,2.81314e-05
ALL_core_cancer_type_top95,tabpfn_v2_6,v2_6,train,1583,HNSCC,HNSCC,2,2,2.169413e-05,1.5972602e-05,0.99990964,2.741566e-05,2.5270087e-05
ALL_core_cancer_type_top95,tabpfn_v2_6,v2_6,train,2799,LUAD,LUAD,4,4,2.0025233e-05,1.1025797e-05,2.2230392e-05,4.297081e-05,0.9999037
ALL_core_cancer_type_top95,tabpfn_v2_6,v2_6,train,1732,HNSCC,HNSCC,2,2,2.6104046e-05,1.7760287e-05,0.9998932,3.3375036e-05,2.9560746e-05
ALL_core_cancer_type_top95,tabpfn_v2_6,v2_6,train,3092,LUAD,LUAD,4,4,5.6220444e-05,3.642703e-05,5.6041587e-05,0.00010373656,0.9997476
ALL_core_cancer_type_top95,tabpfn_v2_6,v2_6,train,1807,HNSCC,HNSCC,2,2,0.00018730361,0.00014211706,0.9991611,0.0002975874,0.0002118641
ALL_core_cancer_type_top95,tabpfn_v2_6,v2_6,train,334,BRCA,BRCA,0,0,0.99989295,1.5495549e-05,2.1753367e-05,3.0693107e-05,3.9096463e-05
ALL_core_cancer_type_top95,tabpfn_v2_6,v2_6,train,2918,LUAD,LUAD,4,4,2.0859587e-05,1.0727787e-05,2.2170761e-05,4.3983928e-05,0.99990225
ALL_core_cancer_type_top95,tabpfn_v2_6,v2_6,train,1995,HNSCC,HNSCC,2,2,0.00079926447,0.0010930275,0.9957118,0.0010806284,0.0013152574
ALL_core_cancer_type_top95,tabpfn_v2_6,v2_6,train,2506,LSCC,LSCC,3,3,2.7295384e-05,1.7044717e-05,3.6532903e-05,0.9998702,4.898866e-05
ALL_core_cancer_type_top95,tabpfn_v2_6,v2_6,train,2348,LSCC,LSCC,3,3,2.7772096e-05,1.8534596e-05,3.6234836e-05,0.9998679,4.9644113e-05
ALL_core_cancer_type_top95,tabpfn_v2_6,v2_6,train,1754,HNSCC,HNSCC,2,2,8.2385704e-05,5.9494163e-05,0.99965835,0.00010724449,9.251998e-05
ALL_core_cancer_type_top95,tabpfn_v2_6,v2_6,train,653,BRCA,BRCA,0,0,0.99991775,1.0906753e-05,1.6687927e-05,2.4018696e-05,3.0455469e-05
ALL_core_cancer_type_top95,tabpfn_v2_6,v2_6,train,3015,LUAD,LUAD,4,4,3.5935278e-05,2.2943752e-05,3.8736205e-05,7.824713e-05,0.9998241
ALL_core_cancer_type_top95,tabpfn_v2_6,v2_6,train,281,BRCA,BRCA,0,0,0.99993014,9.83408e-06,1.3827312e-05,1.9608558e-05,2.6641415e-05
ALL_core_cancer_type_top95,tabpfn_v2_6,v2_6,train,2950,LUAD,LUAD,4,4,2.2230166e-05,1.1860062e-05,2.3422132e-05,4.8930204e-05,0.99989355
ALL_core_cancer_type_top95,tabpfn_v2_6,v2_6,train,978,BRCA,BRCA,0,0,0.99993336,9.178503e-06,1.3052548e-05,1.8357006e-05,2.6105095e-05
ALL_core_cancer_type_top95,tabpfn_v2_6,v2_6,train,2800,LUAD,LUAD,4,4,2.699744e-05,1.7044742e-05,2.8248978e-05,5.5901986e-05,0.99987173
ALL_core_cancer_type_top95,tabpfn_v2_6,v2_6,train,2631,LUAD,HNSCC,4,2,0.28300264,0.00021198681,0.30668792,0.20742945,0.20266798
ALL_core_cancer_type_top95,tabpfn_v2_6,v2_6,train,1284,ESCA,ESCA,1,1,7.272329e-05,0.99958897,5.484051e-05,9.293082e-05,0.00019051117
ALL_core_cancer_type_top95,tabpfn_v2_6,v2_6,train,947,BRCA,BRCA,0,0,0.9999199,1.0966376e-05,1.5972766e-05,2.288635e-05,3.0276735e-05
ALL_core_cancer_type_top95,tabpfn_v2_6,v2_6,train,2596,LSCC,LSCC,3,3,2.6759142e-05,1.7342785e-05,3.4149194e-05,0.99987507,4.67838e-05
ALL_core_cancer_type_top95,tabpfn_v2_6,v2_6,train,655,BRCA,BRCA,0,0,0.999826,2.4791218e-05,3.4505083e-05,5.0297567e-05,6.442141e-05
ALL_core_cancer_type_top95,tabpfn_v2_6,v2_6,train,639,BRCA,BRCA,0,0,0.99981564,2.5982834e-05,3.8735874e-05,5.4826163e-05,6.48379e-05
ALL_core_cancer_type_top95,tabpfn_v2_6,v2_6,train,2272,LSCC,LSCC,3,3,3.7543785e-05,2.5744308e-05,5.5660148e-05,0.9998098,7.127359e-05
ALL_core_cancer_type_top95,tabpfn_v2_6,v2_6,train,1948,HNSCC,HNSCC,2,2,0.00011045215,6.872711e-05,0.9995547,0.00014842194,0.00011772423
ALL_core_cancer_type_top95,tabpfn_v2_6,v2_6,train,2375,LSCC,LSCC,3,3,2.282607e-05,1.591269e-05,3.0097037e-05,0.9998901,4.094389e-05
ALL_core_cancer_type_top95,tabpfn_v2_6,v2_6,train,3098,LUAD,LUAD,4,4,5.6369303e-05,4.7014142e-05,6.3043044e-05,0.00012966132,0.99970394
ALL_core_cancer_type_top95,tabpfn_v2_6,v2_6,train,1834,HNSCC,HNSCC,2,2,2.9679466e-05,2.0978257e-05,0.9998771,3.599678e-05,3.623517e-05
ALL_core_cancer_type_top95,tabpfn_v2_6,v2_6,train,2997,LUAD,LUAD,4,4,4.5885423e-05,3.271571e-05,4.6302564e-05,9.635939e-05,0.9997788
ALL_core_cancer_type_top95,tabpfn_v2_6,v2_6,train,149,BRCA,BRCA,0,0,0.99991894,1.1204765e-05,1.5317151e-05,2.3005528e-05,3.15879e-05
ALL_core_cancer_type_top95,tabpfn_v2_6,v2_6,train,2041,LSCC,HNSCC,3,2,0.28300264,0.00021198681,0.30668792,0.20742945,0.20266798
ALL_core_cancer_type_top95,tabpfn_v2_6,v2_6,train,307,BRCA,BRCA,0,0,0.99991107,1.2873458e-05,1.6866614e-05,2.449533e-05,3.456762e-05
ALL_core_cancer_type_top95,tabpfn_v2_6,v2_6,train,1274,ESCA,ESCA,1,1,3.796072e-05,0.9998041,2.7055206e-05,4.2370597e-05,8.867434e-05
ALL_core_cancer_type_top95,tabpfn_v2_6,v2_6,train,1683,HNSCC,HNSCC,2,2,2.9858229e-05,2.1812599e-05,0.99987614,3.766547e-05,3.4447217e-05
ALL_core_cancer_type_top95,tabpfn_v2_6,v2_6,train,29,BRCA,HNSCC,0,2,0.28300264,0.00021198681,0.30668792,0.20742945,0.20266798
ALL_core_cancer_type_top95,tabpfn_v2_6,v2_6,train,1194,BRCA,BRCA,0,0,0.9985354,0.00025057798,0.0003542901,0.0004172326,0.000442505
ALL_core_cancer_type_top95,tabpfn_v2_6,v2_6,train,11,BRCA,HNSCC,0,2,0.28300264,0.00021198681,0.30668792,0.20742945,0.20266798
ALL_core_cancer_type_top95,tabpfn_v2_6,v2_6,train,1501,HNSCC,HNSCC,2,2,2.5567677e-05,1.942905e-05,0.9998938,3.18255e-05,2.9322371e-05
ALL_core_cancer_type_top95,tabpfn_v2_6,v2_6,train,2481,LSCC,LSCC,3,3,8.393342e-05,4.1191754e-05,0.000108433866,0.9996317,0.00013472266
ALL_core_cancer_type_top95,tabpfn_v2_6,v2_6,train,88,BRCA,HNSCC,0,2,0.28300264,0.00021198681,0.30668792,0.20742945,0.20266798
ALL_core_cancer_type_top95,tabpfn_v2_6,v2_6,train,210,BRCA,BRCA,0,0,0.99993014,9.416876e-06,1.3767712e-05,1.9131754e-05,2.7654623e-05
ALL_core_cancer_type_top95,tabpfn_v2_6,v2_6,train,2674,LUAD,HNSCC,4,2,0.28300264,0.00021198681,0.30668792,0.20742945,0.20266798
ALL_core_cancer_type_top95,tabpfn_v2_6,v2_6,train,2341,LSCC,LSCC,3,3,2.0919108e-05,1.4720854e-05,2.7951743e-05,0.99989855,3.778551e-05
ALL_core_cancer_type_top95,tabpfn_v2_6,v2_6,train,1777,HNSCC,HNSCC,2,2,3.647226e-05,2.9976383e-05,0.99984145,5.0059964e-05,4.1895422e-05
ALL_core_cancer_type_top95,tabpfn_v2_6,v2_6,train,3046,LUAD,LUAD,4,4,0.0014611294,0.0016709522,0.0012322319,0.0024034244,0.99323225
ALL_core_cancer_type_top95,tabpfn_v2_6,v2_6,train,364,BRCA,BRCA,0,0,0.9998865,1.40651e-05,2.2170412e-05,3.4447574e-05,4.273168e-05
ALL_core_cancer_type_top95,tabpfn_v2_6,v2_6,train,1534,HNSCC,HNSCC,2,2,2.5627267e-05,1.9429044e-05,0.9998934,3.2004282e-05,2.9620353e-05
ALL_core_cancer_type_top95,tabpfn_v2_6,v2_6,train,644,BRCA,BRCA,0,0,0.999925,9.416828e-06,1.4780843e-05,2.1575264e-05,2.9204086e-05
ALL_core_cancer_type_top95,tabpfn_v2_6,v2_6,train,1482,HNSCC,HNSCC,2,2,0.28300264,0.00021198681,0.30668792,0.20742945,0.20266798
ALL_core_cancer_type_top95,tabpfn_v2_6,v2_6,train,2078,LSCC,HNSCC,3,2,0.28300264,0.00021198681,0.30668792,0.20742945,0.20266798
ALL_core_cancer_type_top95,tabpfn_v2_6,v2_6,train,2216,LSCC,LSCC,3,3,2.8606297e-05,1.8534496e-05,3.7843747e-05,0.99986255,5.244488e-05
ALL_core_cancer_type_top95,tabpfn_v2_6,v2_6,train,3115,LUAD,LUAD,4,4,3.0632003e-05,1.8832126e-05,3.4684486e-05,7.199117e-05,0.99984384
ALL_core_cancer_type_top95,tabpfn_v2_6,v2_6,train,726,BRCA,BRCA,0,0,0.99990714,1.2396615e-05,1.942931e-05,2.7773185e-05,3.3256303e-05
ALL_core_cancer_type_top95,tabpfn_v2_6,v2_6,train,542,BRCA,BRCA,0,0,0.9999404,8.105749e-06,1.2218224e-05,1.746312e-05,2.18736e-05
ALL_core_cancer_type_top95,tabpfn_v2_6,v2_6,train,415,BRCA,BRCA,0,0,0.99993825,8.344135e-06,1.2516202e-05,1.7522683e-05,2.3363578e-05
ALL_core_cancer_type_top95,tabpfn_v2_6,v2_6,train,631,BRCA,BRCA,0,0,0.99716115,0.00042108557,0.00063329743,0.00083692546,0.00094756176
ALL_core_cancer_type_top95,tabpfn_v2_6,v2_6,train,30,BRCA,HNSCC,0,2,0.28300264,0.00021198681,0.30668792,0.20742945,0.20266798
ALL_core_cancer_type_top95,tabpfn_v2_6,v2_6,train,2380,LSCC,LSCC,3,3,3.897465e-05,2.2765009e-05,4.8569327e-05,0.9998259,6.376587e-05
ALL_core_cancer_type_top95,tabpfn_v2_6,v2_6,train,1536,HNSCC,HNSCC,2,2,3.0036788e-05,2.6401383e-05,0.9998684,3.927429e-05,3.575808e-05
ALL_core_cancer_type_top95,tabpfn_v2_6,v2_6,train,1234,ESCA,ESCA,1,1,3.462426e-05,0.99982566,2.467202e-05,3.7127218e-05,7.806847e-05
ALL_core_cancer_type_top95,tabpfn_v2_6,v2_6,train,2232,LSCC,LSCC,3,3,2.4613726e-05,1.6866064e-05,3.43877e-05,0.9998784,4.57708e-05
ALL_core_cancer_type_top95,tabpfn_v2_6,v2_6,train,2785,LUAD,LUAD,4,4,2.1872684e-05,1.1085338e-05,2.324345e-05,4.5414126e-05,0.99989843
ALL_core_cancer_type_top95,tabpfn_v2_6,v2_6,train,966,BRCA,BRCA,0,0,0.99993944,8.5825495e-06,1.1443399e-05,1.6807491e-05,2.366161e-05
ALL_core_cancer_type_top95,tabpfn_v2_6,v2_6,train,1785,HNSCC,HNSCC,2,2,3.718728e-05,2.9320741e-05,0.99983823,5.1370895e-05,4.3861924e-05
ALL_core_cancer_type_top95,tabpfn_v2_6,v2_6,train,1491,HNSCC,HNSCC,2,2,0.28300264,0.00021198681,0.30668792,0.20742945,0.20266798
ALL_core_cancer_type_top95,tabpfn_v2_6,v2_6,train,2766,LUAD,LUAD,4,4,2.4911657e-05,1.5078108e-05,2.741474e-05,5.6438606e-05,0.99987614
ALL_core_cancer_type_top95,tabpfn_v2_6,v2_6,train,2,BRCA,HNSCC,0,2,0.28300264,0.00021198681,0.30668792,0.20742945,0.20266798
ALL_core_cancer_type_top95,tabpfn_v2_6,v2_6,train,1036,BRCA,BRCA,0,0,0.9999311,9.714888e-06,1.3827324e-05,1.9072173e-05,2.6224237e-05
ALL_core_cancer_type_top95,tabpfn_v2_6,v2_6,train,2789,LUAD,LUAD,4,4,2.9261604e-05,1.7640397e-05,3.2062613e-05,6.710502e-05,0.99985385
ALL_core_cancer_type_top95,tabpfn_v2_6,v2_6,train,1464,HNSCC,HNSCC,2,2,0.28300264,0.00021198681,0.30668792,0.20742945,0.20266798
ALL_core_cancer_type_top95,tabpfn_v2_6,v2_6,train,2792,LUAD,LUAD,4,4,2.2945316e-05,1.2634823e-05,2.4196877e-05,4.797657e-05,0.99989223
ALL_core_cancer_type_top95,tabpfn_v2_6,v2_6,train,486,BRCA,BRCA,0,0,0.9999448,7.4501695e-06,1.0966649e-05,1.5496353e-05,2.1337286e-05
ALL_core_cancer_type_top95,tabpfn_v2_6,v2_6,train,2513,LSCC,LSCC,3,3,4.1894345e-05,2.3479903e-05,5.0714207e-05,0.99981576,6.811556e-05
ALL_core_cancer_type_top95,tabpfn_v2_6,v2_6,train,253,BRCA,BRCA,0,0,0.99994564,7.1521686e-06,1.0668651e-05,1.4304337e-05,2.211212e-05
ALL_core_cancer_type_top95,tabpfn_v2_6,v2_6,train,688,BRCA,BRCA,0,0,0.9999198,1.01319765e-05,1.5615164e-05,2.3959145e-05,3.051513e-05
ALL_core_cancer_type_top95,tabpfn_v2_6,v2_6,train,1630,HNSCC,HNSCC,2,2,2.3899127e-05,1.6508873e-05,0.99990225,2.9561013e-05,2.7832648e-05
ALL_core_cancer_type_top95,tabpfn_v2_6,v2_6,train,244,BRCA,BRCA,0,0,0.99991107,1.1681472e-05,1.7581806e-05,2.72369e-05,3.2422042e-05
ALL_core_cancer_type_top95,tabpfn_v2_6,v2_6,train,1664,HNSCC,HNSCC,2,2,2.4077819e-05,1.9429131e-05,0.99989796,3.0335668e-05,2.8190121e-05
ALL_core_cancer_type_top95,tabpfn_v2_6,v2_6,train,2659,LUAD,HNSCC,4,2,0.28300264,0.00021198681,0.30668792,0.20742945,0.20266798
ALL_core_cancer_type_top95,tabpfn_v2_6,v2_6,train,1944,HNSCC,HNSCC,2,2,2.5925201e-05,1.9250207e-05,0.9998913,3.2481e-05,3.0991047e-05
ALL_core_cancer_type_top95,tabpfn_v2_6,v2_6,train,114,BRCA,HNSCC,0,2,0.28300264,0.00021198681,0.30668792,0.20742945,0.20266798
ALL_core_cancer_type_top95,tabpfn_v2_6,v2_6,train,93,BRCA,HNSCC,0,2,0.28300264,0.00021198681,0.30668792,0.20742945,0.20266798
ALL_core_cancer_type_top95,tabpfn_v2_6,v2_6,train,270,BRCA,BRCA,0,0,0.99994385,7.5097637e-06,1.0668632e-05,1.5853946e-05,2.2171684e-05
ALL_core_cancer_type_top95,tabpfn_v2_6,v2_6,train,1357,ESCA,ESCA,1,1,3.0929714e-05,0.99983525,2.2288465e-05,3.510135e-05,7.634097e-05
ALL_core_cancer_type_top95,tabpfn_v2_6,v2_6,train,545,BRCA,BRCA,0,0,0.99993515,9.0593185e-06,1.30525705e-05,1.8118637e-05,2.4495921e-05
ALL_core_cancer_type_top95,tabpfn_v2_6,v2_6,train,2469,LSCC,LSCC,3,3,2.0799918e-05,1.466126e-05,2.7713359e-05,0.9998989,3.7904723e-05
ALL_core_cancer_type_top95,tabpfn_v2_6,v2_6,train,462,BRCA,BRCA,0,0,0.9999447,7.748175e-06,1.0489837e-05,1.5079141e-05,2.1933296e-05
ALL_core_cancer_type_top95,tabpfn_v2_6,v2_6,train,1938,HNSCC,HNSCC,2,2,4.6422643e-05,3.647068e-05,0.9997981,6.53731e-05,5.3692944e-05
ALL_core_cancer_type_top95,tabpfn_v2_6,v2_6,train,1324,ESCA,ESCA,1,1,4.4812405e-05,0.99977046,3.4443576e-05,4.8805e-05,0.000101543
ALL_core_cancer_type_top95,tabpfn_v2_6,v2_6,train,1092,BRCA,BRCA,0,0,0.99985266,2.2706025e-05,3.212217e-05,4.207468e-05,5.04181e-05
ALL_core_cancer_type_top95,tabpfn_v2_6,v2_6,train,199,BRCA,BRCA,0,0,0.9999342,8.880507e-06,1.3112159e-05,1.8416624e-05,2.5509109e-05
ALL_core_cancer_type_top95,tabpfn_v2_6,v2_6,train,1607,HNSCC,HNSCC,2,2,2.5508054e-05,1.9548228e-05,0.99989283,3.2242657e-05,2.9918325e-05
ALL_core_cancer_type_top95,tabpfn_v2_6,v2_6,train,1504,HNSCC,HNSCC,2,2,4.1537078e-05,3.0929332e-05,0.9998229,5.6673976e-05,4.7913647e-05
ALL_core_cancer_type_top95,tabpfn_v2_6,v2_6,train,505,BRCA,BRCA,0,0,0.99994826,6.8541794e-06,1.0132266e-05,1.4721586e-05,2.0026124e-05
ALL_core_cancer_type_top95,tabpfn_v2_6,v2_6,train,1561,HNSCC,HNSCC,2,2,3.2420463e-05,2.5686066e-05,0.9998623,4.219428e-05,3.730737e-05
ALL_core_cancer_type_top95,tabpfn_v2_6,v2_6,train,2336,LSCC,LSCC,3,3,2.2945229e-05,1.4959097e-05,3.057377e-05,0.9998884,4.308935e-05
ALL_core_cancer_type_top95,tabpfn_v2_6,v2_6,train,849,BRCA,BRCA,0,0,0.9999275,1.0608858e-05,1.4542479e-05,1.9846908e-05,2.735655e-05
ALL_core_cancer_type_top95,tabpfn_v2_6,v2_6,train,1685,HNSCC,HNSCC,2,2,2.6580687e-05,2.0799685e-05,0.9998877,3.289807e-05,3.20041e-05
ALL_core_cancer_type_top95,tabpfn_v2_6,v2_6,train,2459,LSCC,LSCC,3,3,2.6818587e-05,1.8415429e-05,3.7128844e-05,0.99986935,4.8273454e-05
ALL_core_cancer_type_top95,tabpfn_v2_6,v2_6,train,1694,HNSCC,HNSCC,2,2,4.4278102e-05,3.1346273e-05,0.999816,5.6613993e-05,5.1786905e-05
ALL_core_cancer_type_top95,tabpfn_v2_6,v2_6,train,961,BRCA,BRCA,0,0,0.99993706,8.522928e-06,1.263539e-05,1.7880267e-05,2.3840357e-05
ALL_core_cancer_type_top95,tabpfn_v2_6,v2_6,train,654,BRCA,BRCA,0,0,0.9998567,1.9785906e-05,2.8069766e-05,4.1240506e-05,5.4053668e-05
ALL_core_cancer_type_top95,tabpfn_v2_6,v2_6,train,2988,LUAD,LUAD,4,4,3.5160632e-05,1.9666117e-05,3.6829275e-05,8.2001745e-05,0.9998264
ALL_core_cancer_type_top95,tabpfn_v2_6,v2_6,train,480,BRCA,BRCA,0,0,0.9999051,1.2873382e-05,1.8833282e-05,2.6998343e-05,3.6236186e-05
ALL_core_cancer_type_top95,tabpfn_v2_6,v2_6,train,349,BRCA,BRCA,0,0,0.9999423,7.807758e-06,1.13242295e-05,1.6151927e-05,2.2469654e-05
ALL_core_cancer_type_top95,tabpfn_v2_6,v2_6,train,3124,LUAD,LUAD,4,4,2.4196663e-05,1.2992296e-05,2.6938156e-05,5.2565163e-05,0.9998833
ALL_core_cancer_type_top95,tabpfn_v2_6,v2_6,train,465,BRCA,BRCA,0,0,0.99982953,2.2407527e-05,3.3551696e-05,5.4290576e-05,6.0011647e-05
ALL_core_cancer_type_top95,tabpfn_v2_6,v2_6,train,1716,HNSCC,HNSCC,2,2,2.7891718e-05,2.1037984e-05,0.9998833,3.510304e-05,3.2778727e-05
ALL_core_cancer_type_top95,tabpfn_v2_6,v2_6,train,1712,HNSCC,HNSCC,2,2,4.523136e-05,3.2835942e-05,0.99981076,5.494508e-05,5.631573e-05
ALL_core_cancer_type_top95,tabpfn_v2_6,v2_6,train,843,BRCA,BRCA,0,0,0.99993443,9.178513e-06,1.31717625e-05,1.8237826e-05,2.4913108e-05
ALL_core_cancer_type_top95,tabpfn_v2_6,v2_6,train,586,BRCA,BRCA,0,0,0.9999387,8.224937e-06,1.138379e-05,1.7105485e-05,2.455561e-05
ALL_core_cancer_type_top95,tabpfn_v2_6,v2_6,train,489,BRCA,BRCA,0,0,0.99993515,8.820915e-06,1.2456563e-05,1.829744e-05,2.521113e-05
ALL_core_cancer_type_top95,tabpfn_v2_6,v2_6,train,1634,HNSCC,HNSCC,2,2,3.1943768e-05,2.6103302e-05,0.9998647,3.992971e-05,3.7307458e-05
ALL_core_cancer_type_top95,tabpfn_v2_6,v2_6,train,1220,ESCA,ESCA,1,1,4.1357085e-05,0.9997936,3.134557e-05,4.4336703e-05,8.938851e-05
ALL_core_cancer_type_top95,tabpfn_v2_6,v2_6,train,911,BRCA,BRCA,0,0,0.9999312,9.238084e-06,1.3886927e-05,1.9012574e-05,2.6581843e-05
ALL_core_cancer_type_top95,tabpfn_v2_6,v2_6,train,1202,BRCA,BRCA,0,0,0.9999082,1.1323843e-05,1.7998951e-05,2.6342836e-05,3.60575e-05
ALL_core_cancer_type_top95,tabpfn_v2_6,v2_6,train,1577,HNSCC,HNSCC,2,2,0.00021102108,0.00012398978,0.9991211,0.0003249963,0.00021888965
ALL_core_cancer_type_top95,tabpfn_v2_6,v2_6,train,1984,HNSCC,HNSCC,2,2,3.611486e-05,2.9201785e-05,0.9998462,4.5828925e-05,4.261077e-05
ALL_core_cancer_type_top95,tabpfn_v2_6,v2_6,train,171,BRCA,BRCA,0,0,0.9999379,8.403733e-06,1.2218194e-05,1.7343875e-05,2.4197983e-05
ALL_core_cancer_type_top95,tabpfn_v2_6,v2_6,train,2547,LSCC,LSCC,3,3,2.1634196e-05,1.4661191e-05,2.86668e-05,0.99989414,4.082486e-05
ALL_core_cancer_type_top95,tabpfn_v2_6,v2_6,train,1096,BRCA,BRCA,0,0,0.99995136,6.4369888e-06,9.4170755e-06,1.3052782e-05,1.9728177e-05
ALL_core_cancer_type_top95,tabpfn_v2_6,v2_6,train,2951,LUAD,LUAD,4,4,3.0155801e-05,1.6687005e-05,3.170531e-05,5.9000482e-05,0.99986243
ALL_core_cancer_type_top95,tabpfn_v2_6,v2_6,train,2439,LSCC,LSCC,3,3,3.9332135e-05,2.1751863e-05,5.1668125e-05,0.99982387,6.3348576e-05
ALL_core_cancer_type_top95,tabpfn_v2_6,v2_6,train,3062,LUAD,LUAD,4,4,3.5339446e-05,2.1871125e-05,3.8438353e-05,7.711508e-05,0.9998272
ALL_core_cancer_type_top95,tabpfn_v2_6,v2_6,train,1207,ESCA,ESCA,1,1,3.2657146e-05,0.9998103,2.5029201e-05,4.2072894e-05,8.998594e-05
ALL_core_cancer_type_top95,tabpfn_v2_6,v2_6,train,2233,LSCC,LSCC,3,3,2.6997428e-05,1.6806345e-05,3.4327855e-05,0.99987125,5.0597828e-05
ALL_core_cancer_type_top95,tabpfn_v2_6,v2_6,train,37,BRCA,HNSCC,0,2,0.28300264,0.00021198681,0.30668792,0.20742945,0.20266798
ALL_core_cancer_type_top95,tabpfn_v2_6,v2_6,train,198,BRCA,BRCA,0,0,0.99994004,8.105746e-06,1.168181e-05,1.7343911e-05,2.2767608e-05
ALL_core_cancer_type_top95,tabpfn_v2_6,v2_6,train,737,BRCA,BRCA,0,0,0.99991035,1.2754251e-05,1.8654582e-05,2.5925696e-05,3.2124022e-05
ALL_core_cancer_type_top95,tabpfn_v2_6,v2_6,train,25,BRCA,HNSCC,0,2,0.28300264,0.00021198681,0.30668792,0.20742945,0.20266798
ALL_core_cancer_type_top95,tabpfn_v2_6,v2_6,train,1173,BRCA,BRCA,0,0,0.9999018,1.3111734e-05,1.9131212e-05,2.9084209e-05,3.689165e-05
ALL_core_cancer_type_top95,tabpfn_v2_6,v2_6,train,1974,HNSCC,HNSCC,2,2,2.4971798e-05,1.7760372e-05,0.99989796,3.0216472e-05,2.9084098e-05
ALL_core_cancer_type_top95,tabpfn_v2_6,v2_6,train,371,BRCA,BRCA,0,0,0.9999372,8.880535e-06,1.2516189e-05,1.776107e-05,2.3721159e-05
ALL_core_cancer_type_top95,tabpfn_v2_6,v2_6,train,1968,HNSCC,HNSCC,2,2,2.0859796e-05,1.5495849e-05,0.99991226,2.652174e-05,2.4733758e-05
ALL_core_cancer_type_top95,tabpfn_v2_6,v2_6,train,2175,LSCC,LSCC,3,3,2.7712453e-05,1.8355775e-05,3.8141872e-05,0.99986625,4.9584432e-05
ALL_core_cancer_type_top95,tabpfn_v2_6,v2_6,train,877,BRCA,BRCA,0,0,0.99993515,8.940117e-06,1.2873768e-05,1.829744e-05,2.4853525e-05
ALL_core_cancer_type_top95,tabpfn_v2_6,v2_6,train,2127,LSCC,LSCC,3,3,2.187249e-05,1.5853086e-05,3.0395013e-05,0.9998896,4.2195432e-05
ALL_core_cancer_type_top95,tabpfn_v2_6,v2_6,train,3103,LUAD,LUAD,4,4,2.5507592e-05,1.5554864e-05,2.789148e-05,5.631933e-05,0.9998747
ALL_core_cancer_type_top95,tabpfn_v2_6,v2_6,train,2033,LSCC,HNSCC,3,2,0.28300264,0.00021198681,0.30668792,0.20742945,0.20266798
ALL_core_cancer_type_top95,tabpfn_v2_6,v2_6,train,2337,LSCC,LSCC,3,3,2.211087e-05,1.5674283e-05,2.9918212e-05,0.999889,4.326817e-05
ALL_core_cancer_type_top95,tabpfn_v2_6,v2_6,train,1034,BRCA,BRCA,0,0,0.99991274,1.1264295e-05,1.6747445e-05,2.455497e-05,3.4865676e-05
ALL_core_cancer_type_top95,tabpfn_v2_6,v2_6,train,900,BRCA,BRCA,0,0,0.9999305,9.774482e-06,1.3708115e-05,1.9727766e-05,2.6343421e-05
ALL_core_cancer_type_top95,tabpfn_v2_6,v2_6,train,1905,HNSCC,HNSCC,2,2,2.5448495e-05,1.8654284e-05,0.9998944,3.1646723e-05,2.9739576e-05
ALL_core_cancer_type_top95,tabpfn_v2_6,v2_6,train,760,BRCA,BRCA,0,0,0.9999391,8.463344e-06,1.17414e-05,1.650948e-05,2.4198012e-05
ALL_core_cancer_type_top95,tabpfn_v2_6,v2_6,train,308,BRCA,BRCA,0,0,0.99985456,2.37192e-05,2.6698997e-05,4.0048497e-05,5.5007087e-05
ALL_core_cancer_type_top95,tabpfn_v2_6,v2_6,train,3067,LUAD,LUAD,4,4,2.258785e-05,1.2158104e-05,2.3601026e-05,4.3864533e-05,0.9998977
ALL_core_cancer_type_top95,tabpfn_v2_6,v2_6,train,1190,BRCA,BRCA,0,0,0.9998629,1.811733e-05,2.7473974e-05,4.2015516e-05,4.952467e-05
ALL_core_cancer_type_top95,tabpfn_v2_6,v2_6,train,507,BRCA,BRCA,0,0,0.99992824,9.178457e-06,1.3708084e-05,2.0502526e-05,2.8310174e-05
ALL_core_cancer_type_top95,tabpfn_v2_6,v2_6,train,1755,HNSCC,HNSCC,2,2,0.00012873538,0.00013052337,0.99942905,0.00017665356,0.00013505295
ALL_core_cancer_type_top95,tabpfn_v2_6,v2_6,train,2482,LSCC,LSCC,3,3,3.212185e-05,2.0321986e-05,4.4875236e-05,0.99984264,6.007203e-05
ALL_core_cancer_type_top95,tabpfn_v2_6,v2_6,train,3131,LUAD,LUAD,4,4,7.4214324e-05,6.3603766e-05,8.995134e-05,0.00017239182,0.9995998
ALL_core_cancer_type_top95,tabpfn_v2_6,v2_6,train,511,BRCA,BRCA,0,0,0.99993634,8.582522e-06,1.2992986e-05,1.7999457e-05,2.4138344e-05
ALL_core_cancer_type_top95,tabpfn_v2_6,v2_6,train,136,BRCA,BRCA,0,0,0.99992466,1.0489627e-05,1.46020375e-05,2.0383253e-05,2.9919278e-05
ALL_core_cancer_type_top95,tabpfn_v2_6,v2_6,train,2818,LUAD,LUAD,4,4,2.264726e-05,1.3111571e-05,2.4375604e-05,5.0539147e-05,0.9998894
ALL_core_cancer_type_top95,tabpfn_v2_6,v2_6,train,2568,LSCC,LSCC,3,3,2.389869e-05,1.680656e-05,3.283835e-05,0.999884,4.2433585e-05
ALL_core_cancer_type_top95,tabpfn_v2_6,v2_6,train,398,BRCA,BRCA,0,0,0.9999385,8.224935e-06,1.2039398e-05,1.6092265e-05,2.5151612e-05
ALL_core_cancer_type_top95,tabpfn_v2_6,v2_6,train,2748,LUAD,LUAD,4,4,2.3600773e-05,1.3230736e-05,2.4435143e-05,5.1671388e-05,0.999887
ALL_core_cancer_type_top95,tabpfn_v2_6,v2_6,train,869,BRCA,BRCA,0,0,0.9999244,1.0787626e-05,1.4423234e-05,2.1813652e-05,2.8548468e-05
ALL_core_cancer_type_top95,tabpfn_v2_6,v2_6,train,611,BRCA,BRCA,0,0,0.9999207,1.1443185e-05,1.5138379e-05,2.240957e-05,3.0276758e-05
ALL_core_cancer_type_top95,tabpfn_v2_6,v2_6,train,830,BRCA,BRCA,0,0,0.9999443,7.092558e-06,1.0907042e-05,1.5377142e-05,2.2171693e-05
ALL_core_cancer_type_top95,tabpfn_v2_6,v2_6,train,2452,LSCC,LSCC,3,3,2.0740319e-05,1.4601662e-05,2.6998176e-05,0.9998989,3.8679504e-05
ALL_core_cancer_type_top95,tabpfn_v2_6,v2_6,train,1286,ESCA,ESCA,1,1,3.742416e-05,0.9997981,2.7770157e-05,4.4694458e-05,9.19514e-05
ALL_core_cancer_type_top95,tabpfn_v2_6,v2_6,train,2050,LSCC,HNSCC,3,2,0.28300264,0.00021198681,0.30668792,0.20742945,0.20266798
ALL_core_cancer_type_top95,tabpfn_v2_6,v2_6,train,2760,LUAD,LUAD,4,4,2.6401609e-05,1.5018522e-05,2.7772348e-05,5.3756776e-05,0.999877
ALL_core_cancer_type_top95,tabpfn_v2_6,v2_6,train,1001,BRCA,BRCA,0,0,0.9999418,7.926957e-06,1.162223e-05,1.6092317e-05,2.2588847e-05
ALL_core_cancer_type_top95,tabpfn_v2_6,v2_6,train,432,BRCA,BRCA,0,0,0.99993896,8.224939e-06,1.1920201e-05,1.6986287e-05,2.3840403e-05
ALL_core_cancer_type_top95,tabpfn_v2_6,v2_6,train,514,BRCA,BRCA,0,0,0.99992836,1.0251264e-05,1.4363691e-05,1.9906525e-05,2.7177772e-05
ALL_core_cancer_type_top95,tabpfn_v2_6,v2_6,train,2267,LSCC,LSCC,3,3,3.110905e-05,1.9785834e-05,4.1538333e-05,0.999853,5.4470638e-05
ALL_core_cancer_type_top95,tabpfn_v2_6,v2_6,train,238,BRCA,BRCA,0,0,0.9998672,1.6329504e-05,2.8189253e-05,3.9691422e-05,4.8571335e-05
ALL_core_cancer_type_top95,tabpfn_v2_6,v2_6,train,822,BRCA,BRCA,0,0,0.9999294,9.416869e-06,1.3886902e-05,1.9846946e-05,2.7416201e-05
ALL_core_cancer_type_top95,tabpfn_v2_6,v2_6,train,2627,LUAD,HNSCC,4,2,0.28300264,0.00021198681,0.30668792,0.20742945,0.20266798
ALL_core_cancer_type_top95,tabpfn_v2_6,v2_6,train,105,BRCA,HNSCC,0,2,0.28300264,0.00021198681,0.30668792,0.20742945,0.20266798
ALL_core_cancer_type_top95,tabpfn_v2_6,v2_6,train,2641,LUAD,HNSCC,4,2,0.28300264,0.00021198681,0.30668792,0.20742945,0.20266798
ALL_core_cancer_type_top95,tabpfn_v2_6,v2_6,train,2858,LUAD,LUAD,4,4,3.5518467e-05,2.0321806e-05,3.694874e-05,7.342072e-05,0.9998338
ALL_core_cancer_type_top95,tabpfn_v2_6,v2_6,train,2661,LUAD,HNSCC,4,2,0.28300264,0.00021198681,0.30668792,0.20742945,0.20266798
ALL_core_cancer_type_top95,tabpfn_v2_6,v2_6,train,1609,HNSCC,HNSCC,2,2,2.8785722e-05,1.8594503e-05,0.9998846,3.6235444e-05,3.176561e-05
ALL_core_cancer_type_top95,tabpfn_v2_6,v2_6,train,2675,LUAD,HNSCC,4,2,0.28300264,0.00021198681,0.30668792,0.20742945,0.20266798
ALL_core_cancer_type_top95,tabpfn_v2_6,v2_6,train,3152,LUAD,LUAD,4,4,2.3779605e-05,1.2992366e-05,2.5507949e-05,4.8989565e-05,0.99988866
ALL_core_cancer_type_top95,tabpfn_v2_6,v2_6,train,964,BRCA,BRCA,0,0,0.9999347,9.297717e-06,1.2933363e-05,1.823783e-05,2.4853513e-05
ALL_core_cancer_type_top95,tabpfn_v2_6,v2_6,train,1484,HNSCC,HNSCC,2,2,0.28300264,0.00021198681,0.30668792,0.20742945,0.20266798
ALL_core_cancer_type_top95,tabpfn_v2_6,v2_6,train,1273,ESCA,ESCA,1,1,4.757481e-05,0.9997282,4.024185e-05,6.069067e-05,0.00012328911
ALL_core_cancer_type_top95,tabpfn_v2_6,v2_6,train,2180,LSCC,LSCC,3,3,6.3312094e-05,3.4696455e-05,8.602575e-05,0.99970055,0.00011541639
ALL_core_cancer_type_top95,tabpfn_v2_6,v2_6,train,2327,LSCC,LSCC,3,3,2.9500075e-05,1.8772775e-05,4.0227376e-05,0.9998568,5.470923e-05
ALL_core_cancer_type_top95,tabpfn_v2_6,v2_6,train,515,BRCA,BRCA,0,0,0.9999409,7.926949e-06,1.1920224e-05,1.6390308e-05,2.2946431e-05
ALL_core_cancer_type_top95,tabpfn_v2_6,v2_6,train,974,BRCA,BRCA,0,0,0.99994564,7.21177e-06,1.0430246e-05,1.4900351e-05,2.1754513e-05
ALL_core_cancer_type_top95,tabpfn_v2_6,v2_6,train,1052,BRCA,BRCA,0,0,0.9999423,7.271347e-06,1.1205027e-05,1.633073e-05,2.2827262e-05
ALL_core_cancer_type_top95,tabpfn_v2_6,v2_6,train,1127,BRCA,BRCA,0,0,0.9998486,1.9011004e-05,3.063215e-05,4.5650246e-05,5.6019886e-05
ALL_core_cancer_type_top95,tabpfn_v2_6,v2_6,train,2589,LSCC,LSCC,3,3,2.43754e-05,1.6508522e-05,3.2778655e-05,0.999881,4.535374e-05
ALL_core_cancer_type_top95,tabpfn_v2_6,v2_6,train,2738,LUAD,LUAD,4,4,2.3541264e-05,1.3051992e-05,2.4137245e-05,4.8393686e-05,0.9998908
ALL_core_cancer_type_top95,tabpfn_v2_6,v2_6,train,2798,LUAD,LUAD,4,4,4.900683e-05,3.1240364e-05,5.3418637e-05,0.00011363385,0.9997527
ALL_core_cancer_type_top95,tabpfn_v2_6,v2_6,train,2147,LSCC,LSCC,3,3,2.5924788e-05,1.7819566e-05,3.4327993e-05,0.9998753,4.6545425e-05
ALL_core_cancer_type_top95,tabpfn_v2_6,v2_6,train,2543,LSCC,LSCC,3,3,4.6481593e-05,2.6816304e-05,5.905546e-05,0.9997843,8.34285e-05
ALL_core_cancer_type_top95,tabpfn_v2_6,v2_6,train,2644,LUAD,HNSCC,4,2,0.28300264,0.00021198681,0.30668792,0.20742945,0.20266798
ALL_core_cancer_type_top95,tabpfn_v2_6,v2_6,train,2418,LSCC,LSCC,3,3,2.252802e-05,1.5018681e-05,3.0812134e-05,0.99988747,4.4042878e-05
ALL_core_cancer_type_top95,tabpfn_v2_6,v2_6,train,2524,LSCC,LSCC,3,3,4.141731e-05,2.4075673e-05,5.2978397e-05,0.99980885,7.270376e-05
ALL_core_cancer_type_top95,tabpfn_v2_6,v2_6,train,1084,BRCA,BRCA,0,0,0.9999304,9.416878e-06,1.4184918e-05,1.9787365e-05,2.6224217e-05
ALL_core_cancer_type_top95,tabpfn_v2_6,v2_6,train,1836,HNSCC,HNSCC,2,2,2.7534159e-05,1.9905647e-05,0.99988425,3.5937443e-05,3.2301978e-05
ALL_core_cancer_type_top95,tabpfn_v2_6,v2_6,train,1120,BRCA,BRCA,0,0,0.99990034,1.50188735e-05,2.1336336e-05,3.0216543e-05,3.313688e-05
ALL_core_cancer_type_top95,tabpfn_v2_6,v2_6,train,1457,HNSCC,HNSCC,2,2,0.28300264,0.00021198681,0.30668792,0.20742945,0.20266798
ALL_core_cancer_type_top95,tabpfn_v2_6,v2_6,train,550,BRCA,BRCA,0,0,0.9999049,1.3111775e-05,1.8773677e-05,2.6938736e-05,3.6176578e-05
ALL_core_cancer_type_top95,tabpfn_v2_6,v2_6,train,820,BRCA,BRCA,0,0,0.9999461,7.0329693e-06,1.0609055e-05,1.5079163e-05,2.121811e-05
ALL_core_cancer_type_top95,tabpfn_v2_6,v2_6,train,2539,LSCC,LSCC,3,3,2.6341902e-05,1.7521537e-05,3.492388e-05,0.9998728,4.8392816e-05
ALL_core_cancer_type_top95,tabpfn_v2_6,v2_6,train,92,BRCA,HNSCC,0,2,0.28300264,0.00021198681,0.30668792,0.20742945,0.20266798
ALL_core_cancer_type_top95,tabpfn_v2_6,v2_6,train,991,BRCA,BRCA,0,0,0.9999207,1.1383585e-05,1.5913178e-05,2.258837e-05,2.920396e-05
ALL_core_cancer_type_top95,tabpfn_v2_6,v2_6,train,2964,LUAD,LUAD,4,4,1.9190962e-05,1.0251073e-05,2.0382946e-05,4.0587096e-05,0.99990964
ALL_core_cancer_type_top95,tabpfn_v2_6,v2_6,train,1358,ESCA,ESCA,1,1,8.72008e-05,0.99950266,7.313424e-05,0.00011533394,0.00022172727
ALL_core_cancer_type_top95,tabpfn_v2_6,v2_6,train,1779,HNSCC,HNSCC,2,2,2.3899069e-05,1.8117998e-05,0.99989986,2.9620542e-05,2.8666964e-05
ALL_core_cancer_type_top95,tabpfn_v2_6,v2_6,train,1290,ESCA,ESCA,1,1,4.8885562e-05,0.99971116,4.3937387e-05,6.390893e-05,0.00013211025
ALL_core_cancer_type_top95,tabpfn_v2_6,v2_6,train,2189,LSCC,LSCC,3,3,3.128781e-05,2.0083795e-05,4.3147378e-05,0.99985206,5.3397864e-05
ALL_core_cancer_type_top95,tabpfn_v2_6,v2_6,train,2167,LSCC,LSCC,3,3,2.2289762e-05,1.537636e-05,2.9083967e-05,0.9998934,3.987126e-05
ALL_core_cancer_type_top95,tabpfn_v2_6,v2_6,train,2051,LSCC,HNSCC,3,2,0.28300264,0.00021198681,0.30668792,0.20742945,0.20266798
ALL_core_cancer_type_top95,tabpfn_v2_6,v2_6,train,588,BRCA,BRCA,0,0,0.9999269,1.0132049e-05,1.4602071e-05,1.9906496e-05,2.8369737e-05
ALL_core_cancer_type_top95,tabpfn_v2_6,v2_6,train,282,BRCA,BRCA,0,0,0.9999292,9.476467e-06,1.3708098e-05,2.0085343e-05,2.7416196e-05
ALL_core_cancer_type_top95,tabpfn_v2_6,v2_6,train,2889,LUAD,LUAD,4,4,2.8725546e-05,1.579309e-05,2.9440704e-05,6.156325e-05,0.99986446
ALL_core_cancer_type_top95,tabpfn_v2_6,v2_6,train,2909,LUAD,LUAD,4,4,3.8557246e-05,2.0738673e-05,4.1834912e-05,7.925987e-05,0.9998196
ALL_core_cancer_type_top95,tabpfn_v2_6,v2_6,train,1169,BRCA,BRCA,0,0,0.9999237,1.0847218e-05,1.4602024e-05,2.1217635e-05,2.9502049e-05
ALL_core_cancer_type_top95,tabpfn_v2_6,v2_6,train,1523,HNSCC,HNSCC,2,2,2.556771e-05,1.85947e-05,0.9998951,3.2063934e-05,2.8786024e-05
ALL_core_cancer_type_top95,tabpfn_v2_6,v2_6,train,2966,LUAD,LUAD,4,4,2.5209774e-05,1.3230662e-05,2.7891665e-05,5.2267074e-05,0.9998814
ALL_core_cancer_type_top95,tabpfn_v2_6,v2_6,train,3186,LUAD,LUAD,4,4,2.5448167e-05,1.4243822e-05,2.6282534e-05,5.250547e-05,0.9998815
ALL_core_cancer_type_top95,tabpfn_v2_6,v2_6,train,1060,BRCA,BRCA,0,0,0.99990475,1.1919794e-05,1.907167e-05,2.8130713e-05,3.6116973e-05
ALL_core_cancer_type_top95,tabpfn_v2_6,v2_6,train,231,BRCA,BRCA,0,0,0.999871,1.8773042e-05,2.9142911e-05,3.766528e-05,4.332699e-05
ALL_core_cancer_type_top95,tabpfn_v2_6,v2_6,train,340,BRCA,BRCA,0,0,0.9998048,2.8664237e-05,3.819912e-05,5.8401147e-05,7.0081376e-05
ALL_core_cancer_type_top95,tabpfn_v2_6,v2_6,train,496,BRCA,BRCA,0,0,0.99993694,8.880532e-06,1.2456585e-05,1.7522661e-05,2.4317162e-05
ALL_core_cancer_type_top95,tabpfn_v2_6,v2_6,train,2890,LUAD,LUAD,4,4,2.8546889e-05,1.6389133e-05,2.9321647e-05,5.66766e-05,0.9998691
ALL_core_cancer_type_top95,tabpfn_v2_6,v2_6,train,2752,LUAD,LUAD,4,4,2.5984347e-05,1.6389211e-05,2.8547025e-05,5.524654e-05,0.9998739
ALL_core_cancer_type_top95,tabpfn_v2_6,v2_6,train,1125,BRCA,BRCA,0,0,0.999949,6.913786e-06,9.834264e-06,1.4244783e-05,1.9966537e-05
ALL_core_cancer_type_top95,tabpfn_v2_6,v2_6,train,283,BRCA,BRCA,0,0,0.99990106,1.4124903e-05,2.0263575e-05,2.8666998e-05,3.605724e-05
ALL_core_cancer_type_top95,tabpfn_v2_6,v2_6,train,3146,LUAD,LUAD,4,4,3.337279e-05,1.9785299e-05,3.9093844e-05,8.182294e-05,0.999826
ALL_core_cancer_type_top95,tabpfn_v2_6,v2_6,train,1544,HNSCC,HNSCC,2,2,2.7414999e-05,2.0024869e-05,0.99988556,3.5699097e-05,3.128886e-05
ALL_core_cancer_type_top95,tabpfn_v2_6,v2_6,train,2779,LUAD,LUAD,4,4,4.1536292e-05,2.5029043e-05,4.2787746e-05,8.6707754e-05,0.99980396
ALL_core_cancer_type_top95,tabpfn_v2_6,v2_6,train,1455,HNSCC,HNSCC,2,2,0.28300264,0.00021198681,0.30668792,0.20742945,0.20266798
ALL_core_cancer_type_top95,tabpfn_v2_6,v2_6,train,1222,ESCA,ESCA,1,1,5.121193e-05,0.99973696,3.9109458e-05,5.7233356e-05,0.000115480216
ALL_core_cancer_type_top95,tabpfn_v2_6,v2_6,train,2943,LUAD,LUAD,4,4,2.6878253e-05,1.4541672e-05,2.854697e-05,5.804749e-05,0.99987197
ALL_core_cancer_type_top95,tabpfn_v2_6,v2_6,train,1477,HNSCC,HNSCC,2,2,0.28300264,0.00021198681,0.30668792,0.20742945,0.20266798
ALL_core_cancer_type_top95,tabpfn_v2_6,v2_6,train,376,BRCA,BRCA,0,0,0.9999263,1.0728046e-05,1.4840463e-05,2.080049e-05,2.7416118e-05
ALL_core_cancer_type_top95,tabpfn_v2_6,v2_6,train,358,BRCA,BRCA,0,0,0.9998944,1.3290432e-05,2.0740226e-05,3.0395158e-05,4.1063264e-05
ALL_core_cancer_type_top95,tabpfn_v2_6,v2_6,train,2350,LSCC,LSCC,3,3,2.3302744e-05,1.656819e-05,3.1646436e-05,0.9998853,4.3208413e-05
ALL_core_cancer_type_top95,tabpfn_v2_6,v2_6,train,2860,LUAD,LUAD,4,4,2.884479e-05,1.6746666e-05,2.9977127e-05,5.816635e-05,0.99986625
ALL_core_cancer_type_top95,tabpfn_v2_6,v2_6,train,1204,BRCA,BRCA,0,0,0.9999317,9.536092e-06,1.352933e-05,1.8654979e-05,2.6581856e-05
ALL_core_cancer_type_top95,tabpfn_v2_6,v2_6,train,1048,BRCA,BRCA,0,0,0.9998851,1.6151003e-05,2.3958313e-05,3.3136374e-05,4.159926e-05
ALL_core_cancer_type_top95,tabpfn_v2_6,v2_6,train,1444,HNSCC,HNSCC,2,2,0.28300264,0.00021198681,0.30668792,0.20742945,0.20266798
ALL_core_cancer_type_top95,tabpfn_v2_6,v2_6,train,1211,ESCA,ESCA,1,1,0.000615691,0.9962462,0.0006190294,0.0009719429,0.0015470965
ALL_core_cancer_type_top95,tabpfn_v2_6,v2_6,train,2434,LSCC,LSCC,3,3,2.2885668e-05,1.591269e-05,2.9739449e-05,0.9998901,4.1361076e-05
ALL_core_cancer_type_top95,tabpfn_v2_6,v2_6,train,3025,LUAD,LUAD,4,4,2.3541224e-05,1.2992372e-05,2.5329166e-05,4.8989587e-05,0.99988914
ALL_core_cancer_type_top95,tabpfn_v2_6,v2_6,train,1191,BRCA,BRCA,0,0,0.99982125,2.3658813e-05,3.837853e-05,5.691226e-05,5.977277e-05
ALL_core_cancer_type_top95,tabpfn_v2_6,v2_6,train,58,BRCA,HNSCC,0,2,0.28300264,0.00021198681,0.30668792,0.20742945,0.20266798
ALL_core_cancer_type_top95,tabpfn_v2_6,v2_6,train,414,BRCA,BRCA,0,0,0.9999306,9.476481e-06,1.3708117e-05,2.0085372e-05,2.6045424e-05
ALL_core_cancer_type_top95,tabpfn_v2_6,v2_6,train,1862,HNSCC,HNSCC,2,2,3.718729e-05,3.1585358e-05,0.99983835,5.125171e-05,4.153772e-05
ALL_core_cancer_type_top95,tabpfn_v2_6,v2_6,train,733,BRCA,BRCA,0,0,0.9999404,8.224951e-06,1.1562612e-05,1.63307e-05,2.3482831e-05
ALL_core_cancer_type_top95,tabpfn_v2_6,v2_6,train,2548,LSCC,LSCC,3,3,2.6461144e-05,1.7342776e-05,3.4685552e-05,0.9998746,4.7022168e-05
ALL_core_cancer_type_top95,tabpfn_v2_6,v2_6,train,1936,HNSCC,LSCC,2,3,0.12033952,0.0018898401,0.12278049,0.40080628,0.35418388
ALL_core_cancer_type_top95,tabpfn_v2_6,v2_6,train,1765,HNSCC,HNSCC,2,2,2.8904835e-05,2.1931915e-05,0.99988174,3.4864595e-05,3.265948e-05
ALL_core_cancer_type_top95,tabpfn_v2_6,v2_6,train,2771,LUAD,LUAD,4,4,5.5743036e-05,3.3743912e-05,5.7531583e-05,0.000113632326,0.99973935
ALL_core_cancer_type_top95,tabpfn_v2_6,v2_6,train,1772,HNSCC,HNSCC,2,2,2.5746376e-05,2.1753305e-05,0.9998901,3.2600157e-05,2.9858646e-05
ALL_core_cancer_type_top95,tabpfn_v2_6,v2_6,train,1124,BRCA,BRCA,0,0,0.99992454,1.0787627e-05,1.5496038e-05,2.1277252e-05,2.801207e-05
ALL_core_cancer_type_top95,tabpfn_v2_6,v2_6,train,1672,HNSCC,HNSCC,2,2,2.7593675e-05,2.3123857e-05,0.99988127,3.5639347e-05,3.236148e-05
ALL_core_cancer_type_top95,tabpfn_v2_6,v2_6,train,2106,LSCC,HNSCC,3,2,0.28300264,0.00021198681,0.30668792,0.20742945,0.20266798
ALL_core_cancer_type_top95,tabpfn_v2_6,v2_6,train,1088,BRCA,BRCA,0,0,0.9999378,8.165328e-06,1.1681784e-05,1.8178285e-05,2.425758e-05
ALL_core_cancer_type_top95,tabpfn_v2_6,v2_6,train,603,BRCA,BRCA,0,0,0.99993587,8.820922e-06,1.2396971e-05,1.7522641e-05,2.533035e-05
ALL_core_cancer_type_top95,tabpfn_v2_6,v2_6,train,949,BRCA,BRCA,0,0,0.999938,8.403734e-06,1.2277796e-05,1.692667e-05,2.4376788e-05
ALL_core_cancer_type_top95,tabpfn_v2_6,v2_6,train,1582,HNSCC,HNSCC,2,2,6.185334e-05,5.5954035e-05,0.99973685,8.1279344e-05,6.411772e-05
ALL_core_cancer_type_top95,tabpfn_v2_6,v2_6,train,902,BRCA,BRCA,0,0,0.9999106,1.2694654e-05,1.6389811e-05,2.354173e-05,3.671318e-05
ALL_core_cancer_type_top95,tabpfn_v2_6,v2_6,train,431,BRCA,BRCA,0,0,0.9999509,6.8541976e-06,9.059461e-06,1.2933573e-05,2.0324185e-05
ALL_core_cancer_type_top95,tabpfn_v2_6,v2_6,train,3000,LUAD,LUAD,4,4,2.3541255e-05,1.1562034e-05,2.497161e-05,4.9466435e-05,0.99989045
ALL_core_cancer_type_top95,tabpfn_v2_6,v2_6,train,1616,HNSCC,HNSCC,2,2,4.3980253e-05,2.8307073e-05,0.99981874,5.941506e-05,4.9701262e-05
ALL_core_cancer_type_top95,tabpfn_v2_6,v2_6,train,55,BRCA,HNSCC,0,2,0.28300264,0.00021198681,0.30668792,0.20742945,0.20266798
ALL_core_cancer_type_top95,tabpfn_v2_6,v2_6,train,914,BRCA,BRCA,0,0,0.9998971,1.3350067e-05,2.0382691e-05,3.1050826e-05,3.8023853e-05
ALL_core_cancer_type_top95,tabpfn_v2_6,v2_6,train,618,BRCA,BRCA,0,0,0.9999354,8.820917e-06,1.2933372e-05,1.8595447e-05,2.4317123e-05
ALL_core_cancer_type_top95,tabpfn_v2_6,v2_6,train,3125,LUAD,LUAD,4,4,2.8308466e-05,1.7819435e-05,3.0334757e-05,5.5663386e-05,0.9998679
ALL_core_cancer_type_top95,tabpfn_v2_6,v2_6,train,2823,LUAD,LUAD,4,4,2.7653034e-05,1.4064905e-05,2.8785378e-05,5.6795994e-05,0.9998727
ALL_core_cancer_type_top95,tabpfn_v2_6,v2_6,train,2408,LSCC,LSCC,3,3,1.990602e-05,1.4005733e-05,2.5925505e-05,0.99990296,3.7130092e-05
ALL_core_cancer_type_top95,tabpfn_v2_6,v2_6,train,2561,LSCC,LSCC,3,3,4.153615e-05,2.5386513e-05,5.3275922e-05,0.9998005,7.937755e-05
ALL_core_cancer_type_top95,tabpfn_v2_6,v2_6,train,1043,BRCA,BRCA,0,0,0.99992955,8.463263e-06,1.3588901e-05,2.0144951e-05,2.8250612e-05
ALL_core_cancer_type_top95,tabpfn_v2_6,v2_6,train,1206,ESCA,ESCA,1,1,8.1304184e-05,0.99955416,7.468779e-05,9.30468e-05,0.00019682289
ALL_core_cancer_type_top95,tabpfn_v2_6,v2_6,train,1798,HNSCC,HNSCC,2,2,5.7623212e-05,5.1068346e-05,0.99974877,7.4963806e-05,6.7634275e-05
ALL_core_cancer_type_top95,tabpfn_v2_6,v2_6,train,1841,HNSCC,HNSCC,2,2,2.73555e-05,1.883298e-05,0.99988914,3.3494096e-05,3.1169773e-05
ALL_core_cancer_type_top95,tabpfn_v2_6,v2_6,train,673,BRCA,BRCA,0,0,0.9999336,9.059305e-06,1.2933349e-05,1.8357012e-05,2.6105101e-05
ALL_core_cancer_type_top95,tabpfn_v2_6,v2_6,train,999,BRCA,BRCA,0,0,0.999918,1.0787556e-05,1.6091934e-05,2.45551e-05,3.0634274e-05
ALL_core_cancer_type_top95,tabpfn_v2_6,v2_6,train,1565,HNSCC,HNSCC,2,2,4.7197565e-05,3.4504283e-05,0.99980277,6.2870495e-05,5.256093e-05
ALL_core_cancer_type_top95,tabpfn_v2_6,v2_6,train,2203,LSCC,LSCC,3,3,2.4971372e-05,1.6925704e-05,3.2897846e-05,0.9998809,4.422138e-05
ALL_core_cancer_type_top95,tabpfn_v2_6,v2_6,train,1859,HNSCC,HNSCC,2,2,5.428731e-05,4.5467856e-05,0.9997694,6.823158e-05,6.257044e-05
ALL_core_cancer_type_top95,tabpfn_v2_6,v2_6,train,1131,BRCA,BRCA,0,0,0.9998814,1.4958991e-05,2.2945067e-05,3.5758545e-05,4.4936573e-05
ALL_core_cancer_type_top95,tabpfn_v2_6,v2_6,train,2533,LSCC,LSCC,3,3,2.4256247e-05,1.632976e-05,3.2778713e-05,0.9998828,4.3744683e-05
ALL_core_cancer_type_top95,tabpfn_v2_6,v2_6,train,1849,HNSCC,HNSCC,2,2,2.6163603e-05,1.7998653e-05,0.99989164,3.3970966e-05,3.0275878e-05
ALL_core_cancer_type_top95,tabpfn_v2_6,v2_6,train,826,BRCA,BRCA,0,0,0.99993134,9.357287e-06,1.3529326e-05,1.9310579e-05,2.6403044e-05
ALL_core_cancer_type_top95,tabpfn_v2_6,v2_6,train,1846,HNSCC,HNSCC,2,2,3.003697e-05,2.395806e-05,0.9998745,3.6473462e-05,3.5043133e-05
ALL_core_cancer_type_top95,tabpfn_v2_6,v2_6,train,1596,HNSCC,HNSCC,2,2,3.2420583e-05,2.479221e-05,0.999866,3.9512586e-05,3.712872e-05
ALL_core_cancer_type_top95,tabpfn_v2_6,v2_6,train,1679,HNSCC,HNSCC,2,2,2.658063e-05,2.139562e-05,0.99988556,3.4983925e-05,3.152725e-05
ALL_core_cancer_type_top95,tabpfn_v2_6,v2_6,train,3099,LUAD,LUAD,4,4,2.503102e-05,1.430344e-05,2.759372e-05,5.006204e-05,0.99988294
ALL_core_cancer_type_top95,tabpfn_v2_6,v2_6,train,381,BRCA,BRCA,0,0,0.9967997,0.00047646437,0.0007387821,0.0009872685,0.0009977613
ALL_core_cancer_type_top95,tabpfn_v2_6,v2_6,train,2538,LSCC,LSCC,3,3,3.0334439e-05,1.9547537e-05,3.8797094e-05,0.9998574,5.387492e-05
ALL_core_cancer_type_top95,tabpfn_v2_6,v2_6,train,1137,BRCA,BRCA,0,0,0.99993706,8.463327e-06,1.2754591e-05,1.7939868e-05,2.3780756e-05
ALL_core_cancer_type_top95,tabpfn_v2_6,v2_6,train,1022,BRCA,BRCA,0,0,0.9999262,1.0370443e-05,1.48404615e-05,2.0621685e-05,2.7892915e-05
ALL_core_cancer_type_top95,tabpfn_v2_6,v2_6,train,3009,LUAD,LUAD,4,4,2.4494466e-05,1.6329644e-05,2.7891509e-05,5.5485034e-05,0.9998758
ALL_core_cancer_type_top95,tabpfn_v2_6,v2_6,train,354,BRCA,BRCA,0,0,0.99994993,6.6157845e-06,9.357461e-06,1.4065992e-05,2.0026158e-05
ALL_core_cancer_type_top95,tabpfn_v2_6,v2_6,train,2878,LUAD,LUAD,4,4,2.2885715e-05,1.28732145e-05,2.3422099e-05,4.869174e-05,0.9998921
ALL_core_cancer_type_top95,tabpfn_v2_6,v2_6,train,361,BRCA,BRCA,0,0,0.9999435,7.4501595e-06,1.1383844e-05,1.585394e-05,2.187367e-05
ALL_core_cancer_type_top95,tabpfn_v2_6,v2_6,train,265,BRCA,BRCA,0,0,0.9999037,1.2992561e-05,1.9786836e-05,2.8011485e-05,3.552095e-05
ALL_core_cancer_type_top95,tabpfn_v2_6,v2_6,train,1775,HNSCC,HNSCC,2,2,2.35415e-05,1.7522028e-05,0.9999008,3.0216557e-05,2.7892207e-05
ALL_core_cancer_type_top95,tabpfn_v2_6,v2_6,train,1015,BRCA,BRCA,0,0,0.99990726,1.2754211e-05,1.8714123e-05,2.7415594e-05,3.37927e-05
ALL_core_cancer_type_top95,tabpfn_v2_6,v2_6,train,1625,HNSCC,HNSCC,2,2,2.4971685e-05,1.9369445e-05,0.9998934,3.283866e-05,2.9262763e-05
ALL_core_cancer_type_top95,tabpfn_v2_6,v2_6,train,1560,HNSCC,HNSCC,2,2,3.2062897e-05,2.3123426e-05,0.9998627,4.2730662e-05,3.9333663e-05
ALL_core_cancer_type_top95,tabpfn_v2_6,v2_6,train,2976,LUAD,LUAD,4,4,3.408831e-05,1.9368357e-05,3.4028715e-05,7.520882e-05,0.9998373
ALL_core_cancer_type_top95,tabpfn_v2_6,v2_6,train,2455,LSCC,LSCC,3,3,2.8189374e-05,1.740232e-05,3.4864235e-05,0.9998715,4.7975573e-05
ALL_core_cancer_type_top95,tabpfn_v2_6,v2_6,train,2351,LSCC,LSCC,3,3,2.9440609e-05,1.8176894e-05,3.8558854e-05,0.99986124,5.2564003e-05
ALL_core_cancer_type_top95,tabpfn_v2_6,v2_6,train,1983,HNSCC,HNSCC,2,2,5.2082512e-05,4.219041e-05,0.9997707,7.6097676e-05,5.8875885e-05
ALL_core_cancer_type_top95,tabpfn_v2_6,v2_6,train,1866,HNSCC,HNSCC,2,2,3.9153823e-05,3.027419e-05,0.99983585,5.000009e-05,4.4696146e-05
ALL_core_cancer_type_top95,tabpfn_v2_6,v2_6,train,70,BRCA,HNSCC,0,2,0.28300264,0.00021198681,0.30668792,0.20742945,0.20266798
ALL_core_cancer_type_top95,tabpfn_v2_6,v2_6,train,2163,LSCC,LSCC,3,3,2.5150037e-05,1.6746824e-05,3.5698748e-05,0.9998758,4.6545447e-05
ALL_core_cancer_type_top95,tabpfn_v2_6,v2_6,train,2100,LSCC,HNSCC,3,2,0.28300264,0.00021198681,0.30668792,0.20742945,0.20266798
ALL_core_cancer_type_top95,tabpfn_v2_6,v2_6,train,1345,ESCA,ESCA,1,1,4.153569e-05,0.99978954,3.0213194e-05,4.660102e-05,9.206979e-05
ALL_core_cancer_type_top95,tabpfn_v2_6,v2_6,train,1949,HNSCC,HNSCC,2,2,6.650019e-05,5.6370234e-05,0.9997205,7.990749e-05,7.663015e-05
ALL_core_cancer_type_top95,tabpfn_v2_6,v2_6,train,2081,LSCC,HNSCC,3,2,0.28300264,0.00021198681,0.30668792,0.20742945,0.20266798
ALL_core_cancer_type_top95,tabpfn_v2_6,v2_6,train,2525,LSCC,LSCC,3,3,2.2468466e-05,1.5733885e-05,3.0454605e-05,0.9998894,4.2016625e-05
ALL_core_cancer_type_top95,tabpfn_v2_6,v2_6,train,2183,LSCC,LSCC,3,3,2.2528075e-05,1.6091482e-05,3.063341e-05,0.99988985,4.094388e-05
ALL_core_cancer_type_top95,tabpfn_v2_6,v2_6,train,1843,HNSCC,HNSCC,2,2,3.0096535e-05,2.3719645e-05,0.9998734,3.844013e-05,3.4327928e-05
ALL_core_cancer_type_top95,tabpfn_v2_6,v2_6,train,601,BRCA,BRCA,0,0,0.9999132,1.1979494e-05,1.811824e-05,2.5508574e-05,3.1170523e-05
ALL_core_cancer_type_top95,tabpfn_v2_6,v2_6,train,596,BRCA,BRCA,0,0,0.99992394,1.043002e-05,1.5078828e-05,2.145604e-05,2.9084855e-05
ALL_core_cancer_type_top95,tabpfn_v2_6,v2_6,train,2496,LSCC,LSCC,3,3,6.354982e-05,3.5947975e-05,9.770934e-05,0.999689,0.00011380545
ALL_core_cancer_type_top95,tabpfn_v2_6,v2_6,train,1009,BRCA,BRCA,0,0,0.9999378,8.403732e-06,1.1920187e-05,1.6688262e-05,2.5270796e-05
ALL_core_cancer_type_top95,tabpfn_v2_6,v2_6,train,1969,HNSCC,HNSCC,2,2,2.5925227e-05,1.8058261e-05,0.99989223,3.34942e-05,3.0275896e-05
ALL_core_cancer_type_top95,tabpfn_v2_6,v2_6,train,60,BRCA,HNSCC,0,2,0.28300264,0.00021198681,0.30668792,0.20742945,0.20266798
ALL_core_cancer_type_top95,tabpfn_v2_6,v2_6,train,336,BRCA,BRCA,0,0,0.9999366,8.761327e-06,1.2039374e-05,1.8237864e-05,2.4257552e-05
ALL_core_cancer_type_top95,tabpfn_v2_6,v2_6,train,3068,LUAD,LUAD,4,4,2.157454e-05,1.3230796e-05,2.4137264e-05,4.9526087e-05,0.9998915
ALL_core_cancer_type_top95,tabpfn_v2_6,v2_6,train,2076,LSCC,HNSCC,3,2,0.28300264,0.00021198681,0.30668792,0.20742945,0.20266798
ALL_core_cancer_type_top95,tabpfn_v2_6,v2_6,train,1400,HNSCC,HNSCC,2,2,0.28300264,0.00021198681,0.30668792,0.20742945,0.20266798
ALL_core_cancer_type_top95,tabpfn_v2_6,v2_6,train,2013,HNSCC,HNSCC,2,2,0.002819416,0.0040135668,0.9844989,0.0042157713,0.0044523124
ALL_core_cancer_type_top95,tabpfn_v2_6,v2_6,train,3230,LUAD,LUAD,4,4,2.7414679e-05,1.4243714e-05,3.0275341e-05,5.4233387e-05,0.9998739
ALL_core_cancer_type_top95,tabpfn_v2_6,v2_6,train,2442,LSCC,LSCC,3,3,4.5767643e-05,2.3360568e-05,5.315721e-05,0.99980944,6.8293906e-05
ALL_core_cancer_type_top95,tabpfn_v2_6,v2_6,train,619,BRCA,BRCA,0,0,0.99993944,8.403746e-06,1.209901e-05,1.674789e-05,2.3423207e-05
ALL_core_cancer_type_top95,tabpfn_v2_6,v2_6,train,3031,LUAD,LUAD,4,4,2.544804e-05,1.3528584e-05,2.6878375e-05,5.7630576e-05,0.9998765
ALL_core_cancer_type_top95,tabpfn_v2_6,v2_6,train,2485,LSCC,LSCC,3,3,2.09787e-05,1.4363257e-05,2.7713339e-05,0.9998982,3.8798673e-05
ALL_core_cancer_type_top95,tabpfn_v2_6,v2_6,train,2279,LSCC,LSCC,3,3,2.330287e-05,1.5257121e-05,2.932228e-05,0.9998907,4.13611e-05
ALL_core_cancer_type_top95,tabpfn_v2_6,v2_6,train,213,BRCA,BRCA,0,0,0.9999356,9.118924e-06,1.2992976e-05,1.8059045e-05,2.4317129e-05
ALL_core_cancer_type_top95,tabpfn_v2_6,v2_6,train,1037,BRCA,BRCA,0,0,0.99993145,9.118886e-06,1.3112123e-05,1.919138e-05,2.7177855e-05
ALL_core_cancer_type_top95,tabpfn_v2_6,v2_6,train,988,BRCA,BRCA,0,0,0.99991775,1.0906753e-05,1.5793932e-05,2.3899496e-05,3.1766664e-05
ALL_core_cancer_type_top95,tabpfn_v2_6,v2_6,train,2495,LSCC,LSCC,3,3,3.367125e-05,2.0143154e-05,4.553068e-05,0.9998404,6.0191083e-05
ALL_core_cancer_type_top95,tabpfn_v2_6,v2_6,train,2141,LSCC,LSCC,3,3,2.4911778e-05,1.6746913e-05,3.307664e-05,0.999881,4.416179e-05
ALL_core_cancer_type_top95,tabpfn_v2_6,v2_6,train,1748,HNSCC,HNSCC,2,2,2.336274e-05,1.6926067e-05,0.99990237,3.0037809e-05,2.7296262e-05
ALL_core_cancer_type_top95,tabpfn_v2_6,v2_6,train,1078,BRCA,BRCA,0,0,0.99991167,1.3111864e-05,1.734342e-05,2.5270137e-05,3.2541262e-05
ALL_core_cancer_type_top95,tabpfn_v2_6,v2_6,train,1617,HNSCC,HNSCC,2,2,8.3815605e-05,6.6170214e-05,0.9996486,0.00010354744,9.788423e-05
ALL_core_cancer_type_top95,tabpfn_v2_6,v2_6,train,1003,BRCA,BRCA,0,0,0.99992776,1.0310859e-05,1.4721284e-05,2.0442916e-05,2.6760552e-05
ALL_core_cancer_type_top95,tabpfn_v2_6,v2_6,train,2149,LSCC,LSCC,3,3,3.7425278e-05,2.2824654e-05,4.827146e-05,0.999828,6.352762e-05
ALL_core_cancer_type_top95,tabpfn_v2_6,v2_6,train,386,BRCA,BRCA,0,0,0.99993515,8.761314e-06,1.2635365e-05,1.8237839e-05,2.521113e-05
ALL_core_cancer_type_top95,tabpfn_v2_6,v2_6,train,1977,HNSCC,HNSCC,2,2,5.0057406e-05,3.772183e-05,0.9997904,6.418074e-05,5.7804384e-05
ALL_core_cancer_type_top95,tabpfn_v2_6,v2_6,train,1230,ESCA,ESCA,1,1,3.8676e-05,0.9998084,2.7174508e-05,4.0821356e-05,8.503953e-05
ALL_core_cancer_type_top95,tabpfn_v2_6,v2_6,train,327,BRCA,BRCA,0,0,0.9999366,8.403722e-06,1.239698e-05,1.788026e-05,2.485356e-05
ALL_core_cancer_type_top95,tabpfn_v2_6,v2_6,train,1721,HNSCC,HNSCC,2,2,2.747446e-05,2.1872293e-05,0.99988055,3.6831272e-05,3.325542e-05
ALL_core_cancer_type_top95,tabpfn_v2_6,v2_6,train,3106,LUAD,LUAD,4,4,2.4792495e-05,1.5495309e-05,2.622283e-05,5.5961904e-05,0.99987745
ALL_core_cancer_type_top95,tabpfn_v2_6,v2_6,train,80,BRCA,HNSCC,0,2,0.28300264,0.00021198681,0.30668792,0.20742945,0.20266798
ALL_core_cancer_type_top95,tabpfn_v2_6,v2_6,train,2215,LSCC,LSCC,3,3,0.08617885,0.0010089547,0.09447936,0.5322093,0.28612354
ALL_core_cancer_type_top95,tabpfn_v2_6,v2_6,train,71,BRCA,HNSCC,0,2,0.28300264,0.00021198681,0.30668792,0.20742945,0.20266798
ALL_core_cancer_type_top95,tabpfn_v2_6,v2_6,train,703,BRCA,BRCA,0,0,0.9999354,8.701716e-06,1.3052574e-05,1.811864e-05,2.4734329e-05
ALL_core_cancer_type_top95,tabpfn_v2_6,v2_6,train,2240,LSCC,LSCC,3,3,3.712708e-05,2.2168979e-05,4.9582235e-05,0.99982196,6.912908e-05
ALL_core_cancer_type_top95,tabpfn_v2_6,v2_6,train,2256,LSCC,LSCC,3,3,3.3730987e-05,1.9428095e-05,4.4040986e-05,0.99984455,5.8224687e-05
ALL_core_cancer_type_top95,tabpfn_v2_6,v2_6,train,1121,BRCA,BRCA,0,0,0.9999387,7.986533e-06,1.1920199e-05,1.7045884e-05,2.4257604e-05
ALL_core_cancer_type_top95,tabpfn_v2_6,v2_6,train,485,BRCA,BRCA,0,0,0.99991035,1.2277456e-05,1.793939e-05,2.56277e-05,3.3792803e-05
ALL_core_cancer_type_top95,tabpfn_v2_6,v2_6,train,2241,LSCC,LSCC,3,3,4.171528e-05,2.1691945e-05,5.3514745e-05,0.99980897,7.413401e-05
ALL_core_cancer_type_top95,tabpfn_v2_6,v2_6,train,2777,LUAD,LUAD,4,4,1.9429282e-05,1.1204616e-05,2.1098054e-05,4.2553704e-05,0.9999057
ALL_core_cancer_type_top95,tabpfn_v2_6,v2_6,train,1346,ESCA,ESCA,1,1,4.7612837e-05,0.9997633,3.5039237e-05,5.1426632e-05,0.00010243613
ALL_core_cancer_type_top95,tabpfn_v2_6,v2_6,train,2585,LSCC,LSCC,3,3,3.9569837e-05,2.2526203e-05,5.7626556e-05,0.9998068,7.353792e-05
ALL_core_cancer_type_top95,tabpfn_v2_6,v2_6,train,1603,HNSCC,HNSCC,2,2,6.119697e-05,5.4523105e-05,0.9997223,9.075267e-05,7.126736e-05
ALL_core_cancer_type_top95,tabpfn_v2_6,v2_6,train,690,BRCA,BRCA,0,0,0.9999343,9.118911e-06,1.3290963e-05,1.8655028e-05,2.4674702e-05
ALL_core_cancer_type_top95,tabpfn_v2_6,v2_6,train,996,BRCA,BRCA,0,0,0.9999418,8.165362e-06,1.0966617e-05,1.668833e-05,2.2469643e-05
ALL_core_cancer_type_top95,tabpfn_v2_6,v2_6,train,1886,HNSCC,HNSCC,2,2,2.5984775e-05,1.9726975e-05,0.9998903,3.2659762e-05,3.122941e-05
ALL_core_cancer_type_top95,tabpfn_v2_6,v2_6,train,2453,LSCC,LSCC,3,3,2.5388486e-05,1.6508475e-05,3.438769e-05,0.99987817,4.5591998e-05
ALL_core_cancer_type_top95,tabpfn_v2_6,v2_6,train,111,BRCA,HNSCC,0,2,0.28300264,0.00021198681,0.30668792,0.20742945,0.20266798
ALL_core_cancer_type_top95,tabpfn_v2_6,v2_6,train,2137,LSCC,LSCC,3,3,2.9797971e-05,2.0679792e-05,3.9452512e-05,0.99985397,5.613938e-05
ALL_core_cancer_type_top95,tabpfn_v2_6,v2_6,train,2245,LSCC,LSCC,3,3,3.0453733e-05,1.7223345e-05,3.879722e-05,0.99986076,5.2623574e-05
ALL_core_cancer_type_top95,tabpfn_v2_6,v2_6,train,3001,LUAD,LUAD,4,4,4.2667405e-05,2.3478991e-05,4.8745722e-05,0.000108217886,0.9997769
ALL_core_cancer_type_top95,tabpfn_v2_6,v2_6,train,1201,BRCA,BRCA,0,0,0.99994826,6.973383e-06,1.031107e-05,1.3767961e-05,2.0681742e-05
ALL_core_cancer_type_top95,tabpfn_v2_6,v2_6,train,810,BRCA,BRCA,0,0,0.99991226,1.2992673e-05,1.6568638e-05,2.4793357e-05,3.3375673e-05
ALL_core_cancer_type_top95,tabpfn_v2_6,v2_6,train,2063,LSCC,HNSCC,3,2,0.28300264,0.00021198681,0.30668792,0.20742945,0.20266798
ALL_core_cancer_type_top95,tabpfn_v2_6,v2_6,train,2208,LSCC,LSCC,3,3,3.5339956e-05,2.1454272e-05,4.189543e-05,0.9998416,5.9714395e-05
ALL_core_cancer_type_top95,tabpfn_v2_6,v2_6,train,356,BRCA,BRCA,0,0,0.999881,1.6448925e-05,2.5150168e-05,3.510296e-05,4.213547e-05
ALL_core_cancer_type_top95,tabpfn_v2_6,v2_6,train,2117,LSCC,HNSCC,3,2,0.28300264,0.00021198681,0.30668792,0.20742945,0.20266798
ALL_core_cancer_type_top95,tabpfn_v2_6,v2_6,train,97,BRCA,HNSCC,0,2,0.28300264,0.00021198681,0.30668792,0.20742945,0.20266798
ALL_core_cancer_type_top95,tabpfn_v2_6,v2_6,train,233,BRCA,BRCA,0,0,0.9999299,8.642068e-06,1.3886909e-05,1.9906556e-05,2.7714217e-05
ALL_core_cancer_type_top95,tabpfn_v2_6,v2_6,train,1615,HNSCC,HNSCC,2,2,3.6889567e-05,2.890378e-05,0.99984527,4.6842004e-05,4.2074367e-05
ALL_core_cancer_type_top95,tabpfn_v2_6,v2_6,train,615,BRCA,BRCA,0,0,0.9999343,9.238113e-06,1.3112161e-05,1.8476227e-05,2.4793904e-05
ALL_core_cancer_type_top95,tabpfn_v2_6,v2_6,train,3156,LUAD,LUAD,4,4,2.2647362e-05,1.2396451e-05,2.3243345e-05,4.7797854e-05,0.9998939
ALL_core_cancer_type_top95,tabpfn_v2_6,v2_6,train,256,BRCA,BRCA,0,0,0.99992156,1.0966394e-05,1.5019193e-05,2.2051989e-05,3.0336385e-05
ALL_core_cancer_type_top95,tabpfn_v2_6,v2_6,train,24,BRCA,HNSCC,0,2,0.28300264,0.00021198681,0.30668792,0.20742945,0.20266798
ALL_core_cancer_type_top95,tabpfn_v2_6,v2_6,train,1026,BRCA,BRCA,0,0,0.9999268,9.536046e-06,1.478087e-05,2.1992504e-05,2.6879727e-05
ALL_core_cancer_type_top95,tabpfn_v2_6,v2_6,train,3133,LUAD,LUAD,4,4,6.3102154e-05,4.3498178e-05,6.578355e-05,0.00013132875,0.9996964
ALL_core_cancer_type_top95,tabpfn_v2_6,v2_6,train,1531,HNSCC,HNSCC,2,2,7.010469e-05,9.47844e-05,0.999649,0.0001031302,8.298106e-05
ALL_core_cancer_type_top95,tabpfn_v2_6,v2_6,train,1644,HNSCC,HNSCC,2,2,3.122862e-05,2.3898237e-05,0.99986506,4.1896412e-05,3.790344e-05
ALL_core_cancer_type_top95,tabpfn_v2_6,v2_6,train,2236,LSCC,LSCC,3,3,4.338341e-05,2.5267262e-05,5.691093e-05,0.9997979,7.6516895e-05
ALL_core_cancer_type_top95,tabpfn_v2_6,v2_6,train,158,BRCA,BRCA,0,0,0.99990654,1.1443022e-05,1.8952505e-05,2.7892367e-05,3.5163455e-05
ALL_core_cancer_type_top95,tabpfn_v2_6,v2_6,train,2643,LUAD,HNSCC,4,2,0.28300264,0.00021198681,0.30668792,0.20742945,0.20266798
ALL_core_cancer_type_top95,tabpfn_v2_6,v2_6,train,1663,HNSCC,HNSCC,2,2,2.1932481e-05,1.716455e-05,0.9999075,2.6879208e-05,2.6521613e-05
ALL_core_cancer_type_top95,tabpfn_v2_6,v2_6,train,1606,HNSCC,HNSCC,2,2,2.8368437e-05,2.3004655e-05,0.999881,3.4745375e-05,3.2838252e-05
ALL_core_cancer_type_top95,tabpfn_v2_6,v2_6,train,2003,HNSCC,HNSCC,2,2,0.00030548105,0.00027114127,0.9987537,0.00036366793,0.000305958
ALL_core_cancer_type_top95,tabpfn_v2_6,v2_6,train,853,BRCA,BRCA,0,0,0.99994063,7.867346e-06,1.1503013e-05,1.5973097e-05,2.4138448e-05
ALL_core_cancer_type_top95,tabpfn_v2_6,v2_6,train,249,BRCA,BRCA,0,0,0.9998975,1.3648065e-05,2.0501895e-05,2.9978062e-05,3.8381455e-05
ALL_core_cancer_type_top95,tabpfn_v2_6,v2_6,train,3029,LUAD,LUAD,4,4,3.4684446e-05,1.9964415e-05,3.551878e-05,6.710427e-05,0.99984264
ALL_core_cancer_type_top95,tabpfn_v2_6,v2_6,train,2541,LSCC,LSCC,3,3,4.159638e-05,2.3241531e-05,4.9283964e-05,0.9998159,6.996297e-05
ALL_core_cancer_type_top95,tabpfn_v2_6,v2_6,train,1940,HNSCC,HNSCC,2,2,5.7652087e-05,4.7337908e-05,0.99976134,7.4107076e-05,5.9559912e-05
ALL_core_cancer_type_top95,tabpfn_v2_6,v2_6,train,2087,LSCC,HNSCC,3,2,0.28300264,0.00021198681,0.30668792,0.20742945,0.20266798
ALL_core_cancer_type_top95,tabpfn_v2_6,v2_6,train,2225,LSCC,LSCC,3,3,2.6520562e-05,1.770024e-05,3.7188383e-05,0.9998678,5.0776445e-05
ALL_core_cancer_type_top95,tabpfn_v2_6,v2_6,train,2138,LSCC,LSCC,3,3,2.1932146e-05,1.5018752e-05,2.9620316e-05,0.99989223,4.130157e-05
ALL_core_cancer_type_top95,tabpfn_v2_6,v2_6,train,3081,LUAD,LUAD,4,4,2.3660345e-05,1.3111526e-05,2.6163454e-05,5.113495e-05,0.9998859
ALL_core_cancer_type_top95,tabpfn_v2_6,v2_6,train,525,BRCA,BRCA,0,0,0.99987364,1.6031623e-05,2.47924e-05,3.8022958e-05,4.7558497e-05
ALL_core_cancer_type_top95,tabpfn_v2_6,v2_6,train,1535,HNSCC,HNSCC,2,2,2.3124363e-05,1.7462471e-05,0.9999032,2.9561043e-05,2.6640697e-05
ALL_core_cancer_type_top95,tabpfn_v2_6,v2_6,train,547,BRCA,BRCA,0,0,0.9998977,1.2694491e-05,2.0680696e-05,2.9799274e-05,3.909665e-05
ALL_core_cancer_type_top95,tabpfn_v2_6,v2_6,train,2464,LSCC,LSCC,3,3,2.2647313e-05,1.5733924e-05,2.9739498e-05,0.99989176,4.0109586e-05
ALL_core_cancer_type_top95,tabpfn_v2_6,v2_6,train,1341,ESCA,ESCA,1,1,3.5279565e-05,0.9998191,2.5982923e-05,3.9749106e-05,7.9855774e-05
ALL_core_cancer_type_top95,tabpfn_v2_6,v2_6,train,264,BRCA,BRCA,0,0,0.9999207,1.0012786e-05,1.5853579e-05,2.3005568e-05,3.0395959e-05
ALL_core_cancer_type_top95,tabpfn_v2_6,v2_6,train,598,BRCA,BRCA,0,0,0.99989057,1.6389484e-05,2.318367e-05,3.1229418e-05,3.867918e-05
ALL_core_cancer_type_top95,tabpfn_v2_6,v2_6,train,2443,LSCC,LSCC,3,3,2.5328905e-05,1.6031709e-05,3.2838183e-05,0.9998789,4.6962774e-05
ALL_core_cancer_type_top95,tabpfn_v2_6,v2_6,train,1927,HNSCC,HNSCC,2,2,0.00012081241,0.000106269625,0.99946034,0.00017141415,0.00014113655
ALL_core_cancer_type_top95,tabpfn_v2_6,v2_6,train,1555,HNSCC,HNSCC,2,2,2.4495026e-05,1.7879582e-05,0.9998987,3.075288e-05,2.8070943e-05
ALL_core_cancer_type_top95,tabpfn_v2_6,v2_6,train,128,BRCA,BRCA,0,0,0.999923,9.953209e-06,1.4780813e-05,2.223082e-05,3.0038427e-05
ALL_core_cancer_type_top95,tabpfn_v2_6,v2_6,train,965,BRCA,BRCA,0,0,0.9999393,8.10574e-06,1.1920206e-05,1.6688287e-05,2.3959614e-05
ALL_core_cancer_type_top95,tabpfn_v2_6,v2_6,train,895,BRCA,BRCA,0,0,0.99994826,7.0329843e-06,9.834258e-06,1.412557e-05,2.0800944e-05
ALL_core_cancer_type_top95,tabpfn_v2_6,v2_6,train,1526,HNSCC,HNSCC,2,2,2.1038528e-05,1.6866583e-05,0.99990916,2.6164062e-05,2.6640857e-05
ALL_core_cancer_type_top95,tabpfn_v2_6,v2_6,train,3119,LUAD,LUAD,4,4,2.0502019e-05,1.1144993e-05,2.2945573e-05,4.201722e-05,0.99990344
ALL_core_cancer_type_top95,tabpfn_v2_6,v2_6,train,57,BRCA,HNSCC,0,2,0.28300264,0.00021198681,0.30668792,0.20742945,0.20266798
ALL_core_cancer_type_top95,tabpfn_v2_6,v2_6,train,1931,HNSCC,HNSCC,2,2,3.7664122e-05,2.8307688e-05,0.9998404,5.131141e-05,4.2312542e-05
ALL_core_cancer_type_top95,tabpfn_v2_6,v2_6,train,574,BRCA,BRCA,0,0,0.99987364,1.6567998e-05,2.5984342e-05,3.5817866e-05,4.7856483e-05
ALL_core_cancer_type_top95,tabpfn_v2_6,v2_6,train,170,BRCA,BRCA,0,0,0.99993753,8.820936e-06,1.1920184e-05,1.680746e-05,2.4853585e-05
ALL_core_cancer_type_top95,tabpfn_v2_6,v2_6,train,2095,LSCC,HNSCC,3,2,0.28300264,0.00021198681,0.30668792,0.20742945,0.20266798
ALL_core_cancer_type_top95,tabpfn_v2_6,v2_6,train,3104,LUAD,LUAD,4,4,2.4256275e-05,1.4005465e-05,2.544823e-05,5.2445997e-05,0.9998839
ALL_core_cancer_type_top95,tabpfn_v2_6,v2_6,train,2733,LUAD,LUAD,4,4,4.9303886e-05,3.714186e-05,6.0213933e-05,0.00012173946,0.9997316
ALL_core_cancer_type_top95,tabpfn_v2_6,v2_6,train,1445,HNSCC,HNSCC,2,2,0.28300264,0.00021198681,0.30668792,0.20742945,0.20266798
ALL_core_cancer_type_top95,tabpfn_v2_6,v2_6,train,2871,LUAD,LUAD,4,4,2.4375591e-05,1.2992369e-05,2.5448357e-05,4.8214803e-05,0.9998889
ALL_core_cancer_type_top95,tabpfn_v2_6,v2_6,train,132,BRCA,BRCA,0,0,0.99994516,7.2117664e-06,1.0489843e-05,1.472154e-05,2.2350516e-05
ALL_core_cancer_type_top95,tabpfn_v2_6,v2_6,train,519,BRCA,BRCA,0,0,0.9998765,1.3945764e-05,2.3600525e-05,3.9453404e-05,4.6485882e-05
ALL_core_cancer_type_top95,tabpfn_v2_6,v2_6,train,594,BRCA,BRCA,0,0,0.99993944,7.9269375e-06,1.1562601e-05,1.6867092e-05,2.425762e-05
ALL_core_cancer_type_top95,tabpfn_v2_6,v2_6,train,1621,HNSCC,HNSCC,2,2,3.0394489e-05,2.2408485e-05,0.9998723,3.8320894e-05,3.659258e-05
ALL_core_cancer_type_top95,tabpfn_v2_6,v2_6,train,652,BRCA,BRCA,0,0,0.9999392,8.284542e-06,1.2099007e-05,1.6747887e-05,2.3542403e-05
ALL_core_cancer_type_top95,tabpfn_v2_6,v2_6,train,1581,HNSCC,HNSCC,2,2,2.7534179e-05,2.1514801e-05,0.99988496,3.474551e-05,3.1110045e-05
ALL_core_cancer_type_top95,tabpfn_v2_6,v2_6,train,1281,ESCA,ESCA,1,1,5.7649315e-05,0.9997133,4.11355e-05,6.3551364e-05,0.00012436036
ALL_core_cancer_type_top95,tabpfn_v2_6,v2_6,train,852,BRCA,BRCA,0,0,0.999912,1.3111869e-05,1.7462624e-05,2.5091347e-05,3.2481676e-05
ALL_core_cancer_type_top95,tabpfn_v2_6,v2_6,train,1336,ESCA,ESCA,1,1,4.3680862e-05,0.9997862,3.0451461e-05,4.677964e-05,9.290377e-05
ALL_core_cancer_type_top95,tabpfn_v2_6,v2_6,train,1950,HNSCC,LSCC,2,3,0.10636014,0.0021796047,0.113804735,0.41689757,0.36075795
ALL_core_cancer_type_top95,tabpfn_v2_6,v2_6,train,1943,HNSCC,HNSCC,2,2,2.7295784e-05,1.9667268e-05,0.99988484,3.462631e-05,3.361315e-05
ALL_core_cancer_type_top95,tabpfn_v2_6,v2_6,train,2686,LUAD,HNSCC,4,2,0.28300264,0.00021198681,0.30668792,0.20742945,0.20266798
ALL_core_cancer_type_top95,tabpfn_v2_6,v2_6,train,1828,HNSCC,HNSCC,2,2,2.8487584e-05,2.1633876e-05,0.99987936,3.6116056e-05,3.4506927e-05
ALL_core_cancer_type_top95,tabpfn_v2_6,v2_6,train,290,BRCA,BRCA,0,0,0.9999287,9.953266e-06,1.4006093e-05,2.0740938e-05,2.6402975e-05
ALL_core_cancer_type_top95,tabpfn_v2_6,v2_6,train,1641,HNSCC,HNSCC,2,2,2.6044336e-05,2.139569e-05,0.9998889,3.2361728e-05,3.128896e-05
ALL_core_cancer_type_top95,tabpfn_v2_6,v2_6,train,1066,BRCA,BRCA,0,0,0.9999418,7.986558e-06,1.1324224e-05,1.6390324e-05,2.2410042e-05
ALL_core_cancer_type_top95,tabpfn_v2_6,v2_6,train,2907,LUAD,LUAD,4,4,2.3302855e-05,1.2634796e-05,2.4316023e-05,4.970481e-05,0.9998901
ALL_core_cancer_type_top95,tabpfn_v2_6,v2_6,train,1842,HNSCC,HNSCC,2,2,2.4792982e-05,1.841594e-05,0.9998971,3.0812433e-05,2.8964878e-05
ALL_core_cancer_type_top95,tabpfn_v2_6,v2_6,train,1054,BRCA,BRCA,0,0,0.9999052,1.2575389e-05,1.8892883e-05,2.5985162e-05,3.730897e-05
ALL_core_cancer_type_top95,tabpfn_v2_6,v2_6,train,2044,LSCC,HNSCC,3,2,0.28300264,0.00021198681,0.30668792,0.20742945,0.20266798
ALL_core_cancer_type_top95,tabpfn_v2_6,v2_6,train,291,BRCA,BRCA,0,0,0.99991727,1.1681544e-05,1.5615125e-05,2.288629e-05,3.2481843e-05
ALL_core_cancer_type_top95,tabpfn_v2_6,v2_6,train,3041,LUAD,LUAD,4,4,2.78316e-05,1.7521394e-05,3.0215462e-05,5.9894555e-05,0.9998646
ALL_core_cancer_type_top95,tabpfn_v2_6,v2_6,train,2129,LSCC,LSCC,3,3,2.7235816e-05,1.7461913e-05,3.563899e-05,0.99987125,4.839274e-05
ALL_core_cancer_type_top95,tabpfn_v2_6,v2_6,train,2173,LSCC,LSCC,3,3,2.7533712e-05,1.8177017e-05,3.7665166e-05,0.99986804,4.8511778e-05
ALL_core_cancer_type_top95,tabpfn_v2_6,v2_6,train,1871,HNSCC,HNSCC,2,2,4.7197544e-05,3.4265893e-05,0.9998023,5.774548e-05,5.852019e-05
ALL_core_cancer_type_top95,tabpfn_v2_6,v2_6,train,937,BRCA,BRCA,0,0,0.9999292,9.77447e-06,1.3588897e-05,1.9906542e-05,2.7535396e-05
ALL_core_cancer_type_top95,tabpfn_v2_6,v2_6,train,66,BRCA,HNSCC,0,2,0.28300264,0.00021198681,0.30668792,0.20742945,0.20266798
ALL_core_cancer_type_top95,tabpfn_v2_6,v2_6,train,2038,LSCC,HNSCC,3,2,0.28300264,0.00021198681,0.30668792,0.20742945,0.20266798
ALL_core_cancer_type_top95,tabpfn_v2_6,v2_6,train,555,BRCA,BRCA,0,0,0.9999422,7.807757e-06,1.1205026e-05,1.5794318e-05,2.3006063e-05
ALL_core_cancer_type_top95,tabpfn_v2_6,v2_6,train,373,BRCA,BRCA,0,0,0.99994135,8.344161e-06,1.0847409e-05,1.5257894e-05,2.4198067e-05
ALL_core_cancer_type_top95,tabpfn_v2_6,v2_6,train,2757,LUAD,LUAD,4,4,3.0393701e-05,1.8474604e-05,3.480377e-05,6.978632e-05,0.99984646
ALL_core_cancer_type_top95,tabpfn_v2_6,v2_6,train,1832,HNSCC,HNSCC,2,2,2.9321807e-05,2.2646926e-05,0.9998746,3.8499773e-05,3.498354e-05
ALL_core_cancer_type_top95,tabpfn_v2_6,v2_6,train,1571,HNSCC,HNSCC,2,2,0.00019673053,0.00015702673,0.99920225,0.00023846125,0.0002055536
ALL_core_cancer_type_top95,tabpfn_v2_6,v2_6,train,1135,BRCA,BRCA,0,0,0.99960655,4.542305e-05,7.9400925e-05,0.00012851981,0.0001400842
ALL_core_cancer_type_top95,tabpfn_v2_6,v2_6,train,309,BRCA,BRCA,0,0,0.99981767,3.0035262e-05,3.7126923e-05,5.285968e-05,6.2275496e-05
ALL_core_cancer_type_top95,tabpfn_v2_6,v2_6,train,257,BRCA,BRCA,0,0,0.9999354,8.701716e-06,1.2814171e-05,1.8297444e-05,2.4734329e-05
ALL_core_cancer_type_top95,tabpfn_v2_6,v2_6,train,2813,LUAD,LUAD,4,4,2.52097e-05,1.4184181e-05,2.8606752e-05,5.3518463e-05,0.9998784
ALL_core_cancer_type_top95,tabpfn_v2_6,v2_6,train,768,BRCA,BRCA,0,0,0.99993515,8.940117e-06,1.2516164e-05,1.8655044e-05,2.4793924e-05
ALL_core_cancer_type_top95,tabpfn_v2_6,v2_6,train,500,BRCA,BRCA,0,0,0.99993527,8.642114e-06,1.2516165e-05,1.8833849e-05,2.4793928e-05
ALL_core_cancer_type_top95,tabpfn_v2_6,v2_6,train,682,BRCA,BRCA,0,0,0.999948,7.152186e-06,9.953458e-06,1.3946762e-05,2.080094e-05
ALL_core_cancer_type_top95,tabpfn_v2_6,v2_6,train,2332,LSCC,LSCC,3,3,2.205138e-05,1.525717e-05,2.9739562e-05,0.9998939,3.9156097e-05
ALL_core_cancer_type_top95,tabpfn_v2_6,v2_6,train,801,BRCA,BRCA,0,0,0.99988556,1.6389402e-05,2.2647173e-05,3.2898e-05,4.2493248e-05
ALL_core_cancer_type_top95,tabpfn_v2_6,v2_6,train,1225,ESCA,ESCA,1,1,5.3296077e-05,0.99969035,4.6738394e-05,7.0346054e-05,0.00013926133
ALL_core_cancer_type_top95,tabpfn_v2_6,v2_6,train,3037,LUAD,LUAD,4,4,3.212185e-05,1.9368461e-05,3.3313754e-05,7.252744e-05,0.99984264
ALL_core_cancer_type_top95,tabpfn_v2_6,v2_6,train,1702,HNSCC,HNSCC,2,2,2.4375842e-05,1.7939188e-05,0.99989915,3.0156909e-05,2.836895e-05
ALL_core_cancer_type_top95,tabpfn_v2_6,v2_6,train,69,BRCA,HNSCC,0,2,0.28300264,0.00021198681,0.30668792,0.20742945,0.20266798
ALL_core_cancer_type_top95,tabpfn_v2_6,v2_6,train,1150,BRCA,BRCA,0,0,0.9999224,1.0966403e-05,1.50192045e-05,2.2171207e-05,2.944241e-05
ALL_core_cancer_type_top95,tabpfn_v2_6,v2_6,train,2085,LSCC,HNSCC,3,2,0.28300264,0.00021198681,0.30668792,0.20742945,0.20266798
ALL_core_cancer_type_top95,tabpfn_v2_6,v2_6,train,2486,LSCC,LSCC,3,3,1.990602e-05,1.3826936e-05,2.5985104e-05,0.99990296,3.7249287e-05
ALL_core_cancer_type_top95,tabpfn_v2_6,v2_6,train,738,BRCA,BRCA,0,0,0.9999366,8.344121e-06,1.2635383e-05,1.799946e-05,2.4495956e-05
ALL_core_cancer_type_top95,tabpfn_v2_6,v2_6,train,670,BRCA,BRCA,0,0,0.9999263,1.0728046e-05,1.3946459e-05,1.9250881e-05,2.9800127e-05
ALL_core_cancer_type_top95,tabpfn_v2_6,v2_6,train,2148,LSCC,LSCC,3,3,2.3958326e-05,1.6091413e-05,3.0871674e-05,0.99988556,4.3446813e-05
ALL_core_cancer_type_top95,tabpfn_v2_6,v2_6,train,2139,LSCC,LSCC,3,3,2.3958342e-05,1.6329815e-05,3.182526e-05,0.9998863,4.153971e-05
ALL_core_cancer_type_top95,tabpfn_v2_6,v2_6,train,643,BRCA,BRCA,0,0,0.9999187,1.0668364e-05,1.5853546e-05,2.3541921e-05,3.1170694e-05
ALL_core_cancer_type_top95,tabpfn_v2_6,v2_6,train,590,BRCA,BRCA,0,0,0.99993193,8.642085e-06,1.3350532e-05,1.931059e-05,2.6820264e-05
ALL_core_cancer_type_top95,tabpfn_v2_6,v2_6,train,593,BRCA,BRCA,0,0,0.99991095,1.1741069e-05,1.8237397e-05,2.5866113e-05,3.325643e-05
ALL_core_cancer_type_top95,tabpfn_v2_6,v2_6,train,461,BRCA,BRCA,0,0,0.999933,9.1785005e-06,1.3052543e-05,1.8774206e-05,2.6045485e-05
ALL_core_cancer_type_top95,tabpfn_v2_6,v2_6,train,1805,HNSCC,HNSCC,2,2,2.7534175e-05,2.0024854e-05,0.99988484,3.5579877e-05,3.194441e-05
ALL_core_cancer_type_top95,tabpfn_v2_6,v2_6,train,2894,LUAD,LUAD,4,4,2.1813095e-05,1.251571e-05,2.2528278e-05,4.4162578e-05,0.9998989
ALL_core_cancer_type_top95,tabpfn_v2_6,v2_6,train,928,BRCA,BRCA,0,0,0.9998939,1.7521907e-05,2.0203832e-05,2.801121e-05,4.046726e-05
ALL_core_cancer_type_top95,tabpfn_v2_6,v2_6,train,834,BRCA,BRCA,0,0,0.99993575,9.178526e-06,1.27545745e-05,1.758224e-05,2.4674737e-05
ALL_core_cancer_type_top95,tabpfn_v2_6,v2_6,train,286,BRCA,BRCA,0,0,0.99995136,6.4965902e-06,9.238271e-06,1.2754774e-05,2.0204992e-05
ALL_core_cancer_type_top95,tabpfn_v2_6,v2_6,train,420,BRCA,BRCA,0,0,0.999928,9.476456e-06,1.3827282e-05,2.0621723e-05,2.8012166e-05
ALL_core_cancer_type_top95,tabpfn_v2_6,v2_6,train,1454,HNSCC,HNSCC,2,2,0.28300264,0.00021198681,0.30668792,0.20742945,0.20266798
ALL_core_cancer_type_top95,tabpfn_v2_6,v2_6,train,1156,BRCA,BRCA,0,0,0.9998648,1.9249697e-05,2.7354834e-05,3.8380203e-05,5.0061135e-05
ALL_core_cancer_type_top95,tabpfn_v2_6,v2_6,train,552,BRCA,BRCA,0,0,0.9999405,7.688542e-06,1.1264608e-05,1.6330701e-05,2.4317249e-05
ALL_core_cancer_type_top95,tabpfn_v2_6,v2_6,train,440,BRCA,BRCA,0,0,0.999905,1.3886563e-05,1.8296887e-05,2.6581147e-05,3.6236182e-05
ALL_core_cancer_type_top95,tabpfn_v2_6,v2_6,train,1276,ESCA,ESCA,1,1,0.00014444688,0.9992711,0.00011745247,0.00015910609,0.00030796265
ALL_core_cancer_type_top95,tabpfn_v2_6,v2_6,train,2321,LSCC,LSCC,3,3,2.5328849e-05,1.7223618e-05,3.456643e-05,0.9998766,4.62475e-05
ALL_core_cancer_type_top95,tabpfn_v2_6,v2_6,train,1688,HNSCC,HNSCC,2,2,3.3969925e-05,2.4970876e-05,0.999861,4.195584e-05,3.8082075e-05
ALL_core_cancer_type_top95,tabpfn_v2_6,v2_6,train,323,BRCA,BRCA,0,0,0.99993026,9.595678e-06,1.3588911e-05,1.960856e-05,2.7058622e-05
ALL_core_cancer_type_top95,tabpfn_v2_6,v2_6,train,3114,LUAD,LUAD,4,4,2.7057084e-05,1.3945722e-05,2.8725803e-05,5.691523e-05,0.9998734
ALL_core_cancer_type_top95,tabpfn_v2_6,v2_6,train,2970,LUAD,LUAD,4,4,2.8069939e-05,1.7163784e-05,3.0394202e-05,6.150356e-05,0.9998629
ALL_core_cancer_type_top95,tabpfn_v2_6,v2_6,train,2289,LSCC,LSCC,3,3,5.699435e-05,3.320696e-05,7.481999e-05,0.99972767,0.00010731154
ALL_core_cancer_type_top95,tabpfn_v2_6,v2_6,train,799,BRCA,BRCA,0,0,0.99992657,9.893644e-06,1.3767662e-05,2.0442892e-05,2.9323332e-05
ALL_core_cancer_type_top95,tabpfn_v2_6,v2_6,train,573,BRCA,BRCA,0,0,0.99993527,8.880517e-06,1.3052572e-05,1.8953051e-05,2.3840315e-05
ALL_core_cancer_type_top95,tabpfn_v2_6,v2_6,train,193,BRCA,BRCA,0,0,0.9998865,1.5555048e-05,2.2110815e-05,3.3017226e-05,4.279128e-05
ALL_core_cancer_type_top95,tabpfn_v2_6,v2_6,train,1233,ESCA,ESCA,1,1,9.471264e-05,0.9995208,9.048067e-05,9.9481054e-05,0.00019455132
ALL_core_cancer_type_top95,tabpfn_v2_6,v2_6,train,352,BRCA,BRCA,0,0,0.9999403,8.284551e-06,1.1860616e-05,1.6330698e-05,2.3125222e-05
ALL_core_cancer_type_top95,tabpfn_v2_6,v2_6,train,1888,HNSCC,HNSCC,2,2,3.480402e-05,2.6222206e-05,0.9998536,4.4220174e-05,4.106159e-05
ALL_core_cancer_type_top95,tabpfn_v2_6,v2_6,train,3084,LUAD,LUAD,4,4,2.5567362e-05,1.3528651e-05,2.687851e-05,5.256507e-05,0.9998815
ALL_core_cancer_type_top95,tabpfn_v2_6,v2_6,train,1288,ESCA,ESCA,1,1,4.3323354e-05,0.99978715,3.0630265e-05,4.66605e-05,9.224835e-05
ALL_core_cancer_type_top95,tabpfn_v2_6,v2_6,train,2847,LUAD,LUAD,4,4,2.8129632e-05,1.5375943e-05,2.9321567e-05,6.0788614e-05,0.99986637
ALL_core_cancer_type_top95,tabpfn_v2_6,v2_6,train,1910,HNSCC,LSCC,2,3,0.13207246,0.0007900736,0.13280484,0.3708282,0.3635044
ALL_core_cancer_type_top95,tabpfn_v2_6,v2_6,train,2409,LSCC,LSCC,3,3,1.9905963e-05,1.4899672e-05,2.6104226e-05,0.9999001,3.8917944e-05
ALL_core_cancer_type_top95,tabpfn_v2_6,v2_6,train,473,BRCA,BRCA,0,0,0.99994195,7.986559e-06,1.1503029e-05,1.609232e-05,2.2410046e-05
ALL_core_cancer_type_top95,tabpfn_v2_6,v2_6,train,1743,HNSCC,HNSCC,2,2,3.0036823e-05,2.3302377e-05,0.9998696,3.9512728e-05,3.7426835e-05
ALL_core_cancer_type_top95,tabpfn_v2_6,v2_6,train,814,BRCA,BRCA,0,0,0.999833,2.3182334e-05,3.2598295e-05,4.612629e-05,6.50774e-05
ALL_core_cancer_type_top95,tabpfn_v2_6,v2_6,train,544,BRCA,BRCA,0,0,0.99993134,9.416887e-06,1.3410125e-05,1.9727782e-05,2.598584e-05
ALL_core_cancer_type_top95,tabpfn_v2_6,v2_6,train,185,BRCA,BRCA,0,0,0.99993896,7.926934e-06,1.2039403e-05,1.6926686e-05,2.4138408e-05
ALL_core_cancer_type_top95,tabpfn_v2_6,v2_6,train,94,BRCA,HNSCC,0,2,0.28300264,0.00021198681,0.30668792,0.20742945,0.20266798
ALL_core_cancer_type_top95,tabpfn_v2_6,v2_6,train,2373,LSCC,LSCC,3,3,3.2598542e-05,2.0858299e-05,4.7020563e-05,0.9998405,5.9058784e-05
ALL_core_cancer_type_top95,tabpfn_v2_6,v2_6,train,549,BRCA,BRCA,0,0,0.9999343,9.416915e-06,1.2933358e-05,1.7880218e-05,2.538991e-05
ALL_core_cancer_type_top95,tabpfn_v2_6,v2_6,train,2981,LUAD,LUAD,4,4,3.0811254e-05,1.5375828e-05,3.2897122e-05,6.209927e-05,0.99985886
ALL_core_cancer_type_top95,tabpfn_v2_6,v2_6,train,346,BRCA,BRCA,0,0,0.99994195,7.6289516e-06,1.1205023e-05,1.609232e-05,2.312526e-05
ALL_core_cancer_type_top95,tabpfn_v2_6,v2_6,train,2868,LUAD,LUAD,4,4,2.0263678e-05,1.0847028e-05,2.1157664e-05,4.154054e-05,0.9999062
ALL_core_cancer_type_top95,tabpfn_v2_6,v2_6,train,2747,LUAD,LUAD,4,4,2.330286e-05,1.3409574e-05,2.3958439e-05,4.8930047e-05,0.9998903
ALL_core_cancer_type_top95,tabpfn_v2_6,v2_6,train,2234,LSCC,LSCC,3,3,3.498194e-05,2.3241833e-05,4.6602854e-05,0.9998288,6.6209424e-05
ALL_core_cancer_type_top95,tabpfn_v2_6,v2_6,train,296,BRCA,BRCA,0,0,0.9999299,9.655276e-06,1.400611e-05,2.0144958e-05,2.6343407e-05
ALL_core_cancer_type_top95,tabpfn_v2_6,v2_6,train,32,BRCA,HNSCC,0,2,0.28300264,0.00021198681,0.30668792,0.20742945,0.20266798
ALL_core_cancer_type_top95,tabpfn_v2_6,v2_6,train,587,BRCA,BRCA,0,0,0.9998871,1.4839881e-05,2.175324e-05,3.14081e-05,4.493683e-05
ALL_core_cancer_type_top95,tabpfn_v2_6,v2_6,train,1366,ESCA,ESCA,1,1,5.484433e-05,0.9996586,4.3517786e-05,7.8749305e-05,0.00016429454
ALL_core_cancer_type_top95,tabpfn_v2_6,v2_6,train,1598,HNSCC,HNSCC,2,2,3.0692285e-05,2.6401323e-05,0.9998661,4.147928e-05,3.5281228e-05
ALL_core_cancer_type_top95,tabpfn_v2_6,v2_6,train,828,BRCA,BRCA,0,0,0.9999211,1.0727989e-05,1.5495985e-05,2.2349977e-05,3.027677e-05
ALL_core_cancer_type_top95,tabpfn_v2_6,v2_6,train,2791,LUAD,LUAD,4,4,2.4792742e-05,1.3707526e-05,2.425636e-05,4.976428e-05,0.99988747
ALL_core_cancer_type_top95,tabpfn_v2_6,v2_6,train,2218,LSCC,LSCC,3,3,2.0501911e-05,1.4542053e-05,2.813053e-05,0.9998982,3.856028e-05
ALL_core_cancer_type_top95,tabpfn_v2_6,v2_6,train,570,BRCA,BRCA,0,0,0.99992895,1.0012869e-05,1.4244498e-05,2.0025738e-05,2.6700984e-05
ALL_core_cancer_type_top95,tabpfn_v2_6,v2_6,train,2196,LSCC,LSCC,3,3,2.3898772e-05,1.6091442e-05,3.093133e-05,0.99988747,4.1539763e-05
ALL_core_cancer_type_top95,tabpfn_v2_6,v2_6,train,2449,LSCC,LSCC,3,3,2.1932083e-05,1.6329866e-05,3.0097017e-05,0.9998894,4.219542e-05
ALL_core_cancer_type_top95,tabpfn_v2_6,v2_6,train,3051,LUAD,LUAD,4,4,3.1287604e-05,1.9487708e-05,3.5042118e-05,6.871354e-05,0.9998455
ALL_core_cancer_type_top95,tabpfn_v2_6,v2_6,train,1724,HNSCC,HNSCC,2,2,2.35415e-05,1.740283e-05,0.9999008,3.105094e-05,2.7236621e-05
ALL_core_cancer_type_top95,tabpfn_v2_6,v2_6,train,1155,BRCA,BRCA,0,0,0.9998734,1.829631e-05,2.6520709e-05,3.6235037e-05,4.5532182e-05
ALL_core_cancer_type_top95,tabpfn_v2_6,v2_6,train,958,BRCA,BRCA,0,0,0.9999286,9.714863e-06,1.4721296e-05,2.0383333e-05,2.6462572e-05
ALL_core_cancer_type_top95,tabpfn_v2_6,v2_6,train,2029,LSCC,HNSCC,3,2,0.28300264,0.00021198681,0.30668792,0.20742945,0.20266798
ALL_core_cancer_type_top95,tabpfn_v2_6,v2_6,train,987,BRCA,BRCA,0,0,0.99988925,1.5614687e-05,2.1872482e-05,3.1527365e-05,4.1837826e-05
ALL_core_cancer_type_top95,tabpfn_v2_6,v2_6,train,2286,LSCC,LSCC,3,3,3.1526295e-05,1.8236382e-05,4.159802e-05,0.9998553,5.3398035e-05
ALL_core_cancer_type_top95,tabpfn_v2_6,v2_6,train,2938,LUAD,LUAD,4,4,4.808951e-05,3.4383702e-05,5.1843712e-05,0.00010344906,0.99976224
ALL_core_cancer_type_top95,tabpfn_v2_6,v2_6,train,910,BRCA,BRCA,0,0,0.99994564,7.4501754e-06,1.0549448e-05,1.442354e-05,2.1992919e-05
ALL_core_cancer_type_top95,tabpfn_v2_6,v2_6,train,1466,HNSCC,HNSCC,2,2,0.28300264,0.00021198681,0.30668792,0.20742945,0.20266798
ALL_core_cancer_type_top95,tabpfn_v2_6,v2_6,train,52,BRCA,HNSCC,0,2,0.28300264,0.00021198681,0.30668792,0.20742945,0.20266798
ALL_core_cancer_type_top95,tabpfn_v2_6,v2_6,train,1614,HNSCC,HNSCC,2,2,4.2311698e-05,3.4147328e-05,0.9998204,5.577993e-05,4.7317586e-05
ALL_core_cancer_type_top95,tabpfn_v2_6,v2_6,train,2144,LSCC,LSCC,3,3,2.4017814e-05,1.70449e-05,3.265946e-05,0.999881,4.5294142e-05
ALL_core_cancer_type_top95,tabpfn_v2_6,v2_6,train,985,BRCA,BRCA,0,0,0.99992895,9.774467e-06,1.4125298e-05,2.0264139e-05,2.6998985e-05
ALL_core_cancer_type_top95,tabpfn_v2_6,v2_6,train,1318,ESCA,ESCA,1,1,2.9440083e-05,0.99984336,2.1573502e-05,3.4207707e-05,7.145478e-05
ALL_core_cancer_type_top95,tabpfn_v2_6,v2_6,train,138,BRCA,BRCA,0,0,0.99977785,2.7352455e-05,4.7017616e-05,7.156927e-05,7.62174e-05
ALL_core_cancer_type_top95,tabpfn_v2_6,v2_6,train,2047,LSCC,HNSCC,3,2,0.28300264,0.00021198681,0.30668792,0.20742945,0.20266798
ALL_core_cancer_type_top95,tabpfn_v2_6,v2_6,train,757,BRCA,BRCA,0,0,0.9999341,9.1785105e-06,1.3112158e-05,1.8357021e-05,2.5270703e-05
ALL_core_cancer_type_top95,tabpfn_v2_6,v2_6,train,433,BRCA,BRCA,0,0,0.9998902,1.2813592e-05,2.1753307e-05,3.2778957e-05,4.2433847e-05
ALL_core_cancer_type_top95,tabpfn_v2_6,v2_6,train,2736,LUAD,LUAD,4,4,2.7890917e-05,1.7402026e-05,3.3135362e-05,6.692628e-05,0.99985456
ALL_core_cancer_type_top95,tabpfn_v2_6,v2_6,train,919,BRCA,BRCA,0,0,0.9999461,7.3905776e-06,1.0191845e-05,1.5257967e-05,2.1039306e-05
ALL_core_cancer_type_top95,tabpfn_v2_6,v2_6,train,1435,HNSCC,HNSCC,2,2,0.28300264,0.00021198681,0.30668792,0.20742945,0.20266798
ALL_core_cancer_type_top95,tabpfn_v2_6,v2_6,train,1472,HNSCC,HNSCC,2,2,0.28300264,0.00021198681,0.30668792,0.20742945,0.20266798
ALL_core_cancer_type_top95,tabpfn_v2_6,v2_6,train,785,BRCA,BRCA,0,0,0.9999366,8.880529e-06,1.1502967e-05,1.6747843e-05,2.6462783e-05
ALL_core_cancer_type_top95,tabpfn_v2_6,v2_6,train,684,BRCA,BRCA,0,0,0.99993634,8.642123e-06,1.2635381e-05,1.7820654e-05,2.4615152e-05
ALL_core_cancer_type_top95,tabpfn_v2_6,v2_6,train,1040,BRCA,BRCA,0,0,0.9751051,0.0043182704,0.005672498,0.007286127,0.0076180086
ALL_core_cancer_type_top95,tabpfn_v2_6,v2_6,train,3058,LUAD,LUAD,4,4,3.081122e-05,1.7759658e-05,3.2837488e-05,6.0788094e-05,0.9998578
ALL_core_cancer_type_top95,tabpfn_v2_6,v2_6,train,471,BRCA,BRCA,0,0,0.99990654,1.2575405e-05,1.8714109e-05,2.7236778e-05,3.474626e-05
ALL_core_cancer_type_top95,tabpfn_v2_6,v2_6,train,3166,LUAD,LUAD,4,4,2.3362487e-05,1.20984305e-05,2.4256458e-05,4.875131e-05,0.9998915
ALL_core_cancer_type_top95,tabpfn_v2_6,v2_6,train,708,BRCA,BRCA,0,0,0.99993646,8.463322e-06,1.23969785e-05,1.740345e-05,2.5270763e-05
ALL_core_cancer_type_top95,tabpfn_v2_6,v2_6,train,2701,LUAD,HNSCC,4,2,0.28300264,0.00021198681,0.30668792,0.20742945,0.20266798
ALL_core_cancer_type_top95,tabpfn_v2_6,v2_6,train,790,BRCA,BRCA,0,0,0.9999151,1.1264322e-05,1.6449485e-05,2.4972227e-05,3.2243377e-05
ALL_core_cancer_type_top95,tabpfn_v2_6,v2_6,train,2550,LSCC,LSCC,3,3,5.5179607e-05,3.1343923e-05,7.484404e-05,0.999741,9.7607124e-05
ALL_core_cancer_type_top95,tabpfn_v2_6,v2_6,train,2460,LSCC,LSCC,3,3,2.7712395e-05,1.9547668e-05,3.9095336e-05,0.9998641,4.952473e-05
ALL_core_cancer_type_top95,tabpfn_v2_6,v2_6,train,778,BRCA,BRCA,0,0,0.9997991,3.283556e-05,4.1297717e-05,5.7745296e-05,6.918709e-05
ALL_core_cancer_type_top95,tabpfn_v2_6,v2_6,train,120,BRCA,HNSCC,0,2,0.28300264,0.00021198681,0.30668792,0.20742945,0.20266798
ALL_core_cancer_type_top95,tabpfn_v2_6,v2_6,train,756,BRCA,BRCA,0,0,0.99993527,9.4169245e-06,1.2754568e-05,1.7165026e-05,2.5389934e-05
ALL_core_cancer_type_top95,tabpfn_v2_6,v2_6,train,1050,BRCA,BRCA,0,0,0.99993837,8.224934e-06,1.2218199e-05,1.7403483e-05,2.3721186e-05
ALL_core_cancer_type_top95,tabpfn_v2_6,v2_6,train,2001,HNSCC,HNSCC,2,2,5.8636557e-05,4.4990447e-05,0.99975425,7.38916e-05,6.823055e-05
ALL_core_cancer_type_top95,tabpfn_v2_6,v2_6,train,1585,HNSCC,HNSCC,2,2,5.4525262e-05,5.0949835e-05,0.9997619,7.1151e-05,6.155694e-05
ALL_core_cancer_type_top95,tabpfn_v2_6,v2_6,train,1381,ESCA,LSCC,1,3,0.07753535,0.0052275313,0.07692484,0.43737265,0.40293962
ALL_core_cancer_type_top95,tabpfn_v2_6,v2_6,train,2298,LSCC,LSCC,3,3,3.051314e-05,2.0024248e-05,4.1419204e-05,0.99985456,5.3397995e-05
ALL_core_cancer_type_top95,tabpfn_v2_6,v2_6,train,1998,HNSCC,HNSCC,2,2,2.4077877e-05,1.7283624e-05,0.99990034,3.039534e-05,2.7951794e-05
ALL_core_cancer_type_top95,tabpfn_v2_6,v2_6,train,2957,LUAD,LUAD,4,4,2.6461252e-05,1.4541769e-05,2.6699641e-05,5.3637672e-05,0.99987864
ALL_core_cancer_type_top95,tabpfn_v2_6,v2_6,train,1419,HNSCC,HNSCC,2,2,0.28300264,0.00021198681,0.30668792,0.20742945,0.20266798
ALL_core_cancer_type_top95,tabpfn_v2_6,v2_6,train,4,BRCA,HNSCC,0,2,0.28300264,0.00021198681,0.30668792,0.20742945,0.20266798
ALL_core_cancer_type_top95,tabpfn_v2_6,v2_6,train,1314,ESCA,ESCA,1,1,5.252142e-05,0.9996969,4.1790598e-05,6.891574e-05,0.0001398584
ALL_core_cancer_type_top95,tabpfn_v2_6,v2_6,train,1243,ESCA,ESCA,1,1,4.4355755e-05,0.9997348,3.6545804e-05,5.920062e-05,0.00012507846
ALL_core_cancer_type_top95,tabpfn_v2_6,v2_6,train,2160,LSCC,LSCC,3,3,2.4733039e-05,1.5554995e-05,3.242114e-05,0.9998832,4.4102286e-05
ALL_core_cancer_type_top95,tabpfn_v2_6,v2_6,train,3164,LUAD,LUAD,4,4,3.349269e-05,1.9487741e-05,3.432703e-05,6.54359e-05,0.9998472
ALL_core_cancer_type_top95,tabpfn_v2_6,v2_6,train,2378,LSCC,LSCC,3,3,2.6282314e-05,1.8117515e-05,3.575825e-05,0.99987316,4.6724115e-05
ALL_core_cancer_type_top95,tabpfn_v2_6,v2_6,train,490,BRCA,BRCA,0,0,0.9999398,8.224946e-06,1.2039413e-05,1.6509493e-05,2.3482817e-05
ALL_core_cancer_type_top95,tabpfn_v2_6,v2_6,train,2910,LUAD,LUAD,4,4,2.2468514e-05,1.2158029e-05,2.3720075e-05,5.006247e-05,0.9998915
ALL_core_cancer_type_top95,tabpfn_v2_6,v2_6,train,695,BRCA,BRCA,0,0,0.99993944,8.403746e-06,1.1979808e-05,1.6449885e-05,2.3840414e-05
ALL_core_cancer_type_top95,tabpfn_v2_6,v2_6,train,1344,ESCA,ESCA,1,1,0.00040919476,0.9972372,0.00041921003,0.0007687902,0.0011655851
ALL_core_cancer_type_top95,tabpfn_v2_6,v2_6,train,446,BRCA,BRCA,0,0,0.9999269,9.953248e-06,1.4661671e-05,2.0383299e-05,2.8012137e-05
ALL_core_cancer_type_top95,tabpfn_v2_6,v2_6,train,348,BRCA,BRCA,0,0,0.9999436,7.4501604e-06,1.114544e-05,1.6569156e-05,2.1218057e-05
ALL_core_cancer_type_top95,tabpfn_v2_6,v2_6,train,1254,ESCA,ESCA,1,1,4.04035e-05,0.99979097,2.8961802e-05,4.5528428e-05,9.415565e-05
ALL_core_cancer_type_top95,tabpfn_v2_6,v2_6,train,2528,LSCC,LSCC,3,3,2.2110962e-05,1.4720775e-05,2.9501149e-05,0.9998932,4.0586427e-05
ALL_core_cancer_type_top95,tabpfn_v2_6,v2_6,train,426,BRCA,BRCA,0,0,0.99993443,9.297715e-06,1.3052561e-05,1.8655031e-05,2.4615105e-05
ALL_core_cancer_type_top95,tabpfn_v2_6,v2_6,train,2206,LSCC,LSCC,3,3,6.39088e-05,3.535254e-05,8.179373e-05,0.9997092,0.00010975383
ALL_core_cancer_type_top95,tabpfn_v2_6,v2_6,train,1133,BRCA,BRCA,0,0,0.99994767,6.913777e-06,1.0013056e-05,1.4125561e-05,2.1337346e-05
ALL_core_cancer_type_top95,tabpfn_v2_6,v2_6,train,2226,LSCC,LSCC,3,3,2.4077375e-05,1.5674132e-05,3.28382e-05,0.9998795,4.791636e-05
ALL_core_cancer_type_top95,tabpfn_v2_6,v2_6,train,2123,LSCC,HNSCC,3,2,0.28300264,0.00021198681,0.30668792,0.20742945,0.20266798
ALL_core_cancer_type_top95,tabpfn_v2_6,v2_6,train,2448,LSCC,LSCC,3,3,5.732548e-05,3.0510027e-05,6.5727654e-05,0.9997526,9.397327e-05
ALL_core_cancer_type_top95,tabpfn_v2_6,v2_6,train,585,BRCA,BRCA,0,0,0.99993205,9.178491e-06,1.3410134e-05,1.913179e-05,2.6283862e-05
ALL_core_cancer_type_top95,tabpfn_v2_6,v2_6,train,2287,LSCC,LSCC,3,3,2.169379e-05,1.5376367e-05,2.9024382e-05,0.9998939,4.0050072e-05
ALL_core_cancer_type_top95,tabpfn_v2_6,v2_6,train,389,BRCA,BRCA,0,0,0.9999423,7.6289543e-06,1.14434315e-05,1.5973123e-05,2.270806e-05
ALL_core_cancer_type_top95,tabpfn_v2_6,v2_6,train,813,BRCA,BRCA,0,0,0.99993074,9.536083e-06,1.3588918e-05,1.9787372e-05,2.6343429e-05
ALL_core_cancer_type_top95,tabpfn_v2_6,v2_6,train,2806,LUAD,LUAD,4,4,4.9305338e-05,3.4937035e-05,5.014001e-05,0.000104572624,0.99976104
ALL_core_cancer_type_top95,tabpfn_v2_6,v2_6,train,2923,LUAD,LUAD,4,4,3.045361e-05,1.7700044e-05,3.2360684e-05,6.2814295e-05,0.9998567
ALL_core_cancer_type_top95,tabpfn_v2_6,v2_6,train,1505,HNSCC,HNSCC,2,2,2.8010938e-05,2.1216794e-05,0.9998841,3.42687e-05,3.236157e-05
ALL_core_cancer_type_top95,tabpfn_v2_6,v2_6,train,694,BRCA,BRCA,0,0,0.99994254,7.688557e-06,1.0847422e-05,1.5973126e-05,2.300607e-05
ALL_core_cancer_type_top95,tabpfn_v2_6,v2_6,train,579,BRCA,BRCA,0,0,0.9999325,9.059295e-06,1.3231338e-05,1.8774197e-05,2.6403077e-05
ALL_core_cancer_type_top95,tabpfn_v2_6,v2_6,train,1648,HNSCC,HNSCC,2,2,4.6184396e-05,3.742426e-05,0.99980074,6.0903807e-05,5.476575e-05
ALL_core_cancer_type_top95,tabpfn_v2_6,v2_6,train,2082,LSCC,HNSCC,3,2,0.28300264,0.00021198681,0.30668792,0.20742945,0.20266798
ALL_core_cancer_type_top95,tabpfn_v2_6,v2_6,train,973,BRCA,BRCA,0,0,0.9999447,7.211763e-06,1.0728243e-05,1.543675e-05,2.1933296e-05
ALL_core_cancer_type_top95,tabpfn_v2_6,v2_6,train,2754,LUAD,LUAD,4,4,2.8070184e-05,1.5971995e-05,2.8070184e-05,5.6259563e-05,0.9998716
ALL_core_cancer_type_top95,tabpfn_v2_6,v2_6,train,1470,HNSCC,HNSCC,2,2,0.28300264,0.00021198681,0.30668792,0.20742945,0.20266798
ALL_core_cancer_type_top95,tabpfn_v2_6,v2_6,train,1667,HNSCC,HNSCC,2,2,2.4971761e-05,1.7879544e-05,0.9998965,3.1527594e-05,2.9143655e-05
ALL_core_cancer_type_top95,tabpfn_v2_6,v2_6,train,1212,ESCA,ESCA,1,1,3.831839e-05,0.99980706,2.6816915e-05,4.266869e-05,8.509901e-05
ALL_core_cancer_type_top95,tabpfn_v2_6,v2_6,train,2429,LSCC,LSCC,3,3,2.461381e-05,1.6687329e-05,3.0275583e-05,0.99988186,4.6605328e-05
ALL_core_cancer_type_top95,tabpfn_v2_6,v2_6,train,1657,HNSCC,HNSCC,2,2,3.0275327e-05,2.4196423e-05,0.9998734,3.784416e-05,3.4387525e-05
ALL_core_cancer_type_top95,tabpfn_v2_6,v2_6,train,558,BRCA,BRCA,0,0,0.99979955,2.8902457e-05,4.1357333e-05,5.9115955e-05,7.109409e-05
ALL_core_cancer_type_top95,tabpfn_v2_6,v2_6,train,3178,LUAD,LUAD,4,4,2.2647362e-05,1.2277254e-05,2.342214e-05,4.7738256e-05,0.9998939
ALL_core_cancer_type_top95,tabpfn_v2_6,v2_6,train,3054,LUAD,LUAD,4,4,2.3719973e-05,1.406511e-05,2.467354e-05,5.030065e-05,0.9998872
ALL_core_cancer_type_top95,tabpfn_v2_6,v2_6,train,800,BRCA,BRCA,0,0,0.99993443,8.999711e-06,1.2873759e-05,1.7880222e-05,2.5687918e-05
ALL_core_cancer_type_top95,tabpfn_v2_6,v2_6,train,2194,LSCC,LSCC,3,3,5.0116323e-05,2.7471611e-05,6.078317e-05,0.9997769,8.4679305e-05
ALL_core_cancer_type_top95,tabpfn_v2_6,v2_6,train,721,BRCA,BRCA,0,0,0.99993324,9.238103e-06,1.3112147e-05,1.8535808e-05,2.5807089e-05
ALL_core_cancer_type_top95,tabpfn_v2_6,v2_6,train,9,BRCA,HNSCC,0,2,0.28300264,0.00021198681,0.30668792,0.20742945,0.20266798
ALL_core_cancer_type_top95,tabpfn_v2_6,v2_6,train,2928,LUAD,LUAD,4,4,2.4792535e-05,1.4362983e-05,2.7295628e-05,5.447206e-05,0.9998791
ALL_core_cancer_type_top95,tabpfn_v2_6,v2_6,train,1417,HNSCC,HNSCC,2,2,0.28300264,0.00021198681,0.30668792,0.20742945,0.20266798
ALL_core_cancer_type_top95,tabpfn_v2_6,v2_6,train,2133,LSCC,LSCC,3,3,2.7652948e-05,1.7700271e-05,3.653288e-05,0.9998696,4.8511854e-05
ALL_core_cancer_type_top95,tabpfn_v2_6,v2_6,train,578,BRCA,BRCA,0,0,0.9999325,8.940094e-06,1.335054e-05,1.8416593e-05,2.6641479e-05
ALL_core_cancer_type_top95,tabpfn_v2_6,v2_6,train,509,BRCA,BRCA,0,0,0.99994564,7.1521686e-06,1.0668651e-05,1.4781149e-05,2.1754513e-05
ALL_core_cancer_type_top95,tabpfn_v2_6,v2_6,train,3097,LUAD,LUAD,4,4,2.2408958e-05,1.2992428e-05,2.300494e-05,4.8095822e-05,0.9998934
ALL_core_cancer_type_top95,tabpfn_v2_6,v2_6,train,1756,HNSCC,HNSCC,2,2,2.0979005e-05,1.4661463e-05,0.99991274,2.670055e-05,2.4852969e-05
ALL_core_cancer_type_top95,tabpfn_v2_6,v2_6,train,2710,LUAD,HNSCC,4,2,0.28300264,0.00021198681,0.30668792,0.20742945,0.20266798
ALL_core_cancer_type_top95,tabpfn_v2_6,v2_6,train,2154,LSCC,LSCC,3,3,4.8149832e-05,2.9080591e-05,6.161748e-05,0.9997774,8.3725885e-05
ALL_core_cancer_type_top95,tabpfn_v2_6,v2_6,train,2014,HNSCC,HNSCC,2,2,8.864204e-05,6.360529e-05,0.9996237,0.00011814965,0.00010586971
ALL_core_cancer_type_top95,tabpfn_v2_6,v2_6,train,3132,LUAD,LUAD,4,4,2.2170703e-05,1.1740936e-05,2.1038328e-05,4.541418e-05,0.9998996
ALL_core_cancer_type_top95,tabpfn_v2_6,v2_6,train,2301,LSCC,LSCC,3,3,3.2300457e-05,2.085823e-05,4.839109e-05,0.99983716,6.13232e-05
ALL_core_cancer_type_top95,tabpfn_v2_6,v2_6,train,531,BRCA,BRCA,0,0,0.9999429,7.748162e-06,1.1324236e-05,1.6032734e-05,2.205246e-05
ALL_core_cancer_type_top95,tabpfn_v2_6,v2_6,train,2211,LSCC,LSCC,3,3,2.8844666e-05,1.8236504e-05,3.7903323e-05,0.99986196,5.304081e-05
ALL_core_cancer_type_top95,tabpfn_v2_6,v2_6,train,2295,LSCC,LSCC,3,3,2.7712424e-05,1.7700193e-05,3.7903443e-05,0.9998652,5.1491472e-05
ALL_core_cancer_type_top95,tabpfn_v2_6,v2_6,train,2424,LSCC,LSCC,3,3,3.8438408e-05,2.0798456e-05,4.8509864e-05,0.9998286,6.364685e-05
ALL_core_cancer_type_top95,tabpfn_v2_6,v2_6,train,2615,LUAD,HNSCC,4,2,0.28300264,0.00021198681,0.30668792,0.20742945,0.20266798
ALL_core_cancer_type_top95,tabpfn_v2_6,v2_6,train,3147,LUAD,LUAD,4,4,3.4028497e-05,1.9725801e-05,3.772336e-05,7.765172e-05,0.99983084
ALL_core_cancer_type_top95,tabpfn_v2_6,v2_6,train,1319,ESCA,ESCA,1,1,4.2726813e-05,0.9997726,3.1583277e-05,4.981815e-05,0.00010333095
ALL_core_cancer_type_top95,tabpfn_v2_6,v2_6,train,1271,ESCA,ESCA,1,1,6.9566966e-05,0.99963164,6.3188505e-05,7.737611e-05,0.0001582097
ALL_core_cancer_type_top95,tabpfn_v2_6,v2_6,train,692,BRCA,BRCA,0,0,0.99992514,1.03704315e-05,1.4721245e-05,2.1456066e-05,2.8369686e-05
ALL_core_cancer_type_top95,tabpfn_v2_6,v2_6,train,1410,HNSCC,HNSCC,2,2,0.28300264,0.00021198681,0.30668792,0.20742945,0.20266798
ALL_core_cancer_type_top95,tabpfn_v2_6,v2_6,train,1650,HNSCC,LSCC,2,3,0.11031535,0.0014232023,0.11562661,0.42245835,0.35017648
ALL_core_cancer_type_top95,tabpfn_v2_6,v2_6,train,567,BRCA,BRCA,0,0,0.99993396,9.059308e-06,1.3231357e-05,1.853582e-05,2.52111e-05
ALL_core_cancer_type_top95,tabpfn_v2_6,v2_6,train,1809,HNSCC,HNSCC,2,2,2.6580716e-05,1.9667345e-05,0.9998888,3.337489e-05,3.1586947e-05
ALL_core_cancer_type_top95,tabpfn_v2_6,v2_6,train,3109,LUAD,LUAD,4,4,3.2419917e-05,1.9428113e-05,3.450576e-05,6.817718e-05,0.9998455
ALL_core_cancer_type_top95,tabpfn_v2_6,v2_6,train,1498,HNSCC,HNSCC,2,2,0.0001296967,9.9775854e-05,0.9994885,0.0001442399,0.00013780274
ALL_core_cancer_type_top95,tabpfn_v2_6,v2_6,train,2746,LUAD,LUAD,4,4,2.7533479e-05,1.7163728e-05,3.230118e-05,6.347003e-05,0.9998596
ALL_core_cancer_type_top95,tabpfn_v2_6,v2_6,train,635,BRCA,BRCA,0,0,0.9999356,8.701718e-06,1.2873775e-05,1.776104e-05,2.4972738e-05
ALL_core_cancer_type_top95,tabpfn_v2_6,v2_6,train,2727,LUAD,LUAD,4,4,2.5984351e-05,1.4005327e-05,2.789146e-05,5.8107205e-05,0.999874
ALL_core_cancer_type_top95,tabpfn_v2_6,v2_6,train,1619,HNSCC,LUAD,2,4,0.12623009,0.0016347194,0.12818336,0.35769263,0.3862592
ALL_core_cancer_type_top95,tabpfn_v2_6,v2_6,train,537,BRCA,BRCA,0,0,0.9998965,1.2396484e-05,2.157465e-05,3.063362e-05,3.8917806e-05
ALL_core_cancer_type_top95,tabpfn_v2_6,v2_6,train,720,BRCA,BRCA,0,0,0.9999232,1.10260125e-05,1.4959617e-05,2.1158025e-05,2.9621235e-05
ALL_core_cancer_type_top95,tabpfn_v2_6,v2_6,train,2356,LSCC,LSCC,3,3,2.7772196e-05,1.7104336e-05,3.5936984e-05,0.9998715,4.7737187e-05
ALL_core_cancer_type_top95,tabpfn_v2_6,v2_6,train,2132,LSCC,LSCC,3,3,2.3123972e-05,1.5495445e-05,3.1229283e-05,0.9998863,4.386403e-05
ALL_core_cancer_type_top95,tabpfn_v2_6,v2_6,train,1099,BRCA,BRCA,0,0,0.99994636,7.330978e-06,1.0668659e-05,1.4840761e-05,2.0800906e-05
ALL_core_cancer_type_top95,tabpfn_v2_6,v2_6,train,2571,LSCC,LSCC,3,3,2.5150111e-05,1.7164057e-05,3.4030127e-05,0.99987876,4.4936452e-05
ALL_core_cancer_type_top95,tabpfn_v2_6,v2_6,train,2209,LSCC,LSCC,3,3,4.868596e-05,2.82462e-05,6.358375e-05,0.99977344,8.604961e-05
ALL_core_cancer_type_top95,tabpfn_v2_6,v2_6,train,453,BRCA,BRCA,0,0,0.9999378,8.522934e-06,1.2396995e-05,1.6867065e-05,2.4376783e-05
ALL_core_cancer_type_top95,tabpfn_v2_6,v2_6,train,1196,BRCA,BRCA,0,0,0.99984694,2.1275602e-05,3.2777538e-05,4.6365316e-05,5.268244e-05
ALL_core_cancer_type_top95,tabpfn_v2_6,v2_6,train,113,BRCA,HNSCC,0,2,0.28300264,0.00021198681,0.30668792,0.20742945,0.20266798
ALL_core_cancer_type_top95,tabpfn_v2_6,v2_6,train,2669,LUAD,HNSCC,4,2,0.28300264,0.00021198681,0.30668792,0.20742945,0.20266798
ALL_core_cancer_type_top95,tabpfn_v2_6,v2_6,train,909,BRCA,BRCA,0,0,0.9998683,2.2229604e-05,2.5447831e-05,3.6711626e-05,4.7319856e-05
ALL_core_cancer_type_top95,tabpfn_v2_6,v2_6,train,3023,LUAD,LUAD,4,4,2.6461232e-05,1.495894e-05,2.7712777e-05,5.2922464e-05,0.9998779
ALL_core_cancer_type_top95,tabpfn_v2_6,v2_6,train,715,BRCA,BRCA,0,0,0.99992895,9.655267e-06,1.3827295e-05,1.9727735e-05,2.7833392e-05
ALL_core_cancer_type_top95,tabpfn_v2_6,v2_6,train,2893,LUAD,LUAD,4,4,3.4445835e-05,2.2586455e-05,3.5578138e-05,7.133506e-05,0.99983597
ALL_core_cancer_type_top95,tabpfn_v2_6,v2_6,train,559,BRCA,BRCA,0,0,0.99993634,9.11893e-06,1.2873784e-05,1.7045842e-05,2.4674751e-05
ALL_core_cancer_type_top95,tabpfn_v2_6,v2_6,train,306,BRCA,BRCA,0,0,0.9999293,9.416868e-06,1.4244503e-05,2.0919751e-05,2.6104988e-05
ALL_core_cancer_type_top95,tabpfn_v2_6,v2_6,train,971,BRCA,BRCA,0,0,0.9999409,7.98655e-06,1.1562617e-05,1.6688315e-05,2.2946431e-05
ALL_core_cancer_type_top95,tabpfn_v2_6,v2_6,train,1343,ESCA,ESCA,1,1,6.84315e-05,0.99959016,6.1099556e-05,9.310977e-05,0.00018717328
ALL_core_cancer_type_top95,tabpfn_v2_6,v2_6,train,2708,LUAD,HNSCC,4,2,0.28300264,0.00021198681,0.30668792,0.20742945,0.20266798
ALL_core_cancer_type_top95,tabpfn_v2_6,v2_6,train,16,BRCA,HNSCC,0,2,0.28300264,0.00021198681,0.30668792,0.20742945,0.20266798
ALL_core_cancer_type_top95,tabpfn_v2_6,v2_6,train,144,BRCA,BRCA,0,0,0.99993205,8.582486e-06,1.3588936e-05,1.9727797e-05,2.5985859e-05
ALL_core_cancer_type_top95,tabpfn_v2_6,v2_6,train,933,BRCA,BRCA,0,0,0.9999298,9.595674e-06,1.3588905e-05,1.9966154e-05,2.705861e-05
ALL_core_cancer_type_top95,tabpfn_v2_6,v2_6,train,1797,HNSCC,HNSCC,2,2,3.4208002e-05,2.7414078e-05,0.99985194,4.5233228e-05,4.124031e-05
ALL_core_cancer_type_top95,tabpfn_v2_6,v2_6,train,2790,LUAD,LUAD,4,4,4.350217e-05,2.7650694e-05,4.7435242e-05,9.338069e-05,0.9997881
ALL_core_cancer_type_top95,tabpfn_v2_6,v2_6,train,1912,HNSCC,HNSCC,2,2,2.6759615e-05,1.8594654e-05,0.9998927,3.1885065e-05,2.997792e-05
ALL_core_cancer_type_top95,tabpfn_v2_6,v2_6,train,885,BRCA,BRCA,0,0,0.99988437,1.5853002e-05,2.2349157e-05,3.18252e-05,4.565188e-05
ALL_core_cancer_type_top95,tabpfn_v2_6,v2_6,train,2317,LSCC,LSCC,3,3,2.1455431e-05,1.4959203e-05,2.8964832e-05,0.9998956,3.9036964e-05
ALL_core_cancer_type_top95,tabpfn_v2_6,v2_6,train,1087,BRCA,BRCA,0,0,0.99980074,2.4730998e-05,4.0880637e-05,6.233403e-05,7.127295e-05
ALL_core_cancer_type_top95,tabpfn_v2_6,v2_6,train,355,BRCA,BRCA,0,0,0.9999287,9.536064e-06,1.4006093e-05,2.0204534e-05,2.7416183e-05
ALL_core_cancer_type_top95,tabpfn_v2_6,v2_6,train,1489,HNSCC,HNSCC,2,2,0.28300264,0.00021198681,0.30668792,0.20742945,0.20266798
ALL_core_cancer_type_top95,tabpfn_v2_6,v2_6,train,124,BRCA,BRCA,0,0,0.9999182,1.03703605e-05,1.543634e-05,2.1455917e-05,3.4567867e-05
ALL_core_cancer_type_top95,tabpfn_v2_6,v2_6,train,1311,ESCA,ESCA,1,1,3.5041165e-05,0.9998184,2.5088997e-05,3.962989e-05,8.206069e-05
ALL_core_cancer_type_top95,tabpfn_v2_6,v2_6,train,2958,LUAD,LUAD,4,4,6.414642e-05,3.594823e-05,7.177723e-05,0.00013210825,0.999696
ALL_core_cancer_type_top95,tabpfn_v2_6,v2_6,train,2998,LUAD,LUAD,4,4,3.116856e-05,1.7521143e-05,3.2241285e-05,6.8773465e-05,0.9998503
ALL_core_cancer_type_top95,tabpfn_v2_6,v2_6,train,2027,LSCC,HNSCC,3,2,0.28300264,0.00021198681,0.30668792,0.20742945,0.20266798
ALL_core_cancer_type_top95,tabpfn_v2_6,v2_6,train,407,BRCA,BRCA,0,0,0.99991775,1.1204752e-05,1.591313e-05,2.30651e-05,3.1945463e-05
ALL_core_cancer_type_top95,tabpfn_v2_6,v2_6,train,2319,LSCC,LSCC,3,3,2.3064342e-05,1.6448988e-05,3.1825217e-05,0.99988484,4.386397e-05
ALL_core_cancer_type_top95,tabpfn_v2_6,v2_6,train,661,BRCA,BRCA,0,0,0.99993813,8.463336e-06,1.2277797e-05,1.7582282e-05,2.3482777e-05
ALL_core_cancer_type_top95,tabpfn_v2_6,v2_6,train,1800,HNSCC,HNSCC,2,2,2.4316209e-05,1.7998762e-05,0.9998977,3.1348838e-05,2.8547705e-05
ALL_core_cancer_type_top95,tabpfn_v2_6,v2_6,train,2274,LSCC,LSCC,3,3,2.3064433e-05,1.591267e-05,3.1169762e-05,0.9998888,4.1122632e-05
ALL_core_cancer_type_top95,tabpfn_v2_6,v2_6,train,2026,LSCC,HNSCC,3,2,0.28300264,0.00021198681,0.30668792,0.20742945,0.20266798
ALL_core_cancer_type_top95,tabpfn_v2_6,v2_6,train,1439,HNSCC,HNSCC,2,2,0.28300264,0.00021198681,0.30668792,0.20742945,0.20266798
ALL_core_cancer_type_top95,tabpfn_v2_6,v2_6,train,2254,LSCC,LSCC,3,3,2.3838982e-05,1.5793326e-05,3.4566525e-05,0.99987936,4.6486013e-05
ALL_core_cancer_type_top95,tabpfn_v2_6,v2_6,train,285,BRCA,BRCA,0,0,0.9998988,1.2634906e-05,1.9846339e-05,2.9560912e-05,3.9215887e-05
ALL_core_cancer_type_top95,tabpfn_v2_6,v2_6,train,1982,HNSCC,HNSCC,2,2,2.8845114e-05,2.2706587e-05,0.99987745,3.8142298e-05,3.2838136e-05
ALL_core_cancer_type_top95,tabpfn_v2_6,v2_6,train,76,BRCA,HNSCC,0,2,0.28300264,0.00021198681,0.30668792,0.20742945,0.20266798
ALL_core_cancer_type_top95,tabpfn_v2_6,v2_6,train,2936,LUAD,LUAD,4,4,2.5626872e-05,1.4601357e-05,2.771278e-05,5.3995223e-05,0.99987805
ALL_core_cancer_type_top95,tabpfn_v2_6,v2_6,train,1057,BRCA,BRCA,0,0,0.99991107,1.1860269e-05,1.8058601e-05,2.6521708e-05,3.2481643e-05
ALL_core_cancer_type_top95,tabpfn_v2_6,v2_6,train,164,BRCA,BRCA,0,0,0.99994683,7.152177e-06,1.0311055e-05,1.4900369e-05,2.0800915e-05
ALL_core_cancer_type_top95,tabpfn_v2_6,v2_6,train,2638,LUAD,HNSCC,4,2,0.28300264,0.00021198681,0.30668792,0.20742945,0.20266798
ALL_core_cancer_type_top95,tabpfn_v2_6,v2_6,train,1413,HNSCC,HNSCC,2,2,0.28300264,0.00021198681,0.30668792,0.20742945,0.20266798
ALL_core_cancer_type_top95,tabpfn_v2_6,v2_6,train,3083,LUAD,LUAD,4,4,2.2587768e-05,1.2217659e-05,2.3958532e-05,4.7023088e-05,0.99989414
ALL_core_cancer_type_top95,tabpfn_v2_6,v2_6,train,1594,HNSCC,HNSCC,2,2,2.6044418e-05,1.9667408e-05,0.999892,3.194464e-05,3.0275889e-05
ALL_core_cancer_type_top95,tabpfn_v2_6,v2_6,train,1418,HNSCC,HNSCC,2,2,0.28300264,0.00021198681,0.30668792,0.20742945,0.20266798
ALL_core_cancer_type_top95,tabpfn_v2_6,v2_6,train,1792,HNSCC,HNSCC,2,2,2.318395e-05,1.7641256e-05,0.9999026,2.878624e-05,2.777306e-05
ALL_core_cancer_type_top95,tabpfn_v2_6,v2_6,train,1960,HNSCC,HNSCC,2,2,2.735541e-05,2.0442061e-05,0.9998859,3.456675e-05,3.1706055e-05
ALL_core_cancer_type_top95,tabpfn_v2_6,v2_6,train,920,BRCA,BRCA,0,0,0.9998872,1.579345e-05,2.1634047e-05,3.1706095e-05,4.368528e-05
ALL_core_cancer_type_top95,tabpfn_v2_6,v2_6,train,142,BRCA,BRCA,0,0,0.99993753,8.701734e-06,1.2158588e-05,1.7641873e-05,2.389997e-05
ALL_core_cancer_type_top95,tabpfn_v2_6,v2_6,train,1013,BRCA,BRCA,0,0,0.9999342,9.05931e-06,1.317176e-05,1.8595425e-05,2.5032303e-05
ALL_core_cancer_type_top95,tabpfn_v2_6,v2_6,train,2270,LSCC,LSCC,3,3,2.068076e-05,1.460169e-05,2.7117423e-05,0.9999008,3.671282e-05
ALL_core_cancer_type_top95,tabpfn_v2_6,v2_6,train,656,BRCA,BRCA,0,0,0.9998828,1.6866137e-05,2.318349e-05,3.3970668e-05,4.3148706e-05
ALL_core_cancer_type_top95,tabpfn_v2_6,v2_6,train,74,BRCA,HNSCC,0,2,0.28300264,0.00021198681,0.30668792,0.20742945,0.20266798
ALL_core_cancer_type_top95,tabpfn_v2_6,v2_6,train,2545,LSCC,LSCC,3,3,3.4625016e-05,1.889179e-05,4.1478503e-05,0.9998474,5.7509707e-05
ALL_core_cancer_type_top95,tabpfn_v2_6,v2_6,train,1513,HNSCC,HNSCC,2,2,2.223049e-05,1.6389771e-05,0.9999081,2.7713613e-05,2.5627642e-05
ALL_core_cancer_type_top95,tabpfn_v2_6,v2_6,train,345,BRCA,BRCA,0,0,0.9999311,9.5360865e-06,1.3708123e-05,1.9250974e-05,2.6522239e-05
ALL_core_cancer_type_top95,tabpfn_v2_6,v2_6,train,1889,HNSCC,HNSCC,2,2,0.00010704747,0.00012993513,0.9994886,0.00015914072,0.000115213115
ALL_core_cancer_type_top95,tabpfn_v2_6,v2_6,train,10,BRCA,HNSCC,0,2,0.28300264,0.00021198681,0.30668792,0.20742945,0.20266798
ALL_core_cancer_type_top95,tabpfn_v2_6,v2_6,train,3035,LUAD,LUAD,4,4,3.867605e-05,2.347976e-05,4.3920263e-05,8.4264924e-05,0.9998097
ALL_core_cancer_type_top95,tabpfn_v2_6,v2_6,train,710,BRCA,BRCA,0,0,0.9999424,7.748157e-06,1.0907022e-05,1.5973124e-05,2.3006069e-05
ALL_core_cancer_type_top95,tabpfn_v2_6,v2_6,train,2310,LSCC,LSCC,3,3,4.2132353e-05,2.2883767e-05,5.5242843e-05,0.99980706,7.270363e-05
ALL_core_cancer_type_top95,tabpfn_v2_6,v2_6,train,2991,LUAD,LUAD,4,4,2.0859541e-05,1.1264153e-05,2.1574726e-05,4.6129386e-05,0.9999001
ALL_core_cancer_type_top95,tabpfn_v2_6,v2_6,train,3153,LUAD,LUAD,4,4,2.6699123e-05,1.6329373e-05,3.218198e-05,6.555588e-05,0.9998592
ALL_core_cancer_type_top95,tabpfn_v2_6,v2_6,train,183,BRCA,BRCA,0,0,0.99994135,7.926953e-06,1.1324219e-05,1.6449918e-05,2.3006043e-05
ALL_core_cancer_type_top95,tabpfn_v2_6,v2_6,train,2699,LUAD,HNSCC,4,2,0.28300264,0.00021198681,0.30668792,0.20742945,0.20266798
ALL_core_cancer_type_top95,tabpfn_v2_6,v2_6,train,839,BRCA,BRCA,0,0,0.9999343,8.820908e-06,1.2396952e-05,1.8118622e-05,2.6343523e-05
ALL_core_cancer_type_top95,tabpfn_v2_6,v2_6,train,23,BRCA,HNSCC,0,2,0.28300264,0.00021198681,0.30668792,0.20742945,0.20266798
ALL_core_cancer_type_top95,tabpfn_v2_6,v2_6,train,2276,LSCC,LSCC,3,3,7.868892e-05,4.2205877e-05,9.710928e-05,0.9996488,0.00013317504
ALL_core_cancer_type_top95,tabpfn_v2_6,v2_6,train,1512,HNSCC,HNSCC,2,2,2.8606755e-05,2.2170234e-05,0.9998785,3.7069585e-05,3.3612938e-05
ALL_core_cancer_type_top95,tabpfn_v2_6,v2_6,train,1109,BRCA,BRCA,0,0,0.9999026,1.2992547e-05,1.9488822e-05,2.9501425e-05,3.540171e-05
ALL_core_cancer_type_top95,tabpfn_v2_6,v2_6,train,782,BRCA,BRCA,0,0,0.9999316,9.357289e-06,1.3708131e-05,1.9429785e-05,2.5926247e-05
ALL_core_cancer_type_top95,tabpfn_v2_6,v2_6,train,890,BRCA,BRCA,0,0,0.99993825,8.2249335e-06,1.2277798e-05,1.7701486e-05,2.3601982e-05
ALL_core_cancer_type_top95,tabpfn_v2_6,v2_6,train,1205,BRCA,BRCA,0,0,0.9999416,7.986556e-06,1.1383822e-05,1.6151915e-05,2.2946448e-05
ALL_core_cancer_type_top95,tabpfn_v2_6,v2_6,train,277,BRCA,BRCA,0,0,0.9999366,8.582525e-06,1.3231392e-05,1.7939861e-05,2.3601942e-05
ALL_core_cancer_type_top95,tabpfn_v2_6,v2_6,train,1116,BRCA,BRCA,0,0,0.9998148,2.3122318e-05,3.7305595e-05,5.6494737e-05,6.835387e-05
ALL_core_cancer_type_top95,tabpfn_v2_6,v2_6,train,1411,HNSCC,HNSCC,2,2,0.28300264,0.00021198681,0.30668792,0.20742945,0.20266798
ALL_core_cancer_type_top95,tabpfn_v2_6,v2_6,train,96,BRCA,HNSCC,0,2,0.28300264,0.00021198681,0.30668792,0.20742945,0.20266798
ALL_core_cancer_type_top95,tabpfn_v2_6,v2_6,train,1429,HNSCC,HNSCC,2,2,0.28300264,0.00021198681,0.30668792,0.20742945,0.20266798
ALL_core_cancer_type_top95,tabpfn_v2_6,v2_6,train,287,BRCA,BRCA,0,0,0.99992824,9.893661e-06,1.454249e-05,2.0860129e-05,2.6522164e-05
ALL_core_cancer_type_top95,tabpfn_v2_6,v2_6,train,2227,LSCC,LSCC,3,3,3.2122e-05,2.1692778e-05,4.4041106e-05,0.9998473,5.4827902e-05
ALL_core_cancer_type_top95,tabpfn_v2_6,v2_6,train,2965,LUAD,LUAD,4,4,3.718689e-05,2.2407485e-05,4.0166608e-05,7.252635e-05,0.9998276
ALL_core_cancer_type_top95,tabpfn_v2_6,v2_6,train,945,BRCA,BRCA,0,0,0.9999356,9.059323e-06,1.2635372e-05,1.6747827e-05,2.592635e-05
ALL_core_cancer_type_top95,tabpfn_v2_6,v2_6,train,2244,LSCC,LSCC,3,3,3.1228203e-05,1.9726212e-05,4.076353e-05,0.9998517,5.6496825e-05
ALL_core_cancer_type_top95,tabpfn_v2_6,v2_6,train,917,BRCA,BRCA,0,0,0.99990416,1.3052167e-05,1.8833263e-05,2.7534707e-05,3.6355348e-05
ALL_core_cancer_type_top95,tabpfn_v2_6,v2_6,train,893,BRCA,BRCA,0,0,0.9999366,8.582525e-06,1.2635383e-05,1.782066e-05,2.4257552e-05
ALL_core_cancer_type_top95,tabpfn_v2_6,v2_6,train,1241,ESCA,ESCA,1,1,4.2628144e-05,0.9997655,3.1836964e-05,5.2703886e-05,0.0001073156
ALL_core_cancer_type_top95,tabpfn_v2_6,v2_6,train,2769,LUAD,LUAD,4,4,2.5030899e-05,1.2336657e-05,2.8427949e-05,5.614073e-05,0.99987805
ALL_core_cancer_type_top95,tabpfn_v2_6,v2_6,train,499,BRCA,BRCA,0,0,0.9999229,1.0430008e-05,1.5019212e-05,2.1217616e-05,3.0396024e-05
ALL_core_cancer_type_top95,tabpfn_v2_6,v2_6,train,533,BRCA,BRCA,0,0,0.99990904,1.27542335e-05,1.841616e-05,2.5746866e-05,3.397156e-05
ALL_core_cancer_type_top95,tabpfn_v2_6,v2_6,train,636,BRCA,BRCA,0,0,0.9999435,7.509761e-06,1.0609027e-05,1.5496333e-05,2.288689e-05
ALL_core_cancer_type_top95,tabpfn_v2_6,v2_6,train,2974,LUAD,LUAD,4,4,2.3779588e-05,1.3409543e-05,2.4554362e-05,5.0360282e-05,0.99988794
ALL_core_cancer_type_top95,tabpfn_v2_6,v2_6,train,151,BRCA,BRCA,0,0,0.9999323,8.999692e-06,1.3588939e-05,1.9131796e-05,2.6045465e-05
ALL_core_cancer_type_top95,tabpfn_v2_6,v2_6,train,3165,LUAD,LUAD,4,4,2.4673462e-05,1.418426e-05,2.5090645e-05,5.202882e-05,0.999884
ALL_core_cancer_type_top95,tabpfn_v2_6,v2_6,train,1437,HNSCC,HNSCC,2,2,0.28300264,0.00021198681,0.30668792,0.20742945,0.20266798
ALL_core_cancer_type_top95,tabpfn_v2_6,v2_6,train,2376,LSCC,LSCC,3,3,2.9261866e-05,1.8951676e-05,3.8856895e-05,0.9998628,5.0180224e-05
ALL_core_cancer_type_top95,tabpfn_v2_6,v2_6,train,924,BRCA,BRCA,0,0,0.9999447,7.0925603e-06,1.0787844e-05,1.5615553e-05,2.1754491e-05
ALL_core_cancer_type_top95,tabpfn_v2_6,v2_6,train,1700,HNSCC,HNSCC,2,2,2.6044423e-05,1.978661e-05,0.99989223,3.182545e-05,3.01567e-05
ALL_core_cancer_type_top95,tabpfn_v2_6,v2_6,train,2825,LUAD,LUAD,4,4,4.219124e-05,2.6160953e-05,4.1535728e-05,9.975726e-05,0.9997904
ALL_core_cancer_type_top95,tabpfn_v2_6,v2_6,train,2656,LUAD,HNSCC,4,2,0.28300264,0.00021198681,0.30668792,0.20742945,0.20266798
ALL_core_cancer_type_top95,tabpfn_v2_6,v2_6,train,2222,LSCC,LSCC,3,3,3.6412483e-05,2.1811733e-05,4.541131e-05,0.99983644,5.9833277e-05
ALL_core_cancer_type_top95,tabpfn_v2_6,v2_6,train,2294,LSCC,LSCC,3,3,7.100317e-05,3.541216e-05,7.636865e-05,0.9997093,0.00010790573
ALL_core_cancer_type_top95,tabpfn_v2_6,v2_6,train,1915,HNSCC,HNSCC,2,2,2.5388934e-05,1.8594712e-05,0.9998958,3.1110383e-05,2.9143635e-05
ALL_core_cancer_type_top95,tabpfn_v2_6,v2_6,train,2819,LUAD,LUAD,4,4,2.9321362e-05,1.6150587e-05,3.0692074e-05,6.454275e-05,0.99985933
ALL_core_cancer_type_top95,tabpfn_v2_6,v2_6,train,1188,BRCA,BRCA,0,0,0.999923,1.066841e-05,1.4721214e-05,2.199242e-05,2.9502027e-05
ALL_core_cancer_type_top95,tabpfn_v2_6,v2_6,train,1118,BRCA,BRCA,0,0,0.99992526,9.953232e-06,1.5138448e-05,2.1217667e-05,2.836969e-05
ALL_core_cancer_type_top95,tabpfn_v2_6,v2_6,train,211,BRCA,BRCA,0,0,0.999915,1.2158314e-05,1.6151485e-05,2.407823e-05,3.254137e-05
ALL_core_cancer_type_top95,tabpfn_v2_6,v2_6,train,2504,LSCC,LSCC,3,3,2.485224e-05,1.6448965e-05,3.2182757e-05,0.9998834,4.314873e-05
ALL_core_cancer_type_top95,tabpfn_v2_6,v2_6,train,1742,HNSCC,HNSCC,2,2,2.1932477e-05,1.6568556e-05,0.9999074,2.7713593e-05,2.6342814e-05
ALL_core_cancer_type_top95,tabpfn_v2_6,v2_6,train,2653,LUAD,HNSCC,4,2,0.28300264,0.00021198681,0.30668792,0.20742945,0.20266798
ALL_core_cancer_type_top95,tabpfn_v2_6,v2_6,train,178,BRCA,BRCA,0,0,0.999933,9.297702e-06,1.2933341e-05,1.8953007e-05,2.5866682e-05
ALL_core_cancer_type_top95,tabpfn_v2_6,v2_6,train,1737,HNSCC,HNSCC,2,2,2.544848e-05,1.9250256e-05,0.9998938,3.1885098e-05,2.967996e-05
ALL_core_cancer_type_top95,tabpfn_v2_6,v2_6,train,2706,LUAD,HNSCC,4,2,0.28300264,0.00021198681,0.30668792,0.20742945,0.20266798
ALL_core_cancer_type_top95,tabpfn_v2_6,v2_6,train,687,BRCA,BRCA,0,0,0.99992085,1.0489587e-05,1.585358e-05,2.2588372e-05,3.0276762e-05
ALL_core_cancer_type_top95,tabpfn_v2_6,v2_6,train,1796,HNSCC,HNSCC,2,2,3.1586318e-05,2.1633648e-05,0.99986887,4.1062216e-05,3.6950034e-05
ALL_core_cancer_type_top95,tabpfn_v2_6,v2_6,train,1822,HNSCC,HNSCC,2,2,2.2647642e-05,1.6687736e-05,0.9999063,2.8249955e-05,2.6104388e-05
ALL_core_cancer_type_top95,tabpfn_v2_6,v2_6,train,1669,HNSCC,HNSCC,2,2,2.592519e-05,1.9131003e-05,0.9998908,3.3136563e-05,3.0931435e-05
ALL_core_cancer_type_top95,tabpfn_v2_6,v2_6,train,569,BRCA,BRCA,0,0,0.99991536,1.1681522e-05,1.7462682e-05,2.3959039e-05,3.1587788e-05
ALL_core_cancer_type_top95,tabpfn_v2_6,v2_6,train,1923,HNSCC,HNSCC,2,2,3.2182223e-05,2.5090214e-05,0.99986684,3.9751005e-05,3.6115605e-05
ALL_core_cancer_type_top95,tabpfn_v2_6,v2_6,train,1407,HNSCC,HNSCC,2,2,0.28300264,0.00021198681,0.30668792,0.20742945,0.20266798
ALL_core_cancer_type_top95,tabpfn_v2_6,v2_6,train,421,BRCA,BRCA,0,0,0.99991083,1.2635058e-05,1.7641401e-05,2.497212e-05,3.385242e-05
ALL_core_cancer_type_top95,tabpfn_v2_6,v2_6,train,3120,LUAD,LUAD,4,4,3.2122196e-05,1.7699986e-05,3.2181793e-05,6.448278e-05,0.9998535
ALL_core_cancer_type_top95,tabpfn_v2_6,v2_6,train,2859,LUAD,LUAD,4,4,2.3124077e-05,1.2515608e-05,2.5508003e-05,4.8036098e-05,0.9998908
ALL_core_cancer_type_top95,tabpfn_v2_6,v2_6,train,2012,HNSCC,HNSCC,2,2,3.784307e-05,2.6639138e-05,0.9998447,4.9821745e-05,4.1001626e-05
ALL_core_cancer_type_top95,tabpfn_v2_6,v2_6,train,792,BRCA,BRCA,0,0,0.99993205,9.416894e-06,1.2992929e-05,1.913179e-05,2.6403064e-05
ALL_core_cancer_type_top95,tabpfn_v2_6,v2_6,train,1771,HNSCC,HNSCC,2,2,3.0335017e-05,2.3123746e-05,0.9998765,3.557958e-05,3.4566427e-05
ALL_core_cancer_type_top95,tabpfn_v2_6,v2_6,train,1227,ESCA,ESCA,1,1,8.356893e-05,0.99955016,6.753466e-05,0.0001022855,0.00019646446
ALL_core_cancer_type_top95,tabpfn_v2_6,v2_6,train,2008,HNSCC,HNSCC,2,2,3.4029035e-05,2.9916946e-05,0.9998467,4.6663285e-05,4.2610787e-05
ALL_core_cancer_type_top95,tabpfn_v2_6,v2_6,train,718,BRCA,BRCA,0,0,0.9999399,8.046143e-06,1.180101e-05,1.7105505e-05,2.3065611e-05
ALL_core_cancer_type_top95,tabpfn_v2_6,v2_6,train,2899,LUAD,LUAD,4,4,2.4256373e-05,1.3290347e-05,2.4435167e-05,5.0062292e-05,0.99988794
ALL_core_cancer_type_top95,tabpfn_v2_6,v2_6,train,1263,ESCA,ESCA,1,1,3.569678e-05,0.99982065,2.4791085e-05,3.796135e-05,8.0928585e-05
ALL_core_cancer_type_top95,tabpfn_v2_6,v2_6,train,1804,HNSCC,HNSCC,2,2,2.7593753e-05,2.1276393e-05,0.9998841,3.4387896e-05,3.2659562e-05
ALL_core_cancer_type_top95,tabpfn_v2_6,v2_6,train,1436,HNSCC,HNSCC,2,2,0.28300264,0.00021198681,0.30668792,0.20742945,0.20266798
ALL_core_cancer_type_top95,tabpfn_v2_6,v2_6,train,2217,LSCC,LSCC,3,3,0.10681815,0.0005483967,0.11304412,0.47537127,0.30421808
ALL_core_cancer_type_top95,tabpfn_v2_6,v2_6,train,153,BRCA,BRCA,0,0,0.9999064,1.1383422e-05,1.8296914e-05,2.8547953e-05,3.5163448e-05
ALL_core_cancer_type_top95,tabpfn_v2_6,v2_6,train,2176,LSCC,LSCC,3,3,2.586527e-05,1.6866064e-05,3.2599775e-05,0.9998784,4.624758e-05
ALL_core_cancer_type_top95,tabpfn_v2_6,v2_6,train,1870,HNSCC,HNSCC,2,2,3.236062e-05,3.1705065e-05,0.9998547,4.255153e-05,3.8618196e-05
ALL_core_cancer_type_top95,tabpfn_v2_6,v2_6,train,2145,LSCC,LSCC,3,3,2.1395856e-05,1.4065243e-05,2.8011287e-05,0.99989665,3.9930987e-05
ALL_core_cancer_type_top95,tabpfn_v2_6,v2_6,train,2002,HNSCC,HNSCC,2,2,8.822306e-05,7.594336e-05,0.9996044,0.00013388444,9.752224e-05
ALL_core_cancer_type_top95,tabpfn_v2_6,v2_6,train,2982,LUAD,LUAD,4,4,2.3898807e-05,1.2694379e-05,2.5984738e-05,4.857239e-05,0.9998889
ALL_core_cancer_type_top95,tabpfn_v2_6,v2_6,train,1739,HNSCC,HNSCC,2,2,3.325486e-05,2.4792154e-05,0.99986374,4.165797e-05,3.6592264e-05
ALL_core_cancer_type_top95,tabpfn_v2_6,v2_6,train,2642,LUAD,HNSCC,4,2,0.28300264,0.00021198681,0.30668792,0.20742945,0.20266798
ALL_core_cancer_type_top95,tabpfn_v2_6,v2_6,train,2682,LUAD,HNSCC,4,2,0.28300264,0.00021198681,0.30668792,0.20742945,0.20266798
ALL_core_cancer_type_top95,tabpfn_v2_6,v2_6,train,1817,HNSCC,HNSCC,2,2,2.5686883e-05,1.901187e-05,0.99989414,3.1765914e-05,2.9322382e-05
ALL_core_cancer_type_top95,tabpfn_v2_6,v2_6,train,1406,HNSCC,HNSCC,2,2,0.28300264,0.00021198681,0.30668792,0.20742945,0.20266798
ALL_core_cancer_type_top95,tabpfn_v2_6,v2_6,train,419,BRCA,BRCA,0,0,0.9999516,6.496592e-06,9.595883e-06,1.3589201e-05,1.8834156e-05
ALL_core_cancer_type_top95,tabpfn_v2_6,v2_6,train,1966,HNSCC,HNSCC,2,2,5.4764172e-05,3.8912953e-05,0.9997719,6.972153e-05,6.471588e-05
ALL_core_cancer_type_top95,tabpfn_v2_6,v2_6,train,2090,LSCC,HNSCC,3,2,0.28300264,0.00021198681,0.30668792,0.20742945,0.20266798
ALL_core_cancer_type_top95,tabpfn_v2_6,v2_6,train,1112,BRCA,BRCA,0,0,0.99988174,1.5793363e-05,2.3123868e-05,3.265948e-05,4.6724515e-05
ALL_core_cancer_type_top95,tabpfn_v2_6,v2_6,train,2514,LSCC,LSCC,3,3,2.407742e-05,1.644893e-05,3.3613032e-05,0.9998814,4.445979e-05
ALL_core_cancer_type_top95,tabpfn_v2_6,v2_6,train,969,BRCA,BRCA,0,0,0.9999354,8.880518e-06,1.2694969e-05,1.793984e-05,2.5270736e-05
ALL_core_cancer_type_top95,tabpfn_v2_6,v2_6,train,2249,LSCC,LSCC,3,3,2.5686393e-05,1.6508424e-05,3.3732016e-05,0.99987507,4.9048496e-05
ALL_core_cancer_type_top95,tabpfn_v2_6,v2_6,train,1601,HNSCC,HNSCC,2,2,2.538889e-05,1.7760303e-05,0.99989414,3.3136675e-05,2.9501176e-05
ALL_core_cancer_type_top95,tabpfn_v2_6,v2_6,train,1509,HNSCC,HNSCC,2,2,2.8606795e-05,2.2170267e-05,0.99987996,3.659286e-05,3.2659424e-05
ALL_core_cancer_type_top95,tabpfn_v2_6,v2_6,train,2594,LSCC,LSCC,3,3,4.5826244e-05,2.9498036e-05,5.5420554e-05,0.99978775,8.1521845e-05
ALL_core_cancer_type_top95,tabpfn_v2_6,v2_6,train,2292,LSCC,LSCC,3,3,3.527996e-05,2.157322e-05,4.7079677e-05,0.99983025,6.573276e-05
ALL_core_cancer_type_top95,tabpfn_v2_6,v2_6,train,724,BRCA,BRCA,0,0,0.9999225,1.1204805e-05,1.4363606e-05,2.103881e-05,3.0932413e-05
ALL_core_cancer_type_top95,tabpfn_v2_6,v2_6,train,2630,LUAD,HNSCC,4,2,0.28300264,0.00021198681,0.30668792,0.20742945,0.20266798
ALL_core_cancer_type_top95,tabpfn_v2_6,v2_6,train,2645,LUAD,HNSCC,4,2,0.28300264,0.00021198681,0.30668792,0.20742945,0.20266798
ALL_core_cancer_type_top95,tabpfn_v2_6,v2_6,train,2146,LSCC,LSCC,3,3,5.9379792e-05,3.547287e-05,7.070726e-05,0.9997401,9.43161e-05
ALL_core_cancer_type_top95,tabpfn_v2_6,v2_6,train,1267,ESCA,ESCA,1,1,4.165336e-05,0.99975306,3.4621746e-05,5.577617e-05,0.00011488938
ALL_core_cancer_type_top95,tabpfn_v2_6,v2_6,train,1107,BRCA,BRCA,0,0,0.9999399,8.344149e-06,1.1860611e-05,1.5913483e-05,2.3840426e-05
ALL_core_cancer_type_top95,tabpfn_v2_6,v2_6,train,167,BRCA,BRCA,0,0,0.99983954,2.2765322e-05,3.176418e-05,4.785485e-05,5.792642e-05
ALL_core_cancer_type_top95,tabpfn_v2_6,v2_6,train,423,BRCA,BRCA,0,0,0.9997757,2.9378498e-05,4.7494246e-05,6.954302e-05,7.794539e-05
ALL_core_cancer_type_top95,tabpfn_v2_6,v2_6,train,1178,BRCA,BRCA,0,0,0.999944,7.3309607e-06,1.1264647e-05,1.5615542e-05,2.1873679e-05
ALL_core_cancer_type_top95,tabpfn_v2_6,v2_6,train,394,BRCA,BRCA,0,0,0.99994516,7.3309693e-06,1.0728248e-05,1.4483135e-05,2.2171713e-05
ALL_core_cancer_type_top95,tabpfn_v2_6,v2_6,train,3057,LUAD,LUAD,4,4,2.1574688e-05,1.2515703e-05,2.3243449e-05,4.434135e-05,0.9998983
ALL_core_cancer_type_top95,tabpfn_v2_6,v2_6,train,2680,LUAD,HNSCC,4,2,0.28300264,0.00021198681,0.30668792,0.20742945,0.20266798
ALL_core_cancer_type_top95,tabpfn_v2_6,v2_6,train,1692,HNSCC,HNSCC,2,2,2.4375842e-05,1.8117984e-05,0.99989915,3.0216508e-05,2.8130555e-05
ALL_core_cancer_type_top95,tabpfn_v2_6,v2_6,train,1824,HNSCC,HNSCC,2,2,3.742575e-05,3.1108666e-05,0.9998406,4.7437738e-05,4.3385266e-05
ALL_core_cancer_type_top95,tabpfn_v2_6,v2_6,train,2613,LSCC,LSCC,3,3,3.9987342e-05,2.4075836e-05,5.0952574e-05,0.99981564,6.9367015e-05
ALL_core_cancer_type_top95,tabpfn_v2_6,v2_6,train,1430,HNSCC,HNSCC,2,2,0.28300264,0.00021198681,0.30668792,0.20742945,0.20266798
ALL_core_cancer_type_top95,tabpfn_v2_6,v2_6,train,2989,LUAD,LUAD,4,4,2.7116635e-05,1.5733609e-05,2.8368173e-05,5.703433e-05,0.99987173
ALL_core_cancer_type_top95,tabpfn_v2_6,v2_6,train,1024,BRCA,BRCA,0,0,0.9999256,1.0489637e-05,1.4780852e-05,2.1217675e-05,2.79525e-05
ALL_core_cancer_type_top95,tabpfn_v2_6,v2_6,train,767,BRCA,BRCA,0,0,0.99990284,1.2575359e-05,1.8892837e-05,2.7653869e-05,3.802407e-05
ALL_core_cancer_type_top95,tabpfn_v2_6,v2_6,train,1193,BRCA,BRCA,0,0,0.99991274,1.1979489e-05,1.7403037e-05,2.5150965e-05,3.2839293e-05
ALL_core_cancer_type_top95,tabpfn_v2_6,v2_6,train,3213,LUAD,LUAD,4,4,3.5518522e-05,2.0143054e-05,3.6770012e-05,7.216934e-05,0.9998354
ALL_core_cancer_type_top95,tabpfn_v2_6,v2_6,train,1030,BRCA,BRCA,0,0,0.9999132,1.2277491e-05,1.7224247e-05,2.5031779e-05,3.2243315e-05
ALL_core_cancer_type_top95,tabpfn_v2_6,v2_6,train,1478,HNSCC,HNSCC,2,2,0.28300264,0.00021198681,0.30668792,0.20742945,0.20266798
ALL_core_cancer_type_top95,tabpfn_v2_6,v2_6,train,1266,ESCA,ESCA,1,1,4.7931153e-05,0.99969983,4.2386877e-05,7.0227485e-05,0.00013962034
ALL_core_cancer_type_top95,tabpfn_v2_6,v2_6,train,1221,ESCA,ESCA,1,1,5.454616e-05,0.9996567,4.5365712e-05,7.898761e-05,0.00016441345
ALL_core_cancer_type_top95,tabpfn_v2_6,v2_6,train,2677,LUAD,HNSCC,4,2,0.28300264,0.00021198681,0.30668792,0.20742945,0.20266798
ALL_core_cancer_type_top95,tabpfn_v2_6,v2_6,train,986,BRCA,BRCA,0,0,0.999912,1.2217877e-05,1.782022e-05,2.5270147e-05,3.2600874e-05
ALL_core_cancer_type_top95,tabpfn_v2_6,v2_6,train,1167,BRCA,BRCA,0,0,0.99992776,1.0012857e-05,1.4602083e-05,2.0442916e-05,2.7177755e-05
ALL_core_cancer_type_top95,tabpfn_v2_6,v2_6,train,1946,HNSCC,HNSCC,2,2,2.8725954e-05,2.1097483e-05,0.99987864,3.706959e-05,3.4387707e-05
ALL_core_cancer_type_top95,tabpfn_v2_6,v2_6,train,517,BRCA,BRCA,0,0,0.9999331,9.178501e-06,1.3290947e-05,1.8595405e-05,2.5866686e-05
ALL_core_cancer_type_top95,tabpfn_v2_6,v2_6,train,43,BRCA,HNSCC,0,2,0.28300264,0.00021198681,0.30668792,0.20742945,0.20266798
ALL_core_cancer_type_top95,tabpfn_v2_6,v2_6,train,1511,HNSCC,HNSCC,2,2,2.5388903e-05,1.8713887e-05,0.9998946,3.206392e-05,2.91436e-05
ALL_core_cancer_type_top95,tabpfn_v2_6,v2_6,train,3004,LUAD,LUAD,4,4,2.103828e-05,1.0966129e-05,2.2349448e-05,4.8274807e-05,0.99989736
ALL_core_cancer_type_top95,tabpfn_v2_6,v2_6,train,2379,LSCC,LSCC,3,3,1.835651e-05,1.3588586e-05,2.5627596e-05,0.9999063,3.605743e-05
ALL_core_cancer_type_top95,tabpfn_v2_6,v2_6,train,1541,HNSCC,HNSCC,2,2,3.1824486e-05,2.4672918e-05,0.99986196,4.261144e-05,3.8856866e-05
ALL_core_cancer_type_top95,tabpfn_v2_6,v2_6,train,2009,HNSCC,HNSCC,2,2,2.568684e-05,1.8773444e-05,0.9998925,3.2957825e-05,3.003751e-05
ALL_core_cancer_type_top95,tabpfn_v2_6,v2_6,train,1339,ESCA,ESCA,1,1,3.0929943e-05,0.99984264,2.2407821e-05,3.3850112e-05,7.014363e-05
ALL_core_cancer_type_top95,tabpfn_v2_6,v2_6,train,1409,HNSCC,HNSCC,2,2,0.28300264,0.00021198681,0.30668792,0.20742945,0.20266798
ALL_core_cancer_type_top95,tabpfn_v2_6,v2_6,train,616,BRCA,BRCA,0,0,0.99990475,1.2873377e-05,1.8356483e-05,2.7892316e-05,3.6116973e-05
ALL_core_cancer_type_top95,tabpfn_v2_6,v2_6,train,2023,LSCC,HNSCC,3,2,0.28300264,0.00021198681,0.30668792,0.20742945,0.20266798
ALL_core_cancer_type_top95,tabpfn_v2_6,v2_6,train,1812,HNSCC,HNSCC,2,2,5.0415245e-05,3.3908127e-05,0.9997961,6.3227635e-05,5.6374494e-05
ALL_core_cancer_type_top95,tabpfn_v2_6,v2_6,train,72,BRCA,HNSCC,0,2,0.28300264,0.00021198681,0.30668792,0.20742945,0.20266798
ALL_core_cancer_type_top95,tabpfn_v2_6,v2_6,train,1947,HNSCC,HNSCC,2,2,2.3601073e-05,1.7402812e-05,0.99989974,2.9382145e-05,2.9918532e-05
ALL_core_cancer_type_top95,tabpfn_v2_6,v2_6,train,1452,HNSCC,HNSCC,2,2,0.28300264,0.00021198681,0.30668792,0.20742945,0.20266798
ALL_core_cancer_type_top95,tabpfn_v2_6,v2_6,train,3157,LUAD,LUAD,4,4,2.6937892e-05,1.3826529e-05,2.824903e-05,5.7451613e-05,0.9998735
ALL_core_cancer_type_top95,tabpfn_v2_6,v2_6,train,2836,LUAD,LUAD,4,4,4.648105e-05,2.5028257e-05,5.518135e-05,0.000100768535,0.9997726
ALL_core_cancer_type_top95,tabpfn_v2_6,v2_6,train,2558,LSCC,LSCC,3,3,0.0031561202,0.0012262147,0.0028147635,0.99006444,0.0027384826
ALL_core_cancer_type_top95,tabpfn_v2_6,v2_6,train,1438,HNSCC,HNSCC,2,2,0.28300264,0.00021198681,0.30668792,0.20742945,0.20266798
ALL_core_cancer_type_top95,tabpfn_v2_6,v2_6,train,2400,LSCC,LSCC,3,3,2.4613755e-05,1.674689e-05,3.313619e-05,0.9998796,4.589005e-05
ALL_core_cancer_type_top95,tabpfn_v2_6,v2_6,train,604,BRCA,BRCA,0,0,0.99989486,1.323084e-05,2.0501842e-05,3.1467946e-05,3.999051e-05
ALL_core_cancer_type_top95,tabpfn_v2_6,v2_6,train,454,BRCA,BRCA,0,0,0.99991345,1.15027005e-05,1.6807055e-05,2.4912586e-05,3.3375713e-05
ALL_core_cancer_type_top95,tabpfn_v2_6,v2_6,train,2837,LUAD,LUAD,4,4,3.6173362e-05,2.4195033e-05,3.9748982e-05,8.396749e-05,0.999816
ALL_core_cancer_type_top95,tabpfn_v2_6,v2_6,train,2640,LUAD,HNSCC,4,2,0.28300264,0.00021198681,0.30668792,0.20742945,0.20266798
ALL_core_cancer_type_top95,tabpfn_v2_6,v2_6,train,2996,LUAD,LUAD,4,4,3.1585583e-05,1.82958e-05,3.3790613e-05,7.079938e-05,0.9998455
ALL_core_cancer_type_top95,tabpfn_v2_6,v2_6,train,1677,HNSCC,HNSCC,2,2,2.6044334e-05,2.0799707e-05,0.9998888,3.3136497e-05,3.122936e-05
ALL_core_cancer_type_top95,tabpfn_v2_6,v2_6,train,280,BRCA,BRCA,0,0,0.9999342,9.178511e-06,1.2992958e-05,1.8297422e-05,2.5330308e-05
ALL_core_cancer_type_top95,tabpfn_v2_6,v2_6,train,2809,LUAD,LUAD,4,4,2.115752e-05,1.0548961e-05,2.2230295e-05,4.6606143e-05,0.9998994
ALL_core_cancer_type_top95,tabpfn_v2_6,v2_6,train,1681,HNSCC,HNSCC,2,2,2.753409e-05,2.3004672e-05,0.99988174,3.5639365e-05,3.2123105e-05
ALL_core_cancer_type_top95,tabpfn_v2_6,v2_6,train,1941,HNSCC,HNSCC,2,2,6.1138686e-05,4.415572e-05,0.99974364,8.342511e-05,6.757434e-05
ALL_core_cancer_type_top95,tabpfn_v2_6,v2_6,train,2898,LUAD,LUAD,4,4,2.383926e-05,1.2098425e-05,2.4554438e-05,4.8512895e-05,0.99989104
ALL_core_cancer_type_top95,tabpfn_v2_6,v2_6,train,1532,HNSCC,HNSCC,2,2,5.0116196e-05,4.022406e-05,0.9997744,7.5382864e-05,5.9948743e-05
ALL_core_cancer_type_top95,tabpfn_v2_6,v2_6,train,2374,LSCC,LSCC,3,3,2.6341915e-05,1.7163962e-05,3.5937046e-05,0.9998733,4.7320093e-05
ALL_core_cancer_type_top95,tabpfn_v2_6,v2_6,train,2293,LSCC,LSCC,3,3,3.4088134e-05,2.1215692e-05,4.9105984e-05,0.99983215,6.34087e-05
ALL_core_cancer_type_top95,tabpfn_v2_6,v2_6,train,745,BRCA,BRCA,0,0,0.9998956,1.4422818e-05,1.966748e-05,2.9918407e-05,4.0467326e-05
ALL_core_cancer_type_top95,tabpfn_v2_6,v2_6,train,470,BRCA,BRCA,0,0,0.99993205,8.761287e-06,1.3410134e-05,1.9489395e-05,2.6164662e-05
ALL_core_cancer_type_top95,tabpfn_v2_6,v2_6,train,1578,HNSCC,HNSCC,2,2,2.6580694e-05,2.1157279e-05,0.99988794,3.373245e-05,3.0692954e-05
ALL_core_cancer_type_top95,tabpfn_v2_6,v2_6,train,1519,HNSCC,HNSCC,2,2,3.1645915e-05,2.4911475e-05,0.99986887,3.7903585e-05,3.665205e-05
ALL_core_cancer_type_top95,tabpfn_v2_6,v2_6,train,758,BRCA,BRCA,0,0,0.9999343,8.761307e-06,1.2873757e-05,1.8953033e-05,2.5032306e-05
ALL_core_cancer_type_top95,tabpfn_v2_6,v2_6,train,54,BRCA,HNSCC,0,2,0.28300264,0.00021198681,0.30668792,0.20742945,0.20266798
ALL_core_cancer_type_top95,tabpfn_v2_6,v2_6,train,1945,HNSCC,HNSCC,2,2,2.1813285e-05,1.6508962e-05,0.9999076,2.7713599e-05,2.634282e-05
ALL_core_cancer_type_top95,tabpfn_v2_6,v2_6,train,1315,ESCA,ESCA,1,1,3.5815792e-05,0.99981576,2.5088932e-05,3.9689377e-05,8.384828e-05
ALL_core_cancer_type_top95,tabpfn_v2_6,v2_6,train,5,BRCA,HNSCC,0,2,0.28300264,0.00021198681,0.30668792,0.20742945,0.20266798
ALL_core_cancer_type_top95,tabpfn_v2_6,v2_6,train,1811,HNSCC,HNSCC,2,2,4.683949e-05,4.040353e-05,0.9997917,6.525349e-05,5.5837918e-05
ALL_core_cancer_type_top95,tabpfn_v2_6,v2_6,train,341,BRCA,BRCA,0,0,0.9999378,8.582535e-06,1.2635398e-05,1.6926666e-05,2.4138379e-05
ALL_core_cancer_type_top95,tabpfn_v2_6,v2_6,train,1420,HNSCC,HNSCC,2,2,0.28300264,0.00021198681,0.30668792,0.20742945,0.20266798
ALL_core_cancer_type_top95,tabpfn_v2_6,v2_6,train,2629,LUAD,HNSCC,4,2,0.28300264,0.00021198681,0.30668792,0.20742945,0.20266798
ALL_core_cancer_type_top95,tabpfn_v2_6,v2_6,train,2266,LSCC,LSCC,3,3,3.307534e-05,2.0560345e-05,4.2968142e-05,0.9998416,6.185982e-05
ALL_core_cancer_type_top95,tabpfn_v2_6,v2_6,train,1986,HNSCC,HNSCC,2,2,0.00039283338,0.00034968843,0.9983307,0.00048293715,0.0004438445
ALL_core_cancer_type_top95,tabpfn_v2_6,v2_6,train,1333,ESCA,ESCA,1,1,3.5577763e-05,0.99982554,2.443364e-05,3.718681e-05,7.735333e-05
ALL_core_cancer_type_top95,tabpfn_v2_6,v2_6,train,154,BRCA,BRCA,0,0,0.99977964,3.3788387e-05,4.743484e-05,6.632535e-05,7.2820825e-05
ALL_core_cancer_type_top95,tabpfn_v2_6,v2_6,train,3183,LUAD,LUAD,4,4,2.8844577e-05,1.7282908e-05,2.9619328e-05,6.531747e-05,0.99985886
ALL_core_cancer_type_top95,tabpfn_v2_6,v2_6,train,930,BRCA,BRCA,0,0,0.99994636,7.211775e-06,1.04898545e-05,1.51983695e-05,2.0741303e-05
ALL_core_cancer_type_top95,tabpfn_v2_6,v2_6,train,316,BRCA,BRCA,0,0,0.99994314,7.5693597e-06,1.0966631e-05,1.50791175e-05,2.3244489e-05
ALL_core_cancer_type_top95,tabpfn_v2_6,v2_6,train,457,BRCA,BRCA,0,0,0.9999397,8.403748e-06,1.16222045e-05,1.70459e-05,2.330401e-05
ALL_core_cancer_type_top95,tabpfn_v2_6,v2_6,train,1538,HNSCC,HNSCC,2,2,3.671075e-05,2.9320923e-05,0.99984443,4.7199537e-05,4.2312717e-05
ALL_core_cancer_type_top95,tabpfn_v2_6,v2_6,train,2359,LSCC,LSCC,3,3,2.9857563e-05,1.9249486e-05,3.9988874e-05,0.99985385,5.691412e-05
ALL_core_cancer_type_top95,tabpfn_v2_6,v2_6,train,1069,BRCA,BRCA,0,0,0.99994063,7.807745e-06,1.1443412e-05,1.6449905e-05,2.3542438e-05
ALL_core_cancer_type_top95,tabpfn_v2_6,v2_6,train,2551,LSCC,LSCC,3,3,2.1812944e-05,1.4959151e-05,2.9501112e-05,0.999892,4.1718744e-05
ALL_core_cancer_type_top95,tabpfn_v2_6,v2_6,train,3061,LUAD,LUAD,4,4,2.288566e-05,1.3111576e-05,2.4375611e-05,4.9883587e-05,0.99988973
ALL_core_cancer_type_top95,tabpfn_v2_6,v2_6,train,2862,LUAD,LUAD,4,4,2.199181e-05,1.2396467e-05,2.3898958e-05,4.648675e-05,0.9998952
ALL_core_cancer_type_top95,tabpfn_v2_6,v2_6,train,2580,LSCC,LSCC,3,3,2.3302697e-05,1.5614594e-05,3.2123153e-05,0.9998833,4.565183e-05
ALL_core_cancer_type_top95,tabpfn_v2_6,v2_6,train,2946,LUAD,LUAD,4,4,2.7235687e-05,1.5733525e-05,3.093068e-05,5.959669e-05,0.9998665
ALL_core_cancer_type_top95,tabpfn_v2_6,v2_6,train,838,BRCA,BRCA,0,0,0.9999089,1.1860244e-05,1.7402972e-05,2.658125e-05,3.516354e-05
ALL_core_cancer_type_top95,tabpfn_v2_6,v2_6,train,1696,HNSCC,HNSCC,2,2,2.1098185e-05,1.5138246e-05,0.9999119,2.6342932e-05,2.5508542e-05
ALL_core_cancer_type_top95,tabpfn_v2_6,v2_6,train,2892,LUAD,LUAD,4,4,2.4375508e-05,1.38862915e-05,2.5746256e-05,5.053895e-05,0.99988544
ALL_core_cancer_type_top95,tabpfn_v2_6,v2_6,train,628,BRCA,BRCA,0,0,0.99994135,7.926953e-06,1.1562623e-05,1.6151911e-05,2.3125245e-05
ALL_core_cancer_type_top95,tabpfn_v2_6,v2_6,train,2121,LSCC,HNSCC,3,2,0.28300264,0.00021198681,0.30668792,0.20742945,0.20266798
ALL_core_cancer_type_top95,tabpfn_v2_6,v2_6,train,2263,LSCC,LSCC,3,3,3.247959e-05,1.9904923e-05,4.189569e-05,0.9998479,5.7748115e-05
ALL_core_cancer_type_top95,tabpfn_v2_6,v2_6,train,2395,LSCC,LSCC,3,3,2.6342068e-05,1.6925673e-05,3.1825035e-05,0.9998791,4.5711236e-05
ALL_core_cancer_type_top95,tabpfn_v2_6,v2_6,train,2282,LSCC,LSCC,3,3,7.982319e-05,3.8152983e-05,9.830354e-05,0.9996692,0.00011451856
ALL_core_cancer_type_top95,tabpfn_v2_6,v2_6,train,786,BRCA,BRCA,0,0,0.9999318,9.118889e-06,1.3410131e-05,1.9191388e-05,2.658186e-05
ALL_core_cancer_type_top95,tabpfn_v2_6,v2_6,train,2838,LUAD,LUAD,4,4,7.5049655e-05,6.4796644e-05,7.808979e-05,0.00017167832,0.99961036
ALL_core_cancer_type_top95,tabpfn_v2_6,v2_6,train,2564,LSCC,LSCC,3,3,2.3243185e-05,1.597224e-05,3.1825282e-05,0.999887,4.2016527e-05
ALL_core_cancer_type_top95,tabpfn_v2_6,v2_6,train,51,BRCA,HNSCC,0,2,0.28300264,0.00021198681,0.30668792,0.20742945,0.20266798
ALL_core_cancer_type_top95,tabpfn_v2_6,v2_6,train,1991,HNSCC,HNSCC,2,2,5.762376e-05,4.8625636e-05,0.9997583,7.496452e-05,6.0424503e-05
ALL_core_cancer_type_top95,tabpfn_v2_6,v2_6,train,3199,LUAD,LUAD,4,4,2.2587845e-05,1.1621714e-05,2.3958612e-05,4.434131e-05,0.9998975
ALL_core_cancer_type_top95,tabpfn_v2_6,v2_6,train,372,BRCA,BRCA,0,0,0.9999244,9.595623e-06,1.4542435e-05,2.2052052e-05,2.9502069e-05
ALL_core_cancer_type_top95,tabpfn_v2_6,v2_6,train,1402,HNSCC,HNSCC,2,2,0.28300264,0.00021198681,0.30668792,0.20742945,0.20266798
ALL_core_cancer_type_top95,tabpfn_v2_6,v2_6,train,2614,LUAD,HNSCC,4,2,0.28300264,0.00021198681,0.30668792,0.20742945,0.20266798
ALL_core_cancer_type_top95,tabpfn_v2_6,v2_6,train,268,BRCA,BRCA,0,0,0.9998789,1.4899357e-05,2.4136958e-05,3.5877652e-05,4.6188004e-05
ALL_core_cancer_type_top95,tabpfn_v2_6,v2_6,train,2517,LSCC,LSCC,3,3,2.9261779e-05,1.895162e-05,3.921436e-05,0.9998598,5.268312e-05
ALL_core_cancer_type_top95,tabpfn_v2_6,v2_6,train,2385,LSCC,LSCC,3,3,1.9786812e-05,1.430372e-05,2.6283085e-05,0.9999025,3.718967e-05
ALL_core_cancer_type_top95,tabpfn_v2_6,v2_6,train,1639,HNSCC,HNSCC,2,2,4.6959016e-05,3.2299224e-05,0.99979895,6.400252e-05,5.7804882e-05
ALL_core_cancer_type_top95,tabpfn_v2_6,v2_6,train,3190,LUAD,LUAD,4,4,3.718661e-05,2.3003258e-05,4.0702656e-05,7.8783174e-05,0.9998203
ALL_core_cancer_type_top95,tabpfn_v2_6,v2_6,train,623,BRCA,BRCA,0,0,0.99994445,7.807775e-06,1.04898345e-05,1.472153e-05,2.23505e-05
ALL_core_cancer_type_top95,tabpfn_v2_6,v2_6,train,49,BRCA,HNSCC,0,2,0.28300264,0.00021198681,0.30668792,0.20742945,0.20266798
ALL_core_cancer_type_top95,tabpfn_v2_6,v2_6,train,2315,LSCC,LSCC,3,3,5.631288e-05,2.7709513e-05,7.0733746e-05,0.9997602,8.503543e-05
ALL_core_cancer_type_top95,tabpfn_v2_6,v2_6,train,2157,LSCC,LSCC,3,3,3.051311e-05,1.8653524e-05,4.1419164e-05,0.9998536,5.5841378e-05
ALL_core_cancer_type_top95,tabpfn_v2_6,v2_6,train,275,BRCA,BRCA,0,0,0.9999106,1.0608678e-05,1.7105003e-05,2.6223699e-05,3.5580793e-05
ALL_core_cancer_type_top95,tabpfn_v2_6,v2_6,train,1770,HNSCC,HNSCC,2,2,4.0703e-05,3.1108295e-05,0.9998287,5.2085536e-05,4.743717e-05
ALL_core_cancer_type_top95,tabpfn_v2_6,v2_6,train,2200,LSCC,LSCC,3,3,2.783173e-05,1.7759861e-05,3.6056095e-05,0.9998692,4.9107806e-05
ALL_core_cancer_type_top95,tabpfn_v2_6,v2_6,train,2537,LSCC,LSCC,3,3,4.213298e-05,2.3539642e-05,4.8271166e-05,0.99982196,6.4123175e-05
ALL_core_cancer_type_top95,tabpfn_v2_6,v2_6,train,35,BRCA,HNSCC,0,2,0.28300264,0.00021198681,0.30668792,0.20742945,0.20266798
ALL_core_cancer_type_top95,tabpfn_v2_6,v2_6,train,2397,LSCC,LSCC,3,3,4.4754648e-05,2.4552483e-05,5.107155e-05,0.9998115,6.811526e-05
ALL_core_cancer_type_top95,tabpfn_v2_6,v2_6,train,3216,LUAD,LUAD,4,4,2.246861e-05,1.1979286e-05,2.3898972e-05,4.5831195e-05,0.9998958
ALL_core_cancer_type_top95,tabpfn_v2_6,v2_6,train,1023,BRCA,BRCA,0,0,0.99992394,1.054922e-05,1.5138428e-05,2.163484e-05,2.8846454e-05
ALL_core_cancer_type_top95,tabpfn_v2_6,v2_6,train,953,BRCA,BRCA,0,0,0.99993086,9.595685e-06,1.2754512e-05,1.937017e-05,2.7416241e-05
ALL_core_cancer_type_top95,tabpfn_v2_6,v2_6,train,1148,BRCA,BRCA,0,0,0.99993086,9.1784805e-06,1.35293185e-05,1.919137e-05,2.723744e-05
ALL_core_cancer_type_top95,tabpfn_v2_6,v2_6,train,2483,LSCC,LSCC,3,3,2.0501955e-05,1.37673005e-05,2.7415404e-05,0.99990034,3.7964375e-05
ALL_core_cancer_type_top95,tabpfn_v2_6,v2_6,train,1704,HNSCC,HNSCC,2,2,2.4614152e-05,1.8713907e-05,0.9998957,3.182556e-05,2.9084033e-05
ALL_core_cancer_type_top95,tabpfn_v2_6,v2_6,train,2734,LUAD,LUAD,4,4,2.5150173e-05,1.4363014e-05,2.5924943e-05,5.3339823e-05,0.99988127
ALL_core_cancer_type_top95,tabpfn_v2_6,v2_6,train,1070,BRCA,BRCA,0,0,0.999949,6.913786e-06,9.6554595e-06,1.3708369e-05,2.0741358e-05
ALL_core_cancer_type_top95,tabpfn_v2_6,v2_6,train,1916,HNSCC,HNSCC,2,2,2.5090882e-05,1.9071455e-05,0.9998934,3.2302276e-05,3.0216335e-05
ALL_core_cancer_type_top95,tabpfn_v2_6,v2_6,train,672,BRCA,BRCA,0,0,0.99990106,1.42441e-05,1.954839e-05,2.8845794e-05,3.617644e-05
ALL_core_cancer_type_top95,tabpfn_v2_6,v2_6,train,2844,LUAD,LUAD,4,4,2.6222642e-05,1.621036e-05,3.015604e-05,5.7093846e-05,0.9998703
ALL_core_cancer_type_top95,tabpfn_v2_6,v2_6,train,2091,LSCC,HNSCC,3,2,0.28300264,0.00021198681,0.30668792,0.20742945,0.20266798
ALL_core_cancer_type_top95,tabpfn_v2_6,v2_6,train,2572,LSCC,LSCC,3,3,2.801042e-05,1.966689e-05,3.6294354e-05,0.99986565,5.0418756e-05
ALL_core_cancer_type_top95,tabpfn_v2_6,v2_6,train,2421,LSCC,LSCC,3,3,2.3660325e-05,1.62106e-05,3.134844e-05,0.9998851,4.3625587e-05
ALL_core_cancer_type_top95,tabpfn_v2_6,v2_6,train,3218,LUAD,LUAD,4,4,2.366052e-05,1.287323e-05,2.366052e-05,4.6486664e-05,0.9998933
ALL_core_cancer_type_top95,tabpfn_v2_6,v2_6,train,2709,LUAD,HNSCC,4,2,0.28300264,0.00021198681,0.30668792,0.20742945,0.20266798
ALL_core_cancer_type_top95,tabpfn_v2_6,v2_6,train,1141,BRCA,BRCA,0,0,0.9999366,8.463323e-06,1.2694984e-05,1.728425e-05,2.491316e-05
ALL_core_cancer_type_top95,tabpfn_v2_6,v2_6,train,3038,LUAD,LUAD,4,4,2.2289836e-05,1.2396486e-05,2.2766624e-05,4.577164e-05,0.99989676
ALL_core_cancer_type_top95,tabpfn_v2_6,v2_6,train,1062,BRCA,BRCA,0,0,0.99977523,3.7006164e-05,5.2797845e-05,6.66826e-05,6.841075e-05
ALL_core_cancer_type_top95,tabpfn_v2_6,v2_6,train,2647,LUAD,HNSCC,4,2,0.28300264,0.00021198681,0.30668792,0.20742945,0.20266798
ALL_core_cancer_type_top95,tabpfn_v2_6,v2_6,train,1668,HNSCC,HNSCC,2,2,2.9083474e-05,2.258737e-05,0.9998765,3.7009915e-05,3.4745215e-05
ALL_core_cancer_type_top95,tabpfn_v2_6,v2_6,train,740,BRCA,BRCA,0,0,0.99993944,8.284544e-06,1.2158611e-05,1.6330683e-05,2.3780813e-05
ALL_core_cancer_type_top95,tabpfn_v2_6,v2_6,train,671,BRCA,BRCA,0,0,0.9999275,1.0072455e-05,1.4304078e-05,2.0621712e-05,2.753535e-05
ALL_core_cancer_type_top95,tabpfn_v2_6,v2_6,train,2625,LUAD,HNSCC,4,2,0.28300264,0.00021198681,0.30668792,0.20742945,0.20266798
ALL_core_cancer_type_top95,tabpfn_v2_6,v2_6,train,1629,HNSCC,HNSCC,2,2,2.2528397e-05,1.7700882e-05,0.99990416,2.8249893e-05,2.7296312e-05
ALL_core_cancer_type_top95,tabpfn_v2_6,v2_6,train,2484,LSCC,LSCC,3,3,2.020394e-05,1.48996605e-05,2.6819389e-05,0.99989927,3.8739116e-05
ALL_core_cancer_type_top95,tabpfn_v2_6,v2_6,train,2587,LSCC,LSCC,3,3,2.9977098e-05,1.76406e-05,3.575797e-05,0.9998653,5.125309e-05
ALL_core_cancer_type_top95,tabpfn_v2_6,v2_6,train,1415,HNSCC,HNSCC,2,2,0.28300264,0.00021198681,0.30668792,0.20742945,0.20266798
ALL_core_cancer_type_top95,tabpfn_v2_6,v2_6,train,2546,LSCC,LSCC,3,3,3.313508e-05,2.0083671e-05,4.2253185e-05,0.999846,5.8582344e-05
ALL_core_cancer_type_top95,tabpfn_v2_6,v2_6,train,3197,LUAD,LUAD,4,4,2.854682e-05,1.4779982e-05,3.1943833e-05,5.7927995e-05,0.9998667
ALL_core_cancer_type_top95,tabpfn_v2_6,v2_6,train,53,BRCA,HNSCC,0,2,0.28300264,0.00021198681,0.30668792,0.20742945,0.20266798
ALL_core_cancer_type_top95,tabpfn_v2_6,v2_6,train,2186,LSCC,LSCC,3,3,7.987877e-05,4.214499e-05,9.239709e-05,0.99961865,0.00016691086
ALL_core_cancer_type_top95,tabpfn_v2_6,v2_6,train,403,BRCA,BRCA,0,0,0.9997969,2.2168424e-05,4.3502554e-05,6.519424e-05,7.2166564e-05
ALL_core_cancer_type_top95,tabpfn_v2_6,v2_6,train,3212,LUAD,LUAD,4,4,2.8487155e-05,1.6567843e-05,3.081142e-05,5.9715752e-05,0.99986434
ALL_core_cancer_type_top95,tabpfn_v2_6,v2_6,train,450,BRCA,BRCA,0,0,0.99993205,9.536096e-06,1.3469735e-05,1.8833787e-05,2.604546e-05
ALL_core_cancer_type_top95,tabpfn_v2_6,v2_6,train,1421,HNSCC,HNSCC,2,2,0.28300264,0.00021198681,0.30668792,0.20742945,0.20266798
ALL_core_cancer_type_top95,tabpfn_v2_6,v2_6,train,18,BRCA,HNSCC,0,2,0.28300264,0.00021198681,0.30668792,0.20742945,0.20266798
ALL_core_cancer_type_top95,tabpfn_v2_6,v2_6,train,1703,HNSCC,HNSCC,2,2,2.46142e-05,1.7402775e-05,0.9998977,3.1885225e-05,2.836891e-05
ALL_core_cancer_type_top95,tabpfn_v2_6,v2_6,train,2866,LUAD,LUAD,4,4,2.5150173e-05,1.3945831e-05,2.622293e-05,5.3459018e-05,0.99988127
ALL_core_cancer_type_top95,tabpfn_v2_6,v2_6,train,2268,LSCC,LSCC,3,3,4.677922e-05,2.8425078e-05,6.1438695e-05,0.99977714,8.634788e-05
ALL_core_cancer_type_top95,tabpfn_v2_6,v2_6,train,3116,LUAD,LUAD,4,4,2.0800013e-05,1.0906597e-05,2.14556e-05,4.338799e-05,0.99990344
ALL_core_cancer_type_top95,tabpfn_v2_6,v2_6,train,2333,LSCC,LSCC,3,3,3.7901984e-05,2.002369e-05,5.125111e-05,0.9998267,6.412348e-05
ALL_core_cancer_type_top95,tabpfn_v2_6,v2_6,train,182,BRCA,BRCA,0,0,0.99992776,1.0728061e-05,1.3767678e-05,2.0264115e-05,2.7356557e-05
ALL_core_cancer_type_top95,tabpfn_v2_6,v2_6,train,300,BRCA,BRCA,0,0,0.99989367,1.35288155e-05,2.0919006e-05,3.0514333e-05,4.124203e-05
ALL_core_cancer_type_top95,tabpfn_v2_6,v2_6,train,1890,HNSCC,HNSCC,2,2,8.369595e-05,6.86736e-05,0.99964345,0.000112488786,9.168403e-05
ALL_core_cancer_type_top95,tabpfn_v2_6,v2_6,train,1077,BRCA,BRCA,0,0,0.9999311,9.95329e-06,1.3886925e-05,1.9429775e-05,2.5687832e-05
ALL_core_cancer_type_top95,tabpfn_v2_6,v2_6,train,553,BRCA,BRCA,0,0,0.9999027,1.2277363e-05,1.8892835e-05,2.9561028e-05,3.6534093e-05
ALL_core_cancer_type_top95,tabpfn_v2_6,v2_6,train,2134,LSCC,LSCC,3,3,2.7593405e-05,1.9249826e-05,3.4864235e-05,0.9998715,4.6783633e-05
ALL_core_cancer_type_top95,tabpfn_v2_6,v2_6,train,395,BRCA,BRCA,0,0,0.99993753,8.701734e-06,1.2218189e-05,1.746307e-05,2.4078772e-05
ALL_core_cancer_type_top95,tabpfn_v2_6,v2_6,train,2763,LUAD,LUAD,4,4,2.9261699e-05,1.7044493e-05,3.0274832e-05,6.633049e-05,0.99985707
ALL_core_cancer_type_top95,tabpfn_v2_6,v2_6,train,3036,LUAD,LUAD,4,4,2.228973e-05,1.18004455e-05,2.3720087e-05,5.0241288e-05,0.999892
ALL_core_cancer_type_top95,tabpfn_v2_6,v2_6,train,1636,HNSCC,HNSCC,2,2,3.3791013e-05,2.5030378e-05,0.9998573,4.493549e-05,3.8856684e-05
ALL_core_cancer_type_top95,tabpfn_v2_6,v2_6,train,3219,LUAD,LUAD,4,4,2.4613872e-05,1.3290299e-05,2.6044218e-05,5.173085e-05,0.99988437
ALL_core_cancer_type_top95,tabpfn_v2_6,v2_6,train,2941,LUAD,LUAD,4,4,2.7891216e-05,1.6508262e-05,2.8963956e-05,6.138452e-05,0.9998653
ALL_core_cancer_type_top95,tabpfn_v2_6,v2_6,train,2360,LSCC,LSCC,3,3,3.557806e-05,2.1930864e-05,4.6305115e-05,0.9998338,6.2395695e-05
ALL_core_cancer_type_top95,tabpfn_v2_6,v2_6,train,1515,HNSCC,HNSCC,2,2,2.5686784e-05,2.044215e-05,0.9998903,3.2719363e-05,3.081222e-05
ALL_core_cancer_type_top95,tabpfn_v2_6,v2_6,train,3096,LUAD,LUAD,4,4,2.526937e-05,1.3886233e-05,2.747448e-05,5.2147872e-05,0.99988127
ALL_core_cancer_type_top95,tabpfn_v2_6,v2_6,train,1245,ESCA,ESCA,1,1,5.043608e-05,0.9997208,4.2447384e-05,6.1226776e-05,0.00012507671
ALL_core_cancer_type_top95,tabpfn_v2_6,v2_6,train,2431,LSCC,LSCC,3,3,2.252806e-05,1.5614687e-05,3.0514198e-05,0.99988925,4.207622e-05
ALL_core_cancer_type_top95,tabpfn_v2_6,v2_6,train,3123,LUAD,LUAD,4,4,3.0453559e-05,1.6031325e-05,3.206265e-05,6.638995e-05,0.99985504
ALL_core_cancer_type_top95,tabpfn_v2_6,v2_6,train,2401,LSCC,LSCC,3,3,1.9250465e-05,1.3528964e-05,2.6342741e-05,0.99990463,3.629577e-05
ALL_core_cancer_type_top95,tabpfn_v2_6,v2_6,train,898,BRCA,BRCA,0,0,0.9999125,1.1979485e-05,1.7224234e-05,2.5568155e-05,3.2958484e-05
ALL_core_cancer_type_top95,tabpfn_v2_6,v2_6,train,272,BRCA,BRCA,0,0,0.99993753,8.522932e-06,1.2337391e-05,1.7165066e-05,2.4317176e-05
ALL_core_cancer_type_top95,tabpfn_v2_6,v2_6,train,1323,ESCA,ESCA,1,1,6.0506813e-05,0.9996455,5.4247485e-05,7.9284786e-05,0.00016047718
ALL_core_cancer_type_top95,tabpfn_v2_6,v2_6,train,1394,HNSCC,HNSCC,2,2,0.28300264,0.00021198681,0.30668792,0.20742945,0.20266798
ALL_core_cancer_type_top95,tabpfn_v2_6,v2_6,train,3171,LUAD,LUAD,4,4,4.755229e-05,3.9031016e-05,5.1961902e-05,0.000118284835,0.99974316
ALL_core_cancer_type_top95,tabpfn_v2_6,v2_6,train,2842,LUAD,LUAD,4,4,3.0095882e-05,2.0560554e-05,3.1645373e-05,6.5972556e-05,0.9998517
ALL_core_cancer_type_top95,tabpfn_v2_6,v2_6,train,1424,HNSCC,HNSCC,2,2,0.28300264,0.00021198681,0.30668792,0.20742945,0.20266798
ALL_core_cancer_type_top95,tabpfn_v2_6,v2_6,train,2566,LSCC,LSCC,3,3,2.8785207e-05,1.8474977e-05,3.6771165e-05,0.9998667,4.9226877e-05
ALL_core_cancer_type_top95,tabpfn_v2_6,v2_6,train,3017,LUAD,LUAD,4,4,0.004015919,0.0045765457,0.0035296609,0.0066665015,0.98121136
ALL_core_cancer_type_top95,tabpfn_v2_6,v2_6,train,2960,LUAD,LUAD,4,4,3.367131e-05,1.8712904e-05,3.6591475e-05,6.88921e-05,0.99984217
ALL_core_cancer_type_top95,tabpfn_v2_6,v2_6,train,36,BRCA,HNSCC,0,2,0.28300264,0.00021198681,0.30668792,0.20742945,0.20266798
ALL_core_cancer_type_top95,tabpfn_v2_6,v2_6,train,1580,HNSCC,HNSCC,2,2,3.1347947e-05,2.4196324e-05,0.99986935,4.0466268e-05,3.456618e-05
ALL_core_cancer_type_top95,tabpfn_v2_6,v2_6,train,787,BRCA,BRCA,0,0,0.999933,9.297702e-06,1.3112143e-05,1.9131809e-05,2.556868e-05
ALL_core_cancer_type_top95,tabpfn_v2_6,v2_6,train,2846,LUAD,LUAD,4,4,2.3720037e-05,1.2575195e-05,2.5090792e-05,4.8691632e-05,0.99988985
ALL_core_cancer_type_top95,tabpfn_v2_6,v2_6,train,1520,HNSCC,HNSCC,2,2,0.000557471,0.00056605483,0.99715686,0.0007739739,0.00094565016
ALL_core_cancer_type_top95,tabpfn_v2_6,v2_6,train,181,BRCA,BRCA,0,0,0.99993,9.357274e-06,1.3648509e-05,1.9966159e-05,2.7058615e-05
ALL_core_cancer_type_top95,tabpfn_v2_6,v2_6,train,696,BRCA,BRCA,0,0,0.99981505,2.0440611e-05,3.754398e-05,5.5779627e-05,7.1154784e-05
ALL_core_cancer_type_top95,tabpfn_v2_6,v2_6,train,3187,LUAD,LUAD,4,4,2.3004892e-05,1.2813605e-05,2.4196856e-05,4.86917e-05,0.9998913
ALL_core_cancer_type_top95,tabpfn_v2_6,v2_6,train,1045,BRCA,BRCA,0,0,0.98398995,0.0026991814,0.003605267,0.0049787024,0.004726906
ALL_core_cancer_type_top95,tabpfn_v2_6,v2_6,train,669,BRCA,BRCA,0,0,0.99992156,1.0429994e-05,1.5078793e-05,2.2528788e-05,3.0336385e-05
ALL_core_cancer_type_top95,tabpfn_v2_6,v2_6,train,1973,HNSCC,HNSCC,2,2,3.4088916e-05,2.5983858e-05,0.99985504,4.3981854e-05,4.0823263e-05
ALL_core_cancer_type_top95,tabpfn_v2_6,v2_6,train,2413,LSCC,LSCC,3,3,0.00010532028,5.6623805e-05,0.00015258626,0.999501,0.000184534
ALL_core_cancer_type_top95,tabpfn_v2_6,v2_6,train,1865,HNSCC,HNSCC,2,2,0.00014530192,0.00012336955,0.999414,0.00015924804,0.00015805606
ALL_core_cancer_type_top95,tabpfn_v2_6,v2_6,train,2900,LUAD,LUAD,4,4,2.5924744e-05,1.4958876e-05,2.956017e-05,5.5902092e-05,0.99987364
ALL_core_cancer_type_top95,tabpfn_v2_6,v2_6,train,2972,LUAD,LUAD,4,4,2.6342097e-05,1.3886219e-05,2.6222902e-05,5.3339765e-05,0.9998802
ALL_core_cancer_type_top95,tabpfn_v2_6,v2_6,train,2410,LSCC,LSCC,3,3,2.7235843e-05,1.7581124e-05,3.5043053e-05,0.9998722,4.7856414e-05
ALL_core_cancer_type_top95,tabpfn_v2_6,v2_6,train,1499,HNSCC,HNSCC,2,2,2.711701e-05,2.0740043e-05,0.99988556,3.4387944e-05,3.2182827e-05
ALL_core_cancer_type_top95,tabpfn_v2_6,v2_6,train,1079,BRCA,BRCA,0,0,0.9999232,9.8340115e-06,1.5078817e-05,2.1456024e-05,3.0515235e-05
ALL_core_cancer_type_top95,tabpfn_v2_6,v2_6,train,1714,HNSCC,HNSCC,2,2,2.6282722e-05,2.0442118e-05,0.99988866,3.444765e-05,3.021619e-05
ALL_core_cancer_type_top95,tabpfn_v2_6,v2_6,train,3223,LUAD,LUAD,4,4,3.4744087e-05,1.9249297e-05,3.5518824e-05,6.650841e-05,0.99984396
ALL_core_cancer_type_top95,tabpfn_v2_6,v2_6,train,417,BRCA,BRCA,0,0,0.99994206,8.0461605e-06,1.1562631e-05,1.5794316e-05,2.2469649e-05
ALL_core_cancer_type_top95,tabpfn_v2_6,v2_6,train,2773,LUAD,LUAD,4,4,3.849721e-05,2.0738436e-05,4.552921e-05,8.706567e-05,0.99980813
ALL_core_cancer_type_top95,tabpfn_v2_6,v2_6,train,1707,HNSCC,HNSCC,2,2,9.060896e-05,7.6004224e-05,0.9996209,0.000114453425,9.8000746e-05
ALL_core_cancer_type_top95,tabpfn_v2_6,v2_6,train,2205,LSCC,LSCC,3,3,4.9341936e-05,2.6697086e-05,5.7803958e-05,0.999783,8.3190025e-05
ALL_core_cancer_type_top95,tabpfn_v2_6,v2_6,train,1275,ESCA,ESCA,1,1,4.1178166e-05,0.99979013,2.9796067e-05,4.630309e-05,9.260618e-05
ALL_core_cancer_type_top95,tabpfn_v2_6,v2_6,train,1474,HNSCC,HNSCC,2,2,0.28300264,0.00021198681,0.30668792,0.20742945,0.20266798
ALL_core_cancer_type_top95,tabpfn_v2_6,v2_6,train,1287,ESCA,ESCA,1,1,4.4752782e-05,0.99976975,3.4860688e-05,4.934128e-05,0.00010124497
ALL_core_cancer_type_top95,tabpfn_v2_6,v2_6,train,2704,LUAD,HNSCC,4,2,0.28300264,0.00021198681,0.30668792,0.20742945,0.20266798
ALL_core_cancer_type_top95,tabpfn_v2_6,v2_6,train,1826,HNSCC,HNSCC,2,2,3.7962094e-05,2.7175378e-05,0.99984026,5.0417475e-05,4.421958e-05
ALL_core_cancer_type_top95,tabpfn_v2_6,v2_6,train,1829,HNSCC,HNSCC,2,2,3.6233978e-05,3.1764328e-05,0.9998442,4.660357e-05,4.123999e-05
ALL_core_cancer_type_top95,tabpfn_v2_6,v2_6,train,979,BRCA,BRCA,0,0,0.99993944,8.284544e-06,1.1860606e-05,1.7165099e-05,2.30656e-05
ALL_core_cancer_type_top95,tabpfn_v2_6,v2_6,train,754,BRCA,BRCA,0,0,0.99991083,1.1025876e-05,1.7998998e-05,2.5985308e-05,3.4269615e-05
ALL_core_cancer_type_top95,tabpfn_v2_6,v2_6,train,203,BRCA,BRCA,0,0,0.99993205,9.118891e-06,1.3767737e-05,1.9489395e-05,2.5509054e-05
ALL_core_cancer_type_top95,tabpfn_v2_6,v2_6,train,437,BRCA,BRCA,0,0,0.9999392,8.224941e-06,1.227781e-05,1.7761104e-05,2.2529186e-05
ALL_core_cancer_type_top95,tabpfn_v2_6,v2_6,train,1898,HNSCC,HNSCC,2,2,2.4792931e-05,1.9846264e-05,0.9998951,3.111036e-05,2.926281e-05
ALL_core_cancer_type_top95,tabpfn_v2_6,v2_6,train,1007,BRCA,BRCA,0,0,0.9999409,8.344157e-06,1.2039426e-05,1.6330707e-05,2.2469623e-05
ALL_core_cancer_type_top95,tabpfn_v2_6,v2_6,train,1255,ESCA,ESCA,1,1,3.968755e-05,0.99976975,3.8019007e-05,5.059269e-05,0.00010201966
ALL_core_cancer_type_top95,tabpfn_v2_6,v2_6,train,2381,LSCC,LSCC,3,3,2.741463e-05,1.8296285e-05,3.4566274e-05,0.9998721,4.7558424e-05
ALL_core_cancer_type_top95,tabpfn_v2_6,v2_6,train,948,BRCA,BRCA,0,0,0.9999503,6.7945916e-06,9.4170655e-06,1.3589183e-05,1.9906962e-05
ALL_core_cancer_type_top95,tabpfn_v2_6,v2_6,train,3073,LUAD,LUAD,4,4,2.735486e-05,1.6567867e-05,2.9202356e-05,6.114616e-05,0.9998658
ALL_core_cancer_type_top95,tabpfn_v2_6,v2_6,train,2201,LSCC,LSCC,3,3,2.0501915e-05,1.478045e-05,2.7653747e-05,0.99989843,3.8619888e-05
ALL_core_cancer_type_top95,tabpfn_v2_6,v2_6,train,2623,LUAD,HNSCC,4,2,0.28300264,0.00021198681,0.30668792,0.20742945,0.20266798
ALL_core_cancer_type_top95,tabpfn_v2_6,v2_6,train,2725,LUAD,LUAD,4,4,2.5030833e-05,1.4541722e-05,2.6639958e-05,5.834568e-05,0.9998754
ALL_core_cancer_type_top95,tabpfn_v2_6,v2_6,train,2999,LUAD,LUAD,4,4,0.0005541835,0.00075019844,0.0004671452,0.0009805518,0.99724793
ALL_core_cancer_type_top95,tabpfn_v2_6,v2_6,train,2718,LUAD,HNSCC,4,2,0.28300264,0.00021198681,0.30668792,0.20742945,0.20266798
ALL_core_cancer_type_top95,tabpfn_v2_6,v2_6,train,1461,HNSCC,HNSCC,2,2,0.28300264,0.00021198681,0.30668792,0.20742945,0.20266798
ALL_core_cancer_type_top95,tabpfn_v2_6,v2_6,train,2723,LUAD,HNSCC,4,2,0.28300264,0.00021198681,0.30668792,0.20742945,0.20266798
ALL_core_cancer_type_top95,tabpfn_v2_6,v2_6,train,783,BRCA,BRCA,0,0,0.9999248,1.0489628e-05,1.4602039e-05,2.1277257e-05,2.8965678e-05
ALL_core_cancer_type_top95,tabpfn_v2_6,v2_6,train,321,BRCA,BRCA,0,0,0.9999081,1.1800635e-05,1.8356543e-05,2.6640828e-05,3.516351e-05
ALL_core_cancer_type_top95,tabpfn_v2_6,v2_6,train,3,BRCA,HNSCC,0,2,0.28300264,0.00021198681,0.30668792,0.20742945,0.20266798
ALL_core_cancer_type_top95,tabpfn_v2_6,v2_6,train,1780,HNSCC,HNSCC,2,2,2.5329335e-05,1.8415916e-05,0.9998958,3.128918e-05,2.9084036e-05
ALL_core_cancer_type_top95,tabpfn_v2_6,v2_6,train,1713,HNSCC,HNSCC,2,2,4.9878607e-05,3.676834e-05,0.9997899,6.090315e-05,6.257173e-05
ALL_core_cancer_type_top95,tabpfn_v2_6,v2_6,train,2339,LSCC,LSCC,3,3,3.4267392e-05,2.1454367e-05,4.3445096e-05,0.999846,5.4887423e-05
ALL_core_cancer_type_top95,tabpfn_v2_6,v2_6,train,1676,HNSCC,HNSCC,2,2,2.127693e-05,1.7224182e-05,0.9999094,2.6581263e-05,2.5568077e-05
ALL_core_cancer_type_top95,tabpfn_v2_6,v2_6,train,1725,HNSCC,HNSCC,2,2,2.5508143e-05,1.787954e-05,0.9998963,3.1944775e-05,2.830927e-05
ALL_core_cancer_type_top95,tabpfn_v2_6,v2_6,train,665,BRCA,BRCA,0,0,0.9998636,1.8594113e-05,2.6937625e-05,4.0287247e-05,5.0597442e-05
ALL_core_cancer_type_top95,tabpfn_v2_6,v2_6,train,3064,LUAD,LUAD,4,4,0.0005975604,0.00072441687,0.00048405735,0.0009843294,0.9972096
ALL_core_cancer_type_top95,tabpfn_v2_6,v2_6,train,2457,LSCC,LSCC,3,3,2.973847e-05,1.9487936e-05,3.992941e-05,0.9998572,5.3576925e-05
ALL_core_cancer_type_top95,tabpfn_v2_6,v2_6,train,145,BRCA,BRCA,0,0,0.99994075,7.8673465e-06,1.1979824e-05,1.6330705e-05,2.3125232e-05
ALL_core_cancer_type_top95,tabpfn_v2_6,v2_6,train,396,BRCA,BRCA,0,0,0.9999018,1.2277351e-05,1.97272e-05,2.9501402e-05,3.6653255e-05
ALL_core_cancer_type_top95,tabpfn_v2_6,v2_6,train,261,BRCA,BRCA,0,0,0.99993944,8.6421505e-06,1.1979808e-05,1.6867092e-05,2.30656e-05
ALL_core_cancer_type_top95,tabpfn_v2_6,v2_6,train,116,BRCA,HNSCC,0,2,0.28300264,0.00021198681,0.30668792,0.20742945,0.20266798
ALL_core_cancer_type_top95,tabpfn_v2_6,v2_6,train,3112,LUAD,LUAD,4,4,2.6520614e-05,1.4780028e-05,2.7533762e-05,6.13252e-05,0.9998698
ALL_core_cancer_type_top95,tabpfn_v2_6,v2_6,train,880,BRCA,BRCA,0,0,0.9999405,8.046149e-06,1.15626135e-05,1.6330701e-05,2.3482833e-05
ALL_core_cancer_type_top95,tabpfn_v2_6,v2_6,train,2628,LUAD,HNSCC,4,2,0.28300264,0.00021198681,0.30668792,0.20742945,0.20266798
ALL_core_cancer_type_top95,tabpfn_v2_6,v2_6,train,2079,LSCC,HNSCC,3,2,0.28300264,0.00021198681,0.30668792,0.20742945,0.20266798
ALL_core_cancer_type_top95,tabpfn_v2_6,v2_6,train,2324,LSCC,LSCC,3,3,5.478931e-05,3.6844172e-05,6.9038106e-05,0.9997424,9.693952e-05
ALL_core_cancer_type_top95,tabpfn_v2_6,v2_6,train,3069,LUAD,LUAD,4,4,2.2289823e-05,1.2396479e-05,2.2945405e-05,4.6188805e-05,0.99989617
ALL_core_cancer_type_top95,tabpfn_v2_6,v2_6,train,1197,BRCA,BRCA,0,0,0.99992776,9.714855e-06,1.41848805e-05,2.0681318e-05,2.7714157e-05
ALL_core_cancer_type_top95,tabpfn_v2_6,v2_6,train,3044,LUAD,LUAD,4,4,2.2826152e-05,1.1919661e-05,2.431611e-05,4.720186e-05,0.99989367
ALL_core_cancer_type_top95,tabpfn_v2_6,v2_6,train,117,BRCA,HNSCC,0,2,0.28300264,0.00021198681,0.30668792,0.20742945,0.20266798
ALL_core_cancer_type_top95,tabpfn_v2_6,v2_6,train,2056,LSCC,HNSCC,3,2,0.28300264,0.00021198681,0.30668792,0.20742945,0.20266798
ALL_core_cancer_type_top95,tabpfn_v2_6,v2_6,train,2744,LUAD,LUAD,4,4,3.3432745e-05,1.8891587e-05,3.605492e-05,7.485121e-05,0.9998367
ALL_core_cancer_type_top95,tabpfn_v2_6,v2_6,train,305,BRCA,BRCA,0,0,0.9999311,9.4764855e-06,1.3469722e-05,1.9012572e-05,2.6879843e-05
ALL_core_cancer_type_top95,tabpfn_v2_6,v2_6,train,1362,ESCA,ESCA,1,1,3.1703898e-05,0.9998179,2.389711e-05,3.9868246e-05,8.670896e-05
ALL_core_cancer_type_top95,tabpfn_v2_6,v2_6,train,292,BRCA,BRCA,0,0,0.99987316,1.7521543e-05,2.514997e-05,3.742697e-05,4.6783713e-05
ALL_core_cancer_type_top95,tabpfn_v2_6,v2_6,train,3179,LUAD,LUAD,4,4,2.4554298e-05,1.29327245e-05,2.5686657e-05,5.149251e-05,0.9998853
ALL_core_cancer_type_top95,tabpfn_v2_6,v2_6,train,1922,HNSCC,HNSCC,2,2,2.4018273e-05,1.7820008e-05,0.9999001,2.9978142e-05,2.8190181e-05
ALL_core_cancer_type_top95,tabpfn_v2_6,v2_6,train,190,BRCA,BRCA,0,0,0.9999418,7.807755e-06,1.1443426e-05,1.6092317e-05,2.2827251e-05
ALL_core_cancer_type_top95,tabpfn_v2_6,v2_6,train,335,BRCA,BRCA,0,0,0.99992275,1.0787608e-05,1.549601e-05,2.1813616e-05,2.920402e-05
ALL_core_cancer_type_top95,tabpfn_v2_6,v2_6,train,2280,LSCC,LSCC,3,3,3.307572e-05,1.9547453e-05,3.957167e-05,0.99985313,5.4589837e-05
ALL_core_cancer_type_top95,tabpfn_v2_6,v2_6,train,1744,HNSCC,HNSCC,2,2,2.9679451e-05,2.1455025e-05,0.9998766,3.802307e-05,3.4208846e-05
ALL_core_cancer_type_top95,tabpfn_v2_6,v2_6,train,65,BRCA,HNSCC,0,2,0.28300264,0.00021198681,0.30668792,0.20742945,0.20266798
ALL_core_cancer_type_top95,tabpfn_v2_6,v2_6,train,3108,LUAD,LUAD,4,4,2.3422017e-05,1.3051964e-05,2.4673576e-05,5.0181523e-05,0.99988866
ALL_core_cancer_type_top95,tabpfn_v2_6,v2_6,train,12,BRCA,HNSCC,0,2,0.28300264,0.00021198681,0.30668792,0.20742945,0.20266798
ALL_core_cancer_type_top95,tabpfn_v2_6,v2_6,train,2168,LSCC,LSCC,3,3,2.735492e-05,1.8534596e-05,3.6056048e-05,0.9998679,5.0001694e-05
ALL_core_cancer_type_top95,tabpfn_v2_6,v2_6,train,2783,LUAD,LUAD,4,4,5.297515e-05,2.8364646e-05,5.9470414e-05,0.000111730486,0.99974746
ALL_core_cancer_type_top95,tabpfn_v2_6,v2_6,train,1375,ESCA,ESCA,1,1,3.122787e-05,0.9998411,2.2169404e-05,3.3909655e-05,7.16334e-05
ALL_core_cancer_type_top95,tabpfn_v2_6,v2_6,train,2764,LUAD,LUAD,4,4,4.231046e-05,2.896181e-05,4.7256613e-05,9.022259e-05,0.9997912
ALL_core_cancer_type_top95,tabpfn_v2_6,v2_6,train,2681,LUAD,HNSCC,4,2,0.28300264,0.00021198681,0.30668792,0.20742945,0.20266798
ALL_core_cancer_type_top95,tabpfn_v2_6,v2_6,train,1868,HNSCC,HNSCC,2,2,4.1537118e-05,3.3015156e-05,0.99982387,5.3992295e-05,4.755613e-05
ALL_core_cancer_type_top95,tabpfn_v2_6,v2_6,train,1658,HNSCC,HNSCC,2,2,2.9679384e-05,2.240853e-05,0.99987435,3.9691706e-05,3.3910783e-05
ALL_core_cancer_type_top95,tabpfn_v2_6,v2_6,train,2394,LSCC,LSCC,3,3,2.6759137e-05,1.758117e-05,3.4149187e-05,0.99987483,4.672419e-05
ALL_core_cancer_type_top95,tabpfn_v2_6,v2_6,train,2852,LUAD,LUAD,4,4,2.3958393e-05,1.3349951e-05,2.3720002e-05,5.05391e-05,0.9998884
ALL_core_cancer_type_top95,tabpfn_v2_6,v2_6,train,1851,HNSCC,HNSCC,2,2,2.503134e-05,1.8415914e-05,0.9998957,3.182556e-05,2.9084033e-05
ALL_core_cancer_type_top95,tabpfn_v2_6,v2_6,train,2412,LSCC,LSCC,3,3,2.7176147e-05,1.7104287e-05,3.7784383e-05,0.99986863,4.9346163e-05
ALL_core_cancer_type_top95,tabpfn_v2_6,v2_6,train,2822,LUAD,LUAD,4,4,0.0008531915,0.00089277496,0.0006648121,0.0018322871,0.9957569
ALL_core_cancer_type_top95,tabpfn_v2_6,v2_6,train,2075,LSCC,HNSCC,3,2,0.28300264,0.00021198681,0.30668792,0.20742945,0.20266798
ALL_core_cancer_type_top95,tabpfn_v2_6,v2_6,train,175,BRCA,BRCA,0,0,0.9999013,1.2158148e-05,1.9905987e-05,2.9084196e-05,3.760682e-05
ALL_core_cancer_type_top95,tabpfn_v2_6,v2_6,train,1031,BRCA,BRCA,0,0,0.999933,9.297702e-06,1.34101465e-05,1.8655004e-05,2.5747482e-05
ALL_core_cancer_type_top95,tabpfn_v2_6,v2_6,train,2070,LSCC,HNSCC,3,2,0.28300264,0.00021198681,0.30668792,0.20742945,0.20266798
ALL_core_cancer_type_top95,tabpfn_v2_6,v2_6,train,2559,LSCC,LSCC,3,3,3.0334339e-05,2.0322219e-05,4.2432315e-05,0.9998541,5.2742416e-05
ALL_core_cancer_type_top95,tabpfn_v2_6,v2_6,train,1183,BRCA,BRCA,0,0,0.9999372,8.4633275e-06,1.2396988e-05,1.7582266e-05,2.443637e-05
ALL_core_cancer_type_top95,tabpfn_v2_6,v2_6,train,240,BRCA,BRCA,0,0,0.999933,8.940097e-06,1.3290945e-05,1.9310612e-05,2.5449479e-05
ALL_core_cancer_type_top95,tabpfn_v2_6,v2_6,train,2503,LSCC,LSCC,3,3,6.7065266e-05,3.362205e-05,7.95245e-05,0.9996613,0.00015845287
ALL_core_cancer_type_top95,tabpfn_v2_6,v2_6,train,2156,LSCC,LSCC,3,3,2.5745956e-05,1.5674043e-05,3.540069e-05,0.99987376,4.946561e-05
ALL_core_cancer_type_top95,tabpfn_v2_6,v2_6,train,1909,HNSCC,HNSCC,2,2,4.946225e-05,3.1584328e-05,0.99980587,5.6911384e-05,5.6136672e-05
ALL_core_cancer_type_top95,tabpfn_v2_6,v2_6,train,2877,LUAD,LUAD,4,4,5.4609867e-05,4.1732434e-05,5.7054196e-05,0.00011494304,0.99973166
ALL_core_cancer_type_top95,tabpfn_v2_6,v2_6,train,2073,LSCC,HNSCC,3,2,0.28300264,0.00021198681,0.30668792,0.20742945,0.20266798
ALL_core_cancer_type_top95,tabpfn_v2_6,v2_6,train,1306,ESCA,ESCA,1,1,0.00011710182,0.99935025,9.426577e-05,0.00014882187,0.00028953486
ALL_core_cancer_type_top95,tabpfn_v2_6,v2_6,train,2308,LSCC,LSCC,3,3,3.194348e-05,1.9845484e-05,3.9452585e-05,0.99985576,5.2980886e-05
ALL_core_cancer_type_top95,tabpfn_v2_6,v2_6,train,1690,HNSCC,HNSCC,2,2,9.1263304e-05,5.645091e-05,0.9996058,0.00013996488,0.00010652353
ALL_core_cancer_type_top95,tabpfn_v2_6,v2_6,train,2841,LUAD,LUAD,4,4,2.2885688e-05,1.2038825e-05,2.5210014e-05,4.8930076e-05,0.9998909
ALL_core_cancer_type_top95,tabpfn_v2_6,v2_6,train,2235,LSCC,LSCC,3,3,2.9798042e-05,1.9964687e-05,4.1180894e-05,0.99985635,5.268294e-05
ALL_core_cancer_type_top95,tabpfn_v2_6,v2_6,train,1494,HNSCC,HNSCC,2,2,0.28300264,0.00021198681,0.30668792,0.20742945,0.20266798
ALL_core_cancer_type_top95,tabpfn_v2_6,v2_6,train,912,BRCA,BRCA,0,0,0.99992895,1.0132069e-05,1.3708094e-05,2.0144938e-05,2.7118187e-05
ALL_core_cancer_type_top95,tabpfn_v2_6,v2_6,train,884,BRCA,BRCA,0,0,0.9999292,1.0251273e-05,1.4363703e-05,1.960854e-05,2.6700991e-05
ALL_core_cancer_type_top95,tabpfn_v2_6,v2_6,train,1768,HNSCC,HNSCC,2,2,2.550804e-05,1.8356252e-05,0.99989223,3.3375003e-05,3.051429e-05
ALL_core_cancer_type_top95,tabpfn_v2_6,v2_6,train,304,BRCA,BRCA,0,0,0.999858,2.091826e-05,2.7116263e-05,4.0227424e-05,5.351737e-05
ALL_core_cancer_type_top95,tabpfn_v2_6,v2_6,train,1291,ESCA,ESCA,1,1,7.737381e-05,0.99960184,6.062339e-05,8.881893e-05,0.0001713192
ALL_core_cancer_type_top95,tabpfn_v2_6,v2_6,train,1182,BRCA,BRCA,0,0,0.9999031,1.2873355e-05,1.9012039e-05,2.8547858e-05,3.6355308e-05
ALL_core_cancer_type_top95,tabpfn_v2_6,v2_6,train,1469,HNSCC,HNSCC,2,2,0.28300264,0.00021198681,0.30668792,0.20742945,0.20266798
ALL_core_cancer_type_top95,tabpfn_v2_6,v2_6,train,208,BRCA,BRCA,0,0,0.9999335,8.999703e-06,1.3529354e-05,1.8416611e-05,2.550909e-05
ALL_core_cancer_type_top95,tabpfn_v2_6,v2_6,train,3167,LUAD,LUAD,4,4,2.1872655e-05,1.1204521e-05,2.3839406e-05,4.5950455e-05,0.9998971
ALL_core_cancer_type_top95,tabpfn_v2_6,v2_6,train,3217,LUAD,LUAD,4,4,5.1068884e-05,3.0152689e-05,5.434635e-05,0.00010517687,0.99975926
ALL_core_cancer_type_top95,tabpfn_v2_6,v2_6,train,3231,LUAD,LUAD,4,4,2.1336284e-05,1.1323726e-05,2.312424e-05,4.6367677e-05,0.99989784
ALL_core_cancer_type_top95,tabpfn_v2_6,v2_6,train,866,BRCA,BRCA,0,0,0.9998215,2.6221362e-05,3.992798e-05,5.2979067e-05,5.9355625e-05
ALL_core_cancer_type_top95,tabpfn_v2_6,v2_6,train,2828,LUAD,LUAD,4,4,2.6699532e-05,1.5197278e-05,2.8964225e-05,5.4471813e-05,0.9998746
ALL_core_cancer_type_top95,tabpfn_v2_6,v2_6,train,658,BRCA,BRCA,0,0,0.9999236,1.06684165e-05,1.5019223e-05,2.1754033e-05,2.8965644e-05
ALL_core_cancer_type_top95,tabpfn_v2_6,v2_6,train,561,BRCA,BRCA,0,0,0.99989283,1.6687512e-05,2.0382604e-05,2.9679932e-05,4.040762e-05
ALL_core_cancer_type_top95,tabpfn_v2_6,v2_6,train,3181,LUAD,LUAD,4,4,5.6251214e-05,3.8136415e-05,5.9826503e-05,0.00012251324,0.99972326
ALL_core_cancer_type_top95,tabpfn_v2_6,v2_6,train,2221,LSCC,LSCC,3,3,0.0001299331,7.2595656e-05,0.00013648937,0.9994731,0.00018786658
ALL_core_cancer_type_top95,tabpfn_v2_6,v2_6,train,1224,ESCA,ESCA,1,1,6.0449373e-05,0.9996814,4.6082212e-05,7.1478105e-05,0.00014057162
ALL_core_cancer_type_top95,tabpfn_v2_6,v2_6,train,1699,HNSCC,HNSCC,2,2,4.27886e-05,3.3789885e-05,0.999824,5.381352e-05,4.564912e-05
ALL_core_cancer_type_top95,tabpfn_v2_6,v2_6,train,1447,HNSCC,HNSCC,2,2,0.28300264,0.00021198681,0.30668792,0.20742945,0.20266798
ALL_core_cancer_type_top95,tabpfn_v2_6,v2_6,train,221,BRCA,BRCA,0,0,0.99990416,1.4303744e-05,1.8118075e-05,2.6640722e-05,3.677254e-05
ALL_core_cancer_type_top95,tabpfn_v2_6,v2_6,train,2474,LSCC,LSCC,3,3,2.3839108e-05,1.6329788e-05,3.331515e-05,0.9998846,4.189723e-05
ALL_core_cancer_type_top95,tabpfn_v2_6,v2_6,train,2784,LUAD,LUAD,4,4,3.128758e-05,2.044122e-05,3.4326946e-05,6.919025e-05,0.9998448
ALL_core_cancer_type_top95,tabpfn_v2_6,v2_6,train,1720,HNSCC,HNSCC,2,2,2.7593796e-05,2.0561252e-05,0.9998857,3.444755e-05,3.1706048e-05
ALL_core_cancer_type_top95,tabpfn_v2_6,v2_6,train,1740,HNSCC,HNSCC,2,2,2.4077854e-05,1.8713976e-05,0.9998994,2.9918521e-05,2.783257e-05
ALL_core_cancer_type_top95,tabpfn_v2_6,v2_6,train,580,BRCA,BRCA,0,0,0.9999435,7.509761e-06,1.1026236e-05,1.5973143e-05,2.193327e-05
ALL_core_cancer_type_top95,tabpfn_v2_6,v2_6,train,1035,BRCA,BRCA,0,0,0.9998872,1.4184306e-05,2.2826005e-05,3.3970817e-05,4.1837742e-05
ALL_core_cancer_type_top95,tabpfn_v2_6,v2_6,train,2556,LSCC,LSCC,3,3,2.2766386e-05,1.6031827e-05,3.2302043e-05,0.9998863,4.2672073e-05
ALL_core_cancer_type_top95,tabpfn_v2_6,v2_6,train,2624,LUAD,HNSCC,4,2,0.28300264,0.00021198681,0.30668792,0.20742945,0.20266798
ALL_core_cancer_type_top95,tabpfn_v2_6,v2_6,train,2856,LUAD,LUAD,4,4,2.5090594e-05,1.3647853e-05,2.5388583e-05,5.3816642e-05,0.999882
ALL_core_cancer_type_top95,tabpfn_v2_6,v2_6,train,1401,HNSCC,HNSCC,2,2,0.28300264,0.00021198681,0.30668792,0.20742945,0.20266798
ALL_core_cancer_type_top95,tabpfn_v2_6,v2_6,train,2136,LSCC,LSCC,3,3,2.5388528e-05,1.6448905e-05,3.3136203e-05,0.99987984,4.5115296e-05
ALL_core_cancer_type_top95,tabpfn_v2_6,v2_6,train,263,BRCA,BRCA,0,0,0.999943,7.62896e-06,1.1085832e-05,1.5853931e-05,2.2350468e-05
ALL_core_cancer_type_top95,tabpfn_v2_6,v2_6,train,2872,LUAD,LUAD,4,4,2.2587807e-05,1.2217679e-05,2.2945398e-05,4.642718e-05,0.9998958
ALL_core_cancer_type_top95,tabpfn_v2_6,v2_6,train,2917,LUAD,LUAD,4,4,3.3075383e-05,1.8891704e-05,3.5161214e-05,6.996486e-05,0.9998429
ALL_core_cancer_type_top95,tabpfn_v2_6,v2_6,train,2854,LUAD,LUAD,4,4,2.5269306e-05,1.4601368e-05,2.747441e-05,5.387607e-05,0.99987876
ALL_core_cancer_type_top95,tabpfn_v2_6,v2_6,train,1897,HNSCC,HNSCC,2,2,2.3899109e-05,1.7283644e-05,0.99990153,2.9560993e-05,2.7713431e-05
ALL_core_cancer_type_top95,tabpfn_v2_6,v2_6,train,1232,ESCA,ESCA,1,1,3.61138e-05,0.99981695,2.5744492e-05,3.9391456e-05,8.17626e-05
ALL_core_cancer_type_top95,tabpfn_v2_6,v2_6,train,1011,BRCA,BRCA,0,0,0.9999268,9.953247e-06,1.4184867e-05,2.10985e-05,2.7833332e-05
ALL_core_cancer_type_top95,tabpfn_v2_6,v2_6,train,2258,LSCC,LSCC,3,3,3.3730845e-05,2.0858297e-05,4.5232704e-05,0.9998404,5.9714323e-05
ALL_core_cancer_type_top95,tabpfn_v2_6,v2_6,train,2876,LUAD,LUAD,4,4,2.6818503e-05,1.5316346e-05,3.069229e-05,6.0967395e-05,0.99986625
ALL_core_cancer_type_top95,tabpfn_v2_6,v2_6,train,705,BRCA,BRCA,0,0,0.9999448,7.569372e-06,1.0430237e-05,1.5079143e-05,2.2052502e-05
ALL_core_cancer_type_top95,tabpfn_v2_6,v2_6,train,1875,HNSCC,HNSCC,2,2,3.253973e-05,2.2944681e-05,0.9998646,4.1836796e-05,3.8022616e-05
ALL_core_cancer_type_top95,tabpfn_v2_6,v2_6,train,1794,HNSCC,HNSCC,2,2,0.00010437124,7.564083e-05,0.99954534,0.00015628863,0.000118378804
ALL_core_cancer_type_top95,tabpfn_v2_6,v2_6,train,2961,LUAD,LUAD,4,4,2.4911813e-05,1.31710785e-05,2.7414913e-05,5.1969142e-05,0.99988246
ALL_core_cancer_type_top95,tabpfn_v2_6,v2_6,train,1919,HNSCC,HNSCC,2,2,3.831969e-05,2.908244e-05,0.99984086,5.000034e-05,4.159742e-05
ALL_core_cancer_type_top95,tabpfn_v2_6,v2_6,train,1029,BRCA,BRCA,0,0,0.99993694,8.344124e-06,1.2516186e-05,1.7284257e-05,2.491317e-05
ALL_core_cancer_type_top95,tabpfn_v2_6,v2_6,train,250,BRCA,BRCA,0,0,0.99990964,1.2277447e-05,1.7879778e-05,2.6283273e-05,3.379278e-05
ALL_core_cancer_type_top95,tabpfn_v2_6,v2_6,train,2178,LSCC,LSCC,3,3,2.4017929e-05,1.5674232e-05,3.1586853e-05,0.9998858,4.2850847e-05
ALL_core_cancer_type_top95,tabpfn_v2_6,v2_6,train,1956,HNSCC,HNSCC,2,2,2.5627241e-05,1.990581e-05,0.9998925,3.1885058e-05,3.009711e-05
ALL_core_cancer_type_top95,tabpfn_v2_6,v2_6,train,829,BRCA,BRCA,0,0,0.9998467,1.9785708e-05,3.093007e-05,4.6603687e-05,5.5960183e-05
ALL_core_cancer_type_top95,tabpfn_v2_6,v2_6,train,129,BRCA,BRCA,0,0,0.9999305,9.357279e-06,1.4423322e-05,1.907216e-05,2.6701025e-05
ALL_core_cancer_type_top95,tabpfn_v2_6,v2_6,train,3010,LUAD,LUAD,4,4,2.8546554e-05,1.8057633e-05,3.24799e-05,6.3469895e-05,0.9998574
ALL_core_cancer_type_top95,tabpfn_v2_6,v2_6,train,207,BRCA,BRCA,0,0,0.9999442,8.10578e-06,1.0668637e-05,1.5257938e-05,2.1754482e-05
ALL_core_cancer_type_top95,tabpfn_v2_6,v2_6,train,2724,LUAD,LUAD,4,4,2.1276763e-05,1.0906576e-05,2.1813152e-05,4.4401088e-05,0.99990153
ALL_core_cancer_type_top95,tabpfn_v2_6,v2_6,train,2788,LUAD,LUAD,4,4,2.5746018e-05,1.5018511e-05,2.7831922e-05,5.5246663e-05,0.99987614
ALL_core_cancer_type_top95,tabpfn_v2_6,v2_6,train,353,BRCA,BRCA,0,0,0.9999423,7.6289543e-06,1.0966622e-05,1.5973123e-05,2.3125267e-05
ALL_core_cancer_type_top95,tabpfn_v2_6,v2_6,train,2891,LUAD,LUAD,4,4,2.5746143e-05,1.412462e-05,2.6222924e-05,5.286303e-05,0.999881
ALL_core_cancer_type_top95,tabpfn_v2_6,v2_6,train,2062,LSCC,HNSCC,3,2,0.28300264,0.00021198681,0.30668792,0.20742945,0.20266798
ALL_core_cancer_type_top95,tabpfn_v2_6,v2_6,train,103,BRCA,HNSCC,0,2,0.28300264,0.00021198681,0.30668792,0.20742945,0.20266798
ALL_core_cancer_type_top95,tabpfn_v2_6,v2_6,train,2329,LSCC,LSCC,3,3,2.6163127e-05,1.829631e-05,3.5043096e-05,0.9998734,4.708171e-05
ALL_core_cancer_type_top95,tabpfn_v2_6,v2_6,train,2367,LSCC,LSCC,3,3,2.8427661e-05,1.8474999e-05,3.7307578e-05,0.9998679,4.79754e-05
ALL_core_cancer_type_top95,tabpfn_v2_6,v2_6,train,2881,LUAD,LUAD,4,4,7.9875645e-05,7.164965e-05,8.553847e-05,0.00018335633,0.9995796
ALL_core_cancer_type_top95,tabpfn_v2_6,v2_6,train,1094,BRCA,BRCA,0,0,0.9998665,1.8594166e-05,2.7772057e-05,3.885704e-05,4.8273316e-05
ALL_core_cancer_type_top95,tabpfn_v2_6,v2_6,train,2648,LUAD,HNSCC,4,2,0.28300264,0.00021198681,0.30668792,0.20742945,0.20266798
ALL_core_cancer_type_top95,tabpfn_v2_6,v2_6,train,412,BRCA,BRCA,0,0,0.99987817,1.5614514e-05,2.3183382e-05,3.6175614e-05,4.666475e-05
ALL_core_cancer_type_top95,tabpfn_v2_6,v2_6,train,3110,LUAD,LUAD,4,4,2.932145e-05,1.7402162e-05,3.1884098e-05,5.8940885e-05,0.99986243
ALL_core_cancer_type_top95,tabpfn_v2_6,v2_6,train,1370,ESCA,ESCA,1,1,5.2938725e-05,0.9996968,4.6440615e-05,7.004842e-05,0.00013377759
ALL_core_cancer_type_top95,tabpfn_v2_6,v2_6,train,1820,HNSCC,HNSCC,2,2,2.8606772e-05,2.2051054e-05,0.9998791,3.6473633e-05,3.373215e-05
ALL_core_cancer_type_top95,tabpfn_v2_6,v2_6,train,195,BRCA,BRCA,0,0,0.9999347,9.178516e-06,1.2456557e-05,1.7761024e-05,2.5866726e-05
ALL_core_cancer_type_top95,tabpfn_v2_6,v2_6,train,284,BRCA,BRCA,0,0,0.99991226,1.3052272e-05,1.7045433e-05,2.4078165e-05,3.349487e-05
ALL_core_cancer_type_top95,tabpfn_v2_6,v2_6,train,990,BRCA,BRCA,0,0,0.99994063,7.807745e-06,1.1562614e-05,1.5794294e-05,2.4019246e-05
ALL_core_cancer_type_top95,tabpfn_v2_6,v2_6,train,1334,ESCA,ESCA,1,1,0.03767771,0.6150467,0.03645738,0.1387516,0.17206663
ALL_core_cancer_type_top95,tabpfn_v2_6,v2_6,train,2494,LSCC,LSCC,3,3,2.5924723e-05,1.805791e-05,3.4625893e-05,0.9998728,4.851201e-05
ALL_core_cancer_type_top95,tabpfn_v2_6,v2_6,train,1106,BRCA,BRCA,0,0,0.9999268,1.060885e-05,1.47212695e-05,2.0562098e-05,2.735653e-05
ALL_core_cancer_type_top95,tabpfn_v2_6,v2_6,train,1747,HNSCC,HNSCC,2,2,3.1288335e-05,2.4196313e-05,0.99986887,4.0466246e-05,3.5102534e-05
ALL_core_cancer_type_top95,tabpfn_v2_6,v2_6,train,2364,LSCC,LSCC,3,3,2.4613855e-05,1.662776e-05,3.2242362e-05,0.99988365,4.296995e-05
ALL_core_cancer_type_top95,tabpfn_v2_6,v2_6,train,2987,LUAD,LUAD,4,4,2.3064536e-05,1.2158051e-05,2.3958512e-05,4.7499834e-05,0.9998933
ALL_core_cancer_type_top95,tabpfn_v2_6,v2_6,train,1957,HNSCC,HNSCC,2,2,2.824926e-05,2.1693526e-05,0.99988174,3.5043387e-05,3.3315056e-05
ALL_core_cancer_type_top95,tabpfn_v2_6,v2_6,train,3122,LUAD,LUAD,4,4,2.240891e-05,1.2932802e-05,2.4077659e-05,4.9287682e-05,0.9998913
ALL_core_cancer_type_top95,tabpfn_v2_6,v2_6,train,271,BRCA,BRCA,0,0,0.9999049,1.3469368e-05,1.9846459e-05,2.8249915e-05,3.3435026e-05
ALL_core_cancer_type_top95,tabpfn_v2_6,v2_6,train,2827,LUAD,LUAD,4,4,2.5626885e-05,1.3588208e-05,2.8368366e-05,5.3876054e-05,0.9998785
ALL_core_cancer_type_top95,tabpfn_v2_6,v2_6,train,2942,LUAD,LUAD,4,4,2.562685e-05,1.4005372e-05,2.699759e-05,5.614068e-05,0.9998772
ALL_core_cancer_type_top95,tabpfn_v2_6,v2_6,train,765,BRCA,BRCA,0,0,0.9998233,2.2824544e-05,3.307473e-05,5.5005363e-05,6.5672706e-05
ALL_core_cancer_type_top95,tabpfn_v2_6,v2_6,train,1039,BRCA,BRCA,0,0,0.99993587,8.64212e-06,1.2039366e-05,1.8357054e-05,2.5151547e-05
ALL_core_cancer_type_top95,tabpfn_v2_6,v2_6,train,2716,LUAD,HNSCC,4,2,0.28300264,0.00021198681,0.30668792,0.20742945,0.20266798
ALL_core_cancer_type_top95,tabpfn_v2_6,v2_6,train,2028,LSCC,HNSCC,3,2,0.28300264,0.00021198681,0.30668792,0.20742945,0.20266798
ALL_core_cancer_type_top95,tabpfn_v2_6,v2_6,train,1244,ESCA,ESCA,1,1,2.8009916e-05,0.99984765,2.002411e-05,3.307554e-05,7.133589e-05
ALL_core_cancer_type_top95,tabpfn_v2_6,v2_6,train,908,BRCA,BRCA,0,0,0.9999292,9.7148695e-06,1.3827298e-05,2.0323745e-05,2.6998992e-05
ALL_core_cancer_type_top95,tabpfn_v2_6,v2_6,train,808,BRCA,BRCA,0,0,0.9999298,9.416873e-06,1.3648505e-05,2.0264157e-05,2.6820207e-05
ALL_core_cancer_type_top95,tabpfn_v2_6,v2_6,train,1492,HNSCC,HNSCC,2,2,0.28300264,0.00021198681,0.30668792,0.20742945,0.20266798
ALL_core_cancer_type_top95,tabpfn_v2_6,v2_6,train,1695,HNSCC,HNSCC,2,2,2.944113e-05,2.1693464e-05,0.9998789,3.6116042e-05,3.385134e-05
ALL_core_cancer_type_top95,tabpfn_v2_6,v2_6,train,2306,LSCC,LSCC,3,3,3.873611e-05,2.1930598e-05,5.1548825e-05,0.9998217,6.597058e-05
ALL_core_cancer_type_top95,tabpfn_v2_6,v2_6,train,1239,ESCA,ESCA,1,1,3.1287494e-05,0.9998419,2.2229018e-05,3.420766e-05,7.044156e-05
ALL_core_cancer_type_top95,tabpfn_v2_6,v2_6,train,1674,HNSCC,HNSCC,2,2,4.398012e-05,3.271692e-05,0.99981564,5.577966e-05,5.184648e-05
ALL_core_cancer_type_top95,tabpfn_v2_6,v2_6,train,606,BRCA,BRCA,0,0,0.99993443,9.476517e-06,1.299296e-05,1.7582217e-05,2.5509116e-05
ALL_core_cancer_type_top95,tabpfn_v2_6,v2_6,train,2067,LSCC,HNSCC,3,2,0.28300264,0.00021198681,0.30668792,0.20742945,0.20266798
ALL_core_cancer_type_top95,tabpfn_v2_6,v2_6,train,1652,HNSCC,HNSCC,2,2,2.6759544e-05,1.9011792e-05,0.9998901,3.3672924e-05,3.057382e-05
ALL_core_cancer_type_top95,tabpfn_v2_6,v2_6,train,2419,LSCC,LSCC,3,3,2.5328853e-05,1.7283217e-05,3.53412e-05,0.99987674,4.5293946e-05
ALL_core_cancer_type_top95,tabpfn_v2_6,v2_6,train,722,BRCA,BRCA,0,0,0.9999461,7.450179e-06,1.0311048e-05,1.3946736e-05,2.2350538e-05
ALL_core_cancer_type_top95,tabpfn_v2_6,v2_6,train,2040,LSCC,HNSCC,3,2,0.28300264,0.00021198681,0.30668792,0.20742945,0.20266798
ALL_core_cancer_type_top95,tabpfn_v2_6,v2_6,train,2466,LSCC,LSCC,3,3,4.195334e-05,2.4731016e-05,5.732828e-05,0.99980146,7.4610194e-05
ALL_core_cancer_type_top95,tabpfn_v2_6,v2_6,train,1431,HNSCC,HNSCC,2,2,0.28300264,0.00021198681,0.30668792,0.20742945,0.20266798
ALL_core_cancer_type_top95,tabpfn_v2_6,v2_6,train,526,BRCA,BRCA,0,0,0.99994886,7.1521918e-06,9.595857e-06,1.3887172e-05,2.0622152e-05
ALL_core_cancer_type_top95,tabpfn_v2_6,v2_6,train,1590,HNSCC,HNSCC,2,2,2.9262255e-05,2.3362127e-05,0.99987614,3.7546277e-05,3.3612858e-05
ALL_core_cancer_type_top95,tabpfn_v2_6,v2_6,train,2742,LUAD,LUAD,4,4,4.177461e-05,2.4671452e-05,4.535018e-05,8.5575375e-05,0.99980265
ALL_core_cancer_type_top95,tabpfn_v2_6,v2_6,train,1317,ESCA,ESCA,1,1,3.8795086e-05,0.99980575,2.7531996e-05,4.2311076e-05,8.5635234e-05
ALL_core_cancer_type_top95,tabpfn_v2_6,v2_6,train,99,BRCA,HNSCC,0,2,0.28300264,0.00021198681,0.30668792,0.20742945,0.20266798
ALL_core_cancer_type_top95,tabpfn_v2_6,v2_6,train,15,BRCA,HNSCC,0,2,0.28300264,0.00021198681,0.30668792,0.20742945,0.20266798
ALL_core_cancer_type_top95,tabpfn_v2_6,v2_6,train,1670,HNSCC,HNSCC,2,2,5.226176e-05,4.165447e-05,0.99977976,6.614658e-05,6.012784e-05
ALL_core_cancer_type_top95,tabpfn_v2_6,v2_6,train,1105,BRCA,BRCA,0,0,0.9999474,6.973377e-06,1.0191859e-05,1.43639645e-05,2.1098935e-05
ALL_core_cancer_type_top95,tabpfn_v2_6,v2_6,train,2331,LSCC,LSCC,3,3,2.6878337e-05,1.7104396e-05,3.4327986e-05,0.99987507,4.6545414e-05
ALL_core_cancer_type_top95,tabpfn_v2_6,v2_6,train,1405,HNSCC,HNSCC,2,2,0.28300264,0.00021198681,0.30668792,0.20742945,0.20266798
ALL_core_cancer_type_top95,tabpfn_v2_6,v2_6,train,3159,LUAD,LUAD,4,4,5.973462e-05,4.936154e-05,6.4563465e-05,0.00013449231,0.99969184
ALL_core_cancer_type_top95,tabpfn_v2_6,v2_6,train,2612,LSCC,LSCC,3,3,2.5030866e-05,1.698523e-05,3.4089655e-05,0.99987674,4.720106e-05
ALL_core_cancer_type_top95,tabpfn_v2_6,v2_6,train,2182,LSCC,LSCC,3,3,4.481423e-05,2.5803938e-05,4.8747395e-05,0.99981123,6.94263e-05
ALL_core_cancer_type_top95,tabpfn_v2_6,v2_6,train,1128,BRCA,BRCA,0,0,0.99989605,1.2813666e-05,2.1336245e-05,3.0574003e-05,3.9036986e-05
ALL_core_cancer_type_top95,tabpfn_v2_6,v2_6,train,1462,HNSCC,HNSCC,2,2,0.28300264,0.00021198681,0.30668792,0.20742945,0.20266798
ALL_core_cancer_type_top95,tabpfn_v2_6,v2_6,train,1376,ESCA,ESCA,1,1,9.00586e-05,0.99946713,7.5813725e-05,0.00012468736,0.00024222248
ALL_core_cancer_type_top95,tabpfn_v2_6,v2_6,train,2728,LUAD,LUAD,4,4,2.848701e-05,1.6925336e-05,3.3016324e-05,6.233768e-05,0.9998592
ALL_core_cancer_type_top95,tabpfn_v2_6,v2_6,train,3022,LUAD,LUAD,4,4,4.147664e-05,1.9725241e-05,4.4515877e-05,9.177303e-05,0.99980253
ALL_core_cancer_type_top95,tabpfn_v2_6,v2_6,train,2720,LUAD,HNSCC,4,2,0.28300264,0.00021198681,0.30668792,0.20742945,0.20266798
ALL_core_cancer_type_top95,tabpfn_v2_6,v2_6,train,325,BRCA,BRCA,0,0,0.99992967,9.774474e-06,1.40061065e-05,2.0323754e-05,2.6164598e-05
ALL_core_cancer_type_top95,tabpfn_v2_6,v2_6,train,2555,LSCC,LSCC,3,3,3.1705076e-05,1.9368701e-05,3.9035385e-05,0.99985504,5.476873e-05
ALL_core_cancer_type_top95,tabpfn_v2_6,v2_6,train,1894,HNSCC,HNSCC,2,2,2.6223268e-05,1.8296689e-05,0.99989414,3.2123502e-05,2.9143586e-05
ALL_core_cancer_type_top95,tabpfn_v2_6,v2_6,train,2821,LUAD,LUAD,4,4,2.5567351e-05,1.4184218e-05,2.6282522e-05,5.286303e-05,0.999881
ALL_core_cancer_type_top95,tabpfn_v2_6,v2_6,train,2913,LUAD,LUAD,4,4,2.795068e-05,1.4183927e-05,3.1407268e-05,6.591354e-05,0.9998605
ALL_core_cancer_type_top95,tabpfn_v2_6,v2_6,train,339,BRCA,BRCA,0,0,0.9999323,9.178494e-06,1.364854e-05,1.9191397e-05,2.5568661e-05
ALL_core_cancer_type_top95,tabpfn_v2_6,v2_6,train,2639,LUAD,HNSCC,4,2,0.28300264,0.00021198681,0.30668792,0.20742945,0.20266798
ALL_core_cancer_type_top95,tabpfn_v2_6,v2_6,train,2105,LSCC,HNSCC,3,2,0.28300264,0.00021198681,0.30668792,0.20742945,0.20266798
ALL_core_cancer_type_top95,tabpfn_v2_6,v2_6,train,998,BRCA,BRCA,0,0,0.9999368,8.82093e-06,1.2635386e-05,1.7343857e-05,2.4376759e-05
ALL_core_cancer_type_top95,tabpfn_v2_6,v2_6,train,743,BRCA,BRCA,0,0,0.9999223,1.0787602e-05,1.5555603e-05,2.2767204e-05,2.8667606e-05
ALL_core_cancer_type_top95,tabpfn_v2_6,v2_6,train,2277,LSCC,LSCC,3,3,1.9786856e-05,1.376736e-05,2.6104344e-05,0.99990463,3.5699777e-05
ALL_core_cancer_type_top95,tabpfn_v2_6,v2_6,train,1592,HNSCC,HNSCC,2,2,2.3243592e-05,1.597252e-05,0.9999045,2.9501482e-05,2.6819529e-05
ALL_core_cancer_type_top95,tabpfn_v2_6,v2_6,train,141,BRCA,BRCA,0,0,0.9998425,2.1692675e-05,3.152589e-05,4.5590376e-05,5.8760925e-05
ALL_core_cancer_type_top95,tabpfn_v2_6,v2_6,train,1089,BRCA,BRCA,0,0,0.99986017,1.7342527e-05,2.681834e-05,4.0287105e-05,5.5305376e-05
ALL_core_cancer_type_top95,tabpfn_v2_6,v2_6,train,1463,HNSCC,HNSCC,2,2,0.28300264,0.00021198681,0.30668792,0.20742945,0.20266798
ALL_core_cancer_type_top95,tabpfn_v2_6,v2_6,train,2729,LUAD,LUAD,4,4,4.439579e-05,2.43134e-05,5.0533734e-05,9.850502e-05,0.99978226
ALL_core_cancer_type_top95,tabpfn_v2_6,v2_6,train,1152,BRCA,BRCA,0,0,0.9999368,8.463325e-06,1.2337382e-05,1.770146e-05,2.4793966e-05
ALL_core_cancer_type_top95,tabpfn_v2_6,v2_6,train,2658,LUAD,HNSCC,4,2,0.28300264,0.00021198681,0.30668792,0.20742945,0.20266798
ALL_core_cancer_type_top95,tabpfn_v2_6,v2_6,train,436,BRCA,BRCA,0,0,0.99992204,9.655199e-06,1.47808e-05,2.2647999e-05,3.0872798e-05
ALL_core_cancer_type_top95,tabpfn_v2_6,v2_6,train,2984,LUAD,LUAD,4,4,2.9261744e-05,1.3528342e-05,3.3135497e-05,6.5436645e-05,0.9998586
ALL_core_cancer_type_top95,tabpfn_v2_6,v2_6,train,1226,ESCA,ESCA,1,1,3.9212126e-05,0.9998029,2.902174e-05,4.2728105e-05,8.6350105e-05
ALL_core_cancer_type_top95,tabpfn_v2_6,v2_6,train,1352,ESCA,ESCA,1,1,0.00010227312,0.99942917,8.081722e-05,0.00013529137,0.0002524644
ALL_core_cancer_type_top95,tabpfn_v2_6,v2_6,train,850,BRCA,BRCA,0,0,0.9999337,9.41691e-06,1.2992951e-05,1.8774219e-05,2.5032292e-05
ALL_core_cancer_type_top95,tabpfn_v2_6,v2_6,train,1140,BRCA,BRCA,0,0,0.9999409,7.867348e-06,1.0966606e-05,1.656911e-05,2.3721246e-05
ALL_core_cancer_type_top95,tabpfn_v2_6,v2_6,train,1597,HNSCC,HNSCC,2,2,2.1098169e-05,1.537663e-05,0.99991107,2.6581307e-05,2.5925714e-05
ALL_core_cancer_type_top95,tabpfn_v2_6,v2_6,train,1593,HNSCC,HNSCC,2,2,3.6651283e-05,2.5268526e-05,0.9998479,4.4994664e-05,4.5054257e-05
ALL_core_cancer_type_top95,tabpfn_v2_6,v2_6,train,2608,LSCC,LSCC,3,3,3.170508e-05,2.032224e-05,4.0048522e-05,0.99985516,5.280207e-05
ALL_core_cancer_type_top95,tabpfn_v2_6,v2_6,train,2807,LUAD,LUAD,4,4,3.9986662e-05,3.003469e-05,3.992707e-05,9.141511e-05,0.9997986
ALL_core_cancer_type_top95,tabpfn_v2_6,v2_6,train,746,BRCA,BRCA,0,0,0.9999474,7.0329784e-06,1.0072656e-05,1.44235655e-05,2.0979733e-05
ALL_core_cancer_type_top95,tabpfn_v2_6,v2_6,train,3195,LUAD,LUAD,4,4,2.0025303e-05,1.0370247e-05,2.1098087e-05,4.124259e-05,0.99990726
ALL_core_cancer_type_top95,tabpfn_v2_6,v2_6,train,3111,LUAD,LUAD,4,4,3.6590394e-05,2.3003082e-05,4.249015e-05,8.521867e-05,0.99981266
ALL_core_cancer_type_top95,tabpfn_v2_6,v2_6,train,27,BRCA,HNSCC,0,2,0.28300264,0.00021198681,0.30668792,0.20742945,0.20266798
ALL_core_cancer_type_top95,tabpfn_v2_6,v2_6,train,2046,LSCC,HNSCC,3,2,0.28300264,0.00021198681,0.30668792,0.20742945,0.20266798
ALL_core_cancer_type_top95,tabpfn_v2_6,v2_6,train,422,BRCA,BRCA,0,0,0.99984014,2.0560316e-05,3.1823794e-05,5.0000304e-05,5.7568883e-05
ALL_core_cancer_type_top95,tabpfn_v2_6,v2_6,train,2248,LSCC,LSCC,3,3,2.3183578e-05,1.5972235e-05,3.1527285e-05,0.99988663,4.2672087e-05
ALL_core_cancer_type_top95,tabpfn_v2_6,v2_6,train,1433,HNSCC,HNSCC,2,2,0.28300264,0.00021198681,0.30668792,0.20742945,0.20266798
ALL_core_cancer_type_top95,tabpfn_v2_6,v2_6,train,3005,LUAD,LUAD,4,4,2.2527882e-05,1.3528648e-05,2.818965e-05,5.441258e-05,0.99988127
ALL_core_cancer_type_top95,tabpfn_v2_6,v2_6,train,3224,LUAD,LUAD,4,4,5.517926e-05,3.533618e-05,5.7205278e-05,0.000117509175,0.9997347
ALL_core_cancer_type_top95,tabpfn_v2_6,v2_6,train,1361,ESCA,ESCA,1,1,0.000101257334,0.99940354,8.546381e-05,0.00013934058,0.00027033742
ALL_core_cancer_type_top95,tabpfn_v2_6,v2_6,train,333,BRCA,BRCA,0,0,0.9998729,1.770033e-05,2.5328754e-05,3.6533005e-05,4.7737256e-05
ALL_core_cancer_type_top95,tabpfn_v2_6,v2_6,train,2458,LSCC,LSCC,3,3,3.158581e-05,1.889189e-05,4.2015083e-05,0.99985266,5.488779e-05
ALL_core_cancer_type_top95,tabpfn_v2_6,v2_6,train,716,BRCA,BRCA,0,0,0.99994683,7.152177e-06,1.0430258e-05,1.4721564e-05,2.0741314e-05
ALL_core_cancer_type_top95,tabpfn_v2_6,v2_6,train,847,BRCA,BRCA,0,0,0.99994206,7.6289525e-06,1.1026221e-05,1.6449929e-05,2.2827257e-05
ALL_core_cancer_type_top95,tabpfn_v2_6,v2_6,train,2220,LSCC,LSCC,3,3,2.4613842e-05,1.5972179e-05,3.218275e-05,0.9998832,4.404269e-05
ALL_core_cancer_type_top95,tabpfn_v2_6,v2_6,train,62,BRCA,HNSCC,0,2,0.28300264,0.00021198681,0.30668792,0.20742945,0.20266798
ALL_core_cancer_type_top95,tabpfn_v2_6,v2_6,train,1766,HNSCC,HNSCC,2,2,4.3145697e-05,3.6173256e-05,0.99981314,5.953391e-05,4.7853584e-05
ALL_core_cancer_type_top95,tabpfn_v2_6,v2_6,train,2534,LSCC,LSCC,3,3,2.1812933e-05,1.5435928e-05,2.9560697e-05,0.9998915,4.1718726e-05
ALL_core_cancer_type_top95,tabpfn_v2_6,v2_6,train,2518,LSCC,LSCC,3,3,2.6103495e-05,1.7938704e-05,3.563902e-05,0.9998721,4.827359e-05
ALL_core_cancer_type_top95,tabpfn_v2_6,v2_6,train,3072,LUAD,LUAD,4,4,2.4315897e-05,1.3588296e-05,2.69382e-05,5.0181337e-05,0.99988496
ALL_core_cancer_type_top95,tabpfn_v2_6,v2_6,train,1122,BRCA,BRCA,0,0,0.99992466,1.0608827e-05,1.5078839e-05,2.0919655e-05,2.8608074e-05
ALL_core_cancer_type_top95,tabpfn_v2_6,v2_6,train,135,BRCA,BRCA,0,0,0.9998913,1.3349989e-05,2.074016e-05,3.0573858e-05,4.416224e-05
ALL_core_cancer_type_top95,tabpfn_v2_6,v2_6,train,429,BRCA,BRCA,0,0,0.999933,8.463293e-06,1.281414e-05,1.9370213e-05,2.640309e-05
ALL_core_cancer_type_top95,tabpfn_v2_6,v2_6,train,3140,LUAD,LUAD,4,4,4.183442e-05,2.0678837e-05,4.5290828e-05,8.426477e-05,0.9998079
ALL_core_cancer_type_top95,tabpfn_v2_6,v2_6,train,2510,LSCC,LSCC,3,3,2.5507625e-05,1.7759983e-05,3.5102785e-05,0.999876,4.5532302e-05
ALL_core_cancer_type_top95,tabpfn_v2_6,v2_6,train,326,BRCA,BRCA,0,0,0.99982494,2.3956873e-05,3.4624234e-05,5.2860065e-05,6.352743e-05
ALL_core_cancer_type_top95,tabpfn_v2_6,v2_6,train,1987,HNSCC,HNSCC,2,2,6.4506276e-05,5.4252047e-05,0.9997295,8.280889e-05,6.891799e-05
ALL_core_cancer_type_top95,tabpfn_v2_6,v2_6,train,1939,HNSCC,HNSCC,2,2,5.422777e-05,4.2786305e-05,0.99977034,7.1151604e-05,6.149786e-05
ALL_core_cancer_type_top95,tabpfn_v2_6,v2_6,train,2430,LSCC,LSCC,3,3,3.474331e-05,2.28841e-05,5.2681105e-05,0.9998216,6.805636e-05
ALL_core_cancer_type_top95,tabpfn_v2_6,v2_6,train,1588,HNSCC,HNSCC,2,2,2.1217367e-05,1.5495829e-05,0.99991107,2.6223712e-05,2.5925714e-05
ALL_core_cancer_type_top95,tabpfn_v2_6,v2_6,train,1385,ESCA,ESCA,1,1,6.152144e-05,0.9996652,4.804872e-05,7.499416e-05,0.00015022677
ALL_core_cancer_type_top95,tabpfn_v2_6,v2_6,train,989,BRCA,BRCA,0,0,0.9999075,1.2217822e-05,1.8714127e-05,2.7058006e-05,3.4627097e-05
ALL_core_cancer_type_top95,tabpfn_v2_6,v2_6,train,3007,LUAD,LUAD,4,4,2.1991817e-05,1.25156685e-05,2.3302982e-05,4.6665562e-05,0.9998956
ALL_core_cancer_type_top95,tabpfn_v2_6,v2_6,train,622,BRCA,BRCA,0,0,0.99993646,8.642124e-06,1.23373775e-05,1.7820657e-05,2.4674755e-05
ALL_core_cancer_type_top95,tabpfn_v2_6,v2_6,train,2034,LSCC,HNSCC,3,2,0.28300264,0.00021198681,0.30668792,0.20742945,0.20266798
ALL_core_cancer_type_top95,tabpfn_v2_6,v2_6,train,1378,ESCA,ESCA,1,1,2.8486833e-05,0.999853,2.0560581e-05,3.087067e-05,6.6985776e-05
ALL_core_cancer_type_top95,tabpfn_v2_6,v2_6,train,1143,BRCA,BRCA,0,0,0.9999207,1.0668386e-05,1.579398e-05,2.211157e-05,3.0634357e-05
ALL_core_cancer_type_top95,tabpfn_v2_6,v2_6,train,1047,BRCA,BRCA,0,0,0.9999361,8.8209235e-06,1.2337373e-05,1.7343844e-05,2.5211153e-05
ALL_core_cancer_type_top95,tabpfn_v2_6,v2_6,train,2111,LSCC,HNSCC,3,2,0.28300264,0.00021198681,0.30668792,0.20742945,0.20266798
ALL_core_cancer_type_top95,tabpfn_v2_6,v2_6,train,475,BRCA,BRCA,0,0,0.99994135,7.80775e-06,1.1205016e-05,1.609231e-05,2.3542454e-05
ALL_core_cancer_type_top95,tabpfn_v2_6,v2_6,train,516,BRCA,BRCA,0,0,0.99988437,1.6270187e-05,2.306433e-05,3.3791926e-05,4.24336e-05
ALL_core_cancer_type_top95,tabpfn_v2_6,v2_6,train,1067,BRCA,BRCA,0,0,0.9999156,1.04895325e-05,1.698589e-05,2.5925832e-05,3.10514e-05
ALL_core_cancer_type_top95,tabpfn_v2_6,v2_6,train,2307,LSCC,LSCC,3,3,3.2777618e-05,2.0739293e-05,4.1836163e-05,0.99984944,5.5185592e-05
ALL_core_cancer_type_top95,tabpfn_v2_6,v2_6,train,481,BRCA,BRCA,0,0,0.9999063,1.1562218e-05,1.91313e-05,2.729637e-05,3.558064e-05
ALL_core_cancer_type_top95,tabpfn_v2_6,v2_6,train,959,BRCA,BRCA,0,0,0.9999244,9.834023e-06,1.4900035e-05,2.1575252e-05,2.9382869e-05
ALL_core_cancer_type_top95,tabpfn_v2_6,v2_6,train,2074,LSCC,HNSCC,3,2,0.28300264,0.00021198681,0.30668792,0.20742945,0.20266798
ALL_core_cancer_type_top95,tabpfn_v2_6,v2_6,train,460,BRCA,BRCA,0,0,0.99992657,9.059241e-06,1.4125264e-05,1.9191286e-05,3.105174e-05
ALL_core_cancer_type_top95,tabpfn_v2_6,v2_6,train,2140,LSCC,LSCC,3,3,2.646108e-05,1.7998304e-05,3.6175396e-05,0.9998722,4.7260444e-05
ALL_core_cancer_type_top95,tabpfn_v2_6,v2_6,train,2921,LUAD,LUAD,4,4,2.2408945e-05,1.1025678e-05,2.5031268e-05,4.8691778e-05,0.99989283
ALL_core_cancer_type_top95,tabpfn_v2_6,v2_6,train,962,BRCA,BRCA,0,0,0.9999331,9.0593e-06,1.3529349e-05,1.895301e-05,2.527068e-05
ALL_core_cancer_type_top95,tabpfn_v2_6,v2_6,train,2948,LUAD,LUAD,4,4,2.9380726e-05,1.728278e-05,3.4207984e-05,6.7641224e-05,0.99985147
ALL_core_cancer_type_top95,tabpfn_v2_6,v2_6,train,380,BRCA,BRCA,0,0,0.99993277,9.059297e-06,1.3588945e-05,1.87742e-05,2.5747475e-05
ALL_core_cancer_type_top95,tabpfn_v2_6,v2_6,train,2934,LUAD,LUAD,4,4,4.987711e-05,3.217878e-05,5.4108026e-05,0.00010392555,0.99976
ALL_core_cancer_type_top95,tabpfn_v2_6,v2_6,train,46,BRCA,HNSCC,0,2,0.28300264,0.00021198681,0.30668792,0.20742945,0.20266798
ALL_core_cancer_type_top95,tabpfn_v2_6,v2_6,train,997,BRCA,BRCA,0,0,0.9999366,8.701726e-06,1.2635383e-05,1.7582255e-05,2.4495956e-05
ALL_core_cancer_type_top95,tabpfn_v2_6,v2_6,train,196,BRCA,BRCA,0,0,0.9999392,7.867335e-06,1.1801002e-05,1.6569084e-05,2.4615221e-05
ALL_core_cancer_type_top95,tabpfn_v2_6,v2_6,train,2646,LUAD,HNSCC,4,2,0.28300264,0.00021198681,0.30668792,0.20742945,0.20266798
ALL_core_cancer_type_top95,tabpfn_v2_6,v2_6,train,970,BRCA,BRCA,0,0,0.99993396,9.17851e-06,1.346976e-05,1.847622e-05,2.4913095e-05
ALL_core_cancer_type_top95,tabpfn_v2_6,v2_6,train,2335,LSCC,LSCC,3,3,2.3123988e-05,1.5614653e-05,3.1586893e-05,0.999887,4.26721e-05
ALL_core_cancer_type_top95,tabpfn_v2_6,v2_6,train,994,BRCA,BRCA,0,0,0.9998024,3.0511548e-05,3.9629256e-05,5.989083e-05,6.7697496e-05
ALL_core_cancer_type_top95,tabpfn_v2_6,v2_6,train,676,BRCA,BRCA,0,0,0.99993706,8.2845245e-06,1.2396986e-05,1.7463062e-05,2.4793972e-05
ALL_core_cancer_type_top95,tabpfn_v2_6,v2_6,train,2366,LSCC,LSCC,3,3,5.1426414e-05,2.9914321e-05,6.8648005e-05,0.999759,9.0994356e-05
ALL_core_cancer_type_top95,tabpfn_v2_6,v2_6,train,2532,LSCC,LSCC,3,3,2.5090538e-05,1.6866086e-05,3.4089757e-05,0.9998797,4.4221328e-05
ALL_core_cancer_type_top95,tabpfn_v2_6,v2_6,train,318,BRCA,BRCA,0,0,0.9999299,9.238072e-06,1.3529306e-05,1.9906556e-05,2.7356615e-05
ALL_core_cancer_type_top95,tabpfn_v2_6,v2_6,train,1932,HNSCC,HNSCC,2,2,2.3362667e-05,1.8058388e-05,0.99989927,3.027611e-05,2.896494e-05
ALL_core_cancer_type_top95,tabpfn_v2_6,v2_6,train,1861,HNSCC,HNSCC,2,2,4.052435e-05,2.9976101e-05,0.99983203,5.232409e-05,4.5053544e-05
ALL_core_cancer_type_top95,tabpfn_v2_6,v2_6,train,2011,HNSCC,HNSCC,2,2,4.52912e-05,3.009481e-05,0.9998161,5.9414902e-05,4.922438e-05
ALL_core_cancer_type_top95,tabpfn_v2_6,v2_6,train,576,BRCA,BRCA,0,0,0.99994445,7.5097682e-06,1.072824e-05,1.5913556e-05,2.145648e-05
ALL_core_cancer_type_top95,tabpfn_v2_6,v2_6,train,273,BRCA,BRCA,0,0,0.9999367,8.582526e-06,1.233738e-05,1.8059065e-05,2.4197954e-05
ALL_core_cancer_type_top95,tabpfn_v2_6,v2_6,train,753,BRCA,BRCA,0,0,0.9999429,8.16537e-06,1.102623e-05,1.5734728e-05,2.2290864e-05
ALL_core_cancer_type_top95,tabpfn_v2_6,v2_6,train,1666,HNSCC,HNSCC,2,2,3.706829e-05,2.7473445e-05,0.9998436,4.7616664e-05,4.4160133e-05
ALL_core_cancer_type_top95,tabpfn_v2_6,v2_6,train,2300,LSCC,LSCC,3,3,3.4326335e-05,2.0500449e-05,5.2383417e-05,0.99982697,6.579214e-05
ALL_core_cancer_type_top95,tabpfn_v2_6,v2_6,train,1459,HNSCC,HNSCC,2,2,0.28300264,0.00021198681,0.30668792,0.20742945,0.20266798
ALL_core_cancer_type_top95,tabpfn_v2_6,v2_6,train,2284,LSCC,LSCC,3,3,2.24089e-05,1.59723e-05,2.9918265e-05,0.9998908,4.0824725e-05
ALL_core_cancer_type_top95,tabpfn_v2_6,v2_6,train,1508,HNSCC,HNSCC,2,2,0.00013111332,0.0001355235,0.9993829,0.00020096096,0.00014946918
ALL_core_cancer_type_top95,tabpfn_v2_6,v2_6,train,3211,LUAD,LUAD,4,4,0.12622572,0.00044848322,0.12402838,0.30421132,0.4450861
ALL_core_cancer_type_top95,tabpfn_v2_6,v2_6,train,2097,LSCC,HNSCC,3,2,0.28300264,0.00021198681,0.30668792,0.20742945,0.20266798
ALL_core_cancer_type_top95,tabpfn_v2_6,v2_6,train,1458,HNSCC,HNSCC,2,2,0.28300264,0.00021198681,0.30668792,0.20742945,0.20266798
ALL_core_cancer_type_top95,tabpfn_v2_6,v2_6,train,1552,HNSCC,HNSCC,2,2,2.4554523e-05,2.0382638e-05,0.9998945,3.075275e-05,2.979918e-05
ALL_core_cancer_type_top95,tabpfn_v2_6,v2_6,train,1446,HNSCC,HNSCC,2,2,0.28300264,0.00021198681,0.30668792,0.20742945,0.20266798
ALL_core_cancer_type_top95,tabpfn_v2_6,v2_6,train,7,BRCA,HNSCC,0,2,0.28300264,0.00021198681,0.30668792,0.20742945,0.20266798
ALL_core_cancer_type_top95,tabpfn_v2_6,v2_6,train,2544,LSCC,LSCC,3,3,2.783177e-05,1.7759887e-05,3.5519774e-05,0.99987066,4.827352e-05
ALL_core_cancer_type_top95,tabpfn_v2_6,v2_6,train,3151,LUAD,LUAD,4,4,2.3004815e-05,1.3349944e-05,2.431597e-05,5.1433046e-05,0.99988794
ALL_core_cancer_type_top95,tabpfn_v2_6,v2_6,train,2320,LSCC,LSCC,3,3,2.0144404e-05,1.3826928e-05,2.6283082e-05,0.99990237,3.7308866e-05
ALL_core_cancer_type_top95,tabpfn_v2_6,v2_6,train,660,BRCA,BRCA,0,0,0.99993646,8.940128e-06,1.23969785e-05,1.7463051e-05,2.4674755e-05
ALL_core_cancer_type_top95,tabpfn_v2_6,v2_6,train,2605,LSCC,LSCC,3,3,1.942929e-05,1.3230988e-05,2.5508392e-05,0.99990606,3.5819026e-05
ALL_core_cancer_type_top95,tabpfn_v2_6,v2_6,train,3189,LUAD,LUAD,4,4,2.8129627e-05,1.7998193e-05,2.9202367e-05,5.8523925e-05,0.9998661
ALL_core_cancer_type_top95,tabpfn_v2_6,v2_6,train,1562,HNSCC,HNSCC,2,2,2.1992077e-05,1.5853368e-05,0.9999074,2.8845976e-05,2.586602e-05
ALL_core_cancer_type_top95,tabpfn_v2_6,v2_6,train,888,BRCA,BRCA,0,0,0.9999398,8.046142e-06,1.1622206e-05,1.6747897e-05,2.372122e-05
ALL_core_cancer_type_top95,tabpfn_v2_6,v2_6,train,2096,LSCC,HNSCC,3,2,0.28300264,0.00021198681,0.30668792,0.20742945,0.20266798
ALL_core_cancer_type_top95,tabpfn_v2_6,v2_6,train,2762,LUAD,LUAD,4,4,2.264734e-05,1.2754029e-05,2.3958502e-05,4.767861e-05,0.99989295
ALL_core_cancer_type_top95,tabpfn_v2_6,v2_6,train,3158,LUAD,LUAD,4,4,2.8248938e-05,1.585278e-05,3.0394427e-05,5.5186745e-05,0.9998703
ALL_core_cancer_type_top95,tabpfn_v2_6,v2_6,train,1483,HNSCC,HNSCC,2,2,0.28300264,0.00021198681,0.30668792,0.20742945,0.20266798
ALL_core_cancer_type_top95,tabpfn_v2_6,v2_6,train,809,BRCA,BRCA,0,0,0.9999106,1.1621867e-05,1.72838e-05,2.61641e-05,3.4269608e-05
ALL_core_cancer_type_top95,tabpfn_v2_6,v2_6,train,3055,LUAD,LUAD,4,4,2.7414555e-05,1.5495183e-05,2.8725686e-05,5.9060487e-05,0.99986935
ALL_core_cancer_type_top95,tabpfn_v2_6,v2_6,train,319,BRCA,BRCA,0,0,0.9999112,1.1145079e-05,1.7820206e-05,2.664091e-05,3.301804e-05
ALL_core_cancer_type_top95,tabpfn_v2_6,v2_6,train,1911,HNSCC,HNSCC,2,2,2.5567597e-05,1.9905776e-05,0.9998907,3.1825402e-05,3.1944597e-05
ALL_core_cancer_type_top95,tabpfn_v2_6,v2_6,train,1503,HNSCC,HNSCC,2,2,2.0502224e-05,1.4959471e-05,0.99991345,2.5866177e-05,2.5091384e-05
ALL_core_cancer_type_top95,tabpfn_v2_6,v2_6,train,2202,LSCC,LSCC,3,3,3.2360233e-05,2.0739155e-05,4.517322e-05,0.99984276,5.899932e-05
ALL_core_cancer_type_top95,tabpfn_v2_6,v2_6,train,2152,LSCC,LSCC,3,3,2.2885657e-05,1.5435899e-05,3.1288986e-05,0.9998896,4.0824674e-05
ALL_core_cancer_type_top95,tabpfn_v2_6,v2_6,train,2967,LUAD,LUAD,4,4,2.5507625e-05,1.2575021e-05,2.7593529e-05,5.8286118e-05,0.999876
ALL_core_cancer_type_top95,tabpfn_v2_6,v2_6,train,2414,LSCC,LSCC,3,3,2.9082968e-05,1.8951607e-05,3.939312e-05,0.9998591,5.3457832e-05
ALL_core_cancer_type_top95,tabpfn_v2_6,v2_6,train,63,BRCA,HNSCC,0,2,0.28300264,0.00021198681,0.30668792,0.20742945,0.20266798
ALL_core_cancer_type_top95,tabpfn_v2_6,v2_6,train,2165,LSCC,LSCC,3,3,2.729538e-05,1.7998264e-05,3.5877336e-05,0.99987006,4.869067e-05
ALL_core_cancer_type_top95,tabpfn_v2_6,v2_6,train,1900,HNSCC,HNSCC,2,2,3.7723643e-05,2.9320745e-05,0.99983835,5.0179e-05,4.4517474e-05
ALL_core_cancer_type_top95,tabpfn_v2_6,v2_6,train,513,BRCA,BRCA,0,0,0.9999285,1.0132065e-05,1.42444915e-05,2.020453e-05,2.6939373e-05
ALL_core_cancer_type_top95,tabpfn_v2_6,v2_6,train,2447,LSCC,LSCC,3,3,2.288563e-05,1.5614674e-05,3.0990956e-05,0.9998884,4.2076183e-05
ALL_core_cancer_type_top95,tabpfn_v2_6,v2_6,train,3135,LUAD,LUAD,4,4,5.6131274e-05,4.0161867e-05,6.5546075e-05,0.0001284703,0.99970967
ALL_core_cancer_type_top95,tabpfn_v2_6,v2_6,train,247,BRCA,BRCA,0,0,0.99993443,8.88051e-06,1.299296e-05,1.8297425e-05,2.5449515e-05
ALL_core_cancer_type_top95,tabpfn_v2_6,v2_6,train,311,BRCA,BRCA,0,0,0.9999329,9.118899e-06,1.3052541e-05,1.9191408e-05,2.5747479e-05
ALL_core_cancer_type_top95,tabpfn_v2_6,v2_6,train,1757,HNSCC,HNSCC,2,2,3.760458e-05,2.8546106e-05,0.9998417,4.886807e-05,4.3206528e-05
ALL_core_cancer_type_top95,tabpfn_v2_6,v2_6,train,2475,LSCC,LSCC,3,3,2.0680662e-05,1.4661218e-05,2.8130467e-05,0.99989605,4.046735e-05
ALL_core_cancer_type_top95,tabpfn_v2_6,v2_6,train,583,BRCA,BRCA,0,0,0.99991727,9.8935525e-06,1.6389922e-05,2.3959085e-05,3.2541444e-05
ALL_core_cancer_type_top95,tabpfn_v2_6,v2_6,train,1710,HNSCC,HNSCC,2,2,4.499325e-05,3.1823038e-05,0.9998165,5.5422144e-05,5.131018e-05
ALL_core_cancer_type_top95,tabpfn_v2_6,v2_6,train,3162,LUAD,LUAD,4,4,2.920204e-05,1.6567688e-05,3.3135377e-05,6.615156e-05,0.9998549
ALL_core_cancer_type_top95,tabpfn_v2_6,v2_6,train,148,BRCA,BRCA,0,0,0.9997924,2.6935706e-05,4.0284373e-05,6.197596e-05,7.836383e-05
ALL_core_cancer_type_top95,tabpfn_v2_6,v2_6,train,844,BRCA,BRCA,0,0,0.99993134,1.0012893e-05,1.3588926e-05,1.9131778e-05,2.6045442e-05
ALL_core_cancer_type_top95,tabpfn_v2_6,v2_6,train,1810,HNSCC,HNSCC,2,2,2.4733363e-05,1.9131106e-05,0.9998963,3.09912e-05,2.8845656e-05
ALL_core_cancer_type_top95,tabpfn_v2_6,v2_6,train,266,BRCA,BRCA,0,0,0.9999465,7.2713774e-06,1.03110515e-05,1.5079168e-05,2.0860509e-05
ALL_core_cancer_type_top95,tabpfn_v2_6,v2_6,train,86,BRCA,HNSCC,0,2,0.28300264,0.00021198681,0.30668792,0.20742945,0.20266798
ALL_core_cancer_type_top95,tabpfn_v2_6,v2_6,train,2794,LUAD,LUAD,4,4,2.18131e-05,1.132374e-05,2.2468685e-05,4.5175766e-05,0.99989915
ALL_core_cancer_type_top95,tabpfn_v2_6,v2_6,train,109,BRCA,HNSCC,0,2,0.28300264,0.00021198681,0.30668792,0.20742945,0.20266798
ALL_core_cancer_type_top95,tabpfn_v2_6,v2_6,train,1132,BRCA,BRCA,0,0,0.9999392,8.582547e-06,1.1860603e-05,1.7463099e-05,2.2886792e-05
ALL_core_cancer_type_top95,tabpfn_v2_6,v2_6,train,3080,LUAD,LUAD,4,4,0.0007592913,0.0009190668,0.0006672415,0.0013421142,0.99631226
ALL_core_cancer_type_top95,tabpfn_v2_6,v2_6,train,194,BRCA,BRCA,0,0,0.9998894,1.5257101e-05,2.0680523e-05,3.3136515e-05,4.1420644e-05
ALL_core_cancer_type_top95,tabpfn_v2_6,v2_6,train,2291,LSCC,LSCC,3,3,2.7831647e-05,1.811739e-05,3.653276e-05,0.99986625,5.125314e-05
ALL_core_cancer_type_top95,tabpfn_v2_6,v2_6,train,1372,ESCA,ESCA,1,1,3.8139886e-05,0.9998142,2.6578731e-05,3.9272163e-05,8.188157e-05
ALL_core_cancer_type_top95,tabpfn_v2_6,v2_6,train,1631,HNSCC,HNSCC,2,2,2.7176602e-05,2.1872396e-05,0.9998853,3.3553566e-05,3.188483e-05
ALL_core_cancer_type_top95,tabpfn_v2_6,v2_6,train,730,BRCA,BRCA,0,0,0.9998926,1.6508713e-05,2.0859385e-05,2.8666755e-05,4.136118e-05
ALL_core_cancer_type_top95,tabpfn_v2_6,v2_6,train,2756,LUAD,LUAD,4,4,3.0036452e-05,1.8593993e-05,3.1526353e-05,6.269513e-05,0.9998572
ALL_core_cancer_type_top95,tabpfn_v2_6,v2_6,train,2912,LUAD,LUAD,4,4,3.7722733e-05,2.5804018e-05,4.1417537e-05,8.06897e-05,0.99981433
ALL_core_cancer_type_top95,tabpfn_v2_6,v2_6,train,81,BRCA,HNSCC,0,2,0.28300264,0.00021198681,0.30668792,0.20742945,0.20266798
ALL_core_cancer_type_top95,tabpfn_v2_6,v2_6,train,2372,LSCC,LSCC,3,3,3.6054702e-05,2.3003497e-05,4.6722125e-05,0.9998306,6.352779e-05
ALL_core_cancer_type_top95,tabpfn_v2_6,v2_6,train,896,BRCA,BRCA,0,0,0.9998405,2.1513846e-05,3.1764208e-05,4.7497328e-05,5.8939593e-05
ALL_core_cancer_type_top95,tabpfn_v2_6,v2_6,train,1892,HNSCC,HNSCC,2,2,3.4803437e-05,3.7604397e-05,0.9998369,4.898703e-05,4.1597257e-05
ALL_core_cancer_type_top95,tabpfn_v2_6,v2_6,train,2269,LSCC,LSCC,3,3,2.6937762e-05,1.7342674e-05,3.6413654e-05,0.99986863,5.0597697e-05
ALL_core_cancer_type_top95,tabpfn_v2_6,v2_6,train,236,BRCA,BRCA,0,0,0.9999083,1.3171419e-05,1.7998953e-05,2.5210453e-05,3.5401914e-05
ALL_core_cancer_type_top95,tabpfn_v2_6,v2_6,train,1573,HNSCC,HNSCC,2,2,2.1038548e-05,1.6211006e-05,0.9999101,2.676008e-05,2.598529e-05
ALL_core_cancer_type_top95,tabpfn_v2_6,v2_6,train,1999,HNSCC,HNSCC,2,2,4.17757e-05,2.9976001e-05,0.9998287,5.2204727e-05,4.7317983e-05
ALL_core_cancer_type_top95,tabpfn_v2_6,v2_6,train,2427,LSCC,LSCC,3,3,2.2528122e-05,1.5435935e-05,2.9799105e-05,0.999892,4.0347986e-05
ALL_core_cancer_type_top95,tabpfn_v2_6,v2_6,train,1735,HNSCC,HNSCC,2,2,2.282647e-05,1.6210966e-05,0.9999076,2.6700414e-05,2.6581216e-05
ALL_core_cancer_type_top95,tabpfn_v2_6,v2_6,train,1174,BRCA,BRCA,0,0,0.99990225,1.4005723e-05,1.9548412e-05,2.8547835e-05,3.5461297e-05
ALL_core_cancer_type_top95,tabpfn_v2_6,v2_6,train,1989,HNSCC,HNSCC,2,2,0.00046345676,0.0004205441,0.9979845,0.00060411496,0.00052734895
ALL_core_cancer_type_top95,tabpfn_v2_6,v2_6,train,851,BRCA,BRCA,0,0,0.99992824,9.595659e-06,1.472129e-05,2.091973e-05,2.6522164e-05
ALL_core_cancer_type_top95,tabpfn_v2_6,v2_6,train,2338,LSCC,LSCC,3,3,2.1693791e-05,1.5257172e-05,2.9918361e-05,0.999894,3.9096503e-05
ALL_core_cancer_type_top95,tabpfn_v2_6,v2_6,train,1850,HNSCC,HNSCC,2,2,3.6472386e-05,2.7413886e-05,0.9998449,4.8033893e-05,4.3147073e-05
ALL_core_cancer_type_top95,tabpfn_v2_6,v2_6,train,3168,LUAD,LUAD,4,4,3.8974245e-05,2.4373801e-05,4.1894335e-05,7.925955e-05,0.9998155
ALL_core_cancer_type_top95,tabpfn_v2_6,v2_6,train,1310,ESCA,ESCA,1,1,3.676902e-05,0.9998084,2.777044e-05,4.1298103e-05,8.5873835e-05
ALL_core_cancer_type_top95,tabpfn_v2_6,v2_6,train,1217,ESCA,ESCA,1,1,7.778724e-05,0.9995526,7.057479e-05,0.00010210693,0.0001969418
ALL_core_cancer_type_top95,tabpfn_v2_6,v2_6,train,2187,LSCC,LSCC,3,3,7.5529824e-05,3.5767873e-05,0.00010497871,0.9996539,0.00012983738
ALL_core_cancer_type_top95,tabpfn_v2_6,v2_6,train,967,BRCA,BRCA,0,0,0.9998579,1.7819257e-05,2.6579895e-05,4.457794e-05,5.3100193e-05
ALL_core_cancer_type_top95,tabpfn_v2_6,v2_6,train,1200,BRCA,BRCA,0,0,0.9999058,1.2396598e-05,1.7998907e-05,2.586598e-05,3.7904985e-05
ALL_core_cancer_type_top95,tabpfn_v2_6,v2_6,train,2574,LSCC,LSCC,3,3,2.88447e-05,1.8653702e-05,3.7724578e-05,0.99986315,5.161056e-05
ALL_core_cancer_type_top95,tabpfn_v2_6,v2_6,train,248,BRCA,BRCA,0,0,0.9999453,7.33097e-06,1.0728249e-05,1.5615562e-05,2.0979687e-05
ALL_core_cancer_type_top95,tabpfn_v2_6,v2_6,train,491,BRCA,BRCA,0,0,0.9999372,8.7613325e-06,1.2337387e-05,1.722466e-05,2.443637e-05
ALL_core_cancer_type_top95,tabpfn_v2_6,v2_6,train,3185,LUAD,LUAD,4,4,2.8189286e-05,1.6329524e-05,3.0215579e-05,5.679575e-05,0.9998684
ALL_core_cancer_type_top95,tabpfn_v2_6,v2_6,train,1303,ESCA,ESCA,1,1,3.7782207e-05,0.9998111,2.7710925e-05,4.0583094e-05,8.2834806e-05
ALL_core_cancer_type_top95,tabpfn_v2_6,v2_6,train,943,BRCA,BRCA,0,0,0.99990916,1.25158385e-05,1.7700972e-05,2.6044863e-05,3.4567554e-05
ALL_core_cancer_type_top95,tabpfn_v2_6,v2_6,train,410,BRCA,BRCA,0,0,0.99993813,8.463336e-06,1.1741388e-05,1.7105474e-05,2.4436393e-05
ALL_core_cancer_type_top95,tabpfn_v2_6,v2_6,train,439,BRCA,BRCA,0,0,0.9999261,9.89364e-06,1.4065657e-05,2.1336886e-05,2.8608116e-05
ALL_core_cancer_type_top95,tabpfn_v2_6,v2_6,train,2509,LSCC,LSCC,3,3,2.2408922e-05,1.4780352e-05,2.9918294e-05,0.99989176,4.1122752e-05
ALL_core_cancer_type_top95,tabpfn_v2_6,v2_6,train,3003,LUAD,LUAD,4,4,2.389879e-05,1.1383214e-05,2.4852357e-05,5.1731047e-05,0.9998882
ALL_core_cancer_type_top95,tabpfn_v2_6,v2_6,train,2358,LSCC,LSCC,3,3,2.7712436e-05,1.8415361e-05,3.8499427e-05,0.99986565,4.9703594e-05
ALL_core_cancer_type_top95,tabpfn_v2_6,v2_6,train,2576,LSCC,LSCC,3,3,0.0018818561,0.0009948179,0.0017025408,0.9928112,0.002609609
ALL_core_cancer_type_top95,tabpfn_v2_6,v2_6,train,2224,LSCC,LSCC,3,3,2.133622e-05,1.4839996e-05,2.902441e-05,0.99989486,3.9930914e-05
ALL_core_cancer_type_top95,tabpfn_v2_6,v2_6,train,495,BRCA,BRCA,0,0,0.99991083,1.3171452e-05,1.8118197e-05,2.4316527e-05,3.3673623e-05
ALL_core_cancer_type_top95,tabpfn_v2_6,v2_6,train,1138,BRCA,BRCA,0,0,0.9999021,1.2694547e-05,1.9190817e-05,2.8726627e-05,3.7308855e-05
ALL_core_cancer_type_top95,tabpfn_v2_6,v2_6,train,946,BRCA,BRCA,0,0,0.99993765,8.284529e-06,1.2575796e-05,1.740347e-05,2.3959574e-05
ALL_core_cancer_type_top95,tabpfn_v2_6,v2_6,train,980,BRCA,BRCA,0,0,0.9999013,1.4184506e-05,1.9846388e-05,2.8130617e-05,3.6534042e-05
ALL_core_cancer_type_top95,tabpfn_v2_6,v2_6,train,918,BRCA,BRCA,0,0,0.9999311,9.834089e-06,1.3588923e-05,1.9787378e-05,2.5687832e-05
ALL_core_cancer_type_top95,tabpfn_v2_6,v2_6,train,362,BRCA,BRCA,0,0,0.99994564,7.2713715e-06,1.0370644e-05,1.4959953e-05,2.1694912e-05
ALL_core_cancer_type_top95,tabpfn_v2_6,v2_6,train,110,BRCA,HNSCC,0,2,0.28300264,0.00021198681,0.30668792,0.20742945,0.20266798
ALL_core_cancer_type_top95,tabpfn_v2_6,v2_6,train,1347,ESCA,ESCA,1,1,0.0010268844,0.99197227,0.0009634789,0.0024465974,0.0035907584
ALL_core_cancer_type_top95,tabpfn_v2_6,v2_6,train,1480,HNSCC,HNSCC,2,2,0.28300264,0.00021198681,0.30668792,0.20742945,0.20266798
ALL_core_cancer_type_top95,tabpfn_v2_6,v2_6,train,2299,LSCC,LSCC,3,3,2.4375475e-05,1.6746964e-05,3.1527205e-05,0.9998841,4.3148764e-05
ALL_core_cancer_type_top95,tabpfn_v2_6,v2_6,train,2313,LSCC,LSCC,3,3,2.109783e-05,1.4899598e-05,2.8607228e-05,0.9998951,4.0228915e-05
ALL_core_cancer_type_top95,tabpfn_v2_6,v2_6,train,367,BRCA,BRCA,0,0,0.99993706,8.463327e-06,1.269499e-05,1.7641865e-05,2.4078761e-05
ALL_core_cancer_type_top95,tabpfn_v2_6,v2_6,train,557,BRCA,BRCA,0,0,0.9998449,1.9726078e-05,2.9261342e-05,4.874904e-05,5.7211586e-05
ALL_core_cancer_type_top95,tabpfn_v2_6,v2_6,train,1545,HNSCC,HNSCC,2,2,3.9273076e-05,2.8903552e-05,0.9998374,4.9702194e-05,4.4755812e-05
ALL_core_cancer_type_top95,tabpfn_v2_6,v2_6,train,3142,LUAD,LUAD,4,4,2.3839184e-05,1.3111551e-05,2.538873e-05,4.9823895e-05,0.9998878
ALL_core_cancer_type_top95,tabpfn_v2_6,v2_6,train,2520,LSCC,LSCC,3,3,2.8129523e-05,1.7819337e-05,4.02872e-05,0.99986243,5.131254e-05
ALL_core_cancer_type_top95,tabpfn_v2_6,v2_6,train,1640,HNSCC,HNSCC,2,2,2.5805999e-05,2.0561361e-05,0.99989104,3.2183e-05,3.0395056e-05
ALL_core_cancer_type_top95,tabpfn_v2_6,v2_6,train,235,BRCA,BRCA,0,0,0.9998288,2.1215621e-05,3.4922345e-05,5.1966355e-05,6.3110514e-05
ALL_core_cancer_type_top95,tabpfn_v2_6,v2_6,train,1760,HNSCC,HNSCC,2,2,3.814095e-05,2.9797618e-05,0.99984217,4.6245907e-05,4.3623713e-05
ALL_core_cancer_type_top95,tabpfn_v2_6,v2_6,train,1285,ESCA,ESCA,1,1,3.2240692e-05,0.9998319,2.318231e-05,3.5577992e-05,7.723464e-05
ALL_core_cancer_type_top95,tabpfn_v2_6,v2_6,train,2262,LSCC,LSCC,3,3,3.492294e-05,2.0620031e-05,4.2491567e-05,0.999846,5.5960143e-05
ALL_core_cancer_type_top95,tabpfn_v2_6,v2_6,train,3150,LUAD,LUAD,4,4,1.931013e-05,1.0370255e-05,2.0561713e-05,4.165982e-05,0.9999081
ALL_core_cancer_type_top95,tabpfn_v2_6,v2_6,train,693,BRCA,BRCA,0,0,0.9999355,8.701717e-06,1.2992975e-05,1.7761038e-05,2.5032336e-05
ALL_core_cancer_type_top95,tabpfn_v2_6,v2_6,train,254,BRCA,BRCA,0,0,0.9999366,9.118932e-06,1.2158576e-05,1.728425e-05,2.485356e-05
ALL_core_cancer_type_top95,tabpfn_v2_6,v2_6,train,2164,LSCC,LSCC,3,3,3.0453726e-05,1.9070827e-05,3.849923e-05,0.9998605,5.155083e-05
ALL_core_cancer_type_top95,tabpfn_v2_6,v2_6,train,1032,BRCA,BRCA,0,0,0.9999286,1.00128655e-05,1.376769e-05,2.0323732e-05,2.7296977e-05
ALL_core_cancer_type_top95,tabpfn_v2_6,v2_6,train,2436,LSCC,LSCC,3,3,0.001622992,0.0009359381,0.0015629164,0.9930651,0.002813059
ALL_core_cancer_type_top95,tabpfn_v2_6,v2_6,train,1873,HNSCC,HNSCC,2,2,2.3243523e-05,1.704525e-05,0.99990153,2.9918585e-05,2.8190221e-05
ALL_core_cancer_type_top95,tabpfn_v2_6,v2_6,train,1321,ESCA,ESCA,1,1,3.8020033e-05,0.9997967,2.7948894e-05,4.2906617e-05,9.445415e-05
ALL_core_cancer_type_top95,tabpfn_v2_6,v2_6,train,2191,LSCC,LSCC,3,3,2.5865222e-05,1.692563e-05,3.4924007e-05,0.9998765,4.5711116e-05
ALL_core_cancer_type_top95,tabpfn_v2_6,v2_6,train,3047,LUAD,LUAD,4,4,2.6997306e-05,1.6746673e-05,2.818924e-05,6.126541e-05,0.9998667
ALL_core_cancer_type_top95,tabpfn_v2_6,v2_6,train,2939,LUAD,LUAD,4,4,2.4017929e-05,1.3707503e-05,2.5269483e-05,5.125414e-05,0.9998858
ALL_core_cancer_type_top95,tabpfn_v2_6,v2_6,train,1181,BRCA,BRCA,0,0,0.9998989,1.2992499e-05,1.9727144e-05,2.9262923e-05,3.9156293e-05
ALL_core_cancer_type_top95,tabpfn_v2_6,v2_6,train,1738,HNSCC,HNSCC,2,2,2.8368517e-05,2.1276388e-05,0.9998839,3.40899e-05,3.248076e-05
ALL_core_cancer_type_top95,tabpfn_v2_6,v2_6,train,33,BRCA,HNSCC,0,2,0.28300264,0.00021198681,0.30668792,0.20742945,0.20266798
ALL_core_cancer_type_top95,tabpfn_v2_6,v2_6,train,2575,LSCC,LSCC,3,3,4.028518e-05,2.4731287e-05,4.970095e-05,0.9998124,7.28828e-05
ALL_core_cancer_type_top95,tabpfn_v2_6,v2_6,train,3136,LUAD,LUAD,4,4,2.0621128e-05,1.090655e-05,2.3839453e-05,4.5533357e-05,0.99989915
ALL_core_cancer_type_top95,tabpfn_v2_6,v2_6,train,28,BRCA,HNSCC,0,2,0.28300264,0.00021198681,0.30668792,0.20742945,0.20266798
ALL_core_cancer_type_top95,tabpfn_v2_6,v2_6,train,841,BRCA,BRCA,0,0,0.99992144,1.0727993e-05,1.531719e-05,2.2945986e-05,2.9680781e-05
ALL_core_cancer_type_top95,tabpfn_v2_6,v2_6,train,2053,LSCC,HNSCC,3,2,0.28300264,0.00021198681,0.30668792,0.20742945,0.20266798
ALL_core_cancer_type_top95,tabpfn_v2_6,v2_6,train,435,BRCA,BRCA,0,0,0.99992895,1.019167e-05,1.4184898e-05,1.9429734e-05,2.7177786e-05
ALL_core_cancer_type_top95,tabpfn_v2_6,v2_6,train,554,BRCA,BRCA,0,0,0.9999237,1.0787618e-05,1.5496025e-05,2.1456035e-05,2.8548448e-05
ALL_core_cancer_type_top95,tabpfn_v2_6,v2_6,train,1373,ESCA,ESCA,1,1,6.348723e-05,0.9996421,5.1922416e-05,8.4053514e-05,0.00015844981
ALL_core_cancer_type_top95,tabpfn_v2_6,v2_6,train,2312,LSCC,LSCC,3,3,3.2777374e-05,2.157347e-05,4.3921682e-05,0.9998419,5.9833605e-05
ALL_core_cancer_type_top95,tabpfn_v2_6,v2_6,train,1369,ESCA,ESCA,1,1,3.4504836e-05,0.99981886,2.6638449e-05,3.8795595e-05,8.1107224e-05
ALL_core_cancer_type_top95,tabpfn_v2_6,v2_6,train,75,BRCA,HNSCC,0,2,0.28300264,0.00021198681,0.30668792,0.20742945,0.20266798
ALL_core_cancer_type_top95,tabpfn_v2_6,v2_6,train,584,BRCA,BRCA,0,0,0.99994946,6.675383e-06,9.774668e-06,1.3589172e-05,2.0502961e-05
ALL_core_cancer_type_top95,tabpfn_v2_6,v2_6,train,2508,LSCC,LSCC,3,3,3.706769e-05,2.2526667e-05,4.7198733e-05,0.9998274,6.579217e-05
ALL_core_cancer_type_top95,tabpfn_v2_6,v2_6,train,609,BRCA,BRCA,0,0,0.9999459,7.4501772e-06,1.0430248e-05,1.46619495e-05,2.1516113e-05
ALL_core_cancer_type_top95,tabpfn_v2_6,v2_6,train,666,BRCA,BRCA,0,0,0.99993837,8.4633375e-06,1.2039396e-05,1.7343882e-05,2.3721186e-05
ALL_core_cancer_type_top95,tabpfn_v2_6,v2_6,train,3222,LUAD,LUAD,4,4,5.3332107e-05,3.2595155e-05,5.9112233e-05,0.00011828406,0.9997366
ALL_core_cancer_type_top95,tabpfn_v2_6,v2_6,train,2780,LUAD,LUAD,4,4,0.10821863,0.0028992584,0.107608266,0.33912167,0.44215217
ALL_core_cancer_type_top95,tabpfn_v2_6,v2_6,train,90,BRCA,HNSCC,0,2,0.28300264,0.00021198681,0.30668792,0.20742945,0.20266798
ALL_core_cancer_type_top95,tabpfn_v2_6,v2_6,train,1365,ESCA,ESCA,1,1,4.0463055e-05,0.99979,2.9259734e-05,4.624349e-05,9.3917195e-05
ALL_core_cancer_type_top95,tabpfn_v2_6,v2_6,train,950,BRCA,BRCA,0,0,0.9999422,7.748155e-06,1.0787817e-05,1.5138705e-05,2.4078885e-05
ALL_core_cancer_type_top95,tabpfn_v2_6,v2_6,train,1814,HNSCC,HNSCC,2,2,3.5876343e-05,2.7950173e-05,0.9998424,4.7557012e-05,4.618632e-05
ALL_core_cancer_type_top95,tabpfn_v2_6,v2_6,train,864,BRCA,BRCA,0,0,0.9999001,1.3528903e-05,1.9846364e-05,2.9620549e-05,3.701079e-05
ALL_core_cancer_type_top95,tabpfn_v2_6,v2_6,train,1300,ESCA,ESCA,1,1,3.4624085e-05,0.99982065,2.4552708e-05,3.903404e-05,8.116697e-05
ALL_core_cancer_type_top95,tabpfn_v2_6,v2_6,train,160,BRCA,BRCA,0,0,0.99989676,1.3648055e-05,1.9965495e-05,3.1110412e-05,3.8441027e-05
ALL_core_cancer_type_top95,tabpfn_v2_6,v2_6,train,125,BRCA,BRCA,0,0,0.9998105,2.4254494e-05,3.8497303e-05,5.8580263e-05,6.817479e-05
ALL_core_cancer_type_top95,tabpfn_v2_6,v2_6,train,1268,ESCA,ESCA,1,1,8.058016e-05,0.99944574,6.7050794e-05,0.00013886965,0.00026772637
ALL_core_cancer_type_top95,tabpfn_v2_6,v2_6,train,3040,LUAD,LUAD,4,4,2.9202329e-05,1.5852693e-05,3.0275067e-05,5.989457e-05,0.9998648
ALL_core_cancer_type_top95,tabpfn_v2_6,v2_6,train,2404,LSCC,LSCC,3,3,3.6650807e-05,2.0977372e-05,4.5530433e-05,0.9998349,6.1859406e-05
ALL_core_cancer_type_top95,tabpfn_v2_6,v2_6,train,1363,ESCA,ESCA,1,1,7.093739e-05,0.9996225,5.3888572e-05,8.4767205e-05,0.00016786529
ALL_core_cancer_type_top95,tabpfn_v2_6,v2_6,train,2275,LSCC,LSCC,3,3,3.0274858e-05,1.9309162e-05,3.9869843e-05,0.9998579,5.268302e-05
ALL_core_cancer_type_top95,tabpfn_v2_6,v2_6,train,846,BRCA,BRCA,0,0,0.9999473,7.1521804e-06,1.0251459e-05,1.4363963e-05,2.1039332e-05
ALL_core_cancer_type_top95,tabpfn_v2_6,v2_6,train,3227,LUAD,LUAD,4,4,2.46139e-05,1.3111521e-05,2.6223042e-05,5.0479357e-05,0.99988556
ALL_core_cancer_type_top95,tabpfn_v2_6,v2_6,train,620,BRCA,BRCA,0,0,0.99993396,9.23811e-06,1.257575e-05,1.847622e-05,2.5628306e-05
ALL_core_cancer_type_top95,tabpfn_v2_6,v2_6,train,2071,LSCC,HNSCC,3,2,0.28300264,0.00021198681,0.30668792,0.20742945,0.20266798
ALL_core_cancer_type_top95,tabpfn_v2_6,v2_6,train,3042,LUAD,LUAD,4,4,3.1466316e-05,1.9547257e-05,3.611475e-05,6.96669e-05,0.9998431
ALL_core_cancer_type_top95,tabpfn_v2_6,v2_6,train,1934,HNSCC,HNSCC,2,2,3.2062984e-05,2.3600263e-05,0.9998654,4.2969164e-05,3.587717e-05
ALL_core_cancer_type_top95,tabpfn_v2_6,v2_6,train,68,BRCA,HNSCC,0,2,0.28300264,0.00021198681,0.30668792,0.20742945,0.20266798
ALL_core_cancer_type_top95,tabpfn_v2_6,v2_6,train,1209,ESCA,ESCA,1,1,3.331307e-05,0.9998222,2.4373965e-05,3.9987604e-05,8.015399e-05
ALL_core_cancer_type_top95,tabpfn_v2_6,v2_6,train,1921,HNSCC,HNSCC,2,2,2.2051676e-05,1.6032165e-05,0.9999074,2.8130788e-05,2.6342814e-05
ALL_core_cancer_type_top95,tabpfn_v2_6,v2_6,train,2634,LUAD,HNSCC,4,2,0.28300264,0.00021198681,0.30668792,0.20742945,0.20266798
ALL_core_cancer_type_top95,tabpfn_v2_6,v2_6,train,798,BRCA,BRCA,0,0,0.99986887,1.7044693e-05,2.6937767e-05,3.8976326e-05,4.809464e-05
ALL_core_cancer_type_top95,tabpfn_v2_6,v2_6,train,3202,LUAD,LUAD,4,4,2.4792595e-05,1.3707444e-05,2.6461326e-05,5.3578227e-05,0.9998815
ALL_core_cancer_type_top95,tabpfn_v2_6,v2_6,train,3127,LUAD,LUAD,4,4,2.2706936e-05,1.1860053e-05,2.562725e-05,4.696343e-05,0.99989283
ALL_core_cancer_type_top95,tabpfn_v2_6,v2_6,train,625,BRCA,BRCA,0,0,0.99977726,3.2954027e-05,4.5527806e-05,6.483541e-05,7.949489e-05
ALL_core_cancer_type_top95,tabpfn_v2_6,v2_6,train,566,BRCA,BRCA,0,0,0.9999385,8.463339e-06,1.2039398e-05,1.7224684e-05,2.3899993e-05
ALL_core_cancer_type_top95,tabpfn_v2_6,v2_6,train,2099,LSCC,HNSCC,3,2,0.28300264,0.00021198681,0.30668792,0.20742945,0.20266798
ALL_core_cancer_type_top95,tabpfn_v2_6,v2_6,train,2420,LSCC,LSCC,3,3,6.569587e-05,3.5888308e-05,9.204576e-05,0.99968755,0.00011881295
ALL_core_cancer_type_top95,tabpfn_v2_6,v2_6,train,1887,HNSCC,HNSCC,2,2,0.00016340411,8.283432e-05,0.99931705,0.00026459308,0.00017210469
ALL_core_cancer_type_top95,tabpfn_v2_6,v2_6,train,2257,LSCC,LSCC,3,3,3.337347e-05,2.0620038e-05,4.1538056e-05,0.99984634,5.8046004e-05
ALL_core_cancer_type_top95,tabpfn_v2_6,v2_6,train,899,BRCA,BRCA,0,0,0.99994016,8.28455e-06,1.1205003e-05,1.6211494e-05,2.4019235e-05
ALL_core_cancer_type_top95,tabpfn_v2_6,v2_6,train,1564,HNSCC,HNSCC,2,2,2.9202783e-05,2.1693497e-05,0.99988043,3.557972e-05,3.3017026e-05
ALL_core_cancer_type_top95,tabpfn_v2_6,v2_6,train,2694,LUAD,HNSCC,4,2,0.28300264,0.00021198681,0.30668792,0.20742945,0.20266798
ALL_core_cancer_type_top95,tabpfn_v2_6,v2_6,train,634,BRCA,BRCA,0,0,0.9999335,9.238105e-06,1.2754545e-05,1.8237808e-05,2.62839e-05
ALL_core_cancer_type_top95,tabpfn_v2_6,v2_6,train,1654,HNSCC,HNSCC,2,2,2.908353e-05,2.2944998e-05,0.9998784,3.7009984e-05,3.271897e-05
ALL_core_cancer_type_top95,tabpfn_v2_6,v2_6,train,1388,HNSCC,HNSCC,2,2,0.28300264,0.00021198681,0.30668792,0.20742945,0.20266798
ALL_core_cancer_type_top95,tabpfn_v2_6,v2_6,train,2365,LSCC,LSCC,3,3,3.170521e-05,1.7580896e-05,3.9571918e-05,0.99985933,5.1789153e-05
ALL_core_cancer_type_top95,tabpfn_v2_6,v2_6,train,2805,LUAD,LUAD,4,4,1.9071791e-05,1.0608684e-05,1.996578e-05,3.9216367e-05,0.99991107
ALL_core_cancer_type_top95,tabpfn_v2_6,v2_6,train,3204,LUAD,LUAD,4,4,0.000603178,0.0007138004,0.0004935093,0.0011539058,0.9970356
ALL_core_cancer_type_top95,tabpfn_v2_6,v2_6,train,1980,HNSCC,HNSCC,2,2,6.16144e-05,4.46913e-05,0.9997274,9.4805146e-05,7.13869e-05
ALL_core_cancer_type_top95,tabpfn_v2_6,v2_6,train,1549,HNSCC,HNSCC,2,2,2.3660687e-05,1.7283624e-05,0.99990034,2.9382161e-05,2.9262965e-05
ALL_core_cancer_type_top95,tabpfn_v2_6,v2_6,train,1997,HNSCC,HNSCC,2,2,2.3839448e-05,1.7462396e-05,0.9998989,3.1587268e-05,2.8309345e-05
ALL_core_cancer_type_top95,tabpfn_v2_6,v2_6,train,2264,LSCC,LSCC,3,3,2.1812986e-05,1.5197572e-05,2.8487997e-05,0.9998939,4.0586456e-05
ALL_core_cancer_type_top95,tabpfn_v2_6,v2_6,train,255,BRCA,BRCA,0,0,0.999948,6.973381e-06,1.0251466e-05,1.4363973e-05,2.044333e-05
ALL_core_cancer_type_top95,tabpfn_v2_6,v2_6,train,1168,BRCA,BRCA,0,0,0.9999449,7.3309675e-06,1.0609043e-05,1.4304327e-05,2.2827322e-05
ALL_core_cancer_type_top95,tabpfn_v2_6,v2_6,train,3169,LUAD,LUAD,4,4,2.0442492e-05,1.07874375e-05,2.1098083e-05,4.0646588e-05,0.999907
ALL_core_cancer_type_top95,tabpfn_v2_6,v2_6,train,2018,HNSCC,HNSCC,2,2,3.0394503e-05,2.3481243e-05,0.9998728,3.838051e-05,3.492388e-05
ALL_core_cancer_type_top95,tabpfn_v2_6,v2_6,train,1252,ESCA,ESCA,1,1,4.3085052e-05,0.9997887,3.051113e-05,4.5826288e-05,9.189094e-05
ALL_core_cancer_type_top95,tabpfn_v2_6,v2_6,train,2467,LSCC,LSCC,3,3,6.688666e-05,4.244501e-05,8.1015125e-05,0.9996649,0.00014474225
ALL_core_cancer_type_top95,tabpfn_v2_6,v2_6,train,2065,LSCC,HNSCC,3,2,0.28300264,0.00021198681,0.30668792,0.20742945,0.20266798
ALL_core_cancer_type_top95,tabpfn_v2_6,v2_6,train,1633,HNSCC,HNSCC,2,2,3.9511324e-05,3.420739e-05,0.99983406,4.8092967e-05,4.4040524e-05
ALL_core_cancer_type_top95,tabpfn_v2_6,v2_6,train,3028,LUAD,LUAD,4,4,4.8863792e-05,3.5575224e-05,5.470361e-05,0.000106725674,0.99975413
ALL_core_cancer_type_top95,tabpfn_v2_6,v2_6,train,2370,LSCC,LSCC,3,3,2.4911802e-05,1.6329746e-05,3.3076674e-05,0.999882,4.3565855e-05
ALL_core_cancer_type_top95,tabpfn_v2_6,v2_6,train,621,BRCA,BRCA,0,0,0.9999447,7.3309657e-06,1.0549438e-05,1.5138742e-05,2.2231303e-05
ALL_core_cancer_type_top95,tabpfn_v2_6,v2_6,train,541,BRCA,BRCA,0,0,0.9999342,9.4169145e-06,1.2575752e-05,1.823782e-05,2.5687912e-05
ALL_core_cancer_type_top95,tabpfn_v2_6,v2_6,train,2114,LSCC,HNSCC,3,2,0.28300264,0.00021198681,0.30668792,0.20742945,0.20266798
ALL_core_cancer_type_top95,tabpfn_v2_6,v2_6,train,2024,LSCC,HNSCC,3,2,0.28300264,0.00021198681,0.30668792,0.20742945,0.20266798
ALL_core_cancer_type_top95,tabpfn_v2_6,v2_6,train,1847,HNSCC,HNSCC,2,2,2.294561e-05,1.591293e-05,0.9999051,2.8428718e-05,2.7594331e-05
ALL_core_cancer_type_top95,tabpfn_v2_6,v2_6,train,259,BRCA,BRCA,0,0,0.9999151,1.2396714e-05,1.6985881e-05,2.3899434e-05,3.170698e-05
ALL_core_cancer_type_top95,tabpfn_v2_6,v2_6,train,2535,LSCC,LSCC,3,3,2.4613837e-05,1.609137e-05,3.2421132e-05,0.99988294,4.3863885e-05
ALL_core_cancer_type_top95,tabpfn_v2_6,v2_6,train,2092,LSCC,HNSCC,3,2,0.28300264,0.00021198681,0.30668792,0.20742945,0.20266798
ALL_core_cancer_type_top95,tabpfn_v2_6,v2_6,train,749,BRCA,BRCA,0,0,0.9999144,1.1443112e-05,1.6449474e-05,2.348222e-05,3.426974e-05
ALL_core_cancer_type_top95,tabpfn_v2_6,v2_6,train,2816,LUAD,LUAD,4,4,2.7950726e-05,1.5137493e-05,3.0036601e-05,6.460253e-05,0.9998622
ALL_core_cancer_type_top95,tabpfn_v2_6,v2_6,train,357,BRCA,BRCA,0,0,0.99994445,7.330964e-06,1.0787841e-05,1.5377143e-05,2.2052494e-05
ALL_core_cancer_type_top95,tabpfn_v2_6,v2_6,train,1790,HNSCC,HNSCC,2,2,2.5031331e-05,1.9369481e-05,0.99989533,3.1169966e-05,2.9084022e-05
ALL_core_cancer_type_top95,tabpfn_v2_6,v2_6,train,1896,HNSCC,HNSCC,2,2,2.807044e-05,2.1216725e-05,0.9998808,3.63545e-05,3.3493816e-05
ALL_core_cancer_type_top95,tabpfn_v2_6,v2_6,train,2192,LSCC,LSCC,3,3,3.4267607e-05,1.9487838e-05,3.9988805e-05,0.9998522,5.4172615e-05
ALL_core_cancer_type_top95,tabpfn_v2_6,v2_6,train,1214,ESCA,ESCA,1,1,7.337921e-05,0.99959195,5.639052e-05,9.465978e-05,0.00018359705
ALL_core_cancer_type_top95,tabpfn_v2_6,v2_6,train,3016,LUAD,LUAD,4,4,2.830821e-05,1.5554617e-05,3.146681e-05,6.5794244e-05,0.99985886
ALL_core_cancer_type_top95,tabpfn_v2_6,v2_6,train,2407,LSCC,LSCC,3,3,2.5030926e-05,1.7760038e-05,3.3016982e-05,0.9998791,4.4996068e-05
ALL_core_cancer_type_top95,tabpfn_v2_6,v2_6,train,119,BRCA,HNSCC,0,2,0.28300264,0.00021198681,0.30668792,0.20742945,0.20266798
ALL_core_cancer_type_top95,tabpfn_v2_6,v2_6,train,774,BRCA,BRCA,0,0,0.9999058,1.1204618e-05,1.9548483e-05,2.8607536e-05,3.4805835e-05
ALL_core_cancer_type_top95,tabpfn_v2_6,v2_6,train,444,BRCA,BRCA,0,0,0.9999361,8.7613225e-06,1.2754579e-05,1.8297456e-05,2.4019137e-05
ALL_core_cancer_type_top95,tabpfn_v2_6,v2_6,train,2303,LSCC,LSCC,3,3,2.9857816e-05,1.9845615e-05,3.8737686e-05,0.9998623,4.922666e-05
ALL_core_cancer_type_top95,tabpfn_v2_6,v2_6,train,2654,LUAD,HNSCC,4,2,0.28300264,0.00021198681,0.30668792,0.20742945,0.20266798
ALL_core_cancer_type_top95,tabpfn_v2_6,v2_6,train,2088,LSCC,HNSCC,3,2,0.28300264,0.00021198681,0.30668792,0.20742945,0.20266798
ALL_core_cancer_type_top95,tabpfn_v2_6,v2_6,train,2223,LSCC,LSCC,3,3,2.5984391e-05,1.72236e-05,3.456639e-05,0.99987555,4.6724228e-05
ALL_core_cancer_type_top95,tabpfn_v2_6,v2_6,train,571,BRCA,BRCA,0,0,0.999897,1.4005649e-05,2.0680682e-05,2.908407e-05,3.909662e-05
ALL_core_cancer_type_top95,tabpfn_v2_6,v2_6,train,2237,LSCC,LSCC,3,3,2.473292e-05,1.5316531e-05,3.4030116e-05,0.9998784,4.7439527e-05
ALL_core_cancer_type_top95,tabpfn_v2_6,v2_6,train,2355,LSCC,LSCC,3,3,2.2766397e-05,1.6151029e-05,3.1944473e-05,0.99988675,4.24933e-05
ALL_core_cancer_type_top95,tabpfn_v2_6,v2_6,train,2153,LSCC,LSCC,3,3,2.5448104e-05,1.7342853e-05,3.295738e-05,0.999879,4.5174856e-05
ALL_core_cancer_type_top95,tabpfn_v2_6,v2_6,train,1479,HNSCC,HNSCC,2,2,0.28300264,0.00021198681,0.30668792,0.20742945,0.20266798
ALL_core_cancer_type_top95,tabpfn_v2_6,v2_6,train,1210,ESCA,ESCA,1,1,3.658998e-05,0.99980134,2.7353097e-05,4.4098673e-05,9.070025e-05
ALL_core_cancer_type_top95,tabpfn_v2_6,v2_6,train,3033,LUAD,LUAD,4,4,2.06808e-05,1.1323781e-05,2.1932376e-05,4.3268763e-05,0.9999027
ALL_core_cancer_type_top95,tabpfn_v2_6,v2_6,train,1787,HNSCC,HNSCC,2,2,2.9202673e-05,2.3600527e-05,0.9998766,3.7486698e-05,3.30169e-05
ALL_core_cancer_type_top95,tabpfn_v2_6,v2_6,train,1000,BRCA,BRCA,0,0,0.9998965,1.525721e-05,1.9786694e-05,2.860727e-05,3.9811785e-05
ALL_core_cancer_type_top95,tabpfn_v2_6,v2_6,train,1164,BRCA,BRCA,0,0,0.9999372,8.5229285e-06,1.2396988e-05,1.7403463e-05,2.443637e-05
ALL_core_cancer_type_top95,tabpfn_v2_6,v2_6,train,2577,LSCC,LSCC,3,3,2.5984404e-05,1.6210453e-05,3.426842e-05,0.999876,4.7499012e-05
ALL_core_cancer_type_top95,tabpfn_v2_6,v2_6,train,1563,HNSCC,HNSCC,2,2,2.69383e-05,2.008453e-05,0.99988866,3.3970864e-05,3.0394986e-05
ALL_core_cancer_type_top95,tabpfn_v2_6,v2_6,train,2919,LUAD,LUAD,4,4,2.3183684e-05,1.3469184e-05,2.4435245e-05,4.7738125e-05,0.99989116
ALL_core_cancer_type_top95,tabpfn_v2_6,v2_6,train,2657,LUAD,HNSCC,4,2,0.28300264,0.00021198681,0.30668792,0.20742945,0.20266798
ALL_core_cancer_type_top95,tabpfn_v2_6,v2_6,train,314,BRCA,BRCA,0,0,0.99982834,2.2705472e-05,3.4266788e-05,5.5422806e-05,5.9296442e-05
ALL_core_cancer_type_top95,tabpfn_v2_6,v2_6,train,1838,HNSCC,HNSCC,2,2,3.3850632e-05,2.4434436e-05,0.999858,4.594866e-05,3.778398e-05
ALL_core_cancer_type_top95,tabpfn_v2_6,v2_6,train,1860,HNSCC,HNSCC,2,2,5.0295457e-05,4.105873e-05,0.99978405,6.435911e-05,6.0306873e-05
ALL_core_cancer_type_top95,tabpfn_v2_6,v2_6,train,2832,LUAD,LUAD,4,4,2.4137147e-05,1.3171135e-05,2.5388703e-05,5.0598614e-05,0.99988675
ALL_core_cancer_type_top95,tabpfn_v2_6,v2_6,train,543,BRCA,BRCA,0,0,0.99986625,1.7163842e-05,2.5388183e-05,4.0942916e-05,5.0239996e-05
ALL_core_cancer_type_top95,tabpfn_v2_6,v2_6,train,3144,LUAD,LUAD,4,4,2.294531e-05,1.1442856e-05,2.4316068e-05,4.922812e-05,0.999892
ALL_core_cancer_type_top95,tabpfn_v2_6,v2_6,train,2553,LSCC,LSCC,3,3,3.8199883e-05,2.353971e-05,4.809252e-05,0.9998248,6.5374836e-05
ALL_core_cancer_type_top95,tabpfn_v2_6,v2_6,train,732,BRCA,BRCA,0,0,0.99991477,1.1562315e-05,1.5853484e-05,2.4078225e-05,3.3733355e-05
ALL_core_cancer_type_top95,tabpfn_v2_6,v2_6,train,89,BRCA,HNSCC,0,2,0.28300264,0.00021198681,0.30668792,0.20742945,0.20266798
ALL_core_cancer_type_top95,tabpfn_v2_6,v2_6,train,2478,LSCC,LSCC,3,3,2.7831778e-05,1.7521506e-05,3.6771322e-05,0.999871,4.6902805e-05
ALL_core_cancer_type_top95,tabpfn_v2_6,v2_6,train,2325,LSCC,LSCC,3,3,8.494733e-05,3.892674e-05,0.0001083153,0.9996377,0.00013007373
ALL_core_cancer_type_top95,tabpfn_v2_6,v2_6,train,84,BRCA,HNSCC,0,2,0.28300264,0.00021198681,0.30668792,0.20742945,0.20266798
ALL_core_cancer_type_top95,tabpfn_v2_6,v2_6,train,2649,LUAD,HNSCC,4,2,0.28300264,0.00021198681,0.30668792,0.20742945,0.20266798
ALL_core_cancer_type_top95,tabpfn_v2_6,v2_6,train,1818,HNSCC,HNSCC,2,2,2.2528426e-05,1.627053e-05,0.99990547,2.8726723e-05,2.6938753e-05
ALL_core_cancer_type_top95,tabpfn_v2_6,v2_6,train,921,BRCA,BRCA,0,0,0.9999112,1.0668284e-05,1.740301e-05,2.6044916e-05,3.4686822e-05
ALL_core_cancer_type_top95,tabpfn_v2_6,v2_6,train,3188,LUAD,LUAD,4,4,5.454984e-05,3.7558908e-05,6.104813e-05,0.00012269244,0.99972415
ALL_core_cancer_type_top95,tabpfn_v2_6,v2_6,train,2956,LUAD,LUAD,4,4,3.3790566e-05,1.9726062e-05,3.4922876e-05,6.746194e-05,0.9998441
ALL_core_cancer_type_top95,tabpfn_v2_6,v2_6,train,1102,BRCA,BRCA,0,0,0.9999368,8.82093e-06,1.2575785e-05,1.8178269e-05,2.3542347e-05
ALL_core_cancer_type_top95,tabpfn_v2_6,v2_6,train,2930,LUAD,LUAD,4,4,1.9846473e-05,1.0787422e-05,2.068086e-05,4.314969e-05,0.9999056
ALL_core_cancer_type_top95,tabpfn_v2_6,v2_6,train,886,BRCA,BRCA,0,0,0.9999225,1.0906805e-05,1.5317208e-05,2.205201e-05,2.9263612e-05
ALL_core_cancer_type_top95,tabpfn_v2_6,v2_6,train,1769,HNSCC,HNSCC,2,2,2.1872895e-05,1.6330172e-05,0.9999081,2.7594415e-05,2.6104435e-05
ALL_core_cancer_type_top95,tabpfn_v2_6,v2_6,train,188,BRCA,BRCA,0,0,0.9998822,1.3826649e-05,2.3421866e-05,3.540099e-05,4.51154e-05
ALL_core_cancer_type_top95,tabpfn_v2_6,v2_6,train,2679,LUAD,HNSCC,4,2,0.28300264,0.00021198681,0.30668792,0.20742945,0.20266798
ALL_core_cancer_type_top95,tabpfn_v2_6,v2_6,train,2345,LSCC,LSCC,3,3,2.0561552e-05,1.430369e-05,2.76538e-05,0.99990034,3.7249192e-05
ALL_core_cancer_type_top95,tabpfn_v2_6,v2_6,train,1097,BRCA,BRCA,0,0,0.9999397,8.165343e-06,1.21586145e-05,1.6509492e-05,2.3602015e-05
ALL_core_cancer_type_top95,tabpfn_v2_6,v2_6,train,1010,BRCA,BRCA,0,0,0.99993944,8.105741e-06,1.2456617e-05,1.6926693e-05,2.3125202e-05
ALL_core_cancer_type_top95,tabpfn_v2_6,v2_6,train,1327,ESCA,ESCA,1,1,3.9629118e-05,0.99979895,2.9498367e-05,4.254916e-05,8.938899e-05
ALL_core_cancer_type_top95,tabpfn_v2_6,v2_6,train,174,BRCA,BRCA,0,0,0.99991703,1.0310748e-05,1.6568716e-05,2.5389472e-05,3.0693845e-05
ALL_core_cancer_type_top95,tabpfn_v2_6,v2_6,train,1741,HNSCC,HNSCC,2,2,2.538888e-05,1.9190655e-05,0.99989367,3.134871e-05,3.0395136e-05
ALL_core_cancer_type_top95,tabpfn_v2_6,v2_6,train,2015,HNSCC,HNSCC,2,2,3.373153e-05,2.4672885e-05,0.99986064,4.296896e-05,3.8022466e-05
ALL_core_cancer_type_top95,tabpfn_v2_6,v2_6,train,3071,LUAD,LUAD,4,4,2.431596e-05,1.3945917e-05,2.5031133e-05,4.9287493e-05,0.99988747
ALL_core_cancer_type_top95,tabpfn_v2_6,v2_6,train,302,BRCA,BRCA,0,0,0.99994564,7.4501754e-06,1.0251441e-05,1.4900351e-05,2.1814114e-05
ALL_core_cancer_type_top95,tabpfn_v2_6,v2_6,train,1229,ESCA,ESCA,1,1,8.762109e-05,0.9995375,6.723577e-05,0.00010675468,0.00020087283
ALL_core_cancer_type_top95,tabpfn_v2_6,v2_6,train,1165,BRCA,BRCA,0,0,0.9999294,9.059267e-06,1.35889e-05,2.0204548e-05,2.7714204e-05
ALL_core_cancer_type_top95,tabpfn_v2_6,v2_6,train,1602,HNSCC,HNSCC,2,2,8.911914e-05,6.962619e-05,0.99962604,0.00012268039,9.251699e-05
ALL_core_cancer_type_top95,tabpfn_v2_6,v2_6,train,2690,LUAD,HNSCC,4,2,0.28300264,0.00021198681,0.30668792,0.20742945,0.20266798
ALL_core_cancer_type_top95,tabpfn_v2_6,v2_6,train,706,BRCA,BRCA,0,0,0.9999422,7.5693524e-06,1.1205026e-05,1.6211527e-05,2.2767657e-05
ALL_core_cancer_type_top95,tabpfn_v2_6,v2_6,train,140,BRCA,BRCA,0,0,0.9997638,3.3430308e-05,4.731491e-05,6.7814064e-05,8.7776905e-05
ALL_core_cancer_type_top95,tabpfn_v2_6,v2_6,train,868,BRCA,BRCA,0,0,0.9998822,1.6985323e-05,2.2468304e-05,3.5103003e-05,4.3327473e-05
ALL_core_cancer_type_top95,tabpfn_v2_6,v2_6,train,2119,LSCC,HNSCC,3,2,0.28300264,0.00021198681,0.30668792,0.20742945,0.20266798
ALL_core_cancer_type_top95,tabpfn_v2_6,v2_6,train,1488,HNSCC,HNSCC,2,2,0.28300264,0.00021198681,0.30668792,0.20742945,0.20266798
ALL_core_cancer_type_top95,tabpfn_v2_6,v2_6,train,2583,LSCC,LSCC,3,3,2.2230091e-05,1.5733898e-05,3.0275836e-05,0.9998902,4.1599476e-05
ALL_core_cancer_type_top95,tabpfn_v2_6,v2_6,train,560,BRCA,BRCA,0,0,0.9999082,1.1085446e-05,1.7998951e-05,2.5150852e-05,3.748788e-05
ALL_core_cancer_type_top95,tabpfn_v2_6,v2_6,train,1627,HNSCC,HNSCC,2,2,5.804021e-05,5.2855918e-05,0.9997465,7.46061e-05,6.8051246e-05
ALL_core_cancer_type_top95,tabpfn_v2_6,v2_6,train,2588,LSCC,LSCC,3,3,2.300488e-05,1.537632e-05,2.9918265e-05,0.9998908,4.0884323e-05
ALL_core_cancer_type_top95,tabpfn_v2_6,v2_6,train,1882,HNSCC,HNSCC,2,2,2.7414924e-05,2.2587514e-05,0.9998828,3.4983826e-05,3.206354e-05
ALL_core_cancer_type_top95,tabpfn_v2_6,v2_6,train,2616,LUAD,HNSCC,4,2,0.28300264,0.00021198681,0.30668792,0.20742945,0.20266798
ALL_core_cancer_type_top95,tabpfn_v2_6,v2_6,train,1393,HNSCC,HNSCC,2,2,0.28300264,0.00021198681,0.30668792,0.20742945,0.20266798
ALL_core_cancer_type_top95,tabpfn_v2_6,v2_6,train,2446,LSCC,LSCC,3,3,2.5447962e-05,1.7581144e-05,3.5639066e-05,0.9998734,4.7975664e-05
ALL_core_cancer_type_top95,tabpfn_v2_6,v2_6,train,1058,BRCA,BRCA,0,0,0.9999347,8.820911e-06,1.3112165e-05,1.8178229e-05,2.5211119e-05
ALL_core_cancer_type_top95,tabpfn_v2_6,v2_6,train,1304,ESCA,ESCA,1,1,3.605408e-05,0.9998134,2.6280743e-05,4.064278e-05,8.37289e-05
ALL_core_cancer_type_top95,tabpfn_v2_6,v2_6,train,478,BRCA,BRCA,0,0,0.9998431,1.9845233e-05,3.003603e-05,4.636514e-05,6.0608414e-05
ALL_core_cancer_type_top95,tabpfn_v2_6,v2_6,train,2084,LSCC,HNSCC,3,2,0.28300264,0.00021198681,0.30668792,0.20742945,0.20266798
ALL_core_cancer_type_top95,tabpfn_v2_6,v2_6,train,2115,LSCC,HNSCC,3,2,0.28300264,0.00021198681,0.30668792,0.20742945,0.20266798
ALL_core_cancer_type_top95,tabpfn_v2_6,v2_6,train,1238,ESCA,ESCA,1,1,3.5279347e-05,0.9998129,2.7115038e-05,4.0166015e-05,8.450357e-05
ALL_core_cancer_type_top95,tabpfn_v2_6,v2_6,train,2765,LUAD,LUAD,4,4,2.5924868e-05,1.3647804e-05,2.7057218e-05,5.4889202e-05,0.9998784
ALL_core_cancer_type_top95,tabpfn_v2_6,v2_6,train,1988,HNSCC,HNSCC,2,2,4.2371426e-05,3.1823267e-05,0.99982363,5.28004e-05,4.9403534e-05
ALL_core_cancer_type_top95,tabpfn_v2_6,v2_6,train,2004,HNSCC,HNSCC,2,2,2.9679388e-05,2.1812562e-05,0.9998745,3.7665406e-05,3.635427e-05
ALL_core_cancer_type_top95,tabpfn_v2_6,v2_6,train,832,BRCA,BRCA,0,0,0.99993575,8.999723e-06,1.26949735e-05,1.7463039e-05,2.5151545e-05
ALL_core_cancer_type_top95,tabpfn_v2_6,v2_6,train,2664,LUAD,HNSCC,4,2,0.28300264,0.00021198681,0.30668792,0.20742945,0.20266798
ALL_core_cancer_type_top95,tabpfn_v2_6,v2_6,train,1328,ESCA,ESCA,1,1,3.3253553e-05,0.99982446,2.395686e-05,3.778271e-05,8.0571335e-05
ALL_core_cancer_type_top95,tabpfn_v2_6,v2_6,train,2855,LUAD,LUAD,4,4,3.188374e-05,1.7997925e-05,3.3969594e-05,6.4840206e-05,0.9998512
ALL_core_cancer_type_top95,tabpfn_v2_6,v2_6,train,2025,LSCC,HNSCC,3,2,0.28300264,0.00021198681,0.30668792,0.20742945,0.20266798
ALL_core_cancer_type_top95,tabpfn_v2_6,v2_6,train,941,BRCA,BRCA,0,0,0.99994636,7.1521736e-06,1.0251449e-05,1.4661956e-05,2.1575725e-05
ALL_core_cancer_type_top95,tabpfn_v2_6,v2_6,train,731,BRCA,BRCA,0,0,0.99980766,2.8068387e-05,3.8556787e-05,5.4825723e-05,7.085629e-05
ALL_core_cancer_type_top95,tabpfn_v2_6,v2_6,train,3107,LUAD,LUAD,4,4,2.6580325e-05,1.5912437e-05,2.9500585e-05,5.381622e-05,0.9998741
ALL_core_cancer_type_top95,tabpfn_v2_6,v2_6,train,1543,HNSCC,HNSCC,2,2,2.5150519e-05,1.9429073e-05,0.999895,3.1229552e-05,2.920321e-05
ALL_core_cancer_type_top95,tabpfn_v2_6,v2_6,train,47,BRCA,HNSCC,0,2,0.28300264,0.00021198681,0.30668792,0.20742945,0.20266798
ALL_core_cancer_type_top95,tabpfn_v2_6,v2_6,train,882,BRCA,BRCA,0,0,0.99990463,1.263498e-05,1.835648e-05,2.8249908e-05,3.611697e-05
ALL_core_cancer_type_top95,tabpfn_v2_6,v2_6,train,159,BRCA,BRCA,0,0,0.999915,1.0251128e-05,1.6807082e-05,2.5151023e-05,3.2779768e-05
ALL_core_cancer_type_top95,tabpfn_v2_6,v2_6,train,48,BRCA,HNSCC,0,2,0.28300264,0.00021198681,0.30668792,0.20742945,0.20266798
ALL_core_cancer_type_top95,tabpfn_v2_6,v2_6,train,2715,LUAD,HNSCC,4,2,0.28300264,0.00021198681,0.30668792,0.20742945,0.20266798
ALL_core_cancer_type_top95,tabpfn_v2_6,v2_6,train,614,BRCA,BRCA,0,0,0.9999442,7.628969e-06,1.0430231e-05,1.5257938e-05,2.2410097e-05
ALL_core_cancer_type_top95,tabpfn_v2_6,v2_6,train,2761,LUAD,LUAD,4,4,2.2051405e-05,1.2277269e-05,2.2885783e-05,4.7678714e-05,0.9998951
ALL_core_cancer_type_top95,tabpfn_v2_6,v2_6,train,3225,LUAD,LUAD,4,4,2.3719942e-05,1.299233e-05,2.4017932e-05,5.334007e-05,0.9998859
ALL_core_cancer_type_top95,tabpfn_v2_6,v2_6,train,2181,LSCC,LSCC,3,3,2.8725583e-05,1.847496e-05,3.6830726e-05,0.9998658,5.023997e-05
ALL_core_cancer_type_top95,tabpfn_v2_6,v2_6,train,2983,LUAD,LUAD,4,4,2.3600789e-05,1.2932755e-05,2.5448326e-05,5.030067e-05,0.9998877
ALL_core_cancer_type_top95,tabpfn_v2_6,v2_6,train,2944,LUAD,LUAD,4,4,3.9808358e-05,2.3956527e-05,4.237087e-05,8.3311505e-05,0.9998105
ALL_core_cancer_type_top95,tabpfn_v2_6,v2_6,train,2019,LSCC,HNSCC,3,2,0.28300264,0.00021198681,0.30668792,0.20742945,0.20266798
ALL_core_cancer_type_top95,tabpfn_v2_6,v2_6,train,1354,ESCA,ESCA,1,1,8.5830165e-05,0.99950564,7.778359e-05,0.000108777815,0.00022196634
ALL_core_cancer_type_top95,tabpfn_v2_6,v2_6,train,2406,LSCC,LSCC,3,3,0.00039709,0.00012258514,0.00032983514,0.99884474,0.00030574738
ALL_core_cancer_type_top95,tabpfn_v2_6,v2_6,train,825,BRCA,BRCA,0,0,0.9998989,1.4601662e-05,1.9965537e-05,2.801135e-05,3.8500708e-05
ALL_core_cancer_type_top95,tabpfn_v2_6,v2_6,train,297,BRCA,BRCA,0,0,0.9999443,7.5097673e-06,1.0966644e-05,1.531754e-05,2.1814085e-05
ALL_core_cancer_type_top95,tabpfn_v2_6,v2_6,train,2560,LSCC,LSCC,3,3,2.4435009e-05,1.6925713e-05,3.1229134e-05,0.9998815,4.583054e-05
ALL_core_cancer_type_top95,tabpfn_v2_6,v2_6,train,3182,LUAD,LUAD,4,4,2.1217164e-05,1.13237675e-05,2.3481918e-05,4.2493928e-05,0.99990153
ALL_core_cancer_type_top95,tabpfn_v2_6,v2_6,train,2992,LUAD,LUAD,4,4,3.2360123e-05,1.775933e-05,3.6114612e-05,7.443424e-05,0.9998393
ALL_core_cancer_type_top95,tabpfn_v2_6,v2_6,train,983,BRCA,BRCA,0,0,0.9998086,2.431404e-05,3.7424554e-05,5.655398e-05,7.318049e-05
ALL_core_cancer_type_top95,tabpfn_v2_6,v2_6,train,3145,LUAD,LUAD,4,4,2.9559704e-05,1.6269756e-05,3.319507e-05,6.299316e-05,0.9998579
ALL_core_cancer_type_top95,tabpfn_v2_6,v2_6,train,728,BRCA,BRCA,0,0,0.999938,8.344133e-06,1.192019e-05,1.7284276e-05,2.443639e-05
ALL_core_cancer_type_top95,tabpfn_v2_6,v2_6,train,229,BRCA,BRCA,0,0,0.9999417,7.688551e-06,1.1145419e-05,1.686713e-05,2.2529242e-05
ALL_core_cancer_type_top95,tabpfn_v2_6,v2_6,train,1322,ESCA,ESCA,1,1,3.6113866e-05,0.99981874,2.6221289e-05,3.8259244e-05,8.069006e-05
ALL_core_cancer_type_top95,tabpfn_v2_6,v2_6,train,824,BRCA,BRCA,0,0,0.9999461,7.5097805e-06,1.0072642e-05,1.4304344e-05,2.1933327e-05
ALL_core_cancer_type_top95,tabpfn_v2_6,v2_6,train,19,BRCA,HNSCC,0,2,0.28300264,0.00021198681,0.30668792,0.20742945,0.20266798
ALL_core_cancer_type_top95,tabpfn_v2_6,v2_6,train,2901,LUAD,LUAD,4,4,2.1276679e-05,1.1621716e-05,2.3660621e-05,4.583128e-05,0.9998976
ALL_core_cancer_type_top95,tabpfn_v2_6,v2_6,train,215,BRCA,BRCA,0,0,0.9999422,7.867358e-06,1.1145424e-05,1.5675116e-05,2.3006063e-05
ALL_core_cancer_type_top95,tabpfn_v2_6,v2_6,train,1308,ESCA,ESCA,1,1,3.9152485e-05,0.9998017,2.8366185e-05,4.243009e-05,8.843575e-05
ALL_core_cancer_type_top95,tabpfn_v2_6,v2_6,train,3173,LUAD,LUAD,4,4,2.151507e-05,1.2038904e-05,2.3779816e-05,4.5235287e-05,0.9998975
ALL_core_cancer_type_top95,tabpfn_v2_6,v2_6,train,1172,BRCA,BRCA,0,0,0.9999044,1.2575378e-05,1.9608053e-05,2.771351e-05,3.5759367e-05
ALL_core_cancer_type_top95,tabpfn_v2_6,v2_6,train,2743,LUAD,LUAD,4,4,5.077003e-05,3.509806e-05,5.7384434e-05,0.00011524559,0.9997415
ALL_core_cancer_type_top95,tabpfn_v2_6,v2_6,train,2428,LSCC,LSCC,3,3,4.493241e-05,2.7114385e-05,5.6970006e-05,0.9997888,8.229663e-05
ALL_core_cancer_type_top95,tabpfn_v2_6,v2_6,train,1422,HNSCC,HNSCC,2,2,0.28300264,0.00021198681,0.30668792,0.20742945,0.20266798
ALL_core_cancer_type_top95,tabpfn_v2_6,v2_6,train,2851,LUAD,LUAD,4,4,2.3660432e-05,1.3528761e-05,2.3898825e-05,4.92876e-05,0.9998896
ALL_core_cancer_type_top95,tabpfn_v2_6,v2_6,train,1002,BRCA,BRCA,0,0,0.9998729,1.9845826e-05,2.44348e-05,3.4923884e-05,4.7856447e-05
ALL_core_cancer_type_top95,tabpfn_v2_6,v2_6,train,1902,HNSCC,HNSCC,2,2,2.1634525e-05,1.5674601e-05,0.9999094,2.7892447e-05,2.5448877e-05
ALL_core_cancer_type_top95,tabpfn_v2_6,v2_6,train,1218,ESCA,ESCA,1,1,3.9986546e-05,0.99979573,2.7710497e-05,4.463476e-05,9.201077e-05
ALL_core_cancer_type_top95,tabpfn_v2_6,v2_6,train,2973,LUAD,LUAD,4,4,4.5527962e-05,2.8246406e-05,4.773285e-05,9.784936e-05,0.9997807
ALL_core_cancer_type_top95,tabpfn_v2_6,v2_6,train,1313,ESCA,ESCA,1,1,9.101386e-05,0.999485,7.3430965e-05,0.000115033894,0.00023543206
ALL_core_cancer_type_top95,tabpfn_v2_6,v2_6,train,2214,LSCC,LSCC,3,3,0.08631392,0.001285705,0.094920896,0.54791635,0.26956314
ALL_core_cancer_type_top95,tabpfn_v2_6,v2_6,train,1929,HNSCC,HNSCC,2,2,2.0263858e-05,1.4721098e-05,0.9999151,2.5687421e-05,2.4137833e-05
ALL_core_cancer_type_top95,tabpfn_v2_6,v2_6,train,956,BRCA,BRCA,0,0,0.99992514,9.238029e-06,1.4184843e-05,2.0979265e-05,3.0396093e-05
ALL_core_cancer_type_top95,tabpfn_v2_6,v2_6,train,2979,LUAD,LUAD,4,4,2.7355094e-05,1.3766943e-05,2.872583e-05,5.5782937e-05,0.99987435
ALL_core_cancer_type_top95,tabpfn_v2_6,v2_6,train,2219,LSCC,LSCC,3,3,2.5626809e-05,1.6925613e-05,3.569874e-05,0.99987555,4.624745e-05
ALL_core_cancer_type_top95,tabpfn_v2_6,v2_6,train,2702,LUAD,HNSCC,4,2,0.28300264,0.00021198681,0.30668792,0.20742945,0.20266798
ALL_core_cancer_type_top95,tabpfn_v2_6,v2_6,train,607,BRCA,BRCA,0,0,0.9999474,6.7945725e-06,1.0072656e-05,1.4483167e-05,2.1098935e-05
ALL_core_cancer_type_top95,tabpfn_v2_6,v2_6,train,2197,LSCC,LSCC,3,3,2.0680707e-05,1.4363257e-05,2.8368922e-05,0.9998982,3.8321887e-05
ALL_core_cancer_type_top95,tabpfn_v2_6,v2_6,train,1265,ESCA,ESCA,1,1,3.647138e-05,0.99981743,2.520816e-05,4.0642946e-05,8.0213205e-05
ALL_core_cancer_type_top95,tabpfn_v2_6,v2_6,train,3117,LUAD,LUAD,4,4,2.5388492e-05,1.3945792e-05,2.723601e-05,5.5008397e-05,0.9998784
ALL_core_cancer_type_top95,tabpfn_v2_6,v2_6,train,2213,LSCC,LSCC,3,3,1.9846382e-05,1.4005705e-05,2.6998232e-05,0.99990106,3.81432e-05
ALL_core_cancer_type_top95,tabpfn_v2_6,v2_6,train,1490,HNSCC,HNSCC,2,2,0.28300264,0.00021198681,0.30668792,0.20742945,0.20266798
ALL_core_cancer_type_top95,tabpfn_v2_6,v2_6,train,2870,LUAD,LUAD,4,4,2.360081e-05,1.3111562e-05,2.4733174e-05,4.994313e-05,0.99988866
ALL_core_cancer_type_top95,tabpfn_v2_6,v2_6,train,501,BRCA,BRCA,0,0,0.9998615,1.9964791e-05,3.0572948e-05,4.0346757e-05,4.7617516e-05
ALL_core_cancer_type_top95,tabpfn_v2_6,v2_6,train,2113,LSCC,HNSCC,3,2,0.28300264,0.00021198681,0.30668792,0.20742945,0.20266798
ALL_core_cancer_type_top95,tabpfn_v2_6,v2_6,train,664,BRCA,BRCA,0,0,0.9999404,8.224951e-06,1.1801017e-05,1.6628705e-05,2.2827218e-05
ALL_core_cancer_type_top95,tabpfn_v2_6,v2_6,train,922,BRCA,BRCA,0,0,0.9999361,8.8209235e-06,1.1920168e-05,1.8059054e-05,2.5032352e-05
ALL_core_cancer_type_top95,tabpfn_v2_6,v2_6,train,2456,LSCC,LSCC,3,3,2.2766493e-05,1.5614716e-05,3.0335459e-05,0.99989104,4.022875e-05
ALL_core_cancer_type_top95,tabpfn_v2_6,v2_6,train,2933,LUAD,LUAD,4,4,3.700777e-05,2.3599157e-05,4.213284e-05,7.872345e-05,0.9998186
ALL_core_cancer_type_top95,tabpfn_v2_6,v2_6,train,1264,ESCA,ESCA,1,1,0.00013925646,0.99916697,0.00011469581,0.00020161187,0.00037747083
ALL_core_cancer_type_top95,tabpfn_v2_6,v2_6,train,581,BRCA,BRCA,0,0,0.99994683,7.3309816e-06,1.0311055e-05,1.42447525e-05,2.1218126e-05
ALL_core_cancer_type_top95,tabpfn_v2_6,v2_6,train,1103,BRCA,BRCA,0,0,0.9999471,6.9137727e-06,1.07282685e-05,1.4840771e-05,2.0502912e-05
ALL_core_cancer_type_top95,tabpfn_v2_6,v2_6,train,2740,LUAD,LUAD,4,4,2.0323285e-05,1.1204626e-05,2.1574864e-05,4.0288975e-05,0.99990654
ALL_core_cancer_type_top95,tabpfn_v2_6,v2_6,train,468,BRCA,BRCA,0,0,0.9999399,8.284548e-06,1.1741409e-05,1.6509495e-05,2.3661622e-05
ALL_core_cancer_type_top95,tabpfn_v2_6,v2_6,train,1355,ESCA,ESCA,1,1,2.9916639e-05,0.99983644,2.1275378e-05,3.6114507e-05,7.610268e-05
ALL_core_cancer_type_top95,tabpfn_v2_6,v2_6,train,1791,HNSCC,HNSCC,2,2,2.8249322e-05,1.9369261e-05,0.9998839,3.563944e-05,3.277875e-05
ALL_core_cancer_type_top95,tabpfn_v2_6,v2_6,train,1608,HNSCC,HNSCC,2,2,2.521009e-05,1.9607847e-05,0.9998939,3.19447e-05,2.9262776e-05
ALL_core_cancer_type_top95,tabpfn_v2_6,v2_6,train,41,BRCA,HNSCC,0,2,0.28300264,0.00021198681,0.30668792,0.20742945,0.20266798
ALL_core_cancer_type_top95,tabpfn_v2_6,v2_6,train,1350,ESCA,ESCA,1,1,4.5308883e-05,0.9997181,4.1016465e-05,6.212087e-05,0.00013342274
ALL_core_cancer_type_top95,tabpfn_v2_6,v2_6,train,2357,LSCC,LSCC,3,3,2.9023615e-05,1.8415394e-05,3.5758047e-05,0.99986744,4.9346105e-05
ALL_core_cancer_type_top95,tabpfn_v2_6,v2_6,train,610,BRCA,BRCA,0,0,0.99986625,2.2289156e-05,2.526899e-05,3.6771147e-05,4.9405644e-05
ALL_core_cancer_type_top95,tabpfn_v2_6,v2_6,train,1584,HNSCC,HNSCC,2,2,6.7214176e-05,5.8216534e-05,0.99970454,9.6054304e-05,7.40071e-05
ALL_core_cancer_type_top95,tabpfn_v2_6,v2_6,train,2190,LSCC,LSCC,3,3,3.1049414e-05,2.0560554e-05,4.1419087e-05,0.9998517,5.5245313e-05
ALL_core_cancer_type_top95,tabpfn_v2_6,v2_6,train,2255,LSCC,LSCC,3,3,2.407747e-05,1.6091379e-05,3.2182757e-05,0.9998834,4.422149e-05
ALL_core_cancer_type_top95,tabpfn_v2_6,v2_6,train,2787,LUAD,LUAD,4,4,0.10705005,0.000540705,0.10827069,0.30906582,0.47507274
ALL_core_cancer_type_top95,tabpfn_v2_6,v2_6,train,3101,LUAD,LUAD,4,4,2.7116286e-05,1.787887e-05,3.1049636e-05,6.501949e-05,0.99985886
ALL_core_cancer_type_top95,tabpfn_v2_6,v2_6,train,651,BRCA,BRCA,0,0,0.9999187,1.1383561e-05,1.6509144e-05,2.2886323e-05,3.0515097e-05
ALL_core_cancer_type_top95,tabpfn_v2_6,v2_6,train,1715,HNSCC,HNSCC,2,2,0.00011730185,6.6816756e-05,0.999511,0.00017058838,0.00013422956
ALL_core_cancer_type_top95,tabpfn_v2_6,v2_6,train,2925,LUAD,LUAD,4,4,2.0919171e-05,1.0668181e-05,2.1574757e-05,4.5235472e-05,0.99990153
ALL_core_cancer_type_top95,tabpfn_v2_6,v2_6,train,366,BRCA,BRCA,0,0,0.9999374,8.642132e-06,1.1800981e-05,1.7522669e-05,2.4674779e-05
ALL_core_cancer_type_top95,tabpfn_v2_6,v2_6,train,1878,HNSCC,HNSCC,2,2,3.075189e-05,2.2885128e-05,0.9998665,4.261163e-05,3.7188332e-05
ALL_core_cancer_type_top95,tabpfn_v2_6,v2_6,train,963,BRCA,BRCA,0,0,0.9999423,7.867359e-06,1.1264628e-05,1.627113e-05,2.2410053e-05
ALL_core_cancer_type_top95,tabpfn_v2_6,v2_6,train,2314,LSCC,LSCC,3,3,2.950014e-05,1.9726356e-05,4.076383e-05,0.999859,5.101438e-05
ALL_core_cancer_type_top95,tabpfn_v2_6,v2_6,train,464,BRCA,BRCA,0,0,0.9998895,1.656826e-05,2.1157311e-05,2.973943e-05,4.30298e-05
ALL_core_cancer_type_top95,tabpfn_v2_6,v2_6,train,2735,LUAD,LUAD,4,4,4.3263266e-05,2.8901768e-05,4.671956e-05,0.00010535737,0.9997757
ALL_core_cancer_type_top95,tabpfn_v2_6,v2_6,train,2820,LUAD,LUAD,4,4,3.1943004e-05,1.9070449e-05,3.5697496e-05,7.246771e-05,0.99984074
ALL_core_cancer_type_top95,tabpfn_v2_6,v2_6,train,2621,LUAD,HNSCC,4,2,0.28300264,0.00021198681,0.30668792,0.20742945,0.20266798
ALL_core_cancer_type_top95,tabpfn_v2_6,v2_6,train,1510,HNSCC,HNSCC,2,2,3.706838e-05,2.6222006e-05,0.999846,4.9345046e-05,4.129966e-05
ALL_core_cancer_type_top95,tabpfn_v2_6,v2_6,train,944,BRCA,BRCA,0,0,0.9999373,8.642131e-06,1.2039383e-05,1.6986258e-05,2.497278e-05
ALL_core_cancer_type_top95,tabpfn_v2_6,v2_6,train,1331,ESCA,ESCA,1,1,2.9440054e-05,0.9998424,2.097753e-05,3.2956174e-05,7.419609e-05
ALL_core_cancer_type_top95,tabpfn_v2_6,v2_6,train,494,BRCA,BRCA,0,0,0.99993753,8.344129e-06,1.2575794e-05,1.805908e-05,2.3423163e-05
ALL_core_cancer_type_top95,tabpfn_v2_6,v2_6,train,2042,LSCC,HNSCC,3,2,0.28300264,0.00021198681,0.30668792,0.20742945,0.20266798
ALL_core_cancer_type_top95,tabpfn_v2_6,v2_6,train,2986,LUAD,LUAD,4,4,2.687827e-05,1.4005307e-05,2.9321749e-05,5.721317e-05,0.99987257
ALL_core_cancer_type_top95,tabpfn_v2_6,v2_6,train,2753,LUAD,LUAD,4,4,2.973847e-05,1.6448534e-05,3.0930394e-05,6.567494e-05,0.9998572
ALL_core_cancer_type_top95,tabpfn_v2_6,v2_6,train,2971,LUAD,LUAD,4,4,9.3702285e-05,5.83553e-05,0.00010538526,0.00019050413,0.9995521
ALL_core_cancer_type_top95,tabpfn_v2_6,v2_6,train,2562,LSCC,LSCC,3,3,6.1020288e-05,3.0152603e-05,6.644299e-05,0.9997564,8.598855e-05
ALL_core_cancer_type_top95,tabpfn_v2_6,v2_6,train,1749,HNSCC,HNSCC,2,2,6.748677e-05,5.62191e-05,0.99972373,8.4954634e-05,6.760601e-05
ALL_core_cancer_type_top95,tabpfn_v2_6,v2_6,train,2086,LSCC,HNSCC,3,2,0.28300264,0.00021198681,0.30668792,0.20742945,0.20266798
ALL_core_cancer_type_top95,tabpfn_v2_6,v2_6,train,3050,LUAD,LUAD,4,4,2.8487102e-05,1.5912252e-05,3.0751766e-05,6.2457075e-05,0.99986243
ALL_core_cancer_type_top95,tabpfn_v2_6,v2_6,train,45,BRCA,HNSCC,0,2,0.28300264,0.00021198681,0.30668792,0.20742945,0.20266798
ALL_core_cancer_type_top95,tabpfn_v2_6,v2_6,train,2465,LSCC,LSCC,3,3,2.1812995e-05,1.4780391e-05,2.9501183e-05,0.9998944,3.9573304e-05
ALL_core_cancer_type_top95,tabpfn_v2_6,v2_6,train,17,BRCA,HNSCC,0,2,0.28300264,0.00021198681,0.30668792,0.20742945,0.20266798
ALL_core_cancer_type_top95,tabpfn_v2_6,v2_6,train,2131,LSCC,LSCC,3,3,2.8963866e-05,1.853449e-05,3.8678085e-05,0.9998622,5.1550913e-05
ALL_core_cancer_type_top95,tabpfn_v2_6,v2_6,train,518,BRCA,BRCA,0,0,0.99994504,7.4501713e-06,1.043024e-05,1.4661937e-05,2.2410115e-05
ALL_core_cancer_type_top95,tabpfn_v2_6,v2_6,train,591,BRCA,BRCA,0,0,0.9999325,9.297697e-06,1.3588942e-05,1.8952998e-05,2.5568668e-05
ALL_core_cancer_type_top95,tabpfn_v2_6,v2_6,train,2985,LUAD,LUAD,4,4,5.371652e-05,2.6828451e-05,6.15862e-05,0.000109102366,0.99974877
ALL_core_cancer_type_top95,tabpfn_v2_6,v2_6,train,212,BRCA,BRCA,0,0,0.9999045,1.2634978e-05,1.8118082e-05,2.84883e-05,3.6236164e-05
ALL_core_cancer_type_top95,tabpfn_v2_6,v2_6,train,3074,LUAD,LUAD,4,4,2.282601e-05,1.3171144e-05,2.485234e-05,5.1671414e-05,0.99988747
ALL_core_cancer_type_top95,tabpfn_v2_6,v2_6,train,3020,LUAD,LUAD,4,4,3.5160345e-05,2.0142706e-05,4.23116e-05,8.4325235e-05,0.99981815
ALL_core_cancer_type_top95,tabpfn_v2_6,v2_6,train,2032,LSCC,HNSCC,3,2,0.28300264,0.00021198681,0.30668792,0.20742945,0.20266798
ALL_core_cancer_type_top95,tabpfn_v2_6,v2_6,train,2052,LSCC,HNSCC,3,2,0.28300264,0.00021198681,0.30668792,0.20742945,0.20266798
ALL_core_cancer_type_top95,tabpfn_v2_6,v2_6,train,807,BRCA,BRCA,0,0,0.9999473,7.1521804e-06,9.89385e-06,1.4304361e-05,2.1337339e-05
ALL_core_cancer_type_top95,tabpfn_v2_6,v2_6,train,3138,LUAD,LUAD,4,4,3.921213e-05,1.9069728e-05,4.4873454e-05,9.385882e-05,0.999803
ALL_core_cancer_type_top95,tabpfn_v2_6,v2_6,train,1965,HNSCC,HNSCC,2,2,5.7860867e-05,5.702662e-05,0.9997366,8.187521e-05,6.656085e-05
ALL_core_cancer_type_top95,tabpfn_v2_6,v2_6,train,2591,LSCC,LSCC,3,3,0.00012767815,4.977183e-05,0.00012827422,0.9995509,0.00014341439
ALL_core_cancer_type_top95,tabpfn_v2_6,v2_6,train,784,BRCA,BRCA,0,0,0.9998801,1.5256959e-05,2.3243025e-05,3.647367e-05,4.4876917e-05
ALL_core_cancer_type_top95,tabpfn_v2_6,v2_6,train,1970,HNSCC,HNSCC,2,2,0.0002986449,0.00028458264,0.9987106,0.00039279077,0.00031342224
ALL_core_cancer_type_top95,tabpfn_v2_6,v2_6,train,191,BRCA,BRCA,0,0,0.99990094,1.3886506e-05,1.9488789e-05,2.84286e-05,3.730881e-05
ALL_core_cancer_type_top95,tabpfn_v2_6,v2_6,train,811,BRCA,BRCA,0,0,0.99993396,9.118909e-06,1.263535e-05,1.8118615e-05,2.6224312e-05
ALL_core_cancer_type_top95,tabpfn_v2_6,v2_6,train,2698,LUAD,HNSCC,4,2,0.28300264,0.00021198681,0.30668792,0.20742945,0.20266798
ALL_core_cancer_type_top95,tabpfn_v2_6,v2_6,train,1586,HNSCC,HNSCC,2,2,2.2409242e-05,1.5853346e-05,0.99990606,2.813075e-05,2.753476e-05
ALL_core_cancer_type_top95,tabpfn_v2_6,v2_6,train,1867,HNSCC,HNSCC,2,2,3.4386958e-05,2.5566733e-05,0.9998568,4.2372834e-05,4.0882933e-05
ALL_core_cancer_type_top95,tabpfn_v2_6,v2_6,train,1228,ESCA,ESCA,1,1,4.4336368e-05,0.9997861,3.1643296e-05,4.6064535e-05,9.18907e-05
ALL_core_cancer_type_top95,tabpfn_v2_6,v2_6,train,1928,HNSCC,HNSCC,2,2,2.6104028e-05,1.8415854e-05,0.9998925,3.3017423e-05,2.9977913e-05
ALL_core_cancer_type_top95,tabpfn_v2_6,v2_6,train,50,BRCA,HNSCC,0,2,0.28300264,0.00021198681,0.30668792,0.20742945,0.20266798
ALL_core_cancer_type_top95,tabpfn_v2_6,v2_6,train,1781,HNSCC,HNSCC,2,2,2.6580718e-05,2.0263327e-05,0.9998889,3.2719316e-05,3.140816e-05
ALL_core_cancer_type_top95,tabpfn_v2_6,v2_6,train,2493,LSCC,LSCC,3,3,3.5220495e-05,2.2943977e-05,4.4994034e-05,0.99983394,6.281286e-05
ALL_core_cancer_type_top95,tabpfn_v2_6,v2_6,train,667,BRCA,BRCA,0,0,0.9999366,8.522924e-06,1.2516181e-05,1.7582255e-05,2.479396e-05
ALL_core_cancer_type_top95,tabpfn_v2_6,v2_6,train,1530,HNSCC,HNSCC,2,2,2.4912146e-05,1.829672e-05,0.9998958,3.2421547e-05,2.8607248e-05
ALL_core_cancer_type_top95,tabpfn_v2_6,v2_6,train,1559,HNSCC,HNSCC,2,2,2.6282747e-05,2.0442136e-05,0.9998896,3.2898133e-05,3.08122e-05
ALL_core_cancer_type_top95,tabpfn_v2_6,v2_6,train,2835,LUAD,LUAD,4,4,0.00037074002,0.0003559581,0.00040149593,0.0008273105,0.9980445
ALL_core_cancer_type_top95,tabpfn_v2_6,v2_6,train,993,BRCA,BRCA,0,0,0.99992275,9.416806e-06,1.501921e-05,2.2648015e-05,3.015762e-05
ALL_core_cancer_type_top95,tabpfn_v2_6,v2_6,train,1604,HNSCC,HNSCC,2,2,2.65807e-05,2.2170449e-05,0.9998882,3.1646527e-05,3.1527332e-05
ALL_core_cancer_type_top95,tabpfn_v2_6,v2_6,train,299,BRCA,BRCA,0,0,0.9999337,9.357309e-06,1.2635347e-05,1.805901e-05,2.6224305e-05
ALL_core_cancer_type_top95,tabpfn_v2_6,v2_6,train,739,BRCA,BRCA,0,0,0.9999362,8.820924e-06,1.2516177e-05,1.7999455e-05,2.4436345e-05
ALL_core_cancer_type_top95,tabpfn_v2_6,v2_6,train,2622,LUAD,HNSCC,4,2,0.28300264,0.00021198681,0.30668792,0.20742945,0.20266798
ALL_core_cancer_type_top95,tabpfn_v2_6,v2_6,train,1215,ESCA,ESCA,1,1,3.7424696e-05,0.9998124,2.7353399e-05,4.1238676e-05,8.158345e-05
ALL_core_cancer_type_top95,tabpfn_v2_6,v2_6,train,1599,HNSCC,HNSCC,2,2,2.0204207e-05,1.567465e-05,0.9999125,2.6640944e-05,2.503176e-05
ALL_core_cancer_type_top95,tabpfn_v2_6,v2_6,train,1622,HNSCC,HNSCC,2,2,2.5567617e-05,1.9846191e-05,0.9998914,3.3017386e-05,3.0156676e-05
ALL_core_cancer_type_top95,tabpfn_v2_6,v2_6,train,1441,HNSCC,HNSCC,2,2,0.28300264,0.00021198681,0.30668792,0.20742945,0.20266798
ALL_core_cancer_type_top95,tabpfn_v2_6,v2_6,train,926,BRCA,BRCA,0,0,0.99985933,1.722332e-05,2.741428e-05,4.30285e-05,5.310027e-05
ALL_core_cancer_type_top95,tabpfn_v2_6,v2_6,train,1628,HNSCC,HNSCC,2,2,3.176508e-05,2.473266e-05,0.9998679,3.826113e-05,3.7307578e-05
ALL_core_cancer_type_top95,tabpfn_v2_6,v2_6,train,1879,HNSCC,HNSCC,2,2,2.157487e-05,1.7581731e-05,0.9999068,2.7892374e-05,2.6164e-05
ALL_core_cancer_type_top95,tabpfn_v2_6,v2_6,train,452,BRCA,BRCA,0,0,0.99992585,1.043004e-05,1.4602056e-05,2.074088e-05,2.8310107e-05
ALL_core_cancer_type_top95,tabpfn_v2_6,v2_6,train,1090,BRCA,BRCA,0,0,0.9999317,9.595692e-06,1.3410129e-05,1.9668189e-05,2.5747448e-05
ALL_core_cancer_type_top95,tabpfn_v2_6,v2_6,train,2929,LUAD,LUAD,4,4,1.9965697e-05,1.1264229e-05,2.0621288e-05,4.1242576e-05,0.9999069
ALL_core_cancer_type_top95,tabpfn_v2_6,v2_6,train,1153,BRCA,BRCA,0,0,0.9999349,8.999716e-06,1.26353625e-05,1.7820628e-05,2.5509127e-05
ALL_core_cancer_type_top95,tabpfn_v2_6,v2_6,train,2895,LUAD,LUAD,4,4,3.0036344e-05,1.6746453e-05,3.301614e-05,6.6628236e-05,0.9998536
ALL_core_cancer_type_top95,tabpfn_v2_6,v2_6,train,2817,LUAD,LUAD,4,4,2.1693882e-05,1.1562124e-05,2.2468663e-05,4.61293e-05,0.9998982
ALL_core_cancer_type_top95,tabpfn_v2_6,v2_6,train,529,BRCA,BRCA,0,0,0.99993885,8.463342e-06,1.2158604e-05,1.609227e-05,2.443641e-05
ALL_core_cancer_type_top95,tabpfn_v2_6,v2_6,train,1117,BRCA,BRCA,0,0,0.99994695,7.509787e-06,9.834244e-06,1.4423559e-05,2.1218128e-05
ALL_core_cancer_type_top95,tabpfn_v2_6,v2_6,train,2017,HNSCC,HNSCC,2,2,4.6005338e-05,3.7543214e-05,0.99979466,6.6862674e-05,5.4944197e-05
ALL_core_cancer_type_top95,tabpfn_v2_6,v2_6,train,329,BRCA,BRCA,0,0,0.9999478,6.8541763e-06,9.953456e-06,1.4959985e-05,2.0324123e-05
ALL_core_cancer_type_top95,tabpfn_v2_6,v2_6,train,761,BRCA,BRCA,0,0,0.99994147,7.688549e-06,1.12646185e-05,1.603271e-05,2.372126e-05
ALL_core_cancer_type_top95,tabpfn_v2_6,v2_6,train,1223,ESCA,ESCA,1,1,3.599458e-05,0.999816,2.514853e-05,3.9331826e-05,8.349074e-05
ALL_core_cancer_type_top95,tabpfn_v2_6,v2_6,train,1990,HNSCC,HNSCC,2,2,3.8498354e-05,2.8963159e-05,0.99983776,5.1311275e-05,4.3504333e-05
ALL_core_cancer_type_top95,tabpfn_v2_6,v2_6,train,1005,BRCA,BRCA,0,0,0.9999292,9.6552685e-06,1.41253e-05,1.984694e-05,2.7177794e-05
ALL_core_cancer_type_top95,tabpfn_v2_6,v2_6,train,2036,LSCC,HNSCC,3,2,0.28300264,0.00021198681,0.30668792,0.20742945,0.20266798
ALL_core_cancer_type_top95,tabpfn_v2_6,v2_6,train,3088,LUAD,LUAD,4,4,2.783181e-05,1.6508375e-05,2.902375e-05,5.4531276e-05,0.9998721
ALL_core_cancer_type_top95,tabpfn_v2_6,v2_6,train,3002,LUAD,LUAD,4,4,2.9678973e-05,1.4899083e-05,2.9857763e-05,6.4960004e-05,0.9998605
ALL_core_cancer_type_top95,tabpfn_v2_6,v2_6,train,1326,ESCA,ESCA,1,1,3.5041172e-05,0.9998186,2.5863723e-05,3.921274e-05,8.12264e-05
ALL_core_cancer_type_top95,tabpfn_v2_6,v2_6,train,2880,LUAD,LUAD,4,4,3.7305694e-05,2.2943597e-05,4.2073196e-05,8.0213205e-05,0.99981743
ALL_core_cancer_type_top95,tabpfn_v2_6,v2_6,train,781,BRCA,BRCA,0,0,0.99992585,9.774437e-06,1.4542455e-05,2.074088e-05,2.914451e-05
ALL_core_cancer_type_top95,tabpfn_v2_6,v2_6,train,2347,LSCC,LSCC,3,3,3.0930238e-05,1.9428242e-05,4.2849406e-05,0.9998522,5.453019e-05
ALL_core_cancer_type_top95,tabpfn_v2_6,v2_6,train,2565,LSCC,LSCC,3,3,5.661083e-05,3.1582884e-05,6.489389e-05,0.9997601,8.688273e-05
ALL_core_cancer_type_top95,tabpfn_v2_6,v2_6,train,26,BRCA,HNSCC,0,2,0.28300264,0.00021198681,0.30668792,0.20742945,0.20266798
ALL_core_cancer_type_top95,tabpfn_v2_6,v2_6,train,1952,HNSCC,HNSCC,2,2,4.475496e-05,2.8962599e-05,0.9998185,5.577982e-05,5.2085004e-05
ALL_core_cancer_type_top95,tabpfn_v2_6,v2_6,train,2717,LUAD,HNSCC,4,2,0.28300264,0.00021198681,0.30668792,0.20742945,0.20266798
ALL_core_cancer_type_top95,tabpfn_v2_6,v2_6,train,1642,HNSCC,HNSCC,2,2,5.5359807e-05,4.6540375e-05,0.9997669,6.948281e-05,6.167642e-05
