dataset,model_name,version,split,original_row_index,y_true,y_pred,y_true_encoded,y_pred_encoded,prob_cptac,prob_tcga
BRCA_core_source_top100,tabpfn_v1,v1,train,737,TCGA,TCGA,1,1,4.924632e-07,0.9999995
BRCA_core_source_top100,tabpfn_v1,v1,train,599,TCGA,TCGA,1,1,1.8044739e-06,0.9999982
BRCA_core_source_top100,tabpfn_v1,v1,train,219,TCGA,TCGA,1,1,6.03311e-06,0.9999939
BRCA_core_source_top100,tabpfn_v1,v1,train,351,TCGA,TCGA,1,1,4.1782e-06,0.9999958
BRCA_core_source_top100,tabpfn_v1,v1,train,143,TCGA,TCGA,1,1,7.1481367e-07,0.9999993
BRCA_core_source_top100,tabpfn_v1,v1,train,489,TCGA,TCGA,1,1,1.952041e-06,0.9999981
BRCA_core_source_top100,tabpfn_v1,v1,train,30,CPTAC,CPTAC,0,0,0.99087614,0.009123836
BRCA_core_source_top100,tabpfn_v1,v1,train,748,TCGA,TCGA,1,1,9.194306e-07,0.99999905
BRCA_core_source_top100,tabpfn_v1,v1,train,889,TCGA,TCGA,1,1,3.9768424e-06,0.99999607
BRCA_core_source_top100,tabpfn_v1,v1,train,939,TCGA,TCGA,1,1,7.7632694e-07,0.99999917
BRCA_core_source_top100,tabpfn_v1,v1,train,1087,TCGA,TCGA,1,1,5.436455e-07,0.9999994
BRCA_core_source_top100,tabpfn_v1,v1,train,828,TCGA,TCGA,1,1,6.0938567e-07,0.9999994
BRCA_core_source_top100,tabpfn_v1,v1,train,909,TCGA,TCGA,1,1,6.8391284e-07,0.9999993
BRCA_core_source_top100,tabpfn_v1,v1,train,567,TCGA,TCGA,1,1,5.891174e-07,0.9999994
BRCA_core_source_top100,tabpfn_v1,v1,train,962,TCGA,TCGA,1,1,4.0835204e-07,0.99999964
BRCA_core_source_top100,tabpfn_v1,v1,train,46,CPTAC,CPTAC,0,0,0.99087614,0.009123836
BRCA_core_source_top100,tabpfn_v1,v1,train,1125,TCGA,TCGA,1,1,0.00020298289,0.99979705
BRCA_core_source_top100,tabpfn_v1,v1,train,11,CPTAC,CPTAC,0,0,0.99087614,0.009123836
BRCA_core_source_top100,tabpfn_v1,v1,train,371,TCGA,TCGA,1,1,4.3113704e-07,0.9999995
BRCA_core_source_top100,tabpfn_v1,v1,train,996,TCGA,TCGA,1,1,6.672048e-07,0.9999993
BRCA_core_source_top100,tabpfn_v1,v1,train,612,TCGA,TCGA,1,1,2.4497716e-05,0.99997544
BRCA_core_source_top100,tabpfn_v1,v1,train,934,TCGA,TCGA,1,1,6.0856917e-07,0.9999994
BRCA_core_source_top100,tabpfn_v1,v1,train,980,TCGA,TCGA,1,1,4.0835204e-07,0.99999964
BRCA_core_source_top100,tabpfn_v1,v1,train,807,TCGA,TCGA,1,1,4.4676827e-07,0.9999995
BRCA_core_source_top100,tabpfn_v1,v1,train,117,CPTAC,CPTAC,0,0,0.99087614,0.009123836
BRCA_core_source_top100,tabpfn_v1,v1,train,753,TCGA,TCGA,1,1,1.14338645e-05,0.99998856
BRCA_core_source_top100,tabpfn_v1,v1,train,868,TCGA,TCGA,1,1,4.857891e-07,0.9999995
BRCA_core_source_top100,tabpfn_v1,v1,train,1075,TCGA,TCGA,1,1,2.4867593e-06,0.9999975
BRCA_core_source_top100,tabpfn_v1,v1,train,959,TCGA,TCGA,1,1,4.7299417e-07,0.9999995
BRCA_core_source_top100,tabpfn_v1,v1,train,657,TCGA,TCGA,1,1,5.083448e-07,0.9999995
BRCA_core_source_top100,tabpfn_v1,v1,train,1122,TCGA,TCGA,1,1,1.0881116e-06,0.9999989
BRCA_core_source_top100,tabpfn_v1,v1,train,587,TCGA,TCGA,1,1,1.4120028e-06,0.99999857
BRCA_core_source_top100,tabpfn_v1,v1,train,3,CPTAC,CPTAC,0,0,0.99087614,0.009123836
BRCA_core_source_top100,tabpfn_v1,v1,train,398,TCGA,TCGA,1,1,7.6445735e-07,0.9999993
BRCA_core_source_top100,tabpfn_v1,v1,train,795,TCGA,TCGA,1,1,4.2895476e-07,0.9999995
BRCA_core_source_top100,tabpfn_v1,v1,train,848,TCGA,TCGA,1,1,7.4423764e-07,0.9999993
BRCA_core_source_top100,tabpfn_v1,v1,train,486,TCGA,TCGA,1,1,4.202783e-07,0.9999995
BRCA_core_source_top100,tabpfn_v1,v1,train,806,TCGA,TCGA,1,1,4.832873e-07,0.9999995
BRCA_core_source_top100,tabpfn_v1,v1,train,53,CPTAC,CPTAC,0,0,0.99087614,0.009123836
BRCA_core_source_top100,tabpfn_v1,v1,train,1068,TCGA,TCGA,1,1,5.823451e-07,0.9999994
BRCA_core_source_top100,tabpfn_v1,v1,train,228,TCGA,TCGA,1,1,1.0750051e-06,0.9999989
BRCA_core_source_top100,tabpfn_v1,v1,train,638,TCGA,TCGA,1,1,3.9426226e-07,0.99999964
BRCA_core_source_top100,tabpfn_v1,v1,train,695,TCGA,TCGA,1,1,7.1620434e-07,0.9999993
BRCA_core_source_top100,tabpfn_v1,v1,train,617,TCGA,TCGA,1,1,2.2814852e-06,0.99999774
BRCA_core_source_top100,tabpfn_v1,v1,train,138,TCGA,TCGA,1,1,0.0037825562,0.9962174
BRCA_core_source_top100,tabpfn_v1,v1,train,607,TCGA,TCGA,1,1,8.201446e-07,0.99999917
BRCA_core_source_top100,tabpfn_v1,v1,train,132,TCGA,TCGA,1,1,4.4428793e-06,0.9999956
BRCA_core_source_top100,tabpfn_v1,v1,train,466,TCGA,TCGA,1,1,6.404354e-07,0.9999994
BRCA_core_source_top100,tabpfn_v1,v1,train,1117,TCGA,TCGA,1,1,7.669146e-07,0.9999993
BRCA_core_source_top100,tabpfn_v1,v1,train,1152,TCGA,TCGA,1,1,4.0835204e-07,0.99999964
BRCA_core_source_top100,tabpfn_v1,v1,train,977,TCGA,TCGA,1,1,7.2721866e-07,0.9999993
BRCA_core_source_top100,tabpfn_v1,v1,train,379,TCGA,TCGA,1,1,5.384908e-05,0.9999461
BRCA_core_source_top100,tabpfn_v1,v1,train,426,TCGA,TCGA,1,1,1.2413382e-06,0.9999988
BRCA_core_source_top100,tabpfn_v1,v1,train,406,TCGA,TCGA,1,1,1.0185585e-06,0.9999989
BRCA_core_source_top100,tabpfn_v1,v1,train,757,TCGA,TCGA,1,1,7.532468e-07,0.9999993
BRCA_core_source_top100,tabpfn_v1,v1,train,618,TCGA,TCGA,1,1,7.364275e-07,0.9999993
BRCA_core_source_top100,tabpfn_v1,v1,train,720,TCGA,TCGA,1,1,6.8644954e-07,0.9999993
BRCA_core_source_top100,tabpfn_v1,v1,train,1081,TCGA,TCGA,1,1,3.382754e-06,0.99999666
BRCA_core_source_top100,tabpfn_v1,v1,train,508,TCGA,TCGA,1,1,4.2095058e-07,0.9999995
BRCA_core_source_top100,tabpfn_v1,v1,train,647,TCGA,TCGA,1,1,1.0152951e-06,0.9999989
BRCA_core_source_top100,tabpfn_v1,v1,train,349,TCGA,TCGA,1,1,4.0835204e-07,0.99999964
BRCA_core_source_top100,tabpfn_v1,v1,train,276,TCGA,TCGA,1,1,4.8155794e-06,0.99999523
BRCA_core_source_top100,tabpfn_v1,v1,train,1072,TCGA,TCGA,1,1,9.656137e-07,0.99999905
BRCA_core_source_top100,tabpfn_v1,v1,train,98,CPTAC,CPTAC,0,0,0.99087614,0.009123836
BRCA_core_source_top100,tabpfn_v1,v1,train,659,TCGA,TCGA,1,1,5.57922e-07,0.9999994
BRCA_core_source_top100,tabpfn_v1,v1,train,568,TCGA,TCGA,1,1,7.057888e-07,0.9999993
BRCA_core_source_top100,tabpfn_v1,v1,train,597,TCGA,TCGA,1,1,6.5317835e-07,0.9999994
BRCA_core_source_top100,tabpfn_v1,v1,train,696,TCGA,TCGA,1,1,6.406578e-07,0.9999994
BRCA_core_source_top100,tabpfn_v1,v1,train,41,CPTAC,CPTAC,0,0,0.99087614,0.009123836
BRCA_core_source_top100,tabpfn_v1,v1,train,337,TCGA,TCGA,1,1,2.3279727e-06,0.9999976
BRCA_core_source_top100,tabpfn_v1,v1,train,651,TCGA,TCGA,1,1,7.253354e-07,0.9999993
BRCA_core_source_top100,tabpfn_v1,v1,train,44,CPTAC,CPTAC,0,0,0.99087614,0.009123836
BRCA_core_source_top100,tabpfn_v1,v1,train,858,TCGA,TCGA,1,1,8.131586e-07,0.99999917
BRCA_core_source_top100,tabpfn_v1,v1,train,626,TCGA,TCGA,1,1,2.7977064e-06,0.99999726
BRCA_core_source_top100,tabpfn_v1,v1,train,1174,TCGA,TCGA,1,1,4.4934916e-07,0.9999995
BRCA_core_source_top100,tabpfn_v1,v1,train,538,TCGA,TCGA,1,1,1.7519172e-06,0.9999982
BRCA_core_source_top100,tabpfn_v1,v1,train,340,TCGA,TCGA,1,1,9.245142e-06,0.9999907
BRCA_core_source_top100,tabpfn_v1,v1,train,866,TCGA,TCGA,1,1,8.4812984e-07,0.99999917
BRCA_core_source_top100,tabpfn_v1,v1,train,9,CPTAC,CPTAC,0,0,0.99087614,0.009123836
BRCA_core_source_top100,tabpfn_v1,v1,train,666,TCGA,TCGA,1,1,4.113892e-07,0.99999964
BRCA_core_source_top100,tabpfn_v1,v1,train,886,TCGA,TCGA,1,1,6.2194243e-07,0.9999994
BRCA_core_source_top100,tabpfn_v1,v1,train,151,TCGA,TCGA,1,1,1.1272136e-06,0.9999989
BRCA_core_source_top100,tabpfn_v1,v1,train,590,TCGA,TCGA,1,1,4.948694e-07,0.9999995
BRCA_core_source_top100,tabpfn_v1,v1,train,97,CPTAC,CPTAC,0,0,0.99087614,0.009123836
BRCA_core_source_top100,tabpfn_v1,v1,train,845,TCGA,TCGA,1,1,4.3782123e-07,0.9999995
BRCA_core_source_top100,tabpfn_v1,v1,train,760,TCGA,TCGA,1,1,1.7107144e-06,0.99999833
BRCA_core_source_top100,tabpfn_v1,v1,train,95,CPTAC,CPTAC,0,0,0.99087614,0.009123836
BRCA_core_source_top100,tabpfn_v1,v1,train,335,TCGA,TCGA,1,1,4.491529e-07,0.9999995
BRCA_core_source_top100,tabpfn_v1,v1,train,603,TCGA,TCGA,1,1,1.347705e-06,0.9999987
BRCA_core_source_top100,tabpfn_v1,v1,train,878,TCGA,TCGA,1,1,3.154822e-06,0.9999969
BRCA_core_source_top100,tabpfn_v1,v1,train,800,TCGA,TCGA,1,1,4.0835204e-07,0.99999964
BRCA_core_source_top100,tabpfn_v1,v1,train,1144,TCGA,TCGA,1,1,4.1366943e-07,0.99999964
BRCA_core_source_top100,tabpfn_v1,v1,train,776,TCGA,TCGA,1,1,4.0835204e-07,0.99999964
BRCA_core_source_top100,tabpfn_v1,v1,train,1111,TCGA,TCGA,1,1,4.4545362e-07,0.9999995
BRCA_core_source_top100,tabpfn_v1,v1,train,1110,TCGA,TCGA,1,1,3.300714e-06,0.99999666
BRCA_core_source_top100,tabpfn_v1,v1,train,163,TCGA,TCGA,1,1,2.0123503e-06,0.999998
BRCA_core_source_top100,tabpfn_v1,v1,train,715,TCGA,TCGA,1,1,1.9455233e-06,0.9999981
BRCA_core_source_top100,tabpfn_v1,v1,train,777,TCGA,TCGA,1,1,4.3003265e-06,0.9999957
BRCA_core_source_top100,tabpfn_v1,v1,train,838,TCGA,TCGA,1,1,1.3293198e-06,0.9999987
BRCA_core_source_top100,tabpfn_v1,v1,train,83,CPTAC,CPTAC,0,0,0.99087614,0.009123836
BRCA_core_source_top100,tabpfn_v1,v1,train,997,TCGA,TCGA,1,1,4.257171e-06,0.9999957
BRCA_core_source_top100,tabpfn_v1,v1,train,756,TCGA,TCGA,1,1,4.0759411e-07,0.99999964
BRCA_core_source_top100,tabpfn_v1,v1,train,755,TCGA,TCGA,1,1,4.6306332e-07,0.9999995
BRCA_core_source_top100,tabpfn_v1,v1,train,137,TCGA,TCGA,1,1,3.8074122e-05,0.999962
BRCA_core_source_top100,tabpfn_v1,v1,train,1026,TCGA,TCGA,1,1,6.098861e-06,0.9999939
BRCA_core_source_top100,tabpfn_v1,v1,train,616,TCGA,TCGA,1,1,1.9008776e-06,0.9999981
BRCA_core_source_top100,tabpfn_v1,v1,train,286,TCGA,TCGA,1,1,6.0939266e-07,0.9999994
BRCA_core_source_top100,tabpfn_v1,v1,train,738,TCGA,TCGA,1,1,1.1252201e-06,0.9999989
BRCA_core_source_top100,tabpfn_v1,v1,train,1164,TCGA,TCGA,1,1,9.805686e-06,0.9999902
BRCA_core_source_top100,tabpfn_v1,v1,train,1095,TCGA,TCGA,1,1,1.2921247e-06,0.9999987
BRCA_core_source_top100,tabpfn_v1,v1,train,487,TCGA,TCGA,1,1,1.8256208e-06,0.9999982
BRCA_core_source_top100,tabpfn_v1,v1,train,542,TCGA,TCGA,1,1,4.6661017e-07,0.9999995
BRCA_core_source_top100,tabpfn_v1,v1,train,949,TCGA,TCGA,1,1,4.0130863e-07,0.99999964
BRCA_core_source_top100,tabpfn_v1,v1,train,1105,TCGA,TCGA,1,1,1.9265008e-06,0.9999981
BRCA_core_source_top100,tabpfn_v1,v1,train,1090,TCGA,TCGA,1,1,3.4200639e-06,0.99999654
BRCA_core_source_top100,tabpfn_v1,v1,train,152,TCGA,TCGA,1,1,6.170719e-07,0.9999994
BRCA_core_source_top100,tabpfn_v1,v1,train,625,TCGA,TCGA,1,1,7.285365e-05,0.99992716
BRCA_core_source_top100,tabpfn_v1,v1,train,270,TCGA,TCGA,1,1,1.7929875e-06,0.9999982
BRCA_core_source_top100,tabpfn_v1,v1,train,952,TCGA,TCGA,1,1,4.2258563e-07,0.9999995
BRCA_core_source_top100,tabpfn_v1,v1,train,509,TCGA,TCGA,1,1,4.5630043e-07,0.9999995
BRCA_core_source_top100,tabpfn_v1,v1,train,964,TCGA,TCGA,1,1,7.721832e-07,0.9999993
BRCA_core_source_top100,tabpfn_v1,v1,train,605,TCGA,TCGA,1,1,3.5113806e-06,0.99999654
BRCA_core_source_top100,tabpfn_v1,v1,train,380,TCGA,TCGA,1,1,3.859281e-07,0.99999964
BRCA_core_source_top100,tabpfn_v1,v1,train,913,TCGA,TCGA,1,1,7.107656e-07,0.9999993
BRCA_core_source_top100,tabpfn_v1,v1,train,1070,TCGA,TCGA,1,1,4.0835204e-07,0.99999964
BRCA_core_source_top100,tabpfn_v1,v1,train,373,TCGA,TCGA,1,1,5.597453e-07,0.9999994
BRCA_core_source_top100,tabpfn_v1,v1,train,283,TCGA,TCGA,1,1,7.963265e-06,0.999992
BRCA_core_source_top100,tabpfn_v1,v1,train,201,TCGA,TCGA,1,1,5.891275e-06,0.99999416
BRCA_core_source_top100,tabpfn_v1,v1,train,1042,TCGA,TCGA,1,1,0.0001501562,0.9998498
BRCA_core_source_top100,tabpfn_v1,v1,train,582,TCGA,TCGA,1,1,1.4858881e-06,0.99999857
BRCA_core_source_top100,tabpfn_v1,v1,train,390,TCGA,TCGA,1,1,1.1384251e-06,0.9999988
BRCA_core_source_top100,tabpfn_v1,v1,train,437,TCGA,TCGA,1,1,4.9546634e-07,0.9999995
BRCA_core_source_top100,tabpfn_v1,v1,train,982,TCGA,TCGA,1,1,3.4717198e-06,0.99999654
BRCA_core_source_top100,tabpfn_v1,v1,train,713,TCGA,TCGA,1,1,2.9739333e-06,0.999997
BRCA_core_source_top100,tabpfn_v1,v1,train,697,TCGA,TCGA,1,1,1.1497813e-06,0.9999988
BRCA_core_source_top100,tabpfn_v1,v1,train,965,TCGA,TCGA,1,1,5.3191684e-07,0.9999995
BRCA_core_source_top100,tabpfn_v1,v1,train,1030,TCGA,TCGA,1,1,1.4808201e-05,0.9999852
BRCA_core_source_top100,tabpfn_v1,v1,train,1161,TCGA,TCGA,1,1,0.0010561545,0.99894387
BRCA_core_source_top100,tabpfn_v1,v1,train,705,TCGA,TCGA,1,1,3.8447192e-06,0.9999962
BRCA_core_source_top100,tabpfn_v1,v1,train,558,TCGA,TCGA,1,1,1.8602754e-05,0.9999814
BRCA_core_source_top100,tabpfn_v1,v1,train,186,TCGA,TCGA,1,1,1.1646678e-06,0.9999988
BRCA_core_source_top100,tabpfn_v1,v1,train,391,TCGA,TCGA,1,1,2.0225194e-05,0.99997973
BRCA_core_source_top100,tabpfn_v1,v1,train,786,TCGA,TCGA,1,1,6.432437e-07,0.9999994
BRCA_core_source_top100,tabpfn_v1,v1,train,472,TCGA,TCGA,1,1,6.4892424e-06,0.99999356
BRCA_core_source_top100,tabpfn_v1,v1,train,1083,TCGA,TCGA,1,1,1.1444567e-05,0.99998856
BRCA_core_source_top100,tabpfn_v1,v1,train,1040,TCGA,TCGA,1,1,0.0016871393,0.99831283
BRCA_core_source_top100,tabpfn_v1,v1,train,1123,TCGA,TCGA,1,1,1.775045e-06,0.9999982
BRCA_core_source_top100,tabpfn_v1,v1,train,880,TCGA,TCGA,1,1,1.9273095e-06,0.9999981
BRCA_core_source_top100,tabpfn_v1,v1,train,589,TCGA,TCGA,1,1,1.7611155e-06,0.9999982
BRCA_core_source_top100,tabpfn_v1,v1,train,549,TCGA,TCGA,1,1,1.2260327e-06,0.9999988
BRCA_core_source_top100,tabpfn_v1,v1,train,294,TCGA,TCGA,1,1,4.0835204e-07,0.99999964
BRCA_core_source_top100,tabpfn_v1,v1,train,1088,TCGA,TCGA,1,1,1.3712299e-05,0.9999863
BRCA_core_source_top100,tabpfn_v1,v1,train,468,TCGA,TCGA,1,1,9.1263496e-07,0.99999905
BRCA_core_source_top100,tabpfn_v1,v1,train,179,TCGA,TCGA,1,1,6.6871263e-07,0.9999993
BRCA_core_source_top100,tabpfn_v1,v1,train,1023,TCGA,TCGA,1,1,6.548287e-07,0.9999994
BRCA_core_source_top100,tabpfn_v1,v1,train,344,TCGA,TCGA,1,1,6.721358e-07,0.9999993
BRCA_core_source_top100,tabpfn_v1,v1,train,787,TCGA,TCGA,1,1,1.1891733e-06,0.9999988
BRCA_core_source_top100,tabpfn_v1,v1,train,960,TCGA,TCGA,1,1,2.2826168e-06,0.99999774
BRCA_core_source_top100,tabpfn_v1,v1,train,94,CPTAC,CPTAC,0,0,0.99087614,0.009123836
BRCA_core_source_top100,tabpfn_v1,v1,train,790,TCGA,TCGA,1,1,8.630368e-07,0.99999917
BRCA_core_source_top100,tabpfn_v1,v1,train,45,CPTAC,CPTAC,0,0,0.99087614,0.009123836
BRCA_core_source_top100,tabpfn_v1,v1,train,325,TCGA,TCGA,1,1,1.8256799e-06,0.9999982
BRCA_core_source_top100,tabpfn_v1,v1,train,714,TCGA,TCGA,1,1,5.527141e-07,0.9999994
BRCA_core_source_top100,tabpfn_v1,v1,train,579,TCGA,TCGA,1,1,9.3478184e-07,0.99999905
BRCA_core_source_top100,tabpfn_v1,v1,train,670,TCGA,TCGA,1,1,1.4073315e-05,0.99998593
BRCA_core_source_top100,tabpfn_v1,v1,train,405,TCGA,TCGA,1,1,2.42629e-06,0.9999976
BRCA_core_source_top100,tabpfn_v1,v1,train,596,TCGA,TCGA,1,1,6.622064e-07,0.9999993
BRCA_core_source_top100,tabpfn_v1,v1,train,54,CPTAC,CPTAC,0,0,0.99087614,0.009123836
BRCA_core_source_top100,tabpfn_v1,v1,train,822,TCGA,TCGA,1,1,7.422261e-07,0.9999993
BRCA_core_source_top100,tabpfn_v1,v1,train,285,TCGA,TCGA,1,1,1.920034e-05,0.9999808
BRCA_core_source_top100,tabpfn_v1,v1,train,727,TCGA,TCGA,1,1,7.0993644e-07,0.9999993
BRCA_core_source_top100,tabpfn_v1,v1,train,107,CPTAC,CPTAC,0,0,0.99087614,0.009123836
BRCA_core_source_top100,tabpfn_v1,v1,train,318,TCGA,TCGA,1,1,4.834906e-07,0.9999995
BRCA_core_source_top100,tabpfn_v1,v1,train,1097,TCGA,TCGA,1,1,2.1699345e-05,0.9999783
BRCA_core_source_top100,tabpfn_v1,v1,train,834,TCGA,TCGA,1,1,5.955083e-07,0.9999994
BRCA_core_source_top100,tabpfn_v1,v1,train,148,TCGA,TCGA,1,1,9.281362e-06,0.9999907
BRCA_core_source_top100,tabpfn_v1,v1,train,772,TCGA,TCGA,1,1,9.9836e-07,0.99999905
BRCA_core_source_top100,tabpfn_v1,v1,train,164,TCGA,TCGA,1,1,1.0387894e-06,0.9999989
BRCA_core_source_top100,tabpfn_v1,v1,train,595,TCGA,TCGA,1,1,1.0886617e-06,0.9999989
BRCA_core_source_top100,tabpfn_v1,v1,train,1201,TCGA,TCGA,1,1,2.9494702e-06,0.999997
BRCA_core_source_top100,tabpfn_v1,v1,train,656,TCGA,TCGA,1,1,4.4379905e-07,0.9999995
BRCA_core_source_top100,tabpfn_v1,v1,train,135,TCGA,TCGA,1,1,1.0038027e-06,0.99999905
BRCA_core_source_top100,tabpfn_v1,v1,train,298,TCGA,TCGA,1,1,4.8700906e-07,0.9999995
BRCA_core_source_top100,tabpfn_v1,v1,train,498,TCGA,TCGA,1,1,4.212357e-07,0.9999995
BRCA_core_source_top100,tabpfn_v1,v1,train,208,TCGA,TCGA,1,1,4.7758994e-07,0.9999995
BRCA_core_source_top100,tabpfn_v1,v1,train,912,TCGA,TCGA,1,1,5.057635e-07,0.9999995
BRCA_core_source_top100,tabpfn_v1,v1,train,801,TCGA,TCGA,1,1,1.7277481e-06,0.99999833
BRCA_core_source_top100,tabpfn_v1,v1,train,323,TCGA,TCGA,1,1,5.639127e-07,0.9999994
BRCA_core_source_top100,tabpfn_v1,v1,train,816,TCGA,TCGA,1,1,4.747268e-07,0.9999995
BRCA_core_source_top100,tabpfn_v1,v1,train,702,TCGA,TCGA,1,1,1.2271371e-06,0.9999988
BRCA_core_source_top100,tabpfn_v1,v1,train,782,TCGA,TCGA,1,1,5.2664365e-07,0.9999995
BRCA_core_source_top100,tabpfn_v1,v1,train,385,TCGA,TCGA,1,1,1.1293936e-06,0.9999989
BRCA_core_source_top100,tabpfn_v1,v1,train,1175,TCGA,TCGA,1,1,1.1180864e-06,0.9999989
BRCA_core_source_top100,tabpfn_v1,v1,train,811,TCGA,TCGA,1,1,1.0510845e-06,0.9999989
BRCA_core_source_top100,tabpfn_v1,v1,train,49,CPTAC,CPTAC,0,0,0.99087614,0.009123836
BRCA_core_source_top100,tabpfn_v1,v1,train,454,TCGA,TCGA,1,1,6.202135e-07,0.9999994
BRCA_core_source_top100,tabpfn_v1,v1,train,577,TCGA,TCGA,1,1,4.1133504e-07,0.99999964
BRCA_core_source_top100,tabpfn_v1,v1,train,1047,TCGA,TCGA,1,1,7.317022e-07,0.9999993
BRCA_core_source_top100,tabpfn_v1,v1,train,716,TCGA,TCGA,1,1,4.1048858e-07,0.99999964
BRCA_core_source_top100,tabpfn_v1,v1,train,367,TCGA,TCGA,1,1,1.613622e-06,0.99999833
BRCA_core_source_top100,tabpfn_v1,v1,train,15,CPTAC,CPTAC,0,0,0.99087614,0.009123836
BRCA_core_source_top100,tabpfn_v1,v1,train,520,TCGA,TCGA,1,1,4.861788e-06,0.9999951
BRCA_core_source_top100,tabpfn_v1,v1,train,1033,TCGA,TCGA,1,1,4.520589e-06,0.99999547
BRCA_core_source_top100,tabpfn_v1,v1,train,144,TCGA,TCGA,1,1,1.3180333e-05,0.99998677
BRCA_core_source_top100,tabpfn_v1,v1,train,881,TCGA,TCGA,1,1,1.6215929e-06,0.99999833
BRCA_core_source_top100,tabpfn_v1,v1,train,274,TCGA,TCGA,1,1,3.252518e-06,0.9999968
BRCA_core_source_top100,tabpfn_v1,v1,train,919,TCGA,TCGA,1,1,4.5793394e-07,0.9999995
BRCA_core_source_top100,tabpfn_v1,v1,train,894,TCGA,TCGA,1,1,1.0098923e-06,0.99999905
BRCA_core_source_top100,tabpfn_v1,v1,train,683,TCGA,TCGA,1,1,1.6970333e-05,0.9999831
BRCA_core_source_top100,tabpfn_v1,v1,train,260,TCGA,TCGA,1,1,9.1071655e-05,0.9999089
BRCA_core_source_top100,tabpfn_v1,v1,train,331,TCGA,TCGA,1,1,5.737416e-07,0.9999994
BRCA_core_source_top100,tabpfn_v1,v1,train,835,TCGA,TCGA,1,1,4.198056e-07,0.9999995
BRCA_core_source_top100,tabpfn_v1,v1,train,326,TCGA,TCGA,1,1,7.631072e-06,0.9999924
BRCA_core_source_top100,tabpfn_v1,v1,train,34,CPTAC,CPTAC,0,0,0.99087614,0.009123836
BRCA_core_source_top100,tabpfn_v1,v1,train,271,TCGA,TCGA,1,1,7.7825525e-06,0.99999225
BRCA_core_source_top100,tabpfn_v1,v1,train,229,TCGA,TCGA,1,1,2.0159384e-06,0.999998
BRCA_core_source_top100,tabpfn_v1,v1,train,944,TCGA,TCGA,1,1,4.1027374e-07,0.99999964
BRCA_core_source_top100,tabpfn_v1,v1,train,534,TCGA,TCGA,1,1,4.4722395e-07,0.9999995
BRCA_core_source_top100,tabpfn_v1,v1,train,547,TCGA,TCGA,1,1,7.735482e-07,0.9999993
BRCA_core_source_top100,tabpfn_v1,v1,train,198,TCGA,TCGA,1,1,1.0648647e-06,0.9999989
BRCA_core_source_top100,tabpfn_v1,v1,train,752,TCGA,TCGA,1,1,1.284549e-06,0.9999987
BRCA_core_source_top100,tabpfn_v1,v1,train,149,TCGA,TCGA,1,1,1.3166764e-06,0.9999987
BRCA_core_source_top100,tabpfn_v1,v1,train,991,TCGA,TCGA,1,1,7.800733e-07,0.99999917
BRCA_core_source_top100,tabpfn_v1,v1,train,1184,TCGA,TCGA,1,1,8.840105e-07,0.99999917
BRCA_core_source_top100,tabpfn_v1,v1,train,571,TCGA,TCGA,1,1,1.2860027e-06,0.9999987
BRCA_core_source_top100,tabpfn_v1,v1,train,580,TCGA,TCGA,1,1,6.429404e-06,0.99999356
BRCA_core_source_top100,tabpfn_v1,v1,train,598,TCGA,TCGA,1,1,2.2463571e-05,0.9999776
BRCA_core_source_top100,tabpfn_v1,v1,train,1130,TCGA,TCGA,1,1,3.9602955e-06,0.99999607
BRCA_core_source_top100,tabpfn_v1,v1,train,187,TCGA,TCGA,1,1,6.156341e-07,0.9999994
BRCA_core_source_top100,tabpfn_v1,v1,train,783,TCGA,TCGA,1,1,1.5411409e-06,0.99999845
BRCA_core_source_top100,tabpfn_v1,v1,train,120,CPTAC,CPTAC,0,0,0.99087614,0.009123836
BRCA_core_source_top100,tabpfn_v1,v1,train,338,TCGA,TCGA,1,1,7.9009845e-07,0.99999917
BRCA_core_source_top100,tabpfn_v1,v1,train,975,TCGA,TCGA,1,1,5.746769e-07,0.9999994
BRCA_core_source_top100,tabpfn_v1,v1,train,869,TCGA,TCGA,1,1,5.984843e-07,0.9999994
BRCA_core_source_top100,tabpfn_v1,v1,train,57,CPTAC,CPTAC,0,0,0.99087614,0.009123836
BRCA_core_source_top100,tabpfn_v1,v1,train,21,CPTAC,CPTAC,0,0,0.99087614,0.009123836
BRCA_core_source_top100,tabpfn_v1,v1,train,1171,TCGA,TCGA,1,1,1.0405791e-06,0.9999989
BRCA_core_source_top100,tabpfn_v1,v1,train,613,TCGA,TCGA,1,1,1.9666722e-06,0.9999981
BRCA_core_source_top100,tabpfn_v1,v1,train,394,TCGA,TCGA,1,1,7.9559004e-07,0.99999917
BRCA_core_source_top100,tabpfn_v1,v1,train,877,TCGA,TCGA,1,1,4.0835204e-07,0.99999964
BRCA_core_source_top100,tabpfn_v1,v1,train,810,TCGA,TCGA,1,1,1.3491321e-05,0.9999865
BRCA_core_source_top100,tabpfn_v1,v1,train,39,CPTAC,CPTAC,0,0,0.99087614,0.009123836
BRCA_core_source_top100,tabpfn_v1,v1,train,1154,TCGA,TCGA,1,1,4.030752e-06,0.99999595
BRCA_core_source_top100,tabpfn_v1,v1,train,254,TCGA,TCGA,1,1,8.276561e-07,0.99999917
BRCA_core_source_top100,tabpfn_v1,v1,train,469,TCGA,TCGA,1,1,6.312861e-07,0.9999994
BRCA_core_source_top100,tabpfn_v1,v1,train,38,CPTAC,CPTAC,0,0,0.99087614,0.009123836
BRCA_core_source_top100,tabpfn_v1,v1,train,920,TCGA,TCGA,1,1,2.0177752e-06,0.999998
BRCA_core_source_top100,tabpfn_v1,v1,train,855,TCGA,TCGA,1,1,5.290102e-06,0.99999475
BRCA_core_source_top100,tabpfn_v1,v1,train,1157,TCGA,TCGA,1,1,6.6740354e-06,0.9999933
BRCA_core_source_top100,tabpfn_v1,v1,train,1121,TCGA,TCGA,1,1,1.0635139e-06,0.9999989
BRCA_core_source_top100,tabpfn_v1,v1,train,183,TCGA,TCGA,1,1,8.610243e-07,0.99999917
BRCA_core_source_top100,tabpfn_v1,v1,train,452,TCGA,TCGA,1,1,2.1556489e-06,0.99999785
BRCA_core_source_top100,tabpfn_v1,v1,train,837,TCGA,TCGA,1,1,5.276727e-07,0.9999995
BRCA_core_source_top100,tabpfn_v1,v1,train,631,TCGA,TCGA,1,1,1.2478242e-05,0.9999875
BRCA_core_source_top100,tabpfn_v1,v1,train,1036,TCGA,TCGA,1,1,3.21911e-06,0.9999968
BRCA_core_source_top100,tabpfn_v1,v1,train,388,TCGA,TCGA,1,1,9.232896e-06,0.9999908
BRCA_core_source_top100,tabpfn_v1,v1,train,1104,TCGA,TCGA,1,1,4.296471e-07,0.9999995
BRCA_core_source_top100,tabpfn_v1,v1,train,1063,TCGA,TCGA,1,1,4.1830896e-07,0.9999995
BRCA_core_source_top100,tabpfn_v1,v1,train,956,TCGA,TCGA,1,1,9.145743e-06,0.9999908
BRCA_core_source_top100,tabpfn_v1,v1,train,69,CPTAC,CPTAC,0,0,0.99087614,0.009123836
BRCA_core_source_top100,tabpfn_v1,v1,train,43,CPTAC,CPTAC,0,0,0.99087614,0.009123836
BRCA_core_source_top100,tabpfn_v1,v1,train,677,TCGA,TCGA,1,1,2.299607e-06,0.99999774
BRCA_core_source_top100,tabpfn_v1,v1,train,789,TCGA,TCGA,1,1,4.430672e-06,0.9999956
BRCA_core_source_top100,tabpfn_v1,v1,train,26,CPTAC,CPTAC,0,0,0.99087614,0.009123836
BRCA_core_source_top100,tabpfn_v1,v1,train,721,TCGA,TCGA,1,1,9.962324e-07,0.99999905
BRCA_core_source_top100,tabpfn_v1,v1,train,423,TCGA,TCGA,1,1,2.6144304e-05,0.9999739
BRCA_core_source_top100,tabpfn_v1,v1,train,733,TCGA,TCGA,1,1,7.1330396e-07,0.9999993
BRCA_core_source_top100,tabpfn_v1,v1,train,664,TCGA,TCGA,1,1,1.0730886e-06,0.9999989
BRCA_core_source_top100,tabpfn_v1,v1,train,1007,TCGA,TCGA,1,1,4.2159257e-07,0.9999995
BRCA_core_source_top100,tabpfn_v1,v1,train,291,TCGA,TCGA,1,1,3.5925357e-06,0.9999964
BRCA_core_source_top100,tabpfn_v1,v1,train,1132,TCGA,TCGA,1,1,3.204839e-06,0.9999968
BRCA_core_source_top100,tabpfn_v1,v1,train,78,CPTAC,CPTAC,0,0,0.99087614,0.009123836
BRCA_core_source_top100,tabpfn_v1,v1,train,833,TCGA,TCGA,1,1,6.7009984e-07,0.9999993
BRCA_core_source_top100,tabpfn_v1,v1,train,122,TCGA,TCGA,1,1,7.2841713e-06,0.9999927
BRCA_core_source_top100,tabpfn_v1,v1,train,921,TCGA,TCGA,1,1,7.1133377e-06,0.99999285
BRCA_core_source_top100,tabpfn_v1,v1,train,546,TCGA,TCGA,1,1,2.6363307e-06,0.9999974
BRCA_core_source_top100,tabpfn_v1,v1,train,998,TCGA,TCGA,1,1,4.831477e-07,0.9999995
BRCA_core_source_top100,tabpfn_v1,v1,train,1017,TCGA,TCGA,1,1,8.8189864e-07,0.99999917
BRCA_core_source_top100,tabpfn_v1,v1,train,397,TCGA,CPTAC,1,0,0.99087614,0.009123836
BRCA_core_source_top100,tabpfn_v1,v1,train,507,TCGA,TCGA,1,1,1.0662721e-06,0.9999989
BRCA_core_source_top100,tabpfn_v1,v1,train,658,TCGA,TCGA,1,1,4.0835204e-07,0.99999964
BRCA_core_source_top100,tabpfn_v1,v1,train,1006,TCGA,TCGA,1,1,7.181783e-07,0.9999993
BRCA_core_source_top100,tabpfn_v1,v1,train,108,CPTAC,CPTAC,0,0,0.99087614,0.009123836
BRCA_core_source_top100,tabpfn_v1,v1,train,637,TCGA,TCGA,1,1,4.0835204e-07,0.99999964
BRCA_core_source_top100,tabpfn_v1,v1,train,295,TCGA,TCGA,1,1,1.1375656e-06,0.9999988
BRCA_core_source_top100,tabpfn_v1,v1,train,214,TCGA,TCGA,1,1,1.7173248e-06,0.99999833
BRCA_core_source_top100,tabpfn_v1,v1,train,570,TCGA,TCGA,1,1,4.0889213e-07,0.99999964
BRCA_core_source_top100,tabpfn_v1,v1,train,774,TCGA,TCGA,1,1,1.1258524e-06,0.9999989
BRCA_core_source_top100,tabpfn_v1,v1,train,925,TCGA,TCGA,1,1,7.059806e-06,0.99999297
BRCA_core_source_top100,tabpfn_v1,v1,train,692,TCGA,TCGA,1,1,1.6032054e-06,0.99999845
BRCA_core_source_top100,tabpfn_v1,v1,train,652,TCGA,TCGA,1,1,7.8714646e-07,0.99999917
BRCA_core_source_top100,tabpfn_v1,v1,train,226,TCGA,TCGA,1,1,6.074373e-07,0.9999994
BRCA_core_source_top100,tabpfn_v1,v1,train,954,TCGA,TCGA,1,1,1.2016336e-06,0.9999988
BRCA_core_source_top100,tabpfn_v1,v1,train,142,TCGA,TCGA,1,1,4.0835204e-07,0.99999964
BRCA_core_source_top100,tabpfn_v1,v1,train,275,TCGA,TCGA,1,1,2.2237389e-06,0.99999774
BRCA_core_source_top100,tabpfn_v1,v1,train,556,TCGA,TCGA,1,1,1.3469685e-05,0.9999865
BRCA_core_source_top100,tabpfn_v1,v1,train,55,CPTAC,CPTAC,0,0,0.99087614,0.009123836
BRCA_core_source_top100,tabpfn_v1,v1,train,758,TCGA,TCGA,1,1,8.578016e-07,0.99999917
BRCA_core_source_top100,tabpfn_v1,v1,train,987,TCGA,TCGA,1,1,5.6377203e-06,0.9999944
BRCA_core_source_top100,tabpfn_v1,v1,train,503,TCGA,TCGA,1,1,5.583623e-07,0.9999994
BRCA_core_source_top100,tabpfn_v1,v1,train,299,TCGA,TCGA,1,1,1.0689561e-06,0.9999989
BRCA_core_source_top100,tabpfn_v1,v1,train,491,TCGA,TCGA,1,1,3.872963e-06,0.9999962
BRCA_core_source_top100,tabpfn_v1,v1,train,821,TCGA,TCGA,1,1,6.9109683e-07,0.9999993
BRCA_core_source_top100,tabpfn_v1,v1,train,496,TCGA,TCGA,1,1,4.238126e-07,0.9999995
BRCA_core_source_top100,tabpfn_v1,v1,train,839,TCGA,TCGA,1,1,1.381578e-06,0.99999857
BRCA_core_source_top100,tabpfn_v1,v1,train,1000,TCGA,TCGA,1,1,4.1438057e-07,0.99999964
BRCA_core_source_top100,tabpfn_v1,v1,train,63,CPTAC,CPTAC,0,0,0.99087614,0.009123836
BRCA_core_source_top100,tabpfn_v1,v1,train,1039,TCGA,TCGA,1,1,7.305782e-07,0.9999993
BRCA_core_source_top100,tabpfn_v1,v1,train,134,TCGA,TCGA,1,1,1.0901288e-06,0.9999989
BRCA_core_source_top100,tabpfn_v1,v1,train,211,TCGA,TCGA,1,1,8.0762806e-07,0.99999917
BRCA_core_source_top100,tabpfn_v1,v1,train,37,CPTAC,CPTAC,0,0,0.99087614,0.009123836
BRCA_core_source_top100,tabpfn_v1,v1,train,915,TCGA,TCGA,1,1,6.944981e-07,0.9999993
BRCA_core_source_top100,tabpfn_v1,v1,train,418,TCGA,TCGA,1,1,4.9454763e-07,0.9999995
BRCA_core_source_top100,tabpfn_v1,v1,train,572,TCGA,TCGA,1,1,9.813654e-07,0.99999905
BRCA_core_source_top100,tabpfn_v1,v1,train,899,TCGA,TCGA,1,1,6.7372287e-07,0.9999993
BRCA_core_source_top100,tabpfn_v1,v1,train,114,CPTAC,CPTAC,0,0,0.99087614,0.009123836
BRCA_core_source_top100,tabpfn_v1,v1,train,675,TCGA,TCGA,1,1,8.5813303e-07,0.99999917
BRCA_core_source_top100,tabpfn_v1,v1,train,740,TCGA,TCGA,1,1,4.7145983e-07,0.9999995
BRCA_core_source_top100,tabpfn_v1,v1,train,1034,TCGA,TCGA,1,1,1.1869412e-06,0.9999988
BRCA_core_source_top100,tabpfn_v1,v1,train,189,TCGA,TCGA,1,1,8.291303e-07,0.99999917
BRCA_core_source_top100,tabpfn_v1,v1,train,895,TCGA,TCGA,1,1,1.2494239e-06,0.9999988
BRCA_core_source_top100,tabpfn_v1,v1,train,222,TCGA,TCGA,1,1,1.0806111e-06,0.9999989
BRCA_core_source_top100,tabpfn_v1,v1,train,493,TCGA,TCGA,1,1,4.179926e-05,0.99995816
BRCA_core_source_top100,tabpfn_v1,v1,train,797,TCGA,TCGA,1,1,9.425358e-07,0.99999905
BRCA_core_source_top100,tabpfn_v1,v1,train,209,TCGA,TCGA,1,1,1.127506e-06,0.9999989
BRCA_core_source_top100,tabpfn_v1,v1,train,927,TCGA,TCGA,1,1,1.8882693e-05,0.99998116
BRCA_core_source_top100,tabpfn_v1,v1,train,729,TCGA,TCGA,1,1,6.0659846e-07,0.9999994
BRCA_core_source_top100,tabpfn_v1,v1,train,42,CPTAC,CPTAC,0,0,0.99087614,0.009123836
BRCA_core_source_top100,tabpfn_v1,v1,train,578,TCGA,TCGA,1,1,4.843425e-06,0.9999951
BRCA_core_source_top100,tabpfn_v1,v1,train,339,TCGA,TCGA,1,1,4.6296086e-07,0.9999995
BRCA_core_source_top100,tabpfn_v1,v1,train,611,TCGA,TCGA,1,1,7.539116e-07,0.9999993
BRCA_core_source_top100,tabpfn_v1,v1,train,314,TCGA,TCGA,1,1,4.7081066e-06,0.99999535
BRCA_core_source_top100,tabpfn_v1,v1,train,530,TCGA,TCGA,1,1,5.5446668e-05,0.99994457
BRCA_core_source_top100,tabpfn_v1,v1,train,778,TCGA,TCGA,1,1,1.6998265e-06,0.99999833
BRCA_core_source_top100,tabpfn_v1,v1,train,830,TCGA,TCGA,1,1,2.350587e-06,0.9999976
BRCA_core_source_top100,tabpfn_v1,v1,train,665,TCGA,TCGA,1,1,3.3463423e-06,0.99999666
BRCA_core_source_top100,tabpfn_v1,v1,train,904,TCGA,TCGA,1,1,6.147664e-07,0.9999994
BRCA_core_source_top100,tabpfn_v1,v1,train,250,TCGA,TCGA,1,1,5.7005313e-06,0.9999943
BRCA_core_source_top100,tabpfn_v1,v1,train,501,TCGA,TCGA,1,1,7.0481485e-07,0.9999993
BRCA_core_source_top100,tabpfn_v1,v1,train,1058,TCGA,TCGA,1,1,5.373062e-07,0.9999994
BRCA_core_source_top100,tabpfn_v1,v1,train,550,TCGA,TCGA,1,1,6.6827084e-07,0.9999993
BRCA_core_source_top100,tabpfn_v1,v1,train,644,TCGA,TCGA,1,1,5.726636e-07,0.9999994
BRCA_core_source_top100,tabpfn_v1,v1,train,4,CPTAC,CPTAC,0,0,0.99087614,0.009123836
BRCA_core_source_top100,tabpfn_v1,v1,train,1179,TCGA,TCGA,1,1,9.1591244e-07,0.99999905
BRCA_core_source_top100,tabpfn_v1,v1,train,17,CPTAC,CPTAC,0,0,0.99087614,0.009123836
BRCA_core_source_top100,tabpfn_v1,v1,train,386,TCGA,TCGA,1,1,4.397352e-07,0.9999995
BRCA_core_source_top100,tabpfn_v1,v1,train,681,TCGA,TCGA,1,1,6.0720276e-07,0.9999994
BRCA_core_source_top100,tabpfn_v1,v1,train,185,TCGA,TCGA,1,1,7.986515e-06,0.999992
BRCA_core_source_top100,tabpfn_v1,v1,train,1099,TCGA,TCGA,1,1,4.248966e-06,0.9999957
BRCA_core_source_top100,tabpfn_v1,v1,train,544,TCGA,TCGA,1,1,4.1098644e-07,0.99999964
BRCA_core_source_top100,tabpfn_v1,v1,train,73,CPTAC,CPTAC,0,0,0.99087614,0.009123836
BRCA_core_source_top100,tabpfn_v1,v1,train,867,TCGA,TCGA,1,1,6.134908e-07,0.9999994
BRCA_core_source_top100,tabpfn_v1,v1,train,304,TCGA,TCGA,1,1,1.3382173e-06,0.9999987
BRCA_core_source_top100,tabpfn_v1,v1,train,257,TCGA,TCGA,1,1,4.03879e-06,0.99999595
BRCA_core_source_top100,tabpfn_v1,v1,train,555,TCGA,TCGA,1,1,4.0835204e-07,0.99999964
BRCA_core_source_top100,tabpfn_v1,v1,train,852,TCGA,TCGA,1,1,1.2512422e-06,0.9999988
BRCA_core_source_top100,tabpfn_v1,v1,train,218,TCGA,TCGA,1,1,7.651053e-06,0.9999924
BRCA_core_source_top100,tabpfn_v1,v1,train,238,TCGA,TCGA,1,1,5.00589e-06,0.999995
BRCA_core_source_top100,tabpfn_v1,v1,train,706,TCGA,TCGA,1,1,7.003398e-07,0.9999993
BRCA_core_source_top100,tabpfn_v1,v1,train,896,TCGA,TCGA,1,1,2.418966e-06,0.9999976
BRCA_core_source_top100,tabpfn_v1,v1,train,451,TCGA,TCGA,1,1,4.0835204e-07,0.99999964
BRCA_core_source_top100,tabpfn_v1,v1,train,933,TCGA,TCGA,1,1,6.429279e-07,0.9999994
BRCA_core_source_top100,tabpfn_v1,v1,train,243,TCGA,TCGA,1,1,6.2654664e-07,0.9999994
BRCA_core_source_top100,tabpfn_v1,v1,train,994,TCGA,TCGA,1,1,6.6620732e-06,0.9999933
BRCA_core_source_top100,tabpfn_v1,v1,train,0,CPTAC,CPTAC,0,0,0.99087614,0.009123836
BRCA_core_source_top100,tabpfn_v1,v1,train,494,TCGA,TCGA,1,1,1.7272507e-05,0.9999827
BRCA_core_source_top100,tabpfn_v1,v1,train,1153,TCGA,TCGA,1,1,5.149508e-06,0.9999949
BRCA_core_source_top100,tabpfn_v1,v1,train,28,CPTAC,CPTAC,0,0,0.99087614,0.009123836
BRCA_core_source_top100,tabpfn_v1,v1,train,639,TCGA,TCGA,1,1,3.4734715e-06,0.99999654
BRCA_core_source_top100,tabpfn_v1,v1,train,259,TCGA,TCGA,1,1,8.436917e-06,0.99999154
BRCA_core_source_top100,tabpfn_v1,v1,train,1037,TCGA,TCGA,1,1,2.35496e-06,0.9999976
BRCA_core_source_top100,tabpfn_v1,v1,train,165,TCGA,TCGA,1,1,1.1219348e-06,0.9999989
BRCA_core_source_top100,tabpfn_v1,v1,train,6,CPTAC,CPTAC,0,0,0.99087614,0.009123836
BRCA_core_source_top100,tabpfn_v1,v1,train,871,TCGA,TCGA,1,1,4.650012e-07,0.9999995
BRCA_core_source_top100,tabpfn_v1,v1,train,661,TCGA,TCGA,1,1,4.624283e-07,0.9999995
BRCA_core_source_top100,tabpfn_v1,v1,train,691,TCGA,TCGA,1,1,9.540459e-06,0.99999046
BRCA_core_source_top100,tabpfn_v1,v1,train,931,TCGA,TCGA,1,1,5.38426e-07,0.9999994
BRCA_core_source_top100,tabpfn_v1,v1,train,1169,TCGA,TCGA,1,1,4.4070165e-07,0.9999995
BRCA_core_source_top100,tabpfn_v1,v1,train,718,TCGA,TCGA,1,1,5.2082385e-07,0.9999995
BRCA_core_source_top100,tabpfn_v1,v1,train,1168,TCGA,TCGA,1,1,2.3177406e-06,0.99999774
BRCA_core_source_top100,tabpfn_v1,v1,train,671,TCGA,TCGA,1,1,1.5336809e-06,0.99999845
BRCA_core_source_top100,tabpfn_v1,v1,train,771,TCGA,TCGA,1,1,5.8930004e-07,0.9999994
BRCA_core_source_top100,tabpfn_v1,v1,train,608,TCGA,TCGA,1,1,6.572073e-07,0.9999993
BRCA_core_source_top100,tabpfn_v1,v1,train,453,TCGA,TCGA,1,1,4.5169844e-07,0.9999995
BRCA_core_source_top100,tabpfn_v1,v1,train,237,TCGA,TCGA,1,1,9.1260273e-07,0.99999905
BRCA_core_source_top100,tabpfn_v1,v1,train,1138,TCGA,TCGA,1,1,7.861324e-06,0.99999213
BRCA_core_source_top100,tabpfn_v1,v1,train,1021,TCGA,TCGA,1,1,4.2080474e-06,0.9999958
BRCA_core_source_top100,tabpfn_v1,v1,train,1064,TCGA,TCGA,1,1,3.7250047e-06,0.9999963
BRCA_core_source_top100,tabpfn_v1,v1,train,332,TCGA,TCGA,1,1,6.9780367e-07,0.9999993
BRCA_core_source_top100,tabpfn_v1,v1,train,707,TCGA,TCGA,1,1,4.5261004e-07,0.9999995
BRCA_core_source_top100,tabpfn_v1,v1,train,293,TCGA,TCGA,1,1,5.89209e-07,0.9999994
BRCA_core_source_top100,tabpfn_v1,v1,train,300,TCGA,TCGA,1,1,3.898793e-06,0.99999607
BRCA_core_source_top100,tabpfn_v1,v1,train,1044,TCGA,TCGA,1,1,4.3508328e-07,0.9999995
BRCA_core_source_top100,tabpfn_v1,v1,train,316,TCGA,TCGA,1,1,4.0835204e-07,0.99999964
BRCA_core_source_top100,tabpfn_v1,v1,train,161,TCGA,TCGA,1,1,1.0776287e-06,0.9999989
BRCA_core_source_top100,tabpfn_v1,v1,train,47,CPTAC,CPTAC,0,0,0.99087614,0.009123836
BRCA_core_source_top100,tabpfn_v1,v1,train,1141,TCGA,TCGA,1,1,0.0003755753,0.9996244
BRCA_core_source_top100,tabpfn_v1,v1,train,112,CPTAC,CPTAC,0,0,0.99087614,0.009123836
BRCA_core_source_top100,tabpfn_v1,v1,train,1066,TCGA,TCGA,1,1,5.326859e-07,0.9999995
BRCA_core_source_top100,tabpfn_v1,v1,train,622,TCGA,TCGA,1,1,4.7446517e-07,0.9999995
BRCA_core_source_top100,tabpfn_v1,v1,train,195,TCGA,TCGA,1,1,4.5926654e-07,0.9999995
BRCA_core_source_top100,tabpfn_v1,v1,train,1143,TCGA,TCGA,1,1,7.5425346e-06,0.9999925
BRCA_core_source_top100,tabpfn_v1,v1,train,435,TCGA,TCGA,1,1,6.483932e-07,0.9999994
BRCA_core_source_top100,tabpfn_v1,v1,train,680,TCGA,TCGA,1,1,4.6683314e-07,0.9999995
BRCA_core_source_top100,tabpfn_v1,v1,train,950,TCGA,TCGA,1,1,5.5611486e-07,0.9999994
BRCA_core_source_top100,tabpfn_v1,v1,train,382,TCGA,TCGA,1,1,7.481409e-07,0.9999993
BRCA_core_source_top100,tabpfn_v1,v1,train,414,TCGA,TCGA,1,1,2.5894478e-06,0.9999974
BRCA_core_source_top100,tabpfn_v1,v1,train,1019,TCGA,TCGA,1,1,6.563911e-07,0.9999993
BRCA_core_source_top100,tabpfn_v1,v1,train,430,TCGA,TCGA,1,1,1.5061761e-05,0.999985
BRCA_core_source_top100,tabpfn_v1,v1,train,640,TCGA,TCGA,1,1,4.201096e-07,0.9999995
BRCA_core_source_top100,tabpfn_v1,v1,train,512,TCGA,TCGA,1,1,1.2197119e-06,0.9999988
BRCA_core_source_top100,tabpfn_v1,v1,train,353,TCGA,TCGA,1,1,2.1993499e-06,0.99999785
BRCA_core_source_top100,tabpfn_v1,v1,train,355,TCGA,TCGA,1,1,1.0098307e-06,0.99999905
BRCA_core_source_top100,tabpfn_v1,v1,train,863,TCGA,TCGA,1,1,1.3510689e-06,0.9999987
BRCA_core_source_top100,tabpfn_v1,v1,train,458,TCGA,TCGA,1,1,9.090682e-07,0.99999905
BRCA_core_source_top100,tabpfn_v1,v1,train,673,TCGA,TCGA,1,1,0.000938681,0.9990613
BRCA_core_source_top100,tabpfn_v1,v1,train,936,TCGA,TCGA,1,1,4.2749153e-07,0.9999995
BRCA_core_source_top100,tabpfn_v1,v1,train,433,TCGA,TCGA,1,1,4.813086e-07,0.9999995
BRCA_core_source_top100,tabpfn_v1,v1,train,1031,TCGA,TCGA,1,1,3.9980887e-07,0.99999964
BRCA_core_source_top100,tabpfn_v1,v1,train,167,TCGA,TCGA,1,1,3.899075e-06,0.99999607
BRCA_core_source_top100,tabpfn_v1,v1,train,535,TCGA,TCGA,1,1,4.0835204e-07,0.99999964
BRCA_core_source_top100,tabpfn_v1,v1,train,1100,TCGA,TCGA,1,1,7.3173084e-07,0.9999993
BRCA_core_source_top100,tabpfn_v1,v1,train,139,TCGA,TCGA,1,1,6.395364e-07,0.9999994
BRCA_core_source_top100,tabpfn_v1,v1,train,669,TCGA,TCGA,1,1,1.2937154e-06,0.9999987
BRCA_core_source_top100,tabpfn_v1,v1,train,1149,TCGA,TCGA,1,1,2.521838e-06,0.9999975
BRCA_core_source_top100,tabpfn_v1,v1,train,428,TCGA,TCGA,1,1,2.3051734e-06,0.99999774
BRCA_core_source_top100,tabpfn_v1,v1,train,865,TCGA,TCGA,1,1,6.355575e-07,0.9999994
BRCA_core_source_top100,tabpfn_v1,v1,train,206,TCGA,TCGA,1,1,4.4428116e-06,0.9999956
BRCA_core_source_top100,tabpfn_v1,v1,train,947,TCGA,TCGA,1,1,5.294364e-07,0.9999995
BRCA_core_source_top100,tabpfn_v1,v1,train,1115,TCGA,TCGA,1,1,1.0558475e-06,0.9999989
BRCA_core_source_top100,tabpfn_v1,v1,train,1106,TCGA,TCGA,1,1,8.342593e-06,0.99999166
BRCA_core_source_top100,tabpfn_v1,v1,train,527,TCGA,TCGA,1,1,5.0119143e-06,0.999995
BRCA_core_source_top100,tabpfn_v1,v1,train,348,TCGA,TCGA,1,1,4.526109e-07,0.9999995
BRCA_core_source_top100,tabpfn_v1,v1,train,176,TCGA,TCGA,1,1,1.1025719e-05,0.99998903
BRCA_core_source_top100,tabpfn_v1,v1,train,1077,TCGA,TCGA,1,1,8.968815e-07,0.99999905
BRCA_core_source_top100,tabpfn_v1,v1,train,966,TCGA,TCGA,1,1,7.6733005e-07,0.9999993
BRCA_core_source_top100,tabpfn_v1,v1,train,192,TCGA,TCGA,1,1,5.539383e-07,0.9999994
BRCA_core_source_top100,tabpfn_v1,v1,train,177,TCGA,TCGA,1,1,4.3297598e-07,0.9999995
BRCA_core_source_top100,tabpfn_v1,v1,train,712,TCGA,TCGA,1,1,4.0835204e-07,0.99999964
BRCA_core_source_top100,tabpfn_v1,v1,train,407,TCGA,TCGA,1,1,1.1777752e-06,0.9999988
BRCA_core_source_top100,tabpfn_v1,v1,train,565,TCGA,TCGA,1,1,4.2914282e-05,0.9999571
BRCA_core_source_top100,tabpfn_v1,v1,train,564,TCGA,TCGA,1,1,1.4354264e-06,0.99999857
BRCA_core_source_top100,tabpfn_v1,v1,train,1008,TCGA,TCGA,1,1,6.260641e-07,0.9999994
BRCA_core_source_top100,tabpfn_v1,v1,train,188,TCGA,TCGA,1,1,0.006602917,0.9933971
BRCA_core_source_top100,tabpfn_v1,v1,train,552,TCGA,TCGA,1,1,5.64795e-06,0.9999944
BRCA_core_source_top100,tabpfn_v1,v1,train,827,TCGA,TCGA,1,1,5.912489e-07,0.9999994
BRCA_core_source_top100,tabpfn_v1,v1,train,424,TCGA,TCGA,1,1,1.1878178e-06,0.9999988
BRCA_core_source_top100,tabpfn_v1,v1,train,247,TCGA,TCGA,1,1,3.3575307e-06,0.99999666
BRCA_core_source_top100,tabpfn_v1,v1,train,1079,TCGA,TCGA,1,1,8.492484e-07,0.99999917
BRCA_core_source_top100,tabpfn_v1,v1,train,694,TCGA,TCGA,1,1,0.0009453885,0.9990546
BRCA_core_source_top100,tabpfn_v1,v1,train,369,TCGA,TCGA,1,1,5.7438103e-07,0.9999994
BRCA_core_source_top100,tabpfn_v1,v1,train,1131,TCGA,TCGA,1,1,7.0038514e-06,0.99999297
BRCA_core_source_top100,tabpfn_v1,v1,train,59,CPTAC,CPTAC,0,0,0.99087614,0.009123836
BRCA_core_source_top100,tabpfn_v1,v1,train,882,TCGA,TCGA,1,1,1.5895115e-06,0.99999845
BRCA_core_source_top100,tabpfn_v1,v1,train,1140,TCGA,TCGA,1,1,7.483871e-07,0.9999993
BRCA_core_source_top100,tabpfn_v1,v1,train,532,TCGA,TCGA,1,1,1.3267476e-06,0.9999987
BRCA_core_source_top100,tabpfn_v1,v1,train,676,TCGA,TCGA,1,1,5.7937035e-07,0.9999994
BRCA_core_source_top100,tabpfn_v1,v1,train,1061,TCGA,TCGA,1,1,7.6410896e-07,0.9999993
BRCA_core_source_top100,tabpfn_v1,v1,train,1172,TCGA,TCGA,1,1,1.493876e-06,0.99999845
BRCA_core_source_top100,tabpfn_v1,v1,train,377,TCGA,TCGA,1,1,1.3902378e-06,0.99999857
BRCA_core_source_top100,tabpfn_v1,v1,train,562,TCGA,TCGA,1,1,6.3052953e-06,0.9999937
BRCA_core_source_top100,tabpfn_v1,v1,train,799,TCGA,TCGA,1,1,1.558246e-06,0.99999845
BRCA_core_source_top100,tabpfn_v1,v1,train,264,TCGA,TCGA,1,1,3.0048311e-06,0.999997
BRCA_core_source_top100,tabpfn_v1,v1,train,431,TCGA,TCGA,1,1,8.6818545e-07,0.99999917
BRCA_core_source_top100,tabpfn_v1,v1,train,573,TCGA,TCGA,1,1,9.4784235e-07,0.99999905
BRCA_core_source_top100,tabpfn_v1,v1,train,710,TCGA,TCGA,1,1,8.59732e-07,0.99999917
BRCA_core_source_top100,tabpfn_v1,v1,train,874,TCGA,TCGA,1,1,5.9485274e-07,0.9999994
BRCA_core_source_top100,tabpfn_v1,v1,train,393,TCGA,TCGA,1,1,2.039478e-06,0.999998
BRCA_core_source_top100,tabpfn_v1,v1,train,124,TCGA,TCGA,1,1,8.98402e-06,0.99999106
BRCA_core_source_top100,tabpfn_v1,v1,train,360,TCGA,TCGA,1,1,1.8801387e-06,0.9999981
BRCA_core_source_top100,tabpfn_v1,v1,train,604,TCGA,TCGA,1,1,1.2804552e-06,0.9999987
BRCA_core_source_top100,tabpfn_v1,v1,train,1136,TCGA,TCGA,1,1,7.400238e-07,0.9999993
BRCA_core_source_top100,tabpfn_v1,v1,train,609,TCGA,TCGA,1,1,5.1235847e-06,0.9999949
BRCA_core_source_top100,tabpfn_v1,v1,train,81,CPTAC,CPTAC,0,0,0.99087614,0.009123836
BRCA_core_source_top100,tabpfn_v1,v1,train,180,TCGA,TCGA,1,1,1.0956412e-06,0.9999989
BRCA_core_source_top100,tabpfn_v1,v1,train,1020,TCGA,TCGA,1,1,9.976537e-07,0.99999905
BRCA_core_source_top100,tabpfn_v1,v1,train,253,TCGA,TCGA,1,1,4.4884773e-06,0.99999547
BRCA_core_source_top100,tabpfn_v1,v1,train,263,TCGA,TCGA,1,1,6.762732e-07,0.9999993
BRCA_core_source_top100,tabpfn_v1,v1,train,988,TCGA,TCGA,1,1,9.62262e-07,0.99999905
BRCA_core_source_top100,tabpfn_v1,v1,train,40,CPTAC,CPTAC,0,0,0.99087614,0.009123836
BRCA_core_source_top100,tabpfn_v1,v1,train,172,TCGA,TCGA,1,1,4.0361076e-07,0.99999964
BRCA_core_source_top100,tabpfn_v1,v1,train,312,TCGA,TCGA,1,1,3.1061716e-06,0.9999969
BRCA_core_source_top100,tabpfn_v1,v1,train,343,TCGA,TCGA,1,1,4.704874e-07,0.9999995
BRCA_core_source_top100,tabpfn_v1,v1,train,1,CPTAC,CPTAC,0,0,0.99087614,0.009123836
BRCA_core_source_top100,tabpfn_v1,v1,train,576,TCGA,TCGA,1,1,1.4489007e-06,0.99999857
BRCA_core_source_top100,tabpfn_v1,v1,train,948,TCGA,TCGA,1,1,1.0595495e-06,0.9999989
BRCA_core_source_top100,tabpfn_v1,v1,train,551,TCGA,TCGA,1,1,1.8870168e-06,0.9999981
BRCA_core_source_top100,tabpfn_v1,v1,train,802,TCGA,TCGA,1,1,6.983103e-07,0.9999993
BRCA_core_source_top100,tabpfn_v1,v1,train,495,TCGA,TCGA,1,1,1.3379685e-06,0.9999987
BRCA_core_source_top100,tabpfn_v1,v1,train,461,TCGA,TCGA,1,1,4.1931784e-07,0.9999995
BRCA_core_source_top100,tabpfn_v1,v1,train,517,TCGA,TCGA,1,1,8.27855e-07,0.99999917
BRCA_core_source_top100,tabpfn_v1,v1,train,342,TCGA,TCGA,1,1,1.378806e-06,0.99999857
BRCA_core_source_top100,tabpfn_v1,v1,train,288,TCGA,TCGA,1,1,6.753413e-07,0.9999993
BRCA_core_source_top100,tabpfn_v1,v1,train,804,TCGA,TCGA,1,1,1.9668687e-05,0.99998033
BRCA_core_source_top100,tabpfn_v1,v1,train,581,TCGA,TCGA,1,1,1.2227365e-06,0.9999988
BRCA_core_source_top100,tabpfn_v1,v1,train,940,TCGA,TCGA,1,1,1.1459236e-06,0.9999988
BRCA_core_source_top100,tabpfn_v1,v1,train,841,TCGA,TCGA,1,1,3.956181e-06,0.99999607
BRCA_core_source_top100,tabpfn_v1,v1,train,207,TCGA,TCGA,1,1,5.2245377e-06,0.99999475
BRCA_core_source_top100,tabpfn_v1,v1,train,90,CPTAC,CPTAC,0,0,0.99087614,0.009123836
BRCA_core_source_top100,tabpfn_v1,v1,train,463,TCGA,TCGA,1,1,7.674582e-07,0.9999993
BRCA_core_source_top100,tabpfn_v1,v1,train,686,TCGA,TCGA,1,1,6.760528e-06,0.9999932
BRCA_core_source_top100,tabpfn_v1,v1,train,154,TCGA,TCGA,1,1,4.239365e-06,0.9999957
BRCA_core_source_top100,tabpfn_v1,v1,train,668,TCGA,TCGA,1,1,5.031809e-06,0.999995
BRCA_core_source_top100,tabpfn_v1,v1,train,462,TCGA,TCGA,1,1,9.066449e-06,0.99999094
BRCA_core_source_top100,tabpfn_v1,v1,train,68,CPTAC,CPTAC,0,0,0.99087614,0.009123836
BRCA_core_source_top100,tabpfn_v1,v1,train,1010,TCGA,TCGA,1,1,6.2534855e-07,0.9999994
BRCA_core_source_top100,tabpfn_v1,v1,train,116,CPTAC,CPTAC,0,0,0.99087614,0.009123836
BRCA_core_source_top100,tabpfn_v1,v1,train,1109,TCGA,TCGA,1,1,9.954906e-06,0.99999
BRCA_core_source_top100,tabpfn_v1,v1,train,1024,TCGA,TCGA,1,1,4.9992076e-07,0.9999995
BRCA_core_source_top100,tabpfn_v1,v1,train,334,TCGA,TCGA,1,1,6.6202347e-06,0.9999933
BRCA_core_source_top100,tabpfn_v1,v1,train,8,CPTAC,CPTAC,0,0,0.99087614,0.009123836
BRCA_core_source_top100,tabpfn_v1,v1,train,302,TCGA,TCGA,1,1,4.575589e-07,0.9999995
BRCA_core_source_top100,tabpfn_v1,v1,train,387,TCGA,TCGA,1,1,4.1678427e-07,0.99999964
BRCA_core_source_top100,tabpfn_v1,v1,train,52,CPTAC,CPTAC,0,0,0.99087614,0.009123836
BRCA_core_source_top100,tabpfn_v1,v1,train,1182,TCGA,TCGA,1,1,9.8514165e-06,0.9999901
BRCA_core_source_top100,tabpfn_v1,v1,train,973,TCGA,TCGA,1,1,6.792711e-07,0.9999993
BRCA_core_source_top100,tabpfn_v1,v1,train,499,TCGA,TCGA,1,1,4.891534e-06,0.9999951
BRCA_core_source_top100,tabpfn_v1,v1,train,511,TCGA,TCGA,1,1,8.2579544e-07,0.99999917
BRCA_core_source_top100,tabpfn_v1,v1,train,823,TCGA,TCGA,1,1,4.980074e-07,0.9999995
BRCA_core_source_top100,tabpfn_v1,v1,train,216,TCGA,TCGA,1,1,1.7271154e-06,0.99999833
BRCA_core_source_top100,tabpfn_v1,v1,train,516,TCGA,TCGA,1,1,6.3569123e-06,0.9999937
BRCA_core_source_top100,tabpfn_v1,v1,train,136,TCGA,TCGA,1,1,1.1264527e-06,0.9999989
BRCA_core_source_top100,tabpfn_v1,v1,train,815,TCGA,TCGA,1,1,9.863815e-07,0.99999905
BRCA_core_source_top100,tabpfn_v1,v1,train,476,TCGA,TCGA,1,1,1.5581999e-06,0.99999845
BRCA_core_source_top100,tabpfn_v1,v1,train,280,TCGA,TCGA,1,1,2.026121e-06,0.999998
BRCA_core_source_top100,tabpfn_v1,v1,train,513,TCGA,TCGA,1,1,2.1932087e-06,0.99999785
BRCA_core_source_top100,tabpfn_v1,v1,train,76,CPTAC,CPTAC,0,0,0.99087614,0.009123836
BRCA_core_source_top100,tabpfn_v1,v1,train,190,TCGA,TCGA,1,1,4.809264e-07,0.9999995
BRCA_core_source_top100,tabpfn_v1,v1,train,989,TCGA,TCGA,1,1,1.3500875e-06,0.9999987
BRCA_core_source_top100,tabpfn_v1,v1,train,818,TCGA,TCGA,1,1,3.712463e-05,0.9999629
BRCA_core_source_top100,tabpfn_v1,v1,train,67,CPTAC,CPTAC,0,0,0.99087614,0.009123836
BRCA_core_source_top100,tabpfn_v1,v1,train,592,TCGA,TCGA,1,1,5.1473296e-07,0.9999995
BRCA_core_source_top100,tabpfn_v1,v1,train,365,TCGA,TCGA,1,1,1.3729225e-06,0.99999857
BRCA_core_source_top100,tabpfn_v1,v1,train,449,TCGA,TCGA,1,1,4.9764453e-06,0.999995
BRCA_core_source_top100,tabpfn_v1,v1,train,910,TCGA,TCGA,1,1,4.6333057e-07,0.9999995
BRCA_core_source_top100,tabpfn_v1,v1,train,199,TCGA,TCGA,1,1,4.0835204e-07,0.99999964
BRCA_core_source_top100,tabpfn_v1,v1,train,650,TCGA,TCGA,1,1,4.5246028e-07,0.9999995
BRCA_core_source_top100,tabpfn_v1,v1,train,372,TCGA,TCGA,1,1,1.5048978e-06,0.99999845
BRCA_core_source_top100,tabpfn_v1,v1,train,500,TCGA,TCGA,1,1,3.2753826e-05,0.9999672
BRCA_core_source_top100,tabpfn_v1,v1,train,502,TCGA,TCGA,1,1,4.3426786e-07,0.9999995
BRCA_core_source_top100,tabpfn_v1,v1,train,225,TCGA,TCGA,1,1,6.53159e-07,0.9999994
BRCA_core_source_top100,tabpfn_v1,v1,train,743,TCGA,TCGA,1,1,3.8576508e-07,0.99999964
BRCA_core_source_top100,tabpfn_v1,v1,train,843,TCGA,TCGA,1,1,8.991716e-07,0.99999905
BRCA_core_source_top100,tabpfn_v1,v1,train,726,TCGA,TCGA,1,1,9.654065e-07,0.99999905
BRCA_core_source_top100,tabpfn_v1,v1,train,173,TCGA,TCGA,1,1,8.096633e-07,0.99999917
BRCA_core_source_top100,tabpfn_v1,v1,train,422,TCGA,TCGA,1,1,8.993731e-07,0.99999905
BRCA_core_source_top100,tabpfn_v1,v1,train,711,TCGA,TCGA,1,1,4.0835204e-07,0.99999964
BRCA_core_source_top100,tabpfn_v1,v1,train,442,TCGA,TCGA,1,1,3.5413846e-06,0.9999964
BRCA_core_source_top100,tabpfn_v1,v1,train,635,TCGA,TCGA,1,1,1.3396705e-06,0.9999987
BRCA_core_source_top100,tabpfn_v1,v1,train,1004,TCGA,TCGA,1,1,1.6731715e-06,0.99999833
BRCA_core_source_top100,tabpfn_v1,v1,train,856,TCGA,TCGA,1,1,5.9816693e-06,0.99999404
BRCA_core_source_top100,tabpfn_v1,v1,train,488,TCGA,TCGA,1,1,4.733204e-07,0.9999995
BRCA_core_source_top100,tabpfn_v1,v1,train,634,TCGA,TCGA,1,1,3.7676666e-06,0.9999962
BRCA_core_source_top100,tabpfn_v1,v1,train,356,TCGA,TCGA,1,1,6.4758865e-07,0.9999994
BRCA_core_source_top100,tabpfn_v1,v1,train,1071,TCGA,TCGA,1,1,1.9771294e-06,0.999998
BRCA_core_source_top100,tabpfn_v1,v1,train,1189,TCGA,TCGA,1,1,4.3813593e-06,0.9999956
BRCA_core_source_top100,tabpfn_v1,v1,train,883,TCGA,TCGA,1,1,2.4629499e-06,0.9999975
BRCA_core_source_top100,tabpfn_v1,v1,train,923,TCGA,TCGA,1,1,6.7956853e-07,0.9999993
BRCA_core_source_top100,tabpfn_v1,v1,train,643,TCGA,TCGA,1,1,1.2846224e-06,0.9999987
BRCA_core_source_top100,tabpfn_v1,v1,train,440,TCGA,TCGA,1,1,9.0964926e-07,0.99999905
BRCA_core_source_top100,tabpfn_v1,v1,train,1162,TCGA,TCGA,1,1,6.5644576e-06,0.99999344
BRCA_core_source_top100,tabpfn_v1,v1,train,464,TCGA,TCGA,1,1,1.4265219e-06,0.99999857
BRCA_core_source_top100,tabpfn_v1,v1,train,479,TCGA,TCGA,1,1,8.36934e-07,0.99999917
BRCA_core_source_top100,tabpfn_v1,v1,train,181,TCGA,TCGA,1,1,2.2032566e-06,0.99999785
BRCA_core_source_top100,tabpfn_v1,v1,train,884,TCGA,TCGA,1,1,4.987598e-07,0.9999995
BRCA_core_source_top100,tabpfn_v1,v1,train,1022,TCGA,TCGA,1,1,4.5523817e-07,0.9999995
BRCA_core_source_top100,tabpfn_v1,v1,train,504,TCGA,TCGA,1,1,1.199838e-06,0.9999988
BRCA_core_source_top100,tabpfn_v1,v1,train,929,TCGA,TCGA,1,1,1.6305189e-06,0.99999833
BRCA_core_source_top100,tabpfn_v1,v1,train,27,CPTAC,CPTAC,0,0,0.99087614,0.009123836
BRCA_core_source_top100,tabpfn_v1,v1,train,741,TCGA,TCGA,1,1,1.3766013e-06,0.99999857
BRCA_core_source_top100,tabpfn_v1,v1,train,239,TCGA,TCGA,1,1,3.755649e-06,0.9999962
BRCA_core_source_top100,tabpfn_v1,v1,train,363,TCGA,TCGA,1,1,9.829643e-07,0.99999905
BRCA_core_source_top100,tabpfn_v1,v1,train,105,CPTAC,CPTAC,0,0,0.99087614,0.009123836
BRCA_core_source_top100,tabpfn_v1,v1,train,101,CPTAC,CPTAC,0,0,0.99087614,0.009123836
BRCA_core_source_top100,tabpfn_v1,v1,train,96,CPTAC,CPTAC,0,0,0.99087614,0.009123836
BRCA_core_source_top100,tabpfn_v1,v1,train,126,TCGA,TCGA,1,1,6.33401e-07,0.9999994
BRCA_core_source_top100,tabpfn_v1,v1,train,999,TCGA,TCGA,1,1,3.1763857e-06,0.9999968
BRCA_core_source_top100,tabpfn_v1,v1,train,902,TCGA,TCGA,1,1,1.2013437e-06,0.9999988
BRCA_core_source_top100,tabpfn_v1,v1,train,1120,TCGA,TCGA,1,1,1.2332354e-06,0.9999988
BRCA_core_source_top100,tabpfn_v1,v1,train,584,TCGA,TCGA,1,1,7.5148245e-07,0.9999993
BRCA_core_source_top100,tabpfn_v1,v1,train,649,TCGA,TCGA,1,1,1.0078487e-06,0.99999905
BRCA_core_source_top100,tabpfn_v1,v1,train,473,TCGA,TCGA,1,1,7.147748e-07,0.9999993
BRCA_core_source_top100,tabpfn_v1,v1,train,891,TCGA,TCGA,1,1,1.6914339e-06,0.99999833
BRCA_core_source_top100,tabpfn_v1,v1,train,72,CPTAC,CPTAC,0,0,0.99087614,0.009123836
BRCA_core_source_top100,tabpfn_v1,v1,train,566,TCGA,TCGA,1,1,1.2725036e-06,0.9999987
BRCA_core_source_top100,tabpfn_v1,v1,train,717,TCGA,TCGA,1,1,6.5499233e-07,0.9999994
BRCA_core_source_top100,tabpfn_v1,v1,train,1146,TCGA,TCGA,1,1,2.3629127e-06,0.9999976
BRCA_core_source_top100,tabpfn_v1,v1,train,1025,TCGA,TCGA,1,1,1.9685838e-06,0.999998
BRCA_core_source_top100,tabpfn_v1,v1,train,688,TCGA,TCGA,1,1,8.310952e-07,0.99999917
BRCA_core_source_top100,tabpfn_v1,v1,train,383,TCGA,TCGA,1,1,8.704928e-07,0.99999917
BRCA_core_source_top100,tabpfn_v1,v1,train,1062,TCGA,TCGA,1,1,3.1074248e-06,0.9999969
BRCA_core_source_top100,tabpfn_v1,v1,train,766,TCGA,TCGA,1,1,5.444593e-06,0.9999945
BRCA_core_source_top100,tabpfn_v1,v1,train,1060,TCGA,TCGA,1,1,8.998261e-07,0.99999905
BRCA_core_source_top100,tabpfn_v1,v1,train,1043,TCGA,TCGA,1,1,5.438099e-07,0.9999994
BRCA_core_source_top100,tabpfn_v1,v1,train,1119,TCGA,TCGA,1,1,2.2093225e-06,0.99999774
BRCA_core_source_top100,tabpfn_v1,v1,train,1080,TCGA,TCGA,1,1,5.2159653e-06,0.99999475
BRCA_core_source_top100,tabpfn_v1,v1,train,210,TCGA,TCGA,1,1,2.0987964e-06,0.99999785
BRCA_core_source_top100,tabpfn_v1,v1,train,104,CPTAC,CPTAC,0,0,0.99087614,0.009123836
BRCA_core_source_top100,tabpfn_v1,v1,train,747,TCGA,TCGA,1,1,6.659442e-07,0.9999993
BRCA_core_source_top100,tabpfn_v1,v1,train,621,TCGA,TCGA,1,1,2.274926e-06,0.99999774
BRCA_core_source_top100,tabpfn_v1,v1,train,521,TCGA,TCGA,1,1,4.2736886e-07,0.9999995
BRCA_core_source_top100,tabpfn_v1,v1,train,932,TCGA,TCGA,1,1,8.9759254e-07,0.99999905
BRCA_core_source_top100,tabpfn_v1,v1,train,724,TCGA,TCGA,1,1,3.993219e-07,0.99999964
BRCA_core_source_top100,tabpfn_v1,v1,train,403,TCGA,TCGA,1,1,6.372718e-06,0.9999937
BRCA_core_source_top100,tabpfn_v1,v1,train,77,CPTAC,CPTAC,0,0,0.99087614,0.009123836
BRCA_core_source_top100,tabpfn_v1,v1,train,413,TCGA,TCGA,1,1,4.0835204e-07,0.99999964
BRCA_core_source_top100,tabpfn_v1,v1,train,370,TCGA,TCGA,1,1,1.2270573e-05,0.9999877
BRCA_core_source_top100,tabpfn_v1,v1,train,404,TCGA,TCGA,1,1,4.807659e-06,0.99999523
BRCA_core_source_top100,tabpfn_v1,v1,train,1046,TCGA,TCGA,1,1,9.848494e-07,0.99999905
BRCA_core_source_top100,tabpfn_v1,v1,train,890,TCGA,TCGA,1,1,1.39985e-06,0.99999857
BRCA_core_source_top100,tabpfn_v1,v1,train,1203,TCGA,TCGA,1,1,4.291289e-06,0.9999957
BRCA_core_source_top100,tabpfn_v1,v1,train,750,TCGA,TCGA,1,1,4.889044e-07,0.9999995
BRCA_core_source_top100,tabpfn_v1,v1,train,859,TCGA,TCGA,1,1,1.0443988e-06,0.9999989
BRCA_core_source_top100,tabpfn_v1,v1,train,490,TCGA,TCGA,1,1,4.1057626e-07,0.99999964
BRCA_core_source_top100,tabpfn_v1,v1,train,648,TCGA,TCGA,1,1,4.76698e-07,0.9999995
BRCA_core_source_top100,tabpfn_v1,v1,train,16,CPTAC,CPTAC,0,0,0.99087614,0.009123836
BRCA_core_source_top100,tabpfn_v1,v1,train,182,TCGA,TCGA,1,1,6.8317235e-07,0.9999993
BRCA_core_source_top100,tabpfn_v1,v1,train,248,TCGA,TCGA,1,1,1.391734e-06,0.99999857
BRCA_core_source_top100,tabpfn_v1,v1,train,1108,TCGA,TCGA,1,1,5.6665186e-07,0.9999994
BRCA_core_source_top100,tabpfn_v1,v1,train,1015,TCGA,TCGA,1,1,8.0734924e-07,0.99999917
BRCA_core_source_top100,tabpfn_v1,v1,train,56,CPTAC,CPTAC,0,0,0.99087614,0.009123836
BRCA_core_source_top100,tabpfn_v1,v1,train,853,TCGA,TCGA,1,1,4.1384246e-06,0.9999958
BRCA_core_source_top100,tabpfn_v1,v1,train,1126,TCGA,TCGA,1,1,1.2068787e-06,0.9999988
BRCA_core_source_top100,tabpfn_v1,v1,train,79,CPTAC,CPTAC,0,0,0.99087614,0.009123836
BRCA_core_source_top100,tabpfn_v1,v1,train,990,TCGA,TCGA,1,1,4.5170538e-07,0.9999995
BRCA_core_source_top100,tabpfn_v1,v1,train,455,TCGA,TCGA,1,1,1.0666892e-06,0.9999989
BRCA_core_source_top100,tabpfn_v1,v1,train,1091,TCGA,TCGA,1,1,8.081897e-07,0.99999917
BRCA_core_source_top100,tabpfn_v1,v1,train,364,TCGA,TCGA,1,1,9.257293e-07,0.99999905
BRCA_core_source_top100,tabpfn_v1,v1,train,628,TCGA,TCGA,1,1,1.7754293e-06,0.9999982
BRCA_core_source_top100,tabpfn_v1,v1,train,719,TCGA,TCGA,1,1,3.8865315e-07,0.99999964
BRCA_core_source_top100,tabpfn_v1,v1,train,233,TCGA,TCGA,1,1,1.6043955e-06,0.99999845
BRCA_core_source_top100,tabpfn_v1,v1,train,1128,TCGA,TCGA,1,1,8.5006843e-07,0.99999917
BRCA_core_source_top100,tabpfn_v1,v1,train,35,CPTAC,CPTAC,0,0,0.99087614,0.009123836
BRCA_core_source_top100,tabpfn_v1,v1,train,529,TCGA,TCGA,1,1,9.4248276e-07,0.99999905
BRCA_core_source_top100,tabpfn_v1,v1,train,600,TCGA,TCGA,1,1,4.1059585e-07,0.99999964
BRCA_core_source_top100,tabpfn_v1,v1,train,448,TCGA,TCGA,1,1,1.507942e-06,0.99999845
BRCA_core_source_top100,tabpfn_v1,v1,train,1124,TCGA,TCGA,1,1,5.667967e-07,0.9999994
BRCA_core_source_top100,tabpfn_v1,v1,train,1133,TCGA,TCGA,1,1,4.1403015e-07,0.99999964
BRCA_core_source_top100,tabpfn_v1,v1,train,615,TCGA,TCGA,1,1,1.5627269e-06,0.99999845
BRCA_core_source_top100,tabpfn_v1,v1,train,849,TCGA,TCGA,1,1,4.78692e-07,0.9999995
BRCA_core_source_top100,tabpfn_v1,v1,train,1151,TCGA,TCGA,1,1,1.7612683e-06,0.9999982
BRCA_core_source_top100,tabpfn_v1,v1,train,1069,TCGA,TCGA,1,1,6.9120426e-07,0.9999993
BRCA_core_source_top100,tabpfn_v1,v1,train,481,TCGA,TCGA,1,1,4.176288e-06,0.9999958
BRCA_core_source_top100,tabpfn_v1,v1,train,118,CPTAC,CPTAC,0,0,0.99087614,0.009123836
BRCA_core_source_top100,tabpfn_v1,v1,train,1113,TCGA,TCGA,1,1,6.883887e-07,0.9999993
BRCA_core_source_top100,tabpfn_v1,v1,train,663,TCGA,TCGA,1,1,5.175298e-07,0.9999995
BRCA_core_source_top100,tabpfn_v1,v1,train,441,TCGA,TCGA,1,1,1.3811091e-06,0.99999857
BRCA_core_source_top100,tabpfn_v1,v1,train,109,CPTAC,CPTAC,0,0,0.99087614,0.009123836
BRCA_core_source_top100,tabpfn_v1,v1,train,357,TCGA,TCGA,1,1,4.26169e-07,0.9999995
BRCA_core_source_top100,tabpfn_v1,v1,train,1200,TCGA,TCGA,1,1,3.126005e-06,0.9999969
BRCA_core_source_top100,tabpfn_v1,v1,train,359,TCGA,TCGA,1,1,0.00054417877,0.99945587
BRCA_core_source_top100,tabpfn_v1,v1,train,725,TCGA,TCGA,1,1,9.66582e-07,0.99999905
BRCA_core_source_top100,tabpfn_v1,v1,train,345,TCGA,TCGA,1,1,4.5046255e-07,0.9999995
BRCA_core_source_top100,tabpfn_v1,v1,train,321,TCGA,TCGA,1,1,6.770521e-07,0.9999993
BRCA_core_source_top100,tabpfn_v1,v1,train,627,TCGA,TCGA,1,1,0.00011563451,0.99988437
BRCA_core_source_top100,tabpfn_v1,v1,train,358,TCGA,TCGA,1,1,6.1058677e-06,0.9999939
BRCA_core_source_top100,tabpfn_v1,v1,train,540,TCGA,TCGA,1,1,1.4964183e-06,0.99999845
BRCA_core_source_top100,tabpfn_v1,v1,train,908,TCGA,TCGA,1,1,7.798911e-07,0.99999917
BRCA_core_source_top100,tabpfn_v1,v1,train,13,CPTAC,CPTAC,0,0,0.99087614,0.009123836
BRCA_core_source_top100,tabpfn_v1,v1,train,829,TCGA,TCGA,1,1,3.4314335e-06,0.99999654
BRCA_core_source_top100,tabpfn_v1,v1,train,1078,TCGA,TCGA,1,1,6.596235e-07,0.9999993
BRCA_core_source_top100,tabpfn_v1,v1,train,1093,TCGA,TCGA,1,1,4.3139985e-07,0.9999995
BRCA_core_source_top100,tabpfn_v1,v1,train,1085,TCGA,TCGA,1,1,4.0835204e-07,0.99999964
BRCA_core_source_top100,tabpfn_v1,v1,train,266,TCGA,TCGA,1,1,1.553877e-06,0.99999845
BRCA_core_source_top100,tabpfn_v1,v1,train,907,TCGA,TCGA,1,1,4.2160468e-07,0.9999995
BRCA_core_source_top100,tabpfn_v1,v1,train,860,TCGA,TCGA,1,1,2.5493512e-06,0.9999975
BRCA_core_source_top100,tabpfn_v1,v1,train,689,TCGA,TCGA,1,1,4.0835204e-07,0.99999964
BRCA_core_source_top100,tabpfn_v1,v1,train,485,TCGA,TCGA,1,1,2.7520348e-06,0.99999726
BRCA_core_source_top100,tabpfn_v1,v1,train,194,TCGA,TCGA,1,1,5.2481732e-06,0.99999475
BRCA_core_source_top100,tabpfn_v1,v1,train,88,CPTAC,CPTAC,0,0,0.99087614,0.009123836
BRCA_core_source_top100,tabpfn_v1,v1,train,66,CPTAC,CPTAC,0,0,0.99087614,0.009123836
BRCA_core_source_top100,tabpfn_v1,v1,train,682,TCGA,TCGA,1,1,4.0835204e-07,0.99999964
BRCA_core_source_top100,tabpfn_v1,v1,train,903,TCGA,TCGA,1,1,4.538302e-07,0.9999995
BRCA_core_source_top100,tabpfn_v1,v1,train,261,TCGA,TCGA,1,1,8.4683427e-07,0.99999917
BRCA_core_source_top100,tabpfn_v1,v1,train,876,TCGA,TCGA,1,1,1.9002179e-06,0.9999981
BRCA_core_source_top100,tabpfn_v1,v1,train,232,TCGA,TCGA,1,1,0.00010669033,0.9998933
BRCA_core_source_top100,tabpfn_v1,v1,train,1177,TCGA,TCGA,1,1,1.1871813e-06,0.9999988
BRCA_core_source_top100,tabpfn_v1,v1,train,125,TCGA,TCGA,1,1,7.81878e-06,0.99999213
BRCA_core_source_top100,tabpfn_v1,v1,train,381,TCGA,TCGA,1,1,0.00015094204,0.9998491
BRCA_core_source_top100,tabpfn_v1,v1,train,61,CPTAC,CPTAC,0,0,0.99087614,0.009123836
BRCA_core_source_top100,tabpfn_v1,v1,train,879,TCGA,TCGA,1,1,7.158765e-07,0.9999993
BRCA_core_source_top100,tabpfn_v1,v1,train,224,TCGA,TCGA,1,1,8.7850236e-07,0.99999917
BRCA_core_source_top100,tabpfn_v1,v1,train,421,TCGA,TCGA,1,1,1.7742005e-06,0.9999982
BRCA_core_source_top100,tabpfn_v1,v1,train,1016,TCGA,TCGA,1,1,4.0835204e-07,0.99999964
BRCA_core_source_top100,tabpfn_v1,v1,train,212,TCGA,TCGA,1,1,9.762443e-07,0.99999905
BRCA_core_source_top100,tabpfn_v1,v1,train,1116,TCGA,TCGA,1,1,3.2752966e-06,0.9999968
BRCA_core_source_top100,tabpfn_v1,v1,train,131,TCGA,TCGA,1,1,6.9414915e-07,0.9999993
BRCA_core_source_top100,tabpfn_v1,v1,train,133,TCGA,TCGA,1,1,4.4815897e-07,0.9999995
BRCA_core_source_top100,tabpfn_v1,v1,train,690,TCGA,TCGA,1,1,2.3658283e-06,0.9999976
BRCA_core_source_top100,tabpfn_v1,v1,train,156,TCGA,TCGA,1,1,9.704493e-07,0.99999905
BRCA_core_source_top100,tabpfn_v1,v1,train,588,TCGA,TCGA,1,1,8.793036e-07,0.99999917
BRCA_core_source_top100,tabpfn_v1,v1,train,389,TCGA,TCGA,1,1,4.1054693e-07,0.99999964
BRCA_core_source_top100,tabpfn_v1,v1,train,826,TCGA,TCGA,1,1,7.766128e-07,0.99999917
BRCA_core_source_top100,tabpfn_v1,v1,train,347,TCGA,TCGA,1,1,1.0893629e-06,0.9999989
BRCA_core_source_top100,tabpfn_v1,v1,train,80,CPTAC,CPTAC,0,0,0.99087614,0.009123836
BRCA_core_source_top100,tabpfn_v1,v1,train,93,CPTAC,CPTAC,0,0,0.99087614,0.009123836
BRCA_core_source_top100,tabpfn_v1,v1,train,986,TCGA,TCGA,1,1,1.3565673e-05,0.9999864
BRCA_core_source_top100,tabpfn_v1,v1,train,471,TCGA,TCGA,1,1,1.6035898e-05,0.9999839
BRCA_core_source_top100,tabpfn_v1,v1,train,1055,TCGA,TCGA,1,1,0.0004182407,0.99958175
BRCA_core_source_top100,tabpfn_v1,v1,train,636,TCGA,TCGA,1,1,1.0613832e-06,0.9999989
BRCA_core_source_top100,tabpfn_v1,v1,train,111,CPTAC,CPTAC,0,0,0.99087614,0.009123836
BRCA_core_source_top100,tabpfn_v1,v1,train,1159,TCGA,TCGA,1,1,4.202322e-07,0.9999995
BRCA_core_source_top100,tabpfn_v1,v1,train,203,TCGA,TCGA,1,1,1.2749099e-06,0.9999987
BRCA_core_source_top100,tabpfn_v1,v1,train,196,TCGA,TCGA,1,1,8.8435286e-07,0.99999917
BRCA_core_source_top100,tabpfn_v1,v1,train,396,TCGA,TCGA,1,1,1.3822566e-06,0.99999857
BRCA_core_source_top100,tabpfn_v1,v1,train,374,TCGA,TCGA,1,1,5.172796e-07,0.9999995
BRCA_core_source_top100,tabpfn_v1,v1,train,75,CPTAC,CPTAC,0,0,0.99087614,0.009123836
BRCA_core_source_top100,tabpfn_v1,v1,train,376,TCGA,TCGA,1,1,2.4085952e-05,0.9999759
BRCA_core_source_top100,tabpfn_v1,v1,train,842,TCGA,TCGA,1,1,6.612938e-07,0.9999993
BRCA_core_source_top100,tabpfn_v1,v1,train,872,TCGA,TCGA,1,1,6.847391e-07,0.9999993
BRCA_core_source_top100,tabpfn_v1,v1,train,840,TCGA,TCGA,1,1,8.425711e-07,0.99999917
BRCA_core_source_top100,tabpfn_v1,v1,train,1147,TCGA,TCGA,1,1,1.6233909e-06,0.99999833
BRCA_core_source_top100,tabpfn_v1,v1,train,480,TCGA,TCGA,1,1,9.338954e-05,0.99990666
BRCA_core_source_top100,tabpfn_v1,v1,train,723,TCGA,TCGA,1,1,4.881767e-07,0.9999995
BRCA_core_source_top100,tabpfn_v1,v1,train,160,TCGA,TCGA,1,1,1.1007942e-06,0.9999989
BRCA_core_source_top100,tabpfn_v1,v1,train,642,TCGA,TCGA,1,1,3.8570106e-06,0.9999962
BRCA_core_source_top100,tabpfn_v1,v1,train,1048,TCGA,TCGA,1,1,1.1639138e-06,0.9999988
BRCA_core_source_top100,tabpfn_v1,v1,train,31,CPTAC,CPTAC,0,0,0.99087614,0.009123836
BRCA_core_source_top100,tabpfn_v1,v1,train,653,TCGA,TCGA,1,1,4.615168e-06,0.99999535
BRCA_core_source_top100,tabpfn_v1,v1,train,1196,TCGA,TCGA,1,1,1.7497985e-05,0.9999825
BRCA_core_source_top100,tabpfn_v1,v1,train,1014,TCGA,TCGA,1,1,7.0268464e-07,0.9999993
BRCA_core_source_top100,tabpfn_v1,v1,train,1003,TCGA,TCGA,1,1,5.9154786e-07,0.9999994
BRCA_core_source_top100,tabpfn_v1,v1,train,924,TCGA,TCGA,1,1,1.0551037e-06,0.9999989
BRCA_core_source_top100,tabpfn_v1,v1,train,953,TCGA,TCGA,1,1,5.03156e-07,0.9999995
BRCA_core_source_top100,tabpfn_v1,v1,train,620,TCGA,TCGA,1,1,1.0315384e-06,0.9999989
BRCA_core_source_top100,tabpfn_v1,v1,train,922,TCGA,TCGA,1,1,4.4894395e-07,0.9999995
BRCA_core_source_top100,tabpfn_v1,v1,train,362,TCGA,TCGA,1,1,6.0096354e-06,0.99999404
BRCA_core_source_top100,tabpfn_v1,v1,train,205,TCGA,TCGA,1,1,4.548282e-06,0.99999547
BRCA_core_source_top100,tabpfn_v1,v1,train,297,TCGA,TCGA,1,1,4.939858e-07,0.9999995
BRCA_core_source_top100,tabpfn_v1,v1,train,145,TCGA,TCGA,1,1,9.658228e-07,0.99999905
BRCA_core_source_top100,tabpfn_v1,v1,train,819,TCGA,TCGA,1,1,1.2074843e-06,0.9999988
BRCA_core_source_top100,tabpfn_v1,v1,train,128,TCGA,TCGA,1,1,3.1110958e-06,0.9999969
BRCA_core_source_top100,tabpfn_v1,v1,train,1204,TCGA,TCGA,1,1,1.4795503e-06,0.99999857
BRCA_core_source_top100,tabpfn_v1,v1,train,113,CPTAC,CPTAC,0,0,0.99087614,0.009123836
BRCA_core_source_top100,tabpfn_v1,v1,train,1086,TCGA,TCGA,1,1,6.1044665e-07,0.9999994
BRCA_core_source_top100,tabpfn_v1,v1,train,751,TCGA,TCGA,1,1,2.3962716e-06,0.9999976
BRCA_core_source_top100,tabpfn_v1,v1,train,277,TCGA,TCGA,1,1,1.0675628e-05,0.9999893
BRCA_core_source_top100,tabpfn_v1,v1,train,1059,TCGA,TCGA,1,1,1.9166499e-05,0.9999808
BRCA_core_source_top100,tabpfn_v1,v1,train,231,TCGA,TCGA,1,1,4.373117e-07,0.9999995
BRCA_core_source_top100,tabpfn_v1,v1,train,779,TCGA,TCGA,1,1,7.6544734e-07,0.9999993
BRCA_core_source_top100,tabpfn_v1,v1,train,434,TCGA,TCGA,1,1,6.849952e-05,0.99993145
BRCA_core_source_top100,tabpfn_v1,v1,train,313,TCGA,TCGA,1,1,4.2370954e-07,0.9999995
BRCA_core_source_top100,tabpfn_v1,v1,train,765,TCGA,TCGA,1,1,7.799037e-07,0.99999917
BRCA_core_source_top100,tabpfn_v1,v1,train,981,TCGA,TCGA,1,1,1.283163e-06,0.9999987
BRCA_core_source_top100,tabpfn_v1,v1,train,942,TCGA,TCGA,1,1,6.79286e-07,0.9999993
BRCA_core_source_top100,tabpfn_v1,v1,train,19,CPTAC,CPTAC,0,0,0.99087614,0.009123836
BRCA_core_source_top100,tabpfn_v1,v1,train,33,CPTAC,CPTAC,0,0,0.99087614,0.009123836
BRCA_core_source_top100,tabpfn_v1,v1,train,768,TCGA,TCGA,1,1,1.2063884e-06,0.9999988
BRCA_core_source_top100,tabpfn_v1,v1,train,446,TCGA,TCGA,1,1,4.400318e-07,0.9999995
BRCA_core_source_top100,tabpfn_v1,v1,train,601,TCGA,TCGA,1,1,6.1487134e-07,0.9999994
BRCA_core_source_top100,tabpfn_v1,v1,train,968,TCGA,TCGA,1,1,1.8805889e-06,0.9999981
BRCA_core_source_top100,tabpfn_v1,v1,train,402,TCGA,TCGA,1,1,5.46416e-07,0.9999994
BRCA_core_source_top100,tabpfn_v1,v1,train,147,TCGA,TCGA,1,1,8.526661e-05,0.99991477
BRCA_core_source_top100,tabpfn_v1,v1,train,543,TCGA,TCGA,1,1,2.021323e-06,0.999998
BRCA_core_source_top100,tabpfn_v1,v1,train,1035,TCGA,TCGA,1,1,5.209351e-07,0.9999995
BRCA_core_source_top100,tabpfn_v1,v1,train,282,TCGA,TCGA,1,1,1.08634085e-05,0.99998915
BRCA_core_source_top100,tabpfn_v1,v1,train,310,TCGA,TCGA,1,1,1.4452712e-06,0.99999857
BRCA_core_source_top100,tabpfn_v1,v1,train,184,TCGA,TCGA,1,1,1.2632897e-06,0.9999987
BRCA_core_source_top100,tabpfn_v1,v1,train,445,TCGA,TCGA,1,1,4.0835204e-07,0.99999964
BRCA_core_source_top100,tabpfn_v1,v1,train,171,TCGA,TCGA,1,1,6.024217e-07,0.9999994
BRCA_core_source_top100,tabpfn_v1,v1,train,315,TCGA,TCGA,1,1,1.1099728e-05,0.9999889
BRCA_core_source_top100,tabpfn_v1,v1,train,533,TCGA,TCGA,1,1,1.6810338e-05,0.9999832
BRCA_core_source_top100,tabpfn_v1,v1,train,796,TCGA,TCGA,1,1,1.9337272e-06,0.9999981
BRCA_core_source_top100,tabpfn_v1,v1,train,444,TCGA,TCGA,1,1,1.7524537e-06,0.9999982
BRCA_core_source_top100,tabpfn_v1,v1,train,744,TCGA,TCGA,1,1,3.1697164e-06,0.9999968
BRCA_core_source_top100,tabpfn_v1,v1,train,984,TCGA,TCGA,1,1,2.91875e-06,0.99999714
BRCA_core_source_top100,tabpfn_v1,v1,train,893,TCGA,TCGA,1,1,7.488683e-07,0.9999993
BRCA_core_source_top100,tabpfn_v1,v1,train,289,TCGA,TCGA,1,1,5.2195293e-05,0.9999478
BRCA_core_source_top100,tabpfn_v1,v1,train,1191,TCGA,TCGA,1,1,2.1183764e-06,0.99999785
BRCA_core_source_top100,tabpfn_v1,v1,train,575,TCGA,TCGA,1,1,3.765497e-05,0.99996233
BRCA_core_source_top100,tabpfn_v1,v1,train,531,TCGA,TCGA,1,1,7.587543e-07,0.9999993
BRCA_core_source_top100,tabpfn_v1,v1,train,25,CPTAC,CPTAC,0,0,0.99087614,0.009123836
BRCA_core_source_top100,tabpfn_v1,v1,train,1096,TCGA,TCGA,1,1,5.2783025e-07,0.9999995
BRCA_core_source_top100,tabpfn_v1,v1,train,119,CPTAC,CPTAC,0,0,0.99087614,0.009123836
BRCA_core_source_top100,tabpfn_v1,v1,train,945,TCGA,TCGA,1,1,4.070588e-07,0.99999964
BRCA_core_source_top100,tabpfn_v1,v1,train,938,TCGA,TCGA,1,1,0.00020847261,0.99979156
BRCA_core_source_top100,tabpfn_v1,v1,train,327,TCGA,TCGA,1,1,6.2099593e-07,0.9999994
BRCA_core_source_top100,tabpfn_v1,v1,train,1156,TCGA,TCGA,1,1,2.4965782e-06,0.9999975
BRCA_core_source_top100,tabpfn_v1,v1,train,320,TCGA,TCGA,1,1,8.343878e-07,0.99999917
BRCA_core_source_top100,tabpfn_v1,v1,train,824,TCGA,TCGA,1,1,3.7377695e-06,0.9999963
BRCA_core_source_top100,tabpfn_v1,v1,train,235,TCGA,TCGA,1,1,1.8869536e-05,0.99998116
BRCA_core_source_top100,tabpfn_v1,v1,train,284,TCGA,TCGA,1,1,3.280373e-06,0.99999666
BRCA_core_source_top100,tabpfn_v1,v1,train,410,TCGA,TCGA,1,1,2.0641743e-05,0.9999794
BRCA_core_source_top100,tabpfn_v1,v1,train,48,CPTAC,CPTAC,0,0,0.99087614,0.009123836
BRCA_core_source_top100,tabpfn_v1,v1,train,278,TCGA,TCGA,1,1,7.205745e-06,0.99999285
BRCA_core_source_top100,tabpfn_v1,v1,train,505,TCGA,TCGA,1,1,3.6804593e-06,0.9999963
BRCA_core_source_top100,tabpfn_v1,v1,train,969,TCGA,TCGA,1,1,1.6112339e-06,0.99999833
BRCA_core_source_top100,tabpfn_v1,v1,train,157,TCGA,TCGA,1,1,1.9408774e-06,0.9999981
BRCA_core_source_top100,tabpfn_v1,v1,train,417,TCGA,TCGA,1,1,1.938626e-06,0.9999981
BRCA_core_source_top100,tabpfn_v1,v1,train,460,TCGA,TCGA,1,1,5.4167896e-07,0.9999994
BRCA_core_source_top100,tabpfn_v1,v1,train,545,TCGA,TCGA,1,1,7.152855e-07,0.9999993
BRCA_core_source_top100,tabpfn_v1,v1,train,846,TCGA,TCGA,1,1,5.172412e-07,0.9999995
BRCA_core_source_top100,tabpfn_v1,v1,train,728,TCGA,TCGA,1,1,2.725412e-06,0.99999726
BRCA_core_source_top100,tabpfn_v1,v1,train,438,TCGA,TCGA,1,1,4.5821918e-07,0.9999995
BRCA_core_source_top100,tabpfn_v1,v1,train,1185,TCGA,TCGA,1,1,2.02541e-06,0.999998
BRCA_core_source_top100,tabpfn_v1,v1,train,709,TCGA,TCGA,1,1,2.161959e-06,0.99999785
BRCA_core_source_top100,tabpfn_v1,v1,train,1137,TCGA,TCGA,1,1,7.848415e-07,0.99999917
BRCA_core_source_top100,tabpfn_v1,v1,train,400,TCGA,TCGA,1,1,8.245658e-05,0.9999175
BRCA_core_source_top100,tabpfn_v1,v1,train,1163,TCGA,TCGA,1,1,9.616198e-07,0.99999905
BRCA_core_source_top100,tabpfn_v1,v1,train,483,TCGA,TCGA,1,1,4.9542414e-06,0.999995
BRCA_core_source_top100,tabpfn_v1,v1,train,972,TCGA,TCGA,1,1,5.017946e-07,0.9999995
BRCA_core_source_top100,tabpfn_v1,v1,train,792,TCGA,TCGA,1,1,1.0174547e-06,0.9999989
BRCA_core_source_top100,tabpfn_v1,v1,train,684,TCGA,TCGA,1,1,4.0091575e-07,0.99999964
BRCA_core_source_top100,tabpfn_v1,v1,train,178,TCGA,TCGA,1,1,2.5981574e-06,0.9999974
BRCA_core_source_top100,tabpfn_v1,v1,train,227,TCGA,TCGA,1,1,6.7842234e-07,0.9999993
BRCA_core_source_top100,tabpfn_v1,v1,train,309,TCGA,TCGA,1,1,8.6398e-06,0.9999914
BRCA_core_source_top100,tabpfn_v1,v1,train,221,TCGA,TCGA,1,1,6.1115384e-07,0.9999994
BRCA_core_source_top100,tabpfn_v1,v1,train,784,TCGA,TCGA,1,1,7.774103e-06,0.99999225
BRCA_core_source_top100,tabpfn_v1,v1,train,169,TCGA,TCGA,1,1,6.8045176e-07,0.9999993
BRCA_core_source_top100,tabpfn_v1,v1,train,1045,TCGA,TCGA,1,1,0.0002781988,0.9997218
BRCA_core_source_top100,tabpfn_v1,v1,train,614,TCGA,TCGA,1,1,9.0791764e-07,0.99999905
BRCA_core_source_top100,tabpfn_v1,v1,train,619,TCGA,TCGA,1,1,9.718561e-07,0.99999905
BRCA_core_source_top100,tabpfn_v1,v1,train,85,CPTAC,CPTAC,0,0,0.99087614,0.009123836
BRCA_core_source_top100,tabpfn_v1,v1,train,897,TCGA,TCGA,1,1,8.961992e-07,0.99999905
BRCA_core_source_top100,tabpfn_v1,v1,train,791,TCGA,TCGA,1,1,5.3890784e-07,0.9999994
BRCA_core_source_top100,tabpfn_v1,v1,train,703,TCGA,TCGA,1,1,2.8306844e-05,0.99997175
BRCA_core_source_top100,tabpfn_v1,v1,train,236,TCGA,TCGA,1,1,0.00010193022,0.9998981
BRCA_core_source_top100,tabpfn_v1,v1,train,887,TCGA,TCGA,1,1,4.540666e-07,0.9999995
BRCA_core_source_top100,tabpfn_v1,v1,train,333,TCGA,TCGA,1,1,1.0852214e-06,0.9999989
BRCA_core_source_top100,tabpfn_v1,v1,train,862,TCGA,TCGA,1,1,4.694673e-07,0.9999995
BRCA_core_source_top100,tabpfn_v1,v1,train,395,TCGA,TCGA,1,1,7.020497e-07,0.9999993
BRCA_core_source_top100,tabpfn_v1,v1,train,12,CPTAC,CPTAC,0,0,0.99087614,0.009123836
BRCA_core_source_top100,tabpfn_v1,v1,train,474,TCGA,TCGA,1,1,3.756075e-06,0.9999962
BRCA_core_source_top100,tabpfn_v1,v1,train,1009,TCGA,TCGA,1,1,1.0306337e-06,0.9999989
BRCA_core_source_top100,tabpfn_v1,v1,train,1188,TCGA,TCGA,1,1,4.9266987e-07,0.9999995
BRCA_core_source_top100,tabpfn_v1,v1,train,457,TCGA,TCGA,1,1,4.0835204e-07,0.99999964
BRCA_core_source_top100,tabpfn_v1,v1,train,411,TCGA,TCGA,1,1,5.3884105e-07,0.9999994
BRCA_core_source_top100,tabpfn_v1,v1,train,583,TCGA,TCGA,1,1,5.417007e-07,0.9999994
BRCA_core_source_top100,tabpfn_v1,v1,train,739,TCGA,TCGA,1,1,4.8124804e-07,0.9999995
BRCA_core_source_top100,tabpfn_v1,v1,train,979,TCGA,TCGA,1,1,1.3855206e-06,0.99999857
BRCA_core_source_top100,tabpfn_v1,v1,train,427,TCGA,TCGA,1,1,0.00021211659,0.99978787
BRCA_core_source_top100,tabpfn_v1,v1,train,18,CPTAC,CPTAC,0,0,0.99087614,0.009123836
BRCA_core_source_top100,tabpfn_v1,v1,train,168,TCGA,TCGA,1,1,3.5821354e-06,0.9999964
BRCA_core_source_top100,tabpfn_v1,v1,train,1101,TCGA,TCGA,1,1,2.5715199e-06,0.9999974
BRCA_core_source_top100,tabpfn_v1,v1,train,223,TCGA,TCGA,1,1,4.1034767e-07,0.99999964
BRCA_core_source_top100,tabpfn_v1,v1,train,290,TCGA,TCGA,1,1,6.2868946e-07,0.9999994
BRCA_core_source_top100,tabpfn_v1,v1,train,1192,TCGA,TCGA,1,1,1.0442076e-06,0.9999989
BRCA_core_source_top100,tabpfn_v1,v1,train,591,TCGA,TCGA,1,1,1.9649567e-06,0.9999981
BRCA_core_source_top100,tabpfn_v1,v1,train,553,TCGA,TCGA,1,1,5.298178e-07,0.9999995
BRCA_core_source_top100,tabpfn_v1,v1,train,267,TCGA,TCGA,1,1,2.516898e-06,0.9999975
BRCA_core_source_top100,tabpfn_v1,v1,train,911,TCGA,TCGA,1,1,8.432955e-07,0.99999917
BRCA_core_source_top100,tabpfn_v1,v1,train,515,TCGA,TCGA,1,1,4.715039e-07,0.9999995
BRCA_core_source_top100,tabpfn_v1,v1,train,193,TCGA,TCGA,1,1,3.064534e-06,0.9999969
BRCA_core_source_top100,tabpfn_v1,v1,train,5,CPTAC,CPTAC,0,0,0.99087614,0.009123836
BRCA_core_source_top100,tabpfn_v1,v1,val,660,TCGA,TCGA,1,1,4.7925795e-07,0.9999995
BRCA_core_source_top100,tabpfn_v1,v1,val,10,CPTAC,CPTAC,0,0,0.99087614,0.009123892
BRCA_core_source_top100,tabpfn_v1,v1,val,89,CPTAC,CPTAC,0,0,0.99087614,0.009123892
BRCA_core_source_top100,tabpfn_v1,v1,val,701,TCGA,TCGA,1,1,1.9496429e-06,0.9999981
BRCA_core_source_top100,tabpfn_v1,v1,val,50,CPTAC,CPTAC,0,0,0.99087614,0.009123892
BRCA_core_source_top100,tabpfn_v1,v1,val,497,TCGA,TCGA,1,1,1.155104e-06,0.9999988
BRCA_core_source_top100,tabpfn_v1,v1,val,240,TCGA,TCGA,1,1,7.42127e-07,0.9999993
BRCA_core_source_top100,tabpfn_v1,v1,val,523,TCGA,TCGA,1,1,1.174519e-06,0.9999988
BRCA_core_source_top100,tabpfn_v1,v1,val,159,TCGA,TCGA,1,1,8.101498e-06,0.9999919
BRCA_core_source_top100,tabpfn_v1,v1,val,420,TCGA,TCGA,1,1,5.7531092e-06,0.9999943
BRCA_core_source_top100,tabpfn_v1,v1,val,641,TCGA,TCGA,1,1,1.4899406e-06,0.99999857
BRCA_core_source_top100,tabpfn_v1,v1,val,22,CPTAC,CPTAC,0,0,0.99087614,0.009123892
BRCA_core_source_top100,tabpfn_v1,v1,val,204,TCGA,TCGA,1,1,4.4941427e-07,0.9999995
BRCA_core_source_top100,tabpfn_v1,v1,val,215,TCGA,TCGA,1,1,7.713412e-07,0.9999993
BRCA_core_source_top100,tabpfn_v1,v1,val,306,TCGA,TCGA,1,1,6.0530467e-05,0.99993944
BRCA_core_source_top100,tabpfn_v1,v1,val,586,TCGA,TCGA,1,1,4.1501215e-07,0.99999964
BRCA_core_source_top100,tabpfn_v1,v1,val,65,CPTAC,CPTAC,0,0,0.99087614,0.009123892
BRCA_core_source_top100,tabpfn_v1,v1,val,1001,TCGA,TCGA,1,1,3.2983997e-05,0.999967
BRCA_core_source_top100,tabpfn_v1,v1,val,667,TCGA,TCGA,1,1,6.663368e-07,0.9999993
BRCA_core_source_top100,tabpfn_v1,v1,val,775,TCGA,TCGA,1,1,1.0910118e-06,0.9999989
BRCA_core_source_top100,tabpfn_v1,v1,val,817,TCGA,TCGA,1,1,1.0464796e-06,0.9999989
BRCA_core_source_top100,tabpfn_v1,v1,val,735,TCGA,TCGA,1,1,1.7363835e-06,0.9999982
BRCA_core_source_top100,tabpfn_v1,v1,val,296,TCGA,TCGA,1,1,4.2244827e-07,0.9999995
BRCA_core_source_top100,tabpfn_v1,v1,val,559,TCGA,TCGA,1,1,4.4584294e-07,0.9999995
BRCA_core_source_top100,tabpfn_v1,v1,val,24,CPTAC,CPTAC,0,0,0.99087614,0.009123892
BRCA_core_source_top100,tabpfn_v1,v1,val,722,TCGA,TCGA,1,1,1.1809864e-06,0.9999988
BRCA_core_source_top100,tabpfn_v1,v1,val,129,TCGA,TCGA,1,1,4.8883207e-06,0.9999951
BRCA_core_source_top100,tabpfn_v1,v1,val,629,TCGA,TCGA,1,1,1.7587356e-06,0.9999982
BRCA_core_source_top100,tabpfn_v1,v1,val,408,TCGA,TCGA,1,1,5.654007e-06,0.9999944
BRCA_core_source_top100,tabpfn_v1,v1,val,62,CPTAC,CPTAC,0,0,0.99087614,0.009123892
BRCA_core_source_top100,tabpfn_v1,v1,val,963,TCGA,TCGA,1,1,4.083536e-07,0.99999964
BRCA_core_source_top100,tabpfn_v1,v1,val,482,TCGA,TCGA,1,1,4.083536e-07,0.99999964
BRCA_core_source_top100,tabpfn_v1,v1,val,593,TCGA,TCGA,1,1,0.00021515058,0.9997849
BRCA_core_source_top100,tabpfn_v1,v1,val,84,CPTAC,CPTAC,0,0,0.99087614,0.009123892
BRCA_core_source_top100,tabpfn_v1,v1,val,983,TCGA,TCGA,1,1,9.7063385e-06,0.99999034
BRCA_core_source_top100,tabpfn_v1,v1,val,307,TCGA,TCGA,1,1,1.0126525e-06,0.99999905
BRCA_core_source_top100,tabpfn_v1,v1,val,951,TCGA,TCGA,1,1,4.0461083e-07,0.99999964
BRCA_core_source_top100,tabpfn_v1,v1,val,465,TCGA,TCGA,1,1,5.466617e-06,0.9999945
BRCA_core_source_top100,tabpfn_v1,v1,val,140,TCGA,TCGA,1,1,6.8305394e-06,0.9999932
BRCA_core_source_top100,tabpfn_v1,v1,val,742,TCGA,TCGA,1,1,2.5690294e-06,0.9999974
BRCA_core_source_top100,tabpfn_v1,v1,val,7,CPTAC,CPTAC,0,0,0.99087614,0.009123892
BRCA_core_source_top100,tabpfn_v1,v1,val,905,TCGA,TCGA,1,1,4.500744e-07,0.9999995
BRCA_core_source_top100,tabpfn_v1,v1,val,1089,TCGA,TCGA,1,1,6.126006e-05,0.9999387
BRCA_core_source_top100,tabpfn_v1,v1,val,1065,TCGA,TCGA,1,1,7.3839317e-07,0.9999993
BRCA_core_source_top100,tabpfn_v1,v1,val,970,TCGA,TCGA,1,1,5.545488e-07,0.9999994
BRCA_core_source_top100,tabpfn_v1,v1,val,1038,TCGA,TCGA,1,1,2.3109462e-05,0.9999769
BRCA_core_source_top100,tabpfn_v1,v1,val,1027,TCGA,TCGA,1,1,4.0875984e-06,0.99999595
BRCA_core_source_top100,tabpfn_v1,v1,val,246,TCGA,TCGA,1,1,5.146937e-07,0.9999995
BRCA_core_source_top100,tabpfn_v1,v1,val,155,TCGA,TCGA,1,1,6.58363e-06,0.99999344
BRCA_core_source_top100,tabpfn_v1,v1,val,392,TCGA,TCGA,1,1,1.3499277e-06,0.9999987
BRCA_core_source_top100,tabpfn_v1,v1,val,202,TCGA,TCGA,1,1,6.247334e-07,0.9999994
BRCA_core_source_top100,tabpfn_v1,v1,val,1052,TCGA,TCGA,1,1,6.9467694e-07,0.9999993
BRCA_core_source_top100,tabpfn_v1,v1,val,836,TCGA,TCGA,1,1,5.4841466e-06,0.9999945
BRCA_core_source_top100,tabpfn_v1,v1,val,336,TCGA,TCGA,1,1,4.4884933e-07,0.9999995
BRCA_core_source_top100,tabpfn_v1,v1,val,262,TCGA,TCGA,1,1,1.1856712e-05,0.9999882
BRCA_core_source_top100,tabpfn_v1,v1,val,416,TCGA,TCGA,1,1,4.586984e-07,0.9999995
BRCA_core_source_top100,tabpfn_v1,v1,val,1170,TCGA,TCGA,1,1,4.2023018e-07,0.9999995
BRCA_core_source_top100,tabpfn_v1,v1,val,814,TCGA,TCGA,1,1,7.7276076e-07,0.9999993
BRCA_core_source_top100,tabpfn_v1,v1,val,150,TCGA,TCGA,1,1,3.7675232e-05,0.99996233
BRCA_core_source_top100,tabpfn_v1,v1,val,1167,TCGA,TCGA,1,1,1.4134148e-06,0.99999857
BRCA_core_source_top100,tabpfn_v1,v1,val,633,TCGA,TCGA,1,1,7.304466e-07,0.9999993
BRCA_core_source_top100,tabpfn_v1,v1,val,861,TCGA,TCGA,1,1,3.8683973e-07,0.99999964
BRCA_core_source_top100,tabpfn_v1,v1,val,602,TCGA,TCGA,1,1,6.5665216e-07,0.9999993
BRCA_core_source_top100,tabpfn_v1,v1,val,1032,TCGA,TCGA,1,1,4.295799e-07,0.9999995
BRCA_core_source_top100,tabpfn_v1,v1,val,492,TCGA,TCGA,1,1,3.7066293e-05,0.9999629
BRCA_core_source_top100,tabpfn_v1,v1,val,230,TCGA,TCGA,1,1,0.0001452408,0.9998547
BRCA_core_source_top100,tabpfn_v1,v1,val,249,TCGA,TCGA,1,1,3.8614275e-05,0.9999614
BRCA_core_source_top100,tabpfn_v1,v1,val,170,TCGA,TCGA,1,1,5.2247896e-07,0.9999995
BRCA_core_source_top100,tabpfn_v1,v1,val,825,TCGA,TCGA,1,1,1.2554352e-06,0.9999987
BRCA_core_source_top100,tabpfn_v1,v1,val,127,TCGA,TCGA,1,1,1.5587068e-06,0.99999845
BRCA_core_source_top100,tabpfn_v1,v1,val,943,TCGA,TCGA,1,1,4.2214094e-07,0.9999995
BRCA_core_source_top100,tabpfn_v1,v1,val,875,TCGA,TCGA,1,1,4.083536e-07,0.99999964
BRCA_core_source_top100,tabpfn_v1,v1,val,301,TCGA,TCGA,1,1,4.1472924e-07,0.99999964
BRCA_core_source_top100,tabpfn_v1,v1,val,967,TCGA,TCGA,1,1,1.4563025e-06,0.99999857
BRCA_core_source_top100,tabpfn_v1,v1,val,303,TCGA,TCGA,1,1,6.139456e-07,0.9999994
BRCA_core_source_top100,tabpfn_v1,v1,val,200,TCGA,TCGA,1,1,6.485058e-07,0.9999994
BRCA_core_source_top100,tabpfn_v1,v1,val,443,TCGA,TCGA,1,1,6.734659e-07,0.9999993
BRCA_core_source_top100,tabpfn_v1,v1,val,854,TCGA,TCGA,1,1,6.7945134e-06,0.9999932
BRCA_core_source_top100,tabpfn_v1,v1,val,450,TCGA,TCGA,1,1,5.41649e-07,0.9999994
BRCA_core_source_top100,tabpfn_v1,v1,val,539,TCGA,TCGA,1,1,3.801768e-06,0.9999962
BRCA_core_source_top100,tabpfn_v1,v1,val,548,TCGA,TCGA,1,1,8.948549e-07,0.99999905
BRCA_core_source_top100,tabpfn_v1,v1,val,1205,TCGA,TCGA,1,1,1.8184772e-06,0.9999982
BRCA_core_source_top100,tabpfn_v1,v1,val,166,TCGA,TCGA,1,1,1.0174275e-06,0.9999989
BRCA_core_source_top100,tabpfn_v1,v1,val,1092,TCGA,TCGA,1,1,7.7849927e-07,0.99999917
BRCA_core_source_top100,tabpfn_v1,v1,val,1107,TCGA,TCGA,1,1,1.5748755e-06,0.99999845
BRCA_core_source_top100,tabpfn_v1,v1,val,946,TCGA,TCGA,1,1,2.568694e-06,0.9999974
BRCA_core_source_top100,tabpfn_v1,v1,val,292,TCGA,TCGA,1,1,2.4215527e-05,0.9999758
BRCA_core_source_top100,tabpfn_v1,v1,val,955,TCGA,TCGA,1,1,2.2130043e-06,0.99999774
BRCA_core_source_top100,tabpfn_v1,v1,val,287,TCGA,TCGA,1,1,5.136447e-06,0.9999949
BRCA_core_source_top100,tabpfn_v1,v1,val,330,TCGA,TCGA,1,1,3.334765e-06,0.99999666
BRCA_core_source_top100,tabpfn_v1,v1,val,906,TCGA,TCGA,1,1,9.1424295e-07,0.99999905
BRCA_core_source_top100,tabpfn_v1,v1,val,1190,TCGA,TCGA,1,1,5.2176443e-07,0.9999995
BRCA_core_source_top100,tabpfn_v1,v1,val,914,TCGA,TCGA,1,1,6.221376e-07,0.9999994
BRCA_core_source_top100,tabpfn_v1,v1,val,928,TCGA,TCGA,1,1,7.1397076e-06,0.99999285
BRCA_core_source_top100,tabpfn_v1,v1,val,736,TCGA,TCGA,1,1,1.4979104e-06,0.99999845
BRCA_core_source_top100,tabpfn_v1,v1,val,456,TCGA,TCGA,1,1,8.2207794e-07,0.99999917
BRCA_core_source_top100,tabpfn_v1,v1,val,655,TCGA,TCGA,1,1,6.8625053e-07,0.9999993
BRCA_core_source_top100,tabpfn_v1,v1,val,378,TCGA,TCGA,1,1,4.6905063e-07,0.9999995
BRCA_core_source_top100,tabpfn_v1,v1,val,704,TCGA,TCGA,1,1,4.2168105e-07,0.9999995
BRCA_core_source_top100,tabpfn_v1,v1,val,366,TCGA,TCGA,1,1,5.819109e-07,0.9999994
BRCA_core_source_top100,tabpfn_v1,v1,val,961,TCGA,TCGA,1,1,3.8687367e-06,0.9999962
BRCA_core_source_top100,tabpfn_v1,v1,val,258,TCGA,TCGA,1,1,3.9903894e-06,0.99999607
BRCA_core_source_top100,tabpfn_v1,v1,val,930,TCGA,TCGA,1,1,6.5641865e-07,0.9999993
BRCA_core_source_top100,tabpfn_v1,v1,val,141,TCGA,TCGA,1,1,0.00019829176,0.9998017
BRCA_core_source_top100,tabpfn_v1,v1,val,809,TCGA,TCGA,1,1,2.1060037e-05,0.9999789
BRCA_core_source_top100,tabpfn_v1,v1,val,1012,TCGA,TCGA,1,1,5.759789e-07,0.9999994
BRCA_core_source_top100,tabpfn_v1,v1,val,412,TCGA,TCGA,1,1,0.00018683812,0.99981314
BRCA_core_source_top100,tabpfn_v1,v1,val,654,TCGA,TCGA,1,1,2.3821176e-06,0.9999976
BRCA_core_source_top100,tabpfn_v1,v1,val,350,TCGA,TCGA,1,1,0.0022200276,0.99778
BRCA_core_source_top100,tabpfn_v1,v1,val,1187,TCGA,TCGA,1,1,4.0411837e-07,0.99999964
BRCA_core_source_top100,tabpfn_v1,v1,val,974,TCGA,TCGA,1,1,4.103285e-07,0.99999964
BRCA_core_source_top100,tabpfn_v1,v1,val,399,TCGA,TCGA,1,1,1.3702476e-06,0.9999987
BRCA_core_source_top100,tabpfn_v1,v1,val,1011,TCGA,TCGA,1,1,2.4478554e-06,0.9999975
BRCA_core_source_top100,tabpfn_v1,v1,val,1049,TCGA,TCGA,1,1,9.050432e-07,0.99999905
BRCA_core_source_top100,tabpfn_v1,v1,val,478,TCGA,TCGA,1,1,0.00015769138,0.9998423
BRCA_core_source_top100,tabpfn_v1,v1,val,429,TCGA,TCGA,1,1,3.061785e-06,0.9999969
BRCA_core_source_top100,tabpfn_v1,v1,val,1054,TCGA,TCGA,1,1,6.2642715e-07,0.9999994
BRCA_core_source_top100,tabpfn_v1,v1,val,623,TCGA,TCGA,1,1,1.0755887e-06,0.9999989
BRCA_core_source_top100,tabpfn_v1,v1,val,146,TCGA,TCGA,1,1,4.3174848e-07,0.9999995
BRCA_core_source_top100,tabpfn_v1,v1,val,561,TCGA,TCGA,1,1,1.2201342e-06,0.9999988
BRCA_core_source_top100,tabpfn_v1,v1,val,409,TCGA,TCGA,1,1,8.507058e-07,0.99999917
BRCA_core_source_top100,tabpfn_v1,v1,val,29,CPTAC,CPTAC,0,0,0.99087614,0.009123892
BRCA_core_source_top100,tabpfn_v1,v1,val,645,TCGA,TCGA,1,1,1.0366855e-06,0.9999989
BRCA_core_source_top100,tabpfn_v1,v1,val,674,TCGA,TCGA,1,1,4.171889e-06,0.9999958
BRCA_core_source_top100,tabpfn_v1,v1,val,700,TCGA,TCGA,1,1,4.5756244e-07,0.9999995
BRCA_core_source_top100,tabpfn_v1,v1,val,317,TCGA,TCGA,1,1,0.0014917844,0.99850816
BRCA_core_source_top100,tabpfn_v1,v1,val,1135,TCGA,TCGA,1,1,2.6614038e-05,0.9999734
BRCA_core_source_top100,tabpfn_v1,v1,val,898,TCGA,TCGA,1,1,4.317184e-07,0.9999995
BRCA_core_source_top100,tabpfn_v1,v1,val,769,TCGA,TCGA,1,1,7.269951e-06,0.9999927
BRCA_core_source_top100,tabpfn_v1,v1,val,1195,TCGA,TCGA,1,1,1.7023151e-06,0.99999833
BRCA_core_source_top100,tabpfn_v1,v1,val,798,TCGA,TCGA,1,1,4.1464996e-06,0.9999958
BRCA_core_source_top100,tabpfn_v1,v1,val,36,CPTAC,CPTAC,0,0,0.99087614,0.009123892
BRCA_core_source_top100,tabpfn_v1,v1,val,484,TCGA,TCGA,1,1,9.178184e-05,0.9999082
BRCA_core_source_top100,tabpfn_v1,v1,val,557,TCGA,TCGA,1,1,6.9734796e-07,0.9999993
BRCA_core_source_top100,tabpfn_v1,v1,val,475,TCGA,TCGA,1,1,1.2621362e-06,0.9999987
BRCA_core_source_top100,tabpfn_v1,v1,val,91,CPTAC,CPTAC,0,0,0.99087614,0.009123892
BRCA_core_source_top100,tabpfn_v1,v1,val,1165,TCGA,TCGA,1,1,2.2533316e-06,0.99999774
BRCA_core_source_top100,tabpfn_v1,v1,val,279,TCGA,TCGA,1,1,1.1438336e-05,0.99998856
BRCA_core_source_top100,tabpfn_v1,v1,val,918,TCGA,TCGA,1,1,6.84256e-07,0.9999993
BRCA_core_source_top100,tabpfn_v1,v1,val,1056,TCGA,TCGA,1,1,5.361623e-07,0.9999995
BRCA_core_source_top100,tabpfn_v1,v1,val,518,TCGA,TCGA,1,1,3.2738665e-06,0.9999968
BRCA_core_source_top100,tabpfn_v1,v1,val,1127,TCGA,TCGA,1,1,2.9724775e-05,0.9999703
BRCA_core_source_top100,tabpfn_v1,v1,val,191,TCGA,TCGA,1,1,1.9005658e-06,0.9999981
BRCA_core_source_top100,tabpfn_v1,v1,val,1129,TCGA,TCGA,1,1,2.1266128e-06,0.99999785
BRCA_core_source_top100,tabpfn_v1,v1,val,361,TCGA,TCGA,1,1,2.693445e-05,0.99997306
BRCA_core_source_top100,tabpfn_v1,v1,val,850,TCGA,TCGA,1,1,4.0997412e-07,0.99999964
BRCA_core_source_top100,tabpfn_v1,v1,val,213,TCGA,TCGA,1,1,8.306982e-07,0.99999917
BRCA_core_source_top100,tabpfn_v1,v1,val,808,TCGA,TCGA,1,1,1.0703516e-06,0.9999989
BRCA_core_source_top100,tabpfn_v1,v1,val,630,TCGA,TCGA,1,1,2.6893583e-06,0.99999726
BRCA_core_source_top100,tabpfn_v1,v1,val,477,TCGA,TCGA,1,1,5.4946013e-06,0.9999945
BRCA_core_source_top100,tabpfn_v1,v1,val,510,TCGA,TCGA,1,1,4.358629e-06,0.9999956
BRCA_core_source_top100,tabpfn_v1,v1,val,436,TCGA,TCGA,1,1,1.948591e-06,0.9999981
BRCA_core_source_top100,tabpfn_v1,v1,val,100,CPTAC,CPTAC,0,0,0.99087614,0.009123892
BRCA_core_source_top100,tabpfn_v1,v1,val,1183,TCGA,TCGA,1,1,1.2155466e-06,0.9999988
BRCA_core_source_top100,tabpfn_v1,v1,val,70,CPTAC,CPTAC,0,0,0.99087614,0.009123892
BRCA_core_source_top100,tabpfn_v1,v1,val,971,TCGA,TCGA,1,1,9.01116e-07,0.99999905
BRCA_core_source_top100,tabpfn_v1,v1,val,844,TCGA,TCGA,1,1,4.4910034e-06,0.99999547
BRCA_core_source_top100,tabpfn_v1,v1,val,1181,TCGA,TCGA,1,1,5.763344e-07,0.9999994
BRCA_core_source_top100,tabpfn_v1,v1,val,58,CPTAC,CPTAC,0,0,0.99087614,0.009123892
BRCA_core_source_top100,tabpfn_v1,v1,val,1145,TCGA,TCGA,1,1,0.00015989259,0.99984014
BRCA_core_source_top100,tabpfn_v1,v1,val,679,TCGA,TCGA,1,1,2.4880997e-06,0.9999975
BRCA_core_source_top100,tabpfn_v1,v1,val,197,TCGA,TCGA,1,1,9.768386e-07,0.99999905
BRCA_core_source_top100,tabpfn_v1,v1,val,698,TCGA,TCGA,1,1,4.2718915e-07,0.9999995
BRCA_core_source_top100,tabpfn_v1,v1,val,935,TCGA,TCGA,1,1,9.1632654e-07,0.99999905
BRCA_core_source_top100,tabpfn_v1,v1,val,115,CPTAC,CPTAC,0,0,0.99087614,0.009123892
BRCA_core_source_top100,tabpfn_v1,v1,val,526,TCGA,TCGA,1,1,1.7586299e-06,0.9999982
BRCA_core_source_top100,tabpfn_v1,v1,val,64,CPTAC,CPTAC,0,0,0.99087614,0.009123892
BRCA_core_source_top100,tabpfn_v1,v1,val,978,TCGA,TCGA,1,1,9.900891e-07,0.99999905
BRCA_core_source_top100,tabpfn_v1,v1,val,813,TCGA,TCGA,1,1,4.9307926e-07,0.9999995
BRCA_core_source_top100,tabpfn_v1,v1,val,153,TCGA,TCGA,1,1,1.0628265e-06,0.9999989
BRCA_core_source_top100,tabpfn_v1,v1,val,32,CPTAC,CPTAC,0,0,0.99087614,0.009123892
BRCA_core_source_top100,tabpfn_v1,v1,val,788,TCGA,TCGA,1,1,9.034582e-07,0.99999905
BRCA_core_source_top100,tabpfn_v1,v1,val,255,TCGA,TCGA,1,1,4.13445e-07,0.99999964
BRCA_core_source_top100,tabpfn_v1,v1,val,1029,TCGA,TCGA,1,1,1.0228084e-06,0.9999989
BRCA_core_source_top100,tabpfn_v1,v1,val,242,TCGA,TCGA,1,1,4.141755e-07,0.99999964
BRCA_core_source_top100,tabpfn_v1,v1,val,432,TCGA,TCGA,1,1,1.0871494e-05,0.99998915
BRCA_core_source_top100,tabpfn_v1,v1,val,554,TCGA,TCGA,1,1,2.7922208e-06,0.99999726
BRCA_core_source_top100,tabpfn_v1,v1,val,569,TCGA,TCGA,1,1,8.568107e-07,0.99999917
BRCA_core_source_top100,tabpfn_v1,v1,val,812,TCGA,TCGA,1,1,7.421086e-07,0.9999993
BRCA_core_source_top100,tabpfn_v1,v1,val,995,TCGA,TCGA,1,1,1.2925344e-05,0.9999871
BRCA_core_source_top100,tabpfn_v1,v1,val,1166,TCGA,TCGA,1,1,4.830578e-06,0.9999951
BRCA_core_source_top100,tabpfn_v1,v1,test,1053,TCGA,TCGA,1,1,1.7104647e-06,0.99999833
BRCA_core_source_top100,tabpfn_v1,v1,test,252,TCGA,TCGA,1,1,5.8308865e-07,0.9999994
BRCA_core_source_top100,tabpfn_v1,v1,test,606,TCGA,TCGA,1,1,2.31742e-06,0.99999774
BRCA_core_source_top100,tabpfn_v1,v1,test,699,TCGA,TCGA,1,1,1.0629258e-06,0.9999989
BRCA_core_source_top100,tabpfn_v1,v1,test,1148,TCGA,TCGA,1,1,6.9292554e-07,0.9999993
BRCA_core_source_top100,tabpfn_v1,v1,test,785,TCGA,TCGA,1,1,4.083536e-07,0.99999964
BRCA_core_source_top100,tabpfn_v1,v1,test,864,TCGA,TCGA,1,1,1.3874629e-06,0.99999857
BRCA_core_source_top100,tabpfn_v1,v1,test,537,TCGA,TCGA,1,1,0.0024582972,0.99754167
BRCA_core_source_top100,tabpfn_v1,v1,test,820,TCGA,TCGA,1,1,2.6524833e-06,0.9999974
BRCA_core_source_top100,tabpfn_v1,v1,test,1173,TCGA,TCGA,1,1,4.115746e-06,0.9999958
BRCA_core_source_top100,tabpfn_v1,v1,test,624,TCGA,TCGA,1,1,1.6089263e-06,0.99999845
BRCA_core_source_top100,tabpfn_v1,v1,test,220,TCGA,TCGA,1,1,4.5222705e-06,0.99999547
BRCA_core_source_top100,tabpfn_v1,v1,test,976,TCGA,TCGA,1,1,1.0882341e-06,0.9999989
BRCA_core_source_top100,tabpfn_v1,v1,test,268,TCGA,TCGA,1,1,1.7358157e-06,0.9999982
BRCA_core_source_top100,tabpfn_v1,v1,test,574,TCGA,TCGA,1,1,7.6842436e-05,0.9999231
BRCA_core_source_top100,tabpfn_v1,v1,test,514,TCGA,TCGA,1,1,4.083536e-07,0.99999964
BRCA_core_source_top100,tabpfn_v1,v1,test,926,TCGA,TCGA,1,1,2.6466656e-05,0.99997354
BRCA_core_source_top100,tabpfn_v1,v1,test,781,TCGA,TCGA,1,1,1.709161e-05,0.99998295
BRCA_core_source_top100,tabpfn_v1,v1,test,439,TCGA,TCGA,1,1,6.6901816e-07,0.9999993
BRCA_core_source_top100,tabpfn_v1,v1,test,1198,TCGA,TCGA,1,1,0.000108289074,0.99989176
BRCA_core_source_top100,tabpfn_v1,v1,test,1074,TCGA,TCGA,1,1,2.8487807e-06,0.99999714
BRCA_core_source_top100,tabpfn_v1,v1,test,99,CPTAC,CPTAC,0,0,0.99087614,0.009123892
BRCA_core_source_top100,tabpfn_v1,v1,test,1139,TCGA,TCGA,1,1,4.3677738e-07,0.9999995
BRCA_core_source_top100,tabpfn_v1,v1,test,761,TCGA,TCGA,1,1,2.0582966e-06,0.999998
BRCA_core_source_top100,tabpfn_v1,v1,test,646,TCGA,TCGA,1,1,6.955162e-05,0.9999305
BRCA_core_source_top100,tabpfn_v1,v1,test,958,TCGA,TCGA,1,1,1.7508033e-06,0.9999982
BRCA_core_source_top100,tabpfn_v1,v1,test,1155,TCGA,TCGA,1,1,9.695973e-07,0.99999905
BRCA_core_source_top100,tabpfn_v1,v1,test,241,TCGA,TCGA,1,1,1.2869172e-05,0.9999871
BRCA_core_source_top100,tabpfn_v1,v1,test,352,TCGA,TCGA,1,1,7.621113e-07,0.9999993
BRCA_core_source_top100,tabpfn_v1,v1,test,308,TCGA,TCGA,1,1,7.456287e-07,0.9999993
BRCA_core_source_top100,tabpfn_v1,v1,test,1112,TCGA,TCGA,1,1,1.1329729e-06,0.9999988
BRCA_core_source_top100,tabpfn_v1,v1,test,528,TCGA,TCGA,1,1,2.0505047e-06,0.999998
BRCA_core_source_top100,tabpfn_v1,v1,test,888,TCGA,TCGA,1,1,6.7511206e-07,0.9999993
BRCA_core_source_top100,tabpfn_v1,v1,test,762,TCGA,TCGA,1,1,1.77315e-06,0.9999982
BRCA_core_source_top100,tabpfn_v1,v1,test,419,TCGA,TCGA,1,1,1.0212079e-06,0.9999989
BRCA_core_source_top100,tabpfn_v1,v1,test,106,CPTAC,CPTAC,0,0,0.99087614,0.009123892
BRCA_core_source_top100,tabpfn_v1,v1,test,354,TCGA,TCGA,1,1,4.083536e-07,0.99999964
BRCA_core_source_top100,tabpfn_v1,v1,test,610,TCGA,TCGA,1,1,4.083536e-07,0.99999964
BRCA_core_source_top100,tabpfn_v1,v1,test,524,TCGA,TCGA,1,1,8.746019e-07,0.99999917
BRCA_core_source_top100,tabpfn_v1,v1,test,1194,TCGA,TCGA,1,1,1.2594556e-05,0.99998736
BRCA_core_source_top100,tabpfn_v1,v1,test,1160,TCGA,TCGA,1,1,1.7062619e-05,0.99998295
BRCA_core_source_top100,tabpfn_v1,v1,test,123,TCGA,TCGA,1,1,0.0001983729,0.9998017
BRCA_core_source_top100,tabpfn_v1,v1,test,1050,TCGA,TCGA,1,1,7.76918e-07,0.99999917
BRCA_core_source_top100,tabpfn_v1,v1,test,102,CPTAC,CPTAC,0,0,0.99087614,0.009123892
BRCA_core_source_top100,tabpfn_v1,v1,test,1193,TCGA,TCGA,1,1,1.075683e-06,0.9999989
BRCA_core_source_top100,tabpfn_v1,v1,test,110,CPTAC,CPTAC,0,0,0.99087614,0.009123892
BRCA_core_source_top100,tabpfn_v1,v1,test,536,TCGA,TCGA,1,1,4.083536e-07,0.99999964
BRCA_core_source_top100,tabpfn_v1,v1,test,1186,TCGA,TCGA,1,1,9.4141194e-07,0.99999905
BRCA_core_source_top100,tabpfn_v1,v1,test,459,TCGA,TCGA,1,1,2.707209e-05,0.99997294
BRCA_core_source_top100,tabpfn_v1,v1,test,2,CPTAC,CPTAC,0,0,0.99087614,0.009123892
BRCA_core_source_top100,tabpfn_v1,v1,test,892,TCGA,TCGA,1,1,2.2964973e-06,0.99999774
BRCA_core_source_top100,tabpfn_v1,v1,test,594,TCGA,TCGA,1,1,2.4193191e-06,0.9999976
BRCA_core_source_top100,tabpfn_v1,v1,test,767,TCGA,TCGA,1,1,4.609489e-06,0.99999535
BRCA_core_source_top100,tabpfn_v1,v1,test,805,TCGA,TCGA,1,1,4.107314e-07,0.99999964
BRCA_core_source_top100,tabpfn_v1,v1,test,272,TCGA,TCGA,1,1,9.134987e-07,0.99999905
BRCA_core_source_top100,tabpfn_v1,v1,test,375,TCGA,TCGA,1,1,5.609316e-07,0.9999994
BRCA_core_source_top100,tabpfn_v1,v1,test,732,TCGA,TCGA,1,1,1.1215251e-05,0.9999888
BRCA_core_source_top100,tabpfn_v1,v1,test,525,TCGA,TCGA,1,1,4.4051526e-06,0.9999956
BRCA_core_source_top100,tabpfn_v1,v1,test,1041,TCGA,TCGA,1,1,7.044809e-07,0.9999993
BRCA_core_source_top100,tabpfn_v1,v1,test,693,TCGA,TCGA,1,1,7.577458e-06,0.9999924
BRCA_core_source_top100,tabpfn_v1,v1,test,251,TCGA,TCGA,1,1,5.843222e-07,0.9999994
BRCA_core_source_top100,tabpfn_v1,v1,test,1005,TCGA,TCGA,1,1,2.5400782e-06,0.9999975
BRCA_core_source_top100,tabpfn_v1,v1,test,1103,TCGA,TCGA,1,1,2.5182328e-06,0.9999975
BRCA_core_source_top100,tabpfn_v1,v1,test,746,TCGA,TCGA,1,1,1.0010571e-05,0.99999
BRCA_core_source_top100,tabpfn_v1,v1,test,585,TCGA,TCGA,1,1,8.042138e-05,0.99991953
BRCA_core_source_top100,tabpfn_v1,v1,test,678,TCGA,TCGA,1,1,5.9173124e-07,0.9999994
BRCA_core_source_top100,tabpfn_v1,v1,test,1176,TCGA,TCGA,1,1,1.4052404e-06,0.99999857
BRCA_core_source_top100,tabpfn_v1,v1,test,51,CPTAC,CPTAC,0,0,0.99087614,0.009123892
BRCA_core_source_top100,tabpfn_v1,v1,test,60,CPTAC,CPTAC,0,0,0.99087614,0.009123892
BRCA_core_source_top100,tabpfn_v1,v1,test,92,CPTAC,CPTAC,0,0,0.99087614,0.009123892
BRCA_core_source_top100,tabpfn_v1,v1,test,467,TCGA,TCGA,1,1,8.3347476e-07,0.99999917
BRCA_core_source_top100,tabpfn_v1,v1,test,447,TCGA,TCGA,1,1,1.1311927e-06,0.9999989
BRCA_core_source_top100,tabpfn_v1,v1,test,672,TCGA,TCGA,1,1,4.3845887e-07,0.9999995
BRCA_core_source_top100,tabpfn_v1,v1,test,1067,TCGA,TCGA,1,1,2.0063631e-05,0.99998
BRCA_core_source_top100,tabpfn_v1,v1,test,162,TCGA,TCGA,1,1,9.825153e-07,0.99999905
BRCA_core_source_top100,tabpfn_v1,v1,test,937,TCGA,TCGA,1,1,2.4636858e-05,0.9999753
BRCA_core_source_top100,tabpfn_v1,v1,test,1142,TCGA,TCGA,1,1,2.1507656e-06,0.99999785
BRCA_core_source_top100,tabpfn_v1,v1,test,346,TCGA,TCGA,1,1,4.1046783e-07,0.99999964
BRCA_core_source_top100,tabpfn_v1,v1,test,319,TCGA,TCGA,1,1,1.9622694e-06,0.9999981
BRCA_core_source_top100,tabpfn_v1,v1,test,265,TCGA,TCGA,1,1,9.86104e-07,0.99999905
BRCA_core_source_top100,tabpfn_v1,v1,test,1180,TCGA,TCGA,1,1,9.773026e-07,0.99999905
BRCA_core_source_top100,tabpfn_v1,v1,test,415,TCGA,TCGA,1,1,5.883779e-06,0.99999416
BRCA_core_source_top100,tabpfn_v1,v1,test,329,TCGA,TCGA,1,1,3.632693e-06,0.9999964
BRCA_core_source_top100,tabpfn_v1,v1,test,917,TCGA,TCGA,1,1,2.1524975e-06,0.99999785
BRCA_core_source_top100,tabpfn_v1,v1,test,470,TCGA,TCGA,1,1,1.6236592e-05,0.9999838
BRCA_core_source_top100,tabpfn_v1,v1,test,1197,TCGA,TCGA,1,1,7.6247477e-07,0.9999993
BRCA_core_source_top100,tabpfn_v1,v1,test,731,TCGA,TCGA,1,1,1.8761693e-05,0.9999813
BRCA_core_source_top100,tabpfn_v1,v1,test,730,TCGA,TCGA,1,1,1.5723107e-06,0.99999845
BRCA_core_source_top100,tabpfn_v1,v1,test,957,TCGA,TCGA,1,1,4.3355817e-07,0.9999995
BRCA_core_source_top100,tabpfn_v1,v1,test,174,TCGA,TCGA,1,1,1.8898929e-06,0.9999981
BRCA_core_source_top100,tabpfn_v1,v1,test,1202,TCGA,TCGA,1,1,1.3495494e-06,0.9999987
BRCA_core_source_top100,tabpfn_v1,v1,test,506,TCGA,TCGA,1,1,7.760287e-07,0.99999917
BRCA_core_source_top100,tabpfn_v1,v1,test,900,TCGA,TCGA,1,1,4.0012915e-06,0.99999595
BRCA_core_source_top100,tabpfn_v1,v1,test,1073,TCGA,TCGA,1,1,4.5928363e-07,0.9999995
BRCA_core_source_top100,tabpfn_v1,v1,test,749,TCGA,TCGA,1,1,1.4070587e-06,0.99999857
BRCA_core_source_top100,tabpfn_v1,v1,test,916,TCGA,TCGA,1,1,1.8167664e-06,0.9999982
BRCA_core_source_top100,tabpfn_v1,v1,test,734,TCGA,TCGA,1,1,4.812228e-07,0.9999995
BRCA_core_source_top100,tabpfn_v1,v1,test,759,TCGA,TCGA,1,1,4.1755193e-06,0.9999958
BRCA_core_source_top100,tabpfn_v1,v1,test,1178,TCGA,TCGA,1,1,4.5622055e-06,0.99999547
BRCA_core_source_top100,tabpfn_v1,v1,test,770,TCGA,TCGA,1,1,7.5976226e-07,0.9999993
BRCA_core_source_top100,tabpfn_v1,v1,test,273,TCGA,TCGA,1,1,8.441597e-07,0.99999917
BRCA_core_source_top100,tabpfn_v1,v1,test,1002,TCGA,TCGA,1,1,1.1338182e-06,0.9999988
BRCA_core_source_top100,tabpfn_v1,v1,test,87,CPTAC,CPTAC,0,0,0.99087614,0.009123892
BRCA_core_source_top100,tabpfn_v1,v1,test,368,TCGA,TCGA,1,1,3.6615088e-06,0.9999963
BRCA_core_source_top100,tabpfn_v1,v1,test,256,TCGA,TCGA,1,1,7.09734e-07,0.9999993
BRCA_core_source_top100,tabpfn_v1,v1,test,1013,TCGA,TCGA,1,1,5.228702e-07,0.9999995
BRCA_core_source_top100,tabpfn_v1,v1,test,901,TCGA,TCGA,1,1,4.6561357e-07,0.9999995
BRCA_core_source_top100,tabpfn_v1,v1,test,71,CPTAC,CPTAC,0,0,0.99087614,0.009123892
BRCA_core_source_top100,tabpfn_v1,v1,test,563,TCGA,TCGA,1,1,9.476263e-07,0.99999905
BRCA_core_source_top100,tabpfn_v1,v1,test,324,TCGA,TCGA,1,1,6.5441372e-06,0.99999344
BRCA_core_source_top100,tabpfn_v1,v1,test,425,TCGA,TCGA,1,1,0.00077566074,0.9992243
BRCA_core_source_top100,tabpfn_v1,v1,test,269,TCGA,TCGA,1,1,4.341716e-06,0.9999957
BRCA_core_source_top100,tabpfn_v1,v1,test,831,TCGA,CPTAC,1,0,0.99087614,0.009123892
BRCA_core_source_top100,tabpfn_v1,v1,test,86,CPTAC,CPTAC,0,0,0.99087614,0.009123892
BRCA_core_source_top100,tabpfn_v1,v1,test,1084,TCGA,TCGA,1,1,2.7393166e-06,0.99999726
BRCA_core_source_top100,tabpfn_v1,v1,test,103,CPTAC,CPTAC,0,0,0.99087614,0.009123892
BRCA_core_source_top100,tabpfn_v1,v1,test,847,TCGA,TCGA,1,1,9.4441265e-07,0.99999905
BRCA_core_source_top100,tabpfn_v1,v1,test,401,TCGA,TCGA,1,1,8.252305e-05,0.9999175
BRCA_core_source_top100,tabpfn_v1,v1,test,244,TCGA,TCGA,1,1,9.84454e-07,0.99999905
BRCA_core_source_top100,tabpfn_v1,v1,test,560,TCGA,TCGA,1,1,4.3331056e-07,0.9999995
BRCA_core_source_top100,tabpfn_v1,v1,test,281,TCGA,TCGA,1,1,1.9477864e-06,0.9999981
BRCA_core_source_top100,tabpfn_v1,v1,test,851,TCGA,TCGA,1,1,5.563393e-07,0.9999994
BRCA_core_source_top100,tabpfn_v1,v1,test,793,TCGA,TCGA,1,1,1.5447121e-06,0.99999845
BRCA_core_source_top100,tabpfn_v1,v1,test,773,TCGA,TCGA,1,1,5.9746567e-06,0.99999404
BRCA_core_source_top100,tabpfn_v1,v1,test,780,TCGA,TCGA,1,1,1.5054045e-06,0.99999845
BRCA_core_source_top100,tabpfn_v1,v1,test,1094,TCGA,TCGA,1,1,0.00033526958,0.9996648
BRCA_core_source_top100,tabpfn_v1,v1,test,305,TCGA,TCGA,1,1,9.3423813e-07,0.99999905
BRCA_core_source_top100,tabpfn_v1,v1,test,632,TCGA,TCGA,1,1,5.445157e-07,0.9999994
BRCA_core_source_top100,tabpfn_v1,v1,test,992,TCGA,TCGA,1,1,4.320914e-06,0.9999957
BRCA_core_source_top100,tabpfn_v1,v1,test,328,TCGA,TCGA,1,1,4.083536e-07,0.99999964
BRCA_core_source_top100,tabpfn_v1,v1,test,745,TCGA,TCGA,1,1,1.4333307e-05,0.9999857
BRCA_core_source_top100,tabpfn_v1,v1,test,794,TCGA,TCGA,1,1,1.6357459e-06,0.99999833
BRCA_core_source_top100,tabpfn_v1,v1,test,1082,TCGA,TCGA,1,1,9.44734e-06,0.9999906
BRCA_core_source_top100,tabpfn_v1,v1,test,1051,TCGA,TCGA,1,1,2.7197416e-06,0.99999726
BRCA_core_source_top100,tabpfn_v1,v1,test,1018,TCGA,TCGA,1,1,4.1239636e-07,0.99999964
BRCA_core_source_top100,tabpfn_v1,v1,test,941,TCGA,TCGA,1,1,6.520226e-07,0.9999994
BRCA_core_source_top100,tabpfn_v1,v1,test,245,TCGA,TCGA,1,1,4.3191372e-05,0.99995685
BRCA_core_source_top100,tabpfn_v1,v1,test,74,CPTAC,CPTAC,0,0,0.99087614,0.009123892
BRCA_core_source_top100,tabpfn_v1,v1,test,130,TCGA,TCGA,1,1,5.4639304e-07,0.9999994
BRCA_core_source_top100,tabpfn_v1,v1,test,1057,TCGA,TCGA,1,1,2.4623769e-06,0.9999975
BRCA_core_source_top100,tabpfn_v1,v1,test,23,CPTAC,CPTAC,0,0,0.99087614,0.009123892
BRCA_core_source_top100,tabpfn_v1,v1,test,1076,TCGA,TCGA,1,1,1.8386904e-06,0.9999982
BRCA_core_source_top100,tabpfn_v1,v1,test,885,TCGA,TCGA,1,1,7.969243e-07,0.99999917
BRCA_core_source_top100,tabpfn_v1,v1,test,311,TCGA,TCGA,1,1,4.8207204e-07,0.9999995
BRCA_core_source_top100,tabpfn_v1,v1,test,20,CPTAC,CPTAC,0,0,0.99087614,0.009123892
BRCA_core_source_top100,tabpfn_v1,v1,test,803,TCGA,TCGA,1,1,4.083536e-07,0.99999964
BRCA_core_source_top100,tabpfn_v1,v1,test,519,TCGA,TCGA,1,1,0.00017263278,0.9998274
BRCA_core_source_top100,tabpfn_v1,v1,test,322,TCGA,TCGA,1,1,0.08649969,0.91350037
BRCA_core_source_top100,tabpfn_v1,v1,test,1158,TCGA,TCGA,1,1,2.639687e-06,0.9999974
BRCA_core_source_top100,tabpfn_v1,v1,test,1150,TCGA,TCGA,1,1,5.570953e-07,0.9999994
BRCA_core_source_top100,tabpfn_v1,v1,test,1199,TCGA,TCGA,1,1,1.4126238e-06,0.99999857
BRCA_core_source_top100,tabpfn_v1,v1,test,870,TCGA,TCGA,1,1,1.0569265e-06,0.9999989
BRCA_core_source_top100,tabpfn_v1,v1,test,662,TCGA,TCGA,1,1,5.4240052e-05,0.99994576
BRCA_core_source_top100,tabpfn_v1,v1,test,873,TCGA,TCGA,1,1,4.5099986e-07,0.9999995
BRCA_core_source_top100,tabpfn_v1,v1,test,993,TCGA,TCGA,1,1,1.09052935e-05,0.99998915
BRCA_core_source_top100,tabpfn_v1,v1,test,522,TCGA,TCGA,1,1,2.1965596e-05,0.99997807
BRCA_core_source_top100,tabpfn_v1,v1,test,541,TCGA,TCGA,1,1,4.6527584e-06,0.99999535
BRCA_core_source_top100,tabpfn_v1,v1,test,764,TCGA,TCGA,1,1,5.2381683e-06,0.99999475
BRCA_core_source_top100,tabpfn_v1,v1,test,384,TCGA,TCGA,1,1,3.2896648e-06,0.99999666
BRCA_core_source_top100,tabpfn_v1,v1,test,832,TCGA,TCGA,1,1,6.6300217e-06,0.9999933
BRCA_core_source_top100,tabpfn_v1,v1,test,158,TCGA,TCGA,1,1,1.7143172e-06,0.99999833
BRCA_core_source_top100,tabpfn_v1,v1,test,1028,TCGA,TCGA,1,1,4.083536e-07,0.99999964
BRCA_core_source_top100,tabpfn_v1,v1,test,985,TCGA,TCGA,1,1,2.8265788e-06,0.99999714
BRCA_core_source_top100,tabpfn_v1,v1,test,1102,TCGA,TCGA,1,1,1.2321254e-05,0.9999877
BRCA_core_source_top100,tabpfn_v1,v1,test,685,TCGA,TCGA,1,1,4.7226354e-06,0.99999523
BRCA_core_source_top100,tabpfn_v1,v1,test,1114,TCGA,TCGA,1,1,5.4364864e-07,0.9999994
BRCA_core_source_top100,tabpfn_v1,v1,test,234,TCGA,TCGA,1,1,8.2586314e-07,0.99999917
BRCA_core_source_top100,tabpfn_v1,v1,test,687,TCGA,TCGA,1,1,4.2996928e-07,0.9999995
BRCA_core_source_top100,tabpfn_v1,v1,test,341,TCGA,TCGA,1,1,4.083536e-07,0.99999964
BRCA_core_source_top100,tabpfn_v1,v1,test,121,CPTAC,CPTAC,0,0,0.99087614,0.009123892
BRCA_core_source_top100,tabpfn_v1,v1,test,14,CPTAC,CPTAC,0,0,0.99087614,0.009123892
BRCA_core_source_top100,tabpfn_v1,v1,test,82,CPTAC,CPTAC,0,0,0.99087614,0.009123892
BRCA_core_source_top100,tabpfn_v1,v1,test,175,TCGA,TCGA,1,1,1.5098346e-05,0.99998486
BRCA_core_source_top100,tabpfn_v1,v1,test,754,TCGA,TCGA,1,1,4.2910397e-06,0.9999957
BRCA_core_source_top100,tabpfn_v1,v1,test,708,TCGA,TCGA,1,1,5.124735e-07,0.9999995
BRCA_core_source_top100,tabpfn_v1,v1,test,857,TCGA,TCGA,1,1,9.793702e-07,0.99999905
BRCA_core_source_top100,tabpfn_v1,v1,test,217,TCGA,TCGA,1,1,5.3020117e-06,0.99999475
BRCA_core_source_top100,tabpfn_v1,v1,test,1118,TCGA,TCGA,1,1,1.9187237e-05,0.9999808
BRCA_core_source_top100,tabpfn_v1,v1,test,1134,TCGA,TCGA,1,1,1.4939714e-06,0.99999845
BRCA_core_source_top100,tabpfn_v1,v1,test,763,TCGA,TCGA,1,1,6.04663e-07,0.9999994
BRCA_core_source_top100,tabpfn_v1,v1,test,1098,TCGA,TCGA,1,1,1.5139204e-06,0.99999845
