dataset,model_name,version,split,original_row_index,y_true,y_pred,y_true_encoded,y_pred_encoded,prob_brca,prob_esca,prob_hnscc,prob_lscc,prob_luad
ALL_core_cancer_type_top95,tabpfn_v3,v3,train,1195,BRCA,BRCA,0,0,0.9999455,1.2981124e-05,1.2981124e-05,1.44483765e-05,1.4064847e-05
ALL_core_cancer_type_top95,tabpfn_v3,v3,train,313,BRCA,BRCA,0,0,0.9999452,1.2981121e-05,1.3121428e-05,1.4604339e-05,1.4093764e-05
ALL_core_cancer_type_top95,tabpfn_v3,v3,train,1656,HNSCC,HNSCC,2,2,1.3391638e-05,1.3249244e-05,0.9999472,1.2981145e-05,1.3197476e-05
ALL_core_cancer_type_top95,tabpfn_v3,v3,train,1589,HNSCC,HNSCC,2,2,2.3317125e-05,2.587937e-05,0.9998993,2.0813604e-05,3.0687326e-05
ALL_core_cancer_type_top95,tabpfn_v3,v3,train,1500,HNSCC,HNSCC,2,2,1.34384045e-05,1.3858279e-05,0.9999466,1.3129577e-05,1.2981137e-05
ALL_core_cancer_type_top95,tabpfn_v3,v3,train,1821,HNSCC,HNSCC,2,2,1.3687745e-05,1.3132294e-05,0.9999472,1.2981145e-05,1.29945865e-05
ALL_core_cancer_type_top95,tabpfn_v3,v3,train,67,BRCA,HNSCC,0,2,0.2833419,4.7556936e-05,0.3050575,0.20473874,0.2068143
ALL_core_cancer_type_top95,tabpfn_v3,v3,train,3032,LUAD,LUAD,4,4,2.083343e-05,1.6813978e-05,1.4199373e-05,2.5050243e-05,0.99992305
ALL_core_cancer_type_top95,tabpfn_v3,v3,train,992,BRCA,BRCA,0,0,0.9999461,1.2981131e-05,1.3143128e-05,1.434419e-05,1.3368206e-05
ALL_core_cancer_type_top95,tabpfn_v3,v3,train,2305,LSCC,LSCC,3,3,1.4807502e-05,1.2981093e-05,1.3032223e-05,0.99994314,1.6063197e-05
ALL_core_cancer_type_top95,tabpfn_v3,v3,train,411,BRCA,BRCA,0,0,0.99994487,1.2981115e-05,1.3292917e-05,1.4763829e-05,1.4074963e-05
ALL_core_cancer_type_top95,tabpfn_v3,v3,train,1075,BRCA,BRCA,0,0,0.9999456,1.2981124e-05,1.3056532e-05,1.4532402e-05,1.3840229e-05
ALL_core_cancer_type_top95,tabpfn_v3,v3,train,1296,ESCA,ESCA,1,1,1.5741982e-05,0.99990857,2.023346e-05,2.2768274e-05,3.2727956e-05
ALL_core_cancer_type_top95,tabpfn_v3,v3,train,102,BRCA,HNSCC,0,2,0.2833419,4.7556936e-05,0.3050575,0.20473874,0.2068143
ALL_core_cancer_type_top95,tabpfn_v3,v3,train,2371,LSCC,LSCC,3,3,1.42687895e-05,1.29811e-05,1.3088927e-05,0.9999436,1.6052674e-05
ALL_core_cancer_type_top95,tabpfn_v3,v3,train,1717,HNSCC,HNSCC,2,2,1.3132301e-05,1.3181168e-05,0.9999477,1.2981152e-05,1.2981152e-05
ALL_core_cancer_type_top95,tabpfn_v3,v3,train,3085,LUAD,LUAD,4,4,1.6730715e-05,1.7098391e-05,1.3328281e-05,2.418261e-05,0.99992865
ALL_core_cancer_type_top95,tabpfn_v3,v3,train,936,BRCA,BRCA,0,0,0.99994576,1.2981127e-05,1.3205621e-05,1.42689405e-05,1.3744864e-05
ALL_core_cancer_type_top95,tabpfn_v3,v3,train,1521,HNSCC,HNSCC,2,2,1.3735151e-05,1.3243216e-05,0.999947,1.2981143e-05,1.2981143e-05
ALL_core_cancer_type_top95,tabpfn_v3,v3,train,1027,BRCA,BRCA,0,0,0.9999448,1.2981114e-05,1.3479737e-05,1.4851348e-05,1.3858179e-05
ALL_core_cancer_type_top95,tabpfn_v3,v3,train,1815,HNSCC,HNSCC,2,2,1.3821821e-05,1.3568002e-05,0.9999459,1.3167556e-05,1.3514454e-05
ALL_core_cancer_type_top95,tabpfn_v3,v3,train,759,BRCA,BRCA,0,0,0.99993765,1.35570535e-05,1.5264242e-05,1.6335649e-05,1.7214372e-05
ALL_core_cancer_type_top95,tabpfn_v3,v3,train,383,BRCA,BRCA,0,0,0.9999457,1.2981125e-05,1.336141e-05,1.436051e-05,1.35983755e-05
ALL_core_cancer_type_top95,tabpfn_v3,v3,train,1487,HNSCC,HNSCC,2,2,0.2833419,4.7556936e-05,0.3050575,0.20473874,0.2068143
ALL_core_cancer_type_top95,tabpfn_v3,v3,train,2511,LSCC,LSCC,3,3,1.4147992e-05,1.3221899e-05,1.3286188e-05,0.99994123,1.8114893e-05
ALL_core_cancer_type_top95,tabpfn_v3,v3,train,1600,HNSCC,HNSCC,2,2,2.9681445e-05,2.0324449e-05,0.99990577,2.4310597e-05,1.9898445e-05
ALL_core_cancer_type_top95,tabpfn_v3,v3,train,274,BRCA,BRCA,0,0,0.999945,1.2981118e-05,1.3562699e-05,1.4605536e-05,1.384078e-05
ALL_core_cancer_type_top95,tabpfn_v3,v3,train,1379,ESCA,ESCA,1,1,1.3562607e-05,0.9999274,1.54419e-05,1.771835e-05,2.587435e-05
ALL_core_cancer_type_top95,tabpfn_v3,v3,train,3060,LUAD,LUAD,4,4,2.3366438e-05,1.9428759e-05,1.5620286e-05,3.890531e-05,0.99990267
ALL_core_cancer_type_top95,tabpfn_v3,v3,train,1295,ESCA,ESCA,1,1,1.4376597e-05,0.999925,1.5150685e-05,1.7084152e-05,2.8402628e-05
ALL_core_cancer_type_top95,tabpfn_v3,v3,train,220,BRCA,BRCA,0,0,0.9999439,1.2981102e-05,1.3159383e-05,1.5293912e-05,1.4631319e-05
ALL_core_cancer_type_top95,tabpfn_v3,v3,train,881,BRCA,BRCA,0,0,0.99993956,1.2981047e-05,1.52130915e-05,1.7609784e-05,1.4651037e-05
ALL_core_cancer_type_top95,tabpfn_v3,v3,train,802,BRCA,BRCA,0,0,0.9999397,1.2981048e-05,1.47397495e-05,1.5986987e-05,1.6607946e-05
ALL_core_cancer_type_top95,tabpfn_v3,v3,train,3079,LUAD,LUAD,4,4,1.6568352e-05,1.7293796e-05,1.3667445e-05,2.2573451e-05,0.9999299
ALL_core_cancer_type_top95,tabpfn_v3,v3,train,1019,BRCA,BRCA,0,0,0.99994254,1.2981084e-05,1.541317e-05,1.4780351e-05,1.4298044e-05
ALL_core_cancer_type_top95,tabpfn_v3,v3,train,2353,LSCC,LSCC,3,3,1.5255985e-05,1.2981059e-05,1.3180378e-05,0.9999405,1.8075227e-05
ALL_core_cancer_type_top95,tabpfn_v3,v3,train,1199,BRCA,BRCA,0,0,0.99987984,1.5393282e-05,5.0812425e-05,2.441983e-05,2.9563804e-05
ALL_core_cancer_type_top95,tabpfn_v3,v3,train,1408,HNSCC,HNSCC,2,2,0.2833419,4.7556936e-05,0.3050575,0.20473874,0.2068143
ALL_core_cancer_type_top95,tabpfn_v3,v3,train,1294,ESCA,ESCA,1,1,3.1529526e-05,0.99973834,6.887751e-05,4.6995014e-05,0.000114246395
ALL_core_cancer_type_top95,tabpfn_v3,v3,train,472,BRCA,BRCA,0,0,0.99994445,1.2981109e-05,1.3183842e-05,1.4873487e-05,1.4470421e-05
ALL_core_cancer_type_top95,tabpfn_v3,v3,train,1061,BRCA,BRCA,0,0,0.9999427,1.2981087e-05,1.3646912e-05,1.5535967e-05,1.51117965e-05
ALL_core_cancer_type_top95,tabpfn_v3,v3,train,3215,LUAD,LUAD,4,4,1.6988459e-05,1.3490667e-05,1.3265472e-05,2.006743e-05,0.99993616
ALL_core_cancer_type_top95,tabpfn_v3,v3,train,935,BRCA,BRCA,0,0,0.9999433,1.2981096e-05,1.3110572e-05,1.5163523e-05,1.5432612e-05
ALL_core_cancer_type_top95,tabpfn_v3,v3,train,2480,LSCC,LSCC,3,3,1.4542908e-05,1.3564529e-05,1.460706e-05,0.999935,2.2280687e-05
ALL_core_cancer_type_top95,tabpfn_v3,v3,train,1389,HNSCC,HNSCC,2,2,0.2833419,4.7556936e-05,0.3050575,0.20473874,0.2068143
ALL_core_cancer_type_top95,tabpfn_v3,v3,train,2812,LUAD,LUAD,4,4,0.19443388,0.0006156326,0.20565969,0.24794334,0.35134745
ALL_core_cancer_type_top95,tabpfn_v3,v3,train,1579,HNSCC,HNSCC,2,2,1.317845e-05,1.30268945e-05,0.9999478,1.2981153e-05,1.2981153e-05
ALL_core_cancer_type_top95,tabpfn_v3,v3,train,538,BRCA,BRCA,0,0,0.9999451,1.2981118e-05,1.3051126e-05,1.495473e-05,1.3903913e-05
ALL_core_cancer_type_top95,tabpfn_v3,v3,train,599,BRCA,BRCA,0,0,0.99994504,1.2981118e-05,1.3148185e-05,1.4670918e-05,1.4106228e-05
ALL_core_cancer_type_top95,tabpfn_v3,v3,train,3078,LUAD,LUAD,4,4,1.5966936e-05,1.8017618e-05,1.3749703e-05,2.2389318e-05,0.9999299
ALL_core_cancer_type_top95,tabpfn_v3,v3,train,3226,LUAD,LUAD,4,4,1.5914982e-05,1.4290942e-05,1.3170166e-05,1.8667899e-05,0.99993795
ALL_core_cancer_type_top95,tabpfn_v3,v3,train,2903,LUAD,LUAD,4,4,1.7296828e-05,1.4337556e-05,1.4105272e-05,2.5999567e-05,0.99992824
ALL_core_cancer_type_top95,tabpfn_v3,v3,train,1665,HNSCC,HNSCC,2,2,1.3532274e-05,1.2989212e-05,0.9999475,1.2981149e-05,1.2981149e-05
ALL_core_cancer_type_top95,tabpfn_v3,v3,train,1179,BRCA,BRCA,0,0,0.99989736,1.9045186e-05,3.1482956e-05,2.600924e-05,2.6135474e-05
ALL_core_cancer_type_top95,tabpfn_v3,v3,train,1261,ESCA,ESCA,1,1,1.6965796e-05,0.99988395,2.4020927e-05,2.5838463e-05,4.923487e-05
ALL_core_cancer_type_top95,tabpfn_v3,v3,train,368,BRCA,BRCA,0,0,0.9999433,1.2981095e-05,1.3456764e-05,1.4168223e-05,1.6053249e-05
ALL_core_cancer_type_top95,tabpfn_v3,v3,train,165,BRCA,BRCA,0,0,0.99994457,1.29811115e-05,1.3134973e-05,1.502471e-05,1.4328688e-05
ALL_core_cancer_type_top95,tabpfn_v3,v3,train,3170,LUAD,LUAD,4,4,1.9313175e-05,1.3974276e-05,1.37882835e-05,2.472242e-05,0.99992824
ALL_core_cancer_type_top95,tabpfn_v3,v3,train,2758,LUAD,LUAD,4,4,1.7987808e-05,2.1975316e-05,1.4468081e-05,3.2379725e-05,0.9999132
ALL_core_cancer_type_top95,tabpfn_v3,v3,train,1857,HNSCC,HNSCC,2,2,1.3189316e-05,1.35461105e-05,0.99994713,1.2981144e-05,1.3107912e-05
ALL_core_cancer_type_top95,tabpfn_v3,v3,train,2109,LSCC,HNSCC,3,2,0.2833419,4.7556936e-05,0.3050575,0.20473874,0.2068143
ALL_core_cancer_type_top95,tabpfn_v3,v3,train,2671,LUAD,HNSCC,4,2,0.2833419,4.7556936e-05,0.3050575,0.20473874,0.2068143
ALL_core_cancer_type_top95,tabpfn_v3,v3,train,2171,LSCC,LSCC,3,3,1.4158751e-05,1.2981099e-05,1.3221933e-05,0.9999436,1.6024753e-05
ALL_core_cancer_type_top95,tabpfn_v3,v3,train,867,BRCA,BRCA,0,0,0.9999462,1.29811315e-05,1.3021486e-05,1.4231643e-05,1.3598509e-05
ALL_core_cancer_type_top95,tabpfn_v3,v3,train,2700,LUAD,HNSCC,4,2,0.2833419,4.7556936e-05,0.3050575,0.20473874,0.2068143
ALL_core_cancer_type_top95,tabpfn_v3,v3,train,3207,LUAD,LUAD,4,4,2.1292437e-05,1.582721e-05,1.4005732e-05,2.4463105e-05,0.9999244
ALL_core_cancer_type_top95,tabpfn_v3,v3,train,938,BRCA,BRCA,0,0,0.9904835,0.0010857905,0.0022589897,0.0022484835,0.0039231223
ALL_core_cancer_type_top95,tabpfn_v3,v3,train,3102,LUAD,LUAD,4,4,1.5286163e-05,1.3967857e-05,1.3026801e-05,1.7154352e-05,0.9999406
ALL_core_cancer_type_top95,tabpfn_v3,v3,train,789,BRCA,BRCA,0,0,0.99994,1.312949e-05,1.4614198e-05,1.6085078e-05,1.6224736e-05
ALL_core_cancer_type_top95,tabpfn_v3,v3,train,448,BRCA,BRCA,0,0,0.9999442,1.2981107e-05,1.3251933e-05,1.5086107e-05,1.448319e-05
ALL_core_cancer_type_top95,tabpfn_v3,v3,train,390,BRCA,BRCA,0,0,0.9999455,1.2981124e-05,1.3083543e-05,1.4066805e-05,1.4293519e-05
ALL_core_cancer_type_top95,tabpfn_v3,v3,train,176,BRCA,BRCA,0,0,0.99994713,1.2981143e-05,1.2981143e-05,1.352871e-05,1.3374924e-05
ALL_core_cancer_type_top95,tabpfn_v3,v3,train,630,BRCA,BRCA,0,0,0.99994534,1.2981122e-05,1.30808385e-05,1.44169235e-05,1.4156523e-05
ALL_core_cancer_type_top95,tabpfn_v3,v3,train,1682,HNSCC,HNSCC,2,2,1.3410871e-05,1.4234092e-05,0.9999461,1.3231981e-05,1.29811315e-05
ALL_core_cancer_type_top95,tabpfn_v3,v3,train,2857,LUAD,LUAD,4,4,1.5828995e-05,1.4834338e-05,1.3042928e-05,1.9307172e-05,0.999937
ALL_core_cancer_type_top95,tabpfn_v3,v3,train,657,BRCA,BRCA,0,0,0.9999443,1.2981108e-05,1.3768636e-05,1.4891579e-05,1.4018295e-05
ALL_core_cancer_type_top95,tabpfn_v3,v3,train,595,BRCA,BRCA,0,0,0.999946,1.2981129e-05,1.2981129e-05,1.4369991e-05,1.3655853e-05
ALL_core_cancer_type_top95,tabpfn_v3,v3,train,2101,LSCC,HNSCC,3,2,0.2833419,4.7556936e-05,0.3050575,0.20473874,0.2068143
ALL_core_cancer_type_top95,tabpfn_v3,v3,train,3090,LUAD,LUAD,4,4,1.7007636e-05,1.4662203e-05,1.4306689e-05,2.2984923e-05,0.99993104
ALL_core_cancer_type_top95,tabpfn_v3,v3,train,1161,BRCA,BRCA,0,0,0.99994594,1.2981129e-05,1.3037651e-05,1.4349935e-05,1.3656481e-05
ALL_core_cancer_type_top95,tabpfn_v3,v3,train,328,BRCA,BRCA,0,0,0.99994016,1.3056461e-05,1.39421745e-05,1.5441907e-05,1.7390748e-05
ALL_core_cancer_type_top95,tabpfn_v3,v3,train,2579,LSCC,LSCC,3,3,1.4183097e-05,1.2981066e-05,1.3115955e-05,0.9999411,1.8647437e-05
ALL_core_cancer_type_top95,tabpfn_v3,v3,train,2261,LSCC,LSCC,3,3,1.33806325e-05,1.2981131e-05,1.2981131e-05,0.99994606,1.4618489e-05
ALL_core_cancer_type_top95,tabpfn_v3,v3,train,521,BRCA,BRCA,0,0,0.9999434,1.2981096e-05,1.3421843e-05,1.51425575e-05,1.5097841e-05
ALL_core_cancer_type_top95,tabpfn_v3,v3,train,2340,LSCC,LSCC,3,3,1.5286934e-05,1.2981038e-05,1.3329016e-05,0.99993896,1.9457013e-05
ALL_core_cancer_type_top95,tabpfn_v3,v3,train,324,BRCA,BRCA,0,0,0.9999439,1.2981103e-05,1.3331226e-05,1.5514326e-05,1.4274036e-05
ALL_core_cancer_type_top95,tabpfn_v3,v3,train,512,BRCA,BRCA,0,0,0.9999427,1.2981088e-05,1.3482473e-05,1.550471e-05,1.530635e-05
ALL_core_cancer_type_top95,tabpfn_v3,v3,train,359,BRCA,BRCA,0,0,0.999937,1.2981013e-05,1.5807736e-05,1.4832002e-05,1.938827e-05
ALL_core_cancer_type_top95,tabpfn_v3,v3,train,2920,LUAD,LUAD,4,4,1.8972667e-05,1.406933e-05,1.3607774e-05,2.4031335e-05,0.9999293
ALL_core_cancer_type_top95,tabpfn_v3,v3,train,2230,LSCC,LSCC,3,3,1.4634659e-05,1.2981081e-05,1.2981081e-05,0.9999423,1.7084221e-05
ALL_core_cancer_type_top95,tabpfn_v3,v3,train,1643,HNSCC,HNSCC,2,2,1.5785981e-05,1.3846909e-05,0.99994224,1.425682e-05,1.3892493e-05
ALL_core_cancer_type_top95,tabpfn_v3,v3,train,1975,HNSCC,HNSCC,2,2,3.7135964e-05,2.0515101e-05,0.9998687,3.2711243e-05,4.0947572e-05
ALL_core_cancer_type_top95,tabpfn_v3,v3,train,1635,HNSCC,HNSCC,2,2,3.606156e-05,1.677356e-05,0.99990475,1.9044457e-05,2.3393692e-05
ALL_core_cancer_type_top95,tabpfn_v3,v3,train,2786,LUAD,LUAD,4,4,1.7681796e-05,1.3482355e-05,1.3596482e-05,2.1199003e-05,0.9999341
ALL_core_cancer_type_top95,tabpfn_v3,v3,train,351,BRCA,BRCA,0,0,0.9999292,1.4700241e-05,1.8876348e-05,1.8431181e-05,1.8822046e-05
ALL_core_cancer_type_top95,tabpfn_v3,v3,train,803,BRCA,BRCA,0,0,0.99994487,1.2981115e-05,1.31403995e-05,1.4884459e-05,1.4111978e-05
ALL_core_cancer_type_top95,tabpfn_v3,v3,train,430,BRCA,BRCA,0,0,0.9999427,1.2981087e-05,1.3395698e-05,1.5564347e-05,1.5307305e-05
ALL_core_cancer_type_top95,tabpfn_v3,v3,train,1961,HNSCC,HNSCC,2,2,1.4063903e-05,1.3560883e-05,0.9999463,1.2981133e-05,1.3105196e-05
ALL_core_cancer_type_top95,tabpfn_v3,v3,train,2505,LSCC,LSCC,3,3,1.5152187e-05,1.2981076e-05,1.3410512e-05,0.9999418,1.6627158e-05
ALL_core_cancer_type_top95,tabpfn_v3,v3,train,225,BRCA,BRCA,0,0,0.99994564,1.2981126e-05,1.3312078e-05,1.4470874e-05,1.3607344e-05
ALL_core_cancer_type_top95,tabpfn_v3,v3,train,1282,ESCA,ESCA,1,1,1.338866e-05,0.99993014,1.50120795e-05,1.650547e-05,2.491775e-05
ALL_core_cancer_type_top95,tabpfn_v3,v3,train,2888,LUAD,LUAD,4,4,1.8382249e-05,1.7543063e-05,1.3300896e-05,2.2798322e-05,0.999928
ALL_core_cancer_type_top95,tabpfn_v3,v3,train,1382,ESCA,ESCA,1,1,1.31183615e-05,0.9999394,1.4032793e-05,1.505628e-05,1.8426885e-05
ALL_core_cancer_type_top95,tabpfn_v3,v3,train,342,BRCA,BRCA,0,0,0.9999421,1.3240991e-05,1.3957633e-05,1.5504811e-05,1.5183094e-05
ALL_core_cancer_type_top95,tabpfn_v3,v3,train,2843,LUAD,LUAD,4,4,1.6681464e-05,1.4747527e-05,1.33420635e-05,2.0447314e-05,0.9999348
ALL_core_cancer_type_top95,tabpfn_v3,v3,train,530,BRCA,BRCA,0,0,0.999943,1.29810915e-05,1.37958505e-05,1.5970054e-05,1.4217207e-05
ALL_core_cancer_type_top95,tabpfn_v3,v3,train,456,BRCA,BRCA,0,0,0.99994344,1.2981097e-05,1.3548797e-05,1.4824644e-05,1.5185048e-05
ALL_core_cancer_type_top95,tabpfn_v3,v3,train,123,BRCA,BRCA,0,0,0.99994314,1.2981093e-05,1.3968731e-05,1.5384998e-05,1.4520413e-05
ALL_core_cancer_type_top95,tabpfn_v3,v3,train,3100,LUAD,LUAD,4,4,1.7596725e-05,1.610091e-05,1.3807718e-05,2.550118e-05,0.999927
ALL_core_cancer_type_top95,tabpfn_v3,v3,train,2252,LSCC,LSCC,3,3,1.4641952e-05,1.2981027e-05,1.3662919e-05,0.99993813,2.0596952e-05
ALL_core_cancer_type_top95,tabpfn_v3,v3,train,1728,HNSCC,HNSCC,2,2,1.3542738e-05,1.3659889e-05,0.999946,1.3234611e-05,1.35737955e-05
ALL_core_cancer_type_top95,tabpfn_v3,v3,train,1115,BRCA,BRCA,0,0,0.9999462,1.2981133e-05,1.3205628e-05,1.4006954e-05,1.36190165e-05
ALL_core_cancer_type_top95,tabpfn_v3,v3,train,1360,ESCA,ESCA,1,1,1.3580223e-05,0.9999248,1.6041771e-05,1.6139638e-05,2.9415647e-05
ALL_core_cancer_type_top95,tabpfn_v3,v3,train,2155,LSCC,LSCC,3,3,1.4237692e-05,1.2981078e-05,1.3105138e-05,0.99994206,1.7605715e-05
ALL_core_cancer_type_top95,tabpfn_v3,v3,train,727,BRCA,BRCA,0,0,0.9999447,1.2981113e-05,1.2981113e-05,1.4753921e-05,1.4520365e-05
ALL_core_cancer_type_top95,tabpfn_v3,v3,train,162,BRCA,BRCA,0,0,0.9999433,1.2981095e-05,1.3797305e-05,1.5285443e-05,1.4640083e-05
ALL_core_cancer_type_top95,tabpfn_v3,v3,train,736,BRCA,BRCA,0,0,0.99993265,1.399106e-05,1.6802467e-05,1.730254e-05,1.9244173e-05
ALL_core_cancer_type_top95,tabpfn_v3,v3,train,3235,LUAD,LUAD,4,4,1.9727679e-05,2.931847e-05,1.7530876e-05,3.6294023e-05,0.9998971
ALL_core_cancer_type_top95,tabpfn_v3,v3,train,2666,LUAD,HNSCC,4,2,0.2833419,4.7556936e-05,0.3050575,0.20473874,0.2068143
ALL_core_cancer_type_top95,tabpfn_v3,v3,train,2185,LSCC,LSCC,3,3,1.4701195e-05,1.298106e-05,1.328882e-05,0.9999405,1.8512836e-05
ALL_core_cancer_type_top95,tabpfn_v3,v3,train,2433,LSCC,LSCC,3,3,1.452169e-05,1.2981075e-05,1.3080719e-05,0.99994165,1.7767958e-05
ALL_core_cancer_type_top95,tabpfn_v3,v3,train,350,BRCA,BRCA,0,0,0.99994445,1.2981109e-05,1.3297373e-05,1.481495e-05,1.445282e-05
ALL_core_cancer_type_top95,tabpfn_v3,v3,train,717,BRCA,BRCA,0,0,0.9999454,1.29811215e-05,1.3170265e-05,1.4737186e-05,1.3691781e-05
ALL_core_cancer_type_top95,tabpfn_v3,v3,train,2492,LSCC,LSCC,3,3,1.5397794e-05,1.2981045e-05,1.3516937e-05,0.99993956,1.8565903e-05
ALL_core_cancer_type_top95,tabpfn_v3,v3,train,2247,LSCC,LSCC,3,3,1.358121e-05,1.2981126e-05,1.2981126e-05,0.99994576,1.4737808e-05
ALL_core_cancer_type_top95,tabpfn_v3,v3,train,903,BRCA,BRCA,0,0,0.999946,1.2981129e-05,1.3110605e-05,1.43551315e-05,1.3522574e-05
ALL_core_cancer_type_top95,tabpfn_v3,v3,train,942,BRCA,BRCA,0,0,0.9999437,1.29811e-05,1.3297071e-05,1.556179e-05,1.4478275e-05
ALL_core_cancer_type_top95,tabpfn_v3,v3,train,2479,LSCC,LSCC,3,3,1.398448e-05,1.2981127e-05,1.2981127e-05,0.9999458,1.4236874e-05
ALL_core_cancer_type_top95,tabpfn_v3,v3,train,741,BRCA,BRCA,0,0,0.9999041,1.946485e-05,2.9359313e-05,2.2210785e-05,2.4844463e-05
ALL_core_cancer_type_top95,tabpfn_v3,v3,train,409,BRCA,BRCA,0,0,0.99994504,1.2981117e-05,1.3371373e-05,1.4618645e-05,1.4020947e-05
ALL_core_cancer_type_top95,tabpfn_v3,v3,train,1068,BRCA,BRCA,0,0,0.99994564,1.2981126e-05,1.3230135e-05,1.4625634e-05,1.3544644e-05
ALL_core_cancer_type_top95,tabpfn_v3,v3,train,2839,LUAD,LUAD,4,4,1.598741e-05,1.9805484e-05,1.3335943e-05,2.3701637e-05,0.99992716
ALL_core_cancer_type_top95,tabpfn_v3,v3,train,1806,HNSCC,HNSCC,2,2,1.3175731e-05,1.2981153e-05,0.99994785,1.2981153e-05,1.2981153e-05
ALL_core_cancer_type_top95,tabpfn_v3,v3,train,2334,LSCC,LSCC,3,3,1.4753132e-05,1.2981065e-05,1.3200114e-05,0.99994105,1.8007348e-05
ALL_core_cancer_type_top95,tabpfn_v3,v3,train,2386,LSCC,LSCC,3,3,2.1024054e-05,2.0177842e-05,2.511637e-05,0.9998995,3.416949e-05
ALL_core_cancer_type_top95,tabpfn_v3,v3,train,2487,LSCC,LSCC,3,3,1.4894734e-05,1.30052495e-05,1.3363741e-05,0.99993974,1.9006837e-05
ALL_core_cancer_type_top95,tabpfn_v3,v3,train,633,BRCA,BRCA,0,0,0.9999429,1.298109e-05,1.355277e-05,1.578368e-05,1.4758742e-05
ALL_core_cancer_type_top95,tabpfn_v3,v3,train,1049,BRCA,BRCA,0,0,0.99994296,1.29810915e-05,1.4143698e-05,1.5746942e-05,1.41912815e-05
ALL_core_cancer_type_top95,tabpfn_v3,v3,train,1456,HNSCC,HNSCC,2,2,0.2833419,4.7556936e-05,0.3050575,0.20473874,0.2068143
ALL_core_cancer_type_top95,tabpfn_v3,v3,train,163,BRCA,BRCA,0,0,0.9999437,1.2981101e-05,1.3290168e-05,1.4833321e-05,1.5201464e-05
ALL_core_cancer_type_top95,tabpfn_v3,v3,train,310,BRCA,BRCA,0,0,0.9999449,1.2981118e-05,1.3287448e-05,1.4736859e-05,1.4069464e-05
ALL_core_cancer_type_top95,tabpfn_v3,v3,train,331,BRCA,BRCA,0,0,0.9999434,1.2981096e-05,1.3394338e-05,1.5517411e-05,1.4717049e-05
ALL_core_cancer_type_top95,tabpfn_v3,v3,train,1246,ESCA,ESCA,1,1,1.534924e-05,0.99991345,1.8014542e-05,2.0865527e-05,3.2312542e-05
ALL_core_cancer_type_top95,tabpfn_v3,v3,train,2212,LSCC,LSCC,3,3,1.501341e-05,1.2981092e-05,1.2981092e-05,0.9999431,1.5959251e-05
ALL_core_cancer_type_top95,tabpfn_v3,v3,train,1693,HNSCC,HNSCC,2,2,1.3858287e-05,1.3021499e-05,0.99994713,1.2981145e-05,1.3010729e-05
ALL_core_cancer_type_top95,tabpfn_v3,v3,train,589,BRCA,BRCA,0,0,0.9999445,1.2981111e-05,1.3493539e-05,1.5012246e-05,1.40302245e-05
ALL_core_cancer_type_top95,tabpfn_v3,v3,train,2166,LSCC,LSCC,3,3,1.5603186e-05,1.3053681e-05,1.34329875e-05,0.99993944,1.845647e-05
ALL_core_cancer_type_top95,tabpfn_v3,v3,train,2398,LSCC,LSCC,3,3,1.4896467e-05,1.2981082e-05,1.3110557e-05,0.9999423,1.6691354e-05
ALL_core_cancer_type_top95,tabpfn_v3,v3,train,2260,LSCC,LSCC,3,3,1.44449195e-05,1.2981088e-05,1.2983776e-05,0.9999427,1.6853759e-05
ALL_core_cancer_type_top95,tabpfn_v3,v3,train,2265,LSCC,LSCC,3,3,1.4074763e-05,1.29811315e-05,1.29811315e-05,0.9999461,1.3844288e-05
ALL_core_cancer_type_top95,tabpfn_v3,v3,train,1542,HNSCC,HNSCC,2,2,1.3053856e-05,1.3426781e-05,0.9999474,1.30700555e-05,1.30726385e-05
ALL_core_cancer_type_top95,tabpfn_v3,v3,train,3233,LUAD,LUAD,4,4,1.9217017e-05,1.3646531e-05,1.36391445e-05,2.2042663e-05,0.99993145
ALL_core_cancer_type_top95,tabpfn_v3,v3,train,2519,LSCC,LSCC,3,3,1.4754594e-05,1.3069995e-05,1.3078073e-05,0.9999427,1.6385186e-05
ALL_core_cancer_type_top95,tabpfn_v3,v3,train,575,BRCA,BRCA,0,0,0.99994236,1.2981083e-05,1.5167475e-05,1.4476553e-05,1.5024813e-05
ALL_core_cancer_type_top95,tabpfn_v3,v3,train,3043,LUAD,LUAD,4,4,1.9355637e-05,1.4142985e-05,1.3606108e-05,2.191429e-05,0.999931
ALL_core_cancer_type_top95,tabpfn_v3,v3,train,156,BRCA,BRCA,0,0,0.9999454,1.29811215e-05,1.3040341e-05,1.4732953e-05,1.3826484e-05
ALL_core_cancer_type_top95,tabpfn_v3,v3,train,1651,HNSCC,HNSCC,2,2,2.1096344e-05,1.6750251e-05,0.99993217,1.43805455e-05,1.56254e-05
ALL_core_cancer_type_top95,tabpfn_v3,v3,train,289,BRCA,BRCA,0,0,0.9999451,1.2981118e-05,1.3131994e-05,1.451712e-05,1.4251844e-05
ALL_core_cancer_type_top95,tabpfn_v3,v3,train,1427,HNSCC,HNSCC,2,2,0.2833419,4.7556936e-05,0.3050575,0.20473874,0.2068143
ALL_core_cancer_type_top95,tabpfn_v3,v3,train,227,BRCA,BRCA,0,0,0.9999449,1.2981116e-05,1.3134977e-05,1.5007841e-05,1.3936671e-05
ALL_core_cancer_type_top95,tabpfn_v3,v3,train,3141,LUAD,LUAD,4,4,1.9161618e-05,1.3768122e-05,1.3991549e-05,2.2497865e-05,0.99993056
ALL_core_cancer_type_top95,tabpfn_v3,v3,train,2864,LUAD,LUAD,4,4,1.6287297e-05,1.492149e-05,1.3238167e-05,2.0833892e-05,0.99993473
ALL_core_cancer_type_top95,tabpfn_v3,v3,train,2655,LUAD,HNSCC,4,2,0.2833419,4.7556936e-05,0.3050575,0.20473874,0.2068143
ALL_core_cancer_type_top95,tabpfn_v3,v3,train,1192,BRCA,BRCA,0,0,0.9999458,1.2981128e-05,1.3021482e-05,1.449793e-05,1.37303e-05
ALL_core_cancer_type_top95,tabpfn_v3,v3,train,1101,BRCA,BRCA,0,0,0.9999436,1.2981098e-05,1.3522894e-05,1.529239e-05,1.4546524e-05
ALL_core_cancer_type_top95,tabpfn_v3,v3,train,1371,ESCA,ESCA,1,1,1.37994675e-05,0.9999278,1.4968766e-05,1.534928e-05,2.804654e-05
ALL_core_cancer_type_top95,tabpfn_v3,v3,train,714,BRCA,BRCA,0,0,0.9999414,1.3271006e-05,1.4013967e-05,1.5388292e-05,1.5916066e-05
ALL_core_cancer_type_top95,tabpfn_v3,v3,train,535,BRCA,BRCA,0,0,0.99994546,1.2981123e-05,1.2981123e-05,1.47262845e-05,1.38466385e-05
ALL_core_cancer_type_top95,tabpfn_v3,v3,train,42,BRCA,HNSCC,0,2,0.2833419,4.7556936e-05,0.3050575,0.20473874,0.2068143
ALL_core_cancer_type_top95,tabpfn_v3,v3,train,3006,LUAD,LUAD,4,4,1.6587024e-05,1.3421745e-05,1.3320158e-05,2.0797585e-05,0.99993587
ALL_core_cancer_type_top95,tabpfn_v3,v3,train,1907,HNSCC,HNSCC,2,2,1.4114859e-05,1.308356e-05,0.99994683,1.2981141e-05,1.3002651e-05
ALL_core_cancer_type_top95,tabpfn_v3,v3,train,2552,LSCC,LSCC,3,3,1.3397868e-05,1.2981139e-05,1.2981139e-05,0.9999467,1.3953057e-05
ALL_core_cancer_type_top95,tabpfn_v3,v3,train,39,BRCA,HNSCC,0,2,0.2833419,4.7556936e-05,0.3050575,0.20473874,0.2068143
ALL_core_cancer_type_top95,tabpfn_v3,v3,train,1098,BRCA,BRCA,0,0,0.9999397,1.2981047e-05,1.39903395e-05,1.633482e-05,1.6963228e-05
ALL_core_cancer_type_top95,tabpfn_v3,v3,train,2462,LSCC,LSCC,3,3,1.7383605e-05,1.4354202e-05,1.9332829e-05,0.99991953,2.9355453e-05
ALL_core_cancer_type_top95,tabpfn_v3,v3,train,152,BRCA,BRCA,0,0,0.9999448,1.2981115e-05,1.338062e-05,1.5148947e-05,1.3725918e-05
ALL_core_cancer_type_top95,tabpfn_v3,v3,train,428,BRCA,BRCA,0,0,0.9999448,1.2981115e-05,1.3342148e-05,1.4791412e-05,1.4082455e-05
ALL_core_cancer_type_top95,tabpfn_v3,v3,train,626,BRCA,BRCA,0,0,0.99994487,1.2981114e-05,1.3116005e-05,1.5004639e-05,1.4031992e-05
ALL_core_cancer_type_top95,tabpfn_v3,v3,train,1332,ESCA,ESCA,1,1,1.6196725e-05,0.9998987,1.9201869e-05,2.7200693e-05,3.8727736e-05
ALL_core_cancer_type_top95,tabpfn_v3,v3,train,375,BRCA,BRCA,0,0,0.9999449,1.2981116e-05,1.3565466e-05,1.4466654e-05,1.40179045e-05
ALL_core_cancer_type_top95,tabpfn_v3,v3,train,2536,LSCC,LSCC,3,3,1.5572272e-05,1.2981028e-05,1.3728534e-05,0.99993813,1.9603447e-05
ALL_core_cancer_type_top95,tabpfn_v3,v3,train,2713,LUAD,HNSCC,4,2,0.2833419,4.7556936e-05,0.3050575,0.20473874,0.2068143
ALL_core_cancer_type_top95,tabpfn_v3,v3,train,833,BRCA,BRCA,0,0,0.9999419,1.2981077e-05,1.3558829e-05,1.6340231e-05,1.5247754e-05
ALL_core_cancer_type_top95,tabpfn_v3,v3,train,404,BRCA,BRCA,0,0,0.9999443,1.2981109e-05,1.3372373e-05,1.5325137e-05,1.4027446e-05
ALL_core_cancer_type_top95,tabpfn_v3,v3,train,2502,LSCC,LSCC,3,3,1.5914235e-05,1.4631616e-05,1.3815375e-05,0.9999343,2.1356536e-05
ALL_core_cancer_type_top95,tabpfn_v3,v3,train,1467,HNSCC,HNSCC,2,2,0.2833419,4.7556936e-05,0.3050575,0.20473874,0.2068143
ALL_core_cancer_type_top95,tabpfn_v3,v3,train,2749,LUAD,LUAD,4,4,3.0280102e-05,3.7151345e-05,2.7024385e-05,7.019956e-05,0.9998354
ALL_core_cancer_type_top95,tabpfn_v3,v3,train,1745,HNSCC,HNSCC,2,2,0.00013130893,7.117663e-05,0.99951434,0.00018199654,0.000101213736
ALL_core_cancer_type_top95,tabpfn_v3,v3,train,2931,LUAD,LUAD,4,4,1.6461789e-05,1.704176e-05,1.3687455e-05,2.6988557e-05,0.9999258
ALL_core_cancer_type_top95,tabpfn_v3,v3,train,3137,LUAD,LUAD,4,4,1.690917e-05,1.6567448e-05,1.3339268e-05,2.2525384e-05,0.9999307
ALL_core_cancer_type_top95,tabpfn_v3,v3,train,108,BRCA,HNSCC,0,2,0.2833419,4.7556936e-05,0.3050575,0.20473874,0.2068143
ALL_core_cancer_type_top95,tabpfn_v3,v3,train,2405,LSCC,LSCC,3,3,1.38106125e-05,1.2981123e-05,1.2981123e-05,0.9999455,1.4737823e-05
ALL_core_cancer_type_top95,tabpfn_v3,v3,train,2781,LUAD,LUAD,4,4,1.6712618e-05,1.4075027e-05,1.3443788e-05,2.3468994e-05,0.9999323
ALL_core_cancer_type_top95,tabpfn_v3,v3,train,218,BRCA,BRCA,0,0,0.9999406,1.298106e-05,1.4916302e-05,1.600507e-05,1.5491478e-05
ALL_core_cancer_type_top95,tabpfn_v3,v3,train,701,BRCA,BRCA,0,0,0.999945,1.2981117e-05,1.3088943e-05,1.4677844e-05,1.4228959e-05
ALL_core_cancer_type_top95,tabpfn_v3,v3,train,2935,LUAD,LUAD,4,4,2.1247643e-05,1.7749348e-05,1.5648178e-05,2.8944685e-05,0.99991643
ALL_core_cancer_type_top95,tabpfn_v3,v3,train,2906,LUAD,LUAD,4,4,1.5054419e-05,1.524119e-05,1.350399e-05,1.8334551e-05,0.9999379
ALL_core_cancer_type_top95,tabpfn_v3,v3,train,923,BRCA,BRCA,0,0,0.9999449,1.2981116e-05,1.3262861e-05,1.46552e-05,1.410722e-05
ALL_core_cancer_type_top95,tabpfn_v3,v3,train,1396,HNSCC,HNSCC,2,2,0.2833419,4.7556936e-05,0.3050575,0.20473874,0.2068143
ALL_core_cancer_type_top95,tabpfn_v3,v3,train,2393,LSCC,LSCC,3,3,1.482538e-05,1.3175633e-05,1.34139555e-05,0.99994034,1.8243127e-05
ALL_core_cancer_type_top95,tabpfn_v3,v3,train,1954,HNSCC,HNSCC,2,2,1.3132303e-05,1.3013429e-05,0.99994785,1.2981153e-05,1.2981153e-05
ALL_core_cancer_type_top95,tabpfn_v3,v3,train,1404,HNSCC,HNSCC,2,2,0.2833419,4.7556936e-05,0.3050575,0.20473874,0.2068143
ALL_core_cancer_type_top95,tabpfn_v3,v3,train,1753,HNSCC,HNSCC,2,2,1.3477012e-05,1.3099797e-05,0.9999474,1.2981148e-05,1.2981148e-05
ALL_core_cancer_type_top95,tabpfn_v3,v3,train,1551,HNSCC,HNSCC,2,2,1.3391642e-05,1.3129587e-05,0.9999474,1.2981148e-05,1.3045761e-05
ALL_core_cancer_type_top95,tabpfn_v3,v3,train,2228,LSCC,LSCC,3,3,1.4393073e-05,1.2981106e-05,1.2981106e-05,0.99994415,1.5519878e-05
ALL_core_cancer_type_top95,tabpfn_v3,v3,train,770,BRCA,BRCA,0,0,0.9999463,1.2981133e-05,1.3410874e-05,1.3257254e-05,1.4044061e-05
ALL_core_cancer_type_top95,tabpfn_v3,v3,train,2188,LSCC,LSCC,3,3,1.4558264e-05,1.2989153e-05,1.3064594e-05,0.99994284,1.6545206e-05
ALL_core_cancer_type_top95,tabpfn_v3,v3,train,2441,LSCC,LSCC,3,3,1.4964278e-05,1.3375469e-05,1.7611359e-05,0.9999248,2.9277027e-05
ALL_core_cancer_type_top95,tabpfn_v3,v3,train,707,BRCA,BRCA,0,0,0.9999448,1.2981114e-05,1.3405353e-05,1.4943793e-05,1.3880486e-05
ALL_core_cancer_type_top95,tabpfn_v3,v3,train,1113,BRCA,BRCA,0,0,0.9999447,1.2981113e-05,1.32355735e-05,1.4490118e-05,1.4578646e-05
ALL_core_cancer_type_top95,tabpfn_v3,v3,train,650,BRCA,BRCA,0,0,0.99993885,1.3802113e-05,1.5661528e-05,1.5949028e-05,1.5712563e-05
ALL_core_cancer_type_top95,tabpfn_v3,v3,train,905,BRCA,BRCA,0,0,0.9999453,1.29811215e-05,1.3126851e-05,1.4901143e-05,1.3728228e-05
ALL_core_cancer_type_top95,tabpfn_v3,v3,train,675,BRCA,BRCA,0,0,0.9999447,1.2981112e-05,1.3151248e-05,1.483535e-05,1.4331556e-05
ALL_core_cancer_type_top95,tabpfn_v3,v3,train,267,BRCA,BRCA,0,0,0.99994415,1.2981105e-05,1.3183839e-05,1.5122658e-05,1.4529445e-05
ALL_core_cancer_type_top95,tabpfn_v3,v3,train,522,BRCA,BRCA,0,0,0.9997616,3.8157512e-05,7.967223e-05,5.357448e-05,6.704003e-05
ALL_core_cancer_type_top95,tabpfn_v3,v3,train,3048,LUAD,LUAD,4,4,1.8588484e-05,1.3687562e-05,1.3446287e-05,2.0749485e-05,0.99993354
ALL_core_cancer_type_top95,tabpfn_v3,v3,train,1840,HNSCC,HNSCC,2,2,1.3345934e-05,1.4013048e-05,0.99994606,1.3242854e-05,1.3321852e-05
ALL_core_cancer_type_top95,tabpfn_v3,v3,train,2945,LUAD,LUAD,4,4,3.3156986e-05,6.0972532e-05,3.606937e-05,8.4950705e-05,0.9997848
ALL_core_cancer_type_top95,tabpfn_v3,v3,train,677,BRCA,BRCA,0,0,0.99994373,1.2981101e-05,1.3701348e-05,1.5138703e-05,1.44338555e-05
ALL_core_cancer_type_top95,tabpfn_v3,v3,train,245,BRCA,BRCA,0,0,0.99994415,1.2981106e-05,1.3211045e-05,1.4986812e-05,1.4692342e-05
ALL_core_cancer_type_top95,tabpfn_v3,v3,train,1110,BRCA,BRCA,0,0,0.99994594,1.2981129e-05,1.3921052e-05,1.3295665e-05,1.3799892e-05
ALL_core_cancer_type_top95,tabpfn_v3,v3,train,735,BRCA,BRCA,0,0,0.9999244,1.3142834e-05,2.4228035e-05,1.751324e-05,2.0742173e-05
ALL_core_cancer_type_top95,tabpfn_v3,v3,train,251,BRCA,BRCA,0,0,0.9999443,1.2981109e-05,1.3208129e-05,1.4821266e-05,1.4601503e-05
ALL_core_cancer_type_top95,tabpfn_v3,v3,train,1432,HNSCC,HNSCC,2,2,0.2833419,4.7556936e-05,0.3050575,0.20473874,0.2068143
ALL_core_cancer_type_top95,tabpfn_v3,v3,train,172,BRCA,BRCA,0,0,0.9999446,1.2981112e-05,1.3276513e-05,1.5086588e-05,1.4028612e-05
ALL_core_cancer_type_top95,tabpfn_v3,v3,train,1522,HNSCC,HNSCC,2,2,1.5726257e-05,1.3514608e-05,0.9999433,1.3123861e-05,1.4277547e-05
ALL_core_cancer_type_top95,tabpfn_v3,v3,train,3066,LUAD,LUAD,4,4,2.031339e-05,1.4365154e-05,1.50003925e-05,2.473769e-05,0.99992555
ALL_core_cancer_type_top95,tabpfn_v3,v3,train,1525,HNSCC,LUAD,2,4,0.13773827,0.0128402645,0.14455767,0.33302435,0.3718395
ALL_core_cancer_type_top95,tabpfn_v3,v3,train,243,BRCA,BRCA,0,0,0.99994266,1.2981087e-05,1.3702632e-05,1.617266e-05,1.448623e-05
ALL_core_cancer_type_top95,tabpfn_v3,v3,train,483,BRCA,BRCA,0,0,0.99994534,1.29811215e-05,1.29811215e-05,1.4484248e-05,1.4197548e-05
ALL_core_cancer_type_top95,tabpfn_v3,v3,train,806,BRCA,BRCA,0,0,0.99994195,1.2981078e-05,1.376697e-05,1.5555337e-05,1.5734837e-05
ALL_core_cancer_type_top95,tabpfn_v3,v3,train,3059,LUAD,LUAD,4,4,2.0422336e-05,1.4880655e-05,1.45593085e-05,2.3920022e-05,0.9999262
ALL_core_cancer_type_top95,tabpfn_v3,v3,train,1930,HNSCC,HNSCC,2,2,1.3582126e-05,1.3331266e-05,0.9999471,1.2981144e-05,1.2981144e-05
ALL_core_cancer_type_top95,tabpfn_v3,v3,train,2586,LSCC,LSCC,3,3,1.4080087e-05,1.4502575e-05,1.4030145e-05,0.99993527,2.209718e-05
ALL_core_cancer_type_top95,tabpfn_v3,v3,train,2802,LUAD,LUAD,4,4,2.3371917e-05,1.7457367e-05,2.0226003e-05,4.137905e-05,0.99989754
ALL_core_cancer_type_top95,tabpfn_v3,v3,train,1959,HNSCC,HNSCC,2,2,1.3375161e-05,1.29811515e-05,0.99994767,1.29811515e-05,1.29811515e-05
ALL_core_cancer_type_top95,tabpfn_v3,v3,train,2058,LSCC,HNSCC,3,2,0.2833419,4.7556936e-05,0.3050575,0.20473874,0.2068143
ALL_core_cancer_type_top95,tabpfn_v3,v3,train,222,BRCA,BRCA,0,0,0.99994385,1.29811015e-05,1.4303494e-05,1.4680605e-05,1.4193119e-05
ALL_core_cancer_type_top95,tabpfn_v3,v3,train,3034,LUAD,LUAD,4,4,2.3998427e-05,1.49138195e-05,1.4593977e-05,2.392258e-05,0.9999226
ALL_core_cancer_type_top95,tabpfn_v3,v3,train,1569,HNSCC,HNSCC,2,2,1.3070063e-05,1.2981156e-05,0.99994797,1.2981156e-05,1.2981156e-05
ALL_core_cancer_type_top95,tabpfn_v3,v3,train,3214,LUAD,LUAD,4,4,1.9205405e-05,1.6949174e-05,1.3815944e-05,2.3263216e-05,0.99992675
ALL_core_cancer_type_top95,tabpfn_v3,v3,train,2326,LSCC,LSCC,3,3,1.3805913e-05,1.2981115e-05,1.302955e-05,0.99994487,1.53125e-05
ALL_core_cancer_type_top95,tabpfn_v3,v3,train,77,BRCA,HNSCC,0,2,0.2833419,4.7556936e-05,0.3050575,0.20473874,0.2068143
ALL_core_cancer_type_top95,tabpfn_v3,v3,train,56,BRCA,HNSCC,0,2,0.2833419,4.7556936e-05,0.3050575,0.20473874,0.2068143
ALL_core_cancer_type_top95,tabpfn_v3,v3,train,3095,LUAD,LUAD,4,4,1.6474978e-05,1.4440828e-05,1.3224533e-05,2.151533e-05,0.9999343
ALL_core_cancer_type_top95,tabpfn_v3,v3,train,278,BRCA,BRCA,0,0,0.9999433,1.2981095e-05,1.3586589e-05,1.4904112e-05,1.5188729e-05
ALL_core_cancer_type_top95,tabpfn_v3,v3,train,1185,BRCA,BRCA,0,0,0.9999422,1.298108e-05,1.3553757e-05,1.6092532e-05,1.52127695e-05
ALL_core_cancer_type_top95,tabpfn_v3,v3,train,1235,ESCA,ESCA,1,1,1.3262714e-05,0.9999341,1.4497558e-05,1.5078665e-05,2.306931e-05
ALL_core_cancer_type_top95,tabpfn_v3,v3,train,217,BRCA,BRCA,0,0,0.999899,1.3238697e-05,3.4159933e-05,2.3800982e-05,2.9820749e-05
ALL_core_cancer_type_top95,tabpfn_v3,v3,train,374,BRCA,BRCA,0,0,0.9999402,1.2981054e-05,1.7139384e-05,1.4952171e-05,1.4687357e-05
ALL_core_cancer_type_top95,tabpfn_v3,v3,train,3161,LUAD,LUAD,4,4,1.7508339e-05,1.5087734e-05,1.4210081e-05,2.7301821e-05,0.9999259
ALL_core_cancer_type_top95,tabpfn_v3,v3,train,1248,ESCA,ESCA,1,1,1.4191446e-05,0.9999265,1.7699287e-05,1.7352239e-05,2.4248699e-05
ALL_core_cancer_type_top95,tabpfn_v3,v3,train,173,BRCA,BRCA,0,0,0.9999459,1.2981129e-05,1.3016097e-05,1.44207925e-05,1.3713113e-05
ALL_core_cancer_type_top95,tabpfn_v3,v3,train,1392,HNSCC,HNSCC,2,2,0.2833419,4.7556936e-05,0.3050575,0.20473874,0.2068143
ALL_core_cancer_type_top95,tabpfn_v3,v3,train,2582,LSCC,LSCC,3,3,1.4247734e-05,1.2981111e-05,1.2981111e-05,0.99994445,1.5322361e-05
ALL_core_cancer_type_top95,tabpfn_v3,v3,train,1972,HNSCC,HNSCC,2,2,1.3799441e-05,1.2981147e-05,0.99994725,1.2981147e-05,1.2981147e-05
ALL_core_cancer_type_top95,tabpfn_v3,v3,train,1762,HNSCC,HNSCC,2,2,1.42920235e-05,1.3702239e-05,0.9999441,1.2981105e-05,1.49111565e-05
ALL_core_cancer_type_top95,tabpfn_v3,v3,train,451,BRCA,BRCA,0,0,0.9999438,1.2981101e-05,1.3260117e-05,1.4978196e-05,1.50186015e-05
ALL_core_cancer_type_top95,tabpfn_v3,v3,train,2384,LSCC,LSCC,3,3,1.4016568e-05,1.2981126e-05,1.2981126e-05,0.9999456,1.4433724e-05
ALL_core_cancer_type_top95,tabpfn_v3,v3,train,568,BRCA,BRCA,0,0,0.99994457,1.29811115e-05,1.33504245e-05,1.4917487e-05,1.4172282e-05
ALL_core_cancer_type_top95,tabpfn_v3,v3,train,118,BRCA,HNSCC,0,2,0.2833419,4.7556936e-05,0.3050575,0.20473874,0.2068143
ALL_core_cancer_type_top95,tabpfn_v3,v3,train,1783,HNSCC,HNSCC,2,2,1.2981156e-05,1.2981156e-05,0.999948,1.2981156e-05,1.2981156e-05
ALL_core_cancer_type_top95,tabpfn_v3,v3,train,1258,ESCA,ESCA,1,1,2.0587731e-05,0.9998763,3.0531202e-05,2.926975e-05,4.3306805e-05
ALL_core_cancer_type_top95,tabpfn_v3,v3,train,1247,ESCA,ESCA,1,1,1.3218542e-05,0.9999318,1.45222175e-05,1.4696391e-05,2.5641562e-05
ALL_core_cancer_type_top95,tabpfn_v3,v3,train,1566,HNSCC,HNSCC,2,2,1.6833315e-05,1.3617256e-05,0.9999415,1.4060508e-05,1.3949597e-05
ALL_core_cancer_type_top95,tabpfn_v3,v3,train,1554,HNSCC,HNSCC,2,2,1.7005887e-05,1.5130622e-05,0.999941,1.33827525e-05,1.3493331e-05
ALL_core_cancer_type_top95,tabpfn_v3,v3,train,2296,LSCC,LSCC,3,3,1.4096748e-05,1.2981088e-05,1.2981088e-05,0.99994284,1.7098153e-05
ALL_core_cancer_type_top95,tabpfn_v3,v3,train,449,BRCA,BRCA,0,0,0.9999432,1.2981092e-05,1.3172954e-05,1.5562608e-05,1.5060311e-05
ALL_core_cancer_type_top95,tabpfn_v3,v3,train,1799,HNSCC,HNSCC,2,2,1.3230163e-05,1.2981153e-05,0.9999478,1.2981153e-05,1.2981153e-05
ALL_core_cancer_type_top95,tabpfn_v3,v3,train,1774,HNSCC,HNSCC,2,2,1.347425e-05,1.3265621e-05,0.99994725,1.2981146e-05,1.2981146e-05
ALL_core_cancer_type_top95,tabpfn_v3,v3,train,1825,HNSCC,HNSCC,2,2,1.3083574e-05,1.2981156e-05,0.99994797,1.2981156e-05,1.2981156e-05
ALL_core_cancer_type_top95,tabpfn_v3,v3,train,301,BRCA,BRCA,0,0,0.9999446,1.2981111e-05,1.3663241e-05,1.4527049e-05,1.4204718e-05
ALL_core_cancer_type_top95,tabpfn_v3,v3,train,827,BRCA,BRCA,0,0,0.9999449,1.2981116e-05,1.3032248e-05,1.4616373e-05,1.4416287e-05
ALL_core_cancer_type_top95,tabpfn_v3,v3,train,2897,LUAD,LUAD,4,4,2.0764332e-05,1.653428e-05,1.5313275e-05,2.5190986e-05,0.9999222
ALL_core_cancer_type_top95,tabpfn_v3,v3,train,338,BRCA,BRCA,0,0,0.999945,1.2981118e-05,1.3388864e-05,1.4506486e-05,1.4137073e-05
ALL_core_cancer_type_top95,tabpfn_v3,v3,train,2016,HNSCC,HNSCC,2,2,0.00017326415,0.0009785491,0.998322,0.0002957608,0.00023044691
ALL_core_cancer_type_top95,tabpfn_v3,v3,train,1926,HNSCC,HNSCC,2,2,1.3782646e-05,1.3251964e-05,0.9999467,1.2981139e-05,1.3211077e-05
ALL_core_cancer_type_top95,tabpfn_v3,v3,train,3093,LUAD,LUAD,4,4,3.47144e-05,2.2503635e-05,2.9227363e-05,7.3995514e-05,0.99983954
ALL_core_cancer_type_top95,tabpfn_v3,v3,train,1236,ESCA,ESCA,1,1,1.4262167e-05,0.9999175,1.5064437e-05,2.3227109e-05,2.9920619e-05
ALL_core_cancer_type_top95,tabpfn_v3,v3,train,1591,HNSCC,HNSCC,2,2,1.3821832e-05,1.3342223e-05,0.9999466,1.2981137e-05,1.3238323e-05
ALL_core_cancer_type_top95,tabpfn_v3,v3,train,1856,HNSCC,HNSCC,2,2,4.2957206e-05,2.9345958e-05,0.99985486,4.016641e-05,3.2641252e-05
ALL_core_cancer_type_top95,tabpfn_v3,v3,train,875,BRCA,BRCA,0,0,0.99994624,1.2981134e-05,1.3102488e-05,1.4321533e-05,1.3334678e-05
ALL_core_cancer_type_top95,tabpfn_v3,v3,train,2829,LUAD,LUAD,4,4,1.8629527e-05,1.698337e-05,1.4702115e-05,2.9453302e-05,0.99992025
ALL_core_cancer_type_top95,tabpfn_v3,v3,train,2000,HNSCC,HNSCC,2,2,0.0007812097,0.001403336,0.9962045,0.0008488189,0.0007621239
ALL_core_cancer_type_top95,tabpfn_v3,v3,train,155,BRCA,BRCA,0,0,0.99994147,1.29810705e-05,1.3516552e-05,1.6123064e-05,1.589506e-05
ALL_core_cancer_type_top95,tabpfn_v3,v3,train,147,BRCA,BRCA,0,0,0.9999457,1.2981127e-05,1.3153978e-05,1.4076592e-05,1.405897e-05
ALL_core_cancer_type_top95,tabpfn_v3,v3,train,837,BRCA,BRCA,0,0,0.99993974,1.3029485e-05,1.3794849e-05,1.716639e-05,1.6257536e-05
ALL_core_cancer_type_top95,tabpfn_v3,v3,train,3174,LUAD,LUAD,4,4,1.7847427e-05,1.5533873e-05,1.3574582e-05,2.32193e-05,0.99992985
ALL_core_cancer_type_top95,tabpfn_v3,v3,train,31,BRCA,HNSCC,0,2,0.2833419,4.7556936e-05,0.3050575,0.20473874,0.2068143
ALL_core_cancer_type_top95,tabpfn_v3,v3,train,1481,HNSCC,HNSCC,2,2,0.2833419,4.7556936e-05,0.3050575,0.20473874,0.2068143
ALL_core_cancer_type_top95,tabpfn_v3,v3,train,2884,LUAD,LUAD,4,4,2.179072e-05,1.6428665e-05,1.3728628e-05,2.3280103e-05,0.9999248
ALL_core_cancer_type_top95,tabpfn_v3,v3,train,3105,LUAD,LUAD,4,4,1.5476568e-05,1.6528236e-05,1.3331077e-05,2.192443e-05,0.99993277
ALL_core_cancer_type_top95,tabpfn_v3,v3,train,127,BRCA,BRCA,0,0,0.9999397,1.2981047e-05,1.4483758e-05,1.7997649e-05,1.4875118e-05
ALL_core_cancer_type_top95,tabpfn_v3,v3,train,1136,BRCA,BRCA,0,0,0.9999457,1.2981126e-05,1.3056533e-05,1.4408541e-05,1.381259e-05
ALL_core_cancer_type_top95,tabpfn_v3,v3,train,150,BRCA,BRCA,0,0,0.9999437,1.29811e-05,1.33465455e-05,1.5288062e-05,1.4696756e-05
ALL_core_cancer_type_top95,tabpfn_v3,v3,train,83,BRCA,HNSCC,0,2,0.2833419,4.7556936e-05,0.3050575,0.20473874,0.2068143
ALL_core_cancer_type_top95,tabpfn_v3,v3,train,2045,LSCC,HNSCC,3,2,0.2833419,4.7556936e-05,0.3050575,0.20473874,0.2068143
ALL_core_cancer_type_top95,tabpfn_v3,v3,train,1399,HNSCC,HNSCC,2,2,0.2833419,4.7556936e-05,0.3050575,0.20473874,0.2068143
ALL_core_cancer_type_top95,tabpfn_v3,v3,train,262,BRCA,BRCA,0,0,0.9999426,1.2981086e-05,1.4287268e-05,1.5324336e-05,1.4800799e-05
ALL_core_cancer_type_top95,tabpfn_v3,v3,train,2778,LUAD,LUAD,4,4,1.7231452e-05,1.4038325e-05,1.3134855e-05,1.9850417e-05,0.99993575
ALL_core_cancer_type_top95,tabpfn_v3,v3,train,1831,HNSCC,HNSCC,2,2,1.329022e-05,1.29811515e-05,0.9999477,1.29811515e-05,1.29811515e-05
ALL_core_cancer_type_top95,tabpfn_v3,v3,train,1162,BRCA,BRCA,0,0,0.99993753,1.298102e-05,1.4300997e-05,1.7094077e-05,1.8063869e-05
ALL_core_cancer_type_top95,tabpfn_v3,v3,train,1994,HNSCC,HNSCC,2,2,1.3903198e-05,1.3607082e-05,0.99994594,1.3231961e-05,1.3309343e-05
ALL_core_cancer_type_top95,tabpfn_v3,v3,train,2993,LUAD,LUAD,4,4,1.7250568e-05,1.7580958e-05,1.3898284e-05,2.804807e-05,0.9999232
ALL_core_cancer_type_top95,tabpfn_v3,v3,train,2530,LSCC,LSCC,3,3,1.5367124e-05,1.4219742e-05,1.833298e-05,0.9999205,3.163619e-05
ALL_core_cancer_type_top95,tabpfn_v3,v3,train,2116,LSCC,HNSCC,3,2,0.2833419,4.7556936e-05,0.3050575,0.20473874,0.2068143
ALL_core_cancer_type_top95,tabpfn_v3,v3,train,2610,LSCC,LSCC,3,3,1.4175675e-05,1.298108e-05,1.3229261e-05,0.99994206,1.750031e-05
ALL_core_cancer_type_top95,tabpfn_v3,v3,train,762,BRCA,BRCA,0,0,0.99993986,1.3051057e-05,1.5967978e-05,1.5385935e-05,1.5737349e-05
ALL_core_cancer_type_top95,tabpfn_v3,v3,train,3184,LUAD,LUAD,4,4,1.6203052e-05,1.3891814e-05,1.3161981e-05,2.1721578e-05,0.99993503
ALL_core_cancer_type_top95,tabpfn_v3,v3,train,2952,LUAD,LUAD,4,4,1.749593e-05,1.3897469e-05,1.3202792e-05,1.7610473e-05,0.9999378
ALL_core_cancer_type_top95,tabpfn_v3,v3,train,3056,LUAD,LUAD,4,4,1.6417947e-05,1.31865045e-05,1.3137624e-05,1.7188828e-05,0.9999401
ALL_core_cancer_type_top95,tabpfn_v3,v3,train,2489,LSCC,LSCC,3,3,1.3478328e-05,1.2981117e-05,1.318385e-05,0.99994504,1.5299738e-05
ALL_core_cancer_type_top95,tabpfn_v3,v3,train,115,BRCA,HNSCC,0,2,0.2833419,4.7556936e-05,0.3050575,0.20473874,0.2068143
ALL_core_cancer_type_top95,tabpfn_v3,v3,train,1359,ESCA,ESCA,1,1,1.9467278e-05,0.99987125,3.128556e-05,3.1446627e-05,4.650466e-05
ALL_core_cancer_type_top95,tabpfn_v3,v3,train,2288,LSCC,LSCC,3,3,1.4199586e-05,1.3051089e-05,1.3175656e-05,0.9999421,1.745063e-05
ALL_core_cancer_type_top95,tabpfn_v3,v3,train,487,BRCA,BRCA,0,0,0.99994284,1.2981088e-05,1.3429354e-05,1.5839574e-05,1.4882113e-05
ALL_core_cancer_type_top95,tabpfn_v3,v3,train,1839,HNSCC,HNSCC,2,2,1.3238334e-05,1.3309363e-05,0.9999473,1.3005347e-05,1.3145856e-05
ALL_core_cancer_type_top95,tabpfn_v3,v3,train,2887,LUAD,LUAD,4,4,1.8232962e-05,1.817475e-05,1.3719523e-05,2.50621e-05,0.99992484
ALL_core_cancer_type_top95,tabpfn_v3,v3,train,1163,BRCA,BRCA,0,0,0.999945,1.2981117e-05,1.3331239e-05,1.4662912e-05,1.3978795e-05
ALL_core_cancer_type_top95,tabpfn_v3,v3,train,0,BRCA,HNSCC,0,2,0.2833419,4.7556936e-05,0.3050575,0.20473874,0.2068143
ALL_core_cancer_type_top95,tabpfn_v3,v3,train,1918,HNSCC,HNSCC,2,2,1.3410892e-05,1.3008044e-05,0.9999476,1.2981151e-05,1.2981151e-05
ALL_core_cancer_type_top95,tabpfn_v3,v3,train,777,BRCA,BRCA,0,0,0.99985373,1.35848295e-05,4.6680412e-05,3.7296297e-05,4.8667785e-05
ALL_core_cancer_type_top95,tabpfn_v3,v3,train,2954,LUAD,LUAD,4,4,1.863307e-05,1.6135715e-05,1.387089e-05,2.529e-05,0.9999261
ALL_core_cancer_type_top95,tabpfn_v3,v3,train,734,BRCA,BRCA,0,0,0.9999411,1.2981067e-05,1.40947195e-05,1.5453315e-05,1.636589e-05
ALL_core_cancer_type_top95,tabpfn_v3,v3,train,3203,LUAD,LUAD,4,4,1.6206028e-05,1.5006002e-05,1.3580229e-05,2.2662636e-05,0.9999325
ALL_core_cancer_type_top95,tabpfn_v3,v3,train,551,BRCA,BRCA,0,0,0.9999453,1.2981121e-05,1.317298e-05,1.4575098e-05,1.3963552e-05
ALL_core_cancer_type_top95,tabpfn_v3,v3,train,388,BRCA,BRCA,0,0,0.99994665,1.2981139e-05,1.3056546e-05,1.3990294e-05,1.3272877e-05
ALL_core_cancer_type_top95,tabpfn_v3,v3,train,61,BRCA,HNSCC,0,2,0.2833419,4.7556936e-05,0.3050575,0.20473874,0.2068143
ALL_core_cancer_type_top95,tabpfn_v3,v3,train,1758,HNSCC,HNSCC,2,2,1.3369661e-05,1.3192033e-05,0.99994695,1.3008035e-05,1.3469695e-05
ALL_core_cancer_type_top95,tabpfn_v3,v3,train,1219,ESCA,ESCA,1,1,1.4465633e-05,0.99992263,1.585504e-05,1.8223494e-05,2.884401e-05
ALL_core_cancer_type_top95,tabpfn_v3,v3,train,1833,HNSCC,HNSCC,2,2,1.3852632e-05,1.6286762e-05,0.99994373,1.3091541e-05,1.3037623e-05
ALL_core_cancer_type_top95,tabpfn_v3,v3,train,582,BRCA,BRCA,0,0,0.99994534,1.29811215e-05,1.2991872e-05,1.4821433e-05,1.3819386e-05
ALL_core_cancer_type_top95,tabpfn_v3,v3,train,2035,LSCC,HNSCC,3,2,0.2833419,4.7556936e-05,0.3050575,0.20473874,0.2068143
ALL_core_cancer_type_top95,tabpfn_v3,v3,train,2273,LSCC,LSCC,3,3,1.41240425e-05,1.2997187e-05,1.3497042e-05,0.9999404,1.9016672e-05
ALL_core_cancer_type_top95,tabpfn_v3,v3,train,1353,ESCA,ESCA,1,1,2.330841e-05,0.9998554,3.2949698e-05,3.6548037e-05,5.1804498e-05
ALL_core_cancer_type_top95,tabpfn_v3,v3,train,1386,ESCA,ESCA,1,1,1.298107e-05,0.99994135,1.3231897e-05,1.374223e-05,1.8679697e-05
ALL_core_cancer_type_top95,tabpfn_v3,v3,train,704,BRCA,BRCA,0,0,0.9999394,1.2981045e-05,1.39208805e-05,1.8875944e-05,1.47858755e-05
ALL_core_cancer_type_top95,tabpfn_v3,v3,train,1159,BRCA,BRCA,0,0,0.99994373,1.29811e-05,1.3671861e-05,1.5178175e-05,1.4435857e-05
ALL_core_cancer_type_top95,tabpfn_v3,v3,train,1967,HNSCC,HNSCC,2,2,1.3350464e-05,1.29811515e-05,0.99994767,1.29811515e-05,1.29811515e-05
ALL_core_cancer_type_top95,tabpfn_v3,v3,train,2879,LUAD,LUAD,4,4,1.6159607e-05,1.3465873e-05,1.3191293e-05,1.760374e-05,0.99993956
ALL_core_cancer_type_top95,tabpfn_v3,v3,train,1858,HNSCC,HNSCC,2,2,1.529261e-05,1.552551e-05,0.9999419,1.3627208e-05,1.3648945e-05
ALL_core_cancer_type_top95,tabpfn_v3,v3,train,85,BRCA,HNSCC,0,2,0.2833419,4.7556936e-05,0.3050575,0.20473874,0.2068143
ALL_core_cancer_type_top95,tabpfn_v3,v3,train,1412,HNSCC,HNSCC,2,2,0.2833419,4.7556936e-05,0.3050575,0.20473874,0.2068143
ALL_core_cancer_type_top95,tabpfn_v3,v3,train,1808,HNSCC,HNSCC,2,2,1.3072763e-05,1.3148578e-05,0.9999478,1.2981152e-05,1.2981152e-05
ALL_core_cancer_type_top95,tabpfn_v3,v3,train,2861,LUAD,LUAD,4,4,1.7847758e-05,1.5239583e-05,1.395341e-05,2.4793955e-05,0.9999282
ALL_core_cancer_type_top95,tabpfn_v3,v3,train,1729,HNSCC,HNSCC,2,2,1.3224711e-05,1.2981153e-05,0.9999478,1.2981153e-05,1.2981153e-05
ALL_core_cancer_type_top95,tabpfn_v3,v3,train,546,BRCA,BRCA,0,0,0.99993944,1.2981044e-05,1.636415e-05,1.5454258e-05,1.5740241e-05
ALL_core_cancer_type_top95,tabpfn_v3,v3,train,982,BRCA,BRCA,0,0,0.99985266,1.4244947e-05,4.189614e-05,3.601804e-05,5.5179586e-05
ALL_core_cancer_type_top95,tabpfn_v3,v3,train,79,BRCA,HNSCC,0,2,0.2833419,4.7556936e-05,0.3050575,0.20473874,0.2068143
ALL_core_cancer_type_top95,tabpfn_v3,v3,train,597,BRCA,BRCA,0,0,0.9999453,1.29811215e-05,1.3232857e-05,1.4839485e-05,1.3632156e-05
ALL_core_cancer_type_top95,tabpfn_v3,v3,train,2975,LUAD,LUAD,4,4,2.058901e-05,1.566596e-05,1.46779175e-05,2.837209e-05,0.9999207
ALL_core_cancer_type_top95,tabpfn_v3,v3,train,2739,LUAD,LUAD,4,4,2.1174512e-05,2.8636803e-05,1.633651e-05,3.1560845e-05,0.9999023
ALL_core_cancer_type_top95,tabpfn_v3,v3,train,662,BRCA,BRCA,0,0,0.99993324,1.3727814e-05,1.6669044e-05,1.7167145e-05,1.9168947e-05
ALL_core_cancer_type_top95,tabpfn_v3,v3,train,3194,LUAD,LUAD,4,4,1.8278863e-05,1.54471e-05,1.4710684e-05,2.5500314e-05,0.9999261
ALL_core_cancer_type_top95,tabpfn_v3,v3,train,887,BRCA,BRCA,0,0,0.99994415,1.2981107e-05,1.3290174e-05,1.4983341e-05,1.4599335e-05
ALL_core_cancer_type_top95,tabpfn_v3,v3,train,497,BRCA,BRCA,0,0,0.9998802,1.375574e-05,3.699193e-05,2.9631012e-05,3.945505e-05
ALL_core_cancer_type_top95,tabpfn_v3,v3,train,434,BRCA,BRCA,0,0,0.99994415,1.2981106e-05,1.3230117e-05,1.4727716e-05,1.4920317e-05
ALL_core_cancer_type_top95,tabpfn_v3,v3,train,1848,HNSCC,HNSCC,2,2,2.4659128e-05,1.6039518e-05,0.9999205,1.89887e-05,1.9771409e-05
ALL_core_cancer_type_top95,tabpfn_v3,v3,train,413,BRCA,BRCA,0,0,0.999943,1.2981092e-05,1.367999e-05,1.5552232e-05,1.4724022e-05
ALL_core_cancer_type_top95,tabpfn_v3,v3,train,139,BRCA,BRCA,0,0,0.999945,1.2981116e-05,1.3208333e-05,1.4411131e-05,1.4362835e-05
ALL_core_cancer_type_top95,tabpfn_v3,v3,train,3075,LUAD,LUAD,4,4,1.601015e-05,1.3824554e-05,1.2981059e-05,1.669667e-05,0.9999405
ALL_core_cancer_type_top95,tabpfn_v3,v3,train,1895,HNSCC,HNSCC,2,2,1.3224711e-05,1.2981153e-05,0.9999478,1.2981153e-05,1.2981153e-05
ALL_core_cancer_type_top95,tabpfn_v3,v3,train,1033,BRCA,BRCA,0,0,0.9999329,1.3216235e-05,1.6833743e-05,1.777353e-05,1.9296485e-05
ALL_core_cancer_type_top95,tabpfn_v3,v3,train,2396,LSCC,LSCC,3,3,1.4045198e-05,1.29811015e-05,1.29811015e-05,0.9999438,1.6182823e-05
ALL_core_cancer_type_top95,tabpfn_v3,v3,train,865,BRCA,BRCA,0,0,0.999945,1.2981116e-05,1.318385e-05,1.48742165e-05,1.3943383e-05
ALL_core_cancer_type_top95,tabpfn_v3,v3,train,2896,LUAD,LUAD,4,4,1.7179169e-05,1.3946461e-05,1.3351129e-05,1.9936584e-05,0.99993557
ALL_core_cancer_type_top95,tabpfn_v3,v3,train,1203,BRCA,BRCA,0,0,0.99994504,1.2981116e-05,1.2981116e-05,1.4341691e-05,1.4554905e-05
ALL_core_cancer_type_top95,tabpfn_v3,v3,train,2637,LUAD,HNSCC,4,2,0.2833419,4.7556936e-05,0.3050575,0.20473874,0.2068143
ALL_core_cancer_type_top95,tabpfn_v3,v3,train,1316,ESCA,ESCA,1,1,1.537071e-05,0.999911,1.950097e-05,2.536513e-05,2.8753118e-05
ALL_core_cancer_type_top95,tabpfn_v3,v3,train,1962,HNSCC,HNSCC,2,2,1.3205647e-05,1.3056558e-05,0.99994767,1.29811515e-05,1.3075462e-05
ALL_core_cancer_type_top95,tabpfn_v3,v3,train,59,BRCA,HNSCC,0,2,0.2833419,4.7556936e-05,0.3050575,0.20473874,0.2068143
ALL_core_cancer_type_top95,tabpfn_v3,v3,train,369,BRCA,BRCA,0,0,0.9999448,1.2981114e-05,1.3543311e-05,1.4549538e-05,1.4099973e-05
ALL_core_cancer_type_top95,tabpfn_v3,v3,train,2549,LSCC,LSCC,3,3,1.7186725e-05,1.298103e-05,1.3780568e-05,0.99993825,1.7811315e-05
ALL_core_cancer_type_top95,tabpfn_v3,v3,train,842,BRCA,BRCA,0,0,0.9999431,1.2981093e-05,1.42115e-05,1.5157215e-05,1.4574336e-05
ALL_core_cancer_type_top95,tabpfn_v3,v3,train,932,BRCA,BRCA,0,0,0.9999341,1.2980974e-05,1.491229e-05,1.9208954e-05,1.8814828e-05
ALL_core_cancer_type_top95,tabpfn_v3,v3,train,2692,LUAD,HNSCC,4,2,0.2833419,4.7556936e-05,0.3050575,0.20473874,0.2068143
ALL_core_cancer_type_top95,tabpfn_v3,v3,train,2246,LSCC,LSCC,3,3,6.78027e-05,1.4428188e-05,8.249913e-05,0.99967456,0.00016067002
ALL_core_cancer_type_top95,tabpfn_v3,v3,train,312,BRCA,BRCA,0,0,0.99994403,1.2981103e-05,1.3056511e-05,1.565005e-05,1.42626395e-05
ALL_core_cancer_type_top95,tabpfn_v3,v3,train,2049,LSCC,HNSCC,3,2,0.2833419,4.7556936e-05,0.3050575,0.20473874,0.2068143
ALL_core_cancer_type_top95,tabpfn_v3,v3,train,1684,HNSCC,HNSCC,2,2,1.4220481e-05,1.3937664e-05,0.9999453,1.298112e-05,1.3581031e-05
ALL_core_cancer_type_top95,tabpfn_v3,v3,train,179,BRCA,BRCA,0,0,0.99994415,1.2981108e-05,1.3238295e-05,1.5441165e-05,1.4191616e-05
ALL_core_cancer_type_top95,tabpfn_v3,v3,train,1863,HNSCC,HNSCC,2,2,1.7842429e-05,1.52558705e-05,0.9999375,1.4317277e-05,1.5143144e-05
ALL_core_cancer_type_top95,tabpfn_v3,v3,train,2440,LSCC,LSCC,3,3,1.4842326e-05,1.2981096e-05,1.2981096e-05,0.9999434,1.5802172e-05
ALL_core_cancer_type_top95,tabpfn_v3,v3,train,1337,ESCA,ESCA,1,1,1.2999796e-05,0.9999343,1.4086886e-05,1.5842943e-05,2.2779175e-05
ALL_core_cancer_type_top95,tabpfn_v3,v3,train,493,BRCA,BRCA,0,0,0.9999344,1.298098e-05,1.7931907e-05,1.6764898e-05,1.7918563e-05
ALL_core_cancer_type_top95,tabpfn_v3,v3,train,848,BRCA,BRCA,0,0,0.99994224,1.2981081e-05,1.3698345e-05,1.5794125e-05,1.5232332e-05
ALL_core_cancer_type_top95,tabpfn_v3,v3,train,180,BRCA,BRCA,0,0,0.9999342,1.2991727e-05,1.419413e-05,2.2188886e-05,1.6442646e-05
ALL_core_cancer_type_top95,tabpfn_v3,v3,train,2022,LSCC,HNSCC,3,2,0.2833419,4.7556936e-05,0.3050575,0.20473874,0.2068143
ALL_core_cancer_type_top95,tabpfn_v3,v3,train,3154,LUAD,LUAD,4,4,2.1664655e-05,2.0199486e-05,1.823165e-05,4.1265233e-05,0.9998986
ALL_core_cancer_type_top95,tabpfn_v3,v3,train,1397,HNSCC,HNSCC,2,2,0.2833419,4.7556936e-05,0.3050575,0.20473874,0.2068143
ALL_core_cancer_type_top95,tabpfn_v3,v3,train,467,BRCA,BRCA,0,0,0.99993944,1.2981045e-05,1.5772515e-05,1.5888721e-05,1.5835452e-05
ALL_core_cancer_type_top95,tabpfn_v3,v3,train,1726,HNSCC,HNSCC,2,2,1.3361296e-05,1.4878866e-05,0.99994534,1.3386374e-05,1.29811215e-05
ALL_core_cancer_type_top95,tabpfn_v3,v3,train,1971,HNSCC,HNSCC,2,2,1.32274345e-05,1.3032244e-05,0.99994767,1.2981152e-05,1.3032282e-05
ALL_core_cancer_type_top95,tabpfn_v3,v3,train,2940,LUAD,LUAD,4,4,1.6088155e-05,1.6226155e-05,1.3235428e-05,2.074234e-05,0.9999337
ALL_core_cancer_type_top95,tabpfn_v3,v3,train,1964,HNSCC,HNSCC,2,2,1.4222724e-05,1.3273808e-05,0.99994653,1.2981138e-05,1.2981138e-05
ALL_core_cancer_type_top95,tabpfn_v3,v3,train,1891,HNSCC,HNSCC,2,2,1.4805559e-05,1.3777033e-05,0.99994516,1.2981119e-05,1.3216501e-05
ALL_core_cancer_type_top95,tabpfn_v3,v3,train,234,BRCA,BRCA,0,0,0.99992555,1.4089041e-05,2.0218115e-05,2.0829577e-05,1.9385225e-05
ALL_core_cancer_type_top95,tabpfn_v3,v3,train,984,BRCA,BRCA,0,0,0.9999434,1.2981096e-05,1.3408755e-05,1.5308742e-05,1.4897603e-05
ALL_core_cancer_type_top95,tabpfn_v3,v3,train,3143,LUAD,LUAD,4,4,2.1921587e-05,1.797e-05,1.4771042e-05,3.1997664e-05,0.99991333
ALL_core_cancer_type_top95,tabpfn_v3,v3,train,1335,ESCA,ESCA,1,1,1.3830055e-05,0.999932,1.5270009e-05,1.6262267e-05,2.2678973e-05
ALL_core_cancer_type_top95,tabpfn_v3,v3,train,2768,LUAD,LUAD,4,4,2.0512773e-05,1.3710886e-05,1.4338813e-05,2.1706333e-05,0.9999297
ALL_core_cancer_type_top95,tabpfn_v3,v3,train,322,BRCA,BRCA,0,0,0.9998678,1.4802437e-05,4.8497895e-05,2.841623e-05,4.051643e-05
ALL_core_cancer_type_top95,tabpfn_v3,v3,train,258,BRCA,BRCA,0,0,0.9999419,1.2981076e-05,1.3813372e-05,1.6725724e-05,1.4556275e-05
ALL_core_cancer_type_top95,tabpfn_v3,v3,train,1356,ESCA,ESCA,1,1,1.7669374e-05,0.9998643,1.9995336e-05,4.1538875e-05,5.6541845e-05
ALL_core_cancer_type_top95,tabpfn_v3,v3,train,1074,BRCA,BRCA,0,0,0.9999205,1.3724795e-05,3.0961688e-05,1.7993183e-05,1.6862508e-05
ALL_core_cancer_type_top95,tabpfn_v3,v3,train,2581,LSCC,LSCC,3,3,1.6650458e-05,1.588206e-05,2.3016473e-05,0.9999063,3.811794e-05
ALL_core_cancer_type_top95,tabpfn_v3,v3,train,2526,LSCC,LSCC,3,3,1.606008e-05,1.3007891e-05,1.3777826e-05,0.99993587,2.1263044e-05
ALL_core_cancer_type_top95,tabpfn_v3,v3,train,2271,LSCC,LSCC,3,3,1.4229214e-05,1.298108e-05,1.3365661e-05,0.9999422,1.7249346e-05
ALL_core_cancer_type_top95,tabpfn_v3,v3,train,209,BRCA,BRCA,0,0,0.99994284,1.2981089e-05,1.340409e-05,1.5589267e-05,1.5130738e-05
ALL_core_cancer_type_top95,tabpfn_v3,v3,train,303,BRCA,BRCA,0,0,0.9999434,1.2981096e-05,1.3303515e-05,1.5696445e-05,1.4673221e-05
ALL_core_cancer_type_top95,tabpfn_v3,v3,train,2529,LSCC,LSCC,3,3,2.4631185e-05,1.6845752e-05,3.1310246e-05,0.999873,5.4267362e-05
ALL_core_cancer_type_top95,tabpfn_v3,v3,train,1904,HNSCC,HNSCC,2,2,1.3008049e-05,1.2981155e-05,0.999948,1.2981155e-05,1.2981155e-05
ALL_core_cancer_type_top95,tabpfn_v3,v3,train,1149,BRCA,BRCA,0,0,0.99994403,1.2981103e-05,1.3080729e-05,1.5170974e-05,1.4706935e-05
ALL_core_cancer_type_top95,tabpfn_v3,v3,train,408,BRCA,BRCA,0,0,0.9999263,1.29817545e-05,2.001284e-05,1.9337356e-05,2.1331738e-05
ALL_core_cancer_type_top95,tabpfn_v3,v3,train,427,BRCA,BRCA,0,0,0.99993247,1.3322853e-05,1.6892496e-05,1.7817625e-05,1.950812e-05
ALL_core_cancer_type_top95,tabpfn_v3,v3,train,1119,BRCA,BRCA,0,0,0.9999457,1.2981127e-05,1.3110603e-05,1.45942695e-05,1.3615115e-05
ALL_core_cancer_type_top95,tabpfn_v3,v3,train,788,BRCA,BRCA,0,0,0.9999412,1.2981067e-05,1.3669681e-05,1.7160644e-05,1.5019383e-05
ALL_core_cancer_type_top95,tabpfn_v3,v3,train,2043,LSCC,HNSCC,3,2,0.2833419,4.7556936e-05,0.3050575,0.20473874,0.2068143
ALL_core_cancer_type_top95,tabpfn_v3,v3,train,1793,HNSCC,HNSCC,2,2,1.3479773e-05,1.298115e-05,0.99994755,1.298115e-05,1.298115e-05
ALL_core_cancer_type_top95,tabpfn_v3,v3,train,2905,LUAD,LUAD,4,4,1.7411827e-05,1.378591e-05,1.3443689e-05,2.1786704e-05,0.9999336
ALL_core_cancer_type_top95,tabpfn_v3,v3,train,2031,LSCC,HNSCC,3,2,0.2833419,4.7556936e-05,0.3050575,0.20473874,0.2068143
ALL_core_cancer_type_top95,tabpfn_v3,v3,train,2498,LSCC,LSCC,3,3,1.4061452e-05,1.2981109e-05,1.2981109e-05,0.9999443,1.5689753e-05
ALL_core_cancer_type_top95,tabpfn_v3,v3,train,2597,LSCC,LSCC,3,3,1.433864e-05,1.2981105e-05,1.2981105e-05,0.9999441,1.559597e-05
ALL_core_cancer_type_top95,tabpfn_v3,v3,train,1146,BRCA,BRCA,0,0,0.99993724,1.3993162e-05,1.6008727e-05,1.6340236e-05,1.6414228e-05
ALL_core_cancer_type_top95,tabpfn_v3,v3,train,3063,LUAD,LUAD,4,4,3.481803e-05,2.270003e-05,3.2205204e-05,6.856228e-05,0.9998417
ALL_core_cancer_type_top95,tabpfn_v3,v3,train,228,BRCA,BRCA,0,0,0.9999424,1.2981083e-05,1.3752697e-05,1.5567344e-05,1.5289907e-05
ALL_core_cancer_type_top95,tabpfn_v3,v3,train,1553,HNSCC,HNSCC,2,2,1.4106809e-05,1.3753731e-05,0.9999459,1.2981129e-05,1.3290193e-05
ALL_core_cancer_type_top95,tabpfn_v3,v3,train,1502,HNSCC,HNSCC,2,2,1.4043568e-05,1.3472031e-05,0.99994636,1.3026876e-05,1.306464e-05
ALL_core_cancer_type_top95,tabpfn_v3,v3,train,2810,LUAD,LUAD,4,4,2.5777157e-05,1.9832049e-05,1.6730703e-05,2.9273118e-05,0.9999084
ALL_core_cancer_type_top95,tabpfn_v3,v3,train,1008,BRCA,BRCA,0,0,0.9999458,1.2981128e-05,1.3148553e-05,1.4512758e-05,1.3500497e-05
ALL_core_cancer_type_top95,tabpfn_v3,v3,train,1250,ESCA,ESCA,1,1,3.2746015e-05,0.99975187,3.656109e-05,5.2150343e-05,0.00012671201
ALL_core_cancer_type_top95,tabpfn_v3,v3,train,2402,LSCC,LSCC,3,3,1.6484462e-05,1.2981025e-05,1.3296782e-05,0.9999379,1.9375844e-05
ALL_core_cancer_type_top95,tabpfn_v3,v3,train,2066,LSCC,HNSCC,3,2,0.2833419,4.7556936e-05,0.3050575,0.20473874,0.2068143
ALL_core_cancer_type_top95,tabpfn_v3,v3,train,1645,HNSCC,HNSCC,2,2,1.3438419e-05,1.2981151e-05,0.9999476,1.2981151e-05,1.2981151e-05
ALL_core_cancer_type_top95,tabpfn_v3,v3,train,2770,LUAD,LUAD,4,4,1.6781965e-05,1.46003595e-05,1.3317415e-05,1.9813986e-05,0.9999355
ALL_core_cancer_type_top95,tabpfn_v3,v3,train,1752,HNSCC,HNSCC,2,2,3.044782e-05,2.0499843e-05,0.99990535,2.4295765e-05,1.9397854e-05
ALL_core_cancer_type_top95,tabpfn_v3,v3,train,674,BRCA,BRCA,0,0,0.99990904,1.8345865e-05,2.4584793e-05,2.0716754e-05,2.7273092e-05
ALL_core_cancer_type_top95,tabpfn_v3,v3,train,1157,BRCA,BRCA,0,0,0.9999428,1.2981089e-05,1.3789551e-05,1.5526208e-05,1.4971492e-05
ALL_core_cancer_type_top95,tabpfn_v3,v3,train,1583,HNSCC,HNSCC,2,2,1.3070061e-05,1.3086277e-05,0.99994785,1.2981154e-05,1.2981154e-05
ALL_core_cancer_type_top95,tabpfn_v3,v3,train,2799,LUAD,LUAD,4,4,1.6364673e-05,1.39312415e-05,1.2981049e-05,1.690258e-05,0.9999398
ALL_core_cancer_type_top95,tabpfn_v3,v3,train,1732,HNSCC,HNSCC,2,2,1.3805032e-05,1.3284738e-05,0.99994665,1.2981138e-05,1.33011445e-05
ALL_core_cancer_type_top95,tabpfn_v3,v3,train,3092,LUAD,LUAD,4,4,1.8110557e-05,1.6235095e-05,1.37732595e-05,3.045899e-05,0.99992144
ALL_core_cancer_type_top95,tabpfn_v3,v3,train,1807,HNSCC,HNSCC,2,2,7.049774e-05,3.0045947e-05,0.99982256,4.0748186e-05,3.6162543e-05
ALL_core_cancer_type_top95,tabpfn_v3,v3,train,334,BRCA,BRCA,0,0,0.99989945,1.3211442e-05,3.412694e-05,2.3967383e-05,2.9209099e-05
ALL_core_cancer_type_top95,tabpfn_v3,v3,train,2918,LUAD,LUAD,4,4,1.7270107e-05,1.3618078e-05,1.3113092e-05,1.8379678e-05,0.99993765
ALL_core_cancer_type_top95,tabpfn_v3,v3,train,1995,HNSCC,HNSCC,2,2,0.0006461239,0.002822699,0.99526834,0.0007502743,0.0005125732
ALL_core_cancer_type_top95,tabpfn_v3,v3,train,2506,LSCC,LSCC,3,3,1.3707708e-05,1.29811215e-05,1.29811215e-05,0.99994534,1.4986082e-05
ALL_core_cancer_type_top95,tabpfn_v3,v3,train,2348,LSCC,LSCC,3,3,1.363552e-05,1.2981092e-05,1.3099641e-05,0.9999431,1.7245466e-05
ALL_core_cancer_type_top95,tabpfn_v3,v3,train,1754,HNSCC,HNSCC,2,2,3.9806695e-05,1.5701842e-05,0.9999025,2.0095391e-05,2.193711e-05
ALL_core_cancer_type_top95,tabpfn_v3,v3,train,653,BRCA,BRCA,0,0,0.99994314,1.2981093e-05,1.3642224e-05,1.5371314e-05,1.4837831e-05
ALL_core_cancer_type_top95,tabpfn_v3,v3,train,3015,LUAD,LUAD,4,4,2.0561703e-05,1.5011062e-05,1.4159382e-05,2.9793688e-05,0.9999205
ALL_core_cancer_type_top95,tabpfn_v3,v3,train,281,BRCA,BRCA,0,0,0.99994487,1.2981115e-05,1.3170258e-05,1.49239695e-05,1.4085538e-05
ALL_core_cancer_type_top95,tabpfn_v3,v3,train,2950,LUAD,LUAD,4,4,1.7505643e-05,1.4718556e-05,1.35416985e-05,2.3144084e-05,0.9999311
ALL_core_cancer_type_top95,tabpfn_v3,v3,train,978,BRCA,BRCA,0,0,0.99994487,1.2981115e-05,1.3145825e-05,1.475946e-05,1.4232204e-05
ALL_core_cancer_type_top95,tabpfn_v3,v3,train,2800,LUAD,LUAD,4,4,1.538786e-05,1.7013184e-05,1.3380493e-05,1.8837773e-05,0.9999354
ALL_core_cancer_type_top95,tabpfn_v3,v3,train,2631,LUAD,HNSCC,4,2,0.2833419,4.7556936e-05,0.3050575,0.20473874,0.2068143
ALL_core_cancer_type_top95,tabpfn_v3,v3,train,1284,ESCA,ESCA,1,1,1.3610075e-05,0.99991864,1.664513e-05,1.7813167e-05,3.3341432e-05
ALL_core_cancer_type_top95,tabpfn_v3,v3,train,947,BRCA,BRCA,0,0,0.99994266,1.2981087e-05,1.3659682e-05,1.5915559e-05,1.47683395e-05
ALL_core_cancer_type_top95,tabpfn_v3,v3,train,2596,LSCC,LSCC,3,3,1.4768084e-05,1.2981071e-05,1.3018732e-05,0.99994147,1.7752278e-05
ALL_core_cancer_type_top95,tabpfn_v3,v3,train,655,BRCA,BRCA,0,0,0.9999347,1.2980983e-05,1.5298245e-05,2.07284e-05,1.6296526e-05
ALL_core_cancer_type_top95,tabpfn_v3,v3,train,639,BRCA,BRCA,0,0,0.9999378,1.2981024e-05,1.737859e-05,1.6059366e-05,1.5809901e-05
ALL_core_cancer_type_top95,tabpfn_v3,v3,train,2272,LSCC,LSCC,3,3,1.6216934e-05,1.7279279e-05,2.3162964e-05,0.9999002,4.3152562e-05
ALL_core_cancer_type_top95,tabpfn_v3,v3,train,1948,HNSCC,HNSCC,2,2,0.00010370419,4.7424415e-05,0.9996575,9.334223e-05,9.7934564e-05
ALL_core_cancer_type_top95,tabpfn_v3,v3,train,2375,LSCC,LSCC,3,3,1.4415119e-05,1.2981107e-05,1.2981107e-05,0.9999442,1.5419822e-05
ALL_core_cancer_type_top95,tabpfn_v3,v3,train,3098,LUAD,LUAD,4,4,2.4184325e-05,2.1657315e-05,1.6550084e-05,3.6945537e-05,0.99990064
ALL_core_cancer_type_top95,tabpfn_v3,v3,train,1834,HNSCC,HNSCC,2,2,1.3559956e-05,1.32874775e-05,0.9999472,1.2981146e-05,1.2981146e-05
ALL_core_cancer_type_top95,tabpfn_v3,v3,train,2997,LUAD,LUAD,4,4,1.9570773e-05,1.4120238e-05,1.3633192e-05,2.7794411e-05,0.9999249
ALL_core_cancer_type_top95,tabpfn_v3,v3,train,149,BRCA,BRCA,0,0,0.9999423,1.2981082e-05,1.348473e-05,1.5609341e-05,1.5626165e-05
ALL_core_cancer_type_top95,tabpfn_v3,v3,train,2041,LSCC,HNSCC,3,2,0.2833419,4.7556936e-05,0.3050575,0.20473874,0.2068143
ALL_core_cancer_type_top95,tabpfn_v3,v3,train,307,BRCA,BRCA,0,0,0.9999442,1.2981107e-05,1.3384094e-05,1.5139248e-05,1.4289838e-05
ALL_core_cancer_type_top95,tabpfn_v3,v3,train,1274,ESCA,ESCA,1,1,1.2981067e-05,0.99994105,1.3645152e-05,1.4182599e-05,1.8123534e-05
ALL_core_cancer_type_top95,tabpfn_v3,v3,train,1683,HNSCC,HNSCC,2,2,1.3629318e-05,1.3029583e-05,0.9999473,1.3024195e-05,1.2999966e-05
ALL_core_cancer_type_top95,tabpfn_v3,v3,train,29,BRCA,HNSCC,0,2,0.2833419,4.7556936e-05,0.3050575,0.20473874,0.2068143
ALL_core_cancer_type_top95,tabpfn_v3,v3,train,1194,BRCA,BRCA,0,0,0.9914984,0.0010409651,0.002106686,0.0022908521,0.0030631651
ALL_core_cancer_type_top95,tabpfn_v3,v3,train,11,BRCA,HNSCC,0,2,0.2833419,4.7556936e-05,0.3050575,0.20473874,0.2068143
ALL_core_cancer_type_top95,tabpfn_v3,v3,train,1501,HNSCC,HNSCC,2,2,1.564885e-05,1.3676561e-05,0.9999439,1.3153537e-05,1.3609818e-05
ALL_core_cancer_type_top95,tabpfn_v3,v3,train,2481,LSCC,LSCC,3,3,2.4261986e-05,2.8770828e-05,4.433961e-05,0.999824,7.86418e-05
ALL_core_cancer_type_top95,tabpfn_v3,v3,train,88,BRCA,HNSCC,0,2,0.2833419,4.7556936e-05,0.3050575,0.20473874,0.2068143
ALL_core_cancer_type_top95,tabpfn_v3,v3,train,210,BRCA,BRCA,0,0,0.999944,1.2981103e-05,1.3183435e-05,1.475229e-05,1.5098232e-05
ALL_core_cancer_type_top95,tabpfn_v3,v3,train,2674,LUAD,HNSCC,4,2,0.2833419,4.7556936e-05,0.3050575,0.20473874,0.2068143
ALL_core_cancer_type_top95,tabpfn_v3,v3,train,2341,LSCC,LSCC,3,3,1.42096005e-05,1.2981109e-05,1.2981109e-05,0.9999443,1.5477797e-05
ALL_core_cancer_type_top95,tabpfn_v3,v3,train,1777,HNSCC,HNSCC,2,2,1.3564412e-05,1.3847054e-05,0.9999462,1.3416372e-05,1.2981133e-05
ALL_core_cancer_type_top95,tabpfn_v3,v3,train,3046,LUAD,LUAD,4,4,0.0016703341,0.0050574094,0.0022420962,0.0031555248,0.9878746
ALL_core_cancer_type_top95,tabpfn_v3,v3,train,364,BRCA,BRCA,0,0,0.9999335,1.3185804e-05,1.7810606e-05,1.6203041e-05,1.9286188e-05
ALL_core_cancer_type_top95,tabpfn_v3,v3,train,1534,HNSCC,HNSCC,2,2,1.3301156e-05,1.3262893e-05,0.9999474,1.2981148e-05,1.2981148e-05
ALL_core_cancer_type_top95,tabpfn_v3,v3,train,644,BRCA,BRCA,0,0,0.9999439,1.2981103e-05,1.3383715e-05,1.4760869e-05,1.4873315e-05
ALL_core_cancer_type_top95,tabpfn_v3,v3,train,1482,HNSCC,HNSCC,2,2,0.2833419,4.7556936e-05,0.3050575,0.20473874,0.2068143
ALL_core_cancer_type_top95,tabpfn_v3,v3,train,2078,LSCC,HNSCC,3,2,0.2833419,4.7556936e-05,0.3050575,0.20473874,0.2068143
ALL_core_cancer_type_top95,tabpfn_v3,v3,train,2216,LSCC,LSCC,3,3,1.3338885e-05,1.2981089e-05,1.3358622e-05,0.99994284,1.7470844e-05
ALL_core_cancer_type_top95,tabpfn_v3,v3,train,3115,LUAD,LUAD,4,4,1.9859166e-05,1.7253742e-05,1.4045613e-05,2.5690262e-05,0.99992317
ALL_core_cancer_type_top95,tabpfn_v3,v3,train,726,BRCA,BRCA,0,0,0.9999411,1.2981066e-05,1.4171881e-05,1.5880243e-05,1.5855356e-05
ALL_core_cancer_type_top95,tabpfn_v3,v3,train,542,BRCA,BRCA,0,0,0.9999431,1.2981092e-05,1.3297284e-05,1.5858612e-05,1.476189e-05
ALL_core_cancer_type_top95,tabpfn_v3,v3,train,415,BRCA,BRCA,0,0,0.9999437,1.29811e-05,1.3262525e-05,1.5211132e-05,1.4829087e-05
ALL_core_cancer_type_top95,tabpfn_v3,v3,train,631,BRCA,BRCA,0,0,0.98774296,0.00089435815,0.0022869923,0.0020677408,0.0070080105
ALL_core_cancer_type_top95,tabpfn_v3,v3,train,30,BRCA,HNSCC,0,2,0.2833419,4.7556936e-05,0.3050575,0.20473874,0.2068143
ALL_core_cancer_type_top95,tabpfn_v3,v3,train,2380,LSCC,LSCC,3,3,1.7401186e-05,1.348943e-05,1.39323265e-05,0.99992955,2.5646574e-05
ALL_core_cancer_type_top95,tabpfn_v3,v3,train,1536,HNSCC,HNSCC,2,2,1.4390991e-05,1.3615411e-05,0.999946,1.298113e-05,1.3010714e-05
ALL_core_cancer_type_top95,tabpfn_v3,v3,train,1234,ESCA,ESCA,1,1,1.3232551e-05,0.9999395,1.3751671e-05,1.529072e-05,1.8122215e-05
ALL_core_cancer_type_top95,tabpfn_v3,v3,train,2232,LSCC,LSCC,3,3,1.4449252e-05,1.2981084e-05,1.305649e-05,0.9999425,1.7064098e-05
ALL_core_cancer_type_top95,tabpfn_v3,v3,train,2785,LUAD,LUAD,4,4,1.6843447e-05,1.4965154e-05,1.3056425e-05,1.7681761e-05,0.9999375
ALL_core_cancer_type_top95,tabpfn_v3,v3,train,966,BRCA,BRCA,0,0,0.9999448,1.2981112e-05,1.30133885e-05,1.4901834e-05,1.4317426e-05
ALL_core_cancer_type_top95,tabpfn_v3,v3,train,1785,HNSCC,HNSCC,2,2,1.3709515e-05,1.3186595e-05,0.999947,1.2981144e-05,1.308897e-05
ALL_core_cancer_type_top95,tabpfn_v3,v3,train,1491,HNSCC,HNSCC,2,2,0.2833419,4.7556936e-05,0.3050575,0.20473874,0.2068143
ALL_core_cancer_type_top95,tabpfn_v3,v3,train,2766,LUAD,LUAD,4,4,1.4305528e-05,1.4606605e-05,1.3121371e-05,1.6870885e-05,0.9999411
ALL_core_cancer_type_top95,tabpfn_v3,v3,train,2,BRCA,HNSCC,0,2,0.2833419,4.7556936e-05,0.3050575,0.20473874,0.2068143
ALL_core_cancer_type_top95,tabpfn_v3,v3,train,1036,BRCA,BRCA,0,0,0.99994373,1.29811e-05,1.3848345e-05,1.4838278e-05,1.46242555e-05
ALL_core_cancer_type_top95,tabpfn_v3,v3,train,2789,LUAD,LUAD,4,4,1.6230131e-05,1.4159345e-05,1.3194032e-05,1.9640544e-05,0.99993676
ALL_core_cancer_type_top95,tabpfn_v3,v3,train,1464,HNSCC,HNSCC,2,2,0.2833419,4.7556936e-05,0.3050575,0.20473874,0.2068143
ALL_core_cancer_type_top95,tabpfn_v3,v3,train,2792,LUAD,LUAD,4,4,1.6759182e-05,1.36709e-05,1.3219118e-05,1.945964e-05,0.9999369
ALL_core_cancer_type_top95,tabpfn_v3,v3,train,486,BRCA,BRCA,0,0,0.9999451,1.2981117e-05,1.3032249e-05,1.5091761e-05,1.3781103e-05
ALL_core_cancer_type_top95,tabpfn_v3,v3,train,2513,LSCC,LSCC,3,3,1.6826087e-05,1.807239e-05,1.9340674e-05,0.9999169,2.8822993e-05
ALL_core_cancer_type_top95,tabpfn_v3,v3,train,253,BRCA,BRCA,0,0,0.99994534,1.29811215e-05,1.3075433e-05,1.4333567e-05,1.4293698e-05
ALL_core_cancer_type_top95,tabpfn_v3,v3,train,688,BRCA,BRCA,0,0,0.99994284,1.2981089e-05,1.3424684e-05,1.6814723e-05,1.39285585e-05
ALL_core_cancer_type_top95,tabpfn_v3,v3,train,1630,HNSCC,HNSCC,2,2,1.3866695e-05,1.33120875e-05,0.99994636,1.2981135e-05,1.3476995e-05
ALL_core_cancer_type_top95,tabpfn_v3,v3,train,244,BRCA,BRCA,0,0,0.99993765,1.2981021e-05,1.4645268e-05,1.9911484e-05,1.476487e-05
ALL_core_cancer_type_top95,tabpfn_v3,v3,train,1664,HNSCC,HNSCC,2,2,1.3855477e-05,1.34770025e-05,0.9999467,1.2981139e-05,1.2981139e-05
ALL_core_cancer_type_top95,tabpfn_v3,v3,train,2659,LUAD,HNSCC,4,2,0.2833419,4.7556936e-05,0.3050575,0.20473874,0.2068143
ALL_core_cancer_type_top95,tabpfn_v3,v3,train,1944,HNSCC,HNSCC,2,2,1.3405384e-05,1.3251972e-05,0.9999473,1.2981146e-05,1.3037668e-05
ALL_core_cancer_type_top95,tabpfn_v3,v3,train,114,BRCA,HNSCC,0,2,0.2833419,4.7556936e-05,0.3050575,0.20473874,0.2068143
ALL_core_cancer_type_top95,tabpfn_v3,v3,train,93,BRCA,HNSCC,0,2,0.2833419,4.7556936e-05,0.3050575,0.20473874,0.2068143
ALL_core_cancer_type_top95,tabpfn_v3,v3,train,270,BRCA,BRCA,0,0,0.9999448,1.2981114e-05,1.2981114e-05,1.4823689e-05,1.4403705e-05
ALL_core_cancer_type_top95,tabpfn_v3,v3,train,1357,ESCA,ESCA,1,1,1.3690416e-05,0.9999301,1.4127073e-05,1.5312058e-05,2.6761072e-05
ALL_core_cancer_type_top95,tabpfn_v3,v3,train,545,BRCA,BRCA,0,0,0.999945,1.2981116e-05,1.3143113e-05,1.4878468e-05,1.39505755e-05
ALL_core_cancer_type_top95,tabpfn_v3,v3,train,2469,LSCC,LSCC,3,3,1.3948382e-05,1.2981114e-05,1.2981114e-05,0.9999448,1.524544e-05
ALL_core_cancer_type_top95,tabpfn_v3,v3,train,462,BRCA,BRCA,0,0,0.9999443,1.2981109e-05,1.2989172e-05,1.451432e-05,1.51290515e-05
ALL_core_cancer_type_top95,tabpfn_v3,v3,train,1938,HNSCC,HNSCC,2,2,2.0038846e-05,1.7103133e-05,0.9999299,1.6185288e-05,1.6722088e-05
ALL_core_cancer_type_top95,tabpfn_v3,v3,train,1324,ESCA,ESCA,1,1,1.30213675e-05,0.99993753,1.4155184e-05,1.5217094e-05,2.0170426e-05
ALL_core_cancer_type_top95,tabpfn_v3,v3,train,1092,BRCA,BRCA,0,0,0.9999019,1.3073087e-05,3.4298093e-05,2.2686838e-05,2.8074215e-05
ALL_core_cancer_type_top95,tabpfn_v3,v3,train,199,BRCA,BRCA,0,0,0.9999458,1.2981128e-05,1.3008022e-05,1.44423e-05,1.3763207e-05
ALL_core_cancer_type_top95,tabpfn_v3,v3,train,1607,HNSCC,HNSCC,2,2,1.3197483e-05,1.3010737e-05,0.9999477,1.3037675e-05,1.29811515e-05
ALL_core_cancer_type_top95,tabpfn_v3,v3,train,1504,HNSCC,HNSCC,2,2,1.4983585e-05,1.730266e-05,0.99994045,1.41637065e-05,1.3083476e-05
ALL_core_cancer_type_top95,tabpfn_v3,v3,train,505,BRCA,BRCA,0,0,0.99994516,1.2981119e-05,1.3037642e-05,1.4456757e-05,1.4333782e-05
ALL_core_cancer_type_top95,tabpfn_v3,v3,train,1561,HNSCC,HNSCC,2,2,1.5664842e-05,1.6816126e-05,0.99993956,1.4300207e-05,1.3668685e-05
ALL_core_cancer_type_top95,tabpfn_v3,v3,train,2336,LSCC,LSCC,3,3,1.3778065e-05,1.2981109e-05,1.2981109e-05,0.99994427,1.5967125e-05
ALL_core_cancer_type_top95,tabpfn_v3,v3,train,849,BRCA,BRCA,0,0,0.9999429,1.2981091e-05,1.4322384e-05,1.5492504e-05,1.4289057e-05
ALL_core_cancer_type_top95,tabpfn_v3,v3,train,1685,HNSCC,HNSCC,2,2,1.4475305e-05,1.3833929e-05,0.9999452,1.3210316e-05,1.324832e-05
ALL_core_cancer_type_top95,tabpfn_v3,v3,train,2459,LSCC,LSCC,3,3,1.4904176e-05,1.2981057e-05,1.3386982e-05,0.9999404,1.8350162e-05
ALL_core_cancer_type_top95,tabpfn_v3,v3,train,1694,HNSCC,HNSCC,2,2,1.3938049e-05,1.3604867e-05,0.9999452,1.4045616e-05,1.3191918e-05
ALL_core_cancer_type_top95,tabpfn_v3,v3,train,961,BRCA,BRCA,0,0,0.9999452,1.298112e-05,1.3175697e-05,1.4955096e-05,1.3653552e-05
ALL_core_cancer_type_top95,tabpfn_v3,v3,train,654,BRCA,BRCA,0,0,0.9999415,1.2981071e-05,1.4001702e-05,1.6463022e-05,1.5058444e-05
ALL_core_cancer_type_top95,tabpfn_v3,v3,train,2988,LUAD,LUAD,4,4,1.9631372e-05,1.4831435e-05,1.35707905e-05,2.2087565e-05,0.9999299
ALL_core_cancer_type_top95,tabpfn_v3,v3,train,480,BRCA,BRCA,0,0,0.9999399,1.298374e-05,1.4375081e-05,1.6827284e-05,1.589488e-05
ALL_core_cancer_type_top95,tabpfn_v3,v3,train,349,BRCA,BRCA,0,0,0.9999452,1.298112e-05,1.328422e-05,1.4726802e-05,1.37842435e-05
ALL_core_cancer_type_top95,tabpfn_v3,v3,train,3124,LUAD,LUAD,4,4,1.626024e-05,1.3684859e-05,1.32162295e-05,1.6994409e-05,0.99993986
ALL_core_cancer_type_top95,tabpfn_v3,v3,train,465,BRCA,BRCA,0,0,0.99990267,1.7981642e-05,3.0091598e-05,2.4045634e-05,2.5199166e-05
ALL_core_cancer_type_top95,tabpfn_v3,v3,train,1716,HNSCC,HNSCC,2,2,1.3162145e-05,1.34464735e-05,0.9999474,1.2981149e-05,1.2981149e-05
ALL_core_cancer_type_top95,tabpfn_v3,v3,train,1712,HNSCC,HNSCC,2,2,2.5460995e-05,1.4751894e-05,0.9999255,1.5685831e-05,1.8617744e-05
ALL_core_cancer_type_top95,tabpfn_v3,v3,train,843,BRCA,BRCA,0,0,0.99994534,1.2981121e-05,1.3364151e-05,1.4432392e-05,1.3891838e-05
ALL_core_cancer_type_top95,tabpfn_v3,v3,train,586,BRCA,BRCA,0,0,0.9999436,1.2981098e-05,1.3286824e-05,1.5468604e-05,1.4626834e-05
ALL_core_cancer_type_top95,tabpfn_v3,v3,train,489,BRCA,BRCA,0,0,0.999945,1.2981116e-05,1.298918e-05,1.4422281e-05,1.45888225e-05
ALL_core_cancer_type_top95,tabpfn_v3,v3,train,1634,HNSCC,HNSCC,2,2,2.4093946e-05,2.0701771e-05,0.9999081,2.0298576e-05,2.673706e-05
ALL_core_cancer_type_top95,tabpfn_v3,v3,train,1220,ESCA,ESCA,1,1,1.3954332e-05,0.9999263,1.6409367e-05,1.7596612e-05,2.5726553e-05
ALL_core_cancer_type_top95,tabpfn_v3,v3,train,911,BRCA,BRCA,0,0,0.9999451,1.2981118e-05,1.3314809e-05,1.4669588e-05,1.3971524e-05
ALL_core_cancer_type_top95,tabpfn_v3,v3,train,1202,BRCA,BRCA,0,0,0.99993724,1.2981016e-05,1.4932737e-05,1.689977e-05,1.790844e-05
ALL_core_cancer_type_top95,tabpfn_v3,v3,train,1577,HNSCC,HNSCC,2,2,0.0001131021,0.00010509371,0.9996267,8.8710534e-05,6.641001e-05
ALL_core_cancer_type_top95,tabpfn_v3,v3,train,1984,HNSCC,HNSCC,2,2,1.43799525e-05,1.3463201e-05,0.99994594,1.3026872e-05,1.3186579e-05
ALL_core_cancer_type_top95,tabpfn_v3,v3,train,171,BRCA,BRCA,0,0,0.9999445,1.2981111e-05,1.3546078e-05,1.4519934e-05,1.4400928e-05
ALL_core_cancer_type_top95,tabpfn_v3,v3,train,2547,LSCC,LSCC,3,3,1.3794337e-05,1.2981118e-05,1.2981118e-05,0.99994516,1.5078743e-05
ALL_core_cancer_type_top95,tabpfn_v3,v3,train,1096,BRCA,BRCA,0,0,0.9999455,1.2981123e-05,1.30457365e-05,1.4492099e-05,1.3952742e-05
ALL_core_cancer_type_top95,tabpfn_v3,v3,train,2951,LUAD,LUAD,4,4,2.1859281e-05,1.432215e-05,1.4057714e-05,2.4462746e-05,0.9999253
ALL_core_cancer_type_top95,tabpfn_v3,v3,train,2439,LSCC,LSCC,3,3,1.5901804e-05,1.30402295e-05,1.3801384e-05,0.99993676,2.0527306e-05
ALL_core_cancer_type_top95,tabpfn_v3,v3,train,3062,LUAD,LUAD,4,4,2.019039e-05,1.51380045e-05,1.5802096e-05,2.7713806e-05,0.99992114
ALL_core_cancer_type_top95,tabpfn_v3,v3,train,1207,ESCA,ESCA,1,1,1.3078022e-05,0.9999367,1.3435518e-05,1.556374e-05,2.1281254e-05
ALL_core_cancer_type_top95,tabpfn_v3,v3,train,2233,LSCC,LSCC,3,3,1.47241835e-05,1.2981091e-05,1.2981091e-05,0.99994296,1.6302396e-05
ALL_core_cancer_type_top95,tabpfn_v3,v3,train,37,BRCA,HNSCC,0,2,0.2833419,4.7556936e-05,0.3050575,0.20473874,0.2068143
ALL_core_cancer_type_top95,tabpfn_v3,v3,train,198,BRCA,BRCA,0,0,0.9999441,1.2981105e-05,1.3040288e-05,1.5608208e-05,1.4233639e-05
ALL_core_cancer_type_top95,tabpfn_v3,v3,train,737,BRCA,BRCA,0,0,0.9999418,1.2981076e-05,1.3871821e-05,1.5319405e-05,1.5964206e-05
ALL_core_cancer_type_top95,tabpfn_v3,v3,train,25,BRCA,HNSCC,0,2,0.2833419,4.7556936e-05,0.3050575,0.20473874,0.2068143
ALL_core_cancer_type_top95,tabpfn_v3,v3,train,1173,BRCA,BRCA,0,0,0.99993896,1.2981039e-05,1.4005795e-05,1.8714152e-05,1.5291716e-05
ALL_core_cancer_type_top95,tabpfn_v3,v3,train,1974,HNSCC,HNSCC,2,2,1.3607091e-05,1.3589122e-05,0.9999466,1.3051079e-05,1.31969e-05
ALL_core_cancer_type_top95,tabpfn_v3,v3,train,371,BRCA,BRCA,0,0,0.99994385,1.29811015e-05,1.32437435e-05,1.5183528e-05,1.4715065e-05
ALL_core_cancer_type_top95,tabpfn_v3,v3,train,1968,HNSCC,HNSCC,2,2,1.3086276e-05,1.3013429e-05,0.9999479,1.2981154e-05,1.2981154e-05
ALL_core_cancer_type_top95,tabpfn_v3,v3,train,2175,LSCC,LSCC,3,3,1.4688012e-05,1.2981079e-05,1.30916105e-05,0.99994206,1.7193286e-05
ALL_core_cancer_type_top95,tabpfn_v3,v3,train,877,BRCA,BRCA,0,0,0.9999459,1.2981128e-05,1.3099777e-05,1.4489473e-05,1.3508888e-05
ALL_core_cancer_type_top95,tabpfn_v3,v3,train,2127,LSCC,LSCC,3,3,1.40830325e-05,1.2981093e-05,1.2981093e-05,0.9999432,1.6763352e-05
ALL_core_cancer_type_top95,tabpfn_v3,v3,train,3103,LUAD,LUAD,4,4,1.6696556e-05,1.4294057e-05,1.3372229e-05,2.1735137e-05,0.9999339
ALL_core_cancer_type_top95,tabpfn_v3,v3,train,2033,LSCC,HNSCC,3,2,0.2833419,4.7556936e-05,0.3050575,0.20473874,0.2068143
ALL_core_cancer_type_top95,tabpfn_v3,v3,train,2337,LSCC,LSCC,3,3,1.4543493e-05,1.2981102e-05,1.2981102e-05,0.99994385,1.559962e-05
ALL_core_cancer_type_top95,tabpfn_v3,v3,train,1034,BRCA,BRCA,0,0,0.9999357,1.2980997e-05,1.664874e-05,1.4948693e-05,1.9722884e-05
ALL_core_cancer_type_top95,tabpfn_v3,v3,train,900,BRCA,BRCA,0,0,0.999945,1.2981116e-05,1.34825e-05,1.4598285e-05,1.3924546e-05
ALL_core_cancer_type_top95,tabpfn_v3,v3,train,1905,HNSCC,HNSCC,2,2,1.3323055e-05,1.3061957e-05,0.9999476,1.2981151e-05,1.2981151e-05
ALL_core_cancer_type_top95,tabpfn_v3,v3,train,760,BRCA,BRCA,0,0,0.99994355,1.2981097e-05,1.3207902e-05,1.50959695e-05,1.5169398e-05
ALL_core_cancer_type_top95,tabpfn_v3,v3,train,308,BRCA,BRCA,0,0,0.9999327,1.3197271e-05,2.162242e-05,1.6457521e-05,1.600685e-05
ALL_core_cancer_type_top95,tabpfn_v3,v3,train,3067,LUAD,LUAD,4,4,1.6384874e-05,1.3303781e-05,1.3167437e-05,1.8187737e-05,0.99993896
ALL_core_cancer_type_top95,tabpfn_v3,v3,train,1190,BRCA,BRCA,0,0,0.9999392,1.2981041e-05,1.4880154e-05,1.6036844e-05,1.6875969e-05
ALL_core_cancer_type_top95,tabpfn_v3,v3,train,507,BRCA,BRCA,0,0,0.9999461,1.29811315e-05,1.3118529e-05,1.3643204e-05,1.4145276e-05
ALL_core_cancer_type_top95,tabpfn_v3,v3,train,1755,HNSCC,HNSCC,2,2,3.9017676e-05,3.9940012e-05,0.9998551,3.2132844e-05,3.382091e-05
ALL_core_cancer_type_top95,tabpfn_v3,v3,train,2482,LSCC,LSCC,3,3,1.51866525e-05,1.4215887e-05,1.9720119e-05,0.9999147,3.6165682e-05
ALL_core_cancer_type_top95,tabpfn_v3,v3,train,3131,LUAD,LUAD,4,4,2.69568e-05,3.3485754e-05,2.0421188e-05,6.926523e-05,0.99984986
ALL_core_cancer_type_top95,tabpfn_v3,v3,train,511,BRCA,BRCA,0,0,0.99994355,1.2981098e-05,1.3550459e-05,1.4984769e-05,1.4948136e-05
ALL_core_cancer_type_top95,tabpfn_v3,v3,train,136,BRCA,BRCA,0,0,0.99994206,1.2981078e-05,1.322931e-05,1.5763055e-05,1.5978032e-05
ALL_core_cancer_type_top95,tabpfn_v3,v3,train,2818,LUAD,LUAD,4,4,1.4912845e-05,1.4336618e-05,1.3083472e-05,1.7566019e-05,0.9999401
ALL_core_cancer_type_top95,tabpfn_v3,v3,train,2568,LSCC,LSCC,3,3,1.4758094e-05,1.298108e-05,1.3181092e-05,0.9999421,1.69472e-05
ALL_core_cancer_type_top95,tabpfn_v3,v3,train,398,BRCA,BRCA,0,0,0.9999462,1.2981132e-05,1.3002643e-05,1.4296989e-05,1.3519795e-05
ALL_core_cancer_type_top95,tabpfn_v3,v3,train,2748,LUAD,LUAD,4,4,1.4530176e-05,1.4234047e-05,1.2981085e-05,1.5727144e-05,0.99994254
ALL_core_cancer_type_top95,tabpfn_v3,v3,train,869,BRCA,BRCA,0,0,0.99994045,1.2981058e-05,1.3853286e-05,1.6548405e-05,1.6161763e-05
ALL_core_cancer_type_top95,tabpfn_v3,v3,train,611,BRCA,BRCA,0,0,0.99994457,1.29811115e-05,1.309416e-05,1.468423e-05,1.4652582e-05
ALL_core_cancer_type_top95,tabpfn_v3,v3,train,830,BRCA,BRCA,0,0,0.99994576,1.2981126e-05,1.3192016e-05,1.4009221e-05,1.4071721e-05
ALL_core_cancer_type_top95,tabpfn_v3,v3,train,2452,LSCC,LSCC,3,3,1.4071113e-05,1.2981129e-05,1.2981129e-05,0.9999459,1.4079357e-05
ALL_core_cancer_type_top95,tabpfn_v3,v3,train,1286,ESCA,ESCA,1,1,1.3131793e-05,0.9999347,1.415824e-05,1.5939175e-05,2.2114646e-05
ALL_core_cancer_type_top95,tabpfn_v3,v3,train,2050,LSCC,HNSCC,3,2,0.2833419,4.7556936e-05,0.3050575,0.20473874,0.2068143
ALL_core_cancer_type_top95,tabpfn_v3,v3,train,2760,LUAD,LUAD,4,4,1.6912109e-05,1.5398315e-05,1.3295492e-05,2.1381935e-05,0.999933
ALL_core_cancer_type_top95,tabpfn_v3,v3,train,1001,BRCA,BRCA,0,0,0.9999439,1.2981102e-05,1.3268308e-05,1.5473628e-05,1.4320602e-05
ALL_core_cancer_type_top95,tabpfn_v3,v3,train,432,BRCA,BRCA,0,0,0.99994296,1.29810915e-05,1.35128585e-05,1.5582515e-05,1.4945849e-05
ALL_core_cancer_type_top95,tabpfn_v3,v3,train,514,BRCA,BRCA,0,0,0.99994165,1.3397061e-05,1.416477e-05,1.5459691e-05,1.5291476e-05
ALL_core_cancer_type_top95,tabpfn_v3,v3,train,2267,LSCC,LSCC,3,3,1.5319714e-05,1.2981043e-05,1.3468621e-05,0.9999394,1.8863495e-05
ALL_core_cancer_type_top95,tabpfn_v3,v3,train,238,BRCA,BRCA,0,0,0.9999426,1.2981086e-05,1.6065695e-05,1.3969916e-05,1.437721e-05
ALL_core_cancer_type_top95,tabpfn_v3,v3,train,822,BRCA,BRCA,0,0,0.9999444,1.2981109e-05,1.3358649e-05,1.5103588e-05,1.421381e-05
ALL_core_cancer_type_top95,tabpfn_v3,v3,train,2627,LUAD,HNSCC,4,2,0.2833419,4.7556936e-05,0.3050575,0.20473874,0.2068143
ALL_core_cancer_type_top95,tabpfn_v3,v3,train,105,BRCA,HNSCC,0,2,0.2833419,4.7556936e-05,0.3050575,0.20473874,0.2068143
ALL_core_cancer_type_top95,tabpfn_v3,v3,train,2641,LUAD,HNSCC,4,2,0.2833419,4.7556936e-05,0.3050575,0.20473874,0.2068143
ALL_core_cancer_type_top95,tabpfn_v3,v3,train,2858,LUAD,LUAD,4,4,2.1174086e-05,1.6048909e-05,1.389833e-05,2.5002317e-05,0.9999239
ALL_core_cancer_type_top95,tabpfn_v3,v3,train,2661,LUAD,HNSCC,4,2,0.2833419,4.7556936e-05,0.3050575,0.20473874,0.2068143
ALL_core_cancer_type_top95,tabpfn_v3,v3,train,1609,HNSCC,HNSCC,2,2,1.406108e-05,1.3334001e-05,0.9999466,1.2981138e-05,1.2981138e-05
ALL_core_cancer_type_top95,tabpfn_v3,v3,train,2675,LUAD,HNSCC,4,2,0.2833419,4.7556936e-05,0.3050575,0.20473874,0.2068143
ALL_core_cancer_type_top95,tabpfn_v3,v3,train,3152,LUAD,LUAD,4,4,1.8628849e-05,1.3554192e-05,1.381839e-05,2.3485278e-05,0.9999305
ALL_core_cancer_type_top95,tabpfn_v3,v3,train,964,BRCA,BRCA,0,0,0.99994457,1.2981111e-05,1.30781245e-05,1.5242386e-05,1.4120712e-05
ALL_core_cancer_type_top95,tabpfn_v3,v3,train,1484,HNSCC,HNSCC,2,2,0.2833419,4.7556936e-05,0.3050575,0.20473874,0.2068143
ALL_core_cancer_type_top95,tabpfn_v3,v3,train,1273,ESCA,ESCA,1,1,2.1446836e-05,0.9998535,3.3613054e-05,3.0266881e-05,6.121153e-05
ALL_core_cancer_type_top95,tabpfn_v3,v3,train,2180,LSCC,LSCC,3,3,1.9816107e-05,2.0515248e-05,2.2876622e-05,0.9999091,2.7736736e-05
ALL_core_cancer_type_top95,tabpfn_v3,v3,train,2327,LSCC,LSCC,3,3,1.6019323e-05,1.3682019e-05,1.4185544e-05,0.9999366,1.9558276e-05
ALL_core_cancer_type_top95,tabpfn_v3,v3,train,515,BRCA,BRCA,0,0,0.9999448,1.2981114e-05,1.3189287e-05,1.4784419e-05,1.42182225e-05
ALL_core_cancer_type_top95,tabpfn_v3,v3,train,974,BRCA,BRCA,0,0,0.99994534,1.2981121e-05,1.2981121e-05,1.4475298e-05,1.4202054e-05
ALL_core_cancer_type_top95,tabpfn_v3,v3,train,1052,BRCA,BRCA,0,0,0.99994516,1.2981119e-05,1.3467068e-05,1.4320039e-05,1.4072347e-05
ALL_core_cancer_type_top95,tabpfn_v3,v3,train,1127,BRCA,BRCA,0,0,0.99991727,1.2980757e-05,2.1551527e-05,2.5618545e-05,2.2552784e-05
ALL_core_cancer_type_top95,tabpfn_v3,v3,train,2589,LSCC,LSCC,3,3,1.3813836e-05,1.2981107e-05,1.2981107e-05,0.9999442,1.6024e-05
ALL_core_cancer_type_top95,tabpfn_v3,v3,train,2738,LUAD,LUAD,4,4,1.7289522e-05,1.5052498e-05,1.3369455e-05,2.26651e-05,0.99993163
ALL_core_cancer_type_top95,tabpfn_v3,v3,train,2798,LUAD,LUAD,4,4,1.9795243e-05,2.001103e-05,1.41688115e-05,2.6832924e-05,0.9999192
ALL_core_cancer_type_top95,tabpfn_v3,v3,train,2147,LSCC,LSCC,3,3,1.5945441e-05,1.3292768e-05,1.4106673e-05,0.99993354,2.3146948e-05
ALL_core_cancer_type_top95,tabpfn_v3,v3,train,2543,LSCC,LSCC,3,3,1.850068e-05,1.9552514e-05,2.248471e-05,0.9999033,3.6176003e-05
ALL_core_cancer_type_top95,tabpfn_v3,v3,train,2644,LUAD,HNSCC,4,2,0.2833419,4.7556936e-05,0.3050575,0.20473874,0.2068143
ALL_core_cancer_type_top95,tabpfn_v3,v3,train,2418,LSCC,LSCC,3,3,1.4473402e-05,1.298112e-05,1.298112e-05,0.9999452,1.4346381e-05
ALL_core_cancer_type_top95,tabpfn_v3,v3,train,2524,LSCC,LSCC,3,3,1.5455746e-05,1.3729334e-05,1.6306909e-05,0.99992955,2.49472e-05
ALL_core_cancer_type_top95,tabpfn_v3,v3,train,1084,BRCA,BRCA,0,0,0.9999456,1.2981124e-05,1.3118725e-05,1.4373417e-05,1.3934976e-05
ALL_core_cancer_type_top95,tabpfn_v3,v3,train,1836,HNSCC,HNSCC,2,2,1.3249248e-05,1.323561e-05,0.99994755,1.298115e-05,1.298115e-05
ALL_core_cancer_type_top95,tabpfn_v3,v3,train,1120,BRCA,BRCA,0,0,0.9999416,1.2981073e-05,1.3324215e-05,1.6529186e-05,1.55862e-05
ALL_core_cancer_type_top95,tabpfn_v3,v3,train,1457,HNSCC,HNSCC,2,2,0.2833419,4.7556936e-05,0.3050575,0.20473874,0.2068143
ALL_core_cancer_type_top95,tabpfn_v3,v3,train,550,BRCA,BRCA,0,0,0.9999426,1.2981086e-05,1.3870734e-05,1.4966413e-05,1.558233e-05
ALL_core_cancer_type_top95,tabpfn_v3,v3,train,820,BRCA,BRCA,0,0,0.99994534,1.29811215e-05,1.3432879e-05,1.44494215e-05,1.38103915e-05
ALL_core_cancer_type_top95,tabpfn_v3,v3,train,2539,LSCC,LSCC,3,3,1.4994237e-05,1.2981079e-05,1.3126807e-05,0.99994206,1.6802507e-05
ALL_core_cancer_type_top95,tabpfn_v3,v3,train,92,BRCA,HNSCC,0,2,0.2833419,4.7556936e-05,0.3050575,0.20473874,0.2068143
ALL_core_cancer_type_top95,tabpfn_v3,v3,train,991,BRCA,BRCA,0,0,0.9999373,1.4362256e-05,1.598378e-05,1.6171749e-05,1.6196978e-05
ALL_core_cancer_type_top95,tabpfn_v3,v3,train,2964,LUAD,LUAD,4,4,1.5624633e-05,1.3990401e-05,1.3102376e-05,1.6767111e-05,0.9999405
ALL_core_cancer_type_top95,tabpfn_v3,v3,train,1358,ESCA,ESCA,1,1,2.0334192e-05,0.9998646,2.6088099e-05,3.9685056e-05,4.926947e-05
ALL_core_cancer_type_top95,tabpfn_v3,v3,train,1779,HNSCC,HNSCC,2,2,1.30080425e-05,1.3423302e-05,0.9999476,1.2981151e-05,1.2981151e-05
ALL_core_cancer_type_top95,tabpfn_v3,v3,train,1290,ESCA,ESCA,1,1,1.7040331e-05,0.99989283,2.3707418e-05,2.6591311e-05,3.98342e-05
ALL_core_cancer_type_top95,tabpfn_v3,v3,train,2189,LSCC,LSCC,3,3,1.5183411e-05,1.2981071e-05,1.3129509e-05,0.9999414,1.7259852e-05
ALL_core_cancer_type_top95,tabpfn_v3,v3,train,2167,LSCC,LSCC,3,3,1.41919445e-05,1.2981098e-05,1.2981098e-05,0.99994355,1.629197e-05
ALL_core_cancer_type_top95,tabpfn_v3,v3,train,2051,LSCC,HNSCC,3,2,0.2833419,4.7556936e-05,0.3050575,0.20473874,0.2068143
ALL_core_cancer_type_top95,tabpfn_v3,v3,train,588,BRCA,BRCA,0,0,0.9999428,1.2981089e-05,1.3435601e-05,1.621117e-05,1.4586115e-05
ALL_core_cancer_type_top95,tabpfn_v3,v3,train,282,BRCA,BRCA,0,0,0.9999423,1.29810805e-05,1.4111436e-05,1.4780504e-05,1.5845468e-05
ALL_core_cancer_type_top95,tabpfn_v3,v3,train,2889,LUAD,LUAD,4,4,1.5750507e-05,1.4024216e-05,1.3148068e-05,1.9903302e-05,0.9999372
ALL_core_cancer_type_top95,tabpfn_v3,v3,train,2909,LUAD,LUAD,4,4,2.8527063e-05,1.9771956e-05,2.892849e-05,5.7918467e-05,0.9998649
ALL_core_cancer_type_top95,tabpfn_v3,v3,train,1169,BRCA,BRCA,0,0,0.9999446,1.2981112e-05,1.3465942e-05,1.4590114e-05,1.4284625e-05
ALL_core_cancer_type_top95,tabpfn_v3,v3,train,1523,HNSCC,HNSCC,2,2,1.3328535e-05,1.3002662e-05,0.99994767,1.29811515e-05,1.29811515e-05
ALL_core_cancer_type_top95,tabpfn_v3,v3,train,2966,LUAD,LUAD,4,4,1.7919872e-05,1.5033215e-05,1.4005774e-05,2.1714997e-05,0.99993134
ALL_core_cancer_type_top95,tabpfn_v3,v3,train,3186,LUAD,LUAD,4,4,2.1113328e-05,1.4419777e-05,1.4041625e-05,2.4159217e-05,0.99992627
ALL_core_cancer_type_top95,tabpfn_v3,v3,train,1060,BRCA,BRCA,0,0,0.9999412,1.2981067e-05,1.3495822e-05,1.611138e-05,1.6275142e-05
ALL_core_cancer_type_top95,tabpfn_v3,v3,train,231,BRCA,BRCA,0,0,0.9998856,1.3765952e-05,3.8717757e-05,2.7202568e-05,3.4672117e-05
ALL_core_cancer_type_top95,tabpfn_v3,v3,train,340,BRCA,BRCA,0,0,0.9999245,1.298085e-05,1.7782157e-05,2.2653816e-05,2.20902e-05
ALL_core_cancer_type_top95,tabpfn_v3,v3,train,496,BRCA,BRCA,0,0,0.9999435,1.2981097e-05,1.3508605e-05,1.535063e-05,1.464368e-05
ALL_core_cancer_type_top95,tabpfn_v3,v3,train,2890,LUAD,LUAD,4,4,1.72253e-05,1.3734951e-05,1.3590895e-05,2.31594e-05,0.9999323
ALL_core_cancer_type_top95,tabpfn_v3,v3,train,2752,LUAD,LUAD,4,4,1.7546863e-05,2.2288914e-05,1.3481925e-05,2.536708e-05,0.9999213
ALL_core_cancer_type_top95,tabpfn_v3,v3,train,1125,BRCA,BRCA,0,0,0.9999445,1.2981111e-05,1.3137683e-05,1.5266307e-05,1.4110719e-05
ALL_core_cancer_type_top95,tabpfn_v3,v3,train,283,BRCA,BRCA,0,0,0.99994177,1.2981076e-05,1.4123663e-05,1.5781137e-05,1.5305495e-05
ALL_core_cancer_type_top95,tabpfn_v3,v3,train,3146,LUAD,LUAD,4,4,1.7746366e-05,1.4185613e-05,1.3362249e-05,1.950043e-05,0.9999352
ALL_core_cancer_type_top95,tabpfn_v3,v3,train,1544,HNSCC,HNSCC,2,2,1.3284752e-05,1.2981152e-05,0.9999477,1.2981152e-05,1.2981152e-05
ALL_core_cancer_type_top95,tabpfn_v3,v3,train,2779,LUAD,LUAD,4,4,1.980215e-05,1.4842632e-05,1.3594812e-05,1.9711577e-05,0.99993205
ALL_core_cancer_type_top95,tabpfn_v3,v3,train,1455,HNSCC,HNSCC,2,2,0.2833419,4.7556936e-05,0.3050575,0.20473874,0.2068143
ALL_core_cancer_type_top95,tabpfn_v3,v3,train,1222,ESCA,ESCA,1,1,1.3921674e-05,0.9999249,1.5732949e-05,1.8006358e-05,2.7460384e-05
ALL_core_cancer_type_top95,tabpfn_v3,v3,train,2943,LUAD,LUAD,4,4,1.9194367e-05,1.33228195e-05,1.3878024e-05,2.3933657e-05,0.99992967
ALL_core_cancer_type_top95,tabpfn_v3,v3,train,1477,HNSCC,HNSCC,2,2,0.2833419,4.7556936e-05,0.3050575,0.20473874,0.2068143
ALL_core_cancer_type_top95,tabpfn_v3,v3,train,376,BRCA,BRCA,0,0,0.99994445,1.298111e-05,1.3523939e-05,1.5012256e-05,1.3989369e-05
ALL_core_cancer_type_top95,tabpfn_v3,v3,train,358,BRCA,BRCA,0,0,0.99987066,1.47965675e-05,4.461675e-05,3.2388096e-05,3.7495684e-05
ALL_core_cancer_type_top95,tabpfn_v3,v3,train,2350,LSCC,LSCC,3,3,1.3873992e-05,1.2981106e-05,1.3110582e-05,0.9999442,1.5846916e-05
ALL_core_cancer_type_top95,tabpfn_v3,v3,train,2860,LUAD,LUAD,4,4,1.8299861e-05,1.3973399e-05,1.3107735e-05,2.0921703e-05,0.9999337
ALL_core_cancer_type_top95,tabpfn_v3,v3,train,1204,BRCA,BRCA,0,0,0.9999428,1.2981087e-05,1.3267578e-05,1.594818e-05,1.4940432e-05
ALL_core_cancer_type_top95,tabpfn_v3,v3,train,1048,BRCA,BRCA,0,0,0.99994355,1.2981099e-05,1.4085605e-05,1.452595e-05,1.4857423e-05
ALL_core_cancer_type_top95,tabpfn_v3,v3,train,1444,HNSCC,HNSCC,2,2,0.2833419,4.7556936e-05,0.3050575,0.20473874,0.2068143
ALL_core_cancer_type_top95,tabpfn_v3,v3,train,1211,ESCA,ESCA,1,1,0.0005688602,0.9960637,0.0008112653,0.0011966608,0.0013595198
ALL_core_cancer_type_top95,tabpfn_v3,v3,train,2434,LSCC,LSCC,3,3,1.4133704e-05,1.2981119e-05,1.3024167e-05,0.99994516,1.4692863e-05
ALL_core_cancer_type_top95,tabpfn_v3,v3,train,3025,LUAD,LUAD,4,4,1.6965183e-05,1.3350318e-05,1.341642e-05,1.9715246e-05,0.9999366
ALL_core_cancer_type_top95,tabpfn_v3,v3,train,1191,BRCA,BRCA,0,0,0.9999321,1.298095e-05,1.6644048e-05,2.1089701e-05,1.717022e-05
ALL_core_cancer_type_top95,tabpfn_v3,v3,train,58,BRCA,HNSCC,0,2,0.2833419,4.7556936e-05,0.3050575,0.20473874,0.2068143
ALL_core_cancer_type_top95,tabpfn_v3,v3,train,414,BRCA,BRCA,0,0,0.99994284,1.298109e-05,1.3428019e-05,1.5274234e-05,1.5481724e-05
ALL_core_cancer_type_top95,tabpfn_v3,v3,train,1862,HNSCC,HNSCC,2,2,0.00010965037,9.59404e-05,0.99951684,0.000179302,9.831169e-05
ALL_core_cancer_type_top95,tabpfn_v3,v3,train,733,BRCA,BRCA,0,0,0.99994457,1.29811115e-05,1.3485257e-05,1.4746935e-05,1.4236177e-05
ALL_core_cancer_type_top95,tabpfn_v3,v3,train,2548,LSCC,LSCC,3,3,1.49334255e-05,1.2981057e-05,1.33246185e-05,0.9999404,1.8339852e-05
ALL_core_cancer_type_top95,tabpfn_v3,v3,train,1936,HNSCC,LUAD,2,4,0.16444613,0.0026862475,0.1722786,0.31495166,0.34563738
ALL_core_cancer_type_top95,tabpfn_v3,v3,train,1765,HNSCC,HNSCC,2,2,1.3185952e-05,1.4552235e-05,0.9999448,1.3298291e-05,1.41692935e-05
ALL_core_cancer_type_top95,tabpfn_v3,v3,train,2771,LUAD,LUAD,4,4,3.602574e-05,2.1310327e-05,1.82643e-05,3.922839e-05,0.9998852
ALL_core_cancer_type_top95,tabpfn_v3,v3,train,1772,HNSCC,HNSCC,2,2,1.33121e-05,1.3200199e-05,0.9999473,1.3164451e-05,1.2981147e-05
ALL_core_cancer_type_top95,tabpfn_v3,v3,train,1124,BRCA,BRCA,0,0,0.9999452,1.298112e-05,1.3016088e-05,1.4614012e-05,1.4174693e-05
ALL_core_cancer_type_top95,tabpfn_v3,v3,train,1672,HNSCC,HNSCC,2,2,1.3526743e-05,1.298115e-05,0.9999475,1.298115e-05,1.298115e-05
ALL_core_cancer_type_top95,tabpfn_v3,v3,train,2106,LSCC,HNSCC,3,2,0.2833419,4.7556936e-05,0.3050575,0.20473874,0.2068143
ALL_core_cancer_type_top95,tabpfn_v3,v3,train,1088,BRCA,BRCA,0,0,0.99994445,1.2981109e-05,1.3632061e-05,1.4821197e-05,1.4048224e-05
ALL_core_cancer_type_top95,tabpfn_v3,v3,train,603,BRCA,BRCA,0,0,0.99994445,1.2981109e-05,1.3490777e-05,1.5058979e-05,1.4030515e-05
ALL_core_cancer_type_top95,tabpfn_v3,v3,train,949,BRCA,BRCA,0,0,0.99994487,1.2981115e-05,1.3162112e-05,1.46390785e-05,1.4317785e-05
ALL_core_cancer_type_top95,tabpfn_v3,v3,train,1582,HNSCC,HNSCC,2,2,1.6787368e-05,1.42824965e-05,0.9999409,1.3793247e-05,1.4333745e-05
ALL_core_cancer_type_top95,tabpfn_v3,v3,train,902,BRCA,BRCA,0,0,0.9999427,1.2981087e-05,1.4523499e-05,1.4921808e-05,1.4857372e-05
ALL_core_cancer_type_top95,tabpfn_v3,v3,train,431,BRCA,BRCA,0,0,0.9999441,1.2981106e-05,1.3140018e-05,1.5136189e-05,1.46431585e-05
ALL_core_cancer_type_top95,tabpfn_v3,v3,train,3000,LUAD,LUAD,4,4,1.9515142e-05,1.4549912e-05,1.3357213e-05,2.0337158e-05,0.9999322
ALL_core_cancer_type_top95,tabpfn_v3,v3,train,1616,HNSCC,HNSCC,2,2,1.4342384e-05,1.5334628e-05,0.9999441,1.3072716e-05,1.3172964e-05
ALL_core_cancer_type_top95,tabpfn_v3,v3,train,55,BRCA,HNSCC,0,2,0.2833419,4.7556936e-05,0.3050575,0.20473874,0.2068143
ALL_core_cancer_type_top95,tabpfn_v3,v3,train,914,BRCA,BRCA,0,0,0.9999398,1.298105e-05,1.4096083e-05,1.8077002e-05,1.50965425e-05
ALL_core_cancer_type_top95,tabpfn_v3,v3,train,618,BRCA,BRCA,0,0,0.99994487,1.2981115e-05,1.33422e-05,1.4460804e-05,1.4327793e-05
ALL_core_cancer_type_top95,tabpfn_v3,v3,train,3125,LUAD,LUAD,4,4,1.6341237e-05,1.4154394e-05,1.3210924e-05,2.1299727e-05,0.999935
ALL_core_cancer_type_top95,tabpfn_v3,v3,train,2823,LUAD,LUAD,4,4,2.1553147e-05,1.4488815e-05,1.4018328e-05,2.7638545e-05,0.9999223
ALL_core_cancer_type_top95,tabpfn_v3,v3,train,2408,LSCC,LSCC,3,3,1.3605952e-05,1.2981137e-05,1.2981137e-05,0.9999466,1.3854056e-05
ALL_core_cancer_type_top95,tabpfn_v3,v3,train,2561,LSCC,LSCC,3,3,1.632299e-05,1.3786426e-05,1.3914129e-05,0.9999363,1.972209e-05
ALL_core_cancer_type_top95,tabpfn_v3,v3,train,1043,BRCA,BRCA,0,0,0.99994355,1.2981099e-05,1.3942547e-05,1.49760435e-05,1.4518049e-05
ALL_core_cancer_type_top95,tabpfn_v3,v3,train,1206,ESCA,ESCA,1,1,1.4182331e-05,0.99991727,1.674391e-05,1.8369528e-05,3.343043e-05
ALL_core_cancer_type_top95,tabpfn_v3,v3,train,1798,HNSCC,HNSCC,2,2,8.668275e-05,0.00018795859,0.9995586,0.00010028812,6.6437344e-05
ALL_core_cancer_type_top95,tabpfn_v3,v3,train,1841,HNSCC,HNSCC,2,2,1.3760283e-05,1.3243781e-05,0.9999468,1.3091672e-05,1.3110615e-05
ALL_core_cancer_type_top95,tabpfn_v3,v3,train,673,BRCA,BRCA,0,0,0.9999446,1.2981112e-05,1.32246705e-05,1.5151659e-05,1.3994456e-05
ALL_core_cancer_type_top95,tabpfn_v3,v3,train,999,BRCA,BRCA,0,0,0.9999407,1.2981061e-05,1.3684417e-05,1.795011e-05,1.4684626e-05
ALL_core_cancer_type_top95,tabpfn_v3,v3,train,1565,HNSCC,HNSCC,2,2,1.42850095e-05,1.6273496e-05,0.9999426,1.3793771e-05,1.30510925e-05
ALL_core_cancer_type_top95,tabpfn_v3,v3,train,2203,LSCC,LSCC,3,3,1.4495379e-05,1.2981098e-05,1.3032228e-05,0.99994355,1.5921634e-05
ALL_core_cancer_type_top95,tabpfn_v3,v3,train,1859,HNSCC,HNSCC,2,2,5.4615106e-05,1.9704743e-05,0.9998723,2.689663e-05,2.6493544e-05
ALL_core_cancer_type_top95,tabpfn_v3,v3,train,1131,BRCA,BRCA,0,0,0.9999341,1.330814e-05,1.6619673e-05,1.6790995e-05,1.9207613e-05
ALL_core_cancer_type_top95,tabpfn_v3,v3,train,2533,LSCC,LSCC,3,3,1.4187146e-05,1.2981104e-05,1.2981104e-05,0.99994403,1.5806549e-05
ALL_core_cancer_type_top95,tabpfn_v3,v3,train,1849,HNSCC,HNSCC,2,2,1.3013431e-05,1.2991905e-05,0.999948,1.2981155e-05,1.2981155e-05
ALL_core_cancer_type_top95,tabpfn_v3,v3,train,826,BRCA,BRCA,0,0,0.9999443,1.2981108e-05,1.3532233e-05,1.4640713e-05,1.4483636e-05
ALL_core_cancer_type_top95,tabpfn_v3,v3,train,1846,HNSCC,HNSCC,2,2,1.7535607e-05,1.5519227e-05,0.99993455,1.6313714e-05,1.6057144e-05
ALL_core_cancer_type_top95,tabpfn_v3,v3,train,1596,HNSCC,HNSCC,2,2,1.3083549e-05,1.3795974e-05,0.999946,1.364538e-05,1.3490797e-05
ALL_core_cancer_type_top95,tabpfn_v3,v3,train,1679,HNSCC,HNSCC,2,2,1.4583229e-05,1.3194299e-05,0.9999462,1.2981132e-05,1.3051141e-05
ALL_core_cancer_type_top95,tabpfn_v3,v3,train,3099,LUAD,LUAD,4,4,2.0214586e-05,1.4347889e-05,1.3362364e-05,2.2560638e-05,0.9999295
ALL_core_cancer_type_top95,tabpfn_v3,v3,train,381,BRCA,BRCA,0,0,0.9798718,0.0021939282,0.0034532663,0.003540068,0.010940942
ALL_core_cancer_type_top95,tabpfn_v3,v3,train,2538,LSCC,LSCC,3,3,1.41902e-05,1.2981094e-05,1.3297384e-05,0.99994326,1.6255595e-05
ALL_core_cancer_type_top95,tabpfn_v3,v3,train,1137,BRCA,BRCA,0,0,0.9999459,1.2981129e-05,1.3301136e-05,1.4112975e-05,1.3693097e-05
ALL_core_cancer_type_top95,tabpfn_v3,v3,train,1022,BRCA,BRCA,0,0,0.9999435,1.2981098e-05,1.4088056e-05,1.4953178e-05,1.4480338e-05
ALL_core_cancer_type_top95,tabpfn_v3,v3,train,3009,LUAD,LUAD,4,4,1.645185e-05,1.38936075e-05,1.37801635e-05,2.4512607e-05,0.9999314
ALL_core_cancer_type_top95,tabpfn_v3,v3,train,354,BRCA,BRCA,0,0,0.99994534,1.29811215e-05,1.3162117e-05,1.4372312e-05,1.41124965e-05
ALL_core_cancer_type_top95,tabpfn_v3,v3,train,2878,LUAD,LUAD,4,4,1.578073e-05,1.5230943e-05,1.3309223e-05,1.894009e-05,0.99993676
ALL_core_cancer_type_top95,tabpfn_v3,v3,train,361,BRCA,BRCA,0,0,0.99994516,1.2981119e-05,1.3132161e-05,1.4985634e-05,1.373987e-05
ALL_core_cancer_type_top95,tabpfn_v3,v3,train,265,BRCA,BRCA,0,0,0.9999434,1.2981096e-05,1.3465518e-05,1.5651538e-05,1.447887e-05
ALL_core_cancer_type_top95,tabpfn_v3,v3,train,1775,HNSCC,HNSCC,2,2,1.3159434e-05,1.2981153e-05,0.99994785,1.2981153e-05,1.2981153e-05
ALL_core_cancer_type_top95,tabpfn_v3,v3,train,1015,BRCA,BRCA,0,0,0.9999418,1.2981076e-05,1.345559e-05,1.6244958e-05,1.5459296e-05
ALL_core_cancer_type_top95,tabpfn_v3,v3,train,1625,HNSCC,HNSCC,2,2,1.3102509e-05,1.2981155e-05,0.9999479,1.2981155e-05,1.2981155e-05
ALL_core_cancer_type_top95,tabpfn_v3,v3,train,1560,HNSCC,HNSCC,2,2,1.4880936e-05,1.4339525e-05,0.9999439,1.2981102e-05,1.3914407e-05
ALL_core_cancer_type_top95,tabpfn_v3,v3,train,2976,LUAD,LUAD,4,4,1.6411026e-05,1.5234212e-05,1.3069922e-05,1.8000212e-05,0.9999373
ALL_core_cancer_type_top95,tabpfn_v3,v3,train,2455,LSCC,LSCC,3,3,1.36205335e-05,1.33833455e-05,1.298647e-05,0.9999434,1.6683574e-05
ALL_core_cancer_type_top95,tabpfn_v3,v3,train,2351,LSCC,LSCC,3,3,1.4663367e-05,1.2981039e-05,1.3318718e-05,0.99993896,2.0067e-05
ALL_core_cancer_type_top95,tabpfn_v3,v3,train,1983,HNSCC,HNSCC,2,2,2.6485384e-05,2.3319995e-05,0.9999084,2.2159173e-05,1.96535e-05
ALL_core_cancer_type_top95,tabpfn_v3,v3,train,1866,HNSCC,HNSCC,2,2,3.2871045e-05,2.5786156e-05,0.9999016,1.8467597e-05,2.1289508e-05
ALL_core_cancer_type_top95,tabpfn_v3,v3,train,70,BRCA,HNSCC,0,2,0.2833419,4.7556936e-05,0.3050575,0.20473874,0.2068143
ALL_core_cancer_type_top95,tabpfn_v3,v3,train,2163,LSCC,LSCC,3,3,1.4280363e-05,1.2981092e-05,1.3186196e-05,0.99994314,1.6414171e-05
ALL_core_cancer_type_top95,tabpfn_v3,v3,train,2100,LSCC,HNSCC,3,2,0.2833419,4.7556936e-05,0.3050575,0.20473874,0.2068143
ALL_core_cancer_type_top95,tabpfn_v3,v3,train,1345,ESCA,ESCA,1,1,1.4994845e-05,0.99991924,1.8196612e-05,1.7758925e-05,2.9804e-05
ALL_core_cancer_type_top95,tabpfn_v3,v3,train,1949,HNSCC,HNSCC,2,2,5.109972e-05,3.5221216e-05,0.99981457,4.0841525e-05,5.8275353e-05
ALL_core_cancer_type_top95,tabpfn_v3,v3,train,2081,LSCC,HNSCC,3,2,0.2833419,4.7556936e-05,0.3050575,0.20473874,0.2068143
ALL_core_cancer_type_top95,tabpfn_v3,v3,train,2525,LSCC,LSCC,3,3,1.3776566e-05,1.2981119e-05,1.3029555e-05,0.99994516,1.5037416e-05
ALL_core_cancer_type_top95,tabpfn_v3,v3,train,2183,LSCC,LSCC,3,3,1.4457565e-05,1.2981086e-05,1.3189255e-05,0.99994266,1.669224e-05
ALL_core_cancer_type_top95,tabpfn_v3,v3,train,1843,HNSCC,HNSCC,2,2,1.7316315e-05,1.4733529e-05,0.99993944,1.4058092e-05,1.4418612e-05
ALL_core_cancer_type_top95,tabpfn_v3,v3,train,601,BRCA,BRCA,0,0,0.9999439,1.2981103e-05,1.3399426e-05,1.51444565e-05,1.4514475e-05
ALL_core_cancer_type_top95,tabpfn_v3,v3,train,596,BRCA,BRCA,0,0,0.9999425,1.2981084e-05,1.3759339e-05,1.5491276e-05,1.5251231e-05
ALL_core_cancer_type_top95,tabpfn_v3,v3,train,2496,LSCC,LSCC,3,3,2.119818e-05,1.3363741e-05,1.8953946e-05,0.9999143,3.218303e-05
ALL_core_cancer_type_top95,tabpfn_v3,v3,train,1009,BRCA,BRCA,0,0,0.999945,1.2981116e-05,1.3254363e-05,1.4529205e-05,1.422555e-05
ALL_core_cancer_type_top95,tabpfn_v3,v3,train,1969,HNSCC,HNSCC,2,2,1.3105215e-05,1.301074e-05,0.9999479,1.3008048e-05,1.2981154e-05
ALL_core_cancer_type_top95,tabpfn_v3,v3,train,60,BRCA,HNSCC,0,2,0.2833419,4.7556936e-05,0.3050575,0.20473874,0.2068143
ALL_core_cancer_type_top95,tabpfn_v3,v3,train,336,BRCA,BRCA,0,0,0.9999429,1.298109e-05,1.3345824e-05,1.5064469e-05,1.5695303e-05
ALL_core_cancer_type_top95,tabpfn_v3,v3,train,3068,LUAD,LUAD,4,4,1.5068104e-05,1.42966755e-05,1.298106e-05,1.705902e-05,0.9999406
ALL_core_cancer_type_top95,tabpfn_v3,v3,train,2076,LSCC,HNSCC,3,2,0.2833419,4.7556936e-05,0.3050575,0.20473874,0.2068143
ALL_core_cancer_type_top95,tabpfn_v3,v3,train,1400,HNSCC,HNSCC,2,2,0.2833419,4.7556936e-05,0.3050575,0.20473874,0.2068143
ALL_core_cancer_type_top95,tabpfn_v3,v3,train,2013,HNSCC,HNSCC,2,2,0.0013817997,0.0033327441,0.9935164,0.0010626527,0.00070642814
ALL_core_cancer_type_top95,tabpfn_v3,v3,train,3230,LUAD,LUAD,4,4,2.0618645e-05,1.4831278e-05,1.5468097e-05,2.4997898e-05,0.99992406
ALL_core_cancer_type_top95,tabpfn_v3,v3,train,2442,LSCC,LSCC,3,3,1.462345e-05,1.3562577e-05,1.3613258e-05,0.9999359,2.2318216e-05
ALL_core_cancer_type_top95,tabpfn_v3,v3,train,619,BRCA,BRCA,0,0,0.9999459,1.2981128e-05,1.3126858e-05,1.4649092e-05,1.3381036e-05
ALL_core_cancer_type_top95,tabpfn_v3,v3,train,3031,LUAD,LUAD,4,4,1.5512549e-05,1.42709905e-05,1.3394259e-05,1.9139941e-05,0.99993765
ALL_core_cancer_type_top95,tabpfn_v3,v3,train,2485,LSCC,LSCC,3,3,1.346292e-05,1.2981138e-05,1.2981138e-05,0.99994665,1.3972665e-05
ALL_core_cancer_type_top95,tabpfn_v3,v3,train,2279,LSCC,LSCC,3,3,1.3167075e-05,1.2981141e-05,1.2981141e-05,0.99994683,1.4066175e-05
ALL_core_cancer_type_top95,tabpfn_v3,v3,train,213,BRCA,BRCA,0,0,0.9999432,1.2981092e-05,1.3488991e-05,1.4812564e-05,1.5473244e-05
ALL_core_cancer_type_top95,tabpfn_v3,v3,train,1037,BRCA,BRCA,0,0,0.99994576,1.2981127e-05,1.3562708e-05,1.39572385e-05,1.3713076e-05
ALL_core_cancer_type_top95,tabpfn_v3,v3,train,988,BRCA,BRCA,0,0,0.9999383,1.2981029e-05,1.4494752e-05,1.8740038e-05,1.5475582e-05
ALL_core_cancer_type_top95,tabpfn_v3,v3,train,2495,LSCC,LSCC,3,3,1.3777038e-05,1.2981025e-05,1.4147175e-05,0.99993795,2.1167736e-05
ALL_core_cancer_type_top95,tabpfn_v3,v3,train,2141,LSCC,LSCC,3,3,1.4320861e-05,1.2981109e-05,1.3137681e-05,0.9999443,1.5256603e-05
ALL_core_cancer_type_top95,tabpfn_v3,v3,train,1748,HNSCC,HNSCC,2,2,1.3043072e-05,1.2981155e-05,0.99994797,1.2981155e-05,1.2981155e-05
ALL_core_cancer_type_top95,tabpfn_v3,v3,train,1078,BRCA,BRCA,0,0,0.99994516,1.2981119e-05,1.3040339e-05,1.4817457e-05,1.3964789e-05
ALL_core_cancer_type_top95,tabpfn_v3,v3,train,1617,HNSCC,HNSCC,2,2,4.0610335e-05,3.4269695e-05,0.9998362,3.840791e-05,5.052343e-05
ALL_core_cancer_type_top95,tabpfn_v3,v3,train,1003,BRCA,BRCA,0,0,0.9999446,1.29811115e-05,1.29864875e-05,1.51865415e-05,1.4213672e-05
ALL_core_cancer_type_top95,tabpfn_v3,v3,train,2149,LSCC,LSCC,3,3,1.4708351e-05,1.2981063e-05,1.3332109e-05,0.9999409,1.8130291e-05
ALL_core_cancer_type_top95,tabpfn_v3,v3,train,386,BRCA,BRCA,0,0,0.9999448,1.2981114e-05,1.3273784e-05,1.454371e-05,1.4360178e-05
ALL_core_cancer_type_top95,tabpfn_v3,v3,train,1977,HNSCC,HNSCC,2,2,1.6744027e-05,2.212955e-05,0.9999305,1.59574e-05,1.4691936e-05
ALL_core_cancer_type_top95,tabpfn_v3,v3,train,1230,ESCA,ESCA,1,1,1.35933615e-05,0.9999335,1.4746812e-05,1.545309e-05,2.278529e-05
ALL_core_cancer_type_top95,tabpfn_v3,v3,train,327,BRCA,BRCA,0,0,0.99994546,1.2981123e-05,1.2989187e-05,1.4503018e-05,1.4095343e-05
ALL_core_cancer_type_top95,tabpfn_v3,v3,train,1721,HNSCC,HNSCC,2,2,1.356549e-05,1.3512907e-05,0.9999467,1.3261497e-05,1.298114e-05
ALL_core_cancer_type_top95,tabpfn_v3,v3,train,3106,LUAD,LUAD,4,4,1.4417011e-05,1.3640354e-05,1.3005265e-05,1.7973876e-05,0.999941
ALL_core_cancer_type_top95,tabpfn_v3,v3,train,80,BRCA,HNSCC,0,2,0.2833419,4.7556936e-05,0.3050575,0.20473874,0.2068143
ALL_core_cancer_type_top95,tabpfn_v3,v3,train,2215,LSCC,LSCC,3,3,0.12953281,0.0013745726,0.13931368,0.49165356,0.23812535
ALL_core_cancer_type_top95,tabpfn_v3,v3,train,71,BRCA,HNSCC,0,2,0.2833419,4.7556936e-05,0.3050575,0.20473874,0.2068143
ALL_core_cancer_type_top95,tabpfn_v3,v3,train,703,BRCA,BRCA,0,0,0.99994475,1.2981114e-05,1.3344943e-05,1.493085e-05,1.39914255e-05
ALL_core_cancer_type_top95,tabpfn_v3,v3,train,2240,LSCC,LSCC,3,3,1.8398125e-05,1.38079e-05,1.4561236e-05,0.999931,2.2258682e-05
ALL_core_cancer_type_top95,tabpfn_v3,v3,train,2256,LSCC,LSCC,3,3,1.4932364e-05,1.2981035e-05,1.3420914e-05,0.99993867,2.0022144e-05
ALL_core_cancer_type_top95,tabpfn_v3,v3,train,1121,BRCA,BRCA,0,0,0.99994594,1.298113e-05,1.3323034e-05,1.4079833e-05,1.3668887e-05
ALL_core_cancer_type_top95,tabpfn_v3,v3,train,485,BRCA,BRCA,0,0,0.99994236,1.2981082e-05,1.3392303e-05,1.5467327e-05,1.5812571e-05
ALL_core_cancer_type_top95,tabpfn_v3,v3,train,2241,LSCC,LSCC,3,3,1.3889178e-05,1.3874042e-05,1.4687285e-05,0.99993575,2.1810614e-05
ALL_core_cancer_type_top95,tabpfn_v3,v3,train,2777,LUAD,LUAD,4,4,1.4766244e-05,1.4773634e-05,1.306995e-05,1.795175e-05,0.99993944
ALL_core_cancer_type_top95,tabpfn_v3,v3,train,1346,ESCA,ESCA,1,1,1.4128138e-05,0.9999292,1.542736e-05,1.6675032e-05,2.454814e-05
ALL_core_cancer_type_top95,tabpfn_v3,v3,train,2585,LSCC,LSCC,3,3,1.298101e-05,1.3877784e-05,1.4085664e-05,0.9999367,2.236942e-05
ALL_core_cancer_type_top95,tabpfn_v3,v3,train,1603,HNSCC,HNSCC,2,2,2.5046213e-05,2.2284717e-05,0.9999139,2.0334364e-05,1.849373e-05
ALL_core_cancer_type_top95,tabpfn_v3,v3,train,690,BRCA,BRCA,0,0,0.99994266,1.2981087e-05,1.3581328e-05,1.6113094e-05,1.4667827e-05
ALL_core_cancer_type_top95,tabpfn_v3,v3,train,996,BRCA,BRCA,0,0,0.9999436,1.2981099e-05,1.314036e-05,1.5101522e-05,1.5215742e-05
ALL_core_cancer_type_top95,tabpfn_v3,v3,train,1886,HNSCC,HNSCC,2,2,1.305656e-05,1.3192043e-05,0.9999478,1.2981153e-05,1.2989217e-05
ALL_core_cancer_type_top95,tabpfn_v3,v3,train,2453,LSCC,LSCC,3,3,1.4090376e-05,1.2981107e-05,1.3251931e-05,0.9999442,1.5415335e-05
ALL_core_cancer_type_top95,tabpfn_v3,v3,train,111,BRCA,HNSCC,0,2,0.2833419,4.7556936e-05,0.3050575,0.20473874,0.2068143
ALL_core_cancer_type_top95,tabpfn_v3,v3,train,2137,LSCC,LSCC,3,3,1.4266522e-05,1.298108e-05,1.298108e-05,0.9999422,1.7567665e-05
ALL_core_cancer_type_top95,tabpfn_v3,v3,train,2245,LSCC,LSCC,3,3,1.47133005e-05,1.3013348e-05,1.2997202e-05,0.9999415,1.778329e-05
ALL_core_cancer_type_top95,tabpfn_v3,v3,train,3001,LUAD,LUAD,4,4,1.5029821e-05,1.5832615e-05,1.386267e-05,2.639597e-05,0.9999289
ALL_core_cancer_type_top95,tabpfn_v3,v3,train,1201,BRCA,BRCA,0,0,0.9999453,1.2981121e-05,1.3342205e-05,1.4527424e-05,1.3846147e-05
ALL_core_cancer_type_top95,tabpfn_v3,v3,train,810,BRCA,BRCA,0,0,0.99994296,1.298109e-05,1.3321365e-05,1.4634871e-05,1.6081272e-05
ALL_core_cancer_type_top95,tabpfn_v3,v3,train,2063,LSCC,HNSCC,3,2,0.2833419,4.7556936e-05,0.3050575,0.20473874,0.2068143
ALL_core_cancer_type_top95,tabpfn_v3,v3,train,2208,LSCC,LSCC,3,3,1.459568e-05,1.3013327e-05,1.3164439e-05,0.9999399,1.9311034e-05
ALL_core_cancer_type_top95,tabpfn_v3,v3,train,356,BRCA,BRCA,0,0,0.999894,1.3422252e-05,3.773435e-05,2.4332443e-05,3.055802e-05
ALL_core_cancer_type_top95,tabpfn_v3,v3,train,2117,LSCC,HNSCC,3,2,0.2833419,4.7556936e-05,0.3050575,0.20473874,0.2068143
ALL_core_cancer_type_top95,tabpfn_v3,v3,train,97,BRCA,HNSCC,0,2,0.2833419,4.7556936e-05,0.3050575,0.20473874,0.2068143
ALL_core_cancer_type_top95,tabpfn_v3,v3,train,233,BRCA,BRCA,0,0,0.9999459,1.2981127e-05,1.3053834e-05,1.4378629e-05,1.3708625e-05
ALL_core_cancer_type_top95,tabpfn_v3,v3,train,1615,HNSCC,HNSCC,2,2,2.2076567e-05,1.897325e-05,0.9999144,2.154448e-05,2.3005823e-05
ALL_core_cancer_type_top95,tabpfn_v3,v3,train,615,BRCA,BRCA,0,0,0.9999443,1.2981108e-05,1.326788e-05,1.5059601e-05,1.424867e-05
ALL_core_cancer_type_top95,tabpfn_v3,v3,train,3156,LUAD,LUAD,4,4,2.4436049e-05,1.5443225e-05,1.4223143e-05,2.810712e-05,0.9999178
ALL_core_cancer_type_top95,tabpfn_v3,v3,train,256,BRCA,BRCA,0,0,0.99994504,1.2981116e-05,1.3153967e-05,1.5079908e-05,1.3755507e-05
ALL_core_cancer_type_top95,tabpfn_v3,v3,train,24,BRCA,HNSCC,0,2,0.2833419,4.7556936e-05,0.3050575,0.20473874,0.2068143
ALL_core_cancer_type_top95,tabpfn_v3,v3,train,1026,BRCA,BRCA,0,0,0.99994236,1.2981083e-05,1.355361e-05,1.592386e-05,1.5175311e-05
ALL_core_cancer_type_top95,tabpfn_v3,v3,train,3133,LUAD,LUAD,4,4,1.8940797e-05,1.8693056e-05,1.4609783e-05,2.7945336e-05,0.99991983
ALL_core_cancer_type_top95,tabpfn_v3,v3,train,1531,HNSCC,HNSCC,2,2,0.000107881584,6.883469e-05,0.99959296,9.21588e-05,0.00013821777
ALL_core_cancer_type_top95,tabpfn_v3,v3,train,1644,HNSCC,HNSCC,2,2,1.352397e-05,1.3213805e-05,0.99994695,1.3021498e-05,1.3309357e-05
ALL_core_cancer_type_top95,tabpfn_v3,v3,train,2236,LSCC,LSCC,3,3,1.7216738e-05,1.5866608e-05,2.4433466e-05,0.9998875,5.4999968e-05
ALL_core_cancer_type_top95,tabpfn_v3,v3,train,158,BRCA,BRCA,0,0,0.99993956,1.2981046e-05,1.5607087e-05,1.6225214e-05,1.5613481e-05
ALL_core_cancer_type_top95,tabpfn_v3,v3,train,2643,LUAD,HNSCC,4,2,0.2833419,4.7556936e-05,0.3050575,0.20473874,0.2068143
ALL_core_cancer_type_top95,tabpfn_v3,v3,train,1663,HNSCC,HNSCC,2,2,1.4035648e-05,1.2981142e-05,0.99994695,1.2981142e-05,1.3024191e-05
ALL_core_cancer_type_top95,tabpfn_v3,v3,train,1606,HNSCC,HNSCC,2,2,1.4113709e-05,1.4458026e-05,0.9999442,1.3333389e-05,1.3861072e-05
ALL_core_cancer_type_top95,tabpfn_v3,v3,train,2003,HNSCC,HNSCC,2,2,1.5852273e-05,2.813939e-05,0.99992263,1.8455168e-05,1.4929039e-05
ALL_core_cancer_type_top95,tabpfn_v3,v3,train,853,BRCA,BRCA,0,0,0.9999457,1.2981125e-05,1.3320292e-05,1.4562518e-05,1.3496879e-05
ALL_core_cancer_type_top95,tabpfn_v3,v3,train,249,BRCA,BRCA,0,0,0.9999403,1.2981056e-05,1.4586551e-05,1.5685457e-05,1.6424858e-05
ALL_core_cancer_type_top95,tabpfn_v3,v3,train,3029,LUAD,LUAD,4,4,2.4003331e-05,1.8093424e-05,1.5146247e-05,3.2327378e-05,0.9999104
ALL_core_cancer_type_top95,tabpfn_v3,v3,train,2541,LSCC,LSCC,3,3,1.3507368e-05,1.2981126e-05,1.2981126e-05,0.99994576,1.4752808e-05
ALL_core_cancer_type_top95,tabpfn_v3,v3,train,1940,HNSCC,HNSCC,2,2,1.3512902e-05,1.3967933e-05,0.9999464,1.3032267e-05,1.3043027e-05
ALL_core_cancer_type_top95,tabpfn_v3,v3,train,2087,LSCC,HNSCC,3,2,0.2833419,4.7556936e-05,0.3050575,0.20473874,0.2068143
ALL_core_cancer_type_top95,tabpfn_v3,v3,train,2225,LSCC,LSCC,3,3,1.495716e-05,1.2981076e-05,1.35221835e-05,0.9999418,1.6662394e-05
ALL_core_cancer_type_top95,tabpfn_v3,v3,train,2138,LSCC,LSCC,3,3,1.4621085e-05,1.2981059e-05,1.2991808e-05,0.99994045,1.896317e-05
ALL_core_cancer_type_top95,tabpfn_v3,v3,train,3081,LUAD,LUAD,4,4,1.5789197e-05,1.47099845e-05,1.3181033e-05,1.8788425e-05,0.99993753
ALL_core_cancer_type_top95,tabpfn_v3,v3,train,525,BRCA,BRCA,0,0,0.9999375,1.2981019e-05,1.4617442e-05,1.8105466e-05,1.6829714e-05
ALL_core_cancer_type_top95,tabpfn_v3,v3,train,1535,HNSCC,HNSCC,2,2,1.3251978e-05,1.2981152e-05,0.9999478,1.2981152e-05,1.2981152e-05
ALL_core_cancer_type_top95,tabpfn_v3,v3,train,547,BRCA,BRCA,0,0,0.9999287,1.2980906e-05,2.1441585e-05,1.7452916e-05,1.9396779e-05
ALL_core_cancer_type_top95,tabpfn_v3,v3,train,2464,LSCC,LSCC,3,3,1.43049965e-05,1.2981121e-05,1.30080125e-05,0.9999452,1.4499798e-05
ALL_core_cancer_type_top95,tabpfn_v3,v3,train,1341,ESCA,ESCA,1,1,1.3362098e-05,0.9999235,1.595908e-05,1.4824698e-05,3.228696e-05
ALL_core_cancer_type_top95,tabpfn_v3,v3,train,264,BRCA,BRCA,0,0,0.99994457,1.2981111e-05,1.3937091e-05,1.41953715e-05,1.432271e-05
ALL_core_cancer_type_top95,tabpfn_v3,v3,train,598,BRCA,BRCA,0,0,0.9998993,1.32186115e-05,3.249983e-05,2.3515106e-05,3.1437045e-05
ALL_core_cancer_type_top95,tabpfn_v3,v3,train,2443,LSCC,LSCC,3,3,1.3443801e-05,1.2981135e-05,1.2981135e-05,0.9999464,1.4193535e-05
ALL_core_cancer_type_top95,tabpfn_v3,v3,train,1927,HNSCC,HNSCC,2,2,8.85557e-05,7.9990474e-05,0.9997218,5.6631547e-05,5.3006795e-05
ALL_core_cancer_type_top95,tabpfn_v3,v3,train,1555,HNSCC,HNSCC,2,2,1.3232889e-05,1.2981153e-05,0.9999478,1.2981153e-05,1.2981153e-05
ALL_core_cancer_type_top95,tabpfn_v3,v3,train,128,BRCA,BRCA,0,0,0.9999354,1.309152e-05,1.922343e-05,1.4666775e-05,1.760725e-05
ALL_core_cancer_type_top95,tabpfn_v3,v3,train,965,BRCA,BRCA,0,0,0.9999465,1.2981136e-05,1.3059243e-05,1.411499e-05,1.3370853e-05
ALL_core_cancer_type_top95,tabpfn_v3,v3,train,895,BRCA,BRCA,0,0,0.9999459,1.2981127e-05,1.3124145e-05,1.43302495e-05,1.3719989e-05
ALL_core_cancer_type_top95,tabpfn_v3,v3,train,1526,HNSCC,HNSCC,2,2,1.32956875e-05,1.29811515e-05,0.9999477,1.29811515e-05,1.29811515e-05
ALL_core_cancer_type_top95,tabpfn_v3,v3,train,3119,LUAD,LUAD,4,4,1.635815e-05,1.3202816e-05,1.3364778e-05,1.767684e-05,0.9999394
ALL_core_cancer_type_top95,tabpfn_v3,v3,train,57,BRCA,HNSCC,0,2,0.2833419,4.7556936e-05,0.3050575,0.20473874,0.2068143
ALL_core_cancer_type_top95,tabpfn_v3,v3,train,1931,HNSCC,HNSCC,2,2,2.8517154e-05,1.8868688e-05,0.9999135,1.8064025e-05,2.103597e-05
ALL_core_cancer_type_top95,tabpfn_v3,v3,train,574,BRCA,BRCA,0,0,0.99994236,1.2981082e-05,1.4044083e-05,1.5572676e-05,1.5043842e-05
ALL_core_cancer_type_top95,tabpfn_v3,v3,train,170,BRCA,BRCA,0,0,0.9999454,1.29811215e-05,1.3059229e-05,1.462563e-05,1.3955787e-05
ALL_core_cancer_type_top95,tabpfn_v3,v3,train,2095,LSCC,HNSCC,3,2,0.2833419,4.7556936e-05,0.3050575,0.20473874,0.2068143
ALL_core_cancer_type_top95,tabpfn_v3,v3,train,3104,LUAD,LUAD,4,4,1.5467951e-05,1.5128471e-05,1.3251811e-05,2.1168134e-05,0.999935
ALL_core_cancer_type_top95,tabpfn_v3,v3,train,2733,LUAD,LUAD,4,4,2.168275e-05,2.0267074e-05,1.7930128e-05,4.083402e-05,0.99989927
ALL_core_cancer_type_top95,tabpfn_v3,v3,train,1445,HNSCC,HNSCC,2,2,0.2833419,4.7556936e-05,0.3050575,0.20473874,0.2068143
ALL_core_cancer_type_top95,tabpfn_v3,v3,train,2871,LUAD,LUAD,4,4,1.8204482e-05,1.4474402e-05,1.3547192e-05,2.3633282e-05,0.99993014
ALL_core_cancer_type_top95,tabpfn_v3,v3,train,132,BRCA,BRCA,0,0,0.99994606,1.2981131e-05,1.3183864e-05,1.4321965e-05,1.3488046e-05
ALL_core_cancer_type_top95,tabpfn_v3,v3,train,519,BRCA,BRCA,0,0,0.99993014,1.2980923e-05,1.7510174e-05,2.2253076e-05,1.7112536e-05
ALL_core_cancer_type_top95,tabpfn_v3,v3,train,594,BRCA,BRCA,0,0,0.99994594,1.2981129e-05,1.3309345e-05,1.3851649e-05,1.3965379e-05
ALL_core_cancer_type_top95,tabpfn_v3,v3,train,1621,HNSCC,HNSCC,2,2,1.3866691e-05,1.4145161e-05,0.99994594,1.298113e-05,1.3051138e-05
ALL_core_cancer_type_top95,tabpfn_v3,v3,train,652,BRCA,BRCA,0,0,0.999944,1.2981104e-05,1.3126645e-05,1.5336866e-05,1.4629293e-05
ALL_core_cancer_type_top95,tabpfn_v3,v3,train,1581,HNSCC,HNSCC,2,2,1.346594e-05,1.4664071e-05,0.9999448,1.3156601e-05,1.3912206e-05
ALL_core_cancer_type_top95,tabpfn_v3,v3,train,1281,ESCA,ESCA,1,1,1.4640973e-05,0.9999209,1.6600894e-05,1.8514153e-05,2.930857e-05
ALL_core_cancer_type_top95,tabpfn_v3,v3,train,852,BRCA,BRCA,0,0,0.999934,1.5563399e-05,1.7302375e-05,1.6654125e-05,1.6487082e-05
ALL_core_cancer_type_top95,tabpfn_v3,v3,train,1336,ESCA,ESCA,1,1,1.3224457e-05,0.9999287,1.572021e-05,1.6597807e-05,2.573467e-05
ALL_core_cancer_type_top95,tabpfn_v3,v3,train,1950,HNSCC,LSCC,2,3,0.14059955,0.005871821,0.14882043,0.37636095,0.32834727
ALL_core_cancer_type_top95,tabpfn_v3,v3,train,1943,HNSCC,HNSCC,2,2,1.5940572e-05,1.2981108e-05,0.9999443,1.3024156e-05,1.3690478e-05
ALL_core_cancer_type_top95,tabpfn_v3,v3,train,2686,LUAD,HNSCC,4,2,0.2833419,4.7556936e-05,0.3050575,0.20473874,0.2068143
ALL_core_cancer_type_top95,tabpfn_v3,v3,train,1828,HNSCC,HNSCC,2,2,1.3712792e-05,1.581104e-05,0.99994427,1.2981107e-05,1.3218406e-05
ALL_core_cancer_type_top95,tabpfn_v3,v3,train,290,BRCA,BRCA,0,0,0.99994266,1.2997217e-05,1.3597399e-05,1.5594407e-05,1.51359545e-05
ALL_core_cancer_type_top95,tabpfn_v3,v3,train,1641,HNSCC,HNSCC,2,2,1.396794e-05,1.3080844e-05,0.9999469,1.2981142e-05,1.3067349e-05
ALL_core_cancer_type_top95,tabpfn_v3,v3,train,1066,BRCA,BRCA,0,0,0.9999456,1.2981125e-05,1.3105186e-05,1.42749295e-05,1.4047806e-05
ALL_core_cancer_type_top95,tabpfn_v3,v3,train,2907,LUAD,LUAD,4,4,1.8573723e-05,1.3818204e-05,1.3654573e-05,2.133683e-05,0.99993265
ALL_core_cancer_type_top95,tabpfn_v3,v3,train,1842,HNSCC,HNSCC,2,2,1.3715618e-05,1.3143141e-05,0.9999471,1.2981143e-05,1.30457565e-05
ALL_core_cancer_type_top95,tabpfn_v3,v3,train,1054,BRCA,BRCA,0,0,0.99994284,1.2981089e-05,1.453088e-05,1.4950582e-05,1.46727125e-05
ALL_core_cancer_type_top95,tabpfn_v3,v3,train,2044,LSCC,HNSCC,3,2,0.2833419,4.7556936e-05,0.3050575,0.20473874,0.2068143
ALL_core_cancer_type_top95,tabpfn_v3,v3,train,291,BRCA,BRCA,0,0,0.99994296,1.298109e-05,1.3501805e-05,1.546343e-05,1.505134e-05
ALL_core_cancer_type_top95,tabpfn_v3,v3,train,3041,LUAD,LUAD,4,4,1.5904045e-05,1.4223147e-05,1.32409095e-05,2.0744641e-05,0.99993587
ALL_core_cancer_type_top95,tabpfn_v3,v3,train,2129,LSCC,LSCC,3,3,1.494568e-05,1.2981049e-05,1.3258845e-05,0.9999397,1.9140076e-05
ALL_core_cancer_type_top95,tabpfn_v3,v3,train,2173,LSCC,LSCC,3,3,1.4511394e-05,1.2981063e-05,1.3191298e-05,0.9999409,1.8441495e-05
ALL_core_cancer_type_top95,tabpfn_v3,v3,train,1871,HNSCC,HNSCC,2,2,2.5208006e-05,1.6003769e-05,0.9999249,1.6352773e-05,1.7555923e-05
ALL_core_cancer_type_top95,tabpfn_v3,v3,train,937,BRCA,BRCA,0,0,0.9999432,1.2981093e-05,1.31918305e-05,1.556381e-05,1.5104629e-05
ALL_core_cancer_type_top95,tabpfn_v3,v3,train,66,BRCA,HNSCC,0,2,0.2833419,4.7556936e-05,0.3050575,0.20473874,0.2068143
ALL_core_cancer_type_top95,tabpfn_v3,v3,train,2038,LSCC,HNSCC,3,2,0.2833419,4.7556936e-05,0.3050575,0.20473874,0.2068143
ALL_core_cancer_type_top95,tabpfn_v3,v3,train,555,BRCA,BRCA,0,0,0.9999455,1.2981123e-05,1.3427372e-05,1.4544925e-05,1.3560538e-05
ALL_core_cancer_type_top95,tabpfn_v3,v3,train,373,BRCA,BRCA,0,0,0.9999443,1.2981107e-05,1.3118708e-05,1.4945661e-05,1.460914e-05
ALL_core_cancer_type_top95,tabpfn_v3,v3,train,2757,LUAD,LUAD,4,4,1.7920276e-05,1.6625505e-05,1.453983e-05,2.5705904e-05,0.9999252
ALL_core_cancer_type_top95,tabpfn_v3,v3,train,1832,HNSCC,HNSCC,2,2,1.3504617e-05,1.3710034e-05,0.9999466,1.3175715e-05,1.3013413e-05
ALL_core_cancer_type_top95,tabpfn_v3,v3,train,1571,HNSCC,HNSCC,2,2,5.3692213e-05,3.170006e-05,0.99985546,3.266371e-05,2.6473046e-05
ALL_core_cancer_type_top95,tabpfn_v3,v3,train,1135,BRCA,BRCA,0,0,0.9997605,2.4275561e-05,6.790734e-05,5.4349333e-05,9.296764e-05
ALL_core_cancer_type_top95,tabpfn_v3,v3,train,309,BRCA,BRCA,0,0,0.99993676,1.298101e-05,1.4003667e-05,1.7004162e-05,1.9278328e-05
ALL_core_cancer_type_top95,tabpfn_v3,v3,train,257,BRCA,BRCA,0,0,0.9999466,1.2981138e-05,1.2989201e-05,1.4161395e-05,1.32857485e-05
ALL_core_cancer_type_top95,tabpfn_v3,v3,train,2813,LUAD,LUAD,4,4,1.8428582e-05,1.4052393e-05,1.42107765e-05,2.0885214e-05,0.9999324
ALL_core_cancer_type_top95,tabpfn_v3,v3,train,768,BRCA,BRCA,0,0,0.9999429,1.2981091e-05,1.390019e-05,1.4914622e-05,1.533098e-05
ALL_core_cancer_type_top95,tabpfn_v3,v3,train,500,BRCA,BRCA,0,0,0.9999447,1.2981112e-05,1.30268545e-05,1.4899125e-05,1.4338648e-05
ALL_core_cancer_type_top95,tabpfn_v3,v3,train,682,BRCA,BRCA,0,0,0.9999454,1.2981122e-05,1.2983811e-05,1.4408652e-05,1.4214571e-05
ALL_core_cancer_type_top95,tabpfn_v3,v3,train,2332,LSCC,LSCC,3,3,1.3961149e-05,1.2981109e-05,1.2981109e-05,0.9999444,1.5675e-05
ALL_core_cancer_type_top95,tabpfn_v3,v3,train,801,BRCA,BRCA,0,0,0.99993634,1.31701445e-05,1.5442429e-05,1.7571616e-05,1.749674e-05
ALL_core_cancer_type_top95,tabpfn_v3,v3,train,1225,ESCA,ESCA,1,1,1.9916788e-05,0.9998786,2.8877994e-05,3.1070755e-05,4.162759e-05
ALL_core_cancer_type_top95,tabpfn_v3,v3,train,3037,LUAD,LUAD,4,4,1.647511e-05,1.742854e-05,1.3388624e-05,2.5490783e-05,0.9999272
ALL_core_cancer_type_top95,tabpfn_v3,v3,train,1702,HNSCC,HNSCC,2,2,1.3615425e-05,1.3292945e-05,0.999947,1.2981143e-05,1.3099791e-05
ALL_core_cancer_type_top95,tabpfn_v3,v3,train,69,BRCA,HNSCC,0,2,0.2833419,4.7556936e-05,0.3050575,0.20473874,0.2068143
ALL_core_cancer_type_top95,tabpfn_v3,v3,train,1150,BRCA,BRCA,0,0,0.9999434,1.2981096e-05,1.318055e-05,1.472423e-05,1.5736767e-05
ALL_core_cancer_type_top95,tabpfn_v3,v3,train,2085,LSCC,HNSCC,3,2,0.2833419,4.7556936e-05,0.3050575,0.20473874,0.2068143
ALL_core_cancer_type_top95,tabpfn_v3,v3,train,2486,LSCC,LSCC,3,3,1.4212635e-05,1.2981102e-05,1.2981102e-05,0.99994385,1.601452e-05
ALL_core_cancer_type_top95,tabpfn_v3,v3,train,738,BRCA,BRCA,0,0,0.99994487,1.2981115e-05,1.2981115e-05,1.494994e-05,1.4200155e-05
ALL_core_cancer_type_top95,tabpfn_v3,v3,train,670,BRCA,BRCA,0,0,0.99994475,1.2981113e-05,1.308083e-05,1.5195347e-05,1.3985628e-05
ALL_core_cancer_type_top95,tabpfn_v3,v3,train,2148,LSCC,LSCC,3,3,1.4580008e-05,1.29810805e-05,1.3164789e-05,0.9999423,1.6980543e-05
ALL_core_cancer_type_top95,tabpfn_v3,v3,train,2139,LSCC,LSCC,3,3,1.4301157e-05,1.2981106e-05,1.2981106e-05,0.9999442,1.5521688e-05
ALL_core_cancer_type_top95,tabpfn_v3,v3,train,643,BRCA,BRCA,0,0,0.9999439,1.2981102e-05,1.3558392e-05,1.5017958e-05,1.4550516e-05
ALL_core_cancer_type_top95,tabpfn_v3,v3,train,590,BRCA,BRCA,0,0,0.999944,1.2981103e-05,1.43662255e-05,1.4235124e-05,1.4419468e-05
ALL_core_cancer_type_top95,tabpfn_v3,v3,train,593,BRCA,BRCA,0,0,0.9999423,1.2981081e-05,1.430012e-05,1.5141501e-05,1.5251346e-05
ALL_core_cancer_type_top95,tabpfn_v3,v3,train,461,BRCA,BRCA,0,0,0.99994326,1.2981095e-05,1.3199543e-05,1.504199e-05,1.5565398e-05
ALL_core_cancer_type_top95,tabpfn_v3,v3,train,1805,HNSCC,HNSCC,2,2,1.312417e-05,1.3145482e-05,0.9999478,1.2981152e-05,1.2981152e-05
ALL_core_cancer_type_top95,tabpfn_v3,v3,train,2894,LUAD,LUAD,4,4,1.740716e-05,1.4359354e-05,1.3457861e-05,2.28087e-05,0.999932
ALL_core_cancer_type_top95,tabpfn_v3,v3,train,928,BRCA,BRCA,0,0,0.99994105,1.2981066e-05,1.3763072e-05,1.5953716e-05,1.620352e-05
ALL_core_cancer_type_top95,tabpfn_v3,v3,train,834,BRCA,BRCA,0,0,0.99994344,1.2981097e-05,1.40243055e-05,1.5001634e-05,1.4571845e-05
ALL_core_cancer_type_top95,tabpfn_v3,v3,train,286,BRCA,BRCA,0,0,0.9999457,1.2981126e-05,1.2997257e-05,1.4372991e-05,1.39764e-05
ALL_core_cancer_type_top95,tabpfn_v3,v3,train,420,BRCA,BRCA,0,0,0.9999441,1.2981105e-05,1.3574996e-05,1.5056874e-05,1.4255775e-05
ALL_core_cancer_type_top95,tabpfn_v3,v3,train,1454,HNSCC,HNSCC,2,2,0.2833419,4.7556936e-05,0.3050575,0.20473874,0.2068143
ALL_core_cancer_type_top95,tabpfn_v3,v3,train,1156,BRCA,BRCA,0,0,0.99994147,1.29810705e-05,1.4874354e-05,1.5963746e-05,1.467285e-05
ALL_core_cancer_type_top95,tabpfn_v3,v3,train,552,BRCA,BRCA,0,0,0.9999454,1.2981123e-05,1.3805018e-05,1.40459815e-05,1.3738713e-05
ALL_core_cancer_type_top95,tabpfn_v3,v3,train,440,BRCA,BRCA,0,0,0.99994224,1.2981081e-05,1.3645733e-05,1.5467669e-05,1.5651349e-05
ALL_core_cancer_type_top95,tabpfn_v3,v3,train,1276,ESCA,ESCA,1,1,4.5348486e-05,0.9996017,4.157514e-05,0.00010429477,0.00020699618
ALL_core_cancer_type_top95,tabpfn_v3,v3,train,2321,LSCC,LSCC,3,3,1.4361699e-05,1.2981085e-05,1.3134946e-05,0.99994254,1.699156e-05
ALL_core_cancer_type_top95,tabpfn_v3,v3,train,1688,HNSCC,HNSCC,2,2,1.3394386e-05,1.349081e-05,0.999947,1.3086265e-05,1.2981142e-05
ALL_core_cancer_type_top95,tabpfn_v3,v3,train,323,BRCA,BRCA,0,0,0.9999454,1.2981123e-05,1.3320288e-05,1.4580144e-05,1.3727815e-05
ALL_core_cancer_type_top95,tabpfn_v3,v3,train,3114,LUAD,LUAD,4,4,1.9431858e-05,1.7718801e-05,1.4124818e-05,2.543997e-05,0.9999233
ALL_core_cancer_type_top95,tabpfn_v3,v3,train,2970,LUAD,LUAD,4,4,2.0099491e-05,1.5732781e-05,1.45225085e-05,2.6870683e-05,0.99992275
ALL_core_cancer_type_top95,tabpfn_v3,v3,train,2289,LSCC,LSCC,3,3,2.1077252e-05,1.693509e-05,2.3243574e-05,0.9999045,3.425876e-05
ALL_core_cancer_type_top95,tabpfn_v3,v3,train,799,BRCA,BRCA,0,0,0.9999412,1.2981067e-05,1.3945411e-05,1.4925395e-05,1.6992375e-05
ALL_core_cancer_type_top95,tabpfn_v3,v3,train,573,BRCA,BRCA,0,0,0.9999449,1.2981116e-05,1.29838045e-05,1.4814743e-05,1.4291748e-05
ALL_core_cancer_type_top95,tabpfn_v3,v3,train,193,BRCA,BRCA,0,0,0.9999398,1.2981049e-05,1.4522027e-05,1.5700938e-05,1.6972219e-05
ALL_core_cancer_type_top95,tabpfn_v3,v3,train,1233,ESCA,ESCA,1,1,1.9760606e-05,0.9998728,2.5204961e-05,2.8161536e-05,5.403961e-05
ALL_core_cancer_type_top95,tabpfn_v3,v3,train,352,BRCA,BRCA,0,0,0.99994445,1.2981111e-05,1.3325103e-05,1.4640301e-05,1.453015e-05
ALL_core_cancer_type_top95,tabpfn_v3,v3,train,1888,HNSCC,HNSCC,2,2,1.6140464e-05,1.4062296e-05,0.9999409,1.4153266e-05,1.4780654e-05
ALL_core_cancer_type_top95,tabpfn_v3,v3,train,3084,LUAD,LUAD,4,4,1.9570256e-05,2.2411032e-05,1.374348e-05,2.58526e-05,0.99991846
ALL_core_cancer_type_top95,tabpfn_v3,v3,train,1288,ESCA,ESCA,1,1,1.5486266e-05,0.9999102,1.7378206e-05,2.2184247e-05,3.4765733e-05
ALL_core_cancer_type_top95,tabpfn_v3,v3,train,2847,LUAD,LUAD,4,4,1.717871e-05,1.5886808e-05,1.3311903e-05,2.0860525e-05,0.99993277
ALL_core_cancer_type_top95,tabpfn_v3,v3,train,1910,HNSCC,LSCC,2,3,0.13263163,0.004088809,0.14121759,0.3941059,0.32795608
ALL_core_cancer_type_top95,tabpfn_v3,v3,train,2409,LSCC,LSCC,3,3,1.3916591e-05,1.2981123e-05,1.2981123e-05,0.99994546,1.4665341e-05
ALL_core_cancer_type_top95,tabpfn_v3,v3,train,473,BRCA,BRCA,0,0,0.99994457,1.29811115e-05,1.31078805e-05,1.5048582e-05,1.4315525e-05
ALL_core_cancer_type_top95,tabpfn_v3,v3,train,1743,HNSCC,HNSCC,2,2,1.3479761e-05,1.3183874e-05,0.99994683,1.2981141e-05,1.350738e-05
ALL_core_cancer_type_top95,tabpfn_v3,v3,train,814,BRCA,BRCA,0,0,0.9998563,1.3374627e-05,4.5122026e-05,3.795324e-05,4.7242782e-05
ALL_core_cancer_type_top95,tabpfn_v3,v3,train,544,BRCA,BRCA,0,0,0.9999449,1.2981115e-05,1.3254671e-05,1.4828863e-05,1.4002986e-05
ALL_core_cancer_type_top95,tabpfn_v3,v3,train,185,BRCA,BRCA,0,0,0.9999462,1.2981132e-05,1.3048444e-05,1.4237872e-05,1.3504901e-05
ALL_core_cancer_type_top95,tabpfn_v3,v3,train,94,BRCA,HNSCC,0,2,0.2833419,4.7556936e-05,0.3050575,0.20473874,0.2068143
ALL_core_cancer_type_top95,tabpfn_v3,v3,train,2373,LSCC,LSCC,3,3,1.8879635e-05,1.3178288e-05,1.38670775e-05,0.9999353,1.8776273e-05
ALL_core_cancer_type_top95,tabpfn_v3,v3,train,549,BRCA,BRCA,0,0,0.9999442,1.2981105e-05,1.3243747e-05,1.5190549e-05,1.4378305e-05
ALL_core_cancer_type_top95,tabpfn_v3,v3,train,2981,LUAD,LUAD,4,4,1.964725e-05,1.4405074e-05,1.4044779e-05,2.102616e-05,0.9999309
ALL_core_cancer_type_top95,tabpfn_v3,v3,train,346,BRCA,BRCA,0,0,0.99994594,1.298113e-05,1.3145839e-05,1.4213069e-05,1.3732661e-05
ALL_core_cancer_type_top95,tabpfn_v3,v3,train,2868,LUAD,LUAD,4,4,1.6255133e-05,1.3498994e-05,1.2981042e-05,1.800645e-05,0.99993926
ALL_core_cancer_type_top95,tabpfn_v3,v3,train,2747,LUAD,LUAD,4,4,1.6283895e-05,1.4496862e-05,1.3240899e-05,2.0801595e-05,0.99993515
ALL_core_cancer_type_top95,tabpfn_v3,v3,train,2234,LSCC,LSCC,3,3,1.7152168e-05,1.5200272e-05,2.2058306e-05,0.999898,4.7567686e-05
ALL_core_cancer_type_top95,tabpfn_v3,v3,train,296,BRCA,BRCA,0,0,0.9999432,1.2981093e-05,1.3626615e-05,1.5379428e-05,1.4753964e-05
ALL_core_cancer_type_top95,tabpfn_v3,v3,train,32,BRCA,HNSCC,0,2,0.2833419,4.7556936e-05,0.3050575,0.20473874,0.2068143
ALL_core_cancer_type_top95,tabpfn_v3,v3,train,587,BRCA,BRCA,0,0,0.9999076,1.6059545e-05,2.3496814e-05,2.8244733e-05,2.4653062e-05
ALL_core_cancer_type_top95,tabpfn_v3,v3,train,1366,ESCA,ESCA,1,1,1.5529426e-05,0.99990493,1.5947535e-05,2.8369172e-05,3.5180754e-05
ALL_core_cancer_type_top95,tabpfn_v3,v3,train,1598,HNSCC,HNSCC,2,2,1.663817e-05,1.7994738e-05,0.99993366,1.7411963e-05,1.4310947e-05
ALL_core_cancer_type_top95,tabpfn_v3,v3,train,828,BRCA,BRCA,0,0,0.9999428,1.2981088e-05,1.4149999e-05,1.5002457e-05,1.5065933e-05
ALL_core_cancer_type_top95,tabpfn_v3,v3,train,2791,LUAD,LUAD,4,4,1.9495581e-05,1.4154323e-05,1.3651305e-05,2.318777e-05,0.9999295
ALL_core_cancer_type_top95,tabpfn_v3,v3,train,2218,LSCC,LSCC,3,3,1.414382e-05,1.2981126e-05,1.2981126e-05,0.99994564,1.423055e-05
ALL_core_cancer_type_top95,tabpfn_v3,v3,train,570,BRCA,BRCA,0,0,0.9999444,1.2981109e-05,1.3401799e-05,1.5028025e-05,1.41606615e-05
ALL_core_cancer_type_top95,tabpfn_v3,v3,train,2196,LSCC,LSCC,3,3,1.4381732e-05,1.2981114e-05,1.2981114e-05,0.9999448,1.4836898e-05
ALL_core_cancer_type_top95,tabpfn_v3,v3,train,2449,LSCC,LSCC,3,3,1.3180626e-05,1.2981042e-05,1.3526832e-05,0.9999393,2.0978718e-05
ALL_core_cancer_type_top95,tabpfn_v3,v3,train,3051,LUAD,LUAD,4,4,1.8317989e-05,1.6490681e-05,1.4308172e-05,2.8371747e-05,0.9999225
ALL_core_cancer_type_top95,tabpfn_v3,v3,train,1724,HNSCC,HNSCC,2,2,1.361543e-05,1.2981148e-05,0.99994737,1.2981148e-05,1.3040368e-05
ALL_core_cancer_type_top95,tabpfn_v3,v3,train,1155,BRCA,BRCA,0,0,0.9999432,1.2981093e-05,1.4565762e-05,1.463088e-05,1.4680002e-05
ALL_core_cancer_type_top95,tabpfn_v3,v3,train,958,BRCA,BRCA,0,0,0.99994594,1.2981129e-05,1.3056536e-05,1.4279e-05,1.3712992e-05
ALL_core_cancer_type_top95,tabpfn_v3,v3,train,2029,LSCC,HNSCC,3,2,0.2833419,4.7556936e-05,0.3050575,0.20473874,0.2068143
ALL_core_cancer_type_top95,tabpfn_v3,v3,train,987,BRCA,BRCA,0,0,0.99994063,1.298106e-05,1.4538043e-05,1.5921105e-05,1.5900918e-05
ALL_core_cancer_type_top95,tabpfn_v3,v3,train,2286,LSCC,LSCC,3,3,1.4780318e-05,1.2981094e-05,1.2989158e-05,0.99994326,1.5955393e-05
ALL_core_cancer_type_top95,tabpfn_v3,v3,train,2938,LUAD,LUAD,4,4,2.0725143e-05,2.1133495e-05,1.8609075e-05,3.1770207e-05,0.9999078
ALL_core_cancer_type_top95,tabpfn_v3,v3,train,910,BRCA,BRCA,0,0,0.9999455,1.2981124e-05,1.2981124e-05,1.4818816e-05,1.3631553e-05
ALL_core_cancer_type_top95,tabpfn_v3,v3,train,1466,HNSCC,HNSCC,2,2,0.2833419,4.7556936e-05,0.3050575,0.20473874,0.2068143
ALL_core_cancer_type_top95,tabpfn_v3,v3,train,52,BRCA,HNSCC,0,2,0.2833419,4.7556936e-05,0.3050575,0.20473874,0.2068143
ALL_core_cancer_type_top95,tabpfn_v3,v3,train,1614,HNSCC,HNSCC,2,2,2.2830189e-05,1.6347436e-05,0.99992293,1.726171e-05,2.0636662e-05
ALL_core_cancer_type_top95,tabpfn_v3,v3,train,2144,LSCC,LSCC,3,3,1.4641718e-05,1.3216459e-05,1.3034902e-05,0.9999417,1.7429391e-05
ALL_core_cancer_type_top95,tabpfn_v3,v3,train,985,BRCA,BRCA,0,0,0.9999424,1.2981084e-05,1.4459672e-05,1.5217635e-05,1.4914991e-05
ALL_core_cancer_type_top95,tabpfn_v3,v3,train,1318,ESCA,ESCA,1,1,1.298108e-05,0.9999422,1.3248624e-05,1.42804065e-05,1.7297389e-05
ALL_core_cancer_type_top95,tabpfn_v3,v3,train,138,BRCA,BRCA,0,0,0.9999347,1.2980981e-05,1.5324502e-05,1.8954599e-05,1.810093e-05
ALL_core_cancer_type_top95,tabpfn_v3,v3,train,2047,LSCC,HNSCC,3,2,0.2833419,4.7556936e-05,0.3050575,0.20473874,0.2068143
ALL_core_cancer_type_top95,tabpfn_v3,v3,train,757,BRCA,BRCA,0,0,0.99994457,1.2981111e-05,1.3181127e-05,1.5183882e-05,1.4065398e-05
ALL_core_cancer_type_top95,tabpfn_v3,v3,train,433,BRCA,BRCA,0,0,0.9999397,1.2981049e-05,1.6524957e-05,1.5787615e-05,1.5040468e-05
ALL_core_cancer_type_top95,tabpfn_v3,v3,train,2736,LUAD,LUAD,4,4,1.7207654e-05,1.6604476e-05,1.3541005e-05,2.4447772e-05,0.9999282
ALL_core_cancer_type_top95,tabpfn_v3,v3,train,919,BRCA,BRCA,0,0,0.9999446,1.29811115e-05,1.3053818e-05,1.48424615e-05,1.4500624e-05
ALL_core_cancer_type_top95,tabpfn_v3,v3,train,1435,HNSCC,HNSCC,2,2,0.2833419,4.7556936e-05,0.3050575,0.20473874,0.2068143
ALL_core_cancer_type_top95,tabpfn_v3,v3,train,1472,HNSCC,HNSCC,2,2,0.2833419,4.7556936e-05,0.3050575,0.20473874,0.2068143
ALL_core_cancer_type_top95,tabpfn_v3,v3,train,785,BRCA,BRCA,0,0,0.99994427,1.2981108e-05,1.319171e-05,1.5031718e-05,1.4535767e-05
ALL_core_cancer_type_top95,tabpfn_v3,v3,train,684,BRCA,BRCA,0,0,0.9999454,1.29811215e-05,1.3211062e-05,1.4692054e-05,1.36966355e-05
ALL_core_cancer_type_top95,tabpfn_v3,v3,train,1040,BRCA,BRCA,0,0,0.99325365,8.41545e-05,0.0013061173,0.00112565,0.004230473
ALL_core_cancer_type_top95,tabpfn_v3,v3,train,3058,LUAD,LUAD,4,4,2.1720727e-05,1.4681026e-05,1.4024762e-05,2.7165483e-05,0.99992245
ALL_core_cancer_type_top95,tabpfn_v3,v3,train,471,BRCA,BRCA,0,0,0.9999419,1.2981076e-05,1.4125919e-05,1.5753512e-05,1.5245408e-05
ALL_core_cancer_type_top95,tabpfn_v3,v3,train,3166,LUAD,LUAD,4,4,1.6680386e-05,1.3824482e-05,1.3645772e-05,2.046721e-05,0.9999354
ALL_core_cancer_type_top95,tabpfn_v3,v3,train,708,BRCA,BRCA,0,0,0.99994504,1.2981118e-05,1.3438385e-05,1.4772653e-05,1.3775173e-05
ALL_core_cancer_type_top95,tabpfn_v3,v3,train,2701,LUAD,HNSCC,4,2,0.2833419,4.7556936e-05,0.3050575,0.20473874,0.2068143
ALL_core_cancer_type_top95,tabpfn_v3,v3,train,790,BRCA,BRCA,0,0,0.99993974,1.2981049e-05,1.40628545e-05,1.839037e-05,1.4782426e-05
ALL_core_cancer_type_top95,tabpfn_v3,v3,train,2550,LSCC,LSCC,3,3,1.7594508e-05,1.5423739e-05,2.1318989e-05,0.99991363,3.1985284e-05
ALL_core_cancer_type_top95,tabpfn_v3,v3,train,2460,LSCC,LSCC,3,3,1.7282327e-05,1.3137609e-05,1.3153885e-05,0.9999388,1.7644881e-05
ALL_core_cancer_type_top95,tabpfn_v3,v3,train,778,BRCA,BRCA,0,0,0.99991834,1.5349695e-05,2.204472e-05,2.1409673e-05,2.2820901e-05
ALL_core_cancer_type_top95,tabpfn_v3,v3,train,120,BRCA,HNSCC,0,2,0.2833419,4.7556936e-05,0.3050575,0.20473874,0.2068143
ALL_core_cancer_type_top95,tabpfn_v3,v3,train,756,BRCA,BRCA,0,0,0.9999448,1.2981114e-05,1.3186565e-05,1.4927213e-05,1.4116406e-05
ALL_core_cancer_type_top95,tabpfn_v3,v3,train,1050,BRCA,BRCA,0,0,0.9999437,1.2981101e-05,1.3433054e-05,1.5070109e-05,1.484413e-05
ALL_core_cancer_type_top95,tabpfn_v3,v3,train,2001,HNSCC,HNSCC,2,2,2.1658749e-05,8.469517e-05,0.99985576,1.9749574e-05,1.8157374e-05
ALL_core_cancer_type_top95,tabpfn_v3,v3,train,1585,HNSCC,HNSCC,2,2,9.812704e-05,0.00011238891,0.9996192,8.8284025e-05,8.203379e-05
ALL_core_cancer_type_top95,tabpfn_v3,v3,train,1381,ESCA,LSCC,1,3,0.13705558,0.03048301,0.14293547,0.3698083,0.31971762
ALL_core_cancer_type_top95,tabpfn_v3,v3,train,2298,LSCC,LSCC,3,3,1.6055214e-05,1.3303741e-05,1.37662155e-05,0.99993604,2.0750067e-05
ALL_core_cancer_type_top95,tabpfn_v3,v3,train,1998,HNSCC,HNSCC,2,2,1.30835715e-05,1.3183886e-05,0.9999477,1.29811515e-05,1.29811515e-05
ALL_core_cancer_type_top95,tabpfn_v3,v3,train,2957,LUAD,LUAD,4,4,1.87138e-05,1.41890205e-05,1.3547637e-05,2.2245506e-05,0.9999313
ALL_core_cancer_type_top95,tabpfn_v3,v3,train,1419,HNSCC,HNSCC,2,2,0.2833419,4.7556936e-05,0.3050575,0.20473874,0.2068143
ALL_core_cancer_type_top95,tabpfn_v3,v3,train,4,BRCA,HNSCC,0,2,0.2833419,4.7556936e-05,0.3050575,0.20473874,0.2068143
ALL_core_cancer_type_top95,tabpfn_v3,v3,train,1314,ESCA,ESCA,1,1,1.4721563e-05,0.99992406,1.6754098e-05,2.1017255e-05,2.344938e-05
ALL_core_cancer_type_top95,tabpfn_v3,v3,train,1243,ESCA,ESCA,1,1,1.6146387e-05,0.999912,2.0772542e-05,1.9547704e-05,3.1528223e-05
ALL_core_cancer_type_top95,tabpfn_v3,v3,train,2160,LSCC,LSCC,3,3,1.3801707e-05,1.29811215e-05,1.29811215e-05,0.99994534,1.4922273e-05
ALL_core_cancer_type_top95,tabpfn_v3,v3,train,3164,LUAD,LUAD,4,4,2.140276e-05,1.4046681e-05,1.3877624e-05,2.375175e-05,0.9999269
ALL_core_cancer_type_top95,tabpfn_v3,v3,train,2378,LSCC,LSCC,3,3,1.3698168e-05,1.2981113e-05,1.2981113e-05,0.9999446,1.5736901e-05
ALL_core_cancer_type_top95,tabpfn_v3,v3,train,490,BRCA,BRCA,0,0,0.9999452,1.298112e-05,1.3072729e-05,1.4612249e-05,1.41255405e-05
ALL_core_cancer_type_top95,tabpfn_v3,v3,train,2910,LUAD,LUAD,4,4,1.8316327e-05,1.4764817e-05,1.4230682e-05,2.5773297e-05,0.9999269
ALL_core_cancer_type_top95,tabpfn_v3,v3,train,695,BRCA,BRCA,0,0,0.99994373,1.29811e-05,1.3181115e-05,1.5535987e-05,1.4573764e-05
ALL_core_cancer_type_top95,tabpfn_v3,v3,train,1344,ESCA,ESCA,1,1,0.00028876483,0.9973163,0.00033015138,0.0010747187,0.0009900756
ALL_core_cancer_type_top95,tabpfn_v3,v3,train,446,BRCA,BRCA,0,0,0.99994534,1.2981121e-05,1.30754315e-05,1.4569756e-05,1.4061063e-05
ALL_core_cancer_type_top95,tabpfn_v3,v3,train,348,BRCA,BRCA,0,0,0.9999441,1.2981105e-05,1.3223909e-05,1.5362015e-05,1.4319761e-05
ALL_core_cancer_type_top95,tabpfn_v3,v3,train,1254,ESCA,ESCA,1,1,1.4792884e-05,0.9999189,1.7183198e-05,1.6936874e-05,3.2271946e-05
ALL_core_cancer_type_top95,tabpfn_v3,v3,train,2528,LSCC,LSCC,3,3,1.4353147e-05,1.2981101e-05,1.2991851e-05,0.9999438,1.587292e-05
ALL_core_cancer_type_top95,tabpfn_v3,v3,train,426,BRCA,BRCA,0,0,0.9999437,1.29811e-05,1.3305753e-05,1.4946256e-05,1.5062202e-05
ALL_core_cancer_type_top95,tabpfn_v3,v3,train,2206,LSCC,LSCC,3,3,1.6205237e-05,1.8257184e-05,1.8004694e-05,0.9999192,2.8378154e-05
ALL_core_cancer_type_top95,tabpfn_v3,v3,train,1133,BRCA,BRCA,0,0,0.9999455,1.2981124e-05,1.3186575e-05,1.4645474e-05,1.3661182e-05
ALL_core_cancer_type_top95,tabpfn_v3,v3,train,2226,LSCC,LSCC,3,3,1.376104e-05,1.2981108e-05,1.2981108e-05,0.9999443,1.600246e-05
ALL_core_cancer_type_top95,tabpfn_v3,v3,train,2123,LSCC,HNSCC,3,2,0.2833419,4.7556936e-05,0.3050575,0.20473874,0.2068143
ALL_core_cancer_type_top95,tabpfn_v3,v3,train,2448,LSCC,LSCC,3,3,2.3069437e-05,1.5076216e-05,1.6034724e-05,0.9999143,3.1560452e-05
ALL_core_cancer_type_top95,tabpfn_v3,v3,train,585,BRCA,BRCA,0,0,0.99994344,1.2981096e-05,1.33819485e-05,1.4601671e-05,1.5607688e-05
ALL_core_cancer_type_top95,tabpfn_v3,v3,train,2287,LSCC,LSCC,3,3,1.3942894e-05,1.2981108e-05,1.2981108e-05,0.9999443,1.5772745e-05
ALL_core_cancer_type_top95,tabpfn_v3,v3,train,389,BRCA,BRCA,0,0,0.9999463,1.2981133e-05,1.3241049e-05,1.4102838e-05,1.3380785e-05
ALL_core_cancer_type_top95,tabpfn_v3,v3,train,813,BRCA,BRCA,0,0,0.9999443,1.2981109e-05,1.3026824e-05,1.5324338e-05,1.433319e-05
ALL_core_cancer_type_top95,tabpfn_v3,v3,train,2806,LUAD,LUAD,4,4,2.3954917e-05,2.1509379e-05,1.7967583e-05,3.718687e-05,0.9998994
ALL_core_cancer_type_top95,tabpfn_v3,v3,train,2923,LUAD,LUAD,4,4,2.0682979e-05,1.4992973e-05,1.5160785e-05,2.5131547e-05,0.999924
ALL_core_cancer_type_top95,tabpfn_v3,v3,train,1505,HNSCC,HNSCC,2,2,1.404695e-05,1.31322895e-05,0.99994683,1.2989204e-05,1.2981141e-05
ALL_core_cancer_type_top95,tabpfn_v3,v3,train,694,BRCA,BRCA,0,0,0.9999444,1.298111e-05,1.327651e-05,1.5283196e-05,1.4095299e-05
ALL_core_cancer_type_top95,tabpfn_v3,v3,train,579,BRCA,BRCA,0,0,0.9999447,1.2981112e-05,1.3399851e-05,1.5092626e-05,1.3829172e-05
ALL_core_cancer_type_top95,tabpfn_v3,v3,train,1648,HNSCC,HNSCC,2,2,1.6782587e-05,1.5591522e-05,0.9999386,1.3747616e-05,1.526348e-05
ALL_core_cancer_type_top95,tabpfn_v3,v3,train,2082,LSCC,HNSCC,3,2,0.2833419,4.7556936e-05,0.3050575,0.20473874,0.2068143
ALL_core_cancer_type_top95,tabpfn_v3,v3,train,973,BRCA,BRCA,0,0,0.9999453,1.2981121e-05,1.3094359e-05,1.47310875e-05,1.386822e-05
ALL_core_cancer_type_top95,tabpfn_v3,v3,train,2754,LUAD,LUAD,4,4,2.0727764e-05,1.4145793e-05,1.3226316e-05,2.3581191e-05,0.9999283
ALL_core_cancer_type_top95,tabpfn_v3,v3,train,1470,HNSCC,HNSCC,2,2,0.2833419,4.7556936e-05,0.3050575,0.20473874,0.2068143
ALL_core_cancer_type_top95,tabpfn_v3,v3,train,1667,HNSCC,HNSCC,2,2,1.30349845e-05,1.2981156e-05,0.999948,1.2981156e-05,1.2981156e-05
ALL_core_cancer_type_top95,tabpfn_v3,v3,train,1212,ESCA,ESCA,1,1,1.339518e-05,0.9999258,1.4759251e-05,1.5471313e-05,3.0554234e-05
ALL_core_cancer_type_top95,tabpfn_v3,v3,train,2429,LSCC,LSCC,3,3,1.3868495e-05,1.2981112e-05,1.2981112e-05,0.9999446,1.5542817e-05
ALL_core_cancer_type_top95,tabpfn_v3,v3,train,1657,HNSCC,HNSCC,2,2,1.34907705e-05,1.5557527e-05,0.9999441,1.2981106e-05,1.3863831e-05
ALL_core_cancer_type_top95,tabpfn_v3,v3,train,558,BRCA,BRCA,0,0,0.9999371,1.2981014e-05,1.4618423e-05,1.7436716e-05,1.7848035e-05
ALL_core_cancer_type_top95,tabpfn_v3,v3,train,3178,LUAD,LUAD,4,4,1.7226535e-05,1.7612796e-05,1.3246288e-05,2.1901687e-05,0.99993
ALL_core_cancer_type_top95,tabpfn_v3,v3,train,3054,LUAD,LUAD,4,4,1.5744099e-05,1.4537091e-05,1.3246378e-05,1.9681329e-05,0.9999368
ALL_core_cancer_type_top95,tabpfn_v3,v3,train,800,BRCA,BRCA,0,0,0.9999454,1.2981122e-05,1.3061929e-05,1.4526839e-05,1.3982733e-05
ALL_core_cancer_type_top95,tabpfn_v3,v3,train,2194,LSCC,LSCC,3,3,1.8498273e-05,1.4667828e-05,2.062127e-05,0.99991155,3.4687957e-05
ALL_core_cancer_type_top95,tabpfn_v3,v3,train,721,BRCA,BRCA,0,0,0.99994314,1.2981093e-05,1.3678616e-05,1.4761058e-05,1.5417054e-05
ALL_core_cancer_type_top95,tabpfn_v3,v3,train,9,BRCA,HNSCC,0,2,0.2833419,4.7556936e-05,0.3050575,0.20473874,0.2068143
ALL_core_cancer_type_top95,tabpfn_v3,v3,train,2928,LUAD,LUAD,4,4,1.6668626e-05,1.6020951e-05,1.34898655e-05,2.1327804e-05,0.99993247
ALL_core_cancer_type_top95,tabpfn_v3,v3,train,1417,HNSCC,HNSCC,2,2,0.2833419,4.7556936e-05,0.3050575,0.20473874,0.2068143
ALL_core_cancer_type_top95,tabpfn_v3,v3,train,2133,LSCC,LSCC,3,3,1.5224427e-05,1.298107e-05,1.3042941e-05,0.9999413,1.7467775e-05
ALL_core_cancer_type_top95,tabpfn_v3,v3,train,578,BRCA,BRCA,0,0,0.9999441,1.2981106e-05,1.3973539e-05,1.5043572e-05,1.3920704e-05
ALL_core_cancer_type_top95,tabpfn_v3,v3,train,509,BRCA,BRCA,0,0,0.9999459,1.2981127e-05,1.3132278e-05,1.44948e-05,1.3541508e-05
ALL_core_cancer_type_top95,tabpfn_v3,v3,train,3097,LUAD,LUAD,4,4,1.8708475e-05,1.4532178e-05,1.3242684e-05,1.8568906e-05,0.999935
ALL_core_cancer_type_top95,tabpfn_v3,v3,train,1756,HNSCC,HNSCC,2,2,1.2981156e-05,1.2981156e-05,0.999948,1.2981156e-05,1.2981156e-05
ALL_core_cancer_type_top95,tabpfn_v3,v3,train,2710,LUAD,HNSCC,4,2,0.2833419,4.7556936e-05,0.3050575,0.20473874,0.2068143
ALL_core_cancer_type_top95,tabpfn_v3,v3,train,2154,LSCC,LSCC,3,3,1.7360524e-05,1.6730053e-05,1.9997482e-05,0.99990594,3.9977156e-05
ALL_core_cancer_type_top95,tabpfn_v3,v3,train,2014,HNSCC,HNSCC,2,2,1.7305572e-05,1.3623671e-05,0.9999413,1.3889188e-05,1.3881975e-05
ALL_core_cancer_type_top95,tabpfn_v3,v3,train,3132,LUAD,LUAD,4,4,1.559233e-05,1.4316632e-05,1.2981046e-05,1.7559954e-05,0.99993956
ALL_core_cancer_type_top95,tabpfn_v3,v3,train,2301,LSCC,LSCC,3,3,1.4916379e-05,1.3132175e-05,1.3798869e-05,0.99993795,2.0224625e-05
ALL_core_cancer_type_top95,tabpfn_v3,v3,train,531,BRCA,BRCA,0,0,0.9999451,1.2981118e-05,1.3013392e-05,1.44606265e-05,1.4464671e-05
ALL_core_cancer_type_top95,tabpfn_v3,v3,train,2211,LSCC,LSCC,3,3,1.3361401e-05,1.29811215e-05,1.29811215e-05,0.9999454,1.5230719e-05
ALL_core_cancer_type_top95,tabpfn_v3,v3,train,2295,LSCC,LSCC,3,3,1.4099971e-05,1.2981128e-05,1.2981128e-05,0.9999459,1.4064166e-05
ALL_core_cancer_type_top95,tabpfn_v3,v3,train,2424,LSCC,LSCC,3,3,1.6275864e-05,1.298103e-05,1.3753371e-05,0.99993825,1.8736991e-05
ALL_core_cancer_type_top95,tabpfn_v3,v3,train,2615,LUAD,HNSCC,4,2,0.2833419,4.7556936e-05,0.3050575,0.20473874,0.2068143
ALL_core_cancer_type_top95,tabpfn_v3,v3,train,3147,LUAD,LUAD,4,4,1.8688988e-05,1.6596112e-05,1.4239611e-05,3.132735e-05,0.9999192
ALL_core_cancer_type_top95,tabpfn_v3,v3,train,1319,ESCA,ESCA,1,1,1.2981038e-05,0.99993896,1.3806624e-05,1.47874325e-05,1.9436731e-05
ALL_core_cancer_type_top95,tabpfn_v3,v3,train,1271,ESCA,ESCA,1,1,1.4816891e-05,0.9999125,2.0232059e-05,1.9884174e-05,3.2568e-05
ALL_core_cancer_type_top95,tabpfn_v3,v3,train,692,BRCA,BRCA,0,0,0.99994373,1.29811015e-05,1.3208319e-05,1.4884356e-05,1.5158319e-05
ALL_core_cancer_type_top95,tabpfn_v3,v3,train,1410,HNSCC,HNSCC,2,2,0.2833419,4.7556936e-05,0.3050575,0.20473874,0.2068143
ALL_core_cancer_type_top95,tabpfn_v3,v3,train,1650,HNSCC,LSCC,2,3,0.13134879,0.0021098948,0.14012864,0.45714098,0.26927173
ALL_core_cancer_type_top95,tabpfn_v3,v3,train,567,BRCA,BRCA,0,0,0.9999457,1.2981127e-05,1.3126855e-05,1.4385773e-05,1.3809781e-05
ALL_core_cancer_type_top95,tabpfn_v3,v3,train,1809,HNSCC,HNSCC,2,2,1.3537794e-05,1.3441014e-05,0.99994636,1.320767e-05,1.3460448e-05
ALL_core_cancer_type_top95,tabpfn_v3,v3,train,3109,LUAD,LUAD,4,4,1.9547277e-05,1.4977269e-05,1.3934202e-05,2.61222e-05,0.99992543
ALL_core_cancer_type_top95,tabpfn_v3,v3,train,1498,HNSCC,HNSCC,2,2,0.00026605104,0.00014273736,0.9989987,0.00028982724,0.00030276086
ALL_core_cancer_type_top95,tabpfn_v3,v3,train,2746,LUAD,LUAD,4,4,1.5722808e-05,1.4333728e-05,1.3126751e-05,1.8977691e-05,0.99993783
ALL_core_cancer_type_top95,tabpfn_v3,v3,train,635,BRCA,BRCA,0,0,0.9999443,1.2981108e-05,1.33093245e-05,1.538274e-05,1.3985239e-05
ALL_core_cancer_type_top95,tabpfn_v3,v3,train,2727,LUAD,LUAD,4,4,1.5032672e-05,1.5073027e-05,1.29810505e-05,1.7084654e-05,0.9999398
ALL_core_cancer_type_top95,tabpfn_v3,v3,train,1619,HNSCC,LUAD,2,4,0.1340523,0.004567518,0.14201069,0.33015305,0.38921648
ALL_core_cancer_type_top95,tabpfn_v3,v3,train,537,BRCA,BRCA,0,0,0.9999442,1.2981107e-05,1.3278204e-05,1.452307e-05,1.4962627e-05
ALL_core_cancer_type_top95,tabpfn_v3,v3,train,720,BRCA,BRCA,0,0,0.9999435,1.2981098e-05,1.3454898e-05,1.536462e-05,1.4692071e-05
ALL_core_cancer_type_top95,tabpfn_v3,v3,train,2356,LSCC,LSCC,3,3,1.4489563e-05,1.2981126e-05,1.2981126e-05,0.9999457,1.3815369e-05
ALL_core_cancer_type_top95,tabpfn_v3,v3,train,2132,LSCC,LSCC,3,3,1.399842e-05,1.2981105e-05,1.2981105e-05,0.9999441,1.5967928e-05
ALL_core_cancer_type_top95,tabpfn_v3,v3,train,1099,BRCA,BRCA,0,0,0.99994403,1.2981104e-05,1.3287129e-05,1.5376487e-05,1.4308638e-05
ALL_core_cancer_type_top95,tabpfn_v3,v3,train,2571,LSCC,LSCC,3,3,1.4357194e-05,1.3029368e-05,1.6817261e-05,0.99993086,2.4920137e-05
ALL_core_cancer_type_top95,tabpfn_v3,v3,train,2209,LSCC,LSCC,3,3,1.7289201e-05,1.686941e-05,1.9618159e-05,0.9999168,2.9492774e-05
ALL_core_cancer_type_top95,tabpfn_v3,v3,train,453,BRCA,BRCA,0,0,0.9999451,1.2981119e-05,1.3013393e-05,1.4721735e-05,1.42042745e-05
ALL_core_cancer_type_top95,tabpfn_v3,v3,train,1196,BRCA,BRCA,0,0,0.9998806,1.3518547e-05,4.158523e-05,2.8187062e-05,3.6077843e-05
ALL_core_cancer_type_top95,tabpfn_v3,v3,train,113,BRCA,HNSCC,0,2,0.2833419,4.7556936e-05,0.3050575,0.20473874,0.2068143
ALL_core_cancer_type_top95,tabpfn_v3,v3,train,2669,LUAD,HNSCC,4,2,0.2833419,4.7556936e-05,0.3050575,0.20473874,0.2068143
ALL_core_cancer_type_top95,tabpfn_v3,v3,train,909,BRCA,BRCA,0,0,0.9999417,1.2981074e-05,1.3770555e-05,1.6101863e-05,1.5463496e-05
ALL_core_cancer_type_top95,tabpfn_v3,v3,train,3023,LUAD,LUAD,4,4,1.916228e-05,1.4273726e-05,1.3483699e-05,2.381329e-05,0.99992925
ALL_core_cancer_type_top95,tabpfn_v3,v3,train,715,BRCA,BRCA,0,0,0.9999446,1.2981112e-05,1.3354948e-05,1.4495849e-05,1.4541332e-05
ALL_core_cancer_type_top95,tabpfn_v3,v3,train,2893,LUAD,LUAD,4,4,1.7931878e-05,1.5011609e-05,1.36760145e-05,2.5063155e-05,0.9999283
ALL_core_cancer_type_top95,tabpfn_v3,v3,train,559,BRCA,BRCA,0,0,0.9999446,1.29811115e-05,1.3151248e-05,1.5198453e-05,1.40061475e-05
ALL_core_cancer_type_top95,tabpfn_v3,v3,train,306,BRCA,BRCA,0,0,0.99994296,1.298109e-05,1.3286326e-05,1.6223392e-05,1.45553095e-05
ALL_core_cancer_type_top95,tabpfn_v3,v3,train,971,BRCA,BRCA,0,0,0.9999461,1.29811315e-05,1.3129572e-05,1.4389555e-05,1.341157e-05
ALL_core_cancer_type_top95,tabpfn_v3,v3,train,1343,ESCA,ESCA,1,1,1.8629296e-05,0.99988127,2.6286438e-05,3.071439e-05,4.3124797e-05
ALL_core_cancer_type_top95,tabpfn_v3,v3,train,2708,LUAD,HNSCC,4,2,0.2833419,4.7556936e-05,0.3050575,0.20473874,0.2068143
ALL_core_cancer_type_top95,tabpfn_v3,v3,train,16,BRCA,HNSCC,0,2,0.2833419,4.7556936e-05,0.3050575,0.20473874,0.2068143
ALL_core_cancer_type_top95,tabpfn_v3,v3,train,144,BRCA,BRCA,0,0,0.9999448,1.2981114e-05,1.3245522e-05,1.4722988e-05,1.4230402e-05
ALL_core_cancer_type_top95,tabpfn_v3,v3,train,933,BRCA,BRCA,0,0,0.9999446,1.29811115e-05,1.31811275e-05,1.4866076e-05,1.4371618e-05
ALL_core_cancer_type_top95,tabpfn_v3,v3,train,1797,HNSCC,HNSCC,2,2,1.3676448e-05,1.6239053e-05,0.99994254,1.435023e-05,1.3186535e-05
ALL_core_cancer_type_top95,tabpfn_v3,v3,train,2790,LUAD,LUAD,4,4,1.9381485e-05,1.3932345e-05,1.4040467e-05,2.9090343e-05,0.9999235
ALL_core_cancer_type_top95,tabpfn_v3,v3,train,1912,HNSCC,HNSCC,2,2,1.4756338e-05,1.3306598e-05,0.99994516,1.3213125e-05,1.3532236e-05
ALL_core_cancer_type_top95,tabpfn_v3,v3,train,885,BRCA,BRCA,0,0,0.9999174,1.3549598e-05,1.7867633e-05,3.1613225e-05,1.9620351e-05
ALL_core_cancer_type_top95,tabpfn_v3,v3,train,2317,LSCC,LSCC,3,3,1.4204445e-05,1.29811015e-05,1.29811015e-05,0.99994385,1.5963631e-05
ALL_core_cancer_type_top95,tabpfn_v3,v3,train,1087,BRCA,BRCA,0,0,0.99991274,1.323787e-05,2.3755008e-05,2.1204723e-05,2.9047838e-05
ALL_core_cancer_type_top95,tabpfn_v3,v3,train,355,BRCA,BRCA,0,0,0.9999418,1.2981075e-05,1.4202677e-05,1.5271386e-05,1.5737583e-05
ALL_core_cancer_type_top95,tabpfn_v3,v3,train,1489,HNSCC,HNSCC,2,2,0.2833419,4.7556936e-05,0.3050575,0.20473874,0.2068143
ALL_core_cancer_type_top95,tabpfn_v3,v3,train,124,BRCA,BRCA,0,0,0.9999434,1.2981097e-05,1.3211035e-05,1.6292068e-05,1.4146774e-05
ALL_core_cancer_type_top95,tabpfn_v3,v3,train,1311,ESCA,ESCA,1,1,1.2981034e-05,0.9999386,1.3761716e-05,1.39236e-05,2.0725758e-05
ALL_core_cancer_type_top95,tabpfn_v3,v3,train,2958,LUAD,LUAD,4,4,5.0953637e-05,3.5159374e-05,6.366652e-05,9.356864e-05,0.99975663
ALL_core_cancer_type_top95,tabpfn_v3,v3,train,2998,LUAD,LUAD,4,4,2.069636e-05,2.5166853e-05,1.509112e-05,3.5958095e-05,0.9999031
ALL_core_cancer_type_top95,tabpfn_v3,v3,train,2027,LSCC,HNSCC,3,2,0.2833419,4.7556936e-05,0.3050575,0.20473874,0.2068143
ALL_core_cancer_type_top95,tabpfn_v3,v3,train,407,BRCA,BRCA,0,0,0.99994206,1.2981079e-05,1.3766593e-05,1.584538e-05,1.533043e-05
ALL_core_cancer_type_top95,tabpfn_v3,v3,train,2319,LSCC,LSCC,3,3,1.4268193e-05,1.2981103e-05,1.2994544e-05,0.999944,1.5809615e-05
ALL_core_cancer_type_top95,tabpfn_v3,v3,train,661,BRCA,BRCA,0,0,0.9999437,1.2981101e-05,1.32538635e-05,1.4595306e-05,1.5504127e-05
ALL_core_cancer_type_top95,tabpfn_v3,v3,train,1800,HNSCC,HNSCC,2,2,1.3618208e-05,1.3043064e-05,0.99994737,1.2981147e-05,1.3010732e-05
ALL_core_cancer_type_top95,tabpfn_v3,v3,train,2274,LSCC,LSCC,3,3,1.4255437e-05,1.2981114e-05,1.2981114e-05,0.9999448,1.4974528e-05
ALL_core_cancer_type_top95,tabpfn_v3,v3,train,2026,LSCC,HNSCC,3,2,0.2833419,4.7556936e-05,0.3050575,0.20473874,0.2068143
ALL_core_cancer_type_top95,tabpfn_v3,v3,train,1439,HNSCC,HNSCC,2,2,0.2833419,4.7556936e-05,0.3050575,0.20473874,0.2068143
ALL_core_cancer_type_top95,tabpfn_v3,v3,train,2254,LSCC,LSCC,3,3,1.4346835e-05,1.2981105e-05,1.3056512e-05,0.9999441,1.5518466e-05
ALL_core_cancer_type_top95,tabpfn_v3,v3,train,285,BRCA,BRCA,0,0,0.999941,1.2981066e-05,1.5449868e-05,1.5286512e-05,1.5315107e-05
ALL_core_cancer_type_top95,tabpfn_v3,v3,train,1982,HNSCC,HNSCC,2,2,1.3735143e-05,1.3490801e-05,0.9999464,1.3102489e-05,1.3231964e-05
ALL_core_cancer_type_top95,tabpfn_v3,v3,train,76,BRCA,HNSCC,0,2,0.2833419,4.7556936e-05,0.3050575,0.20473874,0.2068143
ALL_core_cancer_type_top95,tabpfn_v3,v3,train,2936,LUAD,LUAD,4,4,1.6926415e-05,1.4634897e-05,1.34227275e-05,2.153893e-05,0.9999335
ALL_core_cancer_type_top95,tabpfn_v3,v3,train,1057,BRCA,BRCA,0,0,0.999941,1.2981064e-05,1.3622466e-05,1.6892733e-05,1.5493062e-05
ALL_core_cancer_type_top95,tabpfn_v3,v3,train,164,BRCA,BRCA,0,0,0.9999452,1.2981121e-05,1.2999934e-05,1.4678943e-05,1.4133268e-05
ALL_core_cancer_type_top95,tabpfn_v3,v3,train,2638,LUAD,HNSCC,4,2,0.2833419,4.7556936e-05,0.3050575,0.20473874,0.2068143
ALL_core_cancer_type_top95,tabpfn_v3,v3,train,1413,HNSCC,HNSCC,2,2,0.2833419,4.7556936e-05,0.3050575,0.20473874,0.2068143
ALL_core_cancer_type_top95,tabpfn_v3,v3,train,3083,LUAD,LUAD,4,4,1.5743233e-05,1.3993195e-05,1.3301033e-05,1.8831846e-05,0.99993813
ALL_core_cancer_type_top95,tabpfn_v3,v3,train,1594,HNSCC,HNSCC,2,2,1.3219264e-05,1.3072762e-05,0.9999477,1.3005343e-05,1.2981152e-05
ALL_core_cancer_type_top95,tabpfn_v3,v3,train,1418,HNSCC,HNSCC,2,2,0.2833419,4.7556936e-05,0.3050575,0.20473874,0.2068143
ALL_core_cancer_type_top95,tabpfn_v3,v3,train,1792,HNSCC,HNSCC,2,2,1.31485795e-05,1.2981154e-05,0.9999479,1.2981154e-05,1.2981154e-05
ALL_core_cancer_type_top95,tabpfn_v3,v3,train,1960,HNSCC,HNSCC,2,2,1.3551651e-05,1.29919e-05,0.9999475,1.298115e-05,1.298115e-05
ALL_core_cancer_type_top95,tabpfn_v3,v3,train,920,BRCA,BRCA,0,0,0.9999252,1.6130425e-05,1.9686417e-05,1.904701e-05,1.9919811e-05
ALL_core_cancer_type_top95,tabpfn_v3,v3,train,142,BRCA,BRCA,0,0,0.9999447,1.2981112e-05,1.3051122e-05,1.4619655e-05,1.4653981e-05
ALL_core_cancer_type_top95,tabpfn_v3,v3,train,1013,BRCA,BRCA,0,0,0.9999445,1.29811115e-05,1.3189129e-05,1.48920835e-05,1.4417632e-05
ALL_core_cancer_type_top95,tabpfn_v3,v3,train,2270,LSCC,LSCC,3,3,1.3480142e-05,1.2981131e-05,1.2981131e-05,0.99994606,1.4476109e-05
ALL_core_cancer_type_top95,tabpfn_v3,v3,train,656,BRCA,BRCA,0,0,0.9999413,1.298107e-05,1.38036385e-05,1.620121e-05,1.570134e-05
ALL_core_cancer_type_top95,tabpfn_v3,v3,train,74,BRCA,HNSCC,0,2,0.2833419,4.7556936e-05,0.3050575,0.20473874,0.2068143
ALL_core_cancer_type_top95,tabpfn_v3,v3,train,2545,LSCC,LSCC,3,3,1.4610898e-05,1.2981088e-05,1.2981088e-05,0.9999428,1.6608697e-05
ALL_core_cancer_type_top95,tabpfn_v3,v3,train,1513,HNSCC,HNSCC,2,2,1.3416393e-05,1.2981151e-05,0.9999476,1.2981151e-05,1.2981151e-05
ALL_core_cancer_type_top95,tabpfn_v3,v3,train,345,BRCA,BRCA,0,0,0.9999455,1.2981123e-05,1.307003e-05,1.4712758e-05,1.3685716e-05
ALL_core_cancer_type_top95,tabpfn_v3,v3,train,1889,HNSCC,HNSCC,2,2,2.4379386e-05,1.8172e-05,0.99991924,1.9941017e-05,1.8226852e-05
ALL_core_cancer_type_top95,tabpfn_v3,v3,train,10,BRCA,HNSCC,0,2,0.2833419,4.7556936e-05,0.3050575,0.20473874,0.2068143
ALL_core_cancer_type_top95,tabpfn_v3,v3,train,3035,LUAD,LUAD,4,4,2.4226047e-05,1.991309e-05,1.8535357e-05,3.6757887e-05,0.9999006
ALL_core_cancer_type_top95,tabpfn_v3,v3,train,710,BRCA,BRCA,0,0,0.99994534,1.29811215e-05,1.32219575e-05,1.4780584e-05,1.361985e-05
ALL_core_cancer_type_top95,tabpfn_v3,v3,train,2310,LSCC,LSCC,3,3,1.3719844e-05,1.29810305e-05,1.3832378e-05,0.99993837,2.1135736e-05
ALL_core_cancer_type_top95,tabpfn_v3,v3,train,2991,LUAD,LUAD,4,4,1.5952677e-05,1.3779736e-05,1.3309238e-05,1.8954383e-05,0.999938
ALL_core_cancer_type_top95,tabpfn_v3,v3,train,3153,LUAD,LUAD,4,4,1.4658442e-05,1.5616793e-05,1.2981052e-05,1.6715929e-05,0.99994004
ALL_core_cancer_type_top95,tabpfn_v3,v3,train,183,BRCA,BRCA,0,0,0.9999453,1.2981121e-05,1.3232858e-05,1.4731432e-05,1.3781543e-05
ALL_core_cancer_type_top95,tabpfn_v3,v3,train,2699,LUAD,HNSCC,4,2,0.2833419,4.7556936e-05,0.3050575,0.20473874,0.2068143
ALL_core_cancer_type_top95,tabpfn_v3,v3,train,839,BRCA,BRCA,0,0,0.99994576,1.2981127e-05,1.2981127e-05,1.4566777e-05,1.37151355e-05
ALL_core_cancer_type_top95,tabpfn_v3,v3,train,23,BRCA,HNSCC,0,2,0.2833419,4.7556936e-05,0.3050575,0.20473874,0.2068143
ALL_core_cancer_type_top95,tabpfn_v3,v3,train,2276,LSCC,LSCC,3,3,2.6255842e-05,2.5284722e-05,3.7269438e-05,0.9998158,9.535205e-05
ALL_core_cancer_type_top95,tabpfn_v3,v3,train,1512,HNSCC,HNSCC,2,2,1.3105215e-05,1.2997285e-05,0.9999479,1.2981154e-05,1.2981154e-05
ALL_core_cancer_type_top95,tabpfn_v3,v3,train,1109,BRCA,BRCA,0,0,0.99993384,1.3355755e-05,1.8319673e-05,1.7860923e-05,1.6632654e-05
ALL_core_cancer_type_top95,tabpfn_v3,v3,train,782,BRCA,BRCA,0,0,0.99994415,1.2981106e-05,1.3137442e-05,1.4762832e-05,1.497175e-05
ALL_core_cancer_type_top95,tabpfn_v3,v3,train,890,BRCA,BRCA,0,0,0.9999454,1.2981123e-05,1.3317551e-05,1.4492296e-05,1.3846953e-05
ALL_core_cancer_type_top95,tabpfn_v3,v3,train,1205,BRCA,BRCA,0,0,0.9999449,1.2981116e-05,1.3099764e-05,1.4280312e-05,1.4699826e-05
ALL_core_cancer_type_top95,tabpfn_v3,v3,train,277,BRCA,BRCA,0,0,0.99994403,1.2981104e-05,1.3191448e-05,1.5003484e-05,1.4786175e-05
ALL_core_cancer_type_top95,tabpfn_v3,v3,train,1116,BRCA,BRCA,0,0,0.9999252,1.3121162e-05,2.072247e-05,1.8715036e-05,2.2224369e-05
ALL_core_cancer_type_top95,tabpfn_v3,v3,train,1411,HNSCC,HNSCC,2,2,0.2833419,4.7556936e-05,0.3050575,0.20473874,0.2068143
ALL_core_cancer_type_top95,tabpfn_v3,v3,train,96,BRCA,HNSCC,0,2,0.2833419,4.7556936e-05,0.3050575,0.20473874,0.2068143
ALL_core_cancer_type_top95,tabpfn_v3,v3,train,1429,HNSCC,HNSCC,2,2,0.2833419,4.7556936e-05,0.3050575,0.20473874,0.2068143
ALL_core_cancer_type_top95,tabpfn_v3,v3,train,287,BRCA,BRCA,0,0,0.999944,1.2981103e-05,1.3485003e-05,1.5217622e-05,1.4342147e-05
ALL_core_cancer_type_top95,tabpfn_v3,v3,train,2227,LSCC,LSCC,3,3,1.4640075e-05,1.2997229e-05,1.2981098e-05,0.9999436,1.5772595e-05
ALL_core_cancer_type_top95,tabpfn_v3,v3,train,2965,LUAD,LUAD,4,4,1.7168448e-05,1.4339401e-05,1.3463032e-05,1.9966945e-05,0.9999351
ALL_core_cancer_type_top95,tabpfn_v3,v3,train,945,BRCA,BRCA,0,0,0.99994487,1.2981115e-05,1.333672e-05,1.4619505e-05,1.4184879e-05
ALL_core_cancer_type_top95,tabpfn_v3,v3,train,2244,LSCC,LSCC,3,3,1.4519717e-05,1.3186542e-05,1.3124108e-05,0.999943,1.6199341e-05
ALL_core_cancer_type_top95,tabpfn_v3,v3,train,917,BRCA,BRCA,0,0,0.99994284,1.2981089e-05,1.3715563e-05,1.6198617e-05,1.4252917e-05
ALL_core_cancer_type_top95,tabpfn_v3,v3,train,893,BRCA,BRCA,0,0,0.99994475,1.2981113e-05,1.3540542e-05,1.4625203e-05,1.41091905e-05
ALL_core_cancer_type_top95,tabpfn_v3,v3,train,1241,ESCA,ESCA,1,1,1.4439175e-05,0.999924,1.6824295e-05,1.86618e-05,2.6094222e-05
ALL_core_cancer_type_top95,tabpfn_v3,v3,train,2769,LUAD,LUAD,4,4,1.7136683e-05,1.4577945e-05,1.3856194e-05,1.9114319e-05,0.9999353
ALL_core_cancer_type_top95,tabpfn_v3,v3,train,499,BRCA,BRCA,0,0,0.9999445,1.2981111e-05,1.373791e-05,1.4529708e-05,1.4246765e-05
ALL_core_cancer_type_top95,tabpfn_v3,v3,train,533,BRCA,BRCA,0,0,0.9999413,1.298107e-05,1.3472572e-05,1.5452611e-05,1.6820679e-05
ALL_core_cancer_type_top95,tabpfn_v3,v3,train,636,BRCA,BRCA,0,0,0.99994487,1.2981116e-05,1.3029518e-05,1.45984195e-05,1.4499118e-05
ALL_core_cancer_type_top95,tabpfn_v3,v3,train,2974,LUAD,LUAD,4,4,1.607611e-05,1.5140171e-05,1.3156558e-05,2.0170917e-05,0.99993545
ALL_core_cancer_type_top95,tabpfn_v3,v3,train,151,BRCA,BRCA,0,0,0.99994415,1.2981105e-05,1.337237e-05,1.4965575e-05,1.45276335e-05
ALL_core_cancer_type_top95,tabpfn_v3,v3,train,3165,LUAD,LUAD,4,4,1.9709496e-05,1.3517786e-05,1.3374391e-05,2.1757956e-05,0.99993163
ALL_core_cancer_type_top95,tabpfn_v3,v3,train,1437,HNSCC,HNSCC,2,2,0.2833419,4.7556936e-05,0.3050575,0.20473874,0.2068143
ALL_core_cancer_type_top95,tabpfn_v3,v3,train,2376,LSCC,LSCC,3,3,1.43535035e-05,1.39312e-05,1.321852e-05,0.99993765,2.0866686e-05
ALL_core_cancer_type_top95,tabpfn_v3,v3,train,924,BRCA,BRCA,0,0,0.9999454,1.29811215e-05,1.3048433e-05,1.4253105e-05,1.4335929e-05
ALL_core_cancer_type_top95,tabpfn_v3,v3,train,1700,HNSCC,HNSCC,2,2,1.3526734e-05,1.3662681e-05,0.99994683,1.2981141e-05,1.2981141e-05
ALL_core_cancer_type_top95,tabpfn_v3,v3,train,2825,LUAD,LUAD,4,4,1.8102317e-05,1.4104425e-05,1.3595564e-05,2.5689482e-05,0.99992853
ALL_core_cancer_type_top95,tabpfn_v3,v3,train,2656,LUAD,HNSCC,4,2,0.2833419,4.7556936e-05,0.3050575,0.20473874,0.2068143
ALL_core_cancer_type_top95,tabpfn_v3,v3,train,2222,LSCC,LSCC,3,3,1.7491173e-05,1.3361161e-05,1.5512644e-05,0.99992657,2.7062692e-05
ALL_core_cancer_type_top95,tabpfn_v3,v3,train,2294,LSCC,LSCC,3,3,1.6739006e-05,1.9851232e-05,1.986702e-05,0.9999098,3.3748325e-05
ALL_core_cancer_type_top95,tabpfn_v3,v3,train,1915,HNSCC,HNSCC,2,2,1.3061954e-05,1.3620983e-05,0.9999473,1.2981147e-05,1.2981147e-05
ALL_core_cancer_type_top95,tabpfn_v3,v3,train,2819,LUAD,LUAD,4,4,1.8939218e-05,1.6568647e-05,1.4034418e-05,3.140146e-05,0.99991906
ALL_core_cancer_type_top95,tabpfn_v3,v3,train,1188,BRCA,BRCA,0,0,0.99994195,1.2981076e-05,1.3161594e-05,1.6401656e-05,1.5541336e-05
ALL_core_cancer_type_top95,tabpfn_v3,v3,train,1118,BRCA,BRCA,0,0,0.9999454,1.2981122e-05,1.3375132e-05,1.4373681e-05,1.3890813e-05
ALL_core_cancer_type_top95,tabpfn_v3,v3,train,211,BRCA,BRCA,0,0,0.9999414,1.29810705e-05,1.3588864e-05,1.5962234e-05,1.6008291e-05
ALL_core_cancer_type_top95,tabpfn_v3,v3,train,2504,LSCC,LSCC,3,3,1.5182416e-05,1.2981084e-05,1.302952e-05,0.9999425,1.6327404e-05
ALL_core_cancer_type_top95,tabpfn_v3,v3,train,1742,HNSCC,HNSCC,2,2,1.3416392e-05,1.3034977e-05,0.99994755,1.298115e-05,1.299728e-05
ALL_core_cancer_type_top95,tabpfn_v3,v3,train,2653,LUAD,HNSCC,4,2,0.2833419,4.7556936e-05,0.3050575,0.20473874,0.2068143
ALL_core_cancer_type_top95,tabpfn_v3,v3,train,178,BRCA,BRCA,0,0,0.9999443,1.298111e-05,1.3303853e-05,1.5346573e-05,1.4048456e-05
ALL_core_cancer_type_top95,tabpfn_v3,v3,train,1737,HNSCC,HNSCC,2,2,1.4577456e-05,1.3440268e-05,0.99994516,1.34465745e-05,1.3364143e-05
ALL_core_cancer_type_top95,tabpfn_v3,v3,train,2706,LUAD,HNSCC,4,2,0.2833419,4.7556936e-05,0.3050575,0.20473874,0.2068143
ALL_core_cancer_type_top95,tabpfn_v3,v3,train,687,BRCA,BRCA,0,0,0.9999423,1.2981082e-05,1.3763607e-05,1.5962247e-05,1.4977661e-05
ALL_core_cancer_type_top95,tabpfn_v3,v3,train,1796,HNSCC,HNSCC,2,2,1.2981156e-05,1.2981156e-05,0.999948,1.2981156e-05,1.2981156e-05
ALL_core_cancer_type_top95,tabpfn_v3,v3,train,1822,HNSCC,HNSCC,2,2,1.3216538e-05,1.30835715e-05,0.9999477,1.2981152e-05,1.2981152e-05
ALL_core_cancer_type_top95,tabpfn_v3,v3,train,1669,HNSCC,HNSCC,2,2,1.3634878e-05,1.2981148e-05,0.99994737,1.2981148e-05,1.2981148e-05
ALL_core_cancer_type_top95,tabpfn_v3,v3,train,569,BRCA,BRCA,0,0,0.9999203,1.2980798e-05,2.5821404e-05,1.7985349e-05,2.2861479e-05
ALL_core_cancer_type_top95,tabpfn_v3,v3,train,1923,HNSCC,HNSCC,2,2,1.4370042e-05,1.4588622e-05,0.99994195,1.4618043e-05,1.4454843e-05
ALL_core_cancer_type_top95,tabpfn_v3,v3,train,1407,HNSCC,HNSCC,2,2,0.2833419,4.7556936e-05,0.3050575,0.20473874,0.2068143
ALL_core_cancer_type_top95,tabpfn_v3,v3,train,421,BRCA,BRCA,0,0,0.999941,1.2981065e-05,1.4022449e-05,1.5617456e-05,1.638997e-05
ALL_core_cancer_type_top95,tabpfn_v3,v3,train,3120,LUAD,LUAD,4,4,1.7130506e-05,1.5489977e-05,1.4153465e-05,2.0983955e-05,0.9999322
ALL_core_cancer_type_top95,tabpfn_v3,v3,train,2859,LUAD,LUAD,4,4,1.743801e-05,1.466378e-05,1.3288835e-05,1.7606295e-05,0.99993706
ALL_core_cancer_type_top95,tabpfn_v3,v3,train,2012,HNSCC,HNSCC,2,2,1.4487551e-05,1.33559215e-05,0.99994546,1.330861e-05,1.3394361e-05
ALL_core_cancer_type_top95,tabpfn_v3,v3,train,792,BRCA,BRCA,0,0,0.99994403,1.2981105e-05,1.34935335e-05,1.5200325e-05,1.4312233e-05
ALL_core_cancer_type_top95,tabpfn_v3,v3,train,1771,HNSCC,HNSCC,2,2,1.3662681e-05,1.3246511e-05,0.9999467,1.3097082e-05,1.3301148e-05
ALL_core_cancer_type_top95,tabpfn_v3,v3,train,1227,ESCA,ESCA,1,1,1.7486875e-05,0.99988043,2.2660199e-05,3.311623e-05,4.633961e-05
ALL_core_cancer_type_top95,tabpfn_v3,v3,train,2008,HNSCC,HNSCC,2,2,1.3361437e-05,1.299997e-05,0.99994767,1.29811515e-05,1.29811515e-05
ALL_core_cancer_type_top95,tabpfn_v3,v3,train,718,BRCA,BRCA,0,0,0.9999459,1.2981128e-05,1.3121437e-05,1.4442804e-05,1.3583859e-05
ALL_core_cancer_type_top95,tabpfn_v3,v3,train,2899,LUAD,LUAD,4,4,1.65251e-05,1.4336534e-05,1.3443737e-05,2.2008344e-05,0.99993366
ALL_core_cancer_type_top95,tabpfn_v3,v3,train,1263,ESCA,ESCA,1,1,1.298107e-05,0.99994123,1.3777838e-05,1.4326243e-05,1.7692515e-05
ALL_core_cancer_type_top95,tabpfn_v3,v3,train,1804,HNSCC,HNSCC,2,2,1.3718408e-05,1.3088972e-05,0.9999472,1.2981145e-05,1.2981145e-05
ALL_core_cancer_type_top95,tabpfn_v3,v3,train,1436,HNSCC,HNSCC,2,2,0.2833419,4.7556936e-05,0.3050575,0.20473874,0.2068143
ALL_core_cancer_type_top95,tabpfn_v3,v3,train,2217,LSCC,LSCC,3,3,0.14925459,0.00060959096,0.15843211,0.44752192,0.24418177
ALL_core_cancer_type_top95,tabpfn_v3,v3,train,153,BRCA,BRCA,0,0,0.9999418,1.2981077e-05,1.3944255e-05,1.6530761e-05,1.4737283e-05
ALL_core_cancer_type_top95,tabpfn_v3,v3,train,2176,LSCC,LSCC,3,3,1.325634e-05,1.2981136e-05,1.2981136e-05,0.9999464,1.4349314e-05
ALL_core_cancer_type_top95,tabpfn_v3,v3,train,1870,HNSCC,HNSCC,2,2,1.52047805e-05,1.8345805e-05,0.99993855,1.43826355e-05,1.3522685e-05
ALL_core_cancer_type_top95,tabpfn_v3,v3,train,2145,LSCC,LSCC,3,3,1.35073715e-05,1.2981141e-05,1.2981141e-05,0.99994683,1.37249945e-05
ALL_core_cancer_type_top95,tabpfn_v3,v3,train,2002,HNSCC,HNSCC,2,2,5.307082e-05,5.1107738e-05,0.99980426,5.4455937e-05,3.710859e-05
ALL_core_cancer_type_top95,tabpfn_v3,v3,train,2982,LUAD,LUAD,4,4,1.7480086e-05,1.421969e-05,1.410205e-05,2.0066036e-05,0.99993414
ALL_core_cancer_type_top95,tabpfn_v3,v3,train,1739,HNSCC,HNSCC,2,2,1.466967e-05,1.3673796e-05,0.9999453,1.2981121e-05,1.3352103e-05
ALL_core_cancer_type_top95,tabpfn_v3,v3,train,2642,LUAD,HNSCC,4,2,0.2833419,4.7556936e-05,0.3050575,0.20473874,0.2068143
ALL_core_cancer_type_top95,tabpfn_v3,v3,train,2682,LUAD,HNSCC,4,2,0.2833419,4.7556936e-05,0.3050575,0.20473874,0.2068143
ALL_core_cancer_type_top95,tabpfn_v3,v3,train,1817,HNSCC,HNSCC,2,2,1.3886354e-05,1.3317569e-05,0.99994683,1.29811415e-05,1.29972705e-05
ALL_core_cancer_type_top95,tabpfn_v3,v3,train,1406,HNSCC,HNSCC,2,2,0.2833419,4.7556936e-05,0.3050575,0.20473874,0.2068143
ALL_core_cancer_type_top95,tabpfn_v3,v3,train,419,BRCA,BRCA,0,0,0.99994445,1.298111e-05,1.3107742e-05,1.5189896e-05,1.4267867e-05
ALL_core_cancer_type_top95,tabpfn_v3,v3,train,1966,HNSCC,HNSCC,2,2,2.0324183e-05,1.8141249e-05,0.999923,2.0755202e-05,1.7819488e-05
ALL_core_cancer_type_top95,tabpfn_v3,v3,train,2090,LSCC,HNSCC,3,2,0.2833419,4.7556936e-05,0.3050575,0.20473874,0.2068143
ALL_core_cancer_type_top95,tabpfn_v3,v3,train,1112,BRCA,BRCA,0,0,0.99993163,1.2980944e-05,1.4913331e-05,2.3900988e-05,1.655736e-05
ALL_core_cancer_type_top95,tabpfn_v3,v3,train,2514,LSCC,LSCC,3,3,1.5047079e-05,1.2981068e-05,1.3099716e-05,0.99994123,1.7650782e-05
ALL_core_cancer_type_top95,tabpfn_v3,v3,train,969,BRCA,BRCA,0,0,0.9999458,1.2981127e-05,1.3243768e-05,1.4578994e-05,1.3345546e-05
ALL_core_cancer_type_top95,tabpfn_v3,v3,train,2249,LSCC,LSCC,3,3,1.5100864e-05,1.29811e-05,1.29811e-05,0.99994373,1.5181906e-05
ALL_core_cancer_type_top95,tabpfn_v3,v3,train,1601,HNSCC,HNSCC,2,2,1.3290214e-05,1.31648585e-05,0.99994737,1.2981148e-05,1.3148571e-05
ALL_core_cancer_type_top95,tabpfn_v3,v3,train,1509,HNSCC,HNSCC,2,2,1.3507387e-05,1.307816e-05,0.9999473,1.3126634e-05,1.2981146e-05
ALL_core_cancer_type_top95,tabpfn_v3,v3,train,2594,LSCC,LSCC,3,3,1.51834565e-05,1.5339321e-05,1.5233748e-05,0.9999298,2.442096e-05
ALL_core_cancer_type_top95,tabpfn_v3,v3,train,2292,LSCC,LSCC,3,3,1.606371e-05,1.3290071e-05,1.3923938e-05,0.9999366,2.0166055e-05
ALL_core_cancer_type_top95,tabpfn_v3,v3,train,724,BRCA,BRCA,0,0,0.9999433,1.2981094e-05,1.3310292e-05,1.5094478e-05,1.5295638e-05
ALL_core_cancer_type_top95,tabpfn_v3,v3,train,2630,LUAD,HNSCC,4,2,0.2833419,4.7556936e-05,0.3050575,0.20473874,0.2068143
ALL_core_cancer_type_top95,tabpfn_v3,v3,train,2645,LUAD,HNSCC,4,2,0.2833419,4.7556936e-05,0.3050575,0.20473874,0.2068143
ALL_core_cancer_type_top95,tabpfn_v3,v3,train,2146,LSCC,LSCC,3,3,1.73592e-05,1.4805635e-05,1.7147853e-05,0.9999203,3.0425028e-05
ALL_core_cancer_type_top95,tabpfn_v3,v3,train,1267,ESCA,ESCA,1,1,1.7263203e-05,0.99989736,2.3865607e-05,2.3182352e-05,3.83384e-05
ALL_core_cancer_type_top95,tabpfn_v3,v3,train,1107,BRCA,BRCA,0,0,0.999945,1.2981117e-05,1.32274e-05,1.4792333e-05,1.3980037e-05
ALL_core_cancer_type_top95,tabpfn_v3,v3,train,167,BRCA,BRCA,0,0,0.99988186,1.3089912e-05,3.3439017e-05,3.0421355e-05,4.1180516e-05
ALL_core_cancer_type_top95,tabpfn_v3,v3,train,423,BRCA,BRCA,0,0,0.99985147,2.0529802e-05,7.457832e-05,2.4016761e-05,2.9432646e-05
ALL_core_cancer_type_top95,tabpfn_v3,v3,train,1178,BRCA,BRCA,0,0,0.9999446,1.2981112e-05,1.3715586e-05,1.4472529e-05,1.42158515e-05
ALL_core_cancer_type_top95,tabpfn_v3,v3,train,394,BRCA,BRCA,0,0,0.99994576,1.2981126e-05,1.3043043e-05,1.4292055e-05,1.3914349e-05
ALL_core_cancer_type_top95,tabpfn_v3,v3,train,3057,LUAD,LUAD,4,4,1.7295612e-05,1.3743367e-05,1.3300989e-05,2.05716e-05,0.9999351
ALL_core_cancer_type_top95,tabpfn_v3,v3,train,2680,LUAD,HNSCC,4,2,0.2833419,4.7556936e-05,0.3050575,0.20473874,0.2068143
ALL_core_cancer_type_top95,tabpfn_v3,v3,train,1692,HNSCC,HNSCC,2,2,1.3637657e-05,1.2981148e-05,0.99994737,1.2981148e-05,1.2981148e-05
ALL_core_cancer_type_top95,tabpfn_v3,v3,train,1824,HNSCC,HNSCC,2,2,1.3405347e-05,1.5388063e-05,0.9999444,1.324102e-05,1.3588339e-05
ALL_core_cancer_type_top95,tabpfn_v3,v3,train,2613,LSCC,LSCC,3,3,1.5360738e-05,1.4488218e-05,1.4844688e-05,0.99993247,2.2830209e-05
ALL_core_cancer_type_top95,tabpfn_v3,v3,train,1430,HNSCC,HNSCC,2,2,0.2833419,4.7556936e-05,0.3050575,0.20473874,0.2068143
ALL_core_cancer_type_top95,tabpfn_v3,v3,train,2989,LUAD,LUAD,4,4,1.6685242e-05,1.5979178e-05,1.3115843e-05,2.1681575e-05,0.9999325
ALL_core_cancer_type_top95,tabpfn_v3,v3,train,1024,BRCA,BRCA,0,0,0.9999409,1.2981064e-05,1.4274252e-05,1.528948e-05,1.658841e-05
ALL_core_cancer_type_top95,tabpfn_v3,v3,train,767,BRCA,BRCA,0,0,0.99991643,1.2981628e-05,2.392821e-05,2.1902018e-05,2.4807203e-05
ALL_core_cancer_type_top95,tabpfn_v3,v3,train,1193,BRCA,BRCA,0,0,0.9999437,1.29811e-05,1.4352434e-05,1.4713018e-05,1.4223683e-05
ALL_core_cancer_type_top95,tabpfn_v3,v3,train,3213,LUAD,LUAD,4,4,2.474696e-05,1.5487363e-05,1.4071529e-05,2.6631382e-05,0.99991906
ALL_core_cancer_type_top95,tabpfn_v3,v3,train,1030,BRCA,BRCA,0,0,0.99993986,1.298105e-05,1.4833089e-05,1.536589e-05,1.6962602e-05
ALL_core_cancer_type_top95,tabpfn_v3,v3,train,1478,HNSCC,HNSCC,2,2,0.2833419,4.7556936e-05,0.3050575,0.20473874,0.2068143
ALL_core_cancer_type_top95,tabpfn_v3,v3,train,1266,ESCA,ESCA,1,1,1.5869242e-05,0.99990994,1.8666506e-05,2.1600821e-05,3.3951455e-05
ALL_core_cancer_type_top95,tabpfn_v3,v3,train,1221,ESCA,ESCA,1,1,1.5961947e-05,0.9999008,1.6359661e-05,3.1705258e-05,3.5181165e-05
ALL_core_cancer_type_top95,tabpfn_v3,v3,train,2677,LUAD,HNSCC,4,2,0.2833419,4.7556936e-05,0.3050575,0.20473874,0.2068143
ALL_core_cancer_type_top95,tabpfn_v3,v3,train,986,BRCA,BRCA,0,0,0.9999249,1.764328e-05,1.8624389e-05,2.0080422e-05,1.875489e-05
ALL_core_cancer_type_top95,tabpfn_v3,v3,train,1167,BRCA,BRCA,0,0,0.9999422,1.3018741e-05,1.4672524e-05,1.5021048e-05,1.5138296e-05
ALL_core_cancer_type_top95,tabpfn_v3,v3,train,1946,HNSCC,HNSCC,2,2,1.3788232e-05,1.3956395e-05,0.99994606,1.29811315e-05,1.3227412e-05
ALL_core_cancer_type_top95,tabpfn_v3,v3,train,517,BRCA,BRCA,0,0,0.9999438,1.2981102e-05,1.3045667e-05,1.4866683e-05,1.5295647e-05
ALL_core_cancer_type_top95,tabpfn_v3,v3,train,43,BRCA,HNSCC,0,2,0.2833419,4.7556936e-05,0.3050575,0.20473874,0.2068143
ALL_core_cancer_type_top95,tabpfn_v3,v3,train,1511,HNSCC,HNSCC,2,2,1.3493574e-05,1.3251972e-05,0.99994725,1.2981146e-05,1.2981146e-05
ALL_core_cancer_type_top95,tabpfn_v3,v3,train,3004,LUAD,LUAD,4,4,1.504775e-05,1.3704396e-05,1.2999893e-05,1.6466322e-05,0.99994177
ALL_core_cancer_type_top95,tabpfn_v3,v3,train,2379,LSCC,LSCC,3,3,1.388488e-05,1.298112e-05,1.298112e-05,0.99994516,1.49411135e-05
ALL_core_cancer_type_top95,tabpfn_v3,v3,train,1541,HNSCC,HNSCC,2,2,1.4855738e-05,1.3880714e-05,0.9999442,1.35462105e-05,1.3546073e-05
ALL_core_cancer_type_top95,tabpfn_v3,v3,train,2009,HNSCC,HNSCC,2,2,1.3208364e-05,1.3485292e-05,0.9999473,1.2981147e-05,1.2981147e-05
ALL_core_cancer_type_top95,tabpfn_v3,v3,train,1339,ESCA,ESCA,1,1,1.29810705e-05,0.99994147,1.339449e-05,1.4025324e-05,1.8119334e-05
ALL_core_cancer_type_top95,tabpfn_v3,v3,train,1409,HNSCC,HNSCC,2,2,0.2833419,4.7556936e-05,0.3050575,0.20473874,0.2068143
ALL_core_cancer_type_top95,tabpfn_v3,v3,train,616,BRCA,BRCA,0,0,0.9999377,1.2981022e-05,1.4048919e-05,1.704706e-05,1.8172876e-05
ALL_core_cancer_type_top95,tabpfn_v3,v3,train,2023,LSCC,HNSCC,3,2,0.2833419,4.7556936e-05,0.3050575,0.20473874,0.2068143
ALL_core_cancer_type_top95,tabpfn_v3,v3,train,1812,HNSCC,HNSCC,2,2,1.7093469e-05,1.596366e-05,0.9999305,1.9452158e-05,1.7013614e-05
ALL_core_cancer_type_top95,tabpfn_v3,v3,train,72,BRCA,HNSCC,0,2,0.2833419,4.7556936e-05,0.3050575,0.20473874,0.2068143
ALL_core_cancer_type_top95,tabpfn_v3,v3,train,1947,HNSCC,HNSCC,2,2,1.3802242e-05,1.3037668e-05,0.9999472,1.2981145e-05,1.2981145e-05
ALL_core_cancer_type_top95,tabpfn_v3,v3,train,1452,HNSCC,HNSCC,2,2,0.2833419,4.7556936e-05,0.3050575,0.20473874,0.2068143
ALL_core_cancer_type_top95,tabpfn_v3,v3,train,3157,LUAD,LUAD,4,4,1.7774708e-05,1.5088294e-05,1.3793878e-05,2.1240663e-05,0.9999321
ALL_core_cancer_type_top95,tabpfn_v3,v3,train,2836,LUAD,LUAD,4,4,2.2536478e-05,1.98327e-05,2.1119446e-05,4.1201067e-05,0.99989533
ALL_core_cancer_type_top95,tabpfn_v3,v3,train,2558,LSCC,LSCC,3,3,0.00019830841,0.000111249174,0.00015811714,0.9993828,0.00014954057
ALL_core_cancer_type_top95,tabpfn_v3,v3,train,1438,HNSCC,HNSCC,2,2,0.2833419,4.7556936e-05,0.3050575,0.20473874,0.2068143
ALL_core_cancer_type_top95,tabpfn_v3,v3,train,2400,LSCC,LSCC,3,3,1.4536523e-05,1.3078094e-05,1.319197e-05,0.99994224,1.6948816e-05
ALL_core_cancer_type_top95,tabpfn_v3,v3,train,604,BRCA,BRCA,0,0,0.999937,1.2981013e-05,1.48095105e-05,1.7780492e-05,1.7465276e-05
ALL_core_cancer_type_top95,tabpfn_v3,v3,train,454,BRCA,BRCA,0,0,0.99994177,1.3202848e-05,1.4773172e-05,1.546501e-05,1.4797911e-05
ALL_core_cancer_type_top95,tabpfn_v3,v3,train,2837,LUAD,LUAD,4,4,1.7066453e-05,2.5496138e-05,1.3880435e-05,2.7290402e-05,0.99991626
ALL_core_cancer_type_top95,tabpfn_v3,v3,train,2640,LUAD,HNSCC,4,2,0.2833419,4.7556936e-05,0.3050575,0.20473874,0.2068143
ALL_core_cancer_type_top95,tabpfn_v3,v3,train,2996,LUAD,LUAD,4,4,1.7419263e-05,1.4173918e-05,1.3279111e-05,2.0351823e-05,0.9999348
ALL_core_cancer_type_top95,tabpfn_v3,v3,train,1677,HNSCC,HNSCC,2,2,1.3846023e-05,1.4348116e-05,0.9999458,1.2981128e-05,1.2981128e-05
ALL_core_cancer_type_top95,tabpfn_v3,v3,train,280,BRCA,BRCA,0,0,0.9999448,1.2981114e-05,1.3032246e-05,1.4856798e-05,1.4287347e-05
ALL_core_cancer_type_top95,tabpfn_v3,v3,train,2809,LUAD,LUAD,4,4,1.766897e-05,1.43160605e-05,1.3354114e-05,1.7800829e-05,0.9999369
ALL_core_cancer_type_top95,tabpfn_v3,v3,train,1681,HNSCC,HNSCC,2,2,1.5717585e-05,1.3479733e-05,0.9999445,1.298111e-05,1.3292904e-05
ALL_core_cancer_type_top95,tabpfn_v3,v3,train,1941,HNSCC,HNSCC,2,2,3.182987e-05,2.466547e-05,0.9998999,1.9619138e-05,2.3940478e-05
ALL_core_cancer_type_top95,tabpfn_v3,v3,train,2898,LUAD,LUAD,4,4,1.8241146e-05,1.4731207e-05,1.3730744e-05,2.123796e-05,0.99993205
ALL_core_cancer_type_top95,tabpfn_v3,v3,train,1532,HNSCC,HNSCC,2,2,1.638042e-05,1.36923245e-05,0.9999419,1.4271124e-05,1.3764078e-05
ALL_core_cancer_type_top95,tabpfn_v3,v3,train,2374,LSCC,LSCC,3,3,1.3581169e-05,1.2981102e-05,1.309975e-05,0.9999438,1.6574284e-05
ALL_core_cancer_type_top95,tabpfn_v3,v3,train,2293,LSCC,LSCC,3,3,1.6601913e-05,1.3213563e-05,1.5722975e-05,0.9999285,2.5982145e-05
ALL_core_cancer_type_top95,tabpfn_v3,v3,train,745,BRCA,BRCA,0,0,0.9999421,1.3249174e-05,1.495325e-05,1.50944115e-05,1.4593717e-05
ALL_core_cancer_type_top95,tabpfn_v3,v3,train,470,BRCA,BRCA,0,0,0.99994415,1.2981106e-05,1.2981106e-05,1.4921105e-05,1.4986778e-05
ALL_core_cancer_type_top95,tabpfn_v3,v3,train,1578,HNSCC,HNSCC,2,2,1.5458922e-05,1.3604289e-05,0.9999447,1.2981112e-05,1.3232282e-05
ALL_core_cancer_type_top95,tabpfn_v3,v3,train,1519,HNSCC,HNSCC,2,2,1.3153993e-05,1.3843376e-05,0.99994695,1.2981142e-05,1.3051151e-05
ALL_core_cancer_type_top95,tabpfn_v3,v3,train,758,BRCA,BRCA,0,0,0.9999459,1.298113e-05,1.3208347e-05,1.431773e-05,1.3584933e-05
ALL_core_cancer_type_top95,tabpfn_v3,v3,train,54,BRCA,HNSCC,0,2,0.2833419,4.7556936e-05,0.3050575,0.20473874,0.2068143
ALL_core_cancer_type_top95,tabpfn_v3,v3,train,1945,HNSCC,HNSCC,2,2,1.3126883e-05,1.308087e-05,0.9999478,1.2981153e-05,1.2981153e-05
ALL_core_cancer_type_top95,tabpfn_v3,v3,train,1315,ESCA,ESCA,1,1,1.3145424e-05,0.9999361,1.4199694e-05,1.4570093e-05,2.2023802e-05
ALL_core_cancer_type_top95,tabpfn_v3,v3,train,5,BRCA,HNSCC,0,2,0.2833419,4.7556936e-05,0.3050575,0.20473874,0.2068143
ALL_core_cancer_type_top95,tabpfn_v3,v3,train,1811,HNSCC,HNSCC,2,2,1.40626325e-05,1.563531e-05,0.9999435,1.3852616e-05,1.2981099e-05
ALL_core_cancer_type_top95,tabpfn_v3,v3,train,341,BRCA,BRCA,0,0,0.99994504,1.2981117e-05,1.3361402e-05,1.4723527e-05,1.3913167e-05
ALL_core_cancer_type_top95,tabpfn_v3,v3,train,1420,HNSCC,HNSCC,2,2,0.2833419,4.7556936e-05,0.3050575,0.20473874,0.2068143
ALL_core_cancer_type_top95,tabpfn_v3,v3,train,2629,LUAD,HNSCC,4,2,0.2833419,4.7556936e-05,0.3050575,0.20473874,0.2068143
ALL_core_cancer_type_top95,tabpfn_v3,v3,train,2266,LSCC,LSCC,3,3,1.6489017e-05,1.3223861e-05,1.3788598e-05,0.9999363,2.02091e-05
ALL_core_cancer_type_top95,tabpfn_v3,v3,train,1986,HNSCC,HNSCC,2,2,2.6183223e-05,5.1859297e-05,0.9998542,4.25813e-05,2.5191568e-05
ALL_core_cancer_type_top95,tabpfn_v3,v3,train,1333,ESCA,ESCA,1,1,1.4107739e-05,0.99992603,1.5470874e-05,1.6109147e-05,2.8229617e-05
ALL_core_cancer_type_top95,tabpfn_v3,v3,train,154,BRCA,BRCA,0,0,0.9998673,1.5191235e-05,4.2712618e-05,2.9330093e-05,4.543968e-05
ALL_core_cancer_type_top95,tabpfn_v3,v3,train,3183,LUAD,LUAD,4,4,1.5418049e-05,1.4665891e-05,1.36780145e-05,2.070753e-05,0.9999355
ALL_core_cancer_type_top95,tabpfn_v3,v3,train,930,BRCA,BRCA,0,0,0.9999448,1.2981115e-05,1.3227398e-05,1.4479267e-05,1.4484011e-05
ALL_core_cancer_type_top95,tabpfn_v3,v3,train,316,BRCA,BRCA,0,0,0.99994576,1.2981126e-05,1.3372389e-05,1.4353003e-05,1.3565352e-05
ALL_core_cancer_type_top95,tabpfn_v3,v3,train,457,BRCA,BRCA,0,0,0.99994504,1.2981118e-05,1.3213779e-05,1.4812587e-05,1.3919988e-05
ALL_core_cancer_type_top95,tabpfn_v3,v3,train,1538,HNSCC,HNSCC,2,2,1.400175e-05,1.3827422e-05,0.9999452,1.3447211e-05,1.3465948e-05
ALL_core_cancer_type_top95,tabpfn_v3,v3,train,2359,LSCC,LSCC,3,3,1.5307372e-05,1.2994482e-05,1.34512475e-05,0.99993914,1.9082405e-05
ALL_core_cancer_type_top95,tabpfn_v3,v3,train,1069,BRCA,BRCA,0,0,0.99994504,1.2981117e-05,1.3078018e-05,1.4148368e-05,1.4801165e-05
ALL_core_cancer_type_top95,tabpfn_v3,v3,train,2551,LSCC,LSCC,3,3,1.3700805e-05,1.2981126e-05,1.2981126e-05,0.9999457,1.4651166e-05
ALL_core_cancer_type_top95,tabpfn_v3,v3,train,3061,LUAD,LUAD,4,4,1.580093e-05,1.3676462e-05,1.341659e-05,2.059847e-05,0.9999365
ALL_core_cancer_type_top95,tabpfn_v3,v3,train,2862,LUAD,LUAD,4,4,1.5850519e-05,1.3788139e-05,1.3115926e-05,1.8470504e-05,0.9999388
ALL_core_cancer_type_top95,tabpfn_v3,v3,train,2580,LSCC,LSCC,3,3,1.3804245e-05,1.2981126e-05,1.2981126e-05,0.9999457,1.4554026e-05
ALL_core_cancer_type_top95,tabpfn_v3,v3,train,2946,LUAD,LUAD,4,4,2.0404941e-05,1.743493e-05,1.44841215e-05,2.5939338e-05,0.99992174
ALL_core_cancer_type_top95,tabpfn_v3,v3,train,838,BRCA,BRCA,0,0,0.9999388,1.2981037e-05,1.4849965e-05,1.7962013e-05,1.5413003e-05
ALL_core_cancer_type_top95,tabpfn_v3,v3,train,1696,HNSCC,HNSCC,2,2,1.3232889e-05,1.2981153e-05,0.9999478,1.2981153e-05,1.2981153e-05
ALL_core_cancer_type_top95,tabpfn_v3,v3,train,2892,LUAD,LUAD,4,4,1.7313587e-05,1.49931475e-05,1.352614e-05,2.1559963e-05,0.9999326
ALL_core_cancer_type_top95,tabpfn_v3,v3,train,628,BRCA,BRCA,0,0,0.99994385,1.2981102e-05,1.33065805e-05,1.5186048e-05,1.4647234e-05
ALL_core_cancer_type_top95,tabpfn_v3,v3,train,2121,LSCC,HNSCC,3,2,0.2833419,4.7556936e-05,0.3050575,0.20473874,0.2068143
ALL_core_cancer_type_top95,tabpfn_v3,v3,train,2263,LSCC,LSCC,3,3,1.51464465e-05,1.3454832e-05,1.3669516e-05,0.99993896,1.8772089e-05
ALL_core_cancer_type_top95,tabpfn_v3,v3,train,2395,LSCC,LSCC,3,3,1.3842518e-05,1.2981129e-05,1.2981129e-05,0.99994594,1.425936e-05
ALL_core_cancer_type_top95,tabpfn_v3,v3,train,2282,LSCC,LSCC,3,3,2.6948748e-05,1.6446484e-05,2.3115119e-05,0.999875,5.8481422e-05
ALL_core_cancer_type_top95,tabpfn_v3,v3,train,786,BRCA,BRCA,0,0,0.9999451,1.298112e-05,1.3064625e-05,1.45400345e-05,1.4325287e-05
ALL_core_cancer_type_top95,tabpfn_v3,v3,train,2838,LUAD,LUAD,4,4,1.559197e-05,2.118837e-05,1.5499585e-05,3.2334196e-05,0.99991536
ALL_core_cancer_type_top95,tabpfn_v3,v3,train,2564,LSCC,LSCC,3,3,1.5188067e-05,1.2981075e-05,1.298645e-05,0.99994177,1.7123815e-05
ALL_core_cancer_type_top95,tabpfn_v3,v3,train,51,BRCA,HNSCC,0,2,0.2833419,4.7556936e-05,0.3050575,0.20473874,0.2068143
ALL_core_cancer_type_top95,tabpfn_v3,v3,train,1991,HNSCC,HNSCC,2,2,1.6350647e-05,1.3650579e-05,0.999942,1.322111e-05,1.4770219e-05
ALL_core_cancer_type_top95,tabpfn_v3,v3,train,3199,LUAD,LUAD,4,4,1.7007824e-05,1.4997168e-05,1.3356836e-05,1.818763e-05,0.99993646
ALL_core_cancer_type_top95,tabpfn_v3,v3,train,372,BRCA,BRCA,0,0,0.999942,1.2981079e-05,1.3509738e-05,1.7178005e-05,1.4327242e-05
ALL_core_cancer_type_top95,tabpfn_v3,v3,train,1402,HNSCC,HNSCC,2,2,0.2833419,4.7556936e-05,0.3050575,0.20473874,0.2068143
ALL_core_cancer_type_top95,tabpfn_v3,v3,train,2614,LUAD,HNSCC,4,2,0.2833419,4.7556936e-05,0.3050575,0.20473874,0.2068143
ALL_core_cancer_type_top95,tabpfn_v3,v3,train,268,BRCA,BRCA,0,0,0.9999388,1.2981036e-05,1.6390097e-05,1.5367945e-05,1.6468317e-05
ALL_core_cancer_type_top95,tabpfn_v3,v3,train,2517,LSCC,LSCC,3,3,1.5218611e-05,1.2981063e-05,1.3392857e-05,0.9999409,1.753442e-05
ALL_core_cancer_type_top95,tabpfn_v3,v3,train,2385,LSCC,LSCC,3,3,1.3825439e-05,1.2981131e-05,1.2981131e-05,0.99994606,1.41365435e-05
ALL_core_cancer_type_top95,tabpfn_v3,v3,train,1639,HNSCC,HNSCC,2,2,1.6250797e-05,1.3026846e-05,0.99994403,1.3194399e-05,1.352392e-05
ALL_core_cancer_type_top95,tabpfn_v3,v3,train,3190,LUAD,LUAD,4,4,1.6820268e-05,1.5027147e-05,1.3981821e-05,2.170096e-05,0.99993247
ALL_core_cancer_type_top95,tabpfn_v3,v3,train,623,BRCA,BRCA,0,0,0.99994427,1.2981108e-05,1.3162105e-05,1.5314983e-05,1.4236264e-05
ALL_core_cancer_type_top95,tabpfn_v3,v3,train,49,BRCA,HNSCC,0,2,0.2833419,4.7556936e-05,0.3050575,0.20473874,0.2068143
ALL_core_cancer_type_top95,tabpfn_v3,v3,train,2315,LSCC,LSCC,3,3,1.715677e-05,1.4641628e-05,1.556649e-05,0.9999281,2.4496803e-05
ALL_core_cancer_type_top95,tabpfn_v3,v3,train,2157,LSCC,LSCC,3,3,1.4738515e-05,1.29810605e-05,1.3306536e-05,0.99994063,1.8352706e-05
ALL_core_cancer_type_top95,tabpfn_v3,v3,train,275,BRCA,BRCA,0,0,0.9999379,1.2981024e-05,1.7107597e-05,1.404224e-05,1.795652e-05
ALL_core_cancer_type_top95,tabpfn_v3,v3,train,1770,HNSCC,HNSCC,2,2,1.6105074e-05,1.44026735e-05,0.9999412,1.455846e-05,1.37801735e-05
ALL_core_cancer_type_top95,tabpfn_v3,v3,train,2200,LSCC,LSCC,3,3,1.3729518e-05,1.31132665e-05,1.31725865e-05,0.9999424,1.7592987e-05
ALL_core_cancer_type_top95,tabpfn_v3,v3,train,2537,LSCC,LSCC,3,3,1.5217401e-05,1.3551377e-05,1.6304202e-05,0.9999277,2.7268814e-05
ALL_core_cancer_type_top95,tabpfn_v3,v3,train,35,BRCA,HNSCC,0,2,0.2833419,4.7556936e-05,0.3050575,0.20473874,0.2068143
ALL_core_cancer_type_top95,tabpfn_v3,v3,train,2397,LSCC,LSCC,3,3,1.4374887e-05,1.4785178e-05,1.4315154e-05,0.99993765,1.8899402e-05
ALL_core_cancer_type_top95,tabpfn_v3,v3,train,3216,LUAD,LUAD,4,4,1.685554e-05,1.38553105e-05,1.37694e-05,2.0809175e-05,0.99993473
ALL_core_cancer_type_top95,tabpfn_v3,v3,train,1023,BRCA,BRCA,0,0,0.99994236,1.2981082e-05,1.3264449e-05,1.5812686e-05,1.5535712e-05
ALL_core_cancer_type_top95,tabpfn_v3,v3,train,953,BRCA,BRCA,0,0,0.9999433,1.2981095e-05,1.3383346e-05,1.4963462e-05,1.5288704e-05
ALL_core_cancer_type_top95,tabpfn_v3,v3,train,1148,BRCA,BRCA,0,0,0.999946,1.298113e-05,1.3249229e-05,1.415541e-05,1.3668114e-05
ALL_core_cancer_type_top95,tabpfn_v3,v3,train,2483,LSCC,LSCC,3,3,1.3639531e-05,1.2981135e-05,1.2981135e-05,0.99994636,1.4078431e-05
ALL_core_cancer_type_top95,tabpfn_v3,v3,train,1704,HNSCC,HNSCC,2,2,1.3626541e-05,1.298921e-05,0.9999473,1.2981146e-05,1.3061953e-05
ALL_core_cancer_type_top95,tabpfn_v3,v3,train,2734,LUAD,LUAD,4,4,1.5698068e-05,1.3883449e-05,1.29837335e-05,1.793184e-05,0.9999395
ALL_core_cancer_type_top95,tabpfn_v3,v3,train,1070,BRCA,BRCA,0,0,0.99994576,1.2981127e-05,1.2981127e-05,1.47007595e-05,1.3546079e-05
ALL_core_cancer_type_top95,tabpfn_v3,v3,train,1916,HNSCC,HNSCC,2,2,1.3518446e-05,1.298115e-05,0.9999475,1.298115e-05,1.298115e-05
ALL_core_cancer_type_top95,tabpfn_v3,v3,train,672,BRCA,BRCA,0,0,0.9999421,1.3002589e-05,1.3774712e-05,1.5898135e-05,1.5201676e-05
ALL_core_cancer_type_top95,tabpfn_v3,v3,train,2844,LUAD,LUAD,4,4,1.5260355e-05,1.5365986e-05,1.3078011e-05,2.0373482e-05,0.9999359
ALL_core_cancer_type_top95,tabpfn_v3,v3,train,2091,LSCC,HNSCC,3,2,0.2833419,4.7556936e-05,0.3050575,0.20473874,0.2068143
ALL_core_cancer_type_top95,tabpfn_v3,v3,train,2572,LSCC,LSCC,3,3,1.4947147e-05,1.2981081e-05,1.3021436e-05,0.99994224,1.683068e-05
ALL_core_cancer_type_top95,tabpfn_v3,v3,train,2421,LSCC,LSCC,3,3,1.3988581e-05,1.2981119e-05,1.2981119e-05,0.9999451,1.4940005e-05
ALL_core_cancer_type_top95,tabpfn_v3,v3,train,3218,LUAD,LUAD,4,4,1.967041e-05,1.4947616e-05,1.3325566e-05,2.1131915e-05,0.9999309
ALL_core_cancer_type_top95,tabpfn_v3,v3,train,2709,LUAD,HNSCC,4,2,0.2833419,4.7556936e-05,0.3050575,0.20473874,0.2068143
ALL_core_cancer_type_top95,tabpfn_v3,v3,train,1141,BRCA,BRCA,0,0,0.9999443,1.2981108e-05,1.3170252e-05,1.50169535e-05,1.4507436e-05
ALL_core_cancer_type_top95,tabpfn_v3,v3,train,3038,LUAD,LUAD,4,4,1.6532236e-05,1.4886782e-05,1.3229996e-05,2.005693e-05,0.99993527
ALL_core_cancer_type_top95,tabpfn_v3,v3,train,1062,BRCA,BRCA,0,0,0.9998917,1.3396878e-05,3.742313e-05,2.5628065e-05,3.183707e-05
ALL_core_cancer_type_top95,tabpfn_v3,v3,train,2647,LUAD,HNSCC,4,2,0.2833419,4.7556936e-05,0.3050575,0.20473874,0.2068143
ALL_core_cancer_type_top95,tabpfn_v3,v3,train,1668,HNSCC,HNSCC,2,2,1.3807835e-05,1.2989208e-05,0.9999471,1.2981143e-05,1.31402185e-05
ALL_core_cancer_type_top95,tabpfn_v3,v3,train,740,BRCA,BRCA,0,0,0.999946,1.298113e-05,1.3153981e-05,1.4481893e-05,1.3371222e-05
ALL_core_cancer_type_top95,tabpfn_v3,v3,train,671,BRCA,BRCA,0,0,0.99994516,1.298112e-05,1.316483e-05,1.5036458e-05,1.3652309e-05
ALL_core_cancer_type_top95,tabpfn_v3,v3,train,2625,LUAD,HNSCC,4,2,0.2833419,4.7556936e-05,0.3050575,0.20473874,0.2068143
ALL_core_cancer_type_top95,tabpfn_v3,v3,train,1629,HNSCC,HNSCC,2,2,1.3105216e-05,1.2981155e-05,0.9999479,1.2981155e-05,1.2981155e-05
ALL_core_cancer_type_top95,tabpfn_v3,v3,train,2484,LSCC,LSCC,3,3,1.3942949e-05,1.2981128e-05,1.2981128e-05,0.9999458,1.4316465e-05
ALL_core_cancer_type_top95,tabpfn_v3,v3,train,2587,LSCC,LSCC,3,3,1.36447015e-05,1.3765857e-05,1.2981125e-05,0.9999456,1.4024951e-05
ALL_core_cancer_type_top95,tabpfn_v3,v3,train,1415,HNSCC,HNSCC,2,2,0.2833419,4.7556936e-05,0.3050575,0.20473874,0.2068143
ALL_core_cancer_type_top95,tabpfn_v3,v3,train,2546,LSCC,LSCC,3,3,1.648935e-05,1.2981012e-05,1.3844397e-05,0.99993694,1.9769208e-05
ALL_core_cancer_type_top95,tabpfn_v3,v3,train,3197,LUAD,LUAD,4,4,1.9346127e-05,1.3984629e-05,1.4314201e-05,2.0456724e-05,0.9999319
ALL_core_cancer_type_top95,tabpfn_v3,v3,train,53,BRCA,HNSCC,0,2,0.2833419,4.7556936e-05,0.3050575,0.20473874,0.2068143
ALL_core_cancer_type_top95,tabpfn_v3,v3,train,2186,LSCC,LSCC,3,3,0.0003980946,5.0381168e-05,0.00043706634,0.9984232,0.0006912324
ALL_core_cancer_type_top95,tabpfn_v3,v3,train,403,BRCA,BRCA,0,0,0.99992543,1.2999681e-05,2.5803143e-05,1.6167447e-05,1.9594616e-05
ALL_core_cancer_type_top95,tabpfn_v3,v3,train,3212,LUAD,LUAD,4,4,1.7352391e-05,1.4496242e-05,1.4067564e-05,2.487439e-05,0.99992925
ALL_core_cancer_type_top95,tabpfn_v3,v3,train,450,BRCA,BRCA,0,0,0.999943,1.2981091e-05,1.4300322e-05,1.45773765e-05,1.5107831e-05
ALL_core_cancer_type_top95,tabpfn_v3,v3,train,1421,HNSCC,HNSCC,2,2,0.2833419,4.7556936e-05,0.3050575,0.20473874,0.2068143
ALL_core_cancer_type_top95,tabpfn_v3,v3,train,18,BRCA,HNSCC,0,2,0.2833419,4.7556936e-05,0.3050575,0.20473874,0.2068143
ALL_core_cancer_type_top95,tabpfn_v3,v3,train,1703,HNSCC,HNSCC,2,2,1.3167581e-05,1.3059261e-05,0.9999478,1.2981153e-05,1.2981153e-05
ALL_core_cancer_type_top95,tabpfn_v3,v3,train,2866,LUAD,LUAD,4,4,1.694964e-05,1.3507197e-05,1.3741776e-05,2.275591e-05,0.99993306
ALL_core_cancer_type_top95,tabpfn_v3,v3,train,2268,LSCC,LSCC,3,3,2.1509393e-05,2.2079137e-05,3.4054123e-05,0.99985576,6.655684e-05
ALL_core_cancer_type_top95,tabpfn_v3,v3,train,3116,LUAD,LUAD,4,4,1.6832515e-05,1.3427289e-05,1.3029476e-05,1.7618117e-05,0.9999391
ALL_core_cancer_type_top95,tabpfn_v3,v3,train,2333,LSCC,LSCC,3,3,1.4341719e-05,1.30241615e-05,1.3151248e-05,0.9999447,1.4781831e-05
ALL_core_cancer_type_top95,tabpfn_v3,v3,train,182,BRCA,BRCA,0,0,0.99993956,1.2981047e-05,1.3412202e-05,1.6105487e-05,1.7934555e-05
ALL_core_cancer_type_top95,tabpfn_v3,v3,train,300,BRCA,BRCA,0,0,0.9999431,1.29810915e-05,1.4255877e-05,1.4974762e-05,1.4700378e-05
ALL_core_cancer_type_top95,tabpfn_v3,v3,train,1890,HNSCC,HNSCC,2,2,2.4383016e-05,2.4487279e-05,0.9999154,1.9874706e-05,1.5873407e-05
ALL_core_cancer_type_top95,tabpfn_v3,v3,train,1077,BRCA,BRCA,0,0,0.99994385,1.29811015e-05,1.29811015e-05,1.5642938e-05,1.4539271e-05
ALL_core_cancer_type_top95,tabpfn_v3,v3,train,553,BRCA,BRCA,0,0,0.9999386,1.2981034e-05,1.4473309e-05,1.7419654e-05,1.6487988e-05
ALL_core_cancer_type_top95,tabpfn_v3,v3,train,2134,LSCC,LSCC,3,3,1.3607723e-05,1.2981125e-05,1.2981125e-05,0.99994564,1.478756e-05
ALL_core_cancer_type_top95,tabpfn_v3,v3,train,395,BRCA,BRCA,0,0,0.9999441,1.2981105e-05,1.313746e-05,1.5155753e-05,1.4677133e-05
ALL_core_cancer_type_top95,tabpfn_v3,v3,train,2763,LUAD,LUAD,4,4,1.61543e-05,1.363749e-05,1.3704292e-05,2.1754036e-05,0.99993473
ALL_core_cancer_type_top95,tabpfn_v3,v3,train,3036,LUAD,LUAD,4,4,1.6867025e-05,1.4179954e-05,1.3210375e-05,1.9398494e-05,0.99993634
ALL_core_cancer_type_top95,tabpfn_v3,v3,train,1636,HNSCC,HNSCC,2,2,1.3855462e-05,1.4165888e-05,0.99994564,1.3183103e-05,1.3143121e-05
ALL_core_cancer_type_top95,tabpfn_v3,v3,train,3219,LUAD,LUAD,4,4,1.7818635e-05,1.4281142e-05,1.3539318e-05,2.042015e-05,0.99993396
ALL_core_cancer_type_top95,tabpfn_v3,v3,train,2941,LUAD,LUAD,4,4,1.6730475e-05,1.67533e-05,1.3137274e-05,1.9845702e-05,0.99993354
ALL_core_cancer_type_top95,tabpfn_v3,v3,train,2360,LSCC,LSCC,3,3,1.49178695e-05,1.2981041e-05,1.3661294e-05,0.99993914,1.9326902e-05
ALL_core_cancer_type_top95,tabpfn_v3,v3,train,1515,HNSCC,HNSCC,2,2,1.3053862e-05,1.2981155e-05,0.99994797,1.2981155e-05,1.2981155e-05
ALL_core_cancer_type_top95,tabpfn_v3,v3,train,3096,LUAD,LUAD,4,4,1.7794478e-05,1.3175556e-05,1.3890151e-05,2.0529696e-05,0.9999346
ALL_core_cancer_type_top95,tabpfn_v3,v3,train,1245,ESCA,ESCA,1,1,1.9761803e-05,0.9998658,3.1187592e-05,2.79053e-05,5.5394077e-05
ALL_core_cancer_type_top95,tabpfn_v3,v3,train,2431,LSCC,LSCC,3,3,1.5127205e-05,1.2981074e-05,1.2981074e-05,0.99994165,1.7312226e-05
ALL_core_cancer_type_top95,tabpfn_v3,v3,train,3123,LUAD,LUAD,4,4,1.619553e-05,1.4616151e-05,1.3237381e-05,1.67018e-05,0.99993926
ALL_core_cancer_type_top95,tabpfn_v3,v3,train,2401,LSCC,LSCC,3,3,1.38619525e-05,1.29811215e-05,1.29811215e-05,0.99994534,1.4858245e-05
ALL_core_cancer_type_top95,tabpfn_v3,v3,train,898,BRCA,BRCA,0,0,0.99994326,1.2981094e-05,1.4094989e-05,1.5565975e-05,1.4133223e-05
ALL_core_cancer_type_top95,tabpfn_v3,v3,train,272,BRCA,BRCA,0,0,0.9999446,1.2981112e-05,1.3410853e-05,1.4673093e-05,1.432024e-05
ALL_core_cancer_type_top95,tabpfn_v3,v3,train,1323,ESCA,ESCA,1,1,1.8720593e-05,0.9998684,2.7760994e-05,3.718978e-05,4.7934816e-05
ALL_core_cancer_type_top95,tabpfn_v3,v3,train,1394,HNSCC,HNSCC,2,2,0.2833419,4.7556936e-05,0.3050575,0.20473874,0.2068143
ALL_core_cancer_type_top95,tabpfn_v3,v3,train,3171,LUAD,LUAD,4,4,1.458569e-05,1.531588e-05,1.360772e-05,1.9896861e-05,0.9999366
ALL_core_cancer_type_top95,tabpfn_v3,v3,train,2842,LUAD,LUAD,4,4,1.5389576e-05,1.5404205e-05,1.3559768e-05,2.2379954e-05,0.99993324
ALL_core_cancer_type_top95,tabpfn_v3,v3,train,1424,HNSCC,HNSCC,2,2,0.2833419,4.7556936e-05,0.3050575,0.20473874,0.2068143
ALL_core_cancer_type_top95,tabpfn_v3,v3,train,2566,LSCC,LSCC,3,3,1.5642134e-05,1.33311e-05,1.4249688e-05,0.99993455,2.2203862e-05
ALL_core_cancer_type_top95,tabpfn_v3,v3,train,3017,LUAD,LUAD,4,4,0.0029728862,0.004449746,0.004819073,0.004728539,0.9830298
ALL_core_cancer_type_top95,tabpfn_v3,v3,train,2960,LUAD,LUAD,4,4,2.510339e-05,2.188416e-05,1.7750071e-05,3.3025826e-05,0.99990225
ALL_core_cancer_type_top95,tabpfn_v3,v3,train,36,BRCA,HNSCC,0,2,0.2833419,4.7556936e-05,0.3050575,0.20473874,0.2068143
ALL_core_cancer_type_top95,tabpfn_v3,v3,train,1580,HNSCC,HNSCC,2,2,1.34628e-05,1.3413631e-05,0.9999468,1.3099717e-05,1.3216524e-05
ALL_core_cancer_type_top95,tabpfn_v3,v3,train,787,BRCA,BRCA,0,0,0.9999431,1.29810915e-05,1.339559e-05,1.5096165e-05,1.5458665e-05
ALL_core_cancer_type_top95,tabpfn_v3,v3,train,2846,LUAD,LUAD,4,4,1.6654378e-05,1.338874e-05,1.3457618e-05,2.0754256e-05,0.99993575
ALL_core_cancer_type_top95,tabpfn_v3,v3,train,1520,HNSCC,HNSCC,2,2,0.00041423924,0.0006469872,0.9979869,0.0006213233,0.00033054128
ALL_core_cancer_type_top95,tabpfn_v3,v3,train,181,BRCA,BRCA,0,0,0.99994314,1.2981092e-05,1.423707e-05,1.5127541e-05,1.4505834e-05
ALL_core_cancer_type_top95,tabpfn_v3,v3,train,696,BRCA,BRCA,0,0,0.9997897,2.1716956e-05,6.183044e-05,4.4745957e-05,8.19985e-05
ALL_core_cancer_type_top95,tabpfn_v3,v3,train,3187,LUAD,LUAD,4,4,1.6327545e-05,1.4160111e-05,1.316202e-05,1.8258339e-05,0.9999381
ALL_core_cancer_type_top95,tabpfn_v3,v3,train,1045,BRCA,BRCA,0,0,0.9838263,0.0009522009,0.004824398,0.0034317244,0.0069653844
ALL_core_cancer_type_top95,tabpfn_v3,v3,train,669,BRCA,BRCA,0,0,0.99994385,1.29811015e-05,1.4245446e-05,1.45292e-05,1.438722e-05
ALL_core_cancer_type_top95,tabpfn_v3,v3,train,1973,HNSCC,HNSCC,2,2,1.367382e-05,1.31811585e-05,0.99994713,1.2981144e-05,1.3018805e-05
ALL_core_cancer_type_top95,tabpfn_v3,v3,train,2413,LSCC,LSCC,3,3,2.8139277e-05,2.8246017e-05,5.2869033e-05,0.99979615,9.461628e-05
ALL_core_cancer_type_top95,tabpfn_v3,v3,train,1865,HNSCC,HNSCC,2,2,6.148672e-05,4.7712187e-05,0.9997963,4.498162e-05,4.9509006e-05
ALL_core_cancer_type_top95,tabpfn_v3,v3,train,2900,LUAD,LUAD,4,4,1.8385184e-05,1.4398811e-05,1.4134714e-05,2.4489009e-05,0.9999286
ALL_core_cancer_type_top95,tabpfn_v3,v3,train,2972,LUAD,LUAD,4,4,1.8648401e-05,1.4620464e-05,1.3505984e-05,2.1662565e-05,0.9999316
ALL_core_cancer_type_top95,tabpfn_v3,v3,train,2410,LSCC,LSCC,3,3,1.49636835e-05,1.2981069e-05,1.3164645e-05,0.9999413,1.7587598e-05
ALL_core_cancer_type_top95,tabpfn_v3,v3,train,1499,HNSCC,HNSCC,2,2,1.33916255e-05,1.43078e-05,0.9999462,1.3113274e-05,1.3010716e-05
ALL_core_cancer_type_top95,tabpfn_v3,v3,train,1079,BRCA,BRCA,0,0,0.9999443,1.2981108e-05,1.3132095e-05,1.5626152e-05,1.3931833e-05
ALL_core_cancer_type_top95,tabpfn_v3,v3,train,1714,HNSCC,HNSCC,2,2,1.3290206e-05,1.369331e-05,0.9999467,1.31024935e-05,1.3151274e-05
ALL_core_cancer_type_top95,tabpfn_v3,v3,train,3223,LUAD,LUAD,4,4,2.2603594e-05,1.8045495e-05,1.4292021e-05,2.9772955e-05,0.9999153
ALL_core_cancer_type_top95,tabpfn_v3,v3,train,417,BRCA,BRCA,0,0,0.99994373,1.29811e-05,1.3121218e-05,1.5539106e-05,1.4595408e-05
ALL_core_cancer_type_top95,tabpfn_v3,v3,train,2773,LUAD,LUAD,4,4,2.0488602e-05,1.5306407e-05,1.5475158e-05,2.6890131e-05,0.99992186
ALL_core_cancer_type_top95,tabpfn_v3,v3,train,1707,HNSCC,HNSCC,2,2,1.4901072e-05,1.3676572e-05,0.9999448,1.3624034e-05,1.3005308e-05
ALL_core_cancer_type_top95,tabpfn_v3,v3,train,2205,LSCC,LSCC,3,3,1.5136915e-05,1.3799218e-05,1.5936226e-05,0.99993086,2.4251885e-05
ALL_core_cancer_type_top95,tabpfn_v3,v3,train,1275,ESCA,ESCA,1,1,1.3088855e-05,0.9999385,1.3919456e-05,1.4502039e-05,2.0004602e-05
ALL_core_cancer_type_top95,tabpfn_v3,v3,train,1474,HNSCC,HNSCC,2,2,0.2833419,4.7556936e-05,0.3050575,0.20473874,0.2068143
ALL_core_cancer_type_top95,tabpfn_v3,v3,train,1287,ESCA,ESCA,1,1,1.29810005e-05,0.99993604,1.4899947e-05,1.4448559e-05,2.1616797e-05
ALL_core_cancer_type_top95,tabpfn_v3,v3,train,2704,LUAD,HNSCC,4,2,0.2833419,4.7556936e-05,0.3050575,0.20473874,0.2068143
ALL_core_cancer_type_top95,tabpfn_v3,v3,train,1826,HNSCC,HNSCC,2,2,1.5250982e-05,1.35233395e-05,0.99994504,1.3167544e-05,1.2994558e-05
ALL_core_cancer_type_top95,tabpfn_v3,v3,train,1829,HNSCC,HNSCC,2,2,0.000105842715,5.828894e-05,0.9996183,0.00010374034,0.000113829454
ALL_core_cancer_type_top95,tabpfn_v3,v3,train,979,BRCA,BRCA,0,0,0.9999452,1.298112e-05,1.3232856e-05,1.4921033e-05,1.365892e-05
ALL_core_cancer_type_top95,tabpfn_v3,v3,train,754,BRCA,BRCA,0,0,0.9999421,1.298108e-05,1.3792563e-05,1.6196229e-05,1.4906077e-05
ALL_core_cancer_type_top95,tabpfn_v3,v3,train,203,BRCA,BRCA,0,0,0.9999443,1.2981108e-05,1.3276508e-05,1.5513582e-05,1.3906581e-05
ALL_core_cancer_type_top95,tabpfn_v3,v3,train,437,BRCA,BRCA,0,0,0.9999439,1.2981102e-05,1.318334e-05,1.52004795e-05,1.471663e-05
ALL_core_cancer_type_top95,tabpfn_v3,v3,train,1898,HNSCC,HNSCC,2,2,1.3105211e-05,1.3325796e-05,0.9999476,1.2981151e-05,1.2981151e-05
ALL_core_cancer_type_top95,tabpfn_v3,v3,train,1007,BRCA,BRCA,0,0,0.99994445,1.298111e-05,1.3170254e-05,1.5277223e-05,1.4103613e-05
ALL_core_cancer_type_top95,tabpfn_v3,v3,train,1255,ESCA,ESCA,1,1,2.2448285e-05,0.9998437,2.8573342e-05,3.7575006e-05,6.773577e-05
ALL_core_cancer_type_top95,tabpfn_v3,v3,train,2381,LSCC,LSCC,3,3,1.4926433e-05,1.3013358e-05,1.3029507e-05,0.99994224,1.6830061e-05
ALL_core_cancer_type_top95,tabpfn_v3,v3,train,948,BRCA,BRCA,0,0,0.9999456,1.2981125e-05,1.2981125e-05,1.4269629e-05,1.4186249e-05
ALL_core_cancer_type_top95,tabpfn_v3,v3,train,3073,LUAD,LUAD,4,4,1.585531e-05,1.5651596e-05,1.3257241e-05,2.2308008e-05,0.99993294
ALL_core_cancer_type_top95,tabpfn_v3,v3,train,2201,LSCC,LSCC,3,3,1.3832552e-05,1.29811215e-05,1.29811215e-05,0.9999454,1.4801023e-05
ALL_core_cancer_type_top95,tabpfn_v3,v3,train,2623,LUAD,HNSCC,4,2,0.2833419,4.7556936e-05,0.3050575,0.20473874,0.2068143
ALL_core_cancer_type_top95,tabpfn_v3,v3,train,2725,LUAD,LUAD,4,4,1.5942569e-05,1.4767842e-05,1.2981047e-05,1.6726119e-05,0.99993956
ALL_core_cancer_type_top95,tabpfn_v3,v3,train,2999,LUAD,LUAD,4,4,0.0036759987,0.0005655429,0.0009964047,0.0018912959,0.99287075
ALL_core_cancer_type_top95,tabpfn_v3,v3,train,2718,LUAD,HNSCC,4,2,0.2833419,4.7556936e-05,0.3050575,0.20473874,0.2068143
ALL_core_cancer_type_top95,tabpfn_v3,v3,train,1461,HNSCC,HNSCC,2,2,0.2833419,4.7556936e-05,0.3050575,0.20473874,0.2068143
ALL_core_cancer_type_top95,tabpfn_v3,v3,train,2723,LUAD,HNSCC,4,2,0.2833419,4.7556936e-05,0.3050575,0.20473874,0.2068143
ALL_core_cancer_type_top95,tabpfn_v3,v3,train,783,BRCA,BRCA,0,0,0.99994314,1.2981092e-05,1.3831101e-05,1.4848905e-05,1.5190352e-05
ALL_core_cancer_type_top95,tabpfn_v3,v3,train,321,BRCA,BRCA,0,0,0.9999385,1.2981033e-05,1.4389065e-05,1.6638673e-05,1.751163e-05
ALL_core_cancer_type_top95,tabpfn_v3,v3,train,3,BRCA,HNSCC,0,2,0.2833419,4.7556936e-05,0.3050575,0.20473874,0.2068143
ALL_core_cancer_type_top95,tabpfn_v3,v3,train,1780,HNSCC,HNSCC,2,2,1.3323053e-05,1.3271087e-05,0.9999474,1.2981149e-05,1.2981149e-05
ALL_core_cancer_type_top95,tabpfn_v3,v3,train,1713,HNSCC,HNSCC,2,2,2.0782321e-05,1.604252e-05,0.99993074,1.7258712e-05,1.5090226e-05
ALL_core_cancer_type_top95,tabpfn_v3,v3,train,2339,LSCC,LSCC,3,3,1.614011e-05,1.3213693e-05,1.3331733e-05,0.9999384,1.887421e-05
ALL_core_cancer_type_top95,tabpfn_v3,v3,train,1676,HNSCC,HNSCC,2,2,1.33477215e-05,1.29811515e-05,0.99994767,1.29811515e-05,1.29811515e-05
ALL_core_cancer_type_top95,tabpfn_v3,v3,train,1725,HNSCC,HNSCC,2,2,1.3364181e-05,1.29811515e-05,0.99994767,1.29811515e-05,1.29811515e-05
ALL_core_cancer_type_top95,tabpfn_v3,v3,train,665,BRCA,BRCA,0,0,0.9998697,1.3190396e-05,3.8762737e-05,3.3205557e-05,4.5167988e-05
ALL_core_cancer_type_top95,tabpfn_v3,v3,train,3064,LUAD,LUAD,4,4,0.0035719378,0.0003707296,0.0007977506,0.0013689084,0.9938907
ALL_core_cancer_type_top95,tabpfn_v3,v3,train,2457,LSCC,LSCC,3,3,1.6052847e-05,1.3429959e-05,1.4086863e-05,0.9999327,2.3698987e-05
ALL_core_cancer_type_top95,tabpfn_v3,v3,train,145,BRCA,BRCA,0,0,0.99994475,1.2981114e-05,1.3499068e-05,1.4798488e-05,1.3998242e-05
ALL_core_cancer_type_top95,tabpfn_v3,v3,train,396,BRCA,BRCA,0,0,0.99992526,1.3947407e-05,1.9621495e-05,2.170736e-05,1.9483436e-05
ALL_core_cancer_type_top95,tabpfn_v3,v3,train,261,BRCA,BRCA,0,0,0.999945,1.2981117e-05,1.3126847e-05,1.4635698e-05,1.42409535e-05
ALL_core_cancer_type_top95,tabpfn_v3,v3,train,116,BRCA,HNSCC,0,2,0.2833419,4.7556936e-05,0.3050575,0.20473874,0.2068143
ALL_core_cancer_type_top95,tabpfn_v3,v3,train,3112,LUAD,LUAD,4,4,1.5719932e-05,1.3446579e-05,1.29810505e-05,1.7975703e-05,0.99993986
ALL_core_cancer_type_top95,tabpfn_v3,v3,train,880,BRCA,BRCA,0,0,0.9999453,1.2981121e-05,1.3061927e-05,1.479191e-05,1.3871356e-05
ALL_core_cancer_type_top95,tabpfn_v3,v3,train,2628,LUAD,HNSCC,4,2,0.2833419,4.7556936e-05,0.3050575,0.20473874,0.2068143
ALL_core_cancer_type_top95,tabpfn_v3,v3,train,2079,LSCC,HNSCC,3,2,0.2833419,4.7556936e-05,0.3050575,0.20473874,0.2068143
ALL_core_cancer_type_top95,tabpfn_v3,v3,train,2324,LSCC,LSCC,3,3,1.4754296e-05,1.6103297e-05,2.0336578e-05,0.9999031,4.5772795e-05
ALL_core_cancer_type_top95,tabpfn_v3,v3,train,3069,LUAD,LUAD,4,4,1.7992294e-05,1.3589044e-05,1.3570836e-05,2.1967575e-05,0.9999329
ALL_core_cancer_type_top95,tabpfn_v3,v3,train,1197,BRCA,BRCA,0,0,0.99994224,1.2981081e-05,1.3714317e-05,1.5361806e-05,1.5667902e-05
ALL_core_cancer_type_top95,tabpfn_v3,v3,train,3044,LUAD,LUAD,4,4,1.6825443e-05,1.4075072e-05,1.3465685e-05,1.9911824e-05,0.99993575
ALL_core_cancer_type_top95,tabpfn_v3,v3,train,117,BRCA,HNSCC,0,2,0.2833419,4.7556936e-05,0.3050575,0.20473874,0.2068143
ALL_core_cancer_type_top95,tabpfn_v3,v3,train,2056,LSCC,HNSCC,3,2,0.2833419,4.7556936e-05,0.3050575,0.20473874,0.2068143
ALL_core_cancer_type_top95,tabpfn_v3,v3,train,2744,LUAD,LUAD,4,4,2.0413214e-05,1.7301925e-05,1.4378107e-05,2.4955565e-05,0.999923
ALL_core_cancer_type_top95,tabpfn_v3,v3,train,305,BRCA,BRCA,0,0,0.9999456,1.2981124e-05,1.3075435e-05,1.4722355e-05,1.3667614e-05
ALL_core_cancer_type_top95,tabpfn_v3,v3,train,1362,ESCA,ESCA,1,1,1.29810305e-05,0.99993837,1.3433043e-05,1.5221152e-05,2.004287e-05
ALL_core_cancer_type_top95,tabpfn_v3,v3,train,292,BRCA,BRCA,0,0,0.9999112,2.1535809e-05,2.5814064e-05,2.1303036e-05,2.0235422e-05
ALL_core_cancer_type_top95,tabpfn_v3,v3,train,3179,LUAD,LUAD,4,4,1.8459721e-05,1.4869187e-05,1.3460256e-05,2.0710724e-05,0.9999325
ALL_core_cancer_type_top95,tabpfn_v3,v3,train,1922,HNSCC,HNSCC,2,2,1.3732352e-05,1.3438406e-05,0.9999467,1.2981139e-05,1.3097081e-05
ALL_core_cancer_type_top95,tabpfn_v3,v3,train,190,BRCA,BRCA,0,0,0.9999466,1.2981137e-05,1.2986512e-05,1.4118626e-05,1.3311153e-05
ALL_core_cancer_type_top95,tabpfn_v3,v3,train,335,BRCA,BRCA,0,0,0.9999439,1.2981103e-05,1.3514368e-05,1.5233058e-05,1.4343292e-05
ALL_core_cancer_type_top95,tabpfn_v3,v3,train,2280,LSCC,LSCC,3,3,1.4557481e-05,1.39250515e-05,1.4751234e-05,0.99993366,2.313283e-05
ALL_core_cancer_type_top95,tabpfn_v3,v3,train,1744,HNSCC,HNSCC,2,2,3.583601e-05,2.702801e-05,0.9998676,4.049013e-05,2.9039298e-05
ALL_core_cancer_type_top95,tabpfn_v3,v3,train,65,BRCA,HNSCC,0,2,0.2833419,4.7556936e-05,0.3050575,0.20473874,0.2068143
ALL_core_cancer_type_top95,tabpfn_v3,v3,train,3108,LUAD,LUAD,4,4,1.6999058e-05,1.350724e-05,1.3355627e-05,2.0094534e-05,0.99993604
ALL_core_cancer_type_top95,tabpfn_v3,v3,train,12,BRCA,HNSCC,0,2,0.2833419,4.7556936e-05,0.3050575,0.20473874,0.2068143
ALL_core_cancer_type_top95,tabpfn_v3,v3,train,2168,LSCC,LSCC,3,3,1.48720055e-05,1.2981084e-05,1.3102437e-05,0.9999424,1.6647513e-05
ALL_core_cancer_type_top95,tabpfn_v3,v3,train,2783,LUAD,LUAD,4,4,2.6052592e-05,1.8181518e-05,2.0874575e-05,3.9542214e-05,0.99989533
ALL_core_cancer_type_top95,tabpfn_v3,v3,train,1375,ESCA,ESCA,1,1,1.2981084e-05,0.9999425,1.3342999e-05,1.3759798e-05,1.7398168e-05
ALL_core_cancer_type_top95,tabpfn_v3,v3,train,2764,LUAD,LUAD,4,4,1.7612318e-05,1.6851933e-05,1.37564975e-05,2.3286017e-05,0.9999285
ALL_core_cancer_type_top95,tabpfn_v3,v3,train,2681,LUAD,HNSCC,4,2,0.2833419,4.7556936e-05,0.3050575,0.20473874,0.2068143
ALL_core_cancer_type_top95,tabpfn_v3,v3,train,1868,HNSCC,HNSCC,2,2,4.0491454e-05,4.4259017e-05,0.9998226,4.7635833e-05,4.501481e-05
ALL_core_cancer_type_top95,tabpfn_v3,v3,train,1658,HNSCC,HNSCC,2,2,1.3336756e-05,1.3078165e-05,0.9999476,1.29811515e-05,1.29811515e-05
ALL_core_cancer_type_top95,tabpfn_v3,v3,train,2394,LSCC,LSCC,3,3,1.6191154e-05,1.3034877e-05,1.3432547e-05,0.9999398,1.7501565e-05
ALL_core_cancer_type_top95,tabpfn_v3,v3,train,2852,LUAD,LUAD,4,4,1.5720896e-05,1.47128785e-05,1.3279153e-05,1.8546838e-05,0.9999377
ALL_core_cancer_type_top95,tabpfn_v3,v3,train,1851,HNSCC,HNSCC,2,2,1.3254708e-05,1.2981152e-05,0.9999478,1.2981152e-05,1.2981152e-05
ALL_core_cancer_type_top95,tabpfn_v3,v3,train,2412,LSCC,LSCC,3,3,1.4147829e-05,1.2981114e-05,1.2981114e-05,0.9999448,1.5096035e-05
ALL_core_cancer_type_top95,tabpfn_v3,v3,train,2822,LUAD,LUAD,4,4,0.003788442,0.0007047689,0.00073176867,0.0015889138,0.9931861
ALL_core_cancer_type_top95,tabpfn_v3,v3,train,2075,LSCC,HNSCC,3,2,0.2833419,4.7556936e-05,0.3050575,0.20473874,0.2068143
ALL_core_cancer_type_top95,tabpfn_v3,v3,train,175,BRCA,BRCA,0,0,0.9999382,1.2981029e-05,1.709791e-05,1.6279511e-05,1.5463884e-05
ALL_core_cancer_type_top95,tabpfn_v3,v3,train,1031,BRCA,BRCA,0,0,0.99994594,1.298113e-05,1.3243772e-05,1.4295909e-05,1.3514175e-05
ALL_core_cancer_type_top95,tabpfn_v3,v3,train,2070,LSCC,HNSCC,3,2,0.2833419,4.7556936e-05,0.3050575,0.20473874,0.2068143
ALL_core_cancer_type_top95,tabpfn_v3,v3,train,2559,LSCC,LSCC,3,3,1.5073394e-05,1.3227319e-05,1.3624889e-05,0.99993885,1.9234136e-05
ALL_core_cancer_type_top95,tabpfn_v3,v3,train,1183,BRCA,BRCA,0,0,0.9999439,1.2981102e-05,1.3099751e-05,1.4778871e-05,1.5203864e-05
ALL_core_cancer_type_top95,tabpfn_v3,v3,train,240,BRCA,BRCA,0,0,0.99994576,1.2981128e-05,1.3314819e-05,1.4253393e-05,1.3706763e-05
ALL_core_cancer_type_top95,tabpfn_v3,v3,train,2503,LSCC,LSCC,3,3,0.0004911488,6.9227026e-05,0.0006005157,0.99761546,0.0012236794
ALL_core_cancer_type_top95,tabpfn_v3,v3,train,2156,LSCC,LSCC,3,3,1.3879169e-05,1.29811415e-05,1.29811415e-05,0.99994683,1.3366641e-05
ALL_core_cancer_type_top95,tabpfn_v3,v3,train,1909,HNSCC,HNSCC,2,2,1.9065375e-05,1.45873655e-05,0.9999358,1.5235411e-05,1.530564e-05
ALL_core_cancer_type_top95,tabpfn_v3,v3,train,2877,LUAD,LUAD,4,4,2.109262e-05,1.967175e-05,1.4715138e-05,2.9879322e-05,0.99991465
ALL_core_cancer_type_top95,tabpfn_v3,v3,train,2073,LSCC,HNSCC,3,2,0.2833419,4.7556936e-05,0.3050575,0.20473874,0.2068143
ALL_core_cancer_type_top95,tabpfn_v3,v3,train,1306,ESCA,ESCA,1,1,1.4397113e-05,0.99992234,1.708139e-05,1.813141e-05,2.8062683e-05
ALL_core_cancer_type_top95,tabpfn_v3,v3,train,2308,LSCC,LSCC,3,3,1.40048005e-05,1.4069459e-05,1.3497132e-05,0.9999391,1.9369567e-05
ALL_core_cancer_type_top95,tabpfn_v3,v3,train,1690,HNSCC,HNSCC,2,2,1.8908564e-05,1.4069364e-05,0.9999365,1.549549e-05,1.500447e-05
ALL_core_cancer_type_top95,tabpfn_v3,v3,train,2841,LUAD,LUAD,4,4,1.5271511e-05,1.4044028e-05,1.3202825e-05,1.7219738e-05,0.9999403
ALL_core_cancer_type_top95,tabpfn_v3,v3,train,2235,LSCC,LSCC,3,3,1.48318795e-05,1.3400138e-05,1.4846981e-05,0.99993324,2.3682107e-05
ALL_core_cancer_type_top95,tabpfn_v3,v3,train,1494,HNSCC,HNSCC,2,2,0.2833419,4.7556936e-05,0.3050575,0.20473874,0.2068143
ALL_core_cancer_type_top95,tabpfn_v3,v3,train,912,BRCA,BRCA,0,0,0.99994254,1.2981085e-05,1.3380136e-05,1.629473e-05,1.4842809e-05
ALL_core_cancer_type_top95,tabpfn_v3,v3,train,884,BRCA,BRCA,0,0,0.9999423,1.2981082e-05,1.32437235e-05,1.5282645e-05,1.6227264e-05
ALL_core_cancer_type_top95,tabpfn_v3,v3,train,1768,HNSCC,HNSCC,2,2,1.3575169e-05,1.2994586e-05,0.99994713,1.3186317e-05,1.3116035e-05
ALL_core_cancer_type_top95,tabpfn_v3,v3,train,304,BRCA,BRCA,0,0,0.99993974,1.2981049e-05,1.5337295e-05,1.6172746e-05,1.5771757e-05
ALL_core_cancer_type_top95,tabpfn_v3,v3,train,1291,ESCA,ESCA,1,1,1.9497842e-05,0.9998672,2.3229753e-05,3.1662195e-05,5.842535e-05
ALL_core_cancer_type_top95,tabpfn_v3,v3,train,1182,BRCA,BRCA,0,0,0.9999351,1.2980989e-05,1.4247742e-05,1.7774695e-05,1.9900923e-05
ALL_core_cancer_type_top95,tabpfn_v3,v3,train,1469,HNSCC,HNSCC,2,2,0.2833419,4.7556936e-05,0.3050575,0.20473874,0.2068143
ALL_core_cancer_type_top95,tabpfn_v3,v3,train,208,BRCA,BRCA,0,0,0.99994576,1.2981127e-05,1.3134989e-05,1.4281371e-05,1.3853123e-05
ALL_core_cancer_type_top95,tabpfn_v3,v3,train,3167,LUAD,LUAD,4,4,1.7298784e-05,1.3746179e-05,1.3376693e-05,1.8884699e-05,0.9999367
ALL_core_cancer_type_top95,tabpfn_v3,v3,train,3217,LUAD,LUAD,4,4,2.575632e-05,1.6260883e-05,1.4503106e-05,2.8673277e-05,0.9999148
ALL_core_cancer_type_top95,tabpfn_v3,v3,train,3231,LUAD,LUAD,4,4,1.7194656e-05,1.4069429e-05,1.3327029e-05,1.8418501e-05,0.999937
ALL_core_cancer_type_top95,tabpfn_v3,v3,train,866,BRCA,BRCA,0,0,0.99989235,1.33645035e-05,3.5848476e-05,2.4109042e-05,3.440597e-05
ALL_core_cancer_type_top95,tabpfn_v3,v3,train,2828,LUAD,LUAD,4,4,1.9697412e-05,1.4903975e-05,1.3515412e-05,2.3718028e-05,0.9999282
ALL_core_cancer_type_top95,tabpfn_v3,v3,train,658,BRCA,BRCA,0,0,0.9999408,1.2981063e-05,1.3805564e-05,1.6090922e-05,1.625278e-05
ALL_core_cancer_type_top95,tabpfn_v3,v3,train,561,BRCA,BRCA,0,0,0.99994254,1.2981084e-05,1.3430366e-05,1.5683136e-05,1.5401283e-05
ALL_core_cancer_type_top95,tabpfn_v3,v3,train,3181,LUAD,LUAD,4,4,3.0481657e-05,4.335085e-05,3.2870066e-05,7.732733e-05,0.99981594
ALL_core_cancer_type_top95,tabpfn_v3,v3,train,2221,LSCC,LSCC,3,3,1.6337504e-05,1.3371492e-05,1.4670931e-05,0.9999337,2.1894892e-05
ALL_core_cancer_type_top95,tabpfn_v3,v3,train,1224,ESCA,ESCA,1,1,1.4642747e-05,0.9999127,1.735243e-05,2.3782844e-05,3.1543004e-05
ALL_core_cancer_type_top95,tabpfn_v3,v3,train,1699,HNSCC,HNSCC,2,2,1.4169633e-05,1.4071029e-05,0.99994504,1.3461243e-05,1.3264696e-05
ALL_core_cancer_type_top95,tabpfn_v3,v3,train,1447,HNSCC,HNSCC,2,2,0.2833419,4.7556936e-05,0.3050575,0.20473874,0.2068143
ALL_core_cancer_type_top95,tabpfn_v3,v3,train,221,BRCA,BRCA,0,0,0.9999406,1.2981058e-05,1.49630105e-05,1.614229e-05,1.5314417e-05
ALL_core_cancer_type_top95,tabpfn_v3,v3,train,2474,LSCC,LSCC,3,3,1.47421e-05,1.2981078e-05,1.301872e-05,0.99994195,1.7276585e-05
ALL_core_cancer_type_top95,tabpfn_v3,v3,train,2784,LUAD,LUAD,4,4,1.6167265e-05,1.4675674e-05,1.3369426e-05,2.6506636e-05,0.9999293
ALL_core_cancer_type_top95,tabpfn_v3,v3,train,1720,HNSCC,HNSCC,2,2,1.3121461e-05,1.3110627e-05,0.99994767,1.3102319e-05,1.29811515e-05
ALL_core_cancer_type_top95,tabpfn_v3,v3,train,1740,HNSCC,HNSCC,2,2,1.3178444e-05,1.3391642e-05,0.99994737,1.2981148e-05,1.3080864e-05
ALL_core_cancer_type_top95,tabpfn_v3,v3,train,580,BRCA,BRCA,0,0,0.9999448,1.2981115e-05,1.2981115e-05,1.4570581e-05,1.468994e-05
ALL_core_cancer_type_top95,tabpfn_v3,v3,train,1035,BRCA,BRCA,0,0,0.99993396,1.3249061e-05,1.8231132e-05,1.7643591e-05,1.6938984e-05
ALL_core_cancer_type_top95,tabpfn_v3,v3,train,2556,LSCC,LSCC,3,3,1.44108435e-05,1.2981109e-05,1.3034936e-05,0.9999444,1.5212852e-05
ALL_core_cancer_type_top95,tabpfn_v3,v3,train,2624,LUAD,HNSCC,4,2,0.2833419,4.7556936e-05,0.3050575,0.20473874,0.2068143
ALL_core_cancer_type_top95,tabpfn_v3,v3,train,2856,LUAD,LUAD,4,4,1.8857285e-05,1.4639926e-05,1.4032614e-05,2.5000492e-05,0.99992746
ALL_core_cancer_type_top95,tabpfn_v3,v3,train,1401,HNSCC,HNSCC,2,2,0.2833419,4.7556936e-05,0.3050575,0.20473874,0.2068143
ALL_core_cancer_type_top95,tabpfn_v3,v3,train,2136,LSCC,LSCC,3,3,1.4109152e-05,1.2981111e-05,1.3083383e-05,0.9999444,1.5432466e-05
ALL_core_cancer_type_top95,tabpfn_v3,v3,train,263,BRCA,BRCA,0,0,0.99994504,1.2981118e-05,1.3040337e-05,1.4336781e-05,1.4519579e-05
ALL_core_cancer_type_top95,tabpfn_v3,v3,train,2872,LUAD,LUAD,4,4,1.8110353e-05,1.3707047e-05,1.3760873e-05,2.262379e-05,0.9999318
ALL_core_cancer_type_top95,tabpfn_v3,v3,train,2917,LUAD,LUAD,4,4,2.5378595e-05,2.5244373e-05,1.7421198e-05,2.8628638e-05,0.9999033
ALL_core_cancer_type_top95,tabpfn_v3,v3,train,2854,LUAD,LUAD,4,4,1.7808648e-05,1.5186115e-05,1.4615239e-05,2.4490935e-05,0.9999279
ALL_core_cancer_type_top95,tabpfn_v3,v3,train,1897,HNSCC,HNSCC,2,2,1.3265629e-05,1.2986529e-05,0.9999478,1.2981153e-05,1.2981153e-05
ALL_core_cancer_type_top95,tabpfn_v3,v3,train,1232,ESCA,ESCA,1,1,1.3740013e-05,0.9999308,1.550156e-05,1.5604666e-05,2.4331943e-05
ALL_core_cancer_type_top95,tabpfn_v3,v3,train,1011,BRCA,BRCA,0,0,0.99994445,1.298111e-05,1.3411744e-05,1.4391543e-05,1.4762636e-05
ALL_core_cancer_type_top95,tabpfn_v3,v3,train,2258,LSCC,LSCC,3,3,1.5322941e-05,1.3424513e-05,1.336656e-05,0.9999372,2.067287e-05
ALL_core_cancer_type_top95,tabpfn_v3,v3,train,2876,LUAD,LUAD,4,4,1.8526945e-05,1.40082675e-05,1.4136093e-05,2.5227937e-05,0.9999281
ALL_core_cancer_type_top95,tabpfn_v3,v3,train,705,BRCA,BRCA,0,0,0.99994516,1.2981119e-05,1.2981119e-05,1.4426669e-05,1.4439279e-05
ALL_core_cancer_type_top95,tabpfn_v3,v3,train,1875,HNSCC,HNSCC,2,2,1.3353184e-05,1.4612017e-05,0.99994606,1.2981131e-05,1.2981131e-05
ALL_core_cancer_type_top95,tabpfn_v3,v3,train,1794,HNSCC,HNSCC,2,2,1.972168e-05,1.5229325e-05,0.9999317,1.8318e-05,1.50562655e-05
ALL_core_cancer_type_top95,tabpfn_v3,v3,train,2961,LUAD,LUAD,4,4,1.6410893e-05,1.4145895e-05,1.3665686e-05,1.922312e-05,0.9999366
ALL_core_cancer_type_top95,tabpfn_v3,v3,train,1919,HNSCC,HNSCC,2,2,1.4404199e-05,1.4202788e-05,0.9999443,1.3194654e-05,1.38638525e-05
ALL_core_cancer_type_top95,tabpfn_v3,v3,train,1029,BRCA,BRCA,0,0,0.99994636,1.2981135e-05,1.3013409e-05,1.42531235e-05,1.3416808e-05
ALL_core_cancer_type_top95,tabpfn_v3,v3,train,250,BRCA,BRCA,0,0,0.99993914,1.3110517e-05,1.4782107e-05,1.6686894e-05,1.6297021e-05
ALL_core_cancer_type_top95,tabpfn_v3,v3,train,2178,LSCC,LSCC,3,3,1.3851475e-05,1.2981116e-05,1.2981116e-05,0.99994487,1.5304728e-05
ALL_core_cancer_type_top95,tabpfn_v3,v3,train,1956,HNSCC,HNSCC,2,2,1.3183885e-05,1.31567185e-05,0.99994767,1.29811515e-05,1.29811515e-05
ALL_core_cancer_type_top95,tabpfn_v3,v3,train,829,BRCA,BRCA,0,0,0.9999343,1.2980977e-05,1.6957532e-05,1.9426989e-05,1.621905e-05
ALL_core_cancer_type_top95,tabpfn_v3,v3,train,129,BRCA,BRCA,0,0,0.9999456,1.2981125e-05,1.3088951e-05,1.44343185e-05,1.3904839e-05
ALL_core_cancer_type_top95,tabpfn_v3,v3,train,3010,LUAD,LUAD,4,4,1.7916065e-05,1.6793092e-05,1.386828e-05,2.5319227e-05,0.9999261
ALL_core_cancer_type_top95,tabpfn_v3,v3,train,207,BRCA,BRCA,0,0,0.9999448,1.2981115e-05,1.2981115e-05,1.4830919e-05,1.434246e-05
ALL_core_cancer_type_top95,tabpfn_v3,v3,train,2724,LUAD,LUAD,4,4,1.6250866e-05,1.3827335e-05,1.3045648e-05,1.8081782e-05,0.9999388
ALL_core_cancer_type_top95,tabpfn_v3,v3,train,2788,LUAD,LUAD,4,4,1.8233934e-05,1.4140179e-05,1.3352782e-05,2.1492788e-05,0.99993277
ALL_core_cancer_type_top95,tabpfn_v3,v3,train,353,BRCA,BRCA,0,0,0.9999446,1.29811115e-05,1.3726748e-05,1.4477042e-05,1.418817e-05
ALL_core_cancer_type_top95,tabpfn_v3,v3,train,2891,LUAD,LUAD,4,4,1.7247194e-05,1.5125456e-05,1.4119575e-05,2.3078064e-05,0.99993044
ALL_core_cancer_type_top95,tabpfn_v3,v3,train,2062,LSCC,HNSCC,3,2,0.2833419,4.7556936e-05,0.3050575,0.20473874,0.2068143
ALL_core_cancer_type_top95,tabpfn_v3,v3,train,103,BRCA,HNSCC,0,2,0.2833419,4.7556936e-05,0.3050575,0.20473874,0.2068143
ALL_core_cancer_type_top95,tabpfn_v3,v3,train,2329,LSCC,LSCC,3,3,1.3986886e-05,1.2981108e-05,1.2981108e-05,0.99994427,1.5799207e-05
ALL_core_cancer_type_top95,tabpfn_v3,v3,train,2367,LSCC,LSCC,3,3,1.4655474e-05,1.2981047e-05,1.3429778e-05,0.99993956,1.935772e-05
ALL_core_cancer_type_top95,tabpfn_v3,v3,train,2881,LUAD,LUAD,4,4,1.8116949e-05,2.9169838e-05,1.6670656e-05,4.4865832e-05,0.9998912
ALL_core_cancer_type_top95,tabpfn_v3,v3,train,1094,BRCA,BRCA,0,0,0.99993974,1.2981049e-05,1.4562284e-05,1.7207669e-05,1.5475156e-05
ALL_core_cancer_type_top95,tabpfn_v3,v3,train,2648,LUAD,HNSCC,4,2,0.2833419,4.7556936e-05,0.3050575,0.20473874,0.2068143
ALL_core_cancer_type_top95,tabpfn_v3,v3,train,412,BRCA,BRCA,0,0,0.9999365,1.2981006e-05,1.628403e-05,1.5636128e-05,1.8633098e-05
ALL_core_cancer_type_top95,tabpfn_v3,v3,train,3110,LUAD,LUAD,4,4,2.2363663e-05,2.127063e-05,2.25836e-05,3.935935e-05,0.99989444
ALL_core_cancer_type_top95,tabpfn_v3,v3,train,1370,ESCA,ESCA,1,1,1.4045921e-05,0.9999251,1.6566226e-05,2.0697784e-05,2.3619043e-05
ALL_core_cancer_type_top95,tabpfn_v3,v3,train,1820,HNSCC,HNSCC,2,2,1.384987e-05,1.3309307e-05,0.9999468,1.3042999e-05,1.30053395e-05
ALL_core_cancer_type_top95,tabpfn_v3,v3,train,195,BRCA,BRCA,0,0,0.99994475,1.2981113e-05,1.3325759e-05,1.4776271e-05,1.4147764e-05
ALL_core_cancer_type_top95,tabpfn_v3,v3,train,284,BRCA,BRCA,0,0,0.9999437,1.29811e-05,1.3248467e-05,1.487939e-05,1.5228615e-05
ALL_core_cancer_type_top95,tabpfn_v3,v3,train,990,BRCA,BRCA,0,0,0.99994576,1.2981126e-05,1.3243768e-05,1.4448008e-05,1.3588065e-05
ALL_core_cancer_type_top95,tabpfn_v3,v3,train,1334,ESCA,ESCA,1,1,0.06200946,0.40220103,0.0675384,0.28283176,0.18541928
ALL_core_cancer_type_top95,tabpfn_v3,v3,train,2494,LSCC,LSCC,3,3,1.3978732e-05,1.29811015e-05,1.311599e-05,0.99994385,1.6081583e-05
ALL_core_cancer_type_top95,tabpfn_v3,v3,train,1106,BRCA,BRCA,0,0,0.9999422,1.29810805e-05,1.3438393e-05,1.6054335e-05,1.53693e-05
ALL_core_cancer_type_top95,tabpfn_v3,v3,train,1747,HNSCC,HNSCC,2,2,1.3048436e-05,1.3148578e-05,0.9999478,1.2981153e-05,1.2981153e-05
ALL_core_cancer_type_top95,tabpfn_v3,v3,train,2364,LSCC,LSCC,3,3,1.4521453e-05,1.2981062e-05,1.34183865e-05,0.99994075,1.8313902e-05
ALL_core_cancer_type_top95,tabpfn_v3,v3,train,2987,LUAD,LUAD,4,4,1.7174647e-05,1.4024191e-05,1.3525471e-05,1.997278e-05,0.9999353
ALL_core_cancer_type_top95,tabpfn_v3,v3,train,1957,HNSCC,HNSCC,2,2,1.4004566e-05,1.3333831e-05,0.9999454,1.3150825e-05,1.4122202e-05
ALL_core_cancer_type_top95,tabpfn_v3,v3,train,3122,LUAD,LUAD,4,4,1.4918122e-05,1.3897522e-05,1.2981073e-05,1.6559048e-05,0.99994165
ALL_core_cancer_type_top95,tabpfn_v3,v3,train,271,BRCA,BRCA,0,0,0.99994504,1.2981117e-05,1.3151253e-05,1.4938011e-05,1.3818405e-05
ALL_core_cancer_type_top95,tabpfn_v3,v3,train,2827,LUAD,LUAD,4,4,1.8552131e-05,1.3667456e-05,1.4111118e-05,2.3778048e-05,0.9999299
ALL_core_cancer_type_top95,tabpfn_v3,v3,train,2942,LUAD,LUAD,4,4,1.6686998e-05,1.4799637e-05,1.3317417e-05,1.9605824e-05,0.99993557
ALL_core_cancer_type_top95,tabpfn_v3,v3,train,765,BRCA,BRCA,0,0,0.99993545,1.2980993e-05,1.5647554e-05,1.9812205e-05,1.611947e-05
ALL_core_cancer_type_top95,tabpfn_v3,v3,train,1039,BRCA,BRCA,0,0,0.9999443,1.2981109e-05,1.330815e-05,1.4765889e-05,1.4595267e-05
ALL_core_cancer_type_top95,tabpfn_v3,v3,train,2716,LUAD,HNSCC,4,2,0.2833419,4.7556936e-05,0.3050575,0.20473874,0.2068143
ALL_core_cancer_type_top95,tabpfn_v3,v3,train,2028,LSCC,HNSCC,3,2,0.2833419,4.7556936e-05,0.3050575,0.20473874,0.2068143
ALL_core_cancer_type_top95,tabpfn_v3,v3,train,1244,ESCA,ESCA,1,1,1.3064523e-05,0.9999374,1.3598641e-05,1.4277047e-05,2.1645425e-05
ALL_core_cancer_type_top95,tabpfn_v3,v3,train,908,BRCA,BRCA,0,0,0.99994415,1.2981106e-05,1.3183255e-05,1.5220245e-05,1.44759015e-05
ALL_core_cancer_type_top95,tabpfn_v3,v3,train,808,BRCA,BRCA,0,0,0.9999457,1.2981125e-05,1.2981125e-05,1.4524485e-05,1.3771394e-05
ALL_core_cancer_type_top95,tabpfn_v3,v3,train,1492,HNSCC,HNSCC,2,2,0.2833419,4.7556936e-05,0.3050575,0.20473874,0.2068143
ALL_core_cancer_type_top95,tabpfn_v3,v3,train,1695,HNSCC,HNSCC,2,2,1.3847062e-05,1.3593845e-05,0.9999466,1.2981138e-05,1.2981138e-05
ALL_core_cancer_type_top95,tabpfn_v3,v3,train,2306,LSCC,LSCC,3,3,1.8225242e-05,1.3504099e-05,1.5393653e-05,0.9999289,2.3960401e-05
ALL_core_cancer_type_top95,tabpfn_v3,v3,train,1239,ESCA,ESCA,1,1,1.3113237e-05,0.9999405,1.3340336e-05,1.4736445e-05,1.8299197e-05
ALL_core_cancer_type_top95,tabpfn_v3,v3,train,1674,HNSCC,HNSCC,2,2,1.5727266e-05,1.9713712e-05,0.9999357,1.4832154e-05,1.4024187e-05
ALL_core_cancer_type_top95,tabpfn_v3,v3,train,606,BRCA,BRCA,0,0,0.99994206,1.2981079e-05,1.3803305e-05,1.5175199e-05,1.5956015e-05
ALL_core_cancer_type_top95,tabpfn_v3,v3,train,2067,LSCC,HNSCC,3,2,0.2833419,4.7556936e-05,0.3050575,0.20473874,0.2068143
ALL_core_cancer_type_top95,tabpfn_v3,v3,train,1652,HNSCC,HNSCC,2,2,1.3216537e-05,1.29811515e-05,0.99994767,1.3097094e-05,1.29811515e-05
ALL_core_cancer_type_top95,tabpfn_v3,v3,train,2419,LSCC,LSCC,3,3,1.4105781e-05,1.2981093e-05,1.3029529e-05,0.99994314,1.6766231e-05
ALL_core_cancer_type_top95,tabpfn_v3,v3,train,722,BRCA,BRCA,0,0,0.9999456,1.2981125e-05,1.3132274e-05,1.4466546e-05,1.3805903e-05
ALL_core_cancer_type_top95,tabpfn_v3,v3,train,2040,LSCC,HNSCC,3,2,0.2833419,4.7556936e-05,0.3050575,0.20473874,0.2068143
ALL_core_cancer_type_top95,tabpfn_v3,v3,train,2466,LSCC,LSCC,3,3,1.4975928e-05,1.578347e-05,2.2969798e-05,0.99990505,4.1271735e-05
ALL_core_cancer_type_top95,tabpfn_v3,v3,train,1431,HNSCC,HNSCC,2,2,0.2833419,4.7556936e-05,0.3050575,0.20473874,0.2068143
ALL_core_cancer_type_top95,tabpfn_v3,v3,train,526,BRCA,BRCA,0,0,0.9999452,1.298112e-05,1.3048431e-05,1.4647703e-05,1.4038839e-05
ALL_core_cancer_type_top95,tabpfn_v3,v3,train,1590,HNSCC,HNSCC,2,2,1.4663879e-05,1.526916e-05,0.9999438,1.3126828e-05,1.31783945e-05
ALL_core_cancer_type_top95,tabpfn_v3,v3,train,2742,LUAD,LUAD,4,4,1.9292662e-05,1.6167318e-05,1.3615867e-05,2.8679384e-05,0.9999223
ALL_core_cancer_type_top95,tabpfn_v3,v3,train,1317,ESCA,ESCA,1,1,1.29810505e-05,0.9999399,1.3448095e-05,1.4439181e-05,1.920821e-05
ALL_core_cancer_type_top95,tabpfn_v3,v3,train,99,BRCA,HNSCC,0,2,0.2833419,4.7556936e-05,0.3050575,0.20473874,0.2068143
ALL_core_cancer_type_top95,tabpfn_v3,v3,train,15,BRCA,HNSCC,0,2,0.2833419,4.7556936e-05,0.3050575,0.20473874,0.2068143
ALL_core_cancer_type_top95,tabpfn_v3,v3,train,1670,HNSCC,HNSCC,2,2,1.7508914e-05,2.8416285e-05,0.99992114,1.8244848e-05,1.4746489e-05
ALL_core_cancer_type_top95,tabpfn_v3,v3,train,1105,BRCA,BRCA,0,0,0.99994576,1.2981127e-05,1.3175704e-05,1.4408735e-05,1.3620627e-05
ALL_core_cancer_type_top95,tabpfn_v3,v3,train,2331,LSCC,LSCC,3,3,1.4629667e-05,1.2981093e-05,1.2981093e-05,0.9999432,1.621981e-05
ALL_core_cancer_type_top95,tabpfn_v3,v3,train,1405,HNSCC,HNSCC,2,2,0.2833419,4.7556936e-05,0.3050575,0.20473874,0.2068143
ALL_core_cancer_type_top95,tabpfn_v3,v3,train,3159,LUAD,LUAD,4,4,1.7901299e-05,1.4959086e-05,1.5638523e-05,3.332768e-05,0.99991816
ALL_core_cancer_type_top95,tabpfn_v3,v3,train,2612,LSCC,LSCC,3,3,1.3753806e-05,1.2981125e-05,1.2981125e-05,0.99994564,1.4662026e-05
ALL_core_cancer_type_top95,tabpfn_v3,v3,train,2182,LSCC,LSCC,3,3,1.43728e-05,1.2981065e-05,1.3113045e-05,0.999941,1.854753e-05
ALL_core_cancer_type_top95,tabpfn_v3,v3,train,1128,BRCA,BRCA,0,0,0.99994004,1.2981052e-05,1.4538711e-05,1.6313581e-05,1.6078075e-05
ALL_core_cancer_type_top95,tabpfn_v3,v3,train,1462,HNSCC,HNSCC,2,2,0.2833419,4.7556936e-05,0.3050575,0.20473874,0.2068143
ALL_core_cancer_type_top95,tabpfn_v3,v3,train,1376,ESCA,ESCA,1,1,1.6761356e-05,0.9998842,1.900053e-05,3.611899e-05,4.3980486e-05
ALL_core_cancer_type_top95,tabpfn_v3,v3,train,2728,LUAD,LUAD,4,4,1.6762686e-05,1.4466712e-05,1.3769113e-05,2.3258348e-05,0.99993175
ALL_core_cancer_type_top95,tabpfn_v3,v3,train,3022,LUAD,LUAD,4,4,1.8506296e-05,1.6045282e-05,1.5243718e-05,2.282446e-05,0.9999274
ALL_core_cancer_type_top95,tabpfn_v3,v3,train,2720,LUAD,HNSCC,4,2,0.2833419,4.7556936e-05,0.3050575,0.20473874,0.2068143
ALL_core_cancer_type_top95,tabpfn_v3,v3,train,325,BRCA,BRCA,0,0,0.99994236,1.3197412e-05,1.431847e-05,1.5617932e-05,1.4556087e-05
ALL_core_cancer_type_top95,tabpfn_v3,v3,train,2555,LSCC,LSCC,3,3,1.3934203e-05,1.3254636e-05,1.30807275e-05,0.9999421,1.7578986e-05
ALL_core_cancer_type_top95,tabpfn_v3,v3,train,1894,HNSCC,HNSCC,2,2,1.3435659e-05,1.3148572e-05,0.99994737,1.2991897e-05,1.3070054e-05
ALL_core_cancer_type_top95,tabpfn_v3,v3,train,2821,LUAD,LUAD,4,4,1.5918195e-05,1.3931225e-05,1.3213691e-05,1.84416e-05,0.9999385
ALL_core_cancer_type_top95,tabpfn_v3,v3,train,2913,LUAD,LUAD,4,4,1.602137e-05,1.4420586e-05,1.3400073e-05,2.09402e-05,0.9999352
ALL_core_cancer_type_top95,tabpfn_v3,v3,train,339,BRCA,BRCA,0,0,0.999945,1.2981117e-05,1.3254673e-05,1.4895654e-05,1.3890541e-05
ALL_core_cancer_type_top95,tabpfn_v3,v3,train,2639,LUAD,HNSCC,4,2,0.2833419,4.7556936e-05,0.3050575,0.20473874,0.2068143
ALL_core_cancer_type_top95,tabpfn_v3,v3,train,2105,LSCC,HNSCC,3,2,0.2833419,4.7556936e-05,0.3050575,0.20473874,0.2068143
ALL_core_cancer_type_top95,tabpfn_v3,v3,train,998,BRCA,BRCA,0,0,0.999946,1.2981131e-05,1.3024179e-05,1.450257e-05,1.3481148e-05
ALL_core_cancer_type_top95,tabpfn_v3,v3,train,743,BRCA,BRCA,0,0,0.9999449,1.2981115e-05,1.3070022e-05,1.4735905e-05,1.4308086e-05
ALL_core_cancer_type_top95,tabpfn_v3,v3,train,2277,LSCC,LSCC,3,3,1.36457475e-05,1.2981133e-05,1.2981133e-05,0.9999463,1.4049773e-05
ALL_core_cancer_type_top95,tabpfn_v3,v3,train,1592,HNSCC,HNSCC,2,2,1.3018817e-05,1.2981156e-05,0.999948,1.2981156e-05,1.2991906e-05
ALL_core_cancer_type_top95,tabpfn_v3,v3,train,141,BRCA,BRCA,0,0,0.9998466,1.3707896e-05,4.528642e-05,4.3665288e-05,5.0747876e-05
ALL_core_cancer_type_top95,tabpfn_v3,v3,train,1089,BRCA,BRCA,0,0,0.99992883,1.2980908e-05,1.7939949e-05,2.1742759e-05,1.8472107e-05
ALL_core_cancer_type_top95,tabpfn_v3,v3,train,1463,HNSCC,HNSCC,2,2,0.2833419,4.7556936e-05,0.3050575,0.20473874,0.2068143
ALL_core_cancer_type_top95,tabpfn_v3,v3,train,2729,LUAD,LUAD,4,4,2.4335985e-05,2.5085115e-05,1.889112e-05,4.9051276e-05,0.99988264
ALL_core_cancer_type_top95,tabpfn_v3,v3,train,1152,BRCA,BRCA,0,0,0.9999429,1.2981089e-05,1.4259669e-05,1.530522e-05,1.454574e-05
ALL_core_cancer_type_top95,tabpfn_v3,v3,train,2658,LUAD,HNSCC,4,2,0.2833419,4.7556936e-05,0.3050575,0.20473874,0.2068143
ALL_core_cancer_type_top95,tabpfn_v3,v3,train,436,BRCA,BRCA,0,0,0.99994147,1.2981071e-05,1.3889764e-05,1.7094835e-05,1.4557528e-05
ALL_core_cancer_type_top95,tabpfn_v3,v3,train,2984,LUAD,LUAD,4,4,2.1084341e-05,1.7876504e-05,2.0034875e-05,3.1442745e-05,0.9999096
ALL_core_cancer_type_top95,tabpfn_v3,v3,train,1226,ESCA,ESCA,1,1,1.4774409e-05,0.9999229,1.6760912e-05,1.6947562e-05,2.8653038e-05
ALL_core_cancer_type_top95,tabpfn_v3,v3,train,1352,ESCA,ESCA,1,1,2.1125757e-05,0.9998424,2.6255659e-05,4.221516e-05,6.80751e-05
ALL_core_cancer_type_top95,tabpfn_v3,v3,train,850,BRCA,BRCA,0,0,0.9999445,1.298111e-05,1.315939e-05,1.477469e-05,1.4582344e-05
ALL_core_cancer_type_top95,tabpfn_v3,v3,train,1140,BRCA,BRCA,0,0,0.99994546,1.2981123e-05,1.3005323e-05,1.4654565e-05,1.38782625e-05
ALL_core_cancer_type_top95,tabpfn_v3,v3,train,1597,HNSCC,HNSCC,2,2,1.2981156e-05,1.2981156e-05,0.999948,1.2981156e-05,1.2981156e-05
ALL_core_cancer_type_top95,tabpfn_v3,v3,train,1593,HNSCC,HNSCC,2,2,1.4567408e-05,1.4145087e-05,0.9999434,1.4437096e-05,1.3485236e-05
ALL_core_cancer_type_top95,tabpfn_v3,v3,train,2608,LSCC,LSCC,3,3,1.4443028e-05,1.3584756e-05,1.3965935e-05,0.999937,2.1015858e-05
ALL_core_cancer_type_top95,tabpfn_v3,v3,train,2807,LUAD,LUAD,4,4,7.276168e-05,2.9707639e-05,2.6689222e-05,7.834317e-05,0.9997925
ALL_core_cancer_type_top95,tabpfn_v3,v3,train,746,BRCA,BRCA,0,0,0.9999445,1.2981111e-05,1.3192001e-05,1.5220258e-05,1.4136466e-05
ALL_core_cancer_type_top95,tabpfn_v3,v3,train,3195,LUAD,LUAD,4,4,1.6842263e-05,1.3476909e-05,1.3310468e-05,1.6671655e-05,0.99993974
ALL_core_cancer_type_top95,tabpfn_v3,v3,train,3111,LUAD,LUAD,4,4,1.8394812e-05,2.181396e-05,1.3869695e-05,2.6453004e-05,0.9999195
ALL_core_cancer_type_top95,tabpfn_v3,v3,train,27,BRCA,HNSCC,0,2,0.2833419,4.7556936e-05,0.3050575,0.20473874,0.2068143
ALL_core_cancer_type_top95,tabpfn_v3,v3,train,2046,LSCC,HNSCC,3,2,0.2833419,4.7556936e-05,0.3050575,0.20473874,0.2068143
ALL_core_cancer_type_top95,tabpfn_v3,v3,train,422,BRCA,BRCA,0,0,0.9999336,1.2980969e-05,1.7744735e-05,1.9912932e-05,1.5711359e-05
ALL_core_cancer_type_top95,tabpfn_v3,v3,train,2248,LSCC,LSCC,3,3,1.4191302e-05,1.298111e-05,1.3124126e-05,0.9999444,1.5345902e-05
ALL_core_cancer_type_top95,tabpfn_v3,v3,train,1433,HNSCC,HNSCC,2,2,0.2833419,4.7556936e-05,0.3050575,0.20473874,0.2068143
ALL_core_cancer_type_top95,tabpfn_v3,v3,train,3005,LUAD,LUAD,4,4,1.5522899e-05,1.3654236e-05,1.3333908e-05,1.774789e-05,0.99993974
ALL_core_cancer_type_top95,tabpfn_v3,v3,train,3224,LUAD,LUAD,4,4,2.2260023e-05,2.253375e-05,1.6812599e-05,4.3220578e-05,0.9998952
ALL_core_cancer_type_top95,tabpfn_v3,v3,train,1361,ESCA,ESCA,1,1,1.30753115e-05,0.9999361,1.3944328e-05,1.6228545e-05,2.071214e-05
ALL_core_cancer_type_top95,tabpfn_v3,v3,train,333,BRCA,BRCA,0,0,0.99986094,1.3414588e-05,4.207402e-05,3.7742087e-05,4.5857007e-05
ALL_core_cancer_type_top95,tabpfn_v3,v3,train,2458,LSCC,LSCC,3,3,1.4863738e-05,1.298107e-05,1.3301075e-05,0.99994135,1.7508597e-05
ALL_core_cancer_type_top95,tabpfn_v3,v3,train,716,BRCA,BRCA,0,0,0.9999451,1.2981118e-05,1.3043036e-05,1.4455853e-05,1.4357587e-05
ALL_core_cancer_type_top95,tabpfn_v3,v3,train,847,BRCA,BRCA,0,0,0.999946,1.2981129e-05,1.3208346e-05,1.38903315e-05,1.3894933e-05
ALL_core_cancer_type_top95,tabpfn_v3,v3,train,2220,LSCC,LSCC,3,3,1.3995224e-05,1.2981114e-05,1.2994555e-05,0.9999448,1.5141804e-05
ALL_core_cancer_type_top95,tabpfn_v3,v3,train,62,BRCA,HNSCC,0,2,0.2833419,4.7556936e-05,0.3050575,0.20473874,0.2068143
ALL_core_cancer_type_top95,tabpfn_v3,v3,train,1766,HNSCC,HNSCC,2,2,3.3299144e-05,2.0783997e-05,0.9999064,1.7648888e-05,2.1862043e-05
ALL_core_cancer_type_top95,tabpfn_v3,v3,train,2534,LSCC,LSCC,3,3,1.442812e-05,1.2981093e-05,1.2981093e-05,0.9999431,1.6486458e-05
ALL_core_cancer_type_top95,tabpfn_v3,v3,train,2518,LSCC,LSCC,3,3,1.3838568e-05,1.2981078e-05,1.3170218e-05,0.99994195,1.8054527e-05
ALL_core_cancer_type_top95,tabpfn_v3,v3,train,3072,LUAD,LUAD,4,4,1.6973601e-05,3.1448664e-05,1.4318563e-05,2.4956147e-05,0.9999123
ALL_core_cancer_type_top95,tabpfn_v3,v3,train,1122,BRCA,BRCA,0,0,0.99994355,1.2981099e-05,1.3815731e-05,1.4980298e-05,1.4649514e-05
ALL_core_cancer_type_top95,tabpfn_v3,v3,train,135,BRCA,BRCA,0,0,0.99992627,1.2981755e-05,1.7014434e-05,2.6833348e-05,1.692975e-05
ALL_core_cancer_type_top95,tabpfn_v3,v3,train,429,BRCA,BRCA,0,0,0.9999455,1.2981124e-05,1.3590427e-05,1.43166335e-05,1.3592944e-05
ALL_core_cancer_type_top95,tabpfn_v3,v3,train,3140,LUAD,LUAD,4,4,3.771636e-05,1.9548692e-05,4.1079667e-05,6.5437634e-05,0.9998362
ALL_core_cancer_type_top95,tabpfn_v3,v3,train,2510,LSCC,LSCC,3,3,1.4242916e-05,1.298108e-05,1.299183e-05,0.99994206,1.771969e-05
ALL_core_cancer_type_top95,tabpfn_v3,v3,train,326,BRCA,BRCA,0,0,0.999932,1.2980948e-05,1.646171e-05,2.1176844e-05,1.7420469e-05
ALL_core_cancer_type_top95,tabpfn_v3,v3,train,1987,HNSCC,HNSCC,2,2,1.5861564e-05,1.3780693e-05,0.9999418,1.4698385e-05,1.3849108e-05
ALL_core_cancer_type_top95,tabpfn_v3,v3,train,1939,HNSCC,HNSCC,2,2,3.6481015e-05,2.1208696e-05,0.9998816,3.6360943e-05,2.4337576e-05
ALL_core_cancer_type_top95,tabpfn_v3,v3,train,2430,LSCC,LSCC,3,3,1.7056658e-05,1.3140244e-05,1.45554195e-05,0.9999329,2.236081e-05
ALL_core_cancer_type_top95,tabpfn_v3,v3,train,1588,HNSCC,HNSCC,2,2,1.330116e-05,1.29811515e-05,0.9999477,1.29811515e-05,1.29811515e-05
ALL_core_cancer_type_top95,tabpfn_v3,v3,train,1385,ESCA,ESCA,1,1,1.4186396e-05,0.99991894,1.7804781e-05,2.205935e-05,2.7059217e-05
ALL_core_cancer_type_top95,tabpfn_v3,v3,train,989,BRCA,BRCA,0,0,0.9999227,1.2980828e-05,2.3616456e-05,1.7914019e-05,2.2801105e-05
ALL_core_cancer_type_top95,tabpfn_v3,v3,train,3007,LUAD,LUAD,4,4,1.7154032e-05,1.397341e-05,1.3202229e-05,2.1191225e-05,0.9999345
ALL_core_cancer_type_top95,tabpfn_v3,v3,train,622,BRCA,BRCA,0,0,0.99994344,1.2981096e-05,1.3395316e-05,1.4835349e-05,1.5306297e-05
ALL_core_cancer_type_top95,tabpfn_v3,v3,train,2034,LSCC,HNSCC,3,2,0.2833419,4.7556936e-05,0.3050575,0.20473874,0.2068143
ALL_core_cancer_type_top95,tabpfn_v3,v3,train,1378,ESCA,ESCA,1,1,1.2981086e-05,0.9999426,1.3137659e-05,1.44484375e-05,1.6857632e-05
ALL_core_cancer_type_top95,tabpfn_v3,v3,train,1143,BRCA,BRCA,0,0,0.99994373,1.2981101e-05,1.395319e-05,1.4936799e-05,1.4338135e-05
ALL_core_cancer_type_top95,tabpfn_v3,v3,train,1047,BRCA,BRCA,0,0,0.9999443,1.2981108e-05,1.3476972e-05,1.5111149e-05,1.4104544e-05
ALL_core_cancer_type_top95,tabpfn_v3,v3,train,2111,LSCC,HNSCC,3,2,0.2833419,4.7556936e-05,0.3050575,0.20473874,0.2068143
ALL_core_cancer_type_top95,tabpfn_v3,v3,train,475,BRCA,BRCA,0,0,0.9999452,1.298112e-05,1.3148142e-05,1.4134038e-05,1.449298e-05
ALL_core_cancer_type_top95,tabpfn_v3,v3,train,516,BRCA,BRCA,0,0,0.9999297,1.5315807e-05,1.9526662e-05,1.8002838e-05,1.7409788e-05
ALL_core_cancer_type_top95,tabpfn_v3,v3,train,1067,BRCA,BRCA,0,0,0.9999393,1.2981043e-05,1.3617211e-05,1.7019895e-05,1.7067636e-05
ALL_core_cancer_type_top95,tabpfn_v3,v3,train,2307,LSCC,LSCC,3,3,1.481198e-05,1.3094259e-05,1.3615416e-05,0.99993765,2.0769034e-05
ALL_core_cancer_type_top95,tabpfn_v3,v3,train,481,BRCA,BRCA,0,0,0.999941,1.2981065e-05,1.4484307e-05,1.5886908e-05,1.5617987e-05
ALL_core_cancer_type_top95,tabpfn_v3,v3,train,959,BRCA,BRCA,0,0,0.9999457,1.2981126e-05,1.3240317e-05,1.4397402e-05,1.3671312e-05
ALL_core_cancer_type_top95,tabpfn_v3,v3,train,2074,LSCC,HNSCC,3,2,0.2833419,4.7556936e-05,0.3050575,0.20473874,0.2068143
ALL_core_cancer_type_top95,tabpfn_v3,v3,train,460,BRCA,BRCA,0,0,0.9999418,1.2981076e-05,1.2999895e-05,1.7582333e-05,1.461963e-05
ALL_core_cancer_type_top95,tabpfn_v3,v3,train,2140,LSCC,LSCC,3,3,1.4117304e-05,1.2981092e-05,1.3137664e-05,0.99994314,1.662733e-05
ALL_core_cancer_type_top95,tabpfn_v3,v3,train,2921,LUAD,LUAD,4,4,1.6823034e-05,1.4416616e-05,1.3305326e-05,1.8335482e-05,0.9999371
ALL_core_cancer_type_top95,tabpfn_v3,v3,train,962,BRCA,BRCA,0,0,0.99994546,1.2981123e-05,1.3099772e-05,1.4276149e-05,1.4109275e-05
ALL_core_cancer_type_top95,tabpfn_v3,v3,train,2948,LUAD,LUAD,4,4,1.6034242e-05,1.6230317e-05,1.3595944e-05,1.9219995e-05,0.9999349
ALL_core_cancer_type_top95,tabpfn_v3,v3,train,380,BRCA,BRCA,0,0,0.9999452,1.2981121e-05,1.30969665e-05,1.4685404e-05,1.4033131e-05
ALL_core_cancer_type_top95,tabpfn_v3,v3,train,2934,LUAD,LUAD,4,4,1.8255927e-05,1.5083169e-05,1.3864016e-05,2.5300362e-05,0.9999275
ALL_core_cancer_type_top95,tabpfn_v3,v3,train,46,BRCA,HNSCC,0,2,0.2833419,4.7556936e-05,0.3050575,0.20473874,0.2068143
ALL_core_cancer_type_top95,tabpfn_v3,v3,train,997,BRCA,BRCA,0,0,0.9999443,1.2981107e-05,1.3852823e-05,1.4520954e-05,1.4303624e-05
ALL_core_cancer_type_top95,tabpfn_v3,v3,train,196,BRCA,BRCA,0,0,0.99994546,1.2981123e-05,1.3401135e-05,1.4115067e-05,1.402822e-05
ALL_core_cancer_type_top95,tabpfn_v3,v3,train,2646,LUAD,HNSCC,4,2,0.2833419,4.7556936e-05,0.3050575,0.20473874,0.2068143
ALL_core_cancer_type_top95,tabpfn_v3,v3,train,970,BRCA,BRCA,0,0,0.9999451,1.2981119e-05,1.3260134e-05,1.4876226e-05,1.378736e-05
ALL_core_cancer_type_top95,tabpfn_v3,v3,train,2335,LSCC,LSCC,3,3,1.4215233e-05,1.2981088e-05,1.3013362e-05,0.9999427,1.7029375e-05
ALL_core_cancer_type_top95,tabpfn_v3,v3,train,994,BRCA,BRCA,0,0,0.9999335,1.3151101e-05,1.4562957e-05,1.8181527e-05,2.0638749e-05
ALL_core_cancer_type_top95,tabpfn_v3,v3,train,676,BRCA,BRCA,0,0,0.99994457,1.298111e-05,1.3411096e-05,1.4761786e-05,1.4202039e-05
ALL_core_cancer_type_top95,tabpfn_v3,v3,train,2366,LSCC,LSCC,3,3,1.836006e-05,1.5688904e-05,2.1310296e-05,0.9999135,3.111708e-05
ALL_core_cancer_type_top95,tabpfn_v3,v3,train,2532,LSCC,LSCC,3,3,1.47630135e-05,1.298106e-05,1.3002566e-05,0.9999405,1.871552e-05
ALL_core_cancer_type_top95,tabpfn_v3,v3,train,318,BRCA,BRCA,0,0,0.99994445,1.2981109e-05,1.3786616e-05,1.4408872e-05,1.438889e-05
ALL_core_cancer_type_top95,tabpfn_v3,v3,train,1932,HNSCC,HNSCC,2,2,1.2981156e-05,1.2981156e-05,0.999948,1.2981156e-05,1.2981156e-05
ALL_core_cancer_type_top95,tabpfn_v3,v3,train,1861,HNSCC,HNSCC,2,2,1.4936928e-05,1.4037326e-05,0.9999436,1.3386652e-05,1.3984791e-05
ALL_core_cancer_type_top95,tabpfn_v3,v3,train,2011,HNSCC,HNSCC,2,2,1.6155735e-05,1.4781023e-05,0.99993944,1.4750207e-05,1.4886649e-05
ALL_core_cancer_type_top95,tabpfn_v3,v3,train,576,BRCA,BRCA,0,0,0.99994326,1.2981095e-05,1.3259691e-05,1.5668624e-05,1.4852656e-05
ALL_core_cancer_type_top95,tabpfn_v3,v3,train,273,BRCA,BRCA,0,0,0.9999444,1.2981109e-05,1.3037631e-05,1.4753711e-05,1.47731935e-05
ALL_core_cancer_type_top95,tabpfn_v3,v3,train,753,BRCA,BRCA,0,0,0.9999447,1.2981112e-05,1.3662654e-05,1.4687054e-05,1.40110915e-05
ALL_core_cancer_type_top95,tabpfn_v3,v3,train,1666,HNSCC,HNSCC,2,2,1.7798715e-05,1.3267287e-05,0.999941,1.3740428e-05,1.4197018e-05
ALL_core_cancer_type_top95,tabpfn_v3,v3,train,2300,LSCC,LSCC,3,3,1.4469906e-05,1.2981107e-05,1.3040327e-05,0.99994427,1.5254713e-05
ALL_core_cancer_type_top95,tabpfn_v3,v3,train,1459,HNSCC,HNSCC,2,2,0.2833419,4.7556936e-05,0.3050575,0.20473874,0.2068143
ALL_core_cancer_type_top95,tabpfn_v3,v3,train,2284,LSCC,LSCC,3,3,1.4684023e-05,1.2981095e-05,1.2981095e-05,0.9999434,1.5990223e-05
ALL_core_cancer_type_top95,tabpfn_v3,v3,train,1508,HNSCC,HNSCC,2,2,4.9893493e-05,2.098411e-05,0.99988246,2.4646111e-05,2.2073496e-05
ALL_core_cancer_type_top95,tabpfn_v3,v3,train,3211,LUAD,LUAD,4,4,0.13291632,0.002909235,0.14119257,0.2869567,0.4360252
ALL_core_cancer_type_top95,tabpfn_v3,v3,train,2097,LSCC,HNSCC,3,2,0.2833419,4.7556936e-05,0.3050575,0.20473874,0.2068143
ALL_core_cancer_type_top95,tabpfn_v3,v3,train,1458,HNSCC,HNSCC,2,2,0.2833419,4.7556936e-05,0.3050575,0.20473874,0.2068143
ALL_core_cancer_type_top95,tabpfn_v3,v3,train,1552,HNSCC,HNSCC,2,2,1.3350449e-05,1.397155e-05,0.99994653,1.2981137e-05,1.3162133e-05
ALL_core_cancer_type_top95,tabpfn_v3,v3,train,1446,HNSCC,HNSCC,2,2,0.2833419,4.7556936e-05,0.3050575,0.20473874,0.2068143
ALL_core_cancer_type_top95,tabpfn_v3,v3,train,7,BRCA,HNSCC,0,2,0.2833419,4.7556936e-05,0.3050575,0.20473874,0.2068143
ALL_core_cancer_type_top95,tabpfn_v3,v3,train,2544,LSCC,LSCC,3,3,1.4637833e-05,1.3037612e-05,1.3016059e-05,0.99994296,1.634955e-05
ALL_core_cancer_type_top95,tabpfn_v3,v3,train,3151,LUAD,LUAD,4,4,1.4776373e-05,1.5058444e-05,1.2981052e-05,1.7128174e-05,0.99994004
ALL_core_cancer_type_top95,tabpfn_v3,v3,train,2320,LSCC,LSCC,3,3,1.3795501e-05,1.2981117e-05,1.2981117e-05,0.99994504,1.5238309e-05
ALL_core_cancer_type_top95,tabpfn_v3,v3,train,660,BRCA,BRCA,0,0,0.99994355,1.2981099e-05,1.3237342e-05,1.5115283e-05,1.50850565e-05
ALL_core_cancer_type_top95,tabpfn_v3,v3,train,2605,LSCC,LSCC,3,3,1.3441269e-05,1.2981139e-05,1.2981139e-05,0.9999467,1.3902965e-05
ALL_core_cancer_type_top95,tabpfn_v3,v3,train,3189,LUAD,LUAD,4,4,1.5683523e-05,1.7237291e-05,1.3573622e-05,2.046225e-05,0.99993306
ALL_core_cancer_type_top95,tabpfn_v3,v3,train,1562,HNSCC,HNSCC,2,2,1.3435663e-05,1.2981151e-05,0.9999476,1.2981151e-05,1.2981151e-05
ALL_core_cancer_type_top95,tabpfn_v3,v3,train,888,BRCA,BRCA,0,0,0.9999447,1.2981113e-05,1.34661595e-05,1.437491e-05,1.4491989e-05
ALL_core_cancer_type_top95,tabpfn_v3,v3,train,2096,LSCC,HNSCC,3,2,0.2833419,4.7556936e-05,0.3050575,0.20473874,0.2068143
ALL_core_cancer_type_top95,tabpfn_v3,v3,train,2762,LUAD,LUAD,4,4,1.5840806e-05,1.343278e-05,1.3029459e-05,1.991964e-05,0.9999378
ALL_core_cancer_type_top95,tabpfn_v3,v3,train,3158,LUAD,LUAD,4,4,1.99944e-05,1.486319e-05,1.494566e-05,2.732894e-05,0.9999229
ALL_core_cancer_type_top95,tabpfn_v3,v3,train,1483,HNSCC,HNSCC,2,2,0.2833419,4.7556936e-05,0.3050575,0.20473874,0.2068143
ALL_core_cancer_type_top95,tabpfn_v3,v3,train,809,BRCA,BRCA,0,0,0.9999407,1.2981061e-05,1.3860106e-05,1.6371963e-05,1.6076327e-05
ALL_core_cancer_type_top95,tabpfn_v3,v3,train,3055,LUAD,LUAD,4,4,1.8805144e-05,1.559881e-05,1.4130271e-05,2.7969718e-05,0.99992347
ALL_core_cancer_type_top95,tabpfn_v3,v3,train,319,BRCA,BRCA,0,0,0.99994123,1.2981069e-05,1.403885e-05,1.7519083e-05,1.4175019e-05
ALL_core_cancer_type_top95,tabpfn_v3,v3,train,1911,HNSCC,HNSCC,2,2,1.3886346e-05,1.3107902e-05,0.9999463,1.32192445e-05,1.3446773e-05
ALL_core_cancer_type_top95,tabpfn_v3,v3,train,1503,HNSCC,HNSCC,2,2,1.3230163e-05,1.2981153e-05,0.9999478,1.2981153e-05,1.2981153e-05
ALL_core_cancer_type_top95,tabpfn_v3,v3,train,2202,LSCC,LSCC,3,3,1.569041e-05,1.3276335e-05,1.5359275e-05,0.99993104,2.4633558e-05
ALL_core_cancer_type_top95,tabpfn_v3,v3,train,2152,LSCC,LSCC,3,3,1.3413832e-05,1.2981138e-05,1.2981138e-05,0.99994653,1.4052694e-05
ALL_core_cancer_type_top95,tabpfn_v3,v3,train,2967,LUAD,LUAD,4,4,1.8277267e-05,1.5433603e-05,1.3793986e-05,2.0609335e-05,0.9999319
ALL_core_cancer_type_top95,tabpfn_v3,v3,train,2414,LSCC,LSCC,3,3,1.642227e-05,1.2981049e-05,1.3186498e-05,0.99993974,1.763271e-05
ALL_core_cancer_type_top95,tabpfn_v3,v3,train,63,BRCA,HNSCC,0,2,0.2833419,4.7556936e-05,0.3050575,0.20473874,0.2068143
ALL_core_cancer_type_top95,tabpfn_v3,v3,train,2165,LSCC,LSCC,3,3,1.5414154e-05,1.3034902e-05,1.32348305e-05,0.99994177,1.6542968e-05
ALL_core_cancer_type_top95,tabpfn_v3,v3,train,1900,HNSCC,HNSCC,2,2,1.5026433e-05,1.3948178e-05,0.9999437,1.3470985e-05,1.3875742e-05
ALL_core_cancer_type_top95,tabpfn_v3,v3,train,513,BRCA,BRCA,0,0,0.99994427,1.2981108e-05,1.35769815e-05,1.4707959e-05,1.4449671e-05
ALL_core_cancer_type_top95,tabpfn_v3,v3,train,2447,LSCC,LSCC,3,3,1.4391804e-05,1.2981107e-05,1.2981107e-05,0.99994427,1.5380407e-05
ALL_core_cancer_type_top95,tabpfn_v3,v3,train,3135,LUAD,LUAD,4,4,2.1405893e-05,1.598131e-05,1.4769355e-05,3.5245168e-05,0.9999126
ALL_core_cancer_type_top95,tabpfn_v3,v3,train,247,BRCA,BRCA,0,0,0.99994487,1.2981115e-05,1.3249214e-05,1.4906986e-05,1.3997595e-05
ALL_core_cancer_type_top95,tabpfn_v3,v3,train,311,BRCA,BRCA,0,0,0.99994266,1.2981085e-05,1.3161882e-05,1.5953772e-05,1.5238249e-05
ALL_core_cancer_type_top95,tabpfn_v3,v3,train,1757,HNSCC,HNSCC,2,2,2.468137e-05,1.7818968e-05,0.99992377,1.5214506e-05,1.8562858e-05
ALL_core_cancer_type_top95,tabpfn_v3,v3,train,2475,LSCC,LSCC,3,3,1.3750377e-05,1.298113e-05,1.298113e-05,0.99994594,1.4349405e-05
ALL_core_cancer_type_top95,tabpfn_v3,v3,train,583,BRCA,BRCA,0,0,0.9999423,1.2981081e-05,1.4433881e-05,1.5707627e-05,1.4595842e-05
ALL_core_cancer_type_top95,tabpfn_v3,v3,train,1710,HNSCC,HNSCC,2,2,1.7136255e-05,1.3714368e-05,0.99994123,1.40580805e-05,1.3852678e-05
ALL_core_cancer_type_top95,tabpfn_v3,v3,train,3162,LUAD,LUAD,4,4,2.110296e-05,1.6767011e-05,1.435791e-05,3.0994994e-05,0.9999168
ALL_core_cancer_type_top95,tabpfn_v3,v3,train,148,BRCA,BRCA,0,0,0.99992037,1.33382055e-05,1.9015804e-05,2.067753e-05,2.6571566e-05
ALL_core_cancer_type_top95,tabpfn_v3,v3,train,844,BRCA,BRCA,0,0,0.9999437,1.29811e-05,1.31322495e-05,1.51184795e-05,1.5062477e-05
ALL_core_cancer_type_top95,tabpfn_v3,v3,train,1810,HNSCC,HNSCC,2,2,1.3791041e-05,1.3481884e-05,0.9999467,1.298114e-05,1.3002649e-05
ALL_core_cancer_type_top95,tabpfn_v3,v3,train,266,BRCA,BRCA,0,0,0.99994576,1.2981126e-05,1.3083546e-05,1.4331453e-05,1.3803261e-05
ALL_core_cancer_type_top95,tabpfn_v3,v3,train,86,BRCA,HNSCC,0,2,0.2833419,4.7556936e-05,0.3050575,0.20473874,0.2068143
ALL_core_cancer_type_top95,tabpfn_v3,v3,train,2794,LUAD,LUAD,4,4,1.6282422e-05,1.3723867e-05,1.3435652e-05,1.8287432e-05,0.99993825
ALL_core_cancer_type_top95,tabpfn_v3,v3,train,109,BRCA,HNSCC,0,2,0.2833419,4.7556936e-05,0.3050575,0.20473874,0.2068143
ALL_core_cancer_type_top95,tabpfn_v3,v3,train,1132,BRCA,BRCA,0,0,0.99994475,1.2981113e-05,1.2997243e-05,1.4545029e-05,1.46973825e-05
ALL_core_cancer_type_top95,tabpfn_v3,v3,train,3080,LUAD,LUAD,4,4,2.7631915e-05,5.0897106e-05,3.2824228e-05,4.8838425e-05,0.9998398
ALL_core_cancer_type_top95,tabpfn_v3,v3,train,194,BRCA,BRCA,0,0,0.9999355,1.2980994e-05,1.4856904e-05,1.9822315e-05,1.679024e-05
ALL_core_cancer_type_top95,tabpfn_v3,v3,train,2291,LSCC,LSCC,3,3,1.4661145e-05,1.2981058e-05,1.3450663e-05,0.9999405,1.8419309e-05
ALL_core_cancer_type_top95,tabpfn_v3,v3,train,1372,ESCA,ESCA,1,1,1.2981049e-05,0.99993974,1.3734407e-05,1.5078153e-05,1.8498467e-05
ALL_core_cancer_type_top95,tabpfn_v3,v3,train,1631,HNSCC,HNSCC,2,2,1.3626528e-05,1.3805933e-05,0.99994636,1.2981133e-05,1.3235273e-05
ALL_core_cancer_type_top95,tabpfn_v3,v3,train,730,BRCA,BRCA,0,0,0.9999435,1.2981096e-05,1.4080574e-05,1.49768985e-05,1.4485682e-05
ALL_core_cancer_type_top95,tabpfn_v3,v3,train,2756,LUAD,LUAD,4,4,1.6446495e-05,2.2953502e-05,1.3786696e-05,2.3033268e-05,0.99992377
ALL_core_cancer_type_top95,tabpfn_v3,v3,train,2912,LUAD,LUAD,4,4,1.6623942e-05,2.2323542e-05,1.372492e-05,2.7149705e-05,0.9999202
ALL_core_cancer_type_top95,tabpfn_v3,v3,train,81,BRCA,HNSCC,0,2,0.2833419,4.7556936e-05,0.3050575,0.20473874,0.2068143
ALL_core_cancer_type_top95,tabpfn_v3,v3,train,2372,LSCC,LSCC,3,3,1.6511874e-05,1.41006e-05,1.5245096e-05,0.9999313,2.2916549e-05
ALL_core_cancer_type_top95,tabpfn_v3,v3,train,896,BRCA,BRCA,0,0,0.99993473,1.2980984e-05,1.6216254e-05,1.6323998e-05,1.9737106e-05
ALL_core_cancer_type_top95,tabpfn_v3,v3,train,1892,HNSCC,HNSCC,2,2,6.976432e-05,5.3691347e-05,0.99972326,9.7603806e-05,5.5685876e-05
ALL_core_cancer_type_top95,tabpfn_v3,v3,train,2269,LSCC,LSCC,3,3,1.430856e-05,1.29811115e-05,1.29811115e-05,0.99994457,1.5167395e-05
ALL_core_cancer_type_top95,tabpfn_v3,v3,train,236,BRCA,BRCA,0,0,0.9999409,1.2981063e-05,1.3523904e-05,1.6795642e-05,1.577524e-05
ALL_core_cancer_type_top95,tabpfn_v3,v3,train,1573,HNSCC,HNSCC,2,2,1.3238339e-05,1.3034948e-05,0.9999477,1.2981152e-05,1.2981152e-05
ALL_core_cancer_type_top95,tabpfn_v3,v3,train,1999,HNSCC,HNSCC,2,2,1.6879303e-05,1.3687986e-05,0.99993783,1.6447686e-05,1.5149308e-05
ALL_core_cancer_type_top95,tabpfn_v3,v3,train,2427,LSCC,LSCC,3,3,1.4699238e-05,1.2981082e-05,1.3156649e-05,0.9999423,1.6850796e-05
ALL_core_cancer_type_top95,tabpfn_v3,v3,train,1735,HNSCC,HNSCC,2,2,1.3284741e-05,1.3034969e-05,0.9999469,1.29811415e-05,1.3768669e-05
ALL_core_cancer_type_top95,tabpfn_v3,v3,train,1174,BRCA,BRCA,0,0,0.99993145,1.4021287e-05,1.7476998e-05,1.988084e-05,1.7149718e-05
ALL_core_cancer_type_top95,tabpfn_v3,v3,train,1989,HNSCC,HNSCC,2,2,1.6457258e-05,3.7969963e-05,0.99991184,1.9075254e-05,1.4667754e-05
ALL_core_cancer_type_top95,tabpfn_v3,v3,train,851,BRCA,BRCA,0,0,0.9999443,1.2981108e-05,1.3213771e-05,1.5267227e-05,1.4207214e-05
ALL_core_cancer_type_top95,tabpfn_v3,v3,train,2338,LSCC,LSCC,3,3,1.4276418e-05,1.2981091e-05,1.2994531e-05,0.99994296,1.6794285e-05
ALL_core_cancer_type_top95,tabpfn_v3,v3,train,1850,HNSCC,HNSCC,2,2,1.449141e-05,1.4815147e-05,0.9999429,1.3242616e-05,1.4492755e-05
ALL_core_cancer_type_top95,tabpfn_v3,v3,train,3168,LUAD,LUAD,4,4,1.9241932e-05,1.5384996e-05,1.4410771e-05,2.4629695e-05,0.9999263
ALL_core_cancer_type_top95,tabpfn_v3,v3,train,1310,ESCA,ESCA,1,1,1.2986414e-05,0.99993896,1.426248e-05,1.5223512e-05,1.8574889e-05
ALL_core_cancer_type_top95,tabpfn_v3,v3,train,1217,ESCA,ESCA,1,1,1.9429363e-05,0.99985635,3.0364201e-05,3.4097993e-05,5.9803922e-05
ALL_core_cancer_type_top95,tabpfn_v3,v3,train,2187,LSCC,LSCC,3,3,1.5543783e-05,1.327373e-05,1.34332195e-05,0.9999407,1.7033663e-05
ALL_core_cancer_type_top95,tabpfn_v3,v3,train,967,BRCA,BRCA,0,0,0.99990284,1.3722009e-05,2.5880527e-05,3.2085984e-05,2.5514857e-05
ALL_core_cancer_type_top95,tabpfn_v3,v3,train,1200,BRCA,BRCA,0,0,0.99993545,1.2980993e-05,1.4582367e-05,1.9936238e-05,1.7059274e-05
ALL_core_cancer_type_top95,tabpfn_v3,v3,train,2574,LSCC,LSCC,3,3,1.5226782e-05,1.2981078e-05,1.3002588e-05,0.99994195,1.6882566e-05
ALL_core_cancer_type_top95,tabpfn_v3,v3,train,248,BRCA,BRCA,0,0,0.9999447,1.2981112e-05,1.3059208e-05,1.5226033e-05,1.4059813e-05
ALL_core_cancer_type_top95,tabpfn_v3,v3,train,491,BRCA,BRCA,0,0,0.9999443,1.2981107e-05,1.3056515e-05,1.50822525e-05,1.4535092e-05
ALL_core_cancer_type_top95,tabpfn_v3,v3,train,3185,LUAD,LUAD,4,4,1.864162e-05,1.6279986e-05,1.5222786e-05,2.8924325e-05,0.99992096
ALL_core_cancer_type_top95,tabpfn_v3,v3,train,1303,ESCA,ESCA,1,1,1.2981054e-05,0.9999401,1.4031166e-05,1.4395022e-05,1.8493609e-05
ALL_core_cancer_type_top95,tabpfn_v3,v3,train,943,BRCA,BRCA,0,0,0.9999392,1.298373e-05,1.4300054e-05,1.7643282e-05,1.5858259e-05
ALL_core_cancer_type_top95,tabpfn_v3,v3,train,410,BRCA,BRCA,0,0,0.99994206,1.2981079e-05,1.3535411e-05,1.6122081e-05,1.5322154e-05
ALL_core_cancer_type_top95,tabpfn_v3,v3,train,439,BRCA,BRCA,0,0,0.9999423,1.2981082e-05,1.3577667e-05,1.5226613e-05,1.5908248e-05
ALL_core_cancer_type_top95,tabpfn_v3,v3,train,2509,LSCC,LSCC,3,3,1.4594734e-05,1.2981105e-05,1.298648e-05,0.9999441,1.530243e-05
ALL_core_cancer_type_top95,tabpfn_v3,v3,train,3003,LUAD,LUAD,4,4,1.6266085e-05,1.3471411e-05,1.3040287e-05,1.6020063e-05,0.99994123
ALL_core_cancer_type_top95,tabpfn_v3,v3,train,2358,LSCC,LSCC,3,3,1.3781195e-05,1.30187655e-05,1.3118704e-05,0.99994403,1.6055852e-05
ALL_core_cancer_type_top95,tabpfn_v3,v3,train,2576,LSCC,LSCC,3,3,0.00050539593,0.0022850593,0.0011658156,0.99447703,0.0015667211
ALL_core_cancer_type_top95,tabpfn_v3,v3,train,2224,LSCC,LSCC,3,3,1.3503706e-05,1.2981132e-05,1.2981132e-05,0.99994624,1.4287205e-05
ALL_core_cancer_type_top95,tabpfn_v3,v3,train,495,BRCA,BRCA,0,0,0.99994487,1.2981115e-05,1.312395e-05,1.4703529e-05,1.430483e-05
ALL_core_cancer_type_top95,tabpfn_v3,v3,train,1138,BRCA,BRCA,0,0,0.99993736,1.2981017e-05,1.4738397e-05,1.9818204e-05,1.51409195e-05
ALL_core_cancer_type_top95,tabpfn_v3,v3,train,946,BRCA,BRCA,0,0,0.9999459,1.2981128e-05,1.3034956e-05,1.4692667e-05,1.3400193e-05
ALL_core_cancer_type_top95,tabpfn_v3,v3,train,980,BRCA,BRCA,0,0,0.99986976,2.6662798e-05,4.7898557e-05,2.8938402e-05,2.6755428e-05
ALL_core_cancer_type_top95,tabpfn_v3,v3,train,918,BRCA,BRCA,0,0,0.9999423,1.2981082e-05,1.3438299e-05,1.5823722e-05,1.5483583e-05
ALL_core_cancer_type_top95,tabpfn_v3,v3,train,362,BRCA,BRCA,0,0,0.9999447,1.2981113e-05,1.29918635e-05,1.4734687e-05,1.4611279e-05
ALL_core_cancer_type_top95,tabpfn_v3,v3,train,110,BRCA,HNSCC,0,2,0.2833419,4.7556936e-05,0.3050575,0.20473874,0.2068143
ALL_core_cancer_type_top95,tabpfn_v3,v3,train,1347,ESCA,ESCA,1,1,0.00073684857,0.99446714,0.0008025976,0.0017697423,0.0022237466
ALL_core_cancer_type_top95,tabpfn_v3,v3,train,1480,HNSCC,HNSCC,2,2,0.2833419,4.7556936e-05,0.3050575,0.20473874,0.2068143
ALL_core_cancer_type_top95,tabpfn_v3,v3,train,2299,LSCC,LSCC,3,3,1.44840915e-05,1.2981079e-05,1.3232812e-05,0.999942,1.7270542e-05
ALL_core_cancer_type_top95,tabpfn_v3,v3,train,2313,LSCC,LSCC,3,3,1.3283373e-05,1.2981025e-05,1.4098234e-05,0.9999379,2.1753885e-05
ALL_core_cancer_type_top95,tabpfn_v3,v3,train,367,BRCA,BRCA,0,0,0.9999449,1.2981116e-05,1.3175692e-05,1.4970216e-05,1.3974103e-05
ALL_core_cancer_type_top95,tabpfn_v3,v3,train,557,BRCA,BRCA,0,0,0.999924,1.3018505e-05,1.815446e-05,2.4126382e-05,2.066483e-05
ALL_core_cancer_type_top95,tabpfn_v3,v3,train,1545,HNSCC,HNSCC,2,2,1.4265956e-05,1.4569212e-05,0.9999445,1.3061882e-05,1.3567981e-05
ALL_core_cancer_type_top95,tabpfn_v3,v3,train,3142,LUAD,LUAD,4,4,1.783706e-05,1.40415605e-05,1.3454751e-05,2.1662616e-05,0.999933
ALL_core_cancer_type_top95,tabpfn_v3,v3,train,2520,LSCC,LSCC,3,3,1.4295256e-05,1.2981055e-05,1.3443705e-05,0.9999403,1.900449e-05
ALL_core_cancer_type_top95,tabpfn_v3,v3,train,1640,HNSCC,HNSCC,2,2,1.3668144e-05,1.4160219e-05,0.99994606,1.2981131e-05,1.3142743e-05
ALL_core_cancer_type_top95,tabpfn_v3,v3,train,235,BRCA,BRCA,0,0,0.99992704,1.2980884e-05,1.7137641e-05,2.1597429e-05,2.1192798e-05
ALL_core_cancer_type_top95,tabpfn_v3,v3,train,1760,HNSCC,HNSCC,2,2,3.349173e-05,2.1142994e-05,0.999907,1.8163457e-05,2.0195512e-05
ALL_core_cancer_type_top95,tabpfn_v3,v3,train,1285,ESCA,ESCA,1,1,1.2981048e-05,0.9999396,1.3630109e-05,1.369584e-05,2.0011581e-05
ALL_core_cancer_type_top95,tabpfn_v3,v3,train,2262,LSCC,LSCC,3,3,1.3907631e-05,1.2981099e-05,1.2983787e-05,0.9999436,1.649211e-05
ALL_core_cancer_type_top95,tabpfn_v3,v3,train,3150,LUAD,LUAD,4,4,1.5807165e-05,1.5035101e-05,1.3061851e-05,1.6721891e-05,0.9999394
ALL_core_cancer_type_top95,tabpfn_v3,v3,train,693,BRCA,BRCA,0,0,0.9999446,1.2981112e-05,1.314311e-05,1.5028043e-05,1.4177436e-05
ALL_core_cancer_type_top95,tabpfn_v3,v3,train,254,BRCA,BRCA,0,0,0.99994344,1.2981096e-05,1.3424595e-05,1.5210677e-05,1.4934825e-05
ALL_core_cancer_type_top95,tabpfn_v3,v3,train,2164,LSCC,LSCC,3,3,1.5205724e-05,1.2981063e-05,1.305101e-05,0.9999408,1.7954006e-05
ALL_core_cancer_type_top95,tabpfn_v3,v3,train,1032,BRCA,BRCA,0,0,0.9999436,1.2981099e-05,1.3936994e-05,1.4826437e-05,1.460963e-05
ALL_core_cancer_type_top95,tabpfn_v3,v3,train,2436,LSCC,LSCC,3,3,0.0004183328,0.0030905833,0.0012717019,0.99348825,0.0017311331
ALL_core_cancer_type_top95,tabpfn_v3,v3,train,1873,HNSCC,HNSCC,2,2,1.405543e-05,1.3045755e-05,0.9999469,1.29811415e-05,1.29811415e-05
ALL_core_cancer_type_top95,tabpfn_v3,v3,train,1321,ESCA,ESCA,1,1,1.38466385e-05,0.99992955,1.4873456e-05,1.7458868e-05,2.4289368e-05
ALL_core_cancer_type_top95,tabpfn_v3,v3,train,2191,LSCC,LSCC,3,3,1.4228181e-05,1.2981105e-05,1.2981105e-05,0.9999441,1.5711114e-05
ALL_core_cancer_type_top95,tabpfn_v3,v3,train,3047,LUAD,LUAD,4,4,1.6907341e-05,1.3251836e-05,1.3314453e-05,1.9580022e-05,0.99993694
ALL_core_cancer_type_top95,tabpfn_v3,v3,train,2939,LUAD,LUAD,4,4,2.0129877e-05,1.5023281e-05,1.3517291e-05,2.2678378e-05,0.99992865
ALL_core_cancer_type_top95,tabpfn_v3,v3,train,1181,BRCA,BRCA,0,0,0.9999417,1.2981073e-05,1.5213025e-05,1.4894976e-05,1.5192246e-05
ALL_core_cancer_type_top95,tabpfn_v3,v3,train,1738,HNSCC,HNSCC,2,2,1.3858171e-05,1.3102497e-05,0.999947,1.306195e-05,1.2981143e-05
ALL_core_cancer_type_top95,tabpfn_v3,v3,train,33,BRCA,HNSCC,0,2,0.2833419,4.7556936e-05,0.3050575,0.20473874,0.2068143
ALL_core_cancer_type_top95,tabpfn_v3,v3,train,2575,LSCC,LSCC,3,3,1.4922518e-05,1.6160877e-05,1.5280295e-05,0.9999294,2.4190676e-05
ALL_core_cancer_type_top95,tabpfn_v3,v3,train,3136,LUAD,LUAD,4,4,1.6364418e-05,1.3468631e-05,1.3091489e-05,1.7389168e-05,0.9999397
ALL_core_cancer_type_top95,tabpfn_v3,v3,train,28,BRCA,HNSCC,0,2,0.2833419,4.7556936e-05,0.3050575,0.20473874,0.2068143
ALL_core_cancer_type_top95,tabpfn_v3,v3,train,841,BRCA,BRCA,0,0,0.99994344,1.2981096e-05,1.3717452e-05,1.4887248e-05,1.4967384e-05
ALL_core_cancer_type_top95,tabpfn_v3,v3,train,2053,LSCC,HNSCC,3,2,0.2833419,4.7556936e-05,0.3050575,0.20473874,0.2068143
ALL_core_cancer_type_top95,tabpfn_v3,v3,train,435,BRCA,BRCA,0,0,0.9999394,1.2981044e-05,1.400251e-05,1.6429549e-05,1.7194607e-05
ALL_core_cancer_type_top95,tabpfn_v3,v3,train,554,BRCA,BRCA,0,0,0.99994427,1.2981108e-05,1.3538472e-05,1.4896959e-05,1.4324297e-05
ALL_core_cancer_type_top95,tabpfn_v3,v3,train,1373,ESCA,ESCA,1,1,1.5393676e-05,0.9999081,1.8401155e-05,2.4438074e-05,3.3670127e-05
ALL_core_cancer_type_top95,tabpfn_v3,v3,train,2312,LSCC,LSCC,3,3,1.4740241e-05,1.3427333e-05,1.6020771e-05,0.999928,2.785979e-05
ALL_core_cancer_type_top95,tabpfn_v3,v3,train,1369,ESCA,ESCA,1,1,1.313212e-05,0.99993455,1.4011568e-05,1.7361286e-05,2.0970087e-05
ALL_core_cancer_type_top95,tabpfn_v3,v3,train,75,BRCA,HNSCC,0,2,0.2833419,4.7556936e-05,0.3050575,0.20473874,0.2068143
ALL_core_cancer_type_top95,tabpfn_v3,v3,train,584,BRCA,BRCA,0,0,0.9999452,1.298112e-05,1.3034947e-05,1.49999905e-05,1.3741978e-05
ALL_core_cancer_type_top95,tabpfn_v3,v3,train,2508,LSCC,LSCC,3,3,1.5098523e-05,1.2980989e-05,1.4023048e-05,0.99993503,2.2912565e-05
ALL_core_cancer_type_top95,tabpfn_v3,v3,train,609,BRCA,BRCA,0,0,0.9999451,1.2981118e-05,1.3088944e-05,1.4880775e-05,1.3939523e-05
ALL_core_cancer_type_top95,tabpfn_v3,v3,train,666,BRCA,BRCA,0,0,0.9999452,1.2981121e-05,1.2981121e-05,1.4621397e-05,1.4206137e-05
ALL_core_cancer_type_top95,tabpfn_v3,v3,train,3222,LUAD,LUAD,4,4,2.4788296e-05,3.3511315e-05,2.6234544e-05,5.1229697e-05,0.9998642
ALL_core_cancer_type_top95,tabpfn_v3,v3,train,2780,LUAD,LUAD,4,4,0.14957154,0.013950415,0.15898508,0.29490918,0.3825838
ALL_core_cancer_type_top95,tabpfn_v3,v3,train,90,BRCA,HNSCC,0,2,0.2833419,4.7556936e-05,0.3050575,0.20473874,0.2068143
ALL_core_cancer_type_top95,tabpfn_v3,v3,train,1365,ESCA,ESCA,1,1,1.46790835e-05,0.9999237,1.6309335e-05,1.8080516e-05,2.7223665e-05
ALL_core_cancer_type_top95,tabpfn_v3,v3,train,950,BRCA,BRCA,0,0,0.99994564,1.2981124e-05,1.3088952e-05,1.4333088e-05,1.39764215e-05
ALL_core_cancer_type_top95,tabpfn_v3,v3,train,1814,HNSCC,HNSCC,2,2,1.4445358e-05,1.5649452e-05,0.9999437,1.3078113e-05,1.3188707e-05
ALL_core_cancer_type_top95,tabpfn_v3,v3,train,864,BRCA,BRCA,0,0,0.9999309,1.2981815e-05,1.5375756e-05,2.4861598e-05,1.587247e-05
ALL_core_cancer_type_top95,tabpfn_v3,v3,train,1300,ESCA,ESCA,1,1,1.3164723e-05,0.99993724,1.4344067e-05,1.5096215e-05,2.0158086e-05
ALL_core_cancer_type_top95,tabpfn_v3,v3,train,160,BRCA,BRCA,0,0,0.9999408,1.2981062e-05,1.4192066e-05,1.6614436e-05,1.5373736e-05
ALL_core_cancer_type_top95,tabpfn_v3,v3,train,125,BRCA,BRCA,0,0,0.9999381,1.2981027e-05,1.8140174e-05,1.4634402e-05,1.6168076e-05
ALL_core_cancer_type_top95,tabpfn_v3,v3,train,1268,ESCA,ESCA,1,1,1.9282987e-05,0.99987024,1.9595907e-05,3.5313875e-05,5.555268e-05
ALL_core_cancer_type_top95,tabpfn_v3,v3,train,3040,LUAD,LUAD,4,4,1.990211e-05,1.4262357e-05,1.3717558e-05,2.5177382e-05,0.9999269
ALL_core_cancer_type_top95,tabpfn_v3,v3,train,2404,LSCC,LSCC,3,3,1.3802708e-05,1.2981074e-05,1.3094101e-05,0.9999416,1.8561015e-05
ALL_core_cancer_type_top95,tabpfn_v3,v3,train,1363,ESCA,ESCA,1,1,1.6572214e-05,0.99989223,2.3057413e-05,3.0172445e-05,3.796268e-05
ALL_core_cancer_type_top95,tabpfn_v3,v3,train,2275,LSCC,LSCC,3,3,1.612493e-05,1.2981034e-05,1.3373091e-05,0.9999386,1.8874167e-05
ALL_core_cancer_type_top95,tabpfn_v3,v3,train,846,BRCA,BRCA,0,0,0.9999449,1.2981116e-05,1.3153967e-05,1.482327e-05,1.4041001e-05
ALL_core_cancer_type_top95,tabpfn_v3,v3,train,3227,LUAD,LUAD,4,4,1.6331005e-05,1.3695953e-05,1.33077465e-05,2.0604508e-05,0.9999361
ALL_core_cancer_type_top95,tabpfn_v3,v3,train,620,BRCA,BRCA,0,0,0.99994135,1.298107e-05,1.3998743e-05,1.5143097e-05,1.6494278e-05
ALL_core_cancer_type_top95,tabpfn_v3,v3,train,2071,LSCC,HNSCC,3,2,0.2833419,4.7556936e-05,0.3050575,0.20473874,0.2068143
ALL_core_cancer_type_top95,tabpfn_v3,v3,train,3042,LUAD,LUAD,4,4,1.7069224e-05,1.570921e-05,1.3491391e-05,2.4857281e-05,0.9999289
ALL_core_cancer_type_top95,tabpfn_v3,v3,train,1934,HNSCC,HNSCC,2,2,1.3729105e-05,1.3145852e-05,0.9999469,1.2981142e-05,1.3246511e-05
ALL_core_cancer_type_top95,tabpfn_v3,v3,train,68,BRCA,HNSCC,0,2,0.2833419,4.7556936e-05,0.3050575,0.20473874,0.2068143
ALL_core_cancer_type_top95,tabpfn_v3,v3,train,1209,ESCA,ESCA,1,1,1.3151087e-05,0.99993247,1.498544e-05,1.5312282e-05,2.4070772e-05
ALL_core_cancer_type_top95,tabpfn_v3,v3,train,1921,HNSCC,HNSCC,2,2,1.3408138e-05,1.3140434e-05,0.9999475,1.298115e-05,1.298115e-05
ALL_core_cancer_type_top95,tabpfn_v3,v3,train,2634,LUAD,HNSCC,4,2,0.2833419,4.7556936e-05,0.3050575,0.20473874,0.2068143
ALL_core_cancer_type_top95,tabpfn_v3,v3,train,798,BRCA,BRCA,0,0,0.9999326,1.29836435e-05,1.5898531e-05,2.1419508e-05,1.7133247e-05
ALL_core_cancer_type_top95,tabpfn_v3,v3,train,3202,LUAD,LUAD,4,4,1.6390513e-05,1.4954553e-05,1.3487168e-05,2.0492338e-05,0.9999347
ALL_core_cancer_type_top95,tabpfn_v3,v3,train,3127,LUAD,LUAD,4,4,1.6663e-05,1.471574e-05,1.3438177e-05,1.8744466e-05,0.99993646
ALL_core_cancer_type_top95,tabpfn_v3,v3,train,625,BRCA,BRCA,0,0,0.9998303,1.3350084e-05,5.1834802e-05,4.2827593e-05,6.1651896e-05
ALL_core_cancer_type_top95,tabpfn_v3,v3,train,566,BRCA,BRCA,0,0,0.9999449,1.2981116e-05,1.3048428e-05,1.4414569e-05,1.4573476e-05
ALL_core_cancer_type_top95,tabpfn_v3,v3,train,2099,LSCC,HNSCC,3,2,0.2833419,4.7556936e-05,0.3050575,0.20473874,0.2068143
ALL_core_cancer_type_top95,tabpfn_v3,v3,train,2420,LSCC,LSCC,3,3,1.9729046e-05,1.9764684e-05,2.4241313e-05,0.9998997,3.6624344e-05
ALL_core_cancer_type_top95,tabpfn_v3,v3,train,1887,HNSCC,HNSCC,2,2,2.5219148e-05,1.4892551e-05,0.9999245,1.8744233e-05,1.6673743e-05
ALL_core_cancer_type_top95,tabpfn_v3,v3,train,2257,LSCC,LSCC,3,3,1.4734177e-05,1.3273644e-05,1.4018406e-05,0.999934,2.3949777e-05
ALL_core_cancer_type_top95,tabpfn_v3,v3,train,899,BRCA,BRCA,0,0,0.9999434,1.2981096e-05,1.3183333e-05,1.5541764e-05,1.4920239e-05
ALL_core_cancer_type_top95,tabpfn_v3,v3,train,1564,HNSCC,HNSCC,2,2,1.4761801e-05,1.4052564e-05,0.9999441,1.366977e-05,1.3499052e-05
ALL_core_cancer_type_top95,tabpfn_v3,v3,train,2694,LUAD,HNSCC,4,2,0.2833419,4.7556936e-05,0.3050575,0.20473874,0.2068143
ALL_core_cancer_type_top95,tabpfn_v3,v3,train,634,BRCA,BRCA,0,0,0.9999461,1.2981131e-05,1.2981131e-05,1.4348186e-05,1.3568254e-05
ALL_core_cancer_type_top95,tabpfn_v3,v3,train,1654,HNSCC,HNSCC,2,2,1.47070905e-05,1.596735e-05,0.99993837,1.6146845e-05,1.4756496e-05
ALL_core_cancer_type_top95,tabpfn_v3,v3,train,1388,HNSCC,HNSCC,2,2,0.2833419,4.7556936e-05,0.3050575,0.20473874,0.2068143
ALL_core_cancer_type_top95,tabpfn_v3,v3,train,2365,LSCC,LSCC,3,3,1.4573042e-05,1.2981074e-05,1.3110265e-05,0.9999417,1.7621023e-05
ALL_core_cancer_type_top95,tabpfn_v3,v3,train,2805,LUAD,LUAD,4,4,1.6798707e-05,1.4557232e-05,1.3024082e-05,1.7011425e-05,0.9999386
ALL_core_cancer_type_top95,tabpfn_v3,v3,train,3204,LUAD,LUAD,4,4,0.003724507,0.0006168172,0.0006940174,0.0014786636,0.993486
ALL_core_cancer_type_top95,tabpfn_v3,v3,train,1980,HNSCC,HNSCC,2,2,1.58984e-05,1.8352057e-05,0.999935,1.6809734e-05,1.3990302e-05
ALL_core_cancer_type_top95,tabpfn_v3,v3,train,1549,HNSCC,HNSCC,2,2,1.3397141e-05,1.2994592e-05,0.9999476,1.2981151e-05,1.2981151e-05
ALL_core_cancer_type_top95,tabpfn_v3,v3,train,1997,HNSCC,HNSCC,2,2,1.3546112e-05,1.3232882e-05,0.99994725,1.2981147e-05,1.2981147e-05
ALL_core_cancer_type_top95,tabpfn_v3,v3,train,2264,LSCC,LSCC,3,3,1.41216615e-05,1.2981105e-05,1.2981105e-05,0.9999441,1.5826246e-05
ALL_core_cancer_type_top95,tabpfn_v3,v3,train,255,BRCA,BRCA,0,0,0.99994504,1.2981117e-05,1.2981117e-05,1.5070653e-05,1.3893523e-05
ALL_core_cancer_type_top95,tabpfn_v3,v3,train,1168,BRCA,BRCA,0,0,0.9999446,1.2981112e-05,1.3284712e-05,1.4993495e-05,1.4063705e-05
ALL_core_cancer_type_top95,tabpfn_v3,v3,train,3169,LUAD,LUAD,4,4,1.6907406e-05,1.3314707e-05,1.3318861e-05,1.9179579e-05,0.9999373
ALL_core_cancer_type_top95,tabpfn_v3,v3,train,2018,HNSCC,HNSCC,2,2,1.3645988e-05,1.3595989e-05,0.99994653,1.3245688e-05,1.2991887e-05
ALL_core_cancer_type_top95,tabpfn_v3,v3,train,1252,ESCA,ESCA,1,1,1.6530688e-05,0.9998991,2.0439616e-05,2.6621066e-05,3.7290924e-05
ALL_core_cancer_type_top95,tabpfn_v3,v3,train,2467,LSCC,LSCC,3,3,0.0003767254,3.92212e-05,0.00042641957,0.99850184,0.0006557772
ALL_core_cancer_type_top95,tabpfn_v3,v3,train,2065,LSCC,HNSCC,3,2,0.2833419,4.7556936e-05,0.3050575,0.20473874,0.2068143
ALL_core_cancer_type_top95,tabpfn_v3,v3,train,1633,HNSCC,HNSCC,2,2,4.234162e-05,4.8032616e-05,0.9997736,4.958143e-05,8.642487e-05
ALL_core_cancer_type_top95,tabpfn_v3,v3,train,3028,LUAD,LUAD,4,4,1.7469794e-05,1.759628e-05,1.4028001e-05,3.0700186e-05,0.9999202
ALL_core_cancer_type_top95,tabpfn_v3,v3,train,2370,LSCC,LSCC,3,3,1.3885364e-05,1.2981122e-05,1.305923e-05,0.9999454,1.4684547e-05
ALL_core_cancer_type_top95,tabpfn_v3,v3,train,621,BRCA,BRCA,0,0,0.99994516,1.298112e-05,1.3091651e-05,1.4706923e-05,1.404551e-05
ALL_core_cancer_type_top95,tabpfn_v3,v3,train,541,BRCA,BRCA,0,0,0.99994236,1.2981083e-05,1.3668347e-05,1.5788492e-05,1.5172015e-05
ALL_core_cancer_type_top95,tabpfn_v3,v3,train,2114,LSCC,HNSCC,3,2,0.2833419,4.7556936e-05,0.3050575,0.20473874,0.2068143
ALL_core_cancer_type_top95,tabpfn_v3,v3,train,2024,LSCC,HNSCC,3,2,0.2833419,4.7556936e-05,0.3050575,0.20473874,0.2068143
ALL_core_cancer_type_top95,tabpfn_v3,v3,train,1847,HNSCC,HNSCC,2,2,1.3906026e-05,1.305655e-05,0.999947,1.2981143e-05,1.30565495e-05
ALL_core_cancer_type_top95,tabpfn_v3,v3,train,259,BRCA,BRCA,0,0,0.9999416,1.2981072e-05,1.33949e-05,1.5870128e-05,1.6136513e-05
ALL_core_cancer_type_top95,tabpfn_v3,v3,train,2535,LSCC,LSCC,3,3,1.5282267e-05,1.2981064e-05,1.3002575e-05,0.99994093,1.7837192e-05
ALL_core_cancer_type_top95,tabpfn_v3,v3,train,2092,LSCC,HNSCC,3,2,0.2833419,4.7556936e-05,0.3050575,0.20473874,0.2068143
ALL_core_cancer_type_top95,tabpfn_v3,v3,train,749,BRCA,BRCA,0,0,0.99994224,1.2981081e-05,1.454251e-05,1.4968518e-05,1.5259648e-05
ALL_core_cancer_type_top95,tabpfn_v3,v3,train,2816,LUAD,LUAD,4,4,1.5532627e-05,1.4066664e-05,1.2981069e-05,1.6145457e-05,0.9999413
ALL_core_cancer_type_top95,tabpfn_v3,v3,train,357,BRCA,BRCA,0,0,0.9999448,1.2981114e-05,1.3208048e-05,1.4679827e-05,1.4303374e-05
ALL_core_cancer_type_top95,tabpfn_v3,v3,train,1790,HNSCC,HNSCC,2,2,1.3235614e-05,1.2981153e-05,0.9999478,1.2981153e-05,1.2981153e-05
ALL_core_cancer_type_top95,tabpfn_v3,v3,train,1896,HNSCC,HNSCC,2,2,1.3479919e-05,1.4153044e-05,0.99994624,1.2981132e-05,1.3156699e-05
ALL_core_cancer_type_top95,tabpfn_v3,v3,train,2192,LSCC,LSCC,3,3,1.4828953e-05,1.29810705e-05,1.3175646e-05,0.99994147,1.7494827e-05
ALL_core_cancer_type_top95,tabpfn_v3,v3,train,1214,ESCA,ESCA,1,1,1.6543576e-05,0.99988735,2.0803149e-05,3.4262608e-05,4.1023417e-05
ALL_core_cancer_type_top95,tabpfn_v3,v3,train,3016,LUAD,LUAD,4,4,1.8277879e-05,1.4376509e-05,1.359104e-05,2.0660456e-05,0.9999331
ALL_core_cancer_type_top95,tabpfn_v3,v3,train,2407,LSCC,LSCC,3,3,1.42927265e-05,1.2981078e-05,1.3161962e-05,0.99994195,1.7656379e-05
ALL_core_cancer_type_top95,tabpfn_v3,v3,train,119,BRCA,HNSCC,0,2,0.2833419,4.7556936e-05,0.3050575,0.20473874,0.2068143
ALL_core_cancer_type_top95,tabpfn_v3,v3,train,774,BRCA,BRCA,0,0,0.99994475,1.2981114e-05,1.3143112e-05,1.5103118e-05,1.4015452e-05
ALL_core_cancer_type_top95,tabpfn_v3,v3,train,444,BRCA,BRCA,0,0,0.9999442,1.2981107e-05,1.3143104e-05,1.534801e-05,1.4306532e-05
ALL_core_cancer_type_top95,tabpfn_v3,v3,train,2303,LSCC,LSCC,3,3,1.5713093e-05,1.298107e-05,1.2983758e-05,0.99994147,1.6905055e-05
ALL_core_cancer_type_top95,tabpfn_v3,v3,train,2654,LUAD,HNSCC,4,2,0.2833419,4.7556936e-05,0.3050575,0.20473874,0.2068143
ALL_core_cancer_type_top95,tabpfn_v3,v3,train,2088,LSCC,HNSCC,3,2,0.2833419,4.7556936e-05,0.3050575,0.20473874,0.2068143
ALL_core_cancer_type_top95,tabpfn_v3,v3,train,2223,LSCC,LSCC,3,3,1.4449883e-05,1.2981081e-05,1.319197e-05,0.9999423,1.705843e-05
ALL_core_cancer_type_top95,tabpfn_v3,v3,train,571,BRCA,BRCA,0,0,0.9999431,1.2981092e-05,1.444623e-05,1.4869605e-05,1.4646063e-05
ALL_core_cancer_type_top95,tabpfn_v3,v3,train,2237,LSCC,LSCC,3,3,1.32465e-05,1.298113e-05,1.300264e-05,0.999946,1.4790773e-05
ALL_core_cancer_type_top95,tabpfn_v3,v3,train,2355,LSCC,LSCC,3,3,1.4112137e-05,1.2981113e-05,1.2981113e-05,0.9999446,1.5320846e-05
ALL_core_cancer_type_top95,tabpfn_v3,v3,train,2153,LSCC,LSCC,3,3,1.4285926e-05,1.29810915e-05,1.29810915e-05,0.9999431,1.6666985e-05
ALL_core_cancer_type_top95,tabpfn_v3,v3,train,1479,HNSCC,HNSCC,2,2,0.2833419,4.7556936e-05,0.3050575,0.20473874,0.2068143
ALL_core_cancer_type_top95,tabpfn_v3,v3,train,1210,ESCA,ESCA,1,1,1.3164677e-05,0.9999336,1.4104729e-05,1.622557e-05,2.2865412e-05
ALL_core_cancer_type_top95,tabpfn_v3,v3,train,3033,LUAD,LUAD,4,4,1.5660895e-05,1.36681465e-05,1.3048353e-05,1.8403589e-05,0.9999392
ALL_core_cancer_type_top95,tabpfn_v3,v3,train,1787,HNSCC,HNSCC,2,2,1.4146022e-05,1.4117674e-05,0.99994546,1.3091474e-05,1.3197452e-05
ALL_core_cancer_type_top95,tabpfn_v3,v3,train,1000,BRCA,BRCA,0,0,0.9999448,1.2981115e-05,1.31268e-05,1.4607166e-05,1.4479098e-05
ALL_core_cancer_type_top95,tabpfn_v3,v3,train,1164,BRCA,BRCA,0,0,0.99994546,1.2981123e-05,1.32847235e-05,1.4382677e-05,1.3865669e-05
ALL_core_cancer_type_top95,tabpfn_v3,v3,train,2577,LSCC,LSCC,3,3,1.4216649e-05,1.2981118e-05,1.2981118e-05,0.99994504,1.47764995e-05
ALL_core_cancer_type_top95,tabpfn_v3,v3,train,1563,HNSCC,HNSCC,2,2,1.4143201e-05,1.3449423e-05,0.9999464,1.2981136e-05,1.3008028e-05
ALL_core_cancer_type_top95,tabpfn_v3,v3,train,2919,LUAD,LUAD,4,4,1.6694254e-05,1.3292783e-05,1.3802469e-05,2.141211e-05,0.9999348
ALL_core_cancer_type_top95,tabpfn_v3,v3,train,2657,LUAD,HNSCC,4,2,0.2833419,4.7556936e-05,0.3050575,0.20473874,0.2068143
ALL_core_cancer_type_top95,tabpfn_v3,v3,train,314,BRCA,BRCA,0,0,0.9998701,1.5143772e-05,4.65536e-05,3.0542335e-05,3.7647293e-05
ALL_core_cancer_type_top95,tabpfn_v3,v3,train,1838,HNSCC,HNSCC,2,2,1.3651418e-05,1.3421882e-05,0.99994636,1.329991e-05,1.3276535e-05
ALL_core_cancer_type_top95,tabpfn_v3,v3,train,1860,HNSCC,HNSCC,2,2,2.163199e-05,2.023416e-05,0.9999267,1.5052829e-05,1.6413016e-05
ALL_core_cancer_type_top95,tabpfn_v3,v3,train,2832,LUAD,LUAD,4,4,1.6608137e-05,1.3537636e-05,1.3357427e-05,2.2051685e-05,0.99993443
ALL_core_cancer_type_top95,tabpfn_v3,v3,train,543,BRCA,BRCA,0,0,0.999935,1.2980986e-05,1.7062779e-05,1.8724984e-05,1.6260055e-05
ALL_core_cancer_type_top95,tabpfn_v3,v3,train,3144,LUAD,LUAD,4,4,1.7333408e-05,1.4123233e-05,1.3156581e-05,1.7950628e-05,0.9999374
ALL_core_cancer_type_top95,tabpfn_v3,v3,train,2553,LSCC,LSCC,3,3,1.434144e-05,1.3366785e-05,1.3416122e-05,0.999937,2.1848067e-05
ALL_core_cancer_type_top95,tabpfn_v3,v3,train,732,BRCA,BRCA,0,0,0.9999416,1.2981073e-05,1.4021449e-05,1.50311835e-05,1.6419182e-05
ALL_core_cancer_type_top95,tabpfn_v3,v3,train,89,BRCA,HNSCC,0,2,0.2833419,4.7556936e-05,0.3050575,0.20473874,0.2068143
ALL_core_cancer_type_top95,tabpfn_v3,v3,train,2478,LSCC,LSCC,3,3,1.5363037e-05,1.2981098e-05,1.2981098e-05,0.99994344,1.5254466e-05
ALL_core_cancer_type_top95,tabpfn_v3,v3,train,2325,LSCC,LSCC,3,3,2.505547e-05,1.4804533e-05,2.2711449e-05,0.9998953,4.212372e-05
ALL_core_cancer_type_top95,tabpfn_v3,v3,train,84,BRCA,HNSCC,0,2,0.2833419,4.7556936e-05,0.3050575,0.20473874,0.2068143
ALL_core_cancer_type_top95,tabpfn_v3,v3,train,2649,LUAD,HNSCC,4,2,0.2833419,4.7556936e-05,0.3050575,0.20473874,0.2068143
ALL_core_cancer_type_top95,tabpfn_v3,v3,train,1818,HNSCC,HNSCC,2,2,1.3026892e-05,1.3366925e-05,0.9999476,1.2981151e-05,1.2981151e-05
ALL_core_cancer_type_top95,tabpfn_v3,v3,train,921,BRCA,BRCA,0,0,0.99994296,1.2981091e-05,1.3500978e-05,1.6759052e-05,1.3783428e-05
ALL_core_cancer_type_top95,tabpfn_v3,v3,train,3188,LUAD,LUAD,4,4,2.676452e-05,2.1263948e-05,2.1895747e-05,5.0949962e-05,0.9998791
ALL_core_cancer_type_top95,tabpfn_v3,v3,train,2956,LUAD,LUAD,4,4,1.9390332e-05,1.4167719e-05,1.38129035e-05,2.2925084e-05,0.9999297
ALL_core_cancer_type_top95,tabpfn_v3,v3,train,1102,BRCA,BRCA,0,0,0.99994385,1.2981102e-05,1.3183303e-05,1.5107619e-05,1.4895406e-05
ALL_core_cancer_type_top95,tabpfn_v3,v3,train,2930,LUAD,LUAD,4,4,1.4735423e-05,1.359317e-05,1.3064598e-05,1.5477468e-05,0.99994314
ALL_core_cancer_type_top95,tabpfn_v3,v3,train,886,BRCA,BRCA,0,0,0.9999439,1.2981103e-05,1.3820481e-05,1.45925305e-05,1.4635849e-05
ALL_core_cancer_type_top95,tabpfn_v3,v3,train,1769,HNSCC,HNSCC,2,2,1.3078166e-05,1.3202927e-05,0.9999477,1.2981153e-05,1.2981153e-05
ALL_core_cancer_type_top95,tabpfn_v3,v3,train,188,BRCA,BRCA,0,0,0.99982876,1.7390077e-05,5.5313667e-05,4.4724035e-05,5.384313e-05
ALL_core_cancer_type_top95,tabpfn_v3,v3,train,2679,LUAD,HNSCC,4,2,0.2833419,4.7556936e-05,0.3050575,0.20473874,0.2068143
ALL_core_cancer_type_top95,tabpfn_v3,v3,train,2345,LSCC,LSCC,3,3,1.3490135e-05,1.2981135e-05,1.2981135e-05,0.99994636,1.4208842e-05
ALL_core_cancer_type_top95,tabpfn_v3,v3,train,1097,BRCA,BRCA,0,0,0.99994576,1.2981126e-05,1.3080843e-05,1.4556609e-05,1.36608905e-05
ALL_core_cancer_type_top95,tabpfn_v3,v3,train,1010,BRCA,BRCA,0,0,0.9999452,1.298112e-05,1.329496e-05,1.4431804e-05,1.4037163e-05
ALL_core_cancer_type_top95,tabpfn_v3,v3,train,1327,ESCA,ESCA,1,1,1.3067222e-05,0.9999375,1.3862429e-05,1.528106e-05,2.0310366e-05
ALL_core_cancer_type_top95,tabpfn_v3,v3,train,174,BRCA,BRCA,0,0,0.9999357,1.2980996e-05,1.4885076e-05,2.044228e-05,1.600471e-05
ALL_core_cancer_type_top95,tabpfn_v3,v3,train,1741,HNSCC,HNSCC,2,2,1.3257438e-05,1.2981152e-05,0.9999478,1.2981152e-05,1.2981152e-05
ALL_core_cancer_type_top95,tabpfn_v3,v3,train,2015,HNSCC,HNSCC,2,2,1.4894619e-05,1.3880713e-05,0.9999449,1.3164363e-05,1.31186325e-05
ALL_core_cancer_type_top95,tabpfn_v3,v3,train,3071,LUAD,LUAD,4,4,1.6386559e-05,1.5169413e-05,1.323272e-05,2.010188e-05,0.9999351
ALL_core_cancer_type_top95,tabpfn_v3,v3,train,302,BRCA,BRCA,0,0,0.99994445,1.2981111e-05,1.2986486e-05,1.4688502e-05,1.4906029e-05
ALL_core_cancer_type_top95,tabpfn_v3,v3,train,1229,ESCA,ESCA,1,1,1.8991883e-05,0.99986064,2.1833217e-05,3.749191e-05,6.10155e-05
ALL_core_cancer_type_top95,tabpfn_v3,v3,train,1165,BRCA,BRCA,0,0,0.99994147,1.2981071e-05,1.3722628e-05,1.7423647e-05,1.4445216e-05
ALL_core_cancer_type_top95,tabpfn_v3,v3,train,1602,HNSCC,HNSCC,2,2,1.3675733e-05,1.4095012e-05,0.9999452,1.3294445e-05,1.36878725e-05
ALL_core_cancer_type_top95,tabpfn_v3,v3,train,2690,LUAD,HNSCC,4,2,0.2833419,4.7556936e-05,0.3050575,0.20473874,0.2068143
ALL_core_cancer_type_top95,tabpfn_v3,v3,train,706,BRCA,BRCA,0,0,0.9999454,1.2981122e-05,1.3339466e-05,1.4659441e-05,1.3579867e-05
ALL_core_cancer_type_top95,tabpfn_v3,v3,train,140,BRCA,BRCA,0,0,0.9999202,1.3096737e-05,1.7037115e-05,2.9319146e-05,2.034721e-05
ALL_core_cancer_type_top95,tabpfn_v3,v3,train,868,BRCA,BRCA,0,0,0.99993026,1.3429918e-05,1.761221e-05,2.056251e-05,1.8166404e-05
ALL_core_cancer_type_top95,tabpfn_v3,v3,train,2119,LSCC,HNSCC,3,2,0.2833419,4.7556936e-05,0.3050575,0.20473874,0.2068143
ALL_core_cancer_type_top95,tabpfn_v3,v3,train,1488,HNSCC,HNSCC,2,2,0.2833419,4.7556936e-05,0.3050575,0.20473874,0.2068143
ALL_core_cancer_type_top95,tabpfn_v3,v3,train,2583,LSCC,LSCC,3,3,1.3877921e-05,1.2981121e-05,1.3059228e-05,0.9999453,1.4781703e-05
ALL_core_cancer_type_top95,tabpfn_v3,v3,train,560,BRCA,BRCA,0,0,0.9999317,1.2980944e-05,1.4928238e-05,2.4234692e-05,1.6165397e-05
ALL_core_cancer_type_top95,tabpfn_v3,v3,train,1627,HNSCC,HNSCC,2,2,2.165409e-05,5.191322e-05,0.9998863,2.3992132e-05,1.615754e-05
ALL_core_cancer_type_top95,tabpfn_v3,v3,train,2588,LSCC,LSCC,3,3,1.4145443e-05,1.2981114e-05,1.2981114e-05,0.99994475,1.5115471e-05
ALL_core_cancer_type_top95,tabpfn_v3,v3,train,1882,HNSCC,HNSCC,2,2,1.4038582e-05,1.3282006e-05,0.9999467,1.30188e-05,1.298114e-05
ALL_core_cancer_type_top95,tabpfn_v3,v3,train,2616,LUAD,HNSCC,4,2,0.2833419,4.7556936e-05,0.3050575,0.20473874,0.2068143
ALL_core_cancer_type_top95,tabpfn_v3,v3,train,1393,HNSCC,HNSCC,2,2,0.2833419,4.7556936e-05,0.3050575,0.20473874,0.2068143
ALL_core_cancer_type_top95,tabpfn_v3,v3,train,2446,LSCC,LSCC,3,3,1.4590119e-05,1.2981104e-05,1.3002614e-05,0.999944,1.5440759e-05
ALL_core_cancer_type_top95,tabpfn_v3,v3,train,1058,BRCA,BRCA,0,0,0.9999452,1.2981121e-05,1.3078134e-05,1.4794586e-05,1.3920068e-05
ALL_core_cancer_type_top95,tabpfn_v3,v3,train,1304,ESCA,ESCA,1,1,1.298641e-05,0.9999386,1.3958429e-05,1.4973429e-05,1.9511861e-05
ALL_core_cancer_type_top95,tabpfn_v3,v3,train,478,BRCA,BRCA,0,0,0.99992275,1.3440169e-05,1.8536773e-05,2.1419453e-05,2.3924613e-05
ALL_core_cancer_type_top95,tabpfn_v3,v3,train,2084,LSCC,HNSCC,3,2,0.2833419,4.7556936e-05,0.3050575,0.20473874,0.2068143
ALL_core_cancer_type_top95,tabpfn_v3,v3,train,2115,LSCC,HNSCC,3,2,0.2833419,4.7556936e-05,0.3050575,0.20473874,0.2068143
ALL_core_cancer_type_top95,tabpfn_v3,v3,train,1238,ESCA,ESCA,1,1,1.2986429e-05,0.99994016,1.3585789e-05,1.4978955e-05,1.8271312e-05
ALL_core_cancer_type_top95,tabpfn_v3,v3,train,2765,LUAD,LUAD,4,4,1.8097928e-05,1.5017445e-05,1.3729158e-05,2.4886185e-05,0.9999283
ALL_core_cancer_type_top95,tabpfn_v3,v3,train,1988,HNSCC,HNSCC,2,2,1.5407935e-05,1.9689172e-05,0.9999342,1.4280031e-05,1.6431999e-05
ALL_core_cancer_type_top95,tabpfn_v3,v3,train,2004,HNSCC,HNSCC,2,2,1.47274395e-05,1.29811315e-05,0.9999461,1.29811315e-05,1.3159409e-05
ALL_core_cancer_type_top95,tabpfn_v3,v3,train,832,BRCA,BRCA,0,0,0.999944,1.2981103e-05,1.3140118e-05,1.5336866e-05,1.4588211e-05
ALL_core_cancer_type_top95,tabpfn_v3,v3,train,2664,LUAD,HNSCC,4,2,0.2833419,4.7556936e-05,0.3050575,0.20473874,0.2068143
ALL_core_cancer_type_top95,tabpfn_v3,v3,train,1328,ESCA,ESCA,1,1,1.2981061e-05,0.9999407,1.3601218e-05,1.4785868e-05,1.792598e-05
ALL_core_cancer_type_top95,tabpfn_v3,v3,train,2855,LUAD,LUAD,4,4,1.8928273e-05,1.676095e-05,1.3714361e-05,2.3477276e-05,0.99992716
ALL_core_cancer_type_top95,tabpfn_v3,v3,train,2025,LSCC,HNSCC,3,2,0.2833419,4.7556936e-05,0.3050575,0.20473874,0.2068143
ALL_core_cancer_type_top95,tabpfn_v3,v3,train,941,BRCA,BRCA,0,0,0.99994594,1.2981128e-05,1.3159409e-05,1.4426631e-05,1.34851125e-05
ALL_core_cancer_type_top95,tabpfn_v3,v3,train,731,BRCA,BRCA,0,0,0.99982435,1.3975528e-05,5.0279676e-05,5.0037175e-05,6.141e-05
ALL_core_cancer_type_top95,tabpfn_v3,v3,train,3107,LUAD,LUAD,4,4,1.794198e-05,1.3810417e-05,1.3340808e-05,2.4158915e-05,0.99993074
ALL_core_cancer_type_top95,tabpfn_v3,v3,train,1543,HNSCC,HNSCC,2,2,1.3279285e-05,1.3061958e-05,0.99994767,1.29811515e-05,1.29811515e-05
ALL_core_cancer_type_top95,tabpfn_v3,v3,train,47,BRCA,HNSCC,0,2,0.2833419,4.7556936e-05,0.3050575,0.20473874,0.2068143
ALL_core_cancer_type_top95,tabpfn_v3,v3,train,882,BRCA,BRCA,0,0,0.9999419,1.2981076e-05,1.3621211e-05,1.6146632e-05,1.5302467e-05
ALL_core_cancer_type_top95,tabpfn_v3,v3,train,159,BRCA,BRCA,0,0,0.99994344,1.2981096e-05,1.3569284e-05,1.6341291e-05,1.36600775e-05
ALL_core_cancer_type_top95,tabpfn_v3,v3,train,48,BRCA,HNSCC,0,2,0.2833419,4.7556936e-05,0.3050575,0.20473874,0.2068143
ALL_core_cancer_type_top95,tabpfn_v3,v3,train,2715,LUAD,HNSCC,4,2,0.2833419,4.7556936e-05,0.3050575,0.20473874,0.2068143
ALL_core_cancer_type_top95,tabpfn_v3,v3,train,614,BRCA,BRCA,0,0,0.99994546,1.2981122e-05,1.3048435e-05,1.4684241e-05,1.3854665e-05
ALL_core_cancer_type_top95,tabpfn_v3,v3,train,2761,LUAD,LUAD,4,4,1.58269e-05,1.4242535e-05,1.3137608e-05,1.7933882e-05,0.99993885
ALL_core_cancer_type_top95,tabpfn_v3,v3,train,3225,LUAD,LUAD,4,4,1.8089697e-05,1.5401178e-05,1.35455975e-05,2.493768e-05,0.999928
ALL_core_cancer_type_top95,tabpfn_v3,v3,train,2181,LSCC,LSCC,3,3,1.5200211e-05,1.29810805e-05,1.3170223e-05,0.9999422,1.6450405e-05
ALL_core_cancer_type_top95,tabpfn_v3,v3,train,2983,LUAD,LUAD,4,4,1.7258564e-05,1.4211146e-05,1.4266851e-05,2.1347718e-05,0.99993294
ALL_core_cancer_type_top95,tabpfn_v3,v3,train,2944,LUAD,LUAD,4,4,2.542848e-05,1.5796048e-05,1.4092261e-05,2.5064426e-05,0.9999196
ALL_core_cancer_type_top95,tabpfn_v3,v3,train,2019,LSCC,HNSCC,3,2,0.2833419,4.7556936e-05,0.3050575,0.20473874,0.2068143
ALL_core_cancer_type_top95,tabpfn_v3,v3,train,1354,ESCA,ESCA,1,1,4.149145e-05,0.99971735,7.194617e-05,5.3865162e-05,0.000115380666
ALL_core_cancer_type_top95,tabpfn_v3,v3,train,2406,LSCC,LSCC,3,3,2.4808563e-05,1.9657784e-05,2.0254252e-05,0.9998841,5.1171413e-05
ALL_core_cancer_type_top95,tabpfn_v3,v3,train,825,BRCA,BRCA,0,0,0.9999433,1.2981095e-05,1.3297966e-05,1.5470076e-05,1.4889428e-05
ALL_core_cancer_type_top95,tabpfn_v3,v3,train,297,BRCA,BRCA,0,0,0.9999448,1.2981114e-05,1.3243754e-05,1.4774634e-05,1.4195603e-05
ALL_core_cancer_type_top95,tabpfn_v3,v3,train,2560,LSCC,LSCC,3,3,1.3838585e-05,1.298113e-05,1.298113e-05,0.999946,1.4214768e-05
ALL_core_cancer_type_top95,tabpfn_v3,v3,train,3182,LUAD,LUAD,4,4,1.6992983e-05,1.3342106e-05,1.3432954e-05,1.8297886e-05,0.99993795
ALL_core_cancer_type_top95,tabpfn_v3,v3,train,2992,LUAD,LUAD,4,4,1.9531259e-05,1.8087761e-05,1.4146096e-05,3.0221941e-05,0.999918
ALL_core_cancer_type_top95,tabpfn_v3,v3,train,983,BRCA,BRCA,0,0,0.99993455,1.2980982e-05,1.6251823e-05,1.8335228e-05,1.784802e-05
ALL_core_cancer_type_top95,tabpfn_v3,v3,train,3145,LUAD,LUAD,4,4,2.0056066e-05,1.48556255e-05,1.3583255e-05,2.3934614e-05,0.9999276
ALL_core_cancer_type_top95,tabpfn_v3,v3,train,728,BRCA,BRCA,0,0,0.9999435,1.2981097e-05,1.361658e-05,1.519619e-05,1.4700266e-05
ALL_core_cancer_type_top95,tabpfn_v3,v3,train,229,BRCA,BRCA,0,0,0.9999455,1.2981123e-05,1.29918735e-05,1.4570688e-05,1.3968853e-05
ALL_core_cancer_type_top95,tabpfn_v3,v3,train,1322,ESCA,ESCA,1,1,1.2983737e-05,0.9999398,1.3611751e-05,1.4567277e-05,1.9049578e-05
ALL_core_cancer_type_top95,tabpfn_v3,v3,train,824,BRCA,BRCA,0,0,0.99994457,1.29811115e-05,1.3021467e-05,1.490128e-05,1.4562946e-05
ALL_core_cancer_type_top95,tabpfn_v3,v3,train,19,BRCA,HNSCC,0,2,0.2833419,4.7556936e-05,0.3050575,0.20473874,0.2068143
ALL_core_cancer_type_top95,tabpfn_v3,v3,train,2901,LUAD,LUAD,4,4,1.644628e-05,1.3673695e-05,1.3235011e-05,1.8893541e-05,0.9999378
ALL_core_cancer_type_top95,tabpfn_v3,v3,train,215,BRCA,BRCA,0,0,0.9999455,1.2981123e-05,1.3124141e-05,1.4787694e-05,1.3595945e-05
ALL_core_cancer_type_top95,tabpfn_v3,v3,train,1308,ESCA,ESCA,1,1,1.4289669e-05,0.9999232,1.5252451e-05,1.7543012e-05,2.9700916e-05
ALL_core_cancer_type_top95,tabpfn_v3,v3,train,3173,LUAD,LUAD,4,4,1.7696024e-05,1.4508374e-05,1.3132078e-05,1.693671e-05,0.9999377
ALL_core_cancer_type_top95,tabpfn_v3,v3,train,1172,BRCA,BRCA,0,0,0.9999421,1.29810805e-05,1.3585596e-05,1.609305e-05,1.5175748e-05
ALL_core_cancer_type_top95,tabpfn_v3,v3,train,2743,LUAD,LUAD,4,4,1.9726836e-05,2.3680263e-05,1.5737267e-05,2.9541137e-05,0.9999113
ALL_core_cancer_type_top95,tabpfn_v3,v3,train,2428,LSCC,LSCC,3,3,1.5758616e-05,1.5867194e-05,1.833736e-05,0.99992216,2.7924563e-05
ALL_core_cancer_type_top95,tabpfn_v3,v3,train,1422,HNSCC,HNSCC,2,2,0.2833419,4.7556936e-05,0.3050575,0.20473874,0.2068143
ALL_core_cancer_type_top95,tabpfn_v3,v3,train,2851,LUAD,LUAD,4,4,1.6165957e-05,1.3939667e-05,1.3178328e-05,1.810794e-05,0.9999386
ALL_core_cancer_type_top95,tabpfn_v3,v3,train,1002,BRCA,BRCA,0,0,0.9999424,1.2981084e-05,1.3702852e-05,1.5436619e-05,1.544909e-05
ALL_core_cancer_type_top95,tabpfn_v3,v3,train,1902,HNSCC,HNSCC,2,2,1.3402639e-05,1.2981151e-05,0.9999476,1.2981151e-05,1.2981151e-05
ALL_core_cancer_type_top95,tabpfn_v3,v3,train,1218,ESCA,ESCA,1,1,1.3169671e-05,0.9999319,1.5377123e-05,1.6051501e-05,2.355378e-05
ALL_core_cancer_type_top95,tabpfn_v3,v3,train,2973,LUAD,LUAD,4,4,1.8060306e-05,1.6676453e-05,1.41668015e-05,2.5611129e-05,0.9999255
ALL_core_cancer_type_top95,tabpfn_v3,v3,train,1313,ESCA,ESCA,1,1,1.997922e-05,0.9998524,2.3854544e-05,4.3210763e-05,6.050284e-05
ALL_core_cancer_type_top95,tabpfn_v3,v3,train,2214,LSCC,LSCC,3,3,0.11256564,0.0017686912,0.12281087,0.5398815,0.22297332
ALL_core_cancer_type_top95,tabpfn_v3,v3,train,1929,HNSCC,HNSCC,2,2,1.3200206e-05,1.2981154e-05,0.99994785,1.2981154e-05,1.2981154e-05
ALL_core_cancer_type_top95,tabpfn_v3,v3,train,956,BRCA,BRCA,0,0,0.99994344,1.2981098e-05,1.3094335e-05,1.4931191e-05,1.5517648e-05
ALL_core_cancer_type_top95,tabpfn_v3,v3,train,2979,LUAD,LUAD,4,4,1.7888455e-05,1.4387943e-05,1.3925865e-05,2.1153577e-05,0.99993265
ALL_core_cancer_type_top95,tabpfn_v3,v3,train,2219,LSCC,LSCC,3,3,1.3750825e-05,1.2981135e-05,1.2981135e-05,0.9999464,1.3859607e-05
ALL_core_cancer_type_top95,tabpfn_v3,v3,train,2702,LUAD,HNSCC,4,2,0.2833419,4.7556936e-05,0.3050575,0.20473874,0.2068143
ALL_core_cancer_type_top95,tabpfn_v3,v3,train,607,BRCA,BRCA,0,0,0.9999463,1.2981135e-05,1.2981135e-05,1.4103486e-05,1.3609364e-05
ALL_core_cancer_type_top95,tabpfn_v3,v3,train,2197,LSCC,LSCC,3,3,1.4075998e-05,1.3024162e-05,1.2989177e-05,0.9999447,1.5218508e-05
ALL_core_cancer_type_top95,tabpfn_v3,v3,train,1265,ESCA,ESCA,1,1,1.298909e-05,0.999938,1.3928376e-05,1.512949e-05,1.994675e-05
ALL_core_cancer_type_top95,tabpfn_v3,v3,train,3117,LUAD,LUAD,4,4,1.9875932e-05,1.7272137e-05,1.5294729e-05,2.8513252e-05,0.99991906
ALL_core_cancer_type_top95,tabpfn_v3,v3,train,2213,LSCC,LSCC,3,3,1.3547842e-05,1.29811315e-05,1.29811315e-05,0.9999462,1.432774e-05
ALL_core_cancer_type_top95,tabpfn_v3,v3,train,1490,HNSCC,HNSCC,2,2,0.2833419,4.7556936e-05,0.3050575,0.20473874,0.2068143
ALL_core_cancer_type_top95,tabpfn_v3,v3,train,2870,LUAD,LUAD,4,4,1.7597758e-05,1.3518235e-05,1.3509796e-05,2.3795754e-05,0.9999316
ALL_core_cancer_type_top95,tabpfn_v3,v3,train,501,BRCA,BRCA,0,0,0.9998964,1.3350827e-05,3.639598e-05,2.351191e-05,3.0389467e-05
ALL_core_cancer_type_top95,tabpfn_v3,v3,train,2113,LSCC,HNSCC,3,2,0.2833419,4.7556936e-05,0.3050575,0.20473874,0.2068143
ALL_core_cancer_type_top95,tabpfn_v3,v3,train,664,BRCA,BRCA,0,0,0.99994504,1.2981117e-05,1.3213779e-05,1.4694173e-05,1.3948619e-05
ALL_core_cancer_type_top95,tabpfn_v3,v3,train,922,BRCA,BRCA,0,0,0.99994403,1.2981105e-05,1.3007997e-05,1.4949066e-05,1.5014689e-05
ALL_core_cancer_type_top95,tabpfn_v3,v3,train,2456,LSCC,LSCC,3,3,1.3960601e-05,1.29811215e-05,1.29811215e-05,0.9999454,1.4658761e-05
ALL_core_cancer_type_top95,tabpfn_v3,v3,train,2933,LUAD,LUAD,4,4,1.9988613e-05,2.6402717e-05,1.5946676e-05,2.995438e-05,0.99990773
ALL_core_cancer_type_top95,tabpfn_v3,v3,train,1264,ESCA,ESCA,1,1,5.0142142e-05,0.9995123,5.4331027e-05,0.0001617211,0.0002215024
ALL_core_cancer_type_top95,tabpfn_v3,v3,train,581,BRCA,BRCA,0,0,0.9999445,1.29811115e-05,1.3080827e-05,1.5407755e-05,1.4042263e-05
ALL_core_cancer_type_top95,tabpfn_v3,v3,train,1103,BRCA,BRCA,0,0,0.9999451,1.2981119e-05,1.321378e-05,1.4413439e-05,1.4223278e-05
ALL_core_cancer_type_top95,tabpfn_v3,v3,train,2740,LUAD,LUAD,4,4,1.6785336e-05,1.4811251e-05,1.30079125e-05,1.7777405e-05,0.9999376
ALL_core_cancer_type_top95,tabpfn_v3,v3,train,468,BRCA,BRCA,0,0,0.999943,1.29810915e-05,1.3331213e-05,1.552181e-05,1.5109962e-05
ALL_core_cancer_type_top95,tabpfn_v3,v3,train,1355,ESCA,ESCA,1,1,1.2983742e-05,0.9999401,1.3423657e-05,1.4549061e-05,1.8941688e-05
ALL_core_cancer_type_top95,tabpfn_v3,v3,train,1791,HNSCC,HNSCC,2,2,1.3419144e-05,1.3021505e-05,0.99994755,1.298115e-05,1.298115e-05
ALL_core_cancer_type_top95,tabpfn_v3,v3,train,1608,HNSCC,HNSCC,2,2,1.3126879e-05,1.315943e-05,0.9999475,1.298115e-05,1.3241063e-05
ALL_core_cancer_type_top95,tabpfn_v3,v3,train,41,BRCA,HNSCC,0,2,0.2833419,4.7556936e-05,0.3050575,0.20473874,0.2068143
ALL_core_cancer_type_top95,tabpfn_v3,v3,train,1350,ESCA,ESCA,1,1,1.5076079e-05,0.9999174,1.9378233e-05,1.945853e-05,2.8720282e-05
ALL_core_cancer_type_top95,tabpfn_v3,v3,train,2357,LSCC,LSCC,3,3,1.4714141e-05,1.2981099e-05,1.304032e-05,0.9999436,1.5691932e-05
ALL_core_cancer_type_top95,tabpfn_v3,v3,train,610,BRCA,BRCA,0,0,0.9999401,1.3268254e-05,1.474025e-05,1.5491598e-05,1.6383965e-05
ALL_core_cancer_type_top95,tabpfn_v3,v3,train,1584,HNSCC,HNSCC,2,2,9.0344955e-05,4.270952e-05,0.9997246,8.7851484e-05,5.4503835e-05
ALL_core_cancer_type_top95,tabpfn_v3,v3,train,2190,LSCC,LSCC,3,3,1.6256925e-05,1.2981044e-05,1.3549315e-05,0.99993926,1.7921828e-05
ALL_core_cancer_type_top95,tabpfn_v3,v3,train,2255,LSCC,LSCC,3,3,1.4400643e-05,1.298109e-05,1.3051097e-05,0.99994284,1.6756594e-05
ALL_core_cancer_type_top95,tabpfn_v3,v3,train,2787,LUAD,LUAD,4,4,0.15869261,0.00092403305,0.16886841,0.26568168,0.40583324
ALL_core_cancer_type_top95,tabpfn_v3,v3,train,3101,LUAD,LUAD,4,4,1.5923426e-05,1.750739e-05,1.3881976e-05,2.6887166e-05,0.9999258
ALL_core_cancer_type_top95,tabpfn_v3,v3,train,651,BRCA,BRCA,0,0,0.9999315,1.4819795e-05,1.738911e-05,1.78845e-05,1.834924e-05
ALL_core_cancer_type_top95,tabpfn_v3,v3,train,1715,HNSCC,HNSCC,2,2,1.630885e-05,1.5185204e-05,0.9999401,1.4415451e-05,1.3996545e-05
ALL_core_cancer_type_top95,tabpfn_v3,v3,train,2925,LUAD,LUAD,4,4,1.8021292e-05,1.3290078e-05,1.317015e-05,1.8617797e-05,0.9999369
ALL_core_cancer_type_top95,tabpfn_v3,v3,train,366,BRCA,BRCA,0,0,0.99994373,1.29811e-05,1.3503154e-05,1.4844567e-05,1.4887691e-05
ALL_core_cancer_type_top95,tabpfn_v3,v3,train,1878,HNSCC,HNSCC,2,2,1.563544e-05,1.3232844e-05,0.9999443,1.3584612e-05,1.3235568e-05
ALL_core_cancer_type_top95,tabpfn_v3,v3,train,963,BRCA,BRCA,0,0,0.9999442,1.2981107e-05,1.3246436e-05,1.486226e-05,1.469722e-05
ALL_core_cancer_type_top95,tabpfn_v3,v3,train,2314,LSCC,LSCC,3,3,1.5302754e-05,1.3029501e-05,1.3272541e-05,0.99994105,1.7360668e-05
ALL_core_cancer_type_top95,tabpfn_v3,v3,train,464,BRCA,BRCA,0,0,0.99993855,1.3515553e-05,1.6191134e-05,1.5450969e-05,1.6260612e-05
ALL_core_cancer_type_top95,tabpfn_v3,v3,train,2735,LUAD,LUAD,4,4,2.0609112e-05,1.7471295e-05,1.3458624e-05,2.497127e-05,0.99992347
ALL_core_cancer_type_top95,tabpfn_v3,v3,train,2820,LUAD,LUAD,4,4,1.6622436e-05,1.6781023e-05,1.3404345e-05,2.3408687e-05,0.9999298
ALL_core_cancer_type_top95,tabpfn_v3,v3,train,2621,LUAD,HNSCC,4,2,0.2833419,4.7556936e-05,0.3050575,0.20473874,0.2068143
ALL_core_cancer_type_top95,tabpfn_v3,v3,train,1510,HNSCC,HNSCC,2,2,1.472866e-05,1.3875085e-05,0.9999442,1.358763e-05,1.3570993e-05
ALL_core_cancer_type_top95,tabpfn_v3,v3,train,944,BRCA,BRCA,0,0,0.9999443,1.2981109e-05,1.319448e-05,1.49887055e-05,1.4570894e-05
ALL_core_cancer_type_top95,tabpfn_v3,v3,train,1331,ESCA,ESCA,1,1,1.2981082e-05,0.9999423,1.3294647e-05,1.4573291e-05,1.6887549e-05
ALL_core_cancer_type_top95,tabpfn_v3,v3,train,494,BRCA,BRCA,0,0,0.9999448,1.2981114e-05,1.3546081e-05,1.4745472e-05,1.3946462e-05
ALL_core_cancer_type_top95,tabpfn_v3,v3,train,2042,LSCC,HNSCC,3,2,0.2833419,4.7556936e-05,0.3050575,0.20473874,0.2068143
ALL_core_cancer_type_top95,tabpfn_v3,v3,train,2986,LUAD,LUAD,4,4,1.9352668e-05,1.5568316e-05,1.3663364e-05,2.1742231e-05,0.99992967
ALL_core_cancer_type_top95,tabpfn_v3,v3,train,2753,LUAD,LUAD,4,4,1.6511493e-05,1.7809847e-05,1.3670673e-05,2.4535026e-05,0.99992746
ALL_core_cancer_type_top95,tabpfn_v3,v3,train,2971,LUAD,LUAD,4,4,6.70776e-05,3.8831615e-05,4.1730225e-05,0.00010719746,0.9997452
ALL_core_cancer_type_top95,tabpfn_v3,v3,train,2562,LSCC,LSCC,3,3,1.569285e-05,1.2981006e-05,1.3473645e-05,0.9999364,2.1479864e-05
ALL_core_cancer_type_top95,tabpfn_v3,v3,train,1749,HNSCC,HNSCC,2,2,1.3948584e-05,1.3715593e-05,0.9999451,1.3709057e-05,1.3559642e-05
ALL_core_cancer_type_top95,tabpfn_v3,v3,train,2086,LSCC,HNSCC,3,2,0.2833419,4.7556936e-05,0.3050575,0.20473874,0.2068143
ALL_core_cancer_type_top95,tabpfn_v3,v3,train,3050,LUAD,LUAD,4,4,1.8795106e-05,1.4559015e-05,1.4255644e-05,2.6036745e-05,0.9999264
ALL_core_cancer_type_top95,tabpfn_v3,v3,train,45,BRCA,HNSCC,0,2,0.2833419,4.7556936e-05,0.3050575,0.20473874,0.2068143
ALL_core_cancer_type_top95,tabpfn_v3,v3,train,2465,LSCC,LSCC,3,3,1.35625405e-05,1.2981118e-05,1.2981118e-05,0.99994504,1.5441856e-05
ALL_core_cancer_type_top95,tabpfn_v3,v3,train,17,BRCA,HNSCC,0,2,0.2833419,4.7556936e-05,0.3050575,0.20473874,0.2068143
ALL_core_cancer_type_top95,tabpfn_v3,v3,train,2131,LSCC,LSCC,3,3,1.50511005e-05,1.2981077e-05,1.3080794e-05,0.99994195,1.6921498e-05
ALL_core_cancer_type_top95,tabpfn_v3,v3,train,518,BRCA,BRCA,0,0,0.9999442,1.2981107e-05,1.3391601e-05,1.5261736e-05,1.41235805e-05
ALL_core_cancer_type_top95,tabpfn_v3,v3,train,591,BRCA,BRCA,0,0,0.9999389,1.3726662e-05,1.5226272e-05,1.6130616e-05,1.6046883e-05
ALL_core_cancer_type_top95,tabpfn_v3,v3,train,2985,LUAD,LUAD,4,4,4.5673605e-05,2.6808919e-05,4.2563377e-05,7.299663e-05,0.99981195
ALL_core_cancer_type_top95,tabpfn_v3,v3,train,212,BRCA,BRCA,0,0,0.99993783,1.2981023e-05,1.4342189e-05,1.992684e-05,1.4927176e-05
ALL_core_cancer_type_top95,tabpfn_v3,v3,train,3074,LUAD,LUAD,4,4,1.6422642e-05,1.4773571e-05,1.3185921e-05,1.9528366e-05,0.9999361
ALL_core_cancer_type_top95,tabpfn_v3,v3,train,3020,LUAD,LUAD,4,4,1.7540035e-05,1.3640233e-05,1.4122513e-05,2.1757789e-05,0.99993294
ALL_core_cancer_type_top95,tabpfn_v3,v3,train,2032,LSCC,HNSCC,3,2,0.2833419,4.7556936e-05,0.3050575,0.20473874,0.2068143
ALL_core_cancer_type_top95,tabpfn_v3,v3,train,2052,LSCC,HNSCC,3,2,0.2833419,4.7556936e-05,0.3050575,0.20473874,0.2068143
ALL_core_cancer_type_top95,tabpfn_v3,v3,train,807,BRCA,BRCA,0,0,0.9999449,1.2981115e-05,1.3061922e-05,1.5078835e-05,1.3964726e-05
ALL_core_cancer_type_top95,tabpfn_v3,v3,train,3138,LUAD,LUAD,4,4,1.5936708e-05,1.5474428e-05,1.3545924e-05,2.0473817e-05,0.99993455
ALL_core_cancer_type_top95,tabpfn_v3,v3,train,1965,HNSCC,HNSCC,2,2,1.3536487e-05,1.371561e-05,0.99994665,1.3024186e-05,1.3029574e-05
ALL_core_cancer_type_top95,tabpfn_v3,v3,train,2591,LSCC,LSCC,3,3,3.4817876e-05,2.0945434e-05,2.0737256e-05,0.99987316,5.0386967e-05
ALL_core_cancer_type_top95,tabpfn_v3,v3,train,784,BRCA,BRCA,0,0,0.9999357,1.32101895e-05,1.5321828e-05,1.8059241e-05,1.7709763e-05
ALL_core_cancer_type_top95,tabpfn_v3,v3,train,1970,HNSCC,HNSCC,2,2,2.0943375e-05,4.9364313e-05,0.99988407,2.5971247e-05,1.959569e-05
ALL_core_cancer_type_top95,tabpfn_v3,v3,train,191,BRCA,BRCA,0,0,0.99994075,1.2981062e-05,1.4271218e-05,1.653296e-05,1.5468722e-05
ALL_core_cancer_type_top95,tabpfn_v3,v3,train,811,BRCA,BRCA,0,0,0.99994403,1.2981105e-05,1.3298187e-05,1.543664e-05,1.425806e-05
ALL_core_cancer_type_top95,tabpfn_v3,v3,train,2698,LUAD,HNSCC,4,2,0.2833419,4.7556936e-05,0.3050575,0.20473874,0.2068143
ALL_core_cancer_type_top95,tabpfn_v3,v3,train,1586,HNSCC,HNSCC,2,2,1.3463222e-05,1.29919e-05,0.99994755,1.298115e-05,1.298115e-05
ALL_core_cancer_type_top95,tabpfn_v3,v3,train,1867,HNSCC,HNSCC,2,2,2.0078376e-05,1.3804215e-05,0.99993527,1.5113444e-05,1.572323e-05
ALL_core_cancer_type_top95,tabpfn_v3,v3,train,1228,ESCA,ESCA,1,1,1.3186174e-05,0.99993306,1.546839e-05,1.55125e-05,2.2787086e-05
ALL_core_cancer_type_top95,tabpfn_v3,v3,train,1928,HNSCC,HNSCC,2,2,1.3202927e-05,1.3105213e-05,0.9999477,1.2981152e-05,1.2981152e-05
ALL_core_cancer_type_top95,tabpfn_v3,v3,train,50,BRCA,HNSCC,0,2,0.2833419,4.7556936e-05,0.3050575,0.20473874,0.2068143
ALL_core_cancer_type_top95,tabpfn_v3,v3,train,1781,HNSCC,HNSCC,2,2,1.3855477e-05,1.3526733e-05,0.99994665,1.2981139e-05,1.2981139e-05
ALL_core_cancer_type_top95,tabpfn_v3,v3,train,2493,LSCC,LSCC,3,3,1.5611462e-05,1.5036316e-05,1.8473505e-05,0.9999205,3.0434276e-05
ALL_core_cancer_type_top95,tabpfn_v3,v3,train,667,BRCA,BRCA,0,0,0.9999457,1.2981127e-05,1.3024175e-05,1.4368674e-05,1.3902302e-05
ALL_core_cancer_type_top95,tabpfn_v3,v3,train,1530,HNSCC,HNSCC,2,2,1.30511635e-05,1.2981155e-05,0.9999479,1.3024203e-05,1.2981155e-05
ALL_core_cancer_type_top95,tabpfn_v3,v3,train,1559,HNSCC,HNSCC,2,2,1.3213817e-05,1.2981154e-05,0.99994785,1.2981154e-05,1.2981154e-05
ALL_core_cancer_type_top95,tabpfn_v3,v3,train,2835,LUAD,LUAD,4,4,0.00019944092,7.8386984e-05,7.1300645e-05,0.00019273949,0.99945813
ALL_core_cancer_type_top95,tabpfn_v3,v3,train,993,BRCA,BRCA,0,0,0.999944,1.2981103e-05,1.311058e-05,1.5209991e-05,1.4698035e-05
ALL_core_cancer_type_top95,tabpfn_v3,v3,train,1604,HNSCC,HNSCC,2,2,1.3432898e-05,1.34808015e-05,0.9999468,1.299189e-05,1.3290207e-05
ALL_core_cancer_type_top95,tabpfn_v3,v3,train,299,BRCA,BRCA,0,0,0.9999439,1.2981103e-05,1.37318075e-05,1.4944925e-05,1.4444602e-05
ALL_core_cancer_type_top95,tabpfn_v3,v3,train,739,BRCA,BRCA,0,0,0.99994373,1.29811015e-05,1.3105162e-05,1.571421e-05,1.4410185e-05
ALL_core_cancer_type_top95,tabpfn_v3,v3,train,2622,LUAD,HNSCC,4,2,0.2833419,4.7556936e-05,0.3050575,0.20473874,0.2068143
ALL_core_cancer_type_top95,tabpfn_v3,v3,train,1215,ESCA,ESCA,1,1,1.2981015e-05,0.9999372,1.39625945e-05,1.3971606e-05,2.1927633e-05
ALL_core_cancer_type_top95,tabpfn_v3,v3,train,1599,HNSCC,HNSCC,2,2,1.3383402e-05,1.29811515e-05,0.99994767,1.29811515e-05,1.29811515e-05
ALL_core_cancer_type_top95,tabpfn_v3,v3,train,1622,HNSCC,HNSCC,2,2,1.31784445e-05,1.341639e-05,0.9999474,1.2981148e-05,1.2981148e-05
ALL_core_cancer_type_top95,tabpfn_v3,v3,train,1441,HNSCC,HNSCC,2,2,0.2833419,4.7556936e-05,0.3050575,0.20473874,0.2068143
ALL_core_cancer_type_top95,tabpfn_v3,v3,train,926,BRCA,BRCA,0,0,0.99993485,1.2980986e-05,1.6630176e-05,1.6675926e-05,1.8858182e-05
ALL_core_cancer_type_top95,tabpfn_v3,v3,train,1628,HNSCC,HNSCC,2,2,1.3691626e-05,1.4520654e-05,0.9999452,1.3259058e-05,1.3351715e-05
ALL_core_cancer_type_top95,tabpfn_v3,v3,train,1879,HNSCC,HNSCC,2,2,1.33340145e-05,1.301612e-05,0.99994767,1.29811515e-05,1.29811515e-05
ALL_core_cancer_type_top95,tabpfn_v3,v3,train,452,BRCA,BRCA,0,0,0.999943,1.2981092e-05,1.3490447e-05,1.50189935e-05,1.5508998e-05
ALL_core_cancer_type_top95,tabpfn_v3,v3,train,1090,BRCA,BRCA,0,0,0.99994385,1.2981101e-05,1.3129432e-05,1.4962277e-05,1.5085549e-05
ALL_core_cancer_type_top95,tabpfn_v3,v3,train,2929,LUAD,LUAD,4,4,1.4662789e-05,1.3838587e-05,1.2981076e-05,1.67137e-05,0.9999418
ALL_core_cancer_type_top95,tabpfn_v3,v3,train,1153,BRCA,BRCA,0,0,0.99994403,1.2981105e-05,1.3249203e-05,1.5259086e-05,1.4482878e-05
ALL_core_cancer_type_top95,tabpfn_v3,v3,train,2895,LUAD,LUAD,4,4,1.7225193e-05,1.3281851e-05,1.3737128e-05,2.0516676e-05,0.9999352
ALL_core_cancer_type_top95,tabpfn_v3,v3,train,2817,LUAD,LUAD,4,4,1.623062e-05,1.4686881e-05,1.3056428e-05,1.8379047e-05,0.99993765
ALL_core_cancer_type_top95,tabpfn_v3,v3,train,529,BRCA,BRCA,0,0,0.9999452,1.298112e-05,1.3181135e-05,1.4645864e-05,1.3971182e-05
ALL_core_cancer_type_top95,tabpfn_v3,v3,train,1117,BRCA,BRCA,0,0,0.9999453,1.298112e-05,1.298112e-05,1.4445846e-05,1.4303781e-05
ALL_core_cancer_type_top95,tabpfn_v3,v3,train,2017,HNSCC,HNSCC,2,2,2.1466585e-05,2.0470068e-05,0.9999217,1.9606798e-05,1.6764749e-05
ALL_core_cancer_type_top95,tabpfn_v3,v3,train,329,BRCA,BRCA,0,0,0.999944,1.2981103e-05,1.3339447e-05,1.531417e-05,1.4382921e-05
ALL_core_cancer_type_top95,tabpfn_v3,v3,train,761,BRCA,BRCA,0,0,0.99994576,1.2981127e-05,1.3284727e-05,1.4222402e-05,1.3726582e-05
ALL_core_cancer_type_top95,tabpfn_v3,v3,train,1223,ESCA,ESCA,1,1,1.4759658e-05,0.99992305,1.564057e-05,1.8576895e-05,2.7985761e-05
ALL_core_cancer_type_top95,tabpfn_v3,v3,train,1990,HNSCC,HNSCC,2,2,1.4192209e-05,1.4600474e-05,0.999944,1.3247946e-05,1.40243055e-05
ALL_core_cancer_type_top95,tabpfn_v3,v3,train,1005,BRCA,BRCA,0,0,0.9999449,1.2981116e-05,1.31458255e-05,1.4830118e-05,1.41158325e-05
ALL_core_cancer_type_top95,tabpfn_v3,v3,train,2036,LSCC,HNSCC,3,2,0.2833419,4.7556936e-05,0.3050575,0.20473874,0.2068143
ALL_core_cancer_type_top95,tabpfn_v3,v3,train,3088,LUAD,LUAD,4,4,2.2456721e-05,1.5489413e-05,1.4193553e-05,2.6443502e-05,0.99992144
ALL_core_cancer_type_top95,tabpfn_v3,v3,train,3002,LUAD,LUAD,4,4,1.9361902e-05,1.558708e-05,1.3667995e-05,2.2190494e-05,0.9999292
ALL_core_cancer_type_top95,tabpfn_v3,v3,train,1326,ESCA,ESCA,1,1,1.3251217e-05,0.9999375,1.3942201e-05,1.4744416e-05,2.0621783e-05
ALL_core_cancer_type_top95,tabpfn_v3,v3,train,2880,LUAD,LUAD,4,4,2.1511889e-05,1.6585283e-05,1.5344904e-05,2.728349e-05,0.9999193
ALL_core_cancer_type_top95,tabpfn_v3,v3,train,781,BRCA,BRCA,0,0,0.9999454,1.29811215e-05,1.3452607e-05,1.4023394e-05,1.4110328e-05
ALL_core_cancer_type_top95,tabpfn_v3,v3,train,2347,LSCC,LSCC,3,3,1.4817093e-05,1.3032208e-05,1.3205097e-05,0.99994195,1.702914e-05
ALL_core_cancer_type_top95,tabpfn_v3,v3,train,2565,LSCC,LSCC,3,3,1.5081416e-05,1.4316438e-05,1.6170972e-05,0.99992746,2.691313e-05
ALL_core_cancer_type_top95,tabpfn_v3,v3,train,26,BRCA,HNSCC,0,2,0.2833419,4.7556936e-05,0.3050575,0.20473874,0.2068143
ALL_core_cancer_type_top95,tabpfn_v3,v3,train,1952,HNSCC,HNSCC,2,2,2.2753387e-05,1.4144868e-05,0.9999301,1.6039066e-05,1.699148e-05
ALL_core_cancer_type_top95,tabpfn_v3,v3,train,2717,LUAD,HNSCC,4,2,0.2833419,4.7556936e-05,0.3050575,0.20473874,0.2068143
ALL_core_cancer_type_top95,tabpfn_v3,v3,train,1642,HNSCC,HNSCC,2,2,0.00014362013,6.365774e-05,0.9994501,0.00019065893,0.00015195656
ALL_core_cancer_type_top95,tabpfn_v3,v3,val,1802,HNSCC,HNSCC,2,2,1.3593222e-05,1.3287477e-05,0.99994713,1.2981145e-05,1.3016113e-05
ALL_core_cancer_type_top95,tabpfn_v3,v3,val,1795,HNSCC,HNSCC,2,2,1.3183887e-05,1.2981153e-05,0.99994785,1.2981153e-05,1.2981153e-05
ALL_core_cancer_type_top95,tabpfn_v3,v3,val,1166,BRCA,BRCA,0,0,0.99994135,1.298107e-05,1.3609975e-05,1.6572301e-05,1.5515569e-05
ALL_core_cancer_type_top95,tabpfn_v3,v3,val,2251,LSCC,LSCC,3,3,1.7590342e-05,1.3478399e-05,1.3986391e-05,0.999936,1.8982562e-05
ALL_core_cancer_type_top95,tabpfn_v3,v3,val,855,BRCA,BRCA,0,0,0.9999455,1.2981124e-05,1.3072734e-05,1.4604498e-05,1.3823505e-05
ALL_core_cancer_type_top95,tabpfn_v3,v3,val,1170,BRCA,BRCA,0,0,0.9999436,1.2981099e-05,1.3191989e-05,1.5735395e-05,1.4462297e-05
ALL_core_cancer_type_top95,tabpfn_v3,v3,val,377,BRCA,BRCA,0,0,0.9999419,1.2981076e-05,1.3719993e-05,1.5488356e-05,1.5926129e-05
ALL_core_cancer_type_top95,tabpfn_v3,v3,val,1428,HNSCC,HNSCC,2,2,0.28325975,4.7528614e-05,0.30504468,0.20480251,0.20684555
ALL_core_cancer_type_top95,tabpfn_v3,v3,val,1537,HNSCC,HNSCC,2,2,3.6432444e-05,3.3590728e-05,0.99987894,2.8349694e-05,2.2623248e-05
ALL_core_cancer_type_top95,tabpfn_v3,v3,val,1198,BRCA,BRCA,0,0,0.99990594,1.3271551e-05,3.170957e-05,2.1159303e-05,2.7925726e-05
ALL_core_cancer_type_top95,tabpfn_v3,v3,val,479,BRCA,BRCA,0,0,0.9999443,1.2981108e-05,1.3070015e-05,1.5074519e-05,1.4566812e-05
ALL_core_cancer_type_top95,tabpfn_v3,v3,val,1280,ESCA,ESCA,1,1,2.9294684e-05,0.9997818,3.2630134e-05,5.9222966e-05,9.709607e-05
ALL_core_cancer_type_top95,tabpfn_v3,v3,val,1506,HNSCC,HNSCC,2,2,1.36515555e-05,1.3498445e-05,0.9999469,1.298114e-05,1.298114e-05
ALL_core_cancer_type_top95,tabpfn_v3,v3,val,2804,LUAD,LUAD,4,4,1.7396926e-05,1.3698718e-05,1.3452009e-05,2.13743e-05,0.9999341
ALL_core_cancer_type_top95,tabpfn_v3,v3,val,2937,LUAD,LUAD,4,4,2.0844682e-05,2.468807e-05,1.8682276e-05,3.507309e-05,0.9999007
ALL_core_cancer_type_top95,tabpfn_v3,v3,val,2089,LSCC,HNSCC,3,2,0.28325975,4.7528614e-05,0.30504468,0.20480251,0.20684555
ALL_core_cancer_type_top95,tabpfn_v3,v3,val,812,BRCA,BRCA,0,0,0.99994355,1.2981098e-05,1.3194709e-05,1.5110098e-05,1.5166805e-05
ALL_core_cancer_type_top95,tabpfn_v3,v3,val,685,BRCA,BRCA,0,0,0.9999366,1.2981007e-05,1.43068755e-05,1.7197985e-05,1.8954206e-05
ALL_core_cancer_type_top95,tabpfn_v3,v3,val,157,BRCA,BRCA,0,0,0.9999446,1.2981112e-05,1.3383362e-05,1.4968549e-05,1.4033681e-05
ALL_core_cancer_type_top95,tabpfn_v3,v3,val,2389,LSCC,LSCC,3,3,1.4307192e-05,1.2981101e-05,1.2999919e-05,0.99994373,1.5975034e-05
ALL_core_cancer_type_top95,tabpfn_v3,v3,val,925,BRCA,BRCA,0,0,0.99991953,1.335662e-05,2.8182947e-05,1.728876e-05,2.1638329e-05
ALL_core_cancer_type_top95,tabpfn_v3,v3,val,1342,ESCA,ESCA,1,1,2.7090544e-05,0.999779,2.9154839e-05,7.733687e-05,8.744407e-05
ALL_core_cancer_type_top95,tabpfn_v3,v3,val,477,BRCA,BRCA,0,0,0.9999457,1.2981127e-05,1.31512625e-05,1.4563954e-05,1.35659575e-05
ALL_core_cancer_type_top95,tabpfn_v3,v3,val,2501,LSCC,LSCC,3,3,1.5592565e-05,1.29810705e-05,1.3024119e-05,0.99994147,1.6957667e-05
ALL_core_cancer_type_top95,tabpfn_v3,v3,val,1177,BRCA,BRCA,0,0,0.999946,1.298113e-05,1.3107898e-05,1.4245676e-05,1.3658957e-05
ALL_core_cancer_type_top95,tabpfn_v3,v3,val,602,BRCA,BRCA,0,0,0.99994415,1.2981106e-05,1.3067313e-05,1.5447897e-05,1.4342365e-05
ALL_core_cancer_type_top95,tabpfn_v3,v3,val,2388,LSCC,LSCC,3,3,1.4011526e-05,1.29811e-05,1.3088926e-05,0.99994355,1.6420896e-05
ALL_core_cancer_type_top95,tabpfn_v3,v3,val,1134,BRCA,BRCA,0,0,0.9999453,1.298112e-05,1.3026862e-05,1.46324455e-05,1.4053904e-05
ALL_core_cancer_type_top95,tabpfn_v3,v3,val,1782,HNSCC,HNSCC,2,2,2.0182088e-05,1.4889323e-05,0.99993515,1.4469115e-05,1.5314119e-05
ALL_core_cancer_type_top95,tabpfn_v3,v3,val,192,BRCA,BRCA,0,0,0.99994314,1.2981092e-05,1.3267165e-05,1.5339567e-05,1.52299e-05
ALL_core_cancer_type_top95,tabpfn_v3,v3,val,1443,HNSCC,HNSCC,2,2,0.28325975,4.7528614e-05,0.30504468,0.20480251,0.20684555
ALL_core_cancer_type_top95,tabpfn_v3,v3,val,1883,HNSCC,HNSCC,2,2,1.3040375e-05,1.2983844e-05,0.99994797,1.2983844e-05,1.2981155e-05
ALL_core_cancer_type_top95,tabpfn_v3,v3,val,2143,LSCC,LSCC,3,3,1.4760536e-05,1.3251917e-05,1.3248175e-05,0.9999431,1.5658392e-05
ALL_core_cancer_type_top95,tabpfn_v3,v3,val,169,BRCA,BRCA,0,0,0.9999439,1.2981103e-05,1.3202877e-05,1.5813126e-05,1.4088576e-05
ALL_core_cancer_type_top95,tabpfn_v3,v3,val,100,BRCA,HNSCC,0,2,0.28325975,4.7528614e-05,0.30504468,0.20480251,0.20684555
ALL_core_cancer_type_top95,tabpfn_v3,v3,val,445,BRCA,BRCA,0,0,0.9999453,1.2981121e-05,1.3148545e-05,1.4755512e-05,1.3798583e-05
ALL_core_cancer_type_top95,tabpfn_v3,v3,val,2831,LUAD,LUAD,4,4,2.5423287e-05,4.328741e-05,2.0748446e-05,4.5313787e-05,0.99986523
ALL_core_cancer_type_top95,tabpfn_v3,v3,val,548,BRCA,BRCA,0,0,0.9999279,1.5406145e-05,2.1570164e-05,1.7906641e-05,1.7312022e-05
ALL_core_cancer_type_top95,tabpfn_v3,v3,val,2253,LSCC,LSCC,3,3,1.4368521e-05,1.298109e-05,1.3051097e-05,0.9999428,1.6792534e-05
ALL_core_cancer_type_top95,tabpfn_v3,v3,val,2422,LSCC,LSCC,3,3,1.541647e-05,1.3342149e-05,1.3339405e-05,0.99994093,1.6979706e-05
ALL_core_cancer_type_top95,tabpfn_v3,v3,val,711,BRCA,BRCA,0,0,0.999944,1.2981104e-05,1.3319181e-05,1.532794e-05,1.4411341e-05
ALL_core_cancer_type_top95,tabpfn_v3,v3,val,2527,LSCC,LSCC,3,3,1.5979682e-05,1.2981028e-05,1.3621846e-05,0.9999382,1.924895e-05
ALL_core_cancer_type_top95,tabpfn_v3,v3,val,857,BRCA,BRCA,0,0,0.999946,1.298113e-05,1.3118731e-05,1.4342577e-05,1.3529765e-05
ALL_core_cancer_type_top95,tabpfn_v3,v3,val,2845,LUAD,LUAD,4,4,1.8603567e-05,1.8178773e-05,1.3897475e-05,2.3540953e-05,0.9999258
ALL_core_cancer_type_top95,tabpfn_v3,v3,val,2098,LSCC,HNSCC,3,2,0.28325975,4.7528614e-05,0.30504468,0.20480251,0.20684555
ALL_core_cancer_type_top95,tabpfn_v3,v3,val,968,BRCA,BRCA,0,0,0.9999442,1.2981107e-05,1.3205602e-05,1.5095609e-05,1.4489635e-05
ALL_core_cancer_type_top95,tabpfn_v3,v3,val,1708,HNSCC,HNSCC,2,2,1.4918674e-05,1.6346523e-05,0.9999412,1.4200215e-05,1.3354362e-05
ALL_core_cancer_type_top95,tabpfn_v3,v3,val,1854,HNSCC,HNSCC,2,2,5.4206306e-05,4.913166e-05,0.99974793,7.596121e-05,7.276376e-05
ALL_core_cancer_type_top95,tabpfn_v3,v3,val,1908,HNSCC,HNSCC,2,2,1.3213816e-05,1.3029589e-05,0.9999478,1.2981153e-05,1.3018815e-05
ALL_core_cancer_type_top95,tabpfn_v3,v3,val,1869,HNSCC,HNSCC,2,2,3.190594e-05,2.692543e-05,0.9998588,3.4799923e-05,4.7554266e-05
ALL_core_cancer_type_top95,tabpfn_v3,v3,val,133,BRCA,BRCA,0,0,0.9999453,1.298112e-05,1.3226876e-05,1.4637502e-05,1.3857227e-05
ALL_core_cancer_type_top95,tabpfn_v3,v3,val,2522,LSCC,LSCC,3,3,1.3925899e-05,1.2994501e-05,1.379696e-05,0.9999406,1.8705441e-05
ALL_core_cancer_type_top95,tabpfn_v3,v3,val,2665,LUAD,HNSCC,4,2,0.28325975,4.7528614e-05,0.30504468,0.20480251,0.20684555
ALL_core_cancer_type_top95,tabpfn_v3,v3,val,3210,LUAD,LUAD,4,4,1.6740027e-05,1.4080712e-05,1.3763987e-05,2.0515063e-05,0.9999349
ALL_core_cancer_type_top95,tabpfn_v3,v3,val,539,BRCA,BRCA,0,0,0.99994594,1.2981129e-05,1.30619355e-05,1.44555e-05,1.3554698e-05
ALL_core_cancer_type_top95,tabpfn_v3,v3,val,2064,LSCC,HNSCC,3,2,0.28325975,4.7528614e-05,0.30504468,0.20480251,0.20684555
ALL_core_cancer_type_top95,tabpfn_v3,v3,val,1881,HNSCC,HNSCC,2,2,1.3951019e-05,1.4684103e-05,0.9999454,1.2981122e-05,1.2981122e-05
ALL_core_cancer_type_top95,tabpfn_v3,v3,val,2437,LSCC,LSCC,3,3,2.7840018e-05,2.6183316e-05,4.2803815e-05,0.99981445,8.872731e-05
ALL_core_cancer_type_top95,tabpfn_v3,v3,val,365,BRCA,BRCA,0,0,0.99994266,1.2981088e-05,1.39154245e-05,1.622955e-05,1.4251459e-05
ALL_core_cancer_type_top95,tabpfn_v3,v3,val,239,BRCA,BRCA,0,0,0.9999449,1.2981116e-05,1.32874475e-05,1.4637255e-05,1.4140285e-05
ALL_core_cancer_type_top95,tabpfn_v3,v3,val,506,BRCA,BRCA,0,0,0.99994516,1.298112e-05,1.3211059e-05,1.4587034e-05,1.3990462e-05
ALL_core_cancer_type_top95,tabpfn_v3,v3,val,915,BRCA,BRCA,0,0,0.9999416,1.2981073e-05,1.3852796e-05,1.5463842e-05,1.6159023e-05
ALL_core_cancer_type_top95,tabpfn_v3,v3,val,2685,LUAD,HNSCC,4,2,0.28325975,4.7528614e-05,0.30504468,0.20480251,0.20684555
ALL_core_cancer_type_top95,tabpfn_v3,v3,val,534,BRCA,BRCA,0,0,0.9999447,1.2981113e-05,1.3029549e-05,1.5171422e-05,1.4063988e-05
ALL_core_cancer_type_top95,tabpfn_v3,v3,val,2130,LSCC,LSCC,3,3,1.7640506e-05,1.3232704e-05,1.4110568e-05,0.9999336,2.141363e-05
ALL_core_cancer_type_top95,tabpfn_v3,v3,val,204,BRCA,BRCA,0,0,0.9999428,1.2981088e-05,1.3305163e-05,1.5307254e-05,1.5615928e-05
ALL_core_cancer_type_top95,tabpfn_v3,v3,val,3091,LUAD,LUAD,4,4,1.7125247e-05,1.5156017e-05,1.329548e-05,2.2286304e-05,0.9999321
ALL_core_cancer_type_top95,tabpfn_v3,v3,val,2423,LSCC,LSCC,3,3,1.4308751e-05,1.2981096e-05,1.2981096e-05,0.9999434,1.63425e-05
ALL_core_cancer_type_top95,tabpfn_v3,v3,val,527,BRCA,BRCA,0,0,0.9999462,1.2981133e-05,1.3072743e-05,1.444309e-05,1.33480935e-05
ALL_core_cancer_type_top95,tabpfn_v3,v3,val,901,BRCA,BRCA,0,0,0.9999431,1.29810915e-05,1.3589331e-05,1.5222362e-05,1.5148812e-05
ALL_core_cancer_type_top95,tabpfn_v3,v3,val,2830,LUAD,LUAD,4,4,3.6211593e-05,3.414819e-05,2.5066684e-05,6.931832e-05,0.99983525
ALL_core_cancer_type_top95,tabpfn_v3,v3,val,1701,HNSCC,HNSCC,2,2,1.3243788e-05,1.3216236e-05,0.99994725,1.2981146e-05,1.3276546e-05
ALL_core_cancer_type_top95,tabpfn_v3,v3,val,1547,HNSCC,HNSCC,2,2,1.3571033e-05,1.3377897e-05,0.9999468,1.298114e-05,1.3279185e-05
ALL_core_cancer_type_top95,tabpfn_v3,v3,val,2199,LSCC,LSCC,3,3,1.5346935e-05,1.29810105e-05,1.3602563e-05,0.9999368,2.130298e-05
ALL_core_cancer_type_top95,tabpfn_v3,v3,val,1253,ESCA,ESCA,1,1,1.327845e-05,0.9999373,1.3987525e-05,1.5489206e-05,1.9867826e-05
ALL_core_cancer_type_top95,tabpfn_v3,v3,val,1018,BRCA,BRCA,0,0,0.9999455,1.2981124e-05,1.3192014e-05,1.4485556e-05,1.3811375e-05
ALL_core_cancer_type_top95,tabpfn_v3,v3,val,1004,BRCA,BRCA,0,0,0.99992335,1.4894235e-05,2.3105978e-05,1.9310903e-05,1.9339743e-05
ALL_core_cancer_type_top95,tabpfn_v3,v3,val,1073,BRCA,BRCA,0,0,0.9999457,1.2981126e-05,1.304574e-05,1.4513415e-05,1.3740354e-05
ALL_core_cancer_type_top95,tabpfn_v3,v3,val,906,BRCA,BRCA,0,0,0.9999462,1.2981132e-05,1.3265608e-05,1.39058975e-05,1.3629688e-05
ALL_core_cancer_type_top95,tabpfn_v3,v3,val,1486,HNSCC,HNSCC,2,2,0.28325975,4.7528614e-05,0.30504468,0.20480251,0.20684555
ALL_core_cancer_type_top95,tabpfn_v3,v3,val,1723,HNSCC,HNSCC,2,2,1.3573808e-05,1.3314833e-05,0.9999469,1.3241056e-05,1.29865175e-05
ALL_core_cancer_type_top95,tabpfn_v3,v3,val,532,BRCA,BRCA,0,0,0.99994445,1.298111e-05,1.3499611e-05,1.4752461e-05,1.4291989e-05
ALL_core_cancer_type_top95,tabpfn_v3,v3,val,1471,HNSCC,HNSCC,2,2,0.28325975,4.7528614e-05,0.30504468,0.20480251,0.20684555
ALL_core_cancer_type_top95,tabpfn_v3,v3,val,1595,HNSCC,HNSCC,2,2,1.3488055e-05,1.304037e-05,0.9999475,1.298115e-05,1.298115e-05
ALL_core_cancer_type_top95,tabpfn_v3,v3,val,1845,HNSCC,HNSCC,2,2,1.4109196e-05,1.4246109e-05,0.99994475,1.308894e-05,1.3806049e-05
ALL_core_cancer_type_top95,tabpfn_v3,v3,val,2521,LSCC,LSCC,3,3,1.5183337e-05,1.2981072e-05,1.3080684e-05,0.9999416,1.719539e-05
ALL_core_cancer_type_top95,tabpfn_v3,v3,val,1081,BRCA,BRCA,0,0,0.99991035,1.5274965e-05,2.0731663e-05,3.145601e-05,2.2180913e-05
ALL_core_cancer_type_top95,tabpfn_v3,v3,val,1893,HNSCC,HNSCC,2,2,1.3532258e-05,1.3920919e-05,0.99994624,1.3302526e-05,1.2981132e-05
ALL_core_cancer_type_top95,tabpfn_v3,v3,val,894,BRCA,BRCA,0,0,0.9999454,1.29811215e-05,1.3568244e-05,1.4670495e-05,1.3361774e-05
ALL_core_cancer_type_top95,tabpfn_v3,v3,val,892,BRCA,BRCA,0,0,0.99994284,1.298109e-05,1.4263004e-05,1.5427677e-05,1.4495415e-05
ALL_core_cancer_type_top95,tabpfn_v3,v3,val,438,BRCA,BRCA,0,0,0.99994195,1.2981076e-05,1.4097003e-05,1.5305928e-05,1.5669739e-05
ALL_core_cancer_type_top95,tabpfn_v3,v3,val,1935,HNSCC,HNSCC,2,2,2.223565e-05,1.963907e-05,0.9999075,2.2835082e-05,2.7724625e-05
ALL_core_cancer_type_top95,tabpfn_v3,v3,val,2853,LUAD,LUAD,4,4,1.8380219e-05,1.6674338e-05,1.4043331e-05,3.1599848e-05,0.9999193
ALL_core_cancer_type_top95,tabpfn_v3,v3,val,22,BRCA,HNSCC,0,2,0.28325975,4.7528614e-05,0.30504468,0.20480251,0.20684555
ALL_core_cancer_type_top95,tabpfn_v3,v3,val,3193,LUAD,LUAD,4,4,2.2613092e-05,2.2042756e-05,1.542989e-05,2.967643e-05,0.99991024
ALL_core_cancer_type_top95,tabpfn_v3,v3,val,2672,LUAD,HNSCC,4,2,0.28325975,4.7528614e-05,0.30504468,0.20480251,0.20684555
ALL_core_cancer_type_top95,tabpfn_v3,v3,val,3053,LUAD,LUAD,4,4,2.0397769e-05,1.6188234e-05,1.4338445e-05,2.4226889e-05,0.99992484
ALL_core_cancer_type_top95,tabpfn_v3,v3,val,904,BRCA,BRCA,0,0,0.9999453,1.29811215e-05,1.3105182e-05,1.45691165e-05,1.4081149e-05
ALL_core_cancer_type_top95,tabpfn_v3,v3,val,2911,LUAD,LUAD,4,4,1.8209115e-05,1.3562534e-05,1.35099435e-05,2.2308626e-05,0.9999324
ALL_core_cancer_type_top95,tabpfn_v3,v3,val,1440,HNSCC,HNSCC,2,2,0.28325975,4.7528614e-05,0.30504468,0.20480251,0.20684555
ALL_core_cancer_type_top95,tabpfn_v3,v3,val,425,BRCA,BRCA,0,0,0.9999426,1.2981086e-05,1.4189683e-05,1.4936656e-05,1.5250472e-05
ALL_core_cancer_type_top95,tabpfn_v3,v3,val,1942,HNSCC,HNSCC,2,2,1.336417e-05,1.3731092e-05,0.9999468,1.2999959e-05,1.3105201e-05
ALL_core_cancer_type_top95,tabpfn_v3,v3,val,836,BRCA,BRCA,0,0,0.99994385,1.29811015e-05,1.3693272e-05,1.4957696e-05,1.4529317e-05
ALL_core_cancer_type_top95,tabpfn_v3,v3,val,1442,HNSCC,HNSCC,2,2,0.28325975,4.7528614e-05,0.30504468,0.20480251,0.20684555
ALL_core_cancer_type_top95,tabpfn_v3,v3,val,934,BRCA,BRCA,0,0,0.99994236,1.2981083e-05,1.3317313e-05,1.5215961e-05,1.6154145e-05
ALL_core_cancer_type_top95,tabpfn_v3,v3,val,1611,HNSCC,HNSCC,2,2,1.3499104e-05,1.2981151e-05,0.99994755,1.2981151e-05,1.2981151e-05
ALL_core_cancer_type_top95,tabpfn_v3,v3,val,1507,HNSCC,HNSCC,2,2,1.4711096e-05,1.4233418e-05,0.9999435,1.3824846e-05,1.374871e-05
ALL_core_cancer_type_top95,tabpfn_v3,v3,val,723,BRCA,BRCA,0,0,0.9999418,1.2981074e-05,1.3734481e-05,1.5863348e-05,1.5621386e-05
ALL_core_cancer_type_top95,tabpfn_v3,v3,val,1899,HNSCC,HNSCC,2,2,1.35101545e-05,1.3083568e-05,0.9999474,1.2981149e-05,1.2981149e-05
ALL_core_cancer_type_top95,tabpfn_v3,v3,val,1649,HNSCC,HNSCC,2,2,1.37686675e-05,1.3237198e-05,0.99994683,1.298114e-05,1.3153991e-05
ALL_core_cancer_type_top95,tabpfn_v3,v3,val,226,BRCA,BRCA,0,0,0.9998816,1.3062013e-05,4.2583728e-05,2.9517938e-05,3.323943e-05
ALL_core_cancer_type_top95,tabpfn_v3,v3,val,1330,ESCA,ESCA,1,1,2.0312345e-05,0.9998466,2.9901074e-05,4.5255314e-05,5.7972822e-05
ALL_core_cancer_type_top95,tabpfn_v3,v3,val,38,BRCA,HNSCC,0,2,0.28325975,4.7528614e-05,0.30504468,0.20480251,0.20684555
ALL_core_cancer_type_top95,tabpfn_v3,v3,val,2667,LUAD,HNSCC,4,2,0.28325975,4.7528614e-05,0.30504468,0.20480251,0.20684555
ALL_core_cancer_type_top95,tabpfn_v3,v3,val,2570,LSCC,LSCC,3,3,1.5771542e-05,1.4560708e-05,1.6432177e-05,0.9999297,2.3469893e-05
ALL_core_cancer_type_top95,tabpfn_v3,v3,val,780,BRCA,BRCA,0,0,0.999946,1.2981129e-05,1.3113313e-05,1.4308725e-05,1.3577654e-05
ALL_core_cancer_type_top95,tabpfn_v3,v3,val,2128,LSCC,LSCC,3,3,1.5778442e-05,1.5803918e-05,1.6170918e-05,0.9999258,2.6513855e-05
ALL_core_cancer_type_top95,tabpfn_v3,v3,val,1257,ESCA,ESCA,1,1,2.3131153e-05,0.99983805,3.0938918e-05,4.3668915e-05,6.4216976e-05
ALL_core_cancer_type_top95,tabpfn_v3,v3,val,744,BRCA,BRCA,0,0,0.9999448,1.2981115e-05,1.3695679e-05,1.448836e-05,1.4036221e-05
ALL_core_cancer_type_top95,tabpfn_v3,v3,val,1171,BRCA,BRCA,0,0,0.99994415,1.2981106e-05,1.3262851e-05,1.5142196e-05,1.4424672e-05
ALL_core_cancer_type_top95,tabpfn_v3,v3,val,1978,HNSCC,HNSCC,2,2,1.3813434e-05,1.35710325e-05,0.9999466,1.2981139e-05,1.3070045e-05
ALL_core_cancer_type_top95,tabpfn_v3,v3,val,2229,LSCC,LSCC,3,3,1.3684101e-05,1.2981118e-05,1.3061925e-05,0.99994504,1.5213822e-05
ALL_core_cancer_type_top95,tabpfn_v3,v3,val,1368,ESCA,ESCA,1,1,1.3181013e-05,0.9999367,1.4482619e-05,1.5014463e-05,2.061735e-05
ALL_core_cancer_type_top95,tabpfn_v3,v3,val,2826,LUAD,LUAD,4,4,1.7746244e-05,1.3928323e-05,1.3406204e-05,2.282973e-05,0.9999321
ALL_core_cancer_type_top95,tabpfn_v3,v3,val,755,BRCA,BRCA,0,0,0.99994487,1.2981114e-05,1.3129555e-05,1.4866645e-05,1.4161233e-05
ALL_core_cancer_type_top95,tabpfn_v3,v3,val,1678,HNSCC,HNSCC,2,2,1.3205649e-05,1.2981154e-05,0.99994785,1.2981154e-05,1.2981154e-05
ALL_core_cancer_type_top95,tabpfn_v3,v3,val,224,BRCA,BRCA,0,0,0.999859,1.8414397e-05,3.9650775e-05,4.426091e-05,3.8735365e-05
ALL_core_cancer_type_top95,tabpfn_v3,v3,val,913,BRCA,BRCA,0,0,0.9999423,1.2981082e-05,1.3462184e-05,1.6045138e-05,1.520496e-05
ALL_core_cancer_type_top95,tabpfn_v3,v3,val,1917,HNSCC,HNSCC,2,2,1.8730976e-05,2.188771e-05,0.9999221,2.0894598e-05,1.6407084e-05
ALL_core_cancer_type_top95,tabpfn_v3,v3,val,2304,LSCC,LSCC,3,3,1.8319282e-05,1.4082218e-05,1.6342885e-05,0.9999235,2.7715942e-05
ALL_core_cancer_type_top95,tabpfn_v3,v3,val,977,BRCA,BRCA,0,0,0.99994475,1.2981114e-05,1.3312067e-05,1.4879568e-05,1.4075789e-05
ALL_core_cancer_type_top95,tabpfn_v3,v3,val,2242,LSCC,LSCC,3,3,1.6377371e-05,1.3804934e-05,1.3202409e-05,0.999939,1.7563338e-05
ALL_core_cancer_type_top95,tabpfn_v3,v3,val,1773,HNSCC,HNSCC,2,2,3.6720598e-05,3.5915094e-05,0.99986035,3.7153164e-05,2.9908626e-05
ALL_core_cancer_type_top95,tabpfn_v3,v3,val,939,BRCA,BRCA,0,0,0.99994135,1.2981069e-05,1.3772479e-05,1.5190154e-05,1.6732489e-05
ALL_core_cancer_type_top95,tabpfn_v3,v3,val,3148,LUAD,LUAD,4,4,2.1021444e-05,1.6337493e-05,1.45549775e-05,2.8971712e-05,0.9999191
ALL_core_cancer_type_top95,tabpfn_v3,v3,val,1158,BRCA,BRCA,0,0,0.9985644,5.5757402e-05,0.000256623,0.00020495326,0.0009182845
ALL_core_cancer_type_top95,tabpfn_v3,v3,val,2902,LUAD,LUAD,4,4,1.5862635e-05,2.080956e-05,1.4179928e-05,2.477207e-05,0.99992436
ALL_core_cancer_type_top95,tabpfn_v3,v3,val,1750,HNSCC,HNSCC,2,2,2.3545219e-05,1.8150755e-05,0.9999254,1.563736e-05,1.7320544e-05
ALL_core_cancer_type_top95,tabpfn_v3,v3,val,332,BRCA,BRCA,0,0,0.9999396,1.3637544e-05,1.5761498e-05,1.5228429e-05,1.577689e-05
ALL_core_cancer_type_top95,tabpfn_v3,v3,val,528,BRCA,BRCA,0,0,0.99994653,1.2981137e-05,1.2986512e-05,1.3999487e-05,1.3476407e-05
ALL_core_cancer_type_top95,tabpfn_v3,v3,val,1108,BRCA,BRCA,0,0,0.9999392,1.302409e-05,1.5330723e-05,1.6686005e-05,1.572919e-05
ALL_core_cancer_type_top95,tabpfn_v3,v3,val,927,BRCA,BRCA,0,0,0.99994504,1.2981118e-05,1.3080835e-05,1.4901713e-05,1.3998991e-05
ALL_core_cancer_type_top95,tabpfn_v3,v3,val,697,BRCA,BRCA,0,0,0.9999429,1.298109e-05,1.4889169e-05,1.4699633e-05,1.4512983e-05
ALL_core_cancer_type_top95,tabpfn_v3,v3,val,907,BRCA,BRCA,0,0,0.9999455,1.2981125e-05,1.3021479e-05,1.4447882e-05,1.40863e-05
ALL_core_cancer_type_top95,tabpfn_v3,v3,val,712,BRCA,BRCA,0,0,0.9999447,1.2981112e-05,1.3241028e-05,1.5001651e-05,1.4043918e-05
ALL_core_cancer_type_top95,tabpfn_v3,v3,val,2697,LUAD,HNSCC,4,2,0.28325975,4.7528614e-05,0.30504468,0.20480251,0.20684555
ALL_core_cancer_type_top95,tabpfn_v3,v3,val,2814,LUAD,LUAD,4,4,0.0016136699,0.0010302364,0.0018585158,0.0034477825,0.9920498
ALL_core_cancer_type_top95,tabpfn_v3,v3,val,458,BRCA,BRCA,0,0,0.99994236,1.2981082e-05,1.4750521e-05,1.5689553e-05,1.4226315e-05
ALL_core_cancer_type_top95,tabpfn_v3,v3,val,2243,LSCC,LSCC,3,3,5.0977073e-05,4.0227867e-05,4.54387e-05,0.99980307,6.0308827e-05
ALL_core_cancer_type_top95,tabpfn_v3,v3,val,617,BRCA,BRCA,0,0,0.99994546,1.2981122e-05,1.3148547e-05,1.457908e-05,1.3716677e-05
ALL_core_cancer_type_top95,tabpfn_v3,v3,val,2006,HNSCC,HNSCC,2,2,2.0214451e-05,1.4952437e-05,0.99993485,1.4439967e-05,1.5527692e-05
ALL_core_cancer_type_top95,tabpfn_v3,v3,val,2059,LSCC,HNSCC,3,2,0.28325975,4.7528614e-05,0.30504468,0.20480251,0.20684555
ALL_core_cancer_type_top95,tabpfn_v3,v3,val,294,BRCA,BRCA,0,0,0.9999401,1.3219161e-05,1.5475114e-05,1.5210931e-05,1.5966116e-05
ALL_core_cancer_type_top95,tabpfn_v3,v3,val,2377,LSCC,LSCC,3,3,1.4215196e-05,1.2981101e-05,1.2981101e-05,0.99994373,1.6070182e-05
ALL_core_cancer_type_top95,tabpfn_v3,v3,val,678,BRCA,BRCA,0,0,0.99994403,1.2981104e-05,1.32328405e-05,1.5683734e-05,1.4037853e-05
ALL_core_cancer_type_top95,tabpfn_v3,v3,val,2705,LUAD,HNSCC,4,2,0.28325975,4.7528614e-05,0.30504468,0.20480251,0.20684555
ALL_core_cancer_type_top95,tabpfn_v3,v3,val,3175,LUAD,LUAD,4,4,1.7831284e-05,1.4026987e-05,1.34340335e-05,2.1872678e-05,0.9999328
ALL_core_cancer_type_top95,tabpfn_v3,v3,val,2990,LUAD,LUAD,4,4,1.9040477e-05,1.5834376e-05,1.3988082e-05,2.8067556e-05,0.99992305
ALL_core_cancer_type_top95,tabpfn_v3,v3,val,889,BRCA,BRCA,0,0,0.9998751,1.3515774e-05,5.020147e-05,2.7002254e-05,3.412754e-05
ALL_core_cancer_type_top95,tabpfn_v3,v3,val,859,BRCA,BRCA,0,0,0.9999457,1.2981126e-05,1.3053833e-05,1.45734975e-05,1.3629007e-05
ALL_core_cancer_type_top95,tabpfn_v3,v3,val,3126,LUAD,LUAD,4,4,2.1463462e-05,2.1079035e-05,1.6920412e-05,3.799814e-05,0.99990255
ALL_core_cancer_type_top95,tabpfn_v3,v3,val,2490,LSCC,LSCC,3,3,1.5129448e-05,1.6311205e-05,2.0404581e-05,0.99990624,4.1910185e-05
ALL_core_cancer_type_top95,tabpfn_v3,v3,val,1423,HNSCC,HNSCC,2,2,0.28325975,4.7528614e-05,0.30504468,0.20480251,0.20684555
ALL_core_cancer_type_top95,tabpfn_v3,v3,val,872,BRCA,BRCA,0,0,0.99993736,1.2981018e-05,1.5095734e-05,1.7172648e-05,1.7388817e-05
ALL_core_cancer_type_top95,tabpfn_v3,v3,val,862,BRCA,BRCA,0,0,0.9999457,1.2981125e-05,1.3088953e-05,1.4550763e-05,1.3654941e-05
ALL_core_cancer_type_top95,tabpfn_v3,v3,val,1091,BRCA,BRCA,0,0,0.9999402,1.2981056e-05,1.4889576e-05,1.6758448e-05,1.5135123e-05
ALL_core_cancer_type_top95,tabpfn_v3,v3,val,1992,HNSCC,HNSCC,2,2,1.3339492e-05,1.3219259e-05,0.9999474,1.2981148e-05,1.2981148e-05
ALL_core_cancer_type_top95,tabpfn_v3,v3,val,1307,ESCA,ESCA,1,1,7.820767e-05,0.99920315,8.752513e-05,0.00030665117,0.00032442986
ALL_core_cancer_type_top95,tabpfn_v3,v3,val,679,BRCA,BRCA,0,0,0.9999448,1.2981112e-05,1.3273234e-05,1.4516376e-05,1.43439975e-05
ALL_core_cancer_type_top95,tabpfn_v3,v3,val,104,BRCA,HNSCC,0,2,0.28325975,4.7528614e-05,0.30504468,0.20480251,0.20684555
ALL_core_cancer_type_top95,tabpfn_v3,v3,val,691,BRCA,BRCA,0,0,0.9999207,1.3644028e-05,2.681847e-05,1.8103212e-05,2.0713152e-05
ALL_core_cancer_type_top95,tabpfn_v3,v3,val,2454,LSCC,LSCC,3,3,0.00030000403,0.002848894,0.0009959963,0.99469703,0.0011580591
ALL_core_cancer_type_top95,tabpfn_v3,v3,val,2122,LSCC,HNSCC,3,2,0.28325975,4.7528614e-05,0.30504468,0.20480251,0.20684555
ALL_core_cancer_type_top95,tabpfn_v3,v3,val,44,BRCA,HNSCC,0,2,0.28325975,4.7528614e-05,0.30504468,0.20480251,0.20684555
ALL_core_cancer_type_top95,tabpfn_v3,v3,val,2150,LSCC,LSCC,3,3,1.4078341e-05,1.2981092e-05,1.3091475e-05,0.99994314,1.6695667e-05
ALL_core_cancer_type_top95,tabpfn_v3,v3,val,370,BRCA,BRCA,0,0,0.9999429,1.298109e-05,1.3359833e-05,1.5351594e-05,1.539016e-05
ALL_core_cancer_type_top95,tabpfn_v3,v3,val,2193,LSCC,LSCC,3,3,2.6959846e-05,3.3016782e-05,3.8357724e-05,0.9998572,4.4477692e-05
ALL_core_cancer_type_top95,tabpfn_v3,v3,val,2118,LSCC,HNSCC,3,2,0.28325975,4.7528614e-05,0.30504468,0.20480251,0.20684555
ALL_core_cancer_type_top95,tabpfn_v3,v3,val,1053,BRCA,BRCA,0,0,0.99994475,1.2981113e-05,1.3256825e-05,1.4801074e-05,1.422932e-05
ALL_core_cancer_type_top95,tabpfn_v3,v3,val,2198,LSCC,LSCC,3,3,1.4329523e-05,1.2981098e-05,1.2981098e-05,0.99994355,1.6137568e-05
ALL_core_cancer_type_top95,tabpfn_v3,v3,val,1920,HNSCC,HNSCC,2,2,1.5255966e-05,1.3743477e-05,0.9999435,1.338597e-05,1.4124976e-05
ALL_core_cancer_type_top95,tabpfn_v3,v3,val,2573,LSCC,LSCC,3,3,1.4673452e-05,1.2981076e-05,1.3185942e-05,0.9999418,1.7346041e-05
ALL_core_cancer_type_top95,tabpfn_v3,v3,val,1041,BRCA,BRCA,0,0,0.9999441,1.2981105e-05,1.3045656e-05,1.4899116e-05,1.4931276e-05
ALL_core_cancer_type_top95,tabpfn_v3,v3,val,2170,LSCC,LSCC,3,3,1.4039197e-05,1.2981107e-05,1.2981107e-05,0.99994427,1.5744801e-05
ALL_core_cancer_type_top95,tabpfn_v3,v3,val,3236,LUAD,LUAD,4,4,1.9039453e-05,1.6018797e-05,1.3772083e-05,2.2842169e-05,0.99992836
ALL_core_cancer_type_top95,tabpfn_v3,v3,val,424,BRCA,BRCA,0,0,0.99994427,1.2981108e-05,1.320016e-05,1.5275264e-05,1.4295802e-05
ALL_core_cancer_type_top95,tabpfn_v3,v3,val,2953,LUAD,LUAD,4,4,1.8532382e-05,1.368198e-05,1.4249515e-05,2.0840576e-05,0.9999327
ALL_core_cancer_type_top95,tabpfn_v3,v3,val,750,BRCA,BRCA,0,0,0.9999449,1.2981115e-05,1.3105176e-05,1.5088853e-05,1.3922523e-05
ALL_core_cancer_type_top95,tabpfn_v3,v3,val,1976,HNSCC,HNSCC,2,2,1.5718604e-05,1.4429406e-05,0.9999388,1.4134352e-05,1.6911112e-05
ALL_core_cancer_type_top95,tabpfn_v3,v3,val,1550,HNSCC,HNSCC,2,2,1.3083574e-05,1.2981156e-05,0.99994797,1.2981156e-05,1.2981156e-05
ALL_core_cancer_type_top95,tabpfn_v3,v3,val,2678,LUAD,HNSCC,4,2,0.28325975,4.7528614e-05,0.30504468,0.20480251,0.20684555
ALL_core_cancer_type_top95,tabpfn_v3,v3,val,168,BRCA,BRCA,0,0,0.99993116,1.2980937e-05,1.6767002e-05,2.1032043e-05,1.8070361e-05
ALL_core_cancer_type_top95,tabpfn_v3,v3,val,773,BRCA,BRCA,0,0,0.9999456,1.2981124e-05,1.325468e-05,1.4680157e-05,1.3522252e-05
ALL_core_cancer_type_top95,tabpfn_v3,v3,val,101,BRCA,HNSCC,0,2,0.28325975,4.7528614e-05,0.30504468,0.20480251,0.20684555
ALL_core_cancer_type_top95,tabpfn_v3,v3,val,2554,LSCC,LSCC,3,3,1.3850621e-05,1.2981092e-05,1.3088808e-05,0.9999431,1.698619e-05
ALL_core_cancer_type_top95,tabpfn_v3,v3,val,2875,LUAD,LUAD,4,4,1.8869672e-05,1.7019165e-05,1.35069e-05,2.175372e-05,0.99992883
ALL_core_cancer_type_top95,tabpfn_v3,v3,val,2007,HNSCC,HNSCC,2,2,0.0011035702,0.004240624,0.9895004,0.0011037759,0.0040516406
ALL_core_cancer_type_top95,tabpfn_v3,v3,val,638,BRCA,BRCA,0,0,0.9999455,1.2981123e-05,1.3099772e-05,1.4466488e-05,1.3891191e-05
ALL_core_cancer_type_top95,tabpfn_v3,v3,val,536,BRCA,BRCA,0,0,0.9999454,1.29811215e-05,1.29811215e-05,1.4739506e-05,1.3925292e-05
ALL_core_cancer_type_top95,tabpfn_v3,v3,val,2882,LUAD,LUAD,4,4,1.9279263e-05,1.9662786e-05,1.40950615e-05,2.7882244e-05,0.99991906
ALL_core_cancer_type_top95,tabpfn_v3,v3,val,1042,BRCA,BRCA,0,0,0.99994504,1.2981118e-05,1.3192008e-05,1.5014244e-05,1.3784205e-05
ALL_core_cancer_type_top95,tabpfn_v3,v3,val,393,BRCA,BRCA,0,0,0.99994236,1.2981083e-05,1.35631535e-05,1.5714646e-05,1.5359306e-05
ALL_core_cancer_type_top95,tabpfn_v3,v3,val,1572,HNSCC,HNSCC,2,2,1.3241059e-05,1.3604161e-05,0.99994713,1.2981144e-05,1.302958e-05
ALL_core_cancer_type_top95,tabpfn_v3,v3,val,184,BRCA,BRCA,0,0,0.9999426,1.2981086e-05,1.3167084e-05,1.6125156e-05,1.509689e-05
ALL_core_cancer_type_top95,tabpfn_v3,v3,val,2567,LSCC,LSCC,3,3,1.4699294e-05,1.2981075e-05,1.31865245e-05,0.99994177,1.7327946e-05
ALL_core_cancer_type_top95,tabpfn_v3,v3,val,940,BRCA,BRCA,0,0,0.9999439,1.2981102e-05,1.35266955e-05,1.5075368e-05,1.4506828e-05
ALL_core_cancer_type_top95,tabpfn_v3,v3,val,2158,LSCC,LSCC,3,3,1.4674473e-05,1.2981103e-05,1.2981103e-05,0.9999439,1.5442372e-05
ALL_core_cancer_type_top95,tabpfn_v3,v3,val,2426,LSCC,LSCC,3,3,1.4254938e-05,1.29811e-05,1.29811e-05,0.9999437,1.6092603e-05
ALL_core_cancer_type_top95,tabpfn_v3,v3,val,2968,LUAD,LUAD,4,4,2.1891303e-05,1.540918e-05,1.6336387e-05,3.554087e-05,0.99991083
ALL_core_cancer_type_top95,tabpfn_v3,v3,val,2250,LSCC,LSCC,3,3,1.3982429e-05,1.2981111e-05,1.2981111e-05,0.9999445,1.5575528e-05
ALL_core_cancer_type_top95,tabpfn_v3,v3,val,2578,LSCC,LSCC,3,3,1.9091787e-05,1.3659458e-05,1.8473635e-05,0.999915,3.3795313e-05
ALL_core_cancer_type_top95,tabpfn_v3,v3,val,1576,HNSCC,HNSCC,2,2,1.5974558e-05,1.4407402e-05,0.9999423,1.3537869e-05,1.3760569e-05
ALL_core_cancer_type_top95,tabpfn_v3,v3,val,2598,LSCC,LSCC,3,3,1.6193222e-05,1.7539332e-05,1.4926437e-05,0.99992985,2.1504353e-05
ALL_core_cancer_type_top95,tabpfn_v3,v3,val,1855,HNSCC,HNSCC,2,2,1.7463619e-05,1.7416767e-05,0.9999317,1.7601877e-05,1.5856367e-05
ALL_core_cancer_type_top95,tabpfn_v3,v3,val,443,BRCA,BRCA,0,0,0.9999404,1.2981056e-05,1.387996e-05,1.6807604e-05,1.5928334e-05
ALL_core_cancer_type_top95,tabpfn_v3,v3,val,3049,LUAD,LUAD,4,4,1.8534944e-05,1.527472e-05,1.3862902e-05,2.799231e-05,0.99992436
ALL_core_cancer_type_top95,tabpfn_v3,v3,val,874,BRCA,BRCA,0,0,0.99994624,1.2981133e-05,1.3021488e-05,1.4102835e-05,1.3641444e-05
ALL_core_cancer_type_top95,tabpfn_v3,v3,val,879,BRCA,BRCA,0,0,0.9999176,1.7711123e-05,2.3657149e-05,2.069049e-05,2.029566e-05
ALL_core_cancer_type_top95,tabpfn_v3,v3,val,2712,LUAD,HNSCC,4,2,0.28325975,4.7528614e-05,0.30504468,0.20480251,0.20684555
ALL_core_cancer_type_top95,tabpfn_v3,v3,val,668,BRCA,BRCA,0,0,0.9999444,1.2981109e-05,1.3145657e-05,1.481024e-05,1.4674316e-05
ALL_core_cancer_type_top95,tabpfn_v3,v3,val,2231,LSCC,LSCC,3,3,1.4324622e-05,1.29810915e-05,1.29810915e-05,0.999943,1.6697286e-05
ALL_core_cancer_type_top95,tabpfn_v3,v3,val,1384,ESCA,ESCA,1,1,1.7161494e-05,0.9998833,2.15942e-05,2.905153e-05,4.8946353e-05
ALL_core_cancer_type_top95,tabpfn_v3,v3,val,2848,LUAD,LUAD,4,4,1.7080762e-05,1.341899e-05,1.32791265e-05,2.0275886e-05,0.9999359
ALL_core_cancer_type_top95,tabpfn_v3,v3,val,405,BRCA,BRCA,0,0,0.99994296,1.2981091e-05,1.3211031e-05,1.53501e-05,1.5443853e-05
ALL_core_cancer_type_top95,tabpfn_v3,v3,val,2782,LUAD,LUAD,4,4,1.7383672e-05,1.43736615e-05,1.32081705e-05,2.2228134e-05,0.9999328
ALL_core_cancer_type_top95,tabpfn_v3,v3,val,1662,HNSCC,HNSCC,2,2,2.9772898e-05,1.5597883e-05,0.9999127,2.1854969e-05,2.0102207e-05
ALL_core_cancer_type_top95,tabpfn_v3,v3,val,2169,LSCC,LSCC,3,3,1.4785726e-05,1.2981049e-05,1.3299221e-05,0.9999398,1.9151656e-05
ALL_core_cancer_type_top95,tabpfn_v3,v3,val,2068,LSCC,HNSCC,3,2,0.28325975,4.7528614e-05,0.30504468,0.20480251,0.20684555
ALL_core_cancer_type_top95,tabpfn_v3,v3,val,797,BRCA,BRCA,0,0,0.9999419,1.2981076e-05,1.3659609e-05,1.563403e-05,1.5863567e-05
ALL_core_cancer_type_top95,tabpfn_v3,v3,val,3052,LUAD,LUAD,4,4,1.8073779e-05,1.5958234e-05,1.3781381e-05,2.2301623e-05,0.9999299
ALL_core_cancer_type_top95,tabpfn_v3,v3,val,1465,HNSCC,HNSCC,2,2,0.28325975,4.7528614e-05,0.30504468,0.20480251,0.20684555
ALL_core_cancer_type_top95,tabpfn_v3,v3,val,504,BRCA,BRCA,0,0,0.9999411,1.2981067e-05,1.3495685e-05,1.6318416e-05,1.611677e-05
ALL_core_cancer_type_top95,tabpfn_v3,v3,val,107,BRCA,HNSCC,0,2,0.28325975,4.7528614e-05,0.30504468,0.20480251,0.20684555
ALL_core_cancer_type_top95,tabpfn_v3,v3,val,2110,LSCC,HNSCC,3,2,0.28325975,4.7528614e-05,0.30504468,0.20480251,0.20684555
ALL_core_cancer_type_top95,tabpfn_v3,v3,val,2283,LSCC,LSCC,3,3,1.3600725e-05,1.2981104e-05,1.2997233e-05,0.9999439,1.6517086e-05
ALL_core_cancer_type_top95,tabpfn_v3,v3,val,1187,BRCA,BRCA,0,0,0.9999404,1.2981056e-05,1.3881913e-05,1.559521e-05,1.7133842e-05
ALL_core_cancer_type_top95,tabpfn_v3,v3,val,1451,HNSCC,HNSCC,2,2,0.28325975,4.7528614e-05,0.30504468,0.20480251,0.20684555
ALL_core_cancer_type_top95,tabpfn_v3,v3,val,1312,ESCA,ESCA,1,1,1.317774e-05,0.9999349,1.44272235e-05,1.6867507e-05,2.060457e-05
ALL_core_cancer_type_top95,tabpfn_v3,v3,val,873,BRCA,BRCA,0,0,0.99994487,1.2981114e-05,1.3162111e-05,1.4588772e-05,1.4366201e-05
ALL_core_cancer_type_top95,tabpfn_v3,v3,val,572,BRCA,BRCA,0,0,0.9999457,1.2981127e-05,1.3051135e-05,1.4596533e-05,1.3620526e-05
ALL_core_cancer_type_top95,tabpfn_v3,v3,val,771,BRCA,BRCA,0,0,0.9999457,1.2981127e-05,1.3205621e-05,1.4416495e-05,1.3640266e-05
ALL_core_cancer_type_top95,tabpfn_v3,v3,val,1620,HNSCC,LUAD,2,4,0.23700832,0.00072383264,0.2508521,0.24598108,0.26543462
ALL_core_cancer_type_top95,tabpfn_v3,v3,val,82,BRCA,HNSCC,0,2,0.28325975,4.7528614e-05,0.30504468,0.20480251,0.20684555
ALL_core_cancer_type_top95,tabpfn_v3,v3,val,2210,LSCC,LSCC,3,3,1.5299618e-05,1.5527927e-05,1.4527599e-05,0.99992895,2.5711211e-05
ALL_core_cancer_type_top95,tabpfn_v3,v3,val,1242,ESCA,ESCA,1,1,1.38723635e-05,0.99992895,1.4881355e-05,1.5504282e-05,2.6785905e-05
ALL_core_cancer_type_top95,tabpfn_v3,v3,val,752,BRCA,BRCA,0,0,0.9999431,1.2981092e-05,1.3343424e-05,1.5627793e-05,1.4945368e-05
ALL_core_cancer_type_top95,tabpfn_v3,v3,val,952,BRCA,BRCA,0,0,0.99994415,1.2981107e-05,1.3262852e-05,1.5484917e-05,1.4090174e-05
ALL_core_cancer_type_top95,tabpfn_v3,v3,val,1955,HNSCC,HNSCC,2,2,1.3344976e-05,1.3170292e-05,0.99994737,1.2981148e-05,1.31214565e-05
ALL_core_cancer_type_top95,tabpfn_v3,v3,val,3024,LUAD,LUAD,4,4,1.788821e-05,1.4125975e-05,1.3703731e-05,2.315933e-05,0.9999311
ALL_core_cancer_type_top95,tabpfn_v3,v3,val,344,BRCA,BRCA,0,0,0.99994415,1.2981105e-05,1.3110332e-05,1.48505715e-05,1.4879843e-05
ALL_core_cancer_type_top95,tabpfn_v3,v3,val,3086,LUAD,LUAD,4,4,1.9299432e-05,1.4058005e-05,1.3902371e-05,2.4799778e-05,0.99992794
ALL_core_cancer_type_top95,tabpfn_v3,v3,val,1623,HNSCC,HNSCC,2,2,3.0029647e-05,2.3975563e-05,0.99990004,2.0782898e-05,2.5172225e-05
ALL_core_cancer_type_top95,tabpfn_v3,v3,val,3065,LUAD,LUAD,4,4,1.9847672e-05,1.7530314e-05,1.4441076e-05,2.9926834e-05,0.9999183
ALL_core_cancer_type_top95,tabpfn_v3,v3,val,363,BRCA,BRCA,0,0,0.9999363,1.2981003e-05,1.470784e-05,2.0583278e-05,1.545584e-05
ALL_core_cancer_type_top95,tabpfn_v3,v3,val,442,BRCA,BRCA,0,0,0.9999447,1.2981112e-05,1.3151249e-05,1.50400865e-05,1.4150576e-05
ALL_core_cancer_type_top95,tabpfn_v3,v3,val,1425,HNSCC,HNSCC,2,2,0.28325975,4.7528614e-05,0.30504468,0.20480251,0.20684555
ALL_core_cancer_type_top95,tabpfn_v3,v3,val,242,BRCA,BRCA,0,0,0.9999436,1.29811e-05,1.4002255e-05,1.4688128e-05,1.4734402e-05
ALL_core_cancer_type_top95,tabpfn_v3,v3,val,2590,LSCC,LSCC,3,3,1.8905761e-05,1.5629776e-05,2.2423159e-05,0.9999077,3.5342455e-05
ALL_core_cancer_type_top95,tabpfn_v3,v3,val,1065,BRCA,BRCA,0,0,0.99994534,1.29811215e-05,1.29811215e-05,1.4639705e-05,1.4003171e-05
ALL_core_cancer_type_top95,tabpfn_v3,v3,val,73,BRCA,HNSCC,0,2,0.28325975,4.7528614e-05,0.30504468,0.20480251,0.20684555
ALL_core_cancer_type_top95,tabpfn_v3,v3,val,2387,LSCC,LSCC,3,3,1.4725647e-05,1.3213708e-05,1.3562667e-05,0.9999397,1.8831182e-05
ALL_core_cancer_type_top95,tabpfn_v3,v3,val,637,BRCA,BRCA,0,0,0.99994373,1.3140383e-05,1.3990446e-05,1.5166709e-05,1.4006233e-05
ALL_core_cancer_type_top95,tabpfn_v3,v3,val,2959,LUAD,LUAD,4,4,2.2669163e-05,1.8613035e-05,1.4783074e-05,3.254731e-05,0.99991137
ALL_core_cancer_type_top95,tabpfn_v3,v3,val,2390,LSCC,LSCC,3,3,1.8068706e-05,1.9651532e-05,1.9376372e-05,0.9999113,3.1611773e-05
ALL_core_cancer_type_top95,tabpfn_v3,v3,val,2093,LSCC,HNSCC,3,2,0.28325975,4.7528614e-05,0.30504468,0.20480251,0.20684555
ALL_core_cancer_type_top95,tabpfn_v3,v3,val,2476,LSCC,LSCC,3,3,1.4853777e-05,1.2981068e-05,1.3543256e-05,0.99994123,1.7428725e-05
ALL_core_cancer_type_top95,tabpfn_v3,v3,val,416,BRCA,BRCA,0,0,0.9999451,1.2981119e-05,1.3383369e-05,1.47028895e-05,1.378385e-05
ALL_core_cancer_type_top95,tabpfn_v3,v3,val,2278,LSCC,LSCC,3,3,1.4437295e-05,1.2981085e-05,1.3302401e-05,0.99994254,1.6723783e-05
ALL_core_cancer_type_top95,tabpfn_v3,v3,val,1395,HNSCC,HNSCC,2,2,0.28325975,4.7528614e-05,0.30504468,0.20480251,0.20684555
ALL_core_cancer_type_top95,tabpfn_v3,v3,val,2125,LSCC,HNSCC,3,2,0.28325975,4.7528614e-05,0.30504468,0.20480251,0.20684555
ALL_core_cancer_type_top95,tabpfn_v3,v3,val,1734,HNSCC,HNSCC,2,2,1.35322725e-05,1.3143143e-05,0.9999473,1.2981146e-05,1.2994587e-05
ALL_core_cancer_type_top95,tabpfn_v3,v3,val,1305,ESCA,ESCA,1,1,1.310484e-05,0.99993515,1.4202961e-05,1.6561136e-05,2.0986145e-05
ALL_core_cancer_type_top95,tabpfn_v3,v3,val,680,BRCA,BRCA,0,0,0.99994606,1.2981131e-05,1.3143128e-05,1.4465713e-05,1.3276032e-05
ALL_core_cancer_type_top95,tabpfn_v3,v3,val,2619,LUAD,HNSCC,4,2,0.28325975,4.7528614e-05,0.30504468,0.20480251,0.20684555
ALL_core_cancer_type_top95,tabpfn_v3,v3,val,2696,LUAD,HNSCC,4,2,0.28325975,4.7528614e-05,0.30504468,0.20480251,0.20684555
ALL_core_cancer_type_top95,tabpfn_v3,v3,val,1516,HNSCC,HNSCC,2,2,1.4402427e-05,1.3775803e-05,0.9999455,1.2981123e-05,1.3320286e-05
ALL_core_cancer_type_top95,tabpfn_v3,v3,val,237,BRCA,BRCA,0,0,0.9999446,1.29811115e-05,1.3632064e-05,1.4696474e-05,1.3995013e-05
ALL_core_cancer_type_top95,tabpfn_v3,v3,val,1556,HNSCC,HNSCC,2,2,1.3526738e-05,1.3207998e-05,0.99994713,1.2981145e-05,1.3126875e-05
ALL_core_cancer_type_top95,tabpfn_v3,v3,val,2290,LSCC,LSCC,3,3,1.7116214e-05,1.3303743e-05,1.4014182e-05,0.9999361,1.9489744e-05
ALL_core_cancer_type_top95,tabpfn_v3,v3,val,2104,LSCC,HNSCC,3,2,0.28325975,4.7528614e-05,0.30504468,0.20480251,0.20684555
ALL_core_cancer_type_top95,tabpfn_v3,v3,val,713,BRCA,BRCA,0,0,0.99994457,1.29811115e-05,1.3268317e-05,1.4724345e-05,1.4453922e-05
ALL_core_cancer_type_top95,tabpfn_v3,v3,val,2636,LUAD,HNSCC,4,2,0.28325975,4.7528614e-05,0.30504468,0.20480251,0.20684555
ALL_core_cancer_type_top95,tabpfn_v3,v3,val,2719,LUAD,HNSCC,4,2,0.28325975,4.7528614e-05,0.30504468,0.20480251,0.20684555
ALL_core_cancer_type_top95,tabpfn_v3,v3,val,1718,HNSCC,HNSCC,2,2,1.4448236e-05,1.3554389e-05,0.99994516,1.3324416e-05,1.3485258e-05
ALL_core_cancer_type_top95,tabpfn_v3,v3,val,1180,BRCA,BRCA,0,0,0.9999434,1.2981095e-05,1.4350281e-05,1.4772132e-05,1.4537591e-05
ALL_core_cancer_type_top95,tabpfn_v3,v3,val,2010,HNSCC,HNSCC,2,2,1.7156557e-05,1.8353623e-05,0.99993294,1.5285463e-05,1.6274771e-05
ALL_core_cancer_type_top95,tabpfn_v3,v3,val,858,BRCA,BRCA,0,0,0.9999404,1.2981057e-05,1.4094293e-05,1.5951073e-05,1.6586062e-05
ALL_core_cancer_type_top95,tabpfn_v3,v3,val,3026,LUAD,LUAD,4,4,1.9215155e-05,1.7323317e-05,1.5052987e-05,3.191759e-05,0.9999165
ALL_core_cancer_type_top95,tabpfn_v3,v3,val,876,BRCA,BRCA,0,0,0.9999429,1.2981091e-05,1.3770381e-05,1.5493053e-05,1.4837795e-05
ALL_core_cancer_type_top95,tabpfn_v3,v3,val,1278,ESCA,ESCA,1,1,2.7290218e-05,0.9997772,3.3739983e-05,5.7460995e-05,0.00010432326
ALL_core_cancer_type_top95,tabpfn_v3,v3,val,640,BRCA,BRCA,0,0,0.9999456,1.2981125e-05,1.3064631e-05,1.4456962e-05,1.387125e-05
ALL_core_cancer_type_top95,tabpfn_v3,v3,val,2626,LUAD,HNSCC,4,2,0.28325975,4.7528614e-05,0.30504468,0.20480251,0.20684555
ALL_core_cancer_type_top95,tabpfn_v3,v3,val,2652,LUAD,HNSCC,4,2,0.28325975,4.7528614e-05,0.30504468,0.20480251,0.20684555
ALL_core_cancer_type_top95,tabpfn_v3,v3,val,2609,LSCC,LSCC,3,3,1.5603524e-05,1.2981048e-05,1.3340661e-05,0.9999397,1.840145e-05
ALL_core_cancer_type_top95,tabpfn_v3,v3,val,1160,BRCA,BRCA,0,0,0.99993837,1.2981031e-05,1.4727728e-05,1.8610475e-05,1.5345153e-05
ALL_core_cancer_type_top95,tabpfn_v3,v3,val,823,BRCA,BRCA,0,0,0.9999436,1.2981098e-05,1.3322442e-05,1.5648084e-05,1.4389158e-05
ALL_core_cancer_type_top95,tabpfn_v3,v3,val,469,BRCA,BRCA,0,0,0.999944,1.2981103e-05,1.3287436e-05,1.5569936e-05,1.4206603e-05
ALL_core_cancer_type_top95,tabpfn_v3,v3,val,2080,LSCC,HNSCC,3,2,0.28325975,4.7528614e-05,0.30504468,0.20480251,0.20684555
ALL_core_cancer_type_top95,tabpfn_v3,v3,val,2184,LSCC,LSCC,3,3,1.4235539e-05,1.2981089e-05,1.3002598e-05,0.9999428,1.700635e-05
ALL_core_cancer_type_top95,tabpfn_v3,v3,val,2914,LUAD,LUAD,4,4,1.6608377e-05,1.349066e-05,1.3728266e-05,2.0170877e-05,0.999936
ALL_core_cancer_type_top95,tabpfn_v3,v3,val,1823,HNSCC,HNSCC,2,2,1.3488049e-05,1.33779e-05,0.9999471,1.2981144e-05,1.3040363e-05
ALL_core_cancer_type_top95,tabpfn_v3,v3,val,2741,LUAD,LUAD,4,4,1.8728773e-05,1.5005838e-05,1.367915e-05,2.201811e-05,0.99993056
ALL_core_cancer_type_top95,tabpfn_v3,v3,val,1289,ESCA,ESCA,1,1,1.5618585e-05,0.9998988,2.0536874e-05,2.2807479e-05,4.225888e-05
ALL_core_cancer_type_top95,tabpfn_v3,v3,val,700,BRCA,BRCA,0,0,0.9999452,1.298112e-05,1.3010705e-05,1.4693498e-05,1.4059564e-05
ALL_core_cancer_type_top95,tabpfn_v3,v3,val,320,BRCA,BRCA,0,0,0.9999443,1.2981109e-05,1.3205196e-05,1.4884275e-05,1.4599257e-05
ALL_core_cancer_type_top95,tabpfn_v3,v3,val,2569,LSCC,LSCC,3,3,1.4061116e-05,1.29811115e-05,1.29811115e-05,0.99994457,1.5438733e-05
ALL_core_cancer_type_top95,tabpfn_v3,v3,val,2302,LSCC,LSCC,3,3,1.4489038e-05,1.2981079e-05,1.3208293e-05,0.99994206,1.729308e-05
ALL_core_cancer_type_top95,tabpfn_v3,v3,val,2592,LSCC,LSCC,3,3,1.3942929e-05,1.3208313e-05,1.3316076e-05,0.99994344,1.6104605e-05
ALL_core_cancer_type_top95,tabpfn_v3,v3,val,3087,LUAD,LUAD,4,4,1.6880776e-05,1.35238015e-05,1.4026683e-05,2.0842133e-05,0.99993473
ALL_core_cancer_type_top95,tabpfn_v3,v3,val,482,BRCA,BRCA,0,0,0.9999443,1.2981108e-05,1.3170252e-05,1.4742255e-05,1.4793691e-05
ALL_core_cancer_type_top95,tabpfn_v3,v3,val,629,BRCA,BRCA,0,0,0.9999436,1.2981099e-05,1.300261e-05,1.5754564e-05,1.4681119e-05
ALL_core_cancer_type_top95,tabpfn_v3,v3,val,2195,LSCC,LSCC,3,3,1.4378573e-05,1.2981115e-05,1.3045727e-05,0.9999448,1.4789402e-05
ALL_core_cancer_type_top95,tabpfn_v3,v3,val,817,BRCA,BRCA,0,0,0.9999436,1.2981099e-05,1.3894739e-05,1.5140248e-05,1.4373753e-05
ALL_core_cancer_type_top95,tabpfn_v3,v3,val,1709,HNSCC,HNSCC,2,2,1.3344969e-05,1.3751903e-05,0.99994683,1.2981141e-05,1.3029577e-05
ALL_core_cancer_type_top95,tabpfn_v3,v3,val,649,BRCA,BRCA,0,0,0.99994206,1.298108e-05,1.3994704e-05,1.5152676e-05,1.5823032e-05
ALL_core_cancer_type_top95,tabpfn_v3,v3,val,1647,HNSCC,HNSCC,2,2,1.400176e-05,1.4055277e-05,0.99994594,1.2981129e-05,1.300533e-05
ALL_core_cancer_type_top95,tabpfn_v3,v3,val,2684,LUAD,HNSCC,4,2,0.28325975,4.7528614e-05,0.30504468,0.20480251,0.20684555
ALL_core_cancer_type_top95,tabpfn_v3,v3,val,106,BRCA,HNSCC,0,2,0.28325975,4.7528614e-05,0.30504468,0.20480251,0.20684555
ALL_core_cancer_type_top95,tabpfn_v3,v3,val,2980,LUAD,LUAD,4,4,1.8343837e-05,1.4229655e-05,1.3804957e-05,2.2185175e-05,0.99993145
ALL_core_cancer_type_top95,tabpfn_v3,v3,val,2755,LUAD,LUAD,4,4,1.785265e-05,1.531006e-05,1.36263e-05,2.3046003e-05,0.99993014
ALL_core_cancer_type_top95,tabpfn_v3,v3,val,137,BRCA,BRCA,0,0,0.99987096,1.48767485e-05,2.8441318e-05,3.9496175e-05,4.6226727e-05
ALL_core_cancer_type_top95,tabpfn_v3,v3,val,2618,LUAD,HNSCC,4,2,0.28325975,4.7528614e-05,0.30504468,0.20480251,0.20684555
ALL_core_cancer_type_top95,tabpfn_v3,v3,val,1493,HNSCC,HNSCC,2,2,0.28325975,4.7528614e-05,0.30504468,0.20480251,0.20684555
ALL_core_cancer_type_top95,tabpfn_v3,v3,val,1497,HNSCC,HNSCC,2,2,1.9290379e-05,1.7063974e-05,0.9999321,1.4820687e-05,1.6694821e-05
ALL_core_cancer_type_top95,tabpfn_v3,v3,val,2865,LUAD,LUAD,4,4,1.608622e-05,1.4285231e-05,1.30942535e-05,1.9312161e-05,0.99993724
ALL_core_cancer_type_top95,tabpfn_v3,v3,val,1063,BRCA,BRCA,0,0,0.9999428,1.2981088e-05,1.3336587e-05,1.5306796e-05,1.5570347e-05
ALL_core_cancer_type_top95,tabpfn_v3,v3,val,3011,LUAD,LUAD,4,4,2.0086196e-05,1.3802009e-05,1.386946e-05,2.2609178e-05,0.9999296
ALL_core_cancer_type_top95,tabpfn_v3,v3,val,1142,BRCA,BRCA,0,0,0.9999431,1.2981092e-05,1.3399832e-05,1.5923915e-05,1.4583912e-05
ALL_core_cancer_type_top95,tabpfn_v3,v3,val,223,BRCA,BRCA,0,0,0.99994457,1.29811115e-05,1.32056075e-05,1.4809323e-05,1.4431254e-05
ALL_core_cancer_type_top95,tabpfn_v3,v3,val,1320,ESCA,ESCA,1,1,1.3326723e-05,0.99993175,1.4690014e-05,1.6747903e-05,2.3486058e-05
ALL_core_cancer_type_top95,tabpfn_v3,v3,val,8,BRCA,HNSCC,0,2,0.28325975,4.7528614e-05,0.30504468,0.20480251,0.20684555
ALL_core_cancer_type_top95,tabpfn_v3,v3,val,2048,LSCC,HNSCC,3,2,0.28325975,4.7528614e-05,0.30504468,0.20480251,0.20684555
ALL_core_cancer_type_top95,tabpfn_v3,v3,val,2563,LSCC,LSCC,3,3,1.5310095e-05,1.2991821e-05,1.3392825e-05,0.99994135,1.6927772e-05
ALL_core_cancer_type_top95,tabpfn_v3,v3,val,2072,LSCC,HNSCC,3,2,0.28325975,4.7528614e-05,0.30504468,0.20480251,0.20684555
ALL_core_cancer_type_top95,tabpfn_v3,v3,val,3130,LUAD,LUAD,4,4,2.0070915e-05,3.188315e-05,1.4127996e-05,2.4305917e-05,0.99990964
ALL_core_cancer_type_top95,tabpfn_v3,v3,val,1348,ESCA,ESCA,1,1,0.00045395113,0.99629927,0.00049762544,0.0012751874,0.0014739392
ALL_core_cancer_type_top95,tabpfn_v3,v3,val,1145,BRCA,BRCA,0,0,0.99983525,1.48698555e-05,4.874638e-05,4.1974505e-05,5.9172715e-05
ALL_core_cancer_type_top95,tabpfn_v3,v3,val,2850,LUAD,LUAD,4,4,1.6037435e-05,1.3695957e-05,1.3140283e-05,2.106942e-05,0.99993604
ALL_core_cancer_type_top95,tabpfn_v3,v3,val,260,BRCA,BRCA,0,0,0.9998285,1.8777422e-05,4.1777916e-05,6.1772575e-05,4.9153794e-05
ALL_core_cancer_type_top95,tabpfn_v3,v3,val,1080,BRCA,BRCA,0,0,0.99994266,1.2981087e-05,1.3497458e-05,1.6047556e-05,1.4869369e-05
ALL_core_cancer_type_top95,tabpfn_v3,v3,val,2060,LSCC,HNSCC,3,2,0.28325975,4.7528614e-05,0.30504468,0.20480251,0.20684555
ALL_core_cancer_type_top95,tabpfn_v3,v3,val,821,BRCA,BRCA,0,0,0.99994504,1.2981117e-05,1.3598744e-05,1.46282455e-05,1.3746107e-05
ALL_core_cancer_type_top95,tabpfn_v3,v3,val,503,BRCA,BRCA,0,0,0.99994594,1.2981129e-05,1.304035e-05,1.4341497e-05,1.366027e-05
ALL_core_cancer_type_top95,tabpfn_v3,v3,val,1006,BRCA,BRCA,0,0,0.9999417,1.2981074e-05,1.4287338e-05,1.556285e-05,1.5452391e-05
ALL_core_cancer_type_top95,tabpfn_v3,v3,val,3134,LUAD,LUAD,4,4,1.6551297e-05,1.3973379e-05,1.391794e-05,2.2507547e-05,0.99993306
ALL_core_cancer_type_top95,tabpfn_v3,v3,val,447,BRCA,BRCA,0,0,0.9999436,1.29811e-05,1.3175677e-05,1.5937347e-05,1.4325807e-05
ALL_core_cancer_type_top95,tabpfn_v3,v3,val,2204,LSCC,LSCC,3,3,1.587823e-05,1.3421744e-05,1.4499675e-05,0.999936,2.0198595e-05
ALL_core_cancer_type_top95,tabpfn_v3,v3,val,2207,LSCC,LSCC,3,3,3.208532e-05,1.986562e-05,2.9203045e-05,0.99986935,4.9527604e-05
ALL_core_cancer_type_top95,tabpfn_v3,v3,val,931,BRCA,BRCA,0,0,0.9999394,1.2981044e-05,1.3841558e-05,1.6519278e-05,1.7297436e-05
ALL_core_cancer_type_top95,tabpfn_v3,v3,val,1496,HNSCC,HNSCC,2,2,1.8118066e-05,1.7250806e-05,0.99992836,1.8477856e-05,1.780851e-05
ALL_core_cancer_type_top95,tabpfn_v3,v3,val,1414,HNSCC,HNSCC,2,2,0.28325975,4.7528614e-05,0.30504468,0.20480251,0.20684555
ALL_core_cancer_type_top95,tabpfn_v3,v3,val,2711,LUAD,HNSCC,4,2,0.28325975,4.7528614e-05,0.30504468,0.20480251,0.20684555
ALL_core_cancer_type_top95,tabpfn_v3,v3,val,2499,LSCC,LSCC,3,3,1.797118e-05,1.3221778e-05,1.4641096e-05,0.9999344,1.9801586e-05
ALL_core_cancer_type_top95,tabpfn_v3,v3,val,1985,HNSCC,HNSCC,2,2,1.3449429e-05,1.3567658e-05,0.99994695,1.3059249e-05,1.2981142e-05
ALL_core_cancer_type_top95,tabpfn_v3,v3,val,1687,HNSCC,HNSCC,2,2,3.143706e-05,2.1042113e-05,0.9999075,2.168367e-05,1.83487e-05
ALL_core_cancer_type_top95,tabpfn_v3,v3,val,3121,LUAD,LUAD,4,4,3.4694607e-05,1.9814306e-05,3.12684e-05,6.211871e-05,0.9998521
ALL_core_cancer_type_top95,tabpfn_v3,v3,val,214,BRCA,BRCA,0,0,0.99994403,1.2981104e-05,1.33284875e-05,1.5397427e-05,1.422339e-05
ALL_core_cancer_type_top95,tabpfn_v3,v3,val,1453,HNSCC,HNSCC,2,2,0.28325975,4.7528614e-05,0.30504468,0.20480251,0.20684555
ALL_core_cancer_type_top95,tabpfn_v3,v3,val,1309,ESCA,ESCA,1,1,1.4353074e-05,0.9999215,1.9647448e-05,1.7802695e-05,2.6597478e-05
ALL_core_cancer_type_top95,tabpfn_v3,v3,val,523,BRCA,BRCA,0,0,0.9999417,1.2981074e-05,1.4232868e-05,1.5646725e-05,1.541015e-05
ALL_core_cancer_type_top95,tabpfn_v3,v3,val,2620,LUAD,HNSCC,4,2,0.28325975,4.7528614e-05,0.30504468,0.20480251,0.20684555
ALL_core_cancer_type_top95,tabpfn_v3,v3,val,1646,HNSCC,HNSCC,2,2,1.34991005e-05,1.3268352e-05,0.99994725,1.2981147e-05,1.2981147e-05
ALL_core_cancer_type_top95,tabpfn_v3,v3,val,3201,LUAD,LUAD,4,4,1.8177747e-05,1.5272508e-05,1.3617979e-05,2.1653797e-05,0.9999313
ALL_core_cancer_type_top95,tabpfn_v3,v3,val,6,BRCA,HNSCC,0,2,0.28325975,4.7528614e-05,0.30504468,0.20480251,0.20684555
ALL_core_cancer_type_top95,tabpfn_v3,v3,val,2947,LUAD,LUAD,4,4,1.8411301e-05,1.399441e-05,1.34098655e-05,2.1881051e-05,0.9999323
ALL_core_cancer_type_top95,tabpfn_v3,v3,val,1568,HNSCC,HNSCC,2,2,1.3835955e-05,1.35502205e-05,0.9999449,1.3854047e-05,1.3876995e-05
ALL_core_cancer_type_top95,tabpfn_v3,v3,val,2343,LSCC,LSCC,3,3,1.6227492e-05,1.6170367e-05,2.0499474e-05,0.9999104,3.6704205e-05
ALL_core_cancer_type_top95,tabpfn_v3,v3,val,818,BRCA,BRCA,0,0,0.9999247,1.3544157e-05,1.981796e-05,2.1819518e-05,2.0171106e-05
ALL_core_cancer_type_top95,tabpfn_v3,v3,val,1901,HNSCC,HNSCC,2,2,1.2994597e-05,1.3032287e-05,0.99994797,1.2981155e-05,1.2981155e-05
ALL_core_cancer_type_top95,tabpfn_v3,v3,val,624,BRCA,BRCA,0,0,0.999945,1.2981117e-05,1.3129557e-05,1.4796994e-05,1.4100794e-05
ALL_core_cancer_type_top95,tabpfn_v3,v3,val,2635,LUAD,HNSCC,4,2,0.28325975,4.7528614e-05,0.30504468,0.20480251,0.20684555
ALL_core_cancer_type_top95,tabpfn_v3,v3,val,2600,LSCC,LSCC,3,3,1.9912764e-05,1.5710648e-05,2.3115268e-05,0.9999075,3.380261e-05
ALL_core_cancer_type_top95,tabpfn_v3,v3,val,796,BRCA,BRCA,0,0,0.9999437,1.29811e-05,1.3398663e-05,1.5241251e-05,1.4640678e-05
ALL_core_cancer_type_top95,tabpfn_v3,v3,val,1963,HNSCC,HNSCC,2,2,2.0661537e-05,2.9905186e-05,0.9999126,1.906526e-05,1.7754715e-05
ALL_core_cancer_type_top95,tabpfn_v3,v3,val,2721,LUAD,HNSCC,4,2,0.28325975,4.7528614e-05,0.30504468,0.20480251,0.20684555
ALL_core_cancer_type_top95,tabpfn_v3,v3,val,1216,ESCA,ESCA,1,1,0.00037189946,0.9971231,0.00054853584,0.0010606139,0.0008959144
ALL_core_cancer_type_top95,tabpfn_v3,v3,val,1605,HNSCC,HNSCC,2,2,1.362098e-05,1.3224037e-05,0.9999471,1.3134747e-05,1.2981143e-05
ALL_core_cancer_type_top95,tabpfn_v3,v3,val,399,BRCA,BRCA,0,0,0.9999344,1.298098e-05,1.4856573e-05,2.1347378e-05,1.6466494e-05
ALL_core_cancer_type_top95,tabpfn_v3,v3,val,2703,LUAD,HNSCC,4,2,0.28325975,4.7528614e-05,0.30504468,0.20480251,0.20684555
ALL_core_cancer_type_top95,tabpfn_v3,v3,val,1186,BRCA,BRCA,0,0,0.9998426,1.3761038e-05,4.5650588e-05,4.3821736e-05,5.41954e-05
ALL_core_cancer_type_top95,tabpfn_v3,v3,val,3220,LUAD,LUAD,4,4,0.0007168786,0.00012876818,0.00031053115,0.00037782165,0.998466
ALL_core_cancer_type_top95,tabpfn_v3,v3,val,816,BRCA,BRCA,0,0,0.99994266,1.2981086e-05,1.3240511e-05,1.511872e-05,1.5956974e-05
ALL_core_cancer_type_top95,tabpfn_v3,v3,val,1719,HNSCC,HNSCC,2,2,2.4166586e-05,2.377347e-05,0.99990016,3.2238433e-05,1.9657866e-05
ALL_core_cancer_type_top95,tabpfn_v3,v3,val,1951,HNSCC,HNSCC,2,2,0.0011746353,0.002960682,0.9902409,0.0011015169,0.004522314
ALL_core_cancer_type_top95,tabpfn_v3,v3,val,1460,HNSCC,HNSCC,2,2,0.28325975,4.7528614e-05,0.30504468,0.20480251,0.20684555
ALL_core_cancer_type_top95,tabpfn_v3,v3,val,3030,LUAD,LUAD,4,4,1.6511322e-05,1.6191472e-05,1.3593028e-05,2.0511416e-05,0.9999332
ALL_core_cancer_type_top95,tabpfn_v3,v3,val,232,BRCA,BRCA,0,0,0.98180836,0.0017367369,0.0038753487,0.0025221016,0.010057446
ALL_core_cancer_type_top95,tabpfn_v3,v3,val,2650,LUAD,HNSCC,4,2,0.28325975,4.7528614e-05,0.30504468,0.20480251,0.20684555
ALL_core_cancer_type_top95,tabpfn_v3,v3,val,2542,LSCC,LSCC,3,3,1.5045647e-05,1.2981068e-05,1.3219032e-05,0.9999412,1.7587387e-05
ALL_core_cancer_type_top95,tabpfn_v3,v3,val,1208,ESCA,ESCA,1,1,1.8774781e-05,0.9998653,3.2975593e-05,3.0088584e-05,5.2920168e-05
ALL_core_cancer_type_top95,tabpfn_v3,v3,val,2557,LSCC,LSCC,3,3,1.4046413e-05,1.2981081e-05,1.3180801e-05,0.9999423,1.7461396e-05
ALL_core_cancer_type_top95,tabpfn_v3,v3,val,1844,HNSCC,HNSCC,2,2,1.334772e-05,1.3107693e-05,0.99994755,1.298115e-05,1.298115e-05
ALL_core_cancer_type_top95,tabpfn_v3,v3,val,2523,LSCC,LSCC,3,3,1.550383e-05,1.3188875e-05,1.3805915e-05,0.9999369,2.064432e-05
ALL_core_cancer_type_top95,tabpfn_v3,v3,val,1618,HNSCC,HNSCC,2,2,1.3366922e-05,1.3241062e-05,0.99994737,1.3016116e-05,1.3032279e-05
ALL_core_cancer_type_top95,tabpfn_v3,v3,val,2461,LSCC,LSCC,3,3,1.5478e-05,1.3748911e-05,1.4842028e-05,0.9999328,2.3105044e-05
ALL_core_cancer_type_top95,tabpfn_v3,v3,val,916,BRCA,BRCA,0,0,0.9999454,1.2981122e-05,1.30268645e-05,1.4984841e-05,1.361825e-05
ALL_core_cancer_type_top95,tabpfn_v3,v3,val,689,BRCA,BRCA,0,0,0.999945,1.2981116e-05,1.3124134e-05,1.4548181e-05,1.4351834e-05
ALL_core_cancer_type_top95,tabpfn_v3,v3,val,3163,LUAD,LUAD,4,4,1.9448305e-05,1.7650755e-05,1.5229697e-05,3.4286535e-05,0.9999134
ALL_core_cancer_type_top95,tabpfn_v3,v3,val,1475,HNSCC,HNSCC,2,2,0.28325975,4.7528614e-05,0.30504468,0.20480251,0.20684555
ALL_core_cancer_type_top95,tabpfn_v3,v3,val,2531,LSCC,LSCC,3,3,1.441771e-05,1.2981098e-05,1.2981098e-05,0.99994355,1.6111737e-05
ALL_core_cancer_type_top95,tabpfn_v3,v3,val,2793,LUAD,LUAD,4,4,1.572199e-05,1.3858145e-05,1.34124675e-05,2.0486053e-05,0.9999365
ALL_core_cancer_type_top95,tabpfn_v3,v3,val,613,BRCA,BRCA,0,0,0.99994373,1.29811015e-05,1.3221937e-05,1.5658099e-05,1.4379619e-05
ALL_core_cancer_type_top95,tabpfn_v3,v3,val,3070,LUAD,LUAD,4,4,1.626659e-05,1.3765755e-05,1.3320183e-05,1.8890945e-05,0.9999378
ALL_core_cancer_type_top95,tabpfn_v3,v3,val,1364,ESCA,ESCA,1,1,2.2288654e-05,0.99983907,2.923635e-05,4.32734e-05,6.611748e-05
ALL_core_cancer_type_top95,tabpfn_v3,v3,val,347,BRCA,BRCA,0,0,0.99994266,1.2981085e-05,1.36509225e-05,1.5991163e-05,1.47236515e-05
ALL_core_cancer_type_top95,tabpfn_v3,v3,val,1338,ESCA,ESCA,1,1,1.4646039e-05,0.99992096,1.5077392e-05,1.6898512e-05,3.232527e-05
ALL_core_cancer_type_top95,tabpfn_v3,v3,val,3176,LUAD,LUAD,4,4,1.6922862e-05,1.4430872e-05,1.3615654e-05,2.2636923e-05,0.9999324
ALL_core_cancer_type_top95,tabpfn_v3,v3,val,2707,LUAD,HNSCC,4,2,0.28325975,4.7528614e-05,0.30504468,0.20480251,0.20684555
ALL_core_cancer_type_top95,tabpfn_v3,v3,val,1874,HNSCC,HNSCC,2,2,1.3135016e-05,1.3002665e-05,0.9999479,1.2981154e-05,1.2981154e-05
ALL_core_cancer_type_top95,tabpfn_v3,v3,val,1249,ESCA,ESCA,1,1,1.5552596e-05,0.9999022,1.8055414e-05,2.0134441e-05,4.4037995e-05
ALL_core_cancer_type_top95,tabpfn_v3,v3,val,793,BRCA,BRCA,0,0,0.99994385,1.29811015e-05,1.3121411e-05,1.4786998e-05,1.5234025e-05
ALL_core_cancer_type_top95,tabpfn_v3,v3,val,3008,LUAD,LUAD,4,4,2.1220738e-05,1.9189183e-05,1.7199658e-05,3.3732642e-05,0.9999087
ALL_core_cancer_type_top95,tabpfn_v3,v3,val,3206,LUAD,LUAD,4,4,2.4986373e-05,2.1896243e-05,1.5311167e-05,3.8125185e-05,0.9998997
ALL_core_cancer_type_top95,tabpfn_v3,v3,val,1691,HNSCC,HNSCC,2,2,1.5252948e-05,1.940122e-05,0.9999362,1.5157598e-05,1.3985492e-05
ALL_core_cancer_type_top95,tabpfn_v3,v3,val,1671,HNSCC,HNSCC,2,2,9.730451e-05,9.6067466e-05,0.9996752,7.70373e-05,5.443918e-05
ALL_core_cancer_type_top95,tabpfn_v3,v3,val,1450,HNSCC,HNSCC,2,2,0.28325975,4.7528614e-05,0.30504468,0.20480251,0.20684555
ALL_core_cancer_type_top95,tabpfn_v3,v3,val,1046,BRCA,BRCA,0,0,0.99994403,1.2981104e-05,1.3159385e-05,1.5532481e-05,1.4261552e-05
ALL_core_cancer_type_top95,tabpfn_v3,v3,val,2617,LUAD,HNSCC,4,2,0.28325975,4.7528614e-05,0.30504468,0.20480251,0.20684555
ALL_core_cancer_type_top95,tabpfn_v3,v3,val,1612,HNSCC,HNSCC,2,2,1.3609869e-05,1.3137714e-05,0.9999469,1.3034969e-05,1.3310665e-05
ALL_core_cancer_type_top95,tabpfn_v3,v3,val,498,BRCA,BRCA,0,0,0.99994034,1.3399792e-05,1.4313481e-05,1.656889e-05,1.5403502e-05
ALL_core_cancer_type_top95,tabpfn_v3,v3,val,1514,HNSCC,HNSCC,2,2,1.3441159e-05,1.3452181e-05,0.9999466,1.3366581e-05,1.3143134e-05
ALL_core_cancer_type_top95,tabpfn_v3,v3,val,764,BRCA,BRCA,0,0,0.99994063,1.3018721e-05,1.3965285e-05,1.5897791e-05,1.649912e-05
ALL_core_cancer_type_top95,tabpfn_v3,v3,val,2676,LUAD,HNSCC,4,2,0.28325975,4.7528614e-05,0.30504468,0.20480251,0.20684555
ALL_core_cancer_type_top95,tabpfn_v3,v3,val,1299,ESCA,ESCA,1,1,1.3437522e-05,0.9999251,1.5729374e-05,1.6917342e-05,2.8842223e-05
ALL_core_cancer_type_top95,tabpfn_v3,v3,val,2849,LUAD,LUAD,4,4,1.7785822e-05,1.4181334e-05,1.3877164e-05,2.6849364e-05,0.9999273
ALL_core_cancer_type_top95,tabpfn_v3,v3,val,126,BRCA,BRCA,0,0,0.99994487,1.2981115e-05,1.3178412e-05,1.4661743e-05,1.4329827e-05
ALL_core_cancer_type_top95,tabpfn_v3,v3,val,3077,LUAD,LUAD,4,4,1.6208609e-05,1.4338368e-05,1.3221814e-05,2.1501713e-05,0.99993473
ALL_core_cancer_type_top95,tabpfn_v3,v3,val,1733,HNSCC,HNSCC,2,2,1.3474253e-05,1.30484605e-05,0.9999475,1.2981149e-05,1.2986524e-05
ALL_core_cancer_type_top95,tabpfn_v3,v3,val,845,BRCA,BRCA,0,0,0.9999437,1.29811e-05,1.3409289e-05,1.50391525e-05,1.4925959e-05
ALL_core_cancer_type_top95,tabpfn_v3,v3,val,1014,BRCA,BRCA,0,0,0.9999431,1.2981092e-05,1.3414534e-05,1.5345446e-05,1.5180836e-05
ALL_core_cancer_type_top95,tabpfn_v3,v3,val,1072,BRCA,BRCA,0,0,0.9999432,1.2981093e-05,1.33057465e-05,1.52479315e-05,1.5274103e-05
ALL_core_cancer_type_top95,tabpfn_v3,v3,val,2432,LSCC,LSCC,3,3,1.4470741e-05,1.2981083e-05,1.2989147e-05,0.9999424,1.7137387e-05
ALL_core_cancer_type_top95,tabpfn_v3,v3,val,298,BRCA,BRCA,0,0,0.9999429,1.298109e-05,1.3995339e-05,1.4873039e-05,1.519157e-05
ALL_core_cancer_type_top95,tabpfn_v3,v3,val,1686,HNSCC,HNSCC,2,2,1.9143148e-05,1.4425968e-05,0.9999386,1.4212475e-05,1.3659761e-05
ALL_core_cancer_type_top95,tabpfn_v3,v3,val,2595,LSCC,LSCC,3,3,1.4131277e-05,1.29810805e-05,1.3876333e-05,0.9999421,1.68782e-05
ALL_core_cancer_type_top95,tabpfn_v3,v3,val,1374,ESCA,ESCA,1,1,0.0001558515,0.9987159,0.00018982479,0.00038118375,0.0005572685
ALL_core_cancer_type_top95,tabpfn_v3,v3,val,819,BRCA,BRCA,0,0,0.99994224,1.2981081e-05,1.3480726e-05,1.5441356e-05,1.5857802e-05
ALL_core_cancer_type_top95,tabpfn_v3,v3,val,2416,LSCC,LSCC,3,3,1.3871217e-05,1.2981116e-05,1.3010702e-05,0.9999449,1.51837985e-05
ALL_core_cancer_type_top95,tabpfn_v3,v3,val,1835,HNSCC,HNSCC,2,2,1.301612e-05,1.32056475e-05,0.99994767,1.3088869e-05,1.29811515e-05
ALL_core_cancer_type_top95,tabpfn_v3,v3,val,2904,LUAD,LUAD,4,4,1.7602184e-05,1.7100321e-05,1.5057383e-05,3.0477802e-05,0.9999198
ALL_core_cancer_type_top95,tabpfn_v3,v3,val,2077,LSCC,HNSCC,3,2,0.28325975,4.7528614e-05,0.30504468,0.20480251,0.20684555
ALL_core_cancer_type_top95,tabpfn_v3,v3,val,2695,LUAD,HNSCC,4,2,0.28325975,4.7528614e-05,0.30504468,0.20480251,0.20684555
ALL_core_cancer_type_top95,tabpfn_v3,v3,val,2055,LSCC,HNSCC,3,2,0.28325975,4.7528614e-05,0.30504468,0.20480251,0.20684555
ALL_core_cancer_type_top95,tabpfn_v3,v3,val,1567,HNSCC,HNSCC,2,2,1.3775683e-05,1.5449155e-05,0.9999439,1.3561098e-05,1.3296966e-05
ALL_core_cancer_type_top95,tabpfn_v3,v3,val,2497,LSCC,LSCC,3,3,1.689033e-05,1.32818905e-05,1.3498128e-05,0.99993783,1.8466706e-05
ALL_core_cancer_type_top95,tabpfn_v3,v3,val,1231,ESCA,ESCA,1,1,1.3080704e-05,0.9999355,1.41943065e-05,1.5588941e-05,2.1627795e-05
ALL_core_cancer_type_top95,tabpfn_v3,v3,val,1351,ESCA,ESCA,1,1,1.3229977e-05,0.9999338,1.458982e-05,1.52154125e-05,2.3197372e-05
ALL_core_cancer_type_top95,tabpfn_v3,v3,val,1624,HNSCC,HNSCC,2,2,1.3145863e-05,1.3051163e-05,0.9999478,1.2981153e-05,1.2981153e-05
ALL_core_cancer_type_top95,tabpfn_v3,v3,val,3076,LUAD,LUAD,4,4,2.1929358e-05,2.83664e-05,2.0704658e-05,3.1768675e-05,0.99989724
ALL_core_cancer_type_top95,tabpfn_v3,v3,val,2978,LUAD,LUAD,4,4,1.9913588e-05,2.185601e-05,1.4968783e-05,2.7507593e-05,0.9999158
ALL_core_cancer_type_top95,tabpfn_v3,v3,val,2797,LUAD,LUAD,4,4,1.8714576e-05,1.6014541e-05,1.390205e-05,2.5278125e-05,0.9999261
ALL_core_cancer_type_top95,tabpfn_v3,v3,val,605,BRCA,BRCA,0,0,0.99994385,1.29811015e-05,1.3472216e-05,1.5113222e-05,1.4522059e-05
ALL_core_cancer_type_top95,tabpfn_v3,v3,val,1993,HNSCC,HNSCC,2,2,1.3249249e-05,1.3208368e-05,0.9999475,1.2981151e-05,1.3037672e-05
ALL_core_cancer_type_top95,tabpfn_v3,v3,val,1673,HNSCC,HNSCC,2,2,3.7648137e-05,1.753275e-05,0.99988824,3.2166834e-05,2.4432084e-05
ALL_core_cancer_type_top95,tabpfn_v3,v3,val,2444,LSCC,LSCC,3,3,1.3969982e-05,1.4026252e-05,1.4472857e-05,0.9999287,2.8815886e-05
ALL_core_cancer_type_top95,tabpfn_v3,v3,val,2803,LUAD,LUAD,4,4,1.8506227e-05,2.3059692e-05,1.5900718e-05,4.8386788e-05,0.99989414
ALL_core_cancer_type_top95,tabpfn_v3,v3,val,1391,HNSCC,HNSCC,2,2,0.28325975,4.7528614e-05,0.30504468,0.20480251,0.20684555
ALL_core_cancer_type_top95,tabpfn_v3,v3,val,360,BRCA,BRCA,0,0,0.9999443,1.2981108e-05,1.2981108e-05,1.5079267e-05,1.4638817e-05
ALL_core_cancer_type_top95,tabpfn_v3,v3,val,2693,LUAD,HNSCC,4,2,0.28325975,4.7528614e-05,0.30504468,0.20480251,0.20684555
ALL_core_cancer_type_top95,tabpfn_v3,v3,val,2450,LSCC,LSCC,3,3,1.4152787e-05,1.3570947e-05,1.3572946e-05,0.9999402,1.8500943e-05
ALL_core_cancer_type_top95,tabpfn_v3,v3,val,2924,LUAD,LUAD,4,4,1.938484e-05,1.9531735e-05,1.6402662e-05,3.301312e-05,0.99991167
ALL_core_cancer_type_top95,tabpfn_v3,v3,val,1279,ESCA,ESCA,1,1,3.1008207e-05,0.99981326,5.0189214e-05,3.9170267e-05,6.6378285e-05
ALL_core_cancer_type_top95,tabpfn_v3,v3,val,1269,ESCA,ESCA,1,1,2.5087067e-05,0.9998445,3.5600035e-05,3.525024e-05,5.9627782e-05
ALL_core_cancer_type_top95,tabpfn_v3,v3,val,2471,LSCC,LSCC,3,3,1.3576241e-05,1.298109e-05,1.3115978e-05,0.9999429,1.7397444e-05
ALL_core_cancer_type_top95,tabpfn_v3,v3,val,78,BRCA,HNSCC,0,2,0.28325975,4.7528614e-05,0.30504468,0.20480251,0.20684555
ALL_core_cancer_type_top95,tabpfn_v3,v3,val,1517,HNSCC,HNSCC,2,2,1.3339495e-05,1.2997281e-05,0.99994767,1.29811515e-05,1.29811515e-05
ALL_core_cancer_type_top95,tabpfn_v3,v3,val,1730,HNSCC,HNSCC,2,2,1.43366915e-05,1.4234087e-05,0.99994546,1.2981123e-05,1.2981123e-05
ALL_core_cancer_type_top95,tabpfn_v3,v3,val,382,BRCA,BRCA,0,0,0.9999447,1.2981113e-05,1.3438381e-05,1.4830669e-05,1.4058134e-05
ALL_core_cancer_type_top95,tabpfn_v3,v3,val,131,BRCA,BRCA,0,0,0.99994475,1.2981113e-05,1.2981113e-05,1.4901582e-05,1.4393953e-05
ALL_core_cancer_type_top95,tabpfn_v3,v3,val,2995,LUAD,LUAD,4,4,1.9235846e-05,1.722731e-05,1.4574762e-05,3.727401e-05,0.9999117
ALL_core_cancer_type_top95,tabpfn_v3,v3,val,861,BRCA,BRCA,0,0,0.999945,1.2981116e-05,1.31295565e-05,1.4733911e-05,1.4169541e-05
ALL_core_cancer_type_top95,tabpfn_v3,v3,val,2112,LSCC,HNSCC,3,2,0.28325975,4.7528614e-05,0.30504468,0.20480251,0.20684555
ALL_core_cancer_type_top95,tabpfn_v3,v3,val,177,BRCA,BRCA,0,0,0.9999425,1.2981084e-05,1.325464e-05,1.4791568e-05,1.6503678e-05
ALL_core_cancer_type_top95,tabpfn_v3,v3,val,772,BRCA,BRCA,0,0,0.99994,1.2981051e-05,1.4489699e-05,1.6303802e-05,1.6251826e-05
ALL_core_cancer_type_top95,tabpfn_v3,v3,val,2411,LSCC,LSCC,3,3,1.4741007e-05,1.298109e-05,1.298109e-05,0.99994284,1.6466818e-05
ALL_core_cancer_type_top95,tabpfn_v3,v3,val,2863,LUAD,LUAD,4,4,1.6185433e-05,1.3534914e-05,1.320279e-05,1.9596646e-05,0.9999375
ALL_core_cancer_type_top95,tabpfn_v3,v3,val,1852,HNSCC,HNSCC,2,2,1.4643714e-05,1.3405365e-05,0.9999458,1.2981128e-05,1.3113309e-05
ALL_core_cancer_type_top95,tabpfn_v3,v3,val,476,BRCA,BRCA,0,0,0.9999369,1.3874949e-05,1.8504448e-05,1.6266102e-05,1.4487855e-05
ALL_core_cancer_type_top95,tabpfn_v3,v3,val,2808,LUAD,LUAD,4,4,1.9637784e-05,1.4922338e-05,1.3348716e-05,2.0862655e-05,0.9999312
ALL_core_cancer_type_top95,tabpfn_v3,v3,val,2922,LUAD,LUAD,4,4,1.7962599e-05,1.37369425e-05,1.3466901e-05,2.1759615e-05,0.99993306
ALL_core_cancer_type_top95,tabpfn_v3,v3,val,2869,LUAD,LUAD,4,4,1.839115e-05,1.5386518e-05,1.3388674e-05,2.1511809e-05,0.99993134
ALL_core_cancer_type_top95,tabpfn_v3,v3,val,2885,LUAD,LUAD,4,4,2.4525225e-05,2.2031832e-05,1.8778841e-05,4.3765205e-05,0.9998909
ALL_core_cancer_type_top95,tabpfn_v3,v3,val,2451,LSCC,LSCC,3,3,1.558421e-05,1.29810105e-05,1.38117375e-05,0.9999368,2.0815749e-05
ALL_core_cancer_type_top95,tabpfn_v3,v3,val,976,BRCA,BRCA,0,0,0.9999434,1.2981097e-05,1.3159377e-05,1.5641665e-05,1.4830291e-05
ALL_core_cancer_type_top95,tabpfn_v3,v3,val,1139,BRCA,BRCA,0,0,0.99994004,1.2981052e-05,1.4338791e-05,1.5783786e-05,1.6847629e-05
ALL_core_cancer_type_top95,tabpfn_v3,v3,val,1055,BRCA,BRCA,0,0,0.9999224,1.6936572e-05,2.2928649e-05,1.9054733e-05,1.8670016e-05
ALL_core_cancer_type_top95,tabpfn_v3,v3,test,397,BRCA,LSCC,0,3,0.16156897,0.0012247368,0.172376,0.42578584,0.23904443
ALL_core_cancer_type_top95,tabpfn_v3,v3,test,954,BRCA,BRCA,0,0,0.99993587,1.3169654e-05,1.6877635e-05,1.6200986e-05,1.789129e-05
ALL_core_cancer_type_top95,tabpfn_v3,v3,test,791,BRCA,BRCA,0,0,0.9999398,1.3115939e-05,1.4485918e-05,1.6754848e-05,1.5848995e-05
ALL_core_cancer_type_top95,tabpfn_v3,v3,test,1021,BRCA,BRCA,0,0,0.9999427,1.2981088e-05,1.3853174e-05,1.5187797e-05,1.5230183e-05
ALL_core_cancer_type_top95,tabpfn_v3,v3,test,2435,LSCC,LSCC,3,3,1.6213755e-05,1.3704529e-05,1.560895e-05,0.9999291,2.5420088e-05
ALL_core_cancer_type_top95,tabpfn_v3,v3,test,1933,HNSCC,HNSCC,2,2,1.30889775e-05,1.3162148e-05,0.9999476,1.3181166e-05,1.3013426e-05
ALL_core_cancer_type_top95,tabpfn_v3,v3,test,1981,HNSCC,HNSCC,2,2,2.1883428e-05,2.1828762e-05,0.99992126,1.88865e-05,1.6151676e-05
ALL_core_cancer_type_top95,tabpfn_v3,v3,test,2323,LSCC,LSCC,3,3,1.5160923e-05,1.2981072e-05,1.3169738e-05,0.9999415,1.7159922e-05
ALL_core_cancer_type_top95,tabpfn_v3,v3,test,972,BRCA,BRCA,0,0,0.9999458,1.2981127e-05,1.30430435e-05,1.4412673e-05,1.370186e-05
ALL_core_cancer_type_top95,tabpfn_v3,v3,test,776,BRCA,BRCA,0,0,0.9999437,1.2981101e-05,1.3839155e-05,1.470213e-05,1.4809276e-05
ALL_core_cancer_type_top95,tabpfn_v3,v3,test,646,BRCA,BRCA,0,0,0.99991435,1.3116489e-05,1.9784364e-05,3.2909596e-05,1.9864638e-05
ALL_core_cancer_type_top95,tabpfn_v3,v3,test,540,BRCA,BRCA,0,0,0.9999454,1.29811215e-05,1.33971125e-05,1.4662876e-05,1.3506581e-05
ALL_core_cancer_type_top95,tabpfn_v3,v3,test,1111,BRCA,BRCA,0,0,0.9999445,1.2981111e-05,1.3353164e-05,1.5073503e-05,1.4049505e-05
ALL_core_cancer_type_top95,tabpfn_v3,v3,test,698,BRCA,BRCA,0,0,0.99994534,1.2981122e-05,1.3435634e-05,1.4635047e-05,1.35642495e-05
ALL_core_cancer_type_top95,tabpfn_v3,v3,test,1416,HNSCC,HNSCC,2,2,0.28325975,4.7528614e-05,0.30504468,0.20480251,0.20684555
ALL_core_cancer_type_top95,tabpfn_v3,v3,test,1175,BRCA,BRCA,0,0,0.99994266,1.2981087e-05,1.3375744e-05,1.6084852e-05,1.49250845e-05
ALL_core_cancer_type_top95,tabpfn_v3,v3,test,2126,LSCC,HNSCC,3,2,0.28325975,4.7528614e-05,0.30504468,0.20480251,0.20684555
ALL_core_cancer_type_top95,tabpfn_v3,v3,test,2834,LUAD,LUAD,4,4,1.646946e-05,1.5545784e-05,1.3243627e-05,1.9554647e-05,0.9999352
ALL_core_cancer_type_top95,tabpfn_v3,v3,test,201,BRCA,BRCA,0,0,0.9999392,1.2981041e-05,1.3500053e-05,1.8169458e-05,1.6142922e-05
ALL_core_cancer_type_top95,tabpfn_v3,v3,test,2512,LSCC,LSCC,3,3,1.36918925e-05,1.2981089e-05,1.3086211e-05,0.9999429,1.7368997e-05
ALL_core_cancer_type_top95,tabpfn_v3,v3,test,1659,HNSCC,HNSCC,2,2,1.2981154e-05,1.3107922e-05,0.9999479,1.3005355e-05,1.2981154e-05
ALL_core_cancer_type_top95,tabpfn_v3,v3,test,751,BRCA,BRCA,0,0,0.9999434,1.2981096e-05,1.3496585e-05,1.5494423e-05,1.4633754e-05
ALL_core_cancer_type_top95,tabpfn_v3,v3,test,3228,LUAD,LUAD,4,4,1.816676e-05,1.4252051e-05,1.41563205e-05,2.3090452e-05,0.9999303
ALL_core_cancer_type_top95,tabpfn_v3,v3,test,134,BRCA,BRCA,0,0,0.9999431,1.2981093e-05,1.4156835e-05,1.5342237e-05,1.4417476e-05
ALL_core_cancer_type_top95,tabpfn_v3,v3,test,2886,LUAD,LUAD,4,4,1.7707896e-05,1.5885124e-05,1.3286498e-05,2.1863048e-05,0.9999313
ALL_core_cancer_type_top95,tabpfn_v3,v3,test,1731,HNSCC,HNSCC,2,2,1.3838187e-05,1.4263726e-05,0.9999456,1.3359717e-05,1.2997254e-05
ALL_core_cancer_type_top95,tabpfn_v3,v3,test,1864,HNSCC,HNSCC,2,2,1.3584725e-05,1.3196828e-05,0.9999467,1.3200191e-05,1.3364112e-05
ALL_core_cancer_type_top95,tabpfn_v3,v3,test,143,BRCA,BRCA,0,0,0.9999443,1.2981109e-05,1.3397099e-05,1.5000414e-05,1.4273105e-05
ALL_core_cancer_type_top95,tabpfn_v3,v3,test,2633,LUAD,HNSCC,4,2,0.28325975,4.7528614e-05,0.30504468,0.20480251,0.20684555
ALL_core_cancer_type_top95,tabpfn_v3,v3,test,2601,LSCC,LSCC,3,3,1.733693e-05,1.3322913e-05,1.3786255e-05,0.99993676,1.8778766e-05
ALL_core_cancer_type_top95,tabpfn_v3,v3,test,1727,HNSCC,HNSCC,2,2,1.3388893e-05,1.3153673e-05,0.99994737,1.3134662e-05,1.2999966e-05
ALL_core_cancer_type_top95,tabpfn_v3,v3,test,831,BRCA,LSCC,0,3,0.1258522,0.0050080423,0.13522772,0.41615868,0.31775337
ALL_core_cancer_type_top95,tabpfn_v3,v3,test,1711,HNSCC,HNSCC,2,2,1.3394388e-05,1.330389e-05,0.99994725,1.2981146e-05,1.3064651e-05
ALL_core_cancer_type_top95,tabpfn_v3,v3,test,683,BRCA,BRCA,0,0,0.99993795,1.2981026e-05,1.4393326e-05,1.6661419e-05,1.8012912e-05
ALL_core_cancer_type_top95,tabpfn_v3,v3,test,729,BRCA,BRCA,0,0,0.9999446,1.2981112e-05,1.322467e-05,1.4883464e-05,1.4251122e-05
ALL_core_cancer_type_top95,tabpfn_v3,v3,test,455,BRCA,BRCA,0,0,0.9999441,1.2981106e-05,1.3134656e-05,1.514948e-05,1.4638516e-05
ALL_core_cancer_type_top95,tabpfn_v3,v3,test,1059,BRCA,BRCA,0,0,0.9999386,1.31077995e-05,1.6283722e-05,1.5234314e-05,1.6796677e-05
ALL_core_cancer_type_top95,tabpfn_v3,v3,test,2342,LSCC,LSCC,3,3,1.7749175e-05,1.3497542e-05,1.4465382e-05,0.9999272,2.704784e-05
ALL_core_cancer_type_top95,tabpfn_v3,v3,test,1301,ESCA,ESCA,1,1,1.380823e-05,0.9999291,1.4618605e-05,1.7340537e-05,2.5176427e-05
ALL_core_cancer_type_top95,tabpfn_v3,v3,test,1383,ESCA,ESCA,1,1,3.4813063e-05,0.99967456,3.5392277e-05,0.00012408107,0.00013116919
ALL_core_cancer_type_top95,tabpfn_v3,v3,test,1924,HNSCC,HNSCC,2,2,1.7998394e-05,1.9360967e-05,0.99993056,1.5915753e-05,1.617639e-05
ALL_core_cancer_type_top95,tabpfn_v3,v3,test,2795,LUAD,LUAD,4,4,1.7720566e-05,1.603589e-05,1.3261556e-05,2.1124304e-05,0.9999319
ALL_core_cancer_type_top95,tabpfn_v3,v3,test,2477,LSCC,LSCC,3,3,1.5741363e-05,1.33592785e-05,1.7971604e-05,0.9999192,3.3774522e-05
ALL_core_cancer_type_top95,tabpfn_v3,v3,test,2774,LUAD,LUAD,4,4,1.6905484e-05,1.7089864e-05,1.32618525e-05,2.5083504e-05,0.99992764
ALL_core_cancer_type_top95,tabpfn_v3,v3,test,2316,LSCC,LSCC,3,3,1.433756e-05,1.2981089e-05,1.3129099e-05,0.9999428,1.676505e-05
ALL_core_cancer_type_top95,tabpfn_v3,v3,test,1819,HNSCC,HNSCC,2,2,1.3984451e-05,1.362096e-05,0.9999456,1.3813842e-05,1.2981124e-05
ALL_core_cancer_type_top95,tabpfn_v3,v3,test,337,BRCA,BRCA,0,0,0.9999423,1.2981081e-05,1.4008168e-05,1.4997404e-05,1.5681382e-05
ALL_core_cancer_type_top95,tabpfn_v3,v3,test,1329,ESCA,ESCA,1,1,1.3784822e-05,0.9999322,1.4141413e-05,1.565769e-05,2.4222625e-05
ALL_core_cancer_type_top95,tabpfn_v3,v3,test,2540,LSCC,LSCC,3,3,1.5742466e-05,1.4020863e-05,1.9370314e-05,0.9999118,3.911724e-05
ALL_core_cancer_type_top95,tabpfn_v3,v3,test,1237,ESCA,ESCA,1,1,1.9682595e-05,0.99988425,2.8633865e-05,2.4477446e-05,4.2960517e-05
ALL_core_cancer_type_top95,tabpfn_v3,v3,test,2833,LUAD,LUAD,4,4,1.869365e-05,1.5123157e-05,1.4033764e-05,2.7487496e-05,0.99992466
ALL_core_cancer_type_top95,tabpfn_v3,v3,test,2714,LUAD,HNSCC,4,2,0.28325975,4.7528614e-05,0.30504468,0.20480251,0.20684555
ALL_core_cancer_type_top95,tabpfn_v3,v3,test,1076,BRCA,BRCA,0,0,0.99994296,1.2981091e-05,1.4291075e-05,1.5224838e-05,1.4529061e-05
ALL_core_cancer_type_top95,tabpfn_v3,v3,test,1259,ESCA,ESCA,1,1,0.00029164294,0.99770176,0.0003166465,0.00063275784,0.0010571636
ALL_core_cancer_type_top95,tabpfn_v3,v3,test,13,BRCA,HNSCC,0,2,0.28325975,4.7528614e-05,0.30504468,0.20480251,0.20684555
ALL_core_cancer_type_top95,tabpfn_v3,v3,test,1872,HNSCC,HNSCC,2,2,1.37770585e-05,1.3088972e-05,0.99994713,1.2981145e-05,1.3008037e-05
ALL_core_cancer_type_top95,tabpfn_v3,v3,test,681,BRCA,BRCA,0,0,0.9999442,1.2981107e-05,1.3529467e-05,1.5272382e-05,1.40219345e-05
ALL_core_cancer_type_top95,tabpfn_v3,v3,test,2726,LUAD,LUAD,4,4,2.142034e-05,1.9544392e-05,1.713792e-05,3.3208402e-05,0.9999087
ALL_core_cancer_type_top95,tabpfn_v3,v3,test,1095,BRCA,BRCA,0,0,0.9998944,1.3912247e-05,3.44701e-05,2.4356183e-05,3.2911947e-05
ALL_core_cancer_type_top95,tabpfn_v3,v3,test,2750,LUAD,LUAD,4,4,1.8707198e-05,1.541e-05,1.367155e-05,2.4358154e-05,0.9999279
ALL_core_cancer_type_top95,tabpfn_v3,v3,test,805,BRCA,BRCA,0,0,0.9999461,1.2981132e-05,1.3175708e-05,1.4410929e-05,1.326689e-05
ALL_core_cancer_type_top95,tabpfn_v3,v3,test,246,BRCA,BRCA,0,0,0.999943,1.29810915e-05,1.3308064e-05,1.5361855e-05,1.5296708e-05
ALL_core_cancer_type_top95,tabpfn_v3,v3,test,2124,LSCC,HNSCC,3,2,0.28325975,4.7528614e-05,0.30504468,0.20480251,0.20684555
ALL_core_cancer_type_top95,tabpfn_v3,v3,test,492,BRCA,BRCA,0,0,0.9999446,1.2981112e-05,1.4025687e-05,1.4493738e-05,1.3866355e-05
ALL_core_cancer_type_top95,tabpfn_v3,v3,test,891,BRCA,BRCA,0,0,0.9998534,1.3201759e-05,4.5571003e-05,4.0350988e-05,4.7517777e-05
ALL_core_cancer_type_top95,tabpfn_v3,v3,test,3229,LUAD,LUAD,4,4,1.7048951e-05,1.3768512e-05,1.3769601e-05,1.9831248e-05,0.99993557
ALL_core_cancer_type_top95,tabpfn_v3,v3,test,2399,LSCC,LSCC,3,3,1.4288986e-05,1.2981081e-05,1.3086203e-05,0.9999423,1.7319799e-05
ALL_core_cancer_type_top95,tabpfn_v3,v3,test,1767,HNSCC,HNSCC,2,2,1.3320317e-05,1.3059258e-05,0.9999476,1.2981151e-05,1.2981151e-05
ALL_core_cancer_type_top95,tabpfn_v3,v3,test,1083,BRCA,BRCA,0,0,0.9999188,1.4891057e-05,2.578328e-05,1.8292172e-05,2.2164963e-05
ALL_core_cancer_type_top95,tabpfn_v3,v3,test,951,BRCA,BRCA,0,0,0.99992067,1.3497074e-05,1.8287377e-05,2.8915569e-05,1.8683078e-05
ALL_core_cancer_type_top95,tabpfn_v3,v3,test,1270,ESCA,ESCA,1,1,0.00018787247,0.9981873,0.00020847414,0.0007045776,0.0007116847
ALL_core_cancer_type_top95,tabpfn_v3,v3,test,2102,LSCC,HNSCC,3,2,0.28325975,4.7528614e-05,0.30504468,0.20480251,0.20684555
ALL_core_cancer_type_top95,tabpfn_v3,v3,test,1763,HNSCC,HNSCC,2,2,1.579396e-05,1.7231301e-05,0.99993885,1.3355771e-05,1.4779276e-05
ALL_core_cancer_type_top95,tabpfn_v3,v3,test,1126,BRCA,BRCA,0,0,0.9999437,1.2981101e-05,1.3992587e-05,1.4685321e-05,1.4652241e-05
ALL_core_cancer_type_top95,tabpfn_v3,v3,test,1877,HNSCC,HNSCC,2,2,1.3091686e-05,1.2991904e-05,0.9999479,1.2981154e-05,1.3024202e-05
ALL_core_cancer_type_top95,tabpfn_v3,v3,test,600,BRCA,BRCA,0,0,0.9999457,1.2981126e-05,1.3088952e-05,1.4525657e-05,1.3683797e-05
ALL_core_cancer_type_top95,tabpfn_v3,v3,test,3155,LUAD,LUAD,4,4,2.1489763e-05,2.0012123e-05,1.699194e-05,4.8019607e-05,0.9998935
ALL_core_cancer_type_top95,tabpfn_v3,v3,test,3177,LUAD,LUAD,4,4,2.0029142e-05,1.5403732e-05,1.5603311e-05,3.4211003e-05,0.99991477
ALL_core_cancer_type_top95,tabpfn_v3,v3,test,1093,BRCA,BRCA,0,0,0.9999458,1.2981127e-05,1.3051136e-05,1.4449222e-05,1.3683426e-05
ALL_core_cancer_type_top95,tabpfn_v3,v3,test,1189,BRCA,BRCA,0,0,0.9999449,1.2981117e-05,1.3362926e-05,1.4489591e-05,1.4232402e-05
ALL_core_cancer_type_top95,tabpfn_v3,v3,test,1816,HNSCC,HNSCC,2,2,1.5344953e-05,1.3956346e-05,0.9999413,1.5413954e-05,1.3889069e-05
ALL_core_cancer_type_top95,tabpfn_v3,v3,test,1114,BRCA,BRCA,0,0,0.99994475,1.2981114e-05,1.337787e-05,1.4761133e-05,1.4127433e-05
ALL_core_cancer_type_top95,tabpfn_v3,v3,test,315,BRCA,BRCA,0,0,0.999944,1.2981105e-05,1.3841924e-05,1.4681005e-05,1.45636795e-05
ALL_core_cancer_type_top95,tabpfn_v3,v3,test,2107,LSCC,HNSCC,3,2,0.28325975,4.7528614e-05,0.30504468,0.20480251,0.20684555
ALL_core_cancer_type_top95,tabpfn_v3,v3,test,2737,LUAD,LUAD,4,4,1.6441452e-05,1.4074387e-05,1.3568474e-05,1.9023146e-05,0.9999369
ALL_core_cancer_type_top95,tabpfn_v3,v3,test,2775,LUAD,LUAD,4,4,1.6541206e-05,1.4518697e-05,1.3795292e-05,2.1967651e-05,0.9999332
ALL_core_cancer_type_top95,tabpfn_v3,v3,test,794,BRCA,BRCA,0,0,0.99992454,1.3315559e-05,1.594552e-05,3.0000461e-05,1.6191763e-05
ALL_core_cancer_type_top95,tabpfn_v3,v3,test,95,BRCA,HNSCC,0,2,0.28325975,4.7528614e-05,0.30504468,0.20480251,0.20684555
ALL_core_cancer_type_top95,tabpfn_v3,v3,test,3232,LUAD,LUAD,4,4,2.381922e-05,2.0699787e-05,2.16062e-05,4.6055044e-05,0.9998878
ALL_core_cancer_type_top95,tabpfn_v3,v3,test,647,BRCA,BRCA,0,0,0.9999437,1.2981099e-05,1.3369562e-05,1.4897127e-05,1.508322e-05
ALL_core_cancer_type_top95,tabpfn_v3,v3,test,2403,LSCC,LSCC,3,3,1.4151497e-05,1.2981096e-05,1.2981096e-05,0.9999434,1.6545204e-05
ALL_core_cancer_type_top95,tabpfn_v3,v3,test,1587,HNSCC,HNSCC,2,2,1.4650166e-05,1.3281989e-05,0.99994546,1.318055e-05,1.3416362e-05
ALL_core_cancer_type_top95,tabpfn_v3,v3,test,524,BRCA,BRCA,0,0,0.9999431,1.29810915e-05,1.3178388e-05,1.57342e-05,1.5001986e-05
ALL_core_cancer_type_top95,tabpfn_v3,v3,test,1016,BRCA,BRCA,0,0,0.99994564,1.2981127e-05,1.32464975e-05,1.445827e-05,1.3663147e-05
ALL_core_cancer_type_top95,tabpfn_v3,v3,test,3045,LUAD,LUAD,4,4,1.6187347e-05,1.5029217e-05,1.3358526e-05,2.0010097e-05,0.9999354
ALL_core_cancer_type_top95,tabpfn_v3,v3,test,1298,ESCA,ESCA,1,1,1.7962733e-05,0.99987096,2.0704492e-05,3.8424532e-05,5.2002215e-05
ALL_core_cancer_type_top95,tabpfn_v3,v3,test,2824,LUAD,LUAD,4,4,1.6004133e-05,1.6217125e-05,1.3339278e-05,2.3262495e-05,0.99993116
ALL_core_cancer_type_top95,tabpfn_v3,v3,test,2162,LSCC,LSCC,3,3,1.6142763e-05,1.4585063e-05,2.2316599e-05,0.9999043,4.2655356e-05
ALL_core_cancer_type_top95,tabpfn_v3,v3,test,459,BRCA,BRCA,0,0,0.99994576,1.2981128e-05,1.3129567e-05,1.44885325e-05,1.36436e-05
ALL_core_cancer_type_top95,tabpfn_v3,v3,test,466,BRCA,BRCA,0,0,0.9999337,1.29809705e-05,1.5006133e-05,2.0894533e-05,1.7359878e-05
ALL_core_cancer_type_top95,tabpfn_v3,v3,test,1653,HNSCC,HNSCC,2,2,1.4851904e-05,1.5624946e-05,0.9999425,1.3329597e-05,1.3737873e-05
ALL_core_cancer_type_top95,tabpfn_v3,v3,test,1789,HNSCC,HNSCC,2,2,1.3051164e-05,1.2981155e-05,0.99994797,1.2981155e-05,1.2981155e-05
ALL_core_cancer_type_top95,tabpfn_v3,v3,test,1390,HNSCC,HNSCC,2,2,0.28325975,4.7528614e-05,0.30504468,0.20480251,0.20684555
ALL_core_cancer_type_top95,tabpfn_v3,v3,test,2318,LSCC,LSCC,3,3,1.4538222e-05,1.2981034e-05,1.3357143e-05,0.9999386,2.0484591e-05
ALL_core_cancer_type_top95,tabpfn_v3,v3,test,161,BRCA,BRCA,0,0,0.9999421,1.3029516e-05,1.3612271e-05,1.5963777e-05,1.5273537e-05
ALL_core_cancer_type_top95,tabpfn_v3,v3,test,2135,LSCC,LSCC,3,3,1.9880672e-05,1.5371588e-05,2.0638721e-05,0.9999139,3.0198555e-05
ALL_core_cancer_type_top95,tabpfn_v3,v3,test,205,BRCA,BRCA,0,0,0.99993455,1.320003e-05,1.7739383e-05,1.6078182e-05,1.8398128e-05
ALL_core_cancer_type_top95,tabpfn_v3,v3,test,2883,LUAD,LUAD,4,4,1.9042975e-05,1.5921316e-05,1.32940895e-05,2.3749693e-05,0.999928
ALL_core_cancer_type_top95,tabpfn_v3,v3,test,2593,LSCC,LSCC,3,3,2.1693735e-05,1.4225255e-05,1.6128484e-05,0.99992216,2.5817968e-05
ALL_core_cancer_type_top95,tabpfn_v3,v3,test,1184,BRCA,BRCA,0,0,0.99994564,1.2981125e-05,1.3156692e-05,1.4684853e-05,1.3546995e-05
ALL_core_cancer_type_top95,tabpfn_v3,v3,test,1176,BRCA,BRCA,0,0,0.9999451,1.298112e-05,1.3040339e-05,1.4961386e-05,1.386074e-05
ALL_core_cancer_type_top95,tabpfn_v3,v3,test,1557,HNSCC,HNSCC,2,2,1.4433916e-05,1.3803876e-05,0.9999452,1.3202188e-05,1.3344944e-05
ALL_core_cancer_type_top95,tabpfn_v3,v3,test,2515,LSCC,LSCC,3,3,1.583828e-05,1.298106e-05,1.3289287e-05,0.9999406,1.7345465e-05
ALL_core_cancer_type_top95,tabpfn_v3,v3,test,1448,HNSCC,HNSCC,2,2,0.28325975,4.7528614e-05,0.30504468,0.20480251,0.20684555
ALL_core_cancer_type_top95,tabpfn_v3,v3,test,2908,LUAD,LUAD,4,4,4.469632e-05,6.6973786e-05,5.835678e-05,0.00012883394,0.99970114
ALL_core_cancer_type_top95,tabpfn_v3,v3,test,835,BRCA,BRCA,0,0,0.9999416,1.2981072e-05,1.3854942e-05,1.5170231e-05,1.6390102e-05
ALL_core_cancer_type_top95,tabpfn_v3,v3,test,1340,ESCA,ESCA,1,1,0.00037908068,0.99634004,0.0004418842,0.0013974517,0.0014414893
ALL_core_cancer_type_top95,tabpfn_v3,v3,test,1495,HNSCC,HNSCC,2,2,0.28325975,4.7528614e-05,0.30504468,0.20480251,0.20684555
ALL_core_cancer_type_top95,tabpfn_v3,v3,test,2722,LUAD,HNSCC,4,2,0.28325975,4.7528614e-05,0.30504468,0.20480251,0.20684555
ALL_core_cancer_type_top95,tabpfn_v3,v3,test,779,BRCA,BRCA,0,0,0.99994606,1.2981132e-05,1.3070038e-05,1.4369259e-05,1.3552079e-05
ALL_core_cancer_type_top95,tabpfn_v3,v3,test,3013,LUAD,LUAD,4,4,1.793934e-05,1.401572e-05,1.3509067e-05,2.2811613e-05,0.99993175
ALL_core_cancer_type_top95,tabpfn_v3,v3,test,391,BRCA,BRCA,0,0,0.9999416,1.2981072e-05,1.4044146e-05,1.6983493e-05,1.4342626e-05
ALL_core_cancer_type_top95,tabpfn_v3,v3,test,1302,ESCA,ESCA,1,1,1.2981065e-05,0.999941,1.3649798e-05,1.4064362e-05,1.831819e-05
ALL_core_cancer_type_top95,tabpfn_v3,v3,test,1722,HNSCC,HNSCC,2,2,1.3137724e-05,1.3219263e-05,0.99994767,1.29811515e-05,1.29811515e-05
ALL_core_cancer_type_top95,tabpfn_v3,v3,test,1272,ESCA,ESCA,1,1,0.00035664567,0.99646664,0.0003781545,0.0014343968,0.0013641897
ALL_core_cancer_type_top95,tabpfn_v3,v3,test,3021,LUAD,LUAD,4,4,2.683901e-05,2.3455495e-05,2.0025454e-05,3.572714e-05,0.9998939
ALL_core_cancer_type_top95,tabpfn_v3,v3,test,2161,LSCC,LSCC,3,3,1.9575697e-05,2.0429121e-05,2.3114031e-05,0.9998976,3.9291608e-05
ALL_core_cancer_type_top95,tabpfn_v3,v3,test,1085,BRCA,BRCA,0,0,0.99994606,1.2981132e-05,1.3088958e-05,1.43796005e-05,1.3470395e-05
ALL_core_cancer_type_top95,tabpfn_v3,v3,test,1367,ESCA,ESCA,1,1,0.0013837784,0.98549247,0.0014164046,0.006480634,0.0052267485
ALL_core_cancer_type_top95,tabpfn_v3,v3,test,378,BRCA,BRCA,0,0,0.99994445,1.298111e-05,1.3904914e-05,1.4258284e-05,1.4423138e-05
ALL_core_cancer_type_top95,tabpfn_v3,v3,test,2417,LSCC,LSCC,3,3,1.4208689e-05,1.2981097e-05,1.2981097e-05,0.9999435,1.6309394e-05
ALL_core_cancer_type_top95,tabpfn_v3,v3,test,2603,LSCC,LSCC,3,3,1.4077978e-05,1.298111e-05,1.3043026e-05,0.9999444,1.5512016e-05
ALL_core_cancer_type_top95,tabpfn_v3,v3,test,2759,LUAD,LUAD,4,4,1.6679352e-05,1.561055e-05,1.3532976e-05,2.5434261e-05,0.9999288
ALL_core_cancer_type_top95,tabpfn_v3,v3,test,2005,HNSCC,HNSCC,2,2,1.3542774e-05,1.3615409e-05,0.9999457,1.3451456e-05,1.3671015e-05
ALL_core_cancer_type_top95,tabpfn_v3,v3,test,2281,LSCC,LSCC,3,3,1.4092879e-05,1.2981098e-05,1.3153948e-05,0.9999435,1.6250502e-05
ALL_core_cancer_type_top95,tabpfn_v3,v3,test,401,BRCA,BRCA,0,0,0.9999336,1.298097e-05,1.6646454e-05,1.7756263e-05,1.9030778e-05
ALL_core_cancer_type_top95,tabpfn_v3,v3,test,1398,HNSCC,HNSCC,2,2,0.28325975,4.7528614e-05,0.30504468,0.20480251,0.20684555
ALL_core_cancer_type_top95,tabpfn_v3,v3,test,3205,LUAD,LUAD,4,4,1.7740429e-05,1.7798278e-05,1.47496285e-05,3.281523e-05,0.9999169
ALL_core_cancer_type_top95,tabpfn_v3,v3,test,1827,HNSCC,HNSCC,2,2,0.00014304782,5.652426e-05,0.9995233,0.00010399687,0.00017313656
ALL_core_cancer_type_top95,tabpfn_v3,v3,test,2238,LSCC,LSCC,3,3,1.5830778e-05,1.3021401e-05,1.3391143e-05,0.99993956,1.8219247e-05
ALL_core_cancer_type_top95,tabpfn_v3,v3,test,1759,HNSCC,HNSCC,2,2,5.070744e-05,2.1541447e-05,0.99987495,2.4001818e-05,2.881012e-05
ALL_core_cancer_type_top95,tabpfn_v3,v3,test,252,BRCA,BRCA,0,0,0.9999445,1.2981111e-05,1.3107878e-05,1.4472716e-05,1.4878606e-05
ALL_core_cancer_type_top95,tabpfn_v3,v3,test,1086,BRCA,BRCA,0,0,0.9999448,1.2981114e-05,1.3347684e-05,1.4857897e-05,1.3988212e-05
ALL_core_cancer_type_top95,tabpfn_v3,v3,test,2815,LUAD,LUAD,4,4,1.8296838e-05,1.8976012e-05,1.4317188e-05,2.9246774e-05,0.9999192
ALL_core_cancer_type_top95,tabpfn_v3,v3,test,2962,LUAD,LUAD,4,4,1.722733e-05,1.37657e-05,1.3943501e-05,2.0893416e-05,0.9999342
ALL_core_cancer_type_top95,tabpfn_v3,v3,test,1012,BRCA,BRCA,0,0,0.99994403,1.2981104e-05,1.3926972e-05,1.46851135e-05,1.4339622e-05
ALL_core_cancer_type_top95,tabpfn_v3,v3,test,2507,LSCC,LSCC,3,3,1.5992964e-05,1.3042976e-05,1.3408222e-05,0.9999405,1.7020608e-05
ALL_core_cancer_type_top95,tabpfn_v3,v3,test,1632,HNSCC,HNSCC,2,2,1.3543204e-05,1.679358e-05,0.99994284,1.3325728e-05,1.34915335e-05
ALL_core_cancer_type_top95,tabpfn_v3,v3,test,2463,LSCC,LSCC,3,3,1.5040347e-05,1.3153926e-05,1.3069957e-05,0.9999419,1.6868275e-05
ALL_core_cancer_type_top95,tabpfn_v3,v3,test,2297,LSCC,LSCC,3,3,1.4557331e-05,1.2981068e-05,1.328167e-05,0.9999412,1.8004954e-05
ALL_core_cancer_type_top95,tabpfn_v3,v3,test,1913,HNSCC,HNSCC,2,2,2.4597695e-05,2.856632e-05,0.99987996,4.197932e-05,2.4908959e-05
ALL_core_cancer_type_top95,tabpfn_v3,v3,test,1426,HNSCC,HNSCC,2,2,0.28325975,4.7528614e-05,0.30504468,0.20480251,0.20684555
ALL_core_cancer_type_top95,tabpfn_v3,v3,test,2683,LUAD,HNSCC,4,2,0.28325975,4.7528614e-05,0.30504468,0.20480251,0.20684555
ALL_core_cancer_type_top95,tabpfn_v3,v3,test,2415,LSCC,LSCC,3,3,1.506063e-05,1.2981093e-05,1.2981093e-05,0.9999432,1.5811613e-05
ALL_core_cancer_type_top95,tabpfn_v3,v3,test,1082,BRCA,BRCA,0,0,0.9999426,1.2981087e-05,1.3305845e-05,1.6255182e-05,1.4830412e-05
ALL_core_cancer_type_top95,tabpfn_v3,v3,test,2108,LSCC,HNSCC,3,2,0.28325975,4.7528614e-05,0.30504468,0.20480251,0.20684555
ALL_core_cancer_type_top95,tabpfn_v3,v3,test,3118,LUAD,LUAD,4,4,1.8161092e-05,1.39198655e-05,1.38447285e-05,2.2916302e-05,0.99993116
ALL_core_cancer_type_top95,tabpfn_v3,v3,test,1575,HNSCC,HNSCC,2,2,1.4050968e-05,1.3227421e-05,0.9999466,1.2981137e-05,1.31214465e-05
ALL_core_cancer_type_top95,tabpfn_v3,v3,test,1675,HNSCC,HNSCC,2,2,1.37435245e-05,1.3238329e-05,0.999947,1.2981142e-05,1.2981142e-05
ALL_core_cancer_type_top95,tabpfn_v3,v3,test,769,BRCA,BRCA,0,0,0.99994516,1.2981119e-05,1.3284498e-05,1.4658706e-05,1.3867521e-05
ALL_core_cancer_type_top95,tabpfn_v3,v3,test,1144,BRCA,BRCA,0,0,0.9999437,1.2981101e-05,1.3064606e-05,1.4977999e-05,1.5309508e-05
ALL_core_cancer_type_top95,tabpfn_v3,v3,test,565,BRCA,BRCA,0,0,0.9999451,1.298112e-05,1.3037642e-05,1.4615728e-05,1.424223e-05
ALL_core_cancer_type_top95,tabpfn_v3,v3,test,3160,LUAD,LUAD,4,4,1.8378827e-05,1.3526554e-05,1.3653828e-05,2.1045422e-05,0.9999334
ALL_core_cancer_type_top95,tabpfn_v3,v3,test,2330,LSCC,LSCC,3,3,1.423646e-05,1.2997222e-05,1.3191829e-05,0.9999431,1.6496953e-05
ALL_core_cancer_type_top95,tabpfn_v3,v3,test,747,BRCA,BRCA,0,0,0.99994427,1.2981108e-05,1.3029544e-05,1.5407337e-05,1.4299115e-05
ALL_core_cancer_type_top95,tabpfn_v3,v3,test,863,BRCA,BRCA,0,0,0.99994534,1.29811215e-05,1.29811215e-05,1.4554776e-05,1.4110787e-05
ALL_core_cancer_type_top95,tabpfn_v3,v3,test,1213,ESCA,ESCA,1,1,1.7255808e-05,0.99989676,2.372397e-05,2.2923585e-05,3.924572e-05
ALL_core_cancer_type_top95,tabpfn_v3,v3,test,197,BRCA,BRCA,0,0,0.9999397,1.2981047e-05,1.5741298e-05,1.6021746e-05,1.557861e-05
ALL_core_cancer_type_top95,tabpfn_v3,v3,test,871,BRCA,BRCA,0,0,0.999944,1.2981103e-05,1.3088931e-05,1.559931e-05,1.4305663e-05
ALL_core_cancer_type_top95,tabpfn_v3,v3,test,1539,HNSCC,HNSCC,2,2,1.3561919e-05,1.5269283e-05,0.9999445,1.3250648e-05,1.3435442e-05
ALL_core_cancer_type_top95,tabpfn_v3,v3,test,269,BRCA,BRCA,0,0,0.9998559,1.3416484e-05,5.708658e-05,3.5698416e-05,3.791997e-05
ALL_core_cancer_type_top95,tabpfn_v3,v3,test,146,BRCA,BRCA,0,0,0.9999438,1.2981102e-05,1.3620937e-05,1.5282583e-05,1.4298894e-05
ALL_core_cancer_type_top95,tabpfn_v3,v3,test,2311,LSCC,LSCC,3,3,1.5564545e-05,1.4106039e-05,1.670348e-05,0.9999252,2.845227e-05
ALL_core_cancer_type_top95,tabpfn_v3,v3,test,91,BRCA,HNSCC,0,2,0.28325975,4.7528614e-05,0.30504468,0.20480251,0.20684555
ALL_core_cancer_type_top95,tabpfn_v3,v3,test,2491,LSCC,LSCC,3,3,1.8722503e-05,1.3383167e-05,1.4623528e-05,0.9999298,2.3492705e-05
ALL_core_cancer_type_top95,tabpfn_v3,v3,test,955,BRCA,BRCA,0,0,0.9999453,1.2981121e-05,1.3175698e-05,1.4866443e-05,1.3729394e-05
ALL_core_cancer_type_top95,tabpfn_v3,v3,test,1038,BRCA,BRCA,0,0,0.9999457,1.2981125e-05,1.32328605e-05,1.4446281e-05,1.3631085e-05
ALL_core_cancer_type_top95,tabpfn_v3,v3,test,21,BRCA,HNSCC,0,2,0.28325975,4.7528614e-05,0.30504468,0.20480251,0.20684555
ALL_core_cancer_type_top95,tabpfn_v3,v3,test,2392,LSCC,LSCC,3,3,1.537767e-05,1.2981082e-05,1.3051092e-05,0.99994236,1.6208567e-05
ALL_core_cancer_type_top95,tabpfn_v3,v3,test,1813,HNSCC,HNSCC,2,2,1.3282015e-05,1.3271087e-05,0.9999474,1.2981149e-05,1.3059256e-05
ALL_core_cancer_type_top95,tabpfn_v3,v3,test,1751,HNSCC,HNSCC,2,2,2.3955117e-05,1.4786934e-05,0.9999256,1.7686234e-05,1.7974553e-05
ALL_core_cancer_type_top95,tabpfn_v3,v3,test,1256,ESCA,ESCA,1,1,4.587805e-05,0.99969983,7.421516e-05,5.9892336e-05,0.00012018548
ALL_core_cancer_type_top95,tabpfn_v3,v3,test,627,BRCA,BRCA,0,0,0.99994445,1.298111e-05,1.3094349e-05,1.507156e-05,1.435932e-05
ALL_core_cancer_type_top95,tabpfn_v3,v3,test,1051,BRCA,BRCA,0,0,0.999858,1.4010248e-05,4.7041267e-05,3.609155e-05,4.480553e-05
ALL_core_cancer_type_top95,tabpfn_v3,v3,test,1123,BRCA,BRCA,0,0,0.99994457,1.29811115e-05,1.3385062e-05,1.4845756e-05,1.4187933e-05
ALL_core_cancer_type_top95,tabpfn_v3,v3,test,2500,LSCC,LSCC,3,3,1.5585585e-05,1.2981036e-05,1.3315971e-05,0.9999388,1.9300385e-05
ALL_core_cancer_type_top95,tabpfn_v3,v3,test,219,BRCA,BRCA,0,0,0.9999413,1.298107e-05,1.5697482e-05,1.4501388e-05,1.5542471e-05
ALL_core_cancer_type_top95,tabpfn_v3,v3,test,2472,LSCC,LSCC,3,3,1.474612e-05,1.29810705e-05,1.3097011e-05,0.99994147,1.7705544e-05
ALL_core_cancer_type_top95,tabpfn_v3,v3,test,187,BRCA,BRCA,0,0,0.9999438,1.29811015e-05,1.3110578e-05,1.5644833e-05,1.447386e-05
ALL_core_cancer_type_top95,tabpfn_v3,v3,test,1914,HNSCC,HNSCC,2,2,1.3265628e-05,1.3034981e-05,0.9999477,1.2981152e-05,1.2981152e-05
ALL_core_cancer_type_top95,tabpfn_v3,v3,test,1129,BRCA,BRCA,0,0,0.99994576,1.2981127e-05,1.3110603e-05,1.457438e-05,1.3508652e-05
ALL_core_cancer_type_top95,tabpfn_v3,v3,test,1884,HNSCC,HNSCC,2,2,1.487496e-05,1.3919513e-05,0.9999444,1.3293971e-05,1.3533816e-05
ALL_core_cancer_type_top95,tabpfn_v3,v3,test,484,BRCA,BRCA,0,0,0.99994445,1.2981111e-05,1.3208328e-05,1.498641e-05,1.4383073e-05
ALL_core_cancer_type_top95,tabpfn_v3,v3,test,1638,HNSCC,HNSCC,2,2,3.7239886e-05,1.6505266e-05,0.999898,2.1673572e-05,2.6468491e-05
ALL_core_cancer_type_top95,tabpfn_v3,v3,test,1403,HNSCC,HNSCC,2,2,0.28325975,4.7528614e-05,0.30504468,0.20480251,0.20684555
ALL_core_cancer_type_top95,tabpfn_v3,v3,test,2285,LSCC,LSCC,3,3,1.5666177e-05,1.4015321e-05,1.8940802e-05,0.9999169,3.4463774e-05
ALL_core_cancer_type_top95,tabpfn_v3,v3,test,2057,LSCC,HNSCC,3,2,0.28325975,4.7528614e-05,0.30504468,0.20480251,0.20684555
ALL_core_cancer_type_top95,tabpfn_v3,v3,test,2159,LSCC,LSCC,3,3,1.50983215e-05,1.3531431e-05,1.4295898e-05,0.9999349,2.2146785e-05
ALL_core_cancer_type_top95,tabpfn_v3,v3,test,1028,BRCA,BRCA,0,0,0.9999415,1.2981072e-05,1.4262819e-05,1.5513167e-05,1.5718382e-05
ALL_core_cancer_type_top95,tabpfn_v3,v3,test,1996,HNSCC,HNSCC,2,2,1.4762776e-05,1.4319541e-05,0.9999442,1.3610945e-05,1.310246e-05
ALL_core_cancer_type_top95,tabpfn_v3,v3,test,2873,LUAD,LUAD,4,4,1.7461567e-05,1.4001004e-05,1.4062362e-05,2.3925468e-05,0.99993056
ALL_core_cancer_type_top95,tabpfn_v3,v3,test,122,BRCA,BRCA,0,0,0.9999424,1.2981083e-05,1.315907e-05,1.566338e-05,1.5758322e-05
ALL_core_cancer_type_top95,tabpfn_v3,v3,test,1449,HNSCC,HNSCC,2,2,0.28325975,4.7528614e-05,0.30504468,0.20480251,0.20684555
ALL_core_cancer_type_top95,tabpfn_v3,v3,test,1698,HNSCC,HNSCC,2,2,1.6118838e-05,1.3743475e-05,0.9999433,1.3018755e-05,1.380497e-05
ALL_core_cancer_type_top95,tabpfn_v3,v3,test,563,BRCA,BRCA,0,0,0.99994564,1.2981125e-05,1.3126855e-05,1.4418503e-05,1.381904e-05
ALL_core_cancer_type_top95,tabpfn_v3,v3,test,1434,HNSCC,HNSCC,2,2,0.28325975,4.7528614e-05,0.30504468,0.20480251,0.20684555
ALL_core_cancer_type_top95,tabpfn_v3,v3,test,1325,ESCA,ESCA,1,1,1.2997118e-05,0.99993503,1.4164401e-05,1.5345144e-05,2.2458878e-05
ALL_core_cancer_type_top95,tabpfn_v3,v3,test,748,BRCA,BRCA,0,0,0.99994355,1.2981098e-05,1.4048758e-05,1.4778749e-05,1.462465e-05
ALL_core_cancer_type_top95,tabpfn_v3,v3,test,2030,LSCC,HNSCC,3,2,0.28325975,4.7528614e-05,0.30504468,0.20480251,0.20684555
ALL_core_cancer_type_top95,tabpfn_v3,v3,test,121,BRCA,HNSCC,0,2,0.28325975,4.7528614e-05,0.30504468,0.20480251,0.20684555
ALL_core_cancer_type_top95,tabpfn_v3,v3,test,2689,LUAD,HNSCC,4,2,0.28325975,4.7528614e-05,0.30504468,0.20480251,0.20684555
ALL_core_cancer_type_top95,tabpfn_v3,v3,test,3237,LUAD,LUAD,4,4,1.7000604e-05,1.56019e-05,1.3394186e-05,2.1791668e-05,0.9999322
ALL_core_cancer_type_top95,tabpfn_v3,v3,test,804,BRCA,BRCA,0,0,0.99994284,1.298109e-05,1.359187e-05,1.5280102e-05,1.531525e-05
ALL_core_cancer_type_top95,tabpfn_v3,v3,test,2606,LSCC,LSCC,3,3,1.5034788e-05,1.2981065e-05,1.2981065e-05,0.99994105,1.79402e-05
ALL_core_cancer_type_top95,tabpfn_v3,v3,test,385,BRCA,BRCA,0,0,0.9999383,1.298103e-05,1.4356512e-05,1.8265804e-05,1.6077778e-05
ALL_core_cancer_type_top95,tabpfn_v3,v3,test,1778,HNSCC,HNSCC,2,2,1.7007389e-05,1.8066425e-05,0.99993503,1.5682797e-05,1.42445e-05
ALL_core_cancer_type_top95,tabpfn_v3,v3,test,508,BRCA,BRCA,0,0,0.99994296,1.30754015e-05,1.3862209e-05,1.508302e-05,1.5006645e-05
ALL_core_cancer_type_top95,tabpfn_v3,v3,test,2776,LUAD,LUAD,4,4,1.8638437e-05,1.5923713e-05,1.4167319e-05,2.4653047e-05,0.9999266
ALL_core_cancer_type_top95,tabpfn_v3,v3,test,1529,HNSCC,HNSCC,2,2,1.7720804e-05,1.4133423e-05,0.99993664,1.5793314e-05,1.5749843e-05
ALL_core_cancer_type_top95,tabpfn_v3,v3,test,2668,LUAD,HNSCC,4,2,0.28325975,4.7528614e-05,0.30504468,0.20480251,0.20684555
ALL_core_cancer_type_top95,tabpfn_v3,v3,test,2651,LUAD,HNSCC,4,2,0.28325975,4.7528614e-05,0.30504468,0.20480251,0.20684555
ALL_core_cancer_type_top95,tabpfn_v3,v3,test,854,BRCA,BRCA,0,0,0.99994415,1.2981105e-05,1.3450477e-05,1.5262773e-05,1.4156158e-05
ALL_core_cancer_type_top95,tabpfn_v3,v3,test,1485,HNSCC,HNSCC,2,2,0.28325975,4.7528614e-05,0.30504468,0.20480251,0.20684555
ALL_core_cancer_type_top95,tabpfn_v3,v3,test,1746,HNSCC,HNSCC,2,2,1.3251977e-05,1.2997282e-05,0.99994767,1.3105007e-05,1.29811515e-05
ALL_core_cancer_type_top95,tabpfn_v3,v3,test,330,BRCA,BRCA,0,0,0.9999462,1.2981132e-05,1.3016101e-05,1.4150211e-05,1.3713108e-05
ALL_core_cancer_type_top95,tabpfn_v3,v3,test,1071,BRCA,BRCA,0,0,0.99994487,1.2981114e-05,1.31756915e-05,1.4807009e-05,1.4211349e-05
ALL_core_cancer_type_top95,tabpfn_v3,v3,test,2438,LSCC,LSCC,3,3,1.6651587e-05,1.298092e-05,1.6408116e-05,0.9999298,2.4194002e-05
ALL_core_cancer_type_top95,tabpfn_v3,v3,test,1524,HNSCC,HNSCC,2,2,1.7745931e-05,1.4433642e-05,0.9999345,1.5581847e-05,1.7774502e-05
ALL_core_cancer_type_top95,tabpfn_v3,v3,test,2083,LSCC,HNSCC,3,2,0.28325975,4.7528614e-05,0.30504468,0.20480251,0.20684555
ALL_core_cancer_type_top95,tabpfn_v3,v3,test,1,BRCA,HNSCC,0,2,0.28325975,4.7528614e-05,0.30504468,0.20480251,0.20684555
ALL_core_cancer_type_top95,tabpfn_v3,v3,test,2172,LSCC,LSCC,3,3,1.481199e-05,1.4951397e-05,1.8842993e-05,0.99991965,3.174898e-05
ALL_core_cancer_type_top95,tabpfn_v3,v3,test,1689,HNSCC,HNSCC,2,2,1.3858235e-05,1.6603699e-05,0.9999432,1.3216474e-05,1.3083513e-05
ALL_core_cancer_type_top95,tabpfn_v3,v3,test,2611,LSCC,LSCC,3,3,1.6714277e-05,1.2980966e-05,1.4509738e-05,0.9999334,2.2346907e-05
ALL_core_cancer_type_top95,tabpfn_v3,v3,test,2120,LSCC,HNSCC,3,2,0.28325975,4.7528614e-05,0.30504468,0.20480251,0.20684555
ALL_core_cancer_type_top95,tabpfn_v3,v3,test,1147,BRCA,BRCA,0,0,0.99993736,1.34217535e-05,1.592315e-05,1.6885306e-05,1.6451713e-05
ALL_core_cancer_type_top95,tabpfn_v3,v3,test,1925,HNSCC,HNSCC,2,2,1.3629318e-05,1.3075457e-05,0.9999473,1.3002657e-05,1.2981146e-05
ALL_core_cancer_type_top95,tabpfn_v3,v3,test,1100,BRCA,BRCA,0,0,0.99993515,1.2980989e-05,1.4466688e-05,1.673453e-05,2.0681546e-05
ALL_core_cancer_type_top95,tabpfn_v3,v3,test,2468,LSCC,LSCC,3,3,1.6567526e-05,1.2981005e-05,1.3605074e-05,0.99993646,2.0405663e-05
ALL_core_cancer_type_top95,tabpfn_v3,v3,test,2867,LUAD,LUAD,4,4,1.9339079e-05,1.9624465e-05,1.5552076e-05,4.370181e-05,0.9999018
ALL_core_cancer_type_top95,tabpfn_v3,v3,test,510,BRCA,BRCA,0,0,0.99991715,1.5040068e-05,2.110081e-05,2.5138912e-05,2.155812e-05
ALL_core_cancer_type_top95,tabpfn_v3,v3,test,2177,LSCC,LSCC,3,3,1.441954e-05,1.2981098e-05,1.3221932e-05,0.99994355,1.5785394e-05
ALL_core_cancer_type_top95,tabpfn_v3,v3,test,1260,ESCA,ESCA,1,1,1.8009554e-05,0.99988514,2.6122245e-05,2.6083866e-05,4.467039e-05
ALL_core_cancer_type_top95,tabpfn_v3,v3,test,3113,LUAD,LUAD,4,4,1.7426824e-05,1.3845374e-05,1.3627883e-05,2.399963e-05,0.9999311
ALL_core_cancer_type_top95,tabpfn_v3,v3,test,3129,LUAD,LUAD,4,4,1.5433394e-05,1.5741865e-05,1.3650616e-05,2.6077236e-05,0.9999291
ALL_core_cancer_type_top95,tabpfn_v3,v3,test,293,BRCA,BRCA,0,0,0.9999396,1.3735039e-05,1.5713904e-05,1.5481346e-05,1.5440943e-05
ALL_core_cancer_type_top95,tabpfn_v3,v3,test,2021,LSCC,HNSCC,3,2,0.28325975,4.7528614e-05,0.30504468,0.20480251,0.20684555
ALL_core_cancer_type_top95,tabpfn_v3,v3,test,929,BRCA,BRCA,0,0,0.9999445,1.29811115e-05,1.3559921e-05,1.4787544e-05,1.41652345e-05
ALL_core_cancer_type_top95,tabpfn_v3,v3,test,2039,LSCC,HNSCC,3,2,0.28325975,4.7528614e-05,0.30504468,0.20480251,0.20684555
ALL_core_cancer_type_top95,tabpfn_v3,v3,test,2670,LUAD,HNSCC,4,2,0.28325975,4.7528614e-05,0.30504468,0.20480251,0.20684555
ALL_core_cancer_type_top95,tabpfn_v3,v3,test,1906,HNSCC,HNSCC,2,2,1.3623749e-05,1.3589681e-05,0.9999464,1.2981134e-05,1.3358054e-05
ALL_core_cancer_type_top95,tabpfn_v3,v3,test,1540,HNSCC,HNSCC,2,2,1.3399889e-05,1.298115e-05,0.99994755,1.298115e-05,1.3024198e-05
ALL_core_cancer_type_top95,tabpfn_v3,v3,test,642,BRCA,BRCA,0,0,0.9999452,1.298112e-05,1.3499073e-05,1.4414707e-05,1.3887539e-05
ALL_core_cancer_type_top95,tabpfn_v3,v3,test,1473,HNSCC,HNSCC,2,2,0.28325975,4.7528614e-05,0.30504468,0.20480251,0.20684555
ALL_core_cancer_type_top95,tabpfn_v3,v3,test,3019,LUAD,LUAD,4,4,1.8709197e-05,1.3902958e-05,1.4268007e-05,2.527628e-05,0.9999278
ALL_core_cancer_type_top95,tabpfn_v3,v3,test,1958,HNSCC,HNSCC,2,2,1.4316714e-05,1.364561e-05,0.99994594,1.2981129e-05,1.3132276e-05
ALL_core_cancer_type_top95,tabpfn_v3,v3,test,2368,LSCC,LSCC,3,3,1.4220992e-05,1.2981109e-05,1.2981109e-05,0.9999444,1.5413669e-05
ALL_core_cancer_type_top95,tabpfn_v3,v3,test,1570,HNSCC,HNSCC,2,2,1.3424639e-05,1.3687189e-05,0.9999469,1.2997272e-05,1.2999961e-05
ALL_core_cancer_type_top95,tabpfn_v3,v3,test,2344,LSCC,LSCC,3,3,1.8425017e-05,2.831193e-05,1.9267996e-05,0.9998975,3.6525213e-05
ALL_core_cancer_type_top95,tabpfn_v3,v3,test,659,BRCA,BRCA,0,0,0.999946,1.2981129e-05,1.3178425e-05,1.4424946e-05,1.34197e-05
ALL_core_cancer_type_top95,tabpfn_v3,v3,test,14,BRCA,HNSCC,0,2,0.28325975,4.7528614e-05,0.30504468,0.20480251,0.20684555
ALL_core_cancer_type_top95,tabpfn_v3,v3,test,3234,LUAD,LUAD,4,4,2.121852e-05,1.4278237e-05,1.4950941e-05,2.8917297e-05,0.9999206
ALL_core_cancer_type_top95,tabpfn_v3,v3,test,2383,LSCC,LSCC,3,3,1.4239711e-05,1.2981077e-05,1.3086103e-05,0.9999419,1.7827295e-05
ALL_core_cancer_type_top95,tabpfn_v3,v3,test,1953,HNSCC,HNSCC,2,2,1.6365238e-05,2.3251161e-05,0.99992853,1.7139115e-05,1.4680953e-05
ALL_core_cancer_type_top95,tabpfn_v3,v3,test,2949,LUAD,LUAD,4,4,1.754349e-05,1.3581951e-05,1.3615239e-05,2.1552753e-05,0.9999337
ALL_core_cancer_type_top95,tabpfn_v3,v3,test,1706,HNSCC,HNSCC,2,2,1.5841308e-05,1.4393749e-05,0.9999381,1.7408294e-05,1.4330876e-05
ALL_core_cancer_type_top95,tabpfn_v3,v3,test,20,BRCA,HNSCC,0,2,0.28325975,4.7528614e-05,0.30504468,0.20480251,0.20684555
ALL_core_cancer_type_top95,tabpfn_v3,v3,test,2673,LUAD,HNSCC,4,2,0.28325975,4.7528614e-05,0.30504468,0.20480251,0.20684555
ALL_core_cancer_type_top95,tabpfn_v3,v3,test,1297,ESCA,ESCA,1,1,4.704405e-05,0.9995489,5.3721466e-05,0.00012883157,0.00022154534
ALL_core_cancer_type_top95,tabpfn_v3,v3,test,2179,LSCC,LSCC,3,3,1.4379262e-05,1.29810705e-05,1.3530505e-05,0.9999414,1.772724e-05
ALL_core_cancer_type_top95,tabpfn_v3,v3,test,1056,BRCA,BRCA,0,0,0.99994487,1.2981114e-05,1.3078128e-05,1.5050627e-05,1.3999651e-05
ALL_core_cancer_type_top95,tabpfn_v3,v3,test,2328,LSCC,LSCC,3,3,1.4402224e-05,1.4193964e-05,1.6945467e-05,0.9999264,2.8114075e-05
ALL_core_cancer_type_top95,tabpfn_v3,v3,test,1283,ESCA,ESCA,1,1,0.0006354167,0.9935368,0.00072679244,0.0024865007,0.0026144346
ALL_core_cancer_type_top95,tabpfn_v3,v3,test,1377,ESCA,ESCA,1,1,2.1488548e-05,0.99982953,2.6748297e-05,4.7304005e-05,7.488137e-05
ALL_core_cancer_type_top95,tabpfn_v3,v3,test,2322,LSCC,LSCC,3,3,1.4268357e-05,1.2981075e-05,1.3069923e-05,0.99994177,1.7940309e-05
ALL_core_cancer_type_top95,tabpfn_v3,v3,test,216,BRCA,BRCA,0,0,0.99994314,1.2981092e-05,1.3426841e-05,1.6250176e-05,1.4222092e-05
ALL_core_cancer_type_top95,tabpfn_v3,v3,test,1574,HNSCC,HNSCC,2,2,1.3449435e-05,1.3194759e-05,0.99994737,1.2981148e-05,1.2981148e-05
ALL_core_cancer_type_top95,tabpfn_v3,v3,test,3094,LUAD,LUAD,4,4,1.50337255e-05,1.6371636e-05,1.3361159e-05,2.0054093e-05,0.99993515
ALL_core_cancer_type_top95,tabpfn_v3,v3,test,2369,LSCC,LSCC,3,3,1.5530317e-05,1.2981047e-05,1.326233e-05,0.9999396,1.8597288e-05
ALL_core_cancer_type_top95,tabpfn_v3,v3,test,2691,LUAD,HNSCC,4,2,0.28325975,4.7528614e-05,0.30504468,0.20480251,0.20684555
ALL_core_cancer_type_top95,tabpfn_v3,v3,test,2969,LUAD,LUAD,4,4,2.0016072e-05,1.6767579e-05,1.4400166e-05,2.5093228e-05,0.99992377
ALL_core_cancer_type_top95,tabpfn_v3,v3,test,2352,LSCC,LSCC,3,3,1.4346203e-05,1.2981054e-05,1.3200102e-05,0.9999401,1.9378609e-05
ALL_core_cancer_type_top95,tabpfn_v3,v3,test,1251,ESCA,ESCA,1,1,2.2794196e-05,0.9998705,2.7355509e-05,2.8957707e-05,5.0401817e-05
ALL_core_cancer_type_top95,tabpfn_v3,v3,test,2346,LSCC,LSCC,3,3,1.3948747e-05,1.2981097e-05,1.2997226e-05,0.9999435,1.6598568e-05
ALL_core_cancer_type_top95,tabpfn_v3,v3,test,2020,LSCC,HNSCC,3,2,0.28325975,4.7528614e-05,0.30504468,0.20480251,0.20684555
ALL_core_cancer_type_top95,tabpfn_v3,v3,test,1017,BRCA,BRCA,0,0,0.99994487,1.2981115e-05,1.3088942e-05,1.5054851e-05,1.3949067e-05
ALL_core_cancer_type_top95,tabpfn_v3,v3,test,1786,HNSCC,HNSCC,2,2,1.3852674e-05,1.3298412e-05,0.99994683,1.3021496e-05,1.2989205e-05
ALL_core_cancer_type_top95,tabpfn_v3,v3,test,1277,ESCA,ESCA,1,1,3.8958617e-05,0.9996947,8.471383e-05,6.361846e-05,0.00011799676
ALL_core_cancer_type_top95,tabpfn_v3,v3,test,1130,BRCA,BRCA,0,0,0.9999438,1.29811015e-05,1.3467003e-05,1.5125511e-05,1.4618526e-05
ALL_core_cancer_type_top95,tabpfn_v3,v3,test,1292,ESCA,ESCA,1,1,1.4320846e-05,0.9999162,1.7561266e-05,1.8795632e-05,3.3129454e-05
ALL_core_cancer_type_top95,tabpfn_v3,v3,test,474,BRCA,BRCA,0,0,0.9999451,1.2981119e-05,1.3568242e-05,1.4750648e-05,1.3561149e-05
ALL_core_cancer_type_top95,tabpfn_v3,v3,test,2730,LUAD,LUAD,4,4,2.1759315e-05,1.53946e-05,1.443636e-05,2.5937494e-05,0.99992245
ALL_core_cancer_type_top95,tabpfn_v3,v3,test,2811,LUAD,LUAD,4,4,1.7725233e-05,1.5108595e-05,1.4076324e-05,2.5278609e-05,0.9999278
ALL_core_cancer_type_top95,tabpfn_v3,v3,test,1610,HNSCC,HNSCC,2,2,1.4927929e-05,1.640475e-05,0.9999397,1.4612282e-05,1.4364157e-05
ALL_core_cancer_type_top95,tabpfn_v3,v3,test,742,BRCA,BRCA,0,0,0.99984676,1.3635079e-05,4.163517e-05,4.0232077e-05,5.7741512e-05
ALL_core_cancer_type_top95,tabpfn_v3,v3,test,3027,LUAD,LUAD,4,4,1.9249028e-05,1.4565711e-05,1.3632215e-05,2.5531082e-05,0.99992704
ALL_core_cancer_type_top95,tabpfn_v3,v3,test,775,BRCA,BRCA,0,0,0.9999421,1.298108e-05,1.3633076e-05,1.552127e-05,1.5713267e-05
ALL_core_cancer_type_top95,tabpfn_v3,v3,test,1262,ESCA,ESCA,1,1,1.3803921e-05,0.9999274,1.6003078e-05,1.6595384e-05,2.6222058e-05
ALL_core_cancer_type_top95,tabpfn_v3,v3,test,612,BRCA,BRCA,0,0,0.9999439,1.2981103e-05,1.3346447e-05,1.4842494e-05,1.4888306e-05
ALL_core_cancer_type_top95,tabpfn_v3,v3,test,960,BRCA,BRCA,0,0,0.9999457,1.2981125e-05,1.3048438e-05,1.4677869e-05,1.36117205e-05
ALL_core_cancer_type_top95,tabpfn_v3,v3,test,2767,LUAD,LUAD,4,4,1.5780366e-05,1.4075111e-05,1.3200077e-05,1.8797622e-05,0.99993813
ALL_core_cancer_type_top95,tabpfn_v3,v3,test,1518,HNSCC,HNSCC,2,2,2.1400438e-05,7.457163e-05,0.99986506,2.2425049e-05,1.6598278e-05
ALL_core_cancer_type_top95,tabpfn_v3,v3,test,387,BRCA,BRCA,0,0,0.99994516,1.298112e-05,1.298112e-05,1.472052e-05,1.4153252e-05
ALL_core_cancer_type_top95,tabpfn_v3,v3,test,276,BRCA,BRCA,0,0,0.9999441,1.2981105e-05,1.316479e-05,1.52380435e-05,1.4491054e-05
ALL_core_cancer_type_top95,tabpfn_v3,v3,test,1853,HNSCC,HNSCC,2,2,1.4764112e-05,1.4024457e-05,0.99994403,1.3325095e-05,1.3858239e-05
ALL_core_cancer_type_top95,tabpfn_v3,v3,test,2425,LSCC,LSCC,3,3,1.4391246e-05,1.30943e-05,1.351393e-05,0.99994075,1.821853e-05
ALL_core_cancer_type_top95,tabpfn_v3,v3,test,1558,HNSCC,HNSCC,2,2,1.3208355e-05,1.3484076e-05,0.9999466,1.3736299e-05,1.3008031e-05
ALL_core_cancer_type_top95,tabpfn_v3,v3,test,2955,LUAD,LUAD,4,4,1.69644e-05,1.3894595e-05,1.3537611e-05,2.2681788e-05,0.99993294
ALL_core_cancer_type_top95,tabpfn_v3,v3,test,2103,LSCC,HNSCC,3,2,0.28325975,4.7528614e-05,0.30504468,0.20480251,0.20684555
ALL_core_cancer_type_top95,tabpfn_v3,v3,test,1880,HNSCC,HNSCC,2,2,1.3438411e-05,1.3546109e-05,0.999947,1.2981143e-05,1.30134185e-05
ALL_core_cancer_type_top95,tabpfn_v3,v3,test,2142,LSCC,LSCC,3,3,1.4512955e-05,1.2981099e-05,1.2981099e-05,0.99994355,1.5978403e-05
ALL_core_cancer_type_top95,tabpfn_v3,v3,test,870,BRCA,BRCA,0,0,0.99992734,1.2980887e-05,2.1999589e-05,1.8431034e-05,1.92553e-05
ALL_core_cancer_type_top95,tabpfn_v3,v3,test,463,BRCA,BRCA,0,0,0.999926,1.298087e-05,1.7177214e-05,2.3620225e-05,2.0272108e-05
ALL_core_cancer_type_top95,tabpfn_v3,v3,test,763,BRCA,BRCA,0,0,0.9999436,1.29811e-05,1.3275495e-05,1.5444593e-05,1.4639064e-05
ALL_core_cancer_type_top95,tabpfn_v3,v3,test,592,BRCA,BRCA,0,0,0.99994487,1.2981115e-05,1.3107883e-05,1.4462148e-05,1.4597342e-05
ALL_core_cancer_type_top95,tabpfn_v3,v3,test,1240,ESCA,ESCA,1,1,1.39399735e-05,0.9999292,1.4596373e-05,1.5684273e-05,2.6555463e-05
ALL_core_cancer_type_top95,tabpfn_v3,v3,test,2604,LSCC,LSCC,3,3,1.7648003e-05,1.342425e-05,1.3529465e-05,0.99993193,2.3500475e-05
ALL_core_cancer_type_top95,tabpfn_v3,v3,test,1736,HNSCC,HNSCC,2,2,1.5082587e-05,1.5292333e-05,0.99994165,1.35817845e-05,1.43606085e-05
ALL_core_cancer_type_top95,tabpfn_v3,v3,test,981,BRCA,BRCA,0,0,0.99993795,1.30186845e-05,1.7159735e-05,1.645128e-05,1.545637e-05
ALL_core_cancer_type_top95,tabpfn_v3,v3,test,418,BRCA,BRCA,0,0,0.9999432,1.2981093e-05,1.3662444e-05,1.5334961e-05,1.486261e-05
ALL_core_cancer_type_top95,tabpfn_v3,v3,test,1548,HNSCC,HNSCC,2,2,1.34081365e-05,1.3235608e-05,0.99994737,1.2981148e-05,1.2981148e-05
ALL_core_cancer_type_top95,tabpfn_v3,v3,test,719,BRCA,BRCA,0,0,0.9999438,1.2981101e-05,1.3421848e-05,1.514451e-05,1.4681297e-05
ALL_core_cancer_type_top95,tabpfn_v3,v3,test,2994,LUAD,LUAD,4,4,3.226479e-05,2.0504784e-05,2.3063038e-05,4.8115784e-05,0.9998761
ALL_core_cancer_type_top95,tabpfn_v3,v3,test,406,BRCA,BRCA,0,0,0.99994546,1.2981123e-05,1.3317552e-05,1.4433834e-05,1.3814038e-05
ALL_core_cancer_type_top95,tabpfn_v3,v3,test,1830,HNSCC,HNSCC,2,2,1.4497009e-05,1.324351e-05,0.99994624,1.2981133e-05,1.3061939e-05
ALL_core_cancer_type_top95,tabpfn_v3,v3,test,1903,HNSCC,HNSCC,2,2,1.4058236e-05,1.4086521e-05,0.9999453,1.3224677e-05,1.3351344e-05
ALL_core_cancer_type_top95,tabpfn_v3,v3,test,1528,HNSCC,HNSCC,2,2,4.8479516e-05,2.3570738e-05,0.99986863,3.331506e-05,2.6004185e-05
ALL_core_cancer_type_top95,tabpfn_v3,v3,test,766,BRCA,BRCA,0,0,0.9999445,1.2981111e-05,1.3539084e-05,1.4576097e-05,1.437308e-05
ALL_core_cancer_type_top95,tabpfn_v3,v3,test,2470,LSCC,LSCC,3,3,1.463508e-05,1.2981092e-05,1.2981092e-05,0.9999431,1.6328677e-05
ALL_core_cancer_type_top95,tabpfn_v3,v3,test,3018,LUAD,LUAD,4,4,2.2051701e-05,1.996318e-05,1.5044237e-05,3.2462427e-05,0.9999105
ALL_core_cancer_type_top95,tabpfn_v3,v3,test,840,BRCA,BRCA,0,0,0.9999407,1.2981061e-05,1.3940163e-05,1.6011776e-05,1.632391e-05
ALL_core_cancer_type_top95,tabpfn_v3,v3,test,1546,HNSCC,HNSCC,2,2,1.4120504e-05,1.4171557e-05,0.9999451,1.3126442e-05,1.34994825e-05
ALL_core_cancer_type_top95,tabpfn_v3,v3,test,1697,HNSCC,HNSCC,2,2,1.4129025e-05,1.3145848e-05,0.99994665,1.3029575e-05,1.2981139e-05
ALL_core_cancer_type_top95,tabpfn_v3,v3,test,699,BRCA,BRCA,0,0,0.99994224,1.2981081e-05,1.3882668e-05,1.5509673e-05,1.5356247e-05
ALL_core_cancer_type_top95,tabpfn_v3,v3,test,3039,LUAD,LUAD,4,4,1.924688e-05,1.8127072e-05,1.5406687e-05,3.6338064e-05,0.9999109
ALL_core_cancer_type_top95,tabpfn_v3,v3,test,2915,LUAD,LUAD,4,4,1.7192699e-05,1.45312415e-05,1.3723783e-05,2.449964e-05,0.99993
ALL_core_cancer_type_top95,tabpfn_v3,v3,test,186,BRCA,BRCA,0,0,0.9999458,1.2981129e-05,1.3026869e-05,1.4454556e-05,1.3665328e-05
ALL_core_cancer_type_top95,tabpfn_v3,v3,test,2607,LSCC,LSCC,3,3,1.5365298e-05,1.3032157e-05,1.3426936e-05,0.99993795,2.0214247e-05
ALL_core_cancer_type_top95,tabpfn_v3,v3,test,1380,ESCA,ESCA,1,1,2.4959962e-05,0.99979925,2.713098e-05,6.9461006e-05,7.923128e-05
ALL_core_cancer_type_top95,tabpfn_v3,v3,test,402,BRCA,BRCA,0,0,0.9999252,1.3027502e-05,1.741841e-05,2.6351247e-05,1.7988965e-05
ALL_core_cancer_type_top95,tabpfn_v3,v3,test,883,BRCA,BRCA,0,0,0.9999422,1.29810805e-05,1.3627963e-05,1.6583639e-05,1.4615871e-05
ALL_core_cancer_type_top95,tabpfn_v3,v3,test,2602,LSCC,LSCC,3,3,1.4220673e-05,1.298111e-05,1.30053095e-05,0.9999443,1.5462136e-05
ALL_core_cancer_type_top95,tabpfn_v3,v3,test,2599,LSCC,LSCC,3,3,1.3692153e-05,1.3026841e-05,1.29811e-05,0.9999436,1.6714921e-05
ALL_core_cancer_type_top95,tabpfn_v3,v3,test,3172,LUAD,LUAD,4,4,1.7544218e-05,1.9572544e-05,1.3801082e-05,3.0407447e-05,0.9999187
ALL_core_cancer_type_top95,tabpfn_v3,v3,test,1660,HNSCC,HNSCC,2,2,1.2981156e-05,1.2986531e-05,0.999948,1.30026665e-05,1.2981156e-05
ALL_core_cancer_type_top95,tabpfn_v3,v3,test,1979,HNSCC,HNSCC,2,2,0.0016091497,0.0059234193,0.98667574,0.0018232618,0.00396842
ALL_core_cancer_type_top95,tabpfn_v3,v3,test,112,BRCA,HNSCC,0,2,0.28325975,4.7528614e-05,0.30504468,0.20480251,0.20684555
ALL_core_cancer_type_top95,tabpfn_v3,v3,test,608,BRCA,BRCA,0,0,0.99994564,1.2981125e-05,1.3078138e-05,1.4639334e-05,1.3644925e-05
ALL_core_cancer_type_top95,tabpfn_v3,v3,test,2662,LUAD,HNSCC,4,2,0.28325975,4.7528614e-05,0.30504468,0.20480251,0.20684555
ALL_core_cancer_type_top95,tabpfn_v3,v3,test,709,BRCA,BRCA,0,0,0.999944,1.2981102e-05,1.3782935e-05,1.4790273e-05,1.45094755e-05
ALL_core_cancer_type_top95,tabpfn_v3,v3,test,556,BRCA,BRCA,0,0,0.9999358,1.367644e-05,1.6236558e-05,1.6143547e-05,1.8207378e-05
ALL_core_cancer_type_top95,tabpfn_v3,v3,test,1151,BRCA,BRCA,0,0,0.9999418,1.3113259e-05,1.3930824e-05,1.5903328e-05,1.5223872e-05
ALL_core_cancer_type_top95,tabpfn_v3,v3,test,702,BRCA,BRCA,0,0,0.999946,1.298113e-05,1.3013405e-05,1.4340159e-05,1.3667498e-05
ALL_core_cancer_type_top95,tabpfn_v3,v3,test,3082,LUAD,LUAD,4,4,1.8054003e-05,1.52132725e-05,1.340161e-05,2.2657328e-05,0.9999307
ALL_core_cancer_type_top95,tabpfn_v3,v3,test,3198,LUAD,LUAD,4,4,1.8371422e-05,1.6138301e-05,1.4293985e-05,2.8106757e-05,0.9999231
ALL_core_cancer_type_top95,tabpfn_v3,v3,test,795,BRCA,BRCA,0,0,0.9999358,1.2980996e-05,1.4701687e-05,1.9835179e-05,1.6639042e-05
ALL_core_cancer_type_top95,tabpfn_v3,v3,test,2094,LSCC,HNSCC,3,2,0.28325975,4.7528614e-05,0.30504468,0.20480251,0.20684555
ALL_core_cancer_type_top95,tabpfn_v3,v3,test,441,BRCA,BRCA,0,0,0.9999442,1.2981106e-05,1.3504585e-05,1.5128354e-05,1.41573655e-05
ALL_core_cancer_type_top95,tabpfn_v3,v3,test,2772,LUAD,LUAD,4,4,1.9104868e-05,1.6107584e-05,1.3522929e-05,2.160926e-05,0.99992967
ALL_core_cancer_type_top95,tabpfn_v3,v3,test,2069,LSCC,HNSCC,3,2,0.28325975,4.7528614e-05,0.30504468,0.20480251,0.20684555
ALL_core_cancer_type_top95,tabpfn_v3,v3,test,632,BRCA,BRCA,0,0,0.999946,1.2981131e-05,1.330661e-05,1.4107051e-05,1.3606963e-05
ALL_core_cancer_type_top95,tabpfn_v3,v3,test,34,BRCA,HNSCC,0,2,0.28325975,4.7528614e-05,0.30504468,0.20480251,0.20684555
ALL_core_cancer_type_top95,tabpfn_v3,v3,test,2174,LSCC,LSCC,3,3,1.4971154e-05,1.2981084e-05,1.2989149e-05,0.9999424,1.6642758e-05
ALL_core_cancer_type_top95,tabpfn_v3,v3,test,1349,ESCA,ESCA,1,1,2.0443205e-05,0.9998724,3.2370557e-05,2.9351486e-05,4.544943e-05
ALL_core_cancer_type_top95,tabpfn_v3,v3,test,3139,LUAD,LUAD,4,4,1.8912264e-05,1.4384974e-05,1.399797e-05,2.066602e-05,0.99993205
ALL_core_cancer_type_top95,tabpfn_v3,v3,test,3208,LUAD,LUAD,4,4,1.6586557e-05,1.4892651e-05,1.3613555e-05,2.4494702e-05,0.99993044
ALL_core_cancer_type_top95,tabpfn_v3,v3,test,1613,HNSCC,HNSCC,2,2,1.3612654e-05,1.3172978e-05,0.99994725,1.2981146e-05,1.3010731e-05
ALL_core_cancer_type_top95,tabpfn_v3,v3,test,1527,HNSCC,HNSCC,2,2,1.3192044e-05,1.2981154e-05,0.99994785,1.2981154e-05,1.2981154e-05
ALL_core_cancer_type_top95,tabpfn_v3,v3,test,1533,HNSCC,HNSCC,2,2,2.726693e-05,2.2708273e-05,0.9999044,2.5947875e-05,1.9707646e-05
ALL_core_cancer_type_top95,tabpfn_v3,v3,test,2516,LSCC,LSCC,3,3,1.8646919e-05,1.8511762e-05,2.3680182e-05,0.99990606,3.311161e-05
ALL_core_cancer_type_top95,tabpfn_v3,v3,test,2732,LUAD,LUAD,4,4,1.9505535e-05,1.7334065e-05,1.4311381e-05,2.7461463e-05,0.99992144
ALL_core_cancer_type_top95,tabpfn_v3,v3,test,975,BRCA,BRCA,0,0,0.9999457,1.2981125e-05,1.2997256e-05,1.4410678e-05,1.3911745e-05
ALL_core_cancer_type_top95,tabpfn_v3,v3,test,488,BRCA,BRCA,0,0,0.99994355,1.2981099e-05,1.2981099e-05,1.5424686e-05,1.5042185e-05
ALL_core_cancer_type_top95,tabpfn_v3,v3,test,1387,ESCA,ESCA,1,1,1.35375685e-05,0.99993026,1.484029e-05,1.5589332e-05,2.5767524e-05
ALL_core_cancer_type_top95,tabpfn_v3,v3,test,663,BRCA,BRCA,0,0,0.99994475,1.2981114e-05,1.3476572e-05,1.4724001e-05,1.4051843e-05
ALL_core_cancer_type_top95,tabpfn_v3,v3,test,1626,HNSCC,HNSCC,2,2,1.41007e-05,1.2981142e-05,0.99994695,1.2981142e-05,1.2981142e-05
ALL_core_cancer_type_top95,tabpfn_v3,v3,test,2382,LSCC,LSCC,3,3,1.43536945e-05,1.4620273e-05,1.6610631e-05,0.9999266,2.7762839e-05
ALL_core_cancer_type_top95,tabpfn_v3,v3,test,2362,LSCC,LSCC,3,3,1.4568452e-05,1.2981089e-05,1.3227371e-05,0.99994284,1.6365037e-05
ALL_core_cancer_type_top95,tabpfn_v3,v3,test,1705,HNSCC,HNSCC,2,2,1.3521211e-05,1.3059256e-05,0.9999474,1.2981149e-05,1.3021503e-05
ALL_core_cancer_type_top95,tabpfn_v3,v3,test,3089,LUAD,LUAD,4,4,1.6496835e-05,1.4242479e-05,1.3372236e-05,2.162973e-05,0.99993426
ALL_core_cancer_type_top95,tabpfn_v3,v3,test,400,BRCA,BRCA,0,0,0.9999392,1.29810405e-05,1.42306235e-05,1.675756e-05,1.683692e-05
ALL_core_cancer_type_top95,tabpfn_v3,v3,test,189,BRCA,BRCA,0,0,0.9999412,1.2981068e-05,1.3731845e-05,1.6296086e-05,1.5832044e-05
ALL_core_cancer_type_top95,tabpfn_v3,v3,test,2731,LUAD,LUAD,4,4,1.6846885e-05,1.3950853e-05,1.3449239e-05,2.280591e-05,0.99993294
ALL_core_cancer_type_top95,tabpfn_v3,v3,test,2239,LSCC,LSCC,3,3,1.5717076e-05,1.3021354e-05,1.3764351e-05,0.999936,2.1494969e-05
ALL_core_cancer_type_top95,tabpfn_v3,v3,test,2349,LSCC,LSCC,3,3,0.00032695598,5.3809228e-05,0.00035252687,0.9986851,0.00058155815
ALL_core_cancer_type_top95,tabpfn_v3,v3,test,1784,HNSCC,HNSCC,2,2,1.3197484e-05,1.3048465e-05,0.9999478,1.2981152e-05,1.2981152e-05
ALL_core_cancer_type_top95,tabpfn_v3,v3,test,2688,LUAD,HNSCC,4,2,0.28325975,4.7528614e-05,0.30504468,0.20480251,0.20684555
ALL_core_cancer_type_top95,tabpfn_v3,v3,test,2363,LSCC,LSCC,3,3,1.4275929e-05,1.2981091e-05,1.3097033e-05,0.999943,1.663798e-05
ALL_core_cancer_type_top95,tabpfn_v3,v3,test,166,BRCA,BRCA,0,0,0.99994445,1.2981111e-05,1.3295645e-05,1.529443e-05,1.3965591e-05
ALL_core_cancer_type_top95,tabpfn_v3,v3,test,725,BRCA,BRCA,0,0,0.9999417,1.2981074e-05,1.370803e-05,1.559373e-05,1.5973486e-05
ALL_core_cancer_type_top95,tabpfn_v3,v3,test,648,BRCA,BRCA,0,0,0.9999386,1.2981035e-05,1.4811274e-05,1.8022383e-05,1.5618714e-05
ALL_core_cancer_type_top95,tabpfn_v3,v3,test,1801,HNSCC,HNSCC,2,2,1.3788233e-05,1.3872303e-05,0.9999461,1.3192021e-05,1.3059238e-05
ALL_core_cancer_type_top95,tabpfn_v3,v3,test,2391,LSCC,LSCC,3,3,1.960909e-05,1.6139438e-05,2.036578e-05,0.99990976,3.41451e-05
ALL_core_cancer_type_top95,tabpfn_v3,v3,test,2663,LUAD,HNSCC,4,2,0.28325975,4.7528614e-05,0.30504468,0.20480251,0.20684555
ALL_core_cancer_type_top95,tabpfn_v3,v3,test,1476,HNSCC,HNSCC,2,2,0.28325975,4.7528614e-05,0.30504468,0.20480251,0.20684555
ALL_core_cancer_type_top95,tabpfn_v3,v3,test,1020,BRCA,BRCA,0,0,0.99994403,1.2981104e-05,1.3617226e-05,1.4928389e-05,1.4497789e-05
ALL_core_cancer_type_top95,tabpfn_v3,v3,test,384,BRCA,BRCA,0,0,0.99993896,1.2981039e-05,1.4960156e-05,1.4668237e-05,1.8405688e-05
ALL_core_cancer_type_top95,tabpfn_v3,v3,test,3128,LUAD,LUAD,4,4,1.8256977e-05,1.588594e-05,1.3767763e-05,2.8176915e-05,0.9999239
ALL_core_cancer_type_top95,tabpfn_v3,v3,test,288,BRCA,BRCA,0,0,0.99994534,1.2981121e-05,1.3032252e-05,1.4408746e-05,1.4216571e-05
ALL_core_cancer_type_top95,tabpfn_v3,v3,test,995,BRCA,BRCA,0,0,0.99994487,1.2981116e-05,1.2981116e-05,1.4695494e-05,1.4405973e-05
ALL_core_cancer_type_top95,tabpfn_v3,v3,test,1661,HNSCC,HNSCC,2,2,1.3427387e-05,1.3029575e-05,0.99994665,1.3083558e-05,1.3782645e-05
ALL_core_cancer_type_top95,tabpfn_v3,v3,test,1064,BRCA,BRCA,0,0,0.9999459,1.2981129e-05,1.3099778e-05,1.45897675e-05,1.3427335e-05
ALL_core_cancer_type_top95,tabpfn_v3,v3,test,562,BRCA,BRCA,0,0,0.99993986,1.2981051e-05,1.4118924e-05,1.6555021e-05,1.6479322e-05
ALL_core_cancer_type_top95,tabpfn_v3,v3,test,2916,LUAD,LUAD,4,4,1.9891655e-05,1.3748904e-05,1.3329443e-05,2.1700149e-05,0.99993134
ALL_core_cancer_type_top95,tabpfn_v3,v3,test,2840,LUAD,LUAD,4,4,1.754065e-05,1.5685575e-05,1.3727347e-05,2.6473306e-05,0.99992657
ALL_core_cancer_type_top95,tabpfn_v3,v3,test,3191,LUAD,LUAD,4,4,1.6311345e-05,1.4069422e-05,1.3262741e-05,2.028823e-05,0.99993604
ALL_core_cancer_type_top95,tabpfn_v3,v3,test,2796,LUAD,LUAD,4,4,1.891216e-05,1.5130944e-05,1.377395e-05,2.6863698e-05,0.9999254
ALL_core_cancer_type_top95,tabpfn_v3,v3,test,295,BRCA,BRCA,0,0,0.99993956,1.2981047e-05,1.3916828e-05,1.6841546e-05,1.6675094e-05
ALL_core_cancer_type_top95,tabpfn_v3,v3,test,1655,HNSCC,HNSCC,2,2,1.3045764e-05,1.3283556e-05,0.99994767,1.2981151e-05,1.299997e-05
ALL_core_cancer_type_top95,tabpfn_v3,v3,test,230,BRCA,BRCA,0,0,0.9910935,0.0010296253,0.00203128,0.002053256,0.0037923218
ALL_core_cancer_type_top95,tabpfn_v3,v3,test,202,BRCA,BRCA,0,0,0.9999444,1.2981109e-05,1.2997239e-05,1.50153965e-05,1.4581015e-05
ALL_core_cancer_type_top95,tabpfn_v3,v3,test,1637,HNSCC,HNSCC,2,2,1.4299598e-05,1.3632078e-05,0.9999457,1.2981126e-05,1.3355921e-05
ALL_core_cancer_type_top95,tabpfn_v3,v3,test,3014,LUAD,LUAD,4,4,3.1782758e-05,2.1242378e-05,2.2597858e-05,5.3125223e-05,0.99987125
ALL_core_cancer_type_top95,tabpfn_v3,v3,test,878,BRCA,BRCA,0,0,0.9999451,1.2981118e-05,1.3132268e-05,1.4538464e-05,1.4234184e-05
ALL_core_cancer_type_top95,tabpfn_v3,v3,test,1803,HNSCC,HNSCC,2,2,1.3405388e-05,1.3067357e-05,0.99994755,1.298115e-05,1.298115e-05
ALL_core_cancer_type_top95,tabpfn_v3,v3,test,241,BRCA,BRCA,0,0,0.99994254,1.2981086e-05,1.3414877e-05,1.6485448e-05,1.456474e-05
ALL_core_cancer_type_top95,tabpfn_v3,v3,test,2751,LUAD,LUAD,4,4,1.6784079e-05,1.6043074e-05,1.4644539e-05,3.188957e-05,0.99992067
ALL_core_cancer_type_top95,tabpfn_v3,v3,test,2927,LUAD,LUAD,4,4,1.9518106e-05,1.7228434e-05,1.3429649e-05,2.4965542e-05,0.99992484
ALL_core_cancer_type_top95,tabpfn_v3,v3,test,2660,LUAD,HNSCC,4,2,0.28325975,4.7528614e-05,0.30504468,0.20480251,0.20684555
ALL_core_cancer_type_top95,tabpfn_v3,v3,test,2354,LSCC,LSCC,3,3,1.7782222e-05,1.6988886e-05,2.077826e-05,0.99990916,3.5295627e-05
ALL_core_cancer_type_top95,tabpfn_v3,v3,test,577,BRCA,BRCA,0,0,0.9999444,1.2981109e-05,1.3306307e-05,1.5032873e-05,1.4306776e-05
ALL_core_cancer_type_top95,tabpfn_v3,v3,test,564,BRCA,BRCA,0,0,0.9999445,1.298111e-05,1.3518406e-05,1.5073851e-05,1.3924029e-05
ALL_core_cancer_type_top95,tabpfn_v3,v3,test,130,BRCA,BRCA,0,0,0.9999438,1.29811015e-05,1.30726585e-05,1.5288735e-05,1.4849326e-05
ALL_core_cancer_type_top95,tabpfn_v3,v3,test,2801,LUAD,LUAD,4,4,1.5618441e-05,1.5125549e-05,1.3498944e-05,2.0039084e-05,0.99993575
ALL_core_cancer_type_top95,tabpfn_v3,v3,test,1468,HNSCC,HNSCC,2,2,0.28325975,4.7528614e-05,0.30504468,0.20480251,0.20684555
ALL_core_cancer_type_top95,tabpfn_v3,v3,test,2473,LSCC,LSCC,3,3,1.5720485e-05,1.7989092e-05,2.32872e-05,0.9998958,4.7189584e-05
ALL_core_cancer_type_top95,tabpfn_v3,v3,test,40,BRCA,HNSCC,0,2,0.28325975,4.7528614e-05,0.30504468,0.20480251,0.20684555
ALL_core_cancer_type_top95,tabpfn_v3,v3,test,1761,HNSCC,HNSCC,2,2,1.3875107e-05,1.45842005e-05,0.9999456,1.2997255e-05,1.3008018e-05
ALL_core_cancer_type_top95,tabpfn_v3,v3,test,2361,LSCC,LSCC,3,3,1.8425357e-05,1.29809805e-05,1.3915968e-05,0.9999345,2.0184796e-05
ALL_core_cancer_type_top95,tabpfn_v3,v3,test,3221,LUAD,LUAD,4,4,1.9924197e-05,3.9230665e-05,1.6163716e-05,5.0261435e-05,0.9998744
ALL_core_cancer_type_top95,tabpfn_v3,v3,test,379,BRCA,BRCA,0,0,0.9999437,1.29811e-05,1.3607053e-05,1.5421758e-05,1.4331308e-05
ALL_core_cancer_type_top95,tabpfn_v3,v3,test,2259,LSCC,LSCC,3,3,1.5161305e-05,1.6439593e-05,1.8637478e-05,0.9999131,3.671577e-05
ALL_core_cancer_type_top95,tabpfn_v3,v3,test,2926,LUAD,LUAD,4,4,2.3106213e-05,1.6934051e-05,1.3958811e-05,2.7964486e-05,0.99991804
ALL_core_cancer_type_top95,tabpfn_v3,v3,test,1680,HNSCC,HNSCC,2,2,1.4875907e-05,1.6983384e-05,0.9999399,1.4103068e-05,1.4111927e-05
ALL_core_cancer_type_top95,tabpfn_v3,v3,test,2963,LUAD,LUAD,4,4,1.8082936e-05,1.3581958e-05,1.3498917e-05,2.0572612e-05,0.99993426
ALL_core_cancer_type_top95,tabpfn_v3,v3,test,1154,BRCA,BRCA,0,0,0.9999425,1.3156649e-05,1.4431774e-05,1.4789278e-05,1.5144061e-05
ALL_core_cancer_type_top95,tabpfn_v3,v3,test,98,BRCA,HNSCC,0,2,0.28325975,4.7528614e-05,0.30504468,0.20480251,0.20684555
ALL_core_cancer_type_top95,tabpfn_v3,v3,test,856,BRCA,BRCA,0,0,0.99994195,1.2981077e-05,1.3884663e-05,1.5869118e-05,1.5291285e-05
ALL_core_cancer_type_top95,tabpfn_v3,v3,test,2151,LSCC,LSCC,3,3,0.003559522,0.0061998027,0.013232087,0.9689533,0.008055287
ALL_core_cancer_type_top95,tabpfn_v3,v3,test,3180,LUAD,LUAD,4,4,2.711998e-05,1.9171126e-05,2.2886397e-05,4.3447988e-05,0.99988735
ALL_core_cancer_type_top95,tabpfn_v3,v3,test,2309,LSCC,LSCC,3,3,1.4448501e-05,1.2981083e-05,1.3040302e-05,0.9999424,1.7130817e-05
ALL_core_cancer_type_top95,tabpfn_v3,v3,test,3012,LUAD,LUAD,4,4,1.8383564e-05,1.5752757e-05,1.4033391e-05,2.3524748e-05,0.9999283
ALL_core_cancer_type_top95,tabpfn_v3,v3,test,3196,LUAD,LUAD,4,4,1.8653394e-05,1.417424e-05,1.3280887e-05,2.0171909e-05,0.9999337
ALL_core_cancer_type_top95,tabpfn_v3,v3,test,206,BRCA,BRCA,0,0,0.9999445,1.29811115e-05,1.3051048e-05,1.5014879e-05,1.4400553e-05
ALL_core_cancer_type_top95,tabpfn_v3,v3,test,815,BRCA,BRCA,0,0,0.9999442,1.2981107e-05,1.373893e-05,1.5073608e-05,1.3966029e-05
ALL_core_cancer_type_top95,tabpfn_v3,v3,test,957,BRCA,BRCA,0,0,0.9999427,1.2981088e-05,1.39425365e-05,1.5697968e-05,1.46895245e-05
ALL_core_cancer_type_top95,tabpfn_v3,v3,test,897,BRCA,BRCA,0,0,0.9999348,1.3646345e-05,1.7643964e-05,1.6332067e-05,1.7578694e-05
ALL_core_cancer_type_top95,tabpfn_v3,v3,test,392,BRCA,BRCA,0,0,0.99993926,1.2981042e-05,1.5161708e-05,1.751977e-05,1.5088027e-05
ALL_core_cancer_type_top95,tabpfn_v3,v3,test,2874,LUAD,LUAD,4,4,1.7939323e-05,1.4347961e-05,1.3257256e-05,2.0155365e-05,0.9999343
ALL_core_cancer_type_top95,tabpfn_v3,v3,test,2932,LUAD,LUAD,4,4,1.798413e-05,2.2261407e-05,1.6445945e-05,2.9480596e-05,0.9999138
ALL_core_cancer_type_top95,tabpfn_v3,v3,test,1776,HNSCC,HNSCC,2,2,1.3118755e-05,1.301343e-05,0.9999479,1.2981154e-05,1.2981154e-05
ALL_core_cancer_type_top95,tabpfn_v3,v3,test,1885,HNSCC,HNSCC,2,2,1.3953827e-05,1.4515708e-05,0.999945,1.3048429e-05,1.3460961e-05
ALL_core_cancer_type_top95,tabpfn_v3,v3,test,200,BRCA,BRCA,0,0,0.99994546,1.2981124e-05,1.3192014e-05,1.4414044e-05,1.3965236e-05
ALL_core_cancer_type_top95,tabpfn_v3,v3,test,1937,HNSCC,LSCC,2,3,0.15356308,0.0031927698,0.16185856,0.3484519,0.3329337
ALL_core_cancer_type_top95,tabpfn_v3,v3,test,3192,LUAD,LUAD,4,4,1.554979e-05,1.4459599e-05,1.3145724e-05,1.9733283e-05,0.9999371
ALL_core_cancer_type_top95,tabpfn_v3,v3,test,1764,HNSCC,HNSCC,2,2,1.4075194e-05,1.3804905e-05,0.9999447,1.3500858e-05,1.3912178e-05
ALL_core_cancer_type_top95,tabpfn_v3,v3,test,2584,LSCC,LSCC,3,3,1.3963295e-05,1.3126811e-05,1.3326566e-05,0.9999423,1.728811e-05
ALL_core_cancer_type_top95,tabpfn_v3,v3,test,645,BRCA,BRCA,0,0,0.99994504,1.2981118e-05,1.3167546e-05,1.4936431e-05,1.3819161e-05
ALL_core_cancer_type_top95,tabpfn_v3,v3,test,87,BRCA,HNSCC,0,2,0.28325975,4.7528614e-05,0.30504468,0.20480251,0.20684555
ALL_core_cancer_type_top95,tabpfn_v3,v3,test,3200,LUAD,LUAD,4,4,2.6910595e-05,3.7498183e-05,2.358427e-05,5.513955e-05,0.9998569
ALL_core_cancer_type_top95,tabpfn_v3,v3,test,3209,LUAD,LUAD,4,4,1.9623978e-05,2.0109139e-05,1.4286545e-05,2.9411018e-05,0.99991655
ALL_core_cancer_type_top95,tabpfn_v3,v3,test,2745,LUAD,LUAD,4,4,1.960099e-05,1.9117904e-05,1.4593081e-05,2.7176815e-05,0.99991953
ALL_core_cancer_type_top95,tabpfn_v3,v3,test,279,BRCA,BRCA,0,0,0.9999365,1.4225409e-05,1.548533e-05,1.7368877e-05,1.6375616e-05
ALL_core_cancer_type_top95,tabpfn_v3,v3,test,686,BRCA,BRCA,0,0,0.9999416,1.2981072e-05,1.4080162e-05,1.574367e-05,1.5594887e-05
ALL_core_cancer_type_top95,tabpfn_v3,v3,test,2054,LSCC,HNSCC,3,2,0.28325975,4.7528614e-05,0.30504468,0.20480251,0.20684555
ALL_core_cancer_type_top95,tabpfn_v3,v3,test,2445,LSCC,LSCC,3,3,1.4226438e-05,1.2981096e-05,1.3178391e-05,0.9999433,1.6243692e-05
ALL_core_cancer_type_top95,tabpfn_v3,v3,test,3149,LUAD,LUAD,4,4,2.1122045e-05,1.540398e-05,1.4140404e-05,2.929751e-05,0.99992
ALL_core_cancer_type_top95,tabpfn_v3,v3,test,2488,LSCC,LSCC,3,3,1.3793441e-05,1.2981124e-05,1.2981124e-05,0.9999456,1.467433e-05
ALL_core_cancer_type_top95,tabpfn_v3,v3,test,1876,HNSCC,HNSCC,2,2,1.3738945e-05,1.3561412e-05,0.9999452,1.379481e-05,1.3728477e-05
ALL_core_cancer_type_top95,tabpfn_v3,v3,test,502,BRCA,BRCA,0,0,0.99994546,1.2981124e-05,1.3075435e-05,1.4719361e-05,1.3756639e-05
ALL_core_cancer_type_top95,tabpfn_v3,v3,test,343,BRCA,BRCA,0,0,0.9999442,1.2981108e-05,1.3554216e-05,1.516419e-05,1.4117452e-05
ALL_core_cancer_type_top95,tabpfn_v3,v3,test,1104,BRCA,BRCA,0,0,0.99994516,1.2981119e-05,1.3148544e-05,1.4668536e-05,1.4000665e-05
ALL_core_cancer_type_top95,tabpfn_v3,v3,test,520,BRCA,BRCA,0,0,0.9999435,1.2981098e-05,1.3056505e-05,1.4589752e-05,1.5866155e-05
ALL_core_cancer_type_top95,tabpfn_v3,v3,test,64,BRCA,HNSCC,0,2,0.28325975,4.7528614e-05,0.30504468,0.20480251,0.20684555
ALL_core_cancer_type_top95,tabpfn_v3,v3,test,2687,LUAD,HNSCC,4,2,0.28325975,4.7528614e-05,0.30504468,0.20480251,0.20684555
ALL_core_cancer_type_top95,tabpfn_v3,v3,test,317,BRCA,BRCA,0,0,0.9999393,1.2981044e-05,1.595817e-05,1.5162029e-05,1.6570602e-05
ALL_core_cancer_type_top95,tabpfn_v3,v3,test,1044,BRCA,BRCA,0,0,0.999946,1.298113e-05,1.319202e-05,1.4302157e-05,1.3525618e-05
ALL_core_cancer_type_top95,tabpfn_v3,v3,test,1025,BRCA,BRCA,0,0,0.99994487,1.2981115e-05,1.3230126e-05,1.4924569e-05,1.3983664e-05
ALL_core_cancer_type_top95,tabpfn_v3,v3,test,1837,HNSCC,HNSCC,2,2,1.3535042e-05,1.3192037e-05,0.9999473,1.2981147e-05,1.2981147e-05
ALL_core_cancer_type_top95,tabpfn_v3,v3,test,860,BRCA,BRCA,0,0,0.99994135,1.29810705e-05,1.3653145e-05,1.6380769e-05,1.5642376e-05
ALL_core_cancer_type_top95,tabpfn_v3,v3,test,2037,LSCC,HNSCC,3,2,0.28325975,4.7528614e-05,0.30504468,0.20480251,0.20684555
ALL_core_cancer_type_top95,tabpfn_v3,v3,test,641,BRCA,BRCA,0,0,0.9999426,1.2981085e-05,1.3399525e-05,1.6221793e-05,1.4755368e-05
ALL_core_cancer_type_top95,tabpfn_v3,v3,test,2977,LUAD,LUAD,4,4,1.700147e-05,1.4608636e-05,1.3894516e-05,2.6548878e-05,0.99992794
ALL_core_cancer_type_top95,tabpfn_v3,v3,test,1788,HNSCC,HNSCC,2,2,2.5990117e-05,2.3329922e-05,0.9999065,2.4220579e-05,2.0032621e-05
ALL_core_cancer_type_top95,tabpfn_v3,v3,test,1293,ESCA,ESCA,1,1,1.550498e-05,0.99991083,1.8010893e-05,2.0845153e-05,3.4790268e-05
ALL_core_cancer_type_top95,tabpfn_v3,v3,test,2632,LUAD,HNSCC,4,2,0.28325975,4.7528614e-05,0.30504468,0.20480251,0.20684555
ALL_core_cancer_type_top95,tabpfn_v3,v3,test,2061,LSCC,HNSCC,3,2,0.28325975,4.7528614e-05,0.30504468,0.20480251,0.20684555
