sample_id,y_true,y_pred,prob_BRCA,prob_HNSCC,prob_LSCC,prob_LUAD
TCGA:BRCA:TCGA-3C-AAAU-01,BRCA,BRCA,0.9994219541549683,0.0001444800873287022,0.00012113855336792767,0.0003124543000012636
TCGA:BRCA:TCGA-3C-AALI-01,BRCA,BRCA,0.9999957084655762,7.549135148110508e-07,1.2222047871546238e-06,2.3228715235745767e-06
TCGA:BRCA:TCGA-3C-AALJ-01,BRCA,BRCA,0.9998298287391663,9.054591646417975e-05,9.016429430630524e-06,7.059094059513882e-05
TCGA:BRCA:TCGA-3C-AALK-01,BRCA,BRCA,0.9999997615814209,6.755560377769143e-08,8.666754069963645e-08,1.0642644809877311e-07
TCGA:BRCA:TCGA-4H-AAAK-01,BRCA,BRCA,0.99962317943573,0.00015678838826715946,0.00013241874694358557,8.762833022046834e-05
TCGA:BRCA:TCGA-5L-AAT0-01,BRCA,BRCA,0.9999712705612183,9.918998330249451e-06,8.123288353090174e-06,1.0666659363778308e-05
TCGA:BRCA:TCGA-5T-A9QA-01,BRCA,BRCA,0.9999648332595825,1.8377060087004793e-06,1.1442864433774957e-06,3.220215148758143e-05
TCGA:BRCA:TCGA-A1-A0SB-01,BRCA,BRCA,0.9998363256454468,3.938653753721155e-05,9.385883458890021e-05,3.0414514185395092e-05
TCGA:BRCA:TCGA-A1-A0SD-01,BRCA,BRCA,0.9996034502983093,0.00010285445023328066,0.00013753131497651339,0.00015618781617376953
TCGA:BRCA:TCGA-A1-A0SE-01,BRCA,BRCA,0.9999997615814209,6.717843348269525e-08,5.381603429555071e-08,9.125407984811318e-08
TCGA:BRCA:TCGA-A1-A0SF-01,BRCA,BRCA,0.9999991059303284,3.729658430984273e-07,2.43606052663381e-07,2.7918738965126977e-07
TCGA:BRCA:TCGA-A1-A0SG-01,BRCA,BRCA,0.9999998211860657,6.393096185774994e-08,3.9545760444070766e-08,7.74387203250626e-08
TCGA:BRCA:TCGA-A1-A0SH-01,BRCA,BRCA,0.9994491934776306,0.00014845894475001842,0.00017640141595620662,0.00022594304755330086
TCGA:BRCA:TCGA-A1-A0SI-01,BRCA,BRCA,0.9999618530273438,9.862729712040164e-06,8.839509973768145e-06,1.9415836504776962e-05
TCGA:BRCA:TCGA-A1-A0SJ-01,BRCA,BRCA,0.9999624490737915,1.0952570846711751e-05,1.1606443877099082e-05,1.496531785960542e-05
TCGA:BRCA:TCGA-A1-A0SK-01,BRCA,BRCA,0.992511510848999,0.0008545859600417316,0.005643405020236969,0.0009904822800308466
TCGA:BRCA:TCGA-A1-A0SM-01,BRCA,BRCA,0.9997411370277405,5.662273179041222e-05,8.721950143808499e-05,0.00011500908294692636
TCGA:BRCA:TCGA-A1-A0SN-01,BRCA,BRCA,0.9999999403953552,1.1739055061354975e-08,1.1113720610467226e-08,5.816559323079673e-08
TCGA:BRCA:TCGA-A1-A0SO-01,BRCA,BRCA,0.999989926815033,1.9535241335688625e-06,3.150511020066915e-06,4.965982952853665e-06
TCGA:BRCA:TCGA-A1-A0SP-01,BRCA,BRCA,0.9998748898506165,1.1227746199438116e-06,0.00012124341446906328,2.7215387490286957e-06
TCGA:BRCA:TCGA-A1-A0SQ-01,BRCA,BRCA,0.9999997615814209,7.141841962265971e-08,4.862469893396337e-08,1.0501084091174562e-07
TCGA:BRCA:TCGA-A2-A04N-01,BRCA,BRCA,0.9999992847442627,1.808818410609092e-07,3.099807202033844e-07,2.0680587908827874e-07
TCGA:BRCA:TCGA-A2-A04P-01,BRCA,BRCA,0.9999982714653015,7.335372629313497e-07,5.589838565356331e-07,4.4890572326039546e-07
TCGA:BRCA:TCGA-A2-A04Q-01,BRCA,BRCA,0.9999999403953552,2.5176175810770474e-08,2.2469494709298488e-08,2.3594584064312585e-08
TCGA:BRCA:TCGA-A2-A04R-01,BRCA,BRCA,1.0,7.147884062419507e-09,1.034475882732977e-08,1.0417879003910002e-08
TCGA:BRCA:TCGA-A2-A04T-01,BRCA,BRCA,0.9993117451667786,0.0002133725502062589,0.0002878571394830942,0.00018704414833337069
TCGA:BRCA:TCGA-A2-A04U-01,BRCA,BRCA,0.9999671578407288,1.5725063349236734e-05,9.675182809587568e-06,7.443436516041402e-06
TCGA:BRCA:TCGA-A2-A04V-01,BRCA,BRCA,0.9999990463256836,1.5885245829849737e-07,1.1628421248133236e-07,6.616249379476358e-07
TCGA:BRCA:TCGA-A2-A04W-01,BRCA,BRCA,0.9997341632843018,1.207907303069078e-06,3.3430640087317443e-06,0.0002613056276459247
TCGA:BRCA:TCGA-A2-A04X-01,BRCA,BRCA,0.9994218945503235,0.00016863364726305008,0.0002188840153394267,0.00019057566532865167
TCGA:BRCA:TCGA-A2-A04Y-01,BRCA,BRCA,0.9999991655349731,1.999074612513141e-07,2.1667413818704517e-07,4.2359727103757905e-07
TCGA:BRCA:TCGA-A2-A0CK-01,BRCA,BRCA,0.9999997019767761,6.674112285054434e-08,1.2120460723963333e-07,9.310417681263061e-08
TCGA:BRCA:TCGA-A2-A0CL-01,BRCA,BRCA,0.9999969005584717,1.6616187394902227e-06,7.846969651836844e-07,6.360178304021247e-07
TCGA:BRCA:TCGA-A2-A0CM-01,BRCA,BRCA,0.9999998211860657,1.158064719675167e-07,2.1847037956490567e-08,1.1861556181713695e-08
TCGA:BRCA:TCGA-A2-A0CO-01,BRCA,BRCA,0.9999991059303284,2.1688357776383782e-07,2.438851254282781e-07,4.5889902366980095e-07
TCGA:BRCA:TCGA-A2-A0CP-01,BRCA,BRCA,0.9997087121009827,0.00010394670971436426,8.181543671526015e-05,0.00010553912579780445
TCGA:BRCA:TCGA-A2-A0CQ-01,BRCA,BRCA,0.9999973773956299,2.1772873992631503e-07,2.086204773377176e-07,2.1918510810792213e-06
TCGA:BRCA:TCGA-A2-A0CR-01,BRCA,BRCA,0.9992060661315918,0.0003305500722490251,0.00018930337682832032,0.00027409163885749876
TCGA:BRCA:TCGA-A2-A0CS-01,BRCA,BRCA,0.9999984502792358,1.2464289511626703e-07,1.4983126561673998e-07,1.2514010450104252e-06
TCGA:BRCA:TCGA-A2-A0CT-01,BRCA,BRCA,0.9976395964622498,0.00046984312939457595,0.0016323000891134143,0.00025823176838457584
TCGA:BRCA:TCGA-A2-A0CU-01,BRCA,BRCA,0.9999390244483948,1.5778938177390955e-05,2.717560710152611e-05,1.7991460481425747e-05
TCGA:BRCA:TCGA-A2-A0CV-01,BRCA,BRCA,0.9999995827674866,5.513323841910278e-08,6.577124622708652e-08,3.1905710784485564e-07
TCGA:BRCA:TCGA-A2-A0CW-01,BRCA,BRCA,0.9992095232009888,0.0001966119889402762,0.00032276270212605596,0.00027112269890494645
TCGA:BRCA:TCGA-A2-A0CX-01,BRCA,BRCA,0.9999991059303284,4.1063327671508887e-07,2.4325660774593416e-07,2.1981763609346672e-07
TCGA:BRCA:TCGA-A2-A0CZ-01,BRCA,BRCA,0.9999999403953552,1.3696443090793764e-08,4.687551324877859e-08,1.3721313862902207e-08
TCGA:BRCA:TCGA-A2-A0D0-01,BRCA,BRCA,0.9999831914901733,4.7841626837907825e-06,5.349560524336994e-06,6.688392204523552e-06
TCGA:BRCA:TCGA-A2-A0D1-01,BRCA,BRCA,0.9999836683273315,1.1651212844299152e-05,3.77286028196977e-06,8.803243645161274e-07
TCGA:BRCA:TCGA-A2-A0D2-01,BRCA,BRCA,0.9999999403953552,3.409339299764724e-08,2.530280340806712e-08,1.7981610866968367e-08
TCGA:BRCA:TCGA-A2-A0D3-01,BRCA,BRCA,0.9996523857116699,0.00010831218241946772,0.00010553659376455471,0.00013378904259297997
TCGA:BRCA:TCGA-A2-A0D4-01,BRCA,BRCA,0.9999996423721313,1.2838962959449418e-07,1.0517204884763487e-07,1.1739651029074594e-07
TCGA:BRCA:TCGA-A2-A0EM-01,BRCA,BRCA,0.9999998211860657,3.845499918497808e-08,3.8016416681330156e-08,8.192328238010305e-08
TCGA:BRCA:TCGA-A2-A0EN-01,BRCA,BRCA,0.9999999403953552,5.231603150690489e-09,1.491125090069545e-08,3.222537614533394e-08
TCGA:BRCA:TCGA-A2-A0EO-01,BRCA,BRCA,0.9999998211860657,4.126459529629756e-08,7.026502402140977e-08,7.93157042267012e-08
TCGA:BRCA:TCGA-A2-A0EP-01,BRCA,BRCA,0.9998271465301514,4.446093225851655e-05,4.890116542810574e-05,7.94763836893253e-05
TCGA:BRCA:TCGA-A2-A0EQ-01,BRCA,BRCA,0.9999962449073792,6.383326649483934e-07,9.16824035357422e-07,2.2278788947005523e-06
TCGA:BRCA:TCGA-A2-A0ER-01,BRCA,BRCA,0.9999998211860657,4.661814756445892e-08,5.572190531211163e-08,6.976204502961991e-08
TCGA:BRCA:TCGA-A2-A0ES-01,BRCA,BRCA,0.9999993443489075,8.66502034568839e-08,1.087494752027851e-07,4.537540121418715e-07
TCGA:BRCA:TCGA-A2-A0ET-01,BRCA,BRCA,0.9999995231628418,3.1505518194308024e-08,1.8762865039434473e-08,4.318388846513699e-07
TCGA:BRCA:TCGA-A2-A0EU-01,BRCA,BRCA,0.999994158744812,2.498067487977096e-06,3.090451627940638e-06,2.444747906338307e-07
TCGA:BRCA:TCGA-A2-A0EV-01,BRCA,BRCA,0.9996061325073242,9.198593761539087e-05,0.00020106534066144377,0.00010084337554872036
TCGA:BRCA:TCGA-A2-A0EW-01,BRCA,BRCA,0.9996962547302246,9.165146184386685e-05,0.00010583877156022936,0.00010623643902363256
TCGA:BRCA:TCGA-A2-A0EX-01,BRCA,BRCA,0.9999993443489075,1.5173681333635614e-07,1.805379099550919e-07,3.167376405599498e-07
TCGA:BRCA:TCGA-A2-A0EY-01,BRCA,BRCA,0.999998927116394,1.5229090877255658e-08,1.851387665396942e-08,1.0539027925915434e-06
TCGA:BRCA:TCGA-A2-A0ST-01,BRCA,BRCA,0.9998080134391785,2.612363277876284e-05,0.00013122987002134323,3.464068140601739e-05
TCGA:BRCA:TCGA-A2-A0SU-01,BRCA,BRCA,0.9999439120292664,1.437744595023105e-05,2.3231541490531527e-05,1.846459235821385e-05
TCGA:BRCA:TCGA-A2-A0SV-01,BRCA,BRCA,0.9999973773956299,3.4142749427701347e-07,3.5297441058901313e-07,1.912130301207071e-06
TCGA:BRCA:TCGA-A2-A0SW-01,BRCA,BRCA,0.9999997615814209,7.172541671707222e-09,8.105677906655728e-09,2.0353924412574997e-07
TCGA:BRCA:TCGA-A2-A0SX-01,BRCA,BRCA,0.9999984502792358,2.0502960751400678e-07,1.1664468502203817e-06,1.6226809407271503e-07
TCGA:BRCA:TCGA-A2-A0SY-01,BRCA,BRCA,0.9999997019767761,6.488160408935073e-08,1.391622959090455e-07,9.741269479945913e-08
TCGA:BRCA:TCGA-A2-A0T0-01,BRCA,BRCA,0.999993085861206,1.2803973277186742e-06,3.0033461371203884e-06,2.6300683657609625e-06
TCGA:BRCA:TCGA-A2-A0T1-01,BRCA,BRCA,0.9999969005584717,3.638231476088549e-07,2.0293339275667677e-07,2.514962943678256e-06
TCGA:BRCA:TCGA-A2-A0T2-01,BRCA,BRCA,0.9999966621398926,1.942872586369049e-06,1.1663971690722974e-06,2.5370391654178093e-07
TCGA:BRCA:TCGA-A2-A0T3-01,BRCA,BRCA,0.9999999403953552,5.9047167155767966e-09,1.1825421530886615e-08,2.7616048114964542e-08
TCGA:BRCA:TCGA-A2-A0T4-01,BRCA,BRCA,0.9999999403953552,9.213024121379476e-09,6.709636402035812e-09,3.362095313264035e-08
TCGA:BRCA:TCGA-A2-A0T5-01,BRCA,BRCA,0.9999997615814209,1.6228447918820166e-08,5.8322470408711524e-08,1.5949821374761086e-07
TCGA:BRCA:TCGA-A2-A0T6-01,BRCA,BRCA,0.9999995231628418,1.1924716147859726e-07,1.4251854452140833e-07,1.9534921591457532e-07
TCGA:BRCA:TCGA-A2-A0T7-01,BRCA,BRCA,0.9999454617500305,1.8841314158635214e-05,1.748656723066233e-05,1.8188509784522466e-05
TCGA:BRCA:TCGA-A2-A0YC-01,BRCA,BRCA,0.9995313286781311,0.00011653408000711352,0.00011149625788675621,0.00024065242905635387
TCGA:BRCA:TCGA-A2-A0YD-01,BRCA,BRCA,0.9999991655349731,3.653409805792762e-07,2.064393953560284e-07,2.623477257657214e-07
TCGA:BRCA:TCGA-A2-A0YE-01,BRCA,BRCA,0.9999995231628418,1.0350121470992235e-07,1.8544072588611016e-07,2.0489628127506876e-07
TCGA:BRCA:TCGA-A2-A0YF-01,BRCA,BRCA,0.9999994039535522,7.582196204225511e-09,6.768689608804834e-09,5.646001568493375e-07
TCGA:BRCA:TCGA-A2-A0YG-01,BRCA,BRCA,0.9999991655349731,1.927857766759189e-07,3.6547092463479203e-07,2.6081860937665624e-07
TCGA:BRCA:TCGA-A2-A0YH-01,BRCA,BRCA,0.9996535181999207,0.00011354584421496838,0.0001157200604211539,0.00011724013893399388
TCGA:BRCA:TCGA-A2-A0YI-01,BRCA,BRCA,0.9999998807907104,3.1839233471941952e-09,4.926226537804723e-09,1.1013884204658098e-07
TCGA:BRCA:TCGA-A2-A0YJ-01,BRCA,BRCA,0.9980872869491577,0.0008687934023328125,0.0008371606236323714,0.00020673873950727284
TCGA:BRCA:TCGA-A2-A0YK-01,BRCA,BRCA,0.9999967813491821,4.799709358849213e-07,1.9632477687991923e-06,7.797231660333637e-07
TCGA:BRCA:TCGA-A2-A0YL-01,BRCA,BRCA,0.9999593496322632,1.0637879313435405e-05,2.0468356524361297e-05,9.53369089984335e-06
TCGA:BRCA:TCGA-A2-A0YM-01,BRCA,BRCA,0.9999986290931702,7.759888376313029e-07,3.8297696391964564e-07,2.167709141076557e-07
TCGA:BRCA:TCGA-A2-A0YT-01,BRCA,BRCA,0.9999632239341736,9.559811587678269e-06,1.4955590813769959e-05,1.2259506547707133e-05
TCGA:BRCA:TCGA-A2-A1FV-01,BRCA,BRCA,0.9999999403953552,1.7600020996155763e-08,3.02909519689365e-08,1.5135803721477714e-08
TCGA:BRCA:TCGA-A2-A1FW-01,BRCA,BRCA,0.9996792674064636,0.0001085712865460664,9.661439253250137e-05,0.0001155462086899206
TCGA:BRCA:TCGA-A2-A1FX-01,BRCA,BRCA,0.9996360540390015,0.00011499442189233378,0.00012062057066941634,0.0001283417223021388
TCGA:BRCA:TCGA-A2-A1FZ-01,BRCA,BRCA,0.9999999403953552,5.950203441074109e-09,1.723335785186464e-08,2.5209986986851618e-08
TCGA:BRCA:TCGA-A2-A1G0-01,BRCA,BRCA,0.9999994039535522,1.570800236549985e-07,2.0889197571705154e-07,2.388356108440348e-07
TCGA:BRCA:TCGA-A2-A1G1-01,BRCA,BRCA,0.9962815642356873,0.0012240232899785042,0.001593171851709485,0.0009012296795845032
TCGA:BRCA:TCGA-A2-A1G4-01,BRCA,BRCA,0.9999985694885254,2.378941559300074e-07,1.9622029867605306e-07,9.94340894067136e-07
TCGA:BRCA:TCGA-A2-A1G6-01,BRCA,BRCA,0.9999403953552246,1.1780989552789833e-05,2.9634933525812812e-05,1.81691866600886e-05
TCGA:BRCA:TCGA-A2-A259-01,BRCA,BRCA,0.9999992251396179,2.1184791876294184e-07,2.373050449477887e-07,3.3089028761423833e-07
TCGA:BRCA:TCGA-A2-A25A-01,BRCA,BRCA,0.9999997615814209,5.898498045553424e-08,6.268145114063373e-08,9.979588355690794e-08
TCGA:BRCA:TCGA-A2-A25B-01,BRCA,BRCA,0.9999999403953552,7.3254038390757614e-09,5.4843027896822605e-09,3.3049108338900623e-08
TCGA:BRCA:TCGA-A2-A25C-01,BRCA,BRCA,0.9999317526817322,1.298406732530566e-05,1.7462038158555515e-05,3.782975545618683e-05
TCGA:BRCA:TCGA-A2-A25D-01,BRCA,BRCA,0.9996920228004456,0.00010160896636079997,0.00010277164255967364,0.00010360524174757302
TCGA:BRCA:TCGA-A2-A25E-01,BRCA,BRCA,0.9999998211860657,3.9912581684120596e-08,9.202348394410365e-08,7.59096110414248e-08
TCGA:BRCA:TCGA-A2-A25F-01,BRCA,BRCA,0.999989926815033,1.2522070846898714e-06,9.617535852157744e-07,7.869831279094797e-06
TCGA:BRCA:TCGA-A2-A3KC-01,BRCA,BRCA,0.9997170567512512,8.542245632270351e-05,8.309113763971254e-05,0.00011440781236160547
TCGA:BRCA:TCGA-A2-A3KD-01,BRCA,BRCA,0.999998927116394,2.5958422611438436e-07,3.7266843833094754e-07,4.166350890955073e-07
TCGA:BRCA:TCGA-A2-A3XS-01,BRCA,BRCA,0.9999980926513672,6.621194756917248e-07,6.308388833531353e-07,5.999881977913901e-07
TCGA:BRCA:TCGA-A2-A3XT-01,BRCA,BRCA,0.9999997615814209,1.1851167869281198e-07,5.585033946431395e-08,7.97697410348519e-08
TCGA:BRCA:TCGA-A2-A3XU-01,BRCA,BRCA,0.997631311416626,0.0011230050586163998,0.0009155776933766901,0.0003301223332528025
TCGA:BRCA:TCGA-A2-A3XV-01,BRCA,BRCA,0.9982176423072815,0.00019572966266423464,0.00012405813322402537,0.001462554675526917
TCGA:BRCA:TCGA-A2-A3XW-01,BRCA,BRCA,0.5296446084976196,0.455783486366272,0.012432137504220009,0.0021397832315415144
TCGA:BRCA:TCGA-A2-A3XX-01,BRCA,BRCA,0.9999209046363831,1.9796185370068997e-05,4.7218261897796765e-05,1.2051787052769214e-05
TCGA:BRCA:TCGA-A2-A3XY-01,BRCA,BRCA,0.9999997615814209,1.1690642764961012e-07,8.523286965100851e-08,1.4286114513595294e-08
TCGA:BRCA:TCGA-A2-A3XZ-01,BRCA,BRCA,0.9975895881652832,0.00029754030401818454,0.0004857680469285697,0.0016270821215584874
TCGA:BRCA:TCGA-A2-A3Y0-01,BRCA,BRCA,0.9970100522041321,0.002510765567421913,0.0004674675583373755,1.1685733625199646e-05
TCGA:BRCA:TCGA-A2-A4RW-01,BRCA,BRCA,0.9995248913764954,0.00013071931607555598,0.00022648800222668797,0.00011790777352871373
TCGA:BRCA:TCGA-A2-A4RX-01,BRCA,BRCA,0.9998674988746643,0.00011176895350217819,1.680659261182882e-05,3.937107976526022e-06
TCGA:BRCA:TCGA-A2-A4RY-01,BRCA,BRCA,0.9999998211860657,5.4259430726233404e-08,7.367187038198608e-08,6.986602585357105e-08
TCGA:BRCA:TCGA-A2-A4S0-01,BRCA,BRCA,0.9999980330467224,4.904906631963968e-07,3.731248909843998e-07,1.0807248145283666e-06
TCGA:BRCA:TCGA-A2-A4S1-01,BRCA,BRCA,0.941195011138916,0.0335548110306263,0.00584231736138463,0.019407857209444046
TCGA:BRCA:TCGA-A2-A4S2-01,BRCA,BRCA,0.9999999403953552,6.196573032468677e-09,9.94026017053784e-09,1.8825412340106595e-08
TCGA:BRCA:TCGA-A2-A4S3-01,BRCA,BRCA,0.999999463558197,1.52909024109249e-07,1.1324132742629445e-07,2.9757256925222464e-07
TCGA:BRCA:TCGA-A7-A0CD-01,BRCA,BRCA,0.9999598860740662,1.1966584679612424e-05,1.0049290722236037e-05,1.8068509234581143e-05
TCGA:BRCA:TCGA-A7-A0CE-01,BRCA,BRCA,0.9998568892478943,2.7398828024161048e-05,5.7642431784188375e-05,5.8072077081305906e-05
TCGA:BRCA:TCGA-A7-A0CG-01,BRCA,BRCA,0.9999997615814209,6.802004293149366e-08,6.495879034673635e-08,1.3190577874411247e-07
TCGA:BRCA:TCGA-A7-A0CH-01,BRCA,BRCA,0.9999992251396179,1.5985071399882145e-07,2.2395286691789806e-07,3.635431369275466e-07
TCGA:BRCA:TCGA-A7-A0CJ-01,BRCA,BRCA,0.9990454912185669,0.00027650754782371223,0.0003069786762353033,0.00037101039197295904
TCGA:BRCA:TCGA-A7-A0D9-01,BRCA,BRCA,0.9987127780914307,0.000193805928574875,0.0009710501180961728,0.00012233995948918164
TCGA:BRCA:TCGA-A7-A0DA-01,BRCA,BRCA,0.9998456239700317,8.010508463485166e-05,4.002553760074079e-05,3.426326657063328e-05
TCGA:BRCA:TCGA-A7-A0DB-01,BRCA,BRCA,0.9999997019767761,6.80268570363296e-08,7.628748477372937e-08,1.2422667339251348e-07
TCGA:BRCA:TCGA-A7-A0DC-01,BRCA,BRCA,0.9999202489852905,2.348721682210453e-05,2.185898119932972e-05,3.4380853321636096e-05
TCGA:BRCA:TCGA-A7-A13D-01,BRCA,BRCA,0.9999922513961792,2.02028331841575e-06,4.911550604447257e-06,8.200755132747872e-07
TCGA:BRCA:TCGA-A7-A13E-01,BRCA,BRCA,0.9999991059303284,4.826358122045349e-07,2.5564588668203214e-07,1.629127126534513e-07
TCGA:BRCA:TCGA-A7-A13F-01,BRCA,BRCA,0.9991788864135742,0.00013531124568544328,0.00014051460311748087,0.0005452699260786176
TCGA:BRCA:TCGA-A7-A13G-01,BRCA,BRCA,0.9999991059303284,3.5086927141492197e-07,1.2913037039652409e-07,3.9368353554891655e-07
TCGA:BRCA:TCGA-A7-A13H-01,BRCA,BRCA,0.9999642968177795,1.1231441021664068e-05,1.196027278638212e-05,1.249181786988629e-05
TCGA:BRCA:TCGA-A7-A26E-01,BRCA,BRCA,0.9999999403953552,5.001024927508979e-09,1.1965017421289303e-08,1.6747566888852816e-08
TCGA:BRCA:TCGA-A7-A26F-01,BRCA,BRCA,0.9993860721588135,0.0002304829249624163,0.0002038547972915694,0.00017961254343390465
TCGA:BRCA:TCGA-A7-A26G-01,BRCA,BRCA,0.9996294379234314,4.2238261812599376e-05,6.765135185560212e-05,0.0002607002970762551
TCGA:BRCA:TCGA-A7-A26H-01,BRCA,BRCA,0.9999988079071045,4.6382578489101434e-07,3.308788336653379e-07,3.7162371313570475e-07
TCGA:BRCA:TCGA-A7-A26I-01,BRCA,BRCA,0.9981541633605957,0.00040817883564159274,0.001032393192872405,0.0004052464501000941
TCGA:BRCA:TCGA-A7-A26J-01,BRCA,BRCA,0.9999997615814209,4.948896759060517e-08,6.855765377622447e-08,1.4729559438819706e-07
TCGA:BRCA:TCGA-A7-A2KD-01,BRCA,BRCA,0.9999993443489075,1.1386191545170732e-07,1.8990719752309815e-07,3.616051458266156e-07
TCGA:BRCA:TCGA-A7-A3IY-01,BRCA,BRCA,0.9999998211860657,3.2598368449043846e-08,8.58770690115307e-08,3.965386241588931e-08
TCGA:BRCA:TCGA-A7-A3IZ-01,BRCA,BRCA,0.9999486207962036,1.0718180419644341e-05,1.66405789059354e-05,2.4045131794991903e-05
TCGA:BRCA:TCGA-A7-A3J0-01,BRCA,BRCA,0.999992311000824,5.841839367803914e-08,3.1009423651084944e-07,7.3077053457382135e-06
TCGA:BRCA:TCGA-A7-A3J1-01,BRCA,BRCA,0.9996950030326843,9.317197691416368e-05,9.582618804415688e-05,0.00011598885612329468
TCGA:BRCA:TCGA-A7-A3RF-01,BRCA,BRCA,0.9987878799438477,0.0002711857086978853,0.0002911016345024109,0.0006498141447082162
TCGA:BRCA:TCGA-A7-A425-01,BRCA,BRCA,0.9999997615814209,7.125321133116813e-08,7.563943427157938e-08,1.1676391409309872e-07
TCGA:BRCA:TCGA-A7-A426-01,BRCA,BRCA,0.999686598777771,9.838552796281874e-05,0.00010525741527089849,0.00010977569763781503
TCGA:BRCA:TCGA-A7-A4SA-01,BRCA,BRCA,0.999376118183136,0.00021668181580025703,0.00020628019410651177,0.00020090906764380634
TCGA:BRCA:TCGA-A7-A4SB-01,BRCA,BRCA,0.9999698996543884,9.111447980103549e-06,9.993316780310124e-06,1.0996096534654498e-05
TCGA:BRCA:TCGA-A7-A4SC-01,BRCA,BRCA,0.9999567866325378,1.1032390830223449e-05,1.1702455594786443e-05,2.045314249699004e-05
TCGA:BRCA:TCGA-A7-A4SD-01,BRCA,BRCA,0.9988270998001099,0.0002122938894899562,0.0007844518404453993,0.00017616413242649287
TCGA:BRCA:TCGA-A7-A4SE-01,BRCA,BRCA,0.9998829960823059,4.1774026612984017e-05,6.273703183978796e-05,1.2470839465095196e-05
TCGA:BRCA:TCGA-A7-A4SF-01,BRCA,BRCA,0.9999985098838806,4.1154115137942426e-07,3.2549323236708005e-07,7.240402624120179e-07
TCGA:BRCA:TCGA-A7-A56D-01,BRCA,BRCA,0.9999993443489075,1.4540576387389592e-07,6.034775879015797e-08,4.3878304722966277e-07
TCGA:BRCA:TCGA-A7-A5ZV-01,BRCA,BRCA,0.9865580201148987,0.0070330011658370495,0.0051914844661951065,0.0012175181182101369
TCGA:BRCA:TCGA-A7-A5ZW-01,BRCA,BRCA,0.9999998807907104,1.9965449737924246e-08,2.932416798273607e-08,5.302361216763529e-08
TCGA:BRCA:TCGA-A7-A5ZX-01,BRCA,BRCA,0.9999998807907104,3.798136205546143e-08,1.7075809211064552e-08,3.6755981369651636e-08
TCGA:BRCA:TCGA-A7-A6VV-01,BRCA,BRCA,0.9997634291648865,6.691511953249574e-05,0.00010260838462272659,6.704075349261984e-05
TCGA:BRCA:TCGA-A7-A6VW-01,BRCA,BRCA,0.9995942115783691,3.8199705159058794e-05,0.0003485506749711931,1.9037204765481874e-05
TCGA:BRCA:TCGA-A7-A6VX-01,BRCA,BRCA,0.9999549984931946,9.598954420653172e-06,1.2127657100791112e-05,2.3303924535866827e-05
TCGA:BRCA:TCGA-A7-A6VY-01,BRCA,BRCA,0.9999926090240479,3.099346940871328e-06,3.578517180358176e-06,6.843420692348445e-07
TCGA:BRCA:TCGA-A8-A06N-01,BRCA,BRCA,0.9998617172241211,4.7221525164786726e-05,3.3254593290621415e-05,5.781519939773716e-05
TCGA:BRCA:TCGA-A8-A06O-01,BRCA,BRCA,0.9996342658996582,9.834051161305979e-05,9.439627319807187e-05,0.00017299749015364796
TCGA:BRCA:TCGA-A8-A06P-01,BRCA,BRCA,0.9996834397315979,0.000106359068013262,9.162237256532535e-05,0.00011859799997182563
TCGA:BRCA:TCGA-A8-A06Q-01,BRCA,BRCA,0.9999954700469971,4.310709869059792e-07,5.55483268271928e-07,3.568101419659797e-06
TCGA:BRCA:TCGA-A8-A06R-01,BRCA,BRCA,0.9999997019767761,1.1173241176720694e-07,1.2856584419296269e-07,4.113187657139861e-08
TCGA:BRCA:TCGA-A8-A06T-01,BRCA,BRCA,0.9996381998062134,9.391636558575556e-05,0.00010651659249560907,0.00016138912178575993
TCGA:BRCA:TCGA-A8-A06U-01,BRCA,BRCA,0.9992311596870422,0.00012671116564888507,0.0004923365777358413,0.00014976925740484148
TCGA:BRCA:TCGA-A8-A06X-01,BRCA,BRCA,0.999999463558197,1.1409829880903999e-07,8.908537552088092e-08,3.3374388408446976e-07
TCGA:BRCA:TCGA-A8-A06Y-01,BRCA,BRCA,0.9999988079071045,1.0617967838300046e-08,4.9800423340684574e-08,1.1056313269364182e-06
TCGA:BRCA:TCGA-A8-A06Z-01,BRCA,BRCA,0.9999995827674866,1.8238791810176735e-08,2.4370296003439762e-08,3.8888595099706436e-07
TCGA:BRCA:TCGA-A8-A075-01,BRCA,BRCA,0.9999967813491821,4.409048699471896e-07,2.4747396309976466e-07,2.5452670797676546e-06
TCGA:BRCA:TCGA-A8-A076-01,BRCA,BRCA,0.9999944567680359,7.326219133574341e-07,5.241045641923847e-07,4.3122959141328465e-06
TCGA:BRCA:TCGA-A8-A079-01,BRCA,BRCA,0.9996796250343323,0.00010720053978729993,0.00010964858665829524,0.00010349860531277955
TCGA:BRCA:TCGA-A8-A07B-01,BRCA,BRCA,0.9999997615814209,1.2128142046208268e-08,1.1276505951229865e-08,2.363521929282797e-07
TCGA:BRCA:TCGA-A8-A07C-01,BRCA,BRCA,0.9996799826622009,3.8970159948803484e-05,0.00023645025794394314,4.457411341718398e-05
TCGA:BRCA:TCGA-A8-A07E-01,BRCA,BRCA,0.9999996423721313,9.204709527921295e-08,1.6595150498233124e-07,8.666192030659658e-08
TCGA:BRCA:TCGA-A8-A07F-01,BRCA,BRCA,1.0,5.329925834018923e-09,9.360586084028455e-09,1.1184483561521574e-08
TCGA:BRCA:TCGA-A8-A07G-01,BRCA,BRCA,0.9999998807907104,3.918741331432329e-09,2.2502058882878373e-08,1.1761439822066677e-07
TCGA:BRCA:TCGA-A8-A07I-01,BRCA,BRCA,0.9996799826622009,0.00010690997441997752,0.00011746819654945284,9.561329352436587e-05
TCGA:BRCA:TCGA-A8-A07J-01,BRCA,BRCA,0.9999999403953552,5.463557606333325e-09,1.7780294570002297e-08,3.284280225557268e-08
TCGA:BRCA:TCGA-A8-A07L-01,BRCA,BRCA,0.9994964003562927,0.00014674538397230208,0.00016444409266114235,0.00019240230903960764
TCGA:BRCA:TCGA-A8-A07O-01,BRCA,BRCA,0.9996222257614136,0.0001309168292209506,0.0001413238642271608,0.00010551686864346266
TCGA:BRCA:TCGA-A8-A07P-01,BRCA,BRCA,0.9997006058692932,9.382938878843561e-05,9.578565368428826e-05,0.00010978616774082184
TCGA:BRCA:TCGA-A8-A07R-01,BRCA,BRCA,0.9999987483024597,1.6904866129152651e-07,9.508192420071282e-07,1.207469040309661e-07
TCGA:BRCA:TCGA-A8-A07S-01,BRCA,BRCA,0.9999996423721313,8.829632491824668e-08,5.7264497144160487e-08,2.001268626372621e-07
TCGA:BRCA:TCGA-A8-A07U-01,BRCA,BRCA,0.9999961256980896,5.8017968740387e-07,1.5315223436118686e-06,1.7427522607249557e-06
TCGA:BRCA:TCGA-A8-A07W-01,BRCA,BRCA,0.9999986290931702,2.993664907080529e-07,1.802080191737332e-07,8.824645192362368e-07
TCGA:BRCA:TCGA-A8-A07Z-01,BRCA,BRCA,0.9999991059303284,1.7198424018260994e-07,3.743490992746956e-07,3.393580811916763e-07
TCGA:BRCA:TCGA-A8-A081-01,BRCA,BRCA,0.9999982714653015,5.257064685793011e-07,6.981118190196867e-07,5.322256697581906e-07
TCGA:BRCA:TCGA-A8-A082-01,BRCA,BRCA,0.9995140433311462,0.00019694669754244387,0.00012549037637654692,0.0001635194494156167
TCGA:BRCA:TCGA-A8-A083-01,BRCA,BRCA,0.9999996423721313,2.043521263317416e-08,8.789842631529154e-09,3.2058596843853593e-07
TCGA:BRCA:TCGA-A8-A085-01,BRCA,BRCA,0.9999977350234985,5.057235057392973e-07,2.520047814869031e-07,1.503842440797598e-06
TCGA:BRCA:TCGA-A8-A086-01,BRCA,BRCA,1.0,6.378013228669488e-09,1.0901448632694155e-08,1.2103014590536532e-08
TCGA:BRCA:TCGA-A8-A08A-01,BRCA,BRCA,0.9999988675117493,2.506237422039703e-07,2.14799328546178e-07,6.545946575897688e-07
TCGA:BRCA:TCGA-A8-A08B-01,BRCA,BRCA,0.9998596906661987,1.7083581042243168e-05,1.982918729481753e-05,0.00010340089647797868
TCGA:BRCA:TCGA-A8-A08C-01,BRCA,BRCA,0.9999415278434753,1.2269789294805378e-05,1.141294796980219e-05,3.480452869553119e-05
TCGA:BRCA:TCGA-A8-A08G-01,BRCA,BRCA,0.9999995231628418,1.622202887574531e-07,1.0894041935216592e-07,2.1241169179120334e-07
TCGA:BRCA:TCGA-A8-A08H-01,BRCA,BRCA,0.9999956488609314,2.2899732243786275e-07,3.7246215924824355e-06,3.7473830616363557e-07
TCGA:BRCA:TCGA-A8-A08I-01,BRCA,BRCA,0.9999997019767761,1.6880257192042336e-08,4.32307771802698e-08,2.2519238029872213e-07
TCGA:BRCA:TCGA-A8-A08J-01,BRCA,BRCA,0.999995768070221,3.8662511769871344e-07,5.192898129280366e-07,3.351379518790054e-06
TCGA:BRCA:TCGA-A8-A08L-01,BRCA,BRCA,0.9999987483024597,5.190485694583913e-07,2.3245925717674254e-07,4.7333620045719726e-07
TCGA:BRCA:TCGA-A8-A08O-01,BRCA,BRCA,0.9996699690818787,0.00014626688789576292,8.620883454568684e-05,9.753693302627653e-05
TCGA:BRCA:TCGA-A8-A08P-01,BRCA,BRCA,0.9999985098838806,2.583238654096931e-07,5.341460109775653e-07,7.076487804624776e-07
TCGA:BRCA:TCGA-A8-A08R-01,BRCA,BRCA,0.9999318718910217,1.9193881598766893e-05,2.3230149963637814e-05,2.571997174527496e-05
TCGA:BRCA:TCGA-A8-A08T-01,BRCA,BRCA,0.9999986886978149,1.9953012042606133e-07,1.7034524546488683e-07,9.319612104263797e-07
TCGA:BRCA:TCGA-A8-A08X-01,BRCA,BRCA,0.9999960660934448,7.104212045305758e-07,2.0911086267005885e-06,1.1594563602557173e-06
TCGA:BRCA:TCGA-A8-A08Z-01,BRCA,BRCA,0.9999999403953552,2.347846361772099e-08,9.625315655625855e-09,4.860939739614878e-08
TCGA:BRCA:TCGA-A8-A090-01,BRCA,BRCA,0.9999635219573975,9.040253644343466e-06,1.4142946383799426e-05,1.3302227671374567e-05
TCGA:BRCA:TCGA-A8-A091-01,BRCA,BRCA,0.9999989867210388,2.910138903189363e-07,2.6862269919547543e-07,4.708159906385845e-07
TCGA:BRCA:TCGA-A8-A092-01,BRCA,BRCA,0.9999996423721313,4.209816140132716e-08,8.156833786188145e-08,2.3709384322501137e-07
TCGA:BRCA:TCGA-A8-A093-01,BRCA,BRCA,0.9999997615814209,7.458293538320504e-08,7.063011508989803e-08,7.366661236574146e-08
TCGA:BRCA:TCGA-A8-A094-01,BRCA,BRCA,0.999998927116394,1.5057835867082758e-07,6.741544780197728e-07,2.304282702425553e-07
TCGA:BRCA:TCGA-A8-A095-01,BRCA,BRCA,0.9999998807907104,3.812605786635004e-09,1.9182371246984076e-08,1.1057105098188913e-07
TCGA:BRCA:TCGA-A8-A096-01,BRCA,BRCA,0.9999992251396179,1.9477603530049237e-07,9.35407200586269e-08,4.924428935737524e-07
TCGA:BRCA:TCGA-A8-A097-01,BRCA,BRCA,0.9999999403953552,1.0866300748091362e-08,1.892541590109431e-08,1.3756347172488859e-08
TCGA:BRCA:TCGA-A8-A099-01,BRCA,BRCA,0.9999982118606567,5.029687599744648e-07,2.48540914071782e-07,1.0648444686012226e-06
TCGA:BRCA:TCGA-A8-A09A-01,BRCA,BRCA,0.999998152256012,5.767817015112087e-07,5.656386861119245e-07,7.02793386153644e-07
TCGA:BRCA:TCGA-A8-A09B-01,BRCA,BRCA,0.9999999403953552,1.3532395648496731e-08,6.214327719078483e-09,1.3775813378913426e-08
TCGA:BRCA:TCGA-A8-A09C-01,BRCA,BRCA,0.9999999403953552,4.031558198391849e-09,1.0357278590333863e-08,7.060100415401394e-08
TCGA:BRCA:TCGA-A8-A09D-01,BRCA,BRCA,0.9999983310699463,4.7492636667811894e-07,3.196061015842133e-07,8.947219498622871e-07
TCGA:BRCA:TCGA-A8-A09G-01,BRCA,BRCA,0.9999998807907104,1.175219122018234e-08,1.0867445610074355e-08,8.597248069008856e-08
TCGA:BRCA:TCGA-A8-A09I-01,BRCA,BRCA,0.9999996423721313,6.243448069653823e-08,1.4846166607185296e-07,1.236596460785222e-07
TCGA:BRCA:TCGA-A8-A09M-01,BRCA,BRCA,0.9999383687973022,1.1852602256112732e-05,1.8809447283274494e-05,3.094350904575549e-05
TCGA:BRCA:TCGA-A8-A09N-01,BRCA,BRCA,0.9999991655349731,3.6913246503900154e-07,1.9873947110227164e-07,2.804664234190568e-07
TCGA:BRCA:TCGA-A8-A09Q-01,BRCA,BRCA,0.999999463558197,8.996381950510113e-08,7.125188972167962e-08,3.8247031852733926e-07
TCGA:BRCA:TCGA-A8-A09R-01,BRCA,BRCA,0.9999556541442871,1.4382559129444417e-05,1.3190503523219377e-05,1.676972897257656e-05
TCGA:BRCA:TCGA-A8-A09T-01,BRCA,BRCA,0.9999998807907104,3.565499540059136e-08,1.0167275910077933e-08,6.756677350949758e-08
TCGA:BRCA:TCGA-A8-A09V-01,BRCA,BRCA,0.9999997615814209,5.919754997307791e-08,5.088449839263376e-08,1.1515869147160629e-07
TCGA:BRCA:TCGA-A8-A09W-01,BRCA,BRCA,0.9999358057975769,1.4464319065154996e-05,1.6539537682547234e-05,3.3161835744977e-05
TCGA:BRCA:TCGA-A8-A09X-01,BRCA,BRCA,0.9999998211860657,3.832924377888958e-08,1.507491909080727e-08,1.1234403984872188e-07
TCGA:BRCA:TCGA-A8-A09Z-01,BRCA,BRCA,0.9989948868751526,0.00027446431340649724,0.00025981420185416937,0.0004708529741037637
TCGA:BRCA:TCGA-A8-A0A1-01,BRCA,BRCA,0.9999562501907349,1.1862249266414437e-05,1.1393442036933266e-05,2.046568079094868e-05
TCGA:BRCA:TCGA-A8-A0A2-01,BRCA,BRCA,0.9996135830879211,0.00012563732161652297,0.00010276197281200439,0.00015800929395481944
TCGA:BRCA:TCGA-A8-A0A4-01,BRCA,BRCA,0.9996303915977478,0.00013016229786444455,0.00010560843657003716,0.00013381580356508493
TCGA:BRCA:TCGA-A8-A0A6-01,BRCA,BRCA,0.9993521571159363,0.00023849410354159772,0.00011262373300269246,0.0002967239997815341
TCGA:BRCA:TCGA-A8-A0A7-01,BRCA,BRCA,0.9998158812522888,3.3394742786185816e-05,0.00011448773148003966,3.625943645602092e-05
TCGA:BRCA:TCGA-A8-A0A9-01,BRCA,BRCA,0.9995900988578796,0.00012536764552351087,0.00010083716188091785,0.00018369770259596407
TCGA:BRCA:TCGA-A8-A0AB-01,BRCA,BRCA,0.9997352957725525,8.549836638849229e-05,8.718275785213336e-05,9.201453212881461e-05
TCGA:BRCA:TCGA-A8-A0AD-01,BRCA,BRCA,0.9999998211860657,1.4998278174971347e-07,5.5243671859273036e-09,4.549043453039303e-08
TCGA:BRCA:TCGA-AC-A23C-01,BRCA,BRCA,0.9996150732040405,0.00011190064833499491,0.00015572216943837702,0.00011729152902262285
TCGA:BRCA:TCGA-AC-A23E-01,BRCA,BRCA,0.9999973177909851,6.841667641310778e-07,6.9695801130365e-07,1.296091909352981e-06
TCGA:BRCA:TCGA-AC-A23G-01,BRCA,BRCA,0.9999998807907104,8.112968430395995e-08,1.1963779300572241e-08,1.663763882220337e-08
TCGA:BRCA:TCGA-AC-A23H-01,BRCA,BRCA,0.9999943375587463,1.1574628615562688e-06,1.1721626833605114e-06,3.3394942420272855e-06
TCGA:BRCA:TCGA-AC-A2B8-01,BRCA,BRCA,0.9999997615814209,4.915241547109872e-08,9.110319609817452e-08,8.757049130281302e-08
TCGA:BRCA:TCGA-AC-A2BK-01,BRCA,BRCA,0.9999457597732544,2.2185004127095453e-06,2.4498938728356734e-05,2.753626904450357e-05
TCGA:BRCA:TCGA-AC-A2BM-01,BRCA,BRCA,0.9999995827674866,8.279504015717976e-08,1.037513257529099e-07,2.2975302726990776e-07
TCGA:BRCA:TCGA-AC-A2FB-01,BRCA,BRCA,0.9999999403953552,1.1684982759163631e-08,1.1001195510118578e-08,3.170008611164121e-08
TCGA:BRCA:TCGA-AC-A2FE-01,BRCA,BRCA,0.9999997019767761,8.254146166564169e-08,1.1465566984725228e-07,1.0613852907681576e-07
TCGA:BRCA:TCGA-AC-A2FF-01,BRCA,BRCA,0.9999998807907104,4.196345493312492e-09,5.344377740357231e-08,4.25757384903136e-08
TCGA:BRCA:TCGA-AC-A2FG-01,BRCA,BRCA,0.9999609589576721,1.0377146281825844e-05,9.878708624455612e-06,1.876549686130602e-05
TCGA:BRCA:TCGA-AC-A2FK-01,BRCA,BRCA,0.9999986886978149,2.500005962247087e-07,2.4574634949203755e-07,8.048120321291208e-07
TCGA:BRCA:TCGA-AC-A2FM-01,BRCA,BRCA,0.9999999403953552,2.453981018391005e-08,8.984490484920116e-09,1.3136719267947683e-08
TCGA:BRCA:TCGA-AC-A2FO-01,BRCA,BRCA,0.9999998211860657,4.8951029896215914e-08,4.466372871547719e-08,6.677437625057792e-08
TCGA:BRCA:TCGA-AC-A2QH-01,BRCA,BRCA,0.9939850568771362,0.0005634984700009227,0.00025791878579184413,0.005193542689085007
TCGA:BRCA:TCGA-AC-A2QI-01,BRCA,BRCA,0.9999693036079407,9.321006473328453e-06,1.0666728485375643e-05,1.0734194802353159e-05
TCGA:BRCA:TCGA-AC-A2QJ-01,BRCA,BRCA,0.7181759476661682,0.2727269232273102,0.008682489395141602,0.00041464134119451046
TCGA:BRCA:TCGA-AC-A3BB-01,BRCA,BRCA,0.9999999403953552,5.810071090905922e-09,4.459086433428183e-09,2.4333552062216768e-08
TCGA:BRCA:TCGA-AC-A3EH-01,BRCA,BRCA,0.9999638795852661,1.2708973372355103e-05,1.2030141078867018e-05,1.1403609278204385e-05
TCGA:BRCA:TCGA-AC-A3HN-01,BRCA,BRCA,0.999683678150177,0.00012026650801999494,9.506891365163028e-05,0.0001010069900075905
TCGA:BRCA:TCGA-AC-A3OD-01,BRCA,BRCA,0.9999990463256836,2.877283122870722e-07,2.6564632094050467e-07,3.9193108136714727e-07
TCGA:BRCA:TCGA-AC-A3QP-01,BRCA,BRCA,0.9996834993362427,0.0001028050683089532,9.020035213325173e-05,0.00012351071927696466
TCGA:BRCA:TCGA-AC-A3QQ-01,BRCA,BRCA,0.9999995827674866,9.502077347178783e-08,9.694028335616167e-08,2.0559174629397603e-07
TCGA:BRCA:TCGA-AC-A3TM-01,BRCA,BRCA,0.999950110912323,1.6742693333071657e-05,1.6720689018256962e-05,1.640719892748166e-05
TCGA:BRCA:TCGA-AC-A3TN-01,BRCA,BRCA,0.9999592304229736,1.033607441058848e-05,1.0330273653380573e-05,2.012884579016827e-05
TCGA:BRCA:TCGA-AC-A3W5-01,BRCA,BRCA,0.9999987483024597,5.801809876970765e-08,2.649328223469638e-08,1.1646153552646865e-06
TCGA:BRCA:TCGA-AC-A3W6-01,BRCA,BRCA,0.999997615814209,1.2390919437166303e-06,1.8456593409155175e-07,9.555407132211258e-07
TCGA:BRCA:TCGA-AC-A3W7-01,BRCA,BRCA,0.9999998807907104,3.915756607852927e-08,3.896664324543053e-09,6.028138699321062e-08
TCGA:BRCA:TCGA-AC-A3YI-01,BRCA,BRCA,0.9995226263999939,0.0001460364874219522,0.0001670840138103813,0.00016424802015535533
TCGA:BRCA:TCGA-AC-A3YJ-01,BRCA,BRCA,0.9999977946281433,3.8766941656831477e-07,3.5493985706125386e-07,1.4608576748287305e-06
TCGA:BRCA:TCGA-AC-A4ZE-01,BRCA,BRCA,0.999922513961792,2.698965727176983e-05,2.1570442186202854e-05,2.890038740588352e-05
TCGA:BRCA:TCGA-AC-A5EH-01,BRCA,BRCA,0.9986400008201599,0.00028246050351299345,0.0006674527539871633,0.0004101149970665574
TCGA:BRCA:TCGA-AC-A5XS-01,BRCA,BRCA,0.9998638033866882,3.161621862091124e-05,4.360194725450128e-05,6.098170706536621e-05
TCGA:BRCA:TCGA-AC-A5XU-01,BRCA,BRCA,0.9999982118606567,5.269860707812768e-07,3.5599177294898254e-07,8.821027677186066e-07
TCGA:BRCA:TCGA-AC-A62V-01,BRCA,BRCA,0.9997606873512268,7.165830174926668e-05,5.132816659170203e-05,0.00011633920075837523
TCGA:BRCA:TCGA-AC-A62X-01,BRCA,BRCA,0.9999768137931824,1.6811540035632788e-06,1.7773222680261824e-06,1.975641498574987e-05
TCGA:BRCA:TCGA-AC-A62Y-01,BRCA,BRCA,0.9999995231628418,7.131139234672901e-09,4.814419973797612e-09,4.373100068733038e-07
TCGA:BRCA:TCGA-AC-A6IV-01,BRCA,BRCA,0.9999942779541016,1.472378698963439e-07,8.429884701399715e-07,4.737876224680804e-06
TCGA:BRCA:TCGA-AC-A6IW-01,BRCA,BRCA,0.9999989867210388,5.847820716553542e-07,2.822569342697534e-07,1.5009476328486926e-07
TCGA:BRCA:TCGA-AC-A6IX-01,BRCA,BRCA,0.9999984502792358,3.2983686537590984e-07,3.0681525231557316e-07,8.845584602568124e-07
TCGA:BRCA:TCGA-AC-A6NO-01,BRCA,BRCA,0.9999992251396179,2.6010238229901006e-07,1.563874292287437e-07,3.5860634284290427e-07
TCGA:BRCA:TCGA-AC-A7VB-01,BRCA,BRCA,0.9999958872795105,2.128926098521333e-06,5.207684239394439e-07,1.4566926438419614e-06
TCGA:BRCA:TCGA-AC-A7VC-01,BRCA,BRCA,0.9996296763420105,0.0001637904642848298,0.00016542378580197692,4.110501686227508e-05
TCGA:BRCA:TCGA-AC-A8OP-01,BRCA,BRCA,0.9995549917221069,9.593318100087345e-05,0.00011969883053097874,0.00022940088820178062
TCGA:BRCA:TCGA-AC-A8OQ-01,BRCA,BRCA,0.9994105100631714,0.00019644001440610737,0.00029327176162041724,9.979888272937387e-05
TCGA:BRCA:TCGA-AC-A8OR-01,BRCA,BRCA,0.9999997019767761,9.724815441813917e-08,5.330972641104381e-08,1.3508501695014274e-07
TCGA:BRCA:TCGA-AC-A8OS-01,BRCA,BRCA,0.9999701380729675,1.231640089827124e-05,8.931659067457076e-06,8.615587830718141e-06
TCGA:BRCA:TCGA-AN-A03X-01,BRCA,BRCA,0.9999995231628418,1.3639908047480276e-07,6.02370633373539e-08,3.0767927228225744e-07
TCGA:BRCA:TCGA-AN-A03Y-01,BRCA,BRCA,0.9999997019767761,6.574721567176312e-08,1.1969444813075825e-07,1.3717699687276763e-07
TCGA:BRCA:TCGA-AN-A041-01,BRCA,BRCA,0.9999828934669495,1.7785338286557817e-06,1.2351523537290632e-06,1.4077708328841254e-05
TCGA:BRCA:TCGA-AN-A046-01,BRCA,BRCA,0.9996758699417114,0.00012901770242024213,9.086915815714747e-05,0.00010422891500638798
TCGA:BRCA:TCGA-AN-A049-01,BRCA,BRCA,0.9996927976608276,9.851130016613752e-05,9.895673429127783e-05,0.00010971947631333023
TCGA:BRCA:TCGA-AN-A04A-01,BRCA,BRCA,0.9999997615814209,6.166322918943479e-08,9.222991792512403e-08,6.07373706884573e-08
TCGA:BRCA:TCGA-AN-A04C-01,BRCA,BRCA,0.9999995231628418,1.2175891406229766e-08,1.5631847816166555e-07,3.2296338758897036e-07
TCGA:BRCA:TCGA-AN-A04D-01,BRCA,BRCA,0.9999998807907104,2.259243458979654e-08,5.5777068297402366e-08,2.779088958959619e-08
TCGA:BRCA:TCGA-AN-A0AJ-01,BRCA,BRCA,0.999996542930603,1.5394332422147272e-06,3.413450997413747e-07,1.5668523474232643e-06
TCGA:BRCA:TCGA-AN-A0AK-01,BRCA,BRCA,0.9999834895133972,2.6469758722669212e-06,7.884244951128494e-06,6.006680450809654e-06
TCGA:BRCA:TCGA-AN-A0AL-01,BRCA,BRCA,0.9967381954193115,3.349944745423272e-05,0.00016851989494170994,0.0030597676523029804
TCGA:BRCA:TCGA-AN-A0AM-01,BRCA,BRCA,0.999998152256012,2.496286981568119e-07,8.392273684876272e-07,7.624410045536933e-07
TCGA:BRCA:TCGA-AN-A0AR-01,BRCA,BRCA,0.9999457001686096,4.371409886516631e-06,3.8502348616020754e-05,1.1408884347474668e-05
TCGA:BRCA:TCGA-AN-A0AS-01,BRCA,BRCA,0.9999953508377075,3.098060687989346e-07,3.010116813584318e-07,4.040927251480753e-06
TCGA:BRCA:TCGA-AN-A0AT-01,BRCA,BRCA,0.9982077479362488,0.0002791087899822742,0.0012791057815775275,0.0002340328792342916
TCGA:BRCA:TCGA-AN-A0FD-01,BRCA,BRCA,0.9999477863311768,1.2045559742546175e-05,2.0456291167647578e-05,1.9726352547877468e-05
TCGA:BRCA:TCGA-AN-A0FF-01,BRCA,BRCA,0.9999589323997498,9.771493751031812e-06,9.474277248955332e-06,2.181838317483198e-05
TCGA:BRCA:TCGA-AN-A0FJ-01,BRCA,BRCA,0.9985613226890564,0.00035328115336596966,0.0008166320621967316,0.00026878848439082503
TCGA:BRCA:TCGA-AN-A0FK-01,BRCA,BRCA,0.9999999403953552,1.3705109935813198e-08,5.6765019351701085e-09,3.5709359025304366e-08
TCGA:BRCA:TCGA-AN-A0FL-01,BRCA,BRCA,0.9999901652336121,5.386057750911277e-07,9.111125791605446e-07,8.380617146031e-06
TCGA:BRCA:TCGA-AN-A0FN-01,BRCA,BRCA,0.9999999403953552,2.1586412657370602e-08,7.257712208996736e-09,2.661826847827342e-08
TCGA:BRCA:TCGA-AN-A0FS-01,BRCA,BRCA,0.9999999403953552,5.18083398404201e-09,6.0087246289697305e-09,2.4887132354933783e-08
TCGA:BRCA:TCGA-AN-A0FT-01,BRCA,BRCA,0.9999997019767761,4.732146763331002e-08,5.615674147918526e-09,2.2272580224580452e-07
TCGA:BRCA:TCGA-AN-A0FV-01,BRCA,BRCA,0.9999499320983887,1.0985747394443024e-05,2.1279322027112357e-05,1.781934770406224e-05
TCGA:BRCA:TCGA-AN-A0FW-01,BRCA,BRCA,0.9999996423721313,6.977406741270897e-08,1.2474566801756737e-07,1.3606295112822409e-07
TCGA:BRCA:TCGA-AN-A0FX-01,BRCA,BRCA,0.9999998807907104,4.9969308690833714e-08,6.852179978977802e-08,2.5198122699521264e-08
TCGA:BRCA:TCGA-AN-A0FY-01,BRCA,BRCA,0.999904453754425,2.300292362633627e-05,2.3604874513694085e-05,4.8960981075651944e-05
TCGA:BRCA:TCGA-AN-A0FZ-01,BRCA,BRCA,0.9999975562095642,7.458294817297428e-07,9.120784056904085e-07,7.782447823956318e-07
TCGA:BRCA:TCGA-AN-A0G0-01,BRCA,BRCA,0.9995142221450806,2.7786132704932243e-05,0.00011701140465447679,0.0003409632481634617
TCGA:BRCA:TCGA-AN-A0XL-01,BRCA,BRCA,0.9999999403953552,2.20738751721683e-08,6.447241851503804e-09,2.7299364546706784e-08
TCGA:BRCA:TCGA-AN-A0XN-01,BRCA,BRCA,0.9999967217445374,7.055022592794558e-07,1.3367525752983056e-06,1.2508435247582383e-06
TCGA:BRCA:TCGA-AN-A0XO-01,BRCA,BRCA,0.999947726726532,1.874818372016307e-05,2.0126304661971517e-05,1.3401080650510266e-05
TCGA:BRCA:TCGA-AN-A0XP-01,BRCA,BRCA,0.9995779991149902,0.00010937415936496109,0.00010187680891249329,0.00021074287360534072
TCGA:BRCA:TCGA-AN-A0XR-01,BRCA,BRCA,0.9996321797370911,0.0001025997189572081,0.00013722672883886844,0.00012799300020560622
TCGA:BRCA:TCGA-AN-A0XS-01,BRCA,BRCA,0.9996697902679443,0.00012406216410454363,0.00010995089542120695,9.621313802199438e-05
TCGA:BRCA:TCGA-AN-A0XT-01,BRCA,BRCA,0.9999996423721313,8.362273717921198e-08,1.0197578603765578e-07,1.5721778368060768e-07
TCGA:BRCA:TCGA-AN-A0XU-01,BRCA,BRCA,0.9999994039535522,2.9510928811760095e-07,2.0268225853214972e-07,1.1605096261746439e-07
TCGA:BRCA:TCGA-AN-A0XV-01,BRCA,BRCA,0.9996601343154907,9.648131526773795e-05,0.00010004457726608962,0.00014335670857690275
TCGA:BRCA:TCGA-AN-A0XW-01,BRCA,BRCA,0.9999998211860657,3.5696096745141404e-08,4.109031337407032e-08,8.183873489997495e-08
TCGA:BRCA:TCGA-AO-A03L-01,BRCA,BRCA,0.9999980330467224,1.5752003719171626e-06,2.0269705203190824e-07,1.8605774698698951e-07
TCGA:BRCA:TCGA-AO-A03M-01,BRCA,BRCA,0.9999505281448364,1.1091889064118732e-05,2.2750396965420805e-05,1.5658866686862893e-05
TCGA:BRCA:TCGA-AO-A03N-01,BRCA,BRCA,0.9985111951828003,0.00017432804452255368,0.00019023328786715865,0.0011242631589993834
TCGA:BRCA:TCGA-AO-A03O-01,BRCA,BRCA,0.9992883801460266,0.00018769741291180253,0.00032136967638507485,0.0002025419526034966
TCGA:BRCA:TCGA-AO-A03P-01,BRCA,BRCA,0.9999954104423523,7.149076282075839e-07,7.972067237460578e-07,3.081835984630743e-06
TCGA:BRCA:TCGA-AO-A03R-01,BRCA,BRCA,0.999674916267395,9.604330261936411e-05,0.00011715046275639907,0.00011189739598194137
TCGA:BRCA:TCGA-AO-A03T-01,BRCA,BRCA,0.9999470710754395,1.642442657612264e-05,1.952948878169991e-05,1.6990599760902114e-05
TCGA:BRCA:TCGA-AO-A03U-01,BRCA,BRCA,0.9999260306358337,4.188863385934383e-06,3.237954160795198e-06,6.651359581155702e-05
TCGA:BRCA:TCGA-AO-A03V-01,BRCA,BRCA,0.9999582767486572,8.975730452220887e-06,9.331730325357057e-06,2.3390099158859812e-05
TCGA:BRCA:TCGA-AO-A0J2-01,BRCA,BRCA,0.9999894499778748,9.954650295185274e-07,3.3130404517578427e-06,6.233696240087738e-06
TCGA:BRCA:TCGA-AO-A0J3-01,BRCA,BRCA,0.999902069568634,2.625906745379325e-05,3.69108201994095e-05,3.476557685644366e-05
TCGA:BRCA:TCGA-AO-A0J4-01,BRCA,BRCA,0.9999982118606567,5.537781362363603e-07,5.122042807670368e-07,7.308851763809798e-07
TCGA:BRCA:TCGA-AO-A0J5-01,BRCA,BRCA,0.9999999403953552,1.4310863605260238e-08,7.4398163185662725e-09,6.763572457657574e-08
TCGA:BRCA:TCGA-AO-A0J6-01,BRCA,BRCA,0.9817914962768555,0.0015741527313366532,0.015843968838453293,0.0007903652731329203
TCGA:BRCA:TCGA-AO-A0J7-01,BRCA,BRCA,0.9999999403953552,4.057102387378109e-08,1.5363301741899704e-08,2.4921995134263852e-08
TCGA:BRCA:TCGA-AO-A0J8-01,BRCA,BRCA,0.9999991059303284,1.7335878510493785e-07,1.6989390871913201e-07,5.398306370807404e-07
TCGA:BRCA:TCGA-AO-A0J9-01,BRCA,BRCA,0.9995703101158142,0.00010963228123728186,0.0001973391481442377,0.00012273452011868358
TCGA:BRCA:TCGA-AO-A0JA-01,BRCA,BRCA,0.9996170997619629,0.00015284577966667712,0.00011630031804088503,0.00011377242481103167
TCGA:BRCA:TCGA-AO-A0JB-01,BRCA,BRCA,0.999990701675415,6.906005182827357e-06,1.362586203867977e-06,1.035501668411598e-06
TCGA:BRCA:TCGA-AO-A0JC-01,BRCA,BRCA,0.9638059735298157,7.350467785727233e-05,0.03609539568424225,2.5154638933599927e-05
TCGA:BRCA:TCGA-AO-A0JD-01,BRCA,BRCA,0.9999939799308777,4.965286848346295e-08,5.381001301429933e-06,5.914942562412762e-07
TCGA:BRCA:TCGA-AO-A0JE-01,BRCA,BRCA,0.9999697208404541,1.9427016013651155e-06,2.490209590177983e-05,3.4249439977429574e-06
TCGA:BRCA:TCGA-AO-A0JF-01,BRCA,BRCA,0.9998748898506165,1.757057361828629e-05,9.445958858123049e-05,1.3053891962044872e-05
TCGA:BRCA:TCGA-AO-A0JG-01,BRCA,BRCA,0.9999666213989258,1.0040548659162596e-05,1.1222189641557634e-05,1.2110042007407174e-05
TCGA:BRCA:TCGA-AO-A0JI-01,BRCA,BRCA,0.9999998211860657,4.792740426751152e-08,3.20880637616483e-08,8.519226213365982e-08
TCGA:BRCA:TCGA-AO-A0JJ-01,BRCA,BRCA,0.9999983310699463,7.516951541219896e-07,2.3595083575855824e-07,6.67637038986868e-07
TCGA:BRCA:TCGA-AO-A0JL-01,BRCA,BRCA,0.9999997019767761,2.411631498944189e-07,1.46923389010567e-08,3.408588256093026e-08
TCGA:BRCA:TCGA-AO-A0JM-01,BRCA,BRCA,0.9999459385871887,5.254705683910288e-05,2.4802727693895577e-07,1.2505506674642675e-06
TCGA:BRCA:TCGA-AO-A124-01,BRCA,BRCA,0.999977171421051,3.5488387766235974e-06,1.461989086237736e-05,4.688795343099628e-06
TCGA:BRCA:TCGA-AO-A125-01,BRCA,BRCA,0.9999986886978149,5.107139031679253e-07,2.3726462927697867e-07,5.554498443416378e-07
TCGA:BRCA:TCGA-AO-A126-01,BRCA,BRCA,0.9999986886978149,2.9760875008832954e-07,1.8399749990294367e-07,8.542839964320592e-07
TCGA:BRCA:TCGA-AO-A128-01,BRCA,BRCA,0.9889329671859741,0.0004768283397424966,0.0007971631130203605,0.009793044999241829
TCGA:BRCA:TCGA-AO-A129-01,BRCA,BRCA,0.9999969005584717,6.644922336818126e-07,1.7367974578519352e-06,7.255051173160609e-07
TCGA:BRCA:TCGA-AO-A12A-01,BRCA,BRCA,0.9996458292007446,9.867171320365742e-05,9.847978071775287e-05,0.00015701696975156665
TCGA:BRCA:TCGA-AO-A12B-01,BRCA,BRCA,0.9999973773956299,9.984253210859606e-07,2.6464851998753147e-07,1.354336518488708e-06
TCGA:BRCA:TCGA-AO-A12D-01,BRCA,BRCA,0.9999891519546509,1.0387286693003261e-06,7.89005025580991e-06,1.8966537709275144e-06
TCGA:BRCA:TCGA-AO-A12E-01,BRCA,BRCA,0.9999999403953552,4.986955293162509e-09,1.7598539514551703e-08,3.1215641627113655e-08
TCGA:BRCA:TCGA-AO-A12F-01,BRCA,BRCA,0.9998576641082764,2.3480515665141866e-05,8.565900498069823e-05,3.316777292639017e-05
TCGA:BRCA:TCGA-AO-A12G-01,BRCA,BRCA,0.9999999403953552,1.056144416367033e-08,1.35604460993477e-08,1.3767730955294155e-08
TCGA:BRCA:TCGA-AO-A12H-01,BRCA,BRCA,0.9999966025352478,5.755569532084337e-07,2.475654241607117e-07,2.5821716462814948e-06
TCGA:BRCA:TCGA-AO-A1KO-01,BRCA,BRCA,0.9991873502731323,0.0001867227110778913,0.00030547435744665563,0.0003204766835551709
TCGA:BRCA:TCGA-AO-A1KP-01,BRCA,BRCA,0.9999999403953552,8.924310179736494e-09,1.035589569653439e-08,6.143507391698222e-08
TCGA:BRCA:TCGA-AO-A1KQ-01,BRCA,BRCA,0.9985665678977966,0.0003089596866630018,0.000387965003028512,0.000736510322894901
TCGA:BRCA:TCGA-AO-A1KR-01,BRCA,BRCA,0.9999722838401794,9.557254088576883e-06,1.5089030966919381e-05,3.0842181786283618e-06
TCGA:BRCA:TCGA-AO-A1KS-01,BRCA,BRCA,0.9999999403953552,5.4130113724681905e-09,2.1807290195852147e-08,2.952898014996208e-08
TCGA:BRCA:TCGA-AO-A1KT-01,BRCA,BRCA,0.9992831349372864,0.00013828765077050775,0.00019019890169147402,0.00038836654857732356
TCGA:BRCA:TCGA-AQ-A04H-01,BRCA,BRCA,0.9999990463256836,2.576938129550399e-07,3.524813791955239e-07,3.3731811299730907e-07
TCGA:BRCA:TCGA-AQ-A04J-01,BRCA,BRCA,0.9999972581863403,8.486034630550421e-07,1.4560461067958386e-06,4.476277126741479e-07
TCGA:BRCA:TCGA-AQ-A04L-01,BRCA,BRCA,0.9999967217445374,3.5614675653050654e-07,3.4212277455480944e-07,2.572405946921208e-06
TCGA:BRCA:TCGA-AQ-A0Y5-01,BRCA,BRCA,0.9999997615814209,4.018233923375192e-08,4.795622388087395e-08,1.5750065074371378e-07
TCGA:BRCA:TCGA-AQ-A1H2-01,BRCA,BRCA,0.9999358654022217,1.3477326319843996e-05,2.1477688278537244e-05,2.916546509368345e-05
TCGA:BRCA:TCGA-AQ-A1H3-01,BRCA,BRCA,0.9995255470275879,9.825206507230178e-05,0.00010166627180296928,0.0002745091915130615
TCGA:BRCA:TCGA-AQ-A54N-01,BRCA,BRCA,0.9999929070472717,3.4863721793954028e-06,1.1734473446267657e-06,2.4543410290789325e-06
TCGA:BRCA:TCGA-AQ-A54O-01,BRCA,BRCA,0.9999827742576599,5.17528042109916e-06,2.5652468593762023e-06,9.513260920357425e-06
TCGA:BRCA:TCGA-AQ-A7U7-01,BRCA,BRCA,0.9999668598175049,1.0920601198449731e-05,1.1623894351941999e-05,1.0609758646751288e-05
TCGA:BRCA:TCGA-AR-A0TP-01,BRCA,BRCA,0.9999897480010986,3.541796786521445e-06,2.0732929897349095e-06,4.613844794221222e-06
TCGA:BRCA:TCGA-AR-A0TQ-01,BRCA,BRCA,0.9999419450759888,1.6078318367362954e-05,2.4562155886087567e-05,1.74106280610431e-05
TCGA:BRCA:TCGA-AR-A0TR-01,BRCA,BRCA,0.999998152256012,6.600126312150678e-07,4.161168476457533e-07,7.466312013093557e-07
TCGA:BRCA:TCGA-AR-A0TS-01,BRCA,BRCA,0.9999948740005493,6.687072868771793e-07,3.733390485649579e-06,6.995425678724132e-07
TCGA:BRCA:TCGA-AR-A0TT-01,BRCA,BRCA,0.9999347925186157,1.3374909030972049e-05,2.6501355023356155e-05,2.533260703785345e-05
TCGA:BRCA:TCGA-AR-A0TU-01,BRCA,BRCA,0.9986693859100342,0.0003256102791056037,0.0007559624500572681,0.0002490516344550997
TCGA:BRCA:TCGA-AR-A0TV-01,BRCA,BRCA,0.9998445510864258,3.463551547611132e-05,4.1477840568404645e-05,7.934865425340831e-05
TCGA:BRCA:TCGA-AR-A0TW-01,BRCA,BRCA,0.9999980926513672,6.246256702979736e-07,4.687748571541306e-07,8.374496474061743e-07
TCGA:BRCA:TCGA-AR-A0TX-01,BRCA,BRCA,0.9999978542327881,2.512749119887303e-07,5.038988888372842e-07,1.390716761306976e-06
TCGA:BRCA:TCGA-AR-A0TY-01,BRCA,BRCA,0.9999930262565613,2.055004642897984e-06,1.1202241694263648e-06,3.824604846158763e-06
TCGA:BRCA:TCGA-AR-A0TZ-01,BRCA,BRCA,0.9999998807907104,2.7675630676071705e-08,1.2142663763370365e-08,5.2673396311320175e-08
TCGA:BRCA:TCGA-AR-A0U0-01,BRCA,BRCA,0.9999712705612183,7.634821486135479e-06,1.9201130271540023e-05,1.8837533843907295e-06
TCGA:BRCA:TCGA-AR-A0U1-01,BRCA,BRCA,0.9963710904121399,4.168837403994985e-05,0.0007241813000291586,0.0028630609158426523
TCGA:BRCA:TCGA-AR-A0U2-01,BRCA,BRCA,0.9920835494995117,0.0010678478283807635,0.0020827173721045256,0.0047659012489020824
TCGA:BRCA:TCGA-AR-A0U3-01,BRCA,BRCA,0.9999999403953552,5.944126524326521e-09,1.5670474695639314e-08,1.918590797345132e-08
TCGA:BRCA:TCGA-AR-A0U4-01,BRCA,BRCA,0.9959956407546997,0.00030395257635973394,0.0024026238825172186,0.0012977723963558674
TCGA:BRCA:TCGA-AR-A1AH-01,BRCA,BRCA,0.9999997615814209,2.7855168838186728e-08,9.48469605077662e-08,8.696441966549173e-08
TCGA:BRCA:TCGA-AR-A1AI-01,BRCA,BRCA,0.9999938011169434,1.1191489193151938e-06,2.0816689811908873e-06,3.0162238999764668e-06
TCGA:BRCA:TCGA-AR-A1AJ-01,BRCA,BRCA,0.9999998807907104,5.54682202391632e-08,3.008604210208432e-08,2.9184239025425995e-08
TCGA:BRCA:TCGA-AR-A1AK-01,BRCA,BRCA,0.9999999403953552,7.0038437272046394e-09,8.649036153940415e-09,1.7316308387194113e-08
TCGA:BRCA:TCGA-AR-A1AL-01,BRCA,BRCA,0.9999670386314392,8.719474863028154e-06,1.292456090595806e-05,1.1303153769404162e-05
TCGA:BRCA:TCGA-AR-A1AM-01,BRCA,BRCA,0.9999566674232483,9.122619303525425e-06,1.218814304593252e-05,2.2051128325983882e-05
TCGA:BRCA:TCGA-AR-A1AN-01,BRCA,BRCA,0.9999622106552124,1.036858702718746e-05,1.2180496923974715e-05,1.524580056866398e-05
TCGA:BRCA:TCGA-AR-A1AO-01,BRCA,BRCA,0.9999976754188538,2.9534414025533806e-08,2.300194410054246e-06,1.57138728695827e-08
TCGA:BRCA:TCGA-AR-A1AP-01,BRCA,BRCA,0.9999995827674866,5.962024118844056e-08,1.9827247399462067e-07,1.659008859178357e-07
TCGA:BRCA:TCGA-AR-A1AQ-01,BRCA,BRCA,0.9999971985816956,7.824260137567762e-07,1.755528387548111e-06,2.7860602358487085e-07
TCGA:BRCA:TCGA-AR-A1AR-01,BRCA,BRCA,0.9999913573265076,9.956339681593818e-07,3.872406523441896e-06,3.7912004700046964e-06
TCGA:BRCA:TCGA-AR-A1AS-01,BRCA,BRCA,0.9999991655349731,1.7545116293149476e-07,3.757719468922005e-07,2.6900383431893715e-07
TCGA:BRCA:TCGA-AR-A1AT-01,BRCA,BRCA,0.999901294708252,1.198517293232726e-05,1.908797275973484e-05,6.763330020476133e-05
TCGA:BRCA:TCGA-AR-A1AU-01,BRCA,BRCA,0.9999995827674866,7.297845883158516e-08,2.4608249304947094e-07,1.1512426567605871e-07
TCGA:BRCA:TCGA-AR-A1AV-01,BRCA,BRCA,0.9999864101409912,2.9379245916061336e-06,1.6862153415786452e-06,8.975496712082531e-06
TCGA:BRCA:TCGA-AR-A1AW-01,BRCA,BRCA,0.9999991059303284,2.4521267505406286e-07,3.4793652048392687e-07,3.2376161129832326e-07
TCGA:BRCA:TCGA-AR-A1AX-01,BRCA,BRCA,0.9999579191207886,1.2526440514193382e-05,1.5517229257966392e-05,1.4062406989978626e-05
TCGA:BRCA:TCGA-AR-A1AY-01,BRCA,BRCA,0.9999991059303284,1.4905158707279043e-07,6.618046199946548e-07,1.0777664982697388e-07
TCGA:BRCA:TCGA-AR-A24H-01,BRCA,BRCA,0.9999993443489075,2.670046228558931e-07,1.3213308136528212e-07,2.6430365096530295e-07
TCGA:BRCA:TCGA-AR-A24K-01,BRCA,BRCA,0.9999995827674866,1.4458211694545753e-07,1.2756989065110247e-07,1.6696468208010629e-07
TCGA:BRCA:TCGA-AR-A24L-01,BRCA,BRCA,0.9996968507766724,9.454021346755326e-05,0.00011433463805587962,9.426066390005872e-05
TCGA:BRCA:TCGA-AR-A24M-01,BRCA,BRCA,0.9999998807907104,9.473055229136662e-09,5.8904610078514e-09,1.1346079276108867e-07
TCGA:BRCA:TCGA-AR-A24N-01,BRCA,BRCA,0.9999457597732544,1.295289348490769e-05,1.0620264220051467e-05,3.0656785384053364e-05
TCGA:BRCA:TCGA-AR-A24O-01,BRCA,BRCA,0.9999988079071045,2.299699275454259e-07,3.502372578623181e-07,6.330334372250945e-07
TCGA:BRCA:TCGA-AR-A24P-01,BRCA,BRCA,0.9995940327644348,0.00011359556810930371,0.00011442242976045236,0.00017796036263462156
TCGA:BRCA:TCGA-AR-A24Q-01,BRCA,BRCA,0.9998646378517151,2.9778644602629356e-05,7.117914356058463e-05,3.43898827850353e-05
TCGA:BRCA:TCGA-AR-A24R-01,BRCA,BRCA,0.9996743202209473,0.00010377419675933197,0.00010053097503259778,0.00012139043246861547
TCGA:BRCA:TCGA-AR-A24S-01,BRCA,BRCA,0.9996259212493896,0.0001011624262901023,0.00014749351248610765,0.0001254184899153188
TCGA:BRCA:TCGA-AR-A24T-01,BRCA,BRCA,0.9999999403953552,4.05895184130145e-09,1.0311128839646244e-08,1.6607057062856256e-08
TCGA:BRCA:TCGA-AR-A24U-01,BRCA,BRCA,0.9999945759773254,4.556528665489168e-07,8.811537099973066e-07,4.088616151420865e-06
TCGA:BRCA:TCGA-AR-A24V-01,BRCA,BRCA,0.9999998807907104,3.25724336391886e-08,2.3926077119540423e-08,6.433000976358016e-08
TCGA:BRCA:TCGA-AR-A24W-01,BRCA,BRCA,0.9999982714653015,2.5218946575478185e-07,4.3864278609362373e-07,1.011880954138178e-06
TCGA:BRCA:TCGA-AR-A24X-01,BRCA,BRCA,0.9999992251396179,2.5403608105989406e-07,1.3685435362731369e-07,3.861557331674703e-07
TCGA:BRCA:TCGA-AR-A24Z-01,BRCA,BRCA,0.999240517616272,9.865294850897044e-05,0.00010763693717308342,0.0005531974020414054
TCGA:BRCA:TCGA-AR-A250-01,BRCA,BRCA,0.9999973773956299,8.58499788591871e-07,9.665139941716916e-07,7.707768645559554e-07
TCGA:BRCA:TCGA-AR-A251-01,BRCA,BRCA,0.99884033203125,0.0001894528977572918,0.0005298268515616655,0.00044036528561264277
TCGA:BRCA:TCGA-AR-A252-01,BRCA,BRCA,0.9999955296516418,5.364555022424611e-07,1.1617221389315091e-06,2.792261739159585e-06
TCGA:BRCA:TCGA-AR-A254-01,BRCA,BRCA,0.9998538494110107,7.303387246793136e-05,3.7591689761029556e-05,3.551511690602638e-05
TCGA:BRCA:TCGA-AR-A255-01,BRCA,BRCA,0.9999686479568481,9.826166206039488e-06,1.1457394066383131e-05,1.0077399565489031e-05
TCGA:BRCA:TCGA-AR-A256-01,BRCA,BRCA,0.9999995231628418,1.2928038017889776e-07,9.579622428645962e-08,2.463964676735486e-07
TCGA:BRCA:TCGA-AR-A2LE-01,BRCA,BRCA,0.999999463558197,2.7611150699158316e-08,9.611092366412777e-09,5.231755153545237e-07
TCGA:BRCA:TCGA-AR-A2LH-01,BRCA,BRCA,0.9999819993972778,4.5947356852593657e-07,3.0583616990043083e-06,1.448085004085442e-05
TCGA:BRCA:TCGA-AR-A2LJ-01,BRCA,BRCA,0.9999645352363586,1.1693960914271884e-05,1.2613946637429763e-05,1.1129561244160868e-05
TCGA:BRCA:TCGA-AR-A2LK-01,BRCA,BRCA,0.9999991655349731,1.5576050316212786e-07,2.996280841216503e-07,3.5771600437328743e-07
TCGA:BRCA:TCGA-AR-A2LM-01,BRCA,BRCA,0.9999706149101257,1.1280778380751144e-05,9.022082849696744e-06,9.061825039680116e-06
TCGA:BRCA:TCGA-AR-A2LN-01,BRCA,BRCA,0.9999997019767761,6.10740329420878e-08,7.302333671077577e-08,1.4089086164403852e-07
TCGA:BRCA:TCGA-AR-A2LO-01,BRCA,BRCA,0.9996469616889954,0.00011850307055283338,0.0001090189180104062,0.00012553209671750665
TCGA:BRCA:TCGA-AR-A2LQ-01,BRCA,BRCA,0.9999997615814209,9.402521783385964e-08,2.631530549024319e-08,1.0612771461637749e-07
TCGA:BRCA:TCGA-AR-A5QM-01,BRCA,BRCA,0.9999999403953552,5.219288112812137e-09,8.754359015483715e-09,2.857720104998407e-08
TCGA:BRCA:TCGA-AR-A5QN-01,BRCA,BRCA,0.9999999403953552,5.664554603157512e-09,1.2178383634875445e-08,3.012123173107284e-08
TCGA:BRCA:TCGA-AR-A5QP-01,BRCA,BRCA,0.9999999403953552,1.4684474969328676e-08,1.4640964884904406e-08,4.1396429395490486e-08
TCGA:BRCA:TCGA-AR-A5QQ-01,BRCA,HNSCC,0.12690912187099457,0.5728453993797302,0.3000389337539673,0.00020655618573073298
TCGA:BRCA:TCGA-B6-A0I1-01,BRCA,BRCA,0.9999815225601196,5.0362655201752204e-06,5.0943503993039485e-06,8.31886882224353e-06
TCGA:BRCA:TCGA-B6-A0I2-01,BRCA,BRCA,0.9971142411231995,0.001062236726284027,0.0009485524496994913,0.0008749479311518371
TCGA:BRCA:TCGA-B6-A0I5-01,BRCA,BRCA,0.9999616742134094,1.0346691851736978e-05,1.1253389857301954e-05,1.6723184671718627e-05
TCGA:BRCA:TCGA-B6-A0I6-01,BRCA,BRCA,0.9998873472213745,2.132342524419073e-05,6.487859354820102e-05,2.6471365345059894e-05
TCGA:BRCA:TCGA-B6-A0I8-01,BRCA,BRCA,0.9999990463256836,1.9751894342334708e-07,2.2755914130812016e-07,5.387981900639716e-07
TCGA:BRCA:TCGA-B6-A0I9-01,BRCA,BRCA,0.9992684125900269,0.00018572021508589387,0.00036056750104762614,0.0001852750574471429
TCGA:BRCA:TCGA-B6-A0IA-01,BRCA,BRCA,0.9999980926513672,5.636063065139751e-07,4.631773720120691e-07,8.74156739882892e-07
TCGA:BRCA:TCGA-B6-A0IB-01,BRCA,BRCA,0.999558687210083,0.00011392682790756226,0.00010310912330169231,0.00022425375937018543
TCGA:BRCA:TCGA-B6-A0IC-01,BRCA,BRCA,0.9999975562095642,1.0194240758210071e-06,5.17897888130392e-07,8.986976922642498e-07
TCGA:BRCA:TCGA-B6-A0IE-01,BRCA,BRCA,0.999999463558197,1.7118108530667087e-07,1.5575508882648137e-07,2.3242627378294856e-07
TCGA:BRCA:TCGA-B6-A0IG-01,BRCA,BRCA,0.9999988079071045,2.678781072518177e-07,4.7022450644362834e-07,4.5447029606293654e-07
TCGA:BRCA:TCGA-B6-A0IH-01,BRCA,BRCA,0.9999621510505676,9.260212209483143e-06,1.4630799341830425e-05,1.3974177818454336e-05
TCGA:BRCA:TCGA-B6-A0IJ-01,BRCA,BRCA,0.9983687996864319,0.0003666963311843574,0.000886017398443073,0.00037850672379136086
TCGA:BRCA:TCGA-B6-A0IK-01,BRCA,BRCA,0.9994357228279114,0.00044194620568305254,7.93852232163772e-05,4.293302117730491e-05
TCGA:BRCA:TCGA-B6-A0IM-01,BRCA,BRCA,0.999609112739563,0.00011493824422359467,0.00010108159040100873,0.00017483784176874906
TCGA:BRCA:TCGA-B6-A0IN-01,BRCA,BRCA,0.9999998211860657,4.3355747436635284e-08,5.1508269649502836e-08,6.910549643635022e-08
TCGA:BRCA:TCGA-B6-A0IO-01,BRCA,BRCA,0.9999987483024597,1.982220254603817e-07,4.322603217588039e-07,6.390279736478988e-07
TCGA:BRCA:TCGA-B6-A0IP-01,BRCA,BRCA,0.9999999403953552,5.399793945315423e-09,5.832237359726378e-09,2.3549684868839904e-08
TCGA:BRCA:TCGA-B6-A0IQ-01,BRCA,BRCA,0.9999991059303284,3.4853999864026264e-07,3.912756199042633e-07,1.3803092713260412e-07
TCGA:BRCA:TCGA-B6-A0RE-01,BRCA,BRCA,0.9934425950050354,0.00031836473499424756,0.0061564976349473,8.254018757725134e-05
TCGA:BRCA:TCGA-B6-A0RG-01,BRCA,BRCA,0.9972825050354004,0.00046488179941661656,0.001968774478882551,0.0002838452346622944
TCGA:BRCA:TCGA-B6-A0RH-01,BRCA,BRCA,0.9999998807907104,3.212401722407776e-08,3.345774146623626e-08,2.9311484794902753e-08
TCGA:BRCA:TCGA-B6-A0RI-01,BRCA,BRCA,0.999403178691864,0.0001610813633305952,0.00031531520653516054,0.00012040841829730198
TCGA:BRCA:TCGA-B6-A0RL-01,BRCA,BRCA,0.9999998807907104,2.0619715712655307e-08,2.49059741719293e-08,8.344977686647326e-08
TCGA:BRCA:TCGA-B6-A0RM-01,BRCA,BRCA,0.9999099969863892,8.776971662882715e-05,4.760536853609665e-07,1.7574596995473257e-06
TCGA:BRCA:TCGA-B6-A0RN-01,BRCA,BRCA,0.9999999403953552,9.8260537484407e-09,5.750944165328065e-09,1.5947630771506738e-08
TCGA:BRCA:TCGA-B6-A0RO-01,BRCA,BRCA,0.9996344447135925,9.279108053306118e-05,0.0001004140212899074,0.0001723308814689517
TCGA:BRCA:TCGA-B6-A0RP-01,BRCA,BRCA,0.9999982714653015,1.114120436795929e-06,2.2369454200088512e-07,3.8703765881109575e-07
TCGA:BRCA:TCGA-B6-A0RQ-01,BRCA,BRCA,0.9999515414237976,1.2575268556247465e-05,1.5032841474749148e-05,2.0846497136517428e-05
TCGA:BRCA:TCGA-B6-A0RS-01,BRCA,BRCA,0.999994695186615,2.1149573967704782e-06,1.8467518430043128e-06,1.3304775166034233e-06
TCGA:BRCA:TCGA-B6-A0RT-01,BRCA,BRCA,0.9989790320396423,0.0003534878196660429,0.00038917220081202686,0.00027832703199237585
TCGA:BRCA:TCGA-B6-A0RU-01,BRCA,BRCA,0.9999998211860657,2.6709058076335168e-08,1.3271949228510493e-07,4.788640595165816e-08
TCGA:BRCA:TCGA-B6-A0RV-01,BRCA,BRCA,0.9999699592590332,9.063975994649809e-06,9.967054211301729e-06,1.1028885637642816e-05
TCGA:BRCA:TCGA-B6-A0WS-01,BRCA,BRCA,0.9997220635414124,8.99947335710749e-05,9.2005189799238e-05,9.593706636223942e-05
TCGA:BRCA:TCGA-B6-A0WT-01,BRCA,BRCA,0.9995675683021545,9.147570381173864e-05,0.00011164596799062565,0.00022932994761504233
TCGA:BRCA:TCGA-B6-A0WV-01,BRCA,BRCA,0.9999673962593079,1.0398952326795552e-05,1.151533615484368e-05,1.06746065284824e-05
TCGA:BRCA:TCGA-B6-A0WW-01,BRCA,BRCA,0.9995604157447815,0.00011088915925938636,0.00019068624533247203,0.00013800966553390026
TCGA:BRCA:TCGA-B6-A0WX-01,BRCA,BRCA,0.9998799562454224,2.245143332402222e-05,7.773443940095603e-05,1.984825030376669e-05
TCGA:BRCA:TCGA-B6-A0WY-01,BRCA,BRCA,0.9999996423721313,1.3086280148399965e-07,9.891775221149146e-08,1.2791427650427067e-07
TCGA:BRCA:TCGA-B6-A0WZ-01,BRCA,BRCA,1.0,7.879630281593109e-09,4.273634335305587e-09,1.4982088458737053e-08
TCGA:BRCA:TCGA-B6-A0X0-01,BRCA,BRCA,0.9999991655349731,2.2446043601576093e-07,2.097263518407999e-07,4.272171452157636e-07
TCGA:BRCA:TCGA-B6-A0X1-01,BRCA,BRCA,0.9908042550086975,0.001452058320865035,0.006225277204066515,0.0015184361254796386
TCGA:BRCA:TCGA-B6-A0X4-01,BRCA,BRCA,0.9999950528144836,1.1525148693181109e-06,9.430122531739471e-07,2.872267259590444e-06
TCGA:BRCA:TCGA-B6-A0X5-01,BRCA,BRCA,0.9978662729263306,0.0009175565792247653,0.000568061659578234,0.0006481199525296688
TCGA:BRCA:TCGA-B6-A0X7-01,BRCA,BRCA,0.9996870160102844,0.00012348998279776424,8.757784235058352e-05,0.00010191860928898677
TCGA:BRCA:TCGA-B6-A1KC-01,BRCA,BRCA,0.9993189573287964,0.0003157962637487799,0.0001446324895368889,0.00022060380433686078
TCGA:BRCA:TCGA-B6-A1KF-01,BRCA,BRCA,0.9999992847442627,2.6512657314015087e-07,2.492758426342334e-07,1.7493577786353853e-07
TCGA:BRCA:TCGA-B6-A1KI-01,BRCA,BRCA,0.9999998211860657,4.808028819525134e-08,3.7058622837093935e-08,8.690309982739564e-08
TCGA:BRCA:TCGA-B6-A1KN-01,BRCA,BRCA,0.9999997019767761,1.1710176295309793e-07,8.568274978415502e-08,6.807002250752703e-08
TCGA:BRCA:TCGA-B6-A2IU-01,BRCA,BRCA,0.9999994039535522,1.7594136636489566e-07,1.7038406951996876e-07,2.240710585965644e-07
TCGA:BRCA:TCGA-B6-A3ZX-01,BRCA,BRCA,0.9999695420265198,6.091543127695331e-06,1.953500759555027e-05,4.823498329642462e-06
TCGA:BRCA:TCGA-B6-A400-01,BRCA,BRCA,0.9984308481216431,0.0011166961630806327,0.00027669858536683023,0.00017577859398443252
TCGA:BRCA:TCGA-B6-A401-01,BRCA,BRCA,0.9999990463256836,1.8113539113073784e-07,2.1712592968015088e-07,5.798277697977028e-07
TCGA:BRCA:TCGA-B6-A402-01,BRCA,BRCA,0.9999976754188538,7.854041541577317e-07,9.529097155791533e-07,6.141648896118568e-07
TCGA:BRCA:TCGA-B6-A408-01,BRCA,BRCA,0.9999999403953552,1.8830872861030912e-08,8.964404329958597e-09,5.860248819544722e-08
TCGA:BRCA:TCGA-B6-A409-01,BRCA,BRCA,0.999121904373169,0.0003728309238795191,0.00032766000367701054,0.00017762657080311328
TCGA:BRCA:TCGA-B6-A40B-01,BRCA,BRCA,0.9999575614929199,1.747976421029307e-05,1.2158181561972015e-05,1.2790604159818031e-05
TCGA:BRCA:TCGA-B6-A40C-01,BRCA,BRCA,0.9999999403953552,1.36417792617749e-08,1.587327780327996e-08,3.5010724985795605e-08
TCGA:BRCA:TCGA-BH-A0AU-01,BRCA,BRCA,0.9999999403953552,9.660628741414712e-09,1.7616416769783427e-08,1.3727847303357521e-08
TCGA:BRCA:TCGA-BH-A0AV-01,BRCA,BRCA,0.9987292289733887,0.00047442413051612675,0.0004806833458133042,0.00031566485995426774
TCGA:BRCA:TCGA-BH-A0AW-01,BRCA,BRCA,0.9996580481529236,8.70823350851424e-06,0.00033171515678986907,1.5002010513853747e-06
TCGA:BRCA:TCGA-BH-A0AY-01,BRCA,BRCA,0.9996671676635742,0.00010518964700167999,9.601278725313023e-05,0.0001316281850449741
TCGA:BRCA:TCGA-BH-A0AZ-01,BRCA,BRCA,0.9999550580978394,1.053440155374119e-05,1.6569685612921603e-05,1.7841834051068872e-05
TCGA:BRCA:TCGA-BH-A0B0-01,BRCA,BRCA,0.9999992251396179,1.9822195440610813e-07,1.2542633953671611e-07,4.3457194465190696e-07
TCGA:BRCA:TCGA-BH-A0B1-01,BRCA,BRCA,0.9985201954841614,0.00022294651716947556,0.0010557688074186444,0.0002011024480452761
TCGA:BRCA:TCGA-BH-A0B2-01,BRCA,BRCA,0.9995983839035034,0.00010436008597025648,0.00011427355639170855,0.0001829930697567761
TCGA:BRCA:TCGA-BH-A0B3-01,BRCA,BRCA,0.9969028830528259,0.0007855122094042599,0.0020980045665055513,0.00021360578830353916
TCGA:BRCA:TCGA-BH-A0B4-01,BRCA,BRCA,0.9999977946281433,7.750410304652178e-07,7.140459388210729e-07,7.322754527194775e-07
TCGA:BRCA:TCGA-BH-A0B5-01,BRCA,BRCA,0.9999993443489075,2.687909557153034e-07,1.2997782050661044e-07,2.419409099729819e-07
TCGA:BRCA:TCGA-BH-A0B7-01,BRCA,BRCA,0.9999986886978149,1.0826891383430848e-07,4.203685364245757e-07,7.789865890117653e-07
TCGA:BRCA:TCGA-BH-A0B8-01,BRCA,BRCA,0.9999898076057434,2.139568550774129e-06,7.53891345084412e-06,5.223872676651808e-07
TCGA:BRCA:TCGA-BH-A0B9-01,BRCA,BRCA,0.9999962449073792,5.086645273877366e-07,1.49843390317983e-06,1.7538449128551292e-06
TCGA:BRCA:TCGA-BH-A0BA-01,BRCA,BRCA,0.9996100664138794,0.00014638889115303755,9.041502926265821e-05,0.00015311726019717753
TCGA:BRCA:TCGA-BH-A0BC-01,BRCA,BRCA,0.9999998211860657,2.992627656794866e-08,4.5461398201496195e-08,7.570334048523364e-08
TCGA:BRCA:TCGA-BH-A0BD-01,BRCA,BRCA,0.9999987483024597,3.148815039821784e-07,5.74593855162675e-07,3.740341298907879e-07
TCGA:BRCA:TCGA-BH-A0BF-01,BRCA,BRCA,0.999999463558197,3.325833688450075e-07,1.0676147610411135e-07,1.152871931253685e-07
TCGA:BRCA:TCGA-BH-A0BG-01,BRCA,BRCA,0.9998975396156311,2.3573013095301576e-05,5.7972894865088165e-05,2.089873123622965e-05
TCGA:BRCA:TCGA-BH-A0BJ-01,BRCA,BRCA,0.9999999403953552,3.78562319269804e-08,7.94810350868147e-09,1.769243418436872e-08
TCGA:BRCA:TCGA-BH-A0BL-01,BRCA,BRCA,0.9999979138374329,1.3077768699076842e-06,6.307325293164467e-07,1.2611876343271433e-07
TCGA:BRCA:TCGA-BH-A0BM-01,BRCA,BRCA,0.9999992847442627,4.4116694652984734e-07,1.6050439199943867e-08,2.300466945825974e-07
TCGA:BRCA:TCGA-BH-A0BO-01,BRCA,BRCA,0.9999989867210388,2.8518124395304767e-07,2.918119150763232e-07,4.343696105024719e-07
TCGA:BRCA:TCGA-BH-A0BP-01,BRCA,BRCA,0.9999999403953552,8.305013565745867e-09,2.8482256553274965e-08,3.604901266385241e-08
TCGA:BRCA:TCGA-BH-A0BQ-01,BRCA,BRCA,0.9999991655349731,1.7799997920064925e-07,2.2842893088181881e-07,4.37499011241016e-07
TCGA:BRCA:TCGA-BH-A0BR-01,BRCA,BRCA,0.9999992847442627,5.4930250570350836e-08,3.3463925319665577e-07,3.5238738860243757e-07
TCGA:BRCA:TCGA-BH-A0BS-01,BRCA,BRCA,0.9999992251396179,1.9738888568099355e-07,1.6487450693603023e-07,4.0126036537913023e-07
TCGA:BRCA:TCGA-BH-A0BT-01,BRCA,BRCA,0.9999999403953552,1.7234473403959782e-08,9.39036937097626e-09,2.1623922208391377e-08
TCGA:BRCA:TCGA-BH-A0BV-01,BRCA,BRCA,0.9995178580284119,0.00012020022404612973,0.00010317397391190752,0.00025876323343254626
TCGA:BRCA:TCGA-BH-A0BW-01,BRCA,BRCA,0.9973480701446533,0.0002820958907250315,0.0010020200861617923,0.0013677864335477352
TCGA:BRCA:TCGA-BH-A0BZ-01,BRCA,BRCA,0.9999987483024597,6.542319965774368e-07,2.2584126213587297e-07,3.5985999602416996e-07
TCGA:BRCA:TCGA-BH-A0C0-01,BRCA,BRCA,0.9995198845863342,6.271505844779313e-05,0.00039217036101035774,2.5205183192156255e-05
TCGA:BRCA:TCGA-BH-A0C1-01,BRCA,BRCA,0.999669075012207,0.0001152689364971593,0.00010748163185780868,0.00010819104500114918
TCGA:BRCA:TCGA-BH-A0C3-01,BRCA,BRCA,0.9999996423721313,1.3502996054626237e-08,2.4427245648439566e-07,7.694281123349356e-08
TCGA:BRCA:TCGA-BH-A0C7-01,BRCA,BRCA,0.9999601244926453,1.5814530343050137e-05,1.1252498552494217e-05,1.2801120647054631e-05
TCGA:BRCA:TCGA-BH-A0DD-01,BRCA,BRCA,0.9999983906745911,2.4329528969246894e-07,3.698201567203796e-07,9.859589908955968e-07
TCGA:BRCA:TCGA-BH-A0DE-01,BRCA,BRCA,0.9999995231628418,4.5513612434433526e-08,2.715424329835514e-07,1.4893683442096517e-07
TCGA:BRCA:TCGA-BH-A0DG-01,BRCA,BRCA,0.9999999403953552,7.055342532424902e-09,1.2490615652893666e-08,5.529377489210674e-08
TCGA:BRCA:TCGA-BH-A0DH-01,BRCA,BRCA,0.9999664425849915,1.0727180779213086e-05,9.467128620599397e-06,1.338223501079483e-05
TCGA:BRCA:TCGA-BH-A0DI-01,BRCA,BRCA,0.9999508261680603,1.4023321455169935e-05,2.369498906773515e-05,1.1456631909823045e-05
TCGA:BRCA:TCGA-BH-A0DK-01,BRCA,BRCA,0.9998698830604553,2.012289996855543e-06,0.0001266023173229769,1.4869461892885738e-06
TCGA:BRCA:TCGA-BH-A0DL-01,BRCA,BRCA,0.8264772891998291,0.12644356489181519,0.04615826532244682,0.0009208732517436147
TCGA:BRCA:TCGA-BH-A0DO-01,BRCA,BRCA,0.9999494552612305,1.211273865919793e-05,1.797129152691923e-05,2.046541339950636e-05
TCGA:BRCA:TCGA-BH-A0DP-01,BRCA,BRCA,0.9999985694885254,1.264570187231584e-06,5.765493682474698e-08,1.0244258419334074e-07
TCGA:BRCA:TCGA-BH-A0DQ-01,BRCA,BRCA,0.9999990463256836,4.192490052901121e-07,2.5709670126161654e-07,2.82343876278901e-07
TCGA:BRCA:TCGA-BH-A0DS-01,BRCA,BRCA,0.9999998211860657,4.5187423580728137e-08,7.589211037384302e-09,9.868764294651555e-08
TCGA:BRCA:TCGA-BH-A0DT-01,BRCA,BRCA,0.9999998211860657,4.803790432106325e-08,4.808464026950787e-08,7.971000570705655e-08
TCGA:BRCA:TCGA-BH-A0DV-01,BRCA,BRCA,0.9993882179260254,0.0005789721035398543,1.7289279639953747e-05,1.552678077132441e-05
TCGA:BRCA:TCGA-BH-A0DX-01,BRCA,BRCA,0.9999999403953552,3.0852877586085015e-08,1.3841533252900717e-08,2.707489876740965e-08
TCGA:BRCA:TCGA-BH-A0DZ-01,BRCA,BRCA,0.9999998211860657,3.716719376711808e-08,5.160652705171742e-08,1.1264460653137576e-07
TCGA:BRCA:TCGA-BH-A0E0-01,BRCA,BRCA,0.9873723387718201,0.01057375967502594,0.001260418794117868,0.0007934586610645056
TCGA:BRCA:TCGA-BH-A0E1-01,BRCA,BRCA,0.9998682141304016,6.063210457796231e-05,2.245495852548629e-05,4.869811891694553e-05
TCGA:BRCA:TCGA-BH-A0E2-01,BRCA,BRCA,0.9999757409095764,3.718682364706183e-06,1.893895023385994e-05,1.6030401184252696e-06
TCGA:BRCA:TCGA-BH-A0E6-01,BRCA,BRCA,0.9999979734420776,3.1490611718254513e-07,1.4231635532269138e-06,3.1156363888840133e-07
TCGA:BRCA:TCGA-BH-A0E7-01,BRCA,BRCA,0.9996626973152161,0.00011952713975915685,9.487115312367678e-05,0.00012292046449147165
TCGA:BRCA:TCGA-BH-A0E9-01,BRCA,BRCA,0.9999998211860657,9.694342395505373e-08,3.249938274052511e-08,4.173133305584997e-08
TCGA:BRCA:TCGA-BH-A0EA-01,BRCA,BRCA,0.9997049570083618,0.00010021219350164756,9.059724834514782e-05,0.00010425007349113002
TCGA:BRCA:TCGA-BH-A0EB-01,BRCA,BRCA,0.9999620318412781,1.0857342203962617e-05,1.0072352779388893e-05,1.70395323948469e-05
TCGA:BRCA:TCGA-BH-A0EE-01,BRCA,BRCA,0.7135955691337585,0.0023089912720024586,0.004152863286435604,0.2799425721168518
TCGA:BRCA:TCGA-BH-A0EI-01,BRCA,BRCA,0.9999613761901855,1.0468664186191745e-05,1.31594279082492e-05,1.4977262253523804e-05
TCGA:BRCA:TCGA-BH-A0GY-01,BRCA,BRCA,0.999614417552948,3.149291615045513e-06,0.0003816258395090699,7.908141697043902e-07
TCGA:BRCA:TCGA-BH-A0GZ-01,BRCA,BRCA,0.9988101124763489,0.0002365692489547655,0.0007698662229813635,0.00018346552678849548
TCGA:BRCA:TCGA-BH-A0H0-01,BRCA,BRCA,0.9999998807907104,6.002348840183913e-08,1.0699006125491906e-08,5.2174659259662803e-08
TCGA:BRCA:TCGA-BH-A0H3-01,BRCA,BRCA,0.9999991655349731,2.180496210257843e-07,1.5367635342045105e-07,4.551081644876831e-07
TCGA:BRCA:TCGA-BH-A0H5-01,BRCA,BRCA,0.9999496340751648,1.398326003254624e-05,2.1437253963085823e-05,1.4944981558073778e-05
TCGA:BRCA:TCGA-BH-A0H6-01,BRCA,BRCA,0.9995709657669067,0.00017490977188572288,9.316470823250711e-05,0.00016096231411211193
TCGA:BRCA:TCGA-BH-A0H7-01,BRCA,BRCA,0.9996876120567322,9.51050387811847e-05,0.00011325923696858808,0.00010400430619483814
TCGA:BRCA:TCGA-BH-A0H9-01,BRCA,BRCA,0.9999998807907104,5.533603797402975e-08,2.250920339008644e-08,2.964621614864882e-08
TCGA:BRCA:TCGA-BH-A0HA-01,BRCA,BRCA,0.9999992251396179,2.5710298245940066e-07,2.344115586083717e-07,2.661998337316618e-07
TCGA:BRCA:TCGA-BH-A0HB-01,BRCA,BRCA,0.999821126461029,1.239869675373484e-06,0.0001773883996065706,2.2086324236170185e-07
TCGA:BRCA:TCGA-BH-A0HF-01,BRCA,BRCA,0.9997232556343079,1.1712719469869626e-06,0.00026831802097149193,7.2369552981399465e-06
TCGA:BRCA:TCGA-BH-A0HI-01,BRCA,BRCA,0.9999994039535522,1.7734620882947638e-07,1.238762337152366e-07,3.1757937790644064e-07
TCGA:BRCA:TCGA-BH-A0HK-01,BRCA,BRCA,0.9983655214309692,0.00022612679458688945,0.001317958114668727,9.036897972691804e-05
TCGA:BRCA:TCGA-BH-A0HL-01,BRCA,BRCA,0.9998971819877625,1.9180009985575452e-05,6.182704237289727e-05,2.179752482334152e-05
TCGA:BRCA:TCGA-BH-A0HN-01,BRCA,BRCA,0.9999991655349731,9.729722449947076e-08,9.490402419487509e-08,6.568856179001159e-07
TCGA:BRCA:TCGA-BH-A0HO-01,BRCA,BRCA,0.9999996423721313,9.533599154565309e-08,7.863037154720587e-08,1.700422416206493e-07
TCGA:BRCA:TCGA-BH-A0HP-01,BRCA,BRCA,0.9999999403953552,7.233220689073505e-09,4.0955299596134864e-08,2.2697557611195407e-08
TCGA:BRCA:TCGA-BH-A0HQ-01,BRCA,BRCA,0.9999999403953552,5.772783584490071e-09,5.776381151179066e-09,1.85290964793694e-08
TCGA:BRCA:TCGA-BH-A0HU-01,BRCA,BRCA,0.9995872974395752,9.690783190308139e-05,0.0001025985911837779,0.00021322006068658084
TCGA:BRCA:TCGA-BH-A0HW-01,BRCA,BRCA,0.9999984502792358,5.151672439751565e-07,2.623763464271178e-07,7.483436661459564e-07
TCGA:BRCA:TCGA-BH-A0HX-01,BRCA,BRCA,0.999993085861206,7.183318473380496e-08,6.620876774832141e-06,2.2926792553334963e-07
TCGA:BRCA:TCGA-BH-A0HY-01,BRCA,BRCA,0.9999467134475708,2.6457013518665917e-05,1.433521720173303e-05,1.2477457858039998e-05
TCGA:BRCA:TCGA-BH-A0RX-01,BRCA,BRCA,0.9999998211860657,2.3702780183043615e-08,1.1161802859760428e-07,3.647382840199498e-08
TCGA:BRCA:TCGA-BH-A0W3-01,BRCA,BRCA,0.999622642993927,0.00011784021626226604,9.117095760302618e-05,0.00016832619439810514
TCGA:BRCA:TCGA-BH-A0W4-01,BRCA,BRCA,0.9996804594993591,0.00013343906903173774,0.00010000144538935274,8.607414201833308e-05
TCGA:BRCA:TCGA-BH-A0W5-01,BRCA,BRCA,0.9999992847442627,2.2379535380423476e-07,1.6189876816952165e-07,3.1354480256595707e-07
TCGA:BRCA:TCGA-BH-A0W7-01,BRCA,BRCA,0.9996030926704407,0.00014298355381470174,0.00013576916535384953,0.00011816977348644286
TCGA:BRCA:TCGA-BH-A0WA-01,BRCA,BRCA,0.9999990463256836,3.1264858080248814e-07,3.834863946394762e-07,2.313478262294666e-07
TCGA:BRCA:TCGA-BH-A18F-01,BRCA,BRCA,0.9999671578407288,1.2554427485156339e-05,9.323450285592116e-06,1.097567565011559e-05
TCGA:BRCA:TCGA-BH-A18G-01,BRCA,BRCA,0.999624490737915,4.47142738266848e-05,0.0002062409184873104,0.00012457866978365928
TCGA:BRCA:TCGA-BH-A18H-01,BRCA,BRCA,0.9999615550041199,1.1656550668703858e-05,1.3583890904556029e-05,1.3202396985434461e-05
TCGA:BRCA:TCGA-BH-A18I-01,BRCA,BRCA,1.0,4.911747897295982e-09,3.4418794481183568e-09,1.201185373389535e-08
TCGA:BRCA:TCGA-BH-A18J-01,BRCA,BRCA,0.9999999403953552,6.565260335378298e-09,1.0079514112248944e-08,6.439427124860231e-08
TCGA:BRCA:TCGA-BH-A18K-01,BRCA,BRCA,0.9999544620513916,1.0676011697796639e-05,1.674194027145859e-05,1.810832691262476e-05
TCGA:BRCA:TCGA-BH-A18L-01,BRCA,BRCA,0.9999241232872009,2.502844472473953e-05,1.9834424165310338e-05,3.099627429037355e-05
TCGA:BRCA:TCGA-BH-A18M-01,BRCA,BRCA,0.9997072815895081,9.77090239757672e-05,7.989401638042182e-05,0.00011513823847053573
TCGA:BRCA:TCGA-BH-A18N-01,BRCA,BRCA,0.9999123215675354,2.0358313122414984e-05,2.823175054800231e-05,3.90636851079762e-05
TCGA:BRCA:TCGA-BH-A18P-01,BRCA,BRCA,0.9995650053024292,0.0001375222927890718,0.00014286053192336112,0.00015459215501323342
TCGA:BRCA:TCGA-BH-A18Q-01,BRCA,BRCA,0.9999988675117493,2.863536110453424e-07,5.962832005934615e-07,2.479617080552998e-07
TCGA:BRCA:TCGA-BH-A18R-01,BRCA,BRCA,0.9995852708816528,0.00012281714589335024,0.00015437178080901504,0.00013753905659541488
TCGA:BRCA:TCGA-BH-A18S-01,BRCA,BRCA,0.9999995231628418,1.0342350975633963e-07,7.21082500376724e-08,2.766328179859556e-07
TCGA:BRCA:TCGA-BH-A18T-01,BRCA,BRCA,0.9999998807907104,1.4979066875753233e-08,9.424221047993342e-08,1.317437536840771e-08
TCGA:BRCA:TCGA-BH-A18U-01,BRCA,BRCA,0.9999608993530273,1.0612353435135446e-05,1.1619562428677455e-05,1.689626333245542e-05
TCGA:BRCA:TCGA-BH-A18V-01,BRCA,BRCA,0.9998502135276794,3.987116724601947e-05,4.5875483920099214e-05,6.406664033420384e-05
TCGA:BRCA:TCGA-BH-A1EN-01,BRCA,BRCA,0.9984200596809387,0.0002930306945927441,0.00021118068252690136,0.0010757505660876632
TCGA:BRCA:TCGA-BH-A1EO-01,BRCA,BRCA,0.9996255040168762,0.00010335529805161059,0.00010212691995548084,0.0001690081408014521
TCGA:BRCA:TCGA-BH-A1ES-01,BRCA,BRCA,0.9998999238014221,3.8678463170072064e-05,4.312627424951643e-05,1.829693246691022e-05
TCGA:BRCA:TCGA-BH-A1ET-01,BRCA,BRCA,0.9999990463256836,2.5491749511274975e-07,1.2733900689454458e-07,5.737147148465738e-07
TCGA:BRCA:TCGA-BH-A1EU-01,BRCA,BRCA,0.9999985694885254,2.1438299313558673e-07,4.965103244103375e-07,6.916256438671553e-07
TCGA:BRCA:TCGA-BH-A1EV-01,BRCA,BRCA,0.9992911219596863,0.0001694076636340469,0.00014027593715582043,0.00039918278343975544
TCGA:BRCA:TCGA-BH-A1EW-01,BRCA,BRCA,0.9999999403953552,4.565210431906053e-09,9.150173063687816e-09,4.449294976893725e-08
TCGA:BRCA:TCGA-BH-A1EX-01,BRCA,BRCA,0.9999979734420776,8.259325667836492e-09,2.058069625832104e-08,1.985626795431017e-06
TCGA:BRCA:TCGA-BH-A1EY-01,BRCA,BRCA,0.9999890327453613,2.429576113627263e-07,1.8994329309407476e-07,1.0510855645406991e-05
TCGA:BRCA:TCGA-BH-A1F0-01,BRCA,BRCA,0.9997203350067139,4.458350667846389e-05,0.00016930112906266004,6.575401494046673e-05
TCGA:BRCA:TCGA-BH-A1F2-01,BRCA,BRCA,0.9999932646751404,1.088619910660782e-06,7.32512489776127e-07,4.942658506479347e-06
TCGA:BRCA:TCGA-BH-A1F5-01,BRCA,BRCA,0.9997086524963379,8.464400161756203e-05,8.371376316063106e-05,0.0001230004709213972
TCGA:BRCA:TCGA-BH-A1F6-01,BRCA,BRCA,0.9999180436134338,3.212177034583874e-05,2.3996086383704096e-05,2.581963417469524e-05
TCGA:BRCA:TCGA-BH-A1F8-01,BRCA,BRCA,0.9999990463256836,2.475480584962497e-07,3.075085146519996e-07,3.974774642756529e-07
TCGA:BRCA:TCGA-BH-A1FB-01,BRCA,BRCA,0.9999991655349731,1.6042261563598004e-07,4.172217700215697e-07,2.4178382318496006e-07
TCGA:BRCA:TCGA-BH-A1FC-01,BRCA,BRCA,0.9999786615371704,1.1246797839703504e-05,4.295263352105394e-06,5.812079962197458e-06
TCGA:BRCA:TCGA-BH-A1FD-01,BRCA,BRCA,0.9995768666267395,0.00016484218940604478,9.743643022375181e-05,0.00016085646348074079
TCGA:BRCA:TCGA-BH-A1FE-01,BRCA,BRCA,0.999665379524231,9.201092325383797e-05,0.00012507518113125116,0.00011751178681151941
TCGA:BRCA:TCGA-BH-A1FG-01,BRCA,BRCA,0.9999994039535522,2.371550920088339e-07,1.6196177909932885e-07,1.894549939152057e-07
TCGA:BRCA:TCGA-BH-A1FH-01,BRCA,BRCA,0.9999995827674866,1.4987290342105553e-07,1.1617372308592167e-07,1.7871067825581122e-07
TCGA:BRCA:TCGA-BH-A1FJ-01,BRCA,BRCA,0.9996191263198853,0.00011697516310960054,0.00010540030052652583,0.00015847895701881498
TCGA:BRCA:TCGA-BH-A1FL-01,BRCA,BRCA,0.9999992847442627,2.7049455297856184e-07,2.1034099972894182e-07,2.3640272672764695e-07
TCGA:BRCA:TCGA-BH-A1FM-01,BRCA,BRCA,0.9999985694885254,2.330562836050376e-07,2.2965782875417062e-07,9.94033030110586e-07
TCGA:BRCA:TCGA-BH-A1FN-01,BRCA,BRCA,0.9994432926177979,0.00010356202983530238,0.00030982386670075357,0.00014333706349134445
TCGA:BRCA:TCGA-BH-A1FR-01,BRCA,BRCA,0.9999986886978149,4.38363741750436e-07,3.082426189848775e-07,5.899595976188721e-07
TCGA:BRCA:TCGA-BH-A1FU-01,BRCA,BRCA,0.9999999403953552,1.0223082824722951e-08,8.339467783002874e-09,1.1523492382536915e-08
TCGA:BRCA:TCGA-BH-A201-01,BRCA,BRCA,0.9999999403953552,1.2665227089314612e-08,1.1779044406523553e-08,1.9404810203127454e-08
TCGA:BRCA:TCGA-BH-A202-01,BRCA,BRCA,0.9986321330070496,0.00010712610674090683,0.00014859387010801584,0.001112160156480968
TCGA:BRCA:TCGA-BH-A203-01,BRCA,BRCA,0.9999999403953552,8.395766748492406e-09,3.673132553672076e-08,1.01710480038264e-08
TCGA:BRCA:TCGA-BH-A204-01,BRCA,BRCA,0.9992240071296692,0.0003339374379720539,0.0001488460402470082,0.0002932327042799443
TCGA:BRCA:TCGA-BH-A208-01,BRCA,BRCA,0.9951755404472351,0.0009168194374069571,0.0026364517398178577,0.0012712155003100634
TCGA:BRCA:TCGA-BH-A209-01,BRCA,BRCA,0.999932050704956,2.109249726345297e-05,1.849166255851742e-05,2.8367814593366347e-05
TCGA:BRCA:TCGA-BH-A28O-01,BRCA,BRCA,0.9999459981918335,1.7364036466460675e-05,1.8545510101830587e-05,1.806424552341923e-05
TCGA:BRCA:TCGA-BH-A28Q-01,BRCA,BRCA,0.9999679923057556,8.462539881293196e-06,8.844388503348455e-06,1.4711503354192246e-05
TCGA:BRCA:TCGA-BH-A2L8-01,BRCA,BRCA,0.999999463558197,8.165251585978694e-08,3.4678555493883323e-07,1.1823755130535574e-07
TCGA:BRCA:TCGA-BH-A42T-01,BRCA,BRCA,0.9999999403953552,1.8301667736864147e-08,4.0247982724395115e-09,2.7623288545441937e-08
TCGA:BRCA:TCGA-BH-A42U-01,BRCA,BRCA,0.9999992251396179,1.7384518002927507e-07,2.4802784537314437e-07,3.313000718208059e-07
TCGA:BRCA:TCGA-BH-A42V-01,BRCA,BRCA,0.9999991655349731,1.8946195723401615e-07,3.7627799542860885e-07,2.6655092710825556e-07
TCGA:BRCA:TCGA-BH-A5IZ-01,BRCA,BRCA,0.9484223127365112,0.004830483812838793,0.01804470270872116,0.028702476993203163
TCGA:BRCA:TCGA-BH-A5J0-01,BRCA,BRCA,0.9999998807907104,4.859951019398068e-08,2.452141423248122e-08,5.173567529936918e-08
TCGA:BRCA:TCGA-BH-A6R8-01,BRCA,BRCA,0.9999997615814209,1.4807324255627918e-08,2.2901138763131712e-08,1.8094935683166113e-07
TCGA:BRCA:TCGA-BH-A6R9-01,BRCA,BRCA,0.9042332768440247,0.07305283099412918,0.020631441846489906,0.002082470804452896
TCGA:BRCA:TCGA-BH-A8FY-01,BRCA,BRCA,0.9999982118606567,9.621899010880952e-08,8.585362110125061e-08,1.6341837181244045e-06
TCGA:BRCA:TCGA-BH-A8FZ-01,BRCA,BRCA,0.9993369579315186,0.00011430785525590181,0.0003316702204756439,0.0002170352527173236
TCGA:BRCA:TCGA-BH-A8G0-01,BRCA,BRCA,0.9996123909950256,0.00010302785813109949,0.00017561367712914944,0.00010899469634750858
TCGA:BRCA:TCGA-BH-AB28-01,BRCA,BRCA,0.9999586939811707,1.0236080925096758e-05,1.013374094327446e-05,2.091695205308497e-05
TCGA:BRCA:TCGA-C8-A12K-01,BRCA,BRCA,0.9997510313987732,4.6282824769150466e-05,0.00011604261817410588,8.664112829137594e-05
TCGA:BRCA:TCGA-C8-A12L-01,BRCA,BRCA,0.9926390051841736,0.0010569135192781687,0.004378587007522583,0.0019254673970863223
TCGA:BRCA:TCGA-C8-A12M-01,BRCA,BRCA,0.9999995827674866,7.495234655152672e-08,1.1248574338651451e-07,2.0159687608156673e-07
TCGA:BRCA:TCGA-C8-A12N-01,BRCA,BRCA,0.9999515414237976,1.8704033209360205e-05,1.4345206182042602e-05,1.5392006389447488e-05
TCGA:BRCA:TCGA-C8-A12O-01,BRCA,BRCA,0.999346911907196,9.843826410360634e-05,0.00011734263534890488,0.0004373075789771974
TCGA:BRCA:TCGA-C8-A12P-01,BRCA,BRCA,0.9999909400939941,7.597997750963259e-07,4.872098884334264e-07,7.819725396984722e-06
TCGA:BRCA:TCGA-C8-A12Q-01,BRCA,BRCA,0.999998927116394,9.695865088588107e-08,3.376504764673882e-07,6.578530928891269e-07
TCGA:BRCA:TCGA-C8-A12T-01,BRCA,BRCA,0.9999998211860657,9.119187893702474e-08,6.602103752584298e-08,4.209709558722352e-08
TCGA:BRCA:TCGA-C8-A12U-01,BRCA,BRCA,0.9999945759773254,1.8574418163552764e-06,8.445868502349185e-07,2.746107611528714e-06
TCGA:BRCA:TCGA-C8-A12V-01,BRCA,BRCA,0.9999998807907104,3.213443733329768e-08,6.523659124013648e-08,5.09715185614823e-08
TCGA:BRCA:TCGA-C8-A12W-01,BRCA,BRCA,0.9994257092475891,0.00013285332533996552,0.00012479232100304216,0.0003166471142321825
TCGA:BRCA:TCGA-C8-A12X-01,BRCA,BRCA,0.9999533891677856,1.3129692888469435e-05,1.1806708243966568e-05,2.169177787436638e-05
TCGA:BRCA:TCGA-C8-A12Y-01,BRCA,BRCA,0.9999563097953796,1.3137283531250432e-05,1.5326935681514442e-05,1.5208242984954268e-05
TCGA:BRCA:TCGA-C8-A12Z-01,BRCA,BRCA,0.9999189376831055,1.1876220924023073e-05,1.5359495591837913e-05,5.3850624681217596e-05
TCGA:BRCA:TCGA-C8-A130-01,BRCA,BRCA,1.0,4.087581828571274e-09,1.2039915731065776e-08,9.407679080197795e-09
TCGA:BRCA:TCGA-C8-A131-01,BRCA,BRCA,0.9999417066574097,8.658897968416568e-06,1.4486842701444402e-05,3.516210199450143e-05
TCGA:BRCA:TCGA-C8-A132-01,BRCA,BRCA,0.9999997615814209,9.0131258900783e-08,5.892306020882643e-08,7.20531332376595e-08
TCGA:BRCA:TCGA-C8-A133-01,BRCA,BRCA,0.9983971118927002,0.00020172272343188524,0.00022814901603851467,0.0011729878606274724
TCGA:BRCA:TCGA-C8-A134-01,BRCA,BRCA,0.999427080154419,0.00015796271327417344,0.00025097705656662583,0.00016398496518377215
TCGA:BRCA:TCGA-C8-A135-01,BRCA,BRCA,0.9999998807907104,4.389733021525899e-09,5.101869504642309e-08,4.713141876777627e-08
TCGA:BRCA:TCGA-C8-A137-01,BRCA,BRCA,0.9999122619628906,2.415500239294488e-05,3.428989657550119e-05,2.9320863177417777e-05
TCGA:BRCA:TCGA-C8-A138-01,BRCA,BRCA,0.9999698996543884,1.1745409210561775e-05,1.1029425877495669e-05,7.299042863451177e-06
TCGA:BRCA:TCGA-C8-A1HE-01,BRCA,BRCA,0.9999997615814209,3.927867098241222e-08,3.960747463338521e-08,1.3626443262637622e-07
TCGA:BRCA:TCGA-C8-A1HF-01,BRCA,BRCA,0.9999304413795471,1.744426117511466e-05,2.5013167032739148e-05,2.7121748644276522e-05
TCGA:BRCA:TCGA-C8-A1HG-01,BRCA,BRCA,0.9991384148597717,0.00029059482039883733,0.00037458655424416065,0.00019642697589006275
TCGA:BRCA:TCGA-C8-A1HI-01,BRCA,BRCA,0.9999946355819702,6.624558182011242e-07,2.2622548385697883e-06,2.4186067548725987e-06
TCGA:BRCA:TCGA-C8-A1HJ-01,BRCA,BRCA,0.9999805688858032,1.36279163598374e-06,1.7363159713568166e-05,6.903107419020671e-07
TCGA:BRCA:TCGA-C8-A1HK-01,BRCA,BRCA,0.9999994039535522,4.6579280876812845e-08,1.2031036078496982e-07,4.056783780015394e-07
TCGA:BRCA:TCGA-C8-A1HL-01,BRCA,BRCA,0.9999930262565613,7.883166972533218e-07,7.119282372514135e-07,5.4751963034505025e-06
TCGA:BRCA:TCGA-C8-A1HM-01,BRCA,BRCA,0.9999985694885254,9.288496727322126e-08,3.67271496770627e-07,9.465323387303215e-07
TCGA:BRCA:TCGA-C8-A1HN-01,BRCA,BRCA,0.9999987483024597,1.198668684310178e-07,1.2400303717186034e-07,9.787537464944762e-07
TCGA:BRCA:TCGA-C8-A1HO-01,BRCA,BRCA,0.9999969601631165,6.000827852403745e-07,4.474625256989384e-07,2.0153881905571325e-06
TCGA:BRCA:TCGA-C8-A26V-01,BRCA,BRCA,0.9999992847442627,1.3043560898040596e-07,2.4521079922124045e-07,3.4813047022907995e-07
TCGA:BRCA:TCGA-C8-A26W-01,BRCA,BRCA,0.9994252920150757,0.00018053549865726382,0.0002059273247141391,0.00018826765881385654
TCGA:BRCA:TCGA-C8-A26X-01,BRCA,BRCA,0.9973318576812744,0.000280962121905759,0.00036881701089441776,0.0020183867309242487
TCGA:BRCA:TCGA-C8-A26Y-01,BRCA,BRCA,0.9918756484985352,1.618841997697018e-05,0.00014860906230751425,0.007959543727338314
TCGA:BRCA:TCGA-C8-A26Z-01,BRCA,BRCA,0.9999999403953552,1.4442055551455724e-08,7.817918756813924e-09,3.00354514592982e-08
TCGA:BRCA:TCGA-C8-A273-01,BRCA,BRCA,0.9999994039535522,1.1900465324288234e-07,2.547356245941046e-07,1.9782602578288788e-07
TCGA:BRCA:TCGA-C8-A274-01,BRCA,BRCA,0.9998488426208496,1.2226513717905618e-05,1.285783582716249e-05,0.00012606156815309078
TCGA:BRCA:TCGA-C8-A275-01,BRCA,BRCA,0.9995051622390747,0.00014203226601239294,0.00015728366270195693,0.00019551385776139796
TCGA:BRCA:TCGA-C8-A278-01,BRCA,BRCA,0.9993352890014648,0.00015171497943811119,0.0002214415872003883,0.00029153015930205584
TCGA:BRCA:TCGA-C8-A27A-01,BRCA,BRCA,0.9970099329948425,0.000545334187336266,0.0015726538840681314,0.0008721014601178467
TCGA:BRCA:TCGA-C8-A27B-01,BRCA,BRCA,0.9999911785125732,1.2451707789296051e-06,4.601334694598336e-06,2.9920302040409297e-06
TCGA:BRCA:TCGA-C8-A3M7-01,BRCA,BRCA,0.9999986886978149,2.763285920082126e-07,3.041629668132373e-07,7.165824627008988e-07
TCGA:BRCA:TCGA-C8-A3M8-01,BRCA,BRCA,0.9995584487915039,0.00010713892697822303,0.00011970847117481753,0.0002147036138921976
TCGA:BRCA:TCGA-C8-A8HP-01,BRCA,BRCA,0.9999992251396179,3.778245982744011e-08,1.1798528731787883e-07,6.087278165978205e-07
TCGA:BRCA:TCGA-C8-A8HQ-01,BRCA,BRCA,0.9999232292175293,2.5072404241655022e-05,1.7709529856801964e-05,3.397947148187086e-05
TCGA:BRCA:TCGA-C8-A8HR-01,BRCA,BRCA,0.9999991655349731,8.456375866217059e-08,6.585362939404149e-07,8.182480826235405e-08
TCGA:BRCA:TCGA-D8-A13Y-01,BRCA,BRCA,0.9985210299491882,0.0003344276046846062,0.0005641158204525709,0.000580408435780555
TCGA:BRCA:TCGA-D8-A13Z-01,BRCA,BRCA,0.9994646906852722,1.1286171684332658e-05,0.00013800150190945715,0.0003859918797388673
TCGA:BRCA:TCGA-D8-A140-01,BRCA,BRCA,0.9999995827674866,1.2258840342838084e-07,7.43188124374683e-08,2.003608443601479e-07
TCGA:BRCA:TCGA-D8-A141-01,BRCA,BRCA,0.9999994039535522,2.33130961646566e-07,1.2004124982922804e-07,2.539665899803367e-07
TCGA:BRCA:TCGA-D8-A142-01,BRCA,BRCA,0.9999997615814209,3.7831188848258535e-08,1.227407295800731e-07,8.425022457458908e-08
TCGA:BRCA:TCGA-D8-A143-01,BRCA,BRCA,0.9899735450744629,0.0008135431562550366,0.004543168004602194,0.004669717978686094
TCGA:BRCA:TCGA-D8-A145-01,BRCA,BRCA,0.9999986290931702,1.89783207815708e-07,3.691838514896517e-07,8.254306749222451e-07
TCGA:BRCA:TCGA-D8-A147-01,BRCA,BRCA,0.9993078112602234,0.00024537628632970154,0.00028650497552007437,0.0001602831034688279
TCGA:BRCA:TCGA-D8-A1J8-01,BRCA,BRCA,0.9999986886978149,1.794434467683459e-07,8.472580930174445e-07,2.959646678846184e-07
TCGA:BRCA:TCGA-D8-A1J9-01,BRCA,BRCA,0.9982649087905884,0.00019431018154136837,0.0002142137527698651,0.0013265646994113922
TCGA:BRCA:TCGA-D8-A1JA-01,BRCA,BRCA,0.9951041340827942,0.0003636315232142806,0.0005940296105109155,0.003938206471502781
TCGA:BRCA:TCGA-D8-A1JB-01,BRCA,BRCA,0.9999990463256836,2.437768387153483e-07,2.051374110578763e-07,5.100609428154712e-07
TCGA:BRCA:TCGA-D8-A1JC-01,BRCA,BRCA,0.9995983242988586,0.00013309750647749752,0.000155274014105089,0.00011332103167660534
TCGA:BRCA:TCGA-D8-A1JD-01,BRCA,BRCA,0.9996724724769592,9.90555708995089e-05,9.25421409192495e-05,0.00013591347669716924
TCGA:BRCA:TCGA-D8-A1JE-01,BRCA,BRCA,0.9999042749404907,1.4020068192621693e-05,1.5996711226762272e-05,6.572241545654833e-05
TCGA:BRCA:TCGA-D8-A1JF-01,BRCA,BRCA,0.999958336353302,2.0301577023928985e-06,2.8028814540448366e-06,3.6802124668611214e-05
TCGA:BRCA:TCGA-D8-A1JG-01,BRCA,BRCA,0.9999955296516418,1.2028215223836014e-06,1.266126901100506e-06,2.0037864487676416e-06
TCGA:BRCA:TCGA-D8-A1JH-01,BRCA,BRCA,0.9999997615814209,4.27012594172993e-08,1.2454590603283577e-07,6.074665037658633e-08
TCGA:BRCA:TCGA-D8-A1JI-01,BRCA,BRCA,0.9999886155128479,1.027902158057259e-06,5.575565182880382e-07,9.778877029020805e-06
TCGA:BRCA:TCGA-D8-A1JJ-01,BRCA,BRCA,0.999999463558197,3.043076191033833e-08,3.8275317137959064e-08,4.840462679567281e-07
TCGA:BRCA:TCGA-D8-A1JK-01,BRCA,BRCA,0.9998434782028198,5.164208232599776e-06,1.913557389343623e-05,0.00013221368135418743
TCGA:BRCA:TCGA-D8-A1JL-01,BRCA,BRCA,0.9999995231628418,1.3517825436792918e-07,2.8667830065387534e-07,7.566406878822818e-08
TCGA:BRCA:TCGA-D8-A1JM-01,BRCA,BRCA,0.9996795654296875,7.108251156751066e-05,8.832673483993858e-05,0.00016104798123706132
TCGA:BRCA:TCGA-D8-A1JN-01,BRCA,BRCA,0.9994433522224426,0.00015006509784143418,0.00011087646998930722,0.0002956917742267251
TCGA:BRCA:TCGA-D8-A1JP-01,BRCA,BRCA,0.999933660030365,3.7633984902640805e-05,1.690865792625118e-05,1.1804706446127966e-05
TCGA:BRCA:TCGA-D8-A1JS-01,BRCA,BRCA,0.9999973773956299,1.1144270501972642e-06,2.9016680969107256e-07,1.1927180594284437e-06
TCGA:BRCA:TCGA-D8-A1JT-01,BRCA,BRCA,0.9999315142631531,2.1054642274975777e-05,2.294670593983028e-05,2.4492121156072244e-05
TCGA:BRCA:TCGA-D8-A1JU-01,BRCA,BRCA,0.9999999403953552,1.7065351798351003e-08,8.950746810398869e-09,1.1722921300361122e-08
TCGA:BRCA:TCGA-D8-A1X5-01,BRCA,BRCA,0.9999991059303284,2.3670260418384714e-08,1.1542467426295389e-08,8.821131132208393e-07
TCGA:BRCA:TCGA-D8-A1X6-01,BRCA,BRCA,0.99941086769104,0.00014004763215780258,0.0001332016399828717,0.0003158916370011866
TCGA:BRCA:TCGA-D8-A1X7-01,BRCA,BRCA,0.9999992251396179,1.4661489444733888e-07,8.277461205352665e-08,5.64962192584062e-07
TCGA:BRCA:TCGA-D8-A1X8-01,BRCA,BRCA,0.9999680519104004,8.966177119873464e-06,1.2300482012506109e-05,1.0706212378863711e-05
TCGA:BRCA:TCGA-D8-A1X9-01,BRCA,BRCA,0.9999998807907104,1.535836524624301e-08,2.2907995500531797e-08,5.454181462027918e-08
TCGA:BRCA:TCGA-D8-A1XA-01,BRCA,BRCA,0.9999989867210388,2.717117411066283e-07,2.2246318565066758e-07,5.131180955686432e-07
TCGA:BRCA:TCGA-D8-A1XB-01,BRCA,BRCA,0.9999678730964661,1.0047158866655082e-05,1.162491571449209e-05,1.0427749657537788e-05
TCGA:BRCA:TCGA-D8-A1XC-01,BRCA,BRCA,0.999998152256012,3.1770352393323265e-07,3.9669583884460735e-07,1.155861127699609e-06
TCGA:BRCA:TCGA-D8-A1XD-01,BRCA,BRCA,0.9998463988304138,2.6689072910812683e-05,9.794755169423297e-05,2.898855018429458e-05
TCGA:BRCA:TCGA-D8-A1XF-01,BRCA,BRCA,0.999890148639679,3.9890161133371294e-05,2.6446899937582202e-05,4.3519685277715325e-05
TCGA:BRCA:TCGA-D8-A1XG-01,BRCA,BRCA,0.9999971985816956,7.160149380069925e-07,1.4118800208962057e-06,6.694296530440624e-07
TCGA:BRCA:TCGA-D8-A1XJ-01,BRCA,BRCA,0.9982139468193054,0.0001870224077720195,0.00020769936963915825,0.0013913227012380958
TCGA:BRCA:TCGA-D8-A1XK-01,BRCA,BRCA,0.9997515082359314,3.614763045334257e-05,0.00013252429198473692,7.981012458913028e-05
TCGA:BRCA:TCGA-D8-A1XL-01,BRCA,BRCA,0.9999269247055054,2.062119892798364e-05,2.796877561195288e-05,2.4497139747836627e-05
TCGA:BRCA:TCGA-D8-A1XM-01,BRCA,BRCA,0.9999991655349731,3.0968257647145947e-07,2.4528370090592944e-07,3.0299824516077933e-07
TCGA:BRCA:TCGA-D8-A1XO-01,BRCA,BRCA,0.9999643564224243,9.01559178601019e-06,9.7734364317148e-06,1.686915311438497e-05
TCGA:BRCA:TCGA-D8-A1XQ-01,BRCA,BRCA,0.9996815323829651,5.623303150059655e-05,0.00012249757128302008,0.0001397438463754952
TCGA:BRCA:TCGA-D8-A1XR-01,BRCA,BRCA,0.999998927116394,2.8360076953504176e-07,1.9993223077108269e-07,6.058209578441165e-07
TCGA:BRCA:TCGA-D8-A1XS-01,BRCA,BRCA,0.9991722106933594,0.0002565781760495156,0.00024431126075796783,0.00032689730869606137
TCGA:BRCA:TCGA-D8-A1XT-01,BRCA,BRCA,0.9999964237213135,3.185698744800902e-07,5.254314032754337e-07,2.7251387564319884e-06
TCGA:BRCA:TCGA-D8-A1XU-01,BRCA,BRCA,0.9999272227287292,1.2167630302428734e-05,1.8755183191387914e-05,4.1833271097857505e-05
TCGA:BRCA:TCGA-D8-A1XV-01,BRCA,BRCA,0.9992648959159851,0.0001926432887557894,0.0001790138048818335,0.0003634527383837849
TCGA:BRCA:TCGA-D8-A1XW-01,BRCA,BRCA,0.9999988079071045,6.002672989779967e-07,3.05190781091369e-07,3.07151822198648e-07
TCGA:BRCA:TCGA-D8-A1XY-01,BRCA,BRCA,0.9999638199806213,1.2220297321619e-05,1.1936129340028856e-05,1.2033744496875443e-05
TCGA:BRCA:TCGA-D8-A1XZ-01,BRCA,BRCA,0.999531626701355,0.00013399253657553345,0.00013334561663214117,0.00020102458074688911
TCGA:BRCA:TCGA-D8-A1Y0-01,BRCA,BRCA,0.9999998211860657,5.3440121661196827e-08,8.240743909482262e-08,6.604866342740934e-08
TCGA:BRCA:TCGA-D8-A1Y1-01,BRCA,BRCA,0.9999990463256836,1.9153851837927505e-07,1.0073544132183088e-07,6.585799496861e-07
TCGA:BRCA:TCGA-D8-A1Y2-01,BRCA,BRCA,0.9999986290931702,1.5945191478294873e-07,1.356963394982813e-07,1.085294002223236e-06
TCGA:BRCA:TCGA-D8-A1Y3-01,BRCA,BRCA,0.9979475736618042,0.0005080277915112674,0.0005205684574320912,0.0010238206014037132
TCGA:BRCA:TCGA-D8-A27E-01,BRCA,BRCA,0.9999997615814209,1.4794603764300973e-08,1.4001829029552937e-08,2.1716435583130078e-07
TCGA:BRCA:TCGA-D8-A27F-01,BRCA,BRCA,0.9999991059303284,3.802127253038634e-07,2.136657855089652e-07,2.717710572142096e-07
TCGA:BRCA:TCGA-D8-A27G-01,BRCA,BRCA,0.9988259077072144,0.0008578776032663882,0.0001227727043442428,0.0001934337051352486
TCGA:BRCA:TCGA-D8-A27H-01,BRCA,BRCA,0.999980628490448,1.4868057405692525e-05,1.2422385680110892e-06,3.232622702853405e-06
TCGA:BRCA:TCGA-D8-A27I-01,BRCA,BRCA,0.9999999403953552,1.679130079423885e-08,1.484759870606922e-08,1.358429102538139e-08
TCGA:BRCA:TCGA-D8-A27K-01,BRCA,BRCA,0.9999997019767761,5.831148897073035e-08,5.383115819768136e-08,2.124470910302989e-07
TCGA:BRCA:TCGA-D8-A27L-01,BRCA,BRCA,0.9999990463256836,3.74765079413919e-07,2.1941308148143435e-07,3.794479539465101e-07
TCGA:BRCA:TCGA-D8-A27M-01,BRCA,BRCA,0.9999117255210876,1.942997369042132e-05,3.352696148795076e-05,3.5290744563099e-05
TCGA:BRCA:TCGA-D8-A27N-01,BRCA,BRCA,0.9999996423721313,7.292119619251025e-08,6.036179200918923e-08,2.1321019971765054e-07
TCGA:BRCA:TCGA-D8-A27P-01,BRCA,BRCA,0.9996877908706665,0.00012220580538269132,9.549187234370038e-05,9.448474156670272e-05
TCGA:BRCA:TCGA-D8-A27R-01,BRCA,BRCA,0.9995560646057129,0.00010794957051984966,0.00016232092457357794,0.0001736668054945767
TCGA:BRCA:TCGA-D8-A27T-01,BRCA,BRCA,0.9996950030326843,9.096138819586486e-05,8.12930884421803e-05,0.00013272554497234523
TCGA:BRCA:TCGA-D8-A27V-01,BRCA,BRCA,0.9999998807907104,5.55563701709616e-08,6.645634265112221e-09,2.75051057485598e-08
TCGA:BRCA:TCGA-D8-A27W-01,BRCA,BRCA,0.9998957514762878,1.831912413763348e-05,3.3880842238431796e-05,5.203182445256971e-05
TCGA:BRCA:TCGA-D8-A3Z5-01,BRCA,BRCA,0.9995540976524353,9.914656402543187e-05,0.00011757080937968567,0.00022915999579709023
TCGA:BRCA:TCGA-D8-A3Z6-01,BRCA,BRCA,0.9999997615814209,7.516805311524877e-08,5.3927408316667425e-08,1.0837206332325877e-07
TCGA:BRCA:TCGA-D8-A4Z1-01,BRCA,BRCA,0.9999480843544006,1.1133829502796289e-05,2.5094344891840592e-05,1.5701089068898e-05
TCGA:BRCA:TCGA-D8-A73U-01,BRCA,BRCA,0.9990297555923462,3.684179318952374e-05,3.8625323213636875e-05,0.000894768163561821
TCGA:BRCA:TCGA-D8-A73W-01,BRCA,BRCA,0.9993133544921875,0.00013917834439780563,0.00015989817620720714,0.000387587962904945
TCGA:BRCA:TCGA-D8-A73X-01,BRCA,BRCA,0.9999683499336243,9.231172953150235e-06,1.2551515283121262e-05,9.878522178041749e-06
TCGA:BRCA:TCGA-E2-A105-01,BRCA,BRCA,0.9996028542518616,0.0001213363793794997,0.00014738824393134564,0.00012843124568462372
TCGA:BRCA:TCGA-E2-A107-01,BRCA,BRCA,0.9999989867210388,2.369626201925712e-07,1.3874242199563014e-07,6.280496336330543e-07
TCGA:BRCA:TCGA-E2-A108-01,BRCA,BRCA,0.9999997019767761,8.932743611467231e-08,1.1937775923342997e-07,1.1619943762752882e-07
TCGA:BRCA:TCGA-E2-A109-01,BRCA,BRCA,0.9999999403953552,1.1497756524647684e-08,2.3597701570565732e-08,2.084918371281219e-08
TCGA:BRCA:TCGA-E2-A10A-01,BRCA,BRCA,0.9999997019767761,9.552701740744851e-09,9.659999022915144e-09,2.589368364169786e-07
TCGA:BRCA:TCGA-E2-A10B-01,BRCA,BRCA,0.9999997615814209,5.4211120925629075e-08,6.159137200256737e-08,1.331089976019939e-07
TCGA:BRCA:TCGA-E2-A10C-01,BRCA,BRCA,0.9999974370002747,5.446327122626826e-07,2.667908347575576e-07,1.730589701764984e-06
TCGA:BRCA:TCGA-E2-A10E-01,BRCA,BRCA,0.9999989867210388,2.3136348659136274e-07,2.2302199909063347e-07,5.427551172942913e-07
TCGA:BRCA:TCGA-E2-A10F-01,BRCA,BRCA,0.9999651312828064,1.0047385330835823e-05,1.5006492503744084e-05,9.824396329349838e-06
TCGA:BRCA:TCGA-E2-A14N-01,BRCA,BRCA,0.9999992847442627,8.811388596541292e-08,4.830731654692499e-07,1.1557553847296731e-07
TCGA:BRCA:TCGA-E2-A14O-01,BRCA,BRCA,0.9999991059303284,1.0988811993684067e-07,9.08475996652669e-08,6.862669579277281e-07
TCGA:BRCA:TCGA-E2-A14P-01,BRCA,BRCA,0.9999969601631165,4.963350193065708e-07,1.5106082855709246e-06,1.0500350526854163e-06
TCGA:BRCA:TCGA-E2-A14Q-01,BRCA,BRCA,0.9999992251396179,2.1252604653909657e-07,1.5490981297716644e-07,4.068116652433673e-07
TCGA:BRCA:TCGA-E2-A14R-01,BRCA,BRCA,0.9999979734420776,3.848393532734917e-07,3.133318102754856e-07,1.3328493650988094e-06
TCGA:BRCA:TCGA-E2-A14S-01,BRCA,BRCA,0.9999999403953552,8.95536445000289e-09,5.682430526121607e-09,2.0815132728557728e-08
TCGA:BRCA:TCGA-E2-A14T-01,BRCA,BRCA,0.9995759725570679,0.00010406173532828689,0.00012292416067793965,0.00019704396254383028
TCGA:BRCA:TCGA-E2-A14U-01,BRCA,BRCA,0.9999307990074158,1.4386872862814926e-05,3.519550591590814e-05,1.96171022253111e-05
TCGA:BRCA:TCGA-E2-A14V-01,BRCA,BRCA,0.9999993443489075,3.0125823968774057e-07,2.4092409489639977e-07,1.351989311615398e-07
TCGA:BRCA:TCGA-E2-A14W-01,BRCA,BRCA,0.9999672174453735,1.4449110494751949e-05,3.018274355781614e-06,1.5314244592445903e-05
TCGA:BRCA:TCGA-E2-A14X-01,BRCA,BRCA,0.9998708367347717,3.933261541533284e-05,4.9266862333752215e-05,4.0538689063396305e-05
TCGA:BRCA:TCGA-E2-A14Y-01,BRCA,BRCA,0.9933579564094543,0.0033306400291621685,0.002839459339156747,0.00047195085790008307
TCGA:BRCA:TCGA-E2-A14Z-01,BRCA,BRCA,0.9999532103538513,1.0888346878346056e-05,1.347526631434448e-05,2.2435704522649758e-05
TCGA:BRCA:TCGA-E2-A150-01,BRCA,BRCA,0.9999440908432007,5.183624580240576e-06,4.7254023229470477e-05,3.4632901133591076e-06
TCGA:BRCA:TCGA-E2-A152-01,BRCA,BRCA,0.9999992847442627,1.233294710800692e-07,1.8425397740884364e-07,3.9548842778458493e-07
TCGA:BRCA:TCGA-E2-A153-01,BRCA,BRCA,0.9995594620704651,0.00010879382898565382,9.020075958687812e-05,0.00024153481354005635
TCGA:BRCA:TCGA-E2-A154-01,BRCA,BRCA,0.9996140599250793,0.00011614972754614428,0.00011952801287407055,0.00015025591710582376
TCGA:BRCA:TCGA-E2-A155-01,BRCA,BRCA,0.999963104724884,1.0681320418370888e-05,1.271203927899478e-05,1.3479111657943577e-05
TCGA:BRCA:TCGA-E2-A156-01,BRCA,BRCA,0.9999999403953552,8.149080521491214e-09,9.834852932044669e-09,4.0998447303763896e-08
TCGA:BRCA:TCGA-E2-A158-01,BRCA,BRCA,0.9999972581863403,8.328991043526912e-07,9.038811299433291e-07,9.759074828252778e-07
TCGA:BRCA:TCGA-E2-A159-01,BRCA,BRCA,0.997944176197052,0.0008211614331230521,0.0007914514280855656,0.00044320005690678954
TCGA:BRCA:TCGA-E2-A15A-01,BRCA,BRCA,0.9999995231628418,6.833371202219496e-08,2.033306145676761e-07,1.831895701798203e-07
TCGA:BRCA:TCGA-E2-A15C-01,BRCA,BRCA,0.9999997019767761,2.1860500964976382e-07,2.8936343099417172e-08,3.8844785166247675e-08
TCGA:BRCA:TCGA-E2-A15D-01,BRCA,BRCA,0.9999998807907104,4.490059879458386e-09,5.6252593694239295e-09,1.1633661500809467e-07
TCGA:BRCA:TCGA-E2-A15E-01,BRCA,BRCA,0.999998927116394,3.0131280936984695e-07,4.683962799845176e-07,3.0942388207222393e-07
TCGA:BRCA:TCGA-E2-A15F-01,BRCA,BRCA,0.9999999403953552,3.3315106229281355e-09,4.6204220893741876e-08,2.7080931275236253e-08
TCGA:BRCA:TCGA-E2-A15G-01,BRCA,BRCA,0.9996561408042908,0.00010755640687420964,8.629009244032204e-05,0.00015002978034317493
TCGA:BRCA:TCGA-E2-A15H-01,BRCA,BRCA,0.9996593594551086,0.00011509691830724478,0.00010556692723184824,0.0001199942416860722
TCGA:BRCA:TCGA-E2-A15I-01,BRCA,BRCA,0.9999682307243347,1.0076245416712482e-05,1.0607672265905421e-05,1.1056084076699335e-05
TCGA:BRCA:TCGA-E2-A15J-01,BRCA,BRCA,0.9999988675117493,1.9148589558426465e-07,2.2478251082702627e-07,7.310968612728175e-07
TCGA:BRCA:TCGA-E2-A15K-01,BRCA,BRCA,0.9993716478347778,0.0002632253454066813,0.00011320591147523373,0.0002519385307095945
TCGA:BRCA:TCGA-E2-A15L-01,BRCA,BRCA,0.9999998211860657,4.413583809537158e-08,4.365445960274883e-08,8.776061832804771e-08
TCGA:BRCA:TCGA-E2-A15M-01,BRCA,BRCA,0.9999414086341858,1.0454429684614297e-05,1.6505546227563173e-05,3.1652252800995484e-05
TCGA:BRCA:TCGA-E2-A15O-01,BRCA,BRCA,0.9996164441108704,0.00011936489318031818,9.920940647134557e-05,0.00016496835451107472
TCGA:BRCA:TCGA-E2-A15P-01,BRCA,BRCA,0.9999990463256836,2.362197335514793e-07,1.252877837032429e-07,5.818901058773918e-07
TCGA:BRCA:TCGA-E2-A15R-01,BRCA,BRCA,1.0,9.004947010282649e-09,6.887285852741343e-09,1.0190637667051305e-08
TCGA:BRCA:TCGA-E2-A15S-01,BRCA,BRCA,0.9999998807907104,1.8064136853013224e-08,2.6766754146478888e-08,6.253399931210879e-08
TCGA:BRCA:TCGA-E2-A15T-01,BRCA,BRCA,0.9999439120292664,1.6560843505430967e-05,1.5710847947048023e-05,2.3787062673363835e-05
TCGA:BRCA:TCGA-E2-A1AZ-01,BRCA,BRCA,0.9999998807907104,3.5276872978329266e-08,9.324084970785407e-08,1.585459230568631e-08
TCGA:BRCA:TCGA-E2-A1B0-01,BRCA,BRCA,0.999528169631958,0.00012242225056979805,0.00016310575301758945,0.00018632331921253353
TCGA:BRCA:TCGA-E2-A1B1-01,BRCA,BRCA,0.9994602203369141,0.00011111678031738847,0.00020807137480005622,0.00022061473282519728
TCGA:BRCA:TCGA-E2-A1B4-01,BRCA,BRCA,0.999671995639801,0.00010296685650246218,8.99961160030216e-05,0.00013502048386726528
TCGA:BRCA:TCGA-E2-A1B5-01,BRCA,BRCA,0.9999979138374329,5.150761239747226e-07,8.957088653005485e-07,6.992334533606481e-07
TCGA:BRCA:TCGA-E2-A1B6-01,BRCA,BRCA,0.9999973773956299,2.1251014459267026e-06,4.3455210629872454e-07,9.053800198444151e-08
TCGA:BRCA:TCGA-E2-A1BC-01,BRCA,BRCA,0.9999999403953552,1.17995782034086e-08,1.1778109154647609e-08,1.4251900104511606e-08
TCGA:BRCA:TCGA-E2-A1BD-01,BRCA,BRCA,1.0,1.0158391461345673e-08,2.630325290908786e-09,1.3397122522462723e-08
TCGA:BRCA:TCGA-E2-A1IE-01,BRCA,BRCA,0.9999656677246094,1.1153630111948587e-05,1.00240322353784e-05,1.317658279731404e-05
TCGA:BRCA:TCGA-E2-A1IF-01,BRCA,BRCA,0.999965250492096,1.0762192687252536e-05,8.159683602571022e-06,1.583707853569649e-05
TCGA:BRCA:TCGA-E2-A1IG-01,BRCA,BRCA,0.9998551607131958,4.4339314626995474e-05,6.652904266957194e-05,3.397904583835043e-05
TCGA:BRCA:TCGA-E2-A1IH-01,BRCA,BRCA,0.9999527335166931,1.046413672156632e-05,1.7011423551593907e-05,1.9819339286186732e-05
TCGA:BRCA:TCGA-E2-A1II-01,BRCA,BRCA,0.9660390019416809,0.001822153921239078,0.026176394894719124,0.005962471477687359
TCGA:BRCA:TCGA-E2-A1IJ-01,BRCA,BRCA,0.9994171261787415,0.00011522672139108181,0.0001358495355816558,0.00033177671139128506
TCGA:BRCA:TCGA-E2-A1IK-01,BRCA,BRCA,0.9999980330467224,3.9754687009008194e-07,2.8515577810139803e-07,1.2978618997294689e-06
TCGA:BRCA:TCGA-E2-A1IL-01,BRCA,BRCA,0.9999999403953552,6.825418896738711e-09,1.7273121599714614e-08,6.007499386839754e-09
TCGA:BRCA:TCGA-E2-A1IN-01,BRCA,BRCA,0.9999595880508423,1.1321001693431754e-05,1.8624812582856975e-05,1.0464413207955658e-05
TCGA:BRCA:TCGA-E2-A1IO-01,BRCA,BRCA,0.9999676942825317,1.1810676369350404e-05,8.940033694671001e-06,1.1574118616408668e-05
TCGA:BRCA:TCGA-E2-A1IU-01,BRCA,BRCA,0.9999997615814209,4.508618189902336e-08,4.8880295366870996e-08,1.2698983198333735e-07
TCGA:BRCA:TCGA-E2-A1L6-01,BRCA,BRCA,0.9999701380729675,9.143050192506053e-06,1.035622972267447e-05,1.0379802915849723e-05
TCGA:BRCA:TCGA-E2-A1L7-01,BRCA,BRCA,0.9999998807907104,2.163110757180675e-08,7.1473841956049e-08,3.029428441436721e-08
TCGA:BRCA:TCGA-E2-A1L8-01,BRCA,BRCA,0.999998927116394,4.535240520908701e-07,2.0490047347720974e-07,4.2860128246502427e-07
TCGA:BRCA:TCGA-E2-A1L9-01,BRCA,BRCA,0.9997040629386902,9.219523053616285e-05,0.00010101934458361939,0.00010272060171701014
TCGA:BRCA:TCGA-E2-A1LA-01,BRCA,BRCA,0.999946653842926,2.0084988136659376e-05,1.6147538190125488e-05,1.7135704183601774e-05
TCGA:BRCA:TCGA-E2-A1LB-01,BRCA,BRCA,0.9982881546020508,0.0002301043423358351,0.00015024642925709486,0.0013315225951373577
TCGA:BRCA:TCGA-E2-A1LE-01,BRCA,BRCA,0.9995980262756348,0.00010156457574339584,0.00012561246694531292,0.0001747727656038478
TCGA:BRCA:TCGA-E2-A1LG-01,BRCA,BRCA,0.9867174029350281,0.004813519772142172,0.005928381811827421,0.00254071899689734
TCGA:BRCA:TCGA-E2-A1LH-01,BRCA,BRCA,0.9997013807296753,3.545689833117649e-05,0.00023902238172013313,2.415670132904779e-05
TCGA:BRCA:TCGA-E2-A1LI-01,BRCA,BRCA,0.9999200105667114,2.0163073713774793e-05,3.940595706808381e-05,2.0422005036380142e-05
TCGA:BRCA:TCGA-E2-A1LK-01,BRCA,BRCA,0.9999926686286926,5.30411807631026e-06,1.816833787415817e-06,2.0076032569704694e-07
TCGA:BRCA:TCGA-E2-A1LL-01,BRCA,BRCA,0.9418845772743225,0.026017364114522934,0.030130192637443542,0.001967872492969036
TCGA:BRCA:TCGA-E2-A1LS-01,BRCA,BRCA,0.9999992251396179,1.468710451035804e-07,2.32089689689019e-07,3.8552784076273383e-07
TCGA:BRCA:TCGA-E2-A2P5-01,BRCA,BRCA,0.9999993443489075,2.0619468443783262e-07,1.670085367777574e-07,2.6732539026852464e-07
TCGA:BRCA:TCGA-E2-A2P6-01,BRCA,BRCA,0.9999991655349731,2.2508780617158664e-08,2.4651059860048008e-08,7.65042955208628e-07
TCGA:BRCA:TCGA-E2-A3DX-01,BRCA,BRCA,0.9999681115150452,9.589506589691155e-06,1.2130507457186468e-05,1.0183612175751477e-05
TCGA:BRCA:TCGA-E2-A56Z-01,BRCA,BRCA,0.9999980926513672,3.584638079701108e-07,3.1998490612750174e-07,1.2288206789889955e-06
TCGA:BRCA:TCGA-E2-A570-01,BRCA,BRCA,0.9999991059303284,3.7428705468300905e-07,1.7926249995525723e-07,3.580388465707074e-07
TCGA:BRCA:TCGA-E2-A573-01,BRCA,BRCA,0.9999954104423523,8.360262313544808e-07,2.6549803351372248e-06,1.1165162732140743e-06
TCGA:BRCA:TCGA-E2-A574-01,BRCA,BRCA,0.9513185024261475,0.022946879267692566,0.015497035346925259,0.010237573646008968
TCGA:BRCA:TCGA-E2-A576-01,BRCA,BRCA,0.999999463558197,1.5141696962928108e-07,2.22221359535979e-07,1.4577682350136456e-07
TCGA:BRCA:TCGA-E2-A9RU-01,BRCA,BRCA,0.9999998807907104,3.269588688681324e-08,9.565953362766777e-09,5.157934168664724e-08
TCGA:BRCA:TCGA-E9-A1N3-01,BRCA,BRCA,0.9998875856399536,1.5289113434846513e-05,2.6302044716430828e-05,7.083835953380913e-05
TCGA:BRCA:TCGA-E9-A1N4-01,BRCA,BRCA,0.9999957084655762,3.2208765787800075e-07,3.308011571334646e-07,3.6598939914256334e-06
TCGA:BRCA:TCGA-E9-A1N5-01,BRCA,BRCA,0.9999995231628418,9.170852166562327e-08,8.325010725229731e-08,3.1581691928295186e-07
TCGA:BRCA:TCGA-E9-A1N6-01,BRCA,BRCA,0.9999998807907104,1.5601878899929034e-08,2.0432091574207334e-08,7.63388783298069e-08
TCGA:BRCA:TCGA-E9-A1N8-01,BRCA,BRCA,0.9999892711639404,1.9116789644613164e-06,7.039734555291943e-06,1.765217234606098e-06
TCGA:BRCA:TCGA-E9-A1N9-01,BRCA,BRCA,0.9999998211860657,5.5463381443132675e-08,7.251444600342438e-08,4.4433409840394233e-08
TCGA:BRCA:TCGA-E9-A1NA-01,BRCA,BRCA,0.9997460842132568,5.467902519740164e-05,0.00010703609586926177,9.222841617884114e-05
TCGA:BRCA:TCGA-E9-A1NC-01,BRCA,BRCA,0.9999495148658752,4.2432853661011904e-05,4.738165898743318e-06,3.3088861073338194e-06
TCGA:BRCA:TCGA-E9-A1ND-01,BRCA,BRCA,0.9993952512741089,8.370201248908415e-05,0.0004960945225320756,2.4932825908763334e-05
TCGA:BRCA:TCGA-E9-A1NE-01,BRCA,BRCA,0.9999586939811707,1.2561120456666686e-05,1.5165795048233122e-05,1.355802669422701e-05
TCGA:BRCA:TCGA-E9-A1NF-01,BRCA,BRCA,0.9999993443489075,2.4424036837444874e-07,1.3449430014134123e-07,2.794993747556873e-07
TCGA:BRCA:TCGA-E9-A1NG-01,BRCA,BRCA,0.999998152256012,4.1306026332676993e-07,5.968705352188408e-08,1.3799394764646422e-06
TCGA:BRCA:TCGA-E9-A1NH-01,BRCA,BRCA,0.999998927116394,2.2576207925339986e-07,2.249979189627993e-07,6.490275836767978e-07
TCGA:BRCA:TCGA-E9-A1NI-01,BRCA,BRCA,0.9999998807907104,6.424574205965428e-09,4.2502086294859964e-09,8.646888005614528e-08
TCGA:BRCA:TCGA-E9-A1QZ-01,BRCA,BRCA,0.9999483227729797,1.1504058420541696e-05,1.807239641493652e-05,2.2108682969701476e-05
TCGA:BRCA:TCGA-E9-A1R0-01,BRCA,BRCA,0.9999997019767761,8.780774152228332e-08,9.509872711532807e-08,1.1488589990449327e-07
TCGA:BRCA:TCGA-E9-A1R2-01,BRCA,BRCA,0.9999999403953552,4.834639355522086e-09,1.9122516903280484e-08,1.034520114018278e-08
TCGA:BRCA:TCGA-E9-A1R3-01,BRCA,BRCA,0.9999995231628418,3.0149795549050395e-08,4.62579947679842e-08,3.9101072957237193e-07
TCGA:BRCA:TCGA-E9-A1R4-01,BRCA,BRCA,0.9999997019767761,6.965139220937999e-08,1.194538867821393e-07,9.02812473668746e-08
TCGA:BRCA:TCGA-E9-A1R5-01,BRCA,BRCA,0.9999988079071045,2.527466449464555e-07,3.7036406297374924e-07,5.656789312524779e-07
TCGA:BRCA:TCGA-E9-A1R6-01,BRCA,BRCA,0.9999985098838806,4.846154411097814e-07,3.694921417718433e-07,6.298791390690894e-07
TCGA:BRCA:TCGA-E9-A1R7-01,BRCA,BRCA,1.0,7.284757685965815e-09,7.891598485798568e-09,1.2243283720181353e-08
TCGA:BRCA:TCGA-E9-A1RA-01,BRCA,BRCA,1.0,4.285337418252766e-09,7.96812571479677e-09,1.1173381331275323e-08
TCGA:BRCA:TCGA-E9-A1RB-01,BRCA,BRCA,0.9999997019767761,3.5175313772839445e-09,1.3537148291220547e-08,2.878799705285928e-07
TCGA:BRCA:TCGA-E9-A1RC-01,BRCA,BRCA,0.9999995231628418,5.678276515652669e-09,7.30052951425364e-09,4.7580965656379703e-07
TCGA:BRCA:TCGA-E9-A1RD-01,BRCA,BRCA,0.9999626278877258,1.032800446409965e-05,9.741040230437648e-06,1.731550037220586e-05
TCGA:BRCA:TCGA-E9-A1RE-01,BRCA,BRCA,0.9999535083770752,1.2623304428416304e-05,1.3553310964198317e-05,2.0289982785470784e-05
TCGA:BRCA:TCGA-E9-A1RF-01,BRCA,BRCA,0.9999985694885254,4.06618823944882e-07,5.50243726138433e-07,4.448352513009013e-07
TCGA:BRCA:TCGA-E9-A1RG-01,BRCA,BRCA,0.9999998211860657,3.307041041011871e-08,4.214784254941151e-08,1.1770784880127394e-07
TCGA:BRCA:TCGA-E9-A1RH-01,BRCA,BRCA,0.9994142651557922,0.00023357360623776913,0.00012580942711792886,0.0002263369387947023
TCGA:BRCA:TCGA-E9-A1RI-01,BRCA,BRCA,0.9999992251396179,2.540833463626768e-07,2.440143020976393e-07,3.056567834391899e-07
TCGA:BRCA:TCGA-E9-A226-01,BRCA,BRCA,0.9999216794967651,2.3941878680489026e-05,2.5764777092263103e-05,2.859015694411937e-05
TCGA:BRCA:TCGA-E9-A227-01,BRCA,BRCA,0.9999993443489075,4.979303369623267e-08,2.76638388641004e-07,3.55892353809395e-07
TCGA:BRCA:TCGA-E9-A228-01,BRCA,BRCA,0.9999997615814209,1.76435701604305e-08,2.3414511218788903e-08,1.766884025755644e-07
TCGA:BRCA:TCGA-E9-A229-01,BRCA,BRCA,0.9999992251396179,2.4707199486329046e-07,2.0236662123807037e-07,3.1471245165448636e-07
TCGA:BRCA:TCGA-E9-A22A-01,BRCA,BRCA,0.9999975562095642,1.1852681609525462e-06,5.787505301668716e-07,7.077395594023983e-07
TCGA:BRCA:TCGA-E9-A22B-01,BRCA,BRCA,0.9999566078186035,1.0791319255076814e-05,1.173504915641388e-05,2.0885112462565303e-05
TCGA:BRCA:TCGA-E9-A22D-01,BRCA,BRCA,0.9999215006828308,1.5763702322146855e-05,1.9828590666293167e-05,4.291184450266883e-05
TCGA:BRCA:TCGA-E9-A22E-01,BRCA,BRCA,0.9999951720237732,9.790749118110398e-07,3.432188009355741e-07,3.482487500150455e-06
TCGA:BRCA:TCGA-E9-A22G-01,BRCA,BRCA,0.9997615814208984,7.272470975294709e-05,0.00011608176282607019,4.959394209436141e-05
TCGA:BRCA:TCGA-E9-A22H-01,BRCA,BRCA,0.9999992251396179,1.9469349865630647e-07,1.2066256260823138e-07,4.8236910288324e-07
TCGA:BRCA:TCGA-E9-A243-01,BRCA,BRCA,0.9412204623222351,0.00012205288658151403,0.0007330097141675651,0.05792445316910744
TCGA:BRCA:TCGA-E9-A244-01,BRCA,BRCA,0.9999954104423523,3.079124780924758e-06,1.0765098750198376e-06,4.476270305531216e-07
TCGA:BRCA:TCGA-E9-A245-01,BRCA,BRCA,0.9999992251396179,3.500719856219803e-07,2.471333573339507e-07,1.872300572358654e-07
TCGA:BRCA:TCGA-E9-A247-01,BRCA,BRCA,0.9996857047080994,9.905179467750713e-05,9.613425936549902e-05,0.00011909559543710202
TCGA:BRCA:TCGA-E9-A248-01,BRCA,BRCA,0.9999796152114868,7.315949801522947e-07,1.4310880033008289e-05,5.334842171578202e-06
TCGA:BRCA:TCGA-E9-A249-01,BRCA,BRCA,0.9999984502792358,5.706983685627165e-08,5.282487336444319e-08,1.4368946494869306e-06
TCGA:BRCA:TCGA-E9-A24A-01,BRCA,BRCA,0.9999412298202515,1.556624920340255e-05,2.0364706870168447e-05,2.2829786757938564e-05
TCGA:BRCA:TCGA-E9-A295-01,BRCA,BRCA,0.999110996723175,0.0004173386550974101,0.0003280107048340142,0.00014364990056492388
TCGA:BRCA:TCGA-E9-A2JS-01,BRCA,BRCA,0.9999988675117493,4.930396357849531e-07,2.498921389815223e-07,3.621335622483457e-07
TCGA:BRCA:TCGA-E9-A2JT-01,BRCA,BRCA,0.9994731545448303,0.0001509072899352759,0.00019743002485483885,0.00017848667630460113
TCGA:BRCA:TCGA-E9-A3HO-01,BRCA,BRCA,0.9999990463256836,3.486706532385142e-07,1.8649434707640467e-07,3.895798954545171e-07
TCGA:BRCA:TCGA-E9-A3Q9-01,BRCA,BRCA,0.9988552331924438,0.00022196804638952017,0.0002407724387012422,0.0006819971604272723
TCGA:BRCA:TCGA-E9-A3QA-01,BRCA,BRCA,0.999999463558197,2.46588456320751e-07,1.6044357664668496e-07,1.5070128256411408e-07
TCGA:BRCA:TCGA-E9-A3X8-01,BRCA,BRCA,0.999947726726532,2.4658191250637174e-05,1.2575169421324972e-05,1.5062933016452007e-05
TCGA:BRCA:TCGA-E9-A54X-01,BRCA,BRCA,0.9998527765274048,3.348229802213609e-05,4.250398342264816e-05,7.125718548195437e-05
TCGA:BRCA:TCGA-E9-A54Y-01,BRCA,BRCA,0.9981393814086914,0.0017142929136753082,9.715431224321947e-05,4.914879900752567e-05
TCGA:BRCA:TCGA-E9-A5FK-01,BRCA,BRCA,0.999998152256012,7.221020723591209e-07,4.2198715277663723e-07,6.947315682737099e-07
TCGA:BRCA:TCGA-E9-A5FL-01,BRCA,LSCC,0.0007132617756724358,0.03521164879202843,0.9639951586723328,7.992927567102015e-05
TCGA:BRCA:TCGA-E9-A5UO-01,BRCA,BRCA,0.9969045519828796,0.0006165357190184295,0.0005332752480171621,0.0019456596346572042
TCGA:BRCA:TCGA-E9-A5UP-01,BRCA,BRCA,0.9987698197364807,0.0002516407985240221,0.0002715493901632726,0.0007070114370435476
TCGA:BRCA:TCGA-E9-A6HE-01,BRCA,BRCA,0.9999988079071045,3.8921911027500755e-07,2.173978970176904e-07,5.597300400950189e-07
TCGA:BRCA:TCGA-EW-A1IW-01,BRCA,BRCA,0.9999998807907104,5.260045732313756e-09,2.168987478512463e-08,7.552413450184758e-08
TCGA:BRCA:TCGA-EW-A1IX-01,BRCA,BRCA,0.9999997019767761,8.86274023059741e-08,1.2636320434467052e-07,6.627398363434622e-08
TCGA:BRCA:TCGA-EW-A1IY-01,BRCA,BRCA,0.9999996423721313,8.661668005061074e-08,6.513111117101289e-08,2.0322831062458135e-07
TCGA:BRCA:TCGA-EW-A1IZ-01,BRCA,BRCA,0.9999985694885254,6.084951564844232e-07,4.249665437328076e-07,4.0891015373745176e-07
TCGA:BRCA:TCGA-EW-A1J1-01,BRCA,BRCA,0.9999992251396179,2.4038882884269697e-07,1.5016412646673416e-07,3.789546383359266e-07
TCGA:BRCA:TCGA-EW-A1J2-01,BRCA,BRCA,0.9999991059303284,1.6294734450639226e-07,2.2534440802246536e-07,4.781258553521184e-07
TCGA:BRCA:TCGA-EW-A1J3-01,BRCA,BRCA,0.9999520182609558,1.0667978131095879e-05,1.4537954484694637e-05,2.2766380425309762e-05
TCGA:BRCA:TCGA-EW-A1J5-01,BRCA,BRCA,0.9999988675117493,2.3832433271309128e-07,2.250349382393324e-07,6.435469117604953e-07
TCGA:BRCA:TCGA-EW-A1J6-01,BRCA,BRCA,0.9999996423721313,6.159529419846876e-08,1.4723732988386473e-07,1.312064910052868e-07
TCGA:BRCA:TCGA-EW-A1OV-01,BRCA,BRCA,0.9993061423301697,0.00014470327005255967,0.0004330272495280951,0.00011612918024184182
TCGA:BRCA:TCGA-EW-A1OW-01,BRCA,BRCA,0.9995365142822266,0.00016626152500975877,0.00017163853044621646,0.00012557653826661408
TCGA:BRCA:TCGA-EW-A1OX-01,BRCA,BRCA,0.9999993443489075,8.868516232496404e-08,1.308922037424054e-07,4.196541567580425e-07
TCGA:BRCA:TCGA-EW-A1OY-01,BRCA,BRCA,0.9999996423721313,4.2623845786238235e-08,1.0020635698992919e-07,1.9641930748548475e-07
TCGA:BRCA:TCGA-EW-A1OZ-01,BRCA,BRCA,0.9999627470970154,1.3707831385545433e-05,9.33498904487351e-06,1.4220525372365955e-05
TCGA:BRCA:TCGA-EW-A1P0-01,BRCA,BRCA,0.9999998807907104,4.63923477411754e-08,1.9873542811410516e-08,7.322643114093808e-08
TCGA:BRCA:TCGA-EW-A1P1-01,BRCA,BRCA,0.9999988675117493,1.901966726336468e-07,7.131188226594531e-07,2.4982750801427756e-07
TCGA:BRCA:TCGA-EW-A1P3-01,BRCA,BRCA,0.999959409236908,1.2465819963836111e-05,1.1579939382500015e-05,1.6533726011402905e-05
TCGA:BRCA:TCGA-EW-A1P4-01,BRCA,BRCA,0.9929975867271423,0.0008377782651223242,0.005582152865827084,0.0005825090338476002
TCGA:BRCA:TCGA-EW-A1P5-01,BRCA,BRCA,0.9996745586395264,9.288821456721053e-05,9.42108963499777e-05,0.00013834304991178215
TCGA:BRCA:TCGA-EW-A1P6-01,BRCA,BRCA,0.9999997615814209,5.7346333903751656e-08,7.347178154759604e-08,8.468432355357436e-08
TCGA:BRCA:TCGA-EW-A1P7-01,BRCA,BRCA,0.9999942183494568,9.209513791574864e-07,4.206641733617289e-06,6.746836902493669e-07
TCGA:BRCA:TCGA-EW-A1P8-01,BRCA,BRCA,0.9998583793640137,3.200686478521675e-05,7.078435010043904e-05,3.8833361031720415e-05
TCGA:BRCA:TCGA-EW-A1PA-01,BRCA,BRCA,0.999954342842102,1.008971594274044e-05,2.591470183688216e-05,9.668875463830773e-06
TCGA:BRCA:TCGA-EW-A1PB-01,BRCA,BRCA,0.999040424823761,0.000252299738349393,0.0005823251558467746,0.00012496054114308208
TCGA:BRCA:TCGA-EW-A1PC-01,BRCA,BRCA,0.9999955296516418,1.0950515871854805e-07,1.1193772024853388e-06,3.269352419010829e-06
TCGA:BRCA:TCGA-EW-A1PD-01,BRCA,BRCA,0.9999911785125732,3.286921128164977e-06,2.309643605258316e-06,3.209521764802048e-06
TCGA:BRCA:TCGA-EW-A1PE-01,BRCA,BRCA,0.9999987483024597,6.801055008054391e-08,1.0429698704683688e-07,1.0814820825544302e-06
TCGA:BRCA:TCGA-EW-A1PF-01,BRCA,BRCA,0.9999579191207886,1.1694893146341201e-05,1.6898282410693355e-05,1.3470867088472005e-05
TCGA:BRCA:TCGA-EW-A1PG-01,BRCA,BRCA,0.9999986886978149,1.3569653845024732e-07,5.409747814155708e-07,6.474796236943803e-07
TCGA:BRCA:TCGA-EW-A1PH-01,BRCA,BRCA,0.9977433085441589,0.0004889731644652784,0.001392989419400692,0.00037473972770385444
TCGA:BRCA:TCGA-EW-A2FR-01,BRCA,BRCA,0.9999987483024597,4.7364380861836253e-07,3.674124968711112e-07,3.878940617596527e-07
TCGA:BRCA:TCGA-EW-A2FS-01,BRCA,BRCA,0.9999995827674866,1.6823540249788493e-07,1.2802033211301023e-07,1.3915561680732935e-07
TCGA:BRCA:TCGA-EW-A2FV-01,BRCA,BRCA,0.9999991655349731,1.8974567694840516e-07,2.1890508605793002e-07,3.987397576565854e-07
TCGA:BRCA:TCGA-EW-A2FW-01,BRCA,BRCA,0.9999999403953552,1.7918464934041367e-08,1.0506240322172289e-08,3.771439338606797e-08
TCGA:BRCA:TCGA-EW-A3E8-01,BRCA,BRCA,0.9999992847442627,2.636967337821261e-07,1.5295675837023737e-07,3.171869877860445e-07
TCGA:BRCA:TCGA-EW-A3U0-01,BRCA,BRCA,0.9982328414916992,0.0003763834247365594,0.0007634603534825146,0.0006273334729485214
TCGA:BRCA:TCGA-EW-A423-01,BRCA,BRCA,0.9994553923606873,0.00010643458517733961,0.00010415392171125859,0.00033402597182430327
TCGA:BRCA:TCGA-EW-A424-01,BRCA,BRCA,0.9999718070030212,9.347001650894526e-06,9.235944162355736e-06,9.60734087129822e-06
TCGA:BRCA:TCGA-EW-A6S9-01,BRCA,BRCA,0.9999969005584717,2.1200116862019058e-07,5.718067654925107e-07,2.2944670945435064e-06
TCGA:BRCA:TCGA-EW-A6SA-01,BRCA,BRCA,0.9999820590019226,6.435840077756438e-06,3.540951411196147e-06,7.942191587062553e-06
TCGA:BRCA:TCGA-EW-A6SB-01,BRCA,BRCA,0.996447741985321,0.0008853904437273741,0.002249914687126875,0.00041694112587720156
TCGA:BRCA:TCGA-EW-A6SC-01,BRCA,BRCA,0.9997050762176514,9.824674634728581e-05,8.531093772035092e-05,0.00011136317334603518
TCGA:BRCA:TCGA-EW-A6SD-01,BRCA,BRCA,0.9978486895561218,0.00023225588665809482,0.0005216700956225395,0.0013973911991342902
TCGA:BRCA:TCGA-GI-A2C8-01,BRCA,BRCA,0.9999614953994751,1.4049846868147142e-05,9.947661055775825e-06,1.4517334420816042e-05
TCGA:BRCA:TCGA-GI-A2C9-01,BRCA,BRCA,0.9999781847000122,1.1710797480191104e-05,1.273855104955146e-06,8.853175131662283e-06
TCGA:BRCA:TCGA-GM-A2D9-01,BRCA,BRCA,0.9999990463256836,4.094807195542671e-07,1.671025700034079e-07,3.7239053085613705e-07
TCGA:BRCA:TCGA-GM-A2DA-01,BRCA,BRCA,0.9999996423721313,5.7520463059290705e-08,6.147917730459085e-08,2.3567130824631022e-07
TCGA:BRCA:TCGA-GM-A2DB-01,BRCA,BRCA,0.9999087452888489,8.041620276344474e-07,3.688541255542077e-05,5.357781265047379e-05
TCGA:BRCA:TCGA-GM-A2DC-01,BRCA,BRCA,0.9999999403953552,2.903228413231318e-08,1.2710080987687888e-08,3.538908899258786e-08
TCGA:BRCA:TCGA-GM-A2DD-01,BRCA,BRCA,0.9999638199806213,4.685151907324325e-06,1.3551823940360919e-05,1.795351090549957e-05
TCGA:BRCA:TCGA-GM-A2DF-01,BRCA,BRCA,0.9999985098838806,3.669676118533971e-07,6.627973903050588e-07,4.735762786367559e-07
TCGA:BRCA:TCGA-GM-A2DH-01,BRCA,BRCA,0.9999997615814209,1.2172955088374238e-08,1.707204404510776e-07,5.4958306350272323e-08
TCGA:BRCA:TCGA-GM-A2DI-01,BRCA,BRCA,0.9999991655349731,2.362979785175412e-07,3.341338299378549e-07,2.810500916439196e-07
TCGA:BRCA:TCGA-GM-A2DK-01,BRCA,BRCA,0.9999987483024597,3.250094380291557e-07,4.462024776330509e-07,4.979614800504351e-07
TCGA:BRCA:TCGA-GM-A2DL-01,BRCA,BRCA,0.9995840191841125,0.00011293999705230817,0.0001396520237904042,0.00016336703265551478
TCGA:BRCA:TCGA-GM-A2DM-01,BRCA,BRCA,0.9987034201622009,0.00023377552861347795,0.00024786635185591877,0.0008149325149133801
TCGA:BRCA:TCGA-GM-A2DN-01,BRCA,BRCA,0.9999984502792358,2.551110469539708e-07,2.3571330132199364e-07,1.039797439261747e-06
TCGA:BRCA:TCGA-GM-A2DO-01,BRCA,BRCA,0.9999977946281433,3.161921995342709e-07,5.21102037964738e-07,1.3593903531727847e-06
TCGA:BRCA:TCGA-GM-A3NW-01,BRCA,BRCA,0.9996834993362427,9.955837595043704e-05,9.345931903226301e-05,0.0001234694354934618
TCGA:BRCA:TCGA-GM-A3NY-01,BRCA,BRCA,0.9999439120292664,1.4728733731317334e-05,1.1939384421566501e-05,2.9441544029396027e-05
TCGA:BRCA:TCGA-GM-A3XG-01,BRCA,BRCA,0.9999954700469971,1.0114019914908567e-06,2.5196841306751594e-06,1.0206924798694672e-06
TCGA:BRCA:TCGA-GM-A3XL-01,BRCA,BRCA,0.999989926815033,1.5407382534249336e-06,8.001704372873064e-06,5.566943173107575e-07
TCGA:BRCA:TCGA-GM-A3XN-01,BRCA,BRCA,0.9999672770500183,1.3059576303930953e-05,9.442241207580082e-06,1.022203105094377e-05
TCGA:BRCA:TCGA-GM-A4E0-01,BRCA,BRCA,0.9992559552192688,0.0001998813240788877,0.00024237546313088387,0.0003018092829734087
TCGA:BRCA:TCGA-GM-A5PV-01,BRCA,BRCA,0.9999997615814209,6.820424403031211e-08,5.791890700379554e-08,1.0397016581009666e-07
TCGA:BRCA:TCGA-GM-A5PX-01,BRCA,BRCA,0.9997207522392273,9.726571443025023e-05,9.491925447946414e-05,8.705015352461487e-05
TCGA:BRCA:TCGA-HN-A2NL-01,BRCA,BRCA,0.9805893898010254,0.008542371913790703,0.004754314664751291,0.006113896146416664
TCGA:BRCA:TCGA-HN-A2OB-01,BRCA,BRCA,0.9996327757835388,0.00010706611647037789,0.00013920303899794817,0.00012097062426619232
TCGA:BRCA:TCGA-JL-A3YW-01,BRCA,BRCA,0.999774158000946,9.151959966402501e-05,0.00012247529230080545,1.1865382475662045e-05
TCGA:BRCA:TCGA-JL-A3YX-01,BRCA,BRCA,0.9999999403953552,1.6426588089757388e-08,4.584442603317029e-09,9.856431226751283e-09
TCGA:BRCA:TCGA-LD-A66U-01,BRCA,BRCA,0.999661386013031,0.00011821905354736373,0.00010072512668557465,0.00011967283353442326
TCGA:BRCA:TCGA-LD-A74U-01,BRCA,BRCA,0.9999997019767761,6.260357565679442e-08,1.3646076979512145e-07,1.143561760841294e-07
TCGA:BRCA:TCGA-LD-A7W5-01,BRCA,BRCA,0.9988819360733032,0.00015364406863227487,0.00027842173585668206,0.0006859834538772702
TCGA:BRCA:TCGA-LD-A7W6-01,BRCA,BRCA,0.9999613165855408,1.1304828149150126e-05,1.2524984413175844e-05,1.4852831554890145e-05
TCGA:BRCA:TCGA-LD-A9QF-01,BRCA,BRCA,0.9999862909317017,4.459348929231055e-06,5.245256488706218e-06,4.015601462015184e-06
TCGA:BRCA:TCGA-LL-A440-01,BRCA,BRCA,0.9995722770690918,0.00012106855137972161,0.000145261874422431,0.00016139190120156854
TCGA:BRCA:TCGA-LL-A441-01,BRCA,BRCA,0.9998985528945923,1.6602631148998626e-05,5.427872383734211e-05,3.0537434213329107e-05
TCGA:BRCA:TCGA-LL-A442-01,BRCA,BRCA,0.9999996423721313,4.7860691410051004e-08,2.852127423125239e-08,3.071259300213569e-07
TCGA:BRCA:TCGA-LL-A50Y-01,BRCA,BRCA,0.9999993443489075,8.44486578444048e-08,1.0724970422870683e-07,4.428151498814259e-07
TCGA:BRCA:TCGA-LL-A5YL-01,BRCA,BRCA,0.9999991059303284,3.768527392367105e-07,1.5279317722161068e-07,3.3647069130893215e-07
TCGA:BRCA:TCGA-LL-A5YM-01,BRCA,BRCA,0.9999982118606567,3.25144497992369e-07,8.70900294103194e-07,5.931183864049672e-07
TCGA:BRCA:TCGA-LL-A5YN-01,BRCA,BRCA,0.9999997019767761,3.5768209727393696e-08,1.2766925294727116e-07,1.0866077104765282e-07
TCGA:BRCA:TCGA-LL-A5YO-01,BRCA,BRCA,0.9999978542327881,8.998920293379342e-07,7.503466576963547e-07,4.994449795958644e-07
TCGA:BRCA:TCGA-LL-A5YP-01,BRCA,BRCA,0.9997450709342957,3.3110074582509696e-05,0.00019291724311187863,2.8891223337268457e-05
TCGA:BRCA:TCGA-LL-A6FP-01,BRCA,BRCA,0.9999998807907104,2.6012523690610578e-08,2.6925096818786187e-08,8.488649427818018e-08
TCGA:BRCA:TCGA-LL-A6FQ-01,BRCA,BRCA,0.9999995231628418,1.170319521293095e-07,8.613589841388603e-08,3.0102768278084113e-07
TCGA:BRCA:TCGA-LL-A6FR-01,BRCA,BRCA,0.9999501705169678,4.0153950976673514e-05,6.389864665834466e-06,3.2939874472504016e-06
TCGA:BRCA:TCGA-LL-A73Y-01,BRCA,BRCA,0.9999958872795105,1.5982454897311982e-06,8.982841563920374e-07,1.6151853969859076e-06
TCGA:BRCA:TCGA-LL-A73Z-01,BRCA,BRCA,0.9999995231628418,4.311558754466205e-08,2.2688222145461623e-07,1.8010004509960709e-07
TCGA:BRCA:TCGA-LL-A740-01,BRCA,BRCA,0.9999865889549255,3.003538722623489e-06,6.189291525515728e-06,4.227242243359797e-06
TCGA:BRCA:TCGA-LL-A7SZ-01,BRCA,BRCA,0.9999997019767761,9.073947637716628e-08,1.314262618734574e-07,8.372903437248169e-08
TCGA:BRCA:TCGA-LL-A7T0-01,BRCA,BRCA,0.9999578595161438,1.5819970940356143e-05,1.1737707609427162e-05,1.4608269339078106e-05
TCGA:BRCA:TCGA-LL-A8F5-01,BRCA,BRCA,0.9880529642105103,0.006522951181977987,0.0045805396512150764,0.0008435301715508103
TCGA:BRCA:TCGA-LL-A9Q3-01,BRCA,BRCA,0.999588131904602,0.0001413524296367541,0.00012049524957546964,0.00015002379950601608
TCGA:BRCA:TCGA-LQ-A4E4-01,BRCA,BRCA,0.9999989867210388,2.5626601996009413e-07,1.5129410257941345e-07,6.022985417075688e-07
TCGA:BRCA:TCGA-MS-A51U-01,BRCA,BRCA,0.9999999403953552,9.573457582234823e-09,1.4304246676033472e-08,5.772477607024484e-08
TCGA:BRCA:TCGA-OK-A5Q2-01,BRCA,BRCA,0.9999989867210388,1.805560430057085e-07,5.893038519388938e-07,2.478761587099143e-07
TCGA:BRCA:TCGA-OL-A5D6-01,BRCA,BRCA,0.9999482035636902,1.4607634511776268e-05,2.7983405743725598e-05,9.223806046065874e-06
TCGA:BRCA:TCGA-OL-A5D7-01,BRCA,BRCA,0.9998471736907959,4.765207995660603e-05,7.057476614136249e-05,3.457778075244278e-05
TCGA:BRCA:TCGA-OL-A5D8-01,BRCA,BRCA,0.9999535083770752,1.2077100109308958e-05,1.8261554942000657e-05,1.615285327716265e-05
TCGA:BRCA:TCGA-OL-A5DA-01,BRCA,BRCA,0.9996870756149292,9.990951366489753e-05,8.172474917955697e-05,0.00013129445142112672
TCGA:BRCA:TCGA-OL-A5RU-01,BRCA,BRCA,0.9996684193611145,8.785223326412961e-05,8.347882976522669e-05,0.00016026805678848177
TCGA:BRCA:TCGA-OL-A5RV-01,BRCA,BRCA,0.9999980926513672,1.432464387107757e-07,6.784484298805182e-07,1.1056756648031296e-06
TCGA:BRCA:TCGA-OL-A5RW-01,BRCA,BRCA,0.999293863773346,0.0005938659887760878,7.93841463746503e-05,3.285711136413738e-05
TCGA:BRCA:TCGA-OL-A5RX-01,BRCA,BRCA,0.9999585151672363,1.1869127774843946e-05,1.3655532711709384e-05,1.5960473319864832e-05
TCGA:BRCA:TCGA-OL-A5RY-01,BRCA,BRCA,0.9951937198638916,0.0003993698919657618,0.0035798335447907448,0.000827093084808439
TCGA:BRCA:TCGA-OL-A5RZ-01,BRCA,BRCA,0.9998628497123718,6.211978325154632e-05,4.118888682569377e-05,3.384853698662482e-05
TCGA:BRCA:TCGA-OL-A5S0-01,BRCA,BRCA,0.9999982714653015,6.998484991527221e-07,5.530045541490836e-07,4.97070004712441e-07
TCGA:BRCA:TCGA-OL-A66H-01,BRCA,BRCA,0.9999988675117493,2.1860540755369584e-07,4.1057145949707774e-07,5.268584004625154e-07
TCGA:BRCA:TCGA-OL-A66I-01,BRCA,BRCA,0.9999992847442627,4.2548668943709345e-07,2.2684469058731338e-07,7.019394843155169e-08
TCGA:BRCA:TCGA-OL-A66J-01,BRCA,BRCA,0.9996684789657593,0.00010643420682754368,0.0001078885979950428,0.00011720127076841891
TCGA:BRCA:TCGA-OL-A66K-01,BRCA,BRCA,0.9999999403953552,1.0957756479967884e-08,5.159862759285261e-09,6.096290405821492e-08
TCGA:BRCA:TCGA-OL-A66L-01,BRCA,BRCA,0.9999988079071045,5.060378498455975e-07,3.5320235269864497e-07,3.1462766969525546e-07
TCGA:BRCA:TCGA-OL-A66N-01,BRCA,BRCA,0.9999999403953552,6.178851652549611e-09,9.711581760996069e-09,2.5793351454694857e-08
TCGA:BRCA:TCGA-OL-A66O-01,BRCA,BRCA,0.9993451237678528,0.00027641202905215323,0.00014598497364204377,0.00023246968339663
TCGA:BRCA:TCGA-OL-A66P-01,BRCA,BRCA,0.9999854564666748,8.046146149354172e-07,1.0267772267980035e-05,3.4997558486793423e-06
TCGA:BRCA:TCGA-OL-A6VO-01,BRCA,BRCA,0.9987750053405762,0.00021865325106773525,0.00024595714057795703,0.0007604077109135687
TCGA:BRCA:TCGA-OL-A6VQ-01,BRCA,BRCA,0.9999992251396179,2.1703428387809254e-07,1.6670215075009764e-07,3.7564450394711457e-07
TCGA:BRCA:TCGA-OL-A6VR-01,BRCA,BRCA,0.9999991655349731,2.8961844122932234e-07,2.8109641903029114e-07,2.674631218724244e-07
TCGA:BRCA:TCGA-OL-A97C-01,BRCA,BRCA,0.9999958276748657,2.0128659343754407e-06,5.679564196725551e-07,1.6103028883662773e-06
TCGA:BRCA:TCGA-PE-A5DC-01,BRCA,BRCA,0.9999239444732666,2.1323294276953675e-05,2.794141801132355e-05,2.6807636459125206e-05
TCGA:BRCA:TCGA-PE-A5DD-01,BRCA,BRCA,0.9999993443489075,1.0417856088906774e-07,5.593557617089573e-08,4.868517748946033e-07
TCGA:BRCA:TCGA-PE-A5DE-01,BRCA,BRCA,0.9999651908874512,1.1603057828324381e-05,1.0936029866570607e-05,1.2287096069485415e-05
TCGA:BRCA:TCGA-PL-A8LV-01,BRCA,BRCA,0.8705214262008667,0.09013337641954422,0.026363736018538475,0.012981484644114971
TCGA:BRCA:TCGA-PL-A8LX-01,BRCA,BRCA,0.9998956322669983,2.5724082661326975e-05,3.370936246938072e-05,4.496228211792186e-05
TCGA:BRCA:TCGA-PL-A8LY-01,BRCA,BRCA,0.9999958872795105,1.1465693887657835e-06,1.1675668929456151e-06,1.7712291082716547e-06
TCGA:BRCA:TCGA-PL-A8LZ-01,BRCA,BRCA,0.9999699592590332,3.4344948289799504e-06,3.905160156136844e-06,2.268673779326491e-05
TCGA:BRCA:TCGA-S3-A6ZF-01,BRCA,BRCA,0.9999991059303284,1.7126438933701138e-07,1.931103525976141e-07,5.179031177249271e-07
TCGA:BRCA:TCGA-S3-A6ZG-01,BRCA,BRCA,0.9999994039535522,1.606526325304003e-07,1.6098722710466973e-07,2.724997330005863e-07
TCGA:BRCA:TCGA-S3-A6ZH-01,BRCA,BRCA,0.9999997019767761,9.343430207309211e-08,9.165137271338608e-08,1.4235129697226512e-07
TCGA:BRCA:TCGA-S3-AA0Z-01,BRCA,BRCA,0.9999948740005493,2.503766836525756e-06,8.035804626160825e-07,1.8264820482727373e-06
TCGA:BRCA:TCGA-S3-AA10-01,BRCA,BRCA,0.9949254393577576,0.0024751441087573767,0.0021556909196078777,0.0004437526222318411
TCGA:BRCA:TCGA-S3-AA11-01,BRCA,BRCA,0.9999993443489075,2.0498666231105744e-07,2.0912288789531885e-07,2.3968016193975927e-07
TCGA:BRCA:TCGA-S3-AA12-01,BRCA,BRCA,0.9999998807907104,1.525263293444823e-08,1.91993017040204e-08,7.699392767790414e-08
TCGA:BRCA:TCGA-S3-AA14-01,BRCA,BRCA,0.9999598860740662,1.1071213521063328e-05,1.0252177162328735e-05,1.876875467132777e-05
TCGA:BRCA:TCGA-S3-AA15-01,BRCA,BRCA,0.9999991655349731,1.5625931837348617e-07,5.950717536507e-07,8.979942123232831e-08
TCGA:BRCA:TCGA-S3-AA17-01,BRCA,BRCA,0.9999992847442627,1.3957817657228588e-07,1.8872496809763106e-07,3.7025029087089933e-07
TCGA:BRCA:TCGA-UL-AAZ6-01,BRCA,BRCA,0.9993131160736084,5.71189912079717e-06,0.00016630064055789262,0.0005148677155375481
TCGA:BRCA:TCGA-UU-A93S-01,BRCA,BRCA,0.9999691843986511,8.053397095864057e-07,1.2393117003739462e-06,2.8777456464013085e-05
TCGA:BRCA:TCGA-V7-A7HQ-01,BRCA,BRCA,0.9993332624435425,0.00018963601905852556,0.0003119377652183175,0.00016517752374056727
TCGA:BRCA:TCGA-W8-A86G-01,BRCA,BRCA,0.99996018409729,1.1881858881679364e-05,1.0926573850156274e-05,1.7024185581249185e-05
TCGA:BRCA:TCGA-WT-AB41-01,BRCA,BRCA,0.9993094205856323,0.0001958918437594548,0.00013695258530788124,0.00035774815478362143
TCGA:BRCA:TCGA-WT-AB44-01,BRCA,BRCA,0.9999998807907104,1.783641501162947e-08,2.0957845237035144e-08,6.812619091078886e-08
TCGA:BRCA:TCGA-XX-A899-01,BRCA,BRCA,0.9999986886978149,2.0687346591330424e-07,5.299581289364141e-07,5.723985623262706e-07
TCGA:BRCA:TCGA-XX-A89A-01,BRCA,BRCA,0.991516649723053,0.00032981164986267686,0.0005990677746012807,0.0075544510036706924
TCGA:BRCA:TCGA-Z7-A8R5-01,BRCA,BRCA,0.9999032616615295,2.257346932310611e-05,2.9597029424621724e-05,4.456444366951473e-05
TCGA:BRCA:TCGA-Z7-A8R6-01,BRCA,BRCA,0.999999463558197,7.102618582166542e-08,1.617211182747269e-07,2.8541481356114673e-07
TCGA:LUAD:TCGA-05-4244-01,LUAD,LUAD,3.597458635340445e-05,1.2497130228439346e-05,3.996293889940716e-05,0.9999115467071533
TCGA:LUAD:TCGA-05-4249-01,LUAD,LUAD,2.9138931495253928e-05,1.4281786206993274e-05,3.5496606869855896e-05,0.9999210834503174
TCGA:LUAD:TCGA-05-4250-01,LUAD,LUAD,1.3978265087644104e-06,6.325095114334545e-07,4.335134872235358e-05,0.9999546408653259
TCGA:LUAD:TCGA-05-4382-01,LUAD,LUAD,0.0005121387075632811,0.000259198946878314,0.0033856979571282864,0.9958429932594299
TCGA:LUAD:TCGA-05-4384-01,LUAD,LUAD,3.053131149499677e-05,2.7443180442787707e-05,0.0001364981144433841,0.9998055100440979
TCGA:LUAD:TCGA-05-4389-01,LUAD,LUAD,0.00033773420727811754,0.0001751804375089705,0.0010250606574118137,0.9984620213508606
TCGA:LUAD:TCGA-05-4390-01,LUAD,LUAD,1.0923241461568978e-05,2.128112328136922e-06,1.4947222553018946e-05,0.9999719858169556
TCGA:LUAD:TCGA-05-4395-01,LUAD,LUAD,0.002885393798351288,0.009180454537272453,0.05372404307126999,0.9342101216316223
TCGA:LUAD:TCGA-05-4396-01,LUAD,LUAD,1.5673978737140715e-07,1.1794632115424974e-07,5.64506422051636e-07,0.9999991655349731
TCGA:LUAD:TCGA-05-4397-01,LUAD,LUAD,0.039221059530973434,0.002950829453766346,0.030066322535276413,0.9277617931365967
TCGA:LUAD:TCGA-05-4398-01,LUAD,LUAD,1.0183676749875303e-05,3.662821882244316e-06,8.391504525206983e-05,0.9999022483825684
TCGA:LUAD:TCGA-05-4402-01,LUAD,LUAD,2.4679916350578424e-06,8.298485454361071e-07,4.8152960516745225e-05,0.9999485611915588
TCGA:LUAD:TCGA-05-4403-01,LUAD,LUAD,5.703911301679909e-05,4.788353544427082e-05,0.0002310597919858992,0.9996640086174011
TCGA:LUAD:TCGA-05-4405-01,LUAD,LUAD,0.00022774103854317218,0.00012651864381041378,0.0003173949953634292,0.9993283748626709
TCGA:LUAD:TCGA-05-4410-01,LUAD,LUAD,5.672271541357077e-08,6.190553136775634e-08,1.5051855370984413e-06,0.9999983906745911
TCGA:LUAD:TCGA-05-4415-01,LUAD,LUAD,0.00030998530564829707,0.00018532575631979853,0.023007838055491447,0.9764968752861023
TCGA:LUAD:TCGA-05-4417-01,LUAD,LUAD,1.2907783002447104e-06,3.208651548902708e-07,2.4739014406804927e-05,0.9999736547470093
TCGA:LUAD:TCGA-05-4418-01,LUAD,LUAD,0.0025113997980952263,0.0013447959208860993,0.053902462124824524,0.9422413110733032
TCGA:LUAD:TCGA-05-4420-01,LUAD,LUAD,0.0003698703658301383,0.00016149169823620468,0.0006767406011931598,0.9987918734550476
TCGA:LUAD:TCGA-05-4422-01,LUAD,LUAD,3.81617724087846e-08,3.176148766215192e-08,6.366056481965643e-08,0.9999998807907104
TCGA:LUAD:TCGA-05-4424-01,LUAD,LUAD,2.719740905376966e-06,8.282306112050719e-07,0.0001950844016391784,0.9998013973236084
TCGA:LUAD:TCGA-05-4425-01,LUAD,LUAD,2.738964667514665e-06,8.293184237118112e-07,4.23319988840376e-06,0.9999921917915344
TCGA:LUAD:TCGA-05-4426-01,LUAD,LUAD,9.009441441776289e-07,2.4927962272158766e-07,3.974137143814005e-06,0.9999948740005493
TCGA:LUAD:TCGA-05-4427-01,LUAD,LUAD,0.0015534652629867196,0.000572783115785569,0.003636076580733061,0.9942376613616943
TCGA:LUAD:TCGA-05-4430-01,LUAD,LUAD,3.2717850899643963e-06,1.7457041394663975e-06,4.163587436778471e-05,0.9999533295631409
TCGA:LUAD:TCGA-05-4432-01,LUAD,LUAD,0.00036812256439588964,0.0002486100420355797,0.0014968407340347767,0.9978864192962646
TCGA:LUAD:TCGA-05-4433-01,LUAD,LUAD,0.000341018516337499,0.00022260415425989777,0.0010236799716949463,0.9984126687049866
TCGA:LUAD:TCGA-05-4434-01,LUAD,LUAD,2.338126432732679e-05,1.6914771094889147e-06,0.0007373616681434214,0.9992375373840332
TCGA:LUAD:TCGA-05-5423-01,LUAD,LUAD,5.835701699652418e-07,9.086392083190731e-08,3.808637245583668e-07,0.999998927116394
TCGA:LUAD:TCGA-05-5425-01,LUAD,LUAD,6.865937507427589e-08,4.932937969215345e-08,3.3175429052789696e-06,0.999996542930603
TCGA:LUAD:TCGA-05-5428-01,LUAD,LUAD,2.6022959787042055e-07,2.933204790167565e-08,2.296519369338057e-06,0.9999974370002747
TCGA:LUAD:TCGA-05-5429-01,LUAD,LUAD,2.4144026156136533e-06,1.286280166823417e-06,1.1455847925390117e-05,0.999984860420227
TCGA:LUAD:TCGA-05-5715-01,LUAD,LUAD,0.00045125416363589466,0.00038436034810729325,0.0006476934067904949,0.9985166788101196
TCGA:LUAD:TCGA-35-3615-01,LUAD,LUAD,5.179332518423507e-08,1.1106484620881929e-08,1.0851625376062657e-07,0.9999998211860657
TCGA:LUAD:TCGA-35-4122-01,LUAD,LUAD,0.00013183597184251994,5.1521048590075225e-05,0.0008447509608231485,0.9989718794822693
TCGA:LUAD:TCGA-35-4123-01,LUAD,LUAD,0.0017482615076005459,0.00040145262028090656,0.01359648909419775,0.9842538237571716
TCGA:LUAD:TCGA-35-5375-01,LUAD,LSCC,0.004532274790108204,0.0012739872327074409,0.6444680690765381,0.3497256934642792
TCGA:LUAD:TCGA-38-4625-01,LUAD,LUAD,2.0459941879380494e-05,6.168495474412339e-06,0.00012500464799813926,0.9998483657836914
TCGA:LUAD:TCGA-38-4626-01,LUAD,LUAD,3.0592507300752914e-06,9.432761771677178e-07,6.804878648836166e-05,0.9999279379844666
TCGA:LUAD:TCGA-38-4627-01,LUAD,LUAD,0.0005892492481507361,3.227145134587772e-05,0.001265698461793363,0.9981127977371216
TCGA:LUAD:TCGA-38-4628-01,LUAD,LUAD,2.290968768647872e-05,1.288413955080614e-06,1.1858662219310645e-05,0.9999639391899109
TCGA:LUAD:TCGA-38-4631-01,LUAD,LUAD,9.53732305788435e-05,4.460234413272701e-05,0.007396121043711901,0.9924638867378235
TCGA:LUAD:TCGA-38-4632-01,LUAD,LUAD,0.0006620055646635592,0.0003721797256730497,0.001403586007654667,0.9975622296333313
TCGA:LUAD:TCGA-38-6178-01,LUAD,LUAD,3.49276015185751e-05,1.746718044159934e-05,3.9125432522268966e-05,0.9999085068702698
TCGA:LUAD:TCGA-38-7271-01,LUAD,LUAD,0.00014096350059844553,9.60293909884058e-05,0.0009082013857550919,0.9988548159599304
TCGA:LUAD:TCGA-38-A44F-01,LUAD,LUAD,1.356279000219729e-07,8.810432206018959e-08,1.8094989400196937e-06,0.9999979734420776
TCGA:LUAD:TCGA-44-2655-01,LUAD,LUAD,5.581559321399254e-07,3.514293496209575e-07,1.1816337064374238e-06,0.9999979138374329
TCGA:LUAD:TCGA-44-2656-01,LUAD,LUAD,0.00039709085831418633,0.00015479588182643056,0.00023538096866104752,0.9992127418518066
TCGA:LUAD:TCGA-44-2657-01,LUAD,LUAD,4.9879014113685116e-05,4.097958662896417e-05,0.000689928769133985,0.9992192387580872
TCGA:LUAD:TCGA-44-2659-01,LUAD,LUAD,9.125238307206018e-07,5.734647601229881e-08,3.32659737978247e-07,0.9999986886978149
TCGA:LUAD:TCGA-44-2662-01,LUAD,LUAD,2.2117033893209737e-07,4.290807709139699e-08,2.249660838060663e-06,0.9999974966049194
TCGA:LUAD:TCGA-44-2665-01,LUAD,LUAD,0.00018447375623509288,6.571930953214178e-06,8.09084958746098e-05,0.9997280240058899
TCGA:LUAD:TCGA-44-2666-01,LUAD,LUAD,1.004825321615499e-06,3.900790090938244e-07,4.738185907626757e-06,0.9999938607215881
TCGA:LUAD:TCGA-44-2668-01,LUAD,LUAD,4.3838790588779375e-05,2.7442005375633016e-05,0.012643991969525814,0.9872847199440002
TCGA:LUAD:TCGA-44-3396-01,LUAD,LUAD,1.17473200589302e-06,5.401086582423886e-07,9.609627886675298e-05,0.9999021887779236
TCGA:LUAD:TCGA-44-3398-01,LUAD,LUAD,9.738454537000507e-06,4.9357636271452066e-06,0.000604263273999095,0.9993810653686523
TCGA:LUAD:TCGA-44-3918-01,LUAD,LUAD,0.00017019998631440103,5.93705553910695e-05,0.0012510658707469702,0.9985193610191345
TCGA:LUAD:TCGA-44-3919-01,LUAD,LUAD,2.8239041057531722e-05,1.568870538903866e-05,5.190029332879931e-05,0.9999041557312012
TCGA:LUAD:TCGA-44-4112-01,LUAD,LUAD,0.0007386893848888576,0.000142151111504063,0.000321622152114287,0.9987975358963013
TCGA:LUAD:TCGA-44-5643-01,LUAD,LSCC,5.339797098713461e-06,0.000213053121115081,0.9997698664665222,1.1764455848606303e-05
TCGA:LUAD:TCGA-44-5644-01,LUAD,LUAD,4.18584068029304e-06,9.41716109537083e-07,0.00044345197966322303,0.9995514154434204
TCGA:LUAD:TCGA-44-5645-01,LUAD,LUAD,3.5284961086290423e-07,1.8210693042419734e-07,5.453005087474594e-07,0.999998927116394
TCGA:LUAD:TCGA-44-6145-01,LUAD,LUAD,8.372171578230336e-05,8.65684705786407e-05,0.000728434300981462,0.9991012811660767
TCGA:LUAD:TCGA-44-6146-01,LUAD,LUAD,0.00036413950147107244,0.00022266058658715338,0.0005164833273738623,0.9988967180252075
TCGA:LUAD:TCGA-44-6148-01,LUAD,LUAD,2.1118796212249435e-05,1.154984965978656e-05,0.0004250885976944119,0.999542236328125
TCGA:LUAD:TCGA-44-6774-01,LUAD,LUAD,1.1220891792618204e-05,7.74363854816329e-07,3.4737062378553674e-05,0.9999532699584961
TCGA:LUAD:TCGA-44-6775-01,LUAD,LUAD,1.0559610927884933e-06,3.3276074873356265e-07,1.6444920447611366e-06,0.9999969601631165
TCGA:LUAD:TCGA-44-6776-01,LUAD,LUAD,1.93934734937784e-08,7.069589802455312e-09,3.4938128834482995e-08,0.9999999403953552
TCGA:LUAD:TCGA-44-6777-01,LUAD,LUAD,0.0002443497069180012,3.603712684707716e-05,0.0005273202550597489,0.9991922974586487
TCGA:LUAD:TCGA-44-6778-01,LUAD,LUAD,0.002843076828867197,0.0015880761202424765,0.05786190181970596,0.9377069473266602
TCGA:LUAD:TCGA-44-6779-01,LUAD,LUAD,0.0005071902414783835,0.0004421889316290617,0.001340415677987039,0.9977102279663086
TCGA:LUAD:TCGA-44-7659-01,LUAD,LUAD,7.66246046168817e-07,3.102089181084011e-07,2.4118367036862765e-06,0.9999964833259583
TCGA:LUAD:TCGA-44-7660-01,LUAD,LSCC,0.0003194666642230004,2.8925202059326693e-05,0.9959521889686584,0.003699429100379348
TCGA:LUAD:TCGA-44-7661-01,LUAD,LUAD,1.1942253195229569e-06,4.784267275681486e-07,0.0001363204064546153,0.999862015247345
TCGA:LUAD:TCGA-44-7662-01,LUAD,LUAD,0.001082103350199759,0.0006004335591569543,0.0021373124327510595,0.9961801767349243
TCGA:LUAD:TCGA-44-7667-01,LUAD,LUAD,0.020635588094592094,0.00807228870689869,0.07814522087574005,0.8931469321250916
TCGA:LUAD:TCGA-44-7669-01,LUAD,LUAD,6.919203769939486e-06,4.490606897888938e-06,0.0008083860157057643,0.9991801977157593
TCGA:LUAD:TCGA-44-7670-01,LUAD,LUAD,8.071450565694249e-07,5.198359076530323e-07,0.0001681446738075465,0.9998305439949036
TCGA:LUAD:TCGA-44-7671-01,LUAD,LUAD,5.784578024758957e-05,2.4792225303826854e-05,0.00015259110659826547,0.9997648000717163
TCGA:LUAD:TCGA-44-7672-01,LUAD,LUAD,9.055700047611026e-07,4.406329594530689e-07,1.4793065020057838e-05,0.9999838471412659
TCGA:LUAD:TCGA-44-8117-01,LUAD,LUAD,0.0014735901495441794,0.00042080882121808827,0.0008822713862173259,0.9972233176231384
TCGA:LUAD:TCGA-44-8119-01,LUAD,LUAD,0.01155535876750946,0.0008812167216092348,0.012909622862935066,0.9746537804603577
TCGA:LUAD:TCGA-44-8120-01,LUAD,LUAD,2.6767736926558428e-05,1.1760222378143226e-06,1.2160206097178161e-05,0.9999598860740662
TCGA:LUAD:TCGA-44-A479-01,LUAD,LUAD,1.180864273919724e-06,5.220380785431189e-07,0.0002432728506391868,0.9997550249099731
TCGA:LUAD:TCGA-44-A47A-01,LUAD,LUAD,0.00015757099026814103,0.00015932394308038056,0.0013789974618703127,0.9983041286468506
TCGA:LUAD:TCGA-44-A47B-01,LUAD,LUAD,0.0006386999157257378,0.00044500440708361566,0.0011746473610401154,0.9977416396141052
TCGA:LUAD:TCGA-44-A47G-01,LUAD,LUAD,4.6195646064006723e-07,2.5450336238463933e-07,2.7372730073693674e-06,0.999996542930603
TCGA:LUAD:TCGA-44-A4SS-01,LUAD,LUAD,3.026574972864182e-07,1.885298104298272e-07,1.9079265257460065e-05,0.9999804496765137
TCGA:LUAD:TCGA-44-A4SU-01,LUAD,LUAD,4.714226804480859e-07,8.344377278035608e-08,1.1894405815837672e-06,0.9999982714653015
TCGA:LUAD:TCGA-49-4486-01,LUAD,LUAD,0.0002985009050462395,0.00016736742691136897,0.0005105164018459618,0.9990236163139343
TCGA:LUAD:TCGA-49-4487-01,LUAD,LUAD,2.7246787794865668e-06,5.019666673433676e-07,1.4863328033243306e-05,0.9999819397926331
TCGA:LUAD:TCGA-49-4488-01,LUAD,LUAD,0.0005957809626124799,0.00021062638552393764,0.0006372103234753013,0.99855637550354
TCGA:LUAD:TCGA-49-4490-01,LUAD,LUAD,0.0008206281927414238,0.0003250220324844122,0.0040304530411958694,0.9948238730430603
TCGA:LUAD:TCGA-49-4494-01,LUAD,LUAD,3.0676156370645913e-07,1.498059418736375e-07,1.7272830064030131e-06,0.9999977946281433
TCGA:LUAD:TCGA-49-4501-01,LUAD,LUAD,8.692401110010906e-08,1.232835522557707e-08,3.306243812062348e-08,0.9999998807907104
TCGA:LUAD:TCGA-49-4505-01,LUAD,LUAD,5.23461665125069e-07,2.264561089759809e-07,1.30161117795069e-06,0.9999979734420776
TCGA:LUAD:TCGA-49-4506-01,LUAD,LUAD,8.4547238657251e-05,7.142395770642906e-05,0.004922914318740368,0.994921088218689
TCGA:LUAD:TCGA-49-4507-01,LUAD,LUAD,0.0005963203147985041,0.00017821499204728752,0.0025314106605947018,0.996694028377533
TCGA:LUAD:TCGA-49-4510-01,LUAD,LUAD,6.705561190756271e-06,7.741995204924024e-07,8.87327769305557e-06,0.9999836683273315
TCGA:LUAD:TCGA-49-4512-01,LUAD,LUAD,0.0002707280800677836,4.2334744648542255e-05,0.00019028875976800919,0.9994966387748718
TCGA:LUAD:TCGA-49-4514-01,LUAD,LUAD,3.4892073017545044e-06,1.952870888999314e-06,6.913438846822828e-05,0.999925434589386
TCGA:LUAD:TCGA-49-6742-01,LUAD,LUAD,2.6863992843573214e-06,1.8502762486605207e-06,4.2408646550029516e-05,0.999953031539917
TCGA:LUAD:TCGA-49-6743-01,LUAD,LUAD,1.048647504831024e-06,2.373568435132256e-07,1.604179124115035e-05,0.9999826550483704
TCGA:LUAD:TCGA-49-6744-01,LUAD,LUAD,9.114568797485845e-07,3.8833479720778996e-07,6.859431323391618e-06,0.9999918341636658
TCGA:LUAD:TCGA-49-6745-01,LUAD,LUAD,4.22760285800905e-06,9.483974281465635e-07,7.031070708762854e-05,0.9999245405197144
TCGA:LUAD:TCGA-49-6761-01,LUAD,LUAD,0.0012920285807922482,0.00018338522932026535,0.001511198002845049,0.9970133900642395
TCGA:LUAD:TCGA-49-6767-01,LUAD,LUAD,0.0016960820648819208,0.00025759884738363326,0.015291373245418072,0.9827549457550049
TCGA:LUAD:TCGA-49-AAQV-01,LUAD,LUAD,3.5094144550384954e-06,4.1069532130677544e-07,9.83128120424226e-06,0.9999862313270569
TCGA:LUAD:TCGA-49-AAR0-01,LUAD,LUAD,7.276978664094713e-08,5.2279634843444e-08,2.3297977804759284e-06,0.9999975562095642
TCGA:LUAD:TCGA-49-AAR2-01,LUAD,LUAD,5.514699523700983e-07,6.095835374253511e-07,2.705230826904881e-06,0.9999961256980896
TCGA:LUAD:TCGA-49-AAR3-01,LUAD,LUAD,2.953603370769997e-06,3.534171582941781e-06,9.572096314514056e-05,0.9998977780342102
TCGA:LUAD:TCGA-49-AAR4-01,LUAD,LUAD,2.4197890979849035e-07,6.69451878820837e-07,9.785927431948949e-06,0.9999893307685852
TCGA:LUAD:TCGA-49-AAR9-01,LUAD,LUAD,0.043638188391923904,0.02584189362823963,0.143511563539505,0.7870083451271057
TCGA:LUAD:TCGA-49-AARE-01,LUAD,LUAD,0.0009967406513169408,0.00012152588897151873,0.26438435912132263,0.7344973683357239
TCGA:LUAD:TCGA-49-AARN-01,LUAD,LUAD,3.577962672807189e-07,1.6800089497337467e-07,3.086195420110016e-06,0.9999963641166687
TCGA:LUAD:TCGA-49-AARO-01,LUAD,LUAD,0.0008331970311701298,0.0004175658104941249,0.0019437791779637337,0.9968054294586182
TCGA:LUAD:TCGA-49-AARQ-01,LUAD,LUAD,1.5687267023167806e-06,9.831908300839132e-07,2.0920695533277467e-05,0.9999765157699585
TCGA:LUAD:TCGA-49-AARR-01,LUAD,LUAD,0.006027689203619957,0.0020582950673997402,0.030216000974178314,0.9616979956626892
TCGA:LUAD:TCGA-4B-A93V-01,LUAD,LUAD,0.0018367827869951725,0.0010428746463730931,0.006037854123860598,0.991082489490509
TCGA:LUAD:TCGA-50-5044-01,LUAD,LUAD,1.7283584838878596e-06,6.472979521277011e-07,0.0006387472385540605,0.9993588924407959
TCGA:LUAD:TCGA-50-5045-01,LUAD,LUAD,0.00010762977763079107,3.5493729228619486e-05,0.0010345582850277424,0.9988223314285278
TCGA:LUAD:TCGA-50-5049-01,LUAD,LUAD,3.587044602681999e-06,1.1136622788399109e-06,0.001383543130941689,0.9986117482185364
TCGA:LUAD:TCGA-50-5051-01,LUAD,LUAD,1.8623179585119942e-06,9.292880349676125e-07,6.310323442448862e-06,0.9999908804893494
TCGA:LUAD:TCGA-50-5055-01,LUAD,LUAD,1.1346964129188564e-05,2.513012987037655e-06,0.0005506393499672413,0.9994354844093323
TCGA:LUAD:TCGA-50-5066-01,LUAD,LUAD,0.0009604572551324964,0.0004945737891830504,0.017148654907941818,0.9813963174819946
TCGA:LUAD:TCGA-50-5068-01,LUAD,LUAD,0.0002004036505240947,9.40210884436965e-05,0.00045579177094623446,0.9992497563362122
TCGA:LUAD:TCGA-50-5072-01,LUAD,LUAD,1.9269851691205986e-05,1.003872421279084e-05,0.01058495044708252,0.989385724067688
TCGA:LUAD:TCGA-50-5930-01,LUAD,LUAD,0.000589882954955101,0.00030801474349573255,0.0032775297295302153,0.9958245754241943
TCGA:LUAD:TCGA-50-5931-01,LUAD,LSCC,0.020880525931715965,0.00011193266982445493,0.9784738421440125,0.0005337029579095542
TCGA:LUAD:TCGA-50-5932-01,LUAD,LUAD,3.60169869964011e-05,1.670686833676882e-05,3.000541983055882e-05,0.9999172687530518
TCGA:LUAD:TCGA-50-5933-01,LUAD,LUAD,0.013572020456194878,0.004290950950235128,0.01975828781723976,0.962378740310669
TCGA:LUAD:TCGA-50-5935-01,LUAD,LUAD,1.1900223171323887e-06,4.0076184859572095e-07,1.1773668120440561e-06,0.9999972581863403
TCGA:LUAD:TCGA-50-5936-01,LUAD,LUAD,3.627336809586268e-06,1.871376753115328e-06,0.00024188119277823716,0.9997526407241821
TCGA:LUAD:TCGA-50-5939-01,LUAD,LUAD,0.000737819354981184,0.0003273552574682981,0.015024763531982899,0.983910083770752
TCGA:LUAD:TCGA-50-5941-01,LUAD,LUAD,2.386743460647267e-07,1.278334309517959e-07,2.7109033453598386e-06,0.9999969005584717
TCGA:LUAD:TCGA-50-5942-01,LUAD,LUAD,5.789494252894656e-07,1.6154052673300612e-07,3.5143875720677897e-07,0.999998927116394
TCGA:LUAD:TCGA-50-5944-01,LUAD,LUAD,0.000613881042227149,0.0002592679811641574,0.0006559993489645422,0.9984708428382874
TCGA:LUAD:TCGA-50-5946-01,LUAD,LUAD,2.2115684714663075e-06,1.4469087545876391e-06,0.0011954901274293661,0.9988008737564087
TCGA:LUAD:TCGA-50-6590-01,LUAD,LUAD,0.002043474232777953,0.0007507415721192956,0.058990247547626495,0.9382155537605286
TCGA:LUAD:TCGA-50-6591-01,LUAD,LUAD,0.0011717098532244563,4.52542954008095e-05,0.00010015125008067116,0.9986828565597534
TCGA:LUAD:TCGA-50-6592-01,LUAD,LUAD,3.555563807822182e-06,6.188022894093592e-07,0.0015681966906413436,0.9984276294708252
TCGA:LUAD:TCGA-50-6593-01,LUAD,LUAD,8.056913003429145e-08,2.2460170612248476e-08,3.332250173571083e-07,0.9999995827674866
TCGA:LUAD:TCGA-50-6594-01,LUAD,LUAD,0.0008590635843575001,8.322322537424043e-05,0.0006952026160433888,0.9983624815940857
TCGA:LUAD:TCGA-50-6595-01,LUAD,LSCC,0.0003828490152955055,0.0005378565401770175,0.7313189506530762,0.26776033639907837
TCGA:LUAD:TCGA-50-6597-01,LUAD,LUAD,0.0005217900616116822,0.00020507018780335784,0.00025158977950923145,0.9990215301513672
TCGA:LUAD:TCGA-50-6673-01,LUAD,LUAD,2.260718792967964e-05,1.6710409909137525e-05,0.001000985037535429,0.9989597201347351
TCGA:LUAD:TCGA-50-7109-01,LUAD,LUAD,0.00046322259004227817,0.0002704163489397615,0.004296079743653536,0.9949702620506287
TCGA:LUAD:TCGA-50-8457-01,LUAD,LUAD,7.538838690379634e-05,3.895381451002322e-05,0.0006157311145216227,0.9992699027061462
TCGA:LUAD:TCGA-50-8459-01,LUAD,LUAD,4.554113547783345e-05,4.140470628044568e-05,0.006824548356235027,0.9930884838104248
TCGA:LUAD:TCGA-50-8460-01,LUAD,LUAD,0.001045572804287076,0.00045281281927600503,0.005355541594326496,0.9931460618972778
TCGA:LUAD:TCGA-53-7624-01,LUAD,LUAD,0.04999783635139465,0.0046141669154167175,0.24500618875026703,0.7003818154335022
TCGA:LUAD:TCGA-53-7626-01,LUAD,LUAD,1.2460013465442898e-07,7.054919848314967e-08,7.876685685914708e-07,0.9999990463256836
TCGA:LUAD:TCGA-53-7813-01,LUAD,LUAD,0.0007351837120950222,0.00023968714231159538,0.001534532173536718,0.9974905848503113
TCGA:LUAD:TCGA-53-A4EZ-01,LUAD,LUAD,6.649790520896204e-06,3.346882067489787e-06,3.330139224999584e-05,0.9999567270278931
TCGA:LUAD:TCGA-55-1592-01,LUAD,LUAD,3.7954512777105265e-07,6.234346727751472e-08,3.298476940472028e-07,0.9999992251396179
TCGA:LUAD:TCGA-55-1594-01,LUAD,LUAD,0.00043244255357421935,0.0001810798275982961,0.003814065596088767,0.9955723881721497
TCGA:LUAD:TCGA-55-1595-01,LUAD,LUAD,0.0003374077205080539,0.00013893390132579952,0.0005007687723264098,0.999022901058197
TCGA:LUAD:TCGA-55-1596-01,LUAD,LUAD,0.0014251210959628224,0.00045405744458548725,0.0014350570272654295,0.9966857433319092
TCGA:LUAD:TCGA-55-5899-01,LUAD,LUAD,0.003736000508069992,0.0004697282565757632,0.007696125190705061,0.98809814453125
TCGA:LUAD:TCGA-55-6543-01,LUAD,LUAD,7.129237928893417e-05,2.1275565813994035e-05,0.00013054825831204653,0.9997768998146057
TCGA:LUAD:TCGA-55-6642-01,LUAD,LUAD,1.5020301589174778e-06,6.821030638093362e-07,4.02332534576999e-06,0.9999938011169434
TCGA:LUAD:TCGA-55-6712-01,LUAD,LUAD,4.459332558326423e-06,2.7387955015001353e-06,9.554081771057099e-05,0.9998972415924072
TCGA:LUAD:TCGA-55-6968-01,LUAD,LSCC,0.000716176931746304,0.0009823996806517243,0.9538358449935913,0.0444655641913414
TCGA:LUAD:TCGA-55-6969-01,LUAD,LUAD,0.005846268963068724,0.0009998057503253222,0.05876513198018074,0.9343888163566589
TCGA:LUAD:TCGA-55-6970-01,LUAD,LUAD,2.0996616001411894e-07,7.443921390404284e-08,1.0765043043647893e-06,0.9999986290931702
TCGA:LUAD:TCGA-55-6971-01,LUAD,LUAD,8.605508128312067e-08,3.904805012666657e-08,7.902359016043192e-07,0.9999991059303284
TCGA:LUAD:TCGA-55-6972-01,LUAD,LUAD,0.0011383653618395329,0.0004854958096984774,0.0009827392641454935,0.9973934292793274
TCGA:LUAD:TCGA-55-6975-01,LUAD,LUAD,0.00033970799995586276,5.900121686863713e-05,0.0023158667609095573,0.9972854256629944
TCGA:LUAD:TCGA-55-6978-01,LUAD,LUAD,1.0649910109350458e-05,4.7011726564960554e-06,0.0007936035981401801,0.9991910457611084
TCGA:LUAD:TCGA-55-6979-01,LUAD,LUAD,4.601770706358366e-05,4.190260005998425e-05,0.0004478311166167259,0.9994642734527588
TCGA:LUAD:TCGA-55-6980-01,LUAD,LUAD,1.5296842548195855e-06,1.7810027941322915e-07,1.277030264645873e-06,0.9999970197677612
TCGA:LUAD:TCGA-55-6981-01,LUAD,LUAD,2.8241419158803183e-07,1.2875979393811576e-07,6.456838264057296e-07,0.999998927116394
TCGA:LUAD:TCGA-55-6982-01,LUAD,LUAD,0.00027875424711965024,0.0001499111094744876,0.0004770175728481263,0.9990943074226379
TCGA:LUAD:TCGA-55-6983-01,LUAD,LUAD,0.00033850307227112353,0.00021124767954461277,0.000933187548071146,0.9985170364379883
TCGA:LUAD:TCGA-55-6984-01,LUAD,LUAD,0.0010582705726847053,0.000646670232526958,0.004887704737484455,0.9934073686599731
TCGA:LUAD:TCGA-55-6985-01,LUAD,LUAD,5.353185770218261e-07,1.2202134769268014e-07,2.9736775104538538e-05,0.9999696016311646
TCGA:LUAD:TCGA-55-6986-01,LUAD,LUAD,0.00029334856662899256,0.00014612151426263154,0.0005193284014239907,0.9990411996841431
TCGA:LUAD:TCGA-55-6987-01,LUAD,LUAD,2.0388051780173555e-06,1.0162849548578379e-06,0.00011375491158105433,0.9998831748962402
TCGA:LUAD:TCGA-55-7227-01,LUAD,LUAD,0.0003242765087634325,0.00020520699035841972,0.0011726144002750516,0.998297929763794
TCGA:LUAD:TCGA-55-7281-01,LUAD,LUAD,0.0003294060588814318,0.0002788903657346964,0.0005051492480561137,0.9988865256309509
TCGA:LUAD:TCGA-55-7283-01,LUAD,LUAD,9.636321962602779e-09,8.100085935325296e-09,2.1855434795270412e-08,0.9999999403953552
TCGA:LUAD:TCGA-55-7284-01,LUAD,LUAD,6.612629022129113e-07,5.459416456687904e-07,4.825379164685728e-06,0.9999939799308777
TCGA:LUAD:TCGA-55-7570-01,LUAD,LUAD,0.007528320886194706,0.004171628504991531,0.4064629077911377,0.5818371176719666
TCGA:LUAD:TCGA-55-7573-01,LUAD,LUAD,7.269230263773352e-05,3.2154774089576676e-05,0.00019719783449545503,0.9996979832649231
TCGA:LUAD:TCGA-55-7574-01,LUAD,LUAD,9.089683771890122e-06,2.8060162549081724e-06,0.0013086532708257437,0.9986794590950012
TCGA:LUAD:TCGA-55-7576-01,LUAD,LUAD,4.285171962692402e-05,2.776824294414837e-05,0.00021754748013336211,0.999711811542511
TCGA:LUAD:TCGA-55-7724-01,LUAD,LSCC,0.00017359008779749274,0.00030433235224336386,0.999191403388977,0.00033065874595195055
TCGA:LUAD:TCGA-55-7725-01,LUAD,LUAD,0.0006647090194746852,0.0003053771797567606,0.0004560797242447734,0.9985738396644592
TCGA:LUAD:TCGA-55-7726-01,LUAD,LSCC,0.00697342911735177,0.006365567911416292,0.9373091459274292,0.049351878464221954
TCGA:LUAD:TCGA-55-7727-01,LUAD,LUAD,8.429280740074319e-08,1.9940403106488702e-08,5.493897674568871e-07,0.9999993443489075
TCGA:LUAD:TCGA-55-7728-01,LUAD,LUAD,8.213597197936906e-07,5.0887532410115455e-08,2.9244722554722102e-06,0.9999961853027344
TCGA:LUAD:TCGA-55-7815-01,LUAD,LUAD,6.962674888200127e-06,6.128574341346393e-07,7.218662631203188e-06,0.9999852180480957
TCGA:LUAD:TCGA-55-7816-01,LUAD,LUAD,0.18516075611114502,0.0036586932837963104,0.038498103618621826,0.7726824283599854
TCGA:LUAD:TCGA-55-7903-01,LUAD,LUAD,1.0736787317000562e-06,5.764026127508259e-07,1.8283837562194094e-05,0.999980092048645
TCGA:LUAD:TCGA-55-7907-01,LUAD,LUAD,3.953458144678734e-05,2.6841426006285474e-05,5.5818854889366776e-05,0.9998778104782104
TCGA:LUAD:TCGA-55-7910-01,LUAD,LUAD,2.9115387860656483e-06,8.775790547588258e-07,5.425375093182083e-06,0.9999907612800598
TCGA:LUAD:TCGA-55-7911-01,LUAD,LUAD,4.363586049294099e-05,2.227667937404476e-05,0.00011317933967802674,0.99982088804245
TCGA:LUAD:TCGA-55-7913-01,LUAD,LUAD,6.632324948441237e-05,6.940203456906602e-05,0.0002629794180393219,0.9996013045310974
TCGA:LUAD:TCGA-55-7914-01,LUAD,LUAD,0.0009518492151983082,0.0004277712432667613,0.0020408621057868004,0.9965795278549194
TCGA:LUAD:TCGA-55-7994-01,LUAD,LUAD,7.210551302705426e-07,3.685925662466616e-07,4.76512423119857e-06,0.999994158744812
TCGA:LUAD:TCGA-55-7995-01,LUAD,LUAD,1.5569803508697078e-05,1.5216207884805044e-06,3.252871101722121e-05,0.9999504089355469
TCGA:LUAD:TCGA-55-8085-01,LUAD,LUAD,6.529231200147478e-07,3.982919736245094e-07,2.548769998611533e-06,0.9999964237213135
TCGA:LUAD:TCGA-55-8087-01,LUAD,LUAD,2.5975580228987383e-06,9.418311606168572e-07,1.119195417231822e-06,0.9999953508377075
TCGA:LUAD:TCGA-55-8089-01,LUAD,LUAD,0.002096261130645871,0.0012482800520956516,0.059968121349811554,0.9366873502731323
TCGA:LUAD:TCGA-55-8090-01,LUAD,LUAD,2.722159422319237e-07,1.4216257682164724e-07,4.151780558458995e-06,0.9999954104423523
TCGA:LUAD:TCGA-55-8091-01,LUAD,LUAD,1.6354587160094525e-06,4.4514050046018383e-07,1.2084722584404517e-05,0.9999858140945435
TCGA:LUAD:TCGA-55-8092-01,LUAD,LUAD,0.00017248137737624347,7.470973650924861e-05,0.000816970772575587,0.9989358186721802
TCGA:LUAD:TCGA-55-8094-01,LUAD,LUAD,9.808850336412434e-06,2.7705507363862125e-06,2.098039294651244e-05,0.9999664425849915
TCGA:LUAD:TCGA-55-8096-01,LUAD,LUAD,0.00020644305914174765,2.4059523639152758e-05,7.392888073809445e-05,0.9996955394744873
TCGA:LUAD:TCGA-55-8097-01,LUAD,LUAD,4.9998103349935263e-05,1.767319736245554e-05,3.440784348640591e-05,0.9998978972434998
TCGA:LUAD:TCGA-55-8203-01,LUAD,LUAD,4.56032978490839e-07,1.648151197741754e-07,3.305126710984041e-06,0.9999960660934448
TCGA:LUAD:TCGA-55-8204-01,LUAD,LSCC,0.00023328384850174189,0.0008170359069481492,0.9928133487701416,0.006136327516287565
TCGA:LUAD:TCGA-55-8205-01,LUAD,LUAD,0.0007318870630115271,0.00037555707967840135,0.004832534119486809,0.9940600395202637
TCGA:LUAD:TCGA-55-8206-01,LUAD,LUAD,0.00041277988930232823,0.0001841191406128928,0.0003023275057785213,0.9991007447242737
TCGA:LUAD:TCGA-55-8207-01,LUAD,LUAD,5.0650960474740714e-05,1.813543713069521e-05,0.0001446517271688208,0.9997865557670593
TCGA:LUAD:TCGA-55-8208-01,LUAD,LUAD,9.931374734151177e-06,5.9133340073458385e-06,0.006771474611014128,0.9932126998901367
TCGA:LUAD:TCGA-55-8299-01,LUAD,LUAD,0.00524443993344903,0.0006326078437268734,0.056135840713977814,0.9379870891571045
TCGA:LUAD:TCGA-55-8301-01,LUAD,LUAD,0.00016534881433472037,0.00010569581354502589,0.0017928647575899959,0.9979360699653625
TCGA:LUAD:TCGA-55-8302-01,LUAD,LUAD,1.4210299923433922e-06,1.166185370493622e-06,0.000939001387450844,0.9990584254264832
TCGA:LUAD:TCGA-55-8505-01,LUAD,LUAD,4.883218934992328e-06,1.8145127569368924e-06,0.0002185013727284968,0.9997748136520386
TCGA:LUAD:TCGA-55-8506-01,LUAD,LUAD,8.771111424721312e-06,2.271395260322606e-06,0.00016004325880203396,0.9998289346694946
TCGA:LUAD:TCGA-55-8507-01,LUAD,LUAD,0.00033904059091582894,0.0001777201978256926,0.0007772981189191341,0.9987059235572815
TCGA:LUAD:TCGA-55-8508-01,LUAD,LUAD,2.3224014000788884e-07,6.192065171717331e-08,6.199170002219034e-06,0.9999935030937195
TCGA:LUAD:TCGA-55-8510-01,LUAD,LUAD,3.0479924362225574e-07,1.3788249475510383e-07,1.1142136600028607e-06,0.9999984502792358
TCGA:LUAD:TCGA-55-8511-01,LUAD,LUAD,5.675148599948443e-07,9.026897629382802e-08,2.0873899302387144e-06,0.9999972581863403
TCGA:LUAD:TCGA-55-8512-01,LUAD,LUAD,0.0008192291716113687,0.00011092720524175093,0.0130228903144598,0.9860469698905945
TCGA:LUAD:TCGA-55-8513-01,LUAD,LUAD,2.99613429888268e-06,1.1783276931964792e-06,4.274502134649083e-05,0.9999530911445618
TCGA:LUAD:TCGA-55-8514-01,LUAD,LUAD,0.00017438185750506818,4.7750418161740527e-05,0.0002695343573577702,0.9995083212852478
TCGA:LUAD:TCGA-55-8614-01,LUAD,LSCC,0.0007464333320967853,0.0008194066467694938,0.992401659488678,0.006032501347362995
TCGA:LUAD:TCGA-55-8615-01,LUAD,LUAD,8.297412250612979e-07,4.141101896948385e-07,2.538615262892563e-06,0.9999962449073792
TCGA:LUAD:TCGA-55-8616-01,LUAD,LUAD,0.0020230330992490053,0.0007450957200489938,0.0039302147924900055,0.9933016300201416
TCGA:LUAD:TCGA-55-8619-01,LUAD,LUAD,5.865711864316836e-05,4.865642040385865e-05,0.0004151021712459624,0.9994775652885437
TCGA:LUAD:TCGA-55-8620-01,LUAD,LUAD,0.00276008783839643,0.0008173146052286029,0.02132882922887802,0.9750937819480896
TCGA:LUAD:TCGA-55-8621-01,LUAD,LUAD,3.5189358982279373e-07,2.0782049148238002e-07,1.6103722373372875e-05,0.9999833106994629
TCGA:LUAD:TCGA-55-A48X-01,LUAD,LUAD,2.6613255954544e-07,1.327339447243503e-07,4.4864273149869405e-06,0.9999951124191284
TCGA:LUAD:TCGA-55-A48Y-01,LUAD,LUAD,1.1917109077330679e-07,1.2110564995282402e-08,1.3045316791249206e-06,0.9999985694885254
TCGA:LUAD:TCGA-55-A48Z-01,LUAD,LUAD,1.916440197646807e-07,3.282736429355282e-07,7.496558396269393e-07,0.9999987483024597
TCGA:LUAD:TCGA-55-A490-01,LUAD,LUAD,8.450791938230395e-06,8.763006917433813e-06,0.00027025630697607994,0.9997125267982483
TCGA:LUAD:TCGA-55-A491-01,LUAD,LUAD,4.569785119201697e-07,7.37946734830075e-08,3.251927296332724e-07,0.9999991655349731
TCGA:LUAD:TCGA-55-A492-01,LUAD,LUAD,0.0004221538547426462,0.00021191805717535317,0.0005834775511175394,0.9987824559211731
TCGA:LUAD:TCGA-55-A493-01,LUAD,LUAD,0.0013997434871271253,0.0009187384857796133,0.02590557187795639,0.9717759490013123
TCGA:LUAD:TCGA-55-A494-01,LUAD,LUAD,5.0513756377768e-07,7.952492353524576e-08,1.56050703026267e-07,0.9999992847442627
TCGA:LUAD:TCGA-55-A4DF-01,LUAD,LUAD,2.56840303336503e-06,1.0211318794972613e-06,0.0008429589215666056,0.9991534352302551
TCGA:LUAD:TCGA-55-A4DG-01,LUAD,LUAD,1.6216011999858893e-06,6.095701223784999e-07,3.47376658282883e-06,0.9999942779541016
TCGA:LUAD:TCGA-55-A57B-01,LUAD,LUAD,1.3619628589367494e-06,4.102220998447592e-07,1.0854743777599651e-05,0.9999873638153076
TCGA:LUAD:TCGA-62-8394-01,LUAD,LUAD,7.221035502880113e-07,4.645980027362384e-07,9.358645002066623e-06,0.9999894499778748
TCGA:LUAD:TCGA-62-8395-01,LUAD,LUAD,4.8255238027650194e-08,2.150488143115581e-08,2.3515053726441693e-07,0.9999997019767761
TCGA:LUAD:TCGA-62-8397-01,LUAD,LUAD,7.447900429724541e-07,2.9218826469445958e-08,1.4012817928232835e-07,0.9999991059303284
TCGA:LUAD:TCGA-62-8398-01,LUAD,LUAD,1.051047249234216e-07,6.01951342105167e-08,1.9786668872256996e-06,0.9999978542327881
TCGA:LUAD:TCGA-62-8399-01,LUAD,LUAD,5.923397949914033e-08,3.80590599036168e-08,2.5087647372856736e-06,0.9999973773956299
TCGA:LUAD:TCGA-62-8402-01,LUAD,LUAD,0.0004621603584382683,0.0004110007721465081,0.0019635315984487534,0.9971632957458496
TCGA:LUAD:TCGA-62-A46O-01,LUAD,LUAD,0.00041894192690961063,0.0001129076918005012,0.0025269242469221354,0.9969412088394165
TCGA:LUAD:TCGA-62-A46P-01,LUAD,LUAD,6.263970863074064e-05,4.930463182972744e-05,0.0001547616848256439,0.9997332692146301
TCGA:LUAD:TCGA-62-A46R-01,LUAD,LUAD,0.0004811055841855705,0.00021946497145108879,0.0003880670410580933,0.9989113807678223
TCGA:LUAD:TCGA-62-A46S-01,LUAD,LUAD,4.7311817752415664e-07,2.311313238578805e-07,5.518691068573389e-07,0.9999987483024597
TCGA:LUAD:TCGA-62-A46U-01,LUAD,LUAD,1.5153135791479144e-05,1.2480173836593167e-06,1.094010985980276e-05,0.9999726414680481
TCGA:LUAD:TCGA-62-A46V-01,LUAD,LUAD,4.300329237594269e-05,1.2246041478647385e-06,3.381329861440463e-06,0.9999523758888245
TCGA:LUAD:TCGA-62-A46Y-01,LUAD,LUAD,2.4128668883349746e-05,2.012057666433975e-05,2.8070775442756712e-05,0.9999276995658875
TCGA:LUAD:TCGA-62-A470-01,LUAD,LUAD,0.00037261415855027735,0.00019015684665646404,0.001038110931403935,0.9983991384506226
TCGA:LUAD:TCGA-62-A471-01,LUAD,LUAD,0.0020940308459103107,0.003605620004236698,0.07745984196662903,0.9168404936790466
TCGA:LUAD:TCGA-62-A472-01,LUAD,LUAD,1.397029905092495e-06,5.210874860495096e-07,9.808192771743052e-06,0.9999882578849792
TCGA:LUAD:TCGA-64-1676-01,LUAD,LUAD,0.0011069894535467029,0.0003838693955913186,0.0015970905078575015,0.9969120621681213
TCGA:LUAD:TCGA-64-1677-01,LUAD,LUAD,2.996054604409437e-07,1.0305114273023719e-07,2.5423798433621414e-05,0.9999741911888123
TCGA:LUAD:TCGA-64-1678-01,LUAD,LUAD,1.1614020877459552e-05,2.890788209697348e-06,0.0016501819482073188,0.9983353018760681
TCGA:LUAD:TCGA-64-1679-01,LUAD,LUAD,0.0006871463265269995,9.247069101547822e-05,0.011773969046771526,0.9874464273452759
TCGA:LUAD:TCGA-64-1680-01,LUAD,LUAD,0.0003797157551161945,0.00019882152264472097,0.0006525326753035188,0.9987689256668091
TCGA:LUAD:TCGA-64-1681-01,LUAD,LUAD,0.0006588902906514704,0.0003735115460585803,0.0006313565536402166,0.9983362555503845
TCGA:LUAD:TCGA-64-5774-01,LUAD,LUAD,0.0013714544475078583,0.0007779091247357428,0.003813906107097864,0.9940367341041565
TCGA:LUAD:TCGA-64-5775-01,LUAD,LUAD,0.01628926768898964,0.005959534086287022,0.00838145986199379,0.9693697094917297
TCGA:LUAD:TCGA-64-5778-01,LUAD,LUAD,7.2548395735339e-08,3.311107477088626e-08,8.854516408973723e-07,0.9999989867210388
TCGA:LUAD:TCGA-64-5779-01,LUAD,LUAD,0.0006966631626710296,0.00024740438675507903,0.00230880593881011,0.9967471361160278
TCGA:LUAD:TCGA-64-5781-01,LUAD,LUAD,0.0007133363978937268,0.00017089303582906723,0.0009918299037963152,0.9981239438056946
TCGA:LUAD:TCGA-64-5815-01,LUAD,LUAD,0.0020058108493685722,0.0009071859531104565,0.0192281361669302,0.97785884141922
TCGA:LUAD:TCGA-67-3770-01,LUAD,LUAD,3.2953118989098584e-07,9.923476262940767e-09,2.0368089437283743e-08,0.9999996423721313
TCGA:LUAD:TCGA-67-3771-01,LUAD,LUAD,0.00018531607929617167,9.263433457817882e-05,0.0062729958444833755,0.9934490323066711
TCGA:LUAD:TCGA-67-3772-01,LUAD,LUAD,7.771979539938911e-07,1.5494354954626033e-07,1.6202060351133696e-06,0.9999974370002747
TCGA:LUAD:TCGA-67-3773-01,LUAD,LUAD,0.000941795646212995,0.0001879096234915778,0.0002852633479051292,0.998585045337677
TCGA:LUAD:TCGA-67-3774-01,LUAD,LUAD,6.425668743759161e-07,2.77691384553691e-07,4.6439963625743985e-06,0.9999944567680359
TCGA:LUAD:TCGA-67-4679-01,LUAD,LUAD,7.980532927831518e-07,2.673931192020973e-07,1.607549279469822e-06,0.9999973177909851
TCGA:LUAD:TCGA-67-6215-01,LUAD,LUAD,6.9869597609795164e-06,3.7175668694544584e-06,6.349059549393132e-05,0.9999257922172546
TCGA:LUAD:TCGA-67-6216-01,LUAD,LUAD,4.330924952000714e-08,6.6104677287626146e-09,1.0588929910682054e-07,0.9999998211860657
TCGA:LUAD:TCGA-67-6217-01,LUAD,LUAD,5.967503966530785e-07,3.120995302197116e-07,6.78883850468992e-07,0.9999983906745911
TCGA:LUAD:TCGA-69-7760-01,LUAD,LUAD,3.5548875985114137e-06,1.6731404457459575e-06,5.340313873603009e-05,0.999941349029541
TCGA:LUAD:TCGA-69-7761-01,LUAD,LUAD,0.0013120982330292463,0.0009871156653389335,0.002362742554396391,0.9953380227088928
TCGA:LUAD:TCGA-69-7763-01,LUAD,LUAD,0.0004924276145175099,0.00030145145137794316,0.0077564911916852,0.9914496541023254
TCGA:LUAD:TCGA-69-7764-01,LUAD,LUAD,0.0002737441100180149,0.0001641399721847847,0.00033195113064721227,0.999230146408081
TCGA:LUAD:TCGA-69-7765-01,LUAD,LUAD,2.875375457733753e-06,1.225894379786041e-06,3.183282387908548e-05,0.9999640583992004
TCGA:LUAD:TCGA-69-7973-01,LUAD,LUAD,6.738919182680547e-05,3.140573971904814e-05,0.00015631159476470202,0.9997448921203613
TCGA:LUAD:TCGA-69-7974-01,LUAD,LUAD,5.604525767921587e-07,3.3892709438987367e-07,4.951314622303471e-06,0.999994158744812
TCGA:LUAD:TCGA-69-7978-01,LUAD,LUAD,4.294348764233291e-05,2.269672040711157e-05,0.00036931413342244923,0.999565064907074
TCGA:LUAD:TCGA-69-7979-01,LUAD,LUAD,0.0031417671125382185,0.0009117256850004196,0.016769563779234886,0.979176938533783
TCGA:LUAD:TCGA-69-7980-01,LUAD,LUAD,2.2009857048033155e-07,1.0924938464995648e-07,1.2658738341997378e-06,0.9999983906745911
TCGA:LUAD:TCGA-69-8253-01,LUAD,LUAD,0.0003143630165141076,0.0001847375533543527,0.0008911946206353605,0.998609721660614
TCGA:LUAD:TCGA-69-8254-01,LUAD,LUAD,4.238511905896303e-07,1.8532051626607426e-07,7.569318540845416e-07,0.9999986290931702
TCGA:LUAD:TCGA-69-8255-01,LUAD,LUAD,4.1798721213126555e-05,1.464871002099244e-05,0.004660983569920063,0.9952825903892517
TCGA:LUAD:TCGA-69-8453-01,LUAD,LUAD,5.6809432862792164e-05,3.840519275399856e-05,0.00046262991963885725,0.9994421601295471
TCGA:LUAD:TCGA-69-A59K-01,LUAD,LUAD,0.006806268356740475,0.0026377830654382706,0.010113460943102837,0.980442464351654
TCGA:LUAD:TCGA-71-6725-01,LUAD,LUAD,1.2982695807295386e-05,1.6171810557352728e-06,5.115867679705843e-06,0.9999802708625793
TCGA:LUAD:TCGA-71-8520-01,LUAD,LUAD,0.00029967131558805704,0.00013837761071044952,0.00021086615743115544,0.9993510842323303
TCGA:LUAD:TCGA-73-4658-01,LUAD,LUAD,1.4199946463122615e-06,5.679917762790865e-07,4.146584615227766e-06,0.9999938607215881
TCGA:LUAD:TCGA-73-4659-01,LUAD,LUAD,4.4536085397339775e-07,1.719055831017613e-07,8.342530236404855e-06,0.9999910593032837
TCGA:LUAD:TCGA-73-4662-01,LUAD,LUAD,5.508510412255418e-07,2.418650808522216e-07,1.0814936786118778e-06,0.999998152256012
TCGA:LUAD:TCGA-73-4666-01,LUAD,LUAD,9.522096661385149e-05,5.3384890634333715e-05,0.0004981469828635454,0.9993532299995422
TCGA:LUAD:TCGA-73-4668-01,LUAD,LUAD,1.0009939614974428e-05,5.065410732640885e-06,4.0733040805207565e-05,0.9999442100524902
TCGA:LUAD:TCGA-73-4670-01,LUAD,LUAD,0.014955839142203331,0.004163945093750954,0.3664119243621826,0.6144682765007019
TCGA:LUAD:TCGA-73-4675-01,LUAD,LUAD,4.329616132281444e-08,1.164144958210045e-08,1.723710312262483e-07,0.9999997615814209
TCGA:LUAD:TCGA-73-4676-01,LUAD,LUAD,4.3255977288936265e-06,1.3542704664359917e-06,0.003934083040803671,0.9960602521896362
TCGA:LUAD:TCGA-73-4677-01,LUAD,LUAD,6.532370662171161e-07,3.5065528436462046e-07,4.788077148987213e-06,0.9999942183494568
TCGA:LUAD:TCGA-73-7498-01,LUAD,LUAD,4.544342664303258e-05,3.144255606457591e-05,4.073518357472494e-05,0.9998824000358582
TCGA:LUAD:TCGA-73-7499-01,LUAD,LUAD,9.275548109144438e-06,3.212688534404151e-05,7.596339128213003e-05,0.9998826384544373
TCGA:LUAD:TCGA-73-A9RS-01,LUAD,LUAD,0.0006167555111460388,8.386877743760124e-05,0.00018397963140159845,0.9991154074668884
TCGA:LUAD:TCGA-75-5122-01,LUAD,LUAD,0.000787422526627779,0.000747261568903923,0.003910323604941368,0.9945549964904785
TCGA:LUAD:TCGA-75-5125-01,LUAD,LUAD,0.0013567842543125153,0.0006203620578162372,0.01142375823110342,0.9865990877151489
TCGA:LUAD:TCGA-75-5126-01,LUAD,LUAD,6.245906661206391e-06,1.8214311694464413e-06,0.00019784440519288182,0.999794065952301
TCGA:LUAD:TCGA-75-5146-01,LUAD,LUAD,2.9666703994735144e-05,1.4305621334642638e-05,0.00012434205564204603,0.9998316764831543
TCGA:LUAD:TCGA-75-5147-01,LUAD,LUAD,0.0004004238871857524,0.00016474818403366953,0.0009130531107075512,0.9985217452049255
TCGA:LUAD:TCGA-75-6203-01,LUAD,LUAD,4.3494932810972387e-07,1.256090769174989e-07,1.3165712289264775e-06,0.999998152256012
TCGA:LUAD:TCGA-75-6205-01,LUAD,LUAD,2.2653164705843665e-05,6.239108643057989e-07,0.0002174806868424639,0.9997592568397522
TCGA:LUAD:TCGA-75-6206-01,LUAD,LUAD,0.00038454693276435137,0.0001565376005601138,0.00030188256641849875,0.9991570115089417
TCGA:LUAD:TCGA-75-6207-01,LUAD,LUAD,1.5311597962863743e-06,7.6478862354179e-08,2.3541172140539857e-06,0.9999960660934448
TCGA:LUAD:TCGA-75-6211-01,LUAD,LUAD,3.944594482163666e-06,2.317098960702424e-06,0.00020659412257373333,0.9997871518135071
TCGA:LUAD:TCGA-75-6212-01,LUAD,LUAD,2.912339823524235e-06,8.560057835893531e-07,6.819627742515877e-06,0.99998939037323
TCGA:LUAD:TCGA-75-6214-01,LUAD,LSCC,0.01110658049583435,0.06513457000255585,0.5417461395263672,0.3820126950740814
TCGA:LUAD:TCGA-75-7025-01,LUAD,LUAD,3.0302180675789714e-06,3.8613728747805e-07,7.361241387116024e-06,0.9999892115592957
TCGA:LUAD:TCGA-75-7027-01,LUAD,LUAD,4.12632334700902e-06,1.4386674820343615e-06,7.562138489447534e-05,0.9999188184738159
TCGA:LUAD:TCGA-75-7030-01,LUAD,LUAD,0.00037609858554787934,0.00027231776039116085,0.003624377539381385,0.9957271814346313
TCGA:LUAD:TCGA-75-7031-01,LUAD,LUAD,2.548067925545183e-07,9.302184622583809e-08,1.394921810060623e-06,0.9999982714653015
TCGA:LUAD:TCGA-78-7143-01,LUAD,LUAD,2.563079760875553e-05,1.5343728591687977e-05,3.490499875624664e-05,0.9999241232872009
TCGA:LUAD:TCGA-78-7145-01,LUAD,LUAD,8.209716639839826e-08,2.5274230708305367e-08,3.336738245707238e-07,0.9999995827674866
TCGA:LUAD:TCGA-78-7146-01,LUAD,LUAD,0.0001435972226317972,2.1882155124330893e-05,0.00321634067222476,0.9966181516647339
TCGA:LUAD:TCGA-78-7147-01,LUAD,LUAD,4.385059583000839e-05,2.538835360610392e-05,5.662546755047515e-05,0.9998741149902344
TCGA:LUAD:TCGA-78-7148-01,LUAD,LUAD,0.0002491232880856842,0.00014906712749507278,0.0004385337815620005,0.9991632699966431
TCGA:LUAD:TCGA-78-7149-01,LUAD,LUAD,0.00041937685455195606,0.00022874811838846654,0.001125428476370871,0.9982264637947083
TCGA:LUAD:TCGA-78-7150-01,LUAD,LUAD,0.00015413379878737032,0.00011752170394174755,0.0038868903648108244,0.9958414435386658
TCGA:LUAD:TCGA-78-7152-01,LUAD,LUAD,6.054833647795022e-07,1.9154731489834376e-06,3.945359367207857e-06,0.9999935626983643
TCGA:LUAD:TCGA-78-7153-01,LUAD,LUAD,0.00013258313992992043,7.871911657275632e-05,0.0002636530844029039,0.9995250701904297
TCGA:LUAD:TCGA-78-7154-01,LUAD,LUAD,0.0013799357693642378,0.00034890658571384847,0.01054898090660572,0.9877221584320068
TCGA:LUAD:TCGA-78-7155-01,LUAD,LUAD,0.20404767990112305,0.03938576579093933,0.33859017491340637,0.41797637939453125
TCGA:LUAD:TCGA-78-7156-01,LUAD,LUAD,0.0008164352038875222,0.0003475834964774549,0.0011028768494725227,0.9977331161499023
TCGA:LUAD:TCGA-78-7158-01,LUAD,LUAD,1.088013596017845e-05,2.608176373541937e-06,2.5460245524300262e-05,0.9999610781669617
TCGA:LUAD:TCGA-78-7159-01,LUAD,LUAD,5.835269348608563e-06,6.904515998940042e-07,1.1680871466523968e-05,0.9999818205833435
TCGA:LUAD:TCGA-78-7160-01,LUAD,LUAD,8.286654633593571e-07,4.731174954031303e-07,3.1117763228394324e-06,0.9999955892562866
TCGA:LUAD:TCGA-78-7161-01,LUAD,LUAD,0.00035111710894852877,0.00015009089838713408,0.00030510948272421956,0.9991936683654785
TCGA:LUAD:TCGA-78-7162-01,LUAD,LUAD,3.439405554672703e-05,2.4710705474717543e-05,9.873967064777389e-05,0.9998421669006348
TCGA:LUAD:TCGA-78-7163-01,LUAD,LUAD,3.289769301773049e-05,3.974597802880453e-06,3.3407100090698805e-06,0.9999597668647766
TCGA:LUAD:TCGA-78-7166-01,LUAD,LUAD,8.244977038884826e-07,4.242988040914497e-07,6.333159035420977e-06,0.9999924302101135
TCGA:LUAD:TCGA-78-7167-01,LUAD,LUAD,9.124871667154366e-07,3.551528209300159e-07,8.15212615634664e-07,0.9999979138374329
TCGA:LUAD:TCGA-78-7220-01,LUAD,LUAD,0.00010639219544827938,5.859563680132851e-05,0.00019527255790308118,0.9996397495269775
TCGA:LUAD:TCGA-78-7535-01,LUAD,LUAD,7.014178322606313e-07,3.9255550632333325e-07,1.6800361208879622e-06,0.9999971985816956
TCGA:LUAD:TCGA-78-7536-01,LUAD,LUAD,0.004361378028988838,0.0016043272335082293,0.009679964743554592,0.9843543171882629
TCGA:LUAD:TCGA-78-7537-01,LUAD,LUAD,3.203455662514898e-06,2.2735321181244217e-06,1.5437495676451363e-05,0.9999790787696838
TCGA:LUAD:TCGA-78-7539-01,LUAD,LUAD,5.015595547774865e-07,1.1657936482833975e-07,2.954101603336312e-07,0.9999991059303284
TCGA:LUAD:TCGA-78-7540-01,LUAD,LUAD,4.5386687475001963e-07,2.96503685603966e-07,3.835487405012827e-06,0.9999954104423523
TCGA:LUAD:TCGA-78-7542-01,LUAD,LUAD,0.000337580539053306,0.002233536448329687,0.21511387825012207,0.7823150157928467
TCGA:LUAD:TCGA-78-7633-01,LUAD,LUAD,0.0007523815729655325,0.0002753293083515018,0.000744934193789959,0.9982273578643799
TCGA:LUAD:TCGA-78-8640-01,LUAD,LUAD,1.8656089650903596e-07,3.998566100449352e-08,1.0882938568101963e-06,0.9999986886978149
TCGA:LUAD:TCGA-78-8648-01,LUAD,LUAD,1.3476874300977215e-05,4.050233656016644e-06,0.0019714906811714172,0.9980109930038452
TCGA:LUAD:TCGA-78-8655-01,LUAD,LUAD,1.0193532489211066e-06,4.1556003793630225e-07,2.180429646614357e-06,0.9999963641166687
TCGA:LUAD:TCGA-78-8660-01,LUAD,LUAD,1.694875351176961e-07,7.735759055549352e-08,1.0301580005034339e-05,0.9999894499778748
TCGA:LUAD:TCGA-78-8662-01,LUAD,LUAD,5.550195055548102e-05,6.078191290725954e-06,0.0011936130467802286,0.998744785785675
TCGA:LUAD:TCGA-80-5607-01,LUAD,LUAD,2.396363743173424e-05,1.594904824742116e-05,8.832439198158681e-05,0.9998717904090881
TCGA:LUAD:TCGA-80-5608-01,LUAD,LUAD,6.306249247245432e-07,3.416982394810475e-07,1.047674345500127e-06,0.9999979734420776
TCGA:LUAD:TCGA-80-5611-01,LUAD,LUAD,0.00044823612552136183,2.3950192371557932e-06,3.130793629679829e-05,0.9995180368423462
TCGA:LUAD:TCGA-83-5908-01,LUAD,LUAD,0.00012865637836512178,0.000100523597211577,0.006039174273610115,0.9937316179275513
TCGA:LUAD:TCGA-86-6562-01,LUAD,LUAD,1.8264731949102497e-08,6.400233232284336e-09,1.1916160502778439e-07,0.9999998807907104
TCGA:LUAD:TCGA-86-6851-01,LUAD,LUAD,3.833255050267326e-06,1.3346019613891258e-06,7.61004484957084e-05,0.9999187588691711
TCGA:LUAD:TCGA-86-7701-01,LUAD,LUAD,1.3920879382567364e-06,2.795113118736481e-07,0.0015212700236588717,0.998477041721344
TCGA:LUAD:TCGA-86-7711-01,LUAD,LUAD,0.002557316329330206,6.675687473034486e-06,0.0010559145594015718,0.996380090713501
TCGA:LUAD:TCGA-86-7713-01,LUAD,LUAD,1.354869425540528e-07,7.266466184319142e-08,3.3783758226491045e-06,0.9999964237213135
TCGA:LUAD:TCGA-86-7714-01,LUAD,LUAD,1.2418550454640354e-07,6.719870881966017e-09,3.136233317491133e-08,0.9999998211860657
TCGA:LUAD:TCGA-86-7953-01,LUAD,LUAD,0.0006631784490309656,0.00036068898043595254,0.0017002469394356012,0.9972758889198303
TCGA:LUAD:TCGA-86-7954-01,LUAD,LUAD,1.6761918004704057e-06,4.0501893749933515e-07,2.393429349467624e-05,0.9999740123748779
TCGA:LUAD:TCGA-86-7955-01,LUAD,LUAD,0.009619511663913727,0.0020278659649193287,0.029255956411361694,0.9590966701507568
TCGA:LUAD:TCGA-86-8054-01,LUAD,LUAD,0.0011329101398587227,0.00046508078230544925,0.005345450714230537,0.9930565357208252
TCGA:LUAD:TCGA-86-8055-01,LUAD,LUAD,2.930697746705846e-07,2.611692373477581e-08,1.379108289256692e-05,0.9999858736991882
TCGA:LUAD:TCGA-86-8056-01,LUAD,LUAD,3.0162308917169867e-07,1.955472725967411e-07,9.853321216723998e-07,0.9999985098838806
TCGA:LUAD:TCGA-86-8073-01,LUAD,LUAD,6.881410854475689e-07,2.980406748065434e-07,5.072718067822279e-06,0.9999939203262329
TCGA:LUAD:TCGA-86-8074-01,LUAD,LUAD,2.377075134063489e-06,1.376754994453222e-07,1.3148809330232325e-06,0.9999961853027344
TCGA:LUAD:TCGA-86-8075-01,LUAD,LUAD,1.254999801858503e-07,1.4960871652647256e-08,1.4182754171088163e-07,0.9999997019767761
TCGA:LUAD:TCGA-86-8076-01,LUAD,LUAD,0.0005864974809810519,0.00032097281655296683,0.0020427440758794546,0.9970498085021973
TCGA:LUAD:TCGA-86-8278-01,LUAD,LUAD,8.868401891959365e-06,9.58983719101525e-07,2.0830484572798014e-05,0.9999693632125854
TCGA:LUAD:TCGA-86-8279-01,LUAD,LUAD,0.00023194029927253723,2.8244750865269452e-05,0.00013088608102407306,0.9996089339256287
TCGA:LUAD:TCGA-86-8280-01,LUAD,LUAD,2.303083448396137e-07,1.2133041593642702e-07,3.193247266608523e-07,0.9999993443489075
TCGA:LUAD:TCGA-86-8281-01,LUAD,LUAD,6.404280838978593e-07,2.4779870955171646e-07,1.204126874654321e-06,0.9999979138374329
TCGA:LUAD:TCGA-86-8358-01,LUAD,LUAD,0.0027953090611845255,0.0011491318000480533,0.15684296190738678,0.8392125964164734
TCGA:LUAD:TCGA-86-8359-01,LUAD,LUAD,1.4350650872074766e-06,6.124018909758888e-07,1.7926757209352218e-05,0.9999800324440002
TCGA:LUAD:TCGA-86-8585-01,LUAD,LUAD,0.00039830556488595903,0.00021059442951809615,0.0026048605795949697,0.9967862367630005
TCGA:LUAD:TCGA-86-8668-01,LUAD,LUAD,2.8083657070965273e-06,4.5682060090257437e-07,8.91356830834411e-06,0.9999878406524658
TCGA:LUAD:TCGA-86-8669-01,LUAD,LUAD,6.208402965057758e-07,7.63697755701287e-07,2.9456675747496774e-06,0.9999956488609314
TCGA:LUAD:TCGA-86-8671-01,LUAD,LUAD,0.00010652546916389838,3.903975448338315e-05,0.00033353950129821897,0.9995208978652954
TCGA:LUAD:TCGA-86-8672-01,LUAD,LUAD,1.162128810960894e-07,3.802226089533178e-08,2.8294855383137474e-06,0.9999970197677612
TCGA:LUAD:TCGA-86-8673-01,LUAD,LUAD,0.00012355676153674722,4.0688046283321455e-05,0.00010420085163787007,0.9997315406799316
TCGA:LUAD:TCGA-86-8674-01,LUAD,LUAD,1.6925482668739278e-06,1.0563488785919617e-06,5.7640481827547774e-05,0.9999396204948425
TCGA:LUAD:TCGA-86-A456-01,LUAD,LUAD,1.2926340886565413e-08,6.1535585516026e-09,4.099979022953448e-08,0.9999999403953552
TCGA:LUAD:TCGA-86-A4D0-01,LUAD,LUAD,0.0008364630630239844,0.00033529242500662804,0.0040136296302080154,0.9948146343231201
TCGA:LUAD:TCGA-86-A4JF-01,LUAD,LUAD,4.6341941924765706e-05,1.6699685147614218e-05,5.89289738854859e-05,0.9998780488967896
TCGA:LUAD:TCGA-86-A4P7-01,LUAD,LUAD,6.11797020155791e-07,3.9017754716041964e-07,1.271426526727737e-06,0.9999977350234985
TCGA:LUAD:TCGA-86-A4P8-01,LUAD,LUAD,0.00267238961532712,0.000991607317700982,0.004378518555313349,0.9919574856758118
TCGA:LUAD:TCGA-91-6828-01,LUAD,LUAD,4.274268121662317e-07,2.155296954242658e-07,7.985212846506329e-07,0.9999985694885254
TCGA:LUAD:TCGA-91-6829-01,LUAD,LUAD,0.001416227431036532,0.0003260598750784993,0.0019620091188699007,0.996295690536499
TCGA:LUAD:TCGA-91-6830-01,LUAD,LUAD,9.281316124543082e-06,2.8802194265153958e-06,0.0004570433811750263,0.9995307922363281
TCGA:LUAD:TCGA-91-6831-01,LUAD,LUAD,1.5576583791698795e-06,4.637261099560419e-07,7.533974439866142e-06,0.9999904632568359
TCGA:LUAD:TCGA-91-6835-01,LUAD,LUAD,5.0275088142370805e-05,2.8524695153464563e-05,0.00034062383929267526,0.9995805621147156
TCGA:LUAD:TCGA-91-6836-01,LUAD,LUAD,1.1324207662255503e-05,9.314069870924868e-07,3.787451714742929e-05,0.9999498724937439
TCGA:LUAD:TCGA-91-6840-01,LUAD,LUAD,0.0005041947588324547,9.004688035929576e-05,0.0010576839558780193,0.99834805727005
TCGA:LUAD:TCGA-91-6847-01,LUAD,LUAD,0.3927328288555145,0.002611918142065406,0.05111716315150261,0.5535380840301514
TCGA:LUAD:TCGA-91-6848-01,LUAD,LSCC,0.002810826525092125,0.001025969977490604,0.8105519413948059,0.18561124801635742
TCGA:LUAD:TCGA-91-6849-01,LUAD,LUAD,3.8817450587202984e-08,1.5876338466114248e-08,2.812332411394891e-07,0.9999996423721313
TCGA:LUAD:TCGA-91-7771-01,LUAD,LUAD,4.4938104792890954e-07,4.292788560178451e-07,2.2447686660598265e-06,0.9999969005584717
TCGA:LUAD:TCGA-91-8496-01,LUAD,LUAD,2.2186972614690603e-07,3.864268194320175e-08,9.067068873491735e-08,0.9999996423721313
TCGA:LUAD:TCGA-91-8497-01,LUAD,LUAD,3.998918529646289e-08,2.1988970644315486e-08,1.557057629497649e-07,0.9999997615814209
TCGA:LUAD:TCGA-91-8499-01,LUAD,LSCC,0.01492421142756939,0.000788648787420243,0.861175000667572,0.12311211228370667
TCGA:LUAD:TCGA-91-A4BC-01,LUAD,LUAD,4.396455324240378e-07,2.5835623773673433e-07,1.9021608750335872e-05,0.9999802708625793
TCGA:LUAD:TCGA-91-A4BD-01,LUAD,LUAD,4.393375274958089e-05,2.4323393517988734e-05,3.4083739592460915e-05,0.9998976588249207
TCGA:LUAD:TCGA-93-7347-01,LUAD,LUAD,2.6272106268265816e-08,1.4912854950921428e-08,4.115200269438901e-08,0.9999999403953552
TCGA:LUAD:TCGA-93-7348-01,LUAD,LUAD,9.219639309776539e-07,4.2343248196630157e-07,3.4217948723380687e-06,0.999995231628418
TCGA:LUAD:TCGA-93-8067-01,LUAD,LUAD,9.97539359559596e-07,3.81085811795856e-07,4.568767508317251e-06,0.9999940395355225
TCGA:LUAD:TCGA-93-A4JN-01,LUAD,LUAD,9.834852221501933e-08,3.032044304518422e-08,1.809262812457746e-06,0.9999980330467224
TCGA:LUAD:TCGA-93-A4JO-01,LUAD,LUAD,0.00249071279540658,0.0013526182156056166,0.035557568073272705,0.9605991244316101
TCGA:LUAD:TCGA-93-A4JP-01,LUAD,LUAD,2.2665297365165316e-05,7.507639566028956e-06,3.930958700948395e-05,0.9999305009841919
TCGA:LUAD:TCGA-93-A4JQ-01,LUAD,LUAD,4.728640851681121e-05,3.0027722459635697e-05,0.0003732230106834322,0.9995494484901428
TCGA:LUAD:TCGA-95-7039-01,LUAD,LUAD,3.072540130233392e-05,1.683184746070765e-05,6.310251774266362e-05,0.9998893141746521
TCGA:LUAD:TCGA-95-7043-01,LUAD,LUAD,7.155481580412015e-05,2.161135626010946e-06,0.00019183273252565414,0.9997344613075256
TCGA:LUAD:TCGA-95-7562-01,LUAD,LUAD,0.00022986758267506957,1.0694460797822103e-05,0.0006883494206704199,0.9990710616111755
TCGA:LUAD:TCGA-95-7567-01,LUAD,LUAD,3.116153038718039e-06,2.1059513528598472e-06,8.507473103236407e-05,0.9999096989631653
TCGA:LUAD:TCGA-95-7944-01,LUAD,LUAD,0.005390444304794073,0.014969675801694393,0.04208572581410408,0.9375541806221008
TCGA:LUAD:TCGA-95-7947-01,LUAD,LUAD,0.002253822749480605,0.0005166216869838536,0.0055202157236635685,0.9917093515396118
TCGA:LUAD:TCGA-95-7948-01,LUAD,LUAD,0.007693340536206961,0.0012684037210419774,0.0033111735247075558,0.9877271056175232
TCGA:LUAD:TCGA-95-8039-01,LUAD,LUAD,4.969244855601573e-07,2.226752968681467e-07,5.484965868163272e-07,0.9999987483024597
TCGA:LUAD:TCGA-95-8494-01,LUAD,LUAD,0.0014668076764792204,0.0005386330303736031,0.002722933189943433,0.995271623134613
TCGA:LUAD:TCGA-95-A4VK-01,LUAD,LUAD,4.962778348271968e-07,3.184431989211589e-07,6.829423000453971e-07,0.9999985098838806
TCGA:LUAD:TCGA-95-A4VN-01,LUAD,LUAD,2.838183172571007e-05,1.8707551134866662e-05,0.00012436062388587743,0.999828577041626
TCGA:LUAD:TCGA-95-A4VP-01,LUAD,LUAD,1.0313460307997957e-07,5.46055112238264e-08,7.927529850348947e-07,0.9999990463256836
TCGA:LUAD:TCGA-97-7546-01,LUAD,LUAD,1.3070989552943502e-06,6.952672038096352e-08,7.109727562237822e-07,0.9999979138374329
TCGA:LUAD:TCGA-97-7547-01,LUAD,LUAD,5.800074723083526e-05,3.9765120163792744e-05,6.468741776188836e-05,0.9998375177383423
TCGA:LUAD:TCGA-97-7552-01,LUAD,LUAD,2.930047173776984e-07,1.4090964839397202e-07,2.167977299905033e-06,0.9999973773956299
TCGA:LUAD:TCGA-97-7553-01,LUAD,LUAD,1.1676762312617939e-07,4.933355768343972e-08,2.71021417574957e-06,0.9999971389770508
TCGA:LUAD:TCGA-97-7554-01,LUAD,LUAD,6.081868377805222e-07,1.3110438601415808e-07,2.3170714484876953e-06,0.9999969601631165
TCGA:LUAD:TCGA-97-7937-01,LUAD,LUAD,0.0003559440665412694,8.039522799663246e-05,0.0012905379990115762,0.9982731342315674
TCGA:LUAD:TCGA-97-7938-01,LUAD,LUAD,5.101703948184877e-08,1.6265762070588607e-08,4.5180473762229667e-07,0.999999463558197
TCGA:LUAD:TCGA-97-7941-01,LUAD,LUAD,9.081499001695192e-07,2.627936908083939e-07,2.4941398351074895e-06,0.9999963641166687
TCGA:LUAD:TCGA-97-8171-01,LUAD,LUAD,0.0001278620184166357,5.352378138923086e-05,0.00031320113339461386,0.9995054006576538
TCGA:LUAD:TCGA-97-8172-01,LUAD,LUAD,9.728975101097603e-07,3.2159181273527793e-07,1.6492273289259174e-06,0.999997079372406
TCGA:LUAD:TCGA-97-8174-01,LUAD,LUAD,0.0005471871700137854,0.00018425013695377856,0.0004892498254776001,0.998779296875
TCGA:LUAD:TCGA-97-8175-01,LUAD,LUAD,3.106033545918763e-05,1.4878780348226428e-05,0.00010615410428727046,0.9998478889465332
TCGA:LUAD:TCGA-97-8176-01,LUAD,LUAD,1.8896417941505206e-06,1.0329288215871202e-06,8.753341535339132e-05,0.999909520149231
TCGA:LUAD:TCGA-97-8177-01,LUAD,LUAD,0.0003187985857948661,0.00014132510113995522,0.0007985226111486554,0.9987413287162781
TCGA:LUAD:TCGA-97-8179-01,LUAD,LUAD,3.8237692479015095e-07,2.2066706151235849e-07,1.9920398699468933e-06,0.9999973773956299
TCGA:LUAD:TCGA-97-8547-01,LUAD,LUAD,1.7256943465326913e-06,5.312728745821005e-08,4.46186902536283e-07,0.9999977946281433
TCGA:LUAD:TCGA-97-8552-01,LUAD,LUAD,3.94313974538818e-05,3.0593990231864154e-05,0.0001451617426937446,0.9997848272323608
TCGA:LUAD:TCGA-97-A4LX-01,LUAD,LUAD,3.8648997247037187e-07,4.099045156635839e-07,5.681104994437192e-06,0.9999935030937195
TCGA:LUAD:TCGA-97-A4M0-01,LUAD,LUAD,2.7527141355676576e-05,1.42942135425983e-05,3.125791408820078e-05,0.9999269247055054
TCGA:LUAD:TCGA-97-A4M1-01,LUAD,LUAD,7.576805955977761e-07,4.602738954417873e-07,1.805256147235923e-06,0.9999969601631165
TCGA:LUAD:TCGA-97-A4M2-01,LUAD,LUAD,0.0009101600153371692,0.0005693421117030084,0.005321942735463381,0.993198573589325
TCGA:LUAD:TCGA-97-A4M3-01,LUAD,LUAD,7.846532389521599e-05,4.425573570188135e-05,0.00016165568376891315,0.9997156262397766
TCGA:LUAD:TCGA-97-A4M5-01,LUAD,LUAD,7.651388500562462e-07,4.3200589061598293e-07,5.835320735059213e-06,0.9999929666519165
TCGA:LUAD:TCGA-97-A4M6-01,LUAD,LUAD,1.215193606185494e-05,1.3600547390524298e-06,2.334221062483266e-05,0.9999631643295288
TCGA:LUAD:TCGA-97-A4M7-01,LUAD,LUAD,1.402362954650016e-06,5.957710413895256e-07,7.704548806941602e-06,0.9999902844429016
TCGA:LUAD:TCGA-99-7458-01,LUAD,LUAD,4.443376440121938e-07,3.0031642950234527e-07,1.0192405852649244e-06,0.9999982118606567
TCGA:LUAD:TCGA-99-8025-01,LUAD,LUAD,1.6992237306112656e-06,6.922433044564968e-07,3.887088951159967e-06,0.9999937415122986
TCGA:LUAD:TCGA-99-8028-01,LUAD,LUAD,2.368182504142169e-05,8.811904081085231e-06,0.009081688709557056,0.9908857941627502
TCGA:LUAD:TCGA-99-8032-01,LUAD,LUAD,0.00038038796628825366,0.00019710976630449295,0.001219201018102467,0.9982032775878906
TCGA:LUAD:TCGA-99-8033-01,LUAD,LUAD,0.0004593196208588779,0.00021856884995941073,0.002492522820830345,0.9968295693397522
TCGA:LUAD:TCGA-99-AA5R-01,LUAD,LUAD,1.7597161559024244e-06,6.210702281350677e-07,8.112363502732478e-06,0.9999895095825195
TCGA:LUAD:TCGA-J2-8192-01,LUAD,LUAD,6.716731149936095e-06,9.476549394094036e-07,2.8890355679322965e-05,0.9999634623527527
TCGA:LUAD:TCGA-J2-8194-01,LUAD,LUAD,2.0406628209457267e-06,6.814304356339562e-07,1.0066892173199449e-05,0.9999871850013733
TCGA:LUAD:TCGA-J2-A4AD-01,LUAD,LUAD,0.01195595134049654,0.0008037658990360796,0.015880994498729706,0.9713593125343323
TCGA:LUAD:TCGA-J2-A4AE-01,LUAD,LUAD,1.5448544843366108e-07,4.6564533562332144e-08,1.8987157091032714e-07,0.9999995827674866
TCGA:LUAD:TCGA-J2-A4AG-01,LUAD,LUAD,4.08192484258052e-08,1.1589197157491071e-08,6.037320332552554e-08,0.9999998807907104
TCGA:LUAD:TCGA-L4-A4E5-01,LUAD,LUAD,4.896685936728318e-07,1.6281275350138458e-07,9.676193712948589e-07,0.9999983906745911
TCGA:LUAD:TCGA-L4-A4E6-01,LUAD,LUAD,3.0912685815565055e-06,1.3012835324843763e-06,4.499122951528989e-05,0.9999505877494812
TCGA:LUAD:TCGA-L9-A443-01,LUAD,LUAD,5.555932602874236e-07,1.7111430850036413e-07,3.6355404517962597e-06,0.9999956488609314
TCGA:LUAD:TCGA-L9-A444-01,LUAD,LUAD,8.922884120465824e-08,3.570530893171053e-08,1.554497259803611e-07,0.9999997019767761
TCGA:LUAD:TCGA-L9-A50W-01,LUAD,LUAD,4.6682873744430253e-07,2.6970053568220465e-07,2.0069707318270957e-07,0.9999990463256836
TCGA:LUAD:TCGA-L9-A5IP-01,LUAD,LUAD,0.00043478963198140264,0.0009595293668098748,0.06542001664638519,0.9331856369972229
TCGA:LUAD:TCGA-L9-A743-01,LUAD,LUAD,2.4594231945229694e-05,1.341837560175918e-05,5.8912646636599675e-05,0.9999030828475952
TCGA:LUAD:TCGA-L9-A7SV-01,LUAD,LUAD,2.372075186940492e-06,5.446515842777444e-07,1.9267272364231758e-05,0.9999778270721436
TCGA:LUAD:TCGA-L9-A8F4-01,LUAD,LUAD,8.579918358009309e-05,2.82617816083075e-06,0.00047364577767439187,0.9994377493858337
TCGA:LUAD:TCGA-MN-A4N1-01,LUAD,LUAD,9.379698894917965e-05,5.133974991622381e-05,0.000894997559953481,0.9989598393440247
TCGA:LUAD:TCGA-MN-A4N4-01,LUAD,LUAD,1.8321665265830234e-05,6.899555955897085e-06,0.0001163002525572665,0.9998584985733032
TCGA:LUAD:TCGA-MN-A4N5-01,LUAD,LUAD,7.135455234674737e-05,4.182394695817493e-05,0.00020109002070967108,0.9996857047080994
TCGA:LUAD:TCGA-MP-A4SV-01,LUAD,LUAD,3.10687596538628e-06,6.778259944439924e-07,2.0780033082701266e-05,0.9999754428863525
TCGA:LUAD:TCGA-MP-A4SW-01,LUAD,LUAD,2.846155439328868e-05,1.1642270692391321e-05,1.7334768926957622e-05,0.9999425411224365
TCGA:LUAD:TCGA-MP-A4SY-01,LUAD,LUAD,1.2489979894780845e-07,6.065420876666394e-08,2.127323341483134e-06,0.9999976754188538
TCGA:LUAD:TCGA-MP-A4T4-01,LUAD,LUAD,3.6332421586848795e-06,2.062881549136364e-06,0.0039908126927912235,0.9960035085678101
TCGA:LUAD:TCGA-MP-A4T6-01,LUAD,LUAD,1.5419661849591648e-06,2.867799935302173e-07,7.852718795220426e-07,0.9999973773956299
TCGA:LUAD:TCGA-MP-A4T7-01,LUAD,LUAD,1.503481428244413e-07,9.729387073775797e-08,1.7946854313777294e-07,0.9999995827674866
TCGA:LUAD:TCGA-MP-A4T8-01,LUAD,LUAD,1.3960289834358264e-05,2.5643000753916567e-06,0.00012288521975278854,0.9998605847358704
TCGA:LUAD:TCGA-MP-A4T9-01,LUAD,LUAD,1.4565872561433935e-06,7.937410941849521e-07,1.920103022712283e-05,0.9999785423278809
TCGA:LUAD:TCGA-MP-A4TA-01,LUAD,LUAD,6.16419720245176e-06,2.826172931236215e-06,0.0004674402589444071,0.9995235800743103
TCGA:LUAD:TCGA-MP-A4TC-01,LUAD,LUAD,9.303482329414692e-06,3.050118721148465e-06,8.998843259178102e-05,0.9998976588249207
TCGA:LUAD:TCGA-MP-A4TD-01,LUAD,LUAD,0.0005365845863707364,0.0003217234625481069,0.0008287306991405785,0.9983129501342773
TCGA:LUAD:TCGA-MP-A4TE-01,LUAD,LUAD,2.0960555048077367e-05,6.534600061058882e-07,3.183682929375209e-05,0.9999465346336365
TCGA:LUAD:TCGA-MP-A4TF-01,LUAD,LUAD,1.0666001344361575e-06,7.454947308360715e-07,0.0003275577328167856,0.9996706247329712
TCGA:LUAD:TCGA-MP-A4TH-01,LUAD,LUAD,0.00020129841868765652,0.0001442945358576253,0.00013847937225364149,0.999515950679779
TCGA:LUAD:TCGA-MP-A4TI-01,LUAD,LUAD,2.4505150577169843e-05,1.270014308829559e-05,0.0021413250360637903,0.9978214502334595
TCGA:LUAD:TCGA-MP-A4TJ-01,LUAD,LUAD,1.5694425883339136e-06,7.316926939893165e-07,6.205439422046766e-05,0.9999356269836426
TCGA:LUAD:TCGA-MP-A4TK-01,LUAD,LUAD,1.5187772078206763e-05,2.9131574592611287e-06,5.097268513054587e-05,0.9999309182167053
TCGA:LUAD:TCGA-MP-A5C7-01,LUAD,LUAD,0.0003068284422624856,0.0001658135006437078,0.00028545246459543705,0.9992418885231018
TCGA:LUAD:TCGA-NJ-A4YF-01,LUAD,LUAD,1.1680694115057122e-05,9.581151516613318e-07,7.75132230046438e-06,0.9999796152114868
TCGA:LUAD:TCGA-NJ-A4YG-01,LUAD,LUAD,0.0003216660988982767,0.00014468611334450543,0.0002775467582978308,0.9992560744285583
TCGA:LUAD:TCGA-NJ-A4YI-01,LUAD,LUAD,3.588173058233224e-06,1.230865223078581e-06,6.552425929839956e-06,0.9999886155128479
TCGA:LUAD:TCGA-NJ-A4YP-01,LUAD,LUAD,3.33951197717397e-06,2.249510544061195e-06,4.827067459700629e-05,0.999946117401123
TCGA:LUAD:TCGA-NJ-A4YQ-01,LUAD,LUAD,0.001916480832733214,1.0276395187247545e-05,6.11091309110634e-05,0.998012125492096
TCGA:LUAD:TCGA-NJ-A55A-01,LUAD,LUAD,7.991991878952831e-06,5.24225151821156e-06,7.142222602851689e-05,0.999915361404419
TCGA:LUAD:TCGA-NJ-A55O-01,LUAD,LUAD,3.012547858816106e-05,2.1426410967251286e-05,5.080527989775874e-05,0.9998976588249207
TCGA:LUAD:TCGA-NJ-A55R-01,LUAD,LUAD,6.864434453746071e-06,3.248781013098778e-06,2.1455805836012587e-05,0.999968409538269
TCGA:LUAD:TCGA-NJ-A7XG-01,LUAD,LUAD,7.929902778869291e-08,1.8379830990511437e-08,1.3638872076171538e-07,0.9999997615814209
TCGA:LUAD:TCGA-O1-A52J-01,LUAD,LUAD,0.0005890579777769744,0.00024372962070629,0.0003075884305872023,0.9988596439361572
TCGA:LUAD:TCGA-S2-AA1A-01,LUAD,LUAD,0.0007227571331895888,6.87726351316087e-05,0.00025625203852541745,0.9989522099494934
TCGA:LSCC:TCGA-18-3406-01,LSCC,LSCC,4.0417015156890557e-07,2.3486800273531117e-06,0.9999966621398926,6.064197464183962e-07
TCGA:LSCC:TCGA-18-3407-01,LSCC,LSCC,1.3335582025320036e-06,4.204503966320772e-06,0.9999925494194031,1.9368171706446446e-06
TCGA:LSCC:TCGA-18-3408-01,LSCC,LSCC,4.122815516893752e-05,3.5844532249029726e-05,0.9998207092285156,0.00010224720608675852
TCGA:LSCC:TCGA-18-3410-01,LSCC,LSCC,0.0006743615958839655,0.002088890876621008,0.9960075616836548,0.0012291891034692526
TCGA:LSCC:TCGA-18-3411-01,LSCC,LSCC,2.184702054819354e-07,9.589732599124545e-07,0.9999985694885254,2.4072582505141327e-07
TCGA:LSCC:TCGA-18-3412-01,LSCC,LSCC,4.4376946561897057e-07,2.8712552193610463e-06,0.9999961853027344,4.793943730874162e-07
TCGA:LSCC:TCGA-18-3414-01,LSCC,LSCC,9.14959455258213e-05,0.0002925237640738487,0.9995377063751221,7.828723755665123e-05
TCGA:LSCC:TCGA-18-3415-01,LSCC,LSCC,0.00033942589652724564,0.0004001287743449211,0.9990023970603943,0.00025805848417803645
TCGA:LSCC:TCGA-18-3416-01,LSCC,LSCC,0.00562528520822525,0.11150331795215607,0.8772487044334412,0.005622721277177334
TCGA:LSCC:TCGA-18-3417-01,LSCC,LSCC,1.816337999116513e-06,9.755157179824892e-07,0.9999947547912598,2.479156592016807e-06
TCGA:LSCC:TCGA-18-3419-01,LSCC,HNSCC,0.0004361872561275959,0.5539042949676514,0.44481348991394043,0.0008460175013169646
TCGA:LSCC:TCGA-18-3421-01,LSCC,LSCC,0.0005423342809081078,0.0004109745204914361,0.9966705441474915,0.00237617501989007
TCGA:LSCC:TCGA-18-4083-01,LSCC,LSCC,3.361347989994101e-05,5.927133315708488e-05,0.9998780488967896,2.9042421374469995e-05
TCGA:LSCC:TCGA-18-4086-01,LSCC,LSCC,8.502977379976073e-07,3.6456140151130967e-06,0.9999949336051941,5.926481776441506e-07
TCGA:LSCC:TCGA-18-4721-01,LSCC,LSCC,0.00035081873647868633,0.0003232861927244812,0.9988683462142944,0.0004575597995426506
TCGA:LSCC:TCGA-18-5592-01,LSCC,LSCC,1.8704614603848313e-06,0.001004820573143661,0.9989923238754272,9.876115427687182e-07
TCGA:LSCC:TCGA-21-1071-01,LSCC,LSCC,3.5699467844096944e-05,3.0469513149000704e-05,0.9998911619186401,4.266142059350386e-05
TCGA:LSCC:TCGA-21-1072-01,LSCC,LSCC,0.0003433615493122488,0.002610721392557025,0.996865451335907,0.00018046960758510977
TCGA:LSCC:TCGA-21-1075-01,LSCC,LSCC,0.00019804868497885764,0.0002387229324085638,0.9992704391479492,0.0002927757450379431
TCGA:LSCC:TCGA-21-1076-01,LSCC,LSCC,3.023218141606776e-06,2.7879170829692157e-06,0.9999904036521912,3.7821087062184233e-06
TCGA:LSCC:TCGA-21-1079-01,LSCC,HNSCC,0.00010001788177760318,0.9975781440734863,0.002285886323079467,3.5923229006584734e-05
TCGA:LSCC:TCGA-21-1080-01,LSCC,LSCC,6.956518916467758e-08,3.261687595568219e-07,0.9999970197677612,2.5619167445256608e-06
TCGA:LSCC:TCGA-21-1081-01,LSCC,LSCC,1.3507204243978777e-07,2.469212813593913e-05,0.9999744892120361,7.015136702648306e-07
TCGA:LSCC:TCGA-21-1082-01,LSCC,LSCC,6.093108027016569e-07,7.982811439433135e-06,0.9999857544898987,5.6570338529127184e-06
TCGA:LSCC:TCGA-21-5782-01,LSCC,LSCC,0.0004944524844177067,0.17431092262268066,0.824577808380127,0.0006168510881252587
TCGA:LSCC:TCGA-21-5783-01,LSCC,LSCC,0.0005129622877575457,0.0006457110866904259,0.9988134503364563,2.7856263841385953e-05
TCGA:LSCC:TCGA-21-5784-01,LSCC,LSCC,1.3948103514849208e-05,4.154190173721872e-05,0.9997696280479431,0.0001748596696415916
TCGA:LSCC:TCGA-21-5786-01,LSCC,LSCC,1.0686387668101816e-06,6.272458267631009e-05,0.9999352097511292,1.0172698239330202e-06
TCGA:LSCC:TCGA-21-5787-01,LSCC,LSCC,0.11499717086553574,0.0017866777488961816,0.523684024810791,0.35953211784362793
TCGA:LSCC:TCGA-22-0940-01,LSCC,LSCC,1.5448131307493895e-07,1.0254227333916788e-07,0.9999980330467224,1.726409095681447e-06
TCGA:LSCC:TCGA-22-0944-01,LSCC,LSCC,3.988367461715825e-05,0.0005884226993657649,0.9993199110031128,5.180116932024248e-05
TCGA:LSCC:TCGA-22-1000-01,LSCC,LSCC,4.4689266360364854e-05,0.0001391219993820414,0.9991509914398193,0.0006652236916124821
TCGA:LSCC:TCGA-22-1002-01,LSCC,LSCC,0.00025220695533789694,0.00032342266058549285,0.9987252950668335,0.0006991003756411374
TCGA:LSCC:TCGA-22-1005-01,LSCC,LUAD,1.2973909178981557e-05,7.72468229115475e-06,0.008544254116714,0.9914350509643555
TCGA:LSCC:TCGA-22-1011-01,LSCC,LSCC,6.615027359657688e-06,0.0022008775267750025,0.9977556467056274,3.6851695767836645e-05
TCGA:LSCC:TCGA-22-1012-01,LSCC,LSCC,0.0006420322461053729,0.0007749376818537712,0.9981472492218018,0.0004357995931059122
TCGA:LSCC:TCGA-22-1016-01,LSCC,LSCC,0.00028798545827157795,0.0002101259888149798,0.997164785861969,0.0023371288552880287
TCGA:LSCC:TCGA-22-1017-01,LSCC,LUAD,0.0011029300512745976,0.0009200756903737783,0.00946543738245964,0.9885115623474121
TCGA:LSCC:TCGA-22-4591-01,LSCC,LSCC,0.00021819565154146403,0.00013759381545241922,0.9683578610420227,0.03128635883331299
TCGA:LSCC:TCGA-22-4593-01,LSCC,LSCC,8.59195370139787e-06,0.00011752875434467569,0.9998696446418762,4.214962245896459e-06
TCGA:LSCC:TCGA-22-4594-01,LSCC,LUAD,0.0012647954281419516,0.0005270806141197681,0.030390728265047073,0.9678173661231995
TCGA:LSCC:TCGA-22-4595-01,LSCC,LSCC,1.8143541637982707e-06,2.677357542779646e-06,0.9999914169311523,4.070468094141688e-06
TCGA:LSCC:TCGA-22-4596-01,LSCC,LUAD,3.160736014251597e-05,4.4256144065002445e-06,0.0643652155995369,0.9355987310409546
TCGA:LSCC:TCGA-22-4599-01,LSCC,LSCC,0.0013925264356657863,0.0019898677710443735,0.9956533908843994,0.0009642437216825783
TCGA:LSCC:TCGA-22-4601-01,LSCC,LSCC,4.1975624753831653e-07,1.233772877640149e-06,0.9999974966049194,8.665128348184226e-07
TCGA:LSCC:TCGA-22-4604-01,LSCC,LSCC,9.588169632479548e-06,0.00145115633495152,0.9985348582267761,4.368934241938405e-06
TCGA:LSCC:TCGA-22-4605-01,LSCC,LSCC,1.7735068240654073e-06,2.5460194592596963e-06,0.9999715089797974,2.4170749384211376e-05
TCGA:LSCC:TCGA-22-4607-01,LSCC,LSCC,0.008763888850808144,0.023261910304427147,0.9548041224479675,0.013170083984732628
TCGA:LSCC:TCGA-22-4609-01,LSCC,LSCC,3.316925585750141e-06,0.00017456694331485778,0.9998064637184143,1.5639809134881943e-05
TCGA:LSCC:TCGA-22-4613-01,LSCC,LSCC,4.506641562329605e-05,0.00012336573854554445,0.9997947812080383,3.6783421819563955e-05
TCGA:LSCC:TCGA-22-5471-01,LSCC,LSCC,0.0006939794984646142,0.4123702943325043,0.5863826274871826,0.0005530811613425612
TCGA:LSCC:TCGA-22-5472-01,LSCC,LSCC,9.849399793893099e-05,0.00014944770373404026,0.9917833209037781,0.00796874426305294
TCGA:LSCC:TCGA-22-5473-01,LSCC,LSCC,4.192276605863299e-07,8.209567567973863e-07,0.9999982118606567,5.453717903947108e-07
TCGA:LSCC:TCGA-22-5474-01,LSCC,LSCC,0.001690661534667015,0.0038207673933357,0.9929276704788208,0.0015608890680596232
TCGA:LSCC:TCGA-22-5477-01,LSCC,LSCC,0.0003561900230124593,0.00029940091189928353,0.9987298846244812,0.0006145225488580763
TCGA:LSCC:TCGA-22-5478-01,LSCC,LSCC,1.6819863049022388e-06,3.287717902367149e-07,0.9998720288276672,0.00012598876492120326
TCGA:LSCC:TCGA-22-5479-01,LSCC,LSCC,3.0487201001960784e-05,0.08738988637924194,0.9125571846961975,2.2412337784771807e-05
TCGA:LSCC:TCGA-22-5480-01,LSCC,LSCC,0.00045718447654508054,0.000578180537559092,0.9988421201705933,0.0001225420128321275
TCGA:LSCC:TCGA-22-5481-01,LSCC,BRCA,0.7107254266738892,0.008332100696861744,0.10991406440734863,0.17102843523025513
TCGA:LSCC:TCGA-22-5482-01,LSCC,LSCC,3.514068157528527e-05,0.045278314501047134,0.9546613693237305,2.520016278140247e-05
TCGA:LSCC:TCGA-22-5483-01,LSCC,LSCC,0.0002871171454899013,0.0013620429672300816,0.9696224927902222,0.02872835285961628
TCGA:LSCC:TCGA-22-5485-01,LSCC,LSCC,1.0492458386579528e-06,9.182217581837904e-07,0.9999952912330627,2.7240496365266154e-06
TCGA:LSCC:TCGA-22-5489-01,LSCC,LSCC,0.00031460411264561117,0.00011185004404978827,0.9994996786117554,7.389522943412885e-05
TCGA:LSCC:TCGA-22-5491-01,LSCC,LSCC,7.908546103863046e-05,0.0354602076113224,0.964390218257904,7.051486318232492e-05
TCGA:LSCC:TCGA-22-5492-01,LSCC,LSCC,2.1985863440932008e-06,2.45397291109839e-06,0.9999775886535645,1.774325755832251e-05
TCGA:LSCC:TCGA-22-A5C4-01,LSCC,LSCC,1.896889614272368e-07,1.458370633145023e-07,0.9999979734420776,1.6939486613409827e-06
TCGA:LSCC:TCGA-33-4532-01,LSCC,LSCC,4.271393481758423e-05,8.251106919487938e-05,0.9998021721839905,7.260681741172448e-05
TCGA:LSCC:TCGA-33-4533-01,LSCC,LSCC,0.00628455076366663,0.00039216046570800245,0.9932093620300293,0.0001139163359766826
TCGA:LSCC:TCGA-33-4538-01,LSCC,LSCC,0.00019524658273439854,0.004346155561506748,0.9952674508094788,0.00019115534087177366
TCGA:LSCC:TCGA-33-4547-01,LSCC,LSCC,5.037101072957739e-05,3.102808113908395e-05,0.9998593926429749,5.920572584727779e-05
TCGA:LSCC:TCGA-33-4566-01,LSCC,LSCC,0.0006812000065110624,0.0007123191026039422,0.970055341720581,0.02855112962424755
TCGA:LSCC:TCGA-33-4582-01,LSCC,LSCC,7.66114317229949e-05,0.00017342156206723303,0.9996813535690308,6.859725544927642e-05
TCGA:LSCC:TCGA-33-4583-01,LSCC,LSCC,2.2870688098919345e-07,5.815883923787624e-06,0.9999933838844299,5.70603958749416e-07
TCGA:LSCC:TCGA-33-4586-01,LSCC,LSCC,6.846076985311811e-07,8.648491984786233e-07,0.9999974966049194,9.538129006614326e-07
TCGA:LSCC:TCGA-33-4587-01,LSCC,BRCA,0.7592599391937256,0.0016458507161587477,0.20868442952632904,0.030409764498472214
TCGA:LSCC:TCGA-33-4589-01,LSCC,HNSCC,7.532153540523723e-05,0.9834862947463989,0.016405967995524406,3.2424795790575445e-05
TCGA:LSCC:TCGA-33-6738-01,LSCC,LSCC,0.03150660917162895,0.024792097508907318,0.9202431440353394,0.023458154872059822
TCGA:LSCC:TCGA-33-A4WN-01,LSCC,LSCC,0.0001337872090516612,0.0006658438942395151,0.9990257620811462,0.00017462638788856566
TCGA:LSCC:TCGA-33-A5GW-01,LSCC,LSCC,1.404737304255832e-07,1.5845878351683496e-06,0.9999979138374329,3.7724410617556714e-07
TCGA:LSCC:TCGA-33-AAS8-01,LSCC,LSCC,2.8673048291238956e-07,2.905933058627852e-07,0.9999980330467224,1.3851181392965373e-06
TCGA:LSCC:TCGA-33-AASB-01,LSCC,LUAD,2.6913910915027373e-05,2.2844355044071563e-05,0.1912003457546234,0.8087499141693115
TCGA:LSCC:TCGA-33-AASD-01,LSCC,LSCC,0.00025375891709700227,0.004871186800301075,0.9946956634521484,0.00017938113887794316
TCGA:LSCC:TCGA-33-AASI-01,LSCC,LSCC,5.062367108621402e-06,7.266573447850533e-06,0.998467206954956,0.0015204852679744363
TCGA:LSCC:TCGA-33-AASJ-01,LSCC,LSCC,4.185895704722498e-06,0.00019043314387090504,0.9998024106025696,2.983774265885586e-06
TCGA:LSCC:TCGA-33-AASL-01,LSCC,HNSCC,0.00017216378182638437,0.7464016079902649,0.2533949911594391,3.125172952422872e-05
TCGA:LSCC:TCGA-34-2596-01,LSCC,LSCC,1.1171882619009921e-07,6.010461817140822e-08,0.9999997019767761,1.0094357349998972e-07
TCGA:LSCC:TCGA-34-2600-01,LSCC,LSCC,8.391104529437143e-06,9.44294297369197e-05,0.99988853931427,8.626618182461243e-06
TCGA:LSCC:TCGA-34-2608-01,LSCC,LSCC,0.0006428609485737979,0.0005518997786566615,0.9974545240402222,0.001350694103166461
TCGA:LSCC:TCGA-34-5231-01,LSCC,LSCC,6.999731567702838e-07,6.298745120147942e-06,0.9999922513961792,7.279950295924209e-07
TCGA:LSCC:TCGA-34-5232-01,LSCC,LSCC,3.2518400416847726e-07,1.3897676581109408e-05,0.9999849796295166,8.058572689151333e-07
TCGA:LSCC:TCGA-34-5234-01,LSCC,LSCC,0.008439147844910622,0.022897932678461075,0.8753424286842346,0.09332051873207092
TCGA:LSCC:TCGA-34-5236-01,LSCC,LSCC,8.320254352156553e-08,2.146164433725062e-06,0.9999976754188538,9.39299198421395e-08
TCGA:LSCC:TCGA-34-5239-01,LSCC,LSCC,4.2389547161292285e-05,0.00202794442884624,0.9977469444274902,0.00018271258159074932
TCGA:LSCC:TCGA-34-5240-01,LSCC,LSCC,0.000123241261462681,0.00011224106856388971,0.9996479749679565,0.0001165314024547115
TCGA:LSCC:TCGA-34-5241-01,LSCC,LSCC,0.00038085837149992585,0.0003591517743188888,0.9986953735351562,0.0005646249046549201
TCGA:LSCC:TCGA-34-5927-01,LSCC,LSCC,0.000202511582756415,0.00037669678567908704,0.9992959499359131,0.00012482143938541412
TCGA:LSCC:TCGA-34-5928-01,LSCC,LSCC,7.685123364353785e-07,1.8132459445041604e-07,0.999998927116394,1.1447314562929023e-07
TCGA:LSCC:TCGA-34-5929-01,LSCC,LSCC,4.444231763045536e-06,3.120322071481496e-05,0.9999525547027588,1.178927232103888e-05
TCGA:LSCC:TCGA-34-7107-01,LSCC,LSCC,7.376428129646229e-06,1.198084919451503e-05,0.9999772310256958,3.40976339430199e-06
TCGA:LSCC:TCGA-34-8454-01,LSCC,LSCC,0.0002671741822268814,0.00023583161237183958,0.9991254210472107,0.0003715498314704746
TCGA:LSCC:TCGA-34-8455-01,LSCC,LSCC,4.752072709379718e-05,8.072205673670396e-05,0.9997789263725281,9.281990060117096e-05
TCGA:LSCC:TCGA-34-8456-01,LSCC,LSCC,3.258755398860558e-08,4.086376037548689e-08,0.9999998807907104,3.331013687102313e-08
TCGA:LSCC:TCGA-34-A5IX-01,LSCC,LSCC,0.0014920019311830401,0.00225971476174891,0.99481600522995,0.0014322914648801088
TCGA:LSCC:TCGA-37-3783-01,LSCC,LSCC,0.002890261122956872,0.014719120226800442,0.9799426198005676,0.002448011888191104
TCGA:LSCC:TCGA-37-3789-01,LSCC,LSCC,7.445398750860477e-06,0.02181421034038067,0.9781733751296997,4.970518602931406e-06
TCGA:LSCC:TCGA-37-3792-01,LSCC,LSCC,0.004115354269742966,0.002696341834962368,0.937739372253418,0.05544893816113472
TCGA:LSCC:TCGA-37-4129-01,LSCC,BRCA,0.5166549682617188,0.040713079273700714,0.1110793948173523,0.3315525949001312
TCGA:LSCC:TCGA-37-4130-01,LSCC,LUAD,0.007196241058409214,0.0019841911271214485,0.05648915097117424,0.934330403804779
TCGA:LSCC:TCGA-37-4132-01,LSCC,LSCC,0.0029786876402795315,0.00127599504776299,0.9746637940406799,0.021081533282995224
TCGA:LSCC:TCGA-37-4133-01,LSCC,LSCC,0.000622811377979815,0.0005212385440245271,0.9963303804397583,0.002525561023503542
TCGA:LSCC:TCGA-37-4135-01,LSCC,LSCC,8.40653883642517e-05,1.430851881423223e-07,0.9999121427536011,3.636993824329693e-06
TCGA:LSCC:TCGA-37-4141-01,LSCC,LSCC,0.0033111758530139923,4.376065044198185e-05,0.9758977890014648,0.02074727788567543
TCGA:LSCC:TCGA-37-5819-01,LSCC,LUAD,0.00013972270244266838,0.00015492652892135084,0.24606390297412872,0.7536414265632629
TCGA:LSCC:TCGA-37-A5EL-01,LSCC,LSCC,0.011440414004027843,0.13827799260616302,0.8440259099006653,0.006255691405385733
TCGA:LSCC:TCGA-37-A5EN-01,LSCC,LSCC,0.0044229282066226006,0.057900961488485336,0.9353387355804443,0.0023374021984636784
TCGA:LSCC:TCGA-39-5011-01,LSCC,LUAD,5.8252689996152185e-06,2.0842976482526865e-06,0.00989927165210247,0.9900928139686584
TCGA:LSCC:TCGA-39-5016-01,LSCC,LSCC,5.543509541894309e-05,0.000180426228325814,0.9996813535690308,8.280493784695864e-05
TCGA:LSCC:TCGA-39-5019-01,LSCC,LSCC,2.6744333808892407e-05,5.908536695642397e-05,0.9998927712440491,2.140600554412231e-05
TCGA:LSCC:TCGA-39-5021-01,LSCC,LSCC,0.00024318063515238464,0.0001806491636671126,0.9992977380752563,0.000278453400824219
TCGA:LSCC:TCGA-39-5022-01,LSCC,LSCC,1.9910288756364025e-05,2.741279786278028e-05,0.9999074339866638,4.5221600885270163e-05
TCGA:LSCC:TCGA-39-5024-01,LSCC,LSCC,1.043769225361757e-05,0.00015589340182486922,0.9996515512466431,0.00018210886628367007
TCGA:LSCC:TCGA-39-5027-01,LSCC,LSCC,0.0002838168293237686,0.0003513269475661218,0.9989561438560486,0.00040870398515835404
TCGA:LSCC:TCGA-39-5028-01,LSCC,LSCC,3.7918063753750175e-05,0.0003759838582482189,0.9993693232536316,0.00021674769232049584
TCGA:LSCC:TCGA-39-5029-01,LSCC,LSCC,1.1465608196203902e-07,4.816380396732711e-07,0.9999982714653015,1.1341595609337674e-06
TCGA:LSCC:TCGA-39-5030-01,LSCC,LSCC,0.0001350587554043159,0.00016183365369215608,0.9996344447135925,6.863432645332068e-05
TCGA:LSCC:TCGA-39-5031-01,LSCC,LSCC,0.0017093021888285875,0.005257038399577141,0.9910938143730164,0.0019398735603317618
TCGA:LSCC:TCGA-39-5034-01,LSCC,LUAD,6.470958760473877e-05,6.086803296057042e-06,0.0003592215362004936,0.9995699524879456
TCGA:LSCC:TCGA-39-5035-01,LSCC,LSCC,5.899451571167447e-05,0.0001702463923720643,0.999710738658905,6.0017693613190204e-05
TCGA:LSCC:TCGA-39-5036-01,LSCC,LSCC,2.3279714156387854e-08,8.031978637745851e-08,0.9999997615814209,1.0931546512438217e-07
TCGA:LSCC:TCGA-39-5037-01,LSCC,LSCC,1.4032357285032049e-06,3.2348123113479232e-06,0.9999938607215881,1.4722216974405455e-06
TCGA:LSCC:TCGA-39-5039-01,LSCC,LSCC,5.8483838074607775e-06,5.27562133356696e-06,0.9975863099098206,0.002402550308033824
TCGA:LSCC:TCGA-39-5040-01,LSCC,LSCC,0.02991953305900097,0.003860820783302188,0.8967081904411316,0.06951148062944412
TCGA:LSCC:TCGA-43-2576-01,LSCC,LUAD,0.001608302816748619,0.00013822961773257703,0.001542191719636321,0.996711254119873
TCGA:LSCC:TCGA-43-2578-01,LSCC,LSCC,0.12211337685585022,0.0005117816617712379,0.8454495668411255,0.03192527964711189
TCGA:LSCC:TCGA-43-2581-01,LSCC,LUAD,0.0009384394506923854,0.0004600920365191996,0.005790540482848883,0.9928109049797058
TCGA:LSCC:TCGA-43-3394-01,LSCC,LSCC,3.182533328072168e-05,4.080720100319013e-05,0.9998984932899475,2.8903250495204702e-05
TCGA:LSCC:TCGA-43-3920-01,LSCC,LSCC,6.396249318640912e-06,1.0563850992184598e-05,0.99997878074646,4.242553131916793e-06
TCGA:LSCC:TCGA-43-5668-01,LSCC,LSCC,0.05973514914512634,0.00041756578139029443,0.7568860054016113,0.18296127021312714
TCGA:LSCC:TCGA-43-5670-01,LSCC,HNSCC,0.008232396095991135,0.8568568825721741,0.12823566794395447,0.006675061769783497
TCGA:LSCC:TCGA-43-6143-01,LSCC,LSCC,3.930878847313579e-06,4.1660921851871535e-05,0.999951183795929,3.253905106248567e-06
TCGA:LSCC:TCGA-43-6647-01,LSCC,LSCC,0.008311997167766094,0.009216157719492912,0.9759714603424072,0.006500406190752983
TCGA:LSCC:TCGA-43-6770-01,LSCC,LSCC,2.043723696942834e-07,4.54776596825468e-07,0.9999991655349731,1.5204336989427247e-07
TCGA:LSCC:TCGA-43-6771-01,LSCC,HNSCC,5.040801261202432e-05,0.9980970025062561,0.001788413617759943,6.418303382815793e-05
TCGA:LSCC:TCGA-43-6773-01,LSCC,LSCC,2.8893525723105995e-06,3.054275111935567e-06,0.999986469745636,7.607601673953468e-06
TCGA:LSCC:TCGA-43-7656-01,LSCC,LSCC,0.00034227289143018425,5.224673805059865e-05,0.9995570182800293,4.8452449846081436e-05
TCGA:LSCC:TCGA-43-7657-01,LSCC,LSCC,0.0005301429191604257,0.0024165306240320206,0.9966731667518616,0.0003801648854278028
TCGA:LSCC:TCGA-43-7658-01,LSCC,LSCC,0.007919073104858398,0.0012049830984324217,0.7587156295776367,0.2321603149175644
TCGA:LSCC:TCGA-43-8115-01,LSCC,LSCC,7.246453606057912e-06,0.0004223629948683083,0.9995655417442322,4.847530362894759e-06
TCGA:LSCC:TCGA-43-8116-01,LSCC,LSCC,0.00012004017480649054,0.00015600751794409007,0.9995724558830261,0.00015146934310905635
TCGA:LSCC:TCGA-43-8118-01,LSCC,LSCC,0.0006196810863912106,0.0008847202989272773,0.9965980052947998,0.0018975669518113136
TCGA:LSCC:TCGA-43-A474-01,LSCC,LSCC,0.0006254817708395422,0.06308412551879883,0.9358416199684143,0.00044877396430820227
TCGA:LSCC:TCGA-43-A475-01,LSCC,LSCC,4.074009609666973e-07,4.682379994846997e-07,0.9999985694885254,5.698116183339152e-07
TCGA:LSCC:TCGA-43-A56U-01,LSCC,LSCC,3.732550248969346e-05,4.334602999733761e-05,0.9988195896148682,0.001099722576327622
TCGA:LSCC:TCGA-43-A56V-01,LSCC,LSCC,4.70297563879285e-05,7.974487380124629e-05,0.9998100996017456,6.311114702839404e-05
TCGA:LSCC:TCGA-46-3765-01,LSCC,LSCC,1.7418791685486212e-05,1.731373049551621e-05,0.9999479055404663,1.7351841961499304e-05
TCGA:LSCC:TCGA-46-3766-01,LSCC,LSCC,1.741090090945363e-05,9.466413757763803e-06,0.9999164938926697,5.663404590450227e-05
TCGA:LSCC:TCGA-46-3767-01,LSCC,LSCC,2.9399789127637632e-05,2.4751903765718453e-05,0.9999253749847412,2.0479830709518865e-05
TCGA:LSCC:TCGA-46-3768-01,LSCC,LSCC,0.00033412533230148256,0.0002971116919070482,0.9986404180526733,0.0007283371523953974
TCGA:LSCC:TCGA-46-3769-01,LSCC,LSCC,1.7636886695981957e-05,1.4661647583125159e-05,0.9998630285263062,0.00010468684922670946
TCGA:LSCC:TCGA-46-6025-01,LSCC,LSCC,4.300009095459245e-07,8.214599802158773e-06,0.9999909400939941,4.164363645031699e-07
TCGA:LSCC:TCGA-46-6026-01,LSCC,LSCC,3.4895365388365462e-06,6.615624442929402e-05,0.9999294281005859,9.160136755781423e-07
TCGA:LSCC:TCGA-51-4079-01,LSCC,LSCC,1.848007613602931e-08,7.549670044681989e-08,0.9999998807907104,2.5733413622219814e-08
TCGA:LSCC:TCGA-51-4080-01,LSCC,LSCC,4.163594269357418e-07,3.011331045854604e-06,0.9999963045120239,2.7526158419277635e-07
TCGA:LSCC:TCGA-51-4081-01,LSCC,LSCC,6.735665465384955e-07,6.439166463678703e-05,0.9999346137046814,3.4222662748106814e-07
TCGA:LSCC:TCGA-52-7622-01,LSCC,LSCC,0.0003147254465147853,0.0003232542658224702,0.9987787008285522,0.000583345303311944
TCGA:LSCC:TCGA-52-7809-01,LSCC,LSCC,2.353801988874693e-07,5.508040885615628e-07,0.9999693036079407,2.9881528462283313e-05
TCGA:LSCC:TCGA-52-7810-01,LSCC,LSCC,3.6873191220365698e-06,8.551306382287294e-05,0.9999092817306519,1.4917241060175002e-06
TCGA:LSCC:TCGA-52-7811-01,LSCC,LSCC,3.595519046939444e-07,4.3237972136012104e-07,0.9999977946281433,1.3961365539216786e-06
TCGA:LSCC:TCGA-52-7812-01,LSCC,LUAD,0.00011875760537805036,6.295632192632183e-05,0.0012636844767257571,0.9985545873641968
TCGA:LSCC:TCGA-56-1622-01,LSCC,LSCC,0.0003167590475641191,0.0008511884952895343,0.9943198561668396,0.004512210376560688
TCGA:LSCC:TCGA-56-5897-01,LSCC,LSCC,7.519019163737539e-06,5.038817471358925e-05,0.9999356865882874,6.395903710654238e-06
TCGA:LSCC:TCGA-56-5898-01,LSCC,LSCC,8.162700737557316e-08,2.924457191966212e-07,0.9999990463256836,6.049195349078218e-07
TCGA:LSCC:TCGA-56-6545-01,LSCC,LSCC,0.0008520519477315247,0.0037361655849963427,0.9949022531509399,0.0005095388041809201
TCGA:LSCC:TCGA-56-6546-01,LSCC,LSCC,0.0008702774066478014,0.0004845510411541909,0.9916361570358276,0.007009012624621391
TCGA:LSCC:TCGA-56-7221-01,LSCC,LSCC,6.327979917841731e-06,6.912634853506461e-05,0.9998834729194641,4.106192136532627e-05
TCGA:LSCC:TCGA-56-7222-01,LSCC,LSCC,3.609925443015527e-06,4.226927921990864e-05,0.9999363422393799,1.7763035430107266e-05
TCGA:LSCC:TCGA-56-7223-01,LSCC,LSCC,0.010236043483018875,0.00890452228486538,0.9718522429466248,0.009007162414491177
TCGA:LSCC:TCGA-56-7579-01,LSCC,LSCC,8.224841621995438e-06,0.004253176972270012,0.9957315921783447,6.999365268711699e-06
TCGA:LSCC:TCGA-56-7580-01,LSCC,LSCC,0.0003030496300198138,0.0009571751579642296,0.9984280467033386,0.0003117353771813214
TCGA:LSCC:TCGA-56-7582-01,LSCC,LSCC,1.003975853564043e-06,0.0008712501148693264,0.9991270303726196,7.253711942212249e-07
TCGA:LSCC:TCGA-56-7730-01,LSCC,LSCC,3.568111850427158e-08,4.868662131229939e-07,0.999999463558197,2.9051456351680827e-08
TCGA:LSCC:TCGA-56-7731-01,LSCC,LSCC,0.00011235279816901311,7.310647197300568e-05,0.9994351267814636,0.0003794007352553308
TCGA:LSCC:TCGA-56-7822-01,LSCC,LSCC,1.8489728859094612e-07,1.010198138828855e-05,0.9999889731407166,7.344735308834061e-07
TCGA:LSCC:TCGA-56-7823-01,LSCC,LSCC,0.0006752486224286258,0.009600930847227573,0.9893937110900879,0.00033012087806127965
TCGA:LSCC:TCGA-56-8082-01,LSCC,LSCC,0.0004061500949319452,0.00028185249539092183,0.9987514615058899,0.000560562068130821
TCGA:LSCC:TCGA-56-8083-01,LSCC,LSCC,0.0011056961957365274,0.0005937527748756111,0.9938958287239075,0.0044047171249985695
TCGA:LSCC:TCGA-56-8201-01,LSCC,LSCC,7.307096893782727e-06,6.429604127333732e-06,0.9999457001686096,4.0577866457169876e-05
TCGA:LSCC:TCGA-56-8304-01,LSCC,LSCC,1.422889454261167e-06,0.00012651266297325492,0.9998674392700195,4.625212568498682e-06
TCGA:LSCC:TCGA-56-8305-01,LSCC,LSCC,3.2015788747230545e-05,7.627109152963385e-05,0.9998672008514404,2.4533524992875755e-05
TCGA:LSCC:TCGA-56-8307-01,LSCC,LSCC,0.007944297976791859,0.012182624079287052,0.9752913117408752,0.004581782966852188
TCGA:LSCC:TCGA-56-8308-01,LSCC,LSCC,0.00026348899700678885,0.0004095447948202491,0.9991646409034729,0.00016234743816312402
TCGA:LSCC:TCGA-56-8309-01,LSCC,LSCC,3.610641670093173e-06,3.0724572752660606e-06,0.9999623894691467,3.090520476689562e-05
TCGA:LSCC:TCGA-56-8503-01,LSCC,LSCC,9.62154786066094e-07,2.4314704205607995e-05,0.9999744296073914,2.726933701069356e-07
TCGA:LSCC:TCGA-56-8504-01,LSCC,LSCC,0.0005252290284261107,0.0008860691450536251,0.9981992244720459,0.0003895005793310702
TCGA:LSCC:TCGA-56-8622-01,LSCC,LSCC,4.6020604713703506e-06,1.185295514005702e-05,0.999963641166687,1.9923201762139797e-05
TCGA:LSCC:TCGA-56-8623-01,LSCC,LUAD,3.633415326476097e-05,3.5249729990027845e-05,0.024507073685526848,0.9754213690757751
TCGA:LSCC:TCGA-56-8624-01,LSCC,LSCC,1.0775507689686492e-05,2.898524144256953e-05,0.9999483227729797,1.191006140288664e-05
TCGA:LSCC:TCGA-56-8625-01,LSCC,LSCC,3.099108880633139e-07,1.793312804920788e-07,0.9999987483024597,7.706655082984071e-07
TCGA:LSCC:TCGA-56-8626-01,LSCC,LSCC,0.0009484344627708197,0.0014503111597150564,0.9961916208267212,0.0014096192317083478
TCGA:LSCC:TCGA-56-8628-01,LSCC,LSCC,2.0757629499712493e-06,1.5865031173234456e-06,0.9999852776527405,1.1057793017243966e-05
TCGA:LSCC:TCGA-56-8629-01,LSCC,LSCC,3.756039950530976e-05,0.00011914609785890207,0.9998005032539368,4.278467531548813e-05
TCGA:LSCC:TCGA-56-A49D-01,LSCC,LSCC,7.441454363288358e-05,0.00010000971815316007,0.9994513392448425,0.00037424080073833466
TCGA:LSCC:TCGA-56-A4BW-01,LSCC,LSCC,0.000477995810797438,0.0004618239763658494,0.9978145360946655,0.0012456196127459407
TCGA:LSCC:TCGA-56-A4BX-01,LSCC,LSCC,6.647298960160697e-06,0.002134793670848012,0.9978418946266174,1.6643483832012862e-05
TCGA:LSCC:TCGA-56-A4BY-01,LSCC,LSCC,4.95751100970665e-06,6.335759735520696e-06,0.9999222755432129,6.641989602940157e-05
TCGA:LSCC:TCGA-56-A4ZJ-01,LSCC,LSCC,0.0017566647147759795,0.0010790398810058832,0.9811848998069763,0.01597937010228634
TCGA:LSCC:TCGA-56-A4ZK-01,LSCC,LSCC,1.2374687685223762e-05,0.003965231589972973,0.996017575263977,4.838079803448636e-06
TCGA:LSCC:TCGA-56-A5DR-01,LSCC,LSCC,1.7297924159720424e-06,4.826581061934121e-06,0.9999906420707703,2.819374913087813e-06
TCGA:LSCC:TCGA-56-A5DS-01,LSCC,LSCC,0.0005051644402556121,0.0004886391689069569,0.9984423518180847,0.0005638369475491345
TCGA:LSCC:TCGA-56-A62T-01,LSCC,LSCC,3.092993938480504e-05,0.03740415349602699,0.9625423550605774,2.2589414584217593e-05
TCGA:LSCC:TCGA-58-8386-01,LSCC,LSCC,0.00011625502520473674,0.00018062660819850862,0.9995914101600647,0.0001117087304010056
TCGA:LSCC:TCGA-58-8387-01,LSCC,LSCC,0.00013567856512963772,0.0021153921261429787,0.9976133108139038,0.0001356002176180482
TCGA:LSCC:TCGA-58-8388-01,LSCC,LSCC,0.005540370941162109,0.0001724932371871546,0.9937074184417725,0.0005797166377305984
TCGA:LSCC:TCGA-58-8390-01,LSCC,LSCC,0.002082359977066517,0.0026307981461286545,0.9940714836120605,0.001215351396240294
TCGA:LSCC:TCGA-58-8391-01,LSCC,LSCC,1.3455136240736465e-06,2.5899644242599607e-06,0.999994695186615,1.3796305893265526e-06
TCGA:LSCC:TCGA-58-8392-01,LSCC,LSCC,3.0004724976606667e-05,0.0001346985955024138,0.9998144507408142,2.0829023924306966e-05
TCGA:LSCC:TCGA-58-8393-01,LSCC,LSCC,0.00013978911738377064,0.00015239513595588505,0.9994298219680786,0.0002780127106234431
TCGA:LSCC:TCGA-58-A46J-01,LSCC,LSCC,3.3221277817574446e-07,1.4308027402876178e-06,0.9999969601631165,1.2714747299469309e-06
TCGA:LSCC:TCGA-58-A46K-01,LSCC,LSCC,2.2008232463122113e-06,7.029108473943779e-06,0.9999889135360718,1.8644061583472649e-06
TCGA:LSCC:TCGA-58-A46L-01,LSCC,LSCC,1.0385278073954396e-05,0.004482158925384283,0.9955042600631714,3.2032210128818406e-06
TCGA:LSCC:TCGA-58-A46M-01,LSCC,LSCC,0.00021419930271804333,0.00869658775627613,0.9910163283348083,7.290394569281489e-05
TCGA:LSCC:TCGA-58-A46N-01,LSCC,LSCC,3.641252305897069e-06,0.0013542864471673965,0.9986400604248047,2.00356498680776e-06
TCGA:LSCC:TCGA-60-2695-01,LSCC,LSCC,0.018131054937839508,0.00021339082741178572,0.9640158414840698,0.017639730125665665
TCGA:LSCC:TCGA-60-2697-01,LSCC,LSCC,5.014020644011907e-05,1.4166982509777881e-05,0.9981292486190796,0.001806433079764247
TCGA:LSCC:TCGA-60-2698-01,LSCC,LSCC,8.187030431372477e-08,7.239361821120838e-06,0.9999924898147583,1.9713847621005698e-07
TCGA:LSCC:TCGA-60-2703-01,LSCC,LSCC,1.1758643267967273e-06,2.6916956130662584e-07,0.999996542930603,2.0141683307883795e-06
TCGA:LSCC:TCGA-60-2704-01,LSCC,LSCC,1.7128883200712153e-06,8.225227929870016e-07,0.9999939203262329,3.560080813258537e-06
TCGA:LSCC:TCGA-60-2706-01,LSCC,LUAD,0.004094944801181555,0.0016162655083462596,0.23359745740890503,0.7606913447380066
TCGA:LSCC:TCGA-60-2707-01,LSCC,LSCC,0.001509424764662981,0.0016680681146681309,0.9884828925132751,0.00833960436284542
TCGA:LSCC:TCGA-60-2708-01,LSCC,LSCC,5.917303133173846e-05,0.008553274907171726,0.9913596510887146,2.7924301321036182e-05
TCGA:LSCC:TCGA-60-2709-01,LSCC,LSCC,3.168576157008829e-08,2.357357331561616e-08,0.9999998807907104,4.572240541733663e-08
TCGA:LSCC:TCGA-60-2710-01,LSCC,LSCC,2.72699338665916e-07,4.274417051419732e-07,0.9999987483024597,5.234878699411638e-07
TCGA:LSCC:TCGA-60-2711-01,LSCC,LSCC,2.7179785888620245e-07,7.461995892299456e-07,0.9999986290931702,3.369353294147004e-07
TCGA:LSCC:TCGA-60-2713-01,LSCC,LSCC,8.519641596649308e-07,1.0159316843783017e-05,0.9999884963035583,4.682341625539266e-07
TCGA:LSCC:TCGA-60-2714-01,LSCC,LUAD,0.00011804213863797486,8.2418839156162e-05,0.0003833059745375067,0.9994162321090698
TCGA:LSCC:TCGA-60-2716-01,LSCC,LSCC,0.0004298655840102583,0.009784572757780552,0.9889494776725769,0.0008360767387785017
TCGA:LSCC:TCGA-60-2719-01,LSCC,LSCC,4.895116489933571e-06,4.389656169223599e-06,0.9999749660491943,1.574517591507174e-05
TCGA:LSCC:TCGA-60-2720-01,LSCC,LSCC,7.965129043441266e-05,0.00028595837648026645,0.9995400905609131,9.4322778750211e-05
TCGA:LSCC:TCGA-60-2721-01,LSCC,LSCC,5.237453024165006e-06,0.001781219383701682,0.9982044100761414,9.148595381702762e-06
TCGA:LSCC:TCGA-60-2722-01,LSCC,LSCC,0.0012218322372063994,0.0163965355604887,0.9815641045570374,0.0008175343973562121
TCGA:LSCC:TCGA-60-2723-01,LSCC,LSCC,0.0007332020904868841,0.0012128575472161174,0.9964500069618225,0.0016039290931075811
TCGA:LSCC:TCGA-60-2724-01,LSCC,LSCC,6.413225491996855e-05,0.08439327031373978,0.9154387712478638,0.00010384379856986925
TCGA:LSCC:TCGA-60-2725-01,LSCC,LSCC,1.8348636103837634e-06,1.54157771703467e-06,0.99998939037323,7.25787185729132e-06
TCGA:LSCC:TCGA-60-2726-01,LSCC,LSCC,1.0436109221245715e-07,1.7492429549292865e-07,0.9999991059303284,5.918380452385463e-07
TCGA:LSCC:TCGA-63-5128-01,LSCC,LSCC,1.9615687563145912e-07,1.924919615703402e-06,0.9999974966049194,3.898876173025201e-07
TCGA:LSCC:TCGA-63-5131-01,LSCC,LSCC,0.000541521527338773,0.0006592681747861207,0.9965630769729614,0.0022361408919095993
TCGA:LSCC:TCGA-63-6202-01,LSCC,LUAD,8.459450327791274e-05,4.894428275292739e-05,0.19899395108222961,0.8008725047111511
TCGA:LSCC:TCGA-63-7020-01,LSCC,LSCC,3.015062475242303e-07,2.0584172943927115e-07,0.9999479651451111,5.1557188271544874e-05
TCGA:LSCC:TCGA-63-7021-01,LSCC,LSCC,0.0007521905354224145,0.00484489556401968,0.9939941763877869,0.00040874144178815186
TCGA:LSCC:TCGA-63-7022-01,LSCC,LSCC,7.99266004491983e-08,1.4638366963026783e-07,0.9999997019767761,6.234598970422667e-08
TCGA:LSCC:TCGA-63-7023-01,LSCC,LSCC,1.606034129508771e-05,6.2403196352534e-05,0.999907910823822,1.364082800137112e-05
TCGA:LSCC:TCGA-63-A5M9-01,LSCC,LSCC,2.3746325794604672e-08,2.2687341783012016e-08,0.9999998211860657,1.1371714947472356e-07
TCGA:LSCC:TCGA-63-A5MB-01,LSCC,LSCC,3.1324367455454194e-07,3.917118078788917e-07,0.9999988675117493,4.010075542737468e-07
TCGA:LSCC:TCGA-63-A5MG-01,LSCC,LSCC,5.749886327066633e-07,5.891569799132412e-06,0.9999762773513794,1.7262698747799732e-05
TCGA:LSCC:TCGA-63-A5MH-01,LSCC,LSCC,0.0007172699552029371,0.06502478569746017,0.9341144561767578,0.00014352021389640868
TCGA:LSCC:TCGA-63-A5MI-01,LSCC,LSCC,2.4113364816003013e-07,1.6524069224033155e-07,0.9999982118606567,1.3974082548884326e-06
TCGA:LSCC:TCGA-63-A5MJ-01,LSCC,LSCC,4.497882764553651e-05,0.0013953803572803736,0.9985476732254028,1.1981735042354558e-05
TCGA:LSCC:TCGA-63-A5ML-01,LSCC,LSCC,5.2720111852977425e-05,5.0418955652276054e-05,0.9998070597648621,8.980793791124597e-05
TCGA:LSCC:TCGA-63-A5MM-01,LSCC,LSCC,0.16151046752929688,0.1683318316936493,0.6644737124443054,0.005683994852006435
TCGA:LSCC:TCGA-63-A5MN-01,LSCC,LUAD,0.00042062238208018243,0.0006657984922640026,0.41347527503967285,0.5854383111000061
TCGA:LSCC:TCGA-63-A5MP-01,LSCC,LSCC,1.2030390905692911e-08,1.3623287387076743e-08,0.9999999403953552,1.5270416042767465e-08
TCGA:LSCC:TCGA-63-A5MR-01,LSCC,LSCC,7.512142587984272e-07,0.00038776444853283465,0.9996109008789062,6.127054916760244e-07
TCGA:LSCC:TCGA-63-A5MS-01,LSCC,LSCC,6.02155623141698e-08,3.196548092887497e-08,0.9999997019767761,2.0908231590510695e-07
TCGA:LSCC:TCGA-63-A5MT-01,LSCC,LSCC,0.0001568198495078832,0.00020398173364810646,0.9990479946136475,0.0005912177148275077
TCGA:LSCC:TCGA-63-A5MU-01,LSCC,LSCC,0.00048277946189045906,0.38053810596466064,0.6185981035232544,0.0003810100897680968
TCGA:LSCC:TCGA-63-A5MV-01,LSCC,LSCC,9.496961865806952e-06,7.260054553626105e-05,0.9999147653579712,3.15903685077501e-06
TCGA:LSCC:TCGA-63-A5MW-01,LSCC,LSCC,0.12399521470069885,0.053493618965148926,0.808810830116272,0.013700312934815884
TCGA:LSCC:TCGA-63-A5MY-01,LSCC,LSCC,3.730672460733331e-06,0.0001588749437360093,0.9998147487640381,2.263555143144913e-05
TCGA:LSCC:TCGA-66-2727-01,LSCC,LSCC,7.886554840297322e-07,6.95199901201704e-07,0.999997079372406,1.4472708471657825e-06
TCGA:LSCC:TCGA-66-2734-01,LSCC,LSCC,7.443522775929523e-08,3.7375212258439205e-08,0.9999998211860657,5.306052841547171e-08
TCGA:LSCC:TCGA-66-2737-01,LSCC,LSCC,3.7479910730553456e-08,2.65255053477631e-08,0.9999999403953552,2.1312905218451306e-08
TCGA:LSCC:TCGA-66-2742-01,LSCC,LSCC,6.382791752912453e-07,3.830610353361408e-07,0.9999972581863403,1.7462829191572382e-06
TCGA:LSCC:TCGA-66-2744-01,LSCC,LSCC,0.004162589553743601,0.005286038387566805,0.9775012731552124,0.013050117529928684
TCGA:LSCC:TCGA-66-2753-01,LSCC,LSCC,0.0006371535127982497,0.0004651827330235392,0.9973724484443665,0.0015252170851454139
TCGA:LSCC:TCGA-66-2754-01,LSCC,LUAD,0.002367373090237379,0.0007053518784232438,0.17444410920143127,0.8224831819534302
TCGA:LSCC:TCGA-66-2755-01,LSCC,LSCC,0.0022348451893776655,0.000857106177136302,0.9968506693840027,5.738198524340987e-05
TCGA:LSCC:TCGA-66-2756-01,LSCC,LUAD,0.01624666526913643,0.004405612591654062,0.3069708049297333,0.6723769307136536
TCGA:LSCC:TCGA-66-2757-01,LSCC,LSCC,0.008033985272049904,0.002271803328767419,0.9825525283813477,0.007141679525375366
TCGA:LSCC:TCGA-66-2758-01,LSCC,LSCC,0.0003144000074826181,0.0002356658806093037,0.9990341663360596,0.00041574201895855367
TCGA:LSCC:TCGA-66-2759-01,LSCC,LSCC,6.4361877605279e-08,2.705379756662296e-06,0.9999971985816956,5.3389388909863555e-08
TCGA:LSCC:TCGA-66-2763-01,LSCC,LSCC,1.318729346166947e-06,4.853954578720732e-06,0.9999833106994629,1.0496625691303052e-05
TCGA:LSCC:TCGA-66-2765-01,LSCC,LSCC,9.188731382892001e-06,0.00015625682135578245,0.9998205900192261,1.394441642332822e-05
TCGA:LSCC:TCGA-66-2766-01,LSCC,LSCC,5.643440772473696e-07,4.176733000349486e-06,0.9999940991401672,1.13037117444037e-06
TCGA:LSCC:TCGA-66-2767-01,LSCC,LSCC,2.4213907181547256e-06,7.643154276593123e-06,0.9999831914901733,6.740001026628306e-06
TCGA:LSCC:TCGA-66-2768-01,LSCC,LSCC,0.01249740645289421,0.46028557419776917,0.5171852707862854,0.010031729936599731
TCGA:LSCC:TCGA-66-2769-01,LSCC,LSCC,0.0010367826325818896,0.0007463369402103126,0.9972072243690491,0.0010096445912495255
TCGA:LSCC:TCGA-66-2770-01,LSCC,LSCC,5.431380145637377e-07,3.6449018807616085e-06,0.9999953508377075,4.6779643980698893e-07
TCGA:LSCC:TCGA-66-2771-01,LSCC,LSCC,0.0014774840092286468,0.0015327659202739596,0.9880099296569824,0.008979837410151958
TCGA:LSCC:TCGA-66-2773-01,LSCC,LSCC,3.280446492226474e-07,3.480359964669333e-07,0.9999980926513672,1.2314185369177721e-06
TCGA:LSCC:TCGA-66-2777-01,LSCC,LSCC,2.83226722785912e-06,1.7612345573070343e-06,0.9999828338623047,1.2597117347468156e-05
TCGA:LSCC:TCGA-66-2778-01,LSCC,LSCC,0.0001159999446826987,0.0004592964251060039,0.9991949796676636,0.00022970909776631743
TCGA:LSCC:TCGA-66-2780-01,LSCC,LSCC,1.7636965594647336e-06,4.669183454097947e-06,0.9999914765357971,2.074689064102131e-06
TCGA:LSCC:TCGA-66-2781-01,LSCC,LSCC,8.662980803819664e-07,2.4474147721775807e-06,0.999995768070221,9.020021707328851e-07
TCGA:LSCC:TCGA-66-2782-01,LSCC,LSCC,0.00039350983570329845,0.0003104833886027336,0.99891597032547,0.00038001147913746536
TCGA:LSCC:TCGA-66-2783-01,LSCC,LSCC,4.4924960093339905e-05,9.605030209058896e-05,0.9998106956481934,4.830239049624652e-05
TCGA:LSCC:TCGA-66-2785-01,LSCC,LSCC,0.0005157284322194755,3.7447507565957494e-06,0.9992474913597107,0.0002330569113837555
TCGA:LSCC:TCGA-66-2786-01,LSCC,LSCC,3.7093359424034134e-06,2.703762220335193e-06,0.9998850226402283,0.00010854085121536627
TCGA:LSCC:TCGA-66-2787-01,LSCC,LSCC,1.5045240786548675e-07,9.348354268468029e-08,0.9999995231628418,2.0609601847354497e-07
TCGA:LSCC:TCGA-66-2788-01,LSCC,LSCC,0.0005499498802237213,0.0007819628808647394,0.997910737991333,0.0007573566981591284
TCGA:LSCC:TCGA-66-2789-01,LSCC,LSCC,1.915156417453545e-06,1.1965030353167094e-06,0.9999943971633911,2.511648972358671e-06
TCGA:LSCC:TCGA-66-2790-01,LSCC,LSCC,3.87062345907907e-06,6.014668088027975e-06,0.9999779462814331,1.2149824215157423e-05
TCGA:LSCC:TCGA-66-2791-01,LSCC,LSCC,7.050313683976128e-07,7.575728773190349e-07,0.9999972581863403,1.279721573155257e-06
TCGA:LSCC:TCGA-66-2792-01,LSCC,LSCC,0.00010098083293996751,0.0006706321728415787,0.9991620182991028,6.637191836489365e-05
TCGA:LSCC:TCGA-66-2793-01,LSCC,LSCC,0.00012321636313572526,0.00012519131996668875,0.9980238676071167,0.001727747032418847
TCGA:LSCC:TCGA-66-2794-01,LSCC,LSCC,1.8379762423137436e-07,2.813786750266445e-07,0.9999982714653015,1.2354984164630878e-06
TCGA:LSCC:TCGA-66-2795-01,LSCC,LSCC,2.587890151062311e-07,3.654874376479711e-07,0.9999990463256836,3.463003679371468e-07
TCGA:LSCC:TCGA-66-2800-01,LSCC,LSCC,3.264893894083798e-05,2.8441099857445806e-05,0.9998807907104492,5.809247522847727e-05
TCGA:LSCC:TCGA-68-7755-01,LSCC,LSCC,0.003788815811276436,0.16218145191669464,0.8314403295516968,0.002589415991678834
TCGA:LSCC:TCGA-68-7756-01,LSCC,LSCC,0.00024259366909973323,0.00038095287163741887,0.9989910125732422,0.0003854540118481964
TCGA:LSCC:TCGA-68-7757-01,LSCC,LSCC,0.00010135145566891879,0.0012992030242457986,0.9982616901397705,0.0003377272514626384
TCGA:LSCC:TCGA-68-8250-01,LSCC,LSCC,0.001146103022620082,0.0007715848623774946,0.9849020838737488,0.013180205598473549
TCGA:LSCC:TCGA-68-8251-01,LSCC,LSCC,9.654522727942094e-07,5.099961981613887e-07,0.9999967217445374,1.8066580196318682e-06
TCGA:LSCC:TCGA-68-A59I-01,LSCC,LSCC,2.642498839122709e-05,0.0009453038801439106,0.99899822473526,3.0032108043087646e-05
TCGA:LSCC:TCGA-68-A59J-01,LSCC,LSCC,0.00010242315329378471,0.00018072636157739908,0.9996055960655212,0.00011127113975817338
TCGA:LSCC:TCGA-6A-AB49-01,LSCC,LSCC,0.016799375414848328,0.08099418878555298,0.8869668841362,0.015239546075463295
TCGA:LSCC:TCGA-70-6722-01,LSCC,LSCC,1.1045897736039478e-05,1.0504049896553624e-05,0.9995723962783813,0.0004060398496221751
TCGA:LSCC:TCGA-70-6723-01,LSCC,LSCC,0.0006749907042831182,0.00674612307921052,0.9921722412109375,0.00040666080894879997
TCGA:LSCC:TCGA-77-6842-01,LSCC,LSCC,2.4325569029315375e-05,1.0187935913563706e-05,0.9994457960128784,0.0005196885322220623
TCGA:LSCC:TCGA-77-6843-01,LSCC,LSCC,9.495136328041553e-05,0.00021235542953945696,0.9996060729026794,8.660847379360348e-05
TCGA:LSCC:TCGA-77-6844-01,LSCC,LSCC,0.0004932146403007209,0.0008566946489736438,0.9977200627326965,0.00093001255299896
TCGA:LSCC:TCGA-77-6845-01,LSCC,LSCC,2.6820160314855457e-07,5.971110113023315e-07,0.9999985098838806,6.268836045819626e-07
TCGA:LSCC:TCGA-77-7138-01,LSCC,LSCC,0.0018435303354635835,0.2994239330291748,0.6968740820884705,0.0018584729405120015
TCGA:LSCC:TCGA-77-7139-01,LSCC,LSCC,2.3066997528076172e-05,0.0009241699008271098,0.9990348815917969,1.790547503333073e-05
TCGA:LSCC:TCGA-77-7140-01,LSCC,LSCC,0.0004301867447793484,0.015254870988428593,0.9841494560241699,0.0001654578954912722
TCGA:LSCC:TCGA-77-7141-01,LSCC,LSCC,6.2916119532019366e-06,6.888490588607965e-06,0.9999843239784241,2.4670600851095514e-06
TCGA:LSCC:TCGA-77-7142-01,LSCC,LSCC,2.0162120563327335e-05,2.1439465854200535e-05,0.9998777508735657,8.065652946243063e-05
TCGA:LSCC:TCGA-77-7335-01,LSCC,LSCC,0.0001491549046477303,0.00010217796807410195,0.9997367262840271,1.1961472409893759e-05
TCGA:LSCC:TCGA-77-7337-01,LSCC,LSCC,8.531633648090065e-05,0.025437723845243454,0.9744204878807068,5.64996553293895e-05
TCGA:LSCC:TCGA-77-7338-01,LSCC,LSCC,3.585487502277829e-05,4.944521788274869e-05,0.9998892545700073,2.541931280575227e-05
TCGA:LSCC:TCGA-77-7463-01,LSCC,LSCC,4.549162824218911e-08,1.4366798950504744e-07,0.9999997019767761,1.2830622608817066e-07
TCGA:LSCC:TCGA-77-7465-01,LSCC,LSCC,0.002888249233365059,0.001856279675848782,0.9940584897994995,0.0011969952611252666
TCGA:LSCC:TCGA-77-8007-01,LSCC,LUAD,6.737127023370704e-06,1.3767761629424058e-05,6.030561416991986e-05,0.9999191761016846
TCGA:LSCC:TCGA-77-8008-01,LSCC,LSCC,5.603608315141173e-06,0.00011083789286203682,0.9998783469200134,5.240217433311045e-06
TCGA:LSCC:TCGA-77-8009-01,LSCC,LSCC,0.0004420318000484258,0.0053594401106238365,0.9940099716186523,0.00018858449766412377
TCGA:LSCC:TCGA-77-8128-01,LSCC,LSCC,0.0014931339537724853,0.1301264613866806,0.8671399354934692,0.0012404363369569182
TCGA:LSCC:TCGA-77-8130-01,LSCC,LSCC,0.005401144735515118,0.0420713946223259,0.9491862058639526,0.003341265954077244
TCGA:LSCC:TCGA-77-8131-01,LSCC,LSCC,1.0005468539020512e-05,7.122330134734511e-05,0.9999001026153564,1.8655526218935847e-05
TCGA:LSCC:TCGA-77-8133-01,LSCC,LSCC,0.004973053932189941,0.039570439606904984,0.9528631567955017,0.002593372482806444
TCGA:LSCC:TCGA-77-8136-01,LSCC,LSCC,0.00012132879055570811,0.0007066217949613929,0.9990122318267822,0.0001598166418261826
TCGA:LSCC:TCGA-77-8138-01,LSCC,LSCC,6.02330965193687e-06,5.590293312707217e-06,0.9999629259109497,2.5473891582805663e-05
TCGA:LSCC:TCGA-77-8139-01,LSCC,LSCC,8.907112351153046e-05,0.002967867534607649,0.9968803524971008,6.268704601097852e-05
TCGA:LSCC:TCGA-77-8140-01,LSCC,LSCC,4.59897728433134e-06,6.089152520871721e-06,0.9999756217002869,1.3671282431459986e-05
TCGA:LSCC:TCGA-77-8143-01,LSCC,LSCC,0.004718428011983633,0.02082069031894207,0.9623392820358276,0.01212162896990776
TCGA:LSCC:TCGA-77-8144-01,LSCC,HNSCC,4.214236105326563e-05,0.9970301389694214,0.0029005780816078186,2.7159459932590835e-05
TCGA:LSCC:TCGA-77-8145-01,LSCC,LSCC,0.0003032276581507176,0.0005762705113738775,0.9988815188407898,0.00023899301595520228
TCGA:LSCC:TCGA-77-8148-01,LSCC,LSCC,1.8230475689051673e-05,0.00023803416115697473,0.9997285604476929,1.517556665930897e-05
TCGA:LSCC:TCGA-77-8150-01,LSCC,LSCC,3.7799203767008294e-08,1.410291702086397e-06,0.9999985098838806,5.60426336448927e-08
TCGA:LSCC:TCGA-77-8153-01,LSCC,LSCC,1.801945359147794e-06,3.522295082802884e-05,0.999961793422699,1.190460011457617e-06
TCGA:LSCC:TCGA-77-8154-01,LSCC,LSCC,0.0003503962652757764,0.00040978225297294557,0.9986164569854736,0.0006233680760487914
TCGA:LSCC:TCGA-77-8156-01,LSCC,LSCC,4.902419092900345e-08,4.135986486630827e-08,0.9999998807907104,4.787359486613241e-08
TCGA:LSCC:TCGA-77-A5FZ-01,LSCC,LSCC,0.002040114952251315,0.0011238085571676493,0.788811445236206,0.20802462100982666
TCGA:LSCC:TCGA-77-A5G1-01,LSCC,LSCC,9.742087058839388e-06,1.8436312529956922e-05,0.9999566078186035,1.5238780179060996e-05
TCGA:LSCC:TCGA-77-A5G3-01,LSCC,LSCC,8.262010669568554e-05,0.0009601481724530458,0.9988970756530762,6.0151938669150695e-05
TCGA:LSCC:TCGA-77-A5G6-01,LSCC,LSCC,4.678218701315018e-08,1.6093922283744178e-07,0.9999997019767761,9.448136495393555e-08
TCGA:LSCC:TCGA-77-A5G7-01,LSCC,LSCC,0.00045047554885968566,0.0011544472072273493,0.9979331493377686,0.00046192671288736165
TCGA:LSCC:TCGA-77-A5G8-01,LSCC,LSCC,1.0559816843169756e-07,1.7621654535560083e-07,0.9999995827674866,1.3361577089199272e-07
TCGA:LSCC:TCGA-77-A5GB-01,LSCC,LSCC,2.571839650045149e-05,0.0011513370554894209,0.9988070130348206,1.5903959138086066e-05
TCGA:LSCC:TCGA-77-A5GF-01,LSCC,LSCC,0.0010009314864873886,0.006068484392017126,0.9923705458641052,0.0005600310978479683
TCGA:LSCC:TCGA-77-A5GH-01,LSCC,LSCC,0.001528495573438704,0.0020669051446020603,0.9948142766952515,0.0015903429593890905
TCGA:LSCC:TCGA-79-5596-01,LSCC,HNSCC,0.01638631708920002,0.606955349445343,0.37408649921417236,0.0025718449614942074
TCGA:LSCC:TCGA-85-6175-01,LSCC,LSCC,0.00011754982551792637,0.000615424127317965,0.9992252588272095,4.1749673982849345e-05
TCGA:LSCC:TCGA-85-6560-01,LSCC,LSCC,0.11118365079164505,0.02296588569879532,0.44067782163619995,0.4251726567745209
TCGA:LSCC:TCGA-85-6561-01,LSCC,LSCC,0.0004126979620195925,0.000545103510376066,0.998765230178833,0.0002769914281088859
TCGA:LSCC:TCGA-85-6798-01,LSCC,LSCC,0.0005657376023009419,0.003994004335254431,0.9951055645942688,0.0003347062156535685
TCGA:LSCC:TCGA-85-7696-01,LSCC,LSCC,2.4782059426797787e-06,6.046656380931381e-06,0.9999885559082031,2.91652600026282e-06
TCGA:LSCC:TCGA-85-7697-01,LSCC,LSCC,0.0012645421084016562,0.023451734334230423,0.9747779965400696,0.0005057438975200057
TCGA:LSCC:TCGA-85-7698-01,LSCC,LSCC,2.6504915240366245e-06,4.9680736992741004e-05,0.9999468922615051,7.855509238652303e-07
TCGA:LSCC:TCGA-85-7699-01,LSCC,LSCC,0.0023850833531469107,0.003608997445553541,0.9936919212341309,0.0003139852196909487
TCGA:LSCC:TCGA-85-7710-01,LSCC,LSCC,3.3739517675712705e-05,4.086706030648202e-05,0.9998704791069031,5.490171315614134e-05
TCGA:LSCC:TCGA-85-7843-01,LSCC,LSCC,3.1438634323421866e-05,0.004227546509355307,0.9957178235054016,2.3211872758110985e-05
TCGA:LSCC:TCGA-85-7844-01,LSCC,LSCC,2.145471142966926e-07,2.0157128233222465e-07,0.9999991655349731,4.39391840245662e-07
TCGA:LSCC:TCGA-85-7950-01,LSCC,LSCC,0.000278371007880196,0.002352739917114377,0.9971908926963806,0.00017799268243834376
TCGA:LSCC:TCGA-85-8048-01,LSCC,LSCC,1.750614728734945e-06,1.683003461039334e-06,0.9999906420707703,5.90365971220308e-06
TCGA:LSCC:TCGA-85-8049-01,LSCC,LSCC,4.432770219864324e-05,0.000524204398971051,0.9994032979011536,2.8183834729134105e-05
TCGA:LSCC:TCGA-85-8052-01,LSCC,LSCC,2.5710223283681444e-08,4.1083456636670235e-08,0.9999998807907104,3.936636971957341e-08
TCGA:LSCC:TCGA-85-8070-01,LSCC,LSCC,0.0013507934054359794,0.0022364219184964895,0.9954559206962585,0.00095686613349244
TCGA:LSCC:TCGA-85-8071-01,LSCC,LSCC,3.26276604027953e-05,0.024723922833800316,0.9752119779586792,3.147479219478555e-05
TCGA:LSCC:TCGA-85-8072-01,LSCC,LSCC,2.200533799623372e-07,1.5489261784296104e-07,0.9999983906745911,1.2233356301294407e-06
TCGA:LSCC:TCGA-85-8276-01,LSCC,LSCC,6.172770372359082e-05,0.00010795755952131003,0.9997570514678955,7.327102503040805e-05
TCGA:LSCC:TCGA-85-8277-01,LSCC,LSCC,3.4562774089863524e-05,3.7605524994432926e-05,0.9998931884765625,3.462750464677811e-05
TCGA:LSCC:TCGA-85-8287-01,LSCC,LSCC,8.305146934617369e-07,2.076766918435169e-07,0.9999977350234985,1.2371817774692317e-06
TCGA:LSCC:TCGA-85-8288-01,LSCC,LSCC,7.12499168002978e-05,0.0023299248423427343,0.9975661039352417,3.269205262768082e-05
TCGA:LSCC:TCGA-85-8350-01,LSCC,LSCC,1.8629372107170639e-06,7.527711659349734e-06,0.999985933303833,4.660149443225237e-06
TCGA:LSCC:TCGA-85-8351-01,LSCC,LSCC,5.5878099374240264e-06,5.679536116076633e-06,0.9999412298202515,4.75263805128634e-05
TCGA:LSCC:TCGA-85-8352-01,LSCC,LSCC,0.012792768888175488,0.0010382956825196743,0.9847901463508606,0.0013787862844765186
TCGA:LSCC:TCGA-85-8353-01,LSCC,LSCC,1.5401458313135663e-06,2.1365240172599442e-06,0.9999950528144836,1.2803737945432658e-06
TCGA:LSCC:TCGA-85-8354-01,LSCC,LSCC,9.037697736857808e-07,2.4400169422733597e-06,0.9999953508377075,1.3022309985899483e-06
TCGA:LSCC:TCGA-85-8355-01,LSCC,LSCC,0.00015780593093950301,0.000438554649008438,0.9992051124572754,0.0001985099952435121
TCGA:LSCC:TCGA-85-8479-01,LSCC,HNSCC,3.625039244070649e-05,0.9829355478286743,0.016997767612338066,3.040363844775129e-05
TCGA:LSCC:TCGA-85-8481-01,LSCC,LSCC,4.5987424527993426e-05,0.0015776315703988075,0.9981696009635925,0.00020679828594438732
TCGA:LSCC:TCGA-85-8580-01,LSCC,LSCC,0.00039175860001705587,0.0006342769484035671,0.9985911846160889,0.0003827785258181393
TCGA:LSCC:TCGA-85-8582-01,LSCC,LSCC,1.4737455785507336e-05,0.0031011702958494425,0.996876060962677,8.020042514544912e-06
TCGA:LSCC:TCGA-85-8584-01,LSCC,LUAD,0.00014274891873355955,4.341355088399723e-05,0.0006103964988142252,0.9992034435272217
TCGA:LSCC:TCGA-85-8664-01,LSCC,LSCC,0.00026472590980120003,0.00044103930122219026,0.9988172054290771,0.00047705628094263375
TCGA:LSCC:TCGA-85-8666-01,LSCC,LSCC,0.004391147755086422,0.006296789739280939,0.9884424805641174,0.0008696086588315666
TCGA:LSCC:TCGA-85-A4CL-01,LSCC,LSCC,1.2368801662887563e-06,3.474398545222357e-05,0.9999631643295288,8.309388590532762e-07
TCGA:LSCC:TCGA-85-A4CN-01,LSCC,LSCC,3.460371226537973e-05,0.0027083628810942173,0.9972526431083679,4.385879037727136e-06
TCGA:LSCC:TCGA-85-A4JB-01,LSCC,LSCC,2.907855377998203e-05,0.28571808338165283,0.7142345309257507,1.8327897123526782e-05
TCGA:LSCC:TCGA-85-A4JC-01,LSCC,LSCC,4.5746846808469854e-06,0.0013694505905732512,0.9986220002174377,3.981846930400934e-06
TCGA:LSCC:TCGA-85-A4PA-01,LSCC,LSCC,0.020563118159770966,0.004516860470175743,0.8018298745155334,0.1730901300907135
TCGA:LSCC:TCGA-85-A4QQ-01,LSCC,HNSCC,0.002388013992458582,0.8415123224258423,0.15366658568382263,0.002433069748803973
TCGA:LSCC:TCGA-85-A4QR-01,LSCC,LSCC,3.985453804489225e-05,0.0003469006041996181,0.9994189739227295,0.00019426830112934113
TCGA:LSCC:TCGA-85-A50M-01,LSCC,LUAD,0.0003632806765381247,0.0002062048442894593,0.273427814245224,0.7260026931762695
TCGA:LSCC:TCGA-85-A50Z-01,LSCC,LSCC,0.0006718857912346721,0.0007285281899385154,0.9967100024223328,0.0018895932007580996
TCGA:LSCC:TCGA-85-A510-01,LSCC,LUAD,0.00010802032920764759,5.081573544885032e-05,0.04224271699786186,0.9575984477996826
TCGA:LSCC:TCGA-85-A511-01,LSCC,LSCC,2.464767945298263e-08,3.037122908722267e-08,0.9999999403953552,1.7273910302151307e-08
TCGA:LSCC:TCGA-85-A512-01,LSCC,LSCC,0.0012971415417268872,0.14105598628520966,0.8567593097686768,0.0008875614730641246
TCGA:LSCC:TCGA-85-A513-01,LSCC,LUAD,0.0011892986949533224,0.0005417013890109956,0.022373249754309654,0.9758957624435425
TCGA:LSCC:TCGA-85-A53L-01,LSCC,LSCC,0.000483653973788023,0.00033074236125685275,0.9984424710273743,0.0007431416306644678
TCGA:LSCC:TCGA-85-A5B5-01,LSCC,LSCC,0.0003045893390662968,0.0019368900684639812,0.9975408315658569,0.0002177021960960701
TCGA:LSCC:TCGA-90-6837-01,LSCC,LSCC,2.552308615122456e-06,0.00024134619161486626,0.9997531771659851,2.8964529974473407e-06
TCGA:LSCC:TCGA-90-7766-01,LSCC,LSCC,0.0013902854407206178,0.0018025969620794058,0.9916972517967224,0.005109875928610563
TCGA:LSCC:TCGA-90-7767-01,LSCC,LSCC,0.09450867027044296,0.09801920503377914,0.7961517572402954,0.011320355348289013
TCGA:LSCC:TCGA-90-7769-01,LSCC,LSCC,9.65453073149547e-05,0.1580694168806076,0.8416722416877747,0.00016182141553144902
TCGA:LSCC:TCGA-90-7964-01,LSCC,LSCC,3.8520709495060146e-05,2.4957607820397243e-05,0.9957736730575562,0.004162819590419531
TCGA:LSCC:TCGA-90-A4ED-01,LSCC,LSCC,0.008896845392882824,0.010799345560371876,0.9779372811317444,0.0023665435146540403
TCGA:LSCC:TCGA-90-A4EE-01,LSCC,LSCC,0.0036608679220080376,0.003539433004334569,0.9893866181373596,0.003413063008338213
TCGA:LSCC:TCGA-90-A59Q-01,LSCC,LSCC,0.005583420395851135,0.023947475478053093,0.7598310112953186,0.21063806116580963
TCGA:LSCC:TCGA-92-7340-01,LSCC,LSCC,0.0009024808532558382,0.000957600655965507,0.9973143935203552,0.0008255440043285489
TCGA:LSCC:TCGA-92-7341-01,LSCC,LSCC,1.09967390926613e-06,0.0002465452125761658,0.9997520446777344,3.398749868210871e-07
TCGA:LSCC:TCGA-92-8063-01,LSCC,LSCC,0.00013438209134619683,0.00012125613284297287,0.9996331930160522,0.00011118371912743896
TCGA:LSCC:TCGA-92-8064-01,LSCC,LSCC,7.201442286941528e-08,8.321762834384572e-06,0.9999914169311523,1.9127948291952634e-07
TCGA:LSCC:TCGA-92-8065-01,LSCC,LSCC,0.0055561126209795475,0.13735833764076233,0.8489706516265869,0.008114886470139027
TCGA:LSCC:TCGA-94-7033-01,LSCC,LSCC,0.0006240966613404453,0.001726726652123034,0.9968574047088623,0.0007917577750049531
TCGA:LSCC:TCGA-94-7557-01,LSCC,LSCC,0.002554419683292508,0.0013304464519023895,0.9947453737258911,0.0013697680551558733
TCGA:LSCC:TCGA-94-7943-01,LSCC,LSCC,0.003356644883751869,0.00030051011708565056,0.86284339427948,0.13349947333335876
TCGA:LSCC:TCGA-94-8035-01,LSCC,LSCC,3.450127508131118e-07,6.05581772106234e-06,0.9999929070472717,6.796762477279117e-07
TCGA:LSCC:TCGA-94-8490-01,LSCC,LSCC,0.0010521801887080073,0.44174882769584656,0.5565049648284912,0.0006940201856195927
TCGA:LSCC:TCGA-94-8491-01,LSCC,LSCC,6.701596248603892e-06,5.311194854584755e-06,0.9999144077301025,7.35703288228251e-05
TCGA:LSCC:TCGA-94-A4VJ-01,LSCC,LSCC,8.841823728289455e-05,0.0008889531600289047,0.9989191293716431,0.00010350219963584095
TCGA:LSCC:TCGA-94-A5I4-01,LSCC,LSCC,0.00038761348696425557,0.0005085301236249506,0.9987728595733643,0.000330995098920539
TCGA:LSCC:TCGA-94-A5I6-01,LSCC,LSCC,4.248812857099438e-08,1.637734641235511e-07,0.9999997615814209,2.7154310799915038e-08
TCGA:LSCC:TCGA-96-7544-01,LSCC,LSCC,0.0008297953172586858,0.0027359453961253166,0.9960432648658752,0.0003910069935955107
TCGA:LSCC:TCGA-96-7545-01,LSCC,LSCC,3.9521893313576584e-08,4.9561990067559236e-08,0.9999996423721313,2.98260545150697e-07
TCGA:LSCC:TCGA-96-8169-01,LSCC,LSCC,1.5949453313623962e-07,3.625074285196206e-08,0.9999994039535522,4.248176139753923e-07
TCGA:LSCC:TCGA-96-8170-01,LSCC,LSCC,8.498323950334452e-06,3.9522368751931936e-05,0.9997760653495789,0.00017590310017112643
TCGA:LSCC:TCGA-96-A4JL-01,LSCC,LSCC,6.713147013215348e-05,1.794662057363894e-05,0.9975501298904419,0.00236477586440742
TCGA:LSCC:TCGA-98-7454-01,LSCC,LSCC,9.21974569791928e-05,1.1872899449372198e-05,0.5314703583717346,0.46842560172080994
TCGA:LSCC:TCGA-98-8020-01,LSCC,LSCC,2.007137481996324e-05,0.0001224273582920432,0.9998230338096619,3.4470580430934206e-05
TCGA:LSCC:TCGA-98-8021-01,LSCC,LSCC,0.0005437977379187942,0.0005209424998611212,0.9983392953872681,0.0005959781701676548
TCGA:LSCC:TCGA-98-8022-01,LSCC,LSCC,9.52460050029913e-06,2.5625874968682183e-06,0.9999747276306152,1.3210276847530622e-05
TCGA:LSCC:TCGA-98-8023-01,LSCC,LSCC,0.001494462601840496,0.05641935393214226,0.9404139518737793,0.0016722107538953424
TCGA:LSCC:TCGA-98-A538-01,LSCC,LSCC,3.948754056182224e-06,0.00013734586536884308,0.999854326248169,4.351548795966664e-06
TCGA:LSCC:TCGA-98-A539-01,LSCC,LSCC,5.88642194543354e-07,8.132189464049588e-07,0.9999977946281433,8.124210921778285e-07
TCGA:LSCC:TCGA-98-A53A-01,LSCC,LSCC,3.68747059837915e-05,0.00029643659945577383,0.9996247291564941,4.1962113755289465e-05
TCGA:LSCC:TCGA-98-A53B-01,LSCC,LSCC,0.00040495413122698665,0.00036263230140320957,0.9976195693016052,0.0016128614079207182
TCGA:LSCC:TCGA-98-A53C-01,LSCC,LSCC,0.0001277230039704591,2.3324095309362747e-05,0.9786431193351746,0.021205808967351913
TCGA:LSCC:TCGA-98-A53D-01,LSCC,LSCC,0.014313600026071072,0.008090145885944366,0.7155226469039917,0.2620736062526703
TCGA:LSCC:TCGA-98-A53H-01,LSCC,LSCC,0.0033843261189758778,0.00019027129746973515,0.9327239990234375,0.06370142847299576
TCGA:LSCC:TCGA-98-A53I-01,LSCC,LSCC,4.41237170889508e-06,0.0007273967494256794,0.9992660284042358,2.169854951716843e-06
TCGA:LSCC:TCGA-98-A53J-01,LSCC,LSCC,1.1683738421197631e-06,5.4476287914440036e-05,0.9999433755874634,9.801585747482022e-07
TCGA:LSCC:TCGA-J1-A4AH-01,LSCC,LSCC,6.147624389996054e-06,0.0002924100263044238,0.9996967911720276,4.622409051080467e-06
TCGA:LSCC:TCGA-L3-A4E7-01,LSCC,LSCC,5.899628831684822e-06,6.488235158030875e-06,0.9999290108680725,5.860542296431959e-05
TCGA:LSCC:TCGA-L3-A524-01,LSCC,HNSCC,0.00285269389860332,0.8522648215293884,0.14424444735050201,0.0006380716804414988
TCGA:LSCC:TCGA-LA-A446-01,LSCC,LSCC,4.152913390953472e-07,7.438953844030038e-07,0.9999980330467224,7.989715982148482e-07
TCGA:LSCC:TCGA-LA-A7SW-01,LSCC,HNSCC,0.0001681141002336517,0.9490260481834412,0.050702352076768875,0.0001034873494063504
TCGA:LSCC:TCGA-MF-A522-01,LSCC,LSCC,0.0006270273006521165,0.027654457837343216,0.9710822701454163,0.0006362684653140604
TCGA:LSCC:TCGA-NC-A5HD-01,LSCC,LSCC,1.3804083209834062e-05,0.000590760784689337,0.9993898272514343,5.604913440038217e-06
TCGA:LSCC:TCGA-NC-A5HE-01,LSCC,LSCC,0.0022719118278473616,0.0014539888361468911,0.994093656539917,0.0021804501302540302
TCGA:LSCC:TCGA-NC-A5HF-01,LSCC,LSCC,0.0005248734960332513,0.0012375226942822337,0.9974852204322815,0.0007523931562900543
TCGA:LSCC:TCGA-NC-A5HG-01,LSCC,HNSCC,0.001211295137181878,0.7605187296867371,0.23766472935676575,0.0006052457028999925
TCGA:LSCC:TCGA-NC-A5HH-01,LSCC,LSCC,0.00011948115570703521,0.000787249009590596,0.9990606904029846,3.260450830566697e-05
TCGA:LSCC:TCGA-NC-A5HI-01,LSCC,LSCC,4.424909718636627e-07,4.0908398659667e-05,0.9999570846557617,1.5775713109178469e-06
TCGA:LSCC:TCGA-NC-A5HJ-01,LSCC,LSCC,0.00011277582234470174,0.00016842356126289815,0.6521896719932556,0.3475291430950165
TCGA:LSCC:TCGA-NC-A5HK-01,LSCC,LSCC,0.0017118470277637243,0.0004046389658469707,0.9970295429229736,0.0008539418922737241
TCGA:LSCC:TCGA-NC-A5HL-01,LSCC,LSCC,3.502591425785795e-06,2.753346279860125e-06,0.9999616742134094,3.2048661523731425e-05
TCGA:LSCC:TCGA-NC-A5HM-01,LSCC,LSCC,2.412143294350244e-05,0.00818534567952156,0.9917256832122803,6.48462082608603e-05
TCGA:LSCC:TCGA-NC-A5HN-01,LSCC,LSCC,0.002230121986940503,0.06466232240200043,0.9314547777175903,0.001652752747759223
TCGA:LSCC:TCGA-NC-A5HO-01,LSCC,HNSCC,0.0001964800903806463,0.652495265007019,0.34722965955734253,7.857460150262341e-05
TCGA:LSCC:TCGA-NC-A5HP-01,LSCC,LSCC,0.0011382290394976735,0.002142898505553603,0.9963192939758301,0.00039957882836461067
TCGA:LSCC:TCGA-NC-A5HQ-01,LSCC,LSCC,0.00014511190238408744,0.0016101375222206116,0.9980226755142212,0.00022206104767974466
TCGA:LSCC:TCGA-NC-A5HR-01,LSCC,LSCC,0.0004008293035440147,0.0012373473728075624,0.9979133009910583,0.00044853510917164385
TCGA:LSCC:TCGA-NC-A5HT-01,LSCC,LSCC,0.0007176915532909334,0.0007585073472000659,0.9966302514076233,0.0018935506232082844
TCGA:LSCC:TCGA-NK-A5CR-01,LSCC,LSCC,6.099349775467999e-05,6.682984530925751e-05,0.9998262524604797,4.594801794155501e-05
TCGA:LSCC:TCGA-NK-A5CT-01,LSCC,LSCC,0.002896997146308422,0.005538179539144039,0.9286787509918213,0.0628860592842102
TCGA:LSCC:TCGA-NK-A5CX-01,LSCC,LSCC,1.0342982932343148e-06,2.7087160106020747e-06,0.9999884366989136,7.847904271329753e-06
TCGA:LSCC:TCGA-NK-A7XE-01,LSCC,LSCC,0.012210031040012836,0.03912101313471794,0.9452689290046692,0.003400034736841917
TCGA:LSCC:TCGA-O2-A52N-01,LSCC,LSCC,0.0001449197152396664,0.00026540152612142265,0.9994618892669678,0.00012778308882843703
TCGA:LSCC:TCGA-O2-A52Q-01,LSCC,LUAD,0.023635653778910637,0.014050789177417755,0.12551341950893402,0.8368001580238342
TCGA:LSCC:TCGA-O2-A52S-01,LSCC,LSCC,0.007348426152020693,0.013397873379290104,0.9773755073547363,0.001878205919638276
TCGA:LSCC:TCGA-O2-A52V-01,LSCC,LSCC,1.574495342993032e-07,3.0906971915101167e-07,0.999999463558197,5.834250416114628e-08
TCGA:LSCC:TCGA-O2-A52W-01,LSCC,LSCC,0.00021131013636477292,0.0011229012161493301,0.9982237815856934,0.00044199771946296096
TCGA:LSCC:TCGA-O2-A5IB-01,LSCC,BRCA,0.9327002167701721,0.00010510189167689532,0.06527086347341537,0.001923796022310853
TCGA:LSCC:TCGA-XC-AA0X-01,LSCC,LSCC,1.056344672178966e-06,3.6124481539445696e-06,0.9999930262565613,2.322403361176839e-06
TCGA:HNSCC:TCGA-4P-AA8J-01,HNSCC,HNSCC,0.00022961221111472696,0.9993959665298462,0.0002199961309088394,0.00015443300071638077
TCGA:HNSCC:TCGA-BA-4074-01,HNSCC,HNSCC,5.114359373692423e-05,0.9972180128097534,0.0026901629753410816,4.070688009960577e-05
TCGA:HNSCC:TCGA-BA-4076-01,HNSCC,HNSCC,5.8945581258740276e-05,0.9997248649597168,0.0001801905600586906,3.602638025768101e-05
TCGA:HNSCC:TCGA-BA-4078-01,HNSCC,LSCC,0.0013098077615723014,0.06059501692652702,0.9371625185012817,0.0009326843428425491
TCGA:HNSCC:TCGA-BA-5149-01,HNSCC,HNSCC,0.0002944044244941324,0.9991642236709595,0.00038037000922486186,0.00016100206994451582
TCGA:HNSCC:TCGA-BA-5151-01,HNSCC,HNSCC,1.0446927944940398e-07,0.9999997615814209,1.309494024326341e-07,2.541588806082018e-08
TCGA:HNSCC:TCGA-BA-5152-01,HNSCC,HNSCC,4.11657674703747e-06,0.9998081922531128,0.0001825491344789043,5.1483821152942255e-06
TCGA:HNSCC:TCGA-BA-5153-01,HNSCC,HNSCC,2.747630560406833e-06,0.9999714493751526,2.0748751921928488e-05,5.075423814560054e-06
TCGA:HNSCC:TCGA-BA-5555-01,HNSCC,HNSCC,0.0021504980977624655,0.9793011546134949,0.017028633505105972,0.0015197382308542728
TCGA:HNSCC:TCGA-BA-5556-01,HNSCC,HNSCC,2.5197547159905298e-08,0.9999999403953552,7.945160085398584e-09,6.49168319100113e-09
TCGA:HNSCC:TCGA-BA-5557-01,HNSCC,HNSCC,5.1910550524780774e-08,0.9999999403953552,1.465330523586772e-08,8.649656990655785e-09
TCGA:HNSCC:TCGA-BA-5558-01,HNSCC,HNSCC,7.704098970862105e-05,0.9994757175445557,0.000404694932512939,4.255894964444451e-05
TCGA:HNSCC:TCGA-BA-5559-01,HNSCC,HNSCC,6.300911991274916e-06,0.9999061822891235,8.077192615019158e-05,6.751998171239393e-06
TCGA:HNSCC:TCGA-BA-6868-01,HNSCC,HNSCC,1.1972507536484045e-06,0.9997905492782593,0.00020760615007020533,6.439204867092485e-07
TCGA:HNSCC:TCGA-BA-6869-01,HNSCC,HNSCC,3.073912921536248e-06,0.9999151229858398,7.53709246055223e-05,6.44291503704153e-06
TCGA:HNSCC:TCGA-BA-6870-01,HNSCC,HNSCC,0.005032817833125591,0.9601336121559143,0.031327344477176666,0.003506234847009182
TCGA:HNSCC:TCGA-BA-6871-01,HNSCC,LSCC,0.009696108289062977,0.34156909584999084,0.6444877982139587,0.004246999975293875
TCGA:HNSCC:TCGA-BA-6872-01,HNSCC,HNSCC,0.00017304322682321072,0.998987078666687,0.0007489090785384178,9.096398571273312e-05
TCGA:HNSCC:TCGA-BA-6873-01,HNSCC,HNSCC,1.5101498718195216e-07,0.9999995231628418,2.48651190304372e-07,7.824000647360663e-08
TCGA:HNSCC:TCGA-BA-7269-01,HNSCC,HNSCC,0.0005403384566307068,0.9978654384613037,0.0013091117143630981,0.0002850950986612588
TCGA:HNSCC:TCGA-BA-A4IF-01,HNSCC,HNSCC,2.043895648284888e-07,0.9999961853027344,3.4885947570728604e-06,1.3259436570933758e-07
TCGA:HNSCC:TCGA-BA-A4IG-01,HNSCC,HNSCC,8.191622100639506e-07,0.9999801516532898,1.8852671928470954e-05,1.90633969054943e-07
TCGA:HNSCC:TCGA-BA-A4IH-01,HNSCC,HNSCC,0.00016114303434733301,0.9973920583724976,0.002365214517340064,8.158606215147302e-05
TCGA:HNSCC:TCGA-BA-A4II-01,HNSCC,HNSCC,5.87467584409751e-05,0.9996490478515625,0.00026314653223380446,2.9080396416247822e-05
TCGA:HNSCC:TCGA-BA-A6D8-01,HNSCC,HNSCC,0.0003395905368961394,0.9927079081535339,0.006782248616218567,0.0001702365989331156
TCGA:HNSCC:TCGA-BA-A6DA-01,HNSCC,HNSCC,3.8206059116419055e-07,0.999998927116394,6.205232239153702e-07,6.545952402348121e-08
TCGA:HNSCC:TCGA-BA-A6DB-01,HNSCC,HNSCC,3.103114352143166e-07,0.9999996423721313,4.573851342115631e-08,5.639360978193508e-09
TCGA:HNSCC:TCGA-BA-A6DD-01,HNSCC,HNSCC,8.401890028153502e-08,0.9999994039535522,4.923251708532916e-07,3.7168831568124006e-08
TCGA:HNSCC:TCGA-BA-A6DE-01,HNSCC,HNSCC,0.00025817580171860754,0.9993061423301697,0.0003052321553695947,0.00013047849643044174
TCGA:HNSCC:TCGA-BA-A6DG-01,HNSCC,HNSCC,2.0811729939396173e-07,0.9999994039535522,3.065334510665707e-07,5.830682425767009e-08
TCGA:HNSCC:TCGA-BA-A6DI-01,HNSCC,HNSCC,2.2072579213272547e-06,0.999907910823822,6.673450843663886e-05,2.3129749024519697e-05
TCGA:HNSCC:TCGA-BA-A6DJ-01,HNSCC,HNSCC,3.9911341787046695e-07,0.9999972581863403,2.0102895632589934e-06,3.04681321949829e-07
TCGA:HNSCC:TCGA-BA-A6DL-01,HNSCC,HNSCC,2.0084887353277736e-07,0.9999915957450867,7.834483767510392e-06,3.6480517451309424e-07
TCGA:HNSCC:TCGA-BA-A8YP-01,HNSCC,HNSCC,0.0010980613296851516,0.9936301708221436,0.0045724473893642426,0.0006993158021941781
TCGA:HNSCC:TCGA-BB-4217-01,HNSCC,HNSCC,0.002308117924258113,0.9296490550041199,0.0665120780467987,0.001530729467049241
TCGA:HNSCC:TCGA-BB-4223-01,HNSCC,HNSCC,0.002719385316595435,0.9164972901344299,0.07834939658641815,0.0024339305236935616
TCGA:HNSCC:TCGA-BB-4224-01,HNSCC,HNSCC,4.895945266980561e-07,0.9999980330467224,1.0848216334125027e-06,3.886446222622908e-07
TCGA:HNSCC:TCGA-BB-4225-01,HNSCC,HNSCC,5.073619036011223e-07,0.999764084815979,0.00023360010527539998,1.8295261270395713e-06
TCGA:HNSCC:TCGA-BB-4227-01,HNSCC,HNSCC,3.221195947844535e-05,0.9948829412460327,0.004995732102543116,8.911035547498614e-05
TCGA:HNSCC:TCGA-BB-4228-01,HNSCC,HNSCC,0.0008371055591851473,0.9879657626152039,0.010677283629775047,0.0005198467988520861
TCGA:HNSCC:TCGA-BB-7861-01,HNSCC,HNSCC,0.0006929365335963666,0.9623171091079712,0.03643408045172691,0.0005558832199312747
TCGA:HNSCC:TCGA-BB-7862-01,HNSCC,HNSCC,0.00015034500393085182,0.983201265335083,0.016548898071050644,9.947425860445946e-05
TCGA:HNSCC:TCGA-BB-7863-01,HNSCC,HNSCC,0.00047240324784070253,0.9988930821418762,0.00045755886822007596,0.00017696460417937487
TCGA:HNSCC:TCGA-BB-7864-01,HNSCC,HNSCC,0.002831532619893551,0.9568681120872498,0.039556559175252914,0.0007437690510414541
TCGA:HNSCC:TCGA-BB-7866-01,HNSCC,HNSCC,0.004469103645533323,0.9523627758026123,0.040378157049417496,0.0027899586129933596
TCGA:HNSCC:TCGA-BB-7870-01,HNSCC,HNSCC,0.0037910984829068184,0.8259445428848267,0.16800007224082947,0.0022642617113888264
TCGA:HNSCC:TCGA-BB-7871-01,HNSCC,HNSCC,0.0005816261982545257,0.9485573172569275,0.0508219376206398,3.914800618076697e-05
TCGA:HNSCC:TCGA-BB-7872-01,HNSCC,HNSCC,3.487610592856072e-05,0.999919056892395,2.6976975277648307e-05,1.9097957192570902e-05
TCGA:HNSCC:TCGA-BB-8596-01,HNSCC,HNSCC,0.006102539133280516,0.9905605912208557,0.002254834631457925,0.0010820504976436496
TCGA:HNSCC:TCGA-BB-8601-01,HNSCC,LSCC,6.772324559278786e-05,0.07937164604663849,0.9205336570739746,2.6985298973158933e-05
TCGA:HNSCC:TCGA-BB-A5HU-01,HNSCC,HNSCC,0.0019856246653944254,0.9892120361328125,0.008457059971988201,0.0003452735545579344
TCGA:HNSCC:TCGA-BB-A5HY-01,HNSCC,HNSCC,5.290793978929287e-06,0.9999260306358337,6.561129703186452e-05,3.078266672673635e-06
TCGA:HNSCC:TCGA-BB-A5HZ-01,HNSCC,HNSCC,9.817921409194241e-07,0.9999927282333374,5.810404218209442e-06,4.7031446115397557e-07
TCGA:HNSCC:TCGA-BB-A6UM-01,HNSCC,HNSCC,4.0206833773481776e-07,0.9999978542327881,1.6197585637200973e-06,1.4616982468851347e-07
TCGA:HNSCC:TCGA-BB-A6UO-01,HNSCC,HNSCC,4.85987857246073e-06,0.9999915361404419,2.81679285762948e-06,7.688881282774673e-07
TCGA:HNSCC:TCGA-C9-A47Z-01,HNSCC,HNSCC,0.0002694143040571362,0.9993464350700378,0.00023907389550004154,0.00014509190805256367
TCGA:HNSCC:TCGA-C9-A480-01,HNSCC,HNSCC,4.206105222692713e-05,0.9999295473098755,1.6521154975635e-05,1.1895291208929848e-05
TCGA:HNSCC:TCGA-CN-4722-01,HNSCC,HNSCC,0.002129094209522009,0.9905340671539307,0.006325507070869207,0.0010113544994965196
TCGA:HNSCC:TCGA-CN-4723-01,HNSCC,HNSCC,0.00017021365056280047,0.8725849986076355,0.1271156668663025,0.00012909690849483013
TCGA:HNSCC:TCGA-CN-4725-01,HNSCC,HNSCC,1.9900497250091576e-07,0.9999995827674866,1.2953773875779007e-07,8.211854662931728e-08
TCGA:HNSCC:TCGA-CN-4726-01,HNSCC,HNSCC,3.6940946301911026e-07,0.999998152256012,1.2152629551565042e-06,2.615470862110669e-07
TCGA:HNSCC:TCGA-CN-4727-01,HNSCC,HNSCC,1.828470544751326e-06,0.9999804496765137,1.6788344510132447e-05,9.215914360538591e-07
TCGA:HNSCC:TCGA-CN-4728-01,HNSCC,HNSCC,0.00042314769234508276,0.9976791739463806,0.001741334912367165,0.00015635276213288307
TCGA:HNSCC:TCGA-CN-4729-01,HNSCC,HNSCC,1.1175201507285237e-05,0.9979766607284546,0.002004081616178155,8.084930414042901e-06
TCGA:HNSCC:TCGA-CN-4730-01,HNSCC,HNSCC,3.136277655357844e-07,0.9999914169311523,8.060595973802265e-06,2.0278959311781364e-07
TCGA:HNSCC:TCGA-CN-4731-01,HNSCC,HNSCC,1.366438482364174e-06,0.9999341368675232,6.28002017037943e-05,1.6733707752791815e-06
TCGA:HNSCC:TCGA-CN-4733-01,HNSCC,HNSCC,2.853545629477594e-05,0.9999278783798218,2.892395423259586e-05,1.4680626009067055e-05
TCGA:HNSCC:TCGA-CN-4734-01,HNSCC,HNSCC,2.7771584427682683e-06,0.9999791979789734,1.593190972926095e-05,2.0866557406407082e-06
TCGA:HNSCC:TCGA-CN-4735-01,HNSCC,HNSCC,2.480778312019538e-05,0.9006013870239258,0.09936007857322693,1.374040493828943e-05
TCGA:HNSCC:TCGA-CN-4736-01,HNSCC,HNSCC,0.0013317498378455639,0.9982687830924988,0.0002593394019640982,0.00014011358143761754
TCGA:HNSCC:TCGA-CN-4737-01,HNSCC,HNSCC,3.610895873862319e-05,0.9998794794082642,6.569540710188448e-05,1.872802931757178e-05
TCGA:HNSCC:TCGA-CN-4738-01,HNSCC,HNSCC,0.00014750848640687764,0.9970356822013855,0.0026249850634485483,0.00019185156270395964
TCGA:HNSCC:TCGA-CN-4739-01,HNSCC,HNSCC,0.000451354484539479,0.9974638223648071,0.001627555931918323,0.00045728200348094106
TCGA:HNSCC:TCGA-CN-4740-01,HNSCC,HNSCC,8.659993682158529e-07,0.9999978542327881,1.2525258625828428e-06,2.5347452137225446e-08
TCGA:HNSCC:TCGA-CN-4741-01,HNSCC,HNSCC,4.165846974046872e-07,0.9999983310699463,1.0187430916630547e-06,2.3756948053232918e-07
TCGA:HNSCC:TCGA-CN-4742-01,HNSCC,HNSCC,9.100307943299413e-05,0.999774694442749,0.00010755717084975913,2.6741874535218813e-05
TCGA:HNSCC:TCGA-CN-5355-01,HNSCC,HNSCC,7.399348245229476e-09,0.9999999403953552,2.2848826830568214e-08,4.545779308529063e-09
TCGA:HNSCC:TCGA-CN-5356-01,HNSCC,HNSCC,0.0006430607754737139,0.9874114394187927,0.011603062972426414,0.0003424657916184515
TCGA:HNSCC:TCGA-CN-5358-01,HNSCC,HNSCC,1.8289536285465147e-07,0.9999997019767761,1.0193166843919244e-07,1.1123666432411028e-08
TCGA:HNSCC:TCGA-CN-5359-01,HNSCC,HNSCC,3.509794339606742e-07,0.9999975562095642,1.9320200408401433e-06,1.600386667632847e-07
TCGA:HNSCC:TCGA-CN-5360-01,HNSCC,HNSCC,4.0037193116404524e-07,0.9999918937683105,7.472817742382176e-06,2.153063718424164e-07
TCGA:HNSCC:TCGA-CN-5361-01,HNSCC,HNSCC,0.002200211863964796,0.995258629322052,0.0018840986303985119,0.0006570752011612058
TCGA:HNSCC:TCGA-CN-5363-01,HNSCC,HNSCC,7.154815830290318e-05,0.9997389316558838,0.0001485382963437587,4.10063294111751e-05
TCGA:HNSCC:TCGA-CN-5364-01,HNSCC,HNSCC,4.1336915046485956e-07,0.9999984502792358,8.856933391143684e-07,2.5244253265555017e-07
TCGA:HNSCC:TCGA-CN-5365-01,HNSCC,HNSCC,0.0020762160420417786,0.9357851147651672,0.0607931911945343,0.001345478929579258
TCGA:HNSCC:TCGA-CN-5366-01,HNSCC,HNSCC,7.455061131622642e-05,0.9995102882385254,0.00037406093906611204,4.1120420064544305e-05
TCGA:HNSCC:TCGA-CN-5367-01,HNSCC,HNSCC,0.00036982307210564613,0.9985737800598145,0.0009011347428895533,0.00015524885384365916
TCGA:HNSCC:TCGA-CN-5369-01,HNSCC,HNSCC,2.1450392523547634e-05,0.9975838661193848,0.0023744816426187754,2.0185452740406618e-05
TCGA:HNSCC:TCGA-CN-5370-01,HNSCC,HNSCC,1.80571885266545e-06,0.9999967217445374,1.2014488675049506e-06,2.694775673717231e-07
TCGA:HNSCC:TCGA-CN-5373-01,HNSCC,HNSCC,0.0006438643322326243,0.9990744590759277,0.0001698985870461911,0.00011177193664480001
TCGA:HNSCC:TCGA-CN-5374-01,HNSCC,HNSCC,5.432571560959332e-05,0.9998571872711182,5.5446511396439746e-05,3.3046217140508816e-05
TCGA:HNSCC:TCGA-CN-6010-01,HNSCC,HNSCC,2.180278897867538e-05,0.9994484782218933,0.000507380289491266,2.2357913621817715e-05
TCGA:HNSCC:TCGA-CN-6011-01,HNSCC,HNSCC,2.8170255973236635e-05,0.9996551871299744,0.00031008804216980934,6.581712113984395e-06
TCGA:HNSCC:TCGA-CN-6012-01,HNSCC,HNSCC,1.0837164154509082e-05,0.9511523842811584,0.04881841689348221,1.8373324564890936e-05
TCGA:HNSCC:TCGA-CN-6013-01,HNSCC,HNSCC,0.00022131166770122945,0.9994335770606995,0.0002174159453716129,0.0001276812399737537
TCGA:HNSCC:TCGA-CN-6016-01,HNSCC,HNSCC,8.400664341934316e-08,0.9999998211860657,6.00022431740399e-08,1.3615682803447271e-08
TCGA:HNSCC:TCGA-CN-6017-01,HNSCC,HNSCC,5.221070864536159e-07,0.9999990463256836,4.184384465588664e-07,3.2253048232178116e-08
TCGA:HNSCC:TCGA-CN-6018-01,HNSCC,HNSCC,7.937690611470316e-07,0.9999987483024597,3.982006546721095e-07,6.888097914270475e-08
TCGA:HNSCC:TCGA-CN-6019-01,HNSCC,HNSCC,0.0002329446724615991,0.999335765838623,0.00039532140363007784,3.595613452489488e-05
TCGA:HNSCC:TCGA-CN-6020-01,HNSCC,HNSCC,3.5378667462282465e-07,0.9999971985816956,2.29808551921451e-06,1.7678877384241787e-07
TCGA:HNSCC:TCGA-CN-6021-01,HNSCC,HNSCC,4.620106210495578e-06,0.9997752904891968,0.00021673552691936493,3.3438236641814e-06
TCGA:HNSCC:TCGA-CN-6022-01,HNSCC,HNSCC,6.174311238282826e-06,0.9999817609786987,1.0797954018926248e-05,1.2774763717970927e-06
TCGA:HNSCC:TCGA-CN-6023-01,HNSCC,LSCC,0.00042519308044575155,0.006385039072483778,0.9928538799285889,0.00033588643418624997
TCGA:HNSCC:TCGA-CN-6024-01,HNSCC,HNSCC,2.669107779240676e-08,0.9999997615814209,1.803510514264417e-07,6.442563815767244e-09
TCGA:HNSCC:TCGA-CN-6988-01,HNSCC,HNSCC,1.0054163794848137e-06,0.9999898076057434,7.690854545217007e-06,1.5106807040865533e-06
TCGA:HNSCC:TCGA-CN-6989-01,HNSCC,HNSCC,7.21104079275392e-05,0.9996050596237183,0.0002880648826248944,3.4761353163048625e-05
TCGA:HNSCC:TCGA-CN-6992-01,HNSCC,HNSCC,3.2915235351538286e-05,0.8388093113899231,0.16114084422588348,1.6946969481068663e-05
TCGA:HNSCC:TCGA-CN-6994-01,HNSCC,HNSCC,6.378290322572866e-07,0.9999665021896362,3.2811210985528305e-05,6.446371259016814e-08
TCGA:HNSCC:TCGA-CN-6995-01,HNSCC,HNSCC,7.443480171787087e-06,0.9999775886535645,1.0919658961938694e-05,4.029569026897661e-06
TCGA:HNSCC:TCGA-CN-6996-01,HNSCC,HNSCC,7.901475669314095e-07,0.9999986886978149,2.617427128370764e-07,2.77334464726664e-07
TCGA:HNSCC:TCGA-CN-6997-01,HNSCC,LSCC,2.4504310204065405e-05,0.010143741965293884,0.989810585975647,2.115933057211805e-05
TCGA:HNSCC:TCGA-CN-6998-01,HNSCC,HNSCC,5.789290824509408e-08,0.9999999403953552,7.109972166574607e-09,5.928270763178034e-09
TCGA:HNSCC:TCGA-CN-A497-01,HNSCC,LSCC,8.684052590979263e-05,0.1716931015253067,0.8281551003456116,6.496012792922556e-05
TCGA:HNSCC:TCGA-CN-A498-01,HNSCC,HNSCC,0.0002620565937831998,0.9990522861480713,0.0005631193052977324,0.0001225550950039178
TCGA:HNSCC:TCGA-CN-A499-01,HNSCC,HNSCC,4.57063433714211e-05,0.9997219443321228,0.00020551927445922047,2.6857582270167768e-05
TCGA:HNSCC:TCGA-CN-A49A-01,HNSCC,HNSCC,4.8094750582095e-07,0.999998927116394,5.516660053217493e-07,3.014729443862052e-08
TCGA:HNSCC:TCGA-CN-A49B-01,HNSCC,HNSCC,0.00043238792568445206,0.9960363507270813,0.003210010239854455,0.00032126728910952806
TCGA:HNSCC:TCGA-CN-A49C-01,HNSCC,HNSCC,1.9722579054359812e-06,0.9999763369560242,2.0331941414042376e-05,1.3558766340793227e-06
TCGA:HNSCC:TCGA-CN-A63T-01,HNSCC,HNSCC,1.1516677886902471e-06,0.9999935030937195,3.821095106104622e-06,1.5072344012878602e-06
TCGA:HNSCC:TCGA-CN-A63U-01,HNSCC,HNSCC,1.2798039279005025e-05,0.9999447464942932,3.6439098039409146e-05,6.0148686316097155e-06
TCGA:HNSCC:TCGA-CN-A63V-01,HNSCC,HNSCC,7.137222155506606e-07,0.9999971985816956,1.8876455669669667e-06,1.898191044347186e-07
TCGA:HNSCC:TCGA-CN-A63W-01,HNSCC,HNSCC,3.6731137242895784e-08,0.9999995231628418,4.495181258334924e-07,1.3298584455867513e-08
TCGA:HNSCC:TCGA-CN-A641-01,HNSCC,HNSCC,3.421075234655291e-05,0.999699592590332,0.0002446649596095085,2.1532599930651486e-05
TCGA:HNSCC:TCGA-CN-A642-01,HNSCC,HNSCC,0.0002806248376145959,0.9991267919540405,0.0004464793892111629,0.0001460900530219078
TCGA:HNSCC:TCGA-CN-A6UY-01,HNSCC,HNSCC,0.00018639150948729366,0.9983673691749573,0.0013097631745040417,0.0001364635827485472
TCGA:HNSCC:TCGA-CN-A6V1-01,HNSCC,HNSCC,7.249735062941909e-06,0.9998624324798584,0.00011864367843372747,1.1654452464426868e-05
TCGA:HNSCC:TCGA-CN-A6V3-01,HNSCC,HNSCC,8.444220293313265e-05,0.9997273683547974,0.00015605881344527006,3.2144442229764536e-05
TCGA:HNSCC:TCGA-CN-A6V6-01,HNSCC,HNSCC,0.00023083902487996966,0.9991709589958191,0.00028642560937441885,0.00031176902120932937
TCGA:HNSCC:TCGA-CN-A6V7-01,HNSCC,HNSCC,0.003077219007536769,0.9211525321006775,0.07431328296661377,0.0014569521881639957
TCGA:HNSCC:TCGA-CQ-5323-01,HNSCC,HNSCC,0.0002648974768817425,0.998325526714325,0.0012556768488138914,0.00015391092165373266
TCGA:HNSCC:TCGA-CQ-5324-01,HNSCC,HNSCC,1.0869696609461243e-07,0.9999982714653015,1.4936234720153152e-06,1.0944131645374e-07
TCGA:HNSCC:TCGA-CQ-5325-01,HNSCC,HNSCC,0.0004812805273104459,0.9991459250450134,0.00023498950758948922,0.00013780329027213156
TCGA:HNSCC:TCGA-CQ-5326-01,HNSCC,HNSCC,0.0012890951475128531,0.9927923083305359,0.005133329890668392,0.0007852791459299624
TCGA:HNSCC:TCGA-CQ-5327-01,HNSCC,HNSCC,3.3411424738005735e-08,0.9999999403953552,7.327691342595699e-09,1.1690859835766787e-08
TCGA:HNSCC:TCGA-CQ-5329-01,HNSCC,HNSCC,1.4913156292095664e-06,0.9999979734420776,3.644180139872333e-07,1.8632802323281794e-07
TCGA:HNSCC:TCGA-CQ-5330-01,HNSCC,HNSCC,2.816586629705853e-06,0.9999967217445374,3.856621617615019e-07,7.612491259578746e-08
TCGA:HNSCC:TCGA-CQ-5331-01,HNSCC,HNSCC,1.6124716921694926e-06,0.999998152256012,1.9163327635851601e-07,2.9340625928853115e-08
TCGA:HNSCC:TCGA-CQ-5332-01,HNSCC,HNSCC,0.0009268455905839801,0.9902856945991516,0.008376543410122395,0.0004109287401661277
TCGA:HNSCC:TCGA-CQ-5333-01,HNSCC,HNSCC,7.396724868158344e-07,0.9999988079071045,4.156676709499152e-07,4.9177014460610735e-08
TCGA:HNSCC:TCGA-CQ-5334-01,HNSCC,HNSCC,0.00098416896071285,0.9979841709136963,0.0007172829937189817,0.00031437177676707506
TCGA:HNSCC:TCGA-CQ-6218-01,HNSCC,HNSCC,0.001798866898752749,0.9959865808486938,0.0015053541865199804,0.0007092213490977883
TCGA:HNSCC:TCGA-CQ-6219-01,HNSCC,HNSCC,2.2448709557920665e-07,0.999999463558197,2.4569354195591586e-07,4.715376533681592e-08
TCGA:HNSCC:TCGA-CQ-6220-01,HNSCC,HNSCC,1.0394698435334249e-08,1.0,6.558101173226305e-09,3.567985018548825e-09
TCGA:HNSCC:TCGA-CQ-6222-01,HNSCC,HNSCC,1.2729303762171185e-06,0.9999977350234985,8.243610523095413e-07,1.5558683230665338e-07
TCGA:HNSCC:TCGA-CQ-6223-01,HNSCC,HNSCC,8.933652861742303e-05,0.9995121955871582,0.0003480634477455169,5.039515963289887e-05
TCGA:HNSCC:TCGA-CQ-6224-01,HNSCC,HNSCC,2.9762757094431436e-06,0.9999921321868896,4.358050318842288e-06,5.524373136722716e-07
TCGA:HNSCC:TCGA-CQ-6225-01,HNSCC,HNSCC,1.8162329524784582e-06,0.9999844431877136,1.281468303204747e-05,9.418986905984639e-07
TCGA:HNSCC:TCGA-CQ-6227-01,HNSCC,HNSCC,4.949314188706921e-06,0.9999926686286926,1.7384475086146267e-06,6.288799454523541e-07
TCGA:HNSCC:TCGA-CQ-6228-01,HNSCC,HNSCC,0.00017820611537899822,0.996653139591217,0.003087608376517892,8.107323810691014e-05
TCGA:HNSCC:TCGA-CQ-6229-01,HNSCC,HNSCC,6.639571381583664e-08,0.9999999403953552,4.467967329446765e-09,3.159367656380141e-09
TCGA:HNSCC:TCGA-CQ-7063-01,HNSCC,HNSCC,6.17706828052178e-05,0.9998973608016968,2.2298390831565484e-05,1.857643474068027e-05
TCGA:HNSCC:TCGA-CQ-7065-01,HNSCC,HNSCC,6.205363024491817e-05,0.9998500943183899,6.436968396883458e-05,2.350704016862437e-05
TCGA:HNSCC:TCGA-CQ-7067-01,HNSCC,HNSCC,6.327033588604536e-06,0.9999314546585083,5.9324291214579716e-05,2.9214693313406315e-06
TCGA:HNSCC:TCGA-CQ-7068-01,HNSCC,HNSCC,0.00012991804396733642,0.9996575117111206,0.00016166808200068772,5.087640238343738e-05
TCGA:HNSCC:TCGA-CQ-7069-01,HNSCC,HNSCC,1.1043488484574482e-05,0.9999843835830688,4.3022064346587285e-06,2.4376595320063643e-07
TCGA:HNSCC:TCGA-CQ-7071-01,HNSCC,HNSCC,5.662836954911654e-08,0.9999999403953552,1.6223971499584877e-08,5.291673321750068e-09
TCGA:HNSCC:TCGA-CQ-7072-01,HNSCC,HNSCC,0.0012921566376462579,0.9928076863288879,0.005621189717203379,0.00027895686798729
TCGA:HNSCC:TCGA-CQ-A4C6-01,HNSCC,HNSCC,0.00033606792567297816,0.9991840720176697,0.0002832120517268777,0.0001966749841812998
TCGA:HNSCC:TCGA-CQ-A4C9-01,HNSCC,HNSCC,3.168353714499972e-06,0.9999717473983765,2.2518628611578606e-05,2.5906897462846246e-06
TCGA:HNSCC:TCGA-CQ-A4CA-01,HNSCC,HNSCC,0.00039803286199457943,0.9989914894104004,0.0004576600913424045,0.0001528132415842265
TCGA:HNSCC:TCGA-CQ-A4CB-01,HNSCC,HNSCC,0.01903039589524269,0.9628056287765503,0.0143730528652668,0.0037909403908997774
TCGA:HNSCC:TCGA-CQ-A4CD-01,HNSCC,HNSCC,1.9456836071185535e-06,0.9999610185623169,3.592782377381809e-05,1.0871560789382784e-06
TCGA:HNSCC:TCGA-CQ-A4CE-01,HNSCC,HNSCC,5.84273720960482e-07,0.999998927116394,2.92894810627331e-07,1.7540878616273403e-07
TCGA:HNSCC:TCGA-CQ-A4CG-01,HNSCC,HNSCC,1.6153755495906807e-05,0.9996294379234314,0.00035219520214013755,2.185539187848917e-06
TCGA:HNSCC:TCGA-CQ-A4CH-01,HNSCC,HNSCC,7.613639354531188e-07,0.9999973177909851,1.546522867101885e-06,3.9651663996664865e-07
TCGA:HNSCC:TCGA-CQ-A4CI-01,HNSCC,HNSCC,0.005006502848118544,0.5572229623794556,0.43530717492103577,0.0024633414577692747
TCGA:HNSCC:TCGA-CR-5243-01,HNSCC,HNSCC,6.778358283554553e-07,0.9999971985816956,1.5875509689067258e-06,5.459775707095105e-07
TCGA:HNSCC:TCGA-CR-5247-01,HNSCC,HNSCC,8.748830992999501e-08,0.9999998211860657,6.690103049322715e-08,2.2653702913544294e-08
TCGA:HNSCC:TCGA-CR-5248-01,HNSCC,HNSCC,1.2060149856552016e-05,0.9987649321556091,0.0012121862964704633,1.081343179976102e-05
TCGA:HNSCC:TCGA-CR-5249-01,HNSCC,HNSCC,8.686016371939331e-05,0.9980951547622681,0.001775478245690465,4.250966594554484e-05
TCGA:HNSCC:TCGA-CR-5250-01,HNSCC,HNSCC,6.927031108716619e-07,0.9999921917915344,6.595675586140715e-06,5.025369773647981e-07
TCGA:HNSCC:TCGA-CR-6467-01,HNSCC,HNSCC,7.852521957829595e-05,0.9916253685951233,0.007888712920248508,0.0004074173921253532
TCGA:HNSCC:TCGA-CR-6470-01,HNSCC,HNSCC,0.00013688414765056223,0.9979129433631897,0.0018400291446596384,0.0001101712987292558
TCGA:HNSCC:TCGA-CR-6471-01,HNSCC,HNSCC,4.6335696168853246e-08,0.9999999403953552,1.6228328902911926e-08,9.90987292226464e-09
TCGA:HNSCC:TCGA-CR-6472-01,HNSCC,HNSCC,2.9045206247246824e-05,0.9990771412849426,0.0007166684372350574,0.00017713929992169142
TCGA:HNSCC:TCGA-CR-6473-01,HNSCC,HNSCC,2.2084814190748148e-05,0.9983290433883667,0.001620928174816072,2.7951864467468113e-05
TCGA:HNSCC:TCGA-CR-6474-01,HNSCC,HNSCC,3.6904314271168914e-08,0.9999998807907104,1.0037524589279201e-07,8.147124752611035e-09
TCGA:HNSCC:TCGA-CR-6477-01,HNSCC,HNSCC,4.097415512660518e-06,0.999993622303009,1.6848234736244194e-06,6.164255523799511e-07
TCGA:HNSCC:TCGA-CR-6478-01,HNSCC,HNSCC,0.0002523688890505582,0.9984618425369263,0.0011192342499271035,0.0001665281888563186
TCGA:HNSCC:TCGA-CR-6480-01,HNSCC,HNSCC,9.283691179007292e-05,0.9991682171821594,0.0005824706749990582,0.00015645480016246438
TCGA:HNSCC:TCGA-CR-6481-01,HNSCC,HNSCC,4.056669240526389e-06,0.999005913734436,0.000987308332696557,2.7325131668476388e-06
TCGA:HNSCC:TCGA-CR-6482-01,HNSCC,HNSCC,0.00494786910712719,0.9143789410591125,0.07614336907863617,0.004529818892478943
TCGA:HNSCC:TCGA-CR-6484-01,HNSCC,HNSCC,0.00015939590230118483,0.9994866251945496,0.00030068453634157777,5.328911720425822e-05
TCGA:HNSCC:TCGA-CR-6487-01,HNSCC,HNSCC,0.00298173725605011,0.9861310124397278,0.009439128451049328,0.0014481114922091365
TCGA:HNSCC:TCGA-CR-6488-01,HNSCC,HNSCC,0.00030749401776120067,0.9993266463279724,0.00025276016094721854,0.00011307150271022692
TCGA:HNSCC:TCGA-CR-6491-01,HNSCC,HNSCC,3.6475348963449505e-08,0.9999999403953552,7.0708399135810396e-09,3.814139226676616e-09
TCGA:HNSCC:TCGA-CR-6492-01,HNSCC,HNSCC,0.0029960996471345425,0.9906682968139648,0.005194591823965311,0.0011410044971853495
TCGA:HNSCC:TCGA-CR-6493-01,HNSCC,HNSCC,1.7242605565570557e-07,0.9999992847442627,4.153529289396829e-07,1.326972238757662e-07
TCGA:HNSCC:TCGA-CR-7364-01,HNSCC,HNSCC,0.0004334111581556499,0.9958704113960266,0.0032957056537270546,0.000400447373976931
TCGA:HNSCC:TCGA-CR-7365-01,HNSCC,HNSCC,1.2026923457142402e-08,1.0,8.279162244662075e-09,6.8162053779019516e-09
TCGA:HNSCC:TCGA-CR-7367-01,HNSCC,HNSCC,1.9729637642740272e-05,0.9998969435691833,7.960526272654533e-05,3.7429747408168623e-06
TCGA:HNSCC:TCGA-CR-7368-01,HNSCC,HNSCC,0.0005372361047193408,0.9977768659591675,0.001328926533460617,0.00035697899875231087
TCGA:HNSCC:TCGA-CR-7369-01,HNSCC,HNSCC,3.847564187253738e-07,0.9999992251396179,2.2390692322460382e-07,1.366453403761625e-07
TCGA:HNSCC:TCGA-CR-7370-01,HNSCC,HNSCC,3.306561484350823e-05,0.9620177745819092,0.037932027131319046,1.7131445929408073e-05
TCGA:HNSCC:TCGA-CR-7371-01,HNSCC,HNSCC,4.115667252335697e-06,0.9999738931655884,1.841853190853726e-05,3.600410082071903e-06
TCGA:HNSCC:TCGA-CR-7372-01,HNSCC,HNSCC,3.493383928798721e-07,0.9999992847442627,2.141399164656832e-07,1.4456445285304653e-07
TCGA:HNSCC:TCGA-CR-7373-01,HNSCC,HNSCC,6.947522342670709e-05,0.9996468424797058,0.00023216470435727388,5.150491779204458e-05
TCGA:HNSCC:TCGA-CR-7374-01,HNSCC,HNSCC,0.0019388559740036726,0.944180965423584,0.052916307002305984,0.0009638421470299363
TCGA:HNSCC:TCGA-CR-7376-01,HNSCC,HNSCC,3.7431102555274265e-06,0.9999933838844299,2.3937973310239613e-06,4.5799112058375613e-07
TCGA:HNSCC:TCGA-CR-7377-01,HNSCC,HNSCC,0.00029809499392285943,0.9993177056312561,0.000261718116234988,0.0001224632142111659
TCGA:HNSCC:TCGA-CR-7379-01,HNSCC,HNSCC,0.0003184792003594339,0.9991952776908875,0.0003072895633522421,0.0001789689704310149
TCGA:HNSCC:TCGA-CR-7380-01,HNSCC,HNSCC,0.00012402120046317577,0.9994869232177734,0.0003367031749803573,5.236532524577342e-05
TCGA:HNSCC:TCGA-CR-7382-01,HNSCC,HNSCC,4.1689924046295346e-07,0.9999974966049194,2.0277641397115076e-06,7.858245254510621e-08
TCGA:HNSCC:TCGA-CR-7383-01,HNSCC,HNSCC,9.681755130941383e-08,0.9999996423721313,2.4978504598038853e-07,9.087837149479583e-09
TCGA:HNSCC:TCGA-CR-7385-01,HNSCC,HNSCC,4.184504632576136e-06,0.9999361634254456,5.4125335736898705e-05,5.5373948271153495e-06
TCGA:HNSCC:TCGA-CR-7386-01,HNSCC,HNSCC,0.0003335592045914382,0.9991440773010254,0.0003902001481037587,0.00013217786909081042
TCGA:HNSCC:TCGA-CR-7388-01,HNSCC,HNSCC,5.737080641665671e-07,0.9999898076057434,9.45519786910154e-06,1.810297192150756e-07
TCGA:HNSCC:TCGA-CR-7389-01,HNSCC,HNSCC,7.662053394597024e-05,0.9992179274559021,0.0006658250349573791,3.9640304748900235e-05
TCGA:HNSCC:TCGA-CR-7390-01,HNSCC,HNSCC,8.734962975154303e-09,0.9999999403953552,5.4455263409636245e-08,5.053289342527023e-09
TCGA:HNSCC:TCGA-CR-7391-01,HNSCC,HNSCC,5.583726192526228e-07,0.9999991655349731,2.06113980993905e-07,7.1715398064498e-08
TCGA:HNSCC:TCGA-CR-7392-01,HNSCC,HNSCC,2.664743874447595e-07,0.9999993443489075,2.6605454195305356e-07,1.0414882467557618e-07
TCGA:HNSCC:TCGA-CR-7393-01,HNSCC,HNSCC,1.590803208273428e-06,0.9999971985816956,8.771242505645205e-07,3.4508946100686444e-07
TCGA:HNSCC:TCGA-CR-7394-01,HNSCC,HNSCC,0.00022897565213497728,0.9995259046554565,0.00014106929302215576,0.0001040210117935203
TCGA:HNSCC:TCGA-CR-7395-01,HNSCC,HNSCC,2.1520442317068955e-07,0.999999463558197,2.0604861106221506e-07,1.1300033975203405e-07
TCGA:HNSCC:TCGA-CR-7397-01,HNSCC,HNSCC,0.00030068709747865796,0.9990560412406921,0.0005141425644978881,0.00012915277329739183
TCGA:HNSCC:TCGA-CR-7398-01,HNSCC,HNSCC,1.3504908565664664e-05,0.9996055364608765,0.0003789046313613653,2.050878720183391e-06
TCGA:HNSCC:TCGA-CR-7399-01,HNSCC,HNSCC,0.0011449878802523017,0.9657400846481323,0.03302505239844322,8.989401976577938e-05
TCGA:HNSCC:TCGA-CR-7401-01,HNSCC,HNSCC,1.2191256359983527e-07,0.9999997615814209,9.335084882877709e-08,5.124426394331749e-08
TCGA:HNSCC:TCGA-CR-7402-01,HNSCC,HNSCC,1.2841672969443607e-07,0.9999991059303284,6.667092975476407e-07,7.847790328696647e-08
TCGA:HNSCC:TCGA-CR-7404-01,HNSCC,HNSCC,0.007056903094053268,0.9685677886009216,0.022680770605802536,0.0016945668030530214
TCGA:HNSCC:TCGA-CV-5430-01,HNSCC,HNSCC,2.0318751921877265e-05,0.9842135310173035,0.01575510762631893,1.1021038517355919e-05
TCGA:HNSCC:TCGA-CV-5431-01,HNSCC,HNSCC,0.00022695549705531448,0.9831480979919434,0.01649659313261509,0.0001283612073166296
TCGA:HNSCC:TCGA-CV-5432-01,HNSCC,HNSCC,2.6306848667445593e-05,0.9998801946640015,7.383577758446336e-05,1.9639182937680744e-05
TCGA:HNSCC:TCGA-CV-5434-01,HNSCC,HNSCC,3.0515309390466427e-06,0.9999657273292542,3.077649307670072e-05,4.4058288040105253e-07
TCGA:HNSCC:TCGA-CV-5435-01,HNSCC,HNSCC,3.896096131938975e-06,0.9999152421951294,7.962148811202496e-05,1.2215616607136326e-06
TCGA:HNSCC:TCGA-CV-5436-01,HNSCC,HNSCC,5.000536162924618e-08,0.9999998807907104,5.5170605861576405e-08,4.926984598085937e-09
TCGA:HNSCC:TCGA-CV-5439-01,HNSCC,HNSCC,1.6762164989359007e-07,0.9999995231628418,2.665207716745499e-07,3.23384021783113e-08
TCGA:HNSCC:TCGA-CV-5440-01,HNSCC,HNSCC,7.758432047921815e-07,0.99998939037323,9.561718798067886e-06,2.794181170884258e-07
TCGA:HNSCC:TCGA-CV-5441-01,HNSCC,HNSCC,0.0006176215829327703,0.9950708150863647,0.0039945337921381,0.0003170538693666458
TCGA:HNSCC:TCGA-CV-5442-01,HNSCC,HNSCC,2.139146772606182e-06,0.9999974966049194,3.014191634065355e-07,4.0252132293971954e-08
TCGA:HNSCC:TCGA-CV-5443-01,HNSCC,HNSCC,1.9776251065195538e-05,0.9974164962768555,0.0025128505658358335,5.088360558147542e-05
TCGA:HNSCC:TCGA-CV-5444-01,HNSCC,HNSCC,2.3078305275703315e-06,0.9999963045120239,1.0550554634392029e-06,3.0781836812820984e-07
TCGA:HNSCC:TCGA-CV-5966-01,HNSCC,HNSCC,0.00017179423593916,0.9995262622833252,0.00022754767269361764,7.436914893332869e-05
TCGA:HNSCC:TCGA-CV-5970-01,HNSCC,HNSCC,2.8618551368708722e-05,0.9999399781227112,1.826905645430088e-05,1.3145158845873084e-05
TCGA:HNSCC:TCGA-CV-5971-01,HNSCC,HNSCC,2.3771159249008633e-05,0.9999675154685974,8.572346814617049e-06,1.404762457468678e-07
TCGA:HNSCC:TCGA-CV-5973-01,HNSCC,HNSCC,0.0005846546264365315,0.9989170432090759,0.00033633632119745016,0.00016196674550883472
TCGA:HNSCC:TCGA-CV-5976-01,HNSCC,HNSCC,4.954876544616127e-07,0.9999986886978149,4.2906859221147897e-07,4.113711327136116e-07
TCGA:HNSCC:TCGA-CV-5977-01,HNSCC,HNSCC,2.259184483932586e-08,0.9999999403953552,1.0273858208620368e-08,4.872101833086617e-09
TCGA:HNSCC:TCGA-CV-5978-01,HNSCC,HNSCC,0.0003265963459853083,0.9718375205993652,0.027827316895127296,8.551526661904063e-06
TCGA:HNSCC:TCGA-CV-5979-01,HNSCC,HNSCC,7.784555577927676e-07,0.9999982714653015,7.058587243591319e-07,2.4937887133091863e-07
TCGA:HNSCC:TCGA-CV-6003-01,HNSCC,HNSCC,1.5920256828394486e-06,0.9999970197677612,9.741594340084703e-07,3.901155309904425e-07
TCGA:HNSCC:TCGA-CV-6433-01,HNSCC,HNSCC,5.933390275458805e-05,0.9975820779800415,0.002293267520144582,6.534861313411966e-05
TCGA:HNSCC:TCGA-CV-6436-01,HNSCC,HNSCC,1.5186829216418118e-07,0.999999463558197,3.094353644428338e-07,7.605203933280791e-08
TCGA:HNSCC:TCGA-CV-6441-01,HNSCC,HNSCC,2.9956986509205308e-06,0.999956488609314,3.518582525430247e-05,5.314949248713674e-06
TCGA:HNSCC:TCGA-CV-6933-01,HNSCC,HNSCC,0.0002542444271966815,0.997338056564331,0.002265860326588154,0.0001418330502929166
TCGA:HNSCC:TCGA-CV-6934-01,HNSCC,HNSCC,3.9782059957360616e-07,0.9999979734420776,1.6114021264002076e-06,2.9438373516654792e-08
TCGA:HNSCC:TCGA-CV-6935-01,HNSCC,HNSCC,0.0011433716863393784,0.9895732402801514,0.008711179718375206,0.0005721892812289298
TCGA:HNSCC:TCGA-CV-6936-01,HNSCC,HNSCC,2.8302629289100878e-05,0.9984738230705261,0.001484376727603376,1.3468651559378486e-05
TCGA:HNSCC:TCGA-CV-6937-01,HNSCC,HNSCC,1.2504302503657527e-05,0.9998577833175659,0.00012759806122630835,2.1007215309509775e-06
TCGA:HNSCC:TCGA-CV-6938-01,HNSCC,HNSCC,0.0002926869783550501,0.9987759590148926,0.0007984289550222456,0.00013295238022692502
TCGA:HNSCC:TCGA-CV-6939-01,HNSCC,HNSCC,6.047478018444963e-05,0.9959756135940552,0.003844581311568618,0.00011930180335184559
TCGA:HNSCC:TCGA-CV-6940-01,HNSCC,HNSCC,2.5741099307197146e-05,0.9999277591705322,3.423054295126349e-05,1.2291083294257987e-05
TCGA:HNSCC:TCGA-CV-6941-01,HNSCC,HNSCC,1.7587808542884886e-06,0.9999946355819702,3.0058699849178083e-06,5.830875693391135e-07
TCGA:HNSCC:TCGA-CV-6942-01,HNSCC,HNSCC,1.1441454262239859e-05,0.999984622001648,3.55464726453647e-06,3.889698518833029e-07
TCGA:HNSCC:TCGA-CV-6943-01,HNSCC,HNSCC,6.426979837215185e-08,0.9999999403953552,5.67007063523306e-09,6.499982330154808e-09
TCGA:HNSCC:TCGA-CV-6945-01,HNSCC,HNSCC,2.3677756644246983e-07,0.9999967813491821,2.9396426270977827e-06,6.744159009031137e-08
TCGA:HNSCC:TCGA-CV-6948-01,HNSCC,HNSCC,0.004369141533970833,0.8555677533149719,0.13762690126895905,0.002436226699501276
TCGA:HNSCC:TCGA-CV-6950-01,HNSCC,HNSCC,1.771233883118839e-06,0.9999963045120239,1.4202656757333898e-06,5.154336690793571e-07
TCGA:HNSCC:TCGA-CV-6951-01,HNSCC,HNSCC,1.3899719988330617e-06,0.9999953508377075,2.343929963899427e-06,8.867995688888186e-07
TCGA:HNSCC:TCGA-CV-6952-01,HNSCC,HNSCC,1.3528107274396461e-06,0.9999980926513672,2.42501158709274e-07,2.92035167603899e-07
TCGA:HNSCC:TCGA-CV-6953-01,HNSCC,HNSCC,0.00012586532102432102,0.9998095035552979,3.7749530747532845e-05,2.6888512365985662e-05
TCGA:HNSCC:TCGA-CV-6954-01,HNSCC,HNSCC,1.0425489449517045e-07,0.9999998807907104,2.890661399135297e-08,9.87024328935604e-09
TCGA:HNSCC:TCGA-CV-6955-01,HNSCC,HNSCC,1.0292086471963557e-06,0.9999980926513672,8.140522140820394e-07,8.788919814151086e-08
TCGA:HNSCC:TCGA-CV-6956-01,HNSCC,HNSCC,6.234069473975978e-07,0.9999986290931702,4.5553119321084523e-07,2.831804124525661e-07
TCGA:HNSCC:TCGA-CV-6959-01,HNSCC,HNSCC,0.0005336005706340075,0.9991523623466492,0.0001790378155419603,0.00013502422370947897
TCGA:HNSCC:TCGA-CV-6960-01,HNSCC,HNSCC,0.00024070212384685874,0.9928702116012573,0.006705735344439745,0.00018333486514165998
TCGA:HNSCC:TCGA-CV-6961-01,HNSCC,HNSCC,5.977496039122343e-05,0.9993760585784912,0.00047331591485999525,9.082484757527709e-05
TCGA:HNSCC:TCGA-CV-6962-01,HNSCC,HNSCC,0.0005176785634830594,0.9765183329582214,0.022607069462537766,0.00035689352080225945
TCGA:HNSCC:TCGA-CV-7089-01,HNSCC,HNSCC,1.634522206472866e-08,0.9999999403953552,1.6953354275983656e-08,1.2005846095064499e-08
TCGA:HNSCC:TCGA-CV-7090-01,HNSCC,HNSCC,6.593124271603301e-05,0.9992333054542542,0.0006591277779079974,4.162289769737981e-05
TCGA:HNSCC:TCGA-CV-7091-01,HNSCC,HNSCC,0.00020722356566693634,0.998988926410675,0.0006770850159227848,0.00012676524056587368
TCGA:HNSCC:TCGA-CV-7095-01,HNSCC,HNSCC,1.8933332057713415e-07,0.9999993443489075,3.6382988355398993e-07,8.207394586179362e-08
TCGA:HNSCC:TCGA-CV-7097-01,HNSCC,HNSCC,0.00013589338050223887,0.9994192123413086,0.0003588037798181176,8.610417717136443e-05
TCGA:HNSCC:TCGA-CV-7099-01,HNSCC,HNSCC,3.8219997122723726e-07,0.9999755024909973,2.3205897377920337e-05,9.017674642564089e-07
TCGA:HNSCC:TCGA-CV-7100-01,HNSCC,HNSCC,0.0021022644359618425,0.8552166223526001,0.14155608415603638,0.001125059206970036
TCGA:HNSCC:TCGA-CV-7101-01,HNSCC,HNSCC,1.8934376839752076e-06,0.9997196197509766,0.00027569790836423635,2.800961965476745e-06
TCGA:HNSCC:TCGA-CV-7102-01,HNSCC,HNSCC,4.018296749563888e-06,0.9999945759773254,1.2273618494873517e-06,1.8442374027927144e-07
TCGA:HNSCC:TCGA-CV-7103-01,HNSCC,HNSCC,7.459526386810467e-05,0.9987971782684326,0.001093564322218299,3.469014700385742e-05
TCGA:HNSCC:TCGA-CV-7104-01,HNSCC,HNSCC,8.939039730648801e-08,0.9999998807907104,4.991915503183009e-08,8.007601692838762e-09
TCGA:HNSCC:TCGA-CV-7177-01,HNSCC,HNSCC,0.0001632029889151454,0.9746579527854919,0.025098877027630806,7.996526983333752e-05
TCGA:HNSCC:TCGA-CV-7178-01,HNSCC,HNSCC,2.1469199054990895e-05,0.9999775886535645,8.596840075369983e-07,1.1111166031696484e-07
TCGA:HNSCC:TCGA-CV-7180-01,HNSCC,HNSCC,2.259145549032837e-05,0.9999459981918335,1.6675356164341792e-05,1.4727282177773304e-05
TCGA:HNSCC:TCGA-CV-7183-01,HNSCC,HNSCC,4.2125205368392926e-07,0.9999983310699463,1.0354186770200613e-06,2.2891674689162755e-07
TCGA:HNSCC:TCGA-CV-7235-01,HNSCC,HNSCC,3.233128518331796e-05,0.9922561645507812,0.007698537316173315,1.2940741726197302e-05
TCGA:HNSCC:TCGA-CV-7236-01,HNSCC,HNSCC,0.00027151001268066466,0.9977460503578186,0.0019521297654137015,3.0293522286228836e-05
TCGA:HNSCC:TCGA-CV-7238-01,HNSCC,HNSCC,1.2975415302207693e-06,0.9999975562095642,7.813001161594002e-07,3.5686443311533367e-07
TCGA:HNSCC:TCGA-CV-7242-01,HNSCC,HNSCC,0.001264475635252893,0.9661676287651062,0.030589263886213303,0.0019786341581493616
TCGA:HNSCC:TCGA-CV-7243-01,HNSCC,HNSCC,0.00040689014713279903,0.9991598129272461,0.0002697599702514708,0.00016354229592252523
TCGA:HNSCC:TCGA-CV-7245-01,HNSCC,HNSCC,2.7411365977059177e-07,0.999977171421051,2.2365546101354994e-05,1.9892890179562528e-07
TCGA:HNSCC:TCGA-CV-7247-01,HNSCC,HNSCC,2.120833819674317e-08,0.9999999403953552,4.791048624497307e-08,7.910492705320848e-09
TCGA:HNSCC:TCGA-CV-7248-01,HNSCC,HNSCC,4.422467100084759e-06,0.9999610185623169,3.305655263829976e-05,1.4898134850227507e-06
TCGA:HNSCC:TCGA-CV-7250-01,HNSCC,HNSCC,2.838305135810515e-06,0.9999857544898987,1.0053279765998013e-05,1.34122171857598e-06
TCGA:HNSCC:TCGA-CV-7252-01,HNSCC,HNSCC,1.9705635168065783e-06,0.9999918341636658,5.8020500546263065e-06,4.0283001112584316e-07
TCGA:HNSCC:TCGA-CV-7253-01,HNSCC,HNSCC,3.298058800282888e-05,0.9998494386672974,9.546560613671318e-05,2.2093041479820386e-05
TCGA:HNSCC:TCGA-CV-7254-01,HNSCC,HNSCC,0.0026749148964881897,0.9800074100494385,0.01701441779732704,0.000303239852655679
TCGA:HNSCC:TCGA-CV-7255-01,HNSCC,HNSCC,0.0003011587541550398,0.9992092251777649,0.0003708842268679291,0.00011872204049723223
TCGA:HNSCC:TCGA-CV-7261-01,HNSCC,HNSCC,6.932612450327724e-06,0.8419248461723328,0.15806514024734497,3.085991238549468e-06
TCGA:HNSCC:TCGA-CV-7263-01,HNSCC,HNSCC,2.3106224034563638e-05,0.999916672706604,4.652568532037549e-05,1.3673709872819018e-05
TCGA:HNSCC:TCGA-CV-7406-01,HNSCC,HNSCC,0.0001057498884620145,0.999664306640625,0.0001777048164512962,5.221170431468636e-05
TCGA:HNSCC:TCGA-CV-7407-01,HNSCC,HNSCC,1.407720560564485e-06,0.9999925494194031,5.9976177908538375e-06,6.514643757782324e-08
TCGA:HNSCC:TCGA-CV-7409-01,HNSCC,HNSCC,0.0015326285501942039,0.9464339017868042,0.050821948796510696,0.0012115490389987826
TCGA:HNSCC:TCGA-CV-7410-01,HNSCC,HNSCC,6.5027124946936965e-06,0.9999746084213257,1.829287430155091e-05,5.711839321520529e-07
TCGA:HNSCC:TCGA-CV-7411-01,HNSCC,HNSCC,0.0008424890111200511,0.997805118560791,0.0009305537096224725,0.00042186229256913066
TCGA:HNSCC:TCGA-CV-7413-01,HNSCC,HNSCC,4.5959717681398615e-05,0.999506950378418,0.0004421847697813064,4.905296009383164e-06
TCGA:HNSCC:TCGA-CV-7414-01,HNSCC,HNSCC,4.688374701800058e-06,0.9999791979789734,1.3954550013295375e-05,2.1685650608560536e-06
TCGA:HNSCC:TCGA-CV-7415-01,HNSCC,HNSCC,1.4486186046269722e-06,0.999996542930603,1.51458539221494e-06,4.963183073414257e-07
TCGA:HNSCC:TCGA-CV-7416-01,HNSCC,HNSCC,6.0687776567647234e-05,0.9968034029006958,0.0031304953154176474,5.435806542664068e-06
TCGA:HNSCC:TCGA-CV-7418-01,HNSCC,HNSCC,1.1264218073847587e-06,0.9999387860298157,5.966298340354115e-05,4.0051693872555916e-07
TCGA:HNSCC:TCGA-CV-7421-01,HNSCC,HNSCC,1.093091668735724e-05,0.9961206912994385,0.003857838921248913,1.0561436283751391e-05
TCGA:HNSCC:TCGA-CV-7422-01,HNSCC,HNSCC,1.5001036217654473e-06,0.9999929666519165,5.136047548148781e-06,4.0541274870520283e-07
TCGA:HNSCC:TCGA-CV-7423-01,HNSCC,HNSCC,2.156651390805564e-07,0.9999992847442627,3.5283403576613637e-07,1.510905462964729e-07
TCGA:HNSCC:TCGA-CV-7424-01,HNSCC,HNSCC,0.0034628368448466063,0.8616734743118286,0.1334834098815918,0.001380291418172419
TCGA:HNSCC:TCGA-CV-7425-01,HNSCC,HNSCC,3.268215550633613e-06,0.9999956488609314,8.29406701541302e-07,2.7801632995760883e-07
TCGA:HNSCC:TCGA-CV-7427-01,HNSCC,HNSCC,2.0298107017424627e-07,0.9999995231628418,1.6257652646345377e-07,9.914845122693805e-08
TCGA:HNSCC:TCGA-CV-7428-01,HNSCC,HNSCC,5.401132057158975e-06,0.9999643564224243,2.863481677195523e-05,1.593382535247656e-06
TCGA:HNSCC:TCGA-CV-7429-01,HNSCC,HNSCC,0.0013443735660985112,0.9940522313117981,0.004251390695571899,0.0003520305617712438
TCGA:HNSCC:TCGA-CV-7430-01,HNSCC,HNSCC,4.799543944500329e-07,0.9999682903289795,3.085458592977375e-05,3.9396547890646616e-07
TCGA:HNSCC:TCGA-CV-7432-01,HNSCC,HNSCC,1.615715291336528e-06,0.9999672770500183,2.988270716741681e-05,1.1998047284578206e-06
TCGA:HNSCC:TCGA-CV-7433-01,HNSCC,HNSCC,1.2292458961837838e-07,0.9999995827674866,2.42290241203591e-07,7.100922516656283e-08
TCGA:HNSCC:TCGA-CV-7434-01,HNSCC,HNSCC,0.00012189873086754233,0.9995829463005066,0.00028882676269859076,6.310291155386949e-06
TCGA:HNSCC:TCGA-CV-7435-01,HNSCC,HNSCC,1.012237021313922e-06,0.9999976754188538,1.2152545423305128e-06,1.0603091027405753e-07
TCGA:HNSCC:TCGA-CV-7437-01,HNSCC,HNSCC,0.010242516174912453,0.683216392993927,0.3024371862411499,0.004103893414139748
TCGA:HNSCC:TCGA-CV-7438-01,HNSCC,HNSCC,1.0785895483422792e-06,0.9999985098838806,3.890185666932666e-07,5.037467332158485e-08
TCGA:HNSCC:TCGA-CV-7440-01,HNSCC,HNSCC,0.0012556759174913168,0.9687958359718323,0.02893918752670288,0.0010093293385580182
TCGA:HNSCC:TCGA-CV-7446-01,HNSCC,HNSCC,1.0004255273088347e-05,0.9950881600379944,0.004898122977465391,3.688471906571067e-06
TCGA:HNSCC:TCGA-CV-7568-01,HNSCC,HNSCC,1.575451642565895e-05,0.9999839067459106,2.3017648231871135e-07,8.803765894072058e-08
TCGA:HNSCC:TCGA-CV-A45O-01,HNSCC,HNSCC,1.8627339386512176e-06,0.9999959468841553,1.8539890334068332e-06,3.1014445767141297e-07
TCGA:HNSCC:TCGA-CV-A45P-01,HNSCC,HNSCC,1.0864192745430046e-06,0.9999977946281433,6.215281018739915e-07,5.150128004061116e-07
TCGA:HNSCC:TCGA-CV-A45Q-01,HNSCC,HNSCC,2.2155461465445114e-06,0.999993622303009,3.4691231576289283e-06,7.117532163647411e-07
TCGA:HNSCC:TCGA-CV-A45R-01,HNSCC,HNSCC,1.770299888903537e-07,0.9999995231628418,2.1600361321816308e-07,6.625109705282739e-08
TCGA:HNSCC:TCGA-CV-A45T-01,HNSCC,HNSCC,0.0002941017737612128,0.9994617700576782,0.00013695340021513402,0.0001071702572517097
TCGA:HNSCC:TCGA-CV-A45U-01,HNSCC,HNSCC,1.0886721923952791e-07,0.9999963641166687,3.471168838586891e-06,4.401749365001706e-08
TCGA:HNSCC:TCGA-CV-A45V-01,HNSCC,HNSCC,0.0002458840608596802,0.9994845986366272,0.0001600956602487713,0.0001094328545150347
TCGA:HNSCC:TCGA-CV-A45W-01,HNSCC,LSCC,0.00014694497804157436,0.462469220161438,0.5373440980911255,3.9736522012390196e-05
TCGA:HNSCC:TCGA-CV-A45X-01,HNSCC,HNSCC,5.947018871665932e-05,0.9996071457862854,0.00027872624923475087,5.466171933221631e-05
TCGA:HNSCC:TCGA-CV-A45Y-01,HNSCC,HNSCC,4.444560090632876e-06,0.9999404549598694,5.380761285778135e-05,1.3180018640923663e-06
TCGA:HNSCC:TCGA-CV-A45Z-01,HNSCC,HNSCC,3.2040936730481917e-06,0.9961633086204529,0.0038322850596159697,1.2278262602194445e-06
TCGA:HNSCC:TCGA-CV-A460-01,HNSCC,HNSCC,8.986542070488213e-07,0.9997190833091736,0.0002793220628518611,6.766965157112281e-07
TCGA:HNSCC:TCGA-CV-A461-01,HNSCC,HNSCC,6.032588117932391e-08,0.9999972581863403,2.6353120574640343e-06,3.8577780969717423e-08
TCGA:HNSCC:TCGA-CV-A463-01,HNSCC,HNSCC,5.371900260797702e-05,0.9998683929443359,5.980729474686086e-05,1.8066495613311417e-05
TCGA:HNSCC:TCGA-CV-A464-01,HNSCC,HNSCC,1.2289854112168541e-06,0.999997615814209,8.540449698557495e-07,2.810873809266923e-07
TCGA:HNSCC:TCGA-CV-A465-01,HNSCC,HNSCC,2.686741709112539e-07,0.9999990463256836,4.154284738433489e-07,2.4004950205380737e-07
TCGA:HNSCC:TCGA-CV-A468-01,HNSCC,HNSCC,1.016757778415922e-06,0.9999979138374329,8.287096306958119e-07,2.532515281927772e-07
TCGA:HNSCC:TCGA-CV-A6JD-01,HNSCC,HNSCC,6.800698884035228e-07,0.9999972581863403,2.00843851416721e-06,4.142123088968219e-08
TCGA:HNSCC:TCGA-CV-A6JE-01,HNSCC,HNSCC,0.005104926414787769,0.9809942245483398,0.01287939865142107,0.001021439558826387
TCGA:HNSCC:TCGA-CV-A6JM-01,HNSCC,HNSCC,1.7809350083553e-06,0.9999915957450867,5.886988219572231e-06,7.28461373000755e-07
TCGA:HNSCC:TCGA-CV-A6JN-01,HNSCC,HNSCC,1.8503907739386705e-08,0.9999999403953552,9.004327949924118e-09,4.473582837505319e-09
TCGA:HNSCC:TCGA-CV-A6JO-01,HNSCC,HNSCC,1.225614454369861e-07,0.9999990463256836,7.354915965152031e-07,6.613685599177188e-08
TCGA:HNSCC:TCGA-CV-A6JT-01,HNSCC,HNSCC,4.091538721695542e-05,0.9999249577522278,1.881364732980728e-05,1.529525252408348e-05
TCGA:HNSCC:TCGA-CV-A6JU-01,HNSCC,HNSCC,2.899256651289761e-05,0.9999364018440247,3.413400918361731e-05,4.479845188143372e-07
TCGA:HNSCC:TCGA-CV-A6JY-01,HNSCC,HNSCC,1.414382495568134e-07,0.9999996423721313,2.2373529873220832e-07,1.5175318779370173e-08
TCGA:HNSCC:TCGA-CV-A6JZ-01,HNSCC,HNSCC,0.0011063143610954285,0.997435450553894,0.0012457369593903422,0.0002125066239386797
TCGA:HNSCC:TCGA-CV-A6K0-01,HNSCC,HNSCC,0.0002827876014634967,0.9992748498916626,0.0002815332554746419,0.00016083217633422464
TCGA:HNSCC:TCGA-CV-A6K1-01,HNSCC,HNSCC,0.00010468019900145009,0.9993285536766052,0.0004651343042496592,0.00010162364924326539
TCGA:HNSCC:TCGA-CV-A6K2-01,HNSCC,HNSCC,9.635848982725292e-06,0.9928846955299377,0.007097188383340836,8.467166480841115e-06
TCGA:HNSCC:TCGA-CX-7085-01,HNSCC,HNSCC,0.000548193056602031,0.9991239905357361,0.00019699802214745432,0.00013080013741273433
TCGA:HNSCC:TCGA-CX-7086-01,HNSCC,HNSCC,0.00033192732371389866,0.9986141324043274,0.0008879546076059341,0.00016601198876742274
TCGA:HNSCC:TCGA-CX-7219-01,HNSCC,HNSCC,4.255312160239555e-05,0.9997595548629761,0.0001517207856522873,4.61541858385317e-05
TCGA:HNSCC:TCGA-CX-A4AQ-01,HNSCC,HNSCC,0.0021513013634830713,0.9506819248199463,0.04707549512386322,9.126680379267782e-05
TCGA:HNSCC:TCGA-D6-6515-01,HNSCC,HNSCC,5.540292841033079e-05,0.9998863339424133,3.220219514332712e-05,2.6070591047755443e-05
TCGA:HNSCC:TCGA-D6-6516-01,HNSCC,HNSCC,0.0002972193469759077,0.9993600249290466,0.00020915406639687717,0.00013358173600863665
TCGA:HNSCC:TCGA-D6-6517-01,HNSCC,HNSCC,1.1420393093430903e-05,0.99972003698349,0.00025438168086111546,1.4189052308211103e-05
TCGA:HNSCC:TCGA-D6-6823-01,HNSCC,HNSCC,9.209125906295412e-09,0.9999999403953552,2.6338536684988867e-08,4.036897038872667e-09
TCGA:HNSCC:TCGA-D6-6824-01,HNSCC,HNSCC,0.0047492776066064835,0.9487625956535339,0.016160497441887856,0.030327636748552322
TCGA:HNSCC:TCGA-D6-6825-01,HNSCC,HNSCC,4.192293800997504e-08,0.9999999403953552,2.1056537846675383e-08,6.588184664479968e-09
TCGA:HNSCC:TCGA-D6-6826-01,HNSCC,HNSCC,1.6992145219774102e-06,0.999687135219574,0.0003100043104495853,1.177696049126098e-06
TCGA:HNSCC:TCGA-D6-6827-01,HNSCC,BRCA,0.7265534996986389,0.10822224617004395,0.16513437032699585,8.987302862806246e-05
TCGA:HNSCC:TCGA-D6-8568-01,HNSCC,HNSCC,0.00023083132691681385,0.999224066734314,0.00037153385346755385,0.00017357181059196591
TCGA:HNSCC:TCGA-D6-8569-01,HNSCC,HNSCC,2.5887849915307015e-05,0.9999197125434875,3.6289140552980825e-05,1.8093211110681295e-05
TCGA:HNSCC:TCGA-D6-A4Z9-01,HNSCC,HNSCC,0.0002025568683166057,0.9992106556892395,0.00042686116648837924,0.00015994434943422675
TCGA:HNSCC:TCGA-D6-A4ZB-01,HNSCC,HNSCC,0.0006839919951744378,0.9903719425201416,0.00846081506460905,0.00048322288785129786
TCGA:HNSCC:TCGA-D6-A6EK-01,HNSCC,HNSCC,3.5592483982327394e-07,0.999998927116394,4.4375525476425537e-07,2.9407519264168513e-07
TCGA:HNSCC:TCGA-D6-A6EM-01,HNSCC,HNSCC,4.33065770266694e-06,0.999994158744812,8.318640993820736e-07,6.875771987324697e-07
TCGA:HNSCC:TCGA-D6-A6EN-01,HNSCC,HNSCC,7.334338442888111e-05,0.9997712969779968,0.00010476633906364441,5.05710304423701e-05
TCGA:HNSCC:TCGA-D6-A6EO-01,HNSCC,HNSCC,9.260360229745856e-07,0.999988317489624,1.0602954716887325e-05,1.3485993122230866e-07
TCGA:HNSCC:TCGA-D6-A6EP-01,HNSCC,LSCC,0.1636107861995697,0.24496601521968842,0.588750422000885,0.002672790316864848
TCGA:HNSCC:TCGA-D6-A6EQ-01,HNSCC,HNSCC,7.382538024103269e-05,0.9995802044868469,0.00030654791044071317,3.9442562410840765e-05
TCGA:HNSCC:TCGA-D6-A6ES-01,HNSCC,HNSCC,0.002781377639621496,0.9786344170570374,0.01740196906030178,0.0011822625529021025
TCGA:HNSCC:TCGA-D6-A74Q-01,HNSCC,HNSCC,4.3420914153102785e-07,0.9999613761901855,3.785110675380565e-05,3.122077600892226e-07
TCGA:HNSCC:TCGA-DQ-5624-01,HNSCC,HNSCC,1.7209949021435023e-08,1.0,7.054659967309362e-09,5.062781305298358e-09
TCGA:HNSCC:TCGA-DQ-5625-01,HNSCC,HNSCC,9.386794204147009e-07,0.999998927116394,7.998205120429702e-08,5.5401748966232844e-08
TCGA:HNSCC:TCGA-DQ-5629-01,HNSCC,LSCC,1.192069521493977e-05,0.014709935523569584,0.9852645993232727,1.3516261788026895e-05
TCGA:HNSCC:TCGA-DQ-5630-01,HNSCC,HNSCC,2.6032983441837132e-05,0.9999229907989502,3.96990762965288e-05,1.1277875273663085e-05
TCGA:HNSCC:TCGA-DQ-5631-01,HNSCC,HNSCC,0.0001903390948427841,0.9994528889656067,0.00029562987037934363,6.116257281973958e-05
TCGA:HNSCC:TCGA-DQ-7588-01,HNSCC,HNSCC,1.583636912982911e-05,0.9996458888053894,0.00033054465893656015,7.72165094531374e-06
TCGA:HNSCC:TCGA-DQ-7589-01,HNSCC,HNSCC,0.0018874936504289508,0.9471348524093628,0.05010468512773514,0.0008729870896786451
TCGA:HNSCC:TCGA-DQ-7590-01,HNSCC,HNSCC,0.00035149059840478003,0.9987000226974487,0.0007605579448863864,0.00018795285723172128
TCGA:HNSCC:TCGA-DQ-7591-01,HNSCC,HNSCC,3.23110953104333e-06,0.9999592900276184,3.5667690099217e-05,1.8292224694960169e-06
TCGA:HNSCC:TCGA-DQ-7592-01,HNSCC,HNSCC,3.18185072956112e-07,0.9999992251396179,2.3026484541333048e-07,2.0170978132227901e-07
TCGA:HNSCC:TCGA-DQ-7593-01,HNSCC,HNSCC,6.833098495917511e-07,0.9999759197235107,2.2907413949724287e-05,4.6062982050898427e-07
TCGA:HNSCC:TCGA-DQ-7594-01,HNSCC,HNSCC,0.0006123902858234942,0.9983165860176086,0.0007669007172808051,0.00030411063926294446
TCGA:HNSCC:TCGA-DQ-7595-01,HNSCC,HNSCC,0.00021236587781459093,0.9952676296234131,0.004220263566821814,0.00029971631010994315
TCGA:HNSCC:TCGA-DQ-7596-01,HNSCC,HNSCC,0.001377161592245102,0.9871979355812073,0.009944514371454716,0.001480361563153565
TCGA:HNSCC:TCGA-F7-7848-01,HNSCC,HNSCC,0.0036650437396019697,0.9490329027175903,0.045348335057497025,0.0019537119660526514
TCGA:HNSCC:TCGA-F7-8298-01,HNSCC,HNSCC,1.3400701845966978e-06,0.9999780654907227,2.0355244487291202e-05,2.356634496436527e-07
TCGA:HNSCC:TCGA-F7-8489-01,HNSCC,HNSCC,3.610147985000367e-07,0.9999959468841553,3.5357154501980403e-06,1.770698077052657e-07
TCGA:HNSCC:TCGA-F7-A50G-01,HNSCC,HNSCC,3.5696707527677063e-06,0.9999898672103882,3.971485966758337e-06,2.608230033729342e-06
TCGA:HNSCC:TCGA-F7-A50I-01,HNSCC,HNSCC,3.6507808545138687e-06,0.9994494915008545,0.0005353253218345344,1.150695879914565e-05
TCGA:HNSCC:TCGA-F7-A50J-01,HNSCC,HNSCC,7.789408584812918e-08,0.9999997615814209,1.1123410104119102e-07,4.9025462800500463e-08
TCGA:HNSCC:TCGA-F7-A61S-01,HNSCC,HNSCC,0.00023080238315742463,0.999356210231781,0.0002866094291675836,0.0001263823505723849
TCGA:HNSCC:TCGA-F7-A61V-01,HNSCC,HNSCC,4.4905409595230594e-05,0.9999222159385681,1.700193934084382e-05,1.586694452271331e-05
TCGA:HNSCC:TCGA-F7-A61W-01,HNSCC,HNSCC,0.00033595881541259587,0.9990273714065552,0.00047592062037438154,0.00016072804282885045
TCGA:HNSCC:TCGA-F7-A620-01,HNSCC,HNSCC,0.000186562305316329,0.9995595216751099,0.00013324370956979692,0.00012067525676684454
TCGA:HNSCC:TCGA-F7-A622-01,HNSCC,HNSCC,5.3847706737997214e-08,0.9999998211860657,1.173121546571565e-07,1.973636543084467e-08
TCGA:HNSCC:TCGA-F7-A623-01,HNSCC,HNSCC,1.9270482880529016e-06,0.999997079372406,9.871602060229634e-07,2.4385666819171092e-08
TCGA:HNSCC:TCGA-F7-A624-01,HNSCC,HNSCC,0.05065896362066269,0.724147379398346,0.20796525478363037,0.01722840406000614
TCGA:HNSCC:TCGA-H7-7774-01,HNSCC,HNSCC,3.5051206737080065e-07,0.999999463558197,1.633276554002805e-07,2.9021167691212213e-08
TCGA:HNSCC:TCGA-H7-8501-01,HNSCC,HNSCC,9.334098649560474e-08,0.9999998211860657,8.418456332037749e-08,2.0478537976487132e-08
TCGA:HNSCC:TCGA-H7-8502-01,HNSCC,HNSCC,4.794248889083974e-05,0.9998800158500671,5.130438512424007e-05,2.0716304788948037e-05
TCGA:HNSCC:TCGA-H7-A6C4-01,HNSCC,HNSCC,4.086815152959389e-08,0.9999999403953552,8.191125111522979e-09,6.237569571965196e-09
TCGA:HNSCC:TCGA-H7-A76A-01,HNSCC,HNSCC,2.174284054490272e-05,0.99313884973526,0.0067801158875226974,5.931241321377456e-05
TCGA:HNSCC:TCGA-HD-7229-01,HNSCC,HNSCC,8.365052650560756e-08,0.9999977946281433,1.9628287191153504e-06,1.8211675012480555e-07
TCGA:HNSCC:TCGA-HD-7753-01,HNSCC,HNSCC,0.00029014391475357115,0.9989356398582458,0.0006055438425391912,0.00016868345846887678
TCGA:HNSCC:TCGA-HD-7754-01,HNSCC,HNSCC,0.019729994237422943,0.5765408277511597,0.38988298177719116,0.013846213929355145
TCGA:HNSCC:TCGA-HD-7831-01,HNSCC,HNSCC,2.492169187462423e-06,0.9999969005584717,4.6009549237169267e-07,1.404398943805063e-07
TCGA:HNSCC:TCGA-HD-7832-01,HNSCC,HNSCC,5.114345913170837e-05,0.9998553395271301,6.986012158449739e-05,2.3649889044463634e-05
TCGA:HNSCC:TCGA-HD-7917-01,HNSCC,HNSCC,2.45015371547197e-07,0.9999993443489075,3.1389132004733256e-07,9.953613044899612e-08
TCGA:HNSCC:TCGA-HD-8224-01,HNSCC,HNSCC,1.595487083250191e-05,0.9999727010726929,9.03347427083645e-06,2.28259568757494e-06
TCGA:HNSCC:TCGA-HD-8314-01,HNSCC,HNSCC,0.00011648507643258199,0.9997721314430237,9.607477841200307e-05,1.5290346709662117e-05
TCGA:HNSCC:TCGA-HD-8634-01,HNSCC,HNSCC,5.4745193267535797e-08,0.9999999403953552,4.653769369866723e-09,4.3572758734455874e-09
TCGA:HNSCC:TCGA-HD-8635-01,HNSCC,HNSCC,6.298391963355243e-05,0.9999334812164307,2.620247869344894e-06,9.248066135114641e-07
TCGA:HNSCC:TCGA-HD-A4C1-01,HNSCC,HNSCC,5.866854189662263e-05,0.9998618960380554,5.754986705142073e-05,2.1856774765183218e-05
TCGA:HNSCC:TCGA-HD-A633-01,HNSCC,HNSCC,8.692195115145296e-05,0.9995786547660828,0.0002803737879730761,5.404883995652199e-05
TCGA:HNSCC:TCGA-HD-A634-01,HNSCC,LSCC,0.16211958229541779,0.349371075630188,0.3494736850261688,0.1390356570482254
TCGA:HNSCC:TCGA-HD-A6HZ-01,HNSCC,HNSCC,4.674161573348101e-06,0.9998394846916199,0.00015524658374488354,5.662569151354546e-07
TCGA:HNSCC:TCGA-HD-A6I0-01,HNSCC,HNSCC,9.790085186978104e-07,0.9999966025352478,1.9635060652944958e-06,4.517305285389739e-07
TCGA:HNSCC:TCGA-HL-7533-01,HNSCC,HNSCC,7.233207725221291e-05,0.9998658299446106,5.750114723923616e-05,4.340904069977114e-06
TCGA:HNSCC:TCGA-IQ-7630-01,HNSCC,HNSCC,1.2856162356911227e-07,0.9999988079071045,9.837910965870833e-07,9.756640650948611e-08
TCGA:HNSCC:TCGA-IQ-7631-01,HNSCC,HNSCC,0.0006429587374441326,0.9993362426757812,1.7428030332666822e-05,3.3886124128912343e-06
TCGA:HNSCC:TCGA-IQ-7632-01,HNSCC,HNSCC,5.421325477072969e-05,0.9997685551643372,0.00015458687266800553,2.266906449222006e-05
TCGA:HNSCC:TCGA-IQ-A61E-01,HNSCC,HNSCC,4.768849635183869e-07,0.9999988079071045,4.927041459268366e-07,2.3663346837565769e-07
TCGA:HNSCC:TCGA-IQ-A61G-01,HNSCC,HNSCC,1.8290642174179084e-06,0.9998992681503296,9.811571362661198e-05,8.080496627371758e-07
TCGA:HNSCC:TCGA-IQ-A61H-01,HNSCC,HNSCC,8.360127168316467e-08,0.999997615814209,2.2632602849625982e-06,2.7826684956266945e-08
TCGA:HNSCC:TCGA-IQ-A61I-01,HNSCC,HNSCC,7.75216960846592e-07,0.9999874830245972,1.1007069588231388e-05,7.495160616599605e-07
TCGA:HNSCC:TCGA-IQ-A61J-01,HNSCC,HNSCC,0.0002141808217857033,0.9995463490486145,0.0001444157533114776,9.508101356914267e-05
TCGA:HNSCC:TCGA-IQ-A61O-01,HNSCC,HNSCC,0.10080976784229279,0.8707874417304993,0.023277647793293,0.005125151947140694
TCGA:HNSCC:TCGA-IQ-A6SG-01,HNSCC,HNSCC,1.8767248548101634e-05,0.9925758838653564,0.007397095672786236,8.270482794614509e-06
TCGA:HNSCC:TCGA-IQ-A6SH-01,HNSCC,HNSCC,2.043924638428507e-07,0.9999969601631165,2.7093622065876843e-06,1.2526783166322275e-07
TCGA:HNSCC:TCGA-KU-A66S-01,HNSCC,LSCC,0.03198263794183731,0.19061541557312012,0.7752068638801575,0.0021951114758849144
TCGA:HNSCC:TCGA-KU-A66T-01,HNSCC,HNSCC,1.7207526980200782e-05,0.9781224727630615,0.021849250420928,1.107995103666326e-05
TCGA:HNSCC:TCGA-KU-A6H7-01,HNSCC,HNSCC,1.185962105409999e-06,0.9999927878379822,5.6467356444045436e-06,3.7442336520143726e-07
TCGA:HNSCC:TCGA-KU-A6H8-01,HNSCC,HNSCC,0.00015387014718726277,0.9996185898780823,0.00019981223158538342,2.7752010282711126e-05
TCGA:HNSCC:TCGA-MT-A51W-01,HNSCC,HNSCC,0.0004875472222920507,0.9988559484481812,0.0004572082543745637,0.00019931732094846666
TCGA:HNSCC:TCGA-MT-A51X-01,HNSCC,HNSCC,5.974950454401551e-07,0.9999985098838806,4.943954081682023e-07,3.8855503703416616e-07
TCGA:HNSCC:TCGA-MT-A67A-01,HNSCC,HNSCC,4.7103203542064875e-06,0.9999897480010986,4.270389581506606e-06,1.277074034078396e-06
TCGA:HNSCC:TCGA-MT-A67D-01,HNSCC,HNSCC,5.757081089541316e-05,0.9997913241386414,0.00013193456106819212,1.9158993382006884e-05
TCGA:HNSCC:TCGA-MT-A67F-01,HNSCC,HNSCC,1.7633539073358406e-06,0.999995768070221,1.4825889138592174e-06,9.903639011099585e-07
TCGA:HNSCC:TCGA-MT-A7BN-01,HNSCC,BRCA,0.9516523480415344,0.040273021906614304,0.00565775902941823,0.002416888950392604
TCGA:HNSCC:TCGA-MZ-A5BI-01,HNSCC,HNSCC,2.3980766172826407e-07,0.9999947547912598,4.901979536953149e-06,9.74839906575653e-08
TCGA:HNSCC:TCGA-MZ-A6I9-01,HNSCC,HNSCC,0.0003944638301618397,0.9982886910438538,0.0009992853738367558,0.000317537400405854
TCGA:HNSCC:TCGA-MZ-A7D7-01,HNSCC,HNSCC,3.7266581784933805e-06,0.9976382255554199,0.002355586038902402,2.457407845213311e-06
TCGA:HNSCC:TCGA-P3-A5Q5-01,HNSCC,HNSCC,2.591164616205788e-07,0.9999951124191284,4.523348707152763e-06,1.0224533752989373e-07
TCGA:HNSCC:TCGA-P3-A5Q6-01,HNSCC,HNSCC,2.534936584197567e-06,0.9999921917915344,4.178712515567895e-06,1.0684333346944186e-06
TCGA:HNSCC:TCGA-P3-A5QA-01,HNSCC,HNSCC,6.030554118297005e-07,0.9999983906745911,8.14774807622598e-07,1.8031900594905892e-07
TCGA:HNSCC:TCGA-P3-A5QE-01,HNSCC,HNSCC,1.4667864434159128e-06,0.9999637007713318,3.385471063666046e-05,9.65996036939032e-07
TCGA:HNSCC:TCGA-P3-A5QF-01,HNSCC,HNSCC,5.474640056490898e-05,0.9995732307434082,0.00033254126901738346,3.948267112718895e-05
TCGA:HNSCC:TCGA-P3-A6SW-01,HNSCC,HNSCC,0.0007325297337956727,0.8594380021095276,0.13936448097229004,0.00046499952441081405
TCGA:HNSCC:TCGA-P3-A6SX-01,HNSCC,HNSCC,6.92329820140003e-07,0.9999977946281433,1.2122725365770748e-06,2.8204897262185114e-07
TCGA:HNSCC:TCGA-P3-A6T0-01,HNSCC,HNSCC,0.0013057978358119726,0.9787042737007141,0.019943898543715477,4.6004388423170894e-05
TCGA:HNSCC:TCGA-P3-A6T2-01,HNSCC,HNSCC,8.258394359472732e-07,0.9999958276748657,2.7067428618465783e-06,6.133894316917576e-07
TCGA:HNSCC:TCGA-P3-A6T3-01,HNSCC,HNSCC,0.00024468323681503534,0.9993425011634827,0.0002848481817636639,0.0001279746793443337
TCGA:HNSCC:TCGA-P3-A6T4-01,HNSCC,HNSCC,0.0007195351063273847,0.9911007285118103,0.007353499531745911,0.0008262128103524446
TCGA:HNSCC:TCGA-P3-A6T5-01,HNSCC,HNSCC,2.5664571694505867e-06,0.9999851584434509,1.1381385775166564e-05,8.823270150060125e-07
TCGA:HNSCC:TCGA-P3-A6T6-01,HNSCC,HNSCC,0.002007465111091733,0.9796555638313293,0.01676066964864731,0.00157627381850034
TCGA:HNSCC:TCGA-P3-A6T7-01,HNSCC,HNSCC,8.425174019066617e-05,0.9997062087059021,0.00017013655451592058,3.9374539483105764e-05
TCGA:HNSCC:TCGA-P3-A6T8-01,HNSCC,HNSCC,6.348545866785571e-07,0.9999912977218628,7.624487807333935e-06,4.6524078811671643e-07
TCGA:HNSCC:TCGA-QK-A64Z-01,HNSCC,HNSCC,0.0009306204156018794,0.9911623597145081,0.0075692241080105305,0.0003377697430551052
TCGA:HNSCC:TCGA-QK-A652-01,HNSCC,HNSCC,3.7096981486683944e-08,0.9999999403953552,8.21683254770278e-09,6.461897239518066e-09
TCGA:HNSCC:TCGA-QK-A6IF-01,HNSCC,HNSCC,0.0004152771143708378,0.9946982264518738,0.004641355015337467,0.0002451214531902224
TCGA:HNSCC:TCGA-QK-A6IG-01,HNSCC,HNSCC,4.623080258170376e-06,0.9999658465385437,2.6842746592592448e-05,2.6976701974490425e-06
TCGA:HNSCC:TCGA-QK-A6IH-01,HNSCC,HNSCC,1.1186751862624078e-06,0.9999940395355225,4.484888449951541e-06,3.593537485357956e-07
TCGA:HNSCC:TCGA-QK-A6II-01,HNSCC,HNSCC,6.852261867607012e-05,0.9998492002487183,5.164421963854693e-05,3.062367613893002e-05
TCGA:HNSCC:TCGA-QK-A6IJ-01,HNSCC,HNSCC,2.4686512915650383e-05,0.9999269247055054,3.306722646811977e-05,1.5316289136535488e-05
TCGA:HNSCC:TCGA-QK-A6V9-01,HNSCC,HNSCC,4.192166215943871e-06,0.9998618960380554,0.00013072391448076814,3.182499085596646e-06
TCGA:HNSCC:TCGA-QK-A6VB-01,HNSCC,HNSCC,3.106962140009273e-06,0.999901533126831,9.234702883986756e-05,3.008442035934422e-06
TCGA:HNSCC:TCGA-QK-A6VC-01,HNSCC,HNSCC,3.161728454870172e-05,0.9984421730041504,0.0015127812512218952,1.3452169696392957e-05
TCGA:HNSCC:TCGA-QK-A8Z7-01,HNSCC,LSCC,0.005760061088949442,0.4288298785686493,0.5625484585762024,0.0028615992050617933
TCGA:HNSCC:TCGA-QK-A8Z8-01,HNSCC,HNSCC,0.0003063223557546735,0.9949836134910583,0.004506856203079224,0.00020319192844908684
TCGA:HNSCC:TCGA-QK-A8Z9-01,HNSCC,HNSCC,0.0006438052514567971,0.9987657070159912,0.00038274546386674047,0.0002077508979709819
TCGA:HNSCC:TCGA-QK-A8ZA-01,HNSCC,LSCC,7.192253633547807e-06,0.10704434663057327,0.8929439187049866,4.53673101219465e-06
TCGA:HNSCC:TCGA-QK-A8ZB-01,HNSCC,HNSCC,4.187942522548838e-06,0.9970484375953674,0.002944569569081068,2.7812629923573695e-06
TCGA:HNSCC:TCGA-QK-AA3J-01,HNSCC,HNSCC,5.633575597130402e-07,0.9999959468841553,2.495925400580745e-06,1.0180717708863085e-06
TCGA:HNSCC:TCGA-QK-AA3K-01,HNSCC,HNSCC,0.07551465183496475,0.47740256786346436,0.43717411160469055,0.009908657521009445
TCGA:HNSCC:TCGA-RS-A6TO-01,HNSCC,HNSCC,1.985440576390829e-07,0.9999997019767761,1.018246891248964e-07,1.3804102749759295e-08
TCGA:HNSCC:TCGA-RS-A6TP-01,HNSCC,HNSCC,0.002542262664064765,0.973131537437439,0.02292054146528244,0.001405632123351097
TCGA:HNSCC:TCGA-T2-A6WX-01,HNSCC,HNSCC,0.0007915149326436222,0.9963404536247253,0.0025506082456558943,0.00031742709688842297
TCGA:HNSCC:TCGA-T2-A6WZ-01,HNSCC,HNSCC,1.6554929871404056e-08,1.0,5.189269458583112e-09,3.0582911758614273e-09
TCGA:HNSCC:TCGA-T2-A6X0-01,HNSCC,HNSCC,0.0003299439849797636,0.7618736028671265,0.2375739961862564,0.00022244032879825681
TCGA:HNSCC:TCGA-T2-A6X2-01,HNSCC,HNSCC,3.9224993088282645e-05,0.9998763799667358,6.765609577996656e-05,1.6712810975150205e-05
TCGA:HNSCC:TCGA-T3-A92M-01,HNSCC,HNSCC,0.0008785316604189575,0.9691383242607117,0.02954898402094841,0.0004341311869211495
TCGA:HNSCC:TCGA-T3-A92N-01,HNSCC,HNSCC,5.138966798767797e-07,0.9999954104423523,3.4350391615589615e-06,6.164524961604911e-07
TCGA:HNSCC:TCGA-TN-A7HI-01,HNSCC,HNSCC,9.637840776122175e-06,0.9987857341766357,0.0011995622189715505,5.06510059494758e-06
TCGA:HNSCC:TCGA-TN-A7HJ-01,HNSCC,HNSCC,1.1947530254019512e-07,0.999999463558197,3.279552629464888e-07,1.1192881999022575e-07
TCGA:HNSCC:TCGA-TN-A7HL-01,HNSCC,HNSCC,7.575559948236332e-07,0.9999866485595703,1.1976705536653753e-05,6.382176138686191e-07
TCGA:HNSCC:TCGA-UF-A718-01,HNSCC,HNSCC,3.47736573758084e-07,0.9999940395355225,5.347187197912717e-06,2.4711761170692625e-07
TCGA:HNSCC:TCGA-UF-A719-01,HNSCC,HNSCC,1.7168371186926379e-06,0.9998129606246948,0.00018261770310346037,2.6942541353491833e-06
TCGA:HNSCC:TCGA-UF-A71A-01,HNSCC,HNSCC,1.9783471998380264e-06,0.9999819993972778,1.5253662240866106e-05,7.85642100709083e-07
TCGA:HNSCC:TCGA-UF-A71B-01,HNSCC,HNSCC,0.0002851841854862869,0.9852441549301147,0.014309336431324482,0.0001613165222806856
TCGA:HNSCC:TCGA-UF-A71D-01,HNSCC,HNSCC,5.396241249400191e-07,0.9999935030937195,5.697196229448309e-06,2.5572694539732765e-07
TCGA:HNSCC:TCGA-UF-A71E-01,HNSCC,HNSCC,0.0011586466571316123,0.9289315342903137,0.06927549839019775,0.0006343376589938998
TCGA:HNSCC:TCGA-UF-A7J9-01,HNSCC,HNSCC,8.772373257670552e-05,0.9988107681274414,0.0010477936593815684,5.37090418220032e-05
TCGA:HNSCC:TCGA-UF-A7JA-01,HNSCC,HNSCC,0.0006806468009017408,0.9107580780982971,0.08796370774507523,0.0005975438398309052
TCGA:HNSCC:TCGA-UF-A7JC-01,HNSCC,HNSCC,0.00023278285516425967,0.9995066523551941,0.00015673517191316932,0.0001038483896991238
TCGA:HNSCC:TCGA-UF-A7JD-01,HNSCC,HNSCC,0.003811254631727934,0.9899857640266418,0.005764830857515335,0.0004381262115202844
TCGA:HNSCC:TCGA-UF-A7JF-01,HNSCC,HNSCC,1.5598977824993199e-06,0.9990363121032715,0.000961549230851233,5.606613058262155e-07
TCGA:HNSCC:TCGA-UF-A7JH-01,HNSCC,HNSCC,2.4510260118404403e-05,0.9999464750289917,1.7786191165214404e-05,1.1213358448003419e-05
TCGA:HNSCC:TCGA-UF-A7JJ-01,HNSCC,HNSCC,0.00508689833804965,0.8760010600090027,0.11566359549760818,0.003248455934226513
TCGA:HNSCC:TCGA-UF-A7JK-01,HNSCC,HNSCC,4.9693203436618205e-06,0.9993394017219543,0.0006529000238515437,2.75697561846755e-06
TCGA:HNSCC:TCGA-UF-A7JO-01,HNSCC,HNSCC,0.0003035335394088179,0.9978271722793579,0.0017410068539902568,0.00012827849423047155
TCGA:HNSCC:TCGA-UF-A7JS-01,HNSCC,HNSCC,4.0424231428914936e-07,0.9999991655349731,3.4940524074045243e-07,1.0529157634664443e-07
TCGA:HNSCC:TCGA-UF-A7JT-01,HNSCC,HNSCC,3.904102777596563e-05,0.9999244213104248,2.2215466742636636e-05,1.4331418242363725e-05
TCGA:HNSCC:TCGA-UF-A7JV-01,HNSCC,HNSCC,0.0011976290261372924,0.9927089810371399,0.005648823920637369,0.00044454328599385917
TCGA:HNSCC:TCGA-UP-A6WW-01,HNSCC,HNSCC,1.4192676644597668e-05,0.9997467398643494,0.0002185825287597254,2.0488114387262613e-05
TCGA:HNSCC:TCGA-WA-A7GZ-01,HNSCC,HNSCC,0.0003203225787729025,0.9989340305328369,0.0006059770239517093,0.00013965059770271182
TCGA:HNSCC:TCGA-WA-A7H4-01,HNSCC,HNSCC,4.234814696246758e-06,0.999993085861206,2.3826044071029173e-06,3.172801257278479e-07
