sample_id,y_true,y_pred,prob_BRCA,prob_HNSCC,prob_LSCC,prob_LUAD
TCGA:BRCA:TCGA-3C-AAAU-01,BRCA,BRCA,0.9996102452278137,8.525650628143921e-05,2.8740050765918568e-05,0.0002758377813734114
TCGA:BRCA:TCGA-3C-AALI-01,BRCA,BRCA,0.999824583530426,4.2559655412333086e-05,4.435987284523435e-05,8.858004730427638e-05
TCGA:BRCA:TCGA-3C-AALJ-01,BRCA,BRCA,0.9980762004852295,0.00036342511884868145,0.0001529794535599649,0.0014073672937229276
TCGA:BRCA:TCGA-3C-AALK-01,BRCA,BRCA,0.999900221824646,3.271872992627323e-05,3.0179413442965597e-05,3.691028177854605e-05
TCGA:BRCA:TCGA-4H-AAAK-01,BRCA,BRCA,0.9998675584793091,6.643589586019516e-05,3.327189551782794e-05,3.2672385714249685e-05
TCGA:BRCA:TCGA-5L-AAT0-01,BRCA,BRCA,0.9999222755432129,2.7977863283012994e-05,2.2581038138014264e-05,2.717830466281157e-05
TCGA:BRCA:TCGA-5T-A9QA-01,BRCA,BRCA,0.9959607720375061,0.00011431013990659267,9.548919479129836e-05,0.0038294377736747265
TCGA:BRCA:TCGA-A1-A0SB-01,BRCA,BRCA,0.9993149042129517,0.0002695344155654311,0.00033812993206083775,7.740066212136298e-05
TCGA:BRCA:TCGA-A1-A0SD-01,BRCA,BRCA,0.9997513890266418,0.00010124238906428218,6.70793597237207e-05,8.033939229790121e-05
TCGA:BRCA:TCGA-A1-A0SE-01,BRCA,BRCA,0.9998762607574463,6.604714144486934e-05,2.2783393433201127e-05,3.4928121749544516e-05
TCGA:BRCA:TCGA-A1-A0SF-01,BRCA,BRCA,0.9998825788497925,4.7836179874138907e-05,2.7473519367049448e-05,4.2124029278056696e-05
TCGA:BRCA:TCGA-A1-A0SG-01,BRCA,BRCA,0.9999128580093384,3.197230034857057e-05,1.5751724276924506e-05,3.936859138775617e-05
TCGA:BRCA:TCGA-A1-A0SH-01,BRCA,BRCA,0.9996034502983093,9.174424485536292e-05,5.2919192967237905e-05,0.0002519039553590119
TCGA:BRCA:TCGA-A1-A0SI-01,BRCA,BRCA,0.999883770942688,3.331326661282219e-05,2.1710664441343397e-05,6.115938595030457e-05
TCGA:BRCA:TCGA-A1-A0SJ-01,BRCA,BRCA,0.9998961687088013,3.026910599146504e-05,2.743911863944959e-05,4.6072811528574675e-05
TCGA:BRCA:TCGA-A1-A0SK-01,BRCA,BRCA,0.9908902049064636,0.0016137100756168365,0.0031082865316420794,0.004387849476188421
TCGA:BRCA:TCGA-A1-A0SM-01,BRCA,BRCA,0.9996886253356934,6.107617082307115e-05,3.967387237935327e-05,0.00021060279686935246
TCGA:BRCA:TCGA-A1-A0SN-01,BRCA,BRCA,0.9998389482498169,7.214327342808247e-05,4.465108577278443e-05,4.425133010954596e-05
TCGA:BRCA:TCGA-A1-A0SO-01,BRCA,BRCA,0.9995569586753845,7.799440936651081e-05,0.0002587991766631603,0.00010620398097671568
TCGA:BRCA:TCGA-A1-A0SP-01,BRCA,BRCA,0.9922715425491333,0.0002951653441414237,0.0069601587019860744,0.00047318311408162117
TCGA:BRCA:TCGA-A1-A0SQ-01,BRCA,BRCA,0.9998811483383179,4.6398232370847836e-05,2.31752019317355e-05,4.9214624596061185e-05
TCGA:BRCA:TCGA-A2-A04N-01,BRCA,BRCA,0.9998911619186401,4.7473196900682524e-05,2.878110171877779e-05,3.2546395232202485e-05
TCGA:BRCA:TCGA-A2-A04P-01,BRCA,BRCA,0.999321460723877,0.00015383478603325784,0.0004208156606182456,0.00010395540448371321
TCGA:BRCA:TCGA-A2-A04Q-01,BRCA,BRCA,0.9998177886009216,7.420949259540066e-05,4.2159117583651096e-05,6.590742850676179e-05
TCGA:BRCA:TCGA-A2-A04R-01,BRCA,BRCA,0.9999030828475952,4.2872696212725714e-05,2.445903555781115e-05,2.9560402253991924e-05
TCGA:BRCA:TCGA-A2-A04T-01,BRCA,BRCA,0.9996479749679565,0.00018452263611834496,0.00010299272980773821,6.451018271036446e-05
TCGA:BRCA:TCGA-A2-A04U-01,BRCA,BRCA,0.9903408885002136,0.002830997807905078,0.0040868897922337055,0.0027412266936153173
TCGA:BRCA:TCGA-A2-A04V-01,BRCA,BRCA,0.9995812773704529,3.9854206988820806e-05,3.52122588083148e-05,0.0003436832339502871
TCGA:BRCA:TCGA-A2-A04W-01,BRCA,BRCA,0.9973303079605103,9.245028923032805e-05,0.00011950329644605517,0.0024577949661761522
TCGA:BRCA:TCGA-A2-A04X-01,BRCA,BRCA,0.9997108578681946,6.676436896668747e-05,0.00016397263971157372,5.83475484745577e-05
TCGA:BRCA:TCGA-A2-A04Y-01,BRCA,BRCA,0.9998680353164673,3.823522638413124e-05,2.7106605557492003e-05,6.664482498308644e-05
TCGA:BRCA:TCGA-A2-A0CK-01,BRCA,BRCA,0.9999117851257324,2.7088124625151977e-05,2.9156422897358425e-05,3.194833698216826e-05
TCGA:BRCA:TCGA-A2-A0CL-01,BRCA,BRCA,0.9998284578323364,7.491854194086045e-05,5.684194911736995e-05,3.969467798015103e-05
TCGA:BRCA:TCGA-A2-A0CM-01,BRCA,BRCA,0.9995869994163513,0.0003333218046464026,3.820898928097449e-05,4.147609797655605e-05
TCGA:BRCA:TCGA-A2-A0CO-01,BRCA,BRCA,0.9998824596405029,3.43714164046105e-05,3.9734961319481954e-05,4.33964523836039e-05
TCGA:BRCA:TCGA-A2-A0CP-01,BRCA,BRCA,0.999902606010437,4.396729127620347e-05,2.2609554434893653e-05,3.081260365433991e-05
TCGA:BRCA:TCGA-A2-A0CQ-01,BRCA,BRCA,0.9996931552886963,3.247911809012294e-05,2.388360007898882e-05,0.00025049535906873643
TCGA:BRCA:TCGA-A2-A0CR-01,BRCA,BRCA,0.9993396401405334,0.00039580187876708806,0.00010203976125922054,0.00016251028864644468
TCGA:BRCA:TCGA-A2-A0CS-01,BRCA,BRCA,0.9996541738510132,5.375578984967433e-05,4.950808215653524e-05,0.00024250682326965034
TCGA:BRCA:TCGA-A2-A0CT-01,BRCA,BRCA,0.998892605304718,0.00027753019821830094,0.000715837290044874,0.00011409733997425064
TCGA:BRCA:TCGA-A2-A0CU-01,BRCA,BRCA,0.999758780002594,3.1630999728804454e-05,0.00011471694597275928,9.483595931669697e-05
TCGA:BRCA:TCGA-A2-A0CV-01,BRCA,BRCA,0.9998811483383179,3.02591852232581e-05,2.801433038257528e-05,6.0622314776992425e-05
TCGA:BRCA:TCGA-A2-A0CW-01,BRCA,BRCA,0.9998495578765869,5.567006883211434e-05,3.851481596939266e-05,5.627002246910706e-05
TCGA:BRCA:TCGA-A2-A0CX-01,BRCA,BRCA,0.9998599290847778,3.204576205462217e-05,5.2969942771596834e-05,5.5019230785546824e-05
TCGA:BRCA:TCGA-A2-A0CZ-01,BRCA,BRCA,0.9998830556869507,3.898517752531916e-05,5.659136513713747e-05,2.1397918317234144e-05
TCGA:BRCA:TCGA-A2-A0D0-01,BRCA,BRCA,0.9966608285903931,0.0019268449395895004,0.000967642932664603,0.0004447516694199294
TCGA:BRCA:TCGA-A2-A0D1-01,BRCA,BRCA,0.99623042345047,0.0031316494569182396,0.00038539033266715705,0.0002525112358853221
TCGA:BRCA:TCGA-A2-A0D2-01,BRCA,BRCA,0.9998443126678467,7.49268801882863e-05,4.65331831946969e-05,3.424440365051851e-05
TCGA:BRCA:TCGA-A2-A0D3-01,BRCA,BRCA,0.9999194145202637,3.399611887289211e-05,1.842822712205816e-05,2.8113627195125446e-05
TCGA:BRCA:TCGA-A2-A0D4-01,BRCA,BRCA,0.999880313873291,3.163738074363209e-05,4.275412720744498e-05,4.522191738942638e-05
TCGA:BRCA:TCGA-A2-A0EM-01,BRCA,BRCA,0.9999037981033325,2.6517991500440985e-05,2.1595456928480417e-05,4.8124464228749275e-05
TCGA:BRCA:TCGA-A2-A0EN-01,BRCA,BRCA,0.9999135732650757,2.4927394406404346e-05,3.328935781610198e-05,2.8195730919833295e-05
TCGA:BRCA:TCGA-A2-A0EO-01,BRCA,BRCA,0.9999054670333862,2.9173315851949155e-05,2.6189976779278368e-05,3.911057865479961e-05
TCGA:BRCA:TCGA-A2-A0EP-01,BRCA,BRCA,0.999381422996521,0.0001769791851984337,0.00021350185852497816,0.00022804272884968668
TCGA:BRCA:TCGA-A2-A0EQ-01,BRCA,BRCA,0.9996032118797302,9.808572212932631e-05,0.00013024058716837317,0.00016845419304445386
TCGA:BRCA:TCGA-A2-A0ER-01,BRCA,BRCA,0.9999089241027832,2.3738411982776597e-05,4.112063834327273e-05,2.6170491764787585e-05
TCGA:BRCA:TCGA-A2-A0ES-01,BRCA,BRCA,0.9998478889465332,2.7086394766229205e-05,3.393910446902737e-05,9.112090629059821e-05
TCGA:BRCA:TCGA-A2-A0ET-01,BRCA,BRCA,0.999362051486969,8.252386760432273e-05,0.0001314854744123295,0.00042399406083859503
TCGA:BRCA:TCGA-A2-A0EU-01,BRCA,BRCA,0.9994235038757324,0.00023452217283193022,0.00023539067478850484,0.00010662573913577944
TCGA:BRCA:TCGA-A2-A0EV-01,BRCA,BRCA,0.9999040365219116,3.638318958110176e-05,3.91240646422375e-05,2.047091220447328e-05
TCGA:BRCA:TCGA-A2-A0EW-01,BRCA,BRCA,0.9999200105667114,2.71385633823229e-05,2.5232699044863693e-05,2.7638243409455754e-05
TCGA:BRCA:TCGA-A2-A0EX-01,BRCA,BRCA,0.9999136924743652,2.8754095183103345e-05,3.0436369343078695e-05,2.7166954168933444e-05
TCGA:BRCA:TCGA-A2-A0EY-01,BRCA,BRCA,0.9994875192642212,7.799583545420319e-05,9.364473226014525e-05,0.0003408149641472846
TCGA:BRCA:TCGA-A2-A0ST-01,BRCA,BRCA,0.9997335076332092,9.202917135553434e-05,0.0001087526252376847,6.574513099621981e-05
TCGA:BRCA:TCGA-A2-A0SU-01,BRCA,BRCA,0.9998371601104736,7.434091821778566e-05,3.8923652027733624e-05,4.957280543749221e-05
TCGA:BRCA:TCGA-A2-A0SV-01,BRCA,BRCA,0.9997610449790955,3.782412750297226e-05,3.6557335988618433e-05,0.00016461529594380409
TCGA:BRCA:TCGA-A2-A0SW-01,BRCA,BRCA,0.999651312828064,5.194992627366446e-05,3.642443334683776e-05,0.00026036222698166966
TCGA:BRCA:TCGA-A2-A0SX-01,BRCA,BRCA,0.9996322393417358,0.00015588983660563827,0.00010801212192745879,0.00010378710430813953
TCGA:BRCA:TCGA-A2-A0SY-01,BRCA,BRCA,0.9998880624771118,4.320698280935176e-05,3.426710463827476e-05,3.443141758907586e-05
TCGA:BRCA:TCGA-A2-A0T0-01,BRCA,BRCA,0.9992075562477112,0.0002483134448993951,0.0004183224227745086,0.00012584608339238912
TCGA:BRCA:TCGA-A2-A0T1-01,BRCA,BRCA,0.9995976090431213,0.00011497300147311762,3.3439049730077386e-05,0.00025401473976671696
TCGA:BRCA:TCGA-A2-A0T2-01,BRCA,BRCA,0.9996100068092346,0.00022149815049488097,9.39949750318192e-05,7.45805591577664e-05
TCGA:BRCA:TCGA-A2-A0T3-01,BRCA,BRCA,0.9998763799667358,3.473006290732883e-05,4.486332181841135e-05,4.404344144859351e-05
TCGA:BRCA:TCGA-A2-A0T4-01,BRCA,BRCA,0.9998757839202881,5.127209806232713e-05,2.5748968255356885e-05,4.723470192402601e-05
TCGA:BRCA:TCGA-A2-A0T5-01,BRCA,BRCA,0.9998458623886108,4.9318223318550736e-05,5.1396622438915074e-05,5.3346775530371815e-05
TCGA:BRCA:TCGA-A2-A0T6-01,BRCA,BRCA,0.9998103976249695,3.868362546199933e-05,4.2226365621900186e-05,0.00010873869177885354
TCGA:BRCA:TCGA-A2-A0T7-01,BRCA,BRCA,0.9998025298118591,8.910814358387142e-05,4.0668644942343235e-05,6.770655454602093e-05
TCGA:BRCA:TCGA-A2-A0YC-01,BRCA,BRCA,0.9998422861099243,2.750184830802027e-05,2.520615998946596e-05,0.00010496058530407026
TCGA:BRCA:TCGA-A2-A0YD-01,BRCA,BRCA,0.9998924732208252,3.964224742958322e-05,2.9329321478144266e-05,3.849726272164844e-05
TCGA:BRCA:TCGA-A2-A0YE-01,BRCA,BRCA,0.9992881417274475,0.00016078325279522687,0.000194332460523583,0.00035679861321114004
TCGA:BRCA:TCGA-A2-A0YF-01,BRCA,BRCA,0.9997348189353943,4.036227983306162e-05,2.1276608094922267e-05,0.00020351957937236875
TCGA:BRCA:TCGA-A2-A0YG-01,BRCA,BRCA,0.9998940229415894,5.857753785676323e-05,2.8228541850694455e-05,1.9169696315657347e-05
TCGA:BRCA:TCGA-A2-A0YH-01,BRCA,BRCA,0.9999277591705322,2.7479869459057227e-05,1.8371909391134977e-05,2.639174635987729e-05
TCGA:BRCA:TCGA-A2-A0YI-01,BRCA,BRCA,0.9998915195465088,2.4926843252615072e-05,2.201072493335232e-05,6.152027344796807e-05
TCGA:BRCA:TCGA-A2-A0YJ-01,BRCA,BRCA,0.9990181922912598,0.0006626071408390999,0.00025856224237941206,6.0586226027226076e-05
TCGA:BRCA:TCGA-A2-A0YK-01,BRCA,BRCA,0.9998493194580078,8.23309674160555e-05,3.454714169492945e-05,3.381625356269069e-05
TCGA:BRCA:TCGA-A2-A0YL-01,BRCA,BRCA,0.9998922348022461,4.0742172132013366e-05,3.890449443133548e-05,2.809522811730858e-05
TCGA:BRCA:TCGA-A2-A0YM-01,BRCA,BRCA,0.9998655319213867,6.428731285268441e-05,3.0174163839546964e-05,4.0046197682386264e-05
TCGA:BRCA:TCGA-A2-A0YT-01,BRCA,BRCA,0.9999071359634399,3.824824671028182e-05,2.4385721189901233e-05,3.0175591746228747e-05
TCGA:BRCA:TCGA-A2-A1FV-01,BRCA,BRCA,0.9998290538787842,6.899441359564662e-05,5.1420814997982234e-05,5.045910074841231e-05
TCGA:BRCA:TCGA-A2-A1FW-01,BRCA,BRCA,0.9998301267623901,9.634639718569815e-05,3.1031504477141425e-05,4.25256512244232e-05
TCGA:BRCA:TCGA-A2-A1FX-01,BRCA,BRCA,0.9999148845672607,2.821804264385719e-05,2.443861922074575e-05,3.247148924856447e-05
TCGA:BRCA:TCGA-A2-A1FZ-01,BRCA,BRCA,0.9998338222503662,2.9462862585205585e-05,3.677137283375487e-05,9.98855903162621e-05
TCGA:BRCA:TCGA-A2-A1G0-01,BRCA,BRCA,0.9999037981033325,2.6855075702769682e-05,2.519785448384937e-05,4.415791045175865e-05
TCGA:BRCA:TCGA-A2-A1G1-01,BRCA,BRCA,0.9995642304420471,0.00013451426639221609,0.00016984326066449285,0.00013136817142367363
TCGA:BRCA:TCGA-A2-A1G4-01,BRCA,BRCA,0.9998666048049927,3.6683122743852437e-05,3.623646261985414e-05,6.04673259658739e-05
TCGA:BRCA:TCGA-A2-A1G6-01,BRCA,BRCA,0.999736487865448,5.127077383804135e-05,0.00014111051859799773,7.110473234206438e-05
TCGA:BRCA:TCGA-A2-A259-01,BRCA,BRCA,0.9999160766601562,3.314789501018822e-05,2.046218105533626e-05,3.0279841666924767e-05
TCGA:BRCA:TCGA-A2-A25A-01,BRCA,BRCA,0.9999055862426758,2.9173319489927962e-05,1.9383904145797715e-05,4.5903954742243513e-05
TCGA:BRCA:TCGA-A2-A25B-01,BRCA,BRCA,0.9996342658996582,7.626851584063843e-05,3.717704021255486e-05,0.0002523093717172742
TCGA:BRCA:TCGA-A2-A25C-01,BRCA,BRCA,0.9996240139007568,5.28729178768117e-05,3.689220466185361e-05,0.0002862191468011588
TCGA:BRCA:TCGA-A2-A25D-01,BRCA,BRCA,0.9999254941940308,3.1272651540348306e-05,1.7362348444294184e-05,2.5812501917243935e-05
TCGA:BRCA:TCGA-A2-A25E-01,BRCA,BRCA,0.9998917579650879,2.92076583718881e-05,2.462770316924434e-05,5.444316775538027e-05
TCGA:BRCA:TCGA-A2-A25F-01,BRCA,BRCA,0.9994569420814514,0.00010797206778079271,0.0001496319891884923,0.00028544903034344316
TCGA:BRCA:TCGA-A2-A3KC-01,BRCA,BRCA,0.9999006986618042,4.658527177525684e-05,2.284099355165381e-05,2.985733954119496e-05
TCGA:BRCA:TCGA-A2-A3KD-01,BRCA,BRCA,0.9998395442962646,9.186573151964694e-05,2.9664959583897144e-05,3.885198020725511e-05
TCGA:BRCA:TCGA-A2-A3XS-01,BRCA,BRCA,0.999829888343811,0.00010161357204196975,3.32424788211938e-05,3.51731177943293e-05
TCGA:BRCA:TCGA-A2-A3XT-01,BRCA,BRCA,0.9998338222503662,9.215301543008536e-05,2.6389318009023555e-05,4.766408892464824e-05
TCGA:BRCA:TCGA-A2-A3XU-01,BRCA,BRCA,0.9992942810058594,0.0004931184812448919,0.00015249017451424152,6.004860915709287e-05
TCGA:BRCA:TCGA-A2-A3XV-01,BRCA,BRCA,0.9986063838005066,0.0001592693879501894,0.00011432252358645201,0.0011199950240552425
TCGA:BRCA:TCGA-A2-A3XW-01,BRCA,HNSCC,0.4001931846141815,0.5659570693969727,0.029457904398441315,0.00439187977463007
TCGA:BRCA:TCGA-A2-A3XX-01,BRCA,BRCA,0.9997546076774597,9.235096513293684e-05,0.00010704769374569878,4.598096347763203e-05
TCGA:BRCA:TCGA-A2-A3XY-01,BRCA,BRCA,0.9997527003288269,0.00010443200153531507,0.00010085166286444291,4.205466393614188e-05
TCGA:BRCA:TCGA-A2-A3XZ-01,BRCA,BRCA,0.97444748878479,0.0015476599801331758,0.001668054610490799,0.022336849942803383
TCGA:BRCA:TCGA-A2-A3Y0-01,BRCA,BRCA,0.9940714240074158,0.00280026625841856,0.002925087930634618,0.00020316954760346562
TCGA:BRCA:TCGA-A2-A4RW-01,BRCA,BRCA,0.9998939037322998,3.693431062856689e-05,3.9537419070256874e-05,2.965271232824307e-05
TCGA:BRCA:TCGA-A2-A4RX-01,BRCA,BRCA,0.9945098161697388,0.003863364225253463,0.001195825170725584,0.0004309265350457281
TCGA:BRCA:TCGA-A2-A4RY-01,BRCA,BRCA,0.9986357092857361,0.0005169149371795356,0.0003577885509002954,0.0004895177553407848
TCGA:BRCA:TCGA-A2-A4S0-01,BRCA,BRCA,0.9995872378349304,6.695024785585701e-05,3.728664160007611e-05,0.00030848055030219257
TCGA:BRCA:TCGA-A2-A4S1-01,BRCA,BRCA,0.8330340385437012,0.11289310455322266,0.00869112741202116,0.04538172483444214
TCGA:BRCA:TCGA-A2-A4S2-01,BRCA,BRCA,0.9999030828475952,3.649272184702568e-05,2.771555955405347e-05,3.2686384656699374e-05
TCGA:BRCA:TCGA-A2-A4S3-01,BRCA,BRCA,0.9998743534088135,3.47489767591469e-05,4.0993218135554343e-05,4.9841164582176134e-05
TCGA:BRCA:TCGA-A7-A0CD-01,BRCA,BRCA,0.9998227953910828,4.404918581712991e-05,2.269857213832438e-05,0.00011048741725971922
TCGA:BRCA:TCGA-A7-A0CE-01,BRCA,BRCA,0.9996693134307861,4.8773632443044335e-05,9.357373346574605e-05,0.00018829581676982343
TCGA:BRCA:TCGA-A7-A0CG-01,BRCA,BRCA,0.9998852014541626,2.7087404305348173e-05,3.006273618666455e-05,5.7616864069132134e-05
TCGA:BRCA:TCGA-A7-A0CH-01,BRCA,BRCA,0.9998217225074768,4.351996904006228e-05,5.2594372391467914e-05,8.223632903536782e-05
TCGA:BRCA:TCGA-A7-A0CJ-01,BRCA,BRCA,0.9997655749320984,8.771687862463295e-05,8.606147457612678e-05,6.0676091379718855e-05
TCGA:BRCA:TCGA-A7-A0D9-01,BRCA,BRCA,0.9996541738510132,0.0001137018552981317,0.00018132824334315956,5.0815713620977476e-05
TCGA:BRCA:TCGA-A7-A0DA-01,BRCA,BRCA,0.9987276196479797,0.0008606023038737476,0.00022937403991818428,0.0001823341299314052
TCGA:BRCA:TCGA-A7-A0DB-01,BRCA,BRCA,0.9999125003814697,2.7088144634035416e-05,1.9955190509790555e-05,4.0435264963889495e-05
TCGA:BRCA:TCGA-A7-A0DC-01,BRCA,BRCA,0.9997774958610535,5.882221375941299e-05,3.320835094200447e-05,0.000130502536194399
TCGA:BRCA:TCGA-A7-A13D-01,BRCA,BRCA,0.999804675579071,5.0231919885845855e-05,9.740962559590116e-05,4.774130502482876e-05
TCGA:BRCA:TCGA-A7-A13E-01,BRCA,BRCA,0.999819815158844,8.30772623885423e-05,4.598431405611336e-05,5.109803896630183e-05
TCGA:BRCA:TCGA-A7-A13F-01,BRCA,BRCA,0.9998718500137329,3.6895227822242305e-05,1.771346796886064e-05,7.352945249294862e-05
TCGA:BRCA:TCGA-A7-A13G-01,BRCA,BRCA,0.9998830556869507,5.1821178203681484e-05,1.6430560208391398e-05,4.867852112511173e-05
TCGA:BRCA:TCGA-A7-A13H-01,BRCA,BRCA,0.9998518228530884,5.179046274861321e-05,3.7928308302070946e-05,5.839090226800181e-05
TCGA:BRCA:TCGA-A7-A26E-01,BRCA,BRCA,0.9998788833618164,3.38697645929642e-05,4.906183676212095e-05,3.816547541646287e-05
TCGA:BRCA:TCGA-A7-A26F-01,BRCA,BRCA,0.9984238147735596,0.0008857653592713177,0.00028418013243936,0.00040621377411298454
TCGA:BRCA:TCGA-A7-A26G-01,BRCA,BRCA,0.9991600513458252,0.00012839259579777718,8.00472917035222e-05,0.0006314710481092334
TCGA:BRCA:TCGA-A7-A26H-01,BRCA,BRCA,0.9999105930328369,4.339332735980861e-05,2.6443922251928598e-05,1.950743535417132e-05
TCGA:BRCA:TCGA-A7-A26I-01,BRCA,BRCA,0.9993558526039124,5.612821041722782e-05,0.0005022419500164688,8.5790416051168e-05
TCGA:BRCA:TCGA-A7-A26J-01,BRCA,BRCA,0.999906063079834,3.141909110127017e-05,2.3259852241608314e-05,3.925147029804066e-05
TCGA:BRCA:TCGA-A7-A2KD-01,BRCA,BRCA,0.9997795224189758,6.469284562626854e-05,5.357080590329133e-05,0.00010220731928711757
TCGA:BRCA:TCGA-A7-A3IY-01,BRCA,BRCA,0.9998617172241211,4.244826777721755e-05,5.341451469575986e-05,4.240537600708194e-05
TCGA:BRCA:TCGA-A7-A3IZ-01,BRCA,BRCA,0.9996583461761475,2.901355219364632e-05,3.463448229013011e-05,0.00027802176191471517
TCGA:BRCA:TCGA-A7-A3J0-01,BRCA,BRCA,0.9989564418792725,0.00010946828115265816,0.00033287337282672524,0.0006012312951497734
TCGA:BRCA:TCGA-A7-A3J1-01,BRCA,BRCA,0.9999122619628906,3.1709041650174186e-05,1.8650225683813915e-05,3.735949576366693e-05
TCGA:BRCA:TCGA-A7-A3RF-01,BRCA,BRCA,0.9995513558387756,5.842503742314875e-05,0.00014550265041179955,0.00024474802194163203
TCGA:BRCA:TCGA-A7-A425-01,BRCA,BRCA,0.9998351335525513,4.5595581468660384e-05,4.209805774735287e-05,7.712418300798163e-05
TCGA:BRCA:TCGA-A7-A426-01,BRCA,BRCA,0.9999191761016846,2.9214030291768722e-05,2.2861355319037102e-05,2.8795471735065803e-05
TCGA:BRCA:TCGA-A7-A4SA-01,BRCA,BRCA,0.9986880421638489,0.0005359107744880021,0.0003487745125312358,0.00042724903323687613
TCGA:BRCA:TCGA-A7-A4SB-01,BRCA,BRCA,0.9998621940612793,4.2573803511913866e-05,3.129513788735494e-05,6.395127275027335e-05
TCGA:BRCA:TCGA-A7-A4SC-01,BRCA,BRCA,0.9998534917831421,2.6948697268380783e-05,3.7214143958408386e-05,8.235181303462014e-05
TCGA:BRCA:TCGA-A7-A4SD-01,BRCA,BRCA,0.9993422627449036,0.000237422194913961,0.000207008866709657,0.0002132692316081375
TCGA:BRCA:TCGA-A7-A4SE-01,BRCA,BRCA,0.9996371269226074,0.00017916395154315978,0.00014423561515286565,3.943727642763406e-05
TCGA:BRCA:TCGA-A7-A4SF-01,BRCA,BRCA,0.9996854066848755,3.845017999992706e-05,5.496111771208234e-05,0.00022123617236502469
TCGA:BRCA:TCGA-A7-A56D-01,BRCA,BRCA,0.9998605251312256,5.157168197911233e-05,3.388145341887139e-05,5.3951749578118324e-05
TCGA:BRCA:TCGA-A7-A5ZV-01,BRCA,BRCA,0.9965632557868958,0.0017688130028545856,0.001415229169651866,0.00025274569634348154
TCGA:BRCA:TCGA-A7-A5ZW-01,BRCA,BRCA,0.9998675584793091,4.11103101214394e-05,4.362751860753633e-05,4.763838296639733e-05
TCGA:BRCA:TCGA-A7-A5ZX-01,BRCA,BRCA,0.9998190999031067,9.582110214978456e-05,3.8097230572020635e-05,4.6995726734166965e-05
TCGA:BRCA:TCGA-A7-A6VV-01,BRCA,BRCA,0.9990973472595215,0.0004060858045704663,0.00022757169790565968,0.0002689742832444608
TCGA:BRCA:TCGA-A7-A6VW-01,BRCA,BRCA,0.9897221922874451,0.0010848884703591466,0.008554616011679173,0.0006383115542121232
TCGA:BRCA:TCGA-A7-A6VX-01,BRCA,BRCA,0.9996790885925293,6.0670437960652635e-05,6.148326792754233e-05,0.00019879662431776524
TCGA:BRCA:TCGA-A7-A6VY-01,BRCA,BRCA,0.9813377857208252,0.00371177913621068,0.012943915091454983,0.0020065419375896454
TCGA:BRCA:TCGA-A8-A06N-01,BRCA,BRCA,0.9993864297866821,0.00025674502830952406,7.081758667482063e-05,0.0002859590749721974
TCGA:BRCA:TCGA-A8-A06O-01,BRCA,BRCA,0.9997949004173279,5.1466595323290676e-05,1.7975627997657284e-05,0.0001357340661343187
TCGA:BRCA:TCGA-A8-A06P-01,BRCA,BRCA,0.9997913241386414,3.5354030842427164e-05,2.5992663722718135e-05,0.00014730847033206373
TCGA:BRCA:TCGA-A8-A06Q-01,BRCA,BRCA,0.9993919134140015,5.1695347792701796e-05,7.243233994813636e-05,0.00048392804455943406
TCGA:BRCA:TCGA-A8-A06R-01,BRCA,BRCA,0.9997404217720032,0.0001779743324732408,5.2630486607085913e-05,2.9004730095039122e-05
TCGA:BRCA:TCGA-A8-A06T-01,BRCA,BRCA,0.9997158646583557,6.0876744100824e-05,3.096112413913943e-05,0.00019227620214223862
TCGA:BRCA:TCGA-A8-A06U-01,BRCA,BRCA,0.9997586607933044,7.580951933050528e-05,0.00011949030886171386,4.606261063599959e-05
TCGA:BRCA:TCGA-A8-A06X-01,BRCA,BRCA,0.9996569156646729,3.462333916104399e-05,6.549990939674899e-05,0.0002429032902000472
TCGA:BRCA:TCGA-A8-A06Y-01,BRCA,BRCA,0.9997809529304504,2.8838974685641006e-05,3.25114160659723e-05,0.0001577314833411947
TCGA:BRCA:TCGA-A8-A06Z-01,BRCA,BRCA,0.9995654225349426,7.732281665084884e-05,5.360839713830501e-05,0.00030366648570634425
TCGA:BRCA:TCGA-A8-A075-01,BRCA,BRCA,0.9997586607933044,5.0958904466824606e-05,4.546782292891294e-05,0.00014493061462417245
TCGA:BRCA:TCGA-A8-A076-01,BRCA,BRCA,0.9997162222862244,7.392225961666554e-05,3.59510158887133e-05,0.00017390820721630007
TCGA:BRCA:TCGA-A8-A079-01,BRCA,BRCA,0.9998984336853027,4.5952110667712986e-05,2.2802310922998004e-05,3.2770756661193445e-05
TCGA:BRCA:TCGA-A8-A07B-01,BRCA,BRCA,0.9994221925735474,6.166733510326594e-05,8.18797925603576e-05,0.0004343101172707975
TCGA:BRCA:TCGA-A8-A07C-01,BRCA,BRCA,0.9984706044197083,0.0001225683809025213,0.0011827462585642934,0.00022401852766051888
TCGA:BRCA:TCGA-A8-A07E-01,BRCA,BRCA,0.9998477697372437,5.353263986762613e-05,5.358903217711486e-05,4.5102526200935245e-05
TCGA:BRCA:TCGA-A8-A07F-01,BRCA,BRCA,0.9998993873596191,3.468548311502673e-05,3.1830706575419754e-05,3.411121360841207e-05
TCGA:BRCA:TCGA-A8-A07G-01,BRCA,BRCA,0.9998980760574341,2.744859375525266e-05,2.8605021725525148e-05,4.585058195516467e-05
TCGA:BRCA:TCGA-A8-A07I-01,BRCA,BRCA,0.9998931884765625,4.811849066754803e-05,2.2902462660567835e-05,3.5748977097682655e-05
TCGA:BRCA:TCGA-A8-A07J-01,BRCA,BRCA,0.999804675579071,4.026559690828435e-05,4.181971598882228e-05,0.00011327465472277254
TCGA:BRCA:TCGA-A8-A07L-01,BRCA,BRCA,0.9998038411140442,4.453932342585176e-05,2.9289045414770953e-05,0.00012233528832439333
TCGA:BRCA:TCGA-A8-A07O-01,BRCA,BRCA,0.9992483258247375,0.00036378184449858963,0.00011589669156819582,0.00027197584859095514
TCGA:BRCA:TCGA-A8-A07P-01,BRCA,BRCA,0.9999314546585083,2.432262772344984e-05,1.5595784134347923e-05,2.8680715331574902e-05
TCGA:BRCA:TCGA-A8-A07R-01,BRCA,BRCA,0.9993709921836853,8.809648716123775e-05,0.00046392896911129355,7.704281597398221e-05
TCGA:BRCA:TCGA-A8-A07S-01,BRCA,BRCA,0.9998605251312256,3.593292785808444e-05,2.593736098788213e-05,7.756665581837296e-05
TCGA:BRCA:TCGA-A8-A07U-01,BRCA,BRCA,0.9996849298477173,6.988555833231658e-05,0.000194745312910527,5.040700489189476e-05
TCGA:BRCA:TCGA-A8-A07W-01,BRCA,BRCA,0.9997920393943787,6.98418662068434e-05,3.219766585971229e-05,0.00010594081686576828
TCGA:BRCA:TCGA-A8-A07Z-01,BRCA,BRCA,0.9998297691345215,3.7591715226881206e-05,5.398117355071008e-05,7.857271702960134e-05
TCGA:BRCA:TCGA-A8-A081-01,BRCA,BRCA,0.9996243715286255,0.00010772107634693384,0.00012788486492354423,0.00013996892084833235
TCGA:BRCA:TCGA-A8-A082-01,BRCA,BRCA,0.9997150301933289,8.480045653413981e-05,3.160736378049478e-05,0.00016858280287124217
TCGA:BRCA:TCGA-A8-A083-01,BRCA,BRCA,0.9996380805969238,5.941089693806134e-05,3.5851313441526145e-05,0.00026659859577193856
TCGA:BRCA:TCGA-A8-A085-01,BRCA,BRCA,0.999340832233429,0.00017937102529685944,0.0001292424276471138,0.00035052152816206217
TCGA:BRCA:TCGA-A8-A086-01,BRCA,BRCA,0.9999159574508667,3.5054014006163925e-05,1.994884769374039e-05,2.907732232415583e-05
TCGA:BRCA:TCGA-A8-A08A-01,BRCA,BRCA,0.999578058719635,4.771555541083217e-05,4.4339125452097505e-05,0.000329888571286574
TCGA:BRCA:TCGA-A8-A08B-01,BRCA,BRCA,0.9997809529304504,4.4379605242284015e-05,5.093200525152497e-05,0.0001237490214407444
TCGA:BRCA:TCGA-A8-A08C-01,BRCA,BRCA,0.9996448755264282,4.94659980176948e-05,2.8741649657604285e-05,0.00027691564173437655
TCGA:BRCA:TCGA-A8-A08G-01,BRCA,BRCA,0.9997281432151794,6.326063885353506e-05,3.18119018629659e-05,0.00017682577890809625
TCGA:BRCA:TCGA-A8-A08H-01,BRCA,BRCA,0.9996803998947144,3.985945295426063e-05,0.00022836604330223054,5.139762652106583e-05
TCGA:BRCA:TCGA-A8-A08I-01,BRCA,BRCA,0.9996311664581299,0.00010527009726502001,8.531775529263541e-05,0.00017820503853727132
TCGA:BRCA:TCGA-A8-A08J-01,BRCA,BRCA,0.9998363256454468,4.5417789806379005e-05,3.798926263698377e-05,8.02133945398964e-05
TCGA:BRCA:TCGA-A8-A08L-01,BRCA,BRCA,0.9996887445449829,8.947709284257144e-05,5.1083647122140974e-05,0.00017077630036510527
TCGA:BRCA:TCGA-A8-A08O-01,BRCA,BRCA,0.9998281002044678,0.00011899640958290547,2.302953362232074e-05,2.9900162189733237e-05
TCGA:BRCA:TCGA-A8-A08P-01,BRCA,BRCA,0.9998674392700195,6.116020085755736e-05,4.316342528909445e-05,2.8242926418897696e-05
TCGA:BRCA:TCGA-A8-A08R-01,BRCA,BRCA,0.9998041987419128,9.444367606192827e-05,5.469562893267721e-05,4.6737852244405076e-05
TCGA:BRCA:TCGA-A8-A08T-01,BRCA,BRCA,0.9998562335968018,2.6596431780490093e-05,2.8725475203827955e-05,8.839297515805811e-05
TCGA:BRCA:TCGA-A8-A08X-01,BRCA,BRCA,0.9996993541717529,7.14759444235824e-05,0.00017128635954577476,5.7967728935182095e-05
TCGA:BRCA:TCGA-A8-A08Z-01,BRCA,BRCA,0.9997937083244324,6.33893723716028e-05,4.83559888380114e-05,9.455127292312682e-05
TCGA:BRCA:TCGA-A8-A090-01,BRCA,BRCA,0.999862551689148,5.345455792848952e-05,2.6101906769326888e-05,5.786186011391692e-05
TCGA:BRCA:TCGA-A8-A091-01,BRCA,BRCA,0.9998701810836792,5.0927908887388185e-05,3.752732300199568e-05,4.1365732613485307e-05
TCGA:BRCA:TCGA-A8-A092-01,BRCA,BRCA,0.9998800754547119,3.4292428608750924e-05,3.519572419463657e-05,5.0383292546030134e-05
TCGA:BRCA:TCGA-A8-A093-01,BRCA,BRCA,0.9998754262924194,3.7812475056853145e-05,2.230036443506833e-05,6.442967423936352e-05
TCGA:BRCA:TCGA-A8-A094-01,BRCA,BRCA,0.9998308420181274,3.548467066138983e-05,7.679022382944822e-05,5.6842192861950025e-05
TCGA:BRCA:TCGA-A8-A095-01,BRCA,BRCA,0.9998760223388672,2.5531715436954983e-05,3.681117595988326e-05,6.162760109873489e-05
TCGA:BRCA:TCGA-A8-A096-01,BRCA,BRCA,0.9995493292808533,6.709248555125669e-05,4.3620206270134076e-05,0.0003398815752007067
TCGA:BRCA:TCGA-A8-A097-01,BRCA,BRCA,0.9998940229415894,4.150621316512115e-05,3.913934779120609e-05,2.5378385544172488e-05
TCGA:BRCA:TCGA-A8-A099-01,BRCA,BRCA,0.999651312828064,8.430584421148524e-05,3.3530581276863813e-05,0.00023085651628207415
TCGA:BRCA:TCGA-A8-A09A-01,BRCA,BRCA,0.99989914894104,4.0122202335624024e-05,2.6123358111362904e-05,3.458888750174083e-05
TCGA:BRCA:TCGA-A8-A09B-01,BRCA,BRCA,0.9998660087585449,6.273594044614583e-05,3.6947476473869756e-05,3.4255990613019094e-05
TCGA:BRCA:TCGA-A8-A09C-01,BRCA,BRCA,0.9998630285263062,3.519703750498593e-05,3.710244709509425e-05,6.45987456664443e-05
TCGA:BRCA:TCGA-A8-A09D-01,BRCA,BRCA,0.9997511506080627,6.40595899312757e-05,5.101059650769457e-05,0.00013380200834944844
TCGA:BRCA:TCGA-A8-A09G-01,BRCA,BRCA,0.9997782111167908,7.968326099216938e-05,5.618461000267416e-05,8.598601561971009e-05
TCGA:BRCA:TCGA-A8-A09I-01,BRCA,BRCA,0.9998725652694702,3.6711269785882905e-05,4.677738979808055e-05,4.394270945340395e-05
TCGA:BRCA:TCGA-A8-A09M-01,BRCA,BRCA,0.9995699524879456,5.06758333358448e-05,5.958671317785047e-05,0.0003197812184225768
TCGA:BRCA:TCGA-A8-A09N-01,BRCA,BRCA,0.9998362064361572,7.127355638658628e-05,3.112294871243648e-05,6.13597221672535e-05
TCGA:BRCA:TCGA-A8-A09Q-01,BRCA,BRCA,0.9996689558029175,3.5462620871840045e-05,2.8586633561644703e-05,0.0002669986570253968
TCGA:BRCA:TCGA-A8-A09R-01,BRCA,BRCA,0.9995586276054382,0.0002573470410425216,6.939419836271554e-05,0.0001146124122897163
TCGA:BRCA:TCGA-A8-A09T-01,BRCA,BRCA,0.9997720122337341,0.00011608124623307958,4.313831959734671e-05,6.877147097839043e-05
TCGA:BRCA:TCGA-A8-A09V-01,BRCA,BRCA,0.9997994303703308,4.758896102430299e-05,3.9932841900736094e-05,0.00011302608618279919
TCGA:BRCA:TCGA-A8-A09W-01,BRCA,BRCA,0.9997590184211731,3.8052712625358254e-05,2.3544936993857846e-05,0.00017942998965736479
TCGA:BRCA:TCGA-A8-A09X-01,BRCA,BRCA,0.9995751976966858,0.0002598135906737298,4.638129394152202e-05,0.00011859939695568755
TCGA:BRCA:TCGA-A8-A09Z-01,BRCA,BRCA,0.9994508624076843,7.929291314212605e-05,7.389185338979587e-05,0.0003959008608944714
TCGA:BRCA:TCGA-A8-A0A1-01,BRCA,BRCA,0.999771773815155,5.893896013731137e-05,3.0350027373060584e-05,0.00013896693417336792
TCGA:BRCA:TCGA-A8-A0A2-01,BRCA,BRCA,0.9998815059661865,5.250695539871231e-05,2.480442162777763e-05,4.119483128306456e-05
TCGA:BRCA:TCGA-A8-A0A4-01,BRCA,BRCA,0.9998188614845276,5.3725485486211255e-05,6.664815737167373e-05,6.077940633986145e-05
TCGA:BRCA:TCGA-A8-A0A6-01,BRCA,BRCA,0.9997479319572449,0.00010301855218131095,1.4938415006326977e-05,0.00013407775259111077
TCGA:BRCA:TCGA-A8-A0A7-01,BRCA,BRCA,0.9995716214179993,8.14598097349517e-05,0.000280381937045604,6.652044248767197e-05
TCGA:BRCA:TCGA-A8-A0A9-01,BRCA,BRCA,0.9997634291648865,4.0796563553158194e-05,1.5904503015917726e-05,0.00017983301950152963
TCGA:BRCA:TCGA-A8-A0AB-01,BRCA,BRCA,0.9999278783798218,2.6182671717833728e-05,1.6788018911029212e-05,2.914477045123931e-05
TCGA:BRCA:TCGA-A8-A0AD-01,BRCA,BRCA,0.9996697902679443,0.00013472979480866343,2.8364165700622834e-05,0.00016706930182408541
TCGA:BRCA:TCGA-AC-A23C-01,BRCA,BRCA,0.9998476505279541,6.608991679968312e-05,4.2847350414376706e-05,4.344521221355535e-05
TCGA:BRCA:TCGA-AC-A23E-01,BRCA,BRCA,0.9998539686203003,4.977991193300113e-05,6.740426761098206e-05,2.8773361918865703e-05
TCGA:BRCA:TCGA-AC-A23G-01,BRCA,BRCA,0.9998687505722046,5.1094404625473544e-05,3.228605055483058e-05,4.7853682190179825e-05
TCGA:BRCA:TCGA-AC-A23H-01,BRCA,BRCA,0.9997830986976624,5.256651638774201e-05,2.948815563286189e-05,0.00013480546476785094
TCGA:BRCA:TCGA-AC-A2B8-01,BRCA,BRCA,0.9999035596847534,2.7087902708444744e-05,2.725155536609236e-05,4.207697566016577e-05
TCGA:BRCA:TCGA-AC-A2BK-01,BRCA,BRCA,0.9912712574005127,0.001339581678621471,0.0011100084520876408,0.006279139779508114
TCGA:BRCA:TCGA-AC-A2BM-01,BRCA,BRCA,0.9997180104255676,3.306010694359429e-05,3.1202565878629684e-05,0.0002177321439376101
TCGA:BRCA:TCGA-AC-A2FB-01,BRCA,BRCA,0.9999037981033325,2.807018972816877e-05,3.018303141288925e-05,3.7896872527198866e-05
TCGA:BRCA:TCGA-AC-A2FE-01,BRCA,BRCA,0.9998852014541626,3.867774285026826e-05,2.8191087039886042e-05,4.788756632478908e-05
TCGA:BRCA:TCGA-AC-A2FF-01,BRCA,BRCA,0.9999092817306519,2.4927287086029537e-05,3.4324151783948764e-05,3.145049049635418e-05
TCGA:BRCA:TCGA-AC-A2FG-01,BRCA,BRCA,0.9998272061347961,3.545477011357434e-05,5.8258414355805144e-05,7.90738922660239e-05
TCGA:BRCA:TCGA-AC-A2FK-01,BRCA,BRCA,0.999733030796051,4.559092485578731e-05,6.565118383150548e-05,0.00015574759163428098
TCGA:BRCA:TCGA-AC-A2FM-01,BRCA,BRCA,0.9998880624771118,5.196094207349233e-05,2.722165299928747e-05,3.2800089684315026e-05
TCGA:BRCA:TCGA-AC-A2FO-01,BRCA,BRCA,0.9999122619628906,2.7088137358077802e-05,2.608777504065074e-05,3.4601514926180243e-05
TCGA:BRCA:TCGA-AC-A2QH-01,BRCA,BRCA,0.9886490106582642,0.0008852275204844773,0.0009215340251103044,0.009544218890368938
TCGA:BRCA:TCGA-AC-A2QI-01,BRCA,BRCA,0.9999028444290161,2.6572521164780483e-05,2.9840750357834622e-05,4.0705632272874936e-05
TCGA:BRCA:TCGA-AC-A2QJ-01,BRCA,BRCA,0.92061448097229,0.07101476192474365,0.00769967632368207,0.0006710479501634836
TCGA:BRCA:TCGA-AC-A3BB-01,BRCA,BRCA,0.9999107122421265,2.6461331799509935e-05,2.3580332708661444e-05,3.92867841583211e-05
TCGA:BRCA:TCGA-AC-A3EH-01,BRCA,BRCA,0.9998674392700195,3.0062430596444756e-05,3.8441266951849684e-05,6.406087049981579e-05
TCGA:BRCA:TCGA-AC-A3HN-01,BRCA,BRCA,0.9998693466186523,6.73936665407382e-05,2.0857543859165162e-05,4.2410960304550827e-05
TCGA:BRCA:TCGA-AC-A3OD-01,BRCA,BRCA,0.9998900890350342,3.964215284213424e-05,2.9305989301064983e-05,4.0917348087532446e-05
TCGA:BRCA:TCGA-AC-A3QP-01,BRCA,BRCA,0.999923586845398,2.6075558707816526e-05,2.4534529075026512e-05,2.577004852355458e-05
TCGA:BRCA:TCGA-AC-A3QQ-01,BRCA,BRCA,0.9998937845230103,3.0251027055783197e-05,2.8617450880119577e-05,4.736298069474287e-05
TCGA:BRCA:TCGA-AC-A3TM-01,BRCA,BRCA,0.9997923970222473,7.711243233643472e-05,4.348587754066102e-05,8.697826706338674e-05
TCGA:BRCA:TCGA-AC-A3TN-01,BRCA,BRCA,0.99980229139328,4.900206113234162e-05,1.863253055489622e-05,0.00013005723303649575
TCGA:BRCA:TCGA-AC-A3W5-01,BRCA,BRCA,0.9997932314872742,8.346894173882902e-05,3.361497510923073e-05,8.968875772552565e-05
TCGA:BRCA:TCGA-AC-A3W6-01,BRCA,BRCA,0.999805748462677,5.218733349465765e-05,4.814283602172509e-05,9.396926907356828e-05
TCGA:BRCA:TCGA-AC-A3W7-01,BRCA,BRCA,0.9998282194137573,5.482144115376286e-05,2.533009865146596e-05,9.164234506897628e-05
TCGA:BRCA:TCGA-AC-A3YI-01,BRCA,BRCA,0.9997926354408264,8.351794531336054e-05,6.272110476857051e-05,6.11661744187586e-05
TCGA:BRCA:TCGA-AC-A3YJ-01,BRCA,BRCA,0.9997357726097107,5.000544842914678e-05,3.866333281621337e-05,0.00017552684585098177
TCGA:BRCA:TCGA-AC-A4ZE-01,BRCA,BRCA,0.9997616410255432,6.153868162073195e-05,4.909960989607498e-05,0.00012771497131325305
TCGA:BRCA:TCGA-AC-A5EH-01,BRCA,BRCA,0.999771773815155,5.233338015386835e-05,8.915232319850475e-05,8.680683822603896e-05
TCGA:BRCA:TCGA-AC-A5XS-01,BRCA,BRCA,0.9994188547134399,0.00014839592040516436,0.00025577747146598995,0.00017700824537314475
TCGA:BRCA:TCGA-AC-A5XU-01,BRCA,BRCA,0.9997509121894836,0.0001226954482262954,4.9379141273675486e-05,7.702992297708988e-05
TCGA:BRCA:TCGA-AC-A62V-01,BRCA,BRCA,0.9962778687477112,8.591498772148043e-05,6.455842958530411e-05,0.0035715936683118343
TCGA:BRCA:TCGA-AC-A62X-01,BRCA,BRCA,0.9995996356010437,0.00014339879271574318,8.0315483501181e-05,0.00017662893515080214
TCGA:BRCA:TCGA-AC-A62Y-01,BRCA,BRCA,0.9996863603591919,2.645539461809676e-05,2.6677715140976943e-05,0.0002605178742669523
TCGA:BRCA:TCGA-AC-A6IV-01,BRCA,BRCA,0.999792754650116,2.9513366825995035e-05,8.151715155690908e-05,9.626489918446168e-05
TCGA:BRCA:TCGA-AC-A6IW-01,BRCA,BRCA,0.9997202754020691,0.00015659288328606635,6.152557034511119e-05,6.156173185445368e-05
TCGA:BRCA:TCGA-AC-A6IX-01,BRCA,BRCA,0.999847412109375,4.511894439929165e-05,4.405510480864905e-05,6.344490975607187e-05
TCGA:BRCA:TCGA-AC-A6NO-01,BRCA,BRCA,0.9999092817306519,4.2136525735259056e-05,2.1515608750632964e-05,2.705692168092355e-05
TCGA:BRCA:TCGA-AC-A7VB-01,BRCA,BRCA,0.9986978769302368,0.0007870217668823898,6.43828243482858e-05,0.0004507383855525404
TCGA:BRCA:TCGA-AC-A7VC-01,BRCA,BRCA,0.9791431427001953,0.009421770460903645,0.008233731612563133,0.0032013675663620234
TCGA:BRCA:TCGA-AC-A8OP-01,BRCA,BRCA,0.9998831748962402,4.144453123444691e-05,1.9873246856150217e-05,5.550749119720422e-05
TCGA:BRCA:TCGA-AC-A8OQ-01,BRCA,BRCA,0.998928964138031,0.00035895549808628857,0.0003805768792517483,0.0003314570931252092
TCGA:BRCA:TCGA-AC-A8OR-01,BRCA,BRCA,0.9996169805526733,0.00015895449905656278,8.433358743786812e-05,0.0001397390296915546
TCGA:BRCA:TCGA-AC-A8OS-01,BRCA,BRCA,0.9997754693031311,7.181524415500462e-05,9.70508117461577e-05,5.572691952693276e-05
TCGA:BRCA:TCGA-AN-A03X-01,BRCA,BRCA,0.9998494386672974,3.9036171074258164e-05,1.8136513972422108e-05,9.330959437647834e-05
TCGA:BRCA:TCGA-AN-A03Y-01,BRCA,BRCA,0.9997785687446594,2.980078170367051e-05,6.272644532145932e-05,0.00012892410450149328
TCGA:BRCA:TCGA-AN-A041-01,BRCA,BRCA,0.9802671670913696,0.0056611523032188416,0.005743317771703005,0.0083283931016922
TCGA:BRCA:TCGA-AN-A046-01,BRCA,BRCA,0.9998565912246704,7.052636647131294e-05,4.5172269892646e-05,2.7732516173273325e-05
TCGA:BRCA:TCGA-AN-A049-01,BRCA,BRCA,0.9998602867126465,4.2236410081386566e-05,3.487464346108027e-05,6.263675459194928e-05
TCGA:BRCA:TCGA-AN-A04A-01,BRCA,BRCA,0.9997352957725525,0.00012060580047545955,8.42193840071559e-05,5.989148121443577e-05
TCGA:BRCA:TCGA-AN-A04C-01,BRCA,BRCA,0.9998205304145813,4.0614882891532034e-05,6.113696872489527e-05,7.769022340653464e-05
TCGA:BRCA:TCGA-AN-A04D-01,BRCA,BRCA,0.999750554561615,7.488905976060778e-05,0.00010505479440325871,6.95436101523228e-05
TCGA:BRCA:TCGA-AN-A0AJ-01,BRCA,BRCA,0.9992837309837341,0.0003265590639784932,5.040013274992816e-05,0.00033928011544048786
TCGA:BRCA:TCGA-AN-A0AK-01,BRCA,BRCA,0.9988316893577576,0.00029639509739354253,0.00022594915935769677,0.0006460141157731414
TCGA:BRCA:TCGA-AN-A0AL-01,BRCA,BRCA,0.6822437644004822,0.0018202102510258555,0.0041035935282707214,0.3118324279785156
TCGA:BRCA:TCGA-AN-A0AM-01,BRCA,BRCA,0.999853253364563,3.751667100004852e-05,6.924683839315549e-05,3.992128404206596e-05
TCGA:BRCA:TCGA-AN-A0AR-01,BRCA,BRCA,0.9901471734046936,0.0015969445230439305,0.00572629552334547,0.0025296013336628675
TCGA:BRCA:TCGA-AN-A0AS-01,BRCA,BRCA,0.999724805355072,4.970887312083505e-05,5.920168405282311e-05,0.0001663271541474387
TCGA:BRCA:TCGA-AN-A0AT-01,BRCA,BRCA,0.999363124370575,0.00017982411372940987,0.0003868585336022079,7.019725308055058e-05
TCGA:BRCA:TCGA-AN-A0FD-01,BRCA,BRCA,0.999790370464325,8.318453910760581e-05,4.6728382585570216e-05,7.978460780577734e-05
TCGA:BRCA:TCGA-AN-A0FF-01,BRCA,BRCA,0.9997027516365051,3.498559817671776e-05,2.8477614250732586e-05,0.00023377210891339928
TCGA:BRCA:TCGA-AN-A0FJ-01,BRCA,BRCA,0.999036431312561,0.0003272385511081666,0.0003514585841912776,0.00028494521393440664
TCGA:BRCA:TCGA-AN-A0FK-01,BRCA,BRCA,0.9998212456703186,6.238714559003711e-05,2.993547786900308e-05,8.640888700028881e-05
TCGA:BRCA:TCGA-AN-A0FL-01,BRCA,BRCA,0.9926638603210449,0.00038836809108033776,0.0006404127343557775,0.006307375151664019
TCGA:BRCA:TCGA-AN-A0FN-01,BRCA,BRCA,0.9998779296875,5.600970325758681e-05,2.2860762328491546e-05,4.3199208448641e-05
TCGA:BRCA:TCGA-AN-A0FS-01,BRCA,BRCA,0.9999113082885742,2.6461348170414567e-05,2.4584443963249214e-05,3.7692712794523686e-05
TCGA:BRCA:TCGA-AN-A0FT-01,BRCA,BRCA,0.9997634291648865,5.109832636662759e-05,3.228449713787995e-05,0.00015325091953855008
TCGA:BRCA:TCGA-AN-A0FV-01,BRCA,BRCA,0.9975454211235046,0.0007744904141873121,0.000986322876997292,0.000693797308485955
TCGA:BRCA:TCGA-AN-A0FW-01,BRCA,BRCA,0.999886155128479,2.651752220117487e-05,3.629437560448423e-05,5.098032852401957e-05
TCGA:BRCA:TCGA-AN-A0FX-01,BRCA,BRCA,0.9998303651809692,8.43032612465322e-05,3.929247031919658e-05,4.5995016989763826e-05
TCGA:BRCA:TCGA-AN-A0FY-01,BRCA,BRCA,0.9996455907821655,0.00010331801604479551,5.700601468561217e-05,0.00019405355851631612
TCGA:BRCA:TCGA-AN-A0FZ-01,BRCA,BRCA,0.9993103742599487,0.00022962827642913908,0.0002888182643800974,0.00017115555237978697
TCGA:BRCA:TCGA-AN-A0G0-01,BRCA,BRCA,0.9991832375526428,0.00011395793262636289,0.00016279691772069782,0.0005400471854954958
TCGA:BRCA:TCGA-AN-A0XL-01,BRCA,BRCA,0.9998981952667236,4.247658216627315e-05,3.0477927793981507e-05,2.8794755053240806e-05
TCGA:BRCA:TCGA-AN-A0XN-01,BRCA,BRCA,0.9997166991233826,8.074023207882419e-05,5.6106837291736156e-05,0.0001463887601858005
TCGA:BRCA:TCGA-AN-A0XO-01,BRCA,BRCA,0.9997943043708801,5.513048017746769e-05,8.458609954686835e-05,6.597561878152192e-05
TCGA:BRCA:TCGA-AN-A0XP-01,BRCA,BRCA,0.9998520612716675,5.708629032596946e-05,2.143091114703566e-05,6.93790934747085e-05
TCGA:BRCA:TCGA-AN-A0XR-01,BRCA,BRCA,0.9998408555984497,4.281809742678888e-05,4.863373396801762e-05,6.769313768018037e-05
TCGA:BRCA:TCGA-AN-A0XS-01,BRCA,BRCA,0.9998875856399536,6.785000005038455e-05,2.1759165974799544e-05,2.282077184645459e-05
TCGA:BRCA:TCGA-AN-A0XT-01,BRCA,BRCA,0.9998961687088013,3.0259639970608987e-05,3.5331788240000606e-05,3.8227663026191294e-05
TCGA:BRCA:TCGA-AN-A0XU-01,BRCA,BRCA,0.9996114373207092,0.0002183274773415178,8.425489795627072e-05,8.60099753481336e-05
TCGA:BRCA:TCGA-AN-A0XV-01,BRCA,BRCA,0.9999048709869385,3.611413558246568e-05,1.918387715704739e-05,3.9824626583140343e-05
TCGA:BRCA:TCGA-AN-A0XW-01,BRCA,BRCA,0.9998471736907959,6.124482024461031e-05,4.194491702946834e-05,4.961104423273355e-05
TCGA:BRCA:TCGA-AO-A03L-01,BRCA,BRCA,0.9994644522666931,0.00044499861542135477,3.979903704021126e-05,5.072632848168723e-05
TCGA:BRCA:TCGA-AO-A03M-01,BRCA,BRCA,0.9998538494110107,6.350028706947342e-05,2.9046665076748468e-05,5.358593261917122e-05
TCGA:BRCA:TCGA-AO-A03N-01,BRCA,BRCA,0.9991580247879028,2.7535261324374005e-05,4.372371768113226e-05,0.0007707306067459285
TCGA:BRCA:TCGA-AO-A03O-01,BRCA,BRCA,0.9997074007987976,7.968005229486153e-05,0.00014812638983130455,6.480778392869979e-05
TCGA:BRCA:TCGA-AO-A03P-01,BRCA,BRCA,0.9993300437927246,7.673872460145503e-05,3.180302519467659e-05,0.0005614215624518692
TCGA:BRCA:TCGA-AO-A03R-01,BRCA,BRCA,0.9998936653137207,3.7541667552432045e-05,4.674524825531989e-05,2.2045456717023626e-05
TCGA:BRCA:TCGA-AO-A03T-01,BRCA,BRCA,0.9999032020568848,3.7041358154965565e-05,3.102823757217266e-05,2.873411176551599e-05
TCGA:BRCA:TCGA-AO-A03U-01,BRCA,BRCA,0.9987658262252808,0.0001446073001716286,0.00015107354556676,0.0009384803706780076
TCGA:BRCA:TCGA-AO-A03V-01,BRCA,BRCA,0.9998750686645508,3.235696567571722e-05,1.9636274373624474e-05,7.292742520803586e-05
TCGA:BRCA:TCGA-AO-A0J2-01,BRCA,BRCA,0.9987806677818298,0.00011340463242959231,0.0003172973811160773,0.0007886369712650776
TCGA:BRCA:TCGA-AO-A0J3-01,BRCA,BRCA,0.9994937181472778,0.00014418053615372628,0.00012955605052411556,0.0002325453097000718
TCGA:BRCA:TCGA-AO-A0J4-01,BRCA,BRCA,0.9996949434280396,0.00020958189270459116,4.054271994391456e-05,5.4943036957411095e-05
TCGA:BRCA:TCGA-AO-A0J5-01,BRCA,BRCA,0.9997734427452087,5.4738666221965104e-05,2.971523645101115e-05,0.00014205565094016492
TCGA:BRCA:TCGA-AO-A0J6-01,BRCA,BRCA,0.9971024394035339,0.00018902162264566869,0.0023702180478721857,0.00033826797152869403
TCGA:BRCA:TCGA-AO-A0J7-01,BRCA,BRCA,0.9998455047607422,6.19190905126743e-05,4.749299114337191e-05,4.5079545088810846e-05
TCGA:BRCA:TCGA-AO-A0J8-01,BRCA,BRCA,0.9998379945755005,3.1581963412463665e-05,2.4669938284205273e-05,0.0001056958208209835
TCGA:BRCA:TCGA-AO-A0J9-01,BRCA,BRCA,0.9998713731765747,2.9824732337146997e-05,6.384107109624892e-05,3.4956745366798714e-05
TCGA:BRCA:TCGA-AO-A0JA-01,BRCA,BRCA,0.9998012185096741,0.0001505951804574579,2.3391856302623637e-05,2.48115375143243e-05
TCGA:BRCA:TCGA-AO-A0JB-01,BRCA,BRCA,0.9993804693222046,0.00042352318996563554,9.234580647898838e-05,0.00010369241499574855
TCGA:BRCA:TCGA-AO-A0JC-01,BRCA,BRCA,0.9174489974975586,0.0037872481625527143,0.07746057212352753,0.0013031772105023265
TCGA:BRCA:TCGA-AO-A0JD-01,BRCA,BRCA,0.9993566870689392,0.00013851397670805454,0.0002994239330291748,0.00020534075156319886
TCGA:BRCA:TCGA-AO-A0JE-01,BRCA,BRCA,0.9995290040969849,0.0001770910748746246,0.0001537445350550115,0.0001401222252752632
TCGA:BRCA:TCGA-AO-A0JF-01,BRCA,BRCA,0.9994459748268127,8.671948307892308e-05,0.0003988177631981671,6.85017803334631e-05
TCGA:BRCA:TCGA-AO-A0JG-01,BRCA,BRCA,0.9998592138290405,5.564820457948372e-05,2.793203020701185e-05,5.7138931879308075e-05
TCGA:BRCA:TCGA-AO-A0JI-01,BRCA,BRCA,0.9998043179512024,7.78953472035937e-05,7.749715587124228e-05,4.025510133942589e-05
TCGA:BRCA:TCGA-AO-A0JJ-01,BRCA,BRCA,0.9998699426651001,6.678467616438866e-05,2.9478092983481474e-05,3.376210588612594e-05
TCGA:BRCA:TCGA-AO-A0JL-01,BRCA,BRCA,0.9997939467430115,0.00011268600792391226,4.279701897758059e-05,5.052787309978157e-05
TCGA:BRCA:TCGA-AO-A0JM-01,BRCA,BRCA,0.9994233846664429,0.0004339909937698394,2.258092354168184e-05,0.00012003422307316214
TCGA:BRCA:TCGA-AO-A124-01,BRCA,BRCA,0.9976086616516113,0.0007090182043612003,0.0011233360273763537,0.0005589663051068783
TCGA:BRCA:TCGA-AO-A125-01,BRCA,BRCA,0.9995958209037781,8.558364788768813e-05,4.4092346797697246e-05,0.00027448893524706364
TCGA:BRCA:TCGA-AO-A126-01,BRCA,BRCA,0.9997468590736389,5.4618114518234506e-05,2.616412893985398e-05,0.00017230900994036347
TCGA:BRCA:TCGA-AO-A128-01,BRCA,BRCA,0.9894919395446777,0.0013191010802984238,0.0017549318727105856,0.007433985359966755
TCGA:BRCA:TCGA-AO-A129-01,BRCA,BRCA,0.999731719493866,9.607010724721476e-05,0.00010954373283311725,6.264740659389645e-05
TCGA:BRCA:TCGA-AO-A12A-01,BRCA,BRCA,0.9998664855957031,5.119002889841795e-05,3.632219522842206e-05,4.5949549530632794e-05
TCGA:BRCA:TCGA-AO-A12B-01,BRCA,BRCA,0.9995073080062866,0.0002702153869904578,3.65839441656135e-05,0.000185876851901412
TCGA:BRCA:TCGA-AO-A12D-01,BRCA,BRCA,0.9997538924217224,7.034723239485174e-05,0.00012147471716161817,5.431944373412989e-05
TCGA:BRCA:TCGA-AO-A12E-01,BRCA,BRCA,0.9998924732208252,2.8512968128779903e-05,2.9874096071580425e-05,4.90760721731931e-05
TCGA:BRCA:TCGA-AO-A12F-01,BRCA,BRCA,0.9996790885925293,9.218964260071516e-05,0.00015963995247147977,6.909006333444268e-05
TCGA:BRCA:TCGA-AO-A12G-01,BRCA,BRCA,0.9998339414596558,6.712067261105403e-05,5.683271956513636e-05,4.2102103179786354e-05
TCGA:BRCA:TCGA-AO-A12H-01,BRCA,BRCA,0.9991056323051453,6.706820568069816e-05,3.102830669376999e-05,0.000796208216343075
TCGA:BRCA:TCGA-AO-A1KO-01,BRCA,BRCA,0.9988693594932556,0.0002458278613630682,0.0002233970008092001,0.0006613651639781892
TCGA:BRCA:TCGA-AO-A1KP-01,BRCA,BRCA,0.9997997879981995,3.923539770767093e-05,5.29315038875211e-05,0.00010806134378071874
TCGA:BRCA:TCGA-AO-A1KQ-01,BRCA,BRCA,0.999485969543457,5.203945693210699e-05,4.038834958919324e-05,0.0004215614462736994
TCGA:BRCA:TCGA-AO-A1KR-01,BRCA,BRCA,0.9977464079856873,0.0005707801319658756,0.0012080268934369087,0.00047474916209466755
TCGA:BRCA:TCGA-AO-A1KS-01,BRCA,BRCA,0.9998868703842163,3.36522571160458e-05,3.423945963731967e-05,4.522661765804514e-05
TCGA:BRCA:TCGA-AO-A1KT-01,BRCA,BRCA,0.99980229139328,6.164509250083938e-05,7.763851317577064e-05,5.8494068071013317e-05
TCGA:BRCA:TCGA-AQ-A04H-01,BRCA,BRCA,0.9998358488082886,6.64976832922548e-05,4.896852624369785e-05,4.868936230195686e-05
TCGA:BRCA:TCGA-AQ-A04J-01,BRCA,BRCA,0.9998229146003723,3.9639489841647446e-05,9.841773862717673e-05,3.906120400642976e-05
TCGA:BRCA:TCGA-AQ-A04L-01,BRCA,BRCA,0.9996823072433472,4.522064045886509e-05,4.5801578380633146e-05,0.00022668960446026176
TCGA:BRCA:TCGA-AQ-A0Y5-01,BRCA,BRCA,0.9997337460517883,6.794393266318366e-05,9.145890362560749e-05,0.00010686186578823254
TCGA:BRCA:TCGA-AQ-A1H2-01,BRCA,BRCA,0.9996881484985352,5.291832712828182e-05,5.923260687268339e-05,0.00019973606686107814
TCGA:BRCA:TCGA-AQ-A1H3-01,BRCA,BRCA,0.9998452663421631,2.2181951862876303e-05,1.694967068033293e-05,0.0001155193240265362
TCGA:BRCA:TCGA-AQ-A54N-01,BRCA,BRCA,0.9975729584693909,0.001395271741785109,0.00047026178799569607,0.0005614733672700822
TCGA:BRCA:TCGA-AQ-A54O-01,BRCA,BRCA,0.9996260404586792,6.621651846216992e-05,4.9394355301046744e-05,0.000258294545346871
TCGA:BRCA:TCGA-AQ-A7U7-01,BRCA,BRCA,0.999889612197876,4.490354695008136e-05,3.2956602808553725e-05,3.251367888879031e-05
TCGA:BRCA:TCGA-AR-A0TP-01,BRCA,BRCA,0.9973673224449158,0.0011412417516112328,0.000911650073248893,0.0005798573256470263
TCGA:BRCA:TCGA-AR-A0TQ-01,BRCA,BRCA,0.9997063279151917,0.00010891999409068376,6.328942981781438e-05,0.00012142678315285593
TCGA:BRCA:TCGA-AR-A0TR-01,BRCA,BRCA,0.9991273283958435,8.922068809624761e-05,7.858897879486904e-05,0.0007049301057122648
TCGA:BRCA:TCGA-AR-A0TS-01,BRCA,BRCA,0.9997900128364563,7.421804912155494e-05,8.384956163354218e-05,5.1941526180598885e-05
TCGA:BRCA:TCGA-AR-A0TT-01,BRCA,BRCA,0.9994263648986816,9.678460628492758e-05,0.0001527277781860903,0.0003241694357711822
TCGA:BRCA:TCGA-AR-A0TU-01,BRCA,BRCA,0.9993891716003418,0.0001142950204666704,0.00042759464122354984,6.886547635076568e-05
TCGA:BRCA:TCGA-AR-A0TV-01,BRCA,BRCA,0.9992367029190063,0.00012519855226855725,8.137957047438249e-05,0.0005566850304603577
TCGA:BRCA:TCGA-AR-A0TW-01,BRCA,BRCA,0.9997238516807556,6.938965088920668e-05,3.7631420127581805e-05,0.0001691442303126678
TCGA:BRCA:TCGA-AR-A0TX-01,BRCA,BRCA,0.9997919201850891,8.127319597406313e-05,5.7928551541408524e-05,6.894501711940393e-05
TCGA:BRCA:TCGA-AR-A0TY-01,BRCA,BRCA,0.9964950680732727,0.0015578663442283869,0.0010043034562841058,0.0009427366312593222
TCGA:BRCA:TCGA-AR-A0TZ-01,BRCA,BRCA,0.999828577041626,6.967311492189765e-05,3.674632534966804e-05,6.497953290818259e-05
TCGA:BRCA:TCGA-AR-A0U0-01,BRCA,BRCA,0.9990680813789368,0.0004397089942358434,0.00042361070518381894,6.863266025902703e-05
TCGA:BRCA:TCGA-AR-A0U1-01,BRCA,BRCA,0.9729098677635193,0.0016993555473163724,0.012620177119970322,0.012770645320415497
TCGA:BRCA:TCGA-AR-A0U2-01,BRCA,BRCA,0.9946862459182739,0.0006624385714530945,0.0008533488726243377,0.0037979334592819214
TCGA:BRCA:TCGA-AR-A0U3-01,BRCA,BRCA,0.9999097585678101,3.706361894728616e-05,2.2969710698816925e-05,3.0242914363043383e-05
TCGA:BRCA:TCGA-AR-A0U4-01,BRCA,BRCA,0.9993082284927368,9.241128282155842e-05,0.00033831250038929284,0.000261011125985533
TCGA:BRCA:TCGA-AR-A1AH-01,BRCA,BRCA,0.9996378421783447,7.51407933421433e-05,0.00015718952636234462,0.00012979847087990493
TCGA:BRCA:TCGA-AR-A1AI-01,BRCA,BRCA,0.9995617270469666,9.085042984224856e-05,0.00027486777980811894,7.25729187252e-05
TCGA:BRCA:TCGA-AR-A1AJ-01,BRCA,BRCA,0.9997108578681946,0.00012967531802132726,9.933632827596739e-05,6.015579492668621e-05
TCGA:BRCA:TCGA-AR-A1AK-01,BRCA,BRCA,0.9999138116836548,2.6461413654033095e-05,2.2199619706952944e-05,3.7464164051925763e-05
TCGA:BRCA:TCGA-AR-A1AL-01,BRCA,BRCA,0.9998952150344849,3.0100331059657037e-05,3.930851016775705e-05,3.540443867677823e-05
TCGA:BRCA:TCGA-AR-A1AM-01,BRCA,BRCA,0.9998161196708679,3.206762266927399e-05,3.1301511626224965e-05,0.00012054252874804661
TCGA:BRCA:TCGA-AR-A1AN-01,BRCA,BRCA,0.9997238516807556,2.940396370831877e-05,3.404565723030828e-05,0.00021273181482683867
TCGA:BRCA:TCGA-AR-A1AO-01,BRCA,BRCA,0.9997281432151794,4.86530625494197e-05,0.00019531749421730638,2.7915906684938818e-05
TCGA:BRCA:TCGA-AR-A1AP-01,BRCA,BRCA,0.9998739957809448,2.8619722797884606e-05,4.691685171565041e-05,5.045920261181891e-05
TCGA:BRCA:TCGA-AR-A1AQ-01,BRCA,BRCA,0.9996975660324097,8.901605906430632e-05,0.0001544871920486912,5.898535528103821e-05
TCGA:BRCA:TCGA-AR-A1AR-01,BRCA,BRCA,0.99972003698349,7.359321170952171e-05,0.00014464996638707817,6.171913992147893e-05
TCGA:BRCA:TCGA-AR-A1AS-01,BRCA,BRCA,0.9998118281364441,5.8272798924008384e-05,3.13805830955971e-05,9.849006892181933e-05
TCGA:BRCA:TCGA-AR-A1AT-01,BRCA,BRCA,0.999671459197998,5.992290243739262e-05,4.911897485726513e-05,0.00021945597836747766
TCGA:BRCA:TCGA-AR-A1AU-01,BRCA,BRCA,0.9998102784156799,4.0584884118288755e-05,8.086893649306148e-05,6.83279795339331e-05
TCGA:BRCA:TCGA-AR-A1AV-01,BRCA,BRCA,0.9994148015975952,7.91670463513583e-05,4.5446635340340436e-05,0.0004605992289725691
TCGA:BRCA:TCGA-AR-A1AW-01,BRCA,BRCA,0.9997647404670715,8.68859060574323e-05,4.401710975798778e-05,0.00010431480768602341
TCGA:BRCA:TCGA-AR-A1AX-01,BRCA,BRCA,0.9998781681060791,6.0861086240038276e-05,3.718150401255116e-05,2.3764499928802252e-05
TCGA:BRCA:TCGA-AR-A1AY-01,BRCA,BRCA,0.9998754262924194,4.0099523175740615e-05,3.67169086530339e-05,4.77550711366348e-05
TCGA:BRCA:TCGA-AR-A24H-01,BRCA,BRCA,0.9998075366020203,5.346925536287017e-05,5.1664788770722225e-05,8.73501630849205e-05
TCGA:BRCA:TCGA-AR-A24K-01,BRCA,BRCA,0.9997581839561462,5.2526171202771366e-05,3.9947000914253294e-05,0.00014935157378204167
TCGA:BRCA:TCGA-AR-A24L-01,BRCA,BRCA,0.9999244213104248,3.6010151234222576e-05,1.9138968127663247e-05,2.047132875304669e-05
TCGA:BRCA:TCGA-AR-A24M-01,BRCA,BRCA,0.9998152852058411,5.617099304799922e-05,2.6407456971355714e-05,0.00010210877371719107
TCGA:BRCA:TCGA-AR-A24N-01,BRCA,BRCA,0.9997660517692566,7.445049413945526e-05,2.9613060178235173e-05,0.0001298998249694705
TCGA:BRCA:TCGA-AR-A24O-01,BRCA,BRCA,0.9998579025268555,5.104494994156994e-05,3.131219636998139e-05,5.9674406656995416e-05
TCGA:BRCA:TCGA-AR-A24P-01,BRCA,BRCA,0.9999197721481323,3.6835048376815394e-05,1.9212175175198354e-05,2.4149458113242872e-05
TCGA:BRCA:TCGA-AR-A24Q-01,BRCA,BRCA,0.9996429681777954,0.00013078248593956232,0.00017728279635775834,4.901014472125098e-05
TCGA:BRCA:TCGA-AR-A24R-01,BRCA,BRCA,0.9998883008956909,4.393874769448303e-05,2.54963797488017e-05,4.2245043005095795e-05
TCGA:BRCA:TCGA-AR-A24S-01,BRCA,BRCA,0.9998853206634521,3.077477595070377e-05,5.471890472108498e-05,2.919059625128284e-05
TCGA:BRCA:TCGA-AR-A24T-01,BRCA,BRCA,0.999909520149231,3.468583236099221e-05,2.4023562218644656e-05,3.18123638862744e-05
TCGA:BRCA:TCGA-AR-A24U-01,BRCA,BRCA,0.9998005032539368,3.7365367461461574e-05,5.94088742218446e-05,0.00010271024075336754
TCGA:BRCA:TCGA-AR-A24V-01,BRCA,BRCA,0.999775230884552,9.469490760238841e-05,6.07199763180688e-05,6.940247840248048e-05
TCGA:BRCA:TCGA-AR-A24W-01,BRCA,BRCA,0.9998427629470825,3.144518632325344e-05,4.7261168219847605e-05,7.852091948734596e-05
TCGA:BRCA:TCGA-AR-A24X-01,BRCA,BRCA,0.999874472618103,3.647532139439136e-05,2.2040536350687034e-05,6.697663775412366e-05
TCGA:BRCA:TCGA-AR-A24Z-01,BRCA,BRCA,0.9993849992752075,4.9233851314056665e-05,4.8971149226417765e-05,0.0005167835624888539
TCGA:BRCA:TCGA-AR-A250-01,BRCA,BRCA,0.9996305704116821,9.69189204624854e-05,6.391244096448645e-05,0.0002085649175569415
TCGA:BRCA:TCGA-AR-A251-01,BRCA,BRCA,0.999626636505127,6.283957918640226e-05,0.00013191081234253943,0.00017864647088572383
TCGA:BRCA:TCGA-AR-A252-01,BRCA,BRCA,0.9997202754020691,8.921321568777785e-05,7.668044418096542e-05,0.00011375395843060687
TCGA:BRCA:TCGA-AR-A254-01,BRCA,BRCA,0.999427080154419,0.00040336159872822464,6.757580558769405e-05,0.00010206153092440218
TCGA:BRCA:TCGA-AR-A255-01,BRCA,BRCA,0.9998891353607178,4.539325163932517e-05,2.6881125450017862e-05,3.8540263631148264e-05
TCGA:BRCA:TCGA-AR-A256-01,BRCA,BRCA,0.9994056224822998,0.00021191097039263695,0.00014921136607881635,0.00023325863003265113
TCGA:BRCA:TCGA-AR-A2LE-01,BRCA,BRCA,0.9998181462287903,5.1379909564275295e-05,1.9514747691573575e-05,0.00011096885282313451
TCGA:BRCA:TCGA-AR-A2LH-01,BRCA,BRCA,0.9993626475334167,4.558037835522555e-05,0.0001498353376518935,0.00044188828906044364
TCGA:BRCA:TCGA-AR-A2LJ-01,BRCA,BRCA,0.9999063014984131,3.536541771609336e-05,3.366346936672926e-05,2.4635579393361695e-05
TCGA:BRCA:TCGA-AR-A2LK-01,BRCA,BRCA,0.9999065399169922,2.6855148462345824e-05,2.7427944587543607e-05,3.9205177017720416e-05
TCGA:BRCA:TCGA-AR-A2LM-01,BRCA,BRCA,0.9998892545700073,4.074205207871273e-05,3.0086834158282727e-05,3.9913888031151146e-05
TCGA:BRCA:TCGA-AR-A2LN-01,BRCA,BRCA,0.9999037981033325,3.3034320949809626e-05,2.915162986028008e-05,3.3951557270484045e-05
TCGA:BRCA:TCGA-AR-A2LO-01,BRCA,BRCA,0.9998881816864014,4.9964350182563066e-05,2.5689732865430415e-05,3.615764217101969e-05
TCGA:BRCA:TCGA-AR-A2LQ-01,BRCA,BRCA,0.9998272061347961,7.186528091551736e-05,3.90417808375787e-05,6.191310967551544e-05
TCGA:BRCA:TCGA-AR-A5QM-01,BRCA,BRCA,0.9999200105667114,2.6461577363079414e-05,2.5112931325566024e-05,2.842453795892652e-05
TCGA:BRCA:TCGA-AR-A5QN-01,BRCA,BRCA,0.9999037981033325,2.646114990056958e-05,3.283384285168722e-05,3.684180410346016e-05
TCGA:BRCA:TCGA-AR-A5QP-01,BRCA,BRCA,0.9998544454574585,3.865855615003966e-05,3.489240407361649e-05,7.19389645382762e-05
TCGA:BRCA:TCGA-AR-A5QQ-01,BRCA,HNSCC,0.027613747864961624,0.731467604637146,0.23979242146015167,0.0011262723710387945
TCGA:BRCA:TCGA-B6-A0I1-01,BRCA,BRCA,0.9995244741439819,0.00015747595170978457,0.00017642257444094867,0.0001416370942024514
TCGA:BRCA:TCGA-B6-A0I2-01,BRCA,BRCA,0.9980254173278809,0.00031032602419145405,0.0010250783525407314,0.0006392142386175692
TCGA:BRCA:TCGA-B6-A0I5-01,BRCA,BRCA,0.9998410940170288,3.466897760517895e-05,3.9215246943058446e-05,8.503856952302158e-05
TCGA:BRCA:TCGA-B6-A0I6-01,BRCA,BRCA,0.999562680721283,0.00011861453822348267,0.00025596292107366025,6.27696790616028e-05
TCGA:BRCA:TCGA-B6-A0I8-01,BRCA,BRCA,0.9998642206192017,5.5810160120017827e-05,2.0377423425088637e-05,5.959345799055882e-05
TCGA:BRCA:TCGA-B6-A0I9-01,BRCA,BRCA,0.9998676776885986,4.8060031986096874e-05,5.730093835154548e-05,2.6942065233015455e-05
TCGA:BRCA:TCGA-B6-A0IA-01,BRCA,BRCA,0.999705970287323,9.009832865558565e-05,5.5888456699904054e-05,0.00014799486962147057
TCGA:BRCA:TCGA-B6-A0IB-01,BRCA,BRCA,0.9998817443847656,2.2605569029110484e-05,3.1779429264133796e-05,6.388778274413198e-05
TCGA:BRCA:TCGA-B6-A0IC-01,BRCA,BRCA,0.999601423740387,0.00010412841220386326,4.632901618606411e-05,0.00024815654614940286
TCGA:BRCA:TCGA-B6-A0IE-01,BRCA,BRCA,0.9999301433563232,2.8754568120348267e-05,1.8768125300994143e-05,2.2292993890005164e-05
TCGA:BRCA:TCGA-B6-A0IG-01,BRCA,BRCA,0.9998841285705566,4.1120008972939104e-05,4.026315582450479e-05,3.451742304605432e-05
TCGA:BRCA:TCGA-B6-A0IH-01,BRCA,BRCA,0.9997914433479309,3.608979022828862e-05,0.0001203574865940027,5.2080238674534485e-05
TCGA:BRCA:TCGA-B6-A0IJ-01,BRCA,BRCA,0.9994854927062988,0.00013021606719121337,0.0002717515453696251,0.0001125137132476084
TCGA:BRCA:TCGA-B6-A0IK-01,BRCA,BRCA,0.9994553923606873,0.00039550583460368216,8.692539995536208e-05,6.219444912858307e-05
TCGA:BRCA:TCGA-B6-A0IM-01,BRCA,BRCA,0.9997407793998718,3.646387267508544e-05,2.4732011297601275e-05,0.00019799113215412945
TCGA:BRCA:TCGA-B6-A0IN-01,BRCA,BRCA,0.999816358089447,7.312656816793606e-05,6.215938628884032e-05,4.835025902139023e-05
TCGA:BRCA:TCGA-B6-A0IO-01,BRCA,BRCA,0.9998941421508789,2.815071820805315e-05,3.2021103834267706e-05,4.573353726300411e-05
TCGA:BRCA:TCGA-B6-A0IP-01,BRCA,BRCA,0.9999061822891235,2.3186945327324793e-05,3.0132685424177907e-05,4.052754957228899e-05
TCGA:BRCA:TCGA-B6-A0IQ-01,BRCA,BRCA,0.9996919631958008,0.0001836072187870741,8.433098264504224e-05,4.0168248233385384e-05
TCGA:BRCA:TCGA-B6-A0RE-01,BRCA,BRCA,0.9808990955352783,0.0005885944119654596,0.01824166253209114,0.0002706254890654236
TCGA:BRCA:TCGA-B6-A0RG-01,BRCA,BRCA,0.9993915557861328,0.00017825256509240717,0.00033408336457796395,9.60594043135643e-05
TCGA:BRCA:TCGA-B6-A0RH-01,BRCA,BRCA,0.999812662601471,4.020184132969007e-05,9.572147973813117e-05,5.1407954742899165e-05
TCGA:BRCA:TCGA-B6-A0RI-01,BRCA,BRCA,0.9997430443763733,9.724686242407188e-05,0.00011794902820838615,4.178883318672888e-05
TCGA:BRCA:TCGA-B6-A0RL-01,BRCA,BRCA,0.9997028708457947,6.686036795144901e-05,5.5310752941295505e-05,0.00017497289809398353
TCGA:BRCA:TCGA-B6-A0RM-01,BRCA,BRCA,0.9994675517082214,0.00039277589530684054,3.218242636648938e-05,0.00010745056351879612
TCGA:BRCA:TCGA-B6-A0RN-01,BRCA,BRCA,0.999830961227417,4.9853260861709714e-05,2.623116597533226e-05,9.291050810134038e-05
TCGA:BRCA:TCGA-B6-A0RO-01,BRCA,BRCA,0.999842643737793,3.256751369917765e-05,2.420756936771795e-05,0.00010061489592771977
TCGA:BRCA:TCGA-B6-A0RP-01,BRCA,BRCA,0.9996943473815918,0.00010358193685533479,1.90016162378015e-05,0.00018310004088561982
TCGA:BRCA:TCGA-B6-A0RQ-01,BRCA,BRCA,0.9998704195022583,3.61396923835855e-05,4.924747918266803e-05,4.4143933337181807e-05
TCGA:BRCA:TCGA-B6-A0RS-01,BRCA,BRCA,0.9995337724685669,0.00023491114552598447,0.00011015209747711197,0.0001211488270200789
TCGA:BRCA:TCGA-B6-A0RT-01,BRCA,BRCA,0.9996886253356934,0.00015296772471629083,0.00010188340820604935,5.658003283315338e-05
TCGA:BRCA:TCGA-B6-A0RU-01,BRCA,BRCA,0.9998589754104614,4.936385448672809e-05,5.826999040436931e-05,3.342732088640332e-05
TCGA:BRCA:TCGA-B6-A0RV-01,BRCA,BRCA,0.9998959302902222,3.2778862077975646e-05,2.513151594030205e-05,4.6146851673256606e-05
TCGA:BRCA:TCGA-B6-A0WS-01,BRCA,BRCA,0.9998838901519775,5.9710684581659734e-05,2.5309074771939777e-05,3.1038885936141014e-05
TCGA:BRCA:TCGA-B6-A0WT-01,BRCA,BRCA,0.9998598098754883,2.4004299120861106e-05,2.7963684260612354e-05,8.824673568597063e-05
TCGA:BRCA:TCGA-B6-A0WV-01,BRCA,BRCA,0.9998395442962646,7.79054535087198e-05,3.870154614560306e-05,4.3865933548659086e-05
TCGA:BRCA:TCGA-B6-A0WW-01,BRCA,BRCA,0.9999274015426636,2.5845953132375143e-05,2.3349426555796526e-05,2.339148340979591e-05
TCGA:BRCA:TCGA-B6-A0WX-01,BRCA,BRCA,0.9997796416282654,6.0780730564147234e-05,0.0001044256569002755,5.517674799193628e-05
TCGA:BRCA:TCGA-B6-A0WY-01,BRCA,BRCA,0.9997760653495789,8.076982339844108e-05,8.079116378212348e-05,6.239908543648198e-05
TCGA:BRCA:TCGA-B6-A0WZ-01,BRCA,BRCA,0.9998853206634521,4.877547326032072e-05,1.961989255505614e-05,4.6306478907354176e-05
TCGA:BRCA:TCGA-B6-A0X0-01,BRCA,BRCA,0.9998663663864136,5.021251490688883e-05,2.5192419343511574e-05,5.821854210807942e-05
TCGA:BRCA:TCGA-B6-A0X1-01,BRCA,BRCA,0.9959201812744141,0.0001537986972834915,0.003771197982132435,0.00015480612637475133
TCGA:BRCA:TCGA-B6-A0X4-01,BRCA,BRCA,0.9995749592781067,5.911259358981624e-05,9.03569525689818e-05,0.0002755223249550909
TCGA:BRCA:TCGA-B6-A0X5-01,BRCA,BRCA,0.999700665473938,0.00012070644152117893,8.067443559411913e-05,9.800588304642588e-05
TCGA:BRCA:TCGA-B6-A0X7-01,BRCA,BRCA,0.9999208450317383,2.9873634048271924e-05,1.9214008716517128e-05,3.0068109481362626e-05
TCGA:BRCA:TCGA-B6-A1KC-01,BRCA,BRCA,0.9989780187606812,0.0002460668911226094,5.0906342949019745e-05,0.0007250906201079488
TCGA:BRCA:TCGA-B6-A1KF-01,BRCA,BRCA,0.9997801184654236,6.248723366297781e-05,9.056013368535787e-05,6.684086110908538e-05
TCGA:BRCA:TCGA-B6-A1KI-01,BRCA,BRCA,0.999832034111023,3.2955802453216165e-05,3.132273559458554e-05,0.00010370207019150257
TCGA:BRCA:TCGA-B6-A1KN-01,BRCA,BRCA,0.999909520149231,4.130259185330942e-05,2.6109928512596525e-05,2.309596493432764e-05
TCGA:BRCA:TCGA-B6-A2IU-01,BRCA,BRCA,0.9999163150787354,2.875416976166889e-05,2.100684832839761e-05,3.390364145161584e-05
TCGA:BRCA:TCGA-B6-A3ZX-01,BRCA,BRCA,0.9995256662368774,7.70772312534973e-05,0.00030186885851435363,9.541314648231491e-05
TCGA:BRCA:TCGA-B6-A400-01,BRCA,BRCA,0.9993877410888672,0.00046511160326190293,9.670281724538654e-05,5.04314448335208e-05
TCGA:BRCA:TCGA-B6-A401-01,BRCA,BRCA,0.999816358089447,4.915767931379378e-05,3.6687539250124246e-05,9.782615961739793e-05
TCGA:BRCA:TCGA-B6-A402-01,BRCA,BRCA,0.9996838569641113,0.00011214990809094161,9.37237055040896e-05,0.00011023716069757938
TCGA:BRCA:TCGA-B6-A408-01,BRCA,BRCA,0.9998830556869507,5.4829204600537196e-05,2.3697988581261598e-05,3.840786303044297e-05
TCGA:BRCA:TCGA-B6-A409-01,BRCA,BRCA,0.9991956353187561,0.00018978313892148435,0.0005570753710344434,5.7532062783138826e-05
TCGA:BRCA:TCGA-B6-A40B-01,BRCA,BRCA,0.9998618364334106,3.554290742613375e-05,3.595090311137028e-05,6.664200191153213e-05
TCGA:BRCA:TCGA-B6-A40C-01,BRCA,BRCA,0.9998481273651123,4.3772619392257184e-05,4.390355752548203e-05,6.420562567654997e-05
TCGA:BRCA:TCGA-BH-A0AU-01,BRCA,BRCA,0.999855637550354,5.4939191613812e-05,4.1813233110588044e-05,4.754645124194212e-05
TCGA:BRCA:TCGA-BH-A0AV-01,BRCA,BRCA,0.9996559619903564,0.00010465329251019284,9.218197374138981e-05,0.00014723264030180871
TCGA:BRCA:TCGA-BH-A0AW-01,BRCA,BRCA,0.9669000506401062,0.011363562196493149,0.019857225939631462,0.0018791937036439776
TCGA:BRCA:TCGA-BH-A0AY-01,BRCA,BRCA,0.9997332692146301,3.159697007504292e-05,2.290415250172373e-05,0.0002122729638358578
TCGA:BRCA:TCGA-BH-A0AZ-01,BRCA,BRCA,0.9998568296432495,3.290668610134162e-05,2.976832001877483e-05,8.045690628932789e-05
TCGA:BRCA:TCGA-BH-A0B0-01,BRCA,BRCA,0.9997429251670837,4.959357465850189e-05,3.7093672290211543e-05,0.00017032865434885025
TCGA:BRCA:TCGA-BH-A0B1-01,BRCA,BRCA,0.9996600151062012,0.00011881493264809251,0.00015386106679216027,6.727380241500214e-05
TCGA:BRCA:TCGA-BH-A0B2-01,BRCA,BRCA,0.9997102618217468,9.692499588709325e-05,6.40640573692508e-05,0.0001287235354539007
TCGA:BRCA:TCGA-BH-A0B3-01,BRCA,BRCA,0.9921139478683472,0.007513473276048899,0.00028497076709754765,8.757995965424925e-05
TCGA:BRCA:TCGA-BH-A0B4-01,BRCA,BRCA,0.9998164772987366,6.513242260552943e-05,5.099272311781533e-05,6.742231198586524e-05
TCGA:BRCA:TCGA-BH-A0B5-01,BRCA,BRCA,0.9999099969863892,4.437809548107907e-05,2.2728409021510743e-05,2.2865464416099712e-05
TCGA:BRCA:TCGA-BH-A0B7-01,BRCA,BRCA,0.9997623562812805,4.292376615921967e-05,5.2264607802499086e-05,0.0001424188376404345
TCGA:BRCA:TCGA-BH-A0B8-01,BRCA,BRCA,0.9995890259742737,9.177398169413209e-05,0.0002532479993533343,6.600467895623296e-05
TCGA:BRCA:TCGA-BH-A0B9-01,BRCA,BRCA,0.9996694326400757,4.575767889036797e-05,0.00023589585907757282,4.8960893764160573e-05
TCGA:BRCA:TCGA-BH-A0BA-01,BRCA,BRCA,0.9998226761817932,9.580453479429707e-05,3.4977685572812334e-05,4.651921699405648e-05
TCGA:BRCA:TCGA-BH-A0BC-01,BRCA,BRCA,0.9999234676361084,2.596839658508543e-05,2.0053545085829683e-05,3.050926170544699e-05
TCGA:BRCA:TCGA-BH-A0BD-01,BRCA,BRCA,0.9998654127120972,3.244818435632624e-05,6.999542529229075e-05,3.21507832268253e-05
TCGA:BRCA:TCGA-BH-A0BF-01,BRCA,BRCA,0.9998385906219482,8.515197259839624e-05,3.5718603612622246e-05,4.0489154343958944e-05
TCGA:BRCA:TCGA-BH-A0BG-01,BRCA,BRCA,0.9997724890708923,8.82074746186845e-05,8.83517786860466e-05,5.094964581076056e-05
TCGA:BRCA:TCGA-BH-A0BJ-01,BRCA,BRCA,0.9998434782028198,9.590938134351745e-05,2.4191895136027597e-05,3.6410001484910026e-05
TCGA:BRCA:TCGA-BH-A0BL-01,BRCA,BRCA,0.9996556043624878,0.00016315557877533138,0.00013189563469495624,4.932868978357874e-05
TCGA:BRCA:TCGA-BH-A0BM-01,BRCA,BRCA,0.9997648596763611,0.00010594389459583908,4.192754568066448e-05,8.72251475811936e-05
TCGA:BRCA:TCGA-BH-A0BO-01,BRCA,BRCA,0.9998743534088135,3.366322926012799e-05,3.8741520256735384e-05,5.327528197085485e-05
TCGA:BRCA:TCGA-BH-A0BP-01,BRCA,BRCA,0.9999030828475952,4.10811226174701e-05,2.7146128559252247e-05,2.8686796213150956e-05
TCGA:BRCA:TCGA-BH-A0BQ-01,BRCA,BRCA,0.9998970031738281,3.245081825298257e-05,4.7817895392654464e-05,2.2661301045445725e-05
TCGA:BRCA:TCGA-BH-A0BR-01,BRCA,BRCA,0.9998114705085754,3.4566925023682415e-05,0.00010186425788560882,5.20707544637844e-05
TCGA:BRCA:TCGA-BH-A0BS-01,BRCA,BRCA,0.9999128580093384,3.724255657289177e-05,2.1165800717426464e-05,2.876800499507226e-05
TCGA:BRCA:TCGA-BH-A0BT-01,BRCA,BRCA,0.9998509883880615,7.245842425618321e-05,4.022286520921625e-05,3.636121255112812e-05
TCGA:BRCA:TCGA-BH-A0BV-01,BRCA,BRCA,0.999859094619751,2.914059950853698e-05,2.730075539147947e-05,8.44018068164587e-05
TCGA:BRCA:TCGA-BH-A0BW-01,BRCA,BRCA,0.9992795586585999,8.3938728494104e-05,8.13309961813502e-05,0.0005551491631194949
TCGA:BRCA:TCGA-BH-A0BZ-01,BRCA,BRCA,0.999782145023346,0.00014393155288416892,2.3778788090567105e-05,5.0123602704843506e-05
TCGA:BRCA:TCGA-BH-A0C0-01,BRCA,BRCA,0.9994175434112549,0.00020373011648189276,0.00024330851738341153,0.00013544443936552852
TCGA:BRCA:TCGA-BH-A0C1-01,BRCA,BRCA,0.9999319314956665,3.168466719216667e-05,1.5757372239022516e-05,2.0643223251681775e-05
TCGA:BRCA:TCGA-BH-A0C3-01,BRCA,BRCA,0.9997643828392029,6.251152080949396e-05,0.00011799575440818444,5.5078959121601656e-05
TCGA:BRCA:TCGA-BH-A0C7-01,BRCA,BRCA,0.9998670816421509,5.997374319122173e-05,2.5401406674063765e-05,4.748468563775532e-05
TCGA:BRCA:TCGA-BH-A0DD-01,BRCA,BRCA,0.9987516403198242,0.0001995904603973031,0.0002873699413612485,0.0007613413617946208
TCGA:BRCA:TCGA-BH-A0DE-01,BRCA,BRCA,0.9998669624328613,2.7086911359219812e-05,5.2017756388522685e-05,5.3925243264529854e-05
TCGA:BRCA:TCGA-BH-A0DG-01,BRCA,BRCA,0.9998657703399658,4.019899643026292e-05,4.4908647396368906e-05,4.909311610390432e-05
TCGA:BRCA:TCGA-BH-A0DH-01,BRCA,BRCA,0.9998739957809448,5.6128028518287465e-05,2.1486841433215886e-05,4.837158849113621e-05
TCGA:BRCA:TCGA-BH-A0DI-01,BRCA,BRCA,0.9998724460601807,3.854329406749457e-05,6.675886106677353e-05,2.220823080278933e-05
TCGA:BRCA:TCGA-BH-A0DK-01,BRCA,BRCA,0.9992590546607971,0.00011359601921867579,0.0005747733521275222,5.260670150164515e-05
TCGA:BRCA:TCGA-BH-A0DL-01,BRCA,BRCA,0.9331719875335693,0.016267932951450348,0.04929277300834656,0.0012673255987465382
TCGA:BRCA:TCGA-BH-A0DO-01,BRCA,BRCA,0.9997329115867615,7.981000817380846e-05,9.905282058753073e-05,8.821567462291569e-05
TCGA:BRCA:TCGA-BH-A0DP-01,BRCA,BRCA,0.9996476173400879,0.00027644040528684855,2.1048423150205053e-05,5.4856776841916144e-05
TCGA:BRCA:TCGA-BH-A0DQ-01,BRCA,BRCA,0.9998749494552612,6.407717592082918e-05,3.294813723186962e-05,2.8036929506924935e-05
TCGA:BRCA:TCGA-BH-A0DS-01,BRCA,BRCA,0.999809205532074,6.973697600187734e-05,1.7810209101298824e-05,0.00010324981849407777
TCGA:BRCA:TCGA-BH-A0DT-01,BRCA,BRCA,0.9999203681945801,2.708835745579563e-05,2.139847129001282e-05,3.115336221526377e-05
TCGA:BRCA:TCGA-BH-A0DV-01,BRCA,BRCA,0.9994106292724609,0.0005107622710056603,4.300194268580526e-05,3.557931995601393e-05
TCGA:BRCA:TCGA-BH-A0DX-01,BRCA,BRCA,0.9998553991317749,5.9517959016375244e-05,4.5287946704775095e-05,3.9759703213348985e-05
TCGA:BRCA:TCGA-BH-A0DZ-01,BRCA,BRCA,0.9998623132705688,6.301002576947212e-05,4.0185172110795975e-05,3.448136703809723e-05
TCGA:BRCA:TCGA-BH-A0E0-01,BRCA,BRCA,0.9989185333251953,0.0007447763346135616,0.00018231436843052506,0.00015440478455275297
TCGA:BRCA:TCGA-BH-A0E1-01,BRCA,BRCA,0.9993374943733215,0.00026492952019907534,7.157270010793582e-05,0.0003259422373957932
TCGA:BRCA:TCGA-BH-A0E2-01,BRCA,BRCA,0.9995436072349548,0.00019816213170997798,0.00020513996423687786,5.3026407840661705e-05
TCGA:BRCA:TCGA-BH-A0E6-01,BRCA,BRCA,0.9998373985290527,4.827000884688459e-05,7.669872138649225e-05,3.75658055418171e-05
TCGA:BRCA:TCGA-BH-A0E7-01,BRCA,BRCA,0.9997819066047668,4.3433487007860094e-05,2.1991592802805826e-05,0.00015262802480719984
TCGA:BRCA:TCGA-BH-A0E9-01,BRCA,BRCA,0.9997972846031189,0.00010410333925392479,6.343350105453283e-05,3.518559242365882e-05
TCGA:BRCA:TCGA-BH-A0EA-01,BRCA,BRCA,0.999909520149231,2.757279435172677e-05,3.3647527743596584e-05,2.9280634407768957e-05
TCGA:BRCA:TCGA-BH-A0EB-01,BRCA,BRCA,0.9998607635498047,4.587432704283856e-05,2.7586283977143466e-05,6.576109444722533e-05
TCGA:BRCA:TCGA-BH-A0EE-01,BRCA,BRCA,0.8990300893783569,0.007035525050014257,0.007850956171751022,0.08608337491750717
TCGA:BRCA:TCGA-BH-A0EI-01,BRCA,BRCA,0.9998766183853149,3.462586391833611e-05,4.4145512219984084e-05,4.4626583985518664e-05
TCGA:BRCA:TCGA-BH-A0GY-01,BRCA,BRCA,0.996559202671051,0.00027248659171164036,0.0030485300812870264,0.00011981825809925795
TCGA:BRCA:TCGA-BH-A0GZ-01,BRCA,BRCA,0.9994685053825378,0.00021797027147840708,0.00022712362988386303,8.636720303911716e-05
TCGA:BRCA:TCGA-BH-A0H0-01,BRCA,BRCA,0.999695897102356,0.00013940822100266814,3.330350955366157e-05,0.00013140552619006485
TCGA:BRCA:TCGA-BH-A0H3-01,BRCA,BRCA,0.9999130964279175,3.031410597031936e-05,2.8214117264724337e-05,2.8422009563655593e-05
TCGA:BRCA:TCGA-BH-A0H5-01,BRCA,BRCA,0.9998358488082886,6.198124174261466e-05,5.2786821470363066e-05,4.933720629196614e-05
TCGA:BRCA:TCGA-BH-A0H6-01,BRCA,BRCA,0.9997944235801697,9.975770808523521e-05,1.861283089965582e-05,8.722307393327355e-05
TCGA:BRCA:TCGA-BH-A0H7-01,BRCA,BRCA,0.9999145269393921,3.8542926631635055e-05,2.365389264014084e-05,2.330116694793105e-05
TCGA:BRCA:TCGA-BH-A0H9-01,BRCA,BRCA,0.9998313188552856,9.832335490500554e-05,3.962372647947632e-05,3.071421087952331e-05
TCGA:BRCA:TCGA-BH-A0HA-01,BRCA,BRCA,0.9999001026153564,4.54425644420553e-05,2.4679424313944764e-05,2.9741571779595688e-05
TCGA:BRCA:TCGA-BH-A0HB-01,BRCA,BRCA,0.997500479221344,0.0002020856481976807,0.0021678360644727945,0.00012956677528563887
TCGA:BRCA:TCGA-BH-A0HF-01,BRCA,BRCA,0.9893478155136108,0.0005676268483512104,0.009173396043479443,0.0009111477993428707
TCGA:BRCA:TCGA-BH-A0HI-01,BRCA,BRCA,0.999904990196228,3.964274583267979e-05,1.891335159598384e-05,3.6483568692347035e-05
TCGA:BRCA:TCGA-BH-A0HK-01,BRCA,BRCA,0.9985791444778442,0.00037208988214842975,0.0009568050154484808,9.202482760883868e-05
TCGA:BRCA:TCGA-BH-A0HL-01,BRCA,BRCA,0.9994995594024658,0.00011522944259922951,0.0001460684579797089,0.0002391034213360399
TCGA:BRCA:TCGA-BH-A0HN-01,BRCA,BRCA,0.9995419979095459,3.240636578993872e-05,4.407147571328096e-05,0.0003815478412434459
TCGA:BRCA:TCGA-BH-A0HO-01,BRCA,BRCA,0.9998564720153809,5.600988879450597e-05,2.990620123455301e-05,5.762108776252717e-05
TCGA:BRCA:TCGA-BH-A0HP-01,BRCA,BRCA,0.9998464584350586,3.3874737709993497e-05,7.486046524718404e-05,4.475134483072907e-05
TCGA:BRCA:TCGA-BH-A0HQ-01,BRCA,BRCA,0.9999215602874756,2.4927592676249333e-05,2.316325480933301e-05,3.029800245712977e-05
TCGA:BRCA:TCGA-BH-A0HU-01,BRCA,BRCA,0.9998626708984375,3.3116331906057894e-05,1.4494658898911439e-05,8.967514440882951e-05
TCGA:BRCA:TCGA-BH-A0HW-01,BRCA,BRCA,0.9994638562202454,7.895181624917313e-05,4.7958543291315436e-05,0.0004092450544703752
TCGA:BRCA:TCGA-BH-A0HX-01,BRCA,BRCA,0.9990761280059814,0.0002115528186550364,0.0005892033805139363,0.00012304747360758483
TCGA:BRCA:TCGA-BH-A0HY-01,BRCA,BRCA,0.9998288154602051,0.00010489802662050352,2.501863673387561e-05,4.121926394873299e-05
TCGA:BRCA:TCGA-BH-A0RX-01,BRCA,BRCA,0.9997697472572327,4.950398579239845e-05,6.880739238113165e-05,0.00011199878645129502
TCGA:BRCA:TCGA-BH-A0W3-01,BRCA,BRCA,0.9998832941055298,3.5820427001453936e-05,1.920795693877153e-05,6.171838322188705e-05
TCGA:BRCA:TCGA-BH-A0W4-01,BRCA,BRCA,0.999904990196228,5.1286555390106514e-05,2.09495938179316e-05,2.271150515298359e-05
TCGA:BRCA:TCGA-BH-A0W5-01,BRCA,BRCA,0.9999020099639893,3.382474460522644e-05,2.5652043404988945e-05,3.844890306936577e-05
TCGA:BRCA:TCGA-BH-A0W7-01,BRCA,BRCA,0.9999101161956787,4.082629311596975e-05,2.467776539560873e-05,2.434898487990722e-05
TCGA:BRCA:TCGA-BH-A0WA-01,BRCA,BRCA,0.9995332956314087,0.0002388348220847547,0.00012067346688127145,0.00010721768921939656
TCGA:BRCA:TCGA-BH-A18F-01,BRCA,BRCA,0.9999020099639893,5.191352101974189e-05,2.0062718249391764e-05,2.6062267352244817e-05
TCGA:BRCA:TCGA-BH-A18G-01,BRCA,BRCA,0.9976531863212585,0.00020486603898461908,0.0009080620366148651,0.001233903574757278
TCGA:BRCA:TCGA-BH-A18H-01,BRCA,BRCA,0.9998642206192017,4.1954433982027695e-05,2.6411771614220925e-05,6.74369148327969e-05
TCGA:BRCA:TCGA-BH-A18I-01,BRCA,BRCA,0.9999023675918579,3.0972485546953976e-05,2.3709997549303807e-05,4.291966979508288e-05
TCGA:BRCA:TCGA-BH-A18J-01,BRCA,BRCA,0.9998800754547119,2.9624121452798136e-05,3.254510374972597e-05,5.776451143901795e-05
TCGA:BRCA:TCGA-BH-A18K-01,BRCA,BRCA,0.9998401403427124,4.3250180169707164e-05,3.20549079333432e-05,8.451047324342653e-05
TCGA:BRCA:TCGA-BH-A18L-01,BRCA,BRCA,0.9997661709785461,6.672248855466023e-05,6.814269727328792e-05,9.902333840727806e-05
TCGA:BRCA:TCGA-BH-A18M-01,BRCA,BRCA,0.9999151229858398,3.7433288525789976e-05,1.9292816432425752e-05,2.8121014111093245e-05
TCGA:BRCA:TCGA-BH-A18N-01,BRCA,BRCA,0.9997583031654358,4.1315448470413685e-05,7.03393598087132e-05,0.00013009097892791033
TCGA:BRCA:TCGA-BH-A18P-01,BRCA,BRCA,0.999839186668396,6.461839802796021e-05,3.9656129956711084e-05,5.64752881473396e-05
TCGA:BRCA:TCGA-BH-A18Q-01,BRCA,BRCA,0.9998202919960022,0.00011164867464685813,3.960280810133554e-05,2.8475855287979357e-05
TCGA:BRCA:TCGA-BH-A18R-01,BRCA,BRCA,0.9998961687088013,4.7927609557518736e-05,2.848480835382361e-05,2.739521733019501e-05
TCGA:BRCA:TCGA-BH-A18S-01,BRCA,BRCA,0.9996691942214966,3.6703801015391946e-05,5.091368802823126e-05,0.00024317142379004508
TCGA:BRCA:TCGA-BH-A18T-01,BRCA,BRCA,0.9996507167816162,0.0001785758213372901,0.0001102661044569686,6.0379079513950273e-05
TCGA:BRCA:TCGA-BH-A18U-01,BRCA,BRCA,0.9997133612632751,8.8815315393731e-05,4.443102079676464e-05,0.00015331867325585335
TCGA:BRCA:TCGA-BH-A18V-01,BRCA,BRCA,0.9993681311607361,0.00019837198487948626,0.0002352391747990623,0.00019831069221254438
TCGA:BRCA:TCGA-BH-A1EN-01,BRCA,BRCA,0.9958767890930176,0.00013503347872756422,9.263613173970953e-05,0.003895556554198265
TCGA:BRCA:TCGA-BH-A1EO-01,BRCA,BRCA,0.9998736381530762,4.435989467310719e-05,1.7409498468623497e-05,6.457823474192992e-05
TCGA:BRCA:TCGA-BH-A1ES-01,BRCA,BRCA,0.9998533725738525,6.929223309271038e-05,4.7915415052557364e-05,2.9425558750517666e-05
TCGA:BRCA:TCGA-BH-A1ET-01,BRCA,BRCA,0.9998297691345215,4.1375817090738565e-05,2.3996757590794004e-05,0.00010486002429388463
TCGA:BRCA:TCGA-BH-A1EU-01,BRCA,BRCA,0.9998847246170044,3.0958028219174594e-05,4.797086876351386e-05,3.637790723587386e-05
TCGA:BRCA:TCGA-BH-A1EV-01,BRCA,BRCA,0.9997938275337219,6.924991612322628e-05,4.006261588074267e-05,9.687763667898253e-05
TCGA:BRCA:TCGA-BH-A1EW-01,BRCA,BRCA,0.9998908042907715,3.681968883029185e-05,2.9564125725300983e-05,4.283681482775137e-05
TCGA:BRCA:TCGA-BH-A1EX-01,BRCA,BRCA,0.9994764924049377,3.088100129389204e-05,3.860478682327084e-05,0.0004540085792541504
TCGA:BRCA:TCGA-BH-A1EY-01,BRCA,BRCA,0.9992367029190063,3.6631212424254045e-05,1.7969001419260167e-05,0.000708678737282753
TCGA:BRCA:TCGA-BH-A1F0-01,BRCA,BRCA,0.9992307424545288,0.00012189355038572103,0.00039142658351920545,0.0002559140557423234
TCGA:BRCA:TCGA-BH-A1F2-01,BRCA,BRCA,0.9997549653053284,3.953629857278429e-05,5.384864562074654e-05,0.00015160786279011518
TCGA:BRCA:TCGA-BH-A1F5-01,BRCA,BRCA,0.9998905658721924,2.7230938940192573e-05,1.848914871516172e-05,6.370521441567689e-05
TCGA:BRCA:TCGA-BH-A1F6-01,BRCA,BRCA,0.9998077750205994,9.0717279817909e-05,5.150958168087527e-05,5.005218190490268e-05
TCGA:BRCA:TCGA-BH-A1F8-01,BRCA,BRCA,0.9998737573623657,5.65945083508268e-05,2.9037384592811577e-05,4.055441968375817e-05
TCGA:BRCA:TCGA-BH-A1FB-01,BRCA,BRCA,0.9999122619628906,3.1265437428373843e-05,3.16702680720482e-05,2.4737999410717748e-05
TCGA:BRCA:TCGA-BH-A1FC-01,BRCA,BRCA,0.9985583424568176,0.0003960176254622638,0.0007108819554559886,0.00033474015071988106
TCGA:BRCA:TCGA-BH-A1FD-01,BRCA,BRCA,0.9997405409812927,4.1644787415862083e-05,3.066310819122009e-05,0.0001871689164545387
TCGA:BRCA:TCGA-BH-A1FE-01,BRCA,BRCA,0.9999164342880249,3.232323797419667e-05,2.405584746156819e-05,2.7210122425458394e-05
TCGA:BRCA:TCGA-BH-A1FG-01,BRCA,BRCA,0.9998948574066162,4.760539377457462e-05,1.6676518498570658e-05,4.089951835339889e-05
TCGA:BRCA:TCGA-BH-A1FH-01,BRCA,BRCA,0.9998078942298889,0.00010453791037434712,3.235624171793461e-05,5.522115679923445e-05
TCGA:BRCA:TCGA-BH-A1FJ-01,BRCA,BRCA,0.9998683929443359,3.6148303479421884e-05,2.4441842469968833e-05,7.099383947206661e-05
TCGA:BRCA:TCGA-BH-A1FL-01,BRCA,BRCA,0.9998704195022583,7.327496132347733e-05,2.331516589038074e-05,3.301848119008355e-05
TCGA:BRCA:TCGA-BH-A1FM-01,BRCA,BRCA,0.9997664093971252,6.194655725266784e-05,3.561812991392799e-05,0.00013606743596028537
TCGA:BRCA:TCGA-BH-A1FN-01,BRCA,BRCA,0.9998737573623657,3.097924854955636e-05,5.441706525743939e-05,4.084116517333314e-05
TCGA:BRCA:TCGA-BH-A1FR-01,BRCA,BRCA,0.99978107213974,6.042917812010273e-05,4.357326542958617e-05,0.00011494859791127965
TCGA:BRCA:TCGA-BH-A1FU-01,BRCA,BRCA,0.9999151229858398,3.280513919889927e-05,2.1276833649608307e-05,3.084594936808571e-05
TCGA:BRCA:TCGA-BH-A201-01,BRCA,BRCA,0.9998465776443481,7.827158697182313e-05,3.1847030186327174e-05,4.3319392716512084e-05
TCGA:BRCA:TCGA-BH-A202-01,BRCA,BRCA,0.9997124075889587,2.222730290668551e-05,2.277807470818516e-05,0.00024255426251329482
TCGA:BRCA:TCGA-BH-A203-01,BRCA,BRCA,0.9999247789382935,3.2805455703055486e-05,2.18247550947126e-05,2.0582685465342365e-05
TCGA:BRCA:TCGA-BH-A204-01,BRCA,BRCA,0.9982824325561523,0.000337698933435604,3.5504701372701675e-05,0.001344443066045642
TCGA:BRCA:TCGA-BH-A208-01,BRCA,BRCA,0.996987521648407,0.00047080093645490706,0.0015411123167723417,0.0010005530202761292
TCGA:BRCA:TCGA-BH-A209-01,BRCA,BRCA,0.9996763467788696,7.832238770788535e-05,3.4971129935001954e-05,0.0002104122977470979
TCGA:BRCA:TCGA-BH-A28O-01,BRCA,BRCA,0.9998736381530762,3.0204955692170188e-05,4.864752554567531e-05,4.749142681248486e-05
TCGA:BRCA:TCGA-BH-A28Q-01,BRCA,BRCA,0.9998364448547363,2.727010905800853e-05,2.3358485123026185e-05,0.00011291984264971688
TCGA:BRCA:TCGA-BH-A2L8-01,BRCA,BRCA,0.9998536109924316,3.008954990946222e-05,7.241343701025471e-05,4.385186548461206e-05
TCGA:BRCA:TCGA-BH-A42T-01,BRCA,BRCA,0.9998075366020203,3.985289004049264e-05,3.725198985193856e-05,0.00011542147694854066
TCGA:BRCA:TCGA-BH-A42U-01,BRCA,BRCA,0.999884843826294,3.328497041366063e-05,3.939644375350326e-05,4.2493760702200234e-05
TCGA:BRCA:TCGA-BH-A42V-01,BRCA,BRCA,0.9998996257781982,3.296130307717249e-05,3.211918010492809e-05,3.5324832424521446e-05
TCGA:BRCA:TCGA-BH-A5IZ-01,BRCA,BRCA,0.49341246485710144,0.05200731009244919,0.09206224977970123,0.36251798272132874
TCGA:BRCA:TCGA-BH-A5J0-01,BRCA,BRCA,0.999901294708252,3.605164965847507e-05,2.286439121235162e-05,3.982251291745342e-05
TCGA:BRCA:TCGA-BH-A6R8-01,BRCA,BRCA,0.9996242523193359,4.477294351090677e-05,6.859285349491984e-05,0.00026239815633744
TCGA:BRCA:TCGA-BH-A6R9-01,BRCA,BRCA,0.47159111499786377,0.3644173741340637,0.14151203632354736,0.022479435428977013
TCGA:BRCA:TCGA-BH-A8FY-01,BRCA,BRCA,0.9997662901878357,7.17233560862951e-05,5.555681491387077e-05,0.00010639207903295755
TCGA:BRCA:TCGA-BH-A8FZ-01,BRCA,BRCA,0.9997929930686951,3.3474338124506176e-05,4.637016900232993e-05,0.00012721217353828251
TCGA:BRCA:TCGA-BH-A8G0-01,BRCA,BRCA,0.9998169541358948,5.536503522307612e-05,7.080201612552628e-05,5.692070408258587e-05
TCGA:BRCA:TCGA-BH-AB28-01,BRCA,BRCA,0.9998805522918701,3.705574636114761e-05,3.792462666751817e-05,4.442980571184307e-05
TCGA:BRCA:TCGA-C8-A12K-01,BRCA,BRCA,0.9989045858383179,0.0002720142947509885,0.00031408388167619705,0.0005093375220894814
TCGA:BRCA:TCGA-C8-A12L-01,BRCA,BRCA,0.977292537689209,0.000893375079613179,0.02063310518860817,0.0011810052674263716
TCGA:BRCA:TCGA-C8-A12M-01,BRCA,BRCA,0.9994807839393616,0.00011971758067375049,0.00015746230201330036,0.00024204219516832381
TCGA:BRCA:TCGA-C8-A12N-01,BRCA,BRCA,0.9998528957366943,4.957429337082431e-05,2.7099655198981054e-05,7.035956514300779e-05
TCGA:BRCA:TCGA-C8-A12O-01,BRCA,BRCA,0.9995144605636597,2.762194890237879e-05,2.272175879625138e-05,0.00043516411096788943
TCGA:BRCA:TCGA-C8-A12P-01,BRCA,BRCA,0.9994805455207825,0.0001805835636332631,0.00011574908421607688,0.0002231766702607274
TCGA:BRCA:TCGA-C8-A12Q-01,BRCA,BRCA,0.9998410940170288,3.551970803528093e-05,3.869337524520233e-05,8.467771840514615e-05
TCGA:BRCA:TCGA-C8-A12T-01,BRCA,BRCA,0.9997952580451965,9.732393664307892e-05,4.773302862304263e-05,5.974178566248156e-05
TCGA:BRCA:TCGA-C8-A12U-01,BRCA,BRCA,0.997177004814148,0.0004521438095252961,0.00029582224669866264,0.0020750006660819054
TCGA:BRCA:TCGA-C8-A12V-01,BRCA,BRCA,0.9997629523277283,0.00010889209079323336,6.33262752671726e-05,6.484631740022451e-05
TCGA:BRCA:TCGA-C8-A12W-01,BRCA,BRCA,0.9998834133148193,3.112590275122784e-05,1.955768311745487e-05,6.589359691133723e-05
TCGA:BRCA:TCGA-C8-A12X-01,BRCA,BRCA,0.9997270703315735,6.84843398630619e-05,3.806154927588068e-05,0.00016632562619633973
TCGA:BRCA:TCGA-C8-A12Y-01,BRCA,BRCA,0.9997572302818298,8.232174150180072e-05,3.314762216177769e-05,0.00012730350135825574
TCGA:BRCA:TCGA-C8-A12Z-01,BRCA,BRCA,0.9997910857200623,4.281608562450856e-05,2.945500091300346e-05,0.00013662525452673435
TCGA:BRCA:TCGA-C8-A130-01,BRCA,BRCA,0.9999080896377563,3.226423723390326e-05,3.825492603937164e-05,2.135771865141578e-05
TCGA:BRCA:TCGA-C8-A131-01,BRCA,BRCA,0.9995631575584412,0.00011157176049891859,0.00013876130105927587,0.00018654023006092757
TCGA:BRCA:TCGA-C8-A132-01,BRCA,BRCA,0.9998866319656372,3.6482830182649195e-05,4.0774633816909045e-05,3.604589801398106e-05
TCGA:BRCA:TCGA-C8-A133-01,BRCA,BRCA,0.9992984533309937,0.00013911895803175867,8.493050700053573e-05,0.0004774704575538635
TCGA:BRCA:TCGA-C8-A134-01,BRCA,BRCA,0.9998378753662109,6.505038618342951e-05,4.6164688683347777e-05,5.0923543312819675e-05
TCGA:BRCA:TCGA-C8-A135-01,BRCA,BRCA,0.9998884201049805,2.318653423571959e-05,5.068791870144196e-05,3.770084003917873e-05
TCGA:BRCA:TCGA-C8-A137-01,BRCA,BRCA,0.9997338652610779,0.00010442943312227726,9.762992704054341e-05,6.409807974705473e-05
TCGA:BRCA:TCGA-C8-A138-01,BRCA,BRCA,0.9982120990753174,0.00045999776921235025,0.001107314950786531,0.0002206585049862042
TCGA:BRCA:TCGA-C8-A1HE-01,BRCA,BRCA,0.99986732006073,2.9631091820192523e-05,2.4230363123933785e-05,7.880492194090039e-05
TCGA:BRCA:TCGA-C8-A1HF-01,BRCA,BRCA,0.999618649482727,7.332487439271063e-05,0.00010230251791654155,0.0002057541423710063
TCGA:BRCA:TCGA-C8-A1HG-01,BRCA,BRCA,0.9997236132621765,0.00017100031254813075,5.384387623053044e-05,5.148059790371917e-05
TCGA:BRCA:TCGA-C8-A1HI-01,BRCA,BRCA,0.9997568726539612,7.142636604839936e-05,8.676168363308534e-05,8.492184133501723e-05
TCGA:BRCA:TCGA-C8-A1HJ-01,BRCA,BRCA,0.9992762207984924,0.00015510218509007245,0.00046380332787521183,0.00010487814870430157
TCGA:BRCA:TCGA-C8-A1HK-01,BRCA,BRCA,0.9996422529220581,9.680357470642775e-05,9.027621854329482e-05,0.00017064202984329313
TCGA:BRCA:TCGA-C8-A1HL-01,BRCA,BRCA,0.9990034699440002,0.00015698881179559976,9.345131547888741e-05,0.0007460980559699237
TCGA:BRCA:TCGA-C8-A1HM-01,BRCA,BRCA,0.9995260238647461,3.403161827009171e-05,0.00012811188935302198,0.00031186238629743457
TCGA:BRCA:TCGA-C8-A1HN-01,BRCA,BRCA,0.9995138645172119,4.7570465540047735e-05,8.312823047162965e-05,0.0003553919668775052
TCGA:BRCA:TCGA-C8-A1HO-01,BRCA,BRCA,0.9996108412742615,8.358012564713135e-05,3.1961422791937366e-05,0.0002736762398853898
TCGA:BRCA:TCGA-C8-A26V-01,BRCA,BRCA,0.9998262524604797,4.090049333171919e-05,4.30733198300004e-05,8.979245467344299e-05
TCGA:BRCA:TCGA-C8-A26W-01,BRCA,BRCA,0.9997691512107849,5.83638611715287e-05,4.062015432282351e-05,0.00013182095426600426
TCGA:BRCA:TCGA-C8-A26X-01,BRCA,BRCA,0.999634861946106,5.2009349019499496e-05,6.886782648507506e-05,0.00024429598124697804
TCGA:BRCA:TCGA-C8-A26Y-01,BRCA,BRCA,0.9901958107948303,0.00045126184704713523,0.001937858760356903,0.007415095344185829
TCGA:BRCA:TCGA-C8-A26Z-01,BRCA,BRCA,0.9998809099197388,4.828692908631638e-05,2.0742298147524707e-05,5.0062146328855306e-05
TCGA:BRCA:TCGA-C8-A273-01,BRCA,BRCA,0.9997538924217224,5.6724533351371065e-05,8.659990271553397e-05,0.00010272876534145325
TCGA:BRCA:TCGA-C8-A274-01,BRCA,BRCA,0.9995365142822266,4.615173747879453e-05,5.18460146849975e-05,0.0003655259497463703
TCGA:BRCA:TCGA-C8-A275-01,BRCA,BRCA,0.9998637437820435,3.8224345189519227e-05,2.1393036149675027e-05,7.65725490055047e-05
TCGA:BRCA:TCGA-C8-A278-01,BRCA,BRCA,0.9998637437820435,3.5355180443730205e-05,3.699753142427653e-05,6.393027433659881e-05
TCGA:BRCA:TCGA-C8-A27A-01,BRCA,BRCA,0.9977839589118958,0.000553562305867672,0.0004417838645167649,0.0012207574909552932
TCGA:BRCA:TCGA-C8-A27B-01,BRCA,BRCA,0.996932864189148,0.0005214823759160936,0.0018693970050662756,0.000676190888043493
TCGA:BRCA:TCGA-C8-A3M7-01,BRCA,BRCA,0.999880313873291,3.1139581551542506e-05,5.627561768051237e-05,3.2218020351137966e-05
TCGA:BRCA:TCGA-C8-A3M8-01,BRCA,BRCA,0.9998618364334106,2.8392432795953937e-05,2.50233515544096e-05,8.468601299682632e-05
TCGA:BRCA:TCGA-C8-A8HP-01,BRCA,BRCA,0.9997676014900208,0.00011012587492587045,6.177896284498274e-05,6.050956289982423e-05
TCGA:BRCA:TCGA-C8-A8HQ-01,BRCA,BRCA,0.9993754029273987,0.0001645222946535796,0.0001318020949838683,0.00032833099248819053
TCGA:BRCA:TCGA-C8-A8HR-01,BRCA,BRCA,0.9998327493667603,5.660562965204008e-05,6.92970133968629e-05,4.1269853682024404e-05
TCGA:BRCA:TCGA-D8-A13Y-01,BRCA,BRCA,0.9906713962554932,0.0007747662020847201,0.0017869126750156283,0.006766985170543194
TCGA:BRCA:TCGA-D8-A13Z-01,BRCA,BRCA,0.9851318001747131,0.001629095757380128,0.005582788027822971,0.007656312081962824
TCGA:BRCA:TCGA-D8-A140-01,BRCA,BRCA,0.99986732006073,5.026210055802949e-05,2.5258046662202105e-05,5.716250234399922e-05
TCGA:BRCA:TCGA-D8-A141-01,BRCA,BRCA,0.9999253749847412,3.661397931864485e-05,2.0446628695935942e-05,1.751523268467281e-05
TCGA:BRCA:TCGA-D8-A142-01,BRCA,BRCA,0.9998064637184143,6.537234730785713e-05,7.809478847775608e-05,5.0040471251122653e-05
TCGA:BRCA:TCGA-D8-A143-01,BRCA,BRCA,0.9948198199272156,0.00046335646766237915,0.0014639905421063304,0.00325291370972991
TCGA:BRCA:TCGA-D8-A145-01,BRCA,BRCA,0.9998112320899963,4.3957486923318356e-05,9.15808486752212e-05,5.321129356161691e-05
TCGA:BRCA:TCGA-D8-A147-01,BRCA,BRCA,0.9996343851089478,0.0001060261856764555,0.00020943334675393999,5.009531378163956e-05
TCGA:BRCA:TCGA-D8-A1J8-01,BRCA,BRCA,0.9996464252471924,5.8008234191220254e-05,0.00017747913079801947,0.00011808382259914652
TCGA:BRCA:TCGA-D8-A1J9-01,BRCA,BRCA,0.9992983341217041,3.335337896714918e-05,3.639112037490122e-05,0.0006318988744169474
TCGA:BRCA:TCGA-D8-A1JA-01,BRCA,BRCA,0.9986515641212463,9.648617560742423e-05,0.00016849760140758008,0.001083448063582182
TCGA:BRCA:TCGA-D8-A1JB-01,BRCA,BRCA,0.9999037981033325,3.314748755656183e-05,2.674099050636869e-05,3.628345803008415e-05
TCGA:BRCA:TCGA-D8-A1JC-01,BRCA,BRCA,0.9998822212219238,5.728204996557906e-05,3.663740790216252e-05,2.3875158149166964e-05
TCGA:BRCA:TCGA-D8-A1JD-01,BRCA,BRCA,0.9998834133148193,4.2302122892579064e-05,2.829233380907681e-05,4.597070801537484e-05
TCGA:BRCA:TCGA-D8-A1JE-01,BRCA,BRCA,0.999566376209259,5.791426883661188e-05,4.39935211034026e-05,0.00033166701905429363
TCGA:BRCA:TCGA-D8-A1JF-01,BRCA,BRCA,0.9788973331451416,0.00016676633094903082,0.0003802262945100665,0.020555609837174416
TCGA:BRCA:TCGA-D8-A1JG-01,BRCA,BRCA,0.999664306640625,5.593016612692736e-05,0.00010988988651661202,0.00016986706759780645
TCGA:BRCA:TCGA-D8-A1JH-01,BRCA,BRCA,0.9998975992202759,2.963198858196847e-05,4.82767318317201e-05,2.4495200705132447e-05
TCGA:BRCA:TCGA-D8-A1JI-01,BRCA,BRCA,0.9994531273841858,5.7049743190873414e-05,3.646054392447695e-05,0.0004533861647360027
TCGA:BRCA:TCGA-D8-A1JJ-01,BRCA,BRCA,0.9997020363807678,8.60959044075571e-05,5.239729944150895e-05,0.00015942088793963194
TCGA:BRCA:TCGA-D8-A1JK-01,BRCA,BRCA,0.995780348777771,0.00045731273712590337,0.0016536010662093759,0.0021087070927023888
TCGA:BRCA:TCGA-D8-A1JL-01,BRCA,BRCA,0.9997143149375916,8.364100358448923e-05,0.00015595811419188976,4.605644062394276e-05
TCGA:BRCA:TCGA-D8-A1JM-01,BRCA,BRCA,0.9915564060211182,0.002040032995864749,0.0027236249297857285,0.0036799106746912003
TCGA:BRCA:TCGA-D8-A1JN-01,BRCA,BRCA,0.9997121691703796,4.429853652254678e-05,1.7228454453288577e-05,0.00022628597798757255
TCGA:BRCA:TCGA-D8-A1JP-01,BRCA,BRCA,0.9997474551200867,0.00015368709864560515,5.502347994479351e-05,4.378219455247745e-05
TCGA:BRCA:TCGA-D8-A1JS-01,BRCA,BRCA,0.9994569420814514,0.0003839539422187954,3.159570769639686e-05,0.00012747930304612964
TCGA:BRCA:TCGA-D8-A1JT-01,BRCA,BRCA,0.9997268319129944,4.565791095956229e-05,0.0001037784168147482,0.000123732301290147
TCGA:BRCA:TCGA-D8-A1JU-01,BRCA,BRCA,0.9999043941497803,3.85193525289651e-05,2.509434307285119e-05,3.201666913810186e-05
TCGA:BRCA:TCGA-D8-A1X5-01,BRCA,BRCA,0.9996170997619629,6.567162199644372e-05,6.26313776592724e-05,0.0002545648894738406
TCGA:BRCA:TCGA-D8-A1X6-01,BRCA,BRCA,0.999758780002594,2.6416215405333787e-05,4.4170079490868375e-05,0.00017067558655980974
TCGA:BRCA:TCGA-D8-A1X7-01,BRCA,BRCA,0.9996901750564575,3.591467975638807e-05,2.9100434403517283e-05,0.0002448181912768632
TCGA:BRCA:TCGA-D8-A1X8-01,BRCA,BRCA,0.9998742341995239,4.540209920378402e-05,3.562129495549016e-05,4.476945105125196e-05
TCGA:BRCA:TCGA-D8-A1X9-01,BRCA,BRCA,0.9997428059577942,0.00011140274727949873,4.370152237243019e-05,0.00010204267164226621
TCGA:BRCA:TCGA-D8-A1XA-01,BRCA,BRCA,0.999847412109375,4.509364953264594e-05,2.2778000129619613e-05,8.469085150863975e-05
TCGA:BRCA:TCGA-D8-A1XB-01,BRCA,BRCA,0.9998992681503296,3.467211718088947e-05,3.4697419323492795e-05,3.139449472655542e-05
TCGA:BRCA:TCGA-D8-A1XC-01,BRCA,BRCA,0.9991959929466248,7.871717389207333e-05,8.463874110020697e-05,0.0006406154716387391
TCGA:BRCA:TCGA-D8-A1XD-01,BRCA,BRCA,0.99967360496521,7.695942622376606e-05,0.0001655463856877759,8.395133772864938e-05
TCGA:BRCA:TCGA-D8-A1XF-01,BRCA,BRCA,0.9997963309288025,6.924936315044761e-05,2.1760168237960897e-05,0.0001126807983382605
TCGA:BRCA:TCGA-D8-A1XG-01,BRCA,BRCA,0.9997180104255676,0.00010090848081745207,9.476952982367948e-05,8.624076144769788e-05
TCGA:BRCA:TCGA-D8-A1XJ-01,BRCA,BRCA,0.9990880489349365,4.08860832976643e-05,3.8767950172768906e-05,0.0008323268266394734
TCGA:BRCA:TCGA-D8-A1XK-01,BRCA,BRCA,0.9985707998275757,0.00020071782637387514,0.0007763741887174547,0.00045203781337477267
TCGA:BRCA:TCGA-D8-A1XL-01,BRCA,BRCA,0.9997019171714783,4.855440420215018e-05,9.290374146075919e-05,0.0001565710554132238
TCGA:BRCA:TCGA-D8-A1XM-01,BRCA,BRCA,0.9998879432678223,4.984312181477435e-05,3.069065496674739e-05,3.145104710711166e-05
TCGA:BRCA:TCGA-D8-A1XO-01,BRCA,BRCA,0.9998631477355957,2.8567439585458487e-05,3.9743292290950194e-05,6.856214167783037e-05
TCGA:BRCA:TCGA-D8-A1XQ-01,BRCA,BRCA,0.998801589012146,0.00021781133546028286,0.0003111045225523412,0.0006694699986837804
TCGA:BRCA:TCGA-D8-A1XR-01,BRCA,BRCA,0.9996048808097839,5.134200910106301e-05,2.986214167322032e-05,0.00031396435224451125
TCGA:BRCA:TCGA-D8-A1XS-01,BRCA,BRCA,0.9997641444206238,8.561177673982456e-05,4.840766632696614e-05,0.00010178583033848554
TCGA:BRCA:TCGA-D8-A1XT-01,BRCA,BRCA,0.9992523789405823,8.617970888735726e-05,0.00010970370203722268,0.0005517067038454115
TCGA:BRCA:TCGA-D8-A1XU-01,BRCA,BRCA,0.9997422099113464,6.630268762819469e-05,0.00011126752360723913,8.024148701224476e-05
TCGA:BRCA:TCGA-D8-A1XV-01,BRCA,BRCA,0.999836802482605,4.351481766207144e-05,4.3058003939222544e-05,7.659670518478379e-05
TCGA:BRCA:TCGA-D8-A1XW-01,BRCA,BRCA,0.9996098875999451,0.00022027884551789612,5.115263775223866e-05,0.00011873149924213067
TCGA:BRCA:TCGA-D8-A1XY-01,BRCA,BRCA,0.9998847246170044,3.923682379536331e-05,2.5375753466505557e-05,5.065250297775492e-05
TCGA:BRCA:TCGA-D8-A1XZ-01,BRCA,BRCA,0.9997785687446594,5.228829104453325e-05,5.222141044214368e-05,0.0001169519528048113
TCGA:BRCA:TCGA-D8-A1Y0-01,BRCA,BRCA,0.9999039173126221,3.1419021979672834e-05,2.108285298163537e-05,4.359841113910079e-05
TCGA:BRCA:TCGA-D8-A1Y1-01,BRCA,BRCA,0.9996755123138428,5.2834457164863124e-05,4.1245108150178567e-05,0.00023046505521051586
TCGA:BRCA:TCGA-D8-A1Y2-01,BRCA,BRCA,0.9997426867485046,2.7973077521892264e-05,3.4526197850937024e-05,0.00019476399756968021
TCGA:BRCA:TCGA-D8-A1Y3-01,BRCA,BRCA,0.9993915557861328,0.00012919501750729978,0.00010899810877162963,0.0003702500252984464
TCGA:BRCA:TCGA-D8-A27E-01,BRCA,BRCA,0.9993745684623718,6.394342926796526e-05,4.605562935466878e-05,0.0005154201644472778
TCGA:BRCA:TCGA-D8-A27F-01,BRCA,BRCA,0.9997832179069519,7.56292647565715e-05,4.176684160484001e-05,9.942739416146651e-05
TCGA:BRCA:TCGA-D8-A27G-01,BRCA,BRCA,0.9996588230133057,0.00015280817751772702,1.6215133655350655e-05,0.0001722077577142045
TCGA:BRCA:TCGA-D8-A27H-01,BRCA,BRCA,0.999204695224762,0.00041792687261477113,0.0002199559676228091,0.0001574330817675218
TCGA:BRCA:TCGA-D8-A27I-01,BRCA,BRCA,0.9999098777770996,3.851956353173591e-05,2.7883037546416745e-05,2.370120091654826e-05
TCGA:BRCA:TCGA-D8-A27K-01,BRCA,BRCA,0.9998562335968018,6.604581722058356e-05,2.2257825548877008e-05,5.547217733692378e-05
TCGA:BRCA:TCGA-D8-A27L-01,BRCA,BRCA,0.9999221563339233,3.313406341476366e-05,2.1719657524954528e-05,2.2940725102671422e-05
TCGA:BRCA:TCGA-D8-A27M-01,BRCA,BRCA,0.9997637867927551,5.68897849007044e-05,9.859754936769605e-05,8.072563650785014e-05
TCGA:BRCA:TCGA-D8-A27N-01,BRCA,BRCA,0.9998457431793213,4.402672129799612e-05,3.9173341065179557e-05,7.106769044185057e-05
TCGA:BRCA:TCGA-D8-A27P-01,BRCA,BRCA,0.9998908042907715,5.323420919012278e-05,2.6248702852171846e-05,2.972728543682024e-05
TCGA:BRCA:TCGA-D8-A27R-01,BRCA,BRCA,0.9999176263809204,2.7574700652621686e-05,1.9262695786892436e-05,3.557720992830582e-05
TCGA:BRCA:TCGA-D8-A27T-01,BRCA,BRCA,0.9998158812522888,3.354544242029078e-05,2.4030363420024514e-05,0.00012656139733735472
TCGA:BRCA:TCGA-D8-A27V-01,BRCA,BRCA,0.9998773336410522,5.075033550383523e-05,2.371899245190434e-05,4.8134483222384006e-05
TCGA:BRCA:TCGA-D8-A27W-01,BRCA,BRCA,0.9997484087944031,5.422934555099346e-05,6.928561924723908e-05,0.00012809653708245605
TCGA:BRCA:TCGA-D8-A3Z5-01,BRCA,BRCA,0.9998428821563721,4.087669003638439e-05,6.142019992694259e-05,5.4754738812334836e-05
TCGA:BRCA:TCGA-D8-A3Z6-01,BRCA,BRCA,0.9998749494552612,3.6733068554895e-05,2.545265124354046e-05,6.280696106841788e-05
TCGA:BRCA:TCGA-D8-A4Z1-01,BRCA,BRCA,0.9998340606689453,3.6265984817873687e-05,7.125634147087112e-05,5.834160401718691e-05
TCGA:BRCA:TCGA-D8-A73U-01,BRCA,BRCA,0.9993804693222046,5.767285983893089e-05,9.928341751219705e-05,0.00046253998880274594
TCGA:BRCA:TCGA-D8-A73W-01,BRCA,BRCA,0.9994932413101196,7.062590884743258e-05,5.240459358901717e-05,0.00038368566310964525
TCGA:BRCA:TCGA-D8-A73X-01,BRCA,BRCA,0.9998570680618286,4.85723176097963e-05,4.987296779290773e-05,4.4414442527340725e-05
TCGA:BRCA:TCGA-E2-A105-01,BRCA,BRCA,0.9998917579650879,5.550309651880525e-05,2.4801434847177006e-05,2.7882690119440667e-05
TCGA:BRCA:TCGA-E2-A107-01,BRCA,BRCA,0.9999030828475952,3.9642669435124844e-05,1.89376460184576e-05,3.8321479223668575e-05
TCGA:BRCA:TCGA-E2-A108-01,BRCA,BRCA,0.9998513460159302,5.3422365454025567e-05,4.128802174818702e-05,5.3919775382382795e-05
TCGA:BRCA:TCGA-E2-A109-01,BRCA,BRCA,0.999876856803894,3.7062396586406976e-05,3.315000867587514e-05,5.289521868689917e-05
TCGA:BRCA:TCGA-E2-A10A-01,BRCA,BRCA,0.999529242515564,5.06602373206988e-05,4.8382076784037054e-05,0.0003717131039593369
TCGA:BRCA:TCGA-E2-A10B-01,BRCA,BRCA,0.9998847246170044,2.7977239369647577e-05,2.1440850105136633e-05,6.582339847227558e-05
TCGA:BRCA:TCGA-E2-A10C-01,BRCA,BRCA,0.9997355341911316,7.786474452586845e-05,2.5965993700083345e-05,0.0001605790457688272
TCGA:BRCA:TCGA-E2-A10E-01,BRCA,BRCA,0.9999123811721802,3.2172687497222796e-05,2.5112618459388614e-05,3.0293624149635434e-05
TCGA:BRCA:TCGA-E2-A10F-01,BRCA,BRCA,0.9998853206634521,4.047869151690975e-05,3.434739846852608e-05,3.981951886089519e-05
TCGA:BRCA:TCGA-E2-A14N-01,BRCA,BRCA,0.9996402263641357,6.068469156161882e-05,0.0002315440942766145,6.748916348442435e-05
TCGA:BRCA:TCGA-E2-A14O-01,BRCA,BRCA,0.9996740818023682,3.216029654140584e-05,6.294056947808713e-05,0.00023077196965459734
TCGA:BRCA:TCGA-E2-A14P-01,BRCA,BRCA,0.9810721278190613,0.007461417932063341,0.008574421517550945,0.0028920588083565235
TCGA:BRCA:TCGA-E2-A14Q-01,BRCA,BRCA,0.9999020099639893,3.0313769457279705e-05,1.9907918613171205e-05,4.777364665642381e-05
TCGA:BRCA:TCGA-E2-A14R-01,BRCA,BRCA,0.9992647767066956,0.00024046948237810284,0.00030329416040331125,0.00019140912627335638
TCGA:BRCA:TCGA-E2-A14S-01,BRCA,BRCA,0.9998912811279297,4.245980380801484e-05,2.9281496608746238e-05,3.697918509715237e-05
TCGA:BRCA:TCGA-E2-A14T-01,BRCA,BRCA,0.9997990727424622,3.456451668171212e-05,4.479127892409451e-05,0.00012161050108261406
TCGA:BRCA:TCGA-E2-A14U-01,BRCA,BRCA,0.9997926354408264,4.9242233217228204e-05,9.640003554522991e-05,6.175811722641811e-05
TCGA:BRCA:TCGA-E2-A14V-01,BRCA,BRCA,0.9998039603233337,8.294658618979156e-05,5.659082671627402e-05,5.656077337334864e-05
TCGA:BRCA:TCGA-E2-A14W-01,BRCA,BRCA,0.999037504196167,0.00018727235146798193,7.084073877194896e-05,0.0007044457015581429
TCGA:BRCA:TCGA-E2-A14X-01,BRCA,BRCA,0.9995545744895935,0.00022676464868709445,0.00011450750025687739,0.00010414816642878577
TCGA:BRCA:TCGA-E2-A14Y-01,BRCA,BRCA,0.9796058535575867,0.005792641546577215,0.013273191638290882,0.0013283239677548409
TCGA:BRCA:TCGA-E2-A14Z-01,BRCA,BRCA,0.9998655319213867,6.021653098287061e-05,2.8665097488556057e-05,4.555107079795562e-05
TCGA:BRCA:TCGA-E2-A150-01,BRCA,BRCA,0.9985238909721375,0.000338877784088254,0.0009491892997175455,0.000188052435987629
TCGA:BRCA:TCGA-E2-A152-01,BRCA,BRCA,0.9997743964195251,6.0760590713471174e-05,6.631317228311673e-05,9.851588401943445e-05
TCGA:BRCA:TCGA-E2-A153-01,BRCA,BRCA,0.9998030066490173,3.675488187582232e-05,2.2000614990247414e-05,0.00013830621901433915
TCGA:BRCA:TCGA-E2-A154-01,BRCA,BRCA,0.9998774528503418,3.505798304104246e-05,3.136612576781772e-05,5.6114520702976733e-05
TCGA:BRCA:TCGA-E2-A155-01,BRCA,BRCA,0.9997314810752869,5.691432306775823e-05,4.096516568097286e-05,0.0001706344773992896
TCGA:BRCA:TCGA-E2-A156-01,BRCA,BRCA,0.9997708201408386,3.447127164690755e-05,4.506955519900657e-05,0.00014959606050979346
TCGA:BRCA:TCGA-E2-A158-01,BRCA,BRCA,0.999238133430481,0.00016975287871900946,0.00039189093513414264,0.00020023230172228068
TCGA:BRCA:TCGA-E2-A159-01,BRCA,BRCA,0.9988303780555725,0.000269814336206764,0.0002936985401902348,0.0006060572923161089
TCGA:BRCA:TCGA-E2-A15A-01,BRCA,BRCA,0.9998849630355835,3.583671787055209e-05,2.8136315449955873e-05,5.102433351567015e-05
TCGA:BRCA:TCGA-E2-A15C-01,BRCA,BRCA,0.9998602867126465,8.398935460718349e-05,1.811171750887297e-05,3.7624566175509244e-05
TCGA:BRCA:TCGA-E2-A15D-01,BRCA,BRCA,0.9998394250869751,2.9555025321315043e-05,4.0840619476512074e-05,9.012849477585405e-05
TCGA:BRCA:TCGA-E2-A15E-01,BRCA,BRCA,0.9998805522918701,3.613034277805127e-05,3.7133009755052626e-05,4.6157409087754786e-05
TCGA:BRCA:TCGA-E2-A15F-01,BRCA,BRCA,0.9998828172683716,2.492662679287605e-05,4.038847328047268e-05,5.1865907153114676e-05
TCGA:BRCA:TCGA-E2-A15G-01,BRCA,BRCA,0.9998255372047424,3.245880361646414e-05,3.188996925018728e-05,0.00011009602167177945
TCGA:BRCA:TCGA-E2-A15H-01,BRCA,BRCA,0.9999043941497803,2.65794042206835e-05,2.233304076071363e-05,4.6635894250357524e-05
TCGA:BRCA:TCGA-E2-A15I-01,BRCA,BRCA,0.9998481273651123,3.451462907833047e-05,3.662435119622387e-05,8.072782657109201e-05
TCGA:BRCA:TCGA-E2-A15J-01,BRCA,BRCA,0.9998059868812561,3.0155337299220264e-05,3.4317559766350314e-05,0.0001295080583076924
TCGA:BRCA:TCGA-E2-A15K-01,BRCA,BRCA,0.9997767806053162,2.5956764147849753e-05,2.6429417630424723e-05,0.00017078661767300218
TCGA:BRCA:TCGA-E2-A15L-01,BRCA,BRCA,0.9998669624328613,2.982562546094414e-05,2.8599086363101378e-05,7.464855298167095e-05
TCGA:BRCA:TCGA-E2-A15M-01,BRCA,BRCA,0.9998181462287903,3.8541198591701686e-05,5.199844963499345e-05,9.139058965956792e-05
TCGA:BRCA:TCGA-E2-A15O-01,BRCA,BRCA,0.9999076128005981,4.7367746446980163e-05,2.1056468540336937e-05,2.3995489755179733e-05
TCGA:BRCA:TCGA-E2-A15P-01,BRCA,BRCA,0.9998952150344849,4.137852374697104e-05,2.2539270503330044e-05,4.084204192622565e-05
TCGA:BRCA:TCGA-E2-A15R-01,BRCA,BRCA,0.9998742341995239,4.3358944822102785e-05,4.2259478505002335e-05,4.016216553281993e-05
TCGA:BRCA:TCGA-E2-A15S-01,BRCA,BRCA,0.9998252987861633,5.4229585657594725e-05,4.766440542880446e-05,7.289250061148778e-05
TCGA:BRCA:TCGA-E2-A15T-01,BRCA,BRCA,0.9998331069946289,5.672426777891815e-05,3.931806350010447e-05,7.077461486915126e-05
TCGA:BRCA:TCGA-E2-A1AZ-01,BRCA,BRCA,0.9997666478157043,0.00012142600462539122,7.675746746826917e-05,3.522722181514837e-05
TCGA:BRCA:TCGA-E2-A1B0-01,BRCA,BRCA,0.999790608882904,9.438197594136e-05,5.4878328228369355e-05,6.0105823649792e-05
TCGA:BRCA:TCGA-E2-A1B1-01,BRCA,BRCA,0.9998464584350586,2.989791755680926e-05,4.434709990164265e-05,7.927325350465253e-05
TCGA:BRCA:TCGA-E2-A1B4-01,BRCA,BRCA,0.9997972846031189,8.27405383461155e-05,4.6673168981214985e-05,7.32912594685331e-05
TCGA:BRCA:TCGA-E2-A1B5-01,BRCA,BRCA,0.9998729228973389,4.16598777519539e-05,5.8119738241657615e-05,2.7264653908787295e-05
TCGA:BRCA:TCGA-E2-A1B6-01,BRCA,BRCA,0.9990377426147461,0.0007280755089595914,0.0001587671140441671,7.545375410700217e-05
TCGA:BRCA:TCGA-E2-A1BC-01,BRCA,BRCA,0.9998863935470581,4.112716487725265e-05,3.438807470956817e-05,3.8093690818641335e-05
TCGA:BRCA:TCGA-E2-A1BD-01,BRCA,BRCA,0.9999189376831055,3.4686159779084846e-05,1.7597380065126345e-05,2.8812770324293524e-05
TCGA:BRCA:TCGA-E2-A1IE-01,BRCA,BRCA,0.9998810291290283,3.907811696990393e-05,3.3340380468871444e-05,4.6572895371355116e-05
TCGA:BRCA:TCGA-E2-A1IF-01,BRCA,BRCA,0.9999105930328369,2.7272131774225272e-05,2.6591435016598552e-05,3.555545481503941e-05
TCGA:BRCA:TCGA-E2-A1IG-01,BRCA,BRCA,0.9994502663612366,0.00019304943270981312,0.00018950464436784387,0.00016720601706765592
TCGA:BRCA:TCGA-E2-A1IH-01,BRCA,BRCA,0.9998297691345215,3.174264566041529e-05,4.522200470091775e-05,9.328071610070765e-05
TCGA:BRCA:TCGA-E2-A1II-01,BRCA,BRCA,0.8610795140266418,0.030938653275370598,0.06509049981832504,0.04289138689637184
TCGA:BRCA:TCGA-E2-A1IJ-01,BRCA,BRCA,0.9998809099197388,3.705254493979737e-05,3.596884198486805e-05,4.599808744387701e-05
TCGA:BRCA:TCGA-E2-A1IK-01,BRCA,BRCA,0.9998365640640259,6.284174742177129e-05,3.489883602014743e-05,6.56757692922838e-05
TCGA:BRCA:TCGA-E2-A1IL-01,BRCA,BRCA,0.9998347759246826,7.097256457200274e-05,6.265332194743678e-05,3.152660792693496e-05
TCGA:BRCA:TCGA-E2-A1IN-01,BRCA,BRCA,0.9998189806938171,5.978532135486603e-05,5.2427414630074054e-05,6.877672421978787e-05
TCGA:BRCA:TCGA-E2-A1IO-01,BRCA,BRCA,0.9998952150344849,4.855966835748404e-05,2.2089561753091402e-05,3.410385033930652e-05
TCGA:BRCA:TCGA-E2-A1IU-01,BRCA,BRCA,0.9999240636825562,2.7088457500212826e-05,1.573508416186087e-05,3.305598147562705e-05
TCGA:BRCA:TCGA-E2-A1L6-01,BRCA,BRCA,0.9998483657836914,4.659589831135236e-05,2.6413998057250865e-05,7.857312448322773e-05
TCGA:BRCA:TCGA-E2-A1L7-01,BRCA,BRCA,0.999848484992981,5.708134995074943e-05,4.9528476665727794e-05,4.492277730605565e-05
TCGA:BRCA:TCGA-E2-A1L8-01,BRCA,BRCA,0.9998076558113098,6.256611959543079e-05,4.3489151721587405e-05,8.627662464277819e-05
TCGA:BRCA:TCGA-E2-A1L9-01,BRCA,BRCA,0.9999216794967651,2.6032919777208008e-05,3.2112784538185224e-05,2.0173663870082237e-05
TCGA:BRCA:TCGA-E2-A1LA-01,BRCA,BRCA,0.999881386756897,6.206367106642574e-05,2.396561103523709e-05,3.261829260736704e-05
TCGA:BRCA:TCGA-E2-A1LB-01,BRCA,BRCA,0.9935488104820251,0.00025861564790830016,0.00024720499641261995,0.005945324432104826
TCGA:BRCA:TCGA-E2-A1LE-01,BRCA,BRCA,0.9996806383132935,8.245740173151717e-05,8.614054240752012e-05,0.00015080394223332405
TCGA:BRCA:TCGA-E2-A1LG-01,BRCA,BRCA,0.9719281792640686,0.015252752229571342,0.006188901606947184,0.006630214862525463
TCGA:BRCA:TCGA-E2-A1LH-01,BRCA,BRCA,0.9995177984237671,0.0001034960150718689,0.000300157000310719,7.85571028245613e-05
TCGA:BRCA:TCGA-E2-A1LI-01,BRCA,BRCA,0.9997113347053528,0.00010056973405880854,0.00012151114788139239,6.650887371506542e-05
TCGA:BRCA:TCGA-E2-A1LK-01,BRCA,BRCA,0.9985544085502625,0.000765462638810277,0.0004409956163726747,0.00023915336350910366
TCGA:BRCA:TCGA-E2-A1LL-01,BRCA,BRCA,0.4089573323726654,0.2753955125808716,0.30906498432159424,0.006582196336239576
TCGA:BRCA:TCGA-E2-A1LS-01,BRCA,BRCA,0.9998098015785217,4.908128175884485e-05,6.042791937943548e-05,8.076607628026977e-05
TCGA:BRCA:TCGA-E2-A2P5-01,BRCA,BRCA,0.9999103546142578,3.654129250207916e-05,2.6248564608977176e-05,2.6814228476723656e-05
TCGA:BRCA:TCGA-E2-A2P6-01,BRCA,BRCA,0.9986534118652344,9.628146653994918e-05,0.00013718276750296354,0.0011130539933219552
TCGA:BRCA:TCGA-E2-A3DX-01,BRCA,BRCA,0.999896764755249,3.800170452450402e-05,3.281385943409987e-05,3.236248448956758e-05
TCGA:BRCA:TCGA-E2-A56Z-01,BRCA,BRCA,0.9997391104698181,5.5392574722645804e-05,7.804843335179612e-05,0.0001274140231544152
TCGA:BRCA:TCGA-E2-A570-01,BRCA,BRCA,0.999895453453064,3.6476089007919654e-05,3.720772292581387e-05,3.083351839450188e-05
TCGA:BRCA:TCGA-E2-A573-01,BRCA,BRCA,0.9994975328445435,0.00012345536379143596,0.00021065936016384512,0.00016839141608215868
TCGA:BRCA:TCGA-E2-A574-01,BRCA,BRCA,0.8020801544189453,0.1378719061613083,0.034781452268362045,0.025266513228416443
TCGA:BRCA:TCGA-E2-A576-01,BRCA,BRCA,0.9998512268066406,3.888153514708392e-05,3.6666438973043114e-05,7.315694529097527e-05
TCGA:BRCA:TCGA-E2-A9RU-01,BRCA,BRCA,0.9998267292976379,0.00010494473099242896,2.717658571782522e-05,4.120330049772747e-05
TCGA:BRCA:TCGA-E9-A1N3-01,BRCA,BRCA,0.9996457099914551,4.38560928159859e-05,6.033819590811618e-05,0.00025013185222633183
TCGA:BRCA:TCGA-E9-A1N4-01,BRCA,BRCA,0.9997798800468445,3.7785466702189296e-05,3.406360701774247e-05,0.00014828822168055922
TCGA:BRCA:TCGA-E9-A1N5-01,BRCA,BRCA,0.9996993541717529,3.3167805668199435e-05,3.904915138264187e-05,0.00022849366359878331
TCGA:BRCA:TCGA-E9-A1N6-01,BRCA,BRCA,0.9997296929359436,5.246294676908292e-05,3.2696305424906313e-05,0.00018511463713366538
TCGA:BRCA:TCGA-E9-A1N8-01,BRCA,BRCA,0.9992570281028748,0.00011709579121088609,0.0004207771271467209,0.00020509424211923033
TCGA:BRCA:TCGA-E9-A1N9-01,BRCA,BRCA,0.9998852014541626,3.439587453613058e-05,5.148685522726737e-05,2.888790004362818e-05
TCGA:BRCA:TCGA-E9-A1NA-01,BRCA,BRCA,0.999419093132019,9.466875781072304e-05,0.0001575575879542157,0.000328663969412446
TCGA:BRCA:TCGA-E9-A1NC-01,BRCA,BRCA,0.9971585273742676,0.002357706893235445,0.00033064346644096076,0.000153142842464149
TCGA:BRCA:TCGA-E9-A1ND-01,BRCA,BRCA,0.9894512295722961,0.0010934530291706324,0.008546632714569569,0.0009087047073990107
TCGA:BRCA:TCGA-E9-A1NE-01,BRCA,BRCA,0.9998836517333984,6.087755900807679e-05,2.288947143824771e-05,3.256033960497007e-05
TCGA:BRCA:TCGA-E9-A1NF-01,BRCA,BRCA,0.999744713306427,8.651705138618127e-05,3.93332629755605e-05,0.00012944123591296375
TCGA:BRCA:TCGA-E9-A1NG-01,BRCA,BRCA,0.9989726543426514,0.00019427908409852535,0.00012785731814801693,0.0007052616565488279
TCGA:BRCA:TCGA-E9-A1NH-01,BRCA,BRCA,0.9998912811279297,3.7393361708382145e-05,4.336588972364552e-05,2.7940066502196714e-05
TCGA:BRCA:TCGA-E9-A1NI-01,BRCA,BRCA,0.999822199344635,3.934104097425006e-05,2.4715112886042334e-05,0.00011382556840544567
TCGA:BRCA:TCGA-E9-A1QZ-01,BRCA,BRCA,0.9998651742935181,4.0647930291015655e-05,4.337881910032593e-05,5.0760463636834174e-05
TCGA:BRCA:TCGA-E9-A1R0-01,BRCA,BRCA,0.9998459815979004,3.806143286055885e-05,4.32397864642553e-05,7.271487993421033e-05
TCGA:BRCA:TCGA-E9-A1R2-01,BRCA,BRCA,0.9998952150344849,3.9174457924673334e-05,3.740656393347308e-05,2.8201588065712713e-05
TCGA:BRCA:TCGA-E9-A1R3-01,BRCA,BRCA,0.9991763234138489,6.9555921072606e-05,5.6009754189290106e-05,0.00069814472226426
TCGA:BRCA:TCGA-E9-A1R4-01,BRCA,BRCA,0.9998594522476196,4.3687618017429486e-05,3.07785885524936e-05,6.604942609556019e-05
TCGA:BRCA:TCGA-E9-A1R5-01,BRCA,BRCA,0.9997372031211853,6.979968020459637e-05,4.4931828597327694e-05,0.00014805722457822412
TCGA:BRCA:TCGA-E9-A1R6-01,BRCA,BRCA,0.9996693134307861,8.07028409326449e-05,2.9189355700509623e-05,0.0002208493824582547
TCGA:BRCA:TCGA-E9-A1R7-01,BRCA,BRCA,0.9999018907546997,4.753758548758924e-05,2.7539683287614025e-05,2.3015227270661853e-05
TCGA:BRCA:TCGA-E9-A1RA-01,BRCA,BRCA,0.9998927116394043,4.245986565365456e-05,2.7305683033773676e-05,3.751972326426767e-05
TCGA:BRCA:TCGA-E9-A1RB-01,BRCA,BRCA,0.9998586177825928,2.6634772439138032e-05,3.5414323065197095e-05,7.927255501272157e-05
TCGA:BRCA:TCGA-E9-A1RC-01,BRCA,BRCA,0.9996041655540466,3.396664033061825e-05,3.747321534319781e-05,0.00032443247619085014
TCGA:BRCA:TCGA-E9-A1RD-01,BRCA,BRCA,0.999854564666748,5.799166319775395e-05,2.185923767683562e-05,6.558212771778926e-05
TCGA:BRCA:TCGA-E9-A1RE-01,BRCA,BRCA,0.9995154142379761,4.3461270252009854e-05,5.614027759293094e-05,0.0003849381464533508
TCGA:BRCA:TCGA-E9-A1RF-01,BRCA,BRCA,0.9998568296432495,6.612343713641167e-05,4.5381701056612656e-05,3.161003769491799e-05
TCGA:BRCA:TCGA-E9-A1RG-01,BRCA,BRCA,0.9998334646224976,7.283035665750504e-05,4.06147119065281e-05,5.3059695346746594e-05
TCGA:BRCA:TCGA-E9-A1RH-01,BRCA,BRCA,0.9464985132217407,0.03406497836112976,0.015314029529690742,0.004122463520616293
TCGA:BRCA:TCGA-E9-A1RI-01,BRCA,BRCA,0.9999111890792847,3.401413050596602e-05,2.5750690838322043e-05,2.904774919443298e-05
TCGA:BRCA:TCGA-E9-A226-01,BRCA,BRCA,0.9998422861099243,6.687715358566493e-05,2.434714770060964e-05,6.646349356742576e-05
TCGA:BRCA:TCGA-E9-A227-01,BRCA,BRCA,0.9998262524604797,3.025752266694326e-05,3.77532523998525e-05,0.00010572028259048238
TCGA:BRCA:TCGA-E9-A228-01,BRCA,BRCA,0.9994074106216431,0.00010357205610489473,0.00011180370347574353,0.0003772558120545
TCGA:BRCA:TCGA-E9-A229-01,BRCA,BRCA,0.9998759031295776,5.9401234466349706e-05,2.7820971808978356e-05,3.6879053368465975e-05
TCGA:BRCA:TCGA-E9-A22A-01,BRCA,BRCA,0.9998441934585571,9.243590466212481e-05,3.831454523606226e-05,2.5083023501792923e-05
TCGA:BRCA:TCGA-E9-A22B-01,BRCA,BRCA,0.9998831748962402,5.315395537763834e-05,2.0690069504780695e-05,4.2917250539176166e-05
TCGA:BRCA:TCGA-E9-A22D-01,BRCA,BRCA,0.9996153116226196,4.724667451228015e-05,3.556848969310522e-05,0.00030190113466233015
TCGA:BRCA:TCGA-E9-A22E-01,BRCA,BRCA,0.9983745813369751,0.0008869185694493353,0.00020160431449767202,0.0005368948914110661
TCGA:BRCA:TCGA-E9-A22G-01,BRCA,BRCA,0.9991419315338135,0.0002990497450809926,0.0004178994568064809,0.00014105996524449438
TCGA:BRCA:TCGA-E9-A22H-01,BRCA,BRCA,0.9997648596763611,4.759920557262376e-05,1.5987405276973732e-05,0.00017154033412225544
TCGA:BRCA:TCGA-E9-A243-01,BRCA,BRCA,0.9750375747680664,0.000381899910280481,0.0008702182094566524,0.023710308596491814
TCGA:BRCA:TCGA-E9-A244-01,BRCA,BRCA,0.9996209144592285,0.0002100307756336406,0.0001159202292910777,5.314949157764204e-05
TCGA:BRCA:TCGA-E9-A245-01,BRCA,BRCA,0.9996106028556824,0.00022562302183359861,8.574765524826944e-05,7.804099732311442e-05
TCGA:BRCA:TCGA-E9-A247-01,BRCA,BRCA,0.9998810291290283,5.311786298989318e-05,2.943468098237645e-05,3.634781023720279e-05
TCGA:BRCA:TCGA-E9-A248-01,BRCA,BRCA,0.998994767665863,0.0004077733028680086,0.00037241040263324976,0.00022500821796711534
TCGA:BRCA:TCGA-E9-A249-01,BRCA,BRCA,0.9996926784515381,2.373327879467979e-05,2.3927452275529504e-05,0.0002597450220491737
TCGA:BRCA:TCGA-E9-A24A-01,BRCA,BRCA,0.9995965361595154,0.00013565112021751702,7.828103844076395e-05,0.00018950346566271037
TCGA:BRCA:TCGA-E9-A295-01,BRCA,BRCA,0.9997572302818298,0.00017984579608310014,4.055336466990411e-05,2.2394115148927085e-05
TCGA:BRCA:TCGA-E9-A2JS-01,BRCA,BRCA,0.9998809099197388,5.133366721565835e-05,2.4414635845459998e-05,4.3278923840261996e-05
TCGA:BRCA:TCGA-E9-A2JT-01,BRCA,BRCA,0.9997908473014832,8.746031380724162e-05,7.560589438071474e-05,4.6099645260255784e-05
TCGA:BRCA:TCGA-E9-A3HO-01,BRCA,BRCA,0.9999121427536011,3.8027956179575995e-05,2.430991480650846e-05,2.5538456611684524e-05
TCGA:BRCA:TCGA-E9-A3Q9-01,BRCA,BRCA,0.9994933605194092,3.7778852856718004e-05,7.453211583197117e-05,0.0003942624607589096
TCGA:BRCA:TCGA-E9-A3QA-01,BRCA,BRCA,0.9997135996818542,0.00014819881471339613,9.083902841666713e-05,4.736772461910732e-05
TCGA:BRCA:TCGA-E9-A3X8-01,BRCA,BRCA,0.9997527003288269,0.00011071086919400841,4.655696830013767e-05,9.005109313875437e-05
TCGA:BRCA:TCGA-E9-A54X-01,BRCA,BRCA,0.9996418952941895,9.00381855899468e-05,7.493028533644974e-05,0.00019307283218950033
TCGA:BRCA:TCGA-E9-A54Y-01,BRCA,BRCA,0.9989780187606812,0.0007694282103329897,0.00011629730579443276,0.0001363405754091218
TCGA:BRCA:TCGA-E9-A5FK-01,BRCA,BRCA,0.9998743534088135,6.323767593130469e-05,3.134357393719256e-05,3.1017731089377776e-05
TCGA:BRCA:TCGA-E9-A5FL-01,BRCA,LSCC,0.005946772173047066,0.08427045494318008,0.9071763753890991,0.0026063923723995686
TCGA:BRCA:TCGA-E9-A5UO-01,BRCA,BRCA,0.9769969582557678,0.0030770052690058947,0.001524384249933064,0.018401633948087692
TCGA:BRCA:TCGA-E9-A5UP-01,BRCA,BRCA,0.9995443224906921,0.0001877977920230478,0.00013424860662780702,0.00013354617112781852
TCGA:BRCA:TCGA-E9-A6HE-01,BRCA,BRCA,0.9999001026153564,4.453278233995661e-05,2.2062487914809026e-05,3.323773853480816e-05
TCGA:BRCA:TCGA-EW-A1IW-01,BRCA,BRCA,0.9998313188552856,2.8119729904574342e-05,2.9449165594996884e-05,0.00011111243657069281
TCGA:BRCA:TCGA-EW-A1IX-01,BRCA,BRCA,0.9998842477798462,4.511810766416602e-05,2.2227053705137223e-05,4.837037704419345e-05
TCGA:BRCA:TCGA-EW-A1IY-01,BRCA,BRCA,0.9998818635940552,2.8619948352570646e-05,2.3535729269497097e-05,6.59849974908866e-05
TCGA:BRCA:TCGA-EW-A1IZ-01,BRCA,BRCA,0.9997876286506653,9.481898450758308e-05,7.544323307229206e-05,4.2095896787941456e-05
TCGA:BRCA:TCGA-EW-A1J1-01,BRCA,BRCA,0.999691367149353,4.6793229557806626e-05,2.9520844691433012e-05,0.0002323726803297177
TCGA:BRCA:TCGA-EW-A1J2-01,BRCA,BRCA,0.9999185800552368,3.0314271498355083e-05,3.101422043982893e-05,2.0077979570487514e-05
TCGA:BRCA:TCGA-EW-A1J3-01,BRCA,BRCA,0.9997245669364929,3.264840415795334e-05,3.7514524592552334e-05,0.00020527828019112349
TCGA:BRCA:TCGA-EW-A1J5-01,BRCA,BRCA,0.9998573064804077,4.093813549843617e-05,2.4639917683089152e-05,7.713295781286433e-05
TCGA:BRCA:TCGA-EW-A1J6-01,BRCA,BRCA,0.9998866319656372,3.197146361344494e-05,4.1908624552888796e-05,3.943831688957289e-05
TCGA:BRCA:TCGA-EW-A1OV-01,BRCA,BRCA,0.9955011010169983,0.0008286855299957097,0.0024877036921679974,0.0011825045803561807
TCGA:BRCA:TCGA-EW-A1OW-01,BRCA,BRCA,0.999674916267395,0.00022212367912288755,5.9867532399948686e-05,4.3124338844791055e-05
TCGA:BRCA:TCGA-EW-A1OX-01,BRCA,BRCA,0.9989583492279053,0.0002940453414339572,0.00016553651948925108,0.0005820992519147694
TCGA:BRCA:TCGA-EW-A1OY-01,BRCA,BRCA,0.9998501539230347,2.8619040676858276e-05,5.926616722717881e-05,6.197066250024363e-05
TCGA:BRCA:TCGA-EW-A1OZ-01,BRCA,BRCA,0.9998723268508911,4.1696461266838014e-05,2.387740278209094e-05,6.2095197790768e-05
TCGA:BRCA:TCGA-EW-A1P0-01,BRCA,BRCA,0.9996040463447571,0.00011054017522837967,7.429742981912568e-05,0.00021118027507327497
TCGA:BRCA:TCGA-EW-A1P1-01,BRCA,BRCA,0.9995125532150269,3.650209691841155e-05,0.0004146532155573368,3.627009209594689e-05
TCGA:BRCA:TCGA-EW-A1P3-01,BRCA,BRCA,0.999883770942688,3.6008827009936795e-05,2.249102180940099e-05,5.774385135737248e-05
TCGA:BRCA:TCGA-EW-A1P4-01,BRCA,BRCA,0.647875189781189,0.0633484423160553,0.18875625729560852,0.10002017021179199
TCGA:BRCA:TCGA-EW-A1P5-01,BRCA,BRCA,0.999897837638855,3.987428135587834e-05,2.494103136996273e-05,3.730476964847185e-05
TCGA:BRCA:TCGA-EW-A1P6-01,BRCA,BRCA,0.9998632669448853,3.3730662835296243e-05,4.62822790723294e-05,5.666087963618338e-05
TCGA:BRCA:TCGA-EW-A1P7-01,BRCA,BRCA,0.9995889067649841,8.282828639494255e-05,0.00028131299768574536,4.699624696513638e-05
TCGA:BRCA:TCGA-EW-A1P8-01,BRCA,BRCA,0.9993395209312439,0.00017079660028684884,0.00030143410549499094,0.00018819708202499896
TCGA:BRCA:TCGA-EW-A1PA-01,BRCA,BRCA,0.9998694658279419,5.134845559950918e-05,5.3787731303600594e-05,2.5327568437205628e-05
TCGA:BRCA:TCGA-EW-A1PB-01,BRCA,BRCA,0.9967490434646606,0.0010148505680263042,0.0016772437375038862,0.0005588242784142494
TCGA:BRCA:TCGA-EW-A1PC-01,BRCA,BRCA,0.9997871518135071,3.946636934415437e-05,8.271295519080013e-05,9.064820915227756e-05
TCGA:BRCA:TCGA-EW-A1PD-01,BRCA,BRCA,0.9998461008071899,6.318952364381403e-05,4.242562499712221e-05,4.82969953736756e-05
TCGA:BRCA:TCGA-EW-A1PE-01,BRCA,BRCA,0.9996645450592041,5.103507646708749e-05,4.849631659453735e-05,0.00023591271019540727
TCGA:BRCA:TCGA-EW-A1PF-01,BRCA,BRCA,0.9998745918273926,3.0099710784270428e-05,2.726675484154839e-05,6.800387927796692e-05
TCGA:BRCA:TCGA-EW-A1PG-01,BRCA,BRCA,0.9942625164985657,0.0017591079231351614,0.001717212377116084,0.002261193236336112
TCGA:BRCA:TCGA-EW-A1PH-01,BRCA,BRCA,0.9994034767150879,8.844838157529011e-05,0.00030132345273159444,0.00020669585501309484
TCGA:BRCA:TCGA-EW-A2FR-01,BRCA,BRCA,0.9998206496238708,4.509596328716725e-05,7.337326678680256e-05,6.0884518461534753e-05
TCGA:BRCA:TCGA-EW-A2FS-01,BRCA,BRCA,0.9998856782913208,3.727075090864673e-05,3.088162702624686e-05,4.619490209734067e-05
TCGA:BRCA:TCGA-EW-A2FV-01,BRCA,BRCA,0.9999135732650757,2.8478512831497937e-05,2.893531564041041e-05,2.895502620958723e-05
TCGA:BRCA:TCGA-EW-A2FW-01,BRCA,BRCA,0.9998493194580078,7.648101745871827e-05,2.648583904374391e-05,4.772987449541688e-05
TCGA:BRCA:TCGA-EW-A3E8-01,BRCA,BRCA,0.9999054670333862,3.801457569352351e-05,3.179318809998222e-05,2.4733160898904316e-05
TCGA:BRCA:TCGA-EW-A3U0-01,BRCA,BRCA,0.9992311000823975,0.00032082785037346184,0.0002724173536989838,0.00017561015556566417
TCGA:BRCA:TCGA-EW-A423-01,BRCA,BRCA,0.9998916387557983,4.196050576865673e-05,1.856346170825418e-05,4.780318704433739e-05
TCGA:BRCA:TCGA-EW-A424-01,BRCA,BRCA,0.9999099969863892,3.0198018066585064e-05,3.151460987282917e-05,2.832029713317752e-05
TCGA:BRCA:TCGA-EW-A6S9-01,BRCA,BRCA,0.9997367262840271,5.210997915128246e-05,4.334389086579904e-05,0.0001678435510257259
TCGA:BRCA:TCGA-EW-A6SA-01,BRCA,BRCA,0.999393105506897,9.350381151307374e-05,0.0001480391510995105,0.00036539023858495057
TCGA:BRCA:TCGA-EW-A6SB-01,BRCA,BRCA,0.9955950379371643,0.0014756229938939214,0.002751581370830536,0.00017778044275473803
TCGA:BRCA:TCGA-EW-A6SC-01,BRCA,BRCA,0.9998675584793091,5.837611752212979e-05,2.7379675884731114e-05,4.6646411647088826e-05
TCGA:BRCA:TCGA-EW-A6SD-01,BRCA,BRCA,0.9907134771347046,0.0008512019994668663,0.0019115167669951916,0.006523800548166037
TCGA:BRCA:TCGA-GI-A2C8-01,BRCA,BRCA,0.9998776912689209,5.294992297422141e-05,2.5577304768376052e-05,4.378050653031096e-05
TCGA:BRCA:TCGA-GI-A2C9-01,BRCA,BRCA,0.998713493347168,0.0008474770002067089,0.00019307203183416277,0.0002459560055285692
TCGA:BRCA:TCGA-GM-A2D9-01,BRCA,BRCA,0.9999138116836548,4.568134681903757e-05,1.891485408123117e-05,2.1537960492423736e-05
TCGA:BRCA:TCGA-GM-A2DA-01,BRCA,BRCA,0.9998688697814941,3.648218262242153e-05,2.489449252607301e-05,6.973794370424002e-05
TCGA:BRCA:TCGA-GM-A2DB-01,BRCA,BRCA,0.9984197616577148,0.0002543123555369675,0.0008069422328844666,0.0005189980729483068
TCGA:BRCA:TCGA-GM-A2DC-01,BRCA,BRCA,0.9997912049293518,6.183476943988353e-05,6.477349234046414e-05,8.222661563195288e-05
TCGA:BRCA:TCGA-GM-A2DD-01,BRCA,BRCA,0.9807816743850708,0.003736259648576379,0.011488806456327438,0.003993293270468712
TCGA:BRCA:TCGA-GM-A2DF-01,BRCA,BRCA,0.9997023940086365,0.00013051887799520046,8.90854571480304e-05,7.79580877861008e-05
TCGA:BRCA:TCGA-GM-A2DH-01,BRCA,BRCA,0.9996516704559326,5.580063225352205e-05,0.00025879309396259487,3.374646257725544e-05
TCGA:BRCA:TCGA-GM-A2DI-01,BRCA,BRCA,0.9999157190322876,3.4744116419460624e-05,3.0053104637772776e-05,1.9456219888525084e-05
TCGA:BRCA:TCGA-GM-A2DK-01,BRCA,BRCA,0.999887228012085,3.308551094960421e-05,4.517076740739867e-05,3.445007678237744e-05
TCGA:BRCA:TCGA-GM-A2DL-01,BRCA,BRCA,0.9996565580368042,4.76523200632073e-05,3.962431583204307e-05,0.00025615986669436097
TCGA:BRCA:TCGA-GM-A2DM-01,BRCA,BRCA,0.999292254447937,0.00023431344015989453,0.00011191669182153419,0.000361530517693609
TCGA:BRCA:TCGA-GM-A2DN-01,BRCA,BRCA,0.9998928308486938,4.37754497397691e-05,3.1490635592490435e-05,3.1850995583226904e-05
TCGA:BRCA:TCGA-GM-A2DO-01,BRCA,BRCA,0.9997968077659607,7.788681978126988e-05,5.3464449592866004e-05,7.18022565706633e-05
TCGA:BRCA:TCGA-GM-A3NW-01,BRCA,BRCA,0.9999217987060547,2.2183648979989812e-05,2.0540152036119252e-05,3.544156061252579e-05
TCGA:BRCA:TCGA-GM-A3NY-01,BRCA,BRCA,0.9998397827148438,3.7076293665450066e-05,2.2968082703300752e-05,0.0001001193595584482
TCGA:BRCA:TCGA-GM-A3XG-01,BRCA,BRCA,0.9995916485786438,0.0001485962129663676,0.0001315962290391326,0.00012814230285584927
TCGA:BRCA:TCGA-GM-A3XL-01,BRCA,BRCA,0.9989123344421387,0.00013514276361092925,0.0008887005387805402,6.380757986335084e-05
TCGA:BRCA:TCGA-GM-A3XN-01,BRCA,BRCA,0.9998798370361328,3.617841503000818e-05,2.3448777938028798e-05,6.051347008906305e-05
TCGA:BRCA:TCGA-GM-A4E0-01,BRCA,BRCA,0.9998304843902588,5.167445124243386e-05,5.772948497906327e-05,6.010719152982347e-05
TCGA:BRCA:TCGA-GM-A5PV-01,BRCA,BRCA,0.9998998641967773,2.697303716558963e-05,2.745458550634794e-05,4.570048986352049e-05
TCGA:BRCA:TCGA-GM-A5PX-01,BRCA,BRCA,0.9999037981033325,2.9440010621328838e-05,2.774117820081301e-05,3.899803414242342e-05
TCGA:BRCA:TCGA-HN-A2NL-01,BRCA,BRCA,0.976945161819458,0.01023140549659729,0.0032498768996447325,0.009573574177920818
TCGA:BRCA:TCGA-HN-A2OB-01,BRCA,BRCA,0.9998363256454468,4.338886355981231e-05,6.58323333482258e-05,5.4441814427264035e-05
TCGA:BRCA:TCGA-JL-A3YW-01,BRCA,BRCA,0.9984040856361389,0.0008208430372178555,0.0005980771384201944,0.00017705041682347655
TCGA:BRCA:TCGA-JL-A3YX-01,BRCA,BRCA,0.999911904335022,4.82884279335849e-05,1.629318830964621e-05,2.347635745536536e-05
TCGA:BRCA:TCGA-LD-A66U-01,BRCA,BRCA,0.9998308420181274,9.370245243189856e-05,2.765339013421908e-05,4.7727764467708766e-05
TCGA:BRCA:TCGA-LD-A74U-01,BRCA,BRCA,0.9998825788497925,3.926590215996839e-05,3.281918543507345e-05,4.528978024609387e-05
TCGA:BRCA:TCGA-LD-A7W5-01,BRCA,BRCA,0.9997827410697937,5.464007699629292e-05,0.00010756022675195709,5.5084488849388435e-05
TCGA:BRCA:TCGA-LD-A7W6-01,BRCA,BRCA,0.9998308420181274,5.569143104366958e-05,4.983757025911473e-05,6.35645046713762e-05
TCGA:BRCA:TCGA-LD-A9QF-01,BRCA,BRCA,0.9890214800834656,0.005731125827878714,0.0024200205225497484,0.002827452728524804
TCGA:BRCA:TCGA-LL-A440-01,BRCA,BRCA,0.9998657703399658,2.938531724794302e-05,6.126576045062393e-05,4.361454557511024e-05
TCGA:BRCA:TCGA-LL-A441-01,BRCA,BRCA,0.9998272061347961,3.9985701732803136e-05,7.140169327612966e-05,6.143107020761818e-05
TCGA:BRCA:TCGA-LL-A442-01,BRCA,BRCA,0.9995410442352295,8.971309580374509e-05,7.816077413735911e-05,0.00029108457965776324
TCGA:BRCA:TCGA-LL-A50Y-01,BRCA,BRCA,0.9997507929801941,5.292522837407887e-05,3.73136208509095e-05,0.00015894649550318718
TCGA:BRCA:TCGA-LL-A5YL-01,BRCA,BRCA,0.9998476505279541,4.694752715295181e-05,3.560805271263234e-05,6.971378752496094e-05
TCGA:BRCA:TCGA-LL-A5YM-01,BRCA,BRCA,0.999743640422821,4.2276853491785005e-05,9.555116412229836e-05,0.000118494666821789
TCGA:BRCA:TCGA-LL-A5YN-01,BRCA,BRCA,0.9997944235801697,5.539912308449857e-05,0.00010605964780552313,4.407848609844223e-05
TCGA:BRCA:TCGA-LL-A5YO-01,BRCA,BRCA,0.9995719790458679,0.00028611253947019577,7.79227921157144e-05,6.400676647899672e-05
TCGA:BRCA:TCGA-LL-A5YP-01,BRCA,BRCA,0.9994795918464661,9.495334961684421e-05,0.00032325342181138694,0.00010218298848485574
TCGA:BRCA:TCGA-LL-A6FP-01,BRCA,BRCA,0.9998341798782349,4.1436258470639586e-05,3.528488377924077e-05,8.909728057915345e-05
TCGA:BRCA:TCGA-LL-A6FQ-01,BRCA,BRCA,0.9998694658279419,3.0195124054444022e-05,2.7984257030766457e-05,7.23215562175028e-05
TCGA:BRCA:TCGA-LL-A6FR-01,BRCA,BRCA,0.9993391633033752,0.00045806277194060385,0.0001243574224645272,7.845473010092974e-05
TCGA:BRCA:TCGA-LL-A73Y-01,BRCA,BRCA,0.9997122883796692,0.0001813536655390635,3.7819430872332305e-05,6.850984209449962e-05
TCGA:BRCA:TCGA-LL-A73Z-01,BRCA,BRCA,0.9998865127563477,4.251041173120029e-05,2.8880609534098767e-05,4.213275678921491e-05
TCGA:BRCA:TCGA-LL-A740-01,BRCA,BRCA,0.9990956783294678,0.0002704164944589138,0.00039162792381830513,0.00024227218818850815
TCGA:BRCA:TCGA-LL-A7SZ-01,BRCA,BRCA,0.9996272325515747,0.00014343421207740903,9.833534568315372e-05,0.00013099386706016958
TCGA:BRCA:TCGA-LL-A7T0-01,BRCA,BRCA,0.9998871088027954,3.209691567462869e-05,4.429201362654567e-05,3.6466219171416014e-05
TCGA:BRCA:TCGA-LL-A8F5-01,BRCA,BRCA,0.9949324727058411,0.004386869724839926,0.0005157574196346104,0.00016494143346790224
TCGA:BRCA:TCGA-LL-A9Q3-01,BRCA,BRCA,0.9998094439506531,5.517607496585697e-05,6.968792149564251e-05,6.573263090103865e-05
TCGA:BRCA:TCGA-LQ-A4E4-01,BRCA,BRCA,0.9990139007568359,0.0001704807800706476,0.00010612927144393325,0.0007094125030562282
TCGA:BRCA:TCGA-MS-A51U-01,BRCA,BRCA,0.9998807907104492,3.730634489329532e-05,2.2163181711221114e-05,5.976177271804772e-05
TCGA:BRCA:TCGA-OK-A5Q2-01,BRCA,BRCA,0.9997729659080505,0.00010260403360007331,6.616974133066833e-05,5.8267869462724775e-05
TCGA:BRCA:TCGA-OL-A5D6-01,BRCA,BRCA,0.9974883794784546,0.0010183533886447549,0.0011869281297549605,0.0003063357435166836
TCGA:BRCA:TCGA-OL-A5D7-01,BRCA,BRCA,0.9994237422943115,0.0002954027149826288,0.00010754221148090437,0.00017329597903881222
TCGA:BRCA:TCGA-OL-A5D8-01,BRCA,BRCA,0.999854326248169,6.243099778657779e-05,3.1822622986510396e-05,5.138951019034721e-05
TCGA:BRCA:TCGA-OL-A5DA-01,BRCA,BRCA,0.9998979568481445,5.185640475247055e-05,1.9285605958430097e-05,3.084439231315628e-05
TCGA:BRCA:TCGA-OL-A5RU-01,BRCA,BRCA,0.9999141693115234,2.587130802567117e-05,2.072171264444478e-05,3.922005998902023e-05
TCGA:BRCA:TCGA-OL-A5RV-01,BRCA,BRCA,0.9997525811195374,5.089764090371318e-05,8.814677130430937e-05,0.00010842154733836651
TCGA:BRCA:TCGA-OL-A5RW-01,BRCA,BRCA,0.9931671023368835,0.005200977437198162,0.0012293994659557939,0.0004025653761345893
TCGA:BRCA:TCGA-OL-A5RX-01,BRCA,BRCA,0.9998482465744019,3.4561770007712767e-05,4.0977531170938164e-05,7.620311953360215e-05
TCGA:BRCA:TCGA-OL-A5RY-01,BRCA,BRCA,0.9809807538986206,0.0013617138611152768,0.012678941711783409,0.004978577606379986
TCGA:BRCA:TCGA-OL-A5RZ-01,BRCA,BRCA,0.9993334412574768,0.00047079395153559744,0.0001317192945862189,6.406330066965893e-05
TCGA:BRCA:TCGA-OL-A5S0-01,BRCA,BRCA,0.9997673630714417,0.00011267388617852703,7.758429273962975e-05,4.234952575643547e-05
TCGA:BRCA:TCGA-OL-A66H-01,BRCA,BRCA,0.9998617172241211,3.1018254958326e-05,4.333112156018615e-05,6.385817687259987e-05
TCGA:BRCA:TCGA-OL-A66I-01,BRCA,BRCA,0.9994934797286987,0.0002357576449867338,0.00018022151198238134,9.056042472366244e-05
TCGA:BRCA:TCGA-OL-A66J-01,BRCA,BRCA,0.9999152421951294,4.029609772260301e-05,2.3932550902827643e-05,2.0471141397138126e-05
TCGA:BRCA:TCGA-OL-A66K-01,BRCA,BRCA,0.999881386756897,3.909460792783648e-05,3.237673809053376e-05,4.7101366362767294e-05
TCGA:BRCA:TCGA-OL-A66L-01,BRCA,BRCA,0.999901533126831,3.370622653164901e-05,3.309999738121405e-05,3.168974581058137e-05
TCGA:BRCA:TCGA-OL-A66N-01,BRCA,BRCA,0.9998971223831177,2.4926983314799145e-05,2.9051634555798955e-05,4.888618423137814e-05
TCGA:BRCA:TCGA-OL-A66O-01,BRCA,BRCA,0.999782145023346,0.00013773365935776383,2.6725803763838485e-05,5.345816316548735e-05
TCGA:BRCA:TCGA-OL-A66P-01,BRCA,BRCA,0.9992121458053589,9.865542233455926e-05,0.0004929218557663262,0.00019619580416474491
TCGA:BRCA:TCGA-OL-A6VO-01,BRCA,BRCA,0.9998063445091248,3.9475522498833016e-05,8.194634574465454e-05,7.229243055917323e-05
TCGA:BRCA:TCGA-OL-A6VQ-01,BRCA,BRCA,0.9999006986618042,2.9828679544152692e-05,1.8506181731936522e-05,5.099789268570021e-05
TCGA:BRCA:TCGA-OL-A6VR-01,BRCA,BRCA,0.9998573064804077,3.995824226876721e-05,5.5437281844206154e-05,4.7221488784998655e-05
TCGA:BRCA:TCGA-OL-A97C-01,BRCA,BRCA,0.999745786190033,0.00010193880734732375,4.66693818452768e-05,0.00010555632616160437
TCGA:BRCA:TCGA-PE-A5DC-01,BRCA,BRCA,0.9998304843902588,4.182175325695425e-05,6.418013072106987e-05,6.343772838590667e-05
TCGA:BRCA:TCGA-PE-A5DD-01,BRCA,BRCA,0.9994908571243286,5.364986282074824e-05,2.8603137252503075e-05,0.0004268739721737802
TCGA:BRCA:TCGA-PE-A5DE-01,BRCA,BRCA,0.9998999834060669,3.738783561857417e-05,1.717492523312103e-05,4.545872798189521e-05
TCGA:BRCA:TCGA-PL-A8LV-01,BRCA,BRCA,0.6835091710090637,0.24177341163158417,0.051925115287303925,0.022792309522628784
TCGA:BRCA:TCGA-PL-A8LX-01,BRCA,BRCA,0.9991928935050964,5.0544182158773765e-05,0.00013871835835743695,0.0006177982431836426
TCGA:BRCA:TCGA-PL-A8LY-01,BRCA,BRCA,0.9991720914840698,0.00025869705132208765,0.0003129013639409095,0.0002563548041507602
TCGA:BRCA:TCGA-PL-A8LZ-01,BRCA,BRCA,0.999530553817749,0.00011786009417846799,0.0001108337237383239,0.00024078082060441375
TCGA:BRCA:TCGA-S3-A6ZF-01,BRCA,BRCA,0.9998918771743774,3.797431054408662e-05,2.87168295471929e-05,4.1374441934749484e-05
TCGA:BRCA:TCGA-S3-A6ZG-01,BRCA,BRCA,0.9998775720596313,3.424815440666862e-05,2.692093767109327e-05,6.128962559159845e-05
TCGA:BRCA:TCGA-S3-A6ZH-01,BRCA,BRCA,0.9998835325241089,2.9008107958361506e-05,4.176928268861957e-05,4.5721146307187155e-05
TCGA:BRCA:TCGA-S3-AA0Z-01,BRCA,BRCA,0.9983372688293457,0.0009432481019757688,0.00040283321868628263,0.0003165878006257117
TCGA:BRCA:TCGA-S3-AA10-01,BRCA,BRCA,0.9927248954772949,0.00495501421391964,0.0022352386731654406,8.48037307150662e-05
TCGA:BRCA:TCGA-S3-AA11-01,BRCA,BRCA,0.9998981952667236,3.8767539081163704e-05,3.653088060673326e-05,2.652343209774699e-05
TCGA:BRCA:TCGA-S3-AA12-01,BRCA,BRCA,0.9996500015258789,5.719282489735633e-05,5.4331623687176034e-05,0.0002384416584391147
TCGA:BRCA:TCGA-S3-AA14-01,BRCA,BRCA,0.9998747110366821,3.4087479434674606e-05,3.996655868832022e-05,5.121218055137433e-05
TCGA:BRCA:TCGA-S3-AA15-01,BRCA,BRCA,0.9881473183631897,0.004886535927653313,0.005018840543925762,0.0019473478896543384
TCGA:BRCA:TCGA-S3-AA17-01,BRCA,BRCA,0.999818742275238,5.033457637182437e-05,2.9372838980634697e-05,0.00010161437967326492
TCGA:BRCA:TCGA-UL-AAZ6-01,BRCA,BRCA,0.9857777953147888,0.0008552097133360803,0.005944509524852037,0.007422549184411764
TCGA:BRCA:TCGA-UU-A93S-01,BRCA,BRCA,0.9989556074142456,4.295585677027702e-05,0.00019132017041556537,0.0008101052371785045
TCGA:BRCA:TCGA-V7-A7HQ-01,BRCA,BRCA,0.9997054934501648,8.552760118618608e-05,0.00015313348558265716,5.579023127211258e-05
TCGA:BRCA:TCGA-W8-A86G-01,BRCA,BRCA,0.9998468160629272,8.425240230280906e-05,3.6501842259895056e-05,3.246039341320284e-05
TCGA:BRCA:TCGA-WT-AB41-01,BRCA,BRCA,0.999859094619751,5.838135984959081e-05,4.209256439935416e-05,4.0366914618061855e-05
TCGA:BRCA:TCGA-WT-AB44-01,BRCA,BRCA,0.9998626708984375,4.027438990306109e-05,4.6809818741166964e-05,5.027979568694718e-05
TCGA:BRCA:TCGA-XX-A899-01,BRCA,BRCA,0.9998481273651123,4.02573641622439e-05,3.388872210052796e-05,7.775307312840596e-05
TCGA:BRCA:TCGA-XX-A89A-01,BRCA,BRCA,0.9984230995178223,0.00010952393495244905,0.00015827814058866352,0.0013091671280562878
TCGA:BRCA:TCGA-Z7-A8R5-01,BRCA,BRCA,0.9998703002929688,4.756814814754762e-05,4.139738666708581e-05,4.0762035496300086e-05
TCGA:BRCA:TCGA-Z7-A8R6-01,BRCA,BRCA,0.9998503923416138,2.861904795281589e-05,3.486558489385061e-05,8.608117059338838e-05
TCGA:LUAD:TCGA-05-4244-01,LUAD,LUAD,7.646864833077416e-05,2.3328828319790773e-05,9.246356057701632e-05,0.9998077750205994
TCGA:LUAD:TCGA-05-4249-01,LUAD,LUAD,6.642127118539065e-05,3.422153531573713e-05,0.0001974997139768675,0.9997017979621887
TCGA:LUAD:TCGA-05-4250-01,LUAD,LUAD,0.00029336416628211737,5.400824738899246e-05,0.0013055827002972364,0.9983470439910889
TCGA:LUAD:TCGA-05-4382-01,LUAD,LUAD,6.267008575377986e-05,2.192702959291637e-05,0.0003936642606277019,0.9995217323303223
TCGA:LUAD:TCGA-05-4384-01,LUAD,LUAD,4.9132653657579795e-05,9.397896792506799e-05,0.00021311907039489597,0.9996438026428223
TCGA:LUAD:TCGA-05-4389-01,LUAD,LUAD,0.00015954894479364157,3.174309676978737e-05,0.0009805347071960568,0.998828113079071
TCGA:LUAD:TCGA-05-4390-01,LUAD,LUAD,0.0003519159508869052,8.28650954645127e-05,0.0022683392744511366,0.9972968697547913
TCGA:LUAD:TCGA-05-4395-01,LUAD,LUAD,0.0006255034822970629,0.0014322520000860095,0.02839055098593235,0.9695517420768738
TCGA:LUAD:TCGA-05-4396-01,LUAD,LUAD,3.386319076525979e-05,2.7936004698858596e-05,0.00014650169759988785,0.99979168176651
TCGA:LUAD:TCGA-05-4397-01,LUAD,LUAD,0.002434909576550126,0.001004830002784729,0.0046412646770477295,0.9919189810752869
TCGA:LUAD:TCGA-05-4398-01,LUAD,LUAD,0.0003184402303304523,6.554686115123332e-05,0.0010383380576968193,0.9985777139663696
TCGA:LUAD:TCGA-05-4402-01,LUAD,LUAD,0.0002502962597645819,4.79057380289305e-05,0.0005001676036044955,0.9992015957832336
TCGA:LUAD:TCGA-05-4403-01,LUAD,LUAD,0.00013765950279776007,8.255895954789594e-05,0.0009571688715368509,0.9988226294517517
TCGA:LUAD:TCGA-05-4405-01,LUAD,LUAD,3.834839299088344e-05,1.1840010301966686e-05,7.900378113845363e-05,0.999870777130127
TCGA:LUAD:TCGA-05-4410-01,LUAD,LUAD,0.00012410656199790537,9.459294233238325e-05,0.00043566463864408433,0.999345600605011
TCGA:LUAD:TCGA-05-4415-01,LUAD,LUAD,0.001587326405569911,0.007835662923753262,0.27387478947639465,0.7167022824287415
TCGA:LUAD:TCGA-05-4417-01,LUAD,LUAD,0.0009178100153803825,0.0004938838537782431,0.0029175090603530407,0.9956707954406738
TCGA:LUAD:TCGA-05-4418-01,LUAD,LUAD,0.00033740323851816356,0.00045915073133073747,0.02699902653694153,0.9722043871879578
TCGA:LUAD:TCGA-05-4420-01,LUAD,LUAD,4.681437712861225e-05,2.1848787582712248e-05,0.00039651658153161407,0.9995348453521729
TCGA:LUAD:TCGA-05-4422-01,LUAD,LUAD,2.598275023046881e-05,3.958059460273944e-05,9.92946806945838e-05,0.9998351335525513
TCGA:LUAD:TCGA-05-4424-01,LUAD,LUAD,0.00035849137930199504,9.682060772320256e-05,0.004436193965375423,0.995108425617218
TCGA:LUAD:TCGA-05-4425-01,LUAD,LUAD,0.0007026797393336892,0.00016620424867141992,0.0051019443199038506,0.99402916431427
TCGA:LUAD:TCGA-05-4426-01,LUAD,LUAD,0.00012033243547193706,4.1448107367614284e-05,0.00026068961597047746,0.9995775818824768
TCGA:LUAD:TCGA-05-4427-01,LUAD,LUAD,0.00034534514998085797,0.00011269678361713886,0.003741516498848796,0.9958004355430603
TCGA:LUAD:TCGA-05-4430-01,LUAD,LUAD,0.00028619481599889696,5.588919157162309e-05,0.0005353502347134054,0.9991225600242615
TCGA:LUAD:TCGA-05-4432-01,LUAD,LUAD,6.968835805309936e-05,3.046762321901042e-05,0.00047602123231627047,0.9994238615036011
TCGA:LUAD:TCGA-05-4433-01,LUAD,LUAD,4.36002628703136e-05,9.337775554740801e-05,0.0005047941813245416,0.9993582367897034
TCGA:LUAD:TCGA-05-4434-01,LUAD,LUAD,0.004498795140534639,0.0010998916113749146,0.12626606225967407,0.8681352734565735
TCGA:LUAD:TCGA-05-5423-01,LUAD,LUAD,0.000135037160362117,1.6125919501064345e-05,9.943274926627055e-05,0.9997493624687195
TCGA:LUAD:TCGA-05-5425-01,LUAD,LUAD,8.84309338289313e-05,4.9565489462111145e-05,0.0012139447499066591,0.9986481070518494
TCGA:LUAD:TCGA-05-5428-01,LUAD,LUAD,0.00010626945731928572,3.930414095520973e-05,0.0013252239441499114,0.9985291957855225
TCGA:LUAD:TCGA-05-5429-01,LUAD,LUAD,0.00011892643669852987,8.461463585263118e-05,0.0001522314123576507,0.9996442794799805
TCGA:LUAD:TCGA-05-5715-01,LUAD,LUAD,6.89327425789088e-05,5.649643935612403e-05,0.00023680485901422799,0.9996377229690552
TCGA:LUAD:TCGA-35-3615-01,LUAD,LUAD,4.988745422451757e-05,2.0198223865008913e-05,0.00020486318680923432,0.9997250437736511
TCGA:LUAD:TCGA-35-4122-01,LUAD,LUAD,0.00019551851437427104,4.751380765810609e-05,0.001444980502128601,0.9983119964599609
TCGA:LUAD:TCGA-35-4123-01,LUAD,LUAD,0.0004573843616526574,0.00010906059469562024,0.002874489175155759,0.9965590834617615
TCGA:LUAD:TCGA-35-5375-01,LUAD,LSCC,0.017915967851877213,0.09888805449008942,0.8486281633377075,0.03456778824329376
TCGA:LUAD:TCGA-38-4625-01,LUAD,LUAD,0.004874090664088726,0.000470122933620587,0.0058797127567231655,0.9887760877609253
TCGA:LUAD:TCGA-38-4626-01,LUAD,LUAD,0.0003068534133490175,7.177258521551266e-05,0.002564383205026388,0.9970569610595703
TCGA:LUAD:TCGA-38-4627-01,LUAD,LUAD,0.0009879465214908123,0.00011485243157949299,0.002314245793968439,0.9965829253196716
TCGA:LUAD:TCGA-38-4628-01,LUAD,LUAD,0.0012187858810648322,9.197316103382036e-05,0.0010723202722147107,0.9976170063018799
TCGA:LUAD:TCGA-38-4631-01,LUAD,LUAD,0.0007463315851055086,0.0007691588252782822,0.16038937866687775,0.8380951285362244
TCGA:LUAD:TCGA-38-4632-01,LUAD,LUAD,5.595281254500151e-05,3.041669333470054e-05,0.00025833313702605665,0.9996552467346191
TCGA:LUAD:TCGA-38-6178-01,LUAD,LUAD,6.974956340854988e-05,1.893233275040984e-05,0.00018192268908023834,0.999729335308075
TCGA:LUAD:TCGA-38-7271-01,LUAD,LUAD,0.00037461542524397373,0.000251946592470631,0.004554028622806072,0.9948194622993469
TCGA:LUAD:TCGA-38-A44F-01,LUAD,LUAD,4.4200576667208225e-05,3.2358009775634855e-05,0.00012490224617067724,0.999798595905304
TCGA:LUAD:TCGA-44-2655-01,LUAD,LUAD,3.0159979360178113e-05,1.6626308934064582e-05,0.00012288214929867536,0.9998302459716797
TCGA:LUAD:TCGA-44-2656-01,LUAD,LUAD,0.00010696399112930521,1.9022139895241708e-05,0.0003503870975691825,0.9995236396789551
TCGA:LUAD:TCGA-44-2657-01,LUAD,LUAD,0.00011196036211913452,4.402074046083726e-05,0.0012109462404623628,0.998633086681366
TCGA:LUAD:TCGA-44-2659-01,LUAD,LUAD,0.0002532254729885608,3.490769086056389e-05,0.00022230455942917615,0.9994895458221436
TCGA:LUAD:TCGA-44-2662-01,LUAD,LUAD,0.00030361427343450487,9.111373219639063e-05,0.0014519104734063148,0.9981533885002136
TCGA:LUAD:TCGA-44-2665-01,LUAD,LUAD,0.0005967917386442423,0.00014033207844477147,0.0009197114268317819,0.9983431100845337
TCGA:LUAD:TCGA-44-2666-01,LUAD,LUAD,2.5733599613886327e-05,1.1856283890665509e-05,6.657705671386793e-05,0.9998958110809326
TCGA:LUAD:TCGA-44-2668-01,LUAD,LUAD,0.006486895959824324,0.002531816018745303,0.4711540937423706,0.5198271870613098
TCGA:LUAD:TCGA-44-3396-01,LUAD,LUAD,8.528772741556168e-05,2.362462146265898e-05,0.003424809081479907,0.9964662790298462
TCGA:LUAD:TCGA-44-3398-01,LUAD,LUAD,0.00055520428577438,0.00047756527783349156,0.027469605207443237,0.9714975953102112
TCGA:LUAD:TCGA-44-3918-01,LUAD,LUAD,0.00017412086890544742,5.7065004511969164e-05,0.0017725251382216811,0.9979962706565857
TCGA:LUAD:TCGA-44-3919-01,LUAD,LUAD,8.388603600906208e-05,2.9899309083702974e-05,0.00012676877668127418,0.9997594952583313
TCGA:LUAD:TCGA-44-4112-01,LUAD,LUAD,5.040885662310757e-05,1.5825979062356055e-05,0.00015672518929932266,0.9997770190238953
TCGA:LUAD:TCGA-44-5643-01,LUAD,LSCC,0.0007531822193413973,0.0027623202186077833,0.995868444442749,0.0006160422926768661
TCGA:LUAD:TCGA-44-5644-01,LUAD,LUAD,0.0006850137724541128,0.00019273585348855704,0.008219009265303612,0.9909031987190247
TCGA:LUAD:TCGA-44-5645-01,LUAD,LUAD,0.00029723261832259595,3.849762651952915e-05,0.00011227754293940961,0.9995519518852234
TCGA:LUAD:TCGA-44-6145-01,LUAD,LUAD,0.0006116855656728148,0.00045965646859258413,0.004523647017776966,0.9944050312042236
TCGA:LUAD:TCGA-44-6146-01,LUAD,LUAD,5.4184427426662296e-05,0.00011589689529500902,0.0001947972777998075,0.9996351003646851
TCGA:LUAD:TCGA-44-6148-01,LUAD,LUAD,0.0003071235551033169,8.625844202470034e-05,0.0013453232822939754,0.9982612729072571
TCGA:LUAD:TCGA-44-6774-01,LUAD,LUAD,0.02066185139119625,0.0040954784490168095,0.04211106896400452,0.9331316351890564
TCGA:LUAD:TCGA-44-6775-01,LUAD,LUAD,0.00027851841878145933,4.164599522482604e-05,0.0001829671673476696,0.9994968175888062
TCGA:LUAD:TCGA-44-6776-01,LUAD,LUAD,4.12848312407732e-05,2.3883370886323974e-05,0.0001425849477527663,0.9997922778129578
TCGA:LUAD:TCGA-44-6777-01,LUAD,LUAD,0.00012508913641795516,3.656225817394443e-05,0.00017533522623125464,0.9996629953384399
TCGA:LUAD:TCGA-44-6778-01,LUAD,LUAD,0.0031854405533522367,0.0022843012120574713,0.12203904241323471,0.8724912405014038
TCGA:LUAD:TCGA-44-6779-01,LUAD,LUAD,0.0011459117522463202,0.000953735550865531,0.004315787926316261,0.9935845732688904
TCGA:LUAD:TCGA-44-7659-01,LUAD,LUAD,8.835076732793823e-05,2.9102224289090373e-05,0.00035683580790646374,0.9995256662368774
TCGA:LUAD:TCGA-44-7660-01,LUAD,LSCC,0.0008980169077403843,0.00017019984079524875,0.9933456182479858,0.005586157087236643
TCGA:LUAD:TCGA-44-7661-01,LUAD,LUAD,0.00017337359895464033,5.233804040472023e-05,0.0012665505055338144,0.9985076785087585
TCGA:LUAD:TCGA-44-7662-01,LUAD,LUAD,0.0034437966533005238,0.0008295102161355317,0.007776666898280382,0.9879500865936279
TCGA:LUAD:TCGA-44-7667-01,LUAD,LSCC,0.057046134024858475,0.011998333968222141,0.6670765280723572,0.26387903094291687
TCGA:LUAD:TCGA-44-7669-01,LUAD,LUAD,9.963107004296035e-05,4.168625673628412e-05,0.001126730116084218,0.9987319111824036
TCGA:LUAD:TCGA-44-7670-01,LUAD,LUAD,0.00010559985821601003,8.872026955941692e-05,0.0039221299812197685,0.9958835244178772
TCGA:LUAD:TCGA-44-7671-01,LUAD,LUAD,6.630265124840662e-05,3.383999865036458e-05,0.0006243273965083063,0.9992755055427551
TCGA:LUAD:TCGA-44-7672-01,LUAD,LUAD,0.000299412349704653,0.00010285254393238574,0.0005942702409811318,0.9990034699440002
TCGA:LUAD:TCGA-44-8117-01,LUAD,LUAD,0.002011166885495186,8.671250543557107e-05,0.001224488951265812,0.9966776371002197
TCGA:LUAD:TCGA-44-8119-01,LUAD,LUAD,0.015679726377129555,0.0008205026388168335,0.017928998917341232,0.9655708074569702
TCGA:LUAD:TCGA-44-8120-01,LUAD,LUAD,0.00016259108087979257,2.54062979365699e-05,0.00033497525146231055,0.9994770884513855
TCGA:LUAD:TCGA-44-A479-01,LUAD,LUAD,0.0006038505234755576,0.0004364917112980038,0.0077641867101192474,0.9911954402923584
TCGA:LUAD:TCGA-44-A47A-01,LUAD,LUAD,0.00046099547762423754,0.0002872831537388265,0.0007189150783233345,0.998532772064209
TCGA:LUAD:TCGA-44-A47B-01,LUAD,LUAD,5.0571899919305e-05,3.587931860238314e-05,0.0002051428600680083,0.999708354473114
TCGA:LUAD:TCGA-44-A47G-01,LUAD,LUAD,4.668090696213767e-05,2.1546664356719702e-05,0.0001613328349776566,0.99977046251297
TCGA:LUAD:TCGA-44-A4SS-01,LUAD,LUAD,0.0002708509564399719,0.00021548163203988224,0.008701156824827194,0.9908124804496765
TCGA:LUAD:TCGA-44-A4SU-01,LUAD,LUAD,9.565131040289998e-05,1.7159281924250536e-05,7.057219045236707e-05,0.9998165965080261
TCGA:LUAD:TCGA-49-4486-01,LUAD,LUAD,0.00012172394781373441,0.00012646272080019116,0.0005248967208899558,0.9992269277572632
TCGA:LUAD:TCGA-49-4487-01,LUAD,LUAD,0.001299556577578187,0.00018115245620720088,0.004445585422217846,0.9940736889839172
TCGA:LUAD:TCGA-49-4488-01,LUAD,LUAD,0.000582153326831758,8.393730968236923e-05,0.0007182082626968622,0.9986157417297363
TCGA:LUAD:TCGA-49-4490-01,LUAD,LUAD,0.0002978932170663029,4.7665958845755085e-05,0.0010563705582171679,0.998598039150238
TCGA:LUAD:TCGA-49-4494-01,LUAD,LUAD,6.89894295646809e-05,4.004214861197397e-05,0.0003629125712905079,0.9995280504226685
TCGA:LUAD:TCGA-49-4501-01,LUAD,LUAD,0.00012593048450071365,2.0452926037251018e-05,0.0002791221486404538,0.9995744824409485
TCGA:LUAD:TCGA-49-4505-01,LUAD,LUAD,3.463618486421183e-05,1.2972575859748758e-05,9.430116188013926e-05,0.999858021736145
TCGA:LUAD:TCGA-49-4506-01,LUAD,LUAD,0.002810798352584243,0.0019237982342019677,0.09896823018789291,0.8962971568107605
TCGA:LUAD:TCGA-49-4507-01,LUAD,LUAD,0.00043038587318733335,0.0002771197760012001,0.0029674938414245844,0.9963249564170837
TCGA:LUAD:TCGA-49-4510-01,LUAD,LUAD,0.0026224139146506786,0.00048774495371617377,0.0042879171669483185,0.9926019310951233
TCGA:LUAD:TCGA-49-4512-01,LUAD,LUAD,0.00016379286535084248,3.719133746926673e-05,0.0002322218642802909,0.9995667338371277
TCGA:LUAD:TCGA-49-4514-01,LUAD,LUAD,0.0002909319300670177,0.00020941176626365632,0.0010467394022271037,0.99845290184021
TCGA:LUAD:TCGA-49-6742-01,LUAD,LUAD,9.328944724984467e-05,4.055948738823645e-05,0.00018202030332759023,0.9996840953826904
TCGA:LUAD:TCGA-49-6743-01,LUAD,LUAD,0.0001521320518804714,2.4499442588421516e-05,0.0009297491051256657,0.998893678188324
TCGA:LUAD:TCGA-49-6744-01,LUAD,LUAD,0.00013310274516697973,1.9166656784364022e-05,0.0003952601400669664,0.9994524121284485
TCGA:LUAD:TCGA-49-6745-01,LUAD,LUAD,0.00013426438090391457,1.587563929206226e-05,0.0004187054291833192,0.9994310736656189
TCGA:LUAD:TCGA-49-6761-01,LUAD,LUAD,0.0010120717342942953,0.00035911594750359654,0.0041292584501206875,0.9944995641708374
TCGA:LUAD:TCGA-49-6767-01,LUAD,LUAD,0.034644052386283875,0.014083029702305794,0.19025513529777527,0.7610177993774414
TCGA:LUAD:TCGA-49-AAQV-01,LUAD,LUAD,0.0002454139175824821,8.37656989460811e-05,0.0009589256369508803,0.9987119436264038
TCGA:LUAD:TCGA-49-AAR0-01,LUAD,LUAD,6.938262231415138e-05,3.788108369917609e-05,0.00014816680049989372,0.9997445940971375
TCGA:LUAD:TCGA-49-AAR2-01,LUAD,LUAD,0.00013246554590296,0.00012444650928955525,0.0030499331187456846,0.9966931343078613
TCGA:LUAD:TCGA-49-AAR3-01,LUAD,LUAD,0.0002794823085423559,0.0001448590337531641,0.010581313632428646,0.9889944195747375
TCGA:LUAD:TCGA-49-AAR4-01,LUAD,LUAD,9.144270734395832e-05,0.00010687585745472461,0.00042513172957114875,0.9993765950202942
TCGA:LUAD:TCGA-49-AAR9-01,LUAD,LUAD,0.024113692343235016,0.00482491310685873,0.07153647392988205,0.8995249271392822
TCGA:LUAD:TCGA-49-AARE-01,LUAD,LSCC,0.040674082934856415,0.0020474267657846212,0.5187152624130249,0.4385632276535034
TCGA:LUAD:TCGA-49-AARN-01,LUAD,LUAD,8.123312727548182e-05,3.118356835329905e-05,0.00029123207787051797,0.9995964169502258
TCGA:LUAD:TCGA-49-AARO-01,LUAD,LUAD,0.00013042356295045465,3.997464955318719e-05,0.0007285995525307953,0.9991010427474976
TCGA:LUAD:TCGA-49-AARQ-01,LUAD,LUAD,0.0002737518516369164,4.9821785069070756e-05,0.0024130253586918116,0.9972634315490723
TCGA:LUAD:TCGA-49-AARR-01,LUAD,LUAD,0.008030925877392292,0.0022529999259859324,0.17400699853897095,0.815709114074707
TCGA:LUAD:TCGA-4B-A93V-01,LUAD,LUAD,0.00040423410246148705,0.00051602948224172,0.007953407242894173,0.9911263585090637
TCGA:LUAD:TCGA-50-5044-01,LUAD,LUAD,0.0013027972308918834,0.0014450663002207875,0.056443776935338974,0.9408084154129028
TCGA:LUAD:TCGA-50-5045-01,LUAD,LUAD,0.00010665925219655037,2.891182703024242e-05,0.0006244377000257373,0.9992400407791138
TCGA:LUAD:TCGA-50-5049-01,LUAD,LUAD,0.0003611136635299772,0.00011763132351916283,0.021955227479338646,0.9775660037994385
TCGA:LUAD:TCGA-50-5051-01,LUAD,LUAD,9.769586176844314e-05,1.7009164366754703e-05,0.00011908723536180332,0.9997661709785461
TCGA:LUAD:TCGA-50-5055-01,LUAD,LUAD,0.0009220567299053073,0.00018819169781636447,0.00693938136100769,0.9919503927230835
TCGA:LUAD:TCGA-50-5066-01,LUAD,LUAD,0.0005525706801563501,0.00025074867880903184,0.022851448506116867,0.9763452410697937
TCGA:LUAD:TCGA-50-5068-01,LUAD,LUAD,0.0003245508996769786,8.104360313154757e-05,0.00039375550113618374,0.9992006421089172
TCGA:LUAD:TCGA-50-5072-01,LUAD,LUAD,0.0012734077172353864,0.0004955490003339946,0.07896264642477036,0.9192683696746826
TCGA:LUAD:TCGA-50-5930-01,LUAD,LUAD,7.00753225828521e-05,2.088979454129003e-05,0.0011223546462133527,0.9987867474555969
TCGA:LUAD:TCGA-50-5931-01,LUAD,BRCA,0.5912917256355286,0.0002215523854829371,0.4079658091068268,0.0005208957591094077
TCGA:LUAD:TCGA-50-5932-01,LUAD,LUAD,4.2668070818763226e-05,2.9613229344249703e-05,0.00012443747255019844,0.9998032450675964
TCGA:LUAD:TCGA-50-5933-01,LUAD,LUAD,0.002203499199822545,0.0004606318543665111,0.0011175648542121053,0.9962182641029358
TCGA:LUAD:TCGA-50-5935-01,LUAD,LUAD,8.852218161337078e-05,2.4224402295658365e-05,5.421774767455645e-05,0.9998329877853394
TCGA:LUAD:TCGA-50-5936-01,LUAD,LUAD,7.088608981575817e-05,3.282877878518775e-05,0.001004378660582006,0.9988918900489807
TCGA:LUAD:TCGA-50-5939-01,LUAD,LUAD,0.0003717867366503924,7.561896927654743e-05,0.010840081609785557,0.9887125492095947
TCGA:LUAD:TCGA-50-5941-01,LUAD,LUAD,0.0002151414955733344,0.0001834411668824032,0.0014354417799040675,0.998166024684906
TCGA:LUAD:TCGA-50-5942-01,LUAD,LUAD,0.00023370207054540515,5.867662184755318e-05,0.00010511700384085998,0.9996024966239929
TCGA:LUAD:TCGA-50-5944-01,LUAD,LUAD,5.652731852023862e-05,4.775541674462147e-05,0.00011124188313260674,0.999784529209137
TCGA:LUAD:TCGA-50-5946-01,LUAD,LUAD,0.0010104633402079344,0.00036255837767384946,0.012088064104318619,0.9865388870239258
TCGA:LUAD:TCGA-50-6590-01,LUAD,LSCC,0.033287834376096725,0.023463638499379158,0.7306239604949951,0.21262456476688385
TCGA:LUAD:TCGA-50-6591-01,LUAD,LUAD,0.03801179677248001,0.0027949337381869555,0.010625290684401989,0.9485679864883423
TCGA:LUAD:TCGA-50-6592-01,LUAD,LUAD,0.00016735077952034771,5.9237067034700885e-05,0.006405212916433811,0.9933682084083557
TCGA:LUAD:TCGA-50-6593-01,LUAD,LUAD,0.00015034536772873253,7.11676839273423e-05,0.0004529000725597143,0.9993256330490112
TCGA:LUAD:TCGA-50-6594-01,LUAD,LUAD,0.01264119427651167,0.002371222246438265,0.025325525552034378,0.9596620798110962
TCGA:LUAD:TCGA-50-6595-01,LUAD,LSCC,0.0021032646764069796,0.00198697904124856,0.9670082330703735,0.028901556506752968
TCGA:LUAD:TCGA-50-6597-01,LUAD,LUAD,8.817286288831383e-05,4.355908095021732e-05,0.00021440981072373688,0.9996538162231445
TCGA:LUAD:TCGA-50-6673-01,LUAD,LUAD,0.0006764493300579488,0.00034782473812811077,0.004786122124642134,0.9941896200180054
TCGA:LUAD:TCGA-50-7109-01,LUAD,LUAD,0.00024221801140811294,0.00014063160051591694,0.0036033925134688616,0.9960137605667114
TCGA:LUAD:TCGA-50-8457-01,LUAD,LUAD,0.00016663190035615116,7.131446182029322e-05,0.0006705126143060625,0.9990915060043335
TCGA:LUAD:TCGA-50-8459-01,LUAD,LUAD,0.0011083007557317615,0.000495473446790129,0.041907746344804764,0.9564884901046753
TCGA:LUAD:TCGA-50-8460-01,LUAD,LUAD,0.0002090833440888673,0.0001107842763303779,0.001334671163931489,0.9983454942703247
TCGA:LUAD:TCGA-53-7624-01,LUAD,LUAD,0.06515132635831833,0.008536560460925102,0.23722320795059204,0.6890888810157776
TCGA:LUAD:TCGA-53-7626-01,LUAD,LUAD,0.0001238088880199939,4.994694972992875e-05,0.00043404323514550924,0.9993921518325806
TCGA:LUAD:TCGA-53-7813-01,LUAD,LUAD,6.630055577261373e-05,4.248381810612045e-05,0.0010226095328107476,0.9988685846328735
TCGA:LUAD:TCGA-53-A4EZ-01,LUAD,LUAD,0.0003674814652185887,0.00025717171956785023,0.0012059726286679506,0.9981693029403687
TCGA:LUAD:TCGA-55-1592-01,LUAD,LUAD,0.00018394140352029353,1.6355461411876604e-05,0.00012609464465640485,0.99967360496521
TCGA:LUAD:TCGA-55-1594-01,LUAD,LUAD,0.00017362437210977077,0.00011480171815492213,0.004527854733169079,0.9951837658882141
TCGA:LUAD:TCGA-55-1595-01,LUAD,LUAD,9.411288192495704e-05,2.6729754608822986e-05,0.00036584914778359234,0.9995132684707642
TCGA:LUAD:TCGA-55-1596-01,LUAD,LUAD,0.0001256763789569959,5.445143688120879e-05,0.0008418248035013676,0.9989780187606812
TCGA:LUAD:TCGA-55-5899-01,LUAD,LUAD,0.033104680478572845,0.004475978668779135,0.0922541618347168,0.8701651692390442
TCGA:LUAD:TCGA-55-6543-01,LUAD,LUAD,0.001956321531906724,0.0006319936364889145,0.012105313129723072,0.9853063821792603
TCGA:LUAD:TCGA-55-6642-01,LUAD,LUAD,0.00012197608884889632,3.6988632928114384e-05,0.00024069708888418972,0.999600350856781
TCGA:LUAD:TCGA-55-6712-01,LUAD,LUAD,8.891163452062756e-05,6.228925485629588e-05,0.0006819426780566573,0.9991668462753296
TCGA:LUAD:TCGA-55-6968-01,LUAD,LSCC,0.01054402720183134,0.008907674811780453,0.7942137718200684,0.1863345354795456
TCGA:LUAD:TCGA-55-6969-01,LUAD,LUAD,0.0055259526707232,0.0026865159161388874,0.12303727120161057,0.8687502145767212
TCGA:LUAD:TCGA-55-6970-01,LUAD,LUAD,0.000130000727949664,6.916293932590634e-05,0.0007284938474185765,0.9990723133087158
TCGA:LUAD:TCGA-55-6971-01,LUAD,LUAD,0.00013792600657325238,0.00010389351518824697,0.0015572765842080116,0.9982008934020996
TCGA:LUAD:TCGA-55-6972-01,LUAD,LUAD,0.000883420230820775,0.0009781630942597985,0.001199642545543611,0.9969388246536255
TCGA:LUAD:TCGA-55-6975-01,LUAD,LUAD,0.006463888566941023,0.0009973695268854499,0.00823037140071392,0.9843084216117859
TCGA:LUAD:TCGA-55-6978-01,LUAD,LUAD,0.0008335779421031475,0.00036236969754099846,0.011767204850912094,0.9870368242263794
TCGA:LUAD:TCGA-55-6979-01,LUAD,LUAD,0.0005064565921202302,0.00019393656111788005,0.0010043632937595248,0.998295247554779
TCGA:LUAD:TCGA-55-6980-01,LUAD,LUAD,0.00012294756015762687,2.942432001873385e-05,0.00023281027097254992,0.9996148347854614
TCGA:LUAD:TCGA-55-6981-01,LUAD,LUAD,4.953326060785912e-05,1.312952645093901e-05,0.00010672544885892421,0.9998306035995483
TCGA:LUAD:TCGA-55-6982-01,LUAD,LUAD,5.041823897045106e-05,2.039578976109624e-05,4.0464197809342295e-05,0.9998886585235596
TCGA:LUAD:TCGA-55-6983-01,LUAD,LUAD,3.5818553442368284e-05,1.471322957513621e-05,0.00026714717387221754,0.9996823072433472
TCGA:LUAD:TCGA-55-6984-01,LUAD,LUAD,0.00027304093237034976,9.24834530451335e-05,0.001379115041345358,0.9982553124427795
TCGA:LUAD:TCGA-55-6985-01,LUAD,LUAD,0.0007961263181641698,0.00017351120186503977,0.0037494187708944082,0.995280921459198
TCGA:LUAD:TCGA-55-6986-01,LUAD,LUAD,2.6572470233077183e-05,1.0067618859466165e-05,0.00024253246374428272,0.9997207522392273
TCGA:LUAD:TCGA-55-6987-01,LUAD,LUAD,0.00021557961008511484,0.00012694852193817496,0.00558853754773736,0.99406898021698
TCGA:LUAD:TCGA-55-7227-01,LUAD,LUAD,7.675836241105571e-05,5.150399010744877e-05,0.0004232945793773979,0.9994484782218933
TCGA:LUAD:TCGA-55-7281-01,LUAD,LUAD,7.549218571512029e-05,7.107637793524191e-05,0.00022864686616230756,0.9996247291564941
TCGA:LUAD:TCGA-55-7283-01,LUAD,LUAD,2.0720361135317944e-05,1.911027356982231e-05,8.648448419990018e-05,0.9998736381530762
TCGA:LUAD:TCGA-55-7284-01,LUAD,LUAD,0.00027171566034667194,0.00026166948373429477,0.0015083549078553915,0.9979583024978638
TCGA:LUAD:TCGA-55-7570-01,LUAD,LUAD,0.0024448593612760305,0.001823997125029564,0.43701785802841187,0.5587132573127747
TCGA:LUAD:TCGA-55-7573-01,LUAD,LUAD,0.0002040229446720332,4.0513270505471155e-05,0.000575187848880887,0.999180257320404
TCGA:LUAD:TCGA-55-7574-01,LUAD,LUAD,0.00017398216004949063,3.6680048651760444e-05,0.0027915809769183397,0.9969978332519531
TCGA:LUAD:TCGA-55-7576-01,LUAD,LUAD,3.7380315916379914e-05,2.469340688548982e-05,0.0003019773284904659,0.9996359348297119
TCGA:LUAD:TCGA-55-7724-01,LUAD,LSCC,0.00028096293681301177,0.0004939018981531262,0.998612642288208,0.0006124703795649111
TCGA:LUAD:TCGA-55-7725-01,LUAD,LUAD,0.0002302964130649343,0.00013728735211770982,0.0003624598903115839,0.9992699027061462
TCGA:LUAD:TCGA-55-7726-01,LUAD,LSCC,0.0025008886586874723,0.0015797641826793551,0.9875495433807373,0.008369785733520985
TCGA:LUAD:TCGA-55-7727-01,LUAD,LUAD,5.775275349151343e-05,2.6108327801921405e-05,0.0025668430607765913,0.9973492622375488
TCGA:LUAD:TCGA-55-7728-01,LUAD,LUAD,0.0015180251793935895,0.00015020216233097017,0.0016645832220092416,0.996667206287384
TCGA:LUAD:TCGA-55-7815-01,LUAD,LUAD,0.00038861841312609613,0.0001146363647421822,0.002307798247784376,0.9971889853477478
TCGA:LUAD:TCGA-55-7816-01,LUAD,LUAD,0.018929490819573402,0.0010363172041252255,0.007926045916974545,0.9721081256866455
TCGA:LUAD:TCGA-55-7903-01,LUAD,LUAD,4.4975433411309496e-05,2.868480260076467e-05,0.0002995968679897487,0.9996267557144165
TCGA:LUAD:TCGA-55-7907-01,LUAD,LUAD,0.0001282404555240646,2.4548357032472268e-05,0.00014690675016026944,0.9997003078460693
TCGA:LUAD:TCGA-55-7910-01,LUAD,LUAD,0.00014086229202803224,3.1750783819006756e-05,0.0005019399104639888,0.9993255138397217
TCGA:LUAD:TCGA-55-7911-01,LUAD,LUAD,0.00010358656436437741,3.274235496064648e-05,0.00017803093942347914,0.9996856451034546
TCGA:LUAD:TCGA-55-7913-01,LUAD,LUAD,7.85342272138223e-05,6.922786997165531e-05,0.0008866408024914563,0.9989656209945679
TCGA:LUAD:TCGA-55-7914-01,LUAD,LUAD,0.0001929121935972944,8.812552550807595e-05,0.0007820346509106457,0.9989369511604309
TCGA:LUAD:TCGA-55-7994-01,LUAD,LUAD,0.00020413764286786318,0.00022236282529775053,0.0007063913508318365,0.9988671541213989
TCGA:LUAD:TCGA-55-7995-01,LUAD,LUAD,0.0006741928518749774,0.0001187980524264276,0.0012538885930553079,0.9979530572891235
TCGA:LUAD:TCGA-55-8085-01,LUAD,LUAD,5.665048229275271e-05,2.3543767383671366e-05,0.00013616896467283368,0.9997836947441101
TCGA:LUAD:TCGA-55-8087-01,LUAD,LUAD,0.0001371241669403389,4.134254777454771e-05,0.00012281056842766702,0.9996987581253052
TCGA:LUAD:TCGA-55-8089-01,LUAD,LUAD,0.000780331261921674,0.00022993629681877792,0.025995321571826935,0.9729943871498108
TCGA:LUAD:TCGA-55-8090-01,LUAD,LUAD,0.00012242179946042597,4.769285806105472e-05,0.0008045653230510652,0.9990253448486328
TCGA:LUAD:TCGA-55-8091-01,LUAD,LUAD,0.00012767378939315677,3.0176204745657742e-05,0.00037240737583488226,0.9994698166847229
TCGA:LUAD:TCGA-55-8092-01,LUAD,LUAD,0.00012623950897250324,9.094702545553446e-05,0.0018486262997612357,0.9979342222213745
TCGA:LUAD:TCGA-55-8094-01,LUAD,LUAD,0.00017878410289995372,8.612985402578488e-05,0.0003824293671641499,0.9993526339530945
TCGA:LUAD:TCGA-55-8096-01,LUAD,LUAD,0.00012426798639353365,1.785937638487667e-05,5.0905844545923173e-05,0.9998069405555725
TCGA:LUAD:TCGA-55-8097-01,LUAD,LUAD,0.00023622160369995981,3.6999088479205966e-05,0.00015468214405700564,0.9995720982551575
TCGA:LUAD:TCGA-55-8203-01,LUAD,LUAD,0.00018198529141955078,4.787726356880739e-05,0.0014023835537955165,0.9983677268028259
TCGA:LUAD:TCGA-55-8204-01,LUAD,LSCC,0.004844393581151962,0.004008490592241287,0.9715301394462585,0.019616998732089996
TCGA:LUAD:TCGA-55-8205-01,LUAD,LUAD,0.00039836831274442375,0.00020467753347475082,0.004502193536609411,0.9948947429656982
TCGA:LUAD:TCGA-55-8206-01,LUAD,LUAD,4.866112067247741e-05,5.7583678426453844e-05,9.445987961953506e-05,0.9997993111610413
TCGA:LUAD:TCGA-55-8207-01,LUAD,LUAD,6.723583646817133e-05,2.389807195868343e-05,0.000414761045249179,0.9994940757751465
TCGA:LUAD:TCGA-55-8208-01,LUAD,LUAD,0.0007764208712615073,0.0002582217857707292,0.0207875557243824,0.9781777858734131
TCGA:LUAD:TCGA-55-8299-01,LUAD,LUAD,0.002331922994926572,0.0006251387530937791,0.0197990033775568,0.9772439002990723
TCGA:LUAD:TCGA-55-8301-01,LUAD,LUAD,0.00010566535638645291,0.00012129910464864224,0.0006492116372101009,0.9991238713264465
TCGA:LUAD:TCGA-55-8302-01,LUAD,LUAD,0.00010536190529819578,6.81167293805629e-05,0.0015052830567583442,0.9983212351799011
TCGA:LUAD:TCGA-55-8505-01,LUAD,LUAD,0.00218447158113122,0.0009994584834203124,0.023328930139541626,0.973487138748169
TCGA:LUAD:TCGA-55-8506-01,LUAD,LUAD,0.00016385276103392243,2.9937287763459608e-05,0.0003526278887875378,0.999453604221344
TCGA:LUAD:TCGA-55-8507-01,LUAD,LUAD,7.75246589910239e-05,5.0482110964367166e-05,0.0009102401090785861,0.9989618062973022
TCGA:LUAD:TCGA-55-8508-01,LUAD,LUAD,0.00037761725252494216,0.00017972494242712855,0.0030082438606768847,0.9964344501495361
TCGA:LUAD:TCGA-55-8510-01,LUAD,LUAD,7.1825081249699e-05,2.160759140679147e-05,0.00021729193395003676,0.9996893405914307
TCGA:LUAD:TCGA-55-8511-01,LUAD,LUAD,0.00014539937546942383,3.791439667111263e-05,0.0012853078078478575,0.9985313415527344
TCGA:LUAD:TCGA-55-8512-01,LUAD,LUAD,0.0012764467392116785,0.00020202022278681397,0.006724346429109573,0.9917972087860107
TCGA:LUAD:TCGA-55-8513-01,LUAD,LUAD,0.0004877583996858448,5.549431443796493e-05,0.0024881158024072647,0.996968686580658
TCGA:LUAD:TCGA-55-8514-01,LUAD,LUAD,0.00010380725871073082,3.092526822001673e-05,0.00025534015730954707,0.9996100068092346
TCGA:LUAD:TCGA-55-8614-01,LUAD,LSCC,0.0006197032053023577,0.0011212780373170972,0.9957861304283142,0.0024728637654334307
TCGA:LUAD:TCGA-55-8615-01,LUAD,LUAD,4.189067840343341e-05,3.472508251434192e-05,9.9793920526281e-05,0.9998236298561096
TCGA:LUAD:TCGA-55-8616-01,LUAD,LUAD,0.0008862802060320973,0.00020102766575291753,0.0018458643462508917,0.9970667958259583
TCGA:LUAD:TCGA-55-8619-01,LUAD,LUAD,0.00010960370127577335,0.00011871856258949265,0.001024387194775045,0.9987472295761108
TCGA:LUAD:TCGA-55-8620-01,LUAD,LUAD,0.0025033389683812857,0.0014870959566906095,0.04986948147416115,0.9461401104927063
TCGA:LUAD:TCGA-55-8621-01,LUAD,LUAD,6.992134149186313e-05,4.9954043788602576e-05,0.0003679053334053606,0.9995121955871582
TCGA:LUAD:TCGA-55-A48X-01,LUAD,LUAD,0.00021842584828846157,5.316350143402815e-05,0.0005426710122264922,0.9991857409477234
TCGA:LUAD:TCGA-55-A48Y-01,LUAD,LUAD,6.921511521795765e-05,2.5228042431990616e-05,0.0002969463530462235,0.9996086955070496
TCGA:LUAD:TCGA-55-A48Z-01,LUAD,LUAD,0.00028122623916715384,0.00026611521025188267,0.0004626316367648542,0.998989999294281
TCGA:LUAD:TCGA-55-A490-01,LUAD,LUAD,0.00017531200137455016,0.0001415742008248344,0.0019658436067402363,0.9977172613143921
TCGA:LUAD:TCGA-55-A491-01,LUAD,LUAD,0.00019803379836957902,7.685896707698703e-05,0.0007611883920617402,0.9989639520645142
TCGA:LUAD:TCGA-55-A492-01,LUAD,LUAD,9.181341010844335e-05,9.199527266900986e-05,0.0002058118989225477,0.9996103644371033
TCGA:LUAD:TCGA-55-A493-01,LUAD,LUAD,0.0012680628569796681,0.0004243253788445145,0.037073809653520584,0.9612338542938232
TCGA:LUAD:TCGA-55-A494-01,LUAD,LUAD,0.0001784882479114458,3.921992174582556e-05,0.00023869088909123093,0.9995436072349548
TCGA:LUAD:TCGA-55-A4DF-01,LUAD,LUAD,0.00022467365488409996,0.00017800730711314827,0.005913381930440664,0.993683934211731
TCGA:LUAD:TCGA-55-A4DG-01,LUAD,LUAD,5.7427878346061334e-05,1.4932546037016436e-05,9.007058542920277e-05,0.9998375177383423
TCGA:LUAD:TCGA-55-A57B-01,LUAD,LUAD,0.00011630196240730584,1.545431041449774e-05,0.0002517453976906836,0.9996165037155151
TCGA:LUAD:TCGA-62-8394-01,LUAD,LUAD,4.34189714724198e-05,6.28467823844403e-05,0.0004899103660136461,0.9994038343429565
TCGA:LUAD:TCGA-62-8395-01,LUAD,LUAD,5.709388278773986e-05,3.023581848538015e-05,0.0001382293412461877,0.9997743964195251
TCGA:LUAD:TCGA-62-8397-01,LUAD,LUAD,0.000278254970908165,5.0587274017743766e-05,0.0002061317936750129,0.9994650483131409
TCGA:LUAD:TCGA-62-8398-01,LUAD,LUAD,9.692177263787016e-05,6.458907591877505e-05,0.0013266222085803747,0.9985118508338928
TCGA:LUAD:TCGA-62-8399-01,LUAD,LUAD,8.040092507144436e-05,5.641191455652006e-05,0.0017658371943980455,0.9980973601341248
TCGA:LUAD:TCGA-62-8402-01,LUAD,LUAD,0.00022529574926011264,0.0002741659409366548,0.0022857110016047955,0.9972148537635803
TCGA:LUAD:TCGA-62-A46O-01,LUAD,LUAD,0.0002006857976084575,0.00012699268700089306,0.009616099298000336,0.9900562763214111
TCGA:LUAD:TCGA-62-A46P-01,LUAD,LUAD,9.706339915283024e-05,0.00011161161819472909,0.0005678959423676133,0.9992234706878662
TCGA:LUAD:TCGA-62-A46R-01,LUAD,LUAD,6.0616261180257425e-05,2.7606145522440784e-05,7.613880734425038e-05,0.9998356103897095
TCGA:LUAD:TCGA-62-A46S-01,LUAD,LUAD,2.607201531645842e-05,1.7419393770978786e-05,0.00019544393580872566,0.9997610449790955
TCGA:LUAD:TCGA-62-A46U-01,LUAD,LUAD,0.0009897308191284537,0.00020520562247838825,0.0031891579274088144,0.9956159591674805
TCGA:LUAD:TCGA-62-A46V-01,LUAD,LUAD,0.0008953672368079424,2.9110165996826254e-05,0.00013488932745531201,0.998940646648407
TCGA:LUAD:TCGA-62-A46Y-01,LUAD,LUAD,4.123188409721479e-05,3.654970714705996e-05,8.09359407867305e-05,0.9998412132263184
TCGA:LUAD:TCGA-62-A470-01,LUAD,LUAD,6.443805614253506e-05,9.59645549301058e-05,0.0009472806705161929,0.9988923668861389
TCGA:LUAD:TCGA-62-A471-01,LUAD,LUAD,0.002167191356420517,0.00455555459484458,0.2331824004650116,0.7600948214530945
TCGA:LUAD:TCGA-62-A472-01,LUAD,LUAD,6.144202779978514e-05,7.467206887667999e-05,0.00035035063046962023,0.9995135068893433
TCGA:LUAD:TCGA-64-1676-01,LUAD,LUAD,0.00010286906763212755,2.43090125877643e-05,0.0003543282800819725,0.9995185136795044
TCGA:LUAD:TCGA-64-1677-01,LUAD,LUAD,0.00011764475493691862,8.082691056188196e-05,0.004186446312814951,0.9956151247024536
TCGA:LUAD:TCGA-64-1678-01,LUAD,LUAD,0.0021018479019403458,0.00042848591692745686,0.04264296963810921,0.9548267126083374
TCGA:LUAD:TCGA-64-1679-01,LUAD,LUAD,0.0002816294727381319,8.373290620511398e-05,0.006828103680163622,0.9928065538406372
TCGA:LUAD:TCGA-64-1680-01,LUAD,LUAD,3.856949115288444e-05,2.5821042072493583e-05,0.0002592008968349546,0.9996764659881592
TCGA:LUAD:TCGA-64-1681-01,LUAD,LUAD,0.0001527119311504066,0.00016599518130533397,0.00036251891287975013,0.9993188381195068
TCGA:LUAD:TCGA-64-5774-01,LUAD,LUAD,0.000373589078662917,0.0002105107414536178,0.003700165543705225,0.9957156777381897
TCGA:LUAD:TCGA-64-5775-01,LUAD,LUAD,0.1000499501824379,0.03308165445923805,0.054321303963661194,0.8125470876693726
TCGA:LUAD:TCGA-64-5778-01,LUAD,LUAD,9.733781917020679e-05,8.646959031466395e-05,0.0006295114289969206,0.9991866946220398
TCGA:LUAD:TCGA-64-5779-01,LUAD,LUAD,0.0011897316435351968,0.0005021627293899655,0.004284194204956293,0.9940239787101746
TCGA:LUAD:TCGA-64-5781-01,LUAD,LUAD,0.0021025300957262516,0.00048815426998771727,0.004852656275033951,0.9925565719604492
TCGA:LUAD:TCGA-64-5815-01,LUAD,LUAD,0.0008107884204946458,0.0002089193876599893,0.017286991700530052,0.9816933274269104
TCGA:LUAD:TCGA-67-3770-01,LUAD,LUAD,0.00023300244356505573,2.805451185849961e-05,5.902105840505101e-05,0.9996799230575562
TCGA:LUAD:TCGA-67-3771-01,LUAD,LUAD,0.0001863416109699756,6.328639574348927e-05,0.004664112813770771,0.9950862526893616
TCGA:LUAD:TCGA-67-3772-01,LUAD,LUAD,0.00015200753114186227,5.09902456542477e-05,0.00031222536927089095,0.9994847774505615
TCGA:LUAD:TCGA-67-3773-01,LUAD,LUAD,0.00041538311052136123,2.0470113668125123e-05,0.0003283167607150972,0.9992358684539795
TCGA:LUAD:TCGA-67-3774-01,LUAD,LUAD,3.5201908758608624e-05,2.8577467674040236e-05,0.00018652540165930986,0.9997497200965881
TCGA:LUAD:TCGA-67-4679-01,LUAD,LUAD,3.5789980756817386e-05,1.3945081263955217e-05,0.00019630463793873787,0.999754011631012
TCGA:LUAD:TCGA-67-6215-01,LUAD,LUAD,0.00041533642797730863,0.0001063378804246895,0.0010672094067558646,0.9984110593795776
TCGA:LUAD:TCGA-67-6216-01,LUAD,LUAD,8.11847930890508e-05,2.5195005946443416e-05,0.000249703589361161,0.9996439218521118
TCGA:LUAD:TCGA-67-6217-01,LUAD,LUAD,5.3460105846170336e-05,2.2242746126721613e-05,0.00017536584346089512,0.9997488856315613
TCGA:LUAD:TCGA-69-7760-01,LUAD,LUAD,6.897214916534722e-05,4.0700753743294626e-05,0.0004067120607942343,0.999483585357666
TCGA:LUAD:TCGA-69-7761-01,LUAD,LUAD,0.0002808202407322824,0.0003991364792454988,0.0005327872931957245,0.9987872242927551
TCGA:LUAD:TCGA-69-7763-01,LUAD,LUAD,7.315220136661083e-05,2.878829400287941e-05,0.0034224691335111856,0.9964756369590759
TCGA:LUAD:TCGA-69-7764-01,LUAD,LUAD,2.8391807063599117e-05,5.3628427849616855e-05,0.00010870746336877346,0.9998093247413635
TCGA:LUAD:TCGA-69-7765-01,LUAD,LUAD,7.770599768264219e-05,2.3616596081410535e-05,0.00011054281640099362,0.9997881054878235
TCGA:LUAD:TCGA-69-7973-01,LUAD,LUAD,8.895335486158729e-05,3.801624188781716e-05,0.001280637108720839,0.9985923171043396
TCGA:LUAD:TCGA-69-7974-01,LUAD,LUAD,8.759723277762532e-05,2.263302667415701e-05,0.0002788962738122791,0.9996108412742615
TCGA:LUAD:TCGA-69-7978-01,LUAD,LUAD,0.00015010946663096547,7.230650953715667e-05,0.00047909311251714826,0.9992984533309937
TCGA:LUAD:TCGA-69-7979-01,LUAD,LUAD,0.014343074522912502,0.0047709746286273,0.12252231687307358,0.858363687992096
TCGA:LUAD:TCGA-69-7980-01,LUAD,LUAD,8.206592610804364e-05,3.721991379279643e-05,0.0002269280084874481,0.9996538162231445
TCGA:LUAD:TCGA-69-8253-01,LUAD,LUAD,2.857073923223652e-05,6.597577885258943e-05,0.00017850652511697263,0.9997269511222839
TCGA:LUAD:TCGA-69-8254-01,LUAD,LUAD,0.00010051392018795013,2.6375011657364666e-05,0.00010852941340999678,0.999764621257782
TCGA:LUAD:TCGA-69-8255-01,LUAD,LUAD,0.0013180196983739734,0.0005760591593571007,0.022694876417517662,0.975411057472229
TCGA:LUAD:TCGA-69-8453-01,LUAD,LUAD,0.00022886112856213003,0.00015476689441129565,0.001136774430051446,0.9984796643257141
TCGA:LUAD:TCGA-69-A59K-01,LUAD,LUAD,0.0030337655916810036,0.0012551730033010244,0.01964051090180874,0.9760705232620239
TCGA:LUAD:TCGA-71-6725-01,LUAD,LUAD,0.0001881869975477457,3.741373075172305e-05,0.0001204597792821005,0.9996539354324341
TCGA:LUAD:TCGA-71-8520-01,LUAD,LUAD,2.0655463231378235e-05,9.305788807978388e-06,5.1848659495590255e-05,0.9999182224273682
TCGA:LUAD:TCGA-73-4658-01,LUAD,LUAD,5.423096445156261e-05,1.627039091545157e-05,0.00020084115385543555,0.9997286200523376
TCGA:LUAD:TCGA-73-4659-01,LUAD,LUAD,6.777237285859883e-05,2.864700036298018e-05,0.0012933301040902734,0.998610258102417
TCGA:LUAD:TCGA-73-4662-01,LUAD,LUAD,8.448708103969693e-05,1.9713017536560073e-05,0.00014081146218813956,0.9997549653053284
TCGA:LUAD:TCGA-73-4666-01,LUAD,LUAD,0.0001763453328749165,7.379459566436708e-05,0.0009165044175460935,0.9988333582878113
TCGA:LUAD:TCGA-73-4668-01,LUAD,LUAD,0.00012483679165598005,5.7621342421043664e-05,0.0005248362431302667,0.9992927312850952
TCGA:LUAD:TCGA-73-4670-01,LUAD,LUAD,0.0049310228787362576,0.001120012835599482,0.15705649554729462,0.8368924260139465
TCGA:LUAD:TCGA-73-4675-01,LUAD,LUAD,5.104700903757475e-05,2.349162423342932e-05,7.296980766113847e-05,0.9998524188995361
TCGA:LUAD:TCGA-73-4676-01,LUAD,LUAD,0.00035385743831284344,0.00023531110491603613,0.01926514320075512,0.9801456332206726
TCGA:LUAD:TCGA-73-4677-01,LUAD,LUAD,5.171590964891948e-05,3.072258914471604e-05,0.00017483341798651963,0.9997426867485046
TCGA:LUAD:TCGA-73-7498-01,LUAD,LUAD,0.0008011288591660559,0.0003565009974408895,0.0012758624507114291,0.9975665807723999
TCGA:LUAD:TCGA-73-7499-01,LUAD,LUAD,0.0015672968002036214,0.0030663874931633472,0.0012696005869656801,0.9940967559814453
TCGA:LUAD:TCGA-73-A9RS-01,LUAD,LUAD,0.00034230915480293334,4.861281922785565e-05,0.0004668956098612398,0.9991421699523926
TCGA:LUAD:TCGA-75-5122-01,LUAD,LUAD,0.00011477961379569024,0.00044104133849032223,0.004288698546588421,0.9951554536819458
TCGA:LUAD:TCGA-75-5125-01,LUAD,LUAD,5.3427582315634936e-05,2.5560084395692684e-05,0.0005049413884989917,0.9994161128997803
TCGA:LUAD:TCGA-75-5126-01,LUAD,LUAD,0.0019051474519073963,0.00044462759979069233,0.008976595476269722,0.9886736273765564
TCGA:LUAD:TCGA-75-5146-01,LUAD,LUAD,7.113878382369876e-05,4.4502405216917396e-05,0.00025646929861977696,0.9996278285980225
TCGA:LUAD:TCGA-75-5147-01,LUAD,LUAD,9.125416545430198e-05,2.1707903215428814e-05,0.00021613304852508008,0.9996708631515503
TCGA:LUAD:TCGA-75-6203-01,LUAD,LUAD,0.001917000045068562,0.0006465742480941117,0.0028866471257060766,0.9945498108863831
TCGA:LUAD:TCGA-75-6205-01,LUAD,LUAD,0.0019496871391311288,0.0003277135838288814,0.01577913574874401,0.9819434285163879
TCGA:LUAD:TCGA-75-6206-01,LUAD,LUAD,6.601795030292124e-05,1.6524978491361253e-05,7.888311665738001e-05,0.9998385906219482
TCGA:LUAD:TCGA-75-6207-01,LUAD,LUAD,0.0002930995251517743,5.693248749594204e-05,0.0009366286685690284,0.9987133741378784
TCGA:LUAD:TCGA-75-6211-01,LUAD,LUAD,0.00043062528129667044,0.00017312253476120532,0.005957396700978279,0.9934388995170593
TCGA:LUAD:TCGA-75-6212-01,LUAD,LUAD,0.00011191850353498012,3.366157034179196e-05,0.0002600716834422201,0.9995943903923035
TCGA:LUAD:TCGA-75-6214-01,LUAD,LSCC,0.002571491990238428,0.009518705308437347,0.8930810689926147,0.09482873231172562
TCGA:LUAD:TCGA-75-7025-01,LUAD,LUAD,0.0009393527870997787,0.00013518065679818392,0.0006045448826625943,0.9983208775520325
TCGA:LUAD:TCGA-75-7027-01,LUAD,LUAD,0.0006621028296649456,0.00022045912919566035,0.0033849540632218122,0.9957324862480164
TCGA:LUAD:TCGA-75-7030-01,LUAD,LUAD,0.0004917440819554031,0.00030334966140799224,0.001083214650861919,0.9981216788291931
TCGA:LUAD:TCGA-75-7031-01,LUAD,LUAD,0.00020609911007340997,6.596520688617602e-05,0.0008501625852659345,0.9988778233528137
TCGA:LUAD:TCGA-78-7143-01,LUAD,LUAD,2.7029218472307548e-05,3.0223000067053363e-05,7.930257561383769e-05,0.9998633861541748
TCGA:LUAD:TCGA-78-7145-01,LUAD,LUAD,0.00016692388453520834,4.579003871185705e-05,0.0002948527690023184,0.9994924068450928
TCGA:LUAD:TCGA-78-7146-01,LUAD,LUAD,0.008503510616719723,0.0011011010501533747,0.02828555926680565,0.9621098637580872
TCGA:LUAD:TCGA-78-7147-01,LUAD,LUAD,0.000135833935928531,6.61171434330754e-05,0.00010694293450796977,0.9996911287307739
TCGA:LUAD:TCGA-78-7148-01,LUAD,LUAD,5.771611540694721e-05,3.9129663491621614e-05,0.0001316588168265298,0.9997715353965759
TCGA:LUAD:TCGA-78-7149-01,LUAD,LUAD,9.727454744279385e-05,0.0001845379883889109,0.0006075358833186328,0.9991106390953064
TCGA:LUAD:TCGA-78-7150-01,LUAD,LUAD,0.00030884353327564895,0.0001968841825146228,0.005067966412752867,0.9944262504577637
TCGA:LUAD:TCGA-78-7152-01,LUAD,LUAD,4.551631718641147e-05,0.000152979715494439,0.00011358073243172839,0.999687910079956
TCGA:LUAD:TCGA-78-7153-01,LUAD,LUAD,0.0002858162915799767,0.00024444039445370436,0.0009128475212492049,0.998556911945343
TCGA:LUAD:TCGA-78-7154-01,LUAD,LUAD,0.0006529400707222521,0.00013913620205130428,0.02501765266060829,0.9741902351379395
TCGA:LUAD:TCGA-78-7155-01,LUAD,LSCC,0.09096431732177734,0.029504165053367615,0.4588621258735657,0.42066943645477295
TCGA:LUAD:TCGA-78-7156-01,LUAD,LUAD,0.00024997154832817614,0.0002891822368837893,0.0012243060627952218,0.9982365369796753
TCGA:LUAD:TCGA-78-7158-01,LUAD,LUAD,0.00023368019901681691,9.205931564792991e-05,0.0008636971469968557,0.9988105297088623
TCGA:LUAD:TCGA-78-7159-01,LUAD,LUAD,0.00030092475935816765,4.366226130514406e-05,0.001348810619674623,0.9983066320419312
TCGA:LUAD:TCGA-78-7160-01,LUAD,LUAD,4.998370059183799e-05,2.635028795339167e-05,0.0001317143760388717,0.9997919201850891
TCGA:LUAD:TCGA-78-7161-01,LUAD,LUAD,4.526815973804332e-05,1.910879109345842e-05,0.00010145192209165543,0.9998341798782349
TCGA:LUAD:TCGA-78-7162-01,LUAD,LUAD,3.4041659091599286e-05,6.06423091085162e-05,0.00018736881611403078,0.9997178912162781
TCGA:LUAD:TCGA-78-7163-01,LUAD,LUAD,0.0003127634117845446,6.364490400301293e-05,0.00026705526397563517,0.9993565678596497
TCGA:LUAD:TCGA-78-7166-01,LUAD,LUAD,7.614411879330873e-05,3.3971045922953635e-05,0.0004839895118493587,0.9994058609008789
TCGA:LUAD:TCGA-78-7167-01,LUAD,LUAD,3.640881914179772e-05,2.1629190086969174e-05,3.952498082071543e-05,0.9999024868011475
TCGA:LUAD:TCGA-78-7220-01,LUAD,LUAD,6.270754238357767e-05,4.532166349235922e-05,0.00026108589372597635,0.9996308088302612
TCGA:LUAD:TCGA-78-7535-01,LUAD,LUAD,7.79515685280785e-05,3.450184522080235e-05,0.00021918214042671025,0.9996683597564697
TCGA:LUAD:TCGA-78-7536-01,LUAD,LUAD,0.002299619372934103,0.0014846721896901727,0.1537114679813385,0.8425042033195496
TCGA:LUAD:TCGA-78-7537-01,LUAD,LUAD,0.00032049851142801344,0.0002708586398512125,0.0009853063384070992,0.9984233379364014
TCGA:LUAD:TCGA-78-7539-01,LUAD,LUAD,0.0004029863921459764,0.00011304506188025698,0.0005489606992341578,0.9989350438117981
TCGA:LUAD:TCGA-78-7540-01,LUAD,LUAD,9.890750516206026e-05,6.899314757902175e-05,0.0004637903766706586,0.9993683695793152
TCGA:LUAD:TCGA-78-7542-01,LUAD,LUAD,0.0060312324203550816,0.02593264915049076,0.22054870426654816,0.7474874258041382
TCGA:LUAD:TCGA-78-7633-01,LUAD,LUAD,0.00019317958503961563,7.129542791517451e-05,0.00014642550377175212,0.9995891451835632
TCGA:LUAD:TCGA-78-8640-01,LUAD,LUAD,0.00012076647544745356,4.861468551098369e-05,0.0005567137850448489,0.999273955821991
TCGA:LUAD:TCGA-78-8648-01,LUAD,LUAD,0.0010298565030097961,0.00035780720645561814,0.015090784057974815,0.983521580696106
TCGA:LUAD:TCGA-78-8655-01,LUAD,LUAD,7.71034465287812e-05,2.2756417820346542e-05,0.00043118931353092194,0.999468982219696
TCGA:LUAD:TCGA-78-8660-01,LUAD,LUAD,0.0002745281672105193,0.0002256058796774596,0.0018146632937714458,0.9976851940155029
TCGA:LUAD:TCGA-78-8662-01,LUAD,LUAD,0.0021635142620652914,0.00012613789294846356,0.006459719967097044,0.9912506341934204
TCGA:LUAD:TCGA-80-5607-01,LUAD,LUAD,5.497186430147849e-05,1.7118001778726466e-05,0.00010712667426560074,0.9998207688331604
TCGA:LUAD:TCGA-80-5608-01,LUAD,LUAD,6.268586002988741e-05,3.818048207904212e-05,0.00023362544015981257,0.9996654987335205
TCGA:LUAD:TCGA-80-5611-01,LUAD,LUAD,0.17187322676181793,0.0008968764450401068,0.006406081840395927,0.8208238482475281
TCGA:LUAD:TCGA-83-5908-01,LUAD,LUAD,0.00017460550589021295,0.0001328285434283316,0.005859591998159885,0.9938329458236694
TCGA:LUAD:TCGA-86-6562-01,LUAD,LUAD,3.350101178511977e-05,1.661952592257876e-05,8.422531391261145e-05,0.9998656511306763
TCGA:LUAD:TCGA-86-6851-01,LUAD,LUAD,0.0002583975438028574,0.0001018827679217793,0.0011445897398516536,0.9984951019287109
TCGA:LUAD:TCGA-86-7701-01,LUAD,LUAD,0.000457349990028888,0.00016664082068018615,0.010038047097623348,0.9893379211425781
TCGA:LUAD:TCGA-86-7711-01,LUAD,LUAD,0.21301525831222534,0.0008014777558855712,0.03808746114373207,0.7480957508087158
TCGA:LUAD:TCGA-86-7713-01,LUAD,LUAD,9.226500696968287e-05,7.758474384900182e-05,0.0008384124957956374,0.9989917874336243
TCGA:LUAD:TCGA-86-7714-01,LUAD,LUAD,9.59620374487713e-05,1.7516615116619505e-05,0.00010731506336014718,0.9997791647911072
TCGA:LUAD:TCGA-86-7953-01,LUAD,LUAD,5.901702388655394e-05,1.7755615772330202e-05,0.0009177610627375543,0.9990054965019226
TCGA:LUAD:TCGA-86-7954-01,LUAD,LUAD,0.00018855369125958532,3.999063847004436e-05,0.0004966164706274867,0.9992747902870178
TCGA:LUAD:TCGA-86-7955-01,LUAD,LUAD,0.006540954113006592,0.001124147791415453,0.028648439794778824,0.9636864066123962
TCGA:LUAD:TCGA-86-8054-01,LUAD,LUAD,0.00030079472344368696,0.00012330801109783351,0.005444001406431198,0.994131863117218
TCGA:LUAD:TCGA-86-8055-01,LUAD,LUAD,0.0003497902362141758,8.495413203490898e-05,0.004885200411081314,0.9946799874305725
TCGA:LUAD:TCGA-86-8056-01,LUAD,LUAD,2.4350480089196935e-05,1.1342744983267039e-05,7.576400093967095e-05,0.99988853931427
TCGA:LUAD:TCGA-86-8073-01,LUAD,LUAD,5.005925049772486e-05,1.78440022864379e-05,0.00014429203292820603,0.9997878670692444
TCGA:LUAD:TCGA-86-8074-01,LUAD,LUAD,0.00012416303798090667,2.8755932362400927e-05,5.06209435116034e-05,0.999796450138092
TCGA:LUAD:TCGA-86-8075-01,LUAD,LUAD,0.00017333906725980341,3.468345312285237e-05,0.00012357023661024868,0.9996683597564697
TCGA:LUAD:TCGA-86-8076-01,LUAD,LUAD,8.292673010146245e-05,5.011412940802984e-05,0.0003233447496313602,0.9995436072349548
TCGA:LUAD:TCGA-86-8278-01,LUAD,LUAD,0.00018005177844315767,4.4567641452886164e-05,0.0013964443933218718,0.9983788728713989
TCGA:LUAD:TCGA-86-8279-01,LUAD,LUAD,0.001032210304401815,0.0001497657794971019,0.0005012988694943488,0.998316764831543
TCGA:LUAD:TCGA-86-8280-01,LUAD,LUAD,0.00010289174679201096,2.4780432795523666e-05,8.481072291033342e-05,0.9997875094413757
TCGA:LUAD:TCGA-86-8281-01,LUAD,LUAD,2.817109452735167e-05,1.1169922800036147e-05,6.479175499407575e-05,0.9998958110809326
TCGA:LUAD:TCGA-86-8358-01,LUAD,LUAD,0.004943433217704296,0.012733425945043564,0.201424241065979,0.7808988690376282
TCGA:LUAD:TCGA-86-8359-01,LUAD,LUAD,6.53973693260923e-05,4.517962224781513e-05,0.0010367378126829863,0.9988527297973633
TCGA:LUAD:TCGA-86-8585-01,LUAD,LUAD,0.005069546867161989,0.0035666010808199644,0.03371889144182205,0.9576449990272522
TCGA:LUAD:TCGA-86-8668-01,LUAD,LUAD,0.0003109835088253021,4.6551467676181346e-05,0.0003644570824690163,0.9992780089378357
TCGA:LUAD:TCGA-86-8669-01,LUAD,LUAD,5.0080398068530485e-05,8.644877379992977e-05,0.0003389260673429817,0.9995245933532715
TCGA:LUAD:TCGA-86-8671-01,LUAD,LUAD,0.00021497260604519397,6.470839434769005e-05,0.0005461442633531988,0.999174177646637
TCGA:LUAD:TCGA-86-8672-01,LUAD,LUAD,0.000430433516157791,0.00021640367049258202,0.001402437686920166,0.9979507327079773
TCGA:LUAD:TCGA-86-8673-01,LUAD,LUAD,0.00010758059215731919,4.4270389480516315e-05,0.00010025959636550397,0.9997479319572449
TCGA:LUAD:TCGA-86-8674-01,LUAD,LUAD,0.00017650901281740516,6.971848051762208e-05,0.0011167337652295828,0.9986370205879211
TCGA:LUAD:TCGA-86-A456-01,LUAD,LUAD,2.3911643438623287e-05,1.1862651263072621e-05,8.269291720353067e-05,0.9998815059661865
TCGA:LUAD:TCGA-86-A4D0-01,LUAD,LUAD,0.0004955086624249816,0.000526291027199477,0.009307519532740116,0.9896706938743591
TCGA:LUAD:TCGA-86-A4JF-01,LUAD,LUAD,4.225993325235322e-05,2.48482156166574e-05,0.0001146162612712942,0.9998182654380798
TCGA:LUAD:TCGA-86-A4P7-01,LUAD,LUAD,0.0001947031560121104,7.412643026327714e-05,0.0002302670618519187,0.9995008707046509
TCGA:LUAD:TCGA-86-A4P8-01,LUAD,LUAD,0.000887413218151778,0.0009638136834837496,0.007820691913366318,0.9903281331062317
TCGA:LUAD:TCGA-91-6828-01,LUAD,LUAD,5.7027962611755356e-05,2.7394875360187143e-05,0.00011962600547121838,0.9997959733009338
TCGA:LUAD:TCGA-91-6829-01,LUAD,LUAD,0.0006978497840464115,0.00014050841855350882,0.0013042263453826308,0.997857391834259
TCGA:LUAD:TCGA-91-6830-01,LUAD,LUAD,0.00023321338812820613,7.695594831602648e-05,0.0046221790835261345,0.9950675964355469
TCGA:LUAD:TCGA-91-6831-01,LUAD,LUAD,0.0006194334127940238,0.00019750380306504667,0.0008410430164076388,0.9983420372009277
TCGA:LUAD:TCGA-91-6835-01,LUAD,LUAD,0.00010081352957058698,4.157535295234993e-05,0.001540269935503602,0.9983173608779907
TCGA:LUAD:TCGA-91-6836-01,LUAD,LUAD,0.0017465318087488413,0.0004900972708128393,0.005166299641132355,0.9925971031188965
TCGA:LUAD:TCGA-91-6840-01,LUAD,LUAD,0.005055016838014126,0.0002995390968862921,0.006495185196399689,0.9881502389907837
TCGA:LUAD:TCGA-91-6847-01,LUAD,LUAD,0.09331852197647095,0.024730732664465904,0.13128842413425446,0.7506623268127441
TCGA:LUAD:TCGA-91-6848-01,LUAD,LSCC,0.08679448068141937,0.0586344450712204,0.7797629833221436,0.07480810582637787
TCGA:LUAD:TCGA-91-6849-01,LUAD,LUAD,3.6948640627088025e-05,1.960092231456656e-05,0.00011073598579969257,0.9998326301574707
TCGA:LUAD:TCGA-91-7771-01,LUAD,LUAD,5.8811787312151864e-05,7.346252823481336e-05,0.00010533935710554942,0.9997623562812805
TCGA:LUAD:TCGA-91-8496-01,LUAD,LUAD,0.00010795865819090977,3.5526503779692575e-05,0.00016911241982597858,0.9996874332427979
TCGA:LUAD:TCGA-91-8497-01,LUAD,LUAD,6.883945752633736e-05,2.6631885702954605e-05,0.00014371724682860076,0.9997608065605164
TCGA:LUAD:TCGA-91-8499-01,LUAD,LSCC,0.00882688257843256,0.000734509143512696,0.968203604221344,0.022234998643398285
TCGA:LUAD:TCGA-91-A4BC-01,LUAD,LUAD,0.00010479189950274304,8.010901365196332e-05,0.00038613169454038143,0.999428927898407
TCGA:LUAD:TCGA-91-A4BD-01,LUAD,LUAD,4.597234874381684e-05,5.7424949773121625e-05,7.37822920200415e-05,0.9998227953910828
TCGA:LUAD:TCGA-93-7347-01,LUAD,LUAD,4.993134643882513e-05,3.4300133847864345e-05,7.613599154865369e-05,0.9998396635055542
TCGA:LUAD:TCGA-93-7348-01,LUAD,LUAD,8.910440374165773e-05,4.501059083850123e-05,0.0013345300685614347,0.9985313415527344
TCGA:LUAD:TCGA-93-8067-01,LUAD,LUAD,0.00030643001082353294,0.00026264169719070196,0.00493590347468853,0.9944949746131897
TCGA:LUAD:TCGA-93-A4JN-01,LUAD,LUAD,6.436500552808866e-05,2.5844092306215316e-05,0.0001725819893181324,0.9997372031211853
TCGA:LUAD:TCGA-93-A4JO-01,LUAD,LUAD,0.0005685652140527964,0.0002597196726128459,0.005767006427049637,0.9934046864509583
TCGA:LUAD:TCGA-93-A4JP-01,LUAD,LUAD,0.001323036034591496,0.00044969195732846856,0.002307723741978407,0.9959194660186768
TCGA:LUAD:TCGA-93-A4JQ-01,LUAD,LUAD,7.793871191097423e-05,5.540625352296047e-05,0.00023158044496085495,0.9996351003646851
TCGA:LUAD:TCGA-95-7039-01,LUAD,LUAD,5.855930794496089e-05,2.3438415155396797e-05,8.820781658869237e-05,0.9998297691345215
TCGA:LUAD:TCGA-95-7043-01,LUAD,LUAD,0.0048349108546972275,0.0007563772378489375,0.02544122375547886,0.9689674377441406
TCGA:LUAD:TCGA-95-7562-01,LUAD,LUAD,0.35596123337745667,0.0068570454604923725,0.05998598411679268,0.5771957039833069
TCGA:LUAD:TCGA-95-7567-01,LUAD,LUAD,7.777621794957668e-05,5.7421373639954254e-05,0.0017847471171990037,0.9980800151824951
TCGA:LUAD:TCGA-95-7944-01,LUAD,LUAD,0.0018456113757565618,0.0049806516617536545,0.012339547276496887,0.9808341860771179
TCGA:LUAD:TCGA-95-7947-01,LUAD,LUAD,0.00014781397476326674,3.088360244873911e-05,0.0013677183305844665,0.9984536170959473
TCGA:LUAD:TCGA-95-7948-01,LUAD,LUAD,0.04033428803086281,0.0013196547515690327,0.0031549124978482723,0.9551911354064941
TCGA:LUAD:TCGA-95-8039-01,LUAD,LUAD,4.79641676065512e-05,1.8794757124851458e-05,4.514315878623165e-05,0.9998880624771118
TCGA:LUAD:TCGA-95-8494-01,LUAD,LUAD,0.0003372397623024881,5.997368862153962e-05,0.0012943425681442022,0.9983084201812744
TCGA:LUAD:TCGA-95-A4VK-01,LUAD,LUAD,6.184087396832183e-05,1.473947395425057e-05,0.00013560942898038775,0.9997878670692444
TCGA:LUAD:TCGA-95-A4VN-01,LUAD,LUAD,7.490131247323006e-05,2.636718454596121e-05,0.00020197276899125427,0.9996967315673828
TCGA:LUAD:TCGA-95-A4VP-01,LUAD,LUAD,0.0005875664646737278,0.0003325094294268638,0.001263240585103631,0.9978166818618774
TCGA:LUAD:TCGA-97-7546-01,LUAD,LUAD,0.00033200738835148513,5.9454272559378296e-05,0.0002923532447312027,0.9993162155151367
TCGA:LUAD:TCGA-97-7547-01,LUAD,LUAD,6.189680425450206e-05,3.368353645782918e-05,0.00011752179125323892,0.999786913394928
TCGA:LUAD:TCGA-97-7552-01,LUAD,LUAD,6.013521124259569e-05,3.544311402947642e-05,0.000691842520609498,0.9992125034332275
TCGA:LUAD:TCGA-97-7553-01,LUAD,LUAD,6.38796336716041e-05,3.105505675193854e-05,0.0006787904421798885,0.9992262125015259
TCGA:LUAD:TCGA-97-7554-01,LUAD,LUAD,8.737604366615415e-05,2.5222276235581376e-05,0.0002546948962844908,0.999632716178894
TCGA:LUAD:TCGA-97-7937-01,LUAD,LUAD,0.0001590197061887011,4.6501583710778505e-05,0.0005681408219970763,0.9992263317108154
TCGA:LUAD:TCGA-97-7938-01,LUAD,LUAD,3.855303657473996e-05,1.974224142031744e-05,0.0004285119357518852,0.9995131492614746
TCGA:LUAD:TCGA-97-7941-01,LUAD,LUAD,0.00014668310177512467,3.8081205275375396e-05,0.00038234336534515023,0.9994328618049622
TCGA:LUAD:TCGA-97-8171-01,LUAD,LUAD,0.0005465505528263748,0.00022998623899184167,0.0012584569631144404,0.9979649782180786
TCGA:LUAD:TCGA-97-8172-01,LUAD,LUAD,0.0001271083892788738,3.0274848541012034e-05,0.000183887270395644,0.9996587038040161
TCGA:LUAD:TCGA-97-8174-01,LUAD,LUAD,0.0002714581787586212,4.303599780541845e-05,0.0006065307534299791,0.9990789890289307
TCGA:LUAD:TCGA-97-8175-01,LUAD,LUAD,2.452110311423894e-05,1.412192614225205e-05,0.00011975851521128789,0.999841570854187
TCGA:LUAD:TCGA-97-8176-01,LUAD,LUAD,0.00013960049545858055,0.0001047997284331359,0.0015180264599621296,0.9982376098632812
TCGA:LUAD:TCGA-97-8177-01,LUAD,LUAD,5.668056110152975e-05,1.7876658603199758e-05,0.00041193910874426365,0.9995135068893433
TCGA:LUAD:TCGA-97-8179-01,LUAD,LUAD,4.191896368865855e-05,4.581655593938194e-05,0.00024345349811483175,0.9996688365936279
TCGA:LUAD:TCGA-97-8547-01,LUAD,LUAD,0.0006022705347277224,5.079533002572134e-05,0.0004538279608823359,0.9988930821418762
TCGA:LUAD:TCGA-97-8552-01,LUAD,LUAD,0.00011266490037087351,2.910796865762677e-05,0.0006784986471757293,0.9991796612739563
TCGA:LUAD:TCGA-97-A4LX-01,LUAD,LUAD,0.0001578765077283606,0.00018703547539189458,0.001136963488534093,0.998518168926239
TCGA:LUAD:TCGA-97-A4M0-01,LUAD,LUAD,3.197494879714213e-05,2.12683662539348e-05,0.00010358481085859239,0.9998431205749512
TCGA:LUAD:TCGA-97-A4M1-01,LUAD,LUAD,0.00018234847811982036,9.432619845028967e-05,0.00025388773065060377,0.9994694590568542
TCGA:LUAD:TCGA-97-A4M2-01,LUAD,LUAD,0.00035559714888222516,0.0005479998653754592,0.002317212987691164,0.9967792630195618
TCGA:LUAD:TCGA-97-A4M3-01,LUAD,LUAD,0.00013672644854523242,7.667911268072203e-05,0.0002686667430680245,0.9995179176330566
TCGA:LUAD:TCGA-97-A4M5-01,LUAD,LUAD,6.343548011500388e-05,2.5979428755817935e-05,0.0006702656392008066,0.9992402791976929
TCGA:LUAD:TCGA-97-A4M6-01,LUAD,LUAD,0.0009394283988513052,0.00025780306896194816,0.0031327782198786736,0.995669960975647
TCGA:LUAD:TCGA-97-A4M7-01,LUAD,LUAD,0.0001385791110806167,5.48347998119425e-05,0.0005574803799390793,0.9992490410804749
TCGA:LUAD:TCGA-99-7458-01,LUAD,LUAD,3.928962178179063e-05,1.9469074686639942e-05,5.926013909629546e-05,0.9998819828033447
TCGA:LUAD:TCGA-99-8025-01,LUAD,LUAD,0.0002730752166826278,4.4911488657817245e-05,0.00029635505052283406,0.9993855953216553
TCGA:LUAD:TCGA-99-8028-01,LUAD,LUAD,0.0009360332041978836,0.0003179485211148858,0.011737503111362457,0.9870085120201111
TCGA:LUAD:TCGA-99-8032-01,LUAD,LUAD,0.0005157762207090855,0.0002439293311908841,0.0039004243444651365,0.9953398704528809
TCGA:LUAD:TCGA-99-8033-01,LUAD,LUAD,7.126712444005534e-05,1.9237049855291843e-05,0.0003550498513504863,0.999554455280304
TCGA:LUAD:TCGA-99-AA5R-01,LUAD,LUAD,0.00012366331066004932,3.5745222703553736e-05,0.0002497836831025779,0.9995908141136169
TCGA:LUAD:TCGA-J2-8192-01,LUAD,LUAD,0.0004435400478541851,6.548613600898534e-05,0.0007350649684667587,0.998755931854248
TCGA:LUAD:TCGA-J2-8194-01,LUAD,LUAD,0.0005302680656313896,8.594202517997473e-05,0.0007678481051698327,0.9986159801483154
TCGA:LUAD:TCGA-J2-A4AD-01,LUAD,LUAD,0.0007271465146914124,7.55495420889929e-05,0.004538184497505426,0.9946591258049011
TCGA:LUAD:TCGA-J2-A4AE-01,LUAD,LUAD,7.239786646096036e-05,3.487113644951023e-05,7.67148521845229e-05,0.9998160004615784
TCGA:LUAD:TCGA-J2-A4AG-01,LUAD,LUAD,6.8791261583101e-05,1.7850270523922518e-05,0.0002196134882979095,0.999693751335144
TCGA:LUAD:TCGA-L4-A4E5-01,LUAD,LUAD,9.272882016375661e-05,3.8843292713863775e-05,0.0003087481309194118,0.9995597004890442
TCGA:LUAD:TCGA-L4-A4E6-01,LUAD,LUAD,0.008407502435147762,0.00014573622320313007,0.0032145571894943714,0.9882321953773499
TCGA:LUAD:TCGA-L9-A443-01,LUAD,LUAD,6.856653635622934e-05,1.917261579365004e-05,0.0001329099468421191,0.9997794032096863
TCGA:LUAD:TCGA-L9-A444-01,LUAD,LUAD,0.00011278155579930171,5.191408490645699e-05,0.00028284278232604265,0.9995524287223816
TCGA:LUAD:TCGA-L9-A50W-01,LUAD,LUAD,0.00012094291014363989,5.869952292414382e-05,0.0003130732220597565,0.9995073080062866
TCGA:LUAD:TCGA-L9-A5IP-01,LUAD,LUAD,0.0023462555836886168,0.0036889011971652508,0.07188321650028229,0.9220815896987915
TCGA:LUAD:TCGA-L9-A743-01,LUAD,LUAD,2.994888200191781e-05,2.0094134015380405e-05,8.932834316510707e-05,0.9998606443405151
TCGA:LUAD:TCGA-L9-A7SV-01,LUAD,LUAD,0.0005785548710264266,0.00016076462634373456,0.0006141522899270058,0.9986465573310852
TCGA:LUAD:TCGA-L9-A8F4-01,LUAD,LUAD,0.00403028866276145,0.0003204414388164878,0.05970977619290352,0.9359395503997803
TCGA:LUAD:TCGA-MN-A4N1-01,LUAD,LUAD,0.0006768840248696506,0.00039053696673363447,0.011390101164579391,0.987542450428009
TCGA:LUAD:TCGA-MN-A4N4-01,LUAD,LUAD,0.03431779518723488,0.015227400697767735,0.06591266393661499,0.8845421075820923
TCGA:LUAD:TCGA-MN-A4N5-01,LUAD,LUAD,5.9002137277275324e-05,4.6495228161802515e-05,0.0002901689731515944,0.9996044039726257
TCGA:LUAD:TCGA-MP-A4SV-01,LUAD,LUAD,8.949145558290184e-05,3.553066562744789e-05,0.0005510853952728212,0.9993239641189575
TCGA:LUAD:TCGA-MP-A4SW-01,LUAD,LUAD,4.794737833435647e-05,2.0894623958156444e-05,4.79666814499069e-05,0.9998831748962402
TCGA:LUAD:TCGA-MP-A4SY-01,LUAD,LUAD,0.00011281322804279625,9.506278729531914e-05,0.0002631487150210887,0.9995290040969849
TCGA:LUAD:TCGA-MP-A4T4-01,LUAD,LUAD,0.0006311675533652306,0.000443837110651657,0.025465046986937523,0.9734599590301514
TCGA:LUAD:TCGA-MP-A4T6-01,LUAD,LUAD,7.646016456419602e-05,1.850618536991533e-05,0.00017393549205735326,0.9997311234474182
TCGA:LUAD:TCGA-MP-A4T7-01,LUAD,LUAD,4.714522583526559e-05,4.099557554582134e-05,0.0002602903114166111,0.9996515512466431
TCGA:LUAD:TCGA-MP-A4T8-01,LUAD,LUAD,0.004307137802243233,0.0014281956246122718,0.025089194998145103,0.9691754579544067
TCGA:LUAD:TCGA-MP-A4T9-01,LUAD,LUAD,4.99070665682666e-05,3.437207487877458e-05,0.0003411456127651036,0.999574601650238
TCGA:LUAD:TCGA-MP-A4TA-01,LUAD,LUAD,0.0006096620345488191,0.00014563555305358022,0.015310730785131454,0.9839339852333069
TCGA:LUAD:TCGA-MP-A4TC-01,LUAD,LUAD,0.00025709703913889825,5.062328273197636e-05,0.0008845826960168779,0.9988076686859131
TCGA:LUAD:TCGA-MP-A4TD-01,LUAD,LUAD,0.00015139537572395056,0.00013682311691809446,0.000881739251781255,0.9988300204277039
TCGA:LUAD:TCGA-MP-A4TE-01,LUAD,LUAD,0.002771176630631089,0.00013132092135492712,0.0008890284225344658,0.9962084293365479
TCGA:LUAD:TCGA-MP-A4TF-01,LUAD,LUAD,0.00016780462465249002,0.00010140003723790869,0.0030586346983909607,0.9966721534729004
TCGA:LUAD:TCGA-MP-A4TH-01,LUAD,LUAD,4.4650612835539505e-05,2.661332291609142e-05,8.987866749521345e-05,0.9998388290405273
TCGA:LUAD:TCGA-MP-A4TI-01,LUAD,LUAD,0.0011233690893277526,0.0005055633373558521,0.008954097516834736,0.9894170165061951
TCGA:LUAD:TCGA-MP-A4TJ-01,LUAD,LUAD,0.0016630630707368255,0.0008305475930683315,0.00363440765067935,0.9938719272613525
TCGA:LUAD:TCGA-MP-A4TK-01,LUAD,LUAD,0.0001125049966503866,3.247716813348234e-05,0.0005565060419030488,0.9992984533309937
TCGA:LUAD:TCGA-MP-A5C7-01,LUAD,LUAD,5.727403186028823e-05,7.454577280441299e-05,0.00015344526036642492,0.9997146725654602
TCGA:LUAD:TCGA-NJ-A4YF-01,LUAD,LUAD,0.03918291628360748,0.0003430198412388563,0.003381584770977497,0.9570924639701843
TCGA:LUAD:TCGA-NJ-A4YG-01,LUAD,LUAD,6.15349636063911e-05,2.2250980691751465e-05,0.00011283515050308779,0.999803364276886
TCGA:LUAD:TCGA-NJ-A4YI-01,LUAD,LUAD,5.048809907748364e-05,2.3230493752635084e-05,0.0001006533857434988,0.999825656414032
TCGA:LUAD:TCGA-NJ-A4YP-01,LUAD,LUAD,7.26254002074711e-05,0.00012278927897568792,0.0003028862120117992,0.9995017051696777
TCGA:LUAD:TCGA-NJ-A4YQ-01,LUAD,LUAD,0.00553175900131464,0.0003627011610660702,0.0029203426092863083,0.9911851286888123
TCGA:LUAD:TCGA-NJ-A55A-01,LUAD,LUAD,0.0003113330458290875,0.00011320536577841267,0.001784962136298418,0.9977904558181763
TCGA:LUAD:TCGA-NJ-A55O-01,LUAD,LUAD,5.213937765802257e-05,5.914034045417793e-05,0.00028415126143954694,0.9996046423912048
TCGA:LUAD:TCGA-NJ-A55R-01,LUAD,LUAD,0.0001748688955558464,6.962460611248389e-05,0.0006601856439374387,0.9990953207015991
TCGA:LUAD:TCGA-NJ-A7XG-01,LUAD,LUAD,4.710780194727704e-05,2.2140911823953502e-05,0.00012064796464983374,0.9998101592063904
TCGA:LUAD:TCGA-O1-A52J-01,LUAD,LUAD,0.00016647341544739902,3.355856824782677e-05,0.00037389920908026397,0.9994261264801025
TCGA:LUAD:TCGA-S2-AA1A-01,LUAD,LUAD,0.0007101105293259025,8.143619925249368e-05,0.0002658331941347569,0.9989426732063293
TCGA:LSCC:TCGA-18-3406-01,LSCC,LSCC,8.628183422842994e-05,0.0002909000322688371,0.9995552897453308,6.756804941687733e-05
TCGA:LSCC:TCGA-18-3407-01,LSCC,LSCC,4.418673415784724e-05,8.294894360005856e-05,0.9998314380645752,4.1398307075724006e-05
TCGA:LSCC:TCGA-18-3408-01,LSCC,LSCC,2.43872946157353e-05,5.451168544823304e-05,0.9998466968536377,7.439601904479787e-05
TCGA:LSCC:TCGA-18-3410-01,LSCC,LSCC,0.005410016980022192,0.007929312996566296,0.9767682552337646,0.009892410598695278
TCGA:LSCC:TCGA-18-3411-01,LSCC,LSCC,0.0001280588621739298,0.0010307763004675508,0.9987931251525879,4.8009344027377665e-05
TCGA:LSCC:TCGA-18-3412-01,LSCC,LSCC,3.8242858863668516e-05,0.00013669549662154168,0.9997844099998474,4.071020521223545e-05
TCGA:LSCC:TCGA-18-3414-01,LSCC,LSCC,7.880599150666967e-05,0.00015481362061109394,0.9995757937431335,0.00019063604122493416
TCGA:LSCC:TCGA-18-3415-01,LSCC,LSCC,5.924188735662028e-05,5.816123666591011e-05,0.9998505115509033,3.211386501789093e-05
TCGA:LSCC:TCGA-18-3416-01,LSCC,LSCC,0.004557383246719837,0.04464499279856682,0.947715699672699,0.0030819596722722054
TCGA:LSCC:TCGA-18-3417-01,LSCC,LSCC,0.0002313506993232295,9.625993698136881e-05,0.999484658241272,0.00018774860654957592
TCGA:LSCC:TCGA-18-3419-01,LSCC,LSCC,0.006047234870493412,0.22980159521102905,0.7588191032409668,0.005332097411155701
TCGA:LSCC:TCGA-18-3421-01,LSCC,LSCC,4.569469456328079e-05,8.168932981789112e-05,0.999496579170227,0.00037607672857120633
TCGA:LSCC:TCGA-18-4083-01,LSCC,LSCC,3.0358492949744686e-05,4.8419275117339566e-05,0.9998809099197388,4.025108501082286e-05
TCGA:LSCC:TCGA-18-4086-01,LSCC,LSCC,2.782188130368013e-05,0.00015072818496264517,0.9998084902763367,1.2926067029184196e-05
TCGA:LSCC:TCGA-18-4721-01,LSCC,LSCC,2.0226363631081767e-05,1.4329269106383435e-05,0.9999270439147949,3.8358379242708907e-05
TCGA:LSCC:TCGA-18-5592-01,LSCC,LSCC,8.132818766171113e-05,0.016341662034392357,0.9835149049758911,6.209673301782459e-05
TCGA:LSCC:TCGA-21-1071-01,LSCC,LSCC,8.527473983122036e-05,0.00012203388178022578,0.9997249245643616,6.774353823857382e-05
TCGA:LSCC:TCGA-21-1072-01,LSCC,LSCC,0.0003748649905901402,0.0033910847268998623,0.9959180951118469,0.00031598875648342073
TCGA:LSCC:TCGA-21-1075-01,LSCC,LSCC,3.0767714633839205e-05,5.269770554150455e-05,0.9998923540115356,2.4179560568882152e-05
TCGA:LSCC:TCGA-21-1076-01,LSCC,LSCC,0.00016645815048832446,9.324704296886921e-05,0.9995985627174377,0.00014175381511449814
TCGA:LSCC:TCGA-21-1079-01,LSCC,HNSCC,0.0011060057440772653,0.9949910044670105,0.0036713185254484415,0.00023166817845776677
TCGA:LSCC:TCGA-21-1080-01,LSCC,LSCC,5.5390682973666117e-05,0.00011009986337739974,0.9997069239616394,0.00012752407928928733
TCGA:LSCC:TCGA-21-1081-01,LSCC,LSCC,0.00013086674152873456,0.0019521936774253845,0.9975148439407349,0.00040211115265265107
TCGA:LSCC:TCGA-21-1082-01,LSCC,LSCC,0.00024495203979313374,0.0012747661676257849,0.9977055191993713,0.000774786458350718
TCGA:LSCC:TCGA-21-5782-01,LSCC,HNSCC,0.011238906532526016,0.6301630139350891,0.35009315609931946,0.008504933677613735
TCGA:LSCC:TCGA-21-5783-01,LSCC,LSCC,0.019414879381656647,0.0031107014510780573,0.9762001633644104,0.001274218549951911
TCGA:LSCC:TCGA-21-5784-01,LSCC,LSCC,0.0005016544600948691,0.0009181645000353456,0.9949331879615784,0.003647002624347806
TCGA:LSCC:TCGA-21-5786-01,LSCC,LSCC,0.00032955026836134493,0.0054846955463290215,0.9940028786659241,0.0001828718086471781
TCGA:LSCC:TCGA-21-5787-01,LSCC,BRCA,0.9196574091911316,0.0005557510303333402,0.07025308161973953,0.009533748030662537
TCGA:LSCC:TCGA-22-0940-01,LSCC,LSCC,0.00043013383401557803,0.0006201604846864939,0.9961547255516052,0.0027950291987508535
TCGA:LSCC:TCGA-22-0944-01,LSCC,LSCC,0.0001708238705759868,0.0009142980561591685,0.9988234639167786,9.141188638750464e-05
TCGA:LSCC:TCGA-22-1000-01,LSCC,LSCC,0.0018384733702987432,0.004396580159664154,0.988958477973938,0.004806415643543005
TCGA:LSCC:TCGA-22-1002-01,LSCC,LSCC,0.0010404210770502687,0.0012129865353927016,0.995119571685791,0.0026270702946931124
TCGA:LSCC:TCGA-22-1005-01,LSCC,LUAD,0.001226218300871551,0.0008936621015891433,0.06824664026498795,0.9296334385871887
TCGA:LSCC:TCGA-22-1011-01,LSCC,LSCC,0.0005456471117213368,0.0020721699111163616,0.9930739402770996,0.004308217670768499
TCGA:LSCC:TCGA-22-1012-01,LSCC,LSCC,5.889328895136714e-05,2.8597432901733555e-05,0.9998844861984253,2.806737393257208e-05
TCGA:LSCC:TCGA-22-1016-01,LSCC,LSCC,0.0003566046943888068,0.0002955248928628862,0.9979785084724426,0.001369409030303359
TCGA:LSCC:TCGA-22-1017-01,LSCC,LUAD,0.00036440897383727133,0.0001915384054882452,0.0058448403142392635,0.9935991764068604
TCGA:LSCC:TCGA-22-4591-01,LSCC,LSCC,0.00025836305576376617,0.0005010829190723598,0.9798596501350403,0.019380874931812286
TCGA:LSCC:TCGA-22-4593-01,LSCC,LSCC,0.0005476260557770729,0.0023827524855732918,0.9968791007995605,0.00019048854301217943
TCGA:LSCC:TCGA-22-4594-01,LSCC,LUAD,0.00034978106850758195,9.85142687568441e-05,0.006865982431918383,0.9926856756210327
TCGA:LSCC:TCGA-22-4595-01,LSCC,LSCC,2.250994111818727e-05,2.795994805637747e-05,0.9998949766159058,5.4512027418240905e-05
TCGA:LSCC:TCGA-22-4596-01,LSCC,LUAD,0.008273583836853504,0.0018221762729808688,0.1882968246936798,0.8016073703765869
TCGA:LSCC:TCGA-22-4599-01,LSCC,LSCC,0.00032262163585983217,0.00015292489842977375,0.9992904663085938,0.00023396157484967262
TCGA:LSCC:TCGA-22-4601-01,LSCC,LSCC,7.592883775942028e-05,0.000164580371347256,0.9996862411499023,7.332240784307942e-05
TCGA:LSCC:TCGA-22-4604-01,LSCC,LSCC,0.0009405961027368903,0.08237093687057495,0.916378915309906,0.0003094929561484605
TCGA:LSCC:TCGA-22-4605-01,LSCC,LSCC,0.00010649621981428936,0.0001908007834572345,0.9991104006767273,0.0005923209246248007
TCGA:LSCC:TCGA-22-4607-01,LSCC,LSCC,0.009285291656851768,0.030084960162639618,0.9389495253562927,0.021680161356925964
TCGA:LSCC:TCGA-22-4609-01,LSCC,LSCC,0.0007302758167497814,0.011180691421031952,0.9868112206459045,0.0012778380187228322
TCGA:LSCC:TCGA-22-4613-01,LSCC,LSCC,4.8746067477623e-05,4.048724804306403e-05,0.9998840093612671,2.6729803721536882e-05
TCGA:LSCC:TCGA-22-5471-01,LSCC,HNSCC,0.0004451823187991977,0.6822347640991211,0.3167913258075714,0.0005287659005261958
TCGA:LSCC:TCGA-22-5472-01,LSCC,LSCC,0.0014001223025843501,0.0024535490665584803,0.9422500133514404,0.05389627069234848
TCGA:LSCC:TCGA-22-5473-01,LSCC,LSCC,3.085462230956182e-05,7.663966243853793e-05,0.9998252987861633,6.719349039485678e-05
TCGA:LSCC:TCGA-22-5474-01,LSCC,LSCC,0.00013179074448999017,0.0006417256081476808,0.9990226030349731,0.00020383439550641924
TCGA:LSCC:TCGA-22-5477-01,LSCC,LSCC,2.66568658844335e-05,6.0266760556260124e-05,0.999859094619751,5.3976680646883324e-05
TCGA:LSCC:TCGA-22-5478-01,LSCC,LSCC,0.0003153170400764793,0.00019902260100934654,0.9983035326004028,0.0011820708168670535
TCGA:LSCC:TCGA-22-5479-01,LSCC,LSCC,0.0006358418613672256,0.2843611538410187,0.7146927714347839,0.00031021988252177835
TCGA:LSCC:TCGA-22-5480-01,LSCC,LSCC,0.004125640727579594,0.04163212329149246,0.951788067817688,0.002454170258715749
TCGA:LSCC:TCGA-22-5481-01,LSCC,BRCA,0.9596902132034302,0.0006949757807888091,0.014998762868344784,0.02461605705320835
TCGA:LSCC:TCGA-22-5482-01,LSCC,LSCC,0.00046892024693079293,0.4643489718437195,0.5349966883659363,0.00018541901954449713
TCGA:LSCC:TCGA-22-5483-01,LSCC,LSCC,0.0074026333168148994,0.07453276216983795,0.8792149424552917,0.03884964436292648
TCGA:LSCC:TCGA-22-5485-01,LSCC,LSCC,3.0209852411644533e-05,2.931948438344989e-05,0.9998764991760254,6.400648999260738e-05
TCGA:LSCC:TCGA-22-5489-01,LSCC,LSCC,0.0005988638149574399,0.00033898369292728603,0.9987882971763611,0.00027392321499064565
TCGA:LSCC:TCGA-22-5491-01,LSCC,LSCC,0.0017956086667254567,0.038931529968976974,0.9581042528152466,0.0011685892241075635
TCGA:LSCC:TCGA-22-5492-01,LSCC,LSCC,0.00033154303673654795,0.0007559577352367342,0.997552216053009,0.0013603457482531667
TCGA:LSCC:TCGA-22-A5C4-01,LSCC,LSCC,8.013693150132895e-05,7.911392458481714e-05,0.9995388984680176,0.0003018541319761425
TCGA:LSCC:TCGA-33-4532-01,LSCC,LSCC,4.377924051368609e-05,0.00012913632963318378,0.9997381567955017,8.886496652849019e-05
TCGA:LSCC:TCGA-33-4533-01,LSCC,LSCC,0.02366158552467823,0.03696366772055626,0.9364025592803955,0.002972182584926486
TCGA:LSCC:TCGA-33-4538-01,LSCC,LSCC,0.00023438807693310082,0.005917903035879135,0.9935621023178101,0.00028561108047142625
TCGA:LSCC:TCGA-33-4547-01,LSCC,LSCC,5.886032886337489e-05,5.247937951935455e-05,0.9997767806053162,0.00011191640078322962
TCGA:LSCC:TCGA-33-4566-01,LSCC,LSCC,0.0031573744490742683,0.001681532128714025,0.9334668517112732,0.061694271862506866
TCGA:LSCC:TCGA-33-4582-01,LSCC,LSCC,4.5778786443406716e-05,0.0002262965135741979,0.9996261596679688,0.00010173490591114387
TCGA:LSCC:TCGA-33-4583-01,LSCC,LSCC,9.41835023695603e-05,0.000913222145754844,0.9988219141960144,0.0001706715120235458
TCGA:LSCC:TCGA-33-4586-01,LSCC,LSCC,6.080067396396771e-05,3.8512378523591906e-05,0.9998749494552612,2.5684468710096553e-05
TCGA:LSCC:TCGA-33-4587-01,LSCC,LSCC,0.3938515782356262,0.065906822681427,0.45379629731178284,0.08644525706768036
TCGA:LSCC:TCGA-33-4589-01,LSCC,HNSCC,0.0069505879655480385,0.9216744303703308,0.06610912084579468,0.005265887826681137
TCGA:LSCC:TCGA-33-6738-01,LSCC,LSCC,0.004350920673459768,0.0038749424275010824,0.9834774136543274,0.008296729996800423
TCGA:LSCC:TCGA-33-A4WN-01,LSCC,LSCC,9.857015538727865e-05,0.0024793643970042467,0.9972827434539795,0.0001393382844980806
TCGA:LSCC:TCGA-33-A5GW-01,LSCC,LSCC,7.033944712020457e-05,0.0007102402742020786,0.9988522529602051,0.0003672040766105056
TCGA:LSCC:TCGA-33-AAS8-01,LSCC,LSCC,4.8605437768856063e-05,0.00011087192251579836,0.9997033476829529,0.00013714691158384085
TCGA:LSCC:TCGA-33-AASB-01,LSCC,LUAD,0.0003195300232619047,0.00046637043124064803,0.4490034282207489,0.5502106547355652
TCGA:LSCC:TCGA-33-AASD-01,LSCC,LSCC,0.00019247048476245254,0.0034974245354533195,0.9962105751037598,9.958560985978693e-05
TCGA:LSCC:TCGA-33-AASI-01,LSCC,LSCC,0.00039597711293026805,0.001462179352529347,0.9945607781410217,0.003581016091629863
TCGA:LSCC:TCGA-33-AASJ-01,LSCC,LSCC,0.0004064665117766708,0.01027702447026968,0.9890767335891724,0.00023977659293450415
TCGA:LSCC:TCGA-33-AASL-01,LSCC,HNSCC,0.0018502826569601893,0.926055908203125,0.07138006389141083,0.0007137578795664012
TCGA:LSCC:TCGA-34-2596-01,LSCC,LSCC,0.00016043793584685773,4.784671909874305e-05,0.9997499585151672,4.1773502744035795e-05
TCGA:LSCC:TCGA-34-2600-01,LSCC,LSCC,0.0007111533777788281,0.001563491066917777,0.997383177280426,0.0003421848814468831
TCGA:LSCC:TCGA-34-2608-01,LSCC,LSCC,0.00011231192911509424,0.00010976936027873307,0.9994090795516968,0.00036883464781567454
TCGA:LSCC:TCGA-34-5231-01,LSCC,LSCC,0.00010840794129762799,0.00027359090745449066,0.9995583891868591,5.9545240219449624e-05
TCGA:LSCC:TCGA-34-5232-01,LSCC,LSCC,0.00018823838036041707,0.001894590095616877,0.9970901012420654,0.0008270444232039154
TCGA:LSCC:TCGA-34-5234-01,LSCC,LSCC,0.01009462121874094,0.022115103900432587,0.824517548084259,0.1432727426290512
TCGA:LSCC:TCGA-34-5236-01,LSCC,LSCC,0.0001442000939277932,0.0013263061409816146,0.9984563589096069,7.308554631890729e-05
TCGA:LSCC:TCGA-34-5239-01,LSCC,LSCC,0.005974821746349335,0.02897602878510952,0.9565277695655823,0.008521382696926594
TCGA:LSCC:TCGA-34-5240-01,LSCC,LSCC,0.0002234319836134091,0.00020798701734747738,0.9994489550590515,0.00011963274300796911
TCGA:LSCC:TCGA-34-5241-01,LSCC,LSCC,4.430546687217429e-05,4.089091453352012e-05,0.999862790107727,5.2041799790458754e-05
TCGA:LSCC:TCGA-34-5927-01,LSCC,LSCC,0.01072794757783413,0.01066761277616024,0.9770954847335815,0.0015089429216459394
TCGA:LSCC:TCGA-34-5928-01,LSCC,LSCC,0.0002733930596150458,0.00015109592641238123,0.9994797110557556,9.583983774064109e-05
TCGA:LSCC:TCGA-34-5929-01,LSCC,LSCC,8.972606156021357e-05,0.000769297534134239,0.9990469813346863,9.396792302140966e-05
TCGA:LSCC:TCGA-34-7107-01,LSCC,LSCC,0.0017890846356749535,0.0015710609732195735,0.9961826205253601,0.0004572303150780499
TCGA:LSCC:TCGA-34-8454-01,LSCC,LSCC,0.00020988433971069753,0.00028804547036997974,0.9992384910583496,0.00026361749041825533
TCGA:LSCC:TCGA-34-8455-01,LSCC,LSCC,4.937119228998199e-05,0.00014326124801300466,0.9996986389160156,0.0001087680138880387
TCGA:LSCC:TCGA-34-8456-01,LSCC,LSCC,5.5653599702054635e-05,4.69288497697562e-05,0.9998703002929688,2.7157822842127644e-05
TCGA:LSCC:TCGA-34-A5IX-01,LSCC,LSCC,0.0002176295529352501,0.0001288379862671718,0.9995386600494385,0.00011487273877719417
TCGA:LSCC:TCGA-37-3783-01,LSCC,LSCC,0.0010958497878164053,0.004287406802177429,0.9939443469047546,0.000672413210850209
TCGA:LSCC:TCGA-37-3789-01,LSCC,LSCC,0.0002295634476467967,0.013768206350505352,0.9858977794647217,0.00010443666542414576
TCGA:LSCC:TCGA-37-3792-01,LSCC,LSCC,0.002496365923434496,0.00213042413815856,0.7722941637039185,0.22307904064655304
TCGA:LSCC:TCGA-37-4129-01,LSCC,LUAD,0.17690858244895935,0.05570954829454422,0.03533930703997612,0.7320426106452942
TCGA:LSCC:TCGA-37-4130-01,LSCC,LUAD,0.013010538183152676,0.002971354406327009,0.014998763799667358,0.9690194129943848
TCGA:LSCC:TCGA-37-4132-01,LSCC,LSCC,0.0019954221788793802,0.0024361307732760906,0.963317334651947,0.03225107491016388
TCGA:LSCC:TCGA-37-4133-01,LSCC,LSCC,4.917413025395945e-05,2.4332099201274104e-05,0.999392032623291,0.0005345004610717297
TCGA:LSCC:TCGA-37-4135-01,LSCC,LSCC,0.002108922228217125,0.00018753822951111943,0.9965040683746338,0.0011994950473308563
TCGA:LSCC:TCGA-37-4141-01,LSCC,LSCC,0.020319461822509766,0.0033688924740999937,0.7375040650367737,0.23880761861801147
TCGA:LSCC:TCGA-37-5819-01,LSCC,LUAD,0.008118235506117344,0.009276896715164185,0.44551029801368713,0.5370945930480957
TCGA:LSCC:TCGA-37-A5EL-01,LSCC,LSCC,0.003520410042256117,0.02128652296960354,0.9721615314483643,0.0030314596369862556
TCGA:LSCC:TCGA-37-A5EN-01,LSCC,LSCC,0.0030944200698286295,0.021754514425992966,0.9744656682014465,0.0006853381637483835
TCGA:LSCC:TCGA-39-5011-01,LSCC,LUAD,0.00031429383670911193,0.0002503151190467179,0.028054920956492424,0.9713805317878723
TCGA:LSCC:TCGA-39-5016-01,LSCC,LSCC,7.059441122692078e-05,0.00016922320355661213,0.9996756315231323,8.456025534542277e-05
TCGA:LSCC:TCGA-39-5019-01,LSCC,LSCC,6.073272743378766e-05,0.00023760460317134857,0.9996095299720764,9.215070167556405e-05
TCGA:LSCC:TCGA-39-5021-01,LSCC,LSCC,2.627338471938856e-05,1.6800009689177386e-05,0.9999256134033203,3.129634205834009e-05
TCGA:LSCC:TCGA-39-5022-01,LSCC,LSCC,0.0017947715241461992,0.0016343194292858243,0.9945198893547058,0.0020509997848421335
TCGA:LSCC:TCGA-39-5024-01,LSCC,LSCC,0.000554713187739253,0.0019166362471878529,0.9923233985900879,0.005205216817557812
TCGA:LSCC:TCGA-39-5027-01,LSCC,LSCC,5.662121475324966e-05,0.000256507599260658,0.9994377493858337,0.00024909438798204064
TCGA:LSCC:TCGA-39-5028-01,LSCC,LSCC,0.00115474802441895,0.0021908211056143045,0.9950132966041565,0.0016410760581493378
TCGA:LSCC:TCGA-39-5029-01,LSCC,LSCC,0.00016936926112975925,0.0005541674909181893,0.9989233613014221,0.0003530305402819067
TCGA:LSCC:TCGA-39-5030-01,LSCC,LSCC,0.0004069039423484355,0.00032645254395902157,0.9990139007568359,0.0002527380711399019
TCGA:LSCC:TCGA-39-5031-01,LSCC,LSCC,0.0006428025662899017,0.0031780016142874956,0.9956390857696533,0.0005400498048402369
TCGA:LSCC:TCGA-39-5034-01,LSCC,LUAD,0.0002695463190320879,0.00010873314749915153,0.0034464900381863117,0.9961751699447632
TCGA:LSCC:TCGA-39-5035-01,LSCC,LSCC,0.0015672219451516867,0.0009014977258630097,0.9969592094421387,0.0005720866029150784
TCGA:LSCC:TCGA-39-5036-01,LSCC,LSCC,6.336260412354022e-05,0.0002284256916027516,0.999584972858429,0.00012329965829849243
TCGA:LSCC:TCGA-39-5037-01,LSCC,LSCC,2.595898877189029e-05,3.5316275898367167e-05,0.9999024868011475,3.624432793003507e-05
TCGA:LSCC:TCGA-39-5039-01,LSCC,LSCC,0.00045643962221220136,0.0001741322921589017,0.9966436624526978,0.0027258298359811306
TCGA:LSCC:TCGA-39-5040-01,LSCC,LSCC,0.008311317302286625,0.0030960082076489925,0.9519358277320862,0.036656878888607025
TCGA:LSCC:TCGA-43-2576-01,LSCC,LUAD,0.03679456189274788,0.007384115364402533,0.11355728656053543,0.8422640562057495
TCGA:LSCC:TCGA-43-2578-01,LSCC,BRCA,0.8295302987098694,0.0010710596106946468,0.1627756804227829,0.006622964981943369
TCGA:LSCC:TCGA-43-2581-01,LSCC,LUAD,0.0002940689737442881,9.562211926095188e-05,0.0011926258448511362,0.9984177350997925
TCGA:LSCC:TCGA-43-3394-01,LSCC,LSCC,3.4354634408373386e-05,4.41807642346248e-05,0.9998480081558228,7.345579069806263e-05
TCGA:LSCC:TCGA-43-3920-01,LSCC,LSCC,0.00039163342444226146,0.0003266140120103955,0.998970627784729,0.00031112509896047413
TCGA:LSCC:TCGA-43-5668-01,LSCC,LSCC,0.047495029866695404,0.008447500877082348,0.5705305933952332,0.3735268712043762
TCGA:LSCC:TCGA-43-5670-01,LSCC,LSCC,0.01135147362947464,0.3521469533443451,0.6287323236465454,0.00776927312836051
TCGA:LSCC:TCGA-43-6143-01,LSCC,LSCC,0.0001794191775843501,0.0007694019586779177,0.9989487528800964,0.00010246529564028606
TCGA:LSCC:TCGA-43-6647-01,LSCC,LSCC,0.0018273699097335339,0.002471483778208494,0.9949997663497925,0.0007014379953034222
TCGA:LSCC:TCGA-43-6770-01,LSCC,LSCC,2.9473563699866645e-05,5.978511762805283e-05,0.9998965263366699,1.4173947420204058e-05
TCGA:LSCC:TCGA-43-6771-01,LSCC,HNSCC,0.0005601909360848367,0.9960669875144958,0.0031544987577944994,0.00021833379287272692
TCGA:LSCC:TCGA-43-6773-01,LSCC,LSCC,0.00012699954095296562,0.0001412333222106099,0.9995192289352417,0.0002125205792253837
TCGA:LSCC:TCGA-43-7656-01,LSCC,LSCC,0.007926618680357933,0.0033944076858460903,0.9869123697280884,0.0017665816703811288
TCGA:LSCC:TCGA-43-7657-01,LSCC,LSCC,0.0017539655091241002,0.0011588173219934106,0.9962463974952698,0.0008407813147641718
TCGA:LSCC:TCGA-43-7658-01,LSCC,LSCC,0.03283205255866051,0.02219603769481182,0.8353434801101685,0.10962836444377899
TCGA:LSCC:TCGA-43-8115-01,LSCC,LSCC,0.003289623651653528,0.02467789687216282,0.970855176448822,0.0011773300357162952
TCGA:LSCC:TCGA-43-8116-01,LSCC,LSCC,8.045579306781292e-05,9.412840154254809e-05,0.9997276663780212,9.767821757122874e-05
TCGA:LSCC:TCGA-43-8118-01,LSCC,LSCC,9.494377445662394e-05,7.741351146250963e-05,0.9996380805969238,0.00018957984866574407
TCGA:LSCC:TCGA-43-A474-01,LSCC,LSCC,0.00032174820080399513,0.021051594987511635,0.9780170917510986,0.0006095357821322978
TCGA:LSCC:TCGA-43-A475-01,LSCC,LSCC,9.039515862241387e-05,0.0001444258523406461,0.9996457099914551,0.00011950575571972877
TCGA:LSCC:TCGA-43-A56U-01,LSCC,LSCC,0.0024495208635926247,0.00371737964451313,0.9228011965751648,0.07103191316127777
TCGA:LSCC:TCGA-43-A56V-01,LSCC,LSCC,4.8204761696979403e-05,8.067222370300442e-05,0.9996904134750366,0.00018074072431772947
TCGA:LSCC:TCGA-46-3765-01,LSCC,LSCC,2.1554678824031726e-05,4.2709740228019655e-05,0.9999067783355713,2.9001645089010708e-05
TCGA:LSCC:TCGA-46-3766-01,LSCC,LSCC,0.0002651175600476563,0.00028774040401913226,0.9988629817962646,0.0005842198152095079
TCGA:LSCC:TCGA-46-3767-01,LSCC,LSCC,5.69587828067597e-05,3.498372825561091e-05,0.9998667240142822,4.128645014134236e-05
TCGA:LSCC:TCGA-46-3768-01,LSCC,LSCC,3.770846524275839e-05,2.808866702252999e-05,0.9998751878738403,5.8959391026291996e-05
TCGA:LSCC:TCGA-46-3769-01,LSCC,LSCC,0.0030807270668447018,0.00362994521856308,0.9905574321746826,0.002731884364038706
TCGA:LSCC:TCGA-46-6025-01,LSCC,LSCC,2.8276048396946862e-05,0.00023401652288157493,0.9997101426124573,2.759723247436341e-05
TCGA:LSCC:TCGA-46-6026-01,LSCC,LSCC,0.00021037778060417622,0.0009705169359222054,0.9987642765045166,5.48792231711559e-05
TCGA:LSCC:TCGA-51-4079-01,LSCC,LSCC,3.0850686016492546e-05,7.277145778061822e-05,0.9998664855957031,2.986941944982391e-05
TCGA:LSCC:TCGA-51-4080-01,LSCC,LSCC,7.629705942235887e-05,0.00032934799673967063,0.9995545744895935,3.979283428634517e-05
TCGA:LSCC:TCGA-51-4081-01,LSCC,LSCC,0.00013551801384892315,0.0009744901326484978,0.9988433122634888,4.668260589824058e-05
TCGA:LSCC:TCGA-52-7622-01,LSCC,LSCC,9.775441867532209e-05,4.4539530790643767e-05,0.9991926550865173,0.0006650743307545781
TCGA:LSCC:TCGA-52-7809-01,LSCC,LSCC,0.00020008697174489498,0.00028069945983588696,0.9971597194671631,0.00235949014313519
TCGA:LSCC:TCGA-52-7810-01,LSCC,LSCC,0.0001488782581873238,0.004268792923539877,0.9954652190208435,0.00011713504500221461
TCGA:LSCC:TCGA-52-7811-01,LSCC,LSCC,6.88229119987227e-05,6.666469562333077e-05,0.9997034668922424,0.00016106806288007647
TCGA:LSCC:TCGA-52-7812-01,LSCC,LUAD,7.054468005662784e-05,4.674222873291001e-05,0.00048259226605296135,0.9994001388549805
TCGA:LSCC:TCGA-56-1622-01,LSCC,LSCC,0.0005412267055362463,0.016555622220039368,0.9793044328689575,0.003598707029595971
TCGA:LSCC:TCGA-56-5897-01,LSCC,LSCC,0.00024755383492447436,0.0015725841512903571,0.9979175925254822,0.00026229614741168916
TCGA:LSCC:TCGA-56-5898-01,LSCC,LSCC,0.00017815448518376797,0.0004417189920786768,0.998839795589447,0.0005403482937254012
TCGA:LSCC:TCGA-56-6545-01,LSCC,LSCC,0.0005031208274886012,0.002026991220191121,0.9971189498901367,0.00035096940700896084
TCGA:LSCC:TCGA-56-6546-01,LSCC,LSCC,0.0014310539700090885,0.000720189418643713,0.9873406291007996,0.010508071631193161
TCGA:LSCC:TCGA-56-7221-01,LSCC,LSCC,0.0001256878167623654,0.0003354426589794457,0.9993213415145874,0.00021753825421910733
TCGA:LSCC:TCGA-56-7222-01,LSCC,LSCC,0.0004331791715230793,0.0013564466498792171,0.9971097111701965,0.0011006424902006984
TCGA:LSCC:TCGA-56-7223-01,LSCC,LSCC,0.003799665020778775,0.00462339585646987,0.9870650768280029,0.004511861130595207
TCGA:LSCC:TCGA-56-7579-01,LSCC,LSCC,0.0005015237256884575,0.041095927357673645,0.9578854441642761,0.0005170807708054781
TCGA:LSCC:TCGA-56-7580-01,LSCC,LSCC,4.1328632505610585e-05,3.861543154926039e-05,0.9998292922973633,9.075116395251825e-05
TCGA:LSCC:TCGA-56-7582-01,LSCC,LSCC,6.733227928634733e-05,0.006627135910093784,0.9932749271392822,3.062647010665387e-05
TCGA:LSCC:TCGA-56-7730-01,LSCC,LSCC,5.2125033107586205e-05,0.0001469478156650439,0.9997718930244446,2.903974018408917e-05
TCGA:LSCC:TCGA-56-7731-01,LSCC,LSCC,0.0008746844832785428,0.00048121847794391215,0.9968602657318115,0.0017838074127212167
TCGA:LSCC:TCGA-56-7822-01,LSCC,LSCC,0.0001880754134617746,0.0012054780963808298,0.997677743434906,0.0009286912390962243
TCGA:LSCC:TCGA-56-7823-01,LSCC,LSCC,0.00027968393987976015,0.007389968726783991,0.9921243786811829,0.00020592806686181575
TCGA:LSCC:TCGA-56-8082-01,LSCC,LSCC,2.960960046038963e-05,1.946511838468723e-05,0.9999285936355591,2.227926961495541e-05
TCGA:LSCC:TCGA-56-8083-01,LSCC,LSCC,0.004944642540067434,0.002504154108464718,0.9760900735855103,0.016461068764328957
TCGA:LSCC:TCGA-56-8201-01,LSCC,LSCC,0.0008703598869033158,0.001819454599171877,0.9865019917488098,0.010808199644088745
TCGA:LSCC:TCGA-56-8304-01,LSCC,LSCC,0.0006717719370499253,0.025248343124985695,0.9723225831985474,0.0017573036020621657
TCGA:LSCC:TCGA-56-8305-01,LSCC,LSCC,3.674188337754458e-05,0.00010907315299846232,0.9998231530189514,3.100111280218698e-05
TCGA:LSCC:TCGA-56-8307-01,LSCC,LSCC,0.006637213286012411,0.018253618851304054,0.971656858921051,0.0034523142967373133
TCGA:LSCC:TCGA-56-8308-01,LSCC,LSCC,3.2615545933367684e-05,0.00016888888785615563,0.9997723698616028,2.6079524104716256e-05
TCGA:LSCC:TCGA-56-8309-01,LSCC,LSCC,0.0005365052493289113,0.0003630401333793998,0.9976494908332825,0.0014509850880131125
TCGA:LSCC:TCGA-56-8503-01,LSCC,LSCC,0.00034700994729064405,0.012105949223041534,0.9873923659324646,0.00015467943740077317
TCGA:LSCC:TCGA-56-8504-01,LSCC,LSCC,2.584275534900371e-05,7.941680814838037e-05,0.9998389482498169,5.573215821641497e-05
TCGA:LSCC:TCGA-56-8622-01,LSCC,LSCC,0.0006860964349471033,0.002485880395397544,0.9933551549911499,0.0034728299360722303
TCGA:LSCC:TCGA-56-8623-01,LSCC,LUAD,0.012327879667282104,0.007962415926158428,0.2501510679721832,0.7295586466789246
TCGA:LSCC:TCGA-56-8624-01,LSCC,LSCC,0.0007853065035305917,0.002710718661546707,0.9959161877632141,0.0005877892253920436
TCGA:LSCC:TCGA-56-8625-01,LSCC,LSCC,0.00013403453340288252,0.0001487613917561248,0.999525785446167,0.00019137551134917885
TCGA:LSCC:TCGA-56-8626-01,LSCC,LSCC,0.0002524948213249445,0.00042858466622419655,0.9987998008728027,0.0005191280506551266
TCGA:LSCC:TCGA-56-8628-01,LSCC,LSCC,0.0002353639283683151,0.000281707412796095,0.9991888403892517,0.0002940270642284304
TCGA:LSCC:TCGA-56-8629-01,LSCC,LSCC,0.0006276980857364833,0.0004965538973920047,0.9985044002532959,0.0003713898768182844
TCGA:LSCC:TCGA-56-A49D-01,LSCC,LSCC,0.000262957822997123,0.0002854935301002115,0.9982885718345642,0.0011630036169663072
TCGA:LSCC:TCGA-56-A4BW-01,LSCC,LSCC,0.000250611687079072,0.0002813910832628608,0.9977109432220459,0.0017570349154993892
TCGA:LSCC:TCGA-56-A4BX-01,LSCC,LSCC,0.0005900844698771834,0.06395387649536133,0.9349412322044373,0.0005147691117599607
TCGA:LSCC:TCGA-56-A4BY-01,LSCC,LSCC,0.00019103387603536248,0.00018356995133217424,0.9991592168807983,0.0004661952261812985
TCGA:LSCC:TCGA-56-A4ZJ-01,LSCC,LSCC,0.0004196705704089254,0.00014027941506356,0.9935639500617981,0.005876028444617987
TCGA:LSCC:TCGA-56-A4ZK-01,LSCC,LSCC,0.0008521832060068846,0.03384437784552574,0.9649031162261963,0.00040034757694229484
TCGA:LSCC:TCGA-56-A5DR-01,LSCC,LSCC,6.556973676197231e-05,7.76022206991911e-05,0.9997963309288025,6.05733112024609e-05
TCGA:LSCC:TCGA-56-A5DS-01,LSCC,LSCC,0.00020503532141447067,0.00021110571105964482,0.9991443157196045,0.000439567695138976
TCGA:LSCC:TCGA-56-A62T-01,LSCC,LSCC,0.0004699210694525391,0.31336432695388794,0.6859861016273499,0.00017961363482754678
TCGA:LSCC:TCGA-58-8386-01,LSCC,LSCC,0.00014703170745633543,0.00042231864063069224,0.9990917444229126,0.00033895476371981204
TCGA:LSCC:TCGA-58-8387-01,LSCC,LSCC,0.002377741038799286,0.011740962974727154,0.9839197993278503,0.001961465459316969
TCGA:LSCC:TCGA-58-8388-01,LSCC,BRCA,0.5864939093589783,0.0007352883112616837,0.4088032841682434,0.003967485390603542
TCGA:LSCC:TCGA-58-8390-01,LSCC,LSCC,0.0008214249392040074,0.0010026299860328436,0.9977625608444214,0.0004133611510042101
TCGA:LSCC:TCGA-58-8391-01,LSCC,LSCC,2.7005793526768684e-05,0.00012215231254231185,0.9998279809951782,2.2868734959047288e-05
TCGA:LSCC:TCGA-58-8392-01,LSCC,LSCC,3.943374031223357e-05,0.00024356096400879323,0.9996829032897949,3.416626714169979e-05
TCGA:LSCC:TCGA-58-8393-01,LSCC,LSCC,0.0002566576877143234,0.00021944136824458838,0.999006450176239,0.0005174950929358602
TCGA:LSCC:TCGA-58-A46J-01,LSCC,LSCC,9.31456743273884e-05,0.0001926156401168555,0.9995751976966858,0.0001390325342072174
TCGA:LSCC:TCGA-58-A46K-01,LSCC,LSCC,6.808739271946251e-05,0.00013416547153610736,0.9997621178627014,3.56586642737966e-05
TCGA:LSCC:TCGA-58-A46L-01,LSCC,LSCC,0.00028349057538434863,0.04092768207192421,0.958580493927002,0.00020828185370191932
TCGA:LSCC:TCGA-58-A46M-01,LSCC,LSCC,0.004289718344807625,0.016237569972872734,0.9780408143997192,0.0014318751636892557
TCGA:LSCC:TCGA-58-A46N-01,LSCC,LSCC,0.0004536751366686076,0.053493060171604156,0.9458026885986328,0.00025053712306544185
TCGA:LSCC:TCGA-60-2695-01,LSCC,LSCC,0.0300443135201931,0.006084130145609379,0.8811230063438416,0.08274856209754944
TCGA:LSCC:TCGA-60-2697-01,LSCC,LSCC,0.0002259668690385297,6.885687616886571e-05,0.9863424897193909,0.013362697325646877
TCGA:LSCC:TCGA-60-2698-01,LSCC,LSCC,2.6329262254876085e-05,0.00034339618287049234,0.9995402097702026,9.003503510029987e-05
TCGA:LSCC:TCGA-60-2703-01,LSCC,LSCC,0.00030072490335442126,0.0003087567165493965,0.9989223480224609,0.00046824279706925154
TCGA:LSCC:TCGA-60-2704-01,LSCC,LSCC,5.680741378455423e-05,4.076564437127672e-05,0.9997939467430115,0.00010848757665371522
TCGA:LSCC:TCGA-60-2706-01,LSCC,LUAD,0.007057734299451113,0.0056083849631249905,0.49296140670776367,0.4943724274635315
TCGA:LSCC:TCGA-60-2707-01,LSCC,LSCC,0.0005093577201478183,0.0007435223087668419,0.9946881532669067,0.004059029743075371
TCGA:LSCC:TCGA-60-2708-01,LSCC,LSCC,0.0014133723452687263,0.21239982545375824,0.7859715223312378,0.00021527476201299578
TCGA:LSCC:TCGA-60-2709-01,LSCC,LSCC,6.723558908561245e-05,4.4366457586875185e-05,0.9998337030410767,5.4698499297956005e-05
TCGA:LSCC:TCGA-60-2710-01,LSCC,LSCC,7.282890874193981e-05,0.0001211926864925772,0.9996696710586548,0.00013636173389386386
TCGA:LSCC:TCGA-60-2711-01,LSCC,LSCC,7.370053208433092e-05,0.0001609976461622864,0.9997020363807678,6.323902198346332e-05
TCGA:LSCC:TCGA-60-2713-01,LSCC,LSCC,0.00014540088886860758,0.0003238402132410556,0.9994698166847229,6.100459722802043e-05
TCGA:LSCC:TCGA-60-2714-01,LSCC,LUAD,0.0004902341170236468,0.00014336143794935197,0.0012928950600326061,0.9980734586715698
TCGA:LSCC:TCGA-60-2716-01,LSCC,LSCC,0.003669972298666835,0.20979444682598114,0.7768543362617493,0.009681273251771927
TCGA:LSCC:TCGA-60-2719-01,LSCC,LSCC,0.00017798671615310013,0.00015787135635036975,0.9995220899581909,0.00014201343583408743
TCGA:LSCC:TCGA-60-2720-01,LSCC,LSCC,0.00021768950682599097,0.0005058390088379383,0.9989523887634277,0.00032403363729827106
TCGA:LSCC:TCGA-60-2721-01,LSCC,LSCC,6.570044934051111e-05,0.033224914222955704,0.9666666984558105,4.263130176695995e-05
TCGA:LSCC:TCGA-60-2722-01,LSCC,LSCC,0.00019976214389316738,0.012877131812274456,0.9867832660675049,0.000139825206133537
TCGA:LSCC:TCGA-60-2723-01,LSCC,LSCC,0.00017327925888821483,0.00031337974360212684,0.9990423321723938,0.00047096345224417746
TCGA:LSCC:TCGA-60-2724-01,LSCC,HNSCC,0.0014729499816894531,0.5788790583610535,0.4187586009502411,0.0008893379126675427
TCGA:LSCC:TCGA-60-2725-01,LSCC,LSCC,0.00018846819875761867,0.00012820021947845817,0.9990969896316528,0.0005863808910362422
TCGA:LSCC:TCGA-60-2726-01,LSCC,LSCC,0.0002498964895494282,0.00021906640904489905,0.9982091188430786,0.0013219323009252548
TCGA:LSCC:TCGA-63-5128-01,LSCC,LSCC,0.0001130536911659874,0.0006336463266052306,0.9990493655204773,0.00020392618898767978
TCGA:LSCC:TCGA-63-5131-01,LSCC,LSCC,6.864688475616276e-05,5.096020322525874e-05,0.9997164607048035,0.00016386881179641932
TCGA:LSCC:TCGA-63-6202-01,LSCC,LUAD,0.0010244078002870083,0.0007948754937388003,0.1588052660226822,0.8393754363059998
TCGA:LSCC:TCGA-63-7020-01,LSCC,LSCC,0.0002816825290210545,0.0006840634159743786,0.9955319166183472,0.0035022590309381485
TCGA:LSCC:TCGA-63-7021-01,LSCC,LSCC,0.00013091096479911357,0.0004270943463779986,0.9993928670883179,4.914229430141859e-05
TCGA:LSCC:TCGA-63-7022-01,LSCC,LSCC,4.0801529394229874e-05,0.00012332291225902736,0.9998050332069397,3.088773519266397e-05
TCGA:LSCC:TCGA-63-7023-01,LSCC,LSCC,0.006243112031370401,0.002868914743885398,0.9901273250579834,0.0007606929284520447
TCGA:LSCC:TCGA-63-A5M9-01,LSCC,LSCC,5.498257087310776e-05,8.830484875943512e-05,0.9997542500495911,0.00010243921860819682
TCGA:LSCC:TCGA-63-A5MB-01,LSCC,LSCC,0.00033624412026256323,0.0003220094076823443,0.9989105463027954,0.0004312061646487564
TCGA:LSCC:TCGA-63-A5MG-01,LSCC,LSCC,0.000392225687392056,0.001623980700969696,0.995194137096405,0.0027896659448742867
TCGA:LSCC:TCGA-63-A5MH-01,LSCC,HNSCC,0.0036165930796414614,0.657019853591919,0.3377225697040558,0.0016409963136538863
TCGA:LSCC:TCGA-63-A5MI-01,LSCC,LSCC,0.00019887162488885224,7.565539999632165e-05,0.9993564486503601,0.00036903703585267067
TCGA:LSCC:TCGA-63-A5MJ-01,LSCC,LSCC,0.0011189901269972324,0.008384805172681808,0.9902128577232361,0.00028335367096588016
TCGA:LSCC:TCGA-63-A5ML-01,LSCC,LSCC,0.00010575808846624568,8.644592162454501e-05,0.9996966123580933,0.00011124907177872956
TCGA:LSCC:TCGA-63-A5MM-01,LSCC,HNSCC,0.2904565632343292,0.5584774017333984,0.12755586206912994,0.023510152474045753
TCGA:LSCC:TCGA-63-A5MN-01,LSCC,LUAD,0.0024558664299547672,0.0016296306857839227,0.13953439891338348,0.8563801050186157
TCGA:LSCC:TCGA-63-A5MP-01,LSCC,LSCC,4.191486368654296e-05,8.902161061996594e-05,0.9997302889823914,0.0001387973316013813
TCGA:LSCC:TCGA-63-A5MR-01,LSCC,LSCC,0.0002259810280520469,0.0038658638950437307,0.9957481026649475,0.0001601235562702641
TCGA:LSCC:TCGA-63-A5MS-01,LSCC,LSCC,9.866028995020315e-05,4.853750215261243e-05,0.9997009038925171,0.00015193094441201538
TCGA:LSCC:TCGA-63-A5MT-01,LSCC,LSCC,0.0003057176654692739,0.00047089470899663866,0.9983698725700378,0.0008534766966477036
TCGA:LSCC:TCGA-63-A5MU-01,LSCC,LSCC,0.0003324272111058235,0.39395856857299805,0.6053649187088013,0.0003440347209107131
TCGA:LSCC:TCGA-63-A5MV-01,LSCC,LSCC,0.0003724421840161085,0.0009242609376087785,0.9985904097557068,0.00011283527419436723
TCGA:LSCC:TCGA-63-A5MW-01,LSCC,LSCC,0.12645964324474335,0.013285486958920956,0.8530436158180237,0.0072112479247152805
TCGA:LSCC:TCGA-63-A5MY-01,LSCC,LSCC,0.0005479957908391953,0.003437599865719676,0.9945242404937744,0.001490222755819559
TCGA:LSCC:TCGA-66-2727-01,LSCC,LSCC,2.210838283644989e-05,2.3310965843847953e-05,0.9998981952667236,5.636557034449652e-05
TCGA:LSCC:TCGA-66-2734-01,LSCC,LSCC,2.715088521654252e-05,5.3564544941764325e-05,0.9998856782913208,3.36236298608128e-05
TCGA:LSCC:TCGA-66-2737-01,LSCC,LSCC,2.781531475193333e-05,4.19291973230429e-05,0.9999080896377563,2.2115771571407095e-05
TCGA:LSCC:TCGA-66-2742-01,LSCC,LSCC,8.98881844477728e-05,4.7757788706803694e-05,0.9996015429496765,0.00026084878481924534
TCGA:LSCC:TCGA-66-2744-01,LSCC,LSCC,0.005320488940924406,0.0116396714001894,0.9677689671516418,0.01527087576687336
TCGA:LSCC:TCGA-66-2753-01,LSCC,LSCC,0.00013561129162553698,0.00012702331878244877,0.9994145631790161,0.0003228599380236119
TCGA:LSCC:TCGA-66-2754-01,LSCC,LUAD,0.0041641113348305225,0.0015453484375029802,0.1859050989151001,0.8083853721618652
TCGA:LSCC:TCGA-66-2755-01,LSCC,LSCC,0.004826985765248537,0.0023216544650495052,0.9923629760742188,0.0004883963847532868
TCGA:LSCC:TCGA-66-2756-01,LSCC,LSCC,0.0057302736677229404,0.002997975330799818,0.8381738066673279,0.15309786796569824
TCGA:LSCC:TCGA-66-2757-01,LSCC,LSCC,0.0017932928167283535,0.00026667871861718595,0.9959927201271057,0.001947374432347715
TCGA:LSCC:TCGA-66-2758-01,LSCC,LSCC,4.715342220151797e-05,1.6694722944521345e-05,0.9998711347579956,6.497988215414807e-05
TCGA:LSCC:TCGA-66-2759-01,LSCC,LSCC,5.733450234401971e-05,0.0016816342249512672,0.9982156753540039,4.539158908301033e-05
TCGA:LSCC:TCGA-66-2763-01,LSCC,LSCC,0.00012975522258784622,0.00026941063697449863,0.9978819489479065,0.0017189019126817584
TCGA:LSCC:TCGA-66-2765-01,LSCC,LSCC,8.227342914324254e-05,0.00042430515168234706,0.9994202852249146,7.316839037230238e-05
TCGA:LSCC:TCGA-66-2766-01,LSCC,LSCC,0.00022787887428421527,0.00047149654710665345,0.9991216063499451,0.0001790717215044424
TCGA:LSCC:TCGA-66-2767-01,LSCC,LSCC,8.639356383355334e-05,0.00013444008072838187,0.9996077418327332,0.00017145450692623854
TCGA:LSCC:TCGA-66-2768-01,LSCC,HNSCC,0.002346581080928445,0.63141268491745,0.3627854883670807,0.0034552772995084524
TCGA:LSCC:TCGA-66-2769-01,LSCC,LSCC,9.840811981121078e-05,4.9979651521425694e-05,0.9997308850288391,0.00012075258564436808
TCGA:LSCC:TCGA-66-2770-01,LSCC,LSCC,3.598281546146609e-05,0.00015747913857921958,0.9997734427452087,3.312635453767143e-05
TCGA:LSCC:TCGA-66-2771-01,LSCC,LSCC,0.00011041006655432284,0.00011041860125260428,0.9989827275276184,0.0007964535034261644
TCGA:LSCC:TCGA-66-2773-01,LSCC,LSCC,3.521915277815424e-05,1.60751096700551e-05,0.9998855590820312,6.317930819932371e-05
TCGA:LSCC:TCGA-66-2777-01,LSCC,LSCC,0.00032714763074181974,0.0002464701246935874,0.9986684322357178,0.000757984584197402
TCGA:LSCC:TCGA-66-2778-01,LSCC,LSCC,0.00011279254977125674,0.00041787928785197437,0.998958945274353,0.0005103946896269917
TCGA:LSCC:TCGA-66-2780-01,LSCC,LSCC,2.414616392343305e-05,0.00025722914142534137,0.9997051358222961,1.348128807876492e-05
TCGA:LSCC:TCGA-66-2781-01,LSCC,LSCC,7.641081901965663e-05,8.344808884430677e-05,0.9998161196708679,2.4049970306805335e-05
TCGA:LSCC:TCGA-66-2782-01,LSCC,LSCC,4.2864678107434884e-05,3.4220425732200965e-05,0.9998877048492432,3.5162578569725156e-05
TCGA:LSCC:TCGA-66-2783-01,LSCC,LSCC,3.452304736129008e-05,6.373663927661255e-05,0.9998573064804077,4.4355110730975866e-05
TCGA:LSCC:TCGA-66-2785-01,LSCC,LSCC,0.02313101850450039,0.0006175772869028151,0.9741193056106567,0.002132080728188157
TCGA:LSCC:TCGA-66-2786-01,LSCC,LSCC,0.00011001889652106911,0.00011625399201875553,0.9981955885887146,0.001578194205649197
TCGA:LSCC:TCGA-66-2787-01,LSCC,LSCC,0.00014618475688621402,7.195970829343423e-05,0.9996907711029053,9.110206883633509e-05
TCGA:LSCC:TCGA-66-2788-01,LSCC,LSCC,0.00013748813944403082,0.00018773322517517954,0.9995105266571045,0.00016426607908215374
TCGA:LSCC:TCGA-66-2789-01,LSCC,LSCC,4.105141124455258e-05,3.623417069320567e-05,0.999866247177124,5.640404197038151e-05
TCGA:LSCC:TCGA-66-2790-01,LSCC,LSCC,0.001018419163301587,0.0009327117586508393,0.9970535039901733,0.0009953647386282682
TCGA:LSCC:TCGA-66-2791-01,LSCC,LSCC,6.232575105968863e-05,9.518799197394401e-05,0.9997922778129578,5.022899858886376e-05
TCGA:LSCC:TCGA-66-2792-01,LSCC,LSCC,0.00018953737162519246,0.0004921052604913712,0.9992035031318665,0.00011483728303574026
TCGA:LSCC:TCGA-66-2793-01,LSCC,LSCC,8.750922279432416e-05,8.973227522801608e-05,0.9983722567558289,0.001450495095923543
TCGA:LSCC:TCGA-66-2794-01,LSCC,LSCC,0.00010451347770867869,4.9344431317877024e-05,0.9997829794883728,6.31577058811672e-05
TCGA:LSCC:TCGA-66-2795-01,LSCC,LSCC,3.841236321022734e-05,2.6682275347411633e-05,0.9999010562896729,3.379814370418899e-05
TCGA:LSCC:TCGA-66-2800-01,LSCC,LSCC,2.5249075406463817e-05,1.9554356185835786e-05,0.9999145269393921,4.0695551433600485e-05
TCGA:LSCC:TCGA-68-7755-01,LSCC,LSCC,0.0008930556941777468,0.01795593649148941,0.9804694056510925,0.0006815710803493857
TCGA:LSCC:TCGA-68-7756-01,LSCC,LSCC,0.0006561012705788016,0.0013552921591326594,0.9961618185043335,0.001826788648031652
TCGA:LSCC:TCGA-68-7757-01,LSCC,LSCC,0.0016745378961786628,0.01487825345247984,0.9754559397697449,0.007991288788616657
TCGA:LSCC:TCGA-68-8250-01,LSCC,LSCC,0.00014649436343461275,9.69310785876587e-05,0.9977994561195374,0.0019570898730307817
TCGA:LSCC:TCGA-68-8251-01,LSCC,LSCC,0.00016481976490467787,0.0001594993082107976,0.9995529055595398,0.00012270531442482024
TCGA:LSCC:TCGA-68-A59I-01,LSCC,LSCC,0.001183517393656075,0.009982747957110405,0.9881635308265686,0.0006701680831611156
TCGA:LSCC:TCGA-68-A59J-01,LSCC,LSCC,0.0006493427790701389,0.0011330075794830918,0.9975675344467163,0.0006501033785752952
TCGA:LSCC:TCGA-6A-AB49-01,LSCC,LSCC,0.010855688713490963,0.010247618891298771,0.9758355021476746,0.003061136696487665
TCGA:LSCC:TCGA-70-6722-01,LSCC,LSCC,0.0005965476157143712,0.00033940974390134215,0.9956305027008057,0.0034334969241172075
TCGA:LSCC:TCGA-70-6723-01,LSCC,LSCC,0.0004345053748693317,0.012277469970285892,0.9869116544723511,0.0003763200656976551
TCGA:LSCC:TCGA-77-6842-01,LSCC,LSCC,0.0005541613791137934,0.0006108140805736184,0.9967235922813416,0.0021114968694746494
TCGA:LSCC:TCGA-77-6843-01,LSCC,LSCC,0.00012459764548111707,0.00041851866990327835,0.9992817044258118,0.00017515088256914169
TCGA:LSCC:TCGA-77-6844-01,LSCC,LSCC,0.00014475363423116505,0.00019132313900627196,0.9993113279342651,0.00035265437327325344
TCGA:LSCC:TCGA-77-6845-01,LSCC,LSCC,2.5006092982948758e-05,4.760556839755736e-05,0.9998918771743774,3.5466098779579625e-05
TCGA:LSCC:TCGA-77-7138-01,LSCC,LSCC,0.0032464265823364258,0.09740854799747467,0.8976297974586487,0.0017152292421087623
TCGA:LSCC:TCGA-77-7139-01,LSCC,LSCC,0.001294379006139934,0.003914554603397846,0.994073212146759,0.0007178212981671095
TCGA:LSCC:TCGA-77-7140-01,LSCC,LSCC,0.009668051265180111,0.12834307551383972,0.8601924777030945,0.001796441967599094
TCGA:LSCC:TCGA-77-7141-01,LSCC,LSCC,0.0005358906928449869,0.00017751949781086296,0.9991331696510315,0.00015338700904976577
TCGA:LSCC:TCGA-77-7142-01,LSCC,LSCC,0.0009020792203955352,0.0003089035162702203,0.9974976181983948,0.0012914198450744152
TCGA:LSCC:TCGA-77-7335-01,LSCC,LSCC,0.005383445881307125,0.0030255846213549376,0.9904364943504333,0.0011544240405783057
TCGA:LSCC:TCGA-77-7337-01,LSCC,LSCC,0.0038797634188085794,0.30748292803764343,0.6860888004302979,0.0025485248770564795
TCGA:LSCC:TCGA-77-7338-01,LSCC,LSCC,9.460646833758801e-05,0.0003548293898347765,0.999344527721405,0.00020600415882654488
TCGA:LSCC:TCGA-77-7463-01,LSCC,LSCC,3.527147782733664e-05,5.703083297703415e-05,0.9998109936714172,9.673223394202068e-05
TCGA:LSCC:TCGA-77-7465-01,LSCC,LSCC,0.00016273166693281382,8.991431241156533e-05,0.9996032118797302,0.00014418271894101053
TCGA:LSCC:TCGA-77-8007-01,LSCC,LUAD,0.0005580962751992047,0.00042743372614495456,0.0014013542095199227,0.9976130723953247
TCGA:LSCC:TCGA-77-8008-01,LSCC,LSCC,0.0005018804222345352,0.001368307857774198,0.9979817867279053,0.00014801406359765679
TCGA:LSCC:TCGA-77-8009-01,LSCC,LSCC,0.0004944836255162954,0.0016594345215708017,0.9976625442504883,0.0001834990835050121
TCGA:LSCC:TCGA-77-8128-01,LSCC,LSCC,0.002597272861748934,0.08791191130876541,0.907424807548523,0.0020660434383898973
TCGA:LSCC:TCGA-77-8130-01,LSCC,LSCC,0.0048911175690591335,0.026520946994423866,0.9670731425285339,0.0015147842932492495
TCGA:LSCC:TCGA-77-8131-01,LSCC,LSCC,0.0011068829335272312,0.004063295666128397,0.9927681684494019,0.002061630366370082
TCGA:LSCC:TCGA-77-8133-01,LSCC,LSCC,0.0005905252182856202,0.001478248042985797,0.9975759387016296,0.00035535517963580787
TCGA:LSCC:TCGA-77-8136-01,LSCC,LSCC,0.00016810272063594311,0.0005591685767285526,0.9989532232284546,0.0003194830205757171
TCGA:LSCC:TCGA-77-8138-01,LSCC,LSCC,0.00011319092300254852,9.062176832230762e-05,0.9993715882301331,0.00042467148159630597
TCGA:LSCC:TCGA-77-8139-01,LSCC,LSCC,0.0026012505404651165,0.013528961688280106,0.9821474552154541,0.0017223707400262356
TCGA:LSCC:TCGA-77-8140-01,LSCC,LSCC,7.602338882861659e-05,4.776935020345263e-05,0.9997796416282654,9.656642941990867e-05
TCGA:LSCC:TCGA-77-8143-01,LSCC,LSCC,0.0010225826408714056,0.007330153603106737,0.9734724760055542,0.0181747917085886
TCGA:LSCC:TCGA-77-8144-01,LSCC,HNSCC,0.003819485194981098,0.9622830152511597,0.03243959695100784,0.0014578541740775108
TCGA:LSCC:TCGA-77-8145-01,LSCC,LSCC,4.7594494390068576e-05,6.939714512554929e-05,0.9998537302017212,2.929469701484777e-05
TCGA:LSCC:TCGA-77-8148-01,LSCC,LSCC,0.0010169693268835545,0.0030523703899234533,0.995320737361908,0.0006098677404224873
TCGA:LSCC:TCGA-77-8150-01,LSCC,LSCC,4.586836075759493e-05,0.00033211029949598014,0.9995649456977844,5.710413824999705e-05
TCGA:LSCC:TCGA-77-8153-01,LSCC,LSCC,7.713596278335899e-05,0.000810035562608391,0.9990936517715454,1.9188906662748195e-05
TCGA:LSCC:TCGA-77-8154-01,LSCC,LSCC,4.4336513383314013e-05,0.00011789483687607571,0.999792754650116,4.507046105572954e-05
TCGA:LSCC:TCGA-77-8156-01,LSCC,LSCC,7.790218660375103e-05,7.967227429617196e-05,0.99981290102005,2.9510078093153425e-05
TCGA:LSCC:TCGA-77-A5FZ-01,LSCC,LUAD,0.025579480454325676,0.004762926604598761,0.27407053112983704,0.6955870389938354
TCGA:LSCC:TCGA-77-A5G1-01,LSCC,LSCC,0.00014416998601518571,0.0001508288405602798,0.9993985891342163,0.00030642986530438066
TCGA:LSCC:TCGA-77-A5G3-01,LSCC,LSCC,0.00015490187797695398,0.0015958467265591025,0.9980751276016235,0.00017411353474017233
TCGA:LSCC:TCGA-77-A5G6-01,LSCC,LSCC,0.00010343542817281559,0.00028752131038345397,0.9993910789489746,0.00021799498063046485
TCGA:LSCC:TCGA-77-A5G7-01,LSCC,LSCC,3.810378984780982e-05,0.00010693077638279647,0.9998052716255188,4.972647730028257e-05
TCGA:LSCC:TCGA-77-A5G8-01,LSCC,LSCC,2.506879718566779e-05,3.471828676993027e-05,0.9999206066131592,1.9570688891690224e-05
TCGA:LSCC:TCGA-77-A5GB-01,LSCC,LSCC,0.00033700017957016826,0.0015235793543979526,0.9979674220085144,0.00017201167065650225
TCGA:LSCC:TCGA-77-A5GF-01,LSCC,LSCC,9.865572792477906e-05,0.0006303158006630838,0.9992048144340515,6.624613888561726e-05
TCGA:LSCC:TCGA-77-A5GH-01,LSCC,LSCC,0.0009928919607773423,0.0010436952579766512,0.9968717694282532,0.0010917125036939979
TCGA:LSCC:TCGA-79-5596-01,LSCC,HNSCC,0.003030807012692094,0.5416866540908813,0.4549894332885742,0.00029308540979400277
TCGA:LSCC:TCGA-85-6175-01,LSCC,LSCC,0.004037636332213879,0.014716596342623234,0.9789764285087585,0.002269389573484659
TCGA:LSCC:TCGA-85-6560-01,LSCC,LUAD,0.07974036037921906,0.023913616314530373,0.32883819937705994,0.5675078630447388
TCGA:LSCC:TCGA-85-6561-01,LSCC,LSCC,6.110966933192685e-05,0.00010496146569494158,0.9997972846031189,3.670199293992482e-05
TCGA:LSCC:TCGA-85-6798-01,LSCC,LSCC,0.0002752325963228941,0.005578387062996626,0.9939568042755127,0.00018957706924993545
TCGA:LSCC:TCGA-85-7696-01,LSCC,LSCC,8.769907435635105e-05,0.0001192909840028733,0.9996980428695679,9.499039879301563e-05
TCGA:LSCC:TCGA-85-7697-01,LSCC,LSCC,0.0026623783633112907,0.006858611945062876,0.9889238476753235,0.001555097522214055
TCGA:LSCC:TCGA-85-7698-01,LSCC,LSCC,0.00076945626642555,0.0018840859411284328,0.9971578121185303,0.00018863161676563323
TCGA:LSCC:TCGA-85-7699-01,LSCC,LSCC,0.341838002204895,0.2421947717666626,0.41349175572395325,0.0024754530750215054
TCGA:LSCC:TCGA-85-7710-01,LSCC,LSCC,0.0012888259952887893,0.0009413412190042436,0.9971293807029724,0.0006404658197425306
TCGA:LSCC:TCGA-85-7843-01,LSCC,LSCC,0.0020813692826777697,0.28652527928352356,0.7094948291778564,0.0018985271453857422
TCGA:LSCC:TCGA-85-7844-01,LSCC,LSCC,5.417178908828646e-05,3.9000282413326204e-05,0.99980229139328,0.00010452236892888322
TCGA:LSCC:TCGA-85-7950-01,LSCC,LSCC,0.0034145114477723837,0.014586780220270157,0.9766538739204407,0.0053448909893631935
TCGA:LSCC:TCGA-85-8048-01,LSCC,LSCC,0.00019884351058863103,0.00012788226013071835,0.9983540773391724,0.0013191953767091036
TCGA:LSCC:TCGA-85-8049-01,LSCC,LSCC,0.000559166248422116,0.0017701612086966634,0.9973975419998169,0.00027309893630445004
TCGA:LSCC:TCGA-85-8052-01,LSCC,LSCC,4.7795740101719275e-05,0.00010400614701211452,0.999815046787262,3.317193113616668e-05
TCGA:LSCC:TCGA-85-8070-01,LSCC,LSCC,0.00021960756566841155,0.000517594744451344,0.9990196228027344,0.00024319611839018762
TCGA:LSCC:TCGA-85-8071-01,LSCC,LSCC,0.001190212438814342,0.05815607309341431,0.9396102428436279,0.001043476746417582
TCGA:LSCC:TCGA-85-8072-01,LSCC,LSCC,5.657700967276469e-05,2.0692988982773386e-05,0.9998325109481812,9.014730312628672e-05
TCGA:LSCC:TCGA-85-8276-01,LSCC,LSCC,5.203436012379825e-05,8.88794384081848e-05,0.9998170733451843,4.207999518257566e-05
TCGA:LSCC:TCGA-85-8277-01,LSCC,LSCC,2.8644684789469466e-05,3.443963942117989e-05,0.9998893737792969,4.7521491069346666e-05
TCGA:LSCC:TCGA-85-8287-01,LSCC,LSCC,0.00015743469703011215,6.919028965057805e-05,0.9995914101600647,0.00018198711040895432
TCGA:LSCC:TCGA-85-8288-01,LSCC,LSCC,0.0016589731676504016,0.007496807258576155,0.9905077219009399,0.00033647098462097347
TCGA:LSCC:TCGA-85-8350-01,LSCC,LSCC,0.0001326896745013073,0.00022232193441595882,0.999489426612854,0.00015548513329122216
TCGA:LSCC:TCGA-85-8351-01,LSCC,LSCC,0.00010714714881032705,0.00013133403263054788,0.9983652234077454,0.0013962701195850968
TCGA:LSCC:TCGA-85-8352-01,LSCC,LSCC,0.45772695541381836,0.005907374434173107,0.5336685180664062,0.0026972044724971056
TCGA:LSCC:TCGA-85-8353-01,LSCC,LSCC,5.053172935731709e-05,6.560736073879525e-05,0.9998235106468201,6.037609637132846e-05
TCGA:LSCC:TCGA-85-8354-01,LSCC,LSCC,4.7233712393790483e-05,0.0001409613760188222,0.9997671246528625,4.4696145778289065e-05
TCGA:LSCC:TCGA-85-8355-01,LSCC,LSCC,0.00032046044361777604,0.0003895537229254842,0.9991200566291809,0.00016995731857605278
TCGA:LSCC:TCGA-85-8479-01,LSCC,HNSCC,0.00020225095795467496,0.9969654679298401,0.0027061793953180313,0.00012609145778696984
TCGA:LSCC:TCGA-85-8481-01,LSCC,LSCC,0.002286219270899892,0.015263215638697147,0.9760077595710754,0.006442805752158165
TCGA:LSCC:TCGA-85-8580-01,LSCC,LSCC,3.407182521186769e-05,3.067261059186421e-05,0.9998922348022461,4.296932092984207e-05
TCGA:LSCC:TCGA-85-8582-01,LSCC,LSCC,0.0009006771142594516,0.008820254355669022,0.9899600744247437,0.00031899483292363584
TCGA:LSCC:TCGA-85-8584-01,LSCC,LUAD,0.0001307335332967341,6.499699520645663e-05,0.0003476552665233612,0.9994565844535828
TCGA:LSCC:TCGA-85-8664-01,LSCC,LSCC,0.0013902488863095641,0.0015213590813800693,0.9961919784545898,0.0008964572916738689
TCGA:LSCC:TCGA-85-8666-01,LSCC,LSCC,0.00360893364995718,0.009389647282660007,0.9865538477897644,0.00044764301856048405
TCGA:LSCC:TCGA-85-A4CL-01,LSCC,LSCC,9.4629343948327e-05,0.0005715065635740757,0.9992783665657043,5.5482374591520056e-05
TCGA:LSCC:TCGA-85-A4CN-01,LSCC,LSCC,0.0004428797110449523,0.005491475109010935,0.9939325451850891,0.00013310322538018227
TCGA:LSCC:TCGA-85-A4JB-01,LSCC,LSCC,0.0009184530354104936,0.40790224075317383,0.5907975435256958,0.00038174010114744306
TCGA:LSCC:TCGA-85-A4JC-01,LSCC,LSCC,0.00038063086685724556,0.10751176625490189,0.8919569253921509,0.00015070151130203158
TCGA:LSCC:TCGA-85-A4PA-01,LSCC,LSCC,0.10381527245044708,0.005683553405106068,0.7502935528755188,0.14020763337612152
TCGA:LSCC:TCGA-85-A4QQ-01,LSCC,HNSCC,0.003243918064981699,0.9309154748916626,0.06274900585412979,0.0030915550887584686
TCGA:LSCC:TCGA-85-A4QR-01,LSCC,LSCC,0.0011425961274653673,0.004407218657433987,0.9893157482147217,0.0051344651728868484
TCGA:LSCC:TCGA-85-A50M-01,LSCC,LUAD,0.00707663968205452,0.002816583029925823,0.27498653531074524,0.715120255947113
TCGA:LSCC:TCGA-85-A50Z-01,LSCC,LSCC,4.5319869968807325e-05,9.992175182560459e-05,0.9997971653938293,5.7559398555895314e-05
TCGA:LSCC:TCGA-85-A510-01,LSCC,LUAD,0.0022367718629539013,0.0006647530826739967,0.025303781032562256,0.9717947244644165
TCGA:LSCC:TCGA-85-A511-01,LSCC,LSCC,6.369838229147717e-05,5.063414209871553e-05,0.9998482465744019,3.7359175621531904e-05
TCGA:LSCC:TCGA-85-A512-01,LSCC,LSCC,0.0019690401386469603,0.11453238129615784,0.8816391825675964,0.001859398907981813
TCGA:LSCC:TCGA-85-A513-01,LSCC,LUAD,0.0003022781165782362,7.240180275402963e-05,0.0125906215980649,0.9870347380638123
TCGA:LSCC:TCGA-85-A53L-01,LSCC,LSCC,0.00010680938430596143,7.757671846775338e-05,0.9995573163032532,0.0002583228633739054
TCGA:LSCC:TCGA-85-A5B5-01,LSCC,LSCC,0.0004352882970124483,0.00942577701061964,0.9894436597824097,0.0006952651310712099
TCGA:LSCC:TCGA-90-6837-01,LSCC,LSCC,0.00017599939019419253,0.005247470922768116,0.99440997838974,0.0001664900773903355
TCGA:LSCC:TCGA-90-7766-01,LSCC,LSCC,0.0004767076170537621,0.0006347266607917845,0.9960624575614929,0.002826111624017358
TCGA:LSCC:TCGA-90-7767-01,LSCC,LSCC,0.026549318805336952,0.019731583073735237,0.9469785690307617,0.006740577984601259
TCGA:LSCC:TCGA-90-7769-01,LSCC,LSCC,0.0009722100221551955,0.11218911409378052,0.8858766555786133,0.000961997895501554
TCGA:LSCC:TCGA-90-7964-01,LSCC,LSCC,0.00021626031957566738,0.00018224147788714617,0.9947875738143921,0.004813949577510357
TCGA:LSCC:TCGA-90-A4ED-01,LSCC,LSCC,0.003311512526124716,0.008947443217039108,0.9863560199737549,0.0013850301038473845
TCGA:LSCC:TCGA-90-A4EE-01,LSCC,LSCC,0.0029344004578888416,0.0033970095682889223,0.9904929995536804,0.003175576915964484
TCGA:LSCC:TCGA-90-A59Q-01,LSCC,LUAD,0.0024436123203486204,0.007426544092595577,0.1303165853023529,0.8598132729530334
TCGA:LSCC:TCGA-92-7340-01,LSCC,LSCC,0.00034212248283438385,0.0007469806005246937,0.9983630776405334,0.0005477836821228266
TCGA:LSCC:TCGA-92-7341-01,LSCC,LSCC,0.0004935621400363743,0.027789706364274025,0.971580445766449,0.00013635051436722279
TCGA:LSCC:TCGA-92-8063-01,LSCC,LSCC,0.00015272705059032887,0.00013756469707004726,0.9993206262588501,0.0003890456282533705
TCGA:LSCC:TCGA-92-8064-01,LSCC,LSCC,4.793383050127886e-05,0.0006205228273756802,0.9992823004722595,4.9233014578931034e-05
TCGA:LSCC:TCGA-92-8065-01,LSCC,LSCC,0.012212131172418594,0.11993900686502457,0.8542557954788208,0.013593073934316635
TCGA:LSCC:TCGA-94-7033-01,LSCC,LSCC,0.00015636438911315054,0.0006756298243999481,0.9987499713897705,0.0004179722163826227
TCGA:LSCC:TCGA-94-7557-01,LSCC,LSCC,0.0005499864928424358,0.0002361164370086044,0.9987888932228088,0.0004249670309945941
TCGA:LSCC:TCGA-94-7943-01,LSCC,LSCC,0.1495615541934967,0.031038349494338036,0.5710551142692566,0.24834494292736053
TCGA:LSCC:TCGA-94-8035-01,LSCC,LSCC,6.690884765703231e-05,0.00047495958278886974,0.9993969202041626,6.11555005889386e-05
TCGA:LSCC:TCGA-94-8490-01,LSCC,HNSCC,0.00032227166229858994,0.760256290435791,0.2392212152481079,0.00020020514784846455
TCGA:LSCC:TCGA-94-8491-01,LSCC,LSCC,0.0005677471053786576,0.00047232641372829676,0.9973822236061096,0.0015777236549183726
TCGA:LSCC:TCGA-94-A4VJ-01,LSCC,LSCC,0.005692186299711466,0.018237652257084846,0.9671158194541931,0.008954357355833054
TCGA:LSCC:TCGA-94-A5I4-01,LSCC,LSCC,2.7004305593436584e-05,3.323148484923877e-05,0.9998911619186401,4.856234590988606e-05
TCGA:LSCC:TCGA-94-A5I6-01,LSCC,LSCC,4.8961181164486334e-05,6.05014938628301e-05,0.9998612403869629,2.924361251643859e-05
TCGA:LSCC:TCGA-96-7544-01,LSCC,LSCC,0.0012572398409247398,0.0017016977071762085,0.9964722394943237,0.000568859395571053
TCGA:LSCC:TCGA-96-7545-01,LSCC,LSCC,4.659661135519855e-05,4.592497498379089e-05,0.999842643737793,6.486150959972292e-05
TCGA:LSCC:TCGA-96-8169-01,LSCC,LSCC,4.055389217683114e-05,4.298383282730356e-05,0.9998464584350586,7.003323116805404e-05
TCGA:LSCC:TCGA-96-8170-01,LSCC,LSCC,0.0015518077416345477,0.0019168126164004207,0.9855442643165588,0.010987129993736744
TCGA:LSCC:TCGA-96-A4JL-01,LSCC,LSCC,0.0016260938718914986,0.0011726912343874574,0.987096905708313,0.01010435726493597
TCGA:LSCC:TCGA-98-7454-01,LSCC,LSCC,0.0013226529117673635,0.00044168642489239573,0.9730076193809509,0.025228004902601242
TCGA:LSCC:TCGA-98-8020-01,LSCC,LSCC,0.0019844374619424343,0.0038713961839675903,0.9920732378959656,0.002071005990728736
TCGA:LSCC:TCGA-98-8021-01,LSCC,LSCC,0.00022548853303305805,9.377046080771834e-05,0.9995531439781189,0.00012758340744767338
TCGA:LSCC:TCGA-98-8022-01,LSCC,LSCC,0.00041861511999741197,0.00010366897913627326,0.9991040825843811,0.0003735987702384591
TCGA:LSCC:TCGA-98-8023-01,LSCC,LSCC,0.00464334012940526,0.014326412230730057,0.9767533540725708,0.004276931751519442
TCGA:LSCC:TCGA-98-A538-01,LSCC,LSCC,0.00023063618573360145,0.002520225243642926,0.9970308542251587,0.00021823786664754152
TCGA:LSCC:TCGA-98-A539-01,LSCC,LSCC,3.177648613927886e-05,2.0504627173068002e-05,0.9999035596847534,4.409477696754038e-05
TCGA:LSCC:TCGA-98-A53A-01,LSCC,LSCC,7.924878445919603e-05,0.0006668592104688287,0.999169111251831,8.477411029161885e-05
TCGA:LSCC:TCGA-98-A53B-01,LSCC,LSCC,6.379148544510826e-05,5.3117459174245596e-05,0.9990880489349365,0.0007950066938064992
TCGA:LSCC:TCGA-98-A53C-01,LSCC,LSCC,0.01695999689400196,0.0033264965750277042,0.6222836375236511,0.3574298918247223
TCGA:LSCC:TCGA-98-A53D-01,LSCC,LSCC,0.01623908057808876,0.0045775542967021465,0.6745666265487671,0.30461668968200684
TCGA:LSCC:TCGA-98-A53H-01,LSCC,LSCC,0.021568534895777702,0.005963162984699011,0.7781471014022827,0.1943211555480957
TCGA:LSCC:TCGA-98-A53I-01,LSCC,LSCC,0.0008410026202909648,0.014170086942613125,0.9842802286148071,0.0007086958503350616
TCGA:LSCC:TCGA-98-A53J-01,LSCC,LSCC,0.0003842591540887952,0.004989620763808489,0.9942374229431152,0.0003887115453835577
TCGA:LSCC:TCGA-J1-A4AH-01,LSCC,LSCC,0.0006206967518664896,0.0030802590772509575,0.9957893490791321,0.0005096687818877399
TCGA:LSCC:TCGA-L3-A4E7-01,LSCC,LSCC,9.104783384827897e-05,0.0001094326944439672,0.9986069798469543,0.0011926101287826896
TCGA:LSCC:TCGA-L3-A524-01,LSCC,HNSCC,0.007111247628927231,0.8417631387710571,0.14604003727436066,0.005085563752800226
TCGA:LSCC:TCGA-LA-A446-01,LSCC,LSCC,3.40814221999608e-05,6.430719804484397e-05,0.9998486042022705,5.2937979489797726e-05
TCGA:LSCC:TCGA-LA-A7SW-01,LSCC,HNSCC,0.0018098417203873396,0.9374545812606812,0.05893426761031151,0.0018013507360592484
TCGA:LSCC:TCGA-MF-A522-01,LSCC,LSCC,0.0005272700218483806,0.3563079535961151,0.6419245004653931,0.0012402964057400823
TCGA:LSCC:TCGA-NC-A5HD-01,LSCC,LSCC,0.00037608068669214845,0.011101610027253628,0.9884368777275085,8.537858229828998e-05
TCGA:LSCC:TCGA-NC-A5HE-01,LSCC,LSCC,0.0023956098593771458,0.0016557119088247418,0.992638349533081,0.003310288768261671
TCGA:LSCC:TCGA-NC-A5HF-01,LSCC,LSCC,3.222484883735888e-05,0.0003361827984917909,0.9995964169502258,3.522034967318177e-05
TCGA:LSCC:TCGA-NC-A5HG-01,LSCC,HNSCC,0.004909703508019447,0.7982151508331299,0.193600594997406,0.0032746156211942434
TCGA:LSCC:TCGA-NC-A5HH-01,LSCC,LSCC,0.0030346831772476435,0.020957015454769135,0.9731605648994446,0.0028477031737565994
TCGA:LSCC:TCGA-NC-A5HI-01,LSCC,LSCC,0.0002721902565099299,0.003698770422488451,0.9954688549041748,0.0005601987359113991
TCGA:LSCC:TCGA-NC-A5HJ-01,LSCC,LUAD,0.0216749869287014,0.009342229925096035,0.3195730149745941,0.6494097709655762
TCGA:LSCC:TCGA-NC-A5HK-01,LSCC,LSCC,0.015497194603085518,0.010011190548539162,0.9522066116333008,0.022284939885139465
TCGA:LSCC:TCGA-NC-A5HL-01,LSCC,LSCC,6.000667417538352e-05,4.6403936721617356e-05,0.9997380375862122,0.00015553447883576155
TCGA:LSCC:TCGA-NC-A5HM-01,LSCC,LSCC,0.001132363104261458,0.0711284726858139,0.9259851574897766,0.0017540247645229101
TCGA:LSCC:TCGA-NC-A5HN-01,LSCC,LSCC,0.0007721837610006332,0.116157166659832,0.88275146484375,0.0003192234435118735
TCGA:LSCC:TCGA-NC-A5HO-01,LSCC,HNSCC,0.007833406329154968,0.9045464992523193,0.08436086028814316,0.0032592490315437317
TCGA:LSCC:TCGA-NC-A5HP-01,LSCC,LSCC,0.0004739778523799032,0.004287412390112877,0.9950672388076782,0.00017130599007941782
TCGA:LSCC:TCGA-NC-A5HQ-01,LSCC,LSCC,0.0005629578372463584,0.005907238461077213,0.9904601573944092,0.003069701138883829
TCGA:LSCC:TCGA-NC-A5HR-01,LSCC,LSCC,0.0005749560077674687,0.004832467529922724,0.9938566088676453,0.0007359888986684382
TCGA:LSCC:TCGA-NC-A5HT-01,LSCC,LSCC,0.009856484830379486,0.019469771534204483,0.9410094618797302,0.029664264991879463
TCGA:LSCC:TCGA-NK-A5CR-01,LSCC,LSCC,3.8719354051863775e-05,6.615051097469404e-05,0.9998561143875122,3.8998630770947784e-05
TCGA:LSCC:TCGA-NK-A5CT-01,LSCC,LSCC,0.0040931738913059235,0.0059583308175206184,0.9368917942047119,0.05305666849017143
TCGA:LSCC:TCGA-NK-A5CX-01,LSCC,LSCC,4.414482827996835e-05,9.003715240396559e-05,0.9998144507408142,5.133436570758931e-05
TCGA:LSCC:TCGA-NK-A7XE-01,LSCC,LSCC,0.0017581258434802294,0.006657158024609089,0.9909284710884094,0.0006562569760717452
TCGA:LSCC:TCGA-O2-A52N-01,LSCC,LSCC,7.729251956334338e-05,0.00022289804473984987,0.9995730519294739,0.00012680717918556184
TCGA:LSCC:TCGA-O2-A52Q-01,LSCC,LSCC,0.14413893222808838,0.07523900270462036,0.40857741236686707,0.3720446527004242
TCGA:LSCC:TCGA-O2-A52S-01,LSCC,LSCC,0.003962445538491011,0.005488812457770109,0.9895846247673035,0.000964152452070266
TCGA:LSCC:TCGA-O2-A52V-01,LSCC,LSCC,0.00014570291386917233,0.00039578069117851555,0.9993676543235779,9.082836913876235e-05
TCGA:LSCC:TCGA-O2-A52W-01,LSCC,LSCC,0.0006234823376871645,0.002801249735057354,0.9952104687690735,0.0013647768646478653
TCGA:LSCC:TCGA-O2-A5IB-01,LSCC,BRCA,0.9594478607177734,0.0005239156307652593,0.039142023772001266,0.0008861614624038339
TCGA:LSCC:TCGA-XC-AA0X-01,LSCC,LSCC,0.0007384424679912627,0.0011744573712348938,0.9972611665725708,0.0008258995367214084
TCGA:HNSCC:TCGA-4P-AA8J-01,HNSCC,HNSCC,8.16074971226044e-05,0.9997673630714417,0.0001025214878609404,4.85493874293752e-05
TCGA:HNSCC:TCGA-BA-4074-01,HNSCC,HNSCC,0.0029284206684678793,0.9352443814277649,0.0612030029296875,0.0006242027156986296
TCGA:HNSCC:TCGA-BA-4076-01,HNSCC,HNSCC,8.594142855145037e-05,0.9995352029800415,0.0003240504884161055,5.4797168559161946e-05
TCGA:HNSCC:TCGA-BA-4078-01,HNSCC,LSCC,0.0012076229322701693,0.034361064434051514,0.9635483026504517,0.0008830272709019482
TCGA:HNSCC:TCGA-BA-5149-01,HNSCC,HNSCC,9.655499161453918e-05,0.9998433589935303,3.915547131327912e-05,2.0881523596472107e-05
TCGA:HNSCC:TCGA-BA-5151-01,HNSCC,HNSCC,0.0001465838577132672,0.9995265007019043,0.0002593729004729539,6.753942579962313e-05
TCGA:HNSCC:TCGA-BA-5152-01,HNSCC,HNSCC,0.0007057100883685052,0.9961000680923462,0.002317653503268957,0.0008764998055994511
TCGA:HNSCC:TCGA-BA-5153-01,HNSCC,HNSCC,0.0005155872204340994,0.9974433183670044,0.0017649047076702118,0.00027625070651993155
TCGA:HNSCC:TCGA-BA-5555-01,HNSCC,HNSCC,0.0006531946710310876,0.9903857707977295,0.008445123210549355,0.0005159380962140858
TCGA:HNSCC:TCGA-BA-5556-01,HNSCC,HNSCC,6.935368583071977e-05,0.9998548030853271,5.0361988542135805e-05,2.5457042283960618e-05
TCGA:HNSCC:TCGA-BA-5557-01,HNSCC,HNSCC,9.489191870670766e-05,0.9998470544815063,3.4991717257071286e-05,2.3071892428561114e-05
TCGA:HNSCC:TCGA-BA-5558-01,HNSCC,HNSCC,0.0002704888174775988,0.9968775510787964,0.002662466373294592,0.00018950598314404488
TCGA:HNSCC:TCGA-BA-5559-01,HNSCC,HNSCC,0.0012089635711163282,0.9962932467460632,0.0010643526911735535,0.0014334333827719092
TCGA:HNSCC:TCGA-BA-6868-01,HNSCC,HNSCC,0.00017847550043370575,0.9960913062095642,0.003617696464061737,0.00011248614464420825
TCGA:HNSCC:TCGA-BA-6869-01,HNSCC,HNSCC,0.00029318436281755567,0.9969028830528259,0.002339106285944581,0.00046478951117023826
TCGA:HNSCC:TCGA-BA-6870-01,HNSCC,HNSCC,0.0009921886958181858,0.9892894625663757,0.009376177564263344,0.0003421164583414793
TCGA:HNSCC:TCGA-BA-6871-01,HNSCC,LSCC,0.010009776800870895,0.2394971251487732,0.7443535327911377,0.006139563862234354
TCGA:HNSCC:TCGA-BA-6872-01,HNSCC,HNSCC,0.0006950782262720168,0.9972259402275085,0.0016628144076094031,0.0004161226679570973
TCGA:HNSCC:TCGA-BA-6873-01,HNSCC,HNSCC,0.00014309078687801957,0.9996705055236816,0.00014000796363689005,4.644578439183533e-05
TCGA:HNSCC:TCGA-BA-7269-01,HNSCC,HNSCC,0.0001561988319735974,0.9992493987083435,0.0005413687904365361,5.299214899423532e-05
TCGA:HNSCC:TCGA-BA-A4IF-01,HNSCC,HNSCC,4.35854381066747e-05,0.9997323155403137,0.00020431425946298987,1.978855289053172e-05
TCGA:HNSCC:TCGA-BA-A4IG-01,HNSCC,HNSCC,0.0003108117962256074,0.9994809031486511,0.0001867690880317241,2.158772258553654e-05
TCGA:HNSCC:TCGA-BA-A4IH-01,HNSCC,HNSCC,0.00036033455398865044,0.9956328272819519,0.0038247359916567802,0.00018213038856629282
TCGA:HNSCC:TCGA-BA-A4II-01,HNSCC,HNSCC,7.623436249559745e-05,0.9997442364692688,0.00014188443310558796,3.7688860174966976e-05
TCGA:HNSCC:TCGA-BA-A6D8-01,HNSCC,HNSCC,0.0027544512413442135,0.8918105363845825,0.10466135293245316,0.0007736587431281805
TCGA:HNSCC:TCGA-BA-A6DA-01,HNSCC,HNSCC,0.00018237365293316543,0.9993901252746582,0.0003778448444791138,4.959385114489123e-05
TCGA:HNSCC:TCGA-BA-A6DB-01,HNSCC,HNSCC,0.0002345480752410367,0.9996176958084106,0.00010540962830418721,4.2368392314529046e-05
TCGA:HNSCC:TCGA-BA-A6DD-01,HNSCC,HNSCC,6.584821676369756e-05,0.9997982382774353,0.00010698205005610362,2.9004497264395468e-05
TCGA:HNSCC:TCGA-BA-A6DE-01,HNSCC,HNSCC,3.4535754821263254e-05,0.999874472618103,7.356907008215785e-05,1.742080712574534e-05
TCGA:HNSCC:TCGA-BA-A6DG-01,HNSCC,HNSCC,0.00020721727923955768,0.9995444416999817,0.00012957659782841802,0.00011872995673911646
TCGA:HNSCC:TCGA-BA-A6DI-01,HNSCC,HNSCC,0.00022902681666892022,0.9959973096847534,0.0011637848801910877,0.0026098573580384254
TCGA:HNSCC:TCGA-BA-A6DJ-01,HNSCC,HNSCC,0.00015151521074585617,0.999670147895813,0.00013495332677848637,4.34237445006147e-05
TCGA:HNSCC:TCGA-BA-A6DL-01,HNSCC,HNSCC,4.768343933392316e-05,0.9988290667533875,0.0011033914051949978,1.9826866264338605e-05
TCGA:HNSCC:TCGA-BA-A8YP-01,HNSCC,HNSCC,0.000510171172209084,0.9957329630851746,0.00352921849116683,0.0002276161831105128
TCGA:HNSCC:TCGA-BB-4217-01,HNSCC,HNSCC,0.0038830547127872705,0.7550411820411682,0.238045334815979,0.0030303907115012407
TCGA:HNSCC:TCGA-BB-4223-01,HNSCC,HNSCC,0.0012008099583908916,0.9769883751869202,0.020185092464089394,0.001625690027140081
TCGA:HNSCC:TCGA-BB-4224-01,HNSCC,HNSCC,3.697421561810188e-05,0.9999037981033325,4.6797860704828054e-05,1.243998485733755e-05
TCGA:HNSCC:TCGA-BB-4225-01,HNSCC,HNSCC,0.0014298716560006142,0.6887152791023254,0.30735304951667786,0.0025017608422785997
TCGA:HNSCC:TCGA-BB-4227-01,HNSCC,HNSCC,0.00031231751199811697,0.9944214224815369,0.004405256360769272,0.0008610469521954656
TCGA:HNSCC:TCGA-BB-4228-01,HNSCC,HNSCC,0.00022458334569819272,0.9966511130332947,0.002952337497845292,0.00017194246174767613
TCGA:HNSCC:TCGA-BB-7861-01,HNSCC,HNSCC,0.0004558316431939602,0.9731079339981079,0.02548925392329693,0.0009469236247241497
TCGA:HNSCC:TCGA-BB-7862-01,HNSCC,HNSCC,0.00676173297688365,0.6365602016448975,0.3547515571117401,0.0019265093142166734
TCGA:HNSCC:TCGA-BB-7863-01,HNSCC,HNSCC,9.466800838708878e-05,0.9998220801353455,6.875300459796563e-05,1.4571808605978731e-05
TCGA:HNSCC:TCGA-BB-7864-01,HNSCC,HNSCC,0.0007603925769217312,0.9878664016723633,0.011312881484627724,6.025221591698937e-05
TCGA:HNSCC:TCGA-BB-7866-01,HNSCC,HNSCC,0.0005045321304351091,0.9799621105194092,0.01922808587551117,0.00030531795346178114
TCGA:HNSCC:TCGA-BB-7870-01,HNSCC,HNSCC,0.0006077029975131154,0.8863462805747986,0.11258698254823685,0.0004590988392010331
TCGA:HNSCC:TCGA-BB-7871-01,HNSCC,HNSCC,0.01032424159348011,0.8161358833312988,0.17064756155014038,0.002892313525080681
TCGA:HNSCC:TCGA-BB-7872-01,HNSCC,HNSCC,5.5054479162208736e-05,0.9998719692230225,5.0753595132846385e-05,2.2211059331311844e-05
TCGA:HNSCC:TCGA-BB-8596-01,HNSCC,HNSCC,0.007673825602978468,0.9865375757217407,0.003636866807937622,0.0021517507266253233
TCGA:HNSCC:TCGA-BB-8601-01,HNSCC,LSCC,0.0003504008345771581,0.39938047528266907,0.6000794768333435,0.00018965036724694073
TCGA:HNSCC:TCGA-BB-A5HU-01,HNSCC,HNSCC,0.0010645493166521192,0.9885439276695251,0.010037492960691452,0.00035395275335758924
TCGA:HNSCC:TCGA-BB-A5HY-01,HNSCC,HNSCC,0.0004930428112857044,0.998264729976654,0.0011429175501689315,9.93839930742979e-05
TCGA:HNSCC:TCGA-BB-A5HZ-01,HNSCC,HNSCC,0.00010414695861982182,0.9996821880340576,0.0001516153133707121,6.202160875545815e-05
TCGA:HNSCC:TCGA-BB-A6UM-01,HNSCC,HNSCC,0.0001328270445810631,0.9994875192642212,0.0002955094969365746,8.407430141232908e-05
TCGA:HNSCC:TCGA-BB-A6UO-01,HNSCC,HNSCC,0.0004897446488030255,0.9994059801101685,8.477650408167392e-05,1.9444314602878876e-05
TCGA:HNSCC:TCGA-C9-A47Z-01,HNSCC,HNSCC,6.367581227095798e-05,0.9998772144317627,4.216299203108065e-05,1.687682197371032e-05
TCGA:HNSCC:TCGA-C9-A480-01,HNSCC,HNSCC,0.00012240793148521334,0.9998194575309753,3.6063553125131875e-05,2.2048971004551277e-05
TCGA:HNSCC:TCGA-CN-4722-01,HNSCC,HNSCC,0.00025596385239623487,0.9986878037452698,0.0009267007699236274,0.00012955471174791455
TCGA:HNSCC:TCGA-CN-4723-01,HNSCC,HNSCC,7.410428952425718e-05,0.9161696434020996,0.08369790017604828,5.8310750318923965e-05
TCGA:HNSCC:TCGA-CN-4725-01,HNSCC,HNSCC,6.919584848219529e-05,0.9998853206634521,2.6221887310384773e-05,1.9290971977170557e-05
TCGA:HNSCC:TCGA-CN-4726-01,HNSCC,HNSCC,0.00018250007997266948,0.9994431138038635,0.00031599655630998313,5.838389915879816e-05
TCGA:HNSCC:TCGA-CN-4727-01,HNSCC,HNSCC,0.0003322506381664425,0.9986549615859985,0.0007402828196063638,0.000272470701020211
TCGA:HNSCC:TCGA-CN-4728-01,HNSCC,HNSCC,0.0001382280606776476,0.9987072944641113,0.0011124943848699331,4.199750401312485e-05
TCGA:HNSCC:TCGA-CN-4729-01,HNSCC,HNSCC,0.0005677493172697723,0.9933869242668152,0.005854943301528692,0.00019035128934774548
TCGA:HNSCC:TCGA-CN-4730-01,HNSCC,HNSCC,8.512991189491004e-05,0.9990307092666626,0.0008487998857162893,3.538580858730711e-05
TCGA:HNSCC:TCGA-CN-4731-01,HNSCC,HNSCC,0.0006341342232190073,0.97598797082901,0.02281692624092102,0.0005609699292108417
TCGA:HNSCC:TCGA-CN-4733-01,HNSCC,HNSCC,6.758315430488437e-05,0.9998188614845276,8.576993423048407e-05,2.7811345717054792e-05
TCGA:HNSCC:TCGA-CN-4734-01,HNSCC,HNSCC,0.0006116070435382426,0.9986640214920044,0.0006479818257503211,7.634796929778531e-05
TCGA:HNSCC:TCGA-CN-4735-01,HNSCC,HNSCC,0.002769371960312128,0.521510124206543,0.47377315163612366,0.001947366981767118
TCGA:HNSCC:TCGA-CN-4736-01,HNSCC,HNSCC,0.00035800051409751177,0.9995256662368774,9.537048026686534e-05,2.094771662086714e-05
TCGA:HNSCC:TCGA-CN-4737-01,HNSCC,HNSCC,0.000278773921309039,0.99937903881073,0.00024783151457086205,9.435239189770073e-05
TCGA:HNSCC:TCGA-CN-4738-01,HNSCC,HNSCC,0.00017832328740041703,0.9989884495735168,0.0006243028328754008,0.00020885476260446012
TCGA:HNSCC:TCGA-CN-4739-01,HNSCC,HNSCC,5.656740177073516e-05,0.9996694326400757,0.00017125444719567895,0.00010280613787472248
TCGA:HNSCC:TCGA-CN-4740-01,HNSCC,HNSCC,0.0007251267088577151,0.9990248680114746,0.00017455815395805985,7.550144073320553e-05
TCGA:HNSCC:TCGA-CN-4741-01,HNSCC,HNSCC,0.00012816552771255374,0.9990418553352356,0.0007763682515360415,5.362259253161028e-05
TCGA:HNSCC:TCGA-CN-4742-01,HNSCC,HNSCC,0.0016463680658489466,0.9973908066749573,0.0007339044823311269,0.00022896412701811641
TCGA:HNSCC:TCGA-CN-5355-01,HNSCC,HNSCC,8.692578558111563e-05,0.9998030066490173,7.424662180710584e-05,3.57848075509537e-05
TCGA:HNSCC:TCGA-CN-5356-01,HNSCC,HNSCC,0.00016497226897627115,0.9903828501701355,0.009263456799089909,0.00018872038344852626
TCGA:HNSCC:TCGA-CN-5358-01,HNSCC,HNSCC,0.00040404408355243504,0.9995101690292358,5.716148734791204e-05,2.8608763386728242e-05
TCGA:HNSCC:TCGA-CN-5359-01,HNSCC,HNSCC,0.0002266585943289101,0.9992443323135376,0.0004237692919559777,0.00010530334839131683
TCGA:HNSCC:TCGA-CN-5360-01,HNSCC,HNSCC,0.0024614452850073576,0.9898245930671692,0.006744618061929941,0.0009693996398709714
TCGA:HNSCC:TCGA-CN-5361-01,HNSCC,HNSCC,0.0013035059673711658,0.9961769580841064,0.00229909410700202,0.00022042443742975593
TCGA:HNSCC:TCGA-CN-5363-01,HNSCC,HNSCC,0.00012864898599218577,0.9995631575584412,0.00024705659598112106,6.116934673627838e-05
TCGA:HNSCC:TCGA-CN-5364-01,HNSCC,HNSCC,6.0053189372411e-05,0.9997499585151672,0.00016477775352541357,2.5187540813931264e-05
TCGA:HNSCC:TCGA-CN-5365-01,HNSCC,HNSCC,0.0005947762401774526,0.9642528295516968,0.034942369908094406,0.0002100537094520405
TCGA:HNSCC:TCGA-CN-5366-01,HNSCC,HNSCC,0.0004483849334064871,0.9968620538711548,0.002512200502678752,0.00017733857384882867
TCGA:HNSCC:TCGA-CN-5367-01,HNSCC,HNSCC,0.0001472781295888126,0.9995090961456299,0.0003123026399407536,3.1317009415943176e-05
TCGA:HNSCC:TCGA-CN-5369-01,HNSCC,HNSCC,0.0003177131002303213,0.9987672567367554,0.0006512956460937858,0.00026370331761427224
TCGA:HNSCC:TCGA-CN-5370-01,HNSCC,HNSCC,0.00046006598859094083,0.9993441700935364,0.00016372610116377473,3.2008832931751385e-05
TCGA:HNSCC:TCGA-CN-5373-01,HNSCC,HNSCC,0.00039686475065536797,0.9995478987693787,3.575449591153301e-05,1.9463608623482287e-05
TCGA:HNSCC:TCGA-CN-5374-01,HNSCC,HNSCC,9.638968185754493e-05,0.9997338652610779,0.00011527624155860394,5.440125096356496e-05
TCGA:HNSCC:TCGA-CN-6010-01,HNSCC,HNSCC,0.0007109455764293671,0.9921172261238098,0.006245879922062159,0.0009259828366339207
TCGA:HNSCC:TCGA-CN-6011-01,HNSCC,HNSCC,0.00215800479054451,0.9932324886322021,0.004139356315135956,0.0004702170263044536
TCGA:HNSCC:TCGA-CN-6012-01,HNSCC,HNSCC,0.0005482342676259577,0.5818554759025574,0.41674625873565674,0.0008500726544298232
TCGA:HNSCC:TCGA-CN-6013-01,HNSCC,HNSCC,0.00010571807069936767,0.9998501539230347,2.7889376724488102e-05,1.616897134226747e-05
TCGA:HNSCC:TCGA-CN-6016-01,HNSCC,HNSCC,0.00026357901515439153,0.9995692372322083,0.00011444792471593246,5.269022221909836e-05
TCGA:HNSCC:TCGA-CN-6017-01,HNSCC,HNSCC,0.0002750087878666818,0.9994908571243286,0.00018758763326331973,4.647101741284132e-05
TCGA:HNSCC:TCGA-CN-6018-01,HNSCC,HNSCC,0.00012410679482854903,0.9998012185096741,4.922430161968805e-05,2.5477293092990294e-05
TCGA:HNSCC:TCGA-CN-6019-01,HNSCC,HNSCC,0.0007262255530804396,0.9982137680053711,0.0009142816998064518,0.00014570647908840328
TCGA:HNSCC:TCGA-CN-6020-01,HNSCC,HNSCC,0.001011355547234416,0.9962373971939087,0.0022764781024307013,0.0004746977356262505
TCGA:HNSCC:TCGA-CN-6021-01,HNSCC,HNSCC,0.00027435756055638194,0.9914888143539429,0.00800333172082901,0.00023352252901531756
TCGA:HNSCC:TCGA-CN-6022-01,HNSCC,HNSCC,0.0002574980608187616,0.9984890222549438,0.0011958767427131534,5.7565390306990594e-05
TCGA:HNSCC:TCGA-CN-6023-01,HNSCC,LSCC,0.0007747330819256604,0.004868094343692064,0.9935071468353271,0.0008500643889419734
TCGA:HNSCC:TCGA-CN-6024-01,HNSCC,HNSCC,7.138104410842061e-05,0.9996447563171387,0.00026211392832919955,2.1689747882192023e-05
TCGA:HNSCC:TCGA-CN-6988-01,HNSCC,HNSCC,8.820802759146318e-05,0.9994460940361023,0.0003358816902618855,0.00012975056597497314
TCGA:HNSCC:TCGA-CN-6989-01,HNSCC,HNSCC,0.00037774868542328477,0.9987271428108215,0.000785350683145225,0.00010973976895911619
TCGA:HNSCC:TCGA-CN-6992-01,HNSCC,HNSCC,0.0005381476366892457,0.9067596197128296,0.09243382513523102,0.0002684697974473238
TCGA:HNSCC:TCGA-CN-6994-01,HNSCC,HNSCC,9.006923210108653e-05,0.9996042847633362,0.00027340181986801326,3.2321251637768e-05
TCGA:HNSCC:TCGA-CN-6995-01,HNSCC,HNSCC,0.0002996608382090926,0.9993559718132019,0.00022987255943007767,0.0001144733905675821
TCGA:HNSCC:TCGA-CN-6996-01,HNSCC,HNSCC,0.00026807497488334775,0.9996750354766846,3.5093093174509704e-05,2.1751429812866263e-05
TCGA:HNSCC:TCGA-CN-6997-01,HNSCC,LSCC,0.0003720163367688656,0.05772079527378082,0.9417167901992798,0.0001904085947899148
TCGA:HNSCC:TCGA-CN-6998-01,HNSCC,HNSCC,0.0003699235094245523,0.9995878338813782,2.683849925233517e-05,1.5449388229171745e-05
TCGA:HNSCC:TCGA-CN-A497-01,HNSCC,LSCC,0.0025264439173042774,0.20033985376358032,0.7957500219345093,0.0013836912112310529
TCGA:HNSCC:TCGA-CN-A498-01,HNSCC,HNSCC,4.698388511314988e-05,0.9997902512550354,0.0001444226218154654,1.8358980014454573e-05
TCGA:HNSCC:TCGA-CN-A499-01,HNSCC,HNSCC,0.00018564371566753834,0.9991356730461121,0.0006164574879221618,6.228351412573829e-05
TCGA:HNSCC:TCGA-CN-A49A-01,HNSCC,HNSCC,0.00010544805263634771,0.9995301961898804,0.0003329264000058174,3.140272747259587e-05
TCGA:HNSCC:TCGA-CN-A49B-01,HNSCC,HNSCC,7.391331746475771e-05,0.9993513226509094,0.0005343164084479213,4.049397466587834e-05
TCGA:HNSCC:TCGA-CN-A49C-01,HNSCC,HNSCC,9.23797269933857e-05,0.9995130300521851,0.0003389434714335948,5.568812048295513e-05
TCGA:HNSCC:TCGA-CN-A63T-01,HNSCC,HNSCC,8.482894190819934e-05,0.9997256398200989,6.848998600617051e-05,0.00012096864520572126
TCGA:HNSCC:TCGA-CN-A63U-01,HNSCC,HNSCC,0.0017162429867312312,0.9931730628013611,0.004025190137326717,0.001085455296561122
TCGA:HNSCC:TCGA-CN-A63V-01,HNSCC,HNSCC,8.442573016509414e-05,0.9995579123497009,0.00026992306811735034,8.772961155045778e-05
TCGA:HNSCC:TCGA-CN-A63W-01,HNSCC,HNSCC,5.712505299015902e-05,0.9996354579925537,0.00027085456531494856,3.6492663639364764e-05
TCGA:HNSCC:TCGA-CN-A641-01,HNSCC,HNSCC,5.294779475661926e-05,0.9996402263641357,0.0002157818671548739,9.105863864533603e-05
TCGA:HNSCC:TCGA-CN-A642-01,HNSCC,HNSCC,0.000289029412670061,0.9992658495903015,0.00025824137264862657,0.00018685341638047248
TCGA:HNSCC:TCGA-CN-A6UY-01,HNSCC,HNSCC,0.0008314049337059259,0.9885101914405823,0.010114178992807865,0.0005442226538434625
TCGA:HNSCC:TCGA-CN-A6V1-01,HNSCC,HNSCC,0.00046651792945340276,0.9930207133293152,0.006216956302523613,0.0002958234690595418
TCGA:HNSCC:TCGA-CN-A6V3-01,HNSCC,HNSCC,0.0001476384641136974,0.9995371103286743,0.00027042892179451883,4.482628355617635e-05
TCGA:HNSCC:TCGA-CN-A6V6-01,HNSCC,HNSCC,0.00010125683184014633,0.9995965361595154,7.338207797147334e-05,0.00022886817168910056
TCGA:HNSCC:TCGA-CN-A6V7-01,HNSCC,HNSCC,0.002049854025244713,0.9382308125495911,0.05804353952407837,0.001675828592851758
TCGA:HNSCC:TCGA-CQ-5323-01,HNSCC,HNSCC,6.566723459400237e-05,0.99978107213974,0.00012609604164026678,2.72297729679849e-05
TCGA:HNSCC:TCGA-CQ-5324-01,HNSCC,HNSCC,3.367055251146667e-05,0.9998000264167786,0.0001311595260631293,3.522006591083482e-05
TCGA:HNSCC:TCGA-CQ-5325-01,HNSCC,HNSCC,0.00013105243851896375,0.9998328685760498,1.7901071259984747e-05,1.8141938198823482e-05
TCGA:HNSCC:TCGA-CQ-5326-01,HNSCC,HNSCC,0.00018386536976322532,0.9987621307373047,0.0009609952685423195,9.299573866883293e-05
TCGA:HNSCC:TCGA-CQ-5327-01,HNSCC,HNSCC,9.625036909710616e-05,0.9998295307159424,2.418364783807192e-05,4.998448639526032e-05
TCGA:HNSCC:TCGA-CQ-5329-01,HNSCC,HNSCC,0.0003780026745516807,0.999563992023468,3.922914038412273e-05,1.8725342670222744e-05
TCGA:HNSCC:TCGA-CQ-5330-01,HNSCC,HNSCC,0.0010955499019473791,0.9985489249229431,0.00027841675910167396,7.712450315011665e-05
TCGA:HNSCC:TCGA-CQ-5331-01,HNSCC,HNSCC,0.0014320994960144162,0.998336136341095,0.00017359609773848206,5.822742241434753e-05
TCGA:HNSCC:TCGA-CQ-5332-01,HNSCC,HNSCC,0.0005282156052999198,0.9981369972229004,0.0012613777071237564,7.335498958127573e-05
TCGA:HNSCC:TCGA-CQ-5333-01,HNSCC,HNSCC,0.0005295607843436301,0.9991583824157715,0.00018625354277901351,0.00012576610606629401
TCGA:HNSCC:TCGA-CQ-5334-01,HNSCC,HNSCC,0.0007634353823959827,0.9988446235656738,0.0002601799205876887,0.00013178135850466788
TCGA:HNSCC:TCGA-CQ-6218-01,HNSCC,HNSCC,0.00034664079430513084,0.999323844909668,0.00023208772472571582,9.750058234203607e-05
TCGA:HNSCC:TCGA-CQ-6219-01,HNSCC,HNSCC,0.00017615570686757565,0.9995927214622498,0.00020136557577643543,2.9775956136290915e-05
TCGA:HNSCC:TCGA-CQ-6220-01,HNSCC,HNSCC,3.379674308234826e-05,0.9999083280563354,3.193637894582935e-05,2.5985593310906552e-05
TCGA:HNSCC:TCGA-CQ-6222-01,HNSCC,HNSCC,0.0007985227275639772,0.9986710548400879,0.00044830117258243263,8.216441347030923e-05
TCGA:HNSCC:TCGA-CQ-6223-01,HNSCC,HNSCC,0.00019332222291268408,0.9952875375747681,0.004404216539114714,0.00011493606143631041
TCGA:HNSCC:TCGA-CQ-6224-01,HNSCC,HNSCC,0.0010046832030639052,0.9982532858848572,0.0005494934157468379,0.00019253876234870404
TCGA:HNSCC:TCGA-CQ-6225-01,HNSCC,HNSCC,0.0001370705576846376,0.9991468191146851,0.0006666471599601209,4.9469934310764074e-05
TCGA:HNSCC:TCGA-CQ-6227-01,HNSCC,HNSCC,0.0014859163202345371,0.9977926015853882,0.0005115554085932672,0.0002099725534208119
TCGA:HNSCC:TCGA-CQ-6228-01,HNSCC,HNSCC,0.0002543598529882729,0.9968164563179016,0.0028213192708790302,0.00010784209734993055
TCGA:HNSCC:TCGA-CQ-6229-01,HNSCC,HNSCC,0.0001509698631707579,0.9998094439506531,2.5500619813101366e-05,1.4148620721243788e-05
TCGA:HNSCC:TCGA-CQ-7063-01,HNSCC,HNSCC,0.00019105350656900555,0.999658465385437,0.00012905080802738667,2.144368590961676e-05
TCGA:HNSCC:TCGA-CQ-7065-01,HNSCC,HNSCC,0.000307902111671865,0.9993545413017273,0.00021136912982910872,0.00012619055632967502
TCGA:HNSCC:TCGA-CQ-7067-01,HNSCC,HNSCC,0.00028946163365617394,0.9986845850944519,0.0009530081879347563,7.297534466488287e-05
TCGA:HNSCC:TCGA-CQ-7068-01,HNSCC,HNSCC,0.00018860920681618154,0.9994193315505981,0.0003591852728277445,3.285867569502443e-05
TCGA:HNSCC:TCGA-CQ-7069-01,HNSCC,HNSCC,0.0006198898190632463,0.9991452693939209,0.00021854661463294178,1.6299463823088445e-05
TCGA:HNSCC:TCGA-CQ-7071-01,HNSCC,HNSCC,5.352729931473732e-05,0.9998366832733154,9.174719161819667e-05,1.8074500985676423e-05
TCGA:HNSCC:TCGA-CQ-7072-01,HNSCC,HNSCC,0.009431709535419941,0.967119038105011,0.021550077944993973,0.0018991143442690372
TCGA:HNSCC:TCGA-CQ-A4C6-01,HNSCC,HNSCC,0.00010178070078836754,0.9998539686203003,2.680752550077159e-05,1.7390620996593498e-05
TCGA:HNSCC:TCGA-CQ-A4C9-01,HNSCC,HNSCC,0.00038323848275467753,0.9984544515609741,0.0009165342780761421,0.0002457374648656696
TCGA:HNSCC:TCGA-CQ-A4CA-01,HNSCC,HNSCC,0.00021823607676196843,0.9995369911193848,0.0002061407285509631,3.867526174872182e-05
TCGA:HNSCC:TCGA-CQ-A4CB-01,HNSCC,HNSCC,0.0018757993821054697,0.9977879524230957,0.000243319635046646,9.292302274843678e-05
TCGA:HNSCC:TCGA-CQ-A4CD-01,HNSCC,HNSCC,9.834818047238514e-05,0.9987789988517761,0.0010121817467734218,0.00011051985347876325
TCGA:HNSCC:TCGA-CQ-A4CE-01,HNSCC,HNSCC,4.015913145849481e-05,0.9999245405197144,2.4157176085282117e-05,1.1161768270540051e-05
TCGA:HNSCC:TCGA-CQ-A4CG-01,HNSCC,HNSCC,0.00021616274898406118,0.999485969543457,0.000280923442915082,1.6955767932813615e-05
TCGA:HNSCC:TCGA-CQ-A4CH-01,HNSCC,HNSCC,0.00014952916535548866,0.999553382396698,0.0002531798090785742,4.39225223090034e-05
TCGA:HNSCC:TCGA-CQ-A4CI-01,HNSCC,HNSCC,0.0002832440077327192,0.9367461800575256,0.06288530677556992,8.522129064658657e-05
TCGA:HNSCC:TCGA-CR-5243-01,HNSCC,HNSCC,7.37181690055877e-05,0.9998525381088257,5.5959906603675336e-05,1.7791715436032973e-05
TCGA:HNSCC:TCGA-CR-5247-01,HNSCC,HNSCC,0.00016483585932292044,0.9996819496154785,0.00011352526053087786,3.965144424000755e-05
TCGA:HNSCC:TCGA-CR-5248-01,HNSCC,HNSCC,0.00038503858377225697,0.9818006753921509,0.017476601526141167,0.00033768793218769133
TCGA:HNSCC:TCGA-CR-5249-01,HNSCC,HNSCC,0.00024371437029913068,0.997416615486145,0.002272532321512699,6.707145075779408e-05
TCGA:HNSCC:TCGA-CR-5250-01,HNSCC,HNSCC,0.00020632903033401817,0.9982047080993652,0.0014509386382997036,0.00013804524496663362
TCGA:HNSCC:TCGA-CR-6467-01,HNSCC,HNSCC,0.0056914519518613815,0.953669011592865,0.02981819026172161,0.01082134060561657
TCGA:HNSCC:TCGA-CR-6470-01,HNSCC,HNSCC,0.001425008988007903,0.9906468391418457,0.006701334845274687,0.0012268342543393373
TCGA:HNSCC:TCGA-CR-6471-01,HNSCC,HNSCC,7.29763341951184e-05,0.9998540878295898,5.1616865675896406e-05,2.1346568246372044e-05
TCGA:HNSCC:TCGA-CR-6472-01,HNSCC,HNSCC,0.0010003534844145179,0.9941412806510925,0.0024944546166807413,0.002363838255405426
TCGA:HNSCC:TCGA-CR-6473-01,HNSCC,HNSCC,0.0018498195568099618,0.9792501330375671,0.017559263855218887,0.00134079169947654
TCGA:HNSCC:TCGA-CR-6474-01,HNSCC,HNSCC,9.20810634852387e-05,0.9997269511222839,0.0001500078069511801,3.0990711820777506e-05
TCGA:HNSCC:TCGA-CR-6477-01,HNSCC,HNSCC,0.00038473744643852115,0.9995080232620239,6.90726374159567e-05,3.812905924860388e-05
TCGA:HNSCC:TCGA-CR-6478-01,HNSCC,HNSCC,0.0005607703351415694,0.9978134632110596,0.0014035874046385288,0.000222211325308308
TCGA:HNSCC:TCGA-CR-6480-01,HNSCC,HNSCC,0.00017460307572036982,0.9989331364631653,0.00043845834443345666,0.0004537682398222387
TCGA:HNSCC:TCGA-CR-6481-01,HNSCC,HNSCC,0.0002578152052592486,0.9985305070877075,0.0010894061997532845,0.00012230609718244523
TCGA:HNSCC:TCGA-CR-6482-01,HNSCC,HNSCC,0.0005067563615739346,0.9926759600639343,0.006467148195952177,0.00035020519862882793
TCGA:HNSCC:TCGA-CR-6484-01,HNSCC,HNSCC,0.00012807642633561045,0.9996973276138306,0.00013736625260207802,3.7275600334396586e-05
TCGA:HNSCC:TCGA-CR-6487-01,HNSCC,HNSCC,0.009759100154042244,0.9741302728652954,0.013615182600915432,0.0024953801184892654
TCGA:HNSCC:TCGA-CR-6488-01,HNSCC,HNSCC,9.968537779059261e-05,0.9997672438621521,9.9742625025101e-05,3.3325617550872266e-05
TCGA:HNSCC:TCGA-CR-6491-01,HNSCC,HNSCC,6.757236405974254e-05,0.9998470544815063,6.500664312625304e-05,2.030243194894865e-05
TCGA:HNSCC:TCGA-CR-6492-01,HNSCC,HNSCC,0.0005943899741396308,0.9963500499725342,0.0027837478555738926,0.00027183949714526534
TCGA:HNSCC:TCGA-CR-6493-01,HNSCC,HNSCC,3.649653444881551e-05,0.999876856803894,6.554907304234803e-05,2.109302113240119e-05
TCGA:HNSCC:TCGA-CR-7364-01,HNSCC,HNSCC,4.935397009830922e-05,0.998524010181427,0.001349393860436976,7.72914063418284e-05
TCGA:HNSCC:TCGA-CR-7365-01,HNSCC,HNSCC,4.353451731731184e-05,0.9999070167541504,2.49322947638575e-05,2.4496810510754585e-05
TCGA:HNSCC:TCGA-CR-7367-01,HNSCC,HNSCC,0.0036790422163903713,0.9952175617218018,0.0009825900197029114,0.00012087279901606962
TCGA:HNSCC:TCGA-CR-7368-01,HNSCC,HNSCC,0.00015391077613458037,0.9996922016143799,0.00010479420598130673,4.912130316370167e-05
TCGA:HNSCC:TCGA-CR-7369-01,HNSCC,HNSCC,0.00021277094492688775,0.9997513890266418,2.3816979592083953e-05,1.2078264262527227e-05
TCGA:HNSCC:TCGA-CR-7370-01,HNSCC,HNSCC,0.0010521694784983993,0.9538437128067017,0.04463858902454376,0.0004655568045563996
TCGA:HNSCC:TCGA-CR-7371-01,HNSCC,HNSCC,0.0004402885679155588,0.999079704284668,0.00024082906020339578,0.0002391603047726676
TCGA:HNSCC:TCGA-CR-7372-01,HNSCC,HNSCC,6.019776265020482e-05,0.9998952150344849,3.4522807254688814e-05,1.0041048881248571e-05
TCGA:HNSCC:TCGA-CR-7373-01,HNSCC,HNSCC,4.24343888880685e-05,0.9994890689849854,0.0004420278419274837,2.649561793077737e-05
TCGA:HNSCC:TCGA-CR-7374-01,HNSCC,HNSCC,0.0008603131864219904,0.9893696308135986,0.00945866759866476,0.00031132265576161444
TCGA:HNSCC:TCGA-CR-7376-01,HNSCC,HNSCC,0.0010165919084101915,0.9987755417823792,0.00016015001165214926,4.7693531087134033e-05
TCGA:HNSCC:TCGA-CR-7377-01,HNSCC,HNSCC,0.0001784785999916494,0.9997507929801941,4.39936229668092e-05,2.6696285203797743e-05
TCGA:HNSCC:TCGA-CR-7379-01,HNSCC,HNSCC,4.2662519263103604e-05,0.999854326248169,7.85367374191992e-05,2.4485148969688453e-05
TCGA:HNSCC:TCGA-CR-7380-01,HNSCC,HNSCC,0.0003849891072604805,0.9990511536598206,0.0004538679786492139,0.00010997770732501522
TCGA:HNSCC:TCGA-CR-7382-01,HNSCC,HNSCC,0.0022213582415133715,0.9967350363731384,0.00093501852825284,0.00010851861588889733
TCGA:HNSCC:TCGA-CR-7383-01,HNSCC,HNSCC,6.171005952637643e-05,0.9996349811553955,0.0002811754820868373,2.213572406617459e-05
TCGA:HNSCC:TCGA-CR-7385-01,HNSCC,HNSCC,0.0003187314432580024,0.9984839558601379,0.0009094233973883092,0.00028796386322937906
TCGA:HNSCC:TCGA-CR-7386-01,HNSCC,HNSCC,0.0001250193890882656,0.9997612833976746,9.371933992952108e-05,2.0014414985780604e-05
TCGA:HNSCC:TCGA-CR-7388-01,HNSCC,HNSCC,0.00013346354535315186,0.9995444416999817,0.000295271078357473,2.6828633053810336e-05
TCGA:HNSCC:TCGA-CR-7389-01,HNSCC,HNSCC,0.00010984974505845457,0.9993448853492737,0.000491840299218893,5.345741010387428e-05
TCGA:HNSCC:TCGA-CR-7390-01,HNSCC,HNSCC,3.840783756459132e-05,0.9997965693473816,0.00014914605708327144,1.588589839229826e-05
TCGA:HNSCC:TCGA-CR-7391-01,HNSCC,HNSCC,0.0006939363665878773,0.9991602897644043,0.00011061677651014179,3.517733057378791e-05
TCGA:HNSCC:TCGA-CR-7392-01,HNSCC,HNSCC,7.50168546801433e-05,0.9997056126594543,0.00017472109175287187,4.464164157980122e-05
TCGA:HNSCC:TCGA-CR-7393-01,HNSCC,HNSCC,0.00039790949085727334,0.9994890689849854,8.613948011770844e-05,2.687231608433649e-05
TCGA:HNSCC:TCGA-CR-7394-01,HNSCC,HNSCC,6.759021925972775e-05,0.9998948574066162,1.9352941308170557e-05,1.8198810721514747e-05
TCGA:HNSCC:TCGA-CR-7395-01,HNSCC,HNSCC,4.278757478459738e-05,0.9998925924301147,4.067444388056174e-05,2.393648355791811e-05
TCGA:HNSCC:TCGA-CR-7397-01,HNSCC,HNSCC,0.0001432802964700386,0.9997103810310364,0.00012060072913300246,2.568070704001002e-05
TCGA:HNSCC:TCGA-CR-7398-01,HNSCC,HNSCC,0.0032107860315591097,0.9737498760223389,0.022828316316008568,0.00021097985154483467
TCGA:HNSCC:TCGA-CR-7399-01,HNSCC,HNSCC,0.007344681303948164,0.8401331901550293,0.14781782031059265,0.004704280290752649
TCGA:HNSCC:TCGA-CR-7401-01,HNSCC,HNSCC,4.84461743326392e-05,0.9998793601989746,4.836714288103394e-05,2.380263504164759e-05
TCGA:HNSCC:TCGA-CR-7402-01,HNSCC,HNSCC,0.0004518687492236495,0.997672975063324,0.001320066163316369,0.0005550315254367888
TCGA:HNSCC:TCGA-CR-7404-01,HNSCC,HNSCC,0.014179174788296223,0.9757978320121765,0.00844814907759428,0.0015748381847515702
TCGA:HNSCC:TCGA-CV-5430-01,HNSCC,HNSCC,0.0030889720655977726,0.8562294840812683,0.13849353790283203,0.0021879333071410656
TCGA:HNSCC:TCGA-CV-5431-01,HNSCC,HNSCC,0.0005556375836022198,0.9960404634475708,0.003128242213279009,0.0002756215399131179
TCGA:HNSCC:TCGA-CV-5432-01,HNSCC,HNSCC,4.087930210516788e-05,0.9997885823249817,0.00013553013559430838,3.502572508295998e-05
TCGA:HNSCC:TCGA-CV-5434-01,HNSCC,HNSCC,0.0007539169164374471,0.9968607425689697,0.0022142394445836544,0.00017107957683037966
TCGA:HNSCC:TCGA-CV-5435-01,HNSCC,HNSCC,0.0005017212242819369,0.9973214268684387,0.00202199537307024,0.00015482859453186393
TCGA:HNSCC:TCGA-CV-5436-01,HNSCC,HNSCC,4.704675302491523e-05,0.9998666048049927,7.301630103029311e-05,1.3363974176172633e-05
TCGA:HNSCC:TCGA-CV-5439-01,HNSCC,HNSCC,0.0001586416910868138,0.9994869232177734,0.0002806594129651785,7.371566607616842e-05
TCGA:HNSCC:TCGA-CV-5440-01,HNSCC,HNSCC,0.00011638088471954688,0.9991660118103027,0.0006657333578914404,5.189539660932496e-05
TCGA:HNSCC:TCGA-CV-5441-01,HNSCC,HNSCC,0.00015497613640036434,0.9994939565658569,0.0003140091721434146,3.7029025406809524e-05
TCGA:HNSCC:TCGA-CV-5442-01,HNSCC,HNSCC,0.00019569801224861294,0.9994428753852844,0.0003039012663066387,5.752731522079557e-05
TCGA:HNSCC:TCGA-CV-5443-01,HNSCC,HNSCC,0.004173761699348688,0.8792228698730469,0.10991191864013672,0.006691428367048502
TCGA:HNSCC:TCGA-CV-5444-01,HNSCC,HNSCC,0.0004922935040667653,0.9993941783905029,8.071233605733141e-05,3.275679409853183e-05
TCGA:HNSCC:TCGA-CV-5966-01,HNSCC,HNSCC,0.00019295309903100133,0.9993811845779419,0.0002388499560765922,0.00018700139480642974
TCGA:HNSCC:TCGA-CV-5970-01,HNSCC,HNSCC,5.416875865194015e-05,0.9998512268066406,7.17034563422203e-05,2.2892922061146237e-05
TCGA:HNSCC:TCGA-CV-5971-01,HNSCC,HNSCC,0.011366473510861397,0.9868208765983582,0.001426543458364904,0.00038612683420069516
TCGA:HNSCC:TCGA-CV-5973-01,HNSCC,HNSCC,7.194063800852746e-05,0.9997957348823547,0.00011489570169942454,1.739811705192551e-05
TCGA:HNSCC:TCGA-CV-5976-01,HNSCC,HNSCC,5.9883434005314484e-05,0.9998507499694824,6.968164234422147e-05,1.9689221517182887e-05
TCGA:HNSCC:TCGA-CV-5977-01,HNSCC,HNSCC,8.052128396229818e-05,0.9998307228088379,5.845775376656093e-05,3.0267066904343665e-05
TCGA:HNSCC:TCGA-CV-5978-01,HNSCC,HNSCC,0.00845713634043932,0.8718092441558838,0.11929141730070114,0.0004421425110194832
TCGA:HNSCC:TCGA-CV-5979-01,HNSCC,HNSCC,0.0001252011425094679,0.9997826218605042,7.920290227048099e-05,1.2988853086426388e-05
TCGA:HNSCC:TCGA-CV-6003-01,HNSCC,HNSCC,0.00011846366396639496,0.9998005032539368,6.081841274863109e-05,2.0236093405401334e-05
TCGA:HNSCC:TCGA-CV-6433-01,HNSCC,HNSCC,0.010587417520582676,0.7327251434326172,0.2408546656370163,0.015832802280783653
TCGA:HNSCC:TCGA-CV-6436-01,HNSCC,HNSCC,3.41974118782673e-05,0.9998158812522888,0.0001287550403503701,2.118111115123611e-05
TCGA:HNSCC:TCGA-CV-6441-01,HNSCC,HNSCC,0.0002599488652776927,0.997107207775116,0.0006897455314174294,0.0019431227119639516
TCGA:HNSCC:TCGA-CV-6933-01,HNSCC,HNSCC,3.406774339964613e-05,0.9990290403366089,0.0009151772246696055,2.1756826754426584e-05
TCGA:HNSCC:TCGA-CV-6934-01,HNSCC,HNSCC,0.0004655179218389094,0.999200165271759,0.00030131934909150004,3.2973603083519265e-05
TCGA:HNSCC:TCGA-CV-6935-01,HNSCC,HNSCC,0.0003445979964453727,0.9963523149490356,0.0031733582727611065,0.00012975143908988684
TCGA:HNSCC:TCGA-CV-6936-01,HNSCC,HNSCC,0.0007548630819655955,0.9947792291641235,0.004122283309698105,0.0003436981060076505
TCGA:HNSCC:TCGA-CV-6937-01,HNSCC,HNSCC,0.0006850265781395137,0.9950909614562988,0.003946611192077398,0.0002773946325760335
TCGA:HNSCC:TCGA-CV-6938-01,HNSCC,HNSCC,2.4042450604611076e-05,0.9994309544563293,0.0005320394411683083,1.2948868970852345e-05
TCGA:HNSCC:TCGA-CV-6939-01,HNSCC,HNSCC,0.05175911262631416,0.8117319941520691,0.06142601743340492,0.07508285343647003
TCGA:HNSCC:TCGA-CV-6940-01,HNSCC,HNSCC,7.054297748254612e-05,0.9997708201408386,0.0001328312500845641,2.5871249818010256e-05
TCGA:HNSCC:TCGA-CV-6941-01,HNSCC,HNSCC,0.00016179875819943845,0.9997122883796692,0.00010354380356147885,2.230012796644587e-05
TCGA:HNSCC:TCGA-CV-6942-01,HNSCC,HNSCC,0.000790006248280406,0.9986239671707153,0.0005303671932779253,5.563689046539366e-05
TCGA:HNSCC:TCGA-CV-6943-01,HNSCC,HNSCC,0.00026102628908120096,0.9996532201766968,4.745320984511636e-05,3.830167406704277e-05
TCGA:HNSCC:TCGA-CV-6945-01,HNSCC,HNSCC,8.792884909780696e-05,0.9995985627174377,0.0002922822313848883,2.129664790118113e-05
TCGA:HNSCC:TCGA-CV-6948-01,HNSCC,HNSCC,0.0016592976171523333,0.7650401592254639,0.23219233751296997,0.0011082087876275182
TCGA:HNSCC:TCGA-CV-6950-01,HNSCC,HNSCC,0.00014659095904789865,0.9997361302375793,9.497364953858778e-05,2.2329964849632233e-05
TCGA:HNSCC:TCGA-CV-6951-01,HNSCC,HNSCC,0.00010053974983748049,0.9998242259025574,5.6165332352975383e-05,1.9056607925449498e-05
TCGA:HNSCC:TCGA-CV-6952-01,HNSCC,HNSCC,0.00011515757068991661,0.9998558759689331,1.937992601597216e-05,9.618541298550554e-06
TCGA:HNSCC:TCGA-CV-6953-01,HNSCC,HNSCC,0.00024577093427069485,0.9996384382247925,8.858931687427685e-05,2.715059235924855e-05
TCGA:HNSCC:TCGA-CV-6954-01,HNSCC,HNSCC,0.0001793915289454162,0.9996887445449829,8.696153236087412e-05,4.4942546082893386e-05
TCGA:HNSCC:TCGA-CV-6955-01,HNSCC,HNSCC,0.00018045897013507783,0.9989481568336487,0.0007281532743945718,0.00014327853568829596
TCGA:HNSCC:TCGA-CV-6956-01,HNSCC,HNSCC,7.512479351134971e-05,0.9998291730880737,4.8722806241130456e-05,4.689292109105736e-05
TCGA:HNSCC:TCGA-CV-6959-01,HNSCC,HNSCC,8.116977551253513e-05,0.9998852014541626,2.2758558770874515e-05,1.0842967640201095e-05
TCGA:HNSCC:TCGA-CV-6960-01,HNSCC,HNSCC,0.0005599695141427219,0.9511672854423523,0.04765544459223747,0.0006173248984850943
TCGA:HNSCC:TCGA-CV-6961-01,HNSCC,HNSCC,0.00040650973096489906,0.9945409893989563,0.0028047647792845964,0.0022477235179394484
TCGA:HNSCC:TCGA-CV-6962-01,HNSCC,HNSCC,0.0007660334813408554,0.9607164263725281,0.0381767563521862,0.000340776692610234
TCGA:HNSCC:TCGA-CV-7089-01,HNSCC,HNSCC,5.600030272034928e-05,0.9998255372047424,8.422377140959725e-05,3.4208929719170555e-05
TCGA:HNSCC:TCGA-CV-7090-01,HNSCC,HNSCC,9.35441130422987e-05,0.9993042945861816,0.0005636860732920468,3.85119128623046e-05
TCGA:HNSCC:TCGA-CV-7091-01,HNSCC,HNSCC,3.902395110344514e-05,0.9998385906219482,0.00010521234798943624,1.7201376977027394e-05
TCGA:HNSCC:TCGA-CV-7095-01,HNSCC,HNSCC,7.462428766302764e-05,0.9997555613517761,0.00012757892545778304,4.219172478769906e-05
TCGA:HNSCC:TCGA-CV-7097-01,HNSCC,HNSCC,0.0008443422266282141,0.9979709982872009,0.000860121741425246,0.000324584252666682
TCGA:HNSCC:TCGA-CV-7099-01,HNSCC,HNSCC,8.296340092783794e-05,0.9983295798301697,0.0015130091924220324,7.449511758750305e-05
TCGA:HNSCC:TCGA-CV-7100-01,HNSCC,LSCC,0.0011130543425679207,0.1477440893650055,0.8499674201011658,0.0011754257138818502
TCGA:HNSCC:TCGA-CV-7101-01,HNSCC,HNSCC,0.00010786168422782794,0.9963492155075073,0.003441635984927416,0.00010122420644620433
TCGA:HNSCC:TCGA-CV-7102-01,HNSCC,HNSCC,0.00039076420944184065,0.999264657497406,0.00024190380645450205,0.00010270533675793558
TCGA:HNSCC:TCGA-CV-7103-01,HNSCC,HNSCC,0.00016962974041234702,0.9982438087463379,0.0015002221334725618,8.635791891720146e-05
TCGA:HNSCC:TCGA-CV-7104-01,HNSCC,HNSCC,0.00011524577712407336,0.999808132648468,4.8221845645457506e-05,2.8448881494114175e-05
TCGA:HNSCC:TCGA-CV-7177-01,HNSCC,HNSCC,0.004937906749546528,0.6196973919868469,0.3738322854042053,0.0015324227279052138
TCGA:HNSCC:TCGA-CV-7178-01,HNSCC,HNSCC,0.004986908752471209,0.9948297142982483,0.00013903173385187984,4.430843910085969e-05
TCGA:HNSCC:TCGA-CV-7180-01,HNSCC,HNSCC,4.4188291212776676e-05,0.9998124241828918,0.00011541147250682116,2.7967666028416716e-05
TCGA:HNSCC:TCGA-CV-7183-01,HNSCC,HNSCC,7.58124515414238e-05,0.9996943473815918,0.0001815707073546946,4.830306352232583e-05
TCGA:HNSCC:TCGA-CV-7235-01,HNSCC,HNSCC,0.00035714494879357517,0.990894079208374,0.008656321093440056,9.245100227417424e-05
TCGA:HNSCC:TCGA-CV-7236-01,HNSCC,HNSCC,0.002642402658239007,0.9927782416343689,0.004022648558020592,0.0005566737381741405
TCGA:HNSCC:TCGA-CV-7238-01,HNSCC,HNSCC,6.289732846198604e-05,0.9998574256896973,6.176778697408736e-05,1.7838285202742554e-05
TCGA:HNSCC:TCGA-CV-7242-01,HNSCC,HNSCC,0.00019475702720228583,0.9955493211746216,0.0032314034178853035,0.0010245607700198889
TCGA:HNSCC:TCGA-CV-7243-01,HNSCC,HNSCC,0.0006097217556089163,0.9992325305938721,8.772991714067757e-05,6.999610195634887e-05
TCGA:HNSCC:TCGA-CV-7245-01,HNSCC,HNSCC,7.065357203828171e-05,0.9992127418518066,0.0006956877186894417,2.0935029169777408e-05
TCGA:HNSCC:TCGA-CV-7247-01,HNSCC,HNSCC,9.68201711657457e-05,0.9997687935829163,0.00011382730008335784,2.0618825146812014e-05
TCGA:HNSCC:TCGA-CV-7248-01,HNSCC,HNSCC,0.0005980144487693906,0.9987941980361938,0.0005122381844557822,9.546496585244313e-05
TCGA:HNSCC:TCGA-CV-7250-01,HNSCC,HNSCC,0.000528548436705023,0.9981503486633301,0.0011463077971711755,0.0001748581707943231
TCGA:HNSCC:TCGA-CV-7252-01,HNSCC,HNSCC,0.00030211079865694046,0.9994284510612488,0.0002319199702469632,3.753064083866775e-05
TCGA:HNSCC:TCGA-CV-7253-01,HNSCC,HNSCC,5.195464109419845e-05,0.9996600151062012,0.00024535306147299707,4.269748751539737e-05
TCGA:HNSCC:TCGA-CV-7254-01,HNSCC,HNSCC,0.003934699110686779,0.9759104251861572,0.019155390560626984,0.0009994902648031712
TCGA:HNSCC:TCGA-CV-7255-01,HNSCC,HNSCC,4.755278132506646e-05,0.9998657703399658,6.167094397824258e-05,2.5008444936247543e-05
TCGA:HNSCC:TCGA-CV-7261-01,HNSCC,HNSCC,0.00038558896631002426,0.870896577835083,0.12861697375774384,0.00010086229303851724
TCGA:HNSCC:TCGA-CV-7263-01,HNSCC,HNSCC,0.00014419961371459067,0.9992684721946716,0.0005025506834499538,8.474502828903496e-05
TCGA:HNSCC:TCGA-CV-7406-01,HNSCC,HNSCC,0.04040348902344704,0.9284480810165405,0.023911602795124054,0.007236896548420191
TCGA:HNSCC:TCGA-CV-7407-01,HNSCC,HNSCC,0.00046304220450110734,0.9971121549606323,0.0022461707703769207,0.00017860322259366512
TCGA:HNSCC:TCGA-CV-7409-01,HNSCC,HNSCC,0.00015500668087042868,0.9894662499427795,0.010279140435159206,9.955561836250126e-05
TCGA:HNSCC:TCGA-CV-7410-01,HNSCC,HNSCC,0.00018480974540580064,0.9993603825569153,0.00039570496301166713,5.9069359849672765e-05
TCGA:HNSCC:TCGA-CV-7411-01,HNSCC,HNSCC,0.00013739596761297435,0.9997133612632751,0.00011997383262496442,2.922718704212457e-05
TCGA:HNSCC:TCGA-CV-7413-01,HNSCC,HNSCC,0.0012590981787070632,0.9962800145149231,0.0022457509767264128,0.00021511048544198275
TCGA:HNSCC:TCGA-CV-7414-01,HNSCC,HNSCC,0.000425085483584553,0.9987753033638,0.00044796333531849086,0.00035162302083335817
TCGA:HNSCC:TCGA-CV-7415-01,HNSCC,HNSCC,9.131821570917964e-05,0.9997277855873108,0.00014926044968888164,3.163738074363209e-05
TCGA:HNSCC:TCGA-CV-7416-01,HNSCC,HNSCC,0.0008683011983521283,0.9936196208000183,0.005429440643638372,8.255932334577665e-05
TCGA:HNSCC:TCGA-CV-7418-01,HNSCC,HNSCC,0.0026960098184645176,0.9869064092636108,0.009647381491959095,0.0007501288782805204
TCGA:HNSCC:TCGA-CV-7421-01,HNSCC,HNSCC,0.00033090944634750485,0.9851683378219604,0.014292262494564056,0.00020846167171839625
TCGA:HNSCC:TCGA-CV-7422-01,HNSCC,HNSCC,0.00022516892931889743,0.9991907477378845,0.0005552353686653078,2.8875379939563572e-05
TCGA:HNSCC:TCGA-CV-7423-01,HNSCC,HNSCC,4.2289437260478735e-05,0.9998818635940552,4.2619976738933474e-05,3.3243759389733896e-05
TCGA:HNSCC:TCGA-CV-7424-01,HNSCC,HNSCC,0.007415278814733028,0.8512031435966492,0.13921433687210083,0.0021672656293958426
TCGA:HNSCC:TCGA-CV-7425-01,HNSCC,HNSCC,0.0004192636115476489,0.9995325803756714,3.200161881977692e-05,1.614533357496839e-05
TCGA:HNSCC:TCGA-CV-7427-01,HNSCC,HNSCC,4.380582686280832e-05,0.9998855590820312,5.4066054872237146e-05,1.6510615751030855e-05
TCGA:HNSCC:TCGA-CV-7428-01,HNSCC,HNSCC,0.0013416920555755496,0.9926875829696655,0.00550293643027544,0.00046780574484728277
TCGA:HNSCC:TCGA-CV-7429-01,HNSCC,HNSCC,0.002501271665096283,0.9792814254760742,0.017240654677152634,0.0009766013827174902
TCGA:HNSCC:TCGA-CV-7430-01,HNSCC,HNSCC,0.0001618079113541171,0.9955339431762695,0.004208563361316919,9.5730421890039e-05
TCGA:HNSCC:TCGA-CV-7432-01,HNSCC,HNSCC,3.852843656204641e-05,0.9996930360794067,0.0002495408698450774,1.889027225843165e-05
TCGA:HNSCC:TCGA-CV-7433-01,HNSCC,HNSCC,7.678144902456552e-05,0.999778687953949,9.554922144161537e-05,4.893846562481485e-05
TCGA:HNSCC:TCGA-CV-7434-01,HNSCC,HNSCC,0.00197713659144938,0.9963047504425049,0.00141698750667274,0.0003011593653354794
TCGA:HNSCC:TCGA-CV-7435-01,HNSCC,HNSCC,0.0024774004705250263,0.9971587657928467,0.0002751125139184296,8.870037709129974e-05
TCGA:HNSCC:TCGA-CV-7437-01,HNSCC,HNSCC,0.002895043697208166,0.928349494934082,0.06768452376127243,0.0010709241032600403
TCGA:HNSCC:TCGA-CV-7438-01,HNSCC,HNSCC,6.543277413584292e-05,0.9998759031295776,3.962737901019864e-05,1.897498623293359e-05
TCGA:HNSCC:TCGA-CV-7440-01,HNSCC,HNSCC,0.0008621392771601677,0.9913184642791748,0.007154481951147318,0.0006649750284850597
TCGA:HNSCC:TCGA-CV-7446-01,HNSCC,HNSCC,0.0005996907129883766,0.9922438263893127,0.0068370080552995205,0.00031948258401826024
TCGA:HNSCC:TCGA-CV-7568-01,HNSCC,HNSCC,0.0064902943558990955,0.9931585192680359,0.00025283885770477355,9.842235886026174e-05
TCGA:HNSCC:TCGA-CV-A45O-01,HNSCC,HNSCC,9.921578748617321e-05,0.9997097849845886,0.00017185691103804857,1.9086144675384276e-05
TCGA:HNSCC:TCGA-CV-A45P-01,HNSCC,HNSCC,0.00015978260489646345,0.9997615218162537,4.518787682172842e-05,3.352897329023108e-05
TCGA:HNSCC:TCGA-CV-A45Q-01,HNSCC,HNSCC,8.33166268421337e-05,0.9997758269309998,0.00012140303442720324,1.9422892364673316e-05
TCGA:HNSCC:TCGA-CV-A45R-01,HNSCC,HNSCC,0.00014353929145727307,0.9996185302734375,0.00018832289788406342,4.9547412345418707e-05
TCGA:HNSCC:TCGA-CV-A45T-01,HNSCC,HNSCC,8.912757766665891e-05,0.9998890161514282,1.178201364382403e-05,1.0044558621302713e-05
TCGA:HNSCC:TCGA-CV-A45U-01,HNSCC,HNSCC,0.00014271846157498658,0.9990814924240112,0.0007156641222536564,6.010467768646777e-05
TCGA:HNSCC:TCGA-CV-A45V-01,HNSCC,HNSCC,3.602814467740245e-05,0.9999366998672485,1.490960676164832e-05,1.2313037586864084e-05
TCGA:HNSCC:TCGA-CV-A45W-01,HNSCC,HNSCC,0.004247406963258982,0.5772783756256104,0.4176981449127197,0.0007761060842312872
TCGA:HNSCC:TCGA-CV-A45X-01,HNSCC,HNSCC,9.29660236579366e-05,0.9993851184844971,0.00042183962068520486,0.00010008815297624096
TCGA:HNSCC:TCGA-CV-A45Y-01,HNSCC,HNSCC,0.00018019268463831395,0.9995146989822388,0.0002608636859804392,4.428928150446154e-05
TCGA:HNSCC:TCGA-CV-A45Z-01,HNSCC,HNSCC,0.0006873819511383772,0.964865505695343,0.03411738947033882,0.00032976435613818467
TCGA:HNSCC:TCGA-CV-A460-01,HNSCC,HNSCC,0.0028963699005544186,0.9251958131790161,0.0697486475110054,0.0021591922268271446
TCGA:HNSCC:TCGA-CV-A461-01,HNSCC,HNSCC,0.00010947707778541371,0.9989481568336487,0.0008710628026165068,7.133714825613424e-05
TCGA:HNSCC:TCGA-CV-A463-01,HNSCC,HNSCC,6.720527744619176e-05,0.9998481273651123,6.671650044154376e-05,1.7963115169550292e-05
TCGA:HNSCC:TCGA-CV-A464-01,HNSCC,HNSCC,0.00016592159227002412,0.999751627445221,6.14493983448483e-05,2.0969244360458106e-05
TCGA:HNSCC:TCGA-CV-A465-01,HNSCC,HNSCC,5.463854904519394e-05,0.9998652935028076,6.719194789184257e-05,1.2827440514229238e-05
TCGA:HNSCC:TCGA-CV-A468-01,HNSCC,HNSCC,0.00017249277152586728,0.9996387958526611,0.00011896150681423023,6.969158130232245e-05
TCGA:HNSCC:TCGA-CV-A6JD-01,HNSCC,HNSCC,0.0001981977984542027,0.9994298815727234,0.0003388823242858052,3.301999095128849e-05
TCGA:HNSCC:TCGA-CV-A6JE-01,HNSCC,HNSCC,0.013433932326734066,0.9669355750083923,0.017789117991924286,0.0018413923680782318
TCGA:HNSCC:TCGA-CV-A6JM-01,HNSCC,HNSCC,9.07017383724451e-05,0.9997795224189758,0.00010348056821385399,2.6326601073378697e-05
TCGA:HNSCC:TCGA-CV-A6JN-01,HNSCC,HNSCC,3.816136813838966e-05,0.9998942613601685,3.7258239899529144e-05,3.0306249755085446e-05
TCGA:HNSCC:TCGA-CV-A6JO-01,HNSCC,HNSCC,2.6881531084654853e-05,0.999829888343811,0.00012602251081261784,1.7228396245627664e-05
TCGA:HNSCC:TCGA-CV-A6JT-01,HNSCC,HNSCC,0.00011380833166185766,0.9997738003730774,8.519933180650696e-05,2.7161493562744e-05
TCGA:HNSCC:TCGA-CV-A6JU-01,HNSCC,HNSCC,0.0010142584796994925,0.9938449859619141,0.004593145567923784,0.0005476927617564797
TCGA:HNSCC:TCGA-CV-A6JY-01,HNSCC,HNSCC,0.00010735100659076124,0.9994456171989441,0.00040990201523527503,3.715273123816587e-05
TCGA:HNSCC:TCGA-CV-A6JZ-01,HNSCC,HNSCC,0.00025328542687930167,0.9994964599609375,0.00023139026598073542,1.8821001503965817e-05
TCGA:HNSCC:TCGA-CV-A6K0-01,HNSCC,HNSCC,9.285340638598427e-05,0.9998266100883484,4.506313052843325e-05,3.554263457772322e-05
TCGA:HNSCC:TCGA-CV-A6K1-01,HNSCC,HNSCC,0.00011577193072298542,0.9985173344612122,0.0012322536204010248,0.00013461720664054155
TCGA:HNSCC:TCGA-CV-A6K2-01,HNSCC,HNSCC,0.0007398477755486965,0.9362481236457825,0.06257280707359314,0.00043925127829425037
TCGA:HNSCC:TCGA-CX-7085-01,HNSCC,HNSCC,0.0004247976467013359,0.9994977712631226,3.88742373615969e-05,3.855255636153743e-05
TCGA:HNSCC:TCGA-CX-7086-01,HNSCC,HNSCC,5.966741809970699e-05,0.9997484087944031,0.0001654588704695925,2.6476976927369833e-05
TCGA:HNSCC:TCGA-CX-7219-01,HNSCC,HNSCC,7.420593465212733e-05,0.9997240900993347,0.00014537383685819805,5.631084059132263e-05
TCGA:HNSCC:TCGA-CX-A4AQ-01,HNSCC,HNSCC,0.03479975461959839,0.722757875919342,0.23439426720142365,0.008048160932958126
TCGA:HNSCC:TCGA-D6-6515-01,HNSCC,HNSCC,9.146295633399859e-05,0.9997990727424622,7.587985601276159e-05,3.3556461858097464e-05
TCGA:HNSCC:TCGA-D6-6516-01,HNSCC,HNSCC,6.369046604959294e-05,0.9998993873596191,2.5519724658806808e-05,1.134367903432576e-05
TCGA:HNSCC:TCGA-D6-6517-01,HNSCC,HNSCC,0.0010666468879207969,0.9933310151100159,0.0052471463568508625,0.0003551783738657832
TCGA:HNSCC:TCGA-D6-6823-01,HNSCC,HNSCC,7.587007712572813e-05,0.9998180270195007,6.739207310602069e-05,3.877981362165883e-05
TCGA:HNSCC:TCGA-D6-6824-01,HNSCC,HNSCC,0.015450535342097282,0.562660813331604,0.01609766110777855,0.40579095482826233
TCGA:HNSCC:TCGA-D6-6825-01,HNSCC,HNSCC,9.373734064865857e-05,0.9998340606689453,4.800070382771082e-05,2.4202121494454332e-05
TCGA:HNSCC:TCGA-D6-6826-01,HNSCC,HNSCC,0.004848537966609001,0.9555122256278992,0.038081102073192596,0.0015581290936097503
TCGA:HNSCC:TCGA-D6-6827-01,HNSCC,BRCA,0.6506120562553406,0.10636074095964432,0.23945876955986023,0.003568442305549979
TCGA:HNSCC:TCGA-D6-8568-01,HNSCC,HNSCC,3.9069807826308534e-05,0.9998295307159424,0.0001054997555911541,2.5908522729878314e-05
TCGA:HNSCC:TCGA-D6-8569-01,HNSCC,HNSCC,9.993946878239512e-05,0.9994320273399353,0.00038398796459659934,8.404943946516141e-05
TCGA:HNSCC:TCGA-D6-A4Z9-01,HNSCC,HNSCC,5.4195163102122024e-05,0.9998064637184143,0.0001228728797286749,1.654795960348565e-05
TCGA:HNSCC:TCGA-D6-A4ZB-01,HNSCC,HNSCC,0.00010585779091343284,0.997104823589325,0.002744323341175914,4.499861097428948e-05
TCGA:HNSCC:TCGA-D6-A6EK-01,HNSCC,HNSCC,3.72283611795865e-05,0.9999016523361206,4.0625152905704454e-05,2.0428542484296486e-05
TCGA:HNSCC:TCGA-D6-A6EM-01,HNSCC,HNSCC,0.00017676883726380765,0.9997265934944153,6.231001316336915e-05,3.4274577046744525e-05
TCGA:HNSCC:TCGA-D6-A6EN-01,HNSCC,HNSCC,8.194449765142053e-05,0.9995130300521851,0.0003091818653047085,9.580282494425774e-05
TCGA:HNSCC:TCGA-D6-A6EO-01,HNSCC,HNSCC,0.018678253516554832,0.9780696630477905,0.0029641001019626856,0.0002879870298784226
TCGA:HNSCC:TCGA-D6-A6EP-01,HNSCC,HNSCC,0.09294141083955765,0.478210985660553,0.4193350076675415,0.009512601420283318
TCGA:HNSCC:TCGA-D6-A6EQ-01,HNSCC,HNSCC,0.00011767477553803474,0.9996191263198853,0.0002209718804806471,4.217905370751396e-05
TCGA:HNSCC:TCGA-D6-A6ES-01,HNSCC,HNSCC,0.0010717891855165362,0.9747888445854187,0.02395010180771351,0.00018924094911199063
TCGA:HNSCC:TCGA-D6-A74Q-01,HNSCC,HNSCC,7.162264228099957e-05,0.9991864562034607,0.0007030257838778198,3.885668411385268e-05
TCGA:HNSCC:TCGA-DQ-5624-01,HNSCC,HNSCC,5.755533493356779e-05,0.9998657703399658,4.324155452195555e-05,3.345287041156553e-05
TCGA:HNSCC:TCGA-DQ-5625-01,HNSCC,HNSCC,6.262672832235694e-05,0.9999042749404907,2.229754136351403e-05,1.0785945050884038e-05
TCGA:HNSCC:TCGA-DQ-5629-01,HNSCC,LSCC,0.000471680163173005,0.04459855332970619,0.954723596572876,0.00020614180539269
TCGA:HNSCC:TCGA-DQ-5630-01,HNSCC,HNSCC,6.632150325458497e-05,0.9996607303619385,0.0002395149349467829,3.339447357575409e-05
TCGA:HNSCC:TCGA-DQ-5631-01,HNSCC,HNSCC,0.00036737468326464295,0.997880220413208,0.0015462435549125075,0.00020619507995434105
TCGA:HNSCC:TCGA-DQ-7588-01,HNSCC,HNSCC,0.0005008131847716868,0.9972411394119263,0.002045454690232873,0.00021260093490127474
TCGA:HNSCC:TCGA-DQ-7589-01,HNSCC,HNSCC,0.002573059406131506,0.7947072386741638,0.20160022377967834,0.001119478140026331
TCGA:HNSCC:TCGA-DQ-7590-01,HNSCC,HNSCC,9.901756857289001e-05,0.9996001124382019,0.00026109532336704433,3.98165502701886e-05
TCGA:HNSCC:TCGA-DQ-7591-01,HNSCC,HNSCC,0.0006533591076731682,0.9963178634643555,0.002623972948640585,0.000404775986680761
TCGA:HNSCC:TCGA-DQ-7592-01,HNSCC,HNSCC,5.2907595090800896e-05,0.9998953342437744,3.27501620631665e-05,1.903970587591175e-05
TCGA:HNSCC:TCGA-DQ-7593-01,HNSCC,HNSCC,0.00018884465680457652,0.9981487989425659,0.001567233121022582,9.514233533991501e-05
TCGA:HNSCC:TCGA-DQ-7594-01,HNSCC,HNSCC,0.00045427566510625184,0.999171257019043,0.0001543194375699386,0.00022019878088030964
TCGA:HNSCC:TCGA-DQ-7595-01,HNSCC,HNSCC,0.0006550860707648098,0.9911150932312012,0.005941381212323904,0.0022883773781359196
TCGA:HNSCC:TCGA-DQ-7596-01,HNSCC,HNSCC,0.002428261796012521,0.9668493270874023,0.024745775386691093,0.005976608954370022
TCGA:HNSCC:TCGA-F7-7848-01,HNSCC,HNSCC,0.0015127090737223625,0.6016355752944946,0.39550212025642395,0.0013495506718754768
TCGA:HNSCC:TCGA-F7-8298-01,HNSCC,HNSCC,0.0009409364429302514,0.9958958625793457,0.0029472303576767445,0.00021601493062917143
TCGA:HNSCC:TCGA-F7-8489-01,HNSCC,HNSCC,4.2775864130817354e-05,0.999687671661377,0.00023511161271017045,3.440315049374476e-05
TCGA:HNSCC:TCGA-F7-A50G-01,HNSCC,HNSCC,0.002056867815554142,0.9978362917900085,6.557425513165072e-05,4.1299110307591036e-05
TCGA:HNSCC:TCGA-F7-A50I-01,HNSCC,HNSCC,0.00013826374197378755,0.9987707734107971,0.0008743664948269725,0.00021662365179508924
TCGA:HNSCC:TCGA-F7-A50J-01,HNSCC,HNSCC,2.070995651592966e-05,0.9999054670333862,5.694964056601748e-05,1.682307993178256e-05
TCGA:HNSCC:TCGA-F7-A61S-01,HNSCC,HNSCC,3.5945093259215355e-05,0.9999300241470337,1.9476472516544163e-05,1.4553549590345938e-05
TCGA:HNSCC:TCGA-F7-A61V-01,HNSCC,HNSCC,0.00026929969317279756,0.9995250701904297,0.00011105075827799737,9.459540160605684e-05
TCGA:HNSCC:TCGA-F7-A61W-01,HNSCC,HNSCC,9.389777551405132e-05,0.9997827410697937,0.00010123079118784517,2.2154708858579397e-05
TCGA:HNSCC:TCGA-F7-A620-01,HNSCC,HNSCC,2.205015334766358e-05,0.9999502897262573,1.3891534763388336e-05,1.37616789288586e-05
TCGA:HNSCC:TCGA-F7-A622-01,HNSCC,HNSCC,8.626853377791122e-05,0.9997100234031677,0.00016140664229169488,4.221830386086367e-05
TCGA:HNSCC:TCGA-F7-A623-01,HNSCC,HNSCC,0.0012206651736050844,0.998151957988739,0.0005880231619812548,3.928933074348606e-05
TCGA:HNSCC:TCGA-F7-A624-01,HNSCC,HNSCC,0.24257659912109375,0.45729517936706543,0.16849832236766815,0.13162995874881744
TCGA:HNSCC:TCGA-H7-7774-01,HNSCC,HNSCC,0.00010261084389640018,0.999637246131897,0.00023145553132053465,2.8689782993751578e-05
TCGA:HNSCC:TCGA-H7-8501-01,HNSCC,HNSCC,9.219957428285852e-05,0.9995817542076111,0.0002651565882842988,6.0859812947455794e-05
TCGA:HNSCC:TCGA-H7-8502-01,HNSCC,HNSCC,0.00015275766781996936,0.9995924830436707,0.00020063518604729325,5.417953434516676e-05
TCGA:HNSCC:TCGA-H7-A6C4-01,HNSCC,HNSCC,0.00012461513688322157,0.9997746348381042,4.7570716560585424e-05,5.3180228860583156e-05
TCGA:HNSCC:TCGA-H7-A76A-01,HNSCC,HNSCC,0.00034509418765082955,0.941602349281311,0.05747334286570549,0.0005792863667011261
TCGA:HNSCC:TCGA-HD-7229-01,HNSCC,HNSCC,0.0002994202368427068,0.9976179003715515,0.001417656079865992,0.0006650509894825518
TCGA:HNSCC:TCGA-HD-7753-01,HNSCC,HNSCC,0.00015437457477673888,0.999675989151001,0.00012082151806680486,4.8824218538356945e-05
TCGA:HNSCC:TCGA-HD-7754-01,HNSCC,LSCC,0.009056201204657555,0.0710112676024437,0.910746693611145,0.009185814298689365
TCGA:HNSCC:TCGA-HD-7831-01,HNSCC,HNSCC,0.0006000549765303731,0.9991012811660767,0.000241683708736673,5.7020959502551705e-05
TCGA:HNSCC:TCGA-HD-7832-01,HNSCC,HNSCC,7.418631139444187e-05,0.9996159076690674,0.00028271510382182896,2.717010647756979e-05
TCGA:HNSCC:TCGA-HD-7917-01,HNSCC,HNSCC,5.329344276105985e-05,0.999860405921936,6.7739216319751e-05,1.8597736925585195e-05
TCGA:HNSCC:TCGA-HD-8224-01,HNSCC,HNSCC,0.0002763202355708927,0.9995438456535339,0.00013576110359281301,4.4043448724551126e-05
TCGA:HNSCC:TCGA-HD-8314-01,HNSCC,HNSCC,0.01982703246176243,0.9552583694458008,0.01977362670004368,0.0051410142332315445
TCGA:HNSCC:TCGA-HD-8634-01,HNSCC,HNSCC,0.00015714322216808796,0.9997933506965637,3.4843549656216055e-05,1.4675902093586046e-05
TCGA:HNSCC:TCGA-HD-8635-01,HNSCC,HNSCC,0.0032472044695168734,0.9965513944625854,0.00013304575986694545,6.832931831013411e-05
TCGA:HNSCC:TCGA-HD-A4C1-01,HNSCC,HNSCC,0.00010172582551604137,0.9995731711387634,0.0002595599798951298,6.556028529303148e-05
TCGA:HNSCC:TCGA-HD-A633-01,HNSCC,HNSCC,0.0001395729777868837,0.9995449185371399,0.00023823977971915156,7.718273263890296e-05
TCGA:HNSCC:TCGA-HD-A634-01,HNSCC,HNSCC,0.22321279346942902,0.5318961143493652,0.08615372329950333,0.15873733162879944
TCGA:HNSCC:TCGA-HD-A6HZ-01,HNSCC,HNSCC,0.0016978870844468474,0.9890776872634888,0.008864393457770348,0.000360083271516487
TCGA:HNSCC:TCGA-HD-A6I0-01,HNSCC,HNSCC,8.202467870432884e-05,0.9997890591621399,0.00011350213026162237,1.539256118121557e-05
TCGA:HNSCC:TCGA-HL-7533-01,HNSCC,HNSCC,0.0015845198649913073,0.997687816619873,0.0006707293214276433,5.6889701227191836e-05
TCGA:HNSCC:TCGA-IQ-7630-01,HNSCC,HNSCC,3.3466294553363696e-05,0.9996805191040039,0.0002636827703099698,2.2293081201496534e-05
TCGA:HNSCC:TCGA-IQ-7631-01,HNSCC,HNSCC,0.002677086740732193,0.9963939785957336,0.00044997871736995876,0.00047901467769406736
TCGA:HNSCC:TCGA-IQ-7632-01,HNSCC,HNSCC,0.00012965366477146745,0.9990769624710083,0.0007581923273392022,3.521917460602708e-05
TCGA:HNSCC:TCGA-IQ-A61E-01,HNSCC,HNSCC,5.2529238018905744e-05,0.9998880624771118,4.641107807401568e-05,1.3012095223530196e-05
TCGA:HNSCC:TCGA-IQ-A61G-01,HNSCC,HNSCC,0.00031985031091608107,0.9960753321647644,0.0035479427315294743,5.689447425538674e-05
TCGA:HNSCC:TCGA-IQ-A61H-01,HNSCC,HNSCC,0.0007318156422115862,0.9951629638671875,0.003799568861722946,0.00030561781022697687
TCGA:HNSCC:TCGA-IQ-A61I-01,HNSCC,HNSCC,0.00020143184519838542,0.9989190101623535,0.0007375325658358634,0.00014205653860699385
TCGA:HNSCC:TCGA-IQ-A61J-01,HNSCC,HNSCC,0.00011118870315840468,0.9998470544815063,2.6114797947229818e-05,1.5612025890732184e-05
TCGA:HNSCC:TCGA-IQ-A61O-01,HNSCC,HNSCC,0.13183024525642395,0.7682560086250305,0.08763610571622849,0.012277626432478428
TCGA:HNSCC:TCGA-IQ-A6SG-01,HNSCC,HNSCC,0.00023540279653389007,0.9912298917770386,0.008467646315693855,6.705499981762841e-05
TCGA:HNSCC:TCGA-IQ-A6SH-01,HNSCC,HNSCC,3.5455264878692105e-05,0.9995017051696777,0.00044159102253615856,2.1208266844041646e-05
TCGA:HNSCC:TCGA-KU-A66S-01,HNSCC,LSCC,0.09192667156457901,0.30246227979660034,0.5950142741203308,0.010596765205264091
TCGA:HNSCC:TCGA-KU-A66T-01,HNSCC,HNSCC,0.00014804297825321555,0.9871104955673218,0.0126691535115242,7.237104728119448e-05
TCGA:HNSCC:TCGA-KU-A6H7-01,HNSCC,HNSCC,7.664024451514706e-05,0.9996535778045654,0.00023177782713901252,3.7953639548504725e-05
TCGA:HNSCC:TCGA-KU-A6H8-01,HNSCC,HNSCC,0.0004330238443799317,0.9989836812019348,0.0004546914133243263,0.00012853248335886747
TCGA:HNSCC:TCGA-MT-A51W-01,HNSCC,HNSCC,0.00016682123532518744,0.9987758994102478,0.0009824598673731089,7.480385102098808e-05
TCGA:HNSCC:TCGA-MT-A51X-01,HNSCC,HNSCC,6.139092147350311e-05,0.9998791217803955,4.338488361099735e-05,1.6130319636431523e-05
TCGA:HNSCC:TCGA-MT-A67A-01,HNSCC,HNSCC,0.00047485940740443766,0.9991232752799988,0.000322767038596794,7.912945875432342e-05
TCGA:HNSCC:TCGA-MT-A67D-01,HNSCC,HNSCC,0.0011734082363545895,0.996340811252594,0.001540143508464098,0.000945625884924084
TCGA:HNSCC:TCGA-MT-A67F-01,HNSCC,HNSCC,0.00010426159133203328,0.9996740818023682,0.00015667005209252238,6.50197544018738e-05
TCGA:HNSCC:TCGA-MT-A7BN-01,HNSCC,BRCA,0.9596871137619019,0.023455392569303513,0.012880533002316952,0.0039769443683326244
TCGA:HNSCC:TCGA-MZ-A5BI-01,HNSCC,HNSCC,0.002413370180875063,0.9916043877601624,0.005766750779002905,0.00021548855875153095
TCGA:HNSCC:TCGA-MZ-A6I9-01,HNSCC,HNSCC,4.11979308410082e-05,0.9996592998504639,0.00025923497742041945,4.02147343265824e-05
TCGA:HNSCC:TCGA-MZ-A7D7-01,HNSCC,HNSCC,0.0003480394370853901,0.9491699934005737,0.0502781979739666,0.00020378151384647936
TCGA:HNSCC:TCGA-P3-A5Q5-01,HNSCC,HNSCC,0.00017360264610033482,0.9993911981582642,0.00037308261380530894,6.209179264260456e-05
TCGA:HNSCC:TCGA-P3-A5Q6-01,HNSCC,HNSCC,0.0001767128997016698,0.9995588660240173,0.00023215272813104093,3.227832348784432e-05
TCGA:HNSCC:TCGA-P3-A5QA-01,HNSCC,HNSCC,0.0005687556695193052,0.9988453388214111,0.0003632912412285805,0.0002225860662292689
TCGA:HNSCC:TCGA-P3-A5QE-01,HNSCC,HNSCC,0.0002459527167957276,0.9965518712997437,0.0030989046208560467,0.00010328282951377332
TCGA:HNSCC:TCGA-P3-A5QF-01,HNSCC,HNSCC,4.914939927402884e-05,0.9997394680976868,0.00017286042566411197,3.8494017644552514e-05
TCGA:HNSCC:TCGA-P3-A6SW-01,HNSCC,HNSCC,0.0004733494424726814,0.9094786047935486,0.089549221098423,0.0004988440778106451
TCGA:HNSCC:TCGA-P3-A6SX-01,HNSCC,HNSCC,7.308199565159157e-05,0.9998704195022583,4.571885074255988e-05,1.0758776625152677e-05
TCGA:HNSCC:TCGA-P3-A6T0-01,HNSCC,HNSCC,0.08863428980112076,0.879067599773407,0.03066829778254032,0.0016298157861456275
TCGA:HNSCC:TCGA-P3-A6T2-01,HNSCC,HNSCC,5.589855936705135e-05,0.9998610019683838,6.57775963190943e-05,1.7257776562473737e-05
TCGA:HNSCC:TCGA-P3-A6T3-01,HNSCC,HNSCC,5.403629984357394e-05,0.9998100399971008,0.0001254322414752096,1.0564574040472507e-05
TCGA:HNSCC:TCGA-P3-A6T4-01,HNSCC,HNSCC,0.00012627973046619445,0.9991436004638672,0.0006672964082099497,6.286153075052425e-05
TCGA:HNSCC:TCGA-P3-A6T5-01,HNSCC,HNSCC,0.00022895928123034537,0.9993509650230408,0.00038338894955813885,3.6729579733219e-05
TCGA:HNSCC:TCGA-P3-A6T6-01,HNSCC,HNSCC,0.0013429695973172784,0.9724099040031433,0.02386382594704628,0.002383328042924404
TCGA:HNSCC:TCGA-P3-A6T7-01,HNSCC,HNSCC,0.00027555314591154456,0.9977439641952515,0.0018512163078412414,0.0001293190143769607
TCGA:HNSCC:TCGA-P3-A6T8-01,HNSCC,HNSCC,0.00016103651432786137,0.9985502362251282,0.0012175067095085979,7.120938244042918e-05
TCGA:HNSCC:TCGA-QK-A64Z-01,HNSCC,HNSCC,0.002022373490035534,0.9872410297393799,0.010434096679091454,0.0003024929901584983
TCGA:HNSCC:TCGA-QK-A652-01,HNSCC,HNSCC,0.00017322033818345517,0.9997432827949524,5.004346530768089e-05,3.3408730814699084e-05
TCGA:HNSCC:TCGA-QK-A6IF-01,HNSCC,HNSCC,0.005841743666678667,0.96440589427948,0.028749462217092514,0.0010028545511886477
TCGA:HNSCC:TCGA-QK-A6IG-01,HNSCC,HNSCC,0.00018001015996560454,0.9989822506904602,0.0007345149060711265,0.00010320564615540206
TCGA:HNSCC:TCGA-QK-A6IH-01,HNSCC,HNSCC,5.655154382111505e-05,0.9997695088386536,0.00016191268514376134,1.1986213394266088e-05
TCGA:HNSCC:TCGA-QK-A6II-01,HNSCC,HNSCC,0.0005680537433363497,0.9985750913619995,0.0003897015703842044,0.0004671390925068408
TCGA:HNSCC:TCGA-QK-A6IJ-01,HNSCC,HNSCC,4.401399928610772e-05,0.9997398257255554,0.0001659025438129902,5.028051964472979e-05
TCGA:HNSCC:TCGA-QK-A6V9-01,HNSCC,HNSCC,0.0002413787442492321,0.998314619064331,0.0013569601578637958,8.700614125700668e-05
TCGA:HNSCC:TCGA-QK-A6VB-01,HNSCC,HNSCC,0.00018015250680036843,0.9987554550170898,0.00094290153356269,0.00012147382221883163
TCGA:HNSCC:TCGA-QK-A6VC-01,HNSCC,HNSCC,0.0007214073557406664,0.9932727813720703,0.00589024368673563,0.00011557171819731593
TCGA:HNSCC:TCGA-QK-A8Z7-01,HNSCC,LSCC,0.00334541336633265,0.04359064996242523,0.951852023601532,0.0012119318125769496
TCGA:HNSCC:TCGA-QK-A8Z8-01,HNSCC,HNSCC,0.00029911036835983396,0.9810618758201599,0.01841176301240921,0.00022728006297256798
TCGA:HNSCC:TCGA-QK-A8Z9-01,HNSCC,HNSCC,0.0004302083980292082,0.9993802309036255,0.00014616236148867756,4.340395025792532e-05
TCGA:HNSCC:TCGA-QK-A8ZA-01,HNSCC,LSCC,6.220209616003558e-05,0.19039355218410492,0.8095201253890991,2.407559077255428e-05
TCGA:HNSCC:TCGA-QK-A8ZB-01,HNSCC,HNSCC,0.00010491358989384025,0.994929850101471,0.004913519136607647,5.1686565711861476e-05
TCGA:HNSCC:TCGA-QK-AA3J-01,HNSCC,HNSCC,0.00012188433174742386,0.9994773268699646,0.00030892412178218365,9.186564420815557e-05
TCGA:HNSCC:TCGA-QK-AA3K-01,HNSCC,HNSCC,0.028948578983545303,0.7837441563606262,0.1798475831747055,0.007459672633558512
TCGA:HNSCC:TCGA-RS-A6TO-01,HNSCC,HNSCC,0.0007289221393875778,0.9990206956863403,0.0002047567249974236,4.560573506751098e-05
TCGA:HNSCC:TCGA-RS-A6TP-01,HNSCC,HNSCC,0.0006471967208199203,0.991064190864563,0.007909010164439678,0.0003795652883127332
TCGA:HNSCC:TCGA-T2-A6WX-01,HNSCC,HNSCC,0.0001839771430240944,0.9990701079368591,0.0006865928298793733,5.9351437812438235e-05
TCGA:HNSCC:TCGA-T2-A6WZ-01,HNSCC,HNSCC,6.305226270342246e-05,0.9998724460601807,3.957248554797843e-05,2.492432395229116e-05
TCGA:HNSCC:TCGA-T2-A6X0-01,HNSCC,LSCC,0.0010667117312550545,0.1870518922805786,0.8113207817077637,0.0005606462946161628
TCGA:HNSCC:TCGA-T2-A6X2-01,HNSCC,HNSCC,5.961587157798931e-05,0.9998291730880737,8.816815534373745e-05,2.296893399034161e-05
TCGA:HNSCC:TCGA-T3-A92M-01,HNSCC,HNSCC,0.0004189442843198776,0.9925106763839722,0.006923163775354624,0.00014716808800585568
TCGA:HNSCC:TCGA-T3-A92N-01,HNSCC,HNSCC,8.261437324108556e-05,0.9995978474617004,0.00024311928427778184,7.637957605766132e-05
TCGA:HNSCC:TCGA-TN-A7HI-01,HNSCC,HNSCC,0.003067052224650979,0.9691795706748962,0.026398032903671265,0.001355363754555583
TCGA:HNSCC:TCGA-TN-A7HJ-01,HNSCC,HNSCC,0.0001976385829038918,0.9990003705024719,0.0005532585782930255,0.00024868897162377834
TCGA:HNSCC:TCGA-TN-A7HL-01,HNSCC,HNSCC,7.265387830557302e-05,0.9995580315589905,0.0003119169850833714,5.7405912230024114e-05
TCGA:HNSCC:TCGA-UF-A718-01,HNSCC,HNSCC,7.313432433875278e-05,0.9997021555900574,0.0001887552789412439,3.590942287701182e-05
TCGA:HNSCC:TCGA-UF-A719-01,HNSCC,HNSCC,0.00011590711801545694,0.9977688789367676,0.00202657631598413,8.861256355885416e-05
TCGA:HNSCC:TCGA-UF-A71A-01,HNSCC,HNSCC,0.00029595362138934433,0.9983516931533813,0.001305234618484974,4.7147321311058477e-05
TCGA:HNSCC:TCGA-UF-A71B-01,HNSCC,HNSCC,0.0008282368653453887,0.9272735714912415,0.07154980301856995,0.00034840404987335205
TCGA:HNSCC:TCGA-UF-A71D-01,HNSCC,HNSCC,0.0001742087333695963,0.9995279312133789,0.00022501905914396048,7.282816659426317e-05
TCGA:HNSCC:TCGA-UF-A71E-01,HNSCC,HNSCC,0.00011673304106807336,0.991801917552948,0.008012481033802032,6.890507938805968e-05
TCGA:HNSCC:TCGA-UF-A7J9-01,HNSCC,HNSCC,0.00032328368979506195,0.9977303147315979,0.0018139821477234364,0.0001323938777204603
TCGA:HNSCC:TCGA-UF-A7JA-01,HNSCC,HNSCC,0.000775573484133929,0.8950051069259644,0.10325010865926743,0.0009691872401162982
TCGA:HNSCC:TCGA-UF-A7JC-01,HNSCC,HNSCC,6.200563802849501e-05,0.9998670816421509,4.931466173729859e-05,2.1631723939208314e-05
TCGA:HNSCC:TCGA-UF-A7JD-01,HNSCC,HNSCC,0.06367248296737671,0.913179874420166,0.021076291799545288,0.0020714213605970144
TCGA:HNSCC:TCGA-UF-A7JF-01,HNSCC,HNSCC,0.00027470747590996325,0.9794586896896362,0.01984073594212532,0.0004259171546436846
TCGA:HNSCC:TCGA-UF-A7JH-01,HNSCC,HNSCC,6.711808237014338e-05,0.9997896552085876,0.00010640806431183591,3.687495700432919e-05
TCGA:HNSCC:TCGA-UF-A7JJ-01,HNSCC,HNSCC,0.007274812553077936,0.7311446070671082,0.25764647126197815,0.003934101201593876
TCGA:HNSCC:TCGA-UF-A7JK-01,HNSCC,HNSCC,0.001126098562963307,0.9576582312583923,0.04075209051370621,0.00046359869884327054
TCGA:HNSCC:TCGA-UF-A7JO-01,HNSCC,HNSCC,6.688499706797302e-05,0.9996658563613892,0.00024501216830685735,2.224225681857206e-05
TCGA:HNSCC:TCGA-UF-A7JS-01,HNSCC,HNSCC,4.50987063231878e-05,0.9998623132705688,6.757874507457018e-05,2.502567986084614e-05
TCGA:HNSCC:TCGA-UF-A7JT-01,HNSCC,HNSCC,4.413063288666308e-05,0.9999104738235474,2.6027664716821164e-05,1.9354996766196564e-05
TCGA:HNSCC:TCGA-UF-A7JV-01,HNSCC,HNSCC,0.0005760301719419658,0.9933769106864929,0.005753112956881523,0.00029391859425231814
TCGA:HNSCC:TCGA-UP-A6WW-01,HNSCC,HNSCC,0.005450088065117598,0.9506803750991821,0.03158257529139519,0.012286923825740814
TCGA:HNSCC:TCGA-WA-A7GZ-01,HNSCC,HNSCC,3.4286062145838514e-05,0.9998623132705688,8.479191455990076e-05,1.858649375208188e-05
TCGA:HNSCC:TCGA-WA-A7H4-01,HNSCC,HNSCC,0.001320479204878211,0.9977091550827026,0.000742615491617471,0.00022768632334191352
