evidence_id	source_id	citation_key	doi	year	title	finding	published_values	metric_definition	population_datasets_evaluation	supporting_passage	source_locator	comparison_suitability	report_section	report_location	current_sentence	proposed_use	verification_status	claim_verdict	limitations
E001	L01	shaktah2026established	10.1186/s12911-026-03654-3	2026	Established machine learning matches tabular foundation models in clinical predictions	Independent clinical evaluation finds inconsistent superiority	Better 2/12, below 10/12; differences generally within 0.02 AUROC; median runtime 5.53x best ML	Binary AUROC; hardware-confounded runtime	Eight datasets / twelve binary tasks. Fig.1b, personally inspected PDF p3: FOSP colorectal registry EACH task n=91,795 p=72: 1-year survival positive72.0%; 3-year27.2%; 5-year20.4%; cancer-death39.7%; overall-death55.9%. Arasteh: amyloidosis n=2,142 p=1,877 positive50.0%; oesophageal cancer14,597/121/2.5%; hereditary hearing loss1,778/144/24.1%; metastatic disease788/15/28.3%. SEER: HCC-to-lung metastasis62,869/82/6.5%; osteosarcoma4,097/73/33.8%; renal-cell carcinoma139,528/78/34.3%. These are dataset totals, not split counts. Survival-positive coding differs from our death-positive coding. TabPFN v2.5 versus12 learners, HPO50iterations;100 bootstrap iterations; numeric -9 / categorical Missing imputation. TabPFN A10040GB versus CPU baselines. Per-split n remains NR until original split protocols reconciled. Methods p9: 70/30 stratified train/test split, datasets >100,000 downsampled to100,000 (RCC effective cohort cap100,000, not Fig1's139,528). Training only resampled100times; held-out test fixed;HPO selected once then fixed. Arasteh predefined-split wording also appears, so exact reconciled split n remains pending; do not infer70/30 as all-original-protocol replication. Additional100negative-control cycles.	L239: PFN had a median runtime 5.53-fold higher than the                          TabPFN may reflect differences between the data regimes	paper/literature/txt/L01.txt:239	contextual	Introduction;Discussion	paper/reusability_report.tex:53	Later releases extended the supported data size,\citep{priorlabs2025tabpfn25,priorlabs2026tabpfn3} and Google's TabFM applies the same in-context principle with a different architecture and synthetic prior.\citep{google2026tabfm,tabfmsoftware2026} An independent clinical comparison has since found established methods competitive with TabPFN across twelve prediction tasks.\citep{shaktah2026established}	Retain; limit clinical-reusability verdict to actual inputs/endpoints	supported_text	Pending sentence-level adjudication; source finding is not certification of current wording	Different predictors/endpoints,budgets,GPU versusCPU. Exhaustive figure/supplement audit remains pending.
E002	L01	shaktah2026established	10.1186/s12911-026-03654-3	2026	Established machine learning matches tabular foundation models in clinical predictions	All twelve rounded task AUROCs, inspected PDF	Literature/TabPFN/bestML: metastatic .94/.92/.94;hearingloss .76/.77/.77;oesophageal .98/.95/.96;amyloid .95/.92/.94;RCC .84/.86/.87;osteosarcoma .75/.80/.81;HCC .82/.83/.83;overall-death .87/.87/.88;cancer-death .86/.87/.87;5yr .89/.89/.90;3yr .86/.87/.88;1yr .85/.85/.87	Rounded printed AUROCs;CI endpoints NR	Eight datasets / twelve binary tasks. Fig.1b, personally inspected PDF p3: FOSP colorectal registry EACH task n=91,795 p=72: 1-year survival positive72.0%; 3-year27.2%; 5-year20.4%; cancer-death39.7%; overall-death55.9%. Arasteh: amyloidosis n=2,142 p=1,877 positive50.0%; oesophageal cancer14,597/121/2.5%; hereditary hearing loss1,778/144/24.1%; metastatic disease788/15/28.3%. SEER: HCC-to-lung metastasis62,869/82/6.5%; osteosarcoma4,097/73/33.8%; renal-cell carcinoma139,528/78/34.3%. These are dataset totals, not split counts. Survival-positive coding differs from our death-positive coding. TabPFN v2.5 versus12 learners, HPO50iterations;100 bootstrap iterations; numeric -9 / categorical Missing imputation. TabPFN A10040GB versus CPU baselines. Per-split n remains NR until original split protocols reconciled. Methods p9: 70/30 stratified train/test split, datasets >100,000 downsampled to100,000 (RCC effective cohort cap100,000, not Fig1's139,528). Training only resampled100times; held-out test fixed;HPO selected once then fixed. Arasteh predefined-split wording also appears, so exact reconciled split n remains pending; do not infer70/30 as all-original-protocol replication. Additional100negative-control cycles.	"L150: settings while minimizing confounding effects from data-                        differences (Fig. 2). When comparing AUROC values for
L153: Comparative discrimination performance across clinical                          across tasks (Fig. 2a). For each given task, the best-per-"	paper/literature/pdfs/L01.pdf:p4,Fig2a; personally inspected labels	contextual	Discussion	paper/reusability_report.tex:162	Our verdict is that TabPFN is reusable for single-cohort clinical tables.	Use selected clinical examples contextually,not cross-paper ranking	supported_visual_PDF_p4	Pending sentence-level adjudication; source finding is not certification of current wording	Literature values secondary;rounding hides differences;do not estimate CI endpoints. Exhaustive figure/supplement audit remains pending.
E003	L02	herrmann2021benchmark	10.1093/bib/bbaa167	2021	Large-scale benchmark study of survival prediction methods using multi-omics data	Clinical baseline can match molecular integration	Table4 clinicalCoxC=.618[.588,.648],IBS=.175[.156,.194];blockForestC=.620[.584,.656],IBS=.174[.153,.195];CoxBoostfavclinicalC=.618[.589,.646],IBS=.174[.156,.192]	UnoC/IBS;95%t-based dataset intervals	"18 TCGA cohorts; censored overall survival; clinical/CNV/miRNA/mutation/RNA, methylation omitted. Full Table2 n/p/events/block sizes below. Event-stratified outer10x5CV for11 datasets <92MB,5x5CV for7 >112MB; inner10fold or OOB method-specific. Thirteen learners including Kaplan-Meier and clinical Cox references; SGL omitted principal comparison for compute. Uno C-index and integrated Brier score (IBS), not ROC AUC. Across-dataset t-based95%CIs, not patient-level uncertainty.
SOURCE TABLE EXTRACTS (original layout; inspect ambiguous column alignment before use):
Original text lines175-199:
[TABLE Table 2] Summary of the datasets used for the benchmark experiment. The third to the seventh column show the number of features in the feature group, the eighth column the total amount of features (p). The last three columns show, in this order, the number of observations (n), the number of effective cases (n_e) and the ratio of the number of events and the number of observations (r_e).
Dataset | Cancer | Clin. | cnv | mirna | mutation | rna | p | n | n_e | r_e
BLCA | Bladder urothelial | 5 | 57964 | 825 | 18577 | 23081 | 100455 | 382 | 103 | 0.27
BRCA | Breast invasive C. | 8 | 57964 | 835 | 17975 | 22694 | 99479 | 735 | 72 | 0.10
COAD | Colon adenocarcinoma | 7 | 57964 | 802 | 18538 | 22210 | 99524 | 191 | 17 | 0.09
ESCA | Esophageal C. | 6 | 57964 | 763 | 12628 | 25494 | 96858 | 106 | 37 | 0.35
HNSC | Head–neck squamous CC. | 11 | 57964 | 793 | 17248 | 21520 | 97539 | 443 | 152 | 0.34
KIRC | Kidney renal clear CC. | 9 | 57964 | 725 | 10392 | 22972 | 92065 | 249 | 62 | 0.25
KIRP | Cervical kidney RP. CC. | 6 | 57964 | 593 | 8312 | 32525 | 99403 | 167 | 20 | 0.12
LAML | Acute myeloid leukemia | 7 | 57962 | 882 | 2176 | 29132 | 90162 | 35 | 14 | 0.40
LGG | Low grade glioma | 10 | 57964 | 645 | 9235 | 22297 | 90154 | 419 | 77 | 0.18
LIHC | Liver hepatocellular C. | 11 | 57964 | 776 | 11821 | 20994 | 91569 | 159 | 35 | 0.22
LUAD | Lung adenocarcinoma | 9 | 57964 | 799 | 18388 | 23681 | 100844 | 426 | 101 | 0.24
LUSC | Lung squamous CC. | 9 | 57964 | 895 | 18500 | 23524 | 100895 | 418 | 132 | 0.32
OV | Ovarian cancer | 6 | 57447 | 975 | 13298 | 24508 | 96237 | 219 | 109 | 0.50
PAAD | Pancreatic AC. | 10 | 57964 | 612 | 12392 | 22348 | 93329 | 124 | 52 | 0.42
SARC | Sarcoma | 11 | 57964 | 778 | 10001 | 22842 | 91599 | 126 | 38 | 0.30
SKCM | Skin cutaneous M. | 9 | 57964 | 1002 | 18593 | 22248 | 99819 | 249 | 87 | 0.35
STAD | Stomach AC. | 7 | 57964 | 787 | 18581 | 26027 | 103369 | 295 | 62 | 0.21
UCEC | Uterine corpus EC. | 11 | 57447 | 866 | 21053 | 23978 | 103358 | 405 | 38 | 0.09

Summary of the datasets used for the benchmark experiment. The third to the seventh column show the number of features in the feature group, the eighth column the total amount of features (p). The last three columns show, in this order, the number of observations (n), the number of effective cases (n_e) and the ratio of the number of events and the number of observations (r_e).

Abbreviations: C. indicates carcinoma; CC., cell carcinoma; PP, renal papilla; AC., adenocarcinoma; M., melanoma; EC., endometrial carcinoma.

Original text lines230-246:
[TABLE Table 4] Average learner performances. The values are obtained by averaging over the CV iterations and datasets. The time is measured in minutes. The second column shows the affiliation of the methods using the multi-omics data to the categories described in section 3.3. Column ‘All’ represents the total number of selected features, the subsequent columns the numbers of selected features of the respective groups. For learners not yielding model coefficients, the corresponding measures are set to “-”. The ‘ci’ columns display the 95% confidence intervals for the means based on quantiles of the t-distribution; observations are the learners’ average values over the CV iterations, i.e. one observation per dataset. The total number of features may differ from the sum of features in each group due to rounding errors. The last column depicts the overall percentage of modeling failures.
 |  |  | ibrier |  |  | cindex |  |  |  |  |  |  |  |  | 
Learner | Category | Mean | sd | ci | Mean | sd | ci | Time | All | clin | cnv | mirna | rna | mut | failures in %
blockForest | Non-fav | 0.174 | 0.042 | [0.153, 0.195] | 0.620 | 0.072 | [0.584, 0.656] | 80 | – | – | – | – | − | − | 0
CoxBoost favoring | Fav | 0.174 | 0.036 | [0.156, 0.192] | 0.618 | 0.057 | [0.589, 0.646] | 13 | 13 | 8 | 1 | 0 | 3 | 1 | 0
Clinical only | – | 0.175 | 0.038 | [0.156, 0.194] | 0.618 | 0.060 | [0.588, 0.648] | 0 | 8 | 8 | – | – | − | − | 0
CoxBoost | Naive | 0.175 | 0.039 | [0.155, 0.194] | 0.552 | 0.080 | [0.512, 0.592] | 14 | 10 | 0 | 1 | 1 | 5 | 2 | 28.6
ipflasso | Non-fav | 0.176 | 0.034 | [0.159, 0.193] | 0.578 | 0.100 | [0.528, 0.628] | 33 | 7 | 5 | 0 | 1 | 0 | 1 | 9.7
ranger | Naive | 0.179 | 0.045 | [0.157, 0.202] | 0.562 | 0.068 | [0.529, 0.596] | 10 | – | – | – | – | − | − | 0
prioritylasso | Non-fav | 0.180 | 0.037 | [0.162, 0.199] | 0.591 | 0.068 | [0.558, 0.625] | 32 | 26 | 4 | 4 | 7 | 7 | 4 | 1.2
Kaplan–Meier | – | 0.180 | 0.040 | [0.160, 0.200] | 0.500 | 0.000 | [0.500, 0.500] | 0 | – | – | – | – | − | − | 0
prioritylasso favoring | Fav | 0.181 | 0.040 | [0.161, 0.201] | 0.607 | 0.056 | [0.579, 0.635] | 39 | 30 | 8 | 4 | 6 | 6 | 5 | 1.9
grridge | Non-fav | 0.181 | 0.044 | [0.159, 0.203] | 0.587 | 0.069 | [0.553, 0.622] | 28 | 984 | 2 | 332 | 19 | 540 | 91 | 1.4
glmboost | Naive | 0.188 | 0.037 | [0.169, 0.206] | 0.542 | 0.104 | [0.490, 0.593] | 12 | 22 | 0 | 3 | 1 | 10 | 7 | 19.7
Lasso | Naive | 0.198 | 0.034 | [0.181, 0.215] | 0.546 | 0.089 | [0.502, 0.591] | 8 | 16 | 0 | 2 | 1 | 8 | 5 | 31.2

Average learner performances. The values are obtained by averaging over the CV iterations and datasets. The time is measured in minutes. The second column shows the affiliation of the methods using the multi-omics data to the categories described in section 3.3. Column ‘All’ represents the total number of selected features, the subsequent columns the numbers of selected features of the respective groups. For learners not yielding model coefficients, the corresponding measures are set to “-”. The ‘ci’ columns display the 95% confidence intervals for the means based on quantiles of the t-distribution; observations are the learners’ average values over the CV iterations, i.e. one observation per dataset. The total number of features may differ from the sum of features in each group due to rounding errors. The last column depicts the overall percentage of modeling failures.
Original text lines304-327:
[TABLE Table 5] Assessment of the added predictive value of the molecular variables by dataset. The second and seventh column show the best performing learners for the respective dataset and measure, the ‘cindex’ and ‘ibrier’ columns the performances of these learners. In the cases where the clinical only model is outperformed, the ‘Ref.’ columns show the corresponding cindex and ibrier values of the reference Cox model only using clinical variables. The “ci” columns show the 95% confidence intervals for the respective performance values based on quantiles of the t-distribution; observations are the learners’ CV iteration values. Note that these intervals are intended to give a notion of the stability of the mean values, but are—in contrast to Table 4 —not valid confidence intervals, since the CV iterations are no independent observations [ 55 , 56 ]. Bold letters indicate datasets for which there is a method using the group structure and outperforming the Cox model for both measures.
Data | Learner | ibrier | ci | Ref. | ci | Learner | cindex | ci | Ref. | ci
BLCA | CoxBoost favoring | 0.190 | [0.181, 0.199] | 0.192 | [0.183, 0.201] | CoxBoost favoring | 0.640 | [0.612, 0.668] | 0.633 | [0.607, 0.659]
BRCA | blockForest | 0.141 | [0.134, 0.149] | 0.147 | [0.137, 0.158] | CoxBoost favoring | 0.643 | [0.618, 0.669] | 0.637 | [0.608, 0.666]
COAD | blockForest | 0.087 | [0.075, 0.099] | 0.101 | [0.088, 0.115] | blockForest | 0.656 | [0.586, 0.725] | 0.541 | [0.475, 0.608]
ESCA | ipflasso | 0.209 | [0.198, 0.221] | 0.214 | [0.199, 0.228] | Clinical only | 0.574 | [0.536, 0.612] | − | −
HNSC | glmboost | 0.202 | [0.193, 0.211] | 0.210 | [0.201, 0.220] | blockForest | 0.582 | [0.554, 0.610] | 0.554 | [0.519, 0.588]
KIRC | ipflasso | 0.144 | [0.138, 0.149] | 0.146 | [0.140, 0.152] | Clinical only | 0.761 | [0.734, 0.789] | − | −
KIRP | ranger | 0.118 | [0.106, 0.131] | 0.140 | [0.117, 0.163] | grridge | 0.629 | [0.566, 0.692] | 0.572 | [0.502, 0.641]
LAML | ranger | 0.182 | [0.165, 0.199] | 0.231 | [0.200, 0.263] | ranger | 0.709 | [0.651, 0.766] | 0.596 | [0.534, 0.657]
LGG | Lasso * | 0.145 | [0.132, 0.157] | 0.168 | [0.154, 0.181] | glmboost | 0.749 | [0.719, 0.779] | 0.652 | [0.618, 0.685]
LIHC | ranger | 0.146 | [0.135, 0.157] | 0.169 | [0.158, 0.180] | grridge | 0.602 | [0.560, 0.645] | 0.586 | [0.542, 0.630]
LUAD | CoxBoost favoring * | 0.172 | [0.160, 0.183] | 0.172 | [0.161, 0.183] | prioritylasso | 0.665 | [0.640, 0.690] | 0.663 | [0.631, 0.695]
LUSC | grridge | 0.210 | [0.203, 0.217] | 0.216 | [0.205, 0.227] | prioritylasso favoring | 0.537 | [0.502, 0.572] | 0.531 | [0.502, 0.561]
OV | ipflasso * | 0.169 | [0.163, 0.174] | 0.173 | [0.167, 0.179] | prioritylasso | 0.600 | [0.582, 0.618] | 0.598 | [0.580, 0.617]
PAAD | Clinical only * | 0.190 | [0.178, 0.202] | – | – | prioritylasso favoring | 0.686 | [0.658, 0.714] | 0.683 | [0.655, 0.712]
SARC | glmboost * | 0.179 | [0.167, 0.190] | 0.202 | [0.188, 0.217] | blockForest | 0.685 | [0.651, 0.720] | 0.673 | [0.637, 0.709]
SKCM | Clinical only | 0.191 | [0.185, 0.198] | 0.191 | [0.185, 0.198] | blockForest | 0.597 | [0.556, 0.639] | 0.581 | [0.540, 0.623]
STAD | Clinical only | 0.192 | [0.182, 0.202] | – | – | Clinical only | 0.598 | [0.555, 0.641] | – | –
UCEC | ipflasso | 0.091 | [0.079, 0.102] | 0.092 | [0.080, 0.105] | Clinical only | 0.686 | [0.581, 0.791] | – | –

Assessment of the added predictive value of the molecular variables by dataset. The second and seventh column show the best performing learners for the respective dataset and measure, the ‘cindex’ and ‘ibrier’ columns the performances of these learners. In the cases where the clinical only model is outperformed, the ‘Ref.’ columns show the corresponding cindex and ibrier values of the reference Cox model only using clinical variables. The “ci” columns show the 95% confidence intervals for the respective performance values based on quantiles of the t-distribution; observations are the learners’ CV iteration values. Note that these intervals are intended to give a notion of the stability of the mean values, but are—in contrast to Table 4 —not valid confidence intervals, since the CV iterations are no independent observations [ 55 , 56 ]. Bold letters indicate datasets for which there is a method using the group structure and outperforming the Cox model for both measures.

* indicates that there is a method with equal performance.
Original text lines331-354:
[TABLE Table 6] Comparing naive learners and structured learners. The performance of structured learners, i.e. learners using the group structure, and naive learners are compared for every dataset. The cindex and ibrier columns show the mean performance values for the corresponding dataset and learner types. Bold values indicate better values for the given dataset.
 | ibrier |  | cindex | 
Data | Structured | Naive | Structured | Naive
BLCA | 0.198 | 0.201 | 0.618 | 0.595
BRCA | 0.152 | 0.187 | 0.598 | 0.512
COAD | 0.104 | 0.120 | 0.518 | 0.480
ESCA | 0.235 | 0.234 | 0.506 | 0.477
HNSC | 0.210 | 0.210 | 0.562 | 0.557
KIRC | 0.154 | 0.156 | 0.721 | 0.690
KIRP | 0.132 | 0.136 | 0.560 | 0.532
LAML | 0.207 | 0.217 | 0.634 | 0.558
LGG | 0.169 | 0.153 | 0.695 | 0.726
LIHC | 0.171 | 0.167 | 0.566 | 0.559
LUAD | 0.181 | 0.194 | 0.636 | 0.539
LUSC | 0.220 | 0.229 | 0.501 | 0.457
OV | 0.172 | 0.192 | 0.575 | 0.448
PAAD | 0.196 | 0.203 | 0.663 | 0.588
SARC | 0.197 | 0.180 | 0.667 | 0.624
SKCM | 0.200 | 0.221 | 0.580 | 0.509
STAD | 0.199 | 0.210 | 0.556 | 0.525
UCEC | 0.103 | 0.119 | 0.646 | 0.538

Comparing naive learners and structured learners. The performance of structured learners, i.e. learners using the group structure, and naive learners are compared for every dataset. The cindex and ibrier columns show the mean performance values for the corresponding dataset and learner types. Bold values indicate better values for the given dataset.
"	"L224: As a consequence of the repeated 5-fold CV, \documentclass[12pt]{minimal} \usepackage{amsmath} \usepackage{wasysym} \usepackage{amsfonts} \usepackage{amssymb} \usepackage{amsbsy} \usepackage{upgreek} \usepackage{mathrsfs} \setlength{\oddsidemargin}{-69pt} \begin{document} }{}$11 \cdot 10 \cdot 5 + 7 \cdot 5 \cdot 5 = 725$\end{document} models are fit for each learner in total. Some of these model fittings—i.e. some CV iterations—were not successful. This is common in benchmark experiments of larger scale [ 53 ]. Such a failure does not affect the other 4 CV iterations and the remaining nine repetitions of CV but leads to missing values for the assessment measures for the failing iterations, which have to be handled when computing averaged measures. To cope with such modeling failures, we follow strategies described previously [ 53 , 54 ]. If a learner fails in more than 20% of the CV iterations for a given dataset, we assign (for the failing iterations) values of the performance measures corresponding to random prediction (0.25 for ibrier and 0.5 for cindex) and the mean of the other iterations for the computation time and the number of selected features. If a learner fails in less than 20%, the performance means of the successful iterations are assigned for all measures. See Table 4 for the learners’ failure rates averaged over the datasets.
L226: Modeling failures are mainly learner related, that is, there are no datasets for which many or all learners are unstable, but individual learners are particularly unstable. For every dataset, there are at least seven learners yielding no failures. In contrast, learners Lasso, CoxBoost and glmboost are rather unstable, with 31.2%, 28.6% and 19.7% failures in total. IPF-Lasso is more stable overall, but also considerably unstable for specific datasets. The other learners are very stable, with not a single failure for the random forest variants, the reference methods and CoxBoost favoring. Dataset specific failure rates can be taken from the tables in the supplement, which show the learner performances like in Table 4 broken down by dataset."	paper/literature/txt/L02.txt:224,226,230,250,252	contextual	Introduction;Discussion	Proposed insertion: Introduction;Discussion	No exact anchor; proposed section-level addition	Support clinical-only comparator rationale,not absence of molecular biology	supported_text	Proposed addition, not an existing citation verdict	SourceDiscussionIBS.172 conflicts Table4.174;retainTable4/flag;not ROC. Exhaustive figure/supplement audit remains pending.
E004	L02	herrmann2021benchmark	10.1093/bib/bbaa167	2021	Large-scale benchmark study of survival prediction methods using multi-omics data	Compute and prioritisation differ by model	Meanruntime minutes blockForest80;CoxBoostfav13;CoxBoost14;ranger10;lasso8;ipflasso33;prioritylasso32;favpriority39;grridge28;glmboost12	Evaluation runtime,not clinical inference	"18 TCGA cohorts; censored overall survival; clinical/CNV/miRNA/mutation/RNA, methylation omitted. Full Table2 n/p/events/block sizes below. Event-stratified outer10x5CV for11 datasets <92MB,5x5CV for7 >112MB; inner10fold or OOB method-specific. Thirteen learners including Kaplan-Meier and clinical Cox references; SGL omitted principal comparison for compute. Uno C-index and integrated Brier score (IBS), not ROC AUC. Across-dataset t-based95%CIs, not patient-level uncertainty.
SOURCE TABLE EXTRACTS (original layout; inspect ambiguous column alignment before use):
Original text lines175-199:
[TABLE Table 2] Summary of the datasets used for the benchmark experiment. The third to the seventh column show the number of features in the feature group, the eighth column the total amount of features (p). The last three columns show, in this order, the number of observations (n), the number of effective cases (n_e) and the ratio of the number of events and the number of observations (r_e).
Dataset | Cancer | Clin. | cnv | mirna | mutation | rna | p | n | n_e | r_e
BLCA | Bladder urothelial | 5 | 57964 | 825 | 18577 | 23081 | 100455 | 382 | 103 | 0.27
BRCA | Breast invasive C. | 8 | 57964 | 835 | 17975 | 22694 | 99479 | 735 | 72 | 0.10
COAD | Colon adenocarcinoma | 7 | 57964 | 802 | 18538 | 22210 | 99524 | 191 | 17 | 0.09
ESCA | Esophageal C. | 6 | 57964 | 763 | 12628 | 25494 | 96858 | 106 | 37 | 0.35
HNSC | Head–neck squamous CC. | 11 | 57964 | 793 | 17248 | 21520 | 97539 | 443 | 152 | 0.34
KIRC | Kidney renal clear CC. | 9 | 57964 | 725 | 10392 | 22972 | 92065 | 249 | 62 | 0.25
KIRP | Cervical kidney RP. CC. | 6 | 57964 | 593 | 8312 | 32525 | 99403 | 167 | 20 | 0.12
LAML | Acute myeloid leukemia | 7 | 57962 | 882 | 2176 | 29132 | 90162 | 35 | 14 | 0.40
LGG | Low grade glioma | 10 | 57964 | 645 | 9235 | 22297 | 90154 | 419 | 77 | 0.18
LIHC | Liver hepatocellular C. | 11 | 57964 | 776 | 11821 | 20994 | 91569 | 159 | 35 | 0.22
LUAD | Lung adenocarcinoma | 9 | 57964 | 799 | 18388 | 23681 | 100844 | 426 | 101 | 0.24
LUSC | Lung squamous CC. | 9 | 57964 | 895 | 18500 | 23524 | 100895 | 418 | 132 | 0.32
OV | Ovarian cancer | 6 | 57447 | 975 | 13298 | 24508 | 96237 | 219 | 109 | 0.50
PAAD | Pancreatic AC. | 10 | 57964 | 612 | 12392 | 22348 | 93329 | 124 | 52 | 0.42
SARC | Sarcoma | 11 | 57964 | 778 | 10001 | 22842 | 91599 | 126 | 38 | 0.30
SKCM | Skin cutaneous M. | 9 | 57964 | 1002 | 18593 | 22248 | 99819 | 249 | 87 | 0.35
STAD | Stomach AC. | 7 | 57964 | 787 | 18581 | 26027 | 103369 | 295 | 62 | 0.21
UCEC | Uterine corpus EC. | 11 | 57447 | 866 | 21053 | 23978 | 103358 | 405 | 38 | 0.09

Summary of the datasets used for the benchmark experiment. The third to the seventh column show the number of features in the feature group, the eighth column the total amount of features (p). The last three columns show, in this order, the number of observations (n), the number of effective cases (n_e) and the ratio of the number of events and the number of observations (r_e).

Abbreviations: C. indicates carcinoma; CC., cell carcinoma; PP, renal papilla; AC., adenocarcinoma; M., melanoma; EC., endometrial carcinoma.

Original text lines230-246:
[TABLE Table 4] Average learner performances. The values are obtained by averaging over the CV iterations and datasets. The time is measured in minutes. The second column shows the affiliation of the methods using the multi-omics data to the categories described in section 3.3. Column ‘All’ represents the total number of selected features, the subsequent columns the numbers of selected features of the respective groups. For learners not yielding model coefficients, the corresponding measures are set to “-”. The ‘ci’ columns display the 95% confidence intervals for the means based on quantiles of the t-distribution; observations are the learners’ average values over the CV iterations, i.e. one observation per dataset. The total number of features may differ from the sum of features in each group due to rounding errors. The last column depicts the overall percentage of modeling failures.
 |  |  | ibrier |  |  | cindex |  |  |  |  |  |  |  |  | 
Learner | Category | Mean | sd | ci | Mean | sd | ci | Time | All | clin | cnv | mirna | rna | mut | failures in %
blockForest | Non-fav | 0.174 | 0.042 | [0.153, 0.195] | 0.620 | 0.072 | [0.584, 0.656] | 80 | – | – | – | – | − | − | 0
CoxBoost favoring | Fav | 0.174 | 0.036 | [0.156, 0.192] | 0.618 | 0.057 | [0.589, 0.646] | 13 | 13 | 8 | 1 | 0 | 3 | 1 | 0
Clinical only | – | 0.175 | 0.038 | [0.156, 0.194] | 0.618 | 0.060 | [0.588, 0.648] | 0 | 8 | 8 | – | – | − | − | 0
CoxBoost | Naive | 0.175 | 0.039 | [0.155, 0.194] | 0.552 | 0.080 | [0.512, 0.592] | 14 | 10 | 0 | 1 | 1 | 5 | 2 | 28.6
ipflasso | Non-fav | 0.176 | 0.034 | [0.159, 0.193] | 0.578 | 0.100 | [0.528, 0.628] | 33 | 7 | 5 | 0 | 1 | 0 | 1 | 9.7
ranger | Naive | 0.179 | 0.045 | [0.157, 0.202] | 0.562 | 0.068 | [0.529, 0.596] | 10 | – | – | – | – | − | − | 0
prioritylasso | Non-fav | 0.180 | 0.037 | [0.162, 0.199] | 0.591 | 0.068 | [0.558, 0.625] | 32 | 26 | 4 | 4 | 7 | 7 | 4 | 1.2
Kaplan–Meier | – | 0.180 | 0.040 | [0.160, 0.200] | 0.500 | 0.000 | [0.500, 0.500] | 0 | – | – | – | – | − | − | 0
prioritylasso favoring | Fav | 0.181 | 0.040 | [0.161, 0.201] | 0.607 | 0.056 | [0.579, 0.635] | 39 | 30 | 8 | 4 | 6 | 6 | 5 | 1.9
grridge | Non-fav | 0.181 | 0.044 | [0.159, 0.203] | 0.587 | 0.069 | [0.553, 0.622] | 28 | 984 | 2 | 332 | 19 | 540 | 91 | 1.4
glmboost | Naive | 0.188 | 0.037 | [0.169, 0.206] | 0.542 | 0.104 | [0.490, 0.593] | 12 | 22 | 0 | 3 | 1 | 10 | 7 | 19.7
Lasso | Naive | 0.198 | 0.034 | [0.181, 0.215] | 0.546 | 0.089 | [0.502, 0.591] | 8 | 16 | 0 | 2 | 1 | 8 | 5 | 31.2

Average learner performances. The values are obtained by averaging over the CV iterations and datasets. The time is measured in minutes. The second column shows the affiliation of the methods using the multi-omics data to the categories described in section 3.3. Column ‘All’ represents the total number of selected features, the subsequent columns the numbers of selected features of the respective groups. For learners not yielding model coefficients, the corresponding measures are set to “-”. The ‘ci’ columns display the 95% confidence intervals for the means based on quantiles of the t-distribution; observations are the learners’ average values over the CV iterations, i.e. one observation per dataset. The total number of features may differ from the sum of features in each group due to rounding errors. The last column depicts the overall percentage of modeling failures.
Original text lines304-327:
[TABLE Table 5] Assessment of the added predictive value of the molecular variables by dataset. The second and seventh column show the best performing learners for the respective dataset and measure, the ‘cindex’ and ‘ibrier’ columns the performances of these learners. In the cases where the clinical only model is outperformed, the ‘Ref.’ columns show the corresponding cindex and ibrier values of the reference Cox model only using clinical variables. The “ci” columns show the 95% confidence intervals for the respective performance values based on quantiles of the t-distribution; observations are the learners’ CV iteration values. Note that these intervals are intended to give a notion of the stability of the mean values, but are—in contrast to Table 4 —not valid confidence intervals, since the CV iterations are no independent observations [ 55 , 56 ]. Bold letters indicate datasets for which there is a method using the group structure and outperforming the Cox model for both measures.
Data | Learner | ibrier | ci | Ref. | ci | Learner | cindex | ci | Ref. | ci
BLCA | CoxBoost favoring | 0.190 | [0.181, 0.199] | 0.192 | [0.183, 0.201] | CoxBoost favoring | 0.640 | [0.612, 0.668] | 0.633 | [0.607, 0.659]
BRCA | blockForest | 0.141 | [0.134, 0.149] | 0.147 | [0.137, 0.158] | CoxBoost favoring | 0.643 | [0.618, 0.669] | 0.637 | [0.608, 0.666]
COAD | blockForest | 0.087 | [0.075, 0.099] | 0.101 | [0.088, 0.115] | blockForest | 0.656 | [0.586, 0.725] | 0.541 | [0.475, 0.608]
ESCA | ipflasso | 0.209 | [0.198, 0.221] | 0.214 | [0.199, 0.228] | Clinical only | 0.574 | [0.536, 0.612] | − | −
HNSC | glmboost | 0.202 | [0.193, 0.211] | 0.210 | [0.201, 0.220] | blockForest | 0.582 | [0.554, 0.610] | 0.554 | [0.519, 0.588]
KIRC | ipflasso | 0.144 | [0.138, 0.149] | 0.146 | [0.140, 0.152] | Clinical only | 0.761 | [0.734, 0.789] | − | −
KIRP | ranger | 0.118 | [0.106, 0.131] | 0.140 | [0.117, 0.163] | grridge | 0.629 | [0.566, 0.692] | 0.572 | [0.502, 0.641]
LAML | ranger | 0.182 | [0.165, 0.199] | 0.231 | [0.200, 0.263] | ranger | 0.709 | [0.651, 0.766] | 0.596 | [0.534, 0.657]
LGG | Lasso * | 0.145 | [0.132, 0.157] | 0.168 | [0.154, 0.181] | glmboost | 0.749 | [0.719, 0.779] | 0.652 | [0.618, 0.685]
LIHC | ranger | 0.146 | [0.135, 0.157] | 0.169 | [0.158, 0.180] | grridge | 0.602 | [0.560, 0.645] | 0.586 | [0.542, 0.630]
LUAD | CoxBoost favoring * | 0.172 | [0.160, 0.183] | 0.172 | [0.161, 0.183] | prioritylasso | 0.665 | [0.640, 0.690] | 0.663 | [0.631, 0.695]
LUSC | grridge | 0.210 | [0.203, 0.217] | 0.216 | [0.205, 0.227] | prioritylasso favoring | 0.537 | [0.502, 0.572] | 0.531 | [0.502, 0.561]
OV | ipflasso * | 0.169 | [0.163, 0.174] | 0.173 | [0.167, 0.179] | prioritylasso | 0.600 | [0.582, 0.618] | 0.598 | [0.580, 0.617]
PAAD | Clinical only * | 0.190 | [0.178, 0.202] | – | – | prioritylasso favoring | 0.686 | [0.658, 0.714] | 0.683 | [0.655, 0.712]
SARC | glmboost * | 0.179 | [0.167, 0.190] | 0.202 | [0.188, 0.217] | blockForest | 0.685 | [0.651, 0.720] | 0.673 | [0.637, 0.709]
SKCM | Clinical only | 0.191 | [0.185, 0.198] | 0.191 | [0.185, 0.198] | blockForest | 0.597 | [0.556, 0.639] | 0.581 | [0.540, 0.623]
STAD | Clinical only | 0.192 | [0.182, 0.202] | – | – | Clinical only | 0.598 | [0.555, 0.641] | – | –
UCEC | ipflasso | 0.091 | [0.079, 0.102] | 0.092 | [0.080, 0.105] | Clinical only | 0.686 | [0.581, 0.791] | – | –

Assessment of the added predictive value of the molecular variables by dataset. The second and seventh column show the best performing learners for the respective dataset and measure, the ‘cindex’ and ‘ibrier’ columns the performances of these learners. In the cases where the clinical only model is outperformed, the ‘Ref.’ columns show the corresponding cindex and ibrier values of the reference Cox model only using clinical variables. The “ci” columns show the 95% confidence intervals for the respective performance values based on quantiles of the t-distribution; observations are the learners’ CV iteration values. Note that these intervals are intended to give a notion of the stability of the mean values, but are—in contrast to Table 4 —not valid confidence intervals, since the CV iterations are no independent observations [ 55 , 56 ]. Bold letters indicate datasets for which there is a method using the group structure and outperforming the Cox model for both measures.

* indicates that there is a method with equal performance.
Original text lines331-354:
[TABLE Table 6] Comparing naive learners and structured learners. The performance of structured learners, i.e. learners using the group structure, and naive learners are compared for every dataset. The cindex and ibrier columns show the mean performance values for the corresponding dataset and learner types. Bold values indicate better values for the given dataset.
 | ibrier |  | cindex | 
Data | Structured | Naive | Structured | Naive
BLCA | 0.198 | 0.201 | 0.618 | 0.595
BRCA | 0.152 | 0.187 | 0.598 | 0.512
COAD | 0.104 | 0.120 | 0.518 | 0.480
ESCA | 0.235 | 0.234 | 0.506 | 0.477
HNSC | 0.210 | 0.210 | 0.562 | 0.557
KIRC | 0.154 | 0.156 | 0.721 | 0.690
KIRP | 0.132 | 0.136 | 0.560 | 0.532
LAML | 0.207 | 0.217 | 0.634 | 0.558
LGG | 0.169 | 0.153 | 0.695 | 0.726
LIHC | 0.171 | 0.167 | 0.566 | 0.559
LUAD | 0.181 | 0.194 | 0.636 | 0.539
LUSC | 0.220 | 0.229 | 0.501 | 0.457
OV | 0.172 | 0.192 | 0.575 | 0.448
PAAD | 0.196 | 0.203 | 0.663 | 0.588
SARC | 0.197 | 0.180 | 0.667 | 0.624
SKCM | 0.200 | 0.221 | 0.580 | 0.509
STAD | 0.199 | 0.210 | 0.556 | 0.525
UCEC | 0.103 | 0.119 | 0.646 | 0.538

Comparing naive learners and structured learners. The performance of structured learners, i.e. learners using the group structure, and naive learners are compared for every dataset. The cindex and ibrier columns show the mean performance values for the corresponding dataset and learner types. Bold values indicate better values for the given dataset.
"	"L7: Abstract Multi-omics data, that is, datasets containing different types of high-dimensional molecular variables, are increasingly often generated for the investigation of various diseases. Nevertheless, questions remain regarding the usefulness of multi-omics data for the prediction of disease outcomes such as survival time. It is also unclear which methods are most appropriate to derive such prediction models. We aim to give some answers to these questions through a large-scale benchmark study using real data. Different prediction methods from machine learning and statistics were applied on 18 multi-omics cancer datasets (35 to 1000 observations, up to 100 000 variables) from the database ‘The Cancer Genome Atlas’ (TCGA). The considered outcome was the (censored) survival time. Eleven methods based on boosting, penalized regression and random forest were compared, comprising both methods that do and that do not take the group structure of the omics variables into account. The Kaplan–Meier estimate and a Cox model using only clinical variables were used as reference methods. The methods were compared using several repetitions of 5-fold cross-validation. Uno’s C-index and the integrated Brier score served as performance metrics. The results indicate that methods taking into account the multi-omics structure have a slightly better prediction performance. Taking this structure into account can protect the predictive information in low-dimensional groups—especially clinical variables—from not being exploited during prediction. Moreover, only the block forest method outperformed the Cox model on average, and only slightly. This indicates, as a by-product of our study, that in the considered TCGA studies the utility of multi-omics data for prediction purposes was limited. Contact: moritz.herrmann@stat.uni-muenchen.de , +49 89 2180 3198 Supplementary information: Supplementary data are available at Briefings in Bioinformatics online. All analyses are reproducible using R code freely available on Github .
L11: Multi-omics data, that is, datasets containing different types of high-dimensional molecular variables, are increasingly often generated for the investigation of various diseases. Nevertheless, questions remain regarding the usefulness of multi-omics data for the prediction of disease outcomes such as survival time. It is also unclear which methods are most appropriate to derive such prediction models. We aim to give some answers to these questions through a large-scale benchmark study using real data. Different prediction methods from machine learning and statistics were applied on 18 multi-omics cancer datasets (35 to 1000 observations, up to 100 000 variables) from the database ‘The Cancer Genome Atlas’ (TCGA). The considered outcome was the (censored) survival time. Eleven methods based on boosting, penalized regression and random forest were compared, comprising both methods that do and that do not take the group structure of the omics variables into account. The Kaplan–Meier estimate and a Cox model using only clinical variables were used as reference methods. The methods were compared using several repetitions of 5-fold cross-validation. Uno’s C-index and the integrated Brier score served as performance metrics. The results indicate that methods taking into account the multi-omics structure have a slightly better prediction performance. Taking this structure into account can protect the predictive information in low-dimensional groups—especially clinical variables—from not being exploited during prediction. Moreover, only the block forest method outperformed the Cox model on average, and only slightly. This indicates, as a by-product of our study, that in the considered TCGA studies the utility of multi-omics data for prediction purposes was limited. Contact: moritz.herrmann@stat.uni-muenchen.de , +49 89 2180 3198 Supplementary information: Supplementary data are available at Briefings in Bioinformatics online. All analyses are reproducible using R code freely available on Github ."	paper/literature/txt/L02.txt:7,11,179,202,233	contextual	Discussion;Methods	paper/reusability_report.tex:43	Pooling the cancers raised ROC AUC to 0.721 for 3-year survival ($n = 1{,}645$) and 0.786 for extreme survival ($n = 937$), but tree ensembles matched these scores and controls using only cancer type or the pattern of zero-valued features reached similar levels.	Discuss budget and clinical-input asymmetry	supported_text	Pending sentence-level adjudication; source finding is not certification of current wording	SGL time table/prose units ambiguous;not oursCPU fit timing. Exhaustive figure/supplement audit remains pending.
E005	L03	li2024combining	10.1186/s12911-024-02642-9	2024	Does combining numerous data types in multi-omics data improve or hinder performance in survival prediction? Insights from a large-scale benchmark study	More modalities need not help censored survival prediction	31omics combinations x5methods=155 configurations,14cohorts	HarrellC/IBS;modality combination	"14 TCGA cohorts; five omics blocks RNA/miRNA/methylation/mutation/CNV plus clinical;31 nonempty omics combinations x5methods=155 configurations. All cohort n/p/events/block sizes Table1 below. Clinical included/prioritised throughout. Train-fold RF importance selects <=2,500 features/block. Harrell C-index and IBS for censored OS. Modality combination is NOT pooling distinct cancer cohorts. Outer five-fold CV repeated five times WITHOUT censoring-indicator stratification (authors explicitly acknowledge this). Models RSF, blockForest, lasso, IPF-lasso, prioritylasso; no DL models. Dataset bootstrap gives rank uncertainty; neither25folds nor155configurations are independent datasets.
SOURCE TABLE EXTRACTS (original layout; inspect ambiguous column alignment before use):
Original text lines160-183:
are five omics blocks and clinical covariates, that is, six                       putational efficiency and because most variables do not
groups of features. An overview of these 14 datasets is                           carry information in the ultra-high-dimensional blocks.
given in Table 1. We used the same clinical covariates as                         Because of the large numbers of features, for some blocks

Table 1 Overview of the considered datasets. The third to the eighth column show the numbers of features in the respective feature
blocks (clin: clinical covariates, cnv: CNV, mirna: miRNA, mut: DNAseq, met: methylation, rna: mRNA). The last four columns show, in this
order, the total number of features (f ), the numbers of observations (n), the numbers of observed events (n_e), and the proportions of
observed events (r_e)
Dataset      Cancer                            clin     cnv          mirna       mut          met           rna            f         n     n_e    r_e
BLCA         Bladder urothelial                5        57,964       825         18,577       382,711       23,081         483,166   382   103    0.27
BRCA         Breast invasive C.                8        57,964       835         17,975       21,919        22,694         121,398   735   72     0.10
COAD         Colon AC.                         7        57,964       802         18,538       22,418        22,210         121,942   191   17     0.09
ESCA         Esophageal C.                     6        57,964       763         12,628       383,295       25,494         480,153   106   37     0.35
HNSC         Head–neck squamous CC.            11       57,964       793         17,248       376,058       21,520         473,597   443   152    0.34
LGG          Low grade glioma                  10       57,964       645         9235         373,499       22,297         463,653   419   77     0.18
LIHC         Liver hepatocellular C.           11       57,964       776         11,821       378,427       20,994         469,996   159   35     0.22
LUAD         Lung AC.                          9        57,964       799         18,388       22,486        23,681         123,330   426   101    0.24
LUSC         Lung squamous CC.                 9        57,964       895         18,500       21,364        23,524         122,259   418   132    0.32
PAAD         Pancreatic AC.                    10       57,964       612         12,392       375,464       22,348         468,793   124   52     0.42
SARC         Sarcoma                           11       57,964       778         10,001       378,139       22,842         469,738   126   38     0.30
SKCM         Skin cutaneous M.                 9        57,964       1002        18,593       377,193       22,248         477,012   249   62     0.21
STAD         Stomach AC.                       7        57,964       787         18,581       22,557        26,027         125,926   295   62     0.21
UCEC         Uterine corpus EC.                11       57,447       866         21,053       22,517        23,978         125,875   405   38     0.09
Abbreviations C. indicates carcinoma; AC., adenocarcinoma; CC., cell carcinoma; M., melanoma; EC., endometrial carcinoma"	"L33:   Methods In this study, we systematically evaluated the predictive performance of all 31 possible combinations
L101: of the stage of lung adenocarcinoma.                                    31 combinations that contain at least one of five blocks"	paper/literature/txt/L03.txt:33,101,284,289,343	contextual	Introduction;Discussion	paper/reusability_report.tex:109	\subsection*{Pooling lifts every capable model}	Explain input heterogeneity separately from pooling cancers	supported_text	Pending sentence-level adjudication; source finding is not certification of current wording	Not evidence for the causal mechanism of our pooled ICL result. Exhaustive figure/supplement audit remains pending.
E006	L03	li2024combining	10.1186/s12911-024-02642-9	2024	Does combining numerous data types in multi-omics data improve or hinder performance in survival prediction? Insights from a large-scale benchmark study	Selection performed inside training folds	<=2,500features/block byRFimportance;500trees usual,10,000for verywide blocks	Feature-selection protocol	"14 TCGA cohorts; five omics blocks RNA/miRNA/methylation/mutation/CNV plus clinical;31 nonempty omics combinations x5methods=155 configurations. All cohort n/p/events/block sizes Table1 below. Clinical included/prioritised throughout. Train-fold RF importance selects <=2,500 features/block. Harrell C-index and IBS for censored OS. Modality combination is NOT pooling distinct cancer cohorts. Outer five-fold CV repeated five times WITHOUT censoring-indicator stratification (authors explicitly acknowledge this). Models RSF, blockForest, lasso, IPF-lasso, prioritylasso; no DL models. Dataset bootstrap gives rank uncertainty; neither25folds nor155configurations are independent datasets.
SOURCE TABLE EXTRACTS (original layout; inspect ambiguous column alignment before use):
Original text lines160-183:
are five omics blocks and clinical covariates, that is, six                       putational efficiency and because most variables do not
groups of features. An overview of these 14 datasets is                           carry information in the ultra-high-dimensional blocks.
given in Table 1. We used the same clinical covariates as                         Because of the large numbers of features, for some blocks

Table 1 Overview of the considered datasets. The third to the eighth column show the numbers of features in the respective feature
blocks (clin: clinical covariates, cnv: CNV, mirna: miRNA, mut: DNAseq, met: methylation, rna: mRNA). The last four columns show, in this
order, the total number of features (f ), the numbers of observations (n), the numbers of observed events (n_e), and the proportions of
observed events (r_e)
Dataset      Cancer                            clin     cnv          mirna       mut          met           rna            f         n     n_e    r_e
BLCA         Bladder urothelial                5        57,964       825         18,577       382,711       23,081         483,166   382   103    0.27
BRCA         Breast invasive C.                8        57,964       835         17,975       21,919        22,694         121,398   735   72     0.10
COAD         Colon AC.                         7        57,964       802         18,538       22,418        22,210         121,942   191   17     0.09
ESCA         Esophageal C.                     6        57,964       763         12,628       383,295       25,494         480,153   106   37     0.35
HNSC         Head–neck squamous CC.            11       57,964       793         17,248       376,058       21,520         473,597   443   152    0.34
LGG          Low grade glioma                  10       57,964       645         9235         373,499       22,297         463,653   419   77     0.18
LIHC         Liver hepatocellular C.           11       57,964       776         11,821       378,427       20,994         469,996   159   35     0.22
LUAD         Lung AC.                          9        57,964       799         18,388       22,486        23,681         123,330   426   101    0.24
LUSC         Lung squamous CC.                 9        57,964       895         18,500       21,364        23,524         122,259   418   132    0.32
PAAD         Pancreatic AC.                    10       57,964       612         12,392       375,464       22,348         468,793   124   52     0.42
SARC         Sarcoma                           11       57,964       778         10,001       378,139       22,842         469,738   126   38     0.30
SKCM         Skin cutaneous M.                 9        57,964       1002        18,593       377,193       22,248         477,012   249   62     0.21
STAD         Stomach AC.                       7        57,964       787         18,581       22,557        26,027         125,926   295   62     0.21
UCEC         Uterine corpus EC.                11       57,447       866         21,053       22,517        23,978         125,875   405   38     0.09
Abbreviations C. indicates carcinoma; AC., adenocarcinoma; CC., cell carcinoma; M., melanoma; EC., endometrial carcinoma"	"L153: of blocks that are most effective in survival prediction for                      with more than 2,500 variables, we used the RF-VI fea-
L156: Datasets                                                                          Here, we selected the 2,500 features with the largest"	paper/literature/txt/L03.txt:153,156,199,659	contextual	Methods	Proposed insertion: Methods	No exact anchor; proposed section-level addition	Contrast train-only choices,not same preprocessing	supported_text	Proposed addition, not an existing citation verdict	Our100variance features differ from supervised RFimportance. Exhaustive figure/supplement audit remains pending.
E007	L04	NA	10.1016/j.crmeth.2023.100461	2023	Systematic comparison of multi-omics survival models reveals a widespread lack of noise resistance	Adding modalities can harm multiomics performance	BlockForestC.637(SE.0059)->.619(.0060),IBS.162(.0020)->.164(.0021);ElasticnetC.599(.0061)->.589(.0060);RSFC.601(.0055)->.575(.0059)	AntoliniC/IBS;STANDARD ERRORS	"17 TCGA cohorts with seven modalities: clinical, expression, protein, CNV, methylation, mutation, miRNA. Per-cohort n/p in TableS1, not available in main extraction: NR, do not borrow L02 counts. Twelve models:8neural/4statistical. Clinical+expression versus all7, optional train-only PCA; separate1/3/5 Gaussian-noise blocks each10,000features and artificial true-survival-time predictor experiment. Outer5repeats x5folds; inner5fold; NN10%training validation,100epochs/patience10. Antolini C/IBS; parentheses STANDARD ERRORS. Dataset-mean paired Wilcoxon/Holm in specified families.
SOURCE TABLE EXTRACTS (original layout; inspect ambiguous column alignment before use):
Original text lines81-107:
When only incorporating clinical data and gene expression, the two most informative modalities, we found that all methods that incorporated the group structure of the data into their model-building process performed similarly in terms of discrimination, as measured by Antolini’s C ( Table 1 ), except Late (MoE) , which underperformed the other approaches. BlockForest achieved the highest Antolini’s C, but most other methods did not perform significantly worse than it ( Table 1 ). All methods that disregarded group structure ( Early , Elastic net, and RSF) performed significantly worse than BlockForest in terms of Antolini’s C. In terms of model IBS, BlockForest significantly outperformed all other methods. In addition, we saw a clear trend of deep learning models underperforming compared to statistical ones in terms of IBS, suggesting that deep learning models tend to be calibrated worse than statistical ones, even when using the same loss function. In fact, the best deep learning models performed worse in terms of IBS than the worst statistical ones ( Table 1 ). When looking beyond aggregated performance measures and investigating the rank of each model on each cancer-type-specific dataset in terms of Antolini’s C and the IBS we found a similar picture, with BlockForest and some of the intermediate deep learning methods generally securing the higher ranks for Antolini’s C, while BlockForest and other statistical models dominated in terms of the IBS ( Figures 1 A and 1B).

[TABLE Table 1] All considered methods showed a lack of noise resistance, exemplified by their inability to outperform the clinical baselines
 | Antolini’s C a | IBS b
Clinical + GEX | All | Clinical + GEX | All
BlockForest | 0.637 (0.0059) ∗, c | 0.619 (0.0060) ∗ | 0.162 (0.0020) ∗, c , d | 0.164 (0.0021) ∗, d
Elastic net | 0.599 (0.0061) c | 0.589 (0.0060) | 0.167 (0.0021) | 0.168 (0.0021)
PriorityLasso | 0.632 (0.0060) ∗, c | 0.626 (0.0063) ∗ | 0.166 (0.0022) c | 0.174 (0.0024)
RSF | 0.601 (0.0055) c | 0.575 (0.0059) | 0.167 (0.0020) c | 0.169 (0.0021)
Early | 0.607 (0.0058) c | 0.587 (0.0059) | 0.176 (0.0025) c | 0.179 (0.0025)
Intermediate (Attention) | 0.633 (0.0057) ∗, c | 0.616 (0.0055) | 0.173 (0.0026) | 0.177 (0.0026)
Intermediate (Concat) | 0.635 (0.0057) ∗, c | 0.624 (0.0053) ∗ | 0.173 (0.0026) c | 0.190 (0.0035)
Intermediate (Embrace) | 0.622 (0.0056) ∗, c | 0.575 (0.0057) | 0.172 (0.0024) c | 0.182 (0.0026)
Intermediate (Max) | 0.635 (0.0055) ∗, c | 0.602 (0.0056) | 0.174 (0.0025) c | 0.186 (0.0027)
Intermediate (Mean) | 0.636 (0.0054) ∗, c | 0.615 (0.0056) | 0.171 (0.0023) c | 0.176 (0.0025)
Late (Mean) | 0.631 (0.0056) ∗ | 0.627 (0.0054) ∗ | 0.172 (0.0025) | 0.171 (0.0023)
Late (MoE) | 0.599 (0.0056) c | 0.564 (0.0054) | 0.179 (0.0024) c | 0.188 (0.0034)

All considered methods showed a lack of noise resistance, exemplified by their inability to outperform the clinical baselines

Mean Antolini’s C and IBS across test splits and datasets when integrating clinical data and gene expression compared to integrating all of the available modalities (described in Table S1 ). Standard errors are in parentheses. ∗ indicates values that were not significantly worse than the best model per column.

denotes a metric for which higher values are better.

the opposite.

indicates significantly better performance for a model utilizing clinical data and gene expression compared to all available modalities. P values are based on paired one-sided Wilcoxon signed-rank tests, except for the unimodal comparison, which is based on two-sided paired Wilcoxon signed-rank tests (see STAR Methods for details).
Original text lines149-168:
[TABLE Table 2] Dimensionality reduction improved the performance of most methods but did not generally lead to superior noise resistance
 | Antolini’s concordance | IBS
Clinical + GEX | All | Clinical + GEX | All
32 PCs | 64 PCs | 32 PCs | 64 PCs | 32 PCs | 64 PCs | 32 PCs | 64 PCs
BlockForest | 0.635 (0.0060) | 0.635 (0.0061) | 0.635 (0.0062) ∗ | 0.638 (0.0060) ∗ | 0.164 (0.0020) | 0.165 (0.0020) | 0.164 (0.0020) | 0.165 (0.0020)
Elastic net | 0.636 (0.0059) ∗ | 0.625 (0.0060) ∗ | 0.613 (0.0061) ∗ | 0.606 (0.0059) ∗ | 0.164 (0.0021) ∗ | 0.166 (0.0021) ∗ | 0.166 (0.0021) ∗ | 0.167 (0.0021)
PriorityLasso | 0.641 (0.0059) ∗ | 0.635 (0.0060) | 0.636 (0.0059) | 0.634 (0.0058) | 0.165 (0.0021) | 0.165 (0.0021) | 0.170 (0.0023) ∗ | 0.170 (0.0023) ∗
RSF | 0.629 (0.0057) ∗ | 0.623 (0.0059) ∗ | 0.617 (0.0057) ∗ | 0.609 (0.0058) ∗ | 0.166 (0.0019) ∗ | 0.168 (0.0019) | 0.167 (0.0020) | 0.169 (0.0020)
Early | 0.606 (0.0057) | 0.602 (0.0058) | 0.595 (0.0057) | 0.591 (0.0058) | 0.173 (0.0023) ∗ | 0.176 (0.0024) | 0.177 (0.0025) | 0.180 (0.0026)
Intermediate (Attention) | 0.629 (0.0059) | 0.629 (0.0057) | 0.607 (0.0060) | 0.612 (0.0057) | 0.168 (0.0023) ∗ | 0.170 (0.0023) | 0.173 (0.0024) | 0.175 (0.0024)
Intermediate (Concat) | 0.631 (0.0057) | 0.632 (0.0059) | 0.628 (0.0055) | 0.624 (0.0056) | 0.167 (0.0023) ∗ | 0.170 (0.0024) ∗ | 0.179 (0.0027) | 0.183 (0.0028)
Intermediate (Embrace) | 0.625 (0.0060) | 0.634 (0.0058) ∗ | 0.575 (0.0060) | 0.581 (0.0062) | 0.168 (0.0022) ∗ | 0.167 (0.0022) ∗ | 0.172 (0.0022) ∗ | 0.171 (0.0021)
Intermediate (Max) | 0.629 (0.0058) | 0.627 (0.0058) | 0.597 (0.0057) | 0.600 (0.0058) | 0.168 (0.0023) ∗ | 0.169 (0.0023) ∗ | 0.176 (0.0024) ∗ | 0.177 (0.0025) ∗
Intermediate (Mean) | 0.636 (0.0059) | 0.635 (0.0056) | 0.614 (0.0056) | 0.614 (0.0057) | 0.167 (0.0023) ∗ | 0.169 (0.0023) | 0.173 (0.0023) | 0.175 (0.0024) ∗
Late (Mean) | 0.633 (0.0058) | 0.628 (0.0059) | 0.622 (0.0057) | 0.626 (0.0055) | 0.168 (0.0022) ∗ | 0.170 (0.0023) ∗ | 0.169 (0.0023) ∗ | 0.171 (0.0023)
Late (MoE) | 0.597 (0.0057) | 0.597 (0.0058) | 0.561 (0.0054) | 0.566 (0.0053) | 0.175 (0.0022) ∗ | 0.174 (0.0023) ∗ | 0.178 (0.0023) ∗ | 0.177 (0.0023) ∗

Dimensionality reduction improved the performance of most methods but did not generally lead to superior noise resistance

Mean Antolini’s C and IBS across test splits of the considered datasets on TCGA when integrating clinical data and gene expression or all available modalities combined with using PCA for dimensionality reduction per modality, with a specific number of components. Standard errors are in parentheses. ∗ indicates significantly better performance compared to the same model trained without dimensionality reduction ( Table 1 ). The number of principal components (PCs) k indicates that PCA was performed using k principal components. ↑ denotes a metric for which higher values are better, ↓ the opposite. P-values are based on paired one-sided Wilcoxon signed-rank tests (see STAR Methods for details).
Original text lines174-192:
[TABLE Table 3] Most methods decreased in performance significantly when multiple Gaussian noise modalities were used in training, relative to training only on clinical data and gene expression
 | Antolini’s concordance | Integrated Brier Score
1 noise modality | 3 noise modalities | 5 noise modalities | 1 noise modality | 3 noise modalities | 5 noise modalities
BlockForest | 0.641 (0.0059) | 0.631 (0.0064) | 0.627 (0.0062) † | 0.164 (0.0020) † | 0.165 (0.0020) † | 0.166 (0.0020) †
Elastic net | 0.595 (0.0063) | 0.593 (0.0060) | 0.589 (0.0063) † | 0.167 (0.0021) | 0.167 (0.0021) | 0.167 (0.0021)
PriorityLasso | 0.631 (0.0061) | 0.624 (0.0063) † | 0.624 (0.0064) | 0.166 (0.0022) | 0.168 (0.0022) † | 0.169 (0.0023) †
RSF | 0.598 (0.0057) † | 0.595 (0.0056) † | 0.599 (0.0055) | 0.167 (0.0020) | 0.168 (0.0020) | 0.168 (0.0020)
Early | 0.606 (0.0055) | 0.608 (0.0057) | 0.603 (0.0057) | 0.177 (0.0025) | 0.178 (0.0024) | 0.179 (0.0025) †
Intermediate (Attention) | 0.630 (0.0059) | 0.620 (0.0055) † | 0.613 (0.0056) † | 0.175 (0.0024) | 0.185 (0.0024) † | 0.189 (0.0022) †
Intermediate (Concat) | 0.628 (0.0057) | 0.625 (0.0058) † | 0.619 (0.0060) † | 0.186 (0.0026) † | 0.201 (0.0032) † | 0.213 (0.0037) †
Intermediate (Embrace) | 0.609 (0.0055) † | 0.585 (0.0055) † | 0.575 (0.0057) † | 0.175 (0.0024) † | 0.183 (0.0024) † | 0.185 (0.0023) †
Intermediate (Max) | 0.635 (0.0056) | 0.626 (0.0054) † | 0.618 (0.0057) † | 0.178 (0.0025) † | 0.189 (0.0027) † | 0.198 (0.0028) †
Intermediate (Mean) | 0.629 (0.0057) | 0.614 (0.0058) † | 0.614 (0.0058) † | 0.176 (0.0025) † | 0.184 (0.0024) † | 0.188 (0.0024) †
Late (Mean) | 0.629 (0.0055) | 0.625 (0.0057) | 0.615 (0.0056) † | 0.176 (0.0023) † | 0.185 (0.0023) † | 0.195 (0.0027) †
Late (MoE) | 0.573 (0.0049) † | 0.546 (0.0048) † | 0.541 (0.0049) † | 0.186 (0.0024) † | 0.196 (0.0032) † | 0.204 (0.0034) †

Most methods decreased in performance significantly when multiple Gaussian noise modalities were used in training, relative to training only on clinical data and gene expression

Mean Antolini’s C and IBS across test splits and datasets when integrating clinical data and gene expression along with up to five simulated noise modalities, and optionally, the true survival time (see STAR Methods ). Standard errors are in parentheses. k noise modalities indicates that the model was trained with k noise modalities of dimensionality 10,000, in addition to clinical data and gene expression. † indicates performance significantly worse than the same model trained on only clinical data and gene expression (without noise modalities and target). ↑ denotes a metric for which higher values are better, ↓ the opposite. P values are based on paired one-sided Wilcoxon signed-rank tests (see STAR Methods for details).
Original text lines200-218:
[TABLE Table 4] Including survival times in the clinical modality greatly improved performance for all methods, but most methods were not able to maintain this gain when integrating additional Gaussian noise modalities
 | Antolini’s concordance
0 noise modalities | 1 noise modality | 3 noise modalities | 5 noise modalities
BlockForest | 0.894 (0.0039) ∗ | 0.907 (0.0036) ∗ | 0.912 (0.0041) ∗ | 0.914 (0.0043) ∗
Elastic net | 0.923 (0.0034) ∗ | 0.916 (0.0037) ∗ | 0.912 (0.0038) ∗ | 0.905 (0.0047) ∗
PriorityLasso | 0.955 (0.0056) ∗ | 0.952 (0.0056) ∗ | 0.951 (0.0057) ∗ | 0.950 (0.0056) ∗
RSF | 0.609 (0.0055) ∗ | 0.610 (0.0055) ∗ | 0.610 (0.0055) ∗ | 0.607 (0.0055) ∗
Early | 0.609 (0.0057) | 0.604 (0.0058) | 0.606 (0.0055) | 0.607 (0.0056)
Intermediate (Attention) | 0.847 (0.0055) ∗ | 0.818 (0.0056) ∗ | 0.766 (0.0068) ∗ | 0.730 (0.0074) ∗
Intermediate (Concat) | 0.865 (0.0055) ∗ | 0.850 (0.0058) ∗ | 0.827 (0.0065) ∗ | 0.816 (0.0063) ∗
Intermediate (Embrace) | 0.809 (0.0056) ∗ | 0.743 (0.0060) ∗ | 0.672 (0.0064) ∗ | 0.639 (0.0062)
Intermediate (Max) | 0.841 (0.0052) ∗ | 0.804 (0.0059) ∗ | 0.779 (0.0060) ∗ | 0.762 (0.0061) ∗
Intermediate (Mean) | 0.851 (0.0052) ∗ | 0.816 (0.0056) ∗ | 0.770 (0.0064) ∗ | 0.740 (0.0067) ∗
Late (Mean) | 0.853 (0.0054) ∗ | 0.837 (0.0057) ∗ | 0.800 (0.0071) ∗ | 0.773 (0.0076) ∗
Late (MoE) | 0.691 (0.0053) ∗ | 0.634 (0.0056) ∗ | 0.579 (0.0051) | 0.554 (0.0047)

Including survival times in the clinical modality greatly improved performance for all methods, but most methods were not able to maintain this gain when integrating additional Gaussian noise modalities

Mean Antolini’s C and IBS across test splits and datasets when integrating clinical data and gene expression along with up to five simulated noise modalities and survival times as part of the clinical modality (see STAR Methods ). Standard errors are in parentheses. k noise modalities indicates that the model was trained with k noise modalities of dimensionality 10,000, in addition to clinical data and gene expression. “With target” indicates that the true survival time was added to the clinical features. ∗ indicates performance significantly better than the same model trained on only clinical data and gene expression (without noise modalities and target). ↑ denotes a metric for which higher values are better, ↓ the opposite. P values are based on paired one-sided Wilcoxon signed-rank tests (see STAR Methods for details)."	"L101: Mean Antolini’s C and IBS across test splits and datasets when integrating clinical data and gene expression compared to integrating all of the available modalities (described in Table S1 ). Standard errors are in parentheses. ∗ indicates values that were not significantly worse than the best model per column.
L111: [FIGURE Figure 1; IMAGE REVIEW REQUIRED] The performance of all considered methods varied widely across datasets (A and B) Statistical methods outperformed deep learning methods in terms of calibration (measured by the Integrated Brier score [IBS]) for multi-omics survival analysis when trained on clinical data and gene expression. Rank of all models on each dataset when integrating clinical data and gene expression in terms of mean Antolini’s C and mean IBS across splits. Lower ranks indicate better performance. (A) Antolini’s concordance (Antolini’s C). (B) IBS. For full cancer-type abbreviations, please refer to Table S3 . (C and D) Using fewer but more predictive modalities generally led to improved performance for most models. Model performance in terms of mean Antolini’s C and mean IBS across splits as a function of the number of modalities used for training: models fitted on clinical data and gene expression compared to all modalities. The dark color indicates that the model in question performed better for a particular dataset when trained on all modalities compared to only clinical data and gene expression modalities used as input. (C) Comparison for Antolini’s concordance. (D) Comparison for IBS. [image refs: gr1.jpg, gr1.gif]"	paper/literature/txt/L04.txt:101,111,115,121,168	contextual	Discussion	paper/reusability_report.tex:43	Within single cancers, survival prediction was difficult for every model and no two nonlinear models differed significantly.	Add integration/robustness context	supported_text	Pending sentence-level adjudication; source finding is not certification of current wording	Clinical variables present;no direct rawROC comparison. Exhaustive figure/supplement audit remains pending.
E008	L04	NA	10.1016/j.crmeth.2023.100461	2023	Systematic comparison of multi-omics survival models reveals a widespread lack of noise resistance	Noise ablation and training-only dimensionality reduction	1/3/5noise blocks each10,000features;25outer test splits;17dataset-mean pairs;pairedWilcoxon/Holm	Artificial experiments and test unit	"17 TCGA cohorts with seven modalities: clinical, expression, protein, CNV, methylation, mutation, miRNA. Per-cohort n/p in TableS1, not available in main extraction: NR, do not borrow L02 counts. Twelve models:8neural/4statistical. Clinical+expression versus all7, optional train-only PCA; separate1/3/5 Gaussian-noise blocks each10,000features and artificial true-survival-time predictor experiment. Outer5repeats x5folds; inner5fold; NN10%training validation,100epochs/patience10. Antolini C/IBS; parentheses STANDARD ERRORS. Dataset-mean paired Wilcoxon/Holm in specified families.
SOURCE TABLE EXTRACTS (original layout; inspect ambiguous column alignment before use):
Original text lines81-107:
When only incorporating clinical data and gene expression, the two most informative modalities, we found that all methods that incorporated the group structure of the data into their model-building process performed similarly in terms of discrimination, as measured by Antolini’s C ( Table 1 ), except Late (MoE) , which underperformed the other approaches. BlockForest achieved the highest Antolini’s C, but most other methods did not perform significantly worse than it ( Table 1 ). All methods that disregarded group structure ( Early , Elastic net, and RSF) performed significantly worse than BlockForest in terms of Antolini’s C. In terms of model IBS, BlockForest significantly outperformed all other methods. In addition, we saw a clear trend of deep learning models underperforming compared to statistical ones in terms of IBS, suggesting that deep learning models tend to be calibrated worse than statistical ones, even when using the same loss function. In fact, the best deep learning models performed worse in terms of IBS than the worst statistical ones ( Table 1 ). When looking beyond aggregated performance measures and investigating the rank of each model on each cancer-type-specific dataset in terms of Antolini’s C and the IBS we found a similar picture, with BlockForest and some of the intermediate deep learning methods generally securing the higher ranks for Antolini’s C, while BlockForest and other statistical models dominated in terms of the IBS ( Figures 1 A and 1B).

[TABLE Table 1] All considered methods showed a lack of noise resistance, exemplified by their inability to outperform the clinical baselines
 | Antolini’s C a | IBS b
Clinical + GEX | All | Clinical + GEX | All
BlockForest | 0.637 (0.0059) ∗, c | 0.619 (0.0060) ∗ | 0.162 (0.0020) ∗, c , d | 0.164 (0.0021) ∗, d
Elastic net | 0.599 (0.0061) c | 0.589 (0.0060) | 0.167 (0.0021) | 0.168 (0.0021)
PriorityLasso | 0.632 (0.0060) ∗, c | 0.626 (0.0063) ∗ | 0.166 (0.0022) c | 0.174 (0.0024)
RSF | 0.601 (0.0055) c | 0.575 (0.0059) | 0.167 (0.0020) c | 0.169 (0.0021)
Early | 0.607 (0.0058) c | 0.587 (0.0059) | 0.176 (0.0025) c | 0.179 (0.0025)
Intermediate (Attention) | 0.633 (0.0057) ∗, c | 0.616 (0.0055) | 0.173 (0.0026) | 0.177 (0.0026)
Intermediate (Concat) | 0.635 (0.0057) ∗, c | 0.624 (0.0053) ∗ | 0.173 (0.0026) c | 0.190 (0.0035)
Intermediate (Embrace) | 0.622 (0.0056) ∗, c | 0.575 (0.0057) | 0.172 (0.0024) c | 0.182 (0.0026)
Intermediate (Max) | 0.635 (0.0055) ∗, c | 0.602 (0.0056) | 0.174 (0.0025) c | 0.186 (0.0027)
Intermediate (Mean) | 0.636 (0.0054) ∗, c | 0.615 (0.0056) | 0.171 (0.0023) c | 0.176 (0.0025)
Late (Mean) | 0.631 (0.0056) ∗ | 0.627 (0.0054) ∗ | 0.172 (0.0025) | 0.171 (0.0023)
Late (MoE) | 0.599 (0.0056) c | 0.564 (0.0054) | 0.179 (0.0024) c | 0.188 (0.0034)

All considered methods showed a lack of noise resistance, exemplified by their inability to outperform the clinical baselines

Mean Antolini’s C and IBS across test splits and datasets when integrating clinical data and gene expression compared to integrating all of the available modalities (described in Table S1 ). Standard errors are in parentheses. ∗ indicates values that were not significantly worse than the best model per column.

denotes a metric for which higher values are better.

the opposite.

indicates significantly better performance for a model utilizing clinical data and gene expression compared to all available modalities. P values are based on paired one-sided Wilcoxon signed-rank tests, except for the unimodal comparison, which is based on two-sided paired Wilcoxon signed-rank tests (see STAR Methods for details).
Original text lines149-168:
[TABLE Table 2] Dimensionality reduction improved the performance of most methods but did not generally lead to superior noise resistance
 | Antolini’s concordance | IBS
Clinical + GEX | All | Clinical + GEX | All
32 PCs | 64 PCs | 32 PCs | 64 PCs | 32 PCs | 64 PCs | 32 PCs | 64 PCs
BlockForest | 0.635 (0.0060) | 0.635 (0.0061) | 0.635 (0.0062) ∗ | 0.638 (0.0060) ∗ | 0.164 (0.0020) | 0.165 (0.0020) | 0.164 (0.0020) | 0.165 (0.0020)
Elastic net | 0.636 (0.0059) ∗ | 0.625 (0.0060) ∗ | 0.613 (0.0061) ∗ | 0.606 (0.0059) ∗ | 0.164 (0.0021) ∗ | 0.166 (0.0021) ∗ | 0.166 (0.0021) ∗ | 0.167 (0.0021)
PriorityLasso | 0.641 (0.0059) ∗ | 0.635 (0.0060) | 0.636 (0.0059) | 0.634 (0.0058) | 0.165 (0.0021) | 0.165 (0.0021) | 0.170 (0.0023) ∗ | 0.170 (0.0023) ∗
RSF | 0.629 (0.0057) ∗ | 0.623 (0.0059) ∗ | 0.617 (0.0057) ∗ | 0.609 (0.0058) ∗ | 0.166 (0.0019) ∗ | 0.168 (0.0019) | 0.167 (0.0020) | 0.169 (0.0020)
Early | 0.606 (0.0057) | 0.602 (0.0058) | 0.595 (0.0057) | 0.591 (0.0058) | 0.173 (0.0023) ∗ | 0.176 (0.0024) | 0.177 (0.0025) | 0.180 (0.0026)
Intermediate (Attention) | 0.629 (0.0059) | 0.629 (0.0057) | 0.607 (0.0060) | 0.612 (0.0057) | 0.168 (0.0023) ∗ | 0.170 (0.0023) | 0.173 (0.0024) | 0.175 (0.0024)
Intermediate (Concat) | 0.631 (0.0057) | 0.632 (0.0059) | 0.628 (0.0055) | 0.624 (0.0056) | 0.167 (0.0023) ∗ | 0.170 (0.0024) ∗ | 0.179 (0.0027) | 0.183 (0.0028)
Intermediate (Embrace) | 0.625 (0.0060) | 0.634 (0.0058) ∗ | 0.575 (0.0060) | 0.581 (0.0062) | 0.168 (0.0022) ∗ | 0.167 (0.0022) ∗ | 0.172 (0.0022) ∗ | 0.171 (0.0021)
Intermediate (Max) | 0.629 (0.0058) | 0.627 (0.0058) | 0.597 (0.0057) | 0.600 (0.0058) | 0.168 (0.0023) ∗ | 0.169 (0.0023) ∗ | 0.176 (0.0024) ∗ | 0.177 (0.0025) ∗
Intermediate (Mean) | 0.636 (0.0059) | 0.635 (0.0056) | 0.614 (0.0056) | 0.614 (0.0057) | 0.167 (0.0023) ∗ | 0.169 (0.0023) | 0.173 (0.0023) | 0.175 (0.0024) ∗
Late (Mean) | 0.633 (0.0058) | 0.628 (0.0059) | 0.622 (0.0057) | 0.626 (0.0055) | 0.168 (0.0022) ∗ | 0.170 (0.0023) ∗ | 0.169 (0.0023) ∗ | 0.171 (0.0023)
Late (MoE) | 0.597 (0.0057) | 0.597 (0.0058) | 0.561 (0.0054) | 0.566 (0.0053) | 0.175 (0.0022) ∗ | 0.174 (0.0023) ∗ | 0.178 (0.0023) ∗ | 0.177 (0.0023) ∗

Dimensionality reduction improved the performance of most methods but did not generally lead to superior noise resistance

Mean Antolini’s C and IBS across test splits of the considered datasets on TCGA when integrating clinical data and gene expression or all available modalities combined with using PCA for dimensionality reduction per modality, with a specific number of components. Standard errors are in parentheses. ∗ indicates significantly better performance compared to the same model trained without dimensionality reduction ( Table 1 ). The number of principal components (PCs) k indicates that PCA was performed using k principal components. ↑ denotes a metric for which higher values are better, ↓ the opposite. P-values are based on paired one-sided Wilcoxon signed-rank tests (see STAR Methods for details).
Original text lines174-192:
[TABLE Table 3] Most methods decreased in performance significantly when multiple Gaussian noise modalities were used in training, relative to training only on clinical data and gene expression
 | Antolini’s concordance | Integrated Brier Score
1 noise modality | 3 noise modalities | 5 noise modalities | 1 noise modality | 3 noise modalities | 5 noise modalities
BlockForest | 0.641 (0.0059) | 0.631 (0.0064) | 0.627 (0.0062) † | 0.164 (0.0020) † | 0.165 (0.0020) † | 0.166 (0.0020) †
Elastic net | 0.595 (0.0063) | 0.593 (0.0060) | 0.589 (0.0063) † | 0.167 (0.0021) | 0.167 (0.0021) | 0.167 (0.0021)
PriorityLasso | 0.631 (0.0061) | 0.624 (0.0063) † | 0.624 (0.0064) | 0.166 (0.0022) | 0.168 (0.0022) † | 0.169 (0.0023) †
RSF | 0.598 (0.0057) † | 0.595 (0.0056) † | 0.599 (0.0055) | 0.167 (0.0020) | 0.168 (0.0020) | 0.168 (0.0020)
Early | 0.606 (0.0055) | 0.608 (0.0057) | 0.603 (0.0057) | 0.177 (0.0025) | 0.178 (0.0024) | 0.179 (0.0025) †
Intermediate (Attention) | 0.630 (0.0059) | 0.620 (0.0055) † | 0.613 (0.0056) † | 0.175 (0.0024) | 0.185 (0.0024) † | 0.189 (0.0022) †
Intermediate (Concat) | 0.628 (0.0057) | 0.625 (0.0058) † | 0.619 (0.0060) † | 0.186 (0.0026) † | 0.201 (0.0032) † | 0.213 (0.0037) †
Intermediate (Embrace) | 0.609 (0.0055) † | 0.585 (0.0055) † | 0.575 (0.0057) † | 0.175 (0.0024) † | 0.183 (0.0024) † | 0.185 (0.0023) †
Intermediate (Max) | 0.635 (0.0056) | 0.626 (0.0054) † | 0.618 (0.0057) † | 0.178 (0.0025) † | 0.189 (0.0027) † | 0.198 (0.0028) †
Intermediate (Mean) | 0.629 (0.0057) | 0.614 (0.0058) † | 0.614 (0.0058) † | 0.176 (0.0025) † | 0.184 (0.0024) † | 0.188 (0.0024) †
Late (Mean) | 0.629 (0.0055) | 0.625 (0.0057) | 0.615 (0.0056) † | 0.176 (0.0023) † | 0.185 (0.0023) † | 0.195 (0.0027) †
Late (MoE) | 0.573 (0.0049) † | 0.546 (0.0048) † | 0.541 (0.0049) † | 0.186 (0.0024) † | 0.196 (0.0032) † | 0.204 (0.0034) †

Most methods decreased in performance significantly when multiple Gaussian noise modalities were used in training, relative to training only on clinical data and gene expression

Mean Antolini’s C and IBS across test splits and datasets when integrating clinical data and gene expression along with up to five simulated noise modalities, and optionally, the true survival time (see STAR Methods ). Standard errors are in parentheses. k noise modalities indicates that the model was trained with k noise modalities of dimensionality 10,000, in addition to clinical data and gene expression. † indicates performance significantly worse than the same model trained on only clinical data and gene expression (without noise modalities and target). ↑ denotes a metric for which higher values are better, ↓ the opposite. P values are based on paired one-sided Wilcoxon signed-rank tests (see STAR Methods for details).
Original text lines200-218:
[TABLE Table 4] Including survival times in the clinical modality greatly improved performance for all methods, but most methods were not able to maintain this gain when integrating additional Gaussian noise modalities
 | Antolini’s concordance
0 noise modalities | 1 noise modality | 3 noise modalities | 5 noise modalities
BlockForest | 0.894 (0.0039) ∗ | 0.907 (0.0036) ∗ | 0.912 (0.0041) ∗ | 0.914 (0.0043) ∗
Elastic net | 0.923 (0.0034) ∗ | 0.916 (0.0037) ∗ | 0.912 (0.0038) ∗ | 0.905 (0.0047) ∗
PriorityLasso | 0.955 (0.0056) ∗ | 0.952 (0.0056) ∗ | 0.951 (0.0057) ∗ | 0.950 (0.0056) ∗
RSF | 0.609 (0.0055) ∗ | 0.610 (0.0055) ∗ | 0.610 (0.0055) ∗ | 0.607 (0.0055) ∗
Early | 0.609 (0.0057) | 0.604 (0.0058) | 0.606 (0.0055) | 0.607 (0.0056)
Intermediate (Attention) | 0.847 (0.0055) ∗ | 0.818 (0.0056) ∗ | 0.766 (0.0068) ∗ | 0.730 (0.0074) ∗
Intermediate (Concat) | 0.865 (0.0055) ∗ | 0.850 (0.0058) ∗ | 0.827 (0.0065) ∗ | 0.816 (0.0063) ∗
Intermediate (Embrace) | 0.809 (0.0056) ∗ | 0.743 (0.0060) ∗ | 0.672 (0.0064) ∗ | 0.639 (0.0062)
Intermediate (Max) | 0.841 (0.0052) ∗ | 0.804 (0.0059) ∗ | 0.779 (0.0060) ∗ | 0.762 (0.0061) ∗
Intermediate (Mean) | 0.851 (0.0052) ∗ | 0.816 (0.0056) ∗ | 0.770 (0.0064) ∗ | 0.740 (0.0067) ∗
Late (Mean) | 0.853 (0.0054) ∗ | 0.837 (0.0057) ∗ | 0.800 (0.0071) ∗ | 0.773 (0.0076) ∗
Late (MoE) | 0.691 (0.0053) ∗ | 0.634 (0.0056) ∗ | 0.579 (0.0051) | 0.554 (0.0047)

Including survival times in the clinical modality greatly improved performance for all methods, but most methods were not able to maintain this gain when integrating additional Gaussian noise modalities

Mean Antolini’s C and IBS across test splits and datasets when integrating clinical data and gene expression along with up to five simulated noise modalities and survival times as part of the clinical modality (see STAR Methods ). Standard errors are in parentheses. k noise modalities indicates that the model was trained with k noise modalities of dimensionality 10,000, in addition to clinical data and gene expression. “With target” indicates that the true survival time was added to the clinical features. ∗ indicates performance significantly better than the same model trained on only clinical data and gene expression (without noise modalities and target). ↑ denotes a metric for which higher values are better, ↓ the opposite. P values are based on paired one-sided Wilcoxon signed-rank tests (see STAR Methods for details)."	"L172: Next, we evaluated the performance of different methods on simulated data that included simulated modalities representing Gaussian noise (as described in “ research questions and matching experiments” and the STAR Methods ). Our simulations led to similar conclusions as the experiment of integrating multiple modalities. All methods declined in performance as more noise modalities were included as inputs ( Table 3 ). However, some methods were more resistant to noise than others, with the group-naive methods ( Early , Elastic net, and RSF) showing the least decline in both Antolini’s C and IBS. Some group-aware methods, such as PriorityLasso , were also relatively resistant to noise. When integrating one noise modality, Intermediate (Embrace) , Late (MoE) , and RSF performed significantly worse in terms of Antolini’s C compared to using only clinical data and gene expression. However, when integrating five noise modalities, all methods except RSF, PriorityLasso , and Early performed significantly worse than the same model when integrating clinical data and gene expression. A similar trend was observed for model calibration as (partially) measured by the IBS, with all methods except RSF performing significantly worse than clinical data and gene expression when integrating five noise modalities.
L174: [TABLE Table 3] Most methods decreased in performance significantly when multiple Gaussian noise modalities were used in training, relative to training only on clinical data and gene expression"	paper/literature/txt/L04.txt:172,174,190,200,216	contextual	Discussion;Methods	paper/reusability_report.tex:164	The hypothesis is directly testable.	Cite proposed ablation design;do not describe ours as executed	supported_text	Pending sentence-level adjudication; source finding is not certification of current wording	True-survival-time input is artificialinformativeness,not deployable prediction. Exhaustive figure/supplement audit remains pending.
E009	L06	NA	10.1002/sim.9817	2023	Propensity-based standardization to enhance the validation and interpretation of prediction model discrimination for a target population	Case mix changes discrimination without necessarily invalidating coefficients	Model1AUC.70[.66,.74];model8.82[.80,.84];model1PI.55-.82->standardised.64-.72;tau.29->.08	Binaryc-statistic;95%CI versusPI	"DVT diagnosis,13cross-sectional studies,n=10,002/events1,864. Development1,295=289events+1,006non-events(22%); validation8,707=1,575+7,132(18%) in12 studies, prevalence5%-39%. Eight logistic models with increasing predictors. Binary AUC case-mix standardisation using pairwise propensity weights;5,000 weighted bootstrap draws; REML/Hartung-Knapp meta-analysis and prediction intervals. Per-validation-study n in supplement NR. Simulations separate from real diagnostic counts.
SOURCE TABLE EXTRACTS (original layout; inspect ambiguous column alignment before use):
Original text lines414-438:
suspected patients, often no DVT is present on advanced reference testing.44 We here consider for illustrative purposes
the development and validation of eight different prediction models that could help in the diagnosis of DVT in patients
that are suspected of having DVT and use the IPD of 10 002 patients, of whom 1864 had DVT, from thirteen different
cross-sectional diagnostic studies across multiple countries.45 In this example, the prediction model was developed on
a sample from the intended target population, as is generally recommended.14 Conversely, samples used for external
validation are more often convenience samples: samples that have much in common with the target population but do not
fully reflect it and happen to be available. In this example, the development and validation samples had similar participant
characteristics on average (Table 1). For instance, in the development data 22% of the participants had DVT, whereas 18%
of the participants did in the pooled validation samples. However, there was major heterogeneity across the validation


T A B L E 1 Clinical characteristics of development and validation data for a model for diagnosing DVT.
                                            Development                                       Validation
    Variable                                No                           Yes                  No                     Yes                    Min            Max

    DVT                                     1006                         289 (22%)            7132                   1575 (18%)             5%             39%
    D-dimer abnormal                        398                          897 (69%)            3629                   5078 (58%)             39%            82%
    Calf difference > = 3 cm                739                          556 (43%)            6248                   2459 (28%)             15%            43%
    Oral contraceptive (OC)                 1167                         128 (10%)            8166                   541 (6%)               0%             23%
    Male                                    828                          467 (36%)            5327                   3380(39%)              33%            48%
    Absence of leg trauma                   197                          1098 (85%)           1587                   7120 (82%)             67%            95%
    Vein distension                         1038                         257 (20%)            7748                   959 (11%)              0%             20%
    Presence of malignancy                  1214                         81 (6%)              7954                   753 (9%)               4%             18%
    Recent surgery or bedridden             1114                         181 (14%)            7777                   930 (11%)              5%             18%
"	L526: from 0.55 to 0.82, indicating that the model does not transport well to some of the non-target populations. However, when	paper/literature/txt/L06.txt:526	contextual	Discussion	paper/reusability_report.tex:162	Its pooled pan-cancer scores, however, should not be read as patient-level prognosis.	Add counterargument:pooledtarget legitimate,but not within-cancer question	supported_text	Pending sentence-level adjudication; source finding is not certification of current wording	DVTdiagnosis;our analysis does not implement propensity weighting. Exhaustive figure/supplement audit remains pending.
E010	L06	NA	10.1002/sim.9817	2023	Propensity-based standardization to enhance the validation and interpretation of prediction model discrimination for a target population	Standardisation weights pairs and requires overlap	Eq8: weighted concordance sum I(pi+>pi-)wi+wi-/sumwi+wi-;5,000weighted bootstrap	StandardisedAUC method	"DVT diagnosis,13cross-sectional studies,n=10,002/events1,864. Development1,295=289events+1,006non-events(22%); validation8,707=1,575+7,132(18%) in12 studies, prevalence5%-39%. Eight logistic models with increasing predictors. Binary AUC case-mix standardisation using pairwise propensity weights;5,000 weighted bootstrap draws; REML/Hartung-Knapp meta-analysis and prediction intervals. Per-validation-study n in supplement NR. Simulations separate from real diagnostic counts.
SOURCE TABLE EXTRACTS (original layout; inspect ambiguous column alignment before use):
Original text lines414-438:
suspected patients, often no DVT is present on advanced reference testing.44 We here consider for illustrative purposes
the development and validation of eight different prediction models that could help in the diagnosis of DVT in patients
that are suspected of having DVT and use the IPD of 10 002 patients, of whom 1864 had DVT, from thirteen different
cross-sectional diagnostic studies across multiple countries.45 In this example, the prediction model was developed on
a sample from the intended target population, as is generally recommended.14 Conversely, samples used for external
validation are more often convenience samples: samples that have much in common with the target population but do not
fully reflect it and happen to be available. In this example, the development and validation samples had similar participant
characteristics on average (Table 1). For instance, in the development data 22% of the participants had DVT, whereas 18%
of the participants did in the pooled validation samples. However, there was major heterogeneity across the validation


T A B L E 1 Clinical characteristics of development and validation data for a model for diagnosing DVT.
                                            Development                                       Validation
    Variable                                No                           Yes                  No                     Yes                    Min            Max

    DVT                                     1006                         289 (22%)            7132                   1575 (18%)             5%             39%
    D-dimer abnormal                        398                          897 (69%)            3629                   5078 (58%)             39%            82%
    Calf difference > = 3 cm                739                          556 (43%)            6248                   2459 (28%)             15%            43%
    Oral contraceptive (OC)                 1167                         128 (10%)            8166                   541 (6%)               0%             23%
    Male                                    828                          467 (36%)            5327                   3380(39%)              33%            48%
    Absence of leg trauma                   197                          1098 (85%)           1587                   7120 (82%)             67%            95%
    Vein distension                         1038                         257 (20%)            7748                   959 (11%)              0%             20%
    Presence of malignancy                  1214                         81 (6%)              7954                   753 (9%)               4%             18%
    Recent surgery or bedridden             1114                         181 (14%)            7777                   930 (11%)              5%             18%
"	"L387: standardized c-statistic is given by:
L398:                             wi+ wi− = W denotes the sum of all weights such that the standardized c-statistic is bounded between"	paper/literature/txt/L06.txt:387,398,401,404,485	methodological	Discussion;Methods	paper/reusability_report.tex:43	Scored within each cancer, pooled training lowered the ROC AUC of TabFM by 0.084 and TabPFN v3 by 0.070 at 5 years, losses larger than those of tree ensembles.	Distinguish stratified scoring from reweighting	supported_text	Pending sentence-level adjudication; source finding is not certification of current wording	Positivity required;method not our implemented estimand. Exhaustive figure/supplement audit remains pending.
E011	L07	NA	10.1093/jamia/ocaa242	2021	Informative presence and observation in routine health data: A review of methodology for clinical risk prediction	Missingness may be legitimately informative	36articles;24/36 derived-predictor methods;3categories/8strategies	Review counts,not pooled effect	Systematic methodological review:36articles;24/36 derived-predictor approaches; three method categories/eight strategies. Cross-sectional/longitudinal routine-care observation, not structurally absent omics assays. No pooled patient n, common benchmark or aggregate AUC effect.	"L9: Abstract Objective Informative presence (IP) is the phenomenon whereby the presence or absence of patient data is potentially informative with respect to their health condition, with informative observation (IO) being the longitudinal equivalent. These phenomena predominantly exist within routinely collected healthcare data, in which data collection is driven by the clinical requirements of patients and clinicians. The extent to which IP and IO are considered when using such data to develop clinical prediction models (CPMs) is unknown, as is the existing methodology aiming at handling these issues. This review aims to synthesize such existing methodology, thereby helping identify an agenda for future methodological work. Materials and Methods A systematic literature search was conducted by 2 independent reviewers using prespecified keywords. Results Thirty-six articles were included. We categorized the methods presented within as derived predictors (including some representation of the measurement process as a predictor in the model), modeling under IP, and latent structures. Including missing indicators or summary measures as predictors is the most commonly presented approach amongst the included studies (24 of 36 articles). Discussion This is the first review to collate the literature in this area under a prediction framework. A considerable body relevant of literature exists, and we present ways in which the described methods could be developed further. Guidance is required for specifying the conditions under which each method should be used to enable applied prediction modelers to use these methods. Conclusions A growing recognition of IP and IO exists within the literature, and methodology is increasingly becoming available to leverage these phenomena for prediction purposes. IP and IO should be approached differently in a prediction context than when the primary goal is explanation. The work included in this review has demonstrated theoretical and empirical benefits of incorporating IP and IO, and therefore we recommend that applied health researchers consider incorporating these methods in their work. Keywords: clinical prediction model, electronic health records, informative observation, informative presence
L23: Thirty-six articles were included. We categorized the methods presented within as derived predictors (including some representation of the measurement process as a predictor in the model), modeling under IP, and latent structures. Including missing indicators or summary measures as predictors is the most commonly presented approach amongst the included studies (24 of 36 articles)."	paper/literature/txt/L07.txt:9,23	contextual	Discussion	paper/reusability_report.tex:124	That pattern mixes measured zeros with features that are structurally absent from a cohort.	Add counterargument,care-process versus assay missingness	supported_text	Pending sentence-level adjudication; source finding is not certification of current wording	Does not identify our structural-zero mechanism. Exhaustive figure/supplement audit remains pending.
E012	L08	NA	10.48550/arXiv.2406.16484	2024	Robust prediction under missingness shifts	Missingness-shift robustness depends on mechanism	50%->25%/0%;100Ktrain/10Kval/10Ktest;10reruns;50covariates	Regression MSE relative Bayes/complete-data references	Three settings: Gaussian simulated50covariates, lambda=.7/.3; semi-synthetic outcome on50 complete LBIDD covariates (1995 US infant-mortality records). EACH model100,000train/10,000validation/10,000independenttest;10reruns. MCAR, nonmonotone MAR, Gaussian self-masking MNAR, MAR-Y; source50%missingness -> target25% or0%, compared no-shift equivalents. Regression MSE, not prediction of real infant-death labels. Grid neural width/depth/rate/decay;1,000epochs/batch100/patience12. Table1 lists50variables, not50datasets.	L462: Training and evaluation All models were trained on 100, 000 samples and tested on an independent	paper/literature/txt/L08.txt:462	contextual	Discussion	paper/reusability_report.tex:164	Standardizing features within each cancer and removing the zero fingerprint before pooling should restore within-cancer ranking for the foundation models if it is right, and should leave the gap unchanged if it is wrong.	Add deployment-shift context without claiming all missingness spurious	supported_text	Pending sentence-level adjudication; source finding is not certification of current wording	LBIDD outcomes artificial;unlabelled violin medians NR. Exhaustive figure/supplement audit remains pending.
E013	L09	NA	10.1109/CVPR.2019.01155	2019	Characterizing and Avoiding Negative Transfer	Negative transfer defined relative to target-only learning	Table2epsilon=.7,labelledtarget10%,<=3/class;target50/50train/test;0/10/30/50%label settings	Accuracy transfer gap,notROC	Visual transfer: digits SVHN~73K->MNIST70K/10classes (USPS named but not main task); Office-31 total4,652/31classes, Webcam->DSLR,Amazon->DSLR,DSLR->Amazon; Office-Home~15,500/65classes, Art/Clipart/Product->RealWorld; VisDA additional synthetic-to-real task (per-domain n pending). Source all labelled; target50%training/50%testing; labelled fractions0/10/30/50%; Table2=10%,max3/class; perturbations0/.3/.7/.9. Eight transfer algorithms; accuracy%, NOT ROC AUC. VisDA source152Ksynthetic/target72Kreal,12categories; five random repeats of each transfer task. Reported '+/-' values not labelled95%CI here.	"L362: N T G2 are negative transfer gaps for DANN and DANNgate . ∆ is the performance gain of DANNgate compared to DANN.
L405: tive transfer gap (NTG) as the gap between the accuracy of                         on task W→D. ǫy is fixed at 0. Negative transfer gap is shown in brackets."	paper/literature/txt/L09.txt:362,405,414,429	contextual	Discussion	paper/reusability_report.tex:142	\subsection*{Pooled training lowered within-cancer ranking for foundation models}	Use conceptual analogy for paired within-cancer contrast	supported_text	Pending sentence-level adjudication; source finding is not certification of current wording	Vision adaptation != pooled tabular ICL;no causal attention evidence. Exhaustive figure/supplement audit remains pending.
E014	L10	geirhos2020shortcut	10.1038/s42256-020-00257-z	2020	Shortcut learning in deep neural networks	Shortcut framework is evaluation-dependent	No own aggregate clinical effect;conceptual cases	Benchmark versus intended generalisation	Shortcut-learning perspective, image/text examples; no one clinical cohort or common cancer AUC. Distinguishes benchmark success from intended generalisation. Numbers quoted from other studies require original-source attribution.	"L2: TITLE: Shortcut learning in deep neural networks
L10:                                                    Shortcut Learning in Deep Neural Networks"	paper/literature/txt/L10.txt:2,10,29,32,79	contextual	Introduction;Discussion	Proposed insertion: Introduction;Discussion	No exact anchor; proposed section-level addition	Retain framework;avoid proof/shared biology absence claims	supported_text	Proposed addition, not an existing citation verdict	Does not establish attention mechanism. Exhaustive figure/supplement audit remains pending.
E015	L11	NA	10.1016/j.cell.2018.03.022	2018	Cell-of-Origin Patterns Dominate the Molecular Classification of 10,000 Tumors from 33 Types of Cancer	Cell of origin structures molecular taxonomy	11,286tumours/33types;platform n10,522/10,814/10,165/10,170/7,858;28integrative subtypes	Unsupervised clusters,not survivalAUC	TCGA PanCancer11,286 tumours/33types with>=1assay. Aneuploidy10,522/10clusters; methylation10,814/3,139CpGs/25clusters; mRNA10,165/25clusters>=40samples; miRNA10,170/15clusters; RPPA7,858/32types/10clusters (LAML absent). Integrative iCluster28subtypes. Overlapping assay subsets, not additive cohorts. Per-cancer supplement counts NR. Unsupervised molecular taxonomy, not survival AUC.	L37: This PanCancer study encompassed 11,286 tumor samples from 33 cancer types, for which molecular data were available from at least one of the five assay platforms. Of these, 9,759 had complete data for 4 platforms: aneuploidy, DNA methylation, mRNA and miRNA. RPPA protein data were available for a subset of samples (7,858). Hematologic and lymphatic malignancies included acute myeloid leukemia (LAML), lymphoid neoplasm diffuse large B cell lymphoma(DLBC), and thymoma(THYM). Solid tumor types were from gynecologic (ovarian [OV], uterine corpus endometrial carcinoma [UCEC], cervical squamous cell carcinoma and endocervical adenocarcinoma [CESC], and breast invasive carcinoma [BRCA]), urologic (bladder urothelial carcinoma [BLCA], prostate adenocarcinoma [PRAD], testicular germ cell tumors [TGCT], kidney renal clear cell carcinoma [KIRC], kidney chromophobe [KICH], and kidney renal papillary cell carcinoma [KIRP]), endocrine (thyroid carcinoma [THCA] and adrenocortical carcinoma [ACC]), core gastrointestinal (esophageal carcinoma [ESCA], stomach adenocarcinoma [STAD], colon adenocarcinoma [COAD], and rectum adenocarcinoma [READ]), developmental gastrointestinal (liver hepatocellular carcinoma [LIHC], pancreatic adenocarcinoma [PAAD], and cholangiocarcinoma [CHOL]),head and neck (head and neck squamous cell carcinoma [HNSC]), and thoracic (lung adenocarcinoma [LUAD], lung squamous cell carcinoma [LUSC], and mesothelioma [MESO]) organ systems. Cancers of the central nervous system (glioblastoma multiforme [GBM] and brain lower-grade glioma [LGG]) and soft tissue (sarcoma [SARC] and uterine carcinosarcoma [UCS]) were represented, as were cancers from neural-crest-derived tissues, such as pheochromocytoma and paraganglioma (PCPG), and melanocytic cancers of the skin (skin cutaneous melanoma [SKCM]) and eye (uveal melanoma [UVM]). (For a complete list of the TCGA cancer-type abbreviations, please see https://gdc.cancer.gov/resources-tcga-users/tcga-code-tables/tcga-study-abbreviations .)	paper/literature/txt/L11.txt:37	contextual	Introduction;Discussion	paper/reusability_report.tex:164	In the pooled table, the most similar rows are those from the same cohort, which the zero pattern identifies almost perfectly, and they share the cohort's average outcome.	Explain recoverable biological identity,not just technicalbatch	supported_text	Pending sentence-level adjudication; source finding is not certification of current wording	Shared cross-tissue subtypes exist;not survivalconfounding proof. Exhaustive figure/supplement audit remains pending.
E016	L12	NA	10.1136/bmj.i3140	2016	External validation of clinical prediction models using big datasets from e-health records or IPD meta-analysis: opportunities and challenges	Average validation can hide between-site heterogeneity	DVT E/O1.02[.79,1.32],I2=97%,PI.38-2.72;c-statisticPI.64-.73;QRISK2C.83[.826,.833],I2=80.9%,PI.76-.88	E/Ocalibration,c-statistic;CI !=PI	Distinct examples: DVT12studies,n=10,014, per-study153-1,768, events1,897(19%); QRISK2 validation364practices (patient n NR in cited passage). Not identical to L06's13-study10,002 population. Random-effects performance meta-analysis; cluster/subgroup validation; internal-external leave-one-study-out proposal.	L101: When data from multiple studies are available for external validation, meta-analysis techniques (such as a random effects meta-analysis 52 ) can be used to quantify and summarise between-study heterogeneity in model performance. 30 53 54 For example, Debray and colleagues developed a prediction model for the diagnosis of deep vein thrombosis in patients suspected of having the condition. 45 The researchers performed external validation using 12 studies (10 014 patients in total; study sample sizes ranging from 153 to 1768 patients). Overall, 1897 (19%) patients had deep vein thrombosis, and there were study differences in case mix and deep vein thrombosis prevalence. On average across the 12 studies, the overall calibration was excellent, with a summary E/O of 1.02 (95% confidence interval 0.79 to 1.32), revealing that total number of predicted and true cases of deep vein thrombosis was almost in perfect agreement (that is, an E/O close to 1). However, a random effects meta-analysis revealed considerable between-study heterogeneity. The I 2 statistic was 97%, which indicated that 97% of the total variation in the study estimates was due to between-study heterogeneity. The large heterogeneity is also evident in the forest plot (fig 2), with large variation in study estimates and many non-overlapping confidence intervals. The summary E/O estimate was therefore an incomplete picture, because performance in particular populations could vary considerably from the average.	paper/literature/txt/L12.txt:101	contextual	Discussion	paper/reusability_report.tex:162	Its pooled pan-cancer scores, however, should not be read as patient-level prognosis.	Add subgroup-reporting rationale	supported_text	Pending sentence-level adjudication; source finding is not certification of current wording	Illustrative different studies;not our frozen controls. Exhaustive figure/supplement audit remains pending.
E017	L12	NA	10.1136/bmj.i3140	2016	External validation of clinical prediction models using big datasets from e-health records or IPD meta-analysis: opportunities and challenges	Internal-external validation checks setting-specific transport	Leaveoneofkstudiesout,kcycles;typicalIPDk<10;cluster-rich dataholdout>=20clusters	Validation recommendation	Distinct examples: DVT12studies,n=10,014, per-study153-1,768, events1,897(19%); QRISK2 validation364practices (patient n NR in cited passage). Not identical to L06's13-study10,002 population. Random-effects performance meta-analysis; cluster/subgroup validation; internal-external leave-one-study-out proposal.	L181: In an IPD meta-analysis, where the number of studies ( k ) is typically fewer than 10 studies, a process known as internal-external cross validation has been proposed to combine model development with validation. 42 45 Here, all but one of the studies are used for model development, with the remaining study used for external validation. This process is repeated a further k −1 times, on each occasion omitting a different study to ascertain external validation performance. If performance is always adequate, a final model may be developed using all studies. Otherwise, it flags heterogeneous study populations where a developed model might not perform well, and signals that model updating strategies might be needed (such as recalibration). We note, however, that each cycle should ensure an adequate sample size for model development 72 73 74 and the use of appropriate model derivation techniques (eg, adjustment for optimism). 16 26 Otherwise, poor performance could simply reflect small sample sizes, overfitting, and substandard development techniques.	paper/literature/txt/L12.txt:181	methodological	Discussion;Methods	paper/reusability_report.tex:131	\textbf{b}, Pooled ROC AUC of the best foundation model and the best tree ensemble (solid bars; frozen benchmark) compared with four controls that ignore patient biology: cancer type only, zero pattern only, survival labels shuffled within each cancer (mean of 500 permutations) and a linear model tested on a held-out cancer (mean over held-out cancers).	Separate historical diagnostic from completeexternal validation	supported_text	Pending sentence-level adjudication; source finding is not certification of current wording	Citation cannot repair pooledfeaturepreselection. Exhaustive figure/supplement audit remains pending.
E018	L13	soneson2014batch	10.1371/journal.pone.0100335	2014	Batch Effect Confounding Leads to Strong Bias in Performance Estimates Obtained by Cross-Validation	Batch-label confounding can bias CV without true gene signal	80train/600validation;61,528features;group-batch allocation50/75/95/100%;null0DE/~1%DE	Classificationerror/CVbias,semi-simulation	PETACC-3 background expression688patients x61,528features,E-MTAB-990. Semi-simulated80train/600validation balancedgroups; two training batches, group-batch allocation50/75/95/100%; null0DE versus alternative~1%DE; batch affects50%features;9settings x10replicates. Independent validation balanced/no batch. ComBat/nestedCV; batch removal beforeCV was examined, NOT an endorsement of our pipeline. Classification error, not survival ROC.	L170: matrix (688 patients|61528 features, E-MTAB-990) from the                      Methods	paper/literature/txt/L13.txt:170	contextual	Introduction;Discussion	paper/reusability_report.tex:168	Second, documented behavioral differences between generations, which our results suggest are small on public benchmarks but may matter under cohort structure.	Retain bounded genomicconfounding citation	supported_text	Pending sentence-level adjudication; source finding is not certification of current wording	Different split protocol and ComBat-beforeCV;not exact ours control. Exhaustive figure/supplement audit remains pending.
E019	L14	bernau2014crossstudy	10.1093/bioinformatics/btu279	2014	Cross-study validation for the assessment of prediction algorithms	Within-study CV need not predict cross-study ranking	SimulatedmeanCV~.65vsCSV~.55;CAL/MSKcross-studyC~.5;1,000collections	CensoredDMFSconcordance;source approximations	"Eight breast microarray studies, complete Table1 n/ER-positive/follow-up below. Actual analysis ER-positive only, not full Table1 n. Censored distant-metastasis-free survival; Affymetrix arrays; six methods; study-pair matrix versus diagonal4foldCV. Simulations1,000collections/8resampledstudies/150patients perstudy,PH-generated outcomes. Gonen-Heller concordance, not binary ROC.
SOURCE TABLE EXTRACTS (original layout; inspect ambiguous column alignment before use):
Original text lines65-82:
3 | MSK | combination | 99 | 57 | 76 | 82 | MSK | Minn et al. (2005)
4 | ST1 | hormonal | 512 a | 507 b | 114 | 106 | MDA5, TAM, VDX3 | Foekens et al. (2006)
5 | ST2 | hormonal | 517 | 325 | 126 | 121 | EXPO, TAM | Symmans et al. (2010)
6 | TRB | none | 198 | 134 | 143 | 171 | TRANSBIG | Desmedt et al. (2007)
7 | UNT | none | 133 | 86 | 151 | 105 | UNT | Sotiriou et al. (2006)
8 | VDX | none | 344 | 209 | 44 | 107 | VDX | Minn et al. (2007)

Breast cancer microarray datasets curated by Haibe-Kains et al. (2012)

Datasets acronyms: CAL, University of California, San Francisco and the California Pacific Medical Center (USA); MNZ, Mainz hospital (Germany); MSK, Memorial Sloan-Kettering (United States). ST1 and ST2 are meta-datasets provided by Haibe-Kains et al. (2012) , TRB denotes the TransBIG consortium dataset (Europe), UNT denotes the cohort of untreated patients from the Oxford Radcliffe Hospital (UK), VDX = Veridex (the Netherlands). Number of ER+ is the number of patients classified as Estrogen Receptor positive. 3Q survival indicates the empirical estimate of the 75-th percentile of the distribution of the survival times (in months). Median follow-up (in months) is computed using the reverse Kaplan–Meier estimate to avoid under-estimation due to early deaths ( Schemper and Smith, 1996 ). a Numbers shown are after removal of samples duplicated in the dataset VDX. b Dataset identifiers specified in Haibe-Kains et al. (2012) .

2.4 Summarization of a CSV matrix

In order to rank learning algorithms k = 1, … , K , we summarize each matrix Z k by a single score. We consider following two candidate approaches. The Simple Average of all non-diagonal elements of the Z k matrix : CSV ¯ = ∑ i ∑ i ≠ j Z i , j k I ( I − 1 ) . The Median or more generally a quantile of the non-diagonal entries of Z k . Quantiles offer robustness to outlier values, and the possibility to reduce the influence of those studies that are consistently associated with poor validation scores, both when used for training and validation, and independently of the learning algorithm.

The Simple Average of all non-diagonal elements of the Z k matrix : CSV ¯ = ∑ i ∑ i ≠ j Z i , j k I ( I − 1 ) .

[DISPLAY EQUATION] CSV ¯ = ∑ i ∑ i ≠ j Z i , j k I ( I − 1 ) ."	L132: Figure 2 A shows, for K = 6 algorithms, the distributions of CSV ¯ and CV ¯ , and Figure 2 B shows the distribution of the rankings estimates, across 1000 simulated collections of eight datasets. Table 2 compares the medians of the distributions in Figure 2 B with the true global rankings that we obtained using the criteria in Section 2.4. The rank of method k is 1 if it outperforms the remaining K – 1 training algorithms. We observe large differences in the distributions of CSV ¯ and CV ¯ across simulations ( Fig. 1 A): the average of the CV ¯ scores, under all the algorithms we considered, is close to 0.65, while the CSV ¯ scores are centered at ∼0.55. The variability of CV ¯ and CSV ¯ across simulations, however, is comparable. Fig. 2. Comparison of CSV and CV on simulated data. Each panel represents evaluations of K = 6 algorithms across 1000 simulations of a compendium of I = 8 datasets. For each simulation the diagonal or off-diagonal elements of the Z k matrix of validation C-statistics is summarized by (A) mean and (B) rank of the mean across algorithms. CV estimates tend to be much higher than the CSV estimates. In most of the simulations Lasso is ranked as one of the worst algorithms, both by CV and CSV, while Ridge and Plusminus are ranked among the best prediction methods Table 2. True global rankings and estimates with CV and CSV on simulated data Algorithm Global true ranking CSV (median ranks) CV (median ranks) Criterion Average Medium Average Medium Average Medium Ridge 1 2 2 2 1 2 Plusminus 2 1 2 2 2 2 Superpc 3 3 4 3 4 4 Unicox 4 4 4 4 5 4 CoxBoost 5 5 5 5 3 4 Lasso 6 6 6 6 5 6 Median estimates across 1000 simulations are displayed for CV and CSV; individual columns refer to summarization of the Z i , j k statistics by using the mean or the median as discussed in Section 2.4. We also computed the true global ranking as well as CV and CSV estimates by using the third quartile of the Z i , j k summaries, and obtained results identical to those displayed for the rankings obtained by summarizing validation results through their median. Both CV and CSV tend to rank Ridge regression and Plusminus as best performing algorithms. Variability of CV and CSV rank estimates across simulations is shown in Figure 2 B.	paper/literature/txt/L14.txt:132	contextual	Introduction;Discussion	paper/reusability_report.tex:131	\textbf{b}, Pooled ROC AUC of the best foundation model and the best tree ensemble (solid bars; frozen benchmark) compared with four controls that ignore patient biology: cancer type only, zero pattern only, survival labels shuffled within each cancer (mean of 500 permutations) and a linear model tested on a held-out cancer (mean over held-out cancers).	Add precedent without claimingours external TFMvalidation	supported_text	Pending sentence-level adjudication; source finding is not certification of current wording	ER-positive breast;not raw binaryROC;approx remainsapprox. Exhaustive figure/supplement audit remains pending.
E020	L16	priorlabs2025tabpfn25	10.48550/arXiv.2511.08667	2025	TabPFN-2.5: Advancing the State of the Art in Tabular Foundation Models	TabPFN2.5 capacity and reported subset winrates	Designed50Krows/2Kfeatures;100%smallclassificationwinsvsdefaultXGB;87%largerclassification/85%regression	Benchmark winrates,not clinicalROC	TabPFN-2.5 developer report: designed50Krows/2Kfeatures, exploratory benchmarks100Krows; design capacity NOT CPU1K safeguard. TabArena-Lite<=10K/500features versus all<=100K/2K; classification/regression separate. Tuning60configs versus200baselines; AutoGluon1.4extreme4h. Separate internal<=50K/500features, wide500-2Kfeatures, RealCause causal tasks and43fine-tuning real tables (not synthetic pretraining). Individual benchmark subsets/data cells remain pending where no printed table.	L31:                                               datasets (≤10,000 data points, 500 features) and a 87% win rate on larger datasets up to 100K	paper/literature/txt/L16.txt:31	contextual	Introduction;Methods	paper/reusability_report.tex:53	Later releases extended the supported data size,\citep{priorlabs2025tabpfn25,priorlabs2026tabpfn3} and Google's TabFM applies the same in-context principle with a different architecture and synthetic prior.\citep{google2026tabfm,tabfmsoftware2026} An independent clinical comparison has since found established methods competitive with TabPFN across twelve prediction tasks.\citep{shaktah2026established}	Retain version citation;separate capacity fromCPUguard	supported_text	Pending sentence-level adjudication; source finding is not certification of current wording	L17 retrospective100K versusL16designed50K scopes distinct. Exhaustive figure/supplement audit remains pending.
E021	L16	priorlabs2025tabpfn25	10.48550/arXiv.2511.08667	2025	TabPFN-2.5: Advancing the State of the Art in Tabular Foundation Models	Default,tuned and distilled models not interchangeable	60configsTFM/200baselines;4hAutoGluon1.4ensemble;MLP/TreeEns distillations	Elo/normalisedperformance/time	TabPFN-2.5 developer report: designed50Krows/2Kfeatures, exploratory benchmarks100Krows; design capacity NOT CPU1K safeguard. TabArena-Lite<=10K/500features versus all<=100K/2K; classification/regression separate. Tuning60configs versus200baselines; AutoGluon1.4extreme4h. Separate internal<=50K/500features, wide500-2Kfeatures, RealCause causal tasks and43fine-tuning real tables (not synthetic pretraining). Individual benchmark subsets/data cells remain pending where no printed table.	"L394: based on 60 random configs compared to 200 for the baselines. The vertical dotted line stands for
L460: only based on 60 random configs compared to 200 for the baselines, and that we removed the ""dt-pfn"""	paper/literature/txt/L16.txt:394,460,1864,1988	contextual	Reproducibility;Discussion	paper/reusability_report.tex:70	The margins were small, and with one split per dataset these results confirm the direction of the original finding rather than its size.	Narrow defaultCPUreproduction claim	supported_text	Pending sentence-level adjudication; source finding is not certification of current wording	Our checkpointnot RealTabPFN/distillation/4hAutoML. Exhaustive figure/supplement audit remains pending.
E022	L17	priorlabs2026tabpfn3	10.48550/arXiv.2605.13986	2026	TabPFN-3: Technical Report	Local v3 versus API Thinking claims	1M/200features;13scalingdatasets9class/4reg;Thinking>200Elooverall/420largestsubset;up to20xfasterv2.5	Elo and relative hardware timing	TabPFN-3 developer report v2,28May2026: TabArena51datasets<=100Krows; Medium15datasets/135tasks at10K-100K. Separate13scaling datasets (9classification/4regression) <=1Mtrain/200features,8h tree tuning; many-class synthetic9datasets<=100classes; relational/time-series/tabular-text/causal tasks distinct. Local checkpoint versus API Plus/Thinking distinct; AutoGluon1.5extreme4h elsewhere. Native regimes1M/200,100K/2K,1K/20K, not CPU execution guard.	"L31:                                                models by over 200 Elo on the standard TabArena benchmark, rising to 420 Elo on the largest
L984: tuned and ensembled baselines) by over 420 Elo points, and beats AutoGluon 1.5 extreme (4h) by 220"	paper/literature/txt/L17.txt:31,984	contextual	Introduction;Methods;Discussion	paper/reusability_report.tex:53	Later releases extended the supported data size,\citep{priorlabs2025tabpfn25,priorlabs2026tabpfn3} and Google's TabFM applies the same in-context principle with a different architecture and synthetic prior.\citep{google2026tabfm,tabfmsoftware2026} An independent clinical comparison has since found established methods competitive with TabPFN across twelve prediction tasks.\citep{shaktah2026established}	Do not attribute API Thinking resultstolocalmodel	supported_text	Pending sentence-level adjudication; source finding is not certification of current wording	Developerclaim,differenthardware/budgets. Exhaustive figure/supplement audit remains pending.
E023	L18	hollmann2025accurate	10.1038/s41586-024-08328-6	2025	Accurate predictions on small data with a tabular foundation model	Original effect is a normalised benchmark advantage	Classificationdefault.939vsCatBoost.752(delta.187);tuned.952vs.822(delta.130);regressionnormalisedRMSE.923vs.872default,.968vs.875tuned	Best-worst normalisation;regression orientedhighbetter	"Original TabPFN v2:29classification AMLB/28regression AMLB+OpenML-CTR23,<=10Krows/500features/10classes. Full n/p census visually transcribed below, PDFpp20-21. Ten seeds,90%train/10%test; random-search inner5fold,30s-4h. Eight CPUcores plus RTX2080Ti forTabPFN, othersCPU. AUC/RMSE normalised within dataset, best1/worst0, NOT raw AUC. Five additional Kaggle tasks and auxiliary suites are separate. Source identifies v2, not every evaluated generation.
 Classification dataset:n/features: ada:4147/48; Australian:690/14; blood-transfusion-service-center:748/4; car:1728/6; churn:5000/20; cmc:1473/9; credit-g:1000/20; dna:3186/180; eucalyptus:736/19; first-order-theorem-proving:6118/51; GesturePhaseSegmentationProcessed:9873/32; jasmine:2984/144; kc1:2109/21; kr-vs-kp:3196/36; madeline:3140/259; mfeat-factors:2000/216; ozone-level-8hr:2534/72; pc4:1458/37; philippine:5832/308; phoneme:5404/5; qsar-biodeg:1055/41; Satellite:5100/36; segment:2310/16; steel-plates-fault:1941/27; sylvine:5124/20; vehicle:846/18; wilt:4839/5; wine-quality-white:4898/11; yeast:1484/8.
 Regression dataset:n/features: abalone:4177/8; airfoil_self_noise:1503/5; auction_verification:2043/7; boston:506/13; cars:804/17; colleges:7063/44; concrete_compressive_strength:1030/8; cpu_activity:8192/21; energy_efficiency:768/8; geographical_origin_of_music:1059/116; grid_stability:10000/12; house_prices_nominal:1460/79; kin8nm:8192/8; Mercedes_Benz_Greener_Manufacturing:4209/376; MIP-2016-regression:1090/144; Moneyball:1232/14; pumadyn32nh:8192/32; QSAR_fish_toxicity:908/6; quake:2178/3; SAT11-HAND-runtime-regression:4440/116; sensory:576/11; socmob:1156/5; space_ga:3107/6; student_performance:649/30; tecator:240/124; topo_2_1:8885/266; us_crime:1994/126; yprop_4_1:8885/251.
"	"L461: We quantitatively evaluate TabPFN on two dataset collections: the                                                                                                                passes CatBoost, the strongest default baseline, by 0.187 (0.939 com-
L589: using all samples.                                                                                                                                                        compared with 0.939 for TabPFN (default) and 0.914 for AutoGluon."	paper/literature/txt/L18.txt:461,589	contextual	Reproducibility	paper/reusability_report.tex:70	The central claim reproduced (Fig.~\ref{fig:reproduction}a,b).	Qualifydirectionalreproduction,not .877raw versus .939normalised	supported_text	Pending sentence-level adjudication; source finding is not certification of current wording	Our6vsoriginal29classification;one15%test vs10seeds10%test. Exhaustive figure/supplement audit remains pending.
E024	L18	hollmann2025accurate	10.1038/s41586-024-08328-6	2025	Accurate predictions on small data with a tabular foundation model	Original speed promise has hardware and budget conditions	Classification2.8s/regression4.8saverage versus4hbaselines;5,140x/3,000x reported speedup;>100Msynthetic tasks	Runtime and syntheticpretraining count	"Original TabPFN v2:29classification AMLB/28regression AMLB+OpenML-CTR23,<=10Krows/500features/10classes. Full n/p census visually transcribed below, PDFpp20-21. Ten seeds,90%train/10%test; random-search inner5fold,30s-4h. Eight CPUcores plus RTX2080Ti forTabPFN, othersCPU. AUC/RMSE normalised within dataset, best1/worst0, NOT raw AUC. Five additional Kaggle tasks and auxiliary suites are separate. Source identifies v2, not every evaluated generation.
 Classification dataset:n/features: ada:4147/48; Australian:690/14; blood-transfusion-service-center:748/4; car:1728/6; churn:5000/20; cmc:1473/9; credit-g:1000/20; dna:3186/180; eucalyptus:736/19; first-order-theorem-proving:6118/51; GesturePhaseSegmentationProcessed:9873/32; jasmine:2984/144; kc1:2109/21; kr-vs-kp:3196/36; madeline:3140/259; mfeat-factors:2000/216; ozone-level-8hr:2534/72; pc4:1458/37; philippine:5832/308; phoneme:5404/5; qsar-biodeg:1055/41; Satellite:5100/36; segment:2310/16; steel-plates-fault:1941/27; sylvine:5124/20; vehicle:846/18; wilt:4839/5; wine-quality-white:4898/11; yeast:1484/8.
 Regression dataset:n/features: abalone:4177/8; airfoil_self_noise:1503/5; auction_verification:2043/7; boston:506/13; cars:804/17; colleges:7063/44; concrete_compressive_strength:1030/8; cpu_activity:8192/21; energy_efficiency:768/8; geographical_origin_of_music:1059/116; grid_stability:10000/12; house_prices_nominal:1460/79; kin8nm:8192/8; Mercedes_Benz_Greener_Manufacturing:4209/376; MIP-2016-regression:1090/144; Moneyball:1232/14; pumadyn32nh:8192/32; QSAR_fish_toxicity:908/6; quake:2178/3; SAT11-HAND-runtime-regression:4440/116; sensory:576/11; socmob:1156/5; space_ga:3107/6; student_performance:649/30; tecator:240/124; topo_2_1:8885/266; us_crime:1994/126; yprop_4_1:8885/251.
"	"L32:                                                                 less training time. In 2.8 s, TabPFN outperforms an ensemble of the strongest
L471: LightGBM8), linear models, support vector machines (SVMs)39 and                                                                                                                  of TabPFN, taking 2.8 s on average for classification and 4.8 s for regres-"	paper/literature/txt/L18.txt:32,471,585	contextual	Introduction;Reproducibility;Methods	paper/reusability_report.tex:53	The original study reported that, on small classification and regression datasets, it outperformed tuned gradient-boosting baselines while taking seconds.	Retain secondsclaim with hardware	supported_text	Pending sentence-level adjudication; source finding is not certification of current wording	8CPUcores plus2080Ti;not CPU universal latency. Exhaustive figure/supplement audit remains pending.
E025	L18	hollmann2025accurate	10.1038/s41586-024-08328-6	2025	Accurate predictions on small data with a tabular foundation model	Context attention does not prove nearest-row shortcut mechanism	12layers alternatingfeature/sampleattention;syntheticSCMprior;no task-specific weight fitting	Architecture	"Original TabPFN v2:29classification AMLB/28regression AMLB+OpenML-CTR23,<=10Krows/500features/10classes. Full n/p census visually transcribed below, PDFpp20-21. Ten seeds,90%train/10%test; random-search inner5fold,30s-4h. Eight CPUcores plus RTX2080Ti forTabPFN, othersCPU. AUC/RMSE normalised within dataset, best1/worst0, NOT raw AUC. Five additional Kaggle tasks and auxiliary suites are separate. Source identifies v2, not every evaluated generation.
 Classification dataset:n/features: ada:4147/48; Australian:690/14; blood-transfusion-service-center:748/4; car:1728/6; churn:5000/20; cmc:1473/9; credit-g:1000/20; dna:3186/180; eucalyptus:736/19; first-order-theorem-proving:6118/51; GesturePhaseSegmentationProcessed:9873/32; jasmine:2984/144; kc1:2109/21; kr-vs-kp:3196/36; madeline:3140/259; mfeat-factors:2000/216; ozone-level-8hr:2534/72; pc4:1458/37; philippine:5832/308; phoneme:5404/5; qsar-biodeg:1055/41; Satellite:5100/36; segment:2310/16; steel-plates-fault:1941/27; sylvine:5124/20; vehicle:846/18; wilt:4839/5; wine-quality-white:4898/11; yeast:1484/8.
 Regression dataset:n/features: abalone:4177/8; airfoil_self_noise:1503/5; auction_verification:2043/7; boston:506/13; cars:804/17; colleges:7063/44; concrete_compressive_strength:1030/8; cpu_activity:8192/21; energy_efficiency:768/8; geographical_origin_of_music:1059/116; grid_stability:10000/12; house_prices_nominal:1460/79; kin8nm:8192/8; Mercedes_Benz_Greener_Manufacturing:4209/376; MIP-2016-regression:1090/144; Moneyball:1232/14; pumadyn32nh:8192/32; QSAR_fish_toxicity:908/6; quake:2178/3; SAT11-HAND-runtime-regression:4440/116; sensory:576/11; socmob:1156/5; space_ga:3107/6; student_performance:649/30; tecator:240/124; topo_2_1:8885/266; us_crime:1994/126; yprop_4_1:8885/251.
"	"L99:                  x1            x2          y                    1D feature attention                   1D sample attention              MLP        to a piece-wise constant
L814: study.                                                                      attention, our inter-sample attention does not allow the test samples"	paper/literature/txt/L18.txt:99,814,827,832	methodological	Discussion	paper/reusability_report.tex:164	In-context prediction conditions on the training rows most similar to each test patient.	Qualify nearest-row/cohort-mean hypothesis explicitly	supported_text	Pending sentence-level adjudication; source finding is not certification of current wording	No measuredattention or causalablation inours. Exhaustive figure/supplement audit remains pending.
E026	L19	qu2025tabicl	NA	2025	TabICL: A Tabular Foundation Model for In-Context Learning on Large Data	Scalability rankings depend on subset	171<=10classes;116<=10K/53>10K;12>10classes separate;1.5xsmall/3-10xlargespeedup claims	Accuracy/AUC/logloss andGPUtime	TALENT200classificationdatasets120binary/80multiclass; main evaluation excludes15TabPFNv2developmentdatasets. Main<=10class subset171:112binary/59multiclass;116small<=10K,53large>10K; separate12>10class. Up to500Krows/500features inference, synthetic pretrain60K. Fixed benchmark splits; ICL train-only while other models usevalidation;32estimator ensemble;accuracy/AUC/logloss/ranks. All per-dataset n/p not reproduced in report, benchmark metadata needed.	"L502: 171 datasets with at most 10 classes, since these can be
L1712: ensemble sizes over no ensembling across 171 datasets with at most 10 classes."	paper/literature/txt/L19.txt:502,1712	contextual	Introduction;Discussion	paper/reusability_report.tex:53	Later releases extended the supported data size,\citep{priorlabs2025tabpfn25,priorlabs2026tabpfn3} and Google's TabFM applies the same in-context principle with a different architecture and synthetic prior.\citep{google2026tabfm,tabfmsoftware2026} An independent clinical comparison has since found established methods competitive with TabPFN across twelve prediction tasks.\citep{shaktah2026established}	Optional backgroundonly;not evaluatedarm	supported_text	Pending sentence-level adjudication; source finding is not certification of current wording	200-corpusnot171main-subset;15developmentexcluded. Exhaustive figure/supplement audit remains pending.
E027	L20	erickson2025tabarena	10.48550/arXiv.2506.16791	2025	TabArena: A Living Benchmark for Machine Learning on Tabular Data	Validation,tuning and ensembles change comparative claims	51of1,053;16models;~25Minstances;33TFMv2-compatible	Elo/normalisedscore;archivev0.1	"Archived TabArena-v0.1 Nov2025:1,053candidates->51datasets,16models,~25million instances. Every dataset N/d/C in TableB.2 below (full N,not train n; preserve printed feature-count convention). TabPFNv2-compatible33<=10Ktrain/500features/10classes; TabICLclassification subset differs. Default/tuned/tuned+ensemble; validation design varies;4hAutoGluon1.3reference. Archived version, not today's leaderboard. TabICL-compatible36classification datasets <=100K/500features. CPUAWSM6i.2xlarge8cores;GPUL40S48GB/8AMDEPYCcores;32GBRAM/100GBdisk each run.
SOURCE TABLE EXTRACTS (original layout; inspect ambiguous column alignment before use):
Original text lines2492-2556:
         excluded them. To be consistent, we also excluded datasets consisting of features from
         image data for which we were not able to assess whether the tasks are outdated. Features
         extracted from image data are not an exclusion criterion for datasets in TabArena, as long
         as they represent a meaningful task and tabular models are a reasonable approach to solve
         those tasks.
       • The huge amount of tiny (fewer than 500 training samples) datasets is likely an artifact of a
         time when data collection was done at a much smaller scale than nowadays. Only four of
         the 142 tiny datasets for which we found a publication date were published later than 2010.
         Moreover, many of the tiny datasets seem to have originated in educational content, such as
         books or toy examples in tutorials.
       • Several datasets used in previous benchmarking studies were originally introduced as part
         of a series of AutoML Challenges. Datasets in these challenges were often released (and
         shared) with obscured, non-meaningful names. Most of the datasets are ablated versions
         of other datasets, and therefore have led to unintended duplicates in existing benchmarks.
         Furthermore, many of those datasets were from other domains, like images or text.
       • Of the 254 datasets with alternative versions listed in Figure 2, most are from the PMLB
         benchmark [47] and represent differently parameterized versions of artificially created
         datasets: 118 are Feynman equations and 62 are Friedman data generation functions.
       • Throughout the benchmarks, inconsistent versions of the same datasets were used: tasks
         were binarized, features were removed, and sometimes even targets were changed. This can
         be partially attributed to the misleading versioning system of OpenML. Subsequent versions
         of the same datasets correspond to a different upload with the same name, not necessarily
         an improved version of the same datasets. Therefore, some studies reused the alternative
         versions of the dataset uploaded under the same name for specific studies. In gathering the
         datasets, we disregarded which version of a dataset was used and solely focused on names.
         Therefore, some alternative versions were already filtered for the set of 1053 datasets with
         unique names. In our benchmark, we always searched for the raw version and used the
         dataset with minimal preprocessing.
       • After applying all other criteria, only 51 datasets were found to satisfy the IID criterion,
         while 68 did not. This underscores the findings of Rubachev et al. [10] that all previous
         benchmarks used random splits inappropriately. TabArena aims to end this malpractice.
       • A large number of datasets are tabular but were not intended to be used for predictive tasks.
         Most of these datasets were filtered due to being ’scientific discovery’ tasks, some due to
         quality issues. In general, some of these datasets might still be useful for benchmarking
         if they represent realistic distributions and target functions. However, most of the datasets


                                                    39

Table B.2: Datasets included in TabArena-v0.1. ’Dataset (Task) ID’ represents the OpenML dataset
and task IDs, ’name’ the dataset name, and Ref. the reference corresponding to the dataset. ’N’
represents the no. of samples, ’d’ the no. of features, ’C’ the no. of classes (- for regression tasks),
and ’% cat’ represents the percentage of features that are categorical. ’Subset’ indicates whether the
dataset has been used for the sub-benchmarks focusing on TabPFNv2 (left) and TabICL (right).
 Dataset (Task) ID   Name                                    Ref.         N        d      C   % cat   Subset
 46913 (363621)      blood-transfusion-service-center        [65]         748      5      2   20.0    ✓| ✓
 46921 (363629)      diabetes                                [66]         768      9      2   11.11   ✓| ✓
 46906 (363614)      anneal                                  [67]         898      39     5   84.62   ✓| ✓
 46954 (363698)      QSAR_fish_toxicity                      [68]         907      7      -   0.0     ✓| ✗
 46918 (363626)      credit-g                                [69]         1000     21     2   66.67   ✓| ✓
 46941 (363685)      maternal_health_risk                    [70]         1014     7      3   14.29   ✓| ✓
 46917 (363625)      concrete_compressive_strength           [71]         1030     9      -   0.0     ✓| ✗
 46952 (363696)      qsar-biodeg                             [72]         1054     42     2   14.29   ✓| ✓
 46931 (363675)      healthcare_insurance_expenses           [73]         1338     7      -   42.86   ✓| ✗
 46963 (363707)      website_phishing                        [74]         1353     10     3   100.0   ✓| ✓
 46927 (363671)      Fitness_Club                            [75]         1500     7      2   57.14   ✓| ✓
 46904 (363612)      airfoil_self_noise                      [76]         1503     6      -   16.67   ✓| ✗
 46907 (363615)      Another-Dataset-on-used-Fiat-500        [77]         1538     8      -   12.5    ✓| ✗
 46980 (363711)      MIC                                     [78]         1699     112    8   84.82   ✓| ✓
 46938 (363682)      Is-this-a-good-customer                 [79]         1723     14     2   64.29   ✓| ✓
 46940 (363684)      Marketing_Campaign                      [80]         2240     26     2   34.62   ✓| ✓
 46930 (363674)      hazelnut-spread-contaminant-detection   [81]         2400     31     2   3.23    ✓| ✓
 46956 (363700)      seismic-bumps                           [82]         2584     16     2   25.0    ✓| ✓
 46958 (363702)      splice                                  [83]         3190     61     3   100.0   ✓| ✓
 46912 (363620)      Bioresponse                             [84]         3751     1777   2   0.06    ✗| ✗"	L420: For TabPFNv2, we obtain 33 datasets (≤ 10K training samples, ≤ 500 features). For TabICL, we	paper/literature/txt/L20.txt:420	contextual	Reproducibility;Discussion	paper/reusability_report.tex:100	No two of the ten nonlinear models differed by more than the Nemenyi critical difference of 4.19 ranks.\citep{demsar2006statistical} In this setting TabPFN is reusable: it installs and runs without tuning and is at least as good as tuned tree ensembles.	Do not callourdefault trees tuned;explain limitedbudget	supported_text	Pending sentence-level adjudication; source finding is not certification of current wording	Not equivalence evidence;fullNnottrainN. Exhaustive figure/supplement audit remains pending.
E028	L21	grinsztajn2022tree	NA	2022	Why do tree-based models still outperform deep learning on typical tabular data?	Classical-tree benchmark excludes p>>n regime	45datasets;traincap10K/large50K;d/n<.1;~400HPO/15shuffles	Testaccuracy/R2normalised	"45reference datasets; overlapping numerical classification15/regression18 and categorical classification7/regression14 panels. AppendixA.1 census below. Mediumtraincap10K;large50K;d/n<.1;dropmissing;balance top2classes;remove high-cardinality categorical features. ~400HPOiterations/model/dataset,15search-order shuffles,20,000compute-hours;CPUtrees/GPUneural. Predates modern TFMs, not high-dimensional p>>n omics.
SOURCE TABLE EXTRACTS (original layout; inspect ambiguous column alignment before use):
Original text lines640-729:
We describe below all datasets used in our benchmarks, along with the link to the origi-
nal dataset, as well as a new OpenML link to the transformed datasets used for our bench-
marks. All datasets considered for the benchmarks, as well as the reason for their selec-
tion or their exclusion, are available at this link: https://docs.google.com/spreadsheets/
d/1Mgh27upycFcd3B6uA7YJyB9Pd4Y3UuY1gBfI02EZUGM/edit?usp=sharing. Instructions on
how to use these datasets to benchmark your own algorithms are available at A.7.


A.1.1      Numerical classification

OpenML benchmark: https://www.openml.org/search?type=benchmark&study_type=
task&sort=tasks_included&id=298
 dataset_name              n_samples   n_features   original link                                                               new link

 electricity               38474       7            https://openml.org/d/151                                                    https://www.openml.org/d/44120
 covertype                 566602      10           https://openml.org/d/293                                                    https://www.openml.org/d/44121
 pol                       10082       26           https://openml.org/d/722                                                    https://www.openml.org/d/44122
 house_16H                 13488       16           https://openml.org/d/821                                                    https://www.openml.org/d/44123
 kdd_ipums_la_97-small     5188        20           https://openml.org/d/993                                                    https://www.openml.org/d/44124
 MagicTelescope            13376       10           https://openml.org/d/1120                                                   https://www.openml.org/d/44125
 bank-marketing            10578       7            https://openml.org/d/1461                                                   https://www.openml.org/d/44126
 phoneme                   3172        5            https://openml.org/d/1489                                                   https://www.openml.org/d/44127
 MiniBooNE                 72998       50           https://openml.org/d/41150                                                  https://www.openml.org/d/44128
 Higgs                     940160      24           https://openml.org/d/42769                                                  https://www.openml.org/d/44129
 eye_movements             7608        20           https://openml.org/d/1044                                                   https://www.openml.org/d/44130
 jannis                    57580       54           https://openml.org/d/41168                                                  https://www.openml.org/d/44131
 credit                    16714       10           https://www.kaggle.com/c/GiveMeSomeCredit/data?select=cs-training.csv       https://www.openml.org/d/44089
 california                20634       8            https://www.dcc.fc.up.pt/ ltorgo/Regression/cal_housing.html                https://www.openml.org/d/44090
 wine                      2554        11           https://archive.ics.uci.edu/ml/datasets/wine+quality                        https://www.openml.org/d/44091

Note that we noticed a bit late that the number of samples in the transformed wine dataset was just
below our threshold, and decided to keep it.


A.1.2      Numerical regression

OpenML benchmark: https://www.openml.org/search?type=benchmark&study_type=
task&sort=tasks_included&id=297
 dataset_name              n_samples   n_features   original link                                                                      new link

 cpu_act                   8192        21           https://openml.org/d/197                                                           https://www.openml.org/d/44132
 pol                       15000       26           https://openml.org/d/201                                                           https://www.openml.org/d/44133
 elevators                 16599       16           https://openml.org/d/216                                                           https://www.openml.org/d/44134
 isolet                    7797        613          https://openml.org/d/300                                                           https://www.openml.org/d/44135
 wine_quality              6497        11           https://openml.org/d/287                                                           https://www.openml.org/d/44136
 Ailerons                  13750       33           https://openml.org/d/296                                                           https://www.openml.org/d/44137
 houses                    20640       8            https://openml.org/d/537                                                           https://www.openml.org/d/44138
 house_16H                 22784       16           https://openml.org/d/574                                                           https://www.openml.org/d/44139
 diamonds                  53940       6            https://openml.org/d/42225                                                         https://www.openml.org/d/44140
 Brazilian_houses          10692       8            https://openml.org/d/42688                                                         https://www.openml.org/d/44141
 Bike_Sharing_Demand       17379       6            https://openml.org/d/42712                                                         https://www.openml.org/d/44142
 nyc-taxi-green-dec-2016   581835      9            https://openml.org/d/42729                                                         https://www.openml.org/d/44143
 house_sales               21613       15           https://openml.org/d/42731                                                         https://www.openml.org/d/44144
 sulfur                    10081       6            https://openml.org/d/23515                                                         https://www.openml.org/d/44145
 medical_charges           163065      5            https://openml.org/d/42720                                                         https://www.openml.org/d/44146
 MiamiHousing2016          13932       14           https://openml.org/d/43093                                                         https://www.openml.org/d/44147
 superconduct              21263       79           https://openml.org/d/43174                                                         https://www.openml.org/d/44148
 california                20640       8            https://www.dcc.fc.up.pt/ ltorgo/Regression/cal_housing.html                       https://www.openml.org/d/44025
 fifa                      18063       5            https://www.kaggle.com/datasets/stefanoleone992/fifa-22-complete-player-dataset    https://www.openml.org/d/44026
 year                      515345      90           https://archive.ics.uci.edu/ml/datasets/yearpredictionmsd                          https://www.openml.org/d/44027




A.1.3      Categorical classification

OpenML benchmark: https://www.openml.org/search?type=benchmark&sort=date&
study_type=task&id=300


                                                                    13

 dataset_name           n_samples      n_features        Original link                                                                    New link

 electricity            38474          8                 https://openml.org/d/151                                                         https://www.openml.org/d/44156
 eye_movements          7608           23                https://openml.org/d/1044                                                        https://www.openml.org/d/44157
 KDDCup09_upselling     5032           45                https://openml.org/d/1114                                                        https://www.openml.org/d/44158
 covertype              423680         54                https://openml.org/d/1596                                                        https://www.openml.org/d/44159
 rl                     4970           12                https://openml.org/d/41160                                                       https://www.openml.org/d/44160
 road-safety            111762         32                https://openml.org/d/42803                                                       https://www.openml.org/d/44161
 compass                16644          17                https://www.kaggle.com/datasets/danofer/compass?select=cox-violent-parsed.csv    https://www.openml.org/d/44162



A.1.4     Categorical regression
OpenML benchmark: https://www.openml.org/search?type=benchmark&study_type=
task&sort=tasks_included&id=299
 dataset_name                               n_features      n_samples     Original link                  New link

 yprop_4_1                                  62              8885          https://openml.org/d/416       https://www.openml.org/d/44054"	L144: Not high dimensional. We only keep datasets with a d/n ratio below 1/10.	paper/literature/txt/L21.txt:144	contextual	Introduction	paper/reusability_report.tex:77	\caption{\textbf{TabPFN reproduces on its own benchmark data.} \textbf{a}, TabPFN against six baselines: test ROC AUC of TabPFN (open circle) and of tree ensembles, AutoGluon and logistic regression (filled points) on six benchmark datasets.	Retain classical benchmarkwithregimequalification	supported_text	Pending sentence-level adjudication; source finding is not certification of current wording	Balancedlowdimensional data;predatesmodernTFMs. Exhaustive figure/supplement audit remains pending.
E029	L22	breiman2001random	10.1023/A:1010933404324	2001	Random Forests	RF ensemble randomisation	13small+3largereal+4synthetic;randompernodefeatureselection	OOB/generalisation error theory	"RF original13small UCI+3large real+4synthetic datasets; every train/test/input/class count Table1 below; small fixedtest n not given. Feature randomisation pernode/ensemble voting; OOB, strength/correlation theory. Algorithm citation, not our sklearn settings or evidence trees immune to shortcuts.
SOURCE TABLE EXTRACTS (original layout; inspect ambiguous column alignment before use):
Original text lines402-429:
My experiments use 13 smaller sized data sets from the UCI repository, 3 larger
sets separated into training and test sets and 4 synthetic data sets. The first 10 sets
were selected because I had used them in past research. Table 1 gives a brief
summary.




                     Table 1 Data Set Summary

       Data Set         Train Size       Test Size    Inputs       Classes

       glass                214               --         9              6
       breast cancer        699               --         9             2
       diabetes             768               --         8             2
       sonar                208               --        60             2
       vowel                990               --        10             11
       ionosphere           351               --        34              2
       vehicle              846               --        18              4
       soybean              685               --        35             19
       German credit      1000       `        --        24               2
       image               2310               --        19              7
       ecoli                336               --         7              8
       votes                435               --        16              2
       liver                345               --         6               2

       letters            15000            5000         16             26
       sat-images          4435            2000         36              6"	"L37: random selection of features to split each node yields
L104: Section 3 introduces forests using the random selection of features at each node"	paper/literature/txt/L22.txt:37,104	methodological	Methods;Discussion	paper/reusability_report.tex:164	Tree ensembles split greedily on individual features and average across random feature subsets, which may make them less able to collapse onto a single latent variable.	Restrict RFdescription toRF,notallboosters	supported_text	Pending sentence-level adjudication; source finding is not certification of current wording	No evidence RFcausallyimmune tocohortshortcuts. Exhaustive figure/supplement audit remains pending.
E030	L23	chen2016xgboost	10.1145/2939672.2939785	2016	XGBoost: A Scalable Tree Boosting System	Scalable regularised boosting	Higgs1M500trees:XGB AUC.8304/secpertree.6841;sklearn.8302/28.51;YahooNDCG.7892/secpertree.826	AUCversusNDCG;per-tree time	"Allstate10Mtrain/4,227features;Higgs10Mtrain/28features;YahooLTRC473K/700features officialsplit;Criteo1.7Bprocessedtrain/67features. Separate Higgs-1M500trees,Allstate-size subsets,distributed/out-of-core experiments. Depth8/shrinkage.1 unless specified;binaryAUC/rankingNDCG@10;Table2-4 below. Different hardware/version/budgets from ours.
SOURCE TABLE EXTRACTS (original layout; inspect ambiguous column alignment before use):
Original text lines575-587:
                                                                   5
this topic in a principled way. The algorithm proposed in            https://github.com/dmlc/xgboost
                                                                   6
this paper is the first unified approach to handle all kinds of      https://github.com/dmlc/rabit
                                                                   7
sparsity patterns.                                                   https://tianchi.aliyun.com

        Table 2: Dataset used in the Experiments.                  Table 3: Comparison of Exact Greedy Methods with
    Dataset         n      m    Task                               500 trees on Higgs-1M data.
    Allstate      10 M 4227 Insurance claim classification          Method                  Time per Tree (sec) Test AUC
    Higgs Boson   10 M     28   Event classification                XGBoost                       0.6841         0.8304
    Yahoo LTRC 473K       700   Learning to Rank                    XGBoost (colsample=0.5)       0.6401         0.8245
    Criteo        1.7 B    67   Click through rate prediction       scikit-learn                   28.51         0.8302
Original text lines610-619:
impact of sparsity-aware algorithm in Sec. 3.4. Most of the                                                     Number of Threads
sparse features in this data come from one-hot encoding. We
                                                                   Figure 10: Comparison between XGBoost and pG-
randomly select 10M instances as training set and use the
                                                                   BRT on Yahoo LTRC dataset.
rest as evaluation set.
   The second dataset is the Higgs boson dataset9 from high        Table 4: Comparison of Learning to Rank with 500
energy physics. The data was produced using Monte Carlo            trees on Yahoo! LTRC Dataset
simulations of physics events. It contains 21 kinematic prop-       Method                  Time per Tree (sec) NDCG@10
erties measured by the particle detectors in the accelerator.       XGBoost                       0.826          0.7892"	L585:     Higgs Boson   10 M     28   Event classification                XGBoost                       0.6841         0.8304	paper/literature/txt/L23.txt:585	methodological	Methods	paper/reusability_report.tex:51	Random forests, XGBoost, LightGBM, CatBoost and AutoML systems built on them handle mixed feature scales, missing values and nonlinear interactions with little tuning, and careful benchmarks have repeatedly found that deep networks struggle to beat them on medium-sized tabular data.\citep{breiman2001random,chen2016xgboost,ke2017lightgbm,prokhorenkova2018catboost,erickson2020autogluon,grinsztajn2022tree}	Retain algorithm only,notclinical effectiveness	supported_text	Pending sentence-level adjudication; source finding is not certification of current wording	Physics/ranking/clicks differentpredictors/populations. Exhaustive figure/supplement audit remains pending.
E031	L24	ke2017lightgbm	NA	2017	LightGBM: A Highly Efficient Gradient Boosting Decision Tree	GOSS/EFB reduce boosting costs	LightGBM sec/iterationAllstate.28,Flight.22,LETOR.31,KDD102.85,KDD1212.67;AUC.6093/.7846/.78732/.7051;LETORNDCG.5275	Per-iteration time;Table3uncertaintyneedsdefinition	"Allstate12M/4,228features;FlightDelay10M/700;LETOR2M/136;KDD1019M/29Mfeatures;KDD12119M/54Mfeatures. BinaryAUC exceptLETORNDCG@10. GOSS/EFB. Table2seconds PER ITERATION,not totalfit;Table3+-uncertainty type needs Methods confirmation, not assumed95%CI. Sparse feature dimensionality, not patients.
SOURCE TABLE EXTRACTS (original layout; inspect ambiguous column alignment before use):
Original text lines407-433:
LightGBM, we used the leaf-wise tree growth strategy [32]. For xgb_exa, since it only supports
layer-wise growth strategy, we tuned the parameters for xgb_exa to let it grow similar trees like other


                                                    6

                                        Table 1: Datasets used in the experiments.
                Name              #data     #f eature         Description                                    Task                        Metric
                Allstate          12 M        4228            Sparse                                         Binary classification       AUC
                Flight Delay      10 M         700            Sparse                                         Binary classification       AUC
                LETOR               2M         136            Dense                                          Ranking                     NDCG [4]
                KDD10              19M        29M             Sparse                                         Binary classification       AUC
                KDD12             119M        54M             Sparse                                         Binary classification       AUC

Table 2: Overall training time cost comparison. LightGBM is lgb_baseline with GOSS and EFB.
EFB_only is lgb_baseline with EFB. The values in the table are the average time cost (seconds) for
training one iteration.
                                      xgb_exa      xgb_his        lgb_baseline                                    EFB_only     LightGBM
                     Allstate           10.85       2.63              6.07                                           0.71         0.28
                     Flight Delay        5.94       1.05              1.39                                           0.27         0.22
                     LETOR               5.55       0.63              0.49                                           0.46         0.31
                     KDD10             108.27       OOM               39.85                                          6.33         2.85
                     KDD12             191.99       OOM              168.26                                         20.23         12.67

Table 3: Overall accuracy comparison on test datasets. Use AUC for classification task and
NDCG@10 for ranking task. SGB is lgb_baseline with Stochastic Gradient Boosting, and its
sampling ratio is the same as LightGBM."	L438:                  KDD10             0.7796     OOM            0.78735                                         0.7759 ± 3e-4     0.78732 ± 1e-4	paper/literature/txt/L24.txt:438	methodological	Methods	paper/reusability_report.tex:51	Random forests, XGBoost, LightGBM, CatBoost and AutoML systems built on them handle mixed feature scales, missing values and nonlinear interactions with little tuning, and careful benchmarks have repeatedly found that deep networks struggle to beat them on medium-sized tabular data.\citep{breiman2001random,chen2016xgboost,ke2017lightgbm,prokhorenkova2018catboost,erickson2020autogluon,grinsztajn2022tree}	Retain algorithm citation	supported_text	Pending sentence-level adjudication; source finding is not certification of current wording	Sparsemillionsfeaturesnot our100featuredata. Exhaustive figure/supplement audit remains pending.
E032	L25	prokhorenkova2018catboost	NA	2018	CatBoost: unbiased boosting with categorical features	Ordered statistics address internal prediction shift	CatBoostTable2logloss/error:Adult.270/.127;Amazon.139/.044;Click.392/.156;Epsilon.265/.109;Appetency.072/.018;Churn.232/.072;Internet.209/.094;Upselling.166/.049;Kick.286/.095	Logloss/error,notAUC	"Ninebinarytasks:Adult,Amazon,Click,Epsilon,Appetency,Churn,Internet,Upselling,Kick;80%train+tuning/20%test;all learners ordered targetstatistics. Ordered/Plain distinct. Logloss/zero-oneerror,notAUC;Table2 below. Per-task n/p supplementarySectionD pending;NR in mainTable2. Paper settings do not verify our default boosting mode.
SOURCE TABLE EXTRACTS (original layout; inspect ambiguous column alignment before use):
Original text lines491-510:
 0.01
measured by the paired one-tailed t-test.
To demonstrate that our implementation of plain boosting is an appropriate baseline for our research,
we show that a raw setting of CatBoost provides state-of-the-art quality. Particularly, we take a
setting of CatBoost, which is close to classical GBDT [12], and compare it with the baseline boosting
implementations in Section G of the supplementary material. Experiments show that this raw setting
differs from the baselines insignificantly.

Table 2: Comparison with baselines: logloss /                    Table 3: Plain boosting mode: logloss, zero-
zero-one loss (relative increase for baselines).                 one loss and their change relative to Ordered
                                                                 boosting mode.

                 CatBoost        LightGBM         XGBoost                           Logloss       Zero-one loss
    Adult       0.270 / 0.127   +2.4% / +1.9%   +2.2% / +1.0%        Adult       0.272 (+1.1%)     0.127 (-0.1%)
    Amazon      0.139 / 0.044   +17% / +21%      +17% / +21%         Amazon       0.139 (-0.6%)    0.044 (-1.5%)
    Click       0.392 / 0.156   +1.2% / +1.2%   +1.2% / +1.2%        Click       0.392 (-0.05%)   0.156 (+0.19%)
    Epsilon     0.265 / 0.109   +1.5% / +4.1%    +11% / +12%         Epsilon     0.266 (+0.6%)    0.110 (+0.9%)
    Appetency   0.072 / 0.018   +0.4% / +0.2%   +0.4% / +0.7%        Appetency   0.072 (+0.5%)    0.018 (+1.5%)
    Churn       0.232 / 0.072   +0.1% / +0.6%   +0.5% / +1.6%        Churn       0.232 (-0.06%)   0.072 (-0.17%)
    Internet    0.209 / 0.094   +6.8% / +8.6%   +7.9% / +8.0%        Internet    0.217 (+3.9%)     0.099 (+5.4%)"	"L215: Ordered TS CatBoost uses a more effective strategy. It relies on the ordering principle, the
L221: example and Dk = D for a test one. The obtained ordered TS satisfies the requirement P1 and allows"	paper/literature/txt/L25.txt:215,221,231,343,408	methodological	Methods	paper/reusability_report.tex:51	Random forests, XGBoost, LightGBM, CatBoost and AutoML systems built on them handle mixed feature scales, missing values and nonlinear interactions with little tuning, and careful benchmarks have repeatedly found that deep networks struggle to beat them on medium-sized tabular data.\citep{breiman2001random,chen2016xgboost,ke2017lightgbm,prokhorenkova2018catboost,erickson2020autogluon,grinsztajn2022tree}	Distinguish internal targetleakage from outerfeatureselection	supported_text	Pending sentence-level adjudication; source finding is not certification of current wording	Orderedpaper mode maydifferfromourdefaultPlain. Exhaustive figure/supplement audit remains pending.
E033	L26	erickson2020autogluon	10.48550/arXiv.2003.06505	2020	AutoGluon-Tabular: Robust and Accurate AutoML for Structured Data	AutoML architecture and timebudget	39+11tasks;1h/4h/8h;primarybest23/39;99.3%Kagglecompetitors oneexample	1-AUC/logloss/competitionmetrics	"AutoML39datasets+11Kaggle=50tasks;1h/4h primary and8hKaggle. Tenfold framework versus first-fold comparisons distinguished (expensiveGCP onlyfirstfold); Kaggleprivateleaderboard excepthousepricespublic. All11Kaggle n/p/metrics TableS1below;39dataset individual sizes need benchmarkmetadata. CPUAWSm5.2xlarge primary,largeKagglem5.24xlarge384GiB/96vCPU. Our180second modernpreset NOT original4hensemble.
SOURCE TABLE EXTRACTS (original layout; inspect ambiguous column alignment before use):
Original text lines442-469:
    Code to reproduce our benchmarks is available at:                 within the given time limit. While AutoGluon does support
github.com/Innixma/autogluon-benchmarking                             various hyperparameter optimization strategies, we do not

                                AutoGluon-Tabular: Robust and Accurate AutoML for Structured Data


Table 2. Comparing each AutoML framework against AutoGluon on the 39 AutoML Benchmark datasets (with 4h training time). Listed
are the number of datasets where each framework produced: better predictions than AutoGluon (Wins), worse predictions (Losses), a
system failure during training (Failures), or more accurate predictions than all of the other 5 frameworks (Champion). The latter 3 columns
show the average: rank of the framework (among the 6 AutoML frameworks applied to each dataset), (rescaled) loss on the test data, and
actual training time. Averages are computed over only the subset of datasets/folds where all methods ran successfully. To ensure averaging
over datasets remains meaningful, we rescale the loss values for each dataset such that they span r0, 1s among our AutoML frameworks.

        Framework         Wins      Losses    Failures     Champion     Avg. Rank      Avg. Rescaled Loss       Avg. Time (min)
        AutoGluon           -         -          1            23           1.8438             0.1385                    201
        H2O AutoML          4        26          8             2           3.1250             0.2447                    220
        TPOT                6        27          5             5           3.3750             0.2034                    235
        GCP-Tables          5        20         14             4           3.7500             0.3336                    195
        auto-sklearn        6        27         6              3           3.8125             0.3197                    240
        Auto-WEKA           4        28          6             1           5.0938             0.8001                    244

Table 3. Comparing each AutoML framework against AutoGluon on the 11 Kaggle competitions (under 4h time limit). Columns are
defined as in Table 2. Instead of loss, we report the percentile rank, i.e. the proportion of teams beaten by AutoML on the competition
leaderboard (higher is better). Averages are computed only over the subset of 7 competitions where all methods ran successfully.

          Framework         Wins     Losses     Failures    Champion       Avg. Rank      Avg. Percentile      Avg. Time (min)
          AutoGluon             -       -            0             7         1.7143           0.7041                202
          GCP-Tables            3       7            1             3         2.2857           0.6281                222
Original text lines755-778:
ual transformations to be formatted as a single table, without a clear canonical recipe to construct such a table
(kdd-cup-2014-predicting-excitement-at-donors-choose).
The remaining benchmark data were selected by optimizing for a mix of regression and binary/multiclass classification tasks
with IID data (i.e. without temporal dependence), while favoring competitions that were either more recent (indicating more
timely applications) or had a large number of teams competing (indicating more prominent applications). Here, we chose to
                                                               1

                             AutoGluon-Tabular: Robust and Accurate AutoML for Structured Data


Table S1. Summary of the 11 Kaggle competitions used in our benchmark, including: the date of each competition, around how many
teams participated, and the number of rows/columns in the provided training data. The metrics used to evaluate predictive performance in
each competition include: root mean squared logarithmic error (RMSLE), coefficient of determination (R2 ), mean absolute error (MAE),
logarithmic loss (log-loss), area under the Receiver Operating Characteristic curve (AUC), and normalized Gini index (Gini).

     Competition                                           Task           Metric       Year       Teams      Rows        Colums
     house-prices-advanced-regression-techniques           regression     RMSLE        current    5100       1460        80
     mercedes-benz-greener-manufacturing                   regression     R2           2017       3800       4209        377
     santander-value-prediction-challenge                  regression     RMSLE        2019       4500       4459        4992
     allstate-claims-severity                              regression     MAE          2017       3000       1.8E+5      131
     bnp-paribas-cardif-claims-management                  binary         log-loss     2016       2900       1.1E+5      132
     santander-customer-transaction-prediction             binary         AUC          2019       8800       2.2E+5      201
     santander-customer-satisfaction                       binary         AUC          2016       5100       7.6E+4      370
     porto-seguro-safe-driver-prediction                   binary         Gini         2018       5200       6.0E+5      58"	L505: tently. On over half of the datasets in each benchmark (23/39           marks), AutoGluon was able to produce even more accurate	paper/literature/txt/L26.txt:505	contextual	Introduction;Methods;Discussion	paper/reusability_report.tex:51	Random forests, XGBoost, LightGBM, CatBoost and AutoML systems built on them handle mixed feature scales, missing values and nonlinear interactions with little tuning, and careful benchmarks have repeatedly found that deep networks struggle to beat them on medium-sized tabular data.\citep{breiman2001random,chen2016xgboost,ke2017lightgbm,prokhorenkova2018catboost,erickson2020autogluon,grinsztajn2022tree}	Cite architecture;describeour180sec presetfromconfig	supported_text	Pending sentence-level adjudication; source finding is not certification of current wording	2020paper notfullmodernrelease docs;privatecompetitionnotours. Exhaustive figure/supplement audit remains pending.
E034	L27	google2026tabfm	NA	2026	Introducing TabFM: A zero-shot foundation model for tabular data	TabFM hybrid synthetic ICL	HundredsofmillionsSCMtables;row/columnattention->compression->ICL;38classification+13regression,n700-150K	Developer architecture/benchmarkannouncement	Official Google announcement, not peer-reviewed technical report. Synthetic SCMpretrain hundreds ofmillions tables;row/columnattention,rowcompression,ICL. TabArena38classification+13regression,n700-150K. Developer claims not independent cancer validation. Archive2026-10-02 differs from evaluated commit.	L140: Row compression: Following this contextualization, the rich, cross-attended information for each individual row is compressed into a single, dense vector representation.	paper/literature/official/L27_tabfm_google_blog.txt:140	methodological	Introduction;Methods;Discussion	paper/reusability_report.tex:53	Later releases extended the supported data size,\citep{priorlabs2025tabpfn25,priorlabs2026tabpfn3} and Google's TabFM applies the same in-context principle with a different architecture and synthetic prior.\citep{google2026tabfm,tabfmsoftware2026} An independent clinical comparison has since found established methods competitive with TabPFN across twelve prediction tasks.\citep{shaktah2026established}	Retain official source,not fabricated technicalreport	supported_text	Pending sentence-level adjudication; source finding is not certification of current wording	Cannot establish observed harmmechanism;numericchartsnotfullyaudited. Exhaustive figure/supplement audit remains pending.
E035	L28	tabfmsoftware2026	NA	2026	TabFM: A Foundation Model for Tabular Data	Software source and weight license differ	Python>=3.11,JAX/PyTorch;codeApache2.0;weightsnoncommercial/nonproduction	Version/licensing as archived	OfficialREADME archived2026-10-02;v1.0.0,JAX/PyTorch,Python>=3.11;codeApache2.0,weights noncommercial/nonproduction. Mainbranch snapshot not exact evaluated commit. Four training rows in tutorial are toydata, not experimental evidence.	L53: ## License notice for pretrained weights	paper/literature/official/L28_tabfm_repository_readme.txt:53	methodological	Methods;Code availability	paper/reusability_report.tex:30	\keywords{tabular foundation models; TabPFN; TabFM; reusability; cancer multiomics; survival prediction; cohort shortcuts}	Cite repo and evaluatedcommit separately	supported_text	Pending sentence-level adjudication; source finding is not certification of current wording	Mutablemain snapshotnot evaluatedcommit. Exhaustive figure/supplement audit remains pending.
E036	L29	saito2015precision	10.1371/journal.pone.0118432	2015	The Precision-Recall Plot Is More Informative than the ROC Plot When Evaluating Binary Classifiers on Imbalanced Datasets	PR interpretation depends on prevalence	PrecisionTP/(TP+FP);recallTP/(TP+FN);no-skillpositivefraction	PRversusROC;AP!=trapezoidalAUC	"Simulation:1,000positives/1,000negatives balanced versus1,000/10,000imbalanced;1,000simulation reruns,curve medians; illustrative plots250+250scores. Independent miRNA testT1=819positives/11,060negatives andT2=111/13,444. Five tools MiRFinder,miPred,RNAmicro,ProMiR,RNAfold;T1real miRNAsversusshuffledsequences;T2C.elegansRNAzfunctional candidates. Table5 fullROC/PR below. No clinicalsurvival; no common train/test benchmark with ours; PRcurveAUC not automatically ouraverageprecision.
SOURCE TABLE EXTRACTS (original layout; inspect ambiguous column alignment before use):
Original text lines808-823:




                                                 Fig 7. A re-analysis of the MiRFinder study reveals that PRC is stronger than ROC on imbalanced
                                                 data. ROC and PRC plots show the performances of six different tools, MiRFinder (red), miPred (blue),
                                                 RNAmicro (green), ProMiR (purple), and RNAfold (orange). A gray solid line represents a baseline. The re-
                                                 analysis used two independent test sets, T1 and T2. The four plots are for (A) ROC on T1, (B) PRC on T1, (C)
                                                 ROC on T2, and (D) PRC on T2.
                                                 doi:10.1371/journal.pone.0118432.g007

                                                    PRC on T1. Similar to the ROC plot in Fig. 7A, the PRC plot in Fig. 7B indicates that all
                                                 classifiers have a very good to excellent prediction performance. However, we can see here that
                                                 high recovery rates come with a deterioration of precision for some classifiers, especially for
                                                 RNAmicro, but to a smaller extent also for RNAfold and ProMiR. We can also see that classifi-
                                                 er performance is better resolved, allowing to spot differences more easily. Overall, the PRC"	"L2: TITLE: The Precision-Recall Plot Is More Informative than the ROC Plot When Evaluating Binary Classifiers on Imbalanced Datasets
L13:                                                           The Precision-Recall Plot Is More Informative"	paper/literature/txt/L29.txt:2,13,29,36,65	methodological	Methods;Discussion	Proposed insertion: Methods;Discussion	No exact anchor; proposed section-level addition	Retain definition;stateouractualAP andeventprevalence	supported_text	Proposed addition, not an existing citation verdict	Cannotrank differentendpoints byrawPRscore. Exhaustive figure/supplement audit remains pending.
E037	L30	van2019calibration	10.1186/s12916-019-1466-7	2019	Calibration: the Achilles heel of predictive analytics	Discrimination not calibration	Idealintercept0/slope1;curvespredictedvsobservedrisk	Calibrationversusprobabilistic accuracy	Calibration methodological paper;binary risk, ideal intercept0/slope1,flexiblecurves. IVF/QRISK2/NICEFramingham examples contextual/cited, not common new benchmark. No clinical n comparable to ours. Lowerlogloss/Brier alone not calibration or utility.	"L2: TITLE: Calibration: the Achilles heel of predictive analytics
L18: Calibration: the Achilles heel of predictive"	paper/literature/txt/L30.txt:2,18,25,28,29	methodological	Discussion;Methods	paper/reusability_report.tex:162	It runs without tuning, performs at least as well as tuned tree ensembles, and its probability estimates were slightly better than the trees' in the pooled tasks (Extended Data Fig.~\ref{fig:ed_prob}).	Describe lowerBrier/logloss without claiming clinicalcalibration	supported_text	Pending sentence-level adjudication; source finding is not certification of current wording	No ownmatched cancer cohort;not significance/equivalence evidence. Exhaustive figure/supplement audit remains pending.
E038	L32	tcga2012brca	10.1038/nature11412	2012	Comprehensive molecular portraits of human breast tumours	BRCA provenance denominators	825overall;800>=1platform;466samples/463patients5of6;348patients6of6	Counts,notmodelmetrics	TCGAbreast825overall inabstract;Methods800assayed>=1platform atfreeze;466samples/463patients common5of6platforms;348patients common6of6includingRPPA. Multiple-platform taxonomy, not fixed-horizon prediction. Source counts not our eligibleBRCA. Old visualnote348 plus muchlarger subtype n mixes denominators.	L69: Tumour and germline DNA samples were obtained from 825                                         mutated in ulnar-mammary syndrome and involved in mammary	paper/literature/txt/L32.txt:69	provenance	Reusability;Methods	paper/reusability_report.tex:85	We combined breast invasive carcinoma (BRCA), esophageal carcinoma (ESCA), head and neck squamous cell carcinoma (HNSCC), lung squamous cell carcinoma (LSCC) and lung adenocarcinoma (LUAD) from TCGA and CPTAC, 3,238 patients in total (Fig.~\ref{fig:roadmap}b and Table~\ref{tab:cohorts}).\citep{tcga2012brca,tcga2017esca,tcga2015hnsc,tcga2012lusc,tcga2014luad,liu2018clinical,li2023pancancer} Patients censored before a horizon cannot be labeled, which left 1,645 patients for 3-year survival, 1,168 for 5-year survival and 937 for an exploratory extreme-survival endpoint that compares death within 3 years with survival beyond 5 years (Fig.~\ref{fig:roadmap}c).	Useours manifestforcurrentn	supported_text	Pending sentence-level adjudication; source finding is not certification of current wording	Distinguishsamples/patients andassayintersection. Exhaustive figure/supplement audit remains pending.
E039	L33	tcga2017esca	10.1038/nature20805	2017	Integrated genomic characterization of oesophageal carcinoma	ESCA histology and platform cohorts	164oesophageal,359gastric,36GEjunction,113proteomic	Profiling counts	TCGA164oesophagealcarcinomas; joint analyses359gastricadenocarcinomas and36additionalGE-junctionadenocarcinomas;113oesophagealproteomic. Histology subgroups distinct. Molecularprofiling,notheld-out survivalmodel. Not our downloadedESCA raw/eligible counts.	"L22:    cancers remain dismal. Here we performed a comprehensive molecular analysis of 164 carcinomas of the oesophagus
L48: adeno­carcinomas and the classification of adenocarcinomas spanning                               We evaluated the 164 oesophageal carcinomas using integrated clus-"	paper/literature/txt/L33.txt:22,48,52,83,142	provenance	Reusability;Methods;Discussion	paper/reusability_report.tex:62	ESCA was too small to form the 5-year and extreme-survival endpoints.	Cite provenance;qualify homogeneous-cancerwording	supported_text	Pending sentence-level adjudication; source finding is not certification of current wording	Countsnotours eligibility;not externalprediction. Exhaustive figure/supplement audit remains pending.
E040	L34	tcga2015hnsc	10.1038/nature14129	2015	Comprehensive genomic characterization of head and neck squamous cell carcinomas	HNSCC molecular heterogeneity	279profiled;HPV andanatomicsubgroups	Profiling counts	TCGA279HNSCCtumours,multiomics/HPVpositive-negative/anatomicsites. Profiling/outcomeassociations,not our endpoint eligibility or prospective prediction. No uniform modeltrain/testsplit.	"L23:    The Cancer Genome Atlas profiled 279 head and neck squamous cell carcinomas (HNSCCs) to provide a comprehensive
L51: lyses from the first 279 patients with complete data.                                          instability with a mean of 141 CNAs (amplifications or deletions) from"	paper/literature/txt/L34.txt:23,51,55,56,58	provenance	Reusability;Methods	paper/reusability_report.tex:85	We combined breast invasive carcinoma (BRCA), esophageal carcinoma (ESCA), head and neck squamous cell carcinoma (HNSCC), lung squamous cell carcinoma (LSCC) and lung adenocarcinoma (LUAD) from TCGA and CPTAC, 3,238 patients in total (Fig.~\ref{fig:roadmap}b and Table~\ref{tab:cohorts}).\citep{tcga2012brca,tcga2017esca,tcga2015hnsc,tcga2012lusc,tcga2014luad,liu2018clinical,li2023pancancer} Patients censored before a horizon cannot be labeled, which left 1,645 patients for 3-year survival, 1,168 for 5-year survival and 937 for an exploratory extreme-survival endpoint that compares death within 3 years with survival beyond 5 years (Fig.~\ref{fig:roadmap}c).	Retain provenance,notclinicalinputcontrolclaim	supported_text	Pending sentence-level adjudication; source finding is not certification of current wording	Ourclinicalconfoundersnotnecessarilymeasured. Exhaustive figure/supplement audit remains pending.
E041	L35	tcga2012lusc	10.1038/nature11404	2012	Comprehensive genomic characterization of squamous cell lung cancers	LSCC artifact label means LUSC	178profiled,19WGS,159miRNA	Platformsubsetcounts	TCGA178lungSQCC copy/exome/expression/methylation;19WGS;159miRNA. LUSC=ourLSCCartifact label;publication denominators not current cohort. Driver/pathway analysis,notprediction validation.	"L24:     we profile 178 lung squamous cell carcinomas to provide a comprehensive landscape of genomic and epigenomic
L59:                                                                                               across the set of 178 lung SQCCs identified a high rate of copy number"	paper/literature/txt/L35.txt:24,59,66,74,98	provenance	Reusability;Methods	paper/reusability_report.tex:85	We combined breast invasive carcinoma (BRCA), esophageal carcinoma (ESCA), head and neck squamous cell carcinoma (HNSCC), lung squamous cell carcinoma (LSCC) and lung adenocarcinoma (LUAD) from TCGA and CPTAC, 3,238 patients in total (Fig.~\ref{fig:roadmap}b and Table~\ref{tab:cohorts}).\citep{tcga2012brca,tcga2017esca,tcga2015hnsc,tcga2012lusc,tcga2014luad,liu2018clinical,li2023pancancer} Patients censored before a horizon cannot be labeled, which left 1,645 patients for 3-year survival, 1,168 for 5-year survival and 937 for an exploratory extreme-survival endpoint that compares death within 3 years with survival beyond 5 years (Fig.~\ref{fig:roadmap}c).	Clarify standard naming	supported_text	Pending sentence-level adjudication; source finding is not certification of current wording	Not our endpointn. Exhaustive figure/supplement audit remains pending.
E042	L36	tcga2014luad	10.1038/nature13385	2014	Comprehensive molecular profiling of lung adenocarcinoma	LUAD provenance	230untreatedpatients;drivercoverageto76%	Profiling/alterationfrequency	TCGA230untreatedLUADpatients,tumour/matchednormal,multiomics. Driver/profiling;oncogene-positive143/negative31 are not complete230 population. No survivalAUC comparison.	"L22:     Adenocarcinoma of the lung is the leading cause of cancer death worldwide. Here we report molecular profiling of 230
L41: time). Recently, molecularly targeted therapies have dramatically improved                                                              We analysed tumour and matched normal material from 230 previously"	paper/literature/txt/L36.txt:22,41,59,114,119	provenance	Reusability;Methods	paper/reusability_report.tex:85	We combined breast invasive carcinoma (BRCA), esophageal carcinoma (ESCA), head and neck squamous cell carcinoma (HNSCC), lung squamous cell carcinoma (LSCC) and lung adenocarcinoma (LUAD) from TCGA and CPTAC, 3,238 patients in total (Fig.~\ref{fig:roadmap}b and Table~\ref{tab:cohorts}).\citep{tcga2012brca,tcga2017esca,tcga2015hnsc,tcga2012lusc,tcga2014luad,liu2018clinical,li2023pancancer} Patients censored before a horizon cannot be labeled, which left 1,645 patients for 3-year survival, 1,168 for 5-year survival and 937 for an exploratory extreme-survival endpoint that compares death within 3 years with survival beyond 5 years (Fig.~\ref{fig:roadmap}c).	Retain provenance;omit irrelevant drivermetricsfromperformanceResults	supported_text	Pending sentence-level adjudication; source finding is not certification of current wording	Biologicalpercentagesnot modelAUC. Exhaustive figure/supplement audit remains pending.
E043	L39	tripodai2024	10.1136/bmj-2023-078378	2024	TRIPOD+AI statement: updated guidance for reporting clinical prediction models that use regression or machine learning methods	Reporting checklist requirements	27mainitems/52subitems	Reportingguidance	TRIPOD+AI reporting guidance:27mainitems/52subitems,regression/MLdevelopment/evaluation. Checklist,notpredictive metric. Compliance requires completed mapping.	L182: TRIPOD+AI comprises a checklist of items that are considered essential for good reporting of studies developing or evaluating (validating) a prediction model using any statistical or machine learning methods ( table 2 ). Box 2 summarises noteworthy additions and changes to TRIPOD 2015. The TRIPOD+AI checklist comprises 27 main items about the title (item 1), abstract (item 2), introduction (items 3 and 4), methods (items 5-17), open science practises (item 18), patient and public involvement (item 19), results (items 20-24), and discussion (items 25-27). Some items included multiple subitems, totalling to 52 checklist subitems.	paper/literature/txt/L39.txt:182	methodological	Methods;Supplement	paper/reusability_report.tex:197	Reporting followed TRIPOD+AI, with risk of bias considered against PROBAST+AI.\citep{tripodai2024,probastai2024}	Retainonlywith item-levelmapping,otherwiseguidanceconsulted	supported_text	Pending sentence-level adjudication; source finding is not certification of current wording	Citationnot checklist compliance. Exhaustive figure/supplement audit remains pending.
E044	L40	probastai2024	10.1136/bmj-2024-082505	2025	PROBAST+AI: an updated quality, risk of bias, and applicability assessment tool for prediction models using regression or artificial intelligence methods	Updated quality/bias/applicability tool	16development/18evaluationquestions;4domains	PROBAST+AI2025	PROBAST+AI2025:16development/18evaluation signallingquestions,fourdomains participants+datasources/predictors/outcome/analysis;applicabilityfirstthree. Original2019tool20questions differs. Not low-risk certification.	"L11: Abstract The Prediction model Risk Of Bias ASsessment Tool (PROBAST) is used to assess the quality, risk of bias, and applicability of prediction models or algorithms and of prediction model/algorithm studies. Since PROBAST’s introduction in 2019, much progress has been made in the methodology for prediction modelling and in the use of artificial intelligence, including machine learning, techniques. An update to PROBAST-2019 is thus needed. This article describes the development of PROBAST+AI. PROBAST+AI consists of two distinctive parts: model development and model evaluation. For model development, PROBAST+AI users assess quality and applicability using 16 targeted signalling questions. For model evaluation, PROBAST+AI users assess the risk of bias and applicability using 18 targeted signalling questions. Both parts contain four domains: participants and data sources, predictors, outcome, and analysis. Applicability of the prediction model is rated for the participants and data sources, predictors, and outcome domains. PROBAST+AI may replace the original PROBAST tool and allows all key stakeholders (eg, model developers, AI companies, researchers, editors, reviewers, healthcare professionals, guideline developers, and policy organisations) to examine the quality, risk of bias, and applicability of any type of prediction model in the healthcare sector, irrespective of whether regression modelling or AI techniques are used.
L15: The Prediction model Risk Of Bias ASsessment Tool (PROBAST) is used to assess the quality, risk of bias, and applicability of prediction models or algorithms and of prediction model/algorithm studies. Since PROBAST’s introduction in 2019, much progress has been made in the methodology for prediction modelling and in the use of artificial intelligence, including machine learning, techniques. An update to PROBAST-2019 is thus needed. This article describes the development of PROBAST+AI. PROBAST+AI consists of two distinctive parts: model development and model evaluation. For model development, PROBAST+AI users assess quality and applicability using 16 targeted signalling questions. For model evaluation, PROBAST+AI users assess the risk of bias and applicability using 18 targeted signalling questions. Both parts contain four domains: participants and data sources, predictors, outcome, and analysis. Applicability of the prediction model is rated for the participants and data sources, predictors, and outcome domains. PROBAST+AI may replace the original PROBAST tool and allows all key stakeholders (eg, model developers, AI companies, researchers, editors, reviewers, healthcare professionals, guideline developers, and policy organisations) to examine the quality, risk of bias, and applicability of any type of prediction model in the healthcare sector, irrespective of whether regression modelling or AI techniques are used."	paper/literature/txt/L40.txt:11,15	methodological	Methods;Discussion;Supplement	paper/reusability_report.tex:197	Reporting followed TRIPOD+AI, with risk of bias considered against PROBAST+AI.\citep{tripodai2024,probastai2024}	Document explicit risk/applicability assessment	supported_text	Pending sentence-level adjudication; source finding is not certification of current wording	Notcertification;bibkey2024 != publication2025. Exhaustive figure/supplement audit remains pending.
E045	L01	shaktah2026established	10.1186/s12911-026-03654-3	2026	Established machine learning matches tabular foundation models in clinical predictions	Clinical comparison uncertainty is conditional on a fixed test set	70/30 split; cap 100,000 total before split; 100 TRAINING bootstrap refits; 50 HPO iterations selected once; additional 100 negative-control iterations	Mean AUROC/CIs over training variability, not patient-test bootstrap	Eight datasets / twelve binary tasks. Fig.1b, personally inspected PDF p3: FOSP colorectal registry EACH task n=91,795 p=72: 1-year survival positive72.0%; 3-year27.2%; 5-year20.4%; cancer-death39.7%; overall-death55.9%. Arasteh: amyloidosis n=2,142 p=1,877 positive50.0%; oesophageal cancer14,597/121/2.5%; hereditary hearing loss1,778/144/24.1%; metastatic disease788/15/28.3%. SEER: HCC-to-lung metastasis62,869/82/6.5%; osteosarcoma4,097/73/33.8%; renal-cell carcinoma139,528/78/34.3%. These are dataset totals, not split counts. Survival-positive coding differs from our death-positive coding. TabPFN v2.5 versus12 learners, HPO50iterations;100 bootstrap iterations; numeric -9 / categorical Missing imputation. TabPFN A10040GB versus CPU baselines. Per-split n remains NR until original split protocols reconciled. Methods p9: 70/30 stratified train/test split, datasets >100,000 downsampled to100,000 (RCC effective cohort cap100,000, not Fig1's139,528). Training only resampled100times; held-out test fixed;HPO selected once then fixed. Arasteh predefined-split wording also appears, so exact reconciled split n remains pending; do not infer70/30 as all-original-protocol replication. Additional100negative-control cycles.	See named table/page or unavailable status; no exact passage captured.	paper/literature/txt/L01.txt; named table/section, specific passage pending	contextual	Discussion;Methods	paper/reusability_report.tex:53	Later releases extended the supported data size,\citep{priorlabs2025tabpfn25,priorlabs2026tabpfn3} and Google's TabFM applies the same in-context principle with a different architecture and synthetic prior.\citep{google2026tabfm,tabfmsoftware2026} An independent clinical comparison has since found established methods competitive with TabPFN across twelve prediction tasks.\citep{shaktah2026established}	Include uncertainty-design distinction in any numerical clinical comparison	selected_finding_specific_passage_pending	Pending sentence-level adjudication; source finding is not certification of current wording	Our saved-prediction patient bootstrap estimates a different conditional uncertainty; original Arasteh split wording also needs reconciliation. Exhaustive figure/supplement audit remains pending.
E046	L02	herrmann2021benchmark	10.1093/bib/bbaa167	2021	Large-scale benchmark study of survival prediction methods using multi-omics data	Per-cancer differences may be small despite clinical-only comparator	Table5: BRCA best C .643 vs clinical .637; ESCA clinical-only C .574; HNSC best .582 vs .554; LUAD .665 vs .663; LUSC .537 vs .531. All18 rows and IBS/intervals retained in context cell.	Uno C-index; source Table5 intervals explicitly NOT valid95%CIs because dependentCV iterations	"18 TCGA cohorts; censored overall survival; clinical/CNV/miRNA/mutation/RNA, methylation omitted. Full Table2 n/p/events/block sizes below. Event-stratified outer10x5CV for11 datasets <92MB,5x5CV for7 >112MB; inner10fold or OOB method-specific. Thirteen learners including Kaplan-Meier and clinical Cox references; SGL omitted principal comparison for compute. Uno C-index and integrated Brier score (IBS), not ROC AUC. Across-dataset t-based95%CIs, not patient-level uncertainty.
SOURCE TABLE EXTRACTS (original layout; inspect ambiguous column alignment before use):
Original text lines175-199:
[TABLE Table 2] Summary of the datasets used for the benchmark experiment. The third to the seventh column show the number of features in the feature group, the eighth column the total amount of features (p). The last three columns show, in this order, the number of observations (n), the number of effective cases (n_e) and the ratio of the number of events and the number of observations (r_e).
Dataset | Cancer | Clin. | cnv | mirna | mutation | rna | p | n | n_e | r_e
BLCA | Bladder urothelial | 5 | 57964 | 825 | 18577 | 23081 | 100455 | 382 | 103 | 0.27
BRCA | Breast invasive C. | 8 | 57964 | 835 | 17975 | 22694 | 99479 | 735 | 72 | 0.10
COAD | Colon adenocarcinoma | 7 | 57964 | 802 | 18538 | 22210 | 99524 | 191 | 17 | 0.09
ESCA | Esophageal C. | 6 | 57964 | 763 | 12628 | 25494 | 96858 | 106 | 37 | 0.35
HNSC | Head–neck squamous CC. | 11 | 57964 | 793 | 17248 | 21520 | 97539 | 443 | 152 | 0.34
KIRC | Kidney renal clear CC. | 9 | 57964 | 725 | 10392 | 22972 | 92065 | 249 | 62 | 0.25
KIRP | Cervical kidney RP. CC. | 6 | 57964 | 593 | 8312 | 32525 | 99403 | 167 | 20 | 0.12
LAML | Acute myeloid leukemia | 7 | 57962 | 882 | 2176 | 29132 | 90162 | 35 | 14 | 0.40
LGG | Low grade glioma | 10 | 57964 | 645 | 9235 | 22297 | 90154 | 419 | 77 | 0.18
LIHC | Liver hepatocellular C. | 11 | 57964 | 776 | 11821 | 20994 | 91569 | 159 | 35 | 0.22
LUAD | Lung adenocarcinoma | 9 | 57964 | 799 | 18388 | 23681 | 100844 | 426 | 101 | 0.24
LUSC | Lung squamous CC. | 9 | 57964 | 895 | 18500 | 23524 | 100895 | 418 | 132 | 0.32
OV | Ovarian cancer | 6 | 57447 | 975 | 13298 | 24508 | 96237 | 219 | 109 | 0.50
PAAD | Pancreatic AC. | 10 | 57964 | 612 | 12392 | 22348 | 93329 | 124 | 52 | 0.42
SARC | Sarcoma | 11 | 57964 | 778 | 10001 | 22842 | 91599 | 126 | 38 | 0.30
SKCM | Skin cutaneous M. | 9 | 57964 | 1002 | 18593 | 22248 | 99819 | 249 | 87 | 0.35
STAD | Stomach AC. | 7 | 57964 | 787 | 18581 | 26027 | 103369 | 295 | 62 | 0.21
UCEC | Uterine corpus EC. | 11 | 57447 | 866 | 21053 | 23978 | 103358 | 405 | 38 | 0.09

Summary of the datasets used for the benchmark experiment. The third to the seventh column show the number of features in the feature group, the eighth column the total amount of features (p). The last three columns show, in this order, the number of observations (n), the number of effective cases (n_e) and the ratio of the number of events and the number of observations (r_e).

Abbreviations: C. indicates carcinoma; CC., cell carcinoma; PP, renal papilla; AC., adenocarcinoma; M., melanoma; EC., endometrial carcinoma.

Original text lines230-246:
[TABLE Table 4] Average learner performances. The values are obtained by averaging over the CV iterations and datasets. The time is measured in minutes. The second column shows the affiliation of the methods using the multi-omics data to the categories described in section 3.3. Column ‘All’ represents the total number of selected features, the subsequent columns the numbers of selected features of the respective groups. For learners not yielding model coefficients, the corresponding measures are set to “-”. The ‘ci’ columns display the 95% confidence intervals for the means based on quantiles of the t-distribution; observations are the learners’ average values over the CV iterations, i.e. one observation per dataset. The total number of features may differ from the sum of features in each group due to rounding errors. The last column depicts the overall percentage of modeling failures.
 |  |  | ibrier |  |  | cindex |  |  |  |  |  |  |  |  | 
Learner | Category | Mean | sd | ci | Mean | sd | ci | Time | All | clin | cnv | mirna | rna | mut | failures in %
blockForest | Non-fav | 0.174 | 0.042 | [0.153, 0.195] | 0.620 | 0.072 | [0.584, 0.656] | 80 | – | – | – | – | − | − | 0
CoxBoost favoring | Fav | 0.174 | 0.036 | [0.156, 0.192] | 0.618 | 0.057 | [0.589, 0.646] | 13 | 13 | 8 | 1 | 0 | 3 | 1 | 0
Clinical only | – | 0.175 | 0.038 | [0.156, 0.194] | 0.618 | 0.060 | [0.588, 0.648] | 0 | 8 | 8 | – | – | − | − | 0
CoxBoost | Naive | 0.175 | 0.039 | [0.155, 0.194] | 0.552 | 0.080 | [0.512, 0.592] | 14 | 10 | 0 | 1 | 1 | 5 | 2 | 28.6
ipflasso | Non-fav | 0.176 | 0.034 | [0.159, 0.193] | 0.578 | 0.100 | [0.528, 0.628] | 33 | 7 | 5 | 0 | 1 | 0 | 1 | 9.7
ranger | Naive | 0.179 | 0.045 | [0.157, 0.202] | 0.562 | 0.068 | [0.529, 0.596] | 10 | – | – | – | – | − | − | 0
prioritylasso | Non-fav | 0.180 | 0.037 | [0.162, 0.199] | 0.591 | 0.068 | [0.558, 0.625] | 32 | 26 | 4 | 4 | 7 | 7 | 4 | 1.2
Kaplan–Meier | – | 0.180 | 0.040 | [0.160, 0.200] | 0.500 | 0.000 | [0.500, 0.500] | 0 | – | – | – | – | − | − | 0
prioritylasso favoring | Fav | 0.181 | 0.040 | [0.161, 0.201] | 0.607 | 0.056 | [0.579, 0.635] | 39 | 30 | 8 | 4 | 6 | 6 | 5 | 1.9
grridge | Non-fav | 0.181 | 0.044 | [0.159, 0.203] | 0.587 | 0.069 | [0.553, 0.622] | 28 | 984 | 2 | 332 | 19 | 540 | 91 | 1.4
glmboost | Naive | 0.188 | 0.037 | [0.169, 0.206] | 0.542 | 0.104 | [0.490, 0.593] | 12 | 22 | 0 | 3 | 1 | 10 | 7 | 19.7
Lasso | Naive | 0.198 | 0.034 | [0.181, 0.215] | 0.546 | 0.089 | [0.502, 0.591] | 8 | 16 | 0 | 2 | 1 | 8 | 5 | 31.2

Average learner performances. The values are obtained by averaging over the CV iterations and datasets. The time is measured in minutes. The second column shows the affiliation of the methods using the multi-omics data to the categories described in section 3.3. Column ‘All’ represents the total number of selected features, the subsequent columns the numbers of selected features of the respective groups. For learners not yielding model coefficients, the corresponding measures are set to “-”. The ‘ci’ columns display the 95% confidence intervals for the means based on quantiles of the t-distribution; observations are the learners’ average values over the CV iterations, i.e. one observation per dataset. The total number of features may differ from the sum of features in each group due to rounding errors. The last column depicts the overall percentage of modeling failures.
Original text lines304-327:
[TABLE Table 5] Assessment of the added predictive value of the molecular variables by dataset. The second and seventh column show the best performing learners for the respective dataset and measure, the ‘cindex’ and ‘ibrier’ columns the performances of these learners. In the cases where the clinical only model is outperformed, the ‘Ref.’ columns show the corresponding cindex and ibrier values of the reference Cox model only using clinical variables. The “ci” columns show the 95% confidence intervals for the respective performance values based on quantiles of the t-distribution; observations are the learners’ CV iteration values. Note that these intervals are intended to give a notion of the stability of the mean values, but are—in contrast to Table 4 —not valid confidence intervals, since the CV iterations are no independent observations [ 55 , 56 ]. Bold letters indicate datasets for which there is a method using the group structure and outperforming the Cox model for both measures.
Data | Learner | ibrier | ci | Ref. | ci | Learner | cindex | ci | Ref. | ci
BLCA | CoxBoost favoring | 0.190 | [0.181, 0.199] | 0.192 | [0.183, 0.201] | CoxBoost favoring | 0.640 | [0.612, 0.668] | 0.633 | [0.607, 0.659]
BRCA | blockForest | 0.141 | [0.134, 0.149] | 0.147 | [0.137, 0.158] | CoxBoost favoring | 0.643 | [0.618, 0.669] | 0.637 | [0.608, 0.666]
COAD | blockForest | 0.087 | [0.075, 0.099] | 0.101 | [0.088, 0.115] | blockForest | 0.656 | [0.586, 0.725] | 0.541 | [0.475, 0.608]
ESCA | ipflasso | 0.209 | [0.198, 0.221] | 0.214 | [0.199, 0.228] | Clinical only | 0.574 | [0.536, 0.612] | − | −
HNSC | glmboost | 0.202 | [0.193, 0.211] | 0.210 | [0.201, 0.220] | blockForest | 0.582 | [0.554, 0.610] | 0.554 | [0.519, 0.588]
KIRC | ipflasso | 0.144 | [0.138, 0.149] | 0.146 | [0.140, 0.152] | Clinical only | 0.761 | [0.734, 0.789] | − | −
KIRP | ranger | 0.118 | [0.106, 0.131] | 0.140 | [0.117, 0.163] | grridge | 0.629 | [0.566, 0.692] | 0.572 | [0.502, 0.641]
LAML | ranger | 0.182 | [0.165, 0.199] | 0.231 | [0.200, 0.263] | ranger | 0.709 | [0.651, 0.766] | 0.596 | [0.534, 0.657]
LGG | Lasso * | 0.145 | [0.132, 0.157] | 0.168 | [0.154, 0.181] | glmboost | 0.749 | [0.719, 0.779] | 0.652 | [0.618, 0.685]
LIHC | ranger | 0.146 | [0.135, 0.157] | 0.169 | [0.158, 0.180] | grridge | 0.602 | [0.560, 0.645] | 0.586 | [0.542, 0.630]
LUAD | CoxBoost favoring * | 0.172 | [0.160, 0.183] | 0.172 | [0.161, 0.183] | prioritylasso | 0.665 | [0.640, 0.690] | 0.663 | [0.631, 0.695]
LUSC | grridge | 0.210 | [0.203, 0.217] | 0.216 | [0.205, 0.227] | prioritylasso favoring | 0.537 | [0.502, 0.572] | 0.531 | [0.502, 0.561]
OV | ipflasso * | 0.169 | [0.163, 0.174] | 0.173 | [0.167, 0.179] | prioritylasso | 0.600 | [0.582, 0.618] | 0.598 | [0.580, 0.617]
PAAD | Clinical only * | 0.190 | [0.178, 0.202] | – | – | prioritylasso favoring | 0.686 | [0.658, 0.714] | 0.683 | [0.655, 0.712]
SARC | glmboost * | 0.179 | [0.167, 0.190] | 0.202 | [0.188, 0.217] | blockForest | 0.685 | [0.651, 0.720] | 0.673 | [0.637, 0.709]
SKCM | Clinical only | 0.191 | [0.185, 0.198] | 0.191 | [0.185, 0.198] | blockForest | 0.597 | [0.556, 0.639] | 0.581 | [0.540, 0.623]
STAD | Clinical only | 0.192 | [0.182, 0.202] | – | – | Clinical only | 0.598 | [0.555, 0.641] | – | –
UCEC | ipflasso | 0.091 | [0.079, 0.102] | 0.092 | [0.080, 0.105] | Clinical only | 0.686 | [0.581, 0.791] | – | –

Assessment of the added predictive value of the molecular variables by dataset. The second and seventh column show the best performing learners for the respective dataset and measure, the ‘cindex’ and ‘ibrier’ columns the performances of these learners. In the cases where the clinical only model is outperformed, the ‘Ref.’ columns show the corresponding cindex and ibrier values of the reference Cox model only using clinical variables. The “ci” columns show the 95% confidence intervals for the respective performance values based on quantiles of the t-distribution; observations are the learners’ CV iteration values. Note that these intervals are intended to give a notion of the stability of the mean values, but are—in contrast to Table 4 —not valid confidence intervals, since the CV iterations are no independent observations [ 55 , 56 ]. Bold letters indicate datasets for which there is a method using the group structure and outperforming the Cox model for both measures.

* indicates that there is a method with equal performance.
Original text lines331-354:
[TABLE Table 6] Comparing naive learners and structured learners. The performance of structured learners, i.e. learners using the group structure, and naive learners are compared for every dataset. The cindex and ibrier columns show the mean performance values for the corresponding dataset and learner types. Bold values indicate better values for the given dataset.
 | ibrier |  | cindex | 
Data | Structured | Naive | Structured | Naive
BLCA | 0.198 | 0.201 | 0.618 | 0.595
BRCA | 0.152 | 0.187 | 0.598 | 0.512
COAD | 0.104 | 0.120 | 0.518 | 0.480
ESCA | 0.235 | 0.234 | 0.506 | 0.477
HNSC | 0.210 | 0.210 | 0.562 | 0.557
KIRC | 0.154 | 0.156 | 0.721 | 0.690
KIRP | 0.132 | 0.136 | 0.560 | 0.532
LAML | 0.207 | 0.217 | 0.634 | 0.558
LGG | 0.169 | 0.153 | 0.695 | 0.726
LIHC | 0.171 | 0.167 | 0.566 | 0.559
LUAD | 0.181 | 0.194 | 0.636 | 0.539
LUSC | 0.220 | 0.229 | 0.501 | 0.457
OV | 0.172 | 0.192 | 0.575 | 0.448
PAAD | 0.196 | 0.203 | 0.663 | 0.588
SARC | 0.197 | 0.180 | 0.667 | 0.624
SKCM | 0.200 | 0.221 | 0.580 | 0.509
STAD | 0.199 | 0.210 | 0.556 | 0.525
UCEC | 0.103 | 0.119 | 0.646 | 0.538

Comparing naive learners and structured learners. The performance of structured learners, i.e. learners using the group structure, and naive learners are compared for every dataset. The cindex and ibrier columns show the mean performance values for the corresponding dataset and learner types. Bold values indicate better values for the given dataset.
"	"L304: [TABLE Table 5] Assessment of the added predictive value of the molecular variables by dataset. The second and seventh column show the best performing learners for the respective dataset and measure, the ‘cindex’ and ‘ibrier’ columns the performances of these learners. In the cases where the clinical only model is outperformed, the ‘Ref.’ columns show the corresponding cindex and ibrier values of the reference Cox model only using clinical variables. The “ci” columns show the 95% confidence intervals for the respective performance values based on quantiles of the t-distribution; observations are the learners’ CV iteration values. Note that these intervals are intended to give a notion of the stability of the mean values, but are—in contrast to Table 4 —not valid confidence intervals, since the CV iterations are no independent observations [ 55 , 56 ]. Bold letters indicate datasets for which there is a method using the group structure and outperforming the Cox model for both measures.
L325: Assessment of the added predictive value of the molecular variables by dataset. The second and seventh column show the best performing learners for the respective dataset and measure, the ‘cindex’ and ‘ibrier’ columns the performances of these learners. In the cases where the clinical only model is outperformed, the ‘Ref.’ columns show the corresponding cindex and ibrier values of the reference Cox model only using clinical variables. The “ci” columns show the 95% confidence intervals for the respective performance values based on quantiles of the t-distribution; observations are the learners’ CV iteration values. Note that these intervals are intended to give a notion of the stability of the mean values, but are—in contrast to Table 4 —not valid confidence intervals, since the CV iterations are no independent observations [ 55 , 56 ]. Bold letters indicate datasets for which there is a method using the group structure and outperforming the Cox model for both measures."	paper/literature/txt/L02.txt:304,325	contextual	Discussion	paper/reusability_report.tex:96	\subsection*{Within a single cancer, no model wins decisively}	Add cohort-specific contextual examples without equivalence or direct AUC ranking	supported_text	Pending sentence-level adjudication; source finding is not certification of current wording	Winner per metric chosen retrospectively; selected best method differs by endpoint; do not promote dependent-fold intervals to patient CIs. Exhaustive figure/supplement audit remains pending.
E047	L02	herrmann2021benchmark	10.1093/bib/bbaa167	2021	Large-scale benchmark study of survival prediction methods using multi-omics data	No statistically resolved aggregate superiority over clinical reference	BlockForest vs clinical: paired two-sided P=.86 for C-index,.78 for IBS; vs clinical-favoured CoxBoost P=.81/.95	Dataset-mean paired t tests; absence of significance not equivalence	"18 TCGA cohorts; censored overall survival; clinical/CNV/miRNA/mutation/RNA, methylation omitted. Full Table2 n/p/events/block sizes below. Event-stratified outer10x5CV for11 datasets <92MB,5x5CV for7 >112MB; inner10fold or OOB method-specific. Thirteen learners including Kaplan-Meier and clinical Cox references; SGL omitted principal comparison for compute. Uno C-index and integrated Brier score (IBS), not ROC AUC. Across-dataset t-based95%CIs, not patient-level uncertainty.
SOURCE TABLE EXTRACTS (original layout; inspect ambiguous column alignment before use):
Original text lines175-199:
[TABLE Table 2] Summary of the datasets used for the benchmark experiment. The third to the seventh column show the number of features in the feature group, the eighth column the total amount of features (p). The last three columns show, in this order, the number of observations (n), the number of effective cases (n_e) and the ratio of the number of events and the number of observations (r_e).
Dataset | Cancer | Clin. | cnv | mirna | mutation | rna | p | n | n_e | r_e
BLCA | Bladder urothelial | 5 | 57964 | 825 | 18577 | 23081 | 100455 | 382 | 103 | 0.27
BRCA | Breast invasive C. | 8 | 57964 | 835 | 17975 | 22694 | 99479 | 735 | 72 | 0.10
COAD | Colon adenocarcinoma | 7 | 57964 | 802 | 18538 | 22210 | 99524 | 191 | 17 | 0.09
ESCA | Esophageal C. | 6 | 57964 | 763 | 12628 | 25494 | 96858 | 106 | 37 | 0.35
HNSC | Head–neck squamous CC. | 11 | 57964 | 793 | 17248 | 21520 | 97539 | 443 | 152 | 0.34
KIRC | Kidney renal clear CC. | 9 | 57964 | 725 | 10392 | 22972 | 92065 | 249 | 62 | 0.25
KIRP | Cervical kidney RP. CC. | 6 | 57964 | 593 | 8312 | 32525 | 99403 | 167 | 20 | 0.12
LAML | Acute myeloid leukemia | 7 | 57962 | 882 | 2176 | 29132 | 90162 | 35 | 14 | 0.40
LGG | Low grade glioma | 10 | 57964 | 645 | 9235 | 22297 | 90154 | 419 | 77 | 0.18
LIHC | Liver hepatocellular C. | 11 | 57964 | 776 | 11821 | 20994 | 91569 | 159 | 35 | 0.22
LUAD | Lung adenocarcinoma | 9 | 57964 | 799 | 18388 | 23681 | 100844 | 426 | 101 | 0.24
LUSC | Lung squamous CC. | 9 | 57964 | 895 | 18500 | 23524 | 100895 | 418 | 132 | 0.32
OV | Ovarian cancer | 6 | 57447 | 975 | 13298 | 24508 | 96237 | 219 | 109 | 0.50
PAAD | Pancreatic AC. | 10 | 57964 | 612 | 12392 | 22348 | 93329 | 124 | 52 | 0.42
SARC | Sarcoma | 11 | 57964 | 778 | 10001 | 22842 | 91599 | 126 | 38 | 0.30
SKCM | Skin cutaneous M. | 9 | 57964 | 1002 | 18593 | 22248 | 99819 | 249 | 87 | 0.35
STAD | Stomach AC. | 7 | 57964 | 787 | 18581 | 26027 | 103369 | 295 | 62 | 0.21
UCEC | Uterine corpus EC. | 11 | 57447 | 866 | 21053 | 23978 | 103358 | 405 | 38 | 0.09

Summary of the datasets used for the benchmark experiment. The third to the seventh column show the number of features in the feature group, the eighth column the total amount of features (p). The last three columns show, in this order, the number of observations (n), the number of effective cases (n_e) and the ratio of the number of events and the number of observations (r_e).

Abbreviations: C. indicates carcinoma; CC., cell carcinoma; PP, renal papilla; AC., adenocarcinoma; M., melanoma; EC., endometrial carcinoma.

Original text lines230-246:
[TABLE Table 4] Average learner performances. The values are obtained by averaging over the CV iterations and datasets. The time is measured in minutes. The second column shows the affiliation of the methods using the multi-omics data to the categories described in section 3.3. Column ‘All’ represents the total number of selected features, the subsequent columns the numbers of selected features of the respective groups. For learners not yielding model coefficients, the corresponding measures are set to “-”. The ‘ci’ columns display the 95% confidence intervals for the means based on quantiles of the t-distribution; observations are the learners’ average values over the CV iterations, i.e. one observation per dataset. The total number of features may differ from the sum of features in each group due to rounding errors. The last column depicts the overall percentage of modeling failures.
 |  |  | ibrier |  |  | cindex |  |  |  |  |  |  |  |  | 
Learner | Category | Mean | sd | ci | Mean | sd | ci | Time | All | clin | cnv | mirna | rna | mut | failures in %
blockForest | Non-fav | 0.174 | 0.042 | [0.153, 0.195] | 0.620 | 0.072 | [0.584, 0.656] | 80 | – | – | – | – | − | − | 0
CoxBoost favoring | Fav | 0.174 | 0.036 | [0.156, 0.192] | 0.618 | 0.057 | [0.589, 0.646] | 13 | 13 | 8 | 1 | 0 | 3 | 1 | 0
Clinical only | – | 0.175 | 0.038 | [0.156, 0.194] | 0.618 | 0.060 | [0.588, 0.648] | 0 | 8 | 8 | – | – | − | − | 0
CoxBoost | Naive | 0.175 | 0.039 | [0.155, 0.194] | 0.552 | 0.080 | [0.512, 0.592] | 14 | 10 | 0 | 1 | 1 | 5 | 2 | 28.6
ipflasso | Non-fav | 0.176 | 0.034 | [0.159, 0.193] | 0.578 | 0.100 | [0.528, 0.628] | 33 | 7 | 5 | 0 | 1 | 0 | 1 | 9.7
ranger | Naive | 0.179 | 0.045 | [0.157, 0.202] | 0.562 | 0.068 | [0.529, 0.596] | 10 | – | – | – | – | − | − | 0
prioritylasso | Non-fav | 0.180 | 0.037 | [0.162, 0.199] | 0.591 | 0.068 | [0.558, 0.625] | 32 | 26 | 4 | 4 | 7 | 7 | 4 | 1.2
Kaplan–Meier | – | 0.180 | 0.040 | [0.160, 0.200] | 0.500 | 0.000 | [0.500, 0.500] | 0 | – | – | – | – | − | − | 0
prioritylasso favoring | Fav | 0.181 | 0.040 | [0.161, 0.201] | 0.607 | 0.056 | [0.579, 0.635] | 39 | 30 | 8 | 4 | 6 | 6 | 5 | 1.9
grridge | Non-fav | 0.181 | 0.044 | [0.159, 0.203] | 0.587 | 0.069 | [0.553, 0.622] | 28 | 984 | 2 | 332 | 19 | 540 | 91 | 1.4
glmboost | Naive | 0.188 | 0.037 | [0.169, 0.206] | 0.542 | 0.104 | [0.490, 0.593] | 12 | 22 | 0 | 3 | 1 | 10 | 7 | 19.7
Lasso | Naive | 0.198 | 0.034 | [0.181, 0.215] | 0.546 | 0.089 | [0.502, 0.591] | 8 | 16 | 0 | 2 | 1 | 8 | 5 | 31.2

Average learner performances. The values are obtained by averaging over the CV iterations and datasets. The time is measured in minutes. The second column shows the affiliation of the methods using the multi-omics data to the categories described in section 3.3. Column ‘All’ represents the total number of selected features, the subsequent columns the numbers of selected features of the respective groups. For learners not yielding model coefficients, the corresponding measures are set to “-”. The ‘ci’ columns display the 95% confidence intervals for the means based on quantiles of the t-distribution; observations are the learners’ average values over the CV iterations, i.e. one observation per dataset. The total number of features may differ from the sum of features in each group due to rounding errors. The last column depicts the overall percentage of modeling failures.
Original text lines304-327:
[TABLE Table 5] Assessment of the added predictive value of the molecular variables by dataset. The second and seventh column show the best performing learners for the respective dataset and measure, the ‘cindex’ and ‘ibrier’ columns the performances of these learners. In the cases where the clinical only model is outperformed, the ‘Ref.’ columns show the corresponding cindex and ibrier values of the reference Cox model only using clinical variables. The “ci” columns show the 95% confidence intervals for the respective performance values based on quantiles of the t-distribution; observations are the learners’ CV iteration values. Note that these intervals are intended to give a notion of the stability of the mean values, but are—in contrast to Table 4 —not valid confidence intervals, since the CV iterations are no independent observations [ 55 , 56 ]. Bold letters indicate datasets for which there is a method using the group structure and outperforming the Cox model for both measures.
Data | Learner | ibrier | ci | Ref. | ci | Learner | cindex | ci | Ref. | ci
BLCA | CoxBoost favoring | 0.190 | [0.181, 0.199] | 0.192 | [0.183, 0.201] | CoxBoost favoring | 0.640 | [0.612, 0.668] | 0.633 | [0.607, 0.659]
BRCA | blockForest | 0.141 | [0.134, 0.149] | 0.147 | [0.137, 0.158] | CoxBoost favoring | 0.643 | [0.618, 0.669] | 0.637 | [0.608, 0.666]
COAD | blockForest | 0.087 | [0.075, 0.099] | 0.101 | [0.088, 0.115] | blockForest | 0.656 | [0.586, 0.725] | 0.541 | [0.475, 0.608]
ESCA | ipflasso | 0.209 | [0.198, 0.221] | 0.214 | [0.199, 0.228] | Clinical only | 0.574 | [0.536, 0.612] | − | −
HNSC | glmboost | 0.202 | [0.193, 0.211] | 0.210 | [0.201, 0.220] | blockForest | 0.582 | [0.554, 0.610] | 0.554 | [0.519, 0.588]
KIRC | ipflasso | 0.144 | [0.138, 0.149] | 0.146 | [0.140, 0.152] | Clinical only | 0.761 | [0.734, 0.789] | − | −
KIRP | ranger | 0.118 | [0.106, 0.131] | 0.140 | [0.117, 0.163] | grridge | 0.629 | [0.566, 0.692] | 0.572 | [0.502, 0.641]
LAML | ranger | 0.182 | [0.165, 0.199] | 0.231 | [0.200, 0.263] | ranger | 0.709 | [0.651, 0.766] | 0.596 | [0.534, 0.657]
LGG | Lasso * | 0.145 | [0.132, 0.157] | 0.168 | [0.154, 0.181] | glmboost | 0.749 | [0.719, 0.779] | 0.652 | [0.618, 0.685]
LIHC | ranger | 0.146 | [0.135, 0.157] | 0.169 | [0.158, 0.180] | grridge | 0.602 | [0.560, 0.645] | 0.586 | [0.542, 0.630]
LUAD | CoxBoost favoring * | 0.172 | [0.160, 0.183] | 0.172 | [0.161, 0.183] | prioritylasso | 0.665 | [0.640, 0.690] | 0.663 | [0.631, 0.695]
LUSC | grridge | 0.210 | [0.203, 0.217] | 0.216 | [0.205, 0.227] | prioritylasso favoring | 0.537 | [0.502, 0.572] | 0.531 | [0.502, 0.561]
OV | ipflasso * | 0.169 | [0.163, 0.174] | 0.173 | [0.167, 0.179] | prioritylasso | 0.600 | [0.582, 0.618] | 0.598 | [0.580, 0.617]
PAAD | Clinical only * | 0.190 | [0.178, 0.202] | – | – | prioritylasso favoring | 0.686 | [0.658, 0.714] | 0.683 | [0.655, 0.712]
SARC | glmboost * | 0.179 | [0.167, 0.190] | 0.202 | [0.188, 0.217] | blockForest | 0.685 | [0.651, 0.720] | 0.673 | [0.637, 0.709]
SKCM | Clinical only | 0.191 | [0.185, 0.198] | 0.191 | [0.185, 0.198] | blockForest | 0.597 | [0.556, 0.639] | 0.581 | [0.540, 0.623]
STAD | Clinical only | 0.192 | [0.182, 0.202] | – | – | Clinical only | 0.598 | [0.555, 0.641] | – | –
UCEC | ipflasso | 0.091 | [0.079, 0.102] | 0.092 | [0.080, 0.105] | Clinical only | 0.686 | [0.581, 0.791] | – | –

Assessment of the added predictive value of the molecular variables by dataset. The second and seventh column show the best performing learners for the respective dataset and measure, the ‘cindex’ and ‘ibrier’ columns the performances of these learners. In the cases where the clinical only model is outperformed, the ‘Ref.’ columns show the corresponding cindex and ibrier values of the reference Cox model only using clinical variables. The “ci” columns show the 95% confidence intervals for the respective performance values based on quantiles of the t-distribution; observations are the learners’ CV iteration values. Note that these intervals are intended to give a notion of the stability of the mean values, but are—in contrast to Table 4 —not valid confidence intervals, since the CV iterations are no independent observations [ 55 , 56 ]. Bold letters indicate datasets for which there is a method using the group structure and outperforming the Cox model for both measures.

* indicates that there is a method with equal performance.
Original text lines331-354:
[TABLE Table 6] Comparing naive learners and structured learners. The performance of structured learners, i.e. learners using the group structure, and naive learners are compared for every dataset. The cindex and ibrier columns show the mean performance values for the corresponding dataset and learner types. Bold values indicate better values for the given dataset.
 | ibrier |  | cindex | 
Data | Structured | Naive | Structured | Naive
BLCA | 0.198 | 0.201 | 0.618 | 0.595
BRCA | 0.152 | 0.187 | 0.598 | 0.512
COAD | 0.104 | 0.120 | 0.518 | 0.480
ESCA | 0.235 | 0.234 | 0.506 | 0.477
HNSC | 0.210 | 0.210 | 0.562 | 0.557
KIRC | 0.154 | 0.156 | 0.721 | 0.690
KIRP | 0.132 | 0.136 | 0.560 | 0.532
LAML | 0.207 | 0.217 | 0.634 | 0.558
LGG | 0.169 | 0.153 | 0.695 | 0.726
LIHC | 0.171 | 0.167 | 0.566 | 0.559
LUAD | 0.181 | 0.194 | 0.636 | 0.539
LUSC | 0.220 | 0.229 | 0.501 | 0.457
OV | 0.172 | 0.192 | 0.575 | 0.448
PAAD | 0.196 | 0.203 | 0.663 | 0.588
SARC | 0.197 | 0.180 | 0.667 | 0.624
SKCM | 0.200 | 0.221 | 0.580 | 0.509
STAD | 0.199 | 0.210 | 0.556 | 0.525
UCEC | 0.103 | 0.119 | 0.646 | 0.538

Comparing naive learners and structured learners. The performance of structured learners, i.e. learners using the group structure, and naive learners are compared for every dataset. The cindex and ibrier columns show the mean performance values for the corresponding dataset and learner types. Bold values indicate better values for the given dataset.
"	L294: However, when comparing the described performances—especially if based on the aggregated results in Table 4 —it is very important to consider the heterogeneity over the datasets. As the standard deviations and confidence intervals in Table 4 and the boxplots in Figure 2 show, the performance of the methods varies strongly over the datasets (the confidence intervals are obtained by using the learners’ average values over the CV iterations as observations, i.e. one observation per dataset). The dataset specific learner performances are depicted in the supplementary tables . Moreover, paired two-sided \documentclass[12pt]{minimal} \usepackage{amsmath} \usepackage{wasysym} \usepackage{amsfonts} \usepackage{amssymb} \usepackage{amsbsy} \usepackage{upgreek} \usepackage{mathrsfs} \setlength{\oddsidemargin}{-69pt} \begin{document} }{}$t$\end{document} -tests comparing, for example, blockForest with CoxBoost favoring and the clinical only model show no statistically significant differences in performance with \documentclass[12pt]{minimal} \usepackage{amsmath} \usepackage{wasysym} \usepackage{amsfonts} \usepackage{amssymb} \usepackage{amsbsy} \usepackage{upgreek} \usepackage{mathrsfs} \setlength{\oddsidemargin}{-69pt} \begin{document} }{}$p$\end{document} -values of 0.81 and 0.86 (cindex) and 0.95 and 0.78 (ibrier). For all \documentclass[12pt]{minimal} \usepackage{amsmath} \usepackage{wasysym} \usepackage{amsfonts} \usepackage{amssymb} \usepackage{amsbsy} \usepackage{upgreek} \usepackage{mathrsfs} \setlength{\oddsidemargin}{-69pt} \begin{document} }{}$t$\end{document} -tests in the study, the normal distribution assumption was checked with Shapiro–Wilk tests and Q-Q plots. Thus, considering the small differences in performance and the variability of the method performances across datasets, conclusions about the superiority of one method over another should be treated with great caution.	paper/literature/txt/L02.txt:294	contextual	Discussion	paper/reusability_report.tex:100	No two of the ten nonlinear models differed by more than the Nemenyi critical difference of 4.19 ranks.\citep{demsar2006statistical} In this setting TabPFN is reusable: it installs and runs without tuning and is at least as good as tuned tree ensembles.	Use to qualify similar magnitudes, not to establish equivalence	supported_text	Pending sentence-level adjudication; source finding is not certification of current wording	Our Nemenyi nonsignificance likewise does not show noninferiority. Exhaustive figure/supplement audit remains pending.
E048	L02	herrmann2021benchmark	10.1093/bib/bbaa167	2021	Large-scale benchmark study of survival prediction methods using multi-omics data	Structured methods can avoid discounting small clinical blocks	Table6 BRCA structured/naive C .598/.512, IBS .152/.187; LUAD C .636/.539, IBS .181/.194; LUSC C .501/.457, IBS .220/.229; all18 datasets retained	Average over method families; not one model's scores	"18 TCGA cohorts; censored overall survival; clinical/CNV/miRNA/mutation/RNA, methylation omitted. Full Table2 n/p/events/block sizes below. Event-stratified outer10x5CV for11 datasets <92MB,5x5CV for7 >112MB; inner10fold or OOB method-specific. Thirteen learners including Kaplan-Meier and clinical Cox references; SGL omitted principal comparison for compute. Uno C-index and integrated Brier score (IBS), not ROC AUC. Across-dataset t-based95%CIs, not patient-level uncertainty.
SOURCE TABLE EXTRACTS (original layout; inspect ambiguous column alignment before use):
Original text lines175-199:
[TABLE Table 2] Summary of the datasets used for the benchmark experiment. The third to the seventh column show the number of features in the feature group, the eighth column the total amount of features (p). The last three columns show, in this order, the number of observations (n), the number of effective cases (n_e) and the ratio of the number of events and the number of observations (r_e).
Dataset | Cancer | Clin. | cnv | mirna | mutation | rna | p | n | n_e | r_e
BLCA | Bladder urothelial | 5 | 57964 | 825 | 18577 | 23081 | 100455 | 382 | 103 | 0.27
BRCA | Breast invasive C. | 8 | 57964 | 835 | 17975 | 22694 | 99479 | 735 | 72 | 0.10
COAD | Colon adenocarcinoma | 7 | 57964 | 802 | 18538 | 22210 | 99524 | 191 | 17 | 0.09
ESCA | Esophageal C. | 6 | 57964 | 763 | 12628 | 25494 | 96858 | 106 | 37 | 0.35
HNSC | Head–neck squamous CC. | 11 | 57964 | 793 | 17248 | 21520 | 97539 | 443 | 152 | 0.34
KIRC | Kidney renal clear CC. | 9 | 57964 | 725 | 10392 | 22972 | 92065 | 249 | 62 | 0.25
KIRP | Cervical kidney RP. CC. | 6 | 57964 | 593 | 8312 | 32525 | 99403 | 167 | 20 | 0.12
LAML | Acute myeloid leukemia | 7 | 57962 | 882 | 2176 | 29132 | 90162 | 35 | 14 | 0.40
LGG | Low grade glioma | 10 | 57964 | 645 | 9235 | 22297 | 90154 | 419 | 77 | 0.18
LIHC | Liver hepatocellular C. | 11 | 57964 | 776 | 11821 | 20994 | 91569 | 159 | 35 | 0.22
LUAD | Lung adenocarcinoma | 9 | 57964 | 799 | 18388 | 23681 | 100844 | 426 | 101 | 0.24
LUSC | Lung squamous CC. | 9 | 57964 | 895 | 18500 | 23524 | 100895 | 418 | 132 | 0.32
OV | Ovarian cancer | 6 | 57447 | 975 | 13298 | 24508 | 96237 | 219 | 109 | 0.50
PAAD | Pancreatic AC. | 10 | 57964 | 612 | 12392 | 22348 | 93329 | 124 | 52 | 0.42
SARC | Sarcoma | 11 | 57964 | 778 | 10001 | 22842 | 91599 | 126 | 38 | 0.30
SKCM | Skin cutaneous M. | 9 | 57964 | 1002 | 18593 | 22248 | 99819 | 249 | 87 | 0.35
STAD | Stomach AC. | 7 | 57964 | 787 | 18581 | 26027 | 103369 | 295 | 62 | 0.21
UCEC | Uterine corpus EC. | 11 | 57447 | 866 | 21053 | 23978 | 103358 | 405 | 38 | 0.09

Summary of the datasets used for the benchmark experiment. The third to the seventh column show the number of features in the feature group, the eighth column the total amount of features (p). The last three columns show, in this order, the number of observations (n), the number of effective cases (n_e) and the ratio of the number of events and the number of observations (r_e).

Abbreviations: C. indicates carcinoma; CC., cell carcinoma; PP, renal papilla; AC., adenocarcinoma; M., melanoma; EC., endometrial carcinoma.

Original text lines230-246:
[TABLE Table 4] Average learner performances. The values are obtained by averaging over the CV iterations and datasets. The time is measured in minutes. The second column shows the affiliation of the methods using the multi-omics data to the categories described in section 3.3. Column ‘All’ represents the total number of selected features, the subsequent columns the numbers of selected features of the respective groups. For learners not yielding model coefficients, the corresponding measures are set to “-”. The ‘ci’ columns display the 95% confidence intervals for the means based on quantiles of the t-distribution; observations are the learners’ average values over the CV iterations, i.e. one observation per dataset. The total number of features may differ from the sum of features in each group due to rounding errors. The last column depicts the overall percentage of modeling failures.
 |  |  | ibrier |  |  | cindex |  |  |  |  |  |  |  |  | 
Learner | Category | Mean | sd | ci | Mean | sd | ci | Time | All | clin | cnv | mirna | rna | mut | failures in %
blockForest | Non-fav | 0.174 | 0.042 | [0.153, 0.195] | 0.620 | 0.072 | [0.584, 0.656] | 80 | – | – | – | – | − | − | 0
CoxBoost favoring | Fav | 0.174 | 0.036 | [0.156, 0.192] | 0.618 | 0.057 | [0.589, 0.646] | 13 | 13 | 8 | 1 | 0 | 3 | 1 | 0
Clinical only | – | 0.175 | 0.038 | [0.156, 0.194] | 0.618 | 0.060 | [0.588, 0.648] | 0 | 8 | 8 | – | – | − | − | 0
CoxBoost | Naive | 0.175 | 0.039 | [0.155, 0.194] | 0.552 | 0.080 | [0.512, 0.592] | 14 | 10 | 0 | 1 | 1 | 5 | 2 | 28.6
ipflasso | Non-fav | 0.176 | 0.034 | [0.159, 0.193] | 0.578 | 0.100 | [0.528, 0.628] | 33 | 7 | 5 | 0 | 1 | 0 | 1 | 9.7
ranger | Naive | 0.179 | 0.045 | [0.157, 0.202] | 0.562 | 0.068 | [0.529, 0.596] | 10 | – | – | – | – | − | − | 0
prioritylasso | Non-fav | 0.180 | 0.037 | [0.162, 0.199] | 0.591 | 0.068 | [0.558, 0.625] | 32 | 26 | 4 | 4 | 7 | 7 | 4 | 1.2
Kaplan–Meier | – | 0.180 | 0.040 | [0.160, 0.200] | 0.500 | 0.000 | [0.500, 0.500] | 0 | – | – | – | – | − | − | 0
prioritylasso favoring | Fav | 0.181 | 0.040 | [0.161, 0.201] | 0.607 | 0.056 | [0.579, 0.635] | 39 | 30 | 8 | 4 | 6 | 6 | 5 | 1.9
grridge | Non-fav | 0.181 | 0.044 | [0.159, 0.203] | 0.587 | 0.069 | [0.553, 0.622] | 28 | 984 | 2 | 332 | 19 | 540 | 91 | 1.4
glmboost | Naive | 0.188 | 0.037 | [0.169, 0.206] | 0.542 | 0.104 | [0.490, 0.593] | 12 | 22 | 0 | 3 | 1 | 10 | 7 | 19.7
Lasso | Naive | 0.198 | 0.034 | [0.181, 0.215] | 0.546 | 0.089 | [0.502, 0.591] | 8 | 16 | 0 | 2 | 1 | 8 | 5 | 31.2

Average learner performances. The values are obtained by averaging over the CV iterations and datasets. The time is measured in minutes. The second column shows the affiliation of the methods using the multi-omics data to the categories described in section 3.3. Column ‘All’ represents the total number of selected features, the subsequent columns the numbers of selected features of the respective groups. For learners not yielding model coefficients, the corresponding measures are set to “-”. The ‘ci’ columns display the 95% confidence intervals for the means based on quantiles of the t-distribution; observations are the learners’ average values over the CV iterations, i.e. one observation per dataset. The total number of features may differ from the sum of features in each group due to rounding errors. The last column depicts the overall percentage of modeling failures.
Original text lines304-327:
[TABLE Table 5] Assessment of the added predictive value of the molecular variables by dataset. The second and seventh column show the best performing learners for the respective dataset and measure, the ‘cindex’ and ‘ibrier’ columns the performances of these learners. In the cases where the clinical only model is outperformed, the ‘Ref.’ columns show the corresponding cindex and ibrier values of the reference Cox model only using clinical variables. The “ci” columns show the 95% confidence intervals for the respective performance values based on quantiles of the t-distribution; observations are the learners’ CV iteration values. Note that these intervals are intended to give a notion of the stability of the mean values, but are—in contrast to Table 4 —not valid confidence intervals, since the CV iterations are no independent observations [ 55 , 56 ]. Bold letters indicate datasets for which there is a method using the group structure and outperforming the Cox model for both measures.
Data | Learner | ibrier | ci | Ref. | ci | Learner | cindex | ci | Ref. | ci
BLCA | CoxBoost favoring | 0.190 | [0.181, 0.199] | 0.192 | [0.183, 0.201] | CoxBoost favoring | 0.640 | [0.612, 0.668] | 0.633 | [0.607, 0.659]
BRCA | blockForest | 0.141 | [0.134, 0.149] | 0.147 | [0.137, 0.158] | CoxBoost favoring | 0.643 | [0.618, 0.669] | 0.637 | [0.608, 0.666]
COAD | blockForest | 0.087 | [0.075, 0.099] | 0.101 | [0.088, 0.115] | blockForest | 0.656 | [0.586, 0.725] | 0.541 | [0.475, 0.608]
ESCA | ipflasso | 0.209 | [0.198, 0.221] | 0.214 | [0.199, 0.228] | Clinical only | 0.574 | [0.536, 0.612] | − | −
HNSC | glmboost | 0.202 | [0.193, 0.211] | 0.210 | [0.201, 0.220] | blockForest | 0.582 | [0.554, 0.610] | 0.554 | [0.519, 0.588]
KIRC | ipflasso | 0.144 | [0.138, 0.149] | 0.146 | [0.140, 0.152] | Clinical only | 0.761 | [0.734, 0.789] | − | −
KIRP | ranger | 0.118 | [0.106, 0.131] | 0.140 | [0.117, 0.163] | grridge | 0.629 | [0.566, 0.692] | 0.572 | [0.502, 0.641]
LAML | ranger | 0.182 | [0.165, 0.199] | 0.231 | [0.200, 0.263] | ranger | 0.709 | [0.651, 0.766] | 0.596 | [0.534, 0.657]
LGG | Lasso * | 0.145 | [0.132, 0.157] | 0.168 | [0.154, 0.181] | glmboost | 0.749 | [0.719, 0.779] | 0.652 | [0.618, 0.685]
LIHC | ranger | 0.146 | [0.135, 0.157] | 0.169 | [0.158, 0.180] | grridge | 0.602 | [0.560, 0.645] | 0.586 | [0.542, 0.630]
LUAD | CoxBoost favoring * | 0.172 | [0.160, 0.183] | 0.172 | [0.161, 0.183] | prioritylasso | 0.665 | [0.640, 0.690] | 0.663 | [0.631, 0.695]
LUSC | grridge | 0.210 | [0.203, 0.217] | 0.216 | [0.205, 0.227] | prioritylasso favoring | 0.537 | [0.502, 0.572] | 0.531 | [0.502, 0.561]
OV | ipflasso * | 0.169 | [0.163, 0.174] | 0.173 | [0.167, 0.179] | prioritylasso | 0.600 | [0.582, 0.618] | 0.598 | [0.580, 0.617]
PAAD | Clinical only * | 0.190 | [0.178, 0.202] | – | – | prioritylasso favoring | 0.686 | [0.658, 0.714] | 0.683 | [0.655, 0.712]
SARC | glmboost * | 0.179 | [0.167, 0.190] | 0.202 | [0.188, 0.217] | blockForest | 0.685 | [0.651, 0.720] | 0.673 | [0.637, 0.709]
SKCM | Clinical only | 0.191 | [0.185, 0.198] | 0.191 | [0.185, 0.198] | blockForest | 0.597 | [0.556, 0.639] | 0.581 | [0.540, 0.623]
STAD | Clinical only | 0.192 | [0.182, 0.202] | – | – | Clinical only | 0.598 | [0.555, 0.641] | – | –
UCEC | ipflasso | 0.091 | [0.079, 0.102] | 0.092 | [0.080, 0.105] | Clinical only | 0.686 | [0.581, 0.791] | – | –

Assessment of the added predictive value of the molecular variables by dataset. The second and seventh column show the best performing learners for the respective dataset and measure, the ‘cindex’ and ‘ibrier’ columns the performances of these learners. In the cases where the clinical only model is outperformed, the ‘Ref.’ columns show the corresponding cindex and ibrier values of the reference Cox model only using clinical variables. The “ci” columns show the 95% confidence intervals for the respective performance values based on quantiles of the t-distribution; observations are the learners’ CV iteration values. Note that these intervals are intended to give a notion of the stability of the mean values, but are—in contrast to Table 4 —not valid confidence intervals, since the CV iterations are no independent observations [ 55 , 56 ]. Bold letters indicate datasets for which there is a method using the group structure and outperforming the Cox model for both measures.

* indicates that there is a method with equal performance.
Original text lines331-354:
[TABLE Table 6] Comparing naive learners and structured learners. The performance of structured learners, i.e. learners using the group structure, and naive learners are compared for every dataset. The cindex and ibrier columns show the mean performance values for the corresponding dataset and learner types. Bold values indicate better values for the given dataset.
 | ibrier |  | cindex | 
Data | Structured | Naive | Structured | Naive
BLCA | 0.198 | 0.201 | 0.618 | 0.595
BRCA | 0.152 | 0.187 | 0.598 | 0.512
COAD | 0.104 | 0.120 | 0.518 | 0.480
ESCA | 0.235 | 0.234 | 0.506 | 0.477
HNSC | 0.210 | 0.210 | 0.562 | 0.557
KIRC | 0.154 | 0.156 | 0.721 | 0.690
KIRP | 0.132 | 0.136 | 0.560 | 0.532
LAML | 0.207 | 0.217 | 0.634 | 0.558
LGG | 0.169 | 0.153 | 0.695 | 0.726
LIHC | 0.171 | 0.167 | 0.566 | 0.559
LUAD | 0.181 | 0.194 | 0.636 | 0.539
LUSC | 0.220 | 0.229 | 0.501 | 0.457
OV | 0.172 | 0.192 | 0.575 | 0.448
PAAD | 0.196 | 0.203 | 0.663 | 0.588
SARC | 0.197 | 0.180 | 0.667 | 0.624
SKCM | 0.200 | 0.221 | 0.580 | 0.509
STAD | 0.199 | 0.210 | 0.556 | 0.525
UCEC | 0.103 | 0.119 | 0.646 | 0.538

Comparing naive learners and structured learners. The performance of structured learners, i.e. learners using the group structure, and naive learners are compared for every dataset. The cindex and ibrier columns show the mean performance values for the corresponding dataset and learner types. Bold values indicate better values for the given dataset.
"	L329: Including group structure In general, the results suggest that using the naive strategy of treating clinical and molecular variables equally leads to a worse performance in comparison to methods that take the group structure into account. Table 6 shows the mean performance of the naive learners and the structured learners (both favoring and not favoring the clinical features) by dataset. That is, we compare methods using multi-omics data and additionally its structure (structured learners: ipflasso, priortylasso variants, grridge, CoxBoost favoring, blockForest) against methods using the multi-omics data but not taking into account its structure (naive learners: Lasso, ranger, CoxBoost, glmboost). The clinical only model and the Kaplan–Meier estimate are not considered here. Each value is computed as average over the naive respectively the structured learners’ mean cindex and ibrier values. Only in five cases is the average performance of the naive learners better than the average performance of the structured learners: regarding the ibrier, the naive learners perform better than the structured learners for four datasets; regarding the cindex, only for the LGG dataset is the performance of the naive learners higher than the performance of the structured learners. Unpaired, one-sided \documentclass[12pt]{minimal} \usepackage{amsmath} \usepackage{wasysym} \usepackage{amsfonts} \usepackage{amssymb} \usepackage{amsbsy} \usepackage{upgreek} \usepackage{mathrsfs} \setlength{\oddsidemargin}{-69pt} \begin{document} }{}$t$\end{document} -tests for the four naive and the six structured learners, using the mean performance values of the individual methods over the datasets as observations, yield \documentclass[12pt]{minimal} \usepackage{amsmath} \usepackage{wasysym} \usepackage{amsfonts} \usepackage{amssymb} \usepackage{amsbsy} \usepackage{upgreek} \usepackage{mathrsfs} \setlength{\oddsidemargin}{-69pt} \begin{document} }{}$p$\end{document} -values of 0.1273 and 0.0002 for the ibrier and cindex, respectively.	paper/literature/txt/L02.txt:329	contextual	Discussion	paper/reusability_report.tex:164	Tree ensembles split greedily on individual features and average across random feature subsets, which may make them less able to collapse onto a single latent variable.	Discuss input-group imbalance as alternative to a unique ICL mechanism	supported_text	Pending sentence-level adjudication; source finding is not certification of current wording	Not causal proof for our attention or pooled-cancer effect; family averages differ in architecture. Exhaustive figure/supplement audit remains pending.
E049	L03	li2024combining	10.1186/s12911-024-02642-9	2024	Does combining numerous data types in multi-omics data improve or hinder performance in survival prediction? Insights from a large-scale benchmark study	Top omics combinations favour expression but do not justify all-modalities claims	Among 155 configurations, top30 IBS combinations: DNAseq only8; mRNA enrichment P=5.9x10^-6; expected15.5 occurrences per block under null	Hypergeometric enrichment of selected rank combinations	"14 TCGA cohorts; five omics blocks RNA/miRNA/methylation/mutation/CNV plus clinical;31 nonempty omics combinations x5methods=155 configurations. All cohort n/p/events/block sizes Table1 below. Clinical included/prioritised throughout. Train-fold RF importance selects <=2,500 features/block. Harrell C-index and IBS for censored OS. Modality combination is NOT pooling distinct cancer cohorts. Outer five-fold CV repeated five times WITHOUT censoring-indicator stratification (authors explicitly acknowledge this). Models RSF, blockForest, lasso, IPF-lasso, prioritylasso; no DL models. Dataset bootstrap gives rank uncertainty; neither25folds nor155configurations are independent datasets.
SOURCE TABLE EXTRACTS (original layout; inspect ambiguous column alignment before use):
Original text lines160-183:
are five omics blocks and clinical covariates, that is, six                       putational efficiency and because most variables do not
groups of features. An overview of these 14 datasets is                           carry information in the ultra-high-dimensional blocks.
given in Table 1. We used the same clinical covariates as                         Because of the large numbers of features, for some blocks

Table 1 Overview of the considered datasets. The third to the eighth column show the numbers of features in the respective feature
blocks (clin: clinical covariates, cnv: CNV, mirna: miRNA, mut: DNAseq, met: methylation, rna: mRNA). The last four columns show, in this
order, the total number of features (f ), the numbers of observations (n), the numbers of observed events (n_e), and the proportions of
observed events (r_e)
Dataset      Cancer                            clin     cnv          mirna       mut          met           rna            f         n     n_e    r_e
BLCA         Bladder urothelial                5        57,964       825         18,577       382,711       23,081         483,166   382   103    0.27
BRCA         Breast invasive C.                8        57,964       835         17,975       21,919        22,694         121,398   735   72     0.10
COAD         Colon AC.                         7        57,964       802         18,538       22,418        22,210         121,942   191   17     0.09
ESCA         Esophageal C.                     6        57,964       763         12,628       383,295       25,494         480,153   106   37     0.35
HNSC         Head–neck squamous CC.            11       57,964       793         17,248       376,058       21,520         473,597   443   152    0.34
LGG          Low grade glioma                  10       57,964       645         9235         373,499       22,297         463,653   419   77     0.18
LIHC         Liver hepatocellular C.           11       57,964       776         11,821       378,427       20,994         469,996   159   35     0.22
LUAD         Lung AC.                          9        57,964       799         18,388       22,486        23,681         123,330   426   101    0.24
LUSC         Lung squamous CC.                 9        57,964       895         18,500       21,364        23,524         122,259   418   132    0.32
PAAD         Pancreatic AC.                    10       57,964       612         12,392       375,464       22,348         468,793   124   52     0.42
SARC         Sarcoma                           11       57,964       778         10,001       378,139       22,842         469,738   126   38     0.30
SKCM         Skin cutaneous M.                 9        57,964       1002        18,593       377,193       22,248         477,012   249   62     0.21
STAD         Stomach AC.                       7        57,964       787         18,581       22,557        26,027         125,926   295   62     0.21
UCEC         Uterine corpus EC.                11       57,447       866         21,053       22,517        23,978         125,875   405   38     0.09
Abbreviations C. indicates carcinoma; AC., adenocarcinoma; CC., cell carcinoma; M., melanoma; EC., endometrial carcinoma"	L402: results obtained for the two performance measures were                         highly unlikely (p = 5.9 × 10−6 ). Details of the statistical	paper/literature/txt/L03.txt:402	contextual	Discussion	paper/reusability_report.tex:62	\textbf{b}, Patients per cohort: all patients (lightest bar) and those eligible for 3-year survival, 5-year survival and extreme survival (progressively darker bars); the number gives the cohort total.	Optional discussion of modality informativeness; do not confuse target selection with modality selection	supported_text	Pending sentence-level adjudication; source finding is not certification of current wording	Top30 retrospective ranking; supplementary counts/figure are not all numerically reconstructed; does not explain cohort pooling. Exhaustive figure/supplement audit remains pending.
E050	L03	li2024combining	10.1186/s12911-024-02642-9	2024	Does combining numerous data types in multi-omics data improve or hinder performance in survival prediction? Insights from a large-scale benchmark study	An important comparison-design limitation is stated by authors	25 outer splits = five repeats xfivefolds, without censoring-indicator stratification; R4.1.2	Evaluation-design detail	"14 TCGA cohorts; five omics blocks RNA/miRNA/methylation/mutation/CNV plus clinical;31 nonempty omics combinations x5methods=155 configurations. All cohort n/p/events/block sizes Table1 below. Clinical included/prioritised throughout. Train-fold RF importance selects <=2,500 features/block. Harrell C-index and IBS for censored OS. Modality combination is NOT pooling distinct cancer cohorts. Outer five-fold CV repeated five times WITHOUT censoring-indicator stratification (authors explicitly acknowledge this). Models RSF, blockForest, lasso, IPF-lasso, prioritylasso; no DL models. Dataset bootstrap gives rank uncertainty; neither25folds nor155configurations are independent datasets.
SOURCE TABLE EXTRACTS (original layout; inspect ambiguous column alignment before use):
Original text lines160-183:
are five omics blocks and clinical covariates, that is, six                       putational efficiency and because most variables do not
groups of features. An overview of these 14 datasets is                           carry information in the ultra-high-dimensional blocks.
given in Table 1. We used the same clinical covariates as                         Because of the large numbers of features, for some blocks

Table 1 Overview of the considered datasets. The third to the eighth column show the numbers of features in the respective feature
blocks (clin: clinical covariates, cnv: CNV, mirna: miRNA, mut: DNAseq, met: methylation, rna: mRNA). The last four columns show, in this
order, the total number of features (f ), the numbers of observations (n), the numbers of observed events (n_e), and the proportions of
observed events (r_e)
Dataset      Cancer                            clin     cnv          mirna       mut          met           rna            f         n     n_e    r_e
BLCA         Bladder urothelial                5        57,964       825         18,577       382,711       23,081         483,166   382   103    0.27
BRCA         Breast invasive C.                8        57,964       835         17,975       21,919        22,694         121,398   735   72     0.10
COAD         Colon AC.                         7        57,964       802         18,538       22,418        22,210         121,942   191   17     0.09
ESCA         Esophageal C.                     6        57,964       763         12,628       383,295       25,494         480,153   106   37     0.35
HNSC         Head–neck squamous CC.            11       57,964       793         17,248       376,058       21,520         473,597   443   152    0.34
LGG          Low grade glioma                  10       57,964       645         9235         373,499       22,297         463,653   419   77     0.18
LIHC         Liver hepatocellular C.           11       57,964       776         11,821       378,427       20,994         469,996   159   35     0.22
LUAD         Lung AC.                          9        57,964       799         18,388       22,486        23,681         123,330   426   101    0.24
LUSC         Lung squamous CC.                 9        57,964       895         18,500       21,364        23,524         122,259   418   132    0.32
PAAD         Pancreatic AC.                    10       57,964       612         12,392       375,464       22,348         468,793   124   52     0.42
SARC         Sarcoma                           11       57,964       778         10,001       378,139       22,842         469,738   126   38     0.30
SKCM         Skin cutaneous M.                 9        57,964       1002        18,593       377,193       22,248         477,012   249   62     0.21
STAD         Stomach AC.                       7        57,964       787         18,581       22,557        26,027         125,926   295   62     0.21
UCEC         Uterine corpus EC.                11       57,447       866         21,053       22,517        23,978         125,875   405   38     0.09
Abbreviations C. indicates carcinoma; AC., adenocarcinoma; CC., cell carcinoma; M., melanoma; EC., endometrial carcinoma"	L334: dation repeated five times, without stratification based                the latter specific observation, there is no clear picture	paper/literature/txt/L03.txt:334	contextual	Discussion;Methods	paper/reusability_report.tex:180	\subsection*{Frozen evaluation}	Document why benchmark protocols are not numerically interchangeable	supported_text	Pending sentence-level adjudication; source finding is not certification of current wording	Clinical variables included in this source, omitted from our molecular comparison; conditional population differs. Exhaustive figure/supplement audit remains pending.
E051	L04	NA	10.1016/j.crmeth.2023.100461	2023	Systematic comparison of multi-omics survival models reveals a widespread lack of noise resistance	Statistical and neural survival methods differ in probabilistic scoring	Clinical+GEX IBS BlockForest .162(SE.0020), PriorityLasso .166(.0022), RSF .167(.0020), Elasticnet .167(.0021); neural .171-.176, except relevant Table1 exact rows retained	Integrated Brier score under censoring, not a pure calibration metric	"17 TCGA cohorts with seven modalities: clinical, expression, protein, CNV, methylation, mutation, miRNA. Per-cohort n/p in TableS1, not available in main extraction: NR, do not borrow L02 counts. Twelve models:8neural/4statistical. Clinical+expression versus all7, optional train-only PCA; separate1/3/5 Gaussian-noise blocks each10,000features and artificial true-survival-time predictor experiment. Outer5repeats x5folds; inner5fold; NN10%training validation,100epochs/patience10. Antolini C/IBS; parentheses STANDARD ERRORS. Dataset-mean paired Wilcoxon/Holm in specified families.
SOURCE TABLE EXTRACTS (original layout; inspect ambiguous column alignment before use):
Original text lines81-107:
When only incorporating clinical data and gene expression, the two most informative modalities, we found that all methods that incorporated the group structure of the data into their model-building process performed similarly in terms of discrimination, as measured by Antolini’s C ( Table 1 ), except Late (MoE) , which underperformed the other approaches. BlockForest achieved the highest Antolini’s C, but most other methods did not perform significantly worse than it ( Table 1 ). All methods that disregarded group structure ( Early , Elastic net, and RSF) performed significantly worse than BlockForest in terms of Antolini’s C. In terms of model IBS, BlockForest significantly outperformed all other methods. In addition, we saw a clear trend of deep learning models underperforming compared to statistical ones in terms of IBS, suggesting that deep learning models tend to be calibrated worse than statistical ones, even when using the same loss function. In fact, the best deep learning models performed worse in terms of IBS than the worst statistical ones ( Table 1 ). When looking beyond aggregated performance measures and investigating the rank of each model on each cancer-type-specific dataset in terms of Antolini’s C and the IBS we found a similar picture, with BlockForest and some of the intermediate deep learning methods generally securing the higher ranks for Antolini’s C, while BlockForest and other statistical models dominated in terms of the IBS ( Figures 1 A and 1B).

[TABLE Table 1] All considered methods showed a lack of noise resistance, exemplified by their inability to outperform the clinical baselines
 | Antolini’s C a | IBS b
Clinical + GEX | All | Clinical + GEX | All
BlockForest | 0.637 (0.0059) ∗, c | 0.619 (0.0060) ∗ | 0.162 (0.0020) ∗, c , d | 0.164 (0.0021) ∗, d
Elastic net | 0.599 (0.0061) c | 0.589 (0.0060) | 0.167 (0.0021) | 0.168 (0.0021)
PriorityLasso | 0.632 (0.0060) ∗, c | 0.626 (0.0063) ∗ | 0.166 (0.0022) c | 0.174 (0.0024)
RSF | 0.601 (0.0055) c | 0.575 (0.0059) | 0.167 (0.0020) c | 0.169 (0.0021)
Early | 0.607 (0.0058) c | 0.587 (0.0059) | 0.176 (0.0025) c | 0.179 (0.0025)
Intermediate (Attention) | 0.633 (0.0057) ∗, c | 0.616 (0.0055) | 0.173 (0.0026) | 0.177 (0.0026)
Intermediate (Concat) | 0.635 (0.0057) ∗, c | 0.624 (0.0053) ∗ | 0.173 (0.0026) c | 0.190 (0.0035)
Intermediate (Embrace) | 0.622 (0.0056) ∗, c | 0.575 (0.0057) | 0.172 (0.0024) c | 0.182 (0.0026)
Intermediate (Max) | 0.635 (0.0055) ∗, c | 0.602 (0.0056) | 0.174 (0.0025) c | 0.186 (0.0027)
Intermediate (Mean) | 0.636 (0.0054) ∗, c | 0.615 (0.0056) | 0.171 (0.0023) c | 0.176 (0.0025)
Late (Mean) | 0.631 (0.0056) ∗ | 0.627 (0.0054) ∗ | 0.172 (0.0025) | 0.171 (0.0023)
Late (MoE) | 0.599 (0.0056) c | 0.564 (0.0054) | 0.179 (0.0024) c | 0.188 (0.0034)

All considered methods showed a lack of noise resistance, exemplified by their inability to outperform the clinical baselines

Mean Antolini’s C and IBS across test splits and datasets when integrating clinical data and gene expression compared to integrating all of the available modalities (described in Table S1 ). Standard errors are in parentheses. ∗ indicates values that were not significantly worse than the best model per column.

denotes a metric for which higher values are better.

the opposite.

indicates significantly better performance for a model utilizing clinical data and gene expression compared to all available modalities. P values are based on paired one-sided Wilcoxon signed-rank tests, except for the unimodal comparison, which is based on two-sided paired Wilcoxon signed-rank tests (see STAR Methods for details).
Original text lines149-168:
[TABLE Table 2] Dimensionality reduction improved the performance of most methods but did not generally lead to superior noise resistance
 | Antolini’s concordance | IBS
Clinical + GEX | All | Clinical + GEX | All
32 PCs | 64 PCs | 32 PCs | 64 PCs | 32 PCs | 64 PCs | 32 PCs | 64 PCs
BlockForest | 0.635 (0.0060) | 0.635 (0.0061) | 0.635 (0.0062) ∗ | 0.638 (0.0060) ∗ | 0.164 (0.0020) | 0.165 (0.0020) | 0.164 (0.0020) | 0.165 (0.0020)
Elastic net | 0.636 (0.0059) ∗ | 0.625 (0.0060) ∗ | 0.613 (0.0061) ∗ | 0.606 (0.0059) ∗ | 0.164 (0.0021) ∗ | 0.166 (0.0021) ∗ | 0.166 (0.0021) ∗ | 0.167 (0.0021)
PriorityLasso | 0.641 (0.0059) ∗ | 0.635 (0.0060) | 0.636 (0.0059) | 0.634 (0.0058) | 0.165 (0.0021) | 0.165 (0.0021) | 0.170 (0.0023) ∗ | 0.170 (0.0023) ∗
RSF | 0.629 (0.0057) ∗ | 0.623 (0.0059) ∗ | 0.617 (0.0057) ∗ | 0.609 (0.0058) ∗ | 0.166 (0.0019) ∗ | 0.168 (0.0019) | 0.167 (0.0020) | 0.169 (0.0020)
Early | 0.606 (0.0057) | 0.602 (0.0058) | 0.595 (0.0057) | 0.591 (0.0058) | 0.173 (0.0023) ∗ | 0.176 (0.0024) | 0.177 (0.0025) | 0.180 (0.0026)
Intermediate (Attention) | 0.629 (0.0059) | 0.629 (0.0057) | 0.607 (0.0060) | 0.612 (0.0057) | 0.168 (0.0023) ∗ | 0.170 (0.0023) | 0.173 (0.0024) | 0.175 (0.0024)
Intermediate (Concat) | 0.631 (0.0057) | 0.632 (0.0059) | 0.628 (0.0055) | 0.624 (0.0056) | 0.167 (0.0023) ∗ | 0.170 (0.0024) ∗ | 0.179 (0.0027) | 0.183 (0.0028)
Intermediate (Embrace) | 0.625 (0.0060) | 0.634 (0.0058) ∗ | 0.575 (0.0060) | 0.581 (0.0062) | 0.168 (0.0022) ∗ | 0.167 (0.0022) ∗ | 0.172 (0.0022) ∗ | 0.171 (0.0021)
Intermediate (Max) | 0.629 (0.0058) | 0.627 (0.0058) | 0.597 (0.0057) | 0.600 (0.0058) | 0.168 (0.0023) ∗ | 0.169 (0.0023) ∗ | 0.176 (0.0024) ∗ | 0.177 (0.0025) ∗
Intermediate (Mean) | 0.636 (0.0059) | 0.635 (0.0056) | 0.614 (0.0056) | 0.614 (0.0057) | 0.167 (0.0023) ∗ | 0.169 (0.0023) | 0.173 (0.0023) | 0.175 (0.0024) ∗
Late (Mean) | 0.633 (0.0058) | 0.628 (0.0059) | 0.622 (0.0057) | 0.626 (0.0055) | 0.168 (0.0022) ∗ | 0.170 (0.0023) ∗ | 0.169 (0.0023) ∗ | 0.171 (0.0023)
Late (MoE) | 0.597 (0.0057) | 0.597 (0.0058) | 0.561 (0.0054) | 0.566 (0.0053) | 0.175 (0.0022) ∗ | 0.174 (0.0023) ∗ | 0.178 (0.0023) ∗ | 0.177 (0.0023) ∗

Dimensionality reduction improved the performance of most methods but did not generally lead to superior noise resistance

Mean Antolini’s C and IBS across test splits of the considered datasets on TCGA when integrating clinical data and gene expression or all available modalities combined with using PCA for dimensionality reduction per modality, with a specific number of components. Standard errors are in parentheses. ∗ indicates significantly better performance compared to the same model trained without dimensionality reduction ( Table 1 ). The number of principal components (PCs) k indicates that PCA was performed using k principal components. ↑ denotes a metric for which higher values are better, ↓ the opposite. P-values are based on paired one-sided Wilcoxon signed-rank tests (see STAR Methods for details).
Original text lines174-192:
[TABLE Table 3] Most methods decreased in performance significantly when multiple Gaussian noise modalities were used in training, relative to training only on clinical data and gene expression
 | Antolini’s concordance | Integrated Brier Score
1 noise modality | 3 noise modalities | 5 noise modalities | 1 noise modality | 3 noise modalities | 5 noise modalities
BlockForest | 0.641 (0.0059) | 0.631 (0.0064) | 0.627 (0.0062) † | 0.164 (0.0020) † | 0.165 (0.0020) † | 0.166 (0.0020) †
Elastic net | 0.595 (0.0063) | 0.593 (0.0060) | 0.589 (0.0063) † | 0.167 (0.0021) | 0.167 (0.0021) | 0.167 (0.0021)
PriorityLasso | 0.631 (0.0061) | 0.624 (0.0063) † | 0.624 (0.0064) | 0.166 (0.0022) | 0.168 (0.0022) † | 0.169 (0.0023) †
RSF | 0.598 (0.0057) † | 0.595 (0.0056) † | 0.599 (0.0055) | 0.167 (0.0020) | 0.168 (0.0020) | 0.168 (0.0020)
Early | 0.606 (0.0055) | 0.608 (0.0057) | 0.603 (0.0057) | 0.177 (0.0025) | 0.178 (0.0024) | 0.179 (0.0025) †
Intermediate (Attention) | 0.630 (0.0059) | 0.620 (0.0055) † | 0.613 (0.0056) † | 0.175 (0.0024) | 0.185 (0.0024) † | 0.189 (0.0022) †
Intermediate (Concat) | 0.628 (0.0057) | 0.625 (0.0058) † | 0.619 (0.0060) † | 0.186 (0.0026) † | 0.201 (0.0032) † | 0.213 (0.0037) †
Intermediate (Embrace) | 0.609 (0.0055) † | 0.585 (0.0055) † | 0.575 (0.0057) † | 0.175 (0.0024) † | 0.183 (0.0024) † | 0.185 (0.0023) †
Intermediate (Max) | 0.635 (0.0056) | 0.626 (0.0054) † | 0.618 (0.0057) † | 0.178 (0.0025) † | 0.189 (0.0027) † | 0.198 (0.0028) †
Intermediate (Mean) | 0.629 (0.0057) | 0.614 (0.0058) † | 0.614 (0.0058) † | 0.176 (0.0025) † | 0.184 (0.0024) † | 0.188 (0.0024) †
Late (Mean) | 0.629 (0.0055) | 0.625 (0.0057) | 0.615 (0.0056) † | 0.176 (0.0023) † | 0.185 (0.0023) † | 0.195 (0.0027) †
Late (MoE) | 0.573 (0.0049) † | 0.546 (0.0048) † | 0.541 (0.0049) † | 0.186 (0.0024) † | 0.196 (0.0032) † | 0.204 (0.0034) †

Most methods decreased in performance significantly when multiple Gaussian noise modalities were used in training, relative to training only on clinical data and gene expression

Mean Antolini’s C and IBS across test splits and datasets when integrating clinical data and gene expression along with up to five simulated noise modalities, and optionally, the true survival time (see STAR Methods ). Standard errors are in parentheses. k noise modalities indicates that the model was trained with k noise modalities of dimensionality 10,000, in addition to clinical data and gene expression. † indicates performance significantly worse than the same model trained on only clinical data and gene expression (without noise modalities and target). ↑ denotes a metric for which higher values are better, ↓ the opposite. P values are based on paired one-sided Wilcoxon signed-rank tests (see STAR Methods for details).
Original text lines200-218:
[TABLE Table 4] Including survival times in the clinical modality greatly improved performance for all methods, but most methods were not able to maintain this gain when integrating additional Gaussian noise modalities
 | Antolini’s concordance
0 noise modalities | 1 noise modality | 3 noise modalities | 5 noise modalities
BlockForest | 0.894 (0.0039) ∗ | 0.907 (0.0036) ∗ | 0.912 (0.0041) ∗ | 0.914 (0.0043) ∗
Elastic net | 0.923 (0.0034) ∗ | 0.916 (0.0037) ∗ | 0.912 (0.0038) ∗ | 0.905 (0.0047) ∗
PriorityLasso | 0.955 (0.0056) ∗ | 0.952 (0.0056) ∗ | 0.951 (0.0057) ∗ | 0.950 (0.0056) ∗
RSF | 0.609 (0.0055) ∗ | 0.610 (0.0055) ∗ | 0.610 (0.0055) ∗ | 0.607 (0.0055) ∗
Early | 0.609 (0.0057) | 0.604 (0.0058) | 0.606 (0.0055) | 0.607 (0.0056)
Intermediate (Attention) | 0.847 (0.0055) ∗ | 0.818 (0.0056) ∗ | 0.766 (0.0068) ∗ | 0.730 (0.0074) ∗
Intermediate (Concat) | 0.865 (0.0055) ∗ | 0.850 (0.0058) ∗ | 0.827 (0.0065) ∗ | 0.816 (0.0063) ∗
Intermediate (Embrace) | 0.809 (0.0056) ∗ | 0.743 (0.0060) ∗ | 0.672 (0.0064) ∗ | 0.639 (0.0062)
Intermediate (Max) | 0.841 (0.0052) ∗ | 0.804 (0.0059) ∗ | 0.779 (0.0060) ∗ | 0.762 (0.0061) ∗
Intermediate (Mean) | 0.851 (0.0052) ∗ | 0.816 (0.0056) ∗ | 0.770 (0.0064) ∗ | 0.740 (0.0067) ∗
Late (Mean) | 0.853 (0.0054) ∗ | 0.837 (0.0057) ∗ | 0.800 (0.0071) ∗ | 0.773 (0.0076) ∗
Late (MoE) | 0.691 (0.0053) ∗ | 0.634 (0.0056) ∗ | 0.579 (0.0051) | 0.554 (0.0047)

Including survival times in the clinical modality greatly improved performance for all methods, but most methods were not able to maintain this gain when integrating additional Gaussian noise modalities

Mean Antolini’s C and IBS across test splits and datasets when integrating clinical data and gene expression along with up to five simulated noise modalities and survival times as part of the clinical modality (see STAR Methods ). Standard errors are in parentheses. k noise modalities indicates that the model was trained with k noise modalities of dimensionality 10,000, in addition to clinical data and gene expression. “With target” indicates that the true survival time was added to the clinical features. ∗ indicates performance significantly better than the same model trained on only clinical data and gene expression (without noise modalities and target). ↑ denotes a metric for which higher values are better, ↓ the opposite. P values are based on paired one-sided Wilcoxon signed-rank tests (see STAR Methods for details)."	L81: When only incorporating clinical data and gene expression, the two most informative modalities, we found that all methods that incorporated the group structure of the data into their model-building process performed similarly in terms of discrimination, as measured by Antolini’s C ( Table 1 ), except Late (MoE) , which underperformed the other approaches. BlockForest achieved the highest Antolini’s C, but most other methods did not perform significantly worse than it ( Table 1 ). All methods that disregarded group structure ( Early , Elastic net, and RSF) performed significantly worse than BlockForest in terms of Antolini’s C. In terms of model IBS, BlockForest significantly outperformed all other methods. In addition, we saw a clear trend of deep learning models underperforming compared to statistical ones in terms of IBS, suggesting that deep learning models tend to be calibrated worse than statistical ones, even when using the same loss function. In fact, the best deep learning models performed worse in terms of IBS than the worst statistical ones ( Table 1 ). When looking beyond aggregated performance measures and investigating the rank of each model on each cancer-type-specific dataset in terms of Antolini’s C and the IBS we found a similar picture, with BlockForest and some of the intermediate deep learning methods generally securing the higher ranks for Antolini’s C, while BlockForest and other statistical models dominated in terms of the IBS ( Figures 1 A and 1B).	paper/literature/txt/L04.txt:81	contextual	Discussion	paper/reusability_report.tex:162	It runs without tuning, performs at least as well as tuned tree ensembles, and its probability estimates were slightly better than the trees' in the pooled tasks (Extended Data Fig.~\ref{fig:ed_prob}).	Compare probabilistic accuracy cautiously; qualify source's calibration interpretation	supported_text	Pending sentence-level adjudication; source finding is not certification of current wording	IBS includes discrimination/resolution; source wording is not proof that lower Brier alone is calibration. Exhaustive figure/supplement audit remains pending.
E052	L06	NA	10.1002/sim.9817	2023	Propensity-based standardization to enhance the validation and interpretation of prediction model discrimination for a target population	Case-mix weighting does not always reduce heterogeneity	Model8 tau .17 unstandardised versus .28 standardised; model1 .29 versus .08	Between-study SD on logit c-statistic scale	"DVT diagnosis,13cross-sectional studies,n=10,002/events1,864. Development1,295=289events+1,006non-events(22%); validation8,707=1,575+7,132(18%) in12 studies, prevalence5%-39%. Eight logistic models with increasing predictors. Binary AUC case-mix standardisation using pairwise propensity weights;5,000 weighted bootstrap draws; REML/Hartung-Knapp meta-analysis and prediction intervals. Per-validation-study n in supplement NR. Simulations separate from real diagnostic counts.
SOURCE TABLE EXTRACTS (original layout; inspect ambiguous column alignment before use):
Original text lines414-438:
suspected patients, often no DVT is present on advanced reference testing.44 We here consider for illustrative purposes
the development and validation of eight different prediction models that could help in the diagnosis of DVT in patients
that are suspected of having DVT and use the IPD of 10 002 patients, of whom 1864 had DVT, from thirteen different
cross-sectional diagnostic studies across multiple countries.45 In this example, the prediction model was developed on
a sample from the intended target population, as is generally recommended.14 Conversely, samples used for external
validation are more often convenience samples: samples that have much in common with the target population but do not
fully reflect it and happen to be available. In this example, the development and validation samples had similar participant
characteristics on average (Table 1). For instance, in the development data 22% of the participants had DVT, whereas 18%
of the participants did in the pooled validation samples. However, there was major heterogeneity across the validation


T A B L E 1 Clinical characteristics of development and validation data for a model for diagnosing DVT.
                                            Development                                       Validation
    Variable                                No                           Yes                  No                     Yes                    Min            Max

    DVT                                     1006                         289 (22%)            7132                   1575 (18%)             5%             39%
    D-dimer abnormal                        398                          897 (69%)            3629                   5078 (58%)             39%            82%
    Calf difference > = 3 cm                739                          556 (43%)            6248                   2459 (28%)             15%            43%
    Oral contraceptive (OC)                 1167                         128 (10%)            8166                   541 (6%)               0%             23%
    Male                                    828                          467 (36%)            5327                   3380(39%)              33%            48%
    Absence of leg trauma                   197                          1098 (85%)           1587                   7120 (82%)             67%            95%
    Vein distension                         1038                         257 (20%)            7748                   959 (11%)              0%             20%
    Presence of malignancy                  1214                         81 (6%)              7954                   753 (9%)               4%             18%
    Recent surgery or bedridden             1114                         181 (14%)            7777                   930 (11%)              5%             18%
"	L534: found 𝜏̂ = 0.28 for the standardized c-statistic. Hence, in the unstandardized validation samples the heterogeneity of the	paper/literature/txt/L06.txt:534	contextual	Discussion	paper/reusability_report.tex:162	Its pooled pan-cancer scores, however, should not be read as patient-level prognosis.	Use balanced explanation: direction depends on model and target population	supported_text	Pending sentence-level adjudication; source finding is not certification of current wording	Not universal correction; coefficients and sampling heterogeneity interact. Exhaustive figure/supplement audit remains pending.
E053	L08	NA	10.48550/arXiv.2406.16484	2024	Robust prediction under missingness shifts	Outcome-dependent missingness changes the robustness assumptions	MCAR/nonmonotone MAR/self-masking MNAR/MAR-Y; shifts50%->25%/0%; Bayes/complete-data references distinct	Theoretical missingness assumptions and regressionMSE	Three settings: Gaussian simulated50covariates, lambda=.7/.3; semi-synthetic outcome on50 complete LBIDD covariates (1995 US infant-mortality records). EACH model100,000train/10,000validation/10,000independenttest;10reruns. MCAR, nonmonotone MAR, Gaussian self-masking MNAR, MAR-Y; source50%missingness -> target25% or0%, compared no-shift equivalents. Regression MSE, not prediction of real infant-death labels. Grid neural width/depth/rate/decay;1,000epochs/batch100/patience12. Table1 lists50variables, not50datasets.	"L420: function. In addition, we considered a setting MAR-Y in which the missingness of covariates de-
L439: by the linear model. For the MAR-Y setting, we also fitted variants that include Y for unbiased"	paper/literature/txt/L08.txt:420,439,1258,1270,1520	contextual	Discussion	paper/reusability_report.tex:124	That pattern mixes measured zeros with features that are structurally absent from a cohort.	Do not identify observed molecular zero as missing by definition; keep genuinezeros separate	supported_text	Pending sentence-level adjudication; source finding is not certification of current wording	Our assay zero mask has not been shown to satisfy any of these mechanisms. Exhaustive figure/supplement audit remains pending.
E054	L09	NA	10.1109/CVPR.2019.01155	2019	Characterizing and Avoiding Negative Transfer	Gated adaptation example limits harmful transfer	A->D,epsilon=.9,labelledtarget30%: DANN accuracy51.3 +/-4.3; DANNgate80.6 +/-1.8; gap28.4 versus -0.9	Accuracy percentage points over five repeats; +/-definition pending	Visual transfer: digits SVHN~73K->MNIST70K/10classes (USPS named but not main task); Office-31 total4,652/31classes, Webcam->DSLR,Amazon->DSLR,DSLR->Amazon; Office-Home~15,500/65classes, Art/Clipart/Product->RealWorld; VisDA additional synthetic-to-real task (per-domain n pending). Source all labelled; target50%training/50%testing; labelled fractions0/10/30/50%; Table2=10%,max3/class; perturbations0/.3/.7/.9. Eight transfer algorithms; accuracy%, NOT ROC AUC. VisDA source152Ksynthetic/target72Kreal,12categories; five random repeats of each transfer task. Reported '+/-' values not labelled95%CI here.	L376:             DANN         99.6±0.2   89.7±1.6    78.4±2.5     70.5±4.3       84.6    80.2±2.0    73.3±2.2     70.2±3.3      51.3±4.3      68.8	paper/literature/txt/L09.txt:376	contextual	Discussion	paper/reusability_report.tex:164	The hypothesis is directly testable.	Conceptual target-only baseline/remedy example, not a cancer numerical comparison	supported_text	Pending sentence-level adjudication; source finding is not certification of current wording	Negative transfer gap definition must be retained; not ours mean ROC delta. Exhaustive figure/supplement audit remains pending.
E055	L16	priorlabs2025tabpfn25	10.48550/arXiv.2511.08667	2025	TabPFN-2.5: Advancing the State of the Art in Tabular Foundation Models	Version capacity should not be described as a context failure at1,000patients	Table1 recommended v1 1,000rows/100features/depth8; v2 10,000/500/depth12; v2.5 50,000/2,000/depth18-24	Recommended table size, not evaluation CPUexecution guard	TabPFN-2.5 developer report: designed50Krows/2Kfeatures, exploratory benchmarks100Krows; design capacity NOT CPU1K safeguard. TabArena-Lite<=10K/500features versus all<=100K/2K; classification/regression separate. Tuning60configs versus200baselines; AutoGluon1.4extreme4h. Separate internal<=50K/500features, wide500-2Kfeatures, RealCause causal tasks and43fine-tuning real tables (not synthetic pretraining). Individual benchmark subsets/data cells remain pending where no printed table.	L297: Rows and Features are the recommended maximum sizes.	paper/literature/txt/L16.txt:297	contextual	Methods;Discussion	paper/reusability_report.tex:117	NA, pooled 3-year training sets exceeded the 1,000-sample CPU limit of TabPFN v2--v2.6.}	If limitations discussed, distinguish safeguard from architectural parsing limit	supported_text	Pending sentence-level adjudication; source finding is not certification of current wording	NA remains NA; no refitting requested; L17 describes additional newer regimes. Exhaustive figure/supplement audit remains pending.
E056	L19	qu2025tabicl	NA	2025	TabICL: A Tabular Foundation Model for In-Context Learning on Large Data	Benchmark validation use differs between model families	ICL train-only; conventional models usevalidation early-stopping/tuning;15development datasets excluded;32estimator ensemble	Evaluation conditions, not a performance value	TALENT200classificationdatasets120binary/80multiclass; main evaluation excludes15TabPFNv2developmentdatasets. Main<=10class subset171:112binary/59multiclass;116small<=10K,53large>10K; separate12>10class. Up to500Krows/500features inference, synthetic pretrain60K. Fixed benchmark splits; ICL train-only while other models usevalidation;32estimator ensemble;accuracy/AUC/logloss/ranks. All per-dataset n/p not reproduced in report, benchmark metadata needed.	L510: and TabPFNv2 using the training data only, which places               TabICL enables ICL for large datasets. While	paper/literature/txt/L19.txt:510	contextual	Reproducibility;Discussion	paper/reusability_report.tex:70	The margins were small, and with one split per dataset these results confirm the direction of the original finding rather than its size.	Define what reproduced claim is and what has not been reproduced	supported_text	Pending sentence-level adjudication; source finding is not certification of current wording	Our default comparisons not this TALENT protocol; TabICL is not an evaluated arm. Exhaustive figure/supplement audit remains pending.
E057	L20	erickson2025tabarena	10.48550/arXiv.2506.16791	2025	TabArena: A Living Benchmark for Machine Learning on Tabular Data	Runtime comparisons are hardware-specific and missing-score methods differ	32GBRAM/100GBdisk; CPU8coreAWSM6i.2xlarge; L40S48GB forGPU; live leaderboard additionally imputes absent datasets	Resource budget; supplementary leaderboard treatment	"Archived TabArena-v0.1 Nov2025:1,053candidates->51datasets,16models,~25million instances. Every dataset N/d/C in TableB.2 below (full N,not train n; preserve printed feature-count convention). TabPFNv2-compatible33<=10Ktrain/500features/10classes; TabICLclassification subset differs. Default/tuned/tuned+ensemble; validation design varies;4hAutoGluon1.3reference. Archived version, not today's leaderboard. TabICL-compatible36classification datasets <=100K/500features. CPUAWSM6i.2xlarge8cores;GPUL40S48GB/8AMDEPYCcores;32GBRAM/100GBdisk each run.
SOURCE TABLE EXTRACTS (original layout; inspect ambiguous column alignment before use):
Original text lines2492-2556:
         excluded them. To be consistent, we also excluded datasets consisting of features from
         image data for which we were not able to assess whether the tasks are outdated. Features
         extracted from image data are not an exclusion criterion for datasets in TabArena, as long
         as they represent a meaningful task and tabular models are a reasonable approach to solve
         those tasks.
       • The huge amount of tiny (fewer than 500 training samples) datasets is likely an artifact of a
         time when data collection was done at a much smaller scale than nowadays. Only four of
         the 142 tiny datasets for which we found a publication date were published later than 2010.
         Moreover, many of the tiny datasets seem to have originated in educational content, such as
         books or toy examples in tutorials.
       • Several datasets used in previous benchmarking studies were originally introduced as part
         of a series of AutoML Challenges. Datasets in these challenges were often released (and
         shared) with obscured, non-meaningful names. Most of the datasets are ablated versions
         of other datasets, and therefore have led to unintended duplicates in existing benchmarks.
         Furthermore, many of those datasets were from other domains, like images or text.
       • Of the 254 datasets with alternative versions listed in Figure 2, most are from the PMLB
         benchmark [47] and represent differently parameterized versions of artificially created
         datasets: 118 are Feynman equations and 62 are Friedman data generation functions.
       • Throughout the benchmarks, inconsistent versions of the same datasets were used: tasks
         were binarized, features were removed, and sometimes even targets were changed. This can
         be partially attributed to the misleading versioning system of OpenML. Subsequent versions
         of the same datasets correspond to a different upload with the same name, not necessarily
         an improved version of the same datasets. Therefore, some studies reused the alternative
         versions of the dataset uploaded under the same name for specific studies. In gathering the
         datasets, we disregarded which version of a dataset was used and solely focused on names.
         Therefore, some alternative versions were already filtered for the set of 1053 datasets with
         unique names. In our benchmark, we always searched for the raw version and used the
         dataset with minimal preprocessing.
       • After applying all other criteria, only 51 datasets were found to satisfy the IID criterion,
         while 68 did not. This underscores the findings of Rubachev et al. [10] that all previous
         benchmarks used random splits inappropriately. TabArena aims to end this malpractice.
       • A large number of datasets are tabular but were not intended to be used for predictive tasks.
         Most of these datasets were filtered due to being ’scientific discovery’ tasks, some due to
         quality issues. In general, some of these datasets might still be useful for benchmarking
         if they represent realistic distributions and target functions. However, most of the datasets


                                                    39

Table B.2: Datasets included in TabArena-v0.1. ’Dataset (Task) ID’ represents the OpenML dataset
and task IDs, ’name’ the dataset name, and Ref. the reference corresponding to the dataset. ’N’
represents the no. of samples, ’d’ the no. of features, ’C’ the no. of classes (- for regression tasks),
and ’% cat’ represents the percentage of features that are categorical. ’Subset’ indicates whether the
dataset has been used for the sub-benchmarks focusing on TabPFNv2 (left) and TabICL (right).
 Dataset (Task) ID   Name                                    Ref.         N        d      C   % cat   Subset
 46913 (363621)      blood-transfusion-service-center        [65]         748      5      2   20.0    ✓| ✓
 46921 (363629)      diabetes                                [66]         768      9      2   11.11   ✓| ✓
 46906 (363614)      anneal                                  [67]         898      39     5   84.62   ✓| ✓
 46954 (363698)      QSAR_fish_toxicity                      [68]         907      7      -   0.0     ✓| ✗
 46918 (363626)      credit-g                                [69]         1000     21     2   66.67   ✓| ✓
 46941 (363685)      maternal_health_risk                    [70]         1014     7      3   14.29   ✓| ✓
 46917 (363625)      concrete_compressive_strength           [71]         1030     9      -   0.0     ✓| ✗
 46952 (363696)      qsar-biodeg                             [72]         1054     42     2   14.29   ✓| ✓
 46931 (363675)      healthcare_insurance_expenses           [73]         1338     7      -   42.86   ✓| ✗
 46963 (363707)      website_phishing                        [74]         1353     10     3   100.0   ✓| ✓
 46927 (363671)      Fitness_Club                            [75]         1500     7      2   57.14   ✓| ✓
 46904 (363612)      airfoil_self_noise                      [76]         1503     6      -   16.67   ✓| ✗
 46907 (363615)      Another-Dataset-on-used-Fiat-500        [77]         1538     8      -   12.5    ✓| ✗
 46980 (363711)      MIC                                     [78]         1699     112    8   84.82   ✓| ✓
 46938 (363682)      Is-this-a-good-customer                 [79]         1723     14     2   64.29   ✓| ✓
 46940 (363684)      Marketing_Campaign                      [80]         2240     26     2   34.62   ✓| ✓
 46930 (363674)      hazelnut-spread-contaminant-detection   [81]         2400     31     2   3.23    ✓| ✓
 46956 (363700)      seismic-bumps                           [82]         2584     16     2   25.0    ✓| ✓
 46958 (363702)      splice                                  [83]         3190     61     3   100.0   ✓| ✓
 46912 (363620)      Bioresponse                             [84]         3751     1777   2   0.06    ✗| ✗"	"L435: more, we present one leaderboard encompassing all models in Appendix A.1, where we impute
L1565: Results. Figure A.1 presents a leaderboard including all models. We impute the results for models"	paper/literature/txt/L20.txt:435,1565,1580,1595,1620	contextual	Reproducibility;Discussion	paper/reusability_report.tex:13	\usepackage[numbers,super,sort&compress]{natbib}	Retain our transparent NA treatment; do not adopt imputation for absent model configurations	supported_text	Pending sentence-level adjudication; source finding is not certification of current wording	This source's live leaderboard rule is not permission to fabricate our scores. Exhaustive figure/supplement audit remains pending.
E058	L25	prokhorenkova2018catboost	NA	2018	CatBoost: unbiased boosting with categorical features	Ordered mode is especially helpful on small datasets but not a claim about cohort confounding	Table3 AdultPlainlogloss .272(+1.1%); Amazon .139(-0.6%); Epsilon .266(+0.6%); Orderedabout1.7x slower thanPlain inEpsilon runtime comparison	Logloss relative changes; algorithm-mode runtime	"Ninebinarytasks:Adult,Amazon,Click,Epsilon,Appetency,Churn,Internet,Upselling,Kick;80%train+tuning/20%test;all learners ordered targetstatistics. Ordered/Plain distinct. Logloss/zero-oneerror,notAUC;Table2 below. Per-task n/p supplementarySectionD pending;NR in mainTable2. Paper settings do not verify our default boosting mode.
SOURCE TABLE EXTRACTS (original layout; inspect ambiguous column alignment before use):
Original text lines491-510:
 0.01
measured by the paired one-tailed t-test.
To demonstrate that our implementation of plain boosting is an appropriate baseline for our research,
we show that a raw setting of CatBoost provides state-of-the-art quality. Particularly, we take a
setting of CatBoost, which is close to classical GBDT [12], and compare it with the baseline boosting
implementations in Section G of the supplementary material. Experiments show that this raw setting
differs from the baselines insignificantly.

Table 2: Comparison with baselines: logloss /                    Table 3: Plain boosting mode: logloss, zero-
zero-one loss (relative increase for baselines).                 one loss and their change relative to Ordered
                                                                 boosting mode.

                 CatBoost        LightGBM         XGBoost                           Logloss       Zero-one loss
    Adult       0.270 / 0.127   +2.4% / +1.9%   +2.2% / +1.0%        Adult       0.272 (+1.1%)     0.127 (-0.1%)
    Amazon      0.139 / 0.044   +17% / +21%      +17% / +21%         Amazon       0.139 (-0.6%)    0.044 (-1.5%)
    Click       0.392 / 0.156   +1.2% / +1.2%   +1.2% / +1.2%        Click       0.392 (-0.05%)   0.156 (+0.19%)
    Epsilon     0.265 / 0.109   +1.5% / +4.1%    +11% / +12%         Epsilon     0.266 (+0.6%)    0.110 (+0.9%)
    Appetency   0.072 / 0.018   +0.4% / +0.2%   +0.4% / +0.7%        Appetency   0.072 (+0.5%)    0.018 (+1.5%)
    Churn       0.232 / 0.072   +0.1% / +0.6%   +0.5% / +1.6%        Churn       0.232 (-0.06%)   0.072 (-0.17%)
    Internet    0.209 / 0.094   +6.8% / +8.6%   +7.9% / +8.0%        Internet    0.217 (+3.9%)     0.099 (+5.4%)"	L517: about 1.7 times slower.	paper/literature/txt/L25.txt:517	contextual	Discussion;Methods	paper/reusability_report.tex:164	Tree ensembles split greedily on individual features and average across random feature subsets, which may make them less able to collapse onto a single latent variable.	Separate boosting-mode target leakage from proposed pooling mechanism	supported_text	Pending sentence-level adjudication; source finding is not certification of current wording	Paper's orderedtargetstatistics not variance-selection audit; RFsubsampling description not alltree methods. Exhaustive figure/supplement audit remains pending.
E059	L26	erickson2020autogluon	10.48550/arXiv.2003.06505	2020	AutoGluon-Tabular: Robust and Accurate AutoML for Structured Data	Headline AutoML averages use common successful subsets	Table2 AutoGluon rank1.8438/rescaledloss.1385/runtime201min on4hbenchmark; Table3 Kaggle rank1.7143/percentile.7041/runtime202min	Rescaledloss/meanrank on common subsets, not raw clinicalAUC	"AutoML39datasets+11Kaggle=50tasks;1h/4h primary and8hKaggle. Tenfold framework versus first-fold comparisons distinguished (expensiveGCP onlyfirstfold); Kaggleprivateleaderboard excepthousepricespublic. All11Kaggle n/p/metrics TableS1below;39dataset individual sizes need benchmarkmetadata. CPUAWSm5.2xlarge primary,largeKagglem5.24xlarge384GiB/96vCPU. Our180second modernpreset NOT original4hensemble.
SOURCE TABLE EXTRACTS (original layout; inspect ambiguous column alignment before use):
Original text lines442-469:
    Code to reproduce our benchmarks is available at:                 within the given time limit. While AutoGluon does support
github.com/Innixma/autogluon-benchmarking                             various hyperparameter optimization strategies, we do not

                                AutoGluon-Tabular: Robust and Accurate AutoML for Structured Data


Table 2. Comparing each AutoML framework against AutoGluon on the 39 AutoML Benchmark datasets (with 4h training time). Listed
are the number of datasets where each framework produced: better predictions than AutoGluon (Wins), worse predictions (Losses), a
system failure during training (Failures), or more accurate predictions than all of the other 5 frameworks (Champion). The latter 3 columns
show the average: rank of the framework (among the 6 AutoML frameworks applied to each dataset), (rescaled) loss on the test data, and
actual training time. Averages are computed over only the subset of datasets/folds where all methods ran successfully. To ensure averaging
over datasets remains meaningful, we rescale the loss values for each dataset such that they span r0, 1s among our AutoML frameworks.

        Framework         Wins      Losses    Failures     Champion     Avg. Rank      Avg. Rescaled Loss       Avg. Time (min)
        AutoGluon           -         -          1            23           1.8438             0.1385                    201
        H2O AutoML          4        26          8             2           3.1250             0.2447                    220
        TPOT                6        27          5             5           3.3750             0.2034                    235
        GCP-Tables          5        20         14             4           3.7500             0.3336                    195
        auto-sklearn        6        27         6              3           3.8125             0.3197                    240
        Auto-WEKA           4        28          6             1           5.0938             0.8001                    244

Table 3. Comparing each AutoML framework against AutoGluon on the 11 Kaggle competitions (under 4h time limit). Columns are
defined as in Table 2. Instead of loss, we report the percentile rank, i.e. the proportion of teams beaten by AutoML on the competition
leaderboard (higher is better). Averages are computed only over the subset of 7 competitions where all methods ran successfully.

          Framework         Wins     Losses     Failures    Champion       Avg. Rank      Avg. Percentile      Avg. Time (min)
          AutoGluon             -       -            0             7         1.7143           0.7041                202
          GCP-Tables            3       7            1             3         2.2857           0.6281                222
Original text lines755-778:
ual transformations to be formatted as a single table, without a clear canonical recipe to construct such a table
(kdd-cup-2014-predicting-excitement-at-donors-choose).
The remaining benchmark data were selected by optimizing for a mix of regression and binary/multiclass classification tasks
with IID data (i.e. without temporal dependence), while favoring competitions that were either more recent (indicating more
timely applications) or had a large number of teams competing (indicating more prominent applications). Here, we chose to
                                                               1

                             AutoGluon-Tabular: Robust and Accurate AutoML for Structured Data


Table S1. Summary of the 11 Kaggle competitions used in our benchmark, including: the date of each competition, around how many
teams participated, and the number of rows/columns in the provided training data. The metrics used to evaluate predictive performance in
each competition include: root mean squared logarithmic error (RMSLE), coefficient of determination (R2 ), mean absolute error (MAE),
logarithmic loss (log-loss), area under the Receiver Operating Characteristic curve (AUC), and normalized Gini index (Gini).

     Competition                                           Task           Metric       Year       Teams      Rows        Colums
     house-prices-advanced-regression-techniques           regression     RMSLE        current    5100       1460        80
     mercedes-benz-greener-manufacturing                   regression     R2           2017       3800       4209        377
     santander-value-prediction-challenge                  regression     RMSLE        2019       4500       4459        4992
     allstate-claims-severity                              regression     MAE          2017       3000       1.8E+5      131
     bnp-paribas-cardif-claims-management                  binary         log-loss     2016       2900       1.1E+5      132
     santander-customer-transaction-prediction             binary         AUC          2019       8800       2.2E+5      201
     santander-customer-satisfaction                       binary         AUC          2016       5100       7.6E+4      370
     porto-seguro-safe-driver-prediction                   binary         Gini         2018       5200       6.0E+5      58"	L456:         AutoGluon           -         -          1            23           1.8438             0.1385                    201	paper/literature/txt/L26.txt:456	contextual	Reproducibility;Discussion	paper/reusability_report.tex:51	Random forests, XGBoost, LightGBM, CatBoost and AutoML systems built on them handle mixed feature scales, missing values and nonlinear interactions with little tuning, and careful benchmarks have repeatedly found that deep networks struggle to beat them on medium-sized tabular data.\citep{breiman2001random,chen2016xgboost,ke2017lightgbm,prokhorenkova2018catboost,erickson2020autogluon,grinsztajn2022tree}	Explain why our default180secAutoML cannot reproduce a4hensemble leaderboard claim	supported_text	Pending sentence-level adjudication; source finding is not certification of current wording	Tables have different denominators; Kaggle means common7competitions notall11; source statuses not ours NA. Exhaustive figure/supplement audit remains pending.
E060	L29	saito2015precision	10.1371/journal.pone.0118432	2015	The Precision-Recall Plot Is More Informative than the ROC Plot When Evaluating Binary Classifiers on Imbalanced Datasets	Same high ROC can mask low precision under imbalance	T1 MiRFinder ROC.992/PR.945;miPred.991/.976;RNAmicro.858/.559;ProMiR.974/.801;RNAfold.964/.670. T2 .772/.106;.707/.024;.886/.054;.711/.035;.706/.015 respectively.	ROC-AUC and PR-curve AUC; no95%CIs printed inTable5	"Simulation:1,000positives/1,000negatives balanced versus1,000/10,000imbalanced;1,000simulation reruns,curve medians; illustrative plots250+250scores. Independent miRNA testT1=819positives/11,060negatives andT2=111/13,444. Five tools MiRFinder,miPred,RNAmicro,ProMiR,RNAfold;T1real miRNAsversusshuffledsequences;T2C.elegansRNAzfunctional candidates. Table5 fullROC/PR below. No clinicalsurvival; no common train/test benchmark with ours; PRcurveAUC not automatically ouraverageprecision.
SOURCE TABLE EXTRACTS (original layout; inspect ambiguous column alignment before use):
Original text lines808-823:




                                                 Fig 7. A re-analysis of the MiRFinder study reveals that PRC is stronger than ROC on imbalanced
                                                 data. ROC and PRC plots show the performances of six different tools, MiRFinder (red), miPred (blue),
                                                 RNAmicro (green), ProMiR (purple), and RNAfold (orange). A gray solid line represents a baseline. The re-
                                                 analysis used two independent test sets, T1 and T2. The four plots are for (A) ROC on T1, (B) PRC on T1, (C)
                                                 ROC on T2, and (D) PRC on T2.
                                                 doi:10.1371/journal.pone.0118432.g007

                                                    PRC on T1. Similar to the ROC plot in Fig. 7A, the PRC plot in Fig. 7B indicates that all
                                                 classifiers have a very good to excellent prediction performance. However, we can see here that
                                                 high recovery rates come with a deterioration of precision for some classifiers, especially for
                                                 RNAmicro, but to a smaller extent also for RNAfold and ProMiR. We can also see that classifi-
                                                 er performance is better resolved, allowing to spot differences more easily. Overall, the PRC"	L830: MiRFinder                               0.992*                                   0.945                            0.772                               0.106*	paper/literature/txt/L29.txt:830	contextual	Discussion;Methods	Proposed insertion: Discussion;Methods	No exact anchor; proposed section-level addition	Use methodological illustration only; include correct classcount denominators	supported_text	Proposed addition, not an existing citation verdict	Not a clinical benchmark; no model-family inference from microRNA tool results. Exhaustive figure/supplement audit remains pending.
E061	L29	saito2015precision	10.1371/journal.pone.0118432	2015	The Precision-Recall Plot Is More Informative than the ROC Plot When Evaluating Binary Classifiers on Imbalanced Datasets	Prevalence changes the meaning of an identical ROC point	Balanced1,000pos/1,000neg:500TP/160FP at50%TPR,16%FPR;imbalanced1,000/10,000:500TP/1,600FP	Illustrative confusion counts, not observed clinicalcohort	"Simulation:1,000positives/1,000negatives balanced versus1,000/10,000imbalanced;1,000simulation reruns,curve medians; illustrative plots250+250scores. Independent miRNA testT1=819positives/11,060negatives andT2=111/13,444. Five tools MiRFinder,miPred,RNAmicro,ProMiR,RNAfold;T1real miRNAsversusshuffledsequences;T2C.elegansRNAzfunctional candidates. Table5 fullROC/PR below. No clinicalsurvival; no common train/test benchmark with ours; PRcurveAUC not automatically ouraverageprecision.
SOURCE TABLE EXTRACTS (original layout; inspect ambiguous column alignment before use):
Original text lines808-823:




                                                 Fig 7. A re-analysis of the MiRFinder study reveals that PRC is stronger than ROC on imbalanced
                                                 data. ROC and PRC plots show the performances of six different tools, MiRFinder (red), miPred (blue),
                                                 RNAmicro (green), ProMiR (purple), and RNAfold (orange). A gray solid line represents a baseline. The re-
                                                 analysis used two independent test sets, T1 and T2. The four plots are for (A) ROC on T1, (B) PRC on T1, (C)
                                                 ROC on T2, and (D) PRC on T2.
                                                 doi:10.1371/journal.pone.0118432.g007

                                                    PRC on T1. Similar to the ROC plot in Fig. 7A, the PRC plot in Fig. 7B indicates that all
                                                 classifiers have a very good to excellent prediction performance. However, we can see here that
                                                 high recovery rates come with a deterioration of precision for some classifiers, especially for
                                                 RNAmicro, but to a smaller extent also for RNAfold and ProMiR. We can also see that classifi-
                                                 er performance is better resolved, allowing to spot differences more easily. Overall, the PRC"	L630:                                                 0.67, the points represent 500 TPs in both cases but 160 FPs in the balanced and 1 600 FPs in	paper/literature/txt/L29.txt:630	contextual	Discussion;Methods	Proposed insertion: Discussion;Methods	No exact anchor; proposed section-level addition	Explain prevalence-aware reporting without declaring ROC inherentlyinvalid	supported_text	Proposed addition, not an existing citation verdict	Counts from constructed score distributions; do not confuse with our pooled predictions. Exhaustive figure/supplement audit remains pending.
E062	L05	NA	10.1093/aje/kwq223	2010	External Validity of Risk Models: Use of Benchmark Values to Disentangle a Case-Mix Effect From Incorrect Coefficients	Separates effects of population case mix from model coefficient validity when interpreting discrimination in new populations.	NR: correct source unavailable	Unverified	Correct full-text extraction unavailable. Exact population sizes, protocol and empirical values NR. Do not infer from metadata or quarantined L31 wrong-source files.	See named table/page or unavailable status; no exact passage captured.	NA	pending	Discussion: pooled versus within-cancer discrimination	paper/reusability_report.tex:162	Its pooled pan-cancer scores, however, should not be read as patient-level prognosis.	Keep proposed role pending correct-source full text	unverified_full_text_unavailable	Unverified: correct-source full text unavailable	Conceptual support for case-mix dependence, not evidence that all pooled gains are nonbiological. Exhaustive figure/supplement audit remains pending.
E063	L15	ambroise2002selection	10.1073/pnas.102102699	2002	Selection bias in gene extraction on the basis of microarray gene-expression data	Shows that gene selection outside the resampling loop can bias estimates of prediction error.	NR: correct source unavailable	Unverified	Correct full-text extraction unavailable. Exact population sizes, protocol and empirical values NR. Do not infer from metadata or quarantined L31 wrong-source files.	See named table/page or unavailable status; no exact passage captured.	NA	pending	Methods: train-only feature selection; Discussion: historical diagnostic limitations	Proposed insertion: Methods: train-only feature selection; Discussion: historical diagnostic limitations	No exact anchor; proposed section-level addition	Keep proposed role pending correct-source full text	unverified_full_text_unavailable	Unverified: correct-source full text unavailable	Feature-selection leakage is distinct from cohort shortcuts; cannot infer its direction for every held-out analysis. Exhaustive figure/supplement audit remains pending.
E064	L31	brier1950verification	10.1175/1520-0493(1950)078<0001:VOFEIT>2.0.CO;2	1950	Verification of forecasts expressed in terms of probability	Introduces a squared-error score for probability forecasts.	NR: correct source unavailable	Unverified	Correct full-text extraction unavailable. Exact population sizes, protocol and empirical values NR. Do not infer from metadata or quarantined L31 wrong-source files.	See named table/page or unavailable status; no exact passage captured.	NA	pending	Methods: Brier score	paper/reusability_report.tex:188	ROC AUC was the primary measure; precision-recall AUC, log loss, Brier score and threshold-dependent metrics were also recorded.	Keep proposed role pending correct-source full text	unverified_full_text_unavailable	Unverified: correct-source full text unavailable	Scoring-rule origin, not evidence of calibration or clinical usefulness in this cohort. Exhaustive figure/supplement audit remains pending.
E065	L37	liu2018clinical	10.1016/j.cell.2018.02.052	2018	An Integrated TCGA Pan-Cancer Clinical Data Resource to Drive High-Quality Survival Outcome Analytics	Curates TCGA clinical outcomes and provides guidance for choosing survival endpoints across cancers.	NR: correct source unavailable	Unverified	Correct full-text extraction unavailable. Exact population sizes, protocol and empirical values NR. Do not infer from metadata or quarantined L31 wrong-source files.	See named table/page or unavailable status; no exact passage captured.	NA	pending	Methods: clinical outcomes; Results: eligibility; Discussion: endpoint limitations	paper/reusability_report.tex:177	\subsection*{Cancer cohorts and outcomes}	Keep proposed role pending correct-source full text	unverified_full_text_unavailable	Unverified: correct-source full text unavailable	Our fixed-horizon exclusions must still be documented from the actual preprocessing. Exhaustive figure/supplement audit remains pending.
E066	L38	li2023pancancer	10.1016/j.cell.2023.07.014	2023	Pan-cancer proteogenomics connects oncogenic drivers to functional states	Integrates pan-cancer proteogenomic information to connect genomic drivers with functional molecular states.	NR: correct source unavailable	Unverified	Correct full-text extraction unavailable. Exact population sizes, protocol and empirical values NR. Do not infer from metadata or quarantined L31 wrong-source files.	See named table/page or unavailable status; no exact passage captured.	NA	pending	Introduction: multiomics; Methods: CPTAC provenance	paper/reusability_report.tex:85	We combined breast invasive carcinoma (BRCA), esophageal carcinoma (ESCA), head and neck squamous cell carcinoma (HNSCC), lung squamous cell carcinoma (LSCC) and lung adenocarcinoma (LUAD) from TCGA and CPTAC, 3,238 patients in total (Fig.~\ref{fig:roadmap}b and Table~\ref{tab:cohorts}).\citep{tcga2012brca,tcga2017esca,tcga2015hnsc,tcga2012lusc,tcga2014luad,liu2018clinical,li2023pancancer} Patients censored before a horizon cannot be labeled, which left 1,645 patients for 3-year survival, 1,168 for 5-year survival and 937 for an exploratory extreme-survival endpoint that compares death within 3 years with survival beyond 5 years (Fig.~\ref{fig:roadmap}c).	Keep proposed role pending correct-source full text	unverified_full_text_unavailable	Unverified: correct-source full text unavailable	Broad CPTAC context may need additional cohort-specific source papers in the full provenance audit. Exhaustive figure/supplement audit remains pending.
