dataset,model_name,version,split,original_row_index,y_true,y_pred,y_true_encoded,y_pred_encoded,prob_brca,prob_esca,prob_hnscc,prob_lscc,prob_luad
ALL_core_cancer_type_top95,tabpfn_v1,v1,train,1195,BRCA,BRCA,0,0,0.9909382,0.0008677577,0.0022290335,0.002065851,0.0038991475
ALL_core_cancer_type_top95,tabpfn_v1,v1,train,313,BRCA,BRCA,0,0,0.9965927,0.000109466295,0.0011831325,0.0007767618,0.0013377849
ALL_core_cancer_type_top95,tabpfn_v1,v1,train,1656,HNSCC,HNSCC,2,2,0.0040479465,0.0013656961,0.9627062,0.027665181,0.0042149145
ALL_core_cancer_type_top95,tabpfn_v1,v1,train,1589,HNSCC,HNSCC,2,2,0.08700683,0.03819473,0.7815708,0.06176144,0.03146619
ALL_core_cancer_type_top95,tabpfn_v1,v1,train,1500,HNSCC,HNSCC,2,2,0.001045615,0.0020491083,0.99163944,0.004555109,0.00071074255
ALL_core_cancer_type_top95,tabpfn_v1,v1,train,1821,HNSCC,HNSCC,2,2,0.0032569831,0.0036838502,0.98768544,0.0037232437,0.0016505242
ALL_core_cancer_type_top95,tabpfn_v1,v1,train,67,BRCA,HNSCC,0,2,0.27223447,0.0003321502,0.35120067,0.18775831,0.18847442
ALL_core_cancer_type_top95,tabpfn_v1,v1,train,3032,LUAD,LUAD,4,4,0.06132907,0.0022292724,0.008176248,0.046396118,0.8818692
ALL_core_cancer_type_top95,tabpfn_v1,v1,train,992,BRCA,BRCA,0,0,0.9979413,6.003723e-05,0.0006041669,0.00044436607,0.00095004664
ALL_core_cancer_type_top95,tabpfn_v1,v1,train,2305,LSCC,LSCC,3,3,0.02164598,0.0023230969,0.05259824,0.9065771,0.01685553
ALL_core_cancer_type_top95,tabpfn_v1,v1,train,411,BRCA,BRCA,0,0,0.95674205,0.00045058975,0.01075772,0.017520769,0.014528885
ALL_core_cancer_type_top95,tabpfn_v1,v1,train,1075,BRCA,BRCA,0,0,0.9975636,7.1979084e-05,0.00060969306,0.0005746639,0.0011800687
ALL_core_cancer_type_top95,tabpfn_v1,v1,train,1296,ESCA,ESCA,1,1,0.02625238,0.6902124,0.22484702,0.044918653,0.013769536
ALL_core_cancer_type_top95,tabpfn_v1,v1,train,102,BRCA,HNSCC,0,2,0.27223447,0.0003321502,0.35120067,0.18775831,0.18847442
ALL_core_cancer_type_top95,tabpfn_v1,v1,train,2371,LSCC,LSCC,3,3,0.034286667,0.00096667797,0.022530774,0.895547,0.046668887
ALL_core_cancer_type_top95,tabpfn_v1,v1,train,1717,HNSCC,HNSCC,2,2,0.0020911903,0.015985908,0.97103566,0.009577523,0.0013097059
ALL_core_cancer_type_top95,tabpfn_v1,v1,train,3085,LUAD,LUAD,4,4,0.00658244,0.00033607453,0.002222204,0.03812561,0.95273364
ALL_core_cancer_type_top95,tabpfn_v1,v1,train,936,BRCA,BRCA,0,0,0.9987233,3.381072e-05,0.00036748877,0.0002746438,0.0006006483
ALL_core_cancer_type_top95,tabpfn_v1,v1,train,1521,HNSCC,HNSCC,2,2,0.021604821,0.0033119966,0.9354554,0.031030657,0.008597123
ALL_core_cancer_type_top95,tabpfn_v1,v1,train,1027,BRCA,BRCA,0,0,0.9964966,0.00032797115,0.0011177807,0.0007204484,0.0013370736
ALL_core_cancer_type_top95,tabpfn_v1,v1,train,1815,HNSCC,HNSCC,2,2,0.029307242,0.018722897,0.8700581,0.065891355,0.016020315
ALL_core_cancer_type_top95,tabpfn_v1,v1,train,759,BRCA,BRCA,0,0,0.83219296,0.0038764172,0.042008225,0.085545935,0.036376555
ALL_core_cancer_type_top95,tabpfn_v1,v1,train,383,BRCA,BRCA,0,0,0.9995895,4.8648126e-05,0.00011627176,5.0274688e-05,0.00019529935
ALL_core_cancer_type_top95,tabpfn_v1,v1,train,1487,HNSCC,HNSCC,2,2,0.27223447,0.0003321502,0.35120067,0.18775831,0.18847442
ALL_core_cancer_type_top95,tabpfn_v1,v1,train,2511,LSCC,LSCC,3,3,0.038358208,0.0009874314,0.043049045,0.8225567,0.095048636
ALL_core_cancer_type_top95,tabpfn_v1,v1,train,1600,HNSCC,HNSCC,2,2,0.1001405,0.008751147,0.6728214,0.1607042,0.057582717
ALL_core_cancer_type_top95,tabpfn_v1,v1,train,274,BRCA,BRCA,0,0,0.98507476,0.000121871315,0.0039423117,0.0055886656,0.0052723223
ALL_core_cancer_type_top95,tabpfn_v1,v1,train,1379,ESCA,ESCA,1,1,0.09498581,0.7716397,0.047058843,0.019773746,0.06654195
ALL_core_cancer_type_top95,tabpfn_v1,v1,train,3060,LUAD,LSCC,4,3,0.039992288,0.005491305,0.053437855,0.77643365,0.124644935
ALL_core_cancer_type_top95,tabpfn_v1,v1,train,1295,ESCA,ESCA,1,1,0.011876683,0.9370953,0.032783795,0.0074974485,0.010746816
ALL_core_cancer_type_top95,tabpfn_v1,v1,train,220,BRCA,BRCA,0,0,0.9952851,0.000102239836,0.0013198568,0.0012546456,0.0020382414
ALL_core_cancer_type_top95,tabpfn_v1,v1,train,881,BRCA,BRCA,0,0,0.91094005,0.001546306,0.028718786,0.04620346,0.012591357
ALL_core_cancer_type_top95,tabpfn_v1,v1,train,802,BRCA,BRCA,0,0,0.83596826,0.011242833,0.047840256,0.04306392,0.061884668
ALL_core_cancer_type_top95,tabpfn_v1,v1,train,3079,LUAD,LUAD,4,4,0.0026874912,0.0006379286,0.0031374667,0.102460295,0.89107686
ALL_core_cancer_type_top95,tabpfn_v1,v1,train,1019,BRCA,BRCA,0,0,0.99857366,9.4613126e-05,0.0003550255,0.00019044637,0.0007862296
ALL_core_cancer_type_top95,tabpfn_v1,v1,train,2353,LSCC,LSCC,3,3,0.0644495,0.00030051675,0.011340368,0.659633,0.26427665
ALL_core_cancer_type_top95,tabpfn_v1,v1,train,1199,BRCA,BRCA,0,0,0.99798137,0.000109724555,0.00047582085,0.00034291594,0.0010901161
ALL_core_cancer_type_top95,tabpfn_v1,v1,train,1408,HNSCC,HNSCC,2,2,0.27223447,0.0003321502,0.35120067,0.18775831,0.18847442
ALL_core_cancer_type_top95,tabpfn_v1,v1,train,1294,ESCA,ESCA,1,1,0.13414726,0.47144994,0.26581126,0.079180755,0.049410794
ALL_core_cancer_type_top95,tabpfn_v1,v1,train,472,BRCA,BRCA,0,0,0.98302186,0.0040759617,0.0050923554,0.003704923,0.0041048396
ALL_core_cancer_type_top95,tabpfn_v1,v1,train,1061,BRCA,BRCA,0,0,0.96527404,0.00254367,0.010582481,0.008558838,0.01304094
ALL_core_cancer_type_top95,tabpfn_v1,v1,train,3215,LUAD,LUAD,4,4,0.0036345061,0.00027754178,0.0008110696,0.0074992906,0.98777753
ALL_core_cancer_type_top95,tabpfn_v1,v1,train,935,BRCA,BRCA,0,0,0.8864089,0.004076701,0.031131327,0.034467172,0.043915883
ALL_core_cancer_type_top95,tabpfn_v1,v1,train,2480,LSCC,LSCC,3,3,0.038808748,0.00088004395,0.03127847,0.8156261,0.11340667
ALL_core_cancer_type_top95,tabpfn_v1,v1,train,1389,HNSCC,HNSCC,2,2,0.27223447,0.0003321502,0.35120067,0.18775831,0.18847442
ALL_core_cancer_type_top95,tabpfn_v1,v1,train,2812,LUAD,LUAD,4,4,0.07135458,0.0024031012,0.028559245,0.03417436,0.8635087
ALL_core_cancer_type_top95,tabpfn_v1,v1,train,1579,HNSCC,HNSCC,2,2,0.005082455,0.009038841,0.95838183,0.02394125,0.0035556555
ALL_core_cancer_type_top95,tabpfn_v1,v1,train,538,BRCA,BRCA,0,0,0.93123513,0.0015460238,0.0170183,0.027788829,0.022411602
ALL_core_cancer_type_top95,tabpfn_v1,v1,train,599,BRCA,BRCA,0,0,0.9975522,0.00018313859,0.00081822905,0.0005172082,0.00092926365
ALL_core_cancer_type_top95,tabpfn_v1,v1,train,3078,LUAD,LUAD,4,4,0.0081940945,0.0005794131,0.0015111847,0.005211738,0.9845036
ALL_core_cancer_type_top95,tabpfn_v1,v1,train,3226,LUAD,LUAD,4,4,0.013358724,0.00056586467,0.0027127953,0.017017705,0.9663449
ALL_core_cancer_type_top95,tabpfn_v1,v1,train,2903,LUAD,LUAD,4,4,0.0098388465,0.00029282842,0.0019641104,0.06313502,0.92476916
ALL_core_cancer_type_top95,tabpfn_v1,v1,train,1665,HNSCC,HNSCC,2,2,0.03200027,0.010322185,0.91404194,0.031330988,0.012304693
ALL_core_cancer_type_top95,tabpfn_v1,v1,train,1179,BRCA,BRCA,0,0,0.972153,0.0025311173,0.008542497,0.009423661,0.007349762
ALL_core_cancer_type_top95,tabpfn_v1,v1,train,1261,ESCA,BRCA,1,0,0.35684353,0.33983162,0.15126719,0.06168481,0.09037283
ALL_core_cancer_type_top95,tabpfn_v1,v1,train,368,BRCA,BRCA,0,0,0.9582102,0.0036382787,0.011538292,0.009255434,0.01735788
ALL_core_cancer_type_top95,tabpfn_v1,v1,train,165,BRCA,BRCA,0,0,0.97592056,0.00084062835,0.0068970383,0.010801905,0.0055399626
ALL_core_cancer_type_top95,tabpfn_v1,v1,train,3170,LUAD,LUAD,4,4,0.027248157,0.0011007616,0.005417485,0.041215662,0.925018
ALL_core_cancer_type_top95,tabpfn_v1,v1,train,2758,LUAD,LUAD,4,4,0.076645434,0.0033324475,0.024099367,0.31494853,0.58097416
ALL_core_cancer_type_top95,tabpfn_v1,v1,train,1857,HNSCC,HNSCC,2,2,0.005513235,0.012771067,0.92228377,0.05459843,0.004833428
ALL_core_cancer_type_top95,tabpfn_v1,v1,train,2109,LSCC,HNSCC,3,2,0.27223447,0.0003321502,0.35120067,0.18775831,0.18847442
ALL_core_cancer_type_top95,tabpfn_v1,v1,train,2671,LUAD,HNSCC,4,2,0.27223447,0.0003321502,0.35120067,0.18775831,0.18847442
ALL_core_cancer_type_top95,tabpfn_v1,v1,train,2171,LSCC,LSCC,3,3,0.019447796,0.0040806225,0.10209723,0.86241174,0.011962666
ALL_core_cancer_type_top95,tabpfn_v1,v1,train,867,BRCA,BRCA,0,0,0.99510163,6.959646e-05,0.0015277851,0.0015121851,0.0017888125
ALL_core_cancer_type_top95,tabpfn_v1,v1,train,2700,LUAD,HNSCC,4,2,0.27223447,0.0003321502,0.35120067,0.18775831,0.18847442
ALL_core_cancer_type_top95,tabpfn_v1,v1,train,3207,LUAD,LUAD,4,4,0.04362251,0.00077395746,0.0059579653,0.059811346,0.8898342
ALL_core_cancer_type_top95,tabpfn_v1,v1,train,938,BRCA,BRCA,0,0,0.969774,0.002579524,0.011342229,0.007471464,0.008832764
ALL_core_cancer_type_top95,tabpfn_v1,v1,train,3102,LUAD,LUAD,4,4,0.00079268985,5.55399e-05,0.00025107805,0.0020737206,0.99682695
ALL_core_cancer_type_top95,tabpfn_v1,v1,train,789,BRCA,BRCA,0,0,0.746134,0.010776283,0.091128156,0.09694261,0.055018988
ALL_core_cancer_type_top95,tabpfn_v1,v1,train,448,BRCA,BRCA,0,0,0.9764524,0.0019960653,0.008570974,0.008166692,0.0048139207
ALL_core_cancer_type_top95,tabpfn_v1,v1,train,390,BRCA,BRCA,0,0,0.9870258,0.00065810216,0.0035956027,0.0027325626,0.005987841
ALL_core_cancer_type_top95,tabpfn_v1,v1,train,176,BRCA,BRCA,0,0,0.98525214,0.00064864766,0.003306592,0.003593111,0.007199478
ALL_core_cancer_type_top95,tabpfn_v1,v1,train,630,BRCA,BRCA,0,0,0.9937297,0.000110674424,0.0014694034,0.0016204007,0.0030698264
ALL_core_cancer_type_top95,tabpfn_v1,v1,train,1682,HNSCC,HNSCC,2,2,0.044368543,0.009130001,0.8425202,0.08065092,0.02333034
ALL_core_cancer_type_top95,tabpfn_v1,v1,train,2857,LUAD,LUAD,4,4,0.0025916772,0.0001771888,0.0006767193,0.005214705,0.99133974
ALL_core_cancer_type_top95,tabpfn_v1,v1,train,657,BRCA,BRCA,0,0,0.9966709,0.000112222864,0.0009802522,0.0007561237,0.0014805313
ALL_core_cancer_type_top95,tabpfn_v1,v1,train,595,BRCA,BRCA,0,0,0.9916021,0.0004014466,0.0025891662,0.0022215217,0.003185859
ALL_core_cancer_type_top95,tabpfn_v1,v1,train,2101,LSCC,HNSCC,3,2,0.27223447,0.0003321502,0.35120067,0.18775831,0.18847442
ALL_core_cancer_type_top95,tabpfn_v1,v1,train,3090,LUAD,LUAD,4,4,0.010331773,0.00017527502,0.0027831963,0.021229964,0.9654798
ALL_core_cancer_type_top95,tabpfn_v1,v1,train,1161,BRCA,BRCA,0,0,0.9997029,1.28445745e-05,9.406433e-05,5.7113433e-05,0.0001331069
ALL_core_cancer_type_top95,tabpfn_v1,v1,train,328,BRCA,BRCA,0,0,0.647032,0.021548541,0.11300727,0.132293,0.08611913
ALL_core_cancer_type_top95,tabpfn_v1,v1,train,2579,LSCC,LSCC,3,3,0.019257095,0.00090758054,0.013633738,0.8027184,0.16348325
ALL_core_cancer_type_top95,tabpfn_v1,v1,train,2261,LSCC,LSCC,3,3,0.0063050734,0.0009574109,0.013835662,0.97302467,0.0058772406
ALL_core_cancer_type_top95,tabpfn_v1,v1,train,521,BRCA,BRCA,0,0,0.99304914,0.0012280664,0.0022833846,0.0013510161,0.0020884736
ALL_core_cancer_type_top95,tabpfn_v1,v1,train,2340,LSCC,LSCC,3,3,0.08835981,0.0011514737,0.024134427,0.7003237,0.18603057
ALL_core_cancer_type_top95,tabpfn_v1,v1,train,324,BRCA,BRCA,0,0,0.83141696,0.0022417705,0.0334705,0.102085486,0.03078532
ALL_core_cancer_type_top95,tabpfn_v1,v1,train,512,BRCA,BRCA,0,0,0.98346794,0.00036016665,0.005243446,0.0057739443,0.005154446
ALL_core_cancer_type_top95,tabpfn_v1,v1,train,359,BRCA,BRCA,0,0,0.9918898,0.00048789455,0.0024480452,0.0016240574,0.0035502308
ALL_core_cancer_type_top95,tabpfn_v1,v1,train,2920,LUAD,LUAD,4,4,0.09921997,0.0025578984,0.017377112,0.11482291,0.7660221
ALL_core_cancer_type_top95,tabpfn_v1,v1,train,2230,LSCC,LSCC,3,3,0.106420636,0.0010918897,0.026118841,0.7649334,0.10143525
ALL_core_cancer_type_top95,tabpfn_v1,v1,train,1643,HNSCC,HNSCC,2,2,0.0017434986,0.0037411265,0.98403037,0.0090724565,0.0014125472
ALL_core_cancer_type_top95,tabpfn_v1,v1,train,1975,HNSCC,HNSCC,2,2,0.11800208,0.0051171095,0.45919764,0.33467817,0.08300496
ALL_core_cancer_type_top95,tabpfn_v1,v1,train,1635,HNSCC,HNSCC,2,2,0.20088582,0.010868103,0.42634833,0.20330812,0.15858962
ALL_core_cancer_type_top95,tabpfn_v1,v1,train,2786,LUAD,LUAD,4,4,0.0054751625,0.0005826935,0.0027960658,0.021287408,0.96985877
ALL_core_cancer_type_top95,tabpfn_v1,v1,train,351,BRCA,BRCA,0,0,0.68140864,0.026624814,0.10565918,0.13136415,0.054943267
ALL_core_cancer_type_top95,tabpfn_v1,v1,train,803,BRCA,BRCA,0,0,0.9622554,0.00079380727,0.009666279,0.014574275,0.012710193
ALL_core_cancer_type_top95,tabpfn_v1,v1,train,430,BRCA,BRCA,0,0,0.9361688,0.0015770098,0.017219128,0.028831389,0.01620366
ALL_core_cancer_type_top95,tabpfn_v1,v1,train,1961,HNSCC,HNSCC,2,2,0.033616137,0.010324397,0.905187,0.03594412,0.014928309
ALL_core_cancer_type_top95,tabpfn_v1,v1,train,2505,LSCC,LSCC,3,3,0.22299156,0.0050525055,0.08367721,0.5042679,0.18401082
ALL_core_cancer_type_top95,tabpfn_v1,v1,train,225,BRCA,BRCA,0,0,0.9963977,3.359548e-05,0.0010213478,0.0011316454,0.0014156918
ALL_core_cancer_type_top95,tabpfn_v1,v1,train,1282,ESCA,ESCA,1,1,0.022471508,0.8950143,0.052260425,0.017428678,0.012825158
ALL_core_cancer_type_top95,tabpfn_v1,v1,train,2888,LUAD,LUAD,4,4,0.037952144,0.0011754661,0.0061002504,0.052832983,0.90193915
ALL_core_cancer_type_top95,tabpfn_v1,v1,train,1382,ESCA,ESCA,1,1,0.0012273268,0.97915447,0.014284161,0.0041638254,0.0011702705
ALL_core_cancer_type_top95,tabpfn_v1,v1,train,342,BRCA,BRCA,0,0,0.93161756,0.0029937346,0.017201448,0.032379486,0.01580771
ALL_core_cancer_type_top95,tabpfn_v1,v1,train,2843,LUAD,LUAD,4,4,0.014507073,0.0011495526,0.004118636,0.022990208,0.9572345
ALL_core_cancer_type_top95,tabpfn_v1,v1,train,530,BRCA,BRCA,0,0,0.7303287,0.0026479878,0.06706685,0.16836917,0.0315873
ALL_core_cancer_type_top95,tabpfn_v1,v1,train,456,BRCA,BRCA,0,0,0.9867495,0.0011122645,0.0045446674,0.0028396302,0.004753994
ALL_core_cancer_type_top95,tabpfn_v1,v1,train,123,BRCA,BRCA,0,0,0.8571884,0.0019797697,0.027051019,0.061052833,0.05272794
ALL_core_cancer_type_top95,tabpfn_v1,v1,train,3100,LUAD,LUAD,4,4,0.033441555,0.0051298644,0.0105484435,0.032947283,0.9179329
ALL_core_cancer_type_top95,tabpfn_v1,v1,train,2252,LSCC,LSCC,3,3,0.019301223,0.0023851474,0.019131811,0.7549042,0.20427765
ALL_core_cancer_type_top95,tabpfn_v1,v1,train,1728,HNSCC,HNSCC,2,2,0.10493269,0.008503683,0.808589,0.047858495,0.030116104
ALL_core_cancer_type_top95,tabpfn_v1,v1,train,1115,BRCA,BRCA,0,0,0.9978733,7.890485e-05,0.0006924625,0.0005657031,0.0007896331
ALL_core_cancer_type_top95,tabpfn_v1,v1,train,1360,ESCA,ESCA,1,1,0.11627012,0.5326304,0.20697808,0.0733688,0.070752665
ALL_core_cancer_type_top95,tabpfn_v1,v1,train,2155,LSCC,LSCC,3,3,0.053307142,0.0054862825,0.06851798,0.7943779,0.078310646
ALL_core_cancer_type_top95,tabpfn_v1,v1,train,727,BRCA,BRCA,0,0,0.98929465,0.0005039564,0.0029042093,0.0026554621,0.0046417764
ALL_core_cancer_type_top95,tabpfn_v1,v1,train,162,BRCA,BRCA,0,0,0.99235666,0.00020080479,0.00180419,0.0017528274,0.0038856482
ALL_core_cancer_type_top95,tabpfn_v1,v1,train,736,BRCA,BRCA,0,0,0.6336616,0.01926095,0.14491382,0.13476515,0.06739843
ALL_core_cancer_type_top95,tabpfn_v1,v1,train,3235,LUAD,LUAD,4,4,0.20031737,0.018369248,0.086022794,0.1584325,0.5368581
ALL_core_cancer_type_top95,tabpfn_v1,v1,train,2666,LUAD,HNSCC,4,2,0.27223447,0.0003321502,0.35120067,0.18775831,0.18847442
ALL_core_cancer_type_top95,tabpfn_v1,v1,train,2185,LSCC,LSCC,3,3,0.16262092,0.0034237,0.11573061,0.5676348,0.15058994
ALL_core_cancer_type_top95,tabpfn_v1,v1,train,2433,LSCC,LSCC,3,3,0.10915074,0.0022364163,0.079669334,0.7188607,0.090082854
ALL_core_cancer_type_top95,tabpfn_v1,v1,train,350,BRCA,BRCA,0,0,0.9371318,0.0015055139,0.014199838,0.03086729,0.016295528
ALL_core_cancer_type_top95,tabpfn_v1,v1,train,717,BRCA,BRCA,0,0,0.99816614,7.435411e-05,0.0005886336,0.00040824153,0.0007625839
ALL_core_cancer_type_top95,tabpfn_v1,v1,train,2492,LSCC,BRCA,3,0,0.52445096,0.0039067063,0.07884341,0.26493788,0.12786102
ALL_core_cancer_type_top95,tabpfn_v1,v1,train,2247,LSCC,LSCC,3,3,0.0033050529,0.00108755,0.015735678,0.9766253,0.0032464156
ALL_core_cancer_type_top95,tabpfn_v1,v1,train,903,BRCA,BRCA,0,0,0.99930036,2.6118672e-05,0.00020206296,0.00013914138,0.00033234234
ALL_core_cancer_type_top95,tabpfn_v1,v1,train,942,BRCA,BRCA,0,0,0.791175,0.0040522953,0.054651916,0.115197375,0.03492343
ALL_core_cancer_type_top95,tabpfn_v1,v1,train,2479,LSCC,LSCC,3,3,0.00258517,0.00031038967,0.006305149,0.9855461,0.005253176
ALL_core_cancer_type_top95,tabpfn_v1,v1,train,741,BRCA,BRCA,0,0,0.94815695,0.019528044,0.012384791,0.005949745,0.013980468
ALL_core_cancer_type_top95,tabpfn_v1,v1,train,409,BRCA,BRCA,0,0,0.8405633,0.0020133818,0.037761483,0.081062876,0.038599003
ALL_core_cancer_type_top95,tabpfn_v1,v1,train,1068,BRCA,BRCA,0,0,0.99410987,0.00017996349,0.0014374792,0.0015383282,0.0027343822
ALL_core_cancer_type_top95,tabpfn_v1,v1,train,2839,LUAD,LUAD,4,4,0.01687434,0.0012829488,0.009110324,0.21201457,0.7607178
ALL_core_cancer_type_top95,tabpfn_v1,v1,train,1806,HNSCC,HNSCC,2,2,0.0046193358,0.0024311736,0.977442,0.013103578,0.002403952
ALL_core_cancer_type_top95,tabpfn_v1,v1,train,2334,LSCC,LSCC,3,3,0.14923294,0.002582859,0.059827406,0.68489754,0.103459224
ALL_core_cancer_type_top95,tabpfn_v1,v1,train,2386,LSCC,HNSCC,3,2,0.10158271,0.08038726,0.43065128,0.32088536,0.066493414
ALL_core_cancer_type_top95,tabpfn_v1,v1,train,2487,LSCC,LSCC,3,3,0.053942,0.005648078,0.101620145,0.7836008,0.05518895
ALL_core_cancer_type_top95,tabpfn_v1,v1,train,633,BRCA,BRCA,0,0,0.94797015,0.004134187,0.01872834,0.016918657,0.012248648
ALL_core_cancer_type_top95,tabpfn_v1,v1,train,1049,BRCA,BRCA,0,0,0.9870178,0.00015482881,0.003969873,0.0044970266,0.0043604304
ALL_core_cancer_type_top95,tabpfn_v1,v1,train,1456,HNSCC,HNSCC,2,2,0.27223447,0.0003321502,0.35120067,0.18775831,0.18847442
ALL_core_cancer_type_top95,tabpfn_v1,v1,train,163,BRCA,BRCA,0,0,0.9920298,0.0008271547,0.002654213,0.0018427324,0.002646094
ALL_core_cancer_type_top95,tabpfn_v1,v1,train,310,BRCA,BRCA,0,0,0.99592763,0.00013252269,0.001035395,0.0009943707,0.001910072
ALL_core_cancer_type_top95,tabpfn_v1,v1,train,331,BRCA,BRCA,0,0,0.9850427,0.0010152248,0.004357347,0.0038424656,0.005742216
ALL_core_cancer_type_top95,tabpfn_v1,v1,train,1246,ESCA,ESCA,1,1,0.0048495936,0.9543268,0.027595565,0.009738268,0.003489835
ALL_core_cancer_type_top95,tabpfn_v1,v1,train,2212,LSCC,LSCC,3,3,0.001788587,0.0006215811,0.0070757866,0.9890798,0.0014343144
ALL_core_cancer_type_top95,tabpfn_v1,v1,train,1693,HNSCC,HNSCC,2,2,0.020081602,0.0135708125,0.9470241,0.012515151,0.006808345
ALL_core_cancer_type_top95,tabpfn_v1,v1,train,589,BRCA,BRCA,0,0,0.9983095,0.00012880331,0.00038463945,0.00021840211,0.0009586471
ALL_core_cancer_type_top95,tabpfn_v1,v1,train,2166,LSCC,LSCC,3,3,0.117835976,0.009481574,0.19828902,0.62070596,0.053687416
ALL_core_cancer_type_top95,tabpfn_v1,v1,train,2398,LSCC,LSCC,3,3,0.13366583,0.006963529,0.12091459,0.66993964,0.06851648
ALL_core_cancer_type_top95,tabpfn_v1,v1,train,2260,LSCC,LSCC,3,3,0.034532882,0.00055181346,0.008678335,0.80143535,0.15480155
ALL_core_cancer_type_top95,tabpfn_v1,v1,train,2265,LSCC,LSCC,3,3,0.005499935,0.0007255982,0.013354516,0.9762279,0.004192066
ALL_core_cancer_type_top95,tabpfn_v1,v1,train,1542,HNSCC,HNSCC,2,2,0.06442217,0.056303237,0.82929975,0.030536344,0.019438483
ALL_core_cancer_type_top95,tabpfn_v1,v1,train,3233,LUAD,LUAD,4,4,0.0050454848,0.00026209786,0.002055265,0.023269592,0.9693675
ALL_core_cancer_type_top95,tabpfn_v1,v1,train,2519,LSCC,LSCC,3,3,0.002000767,0.0010664972,0.02782813,0.9634513,0.005653272
ALL_core_cancer_type_top95,tabpfn_v1,v1,train,575,BRCA,BRCA,0,0,0.9948266,0.00023072751,0.0013609213,0.0011336214,0.002448006
ALL_core_cancer_type_top95,tabpfn_v1,v1,train,3043,LUAD,LUAD,4,4,0.0012181718,8.183314e-05,0.00035060532,0.0034734565,0.99487597
ALL_core_cancer_type_top95,tabpfn_v1,v1,train,156,BRCA,BRCA,0,0,0.9980464,0.00012668174,0.0005282369,0.00035894272,0.00093968445
ALL_core_cancer_type_top95,tabpfn_v1,v1,train,1651,HNSCC,HNSCC,2,2,0.0048918948,0.0044109677,0.9649102,0.022389771,0.0033970831
ALL_core_cancer_type_top95,tabpfn_v1,v1,train,289,BRCA,BRCA,0,0,0.99731904,0.00018001698,0.0007388646,0.00055401586,0.0012080146
ALL_core_cancer_type_top95,tabpfn_v1,v1,train,1427,HNSCC,HNSCC,2,2,0.27223447,0.0003321502,0.35120067,0.18775831,0.18847442
ALL_core_cancer_type_top95,tabpfn_v1,v1,train,227,BRCA,BRCA,0,0,0.9993845,3.0179359e-05,0.00015663065,8.429814e-05,0.00034426685
ALL_core_cancer_type_top95,tabpfn_v1,v1,train,3141,LUAD,LUAD,4,4,0.0021770291,9.17221e-05,0.0005913169,0.0068882736,0.99025166
ALL_core_cancer_type_top95,tabpfn_v1,v1,train,2864,LUAD,LUAD,4,4,0.012675483,0.00073147967,0.004549818,0.031159805,0.95088345
ALL_core_cancer_type_top95,tabpfn_v1,v1,train,2655,LUAD,HNSCC,4,2,0.27223447,0.0003321502,0.35120067,0.18775831,0.18847442
ALL_core_cancer_type_top95,tabpfn_v1,v1,train,1192,BRCA,BRCA,0,0,0.9915193,0.00069578737,0.0026201908,0.0023859371,0.0027787988
ALL_core_cancer_type_top95,tabpfn_v1,v1,train,1101,BRCA,BRCA,0,0,0.9190071,0.0037366156,0.020783287,0.023443734,0.0330292
ALL_core_cancer_type_top95,tabpfn_v1,v1,train,1371,ESCA,ESCA,1,1,0.04136104,0.85900515,0.05738808,0.015885776,0.02636005
ALL_core_cancer_type_top95,tabpfn_v1,v1,train,714,BRCA,BRCA,0,0,0.8919818,0.024475353,0.028605444,0.030827455,0.024109982
ALL_core_cancer_type_top95,tabpfn_v1,v1,train,535,BRCA,BRCA,0,0,0.9977883,3.6644775e-05,0.0006444525,0.0005865118,0.0009440876
ALL_core_cancer_type_top95,tabpfn_v1,v1,train,42,BRCA,HNSCC,0,2,0.27223447,0.0003321502,0.35120067,0.18775831,0.18847442
ALL_core_cancer_type_top95,tabpfn_v1,v1,train,3006,LUAD,LUAD,4,4,0.0059459163,0.0010054165,0.0034756162,0.010037385,0.97953564
ALL_core_cancer_type_top95,tabpfn_v1,v1,train,1907,HNSCC,HNSCC,2,2,0.0084032295,0.0047650533,0.94895667,0.032339565,0.0055355397
ALL_core_cancer_type_top95,tabpfn_v1,v1,train,2552,LSCC,LSCC,3,3,0.0008039615,0.00018133962,0.003479255,0.99402326,0.0015122009
ALL_core_cancer_type_top95,tabpfn_v1,v1,train,39,BRCA,HNSCC,0,2,0.27223447,0.0003321502,0.35120067,0.18775831,0.18847442
ALL_core_cancer_type_top95,tabpfn_v1,v1,train,1098,BRCA,BRCA,0,0,0.9110718,0.0070946054,0.026350595,0.022762805,0.032720182
ALL_core_cancer_type_top95,tabpfn_v1,v1,train,2462,LSCC,LSCC,3,3,0.05451206,0.0085818,0.35198924,0.5520471,0.03286988
ALL_core_cancer_type_top95,tabpfn_v1,v1,train,152,BRCA,BRCA,0,0,0.99745935,6.85974e-05,0.00061681663,0.0005871082,0.0012682553
ALL_core_cancer_type_top95,tabpfn_v1,v1,train,428,BRCA,BRCA,0,0,0.9941427,0.0002218286,0.0015228546,0.0015582427,0.0025543885
ALL_core_cancer_type_top95,tabpfn_v1,v1,train,626,BRCA,BRCA,0,0,0.99735653,9.628288e-05,0.0008443609,0.0006070531,0.0010957505
ALL_core_cancer_type_top95,tabpfn_v1,v1,train,1332,ESCA,ESCA,1,1,0.05896113,0.50057024,0.25316012,0.15221706,0.03509151
ALL_core_cancer_type_top95,tabpfn_v1,v1,train,375,BRCA,BRCA,0,0,0.9997707,1.5386557e-05,6.0318005e-05,3.1459418e-05,0.00012217641
ALL_core_cancer_type_top95,tabpfn_v1,v1,train,2536,LSCC,LSCC,3,3,0.02548294,0.001967707,0.04394761,0.8224231,0.10617864
ALL_core_cancer_type_top95,tabpfn_v1,v1,train,2713,LUAD,HNSCC,4,2,0.27223447,0.0003321502,0.35120067,0.18775831,0.18847442
ALL_core_cancer_type_top95,tabpfn_v1,v1,train,833,BRCA,BRCA,0,0,0.45679882,0.029655527,0.1719086,0.2707596,0.07087742
ALL_core_cancer_type_top95,tabpfn_v1,v1,train,404,BRCA,BRCA,0,0,0.98105067,0.0008167928,0.005118469,0.006345112,0.0066690096
ALL_core_cancer_type_top95,tabpfn_v1,v1,train,2502,LSCC,LSCC,3,3,0.16068058,0.022910167,0.26549587,0.48229682,0.068616614
ALL_core_cancer_type_top95,tabpfn_v1,v1,train,1467,HNSCC,HNSCC,2,2,0.27223447,0.0003321502,0.35120067,0.18775831,0.18847442
ALL_core_cancer_type_top95,tabpfn_v1,v1,train,2749,LUAD,BRCA,4,0,0.6227748,0.019842217,0.07362449,0.091607116,0.19215138
ALL_core_cancer_type_top95,tabpfn_v1,v1,train,1745,HNSCC,HNSCC,2,2,0.013492154,0.007448578,0.8825238,0.089098185,0.007437316
ALL_core_cancer_type_top95,tabpfn_v1,v1,train,2931,LUAD,LUAD,4,4,0.01017072,0.0035868632,0.005879724,0.013051514,0.9673113
ALL_core_cancer_type_top95,tabpfn_v1,v1,train,3137,LUAD,LUAD,4,4,0.0005757035,8.850664e-05,0.00029520705,0.0025500027,0.99649066
ALL_core_cancer_type_top95,tabpfn_v1,v1,train,108,BRCA,HNSCC,0,2,0.27223447,0.0003321502,0.35120067,0.18775831,0.18847442
ALL_core_cancer_type_top95,tabpfn_v1,v1,train,2405,LSCC,LSCC,3,3,0.0055438834,0.00038777763,0.006603732,0.96646535,0.020999238
ALL_core_cancer_type_top95,tabpfn_v1,v1,train,2781,LUAD,LUAD,4,4,0.066553764,0.002406325,0.01720928,0.16236617,0.7514644
ALL_core_cancer_type_top95,tabpfn_v1,v1,train,218,BRCA,BRCA,0,0,0.9954261,7.8814395e-05,0.0011292113,0.0009907843,0.0023750742
ALL_core_cancer_type_top95,tabpfn_v1,v1,train,701,BRCA,BRCA,0,0,0.99451363,0.00019993815,0.0014683127,0.001484623,0.0023335794
ALL_core_cancer_type_top95,tabpfn_v1,v1,train,2935,LUAD,LUAD,4,4,0.33039287,0.008750611,0.055861145,0.11632552,0.48866984
ALL_core_cancer_type_top95,tabpfn_v1,v1,train,2906,LUAD,LUAD,4,4,0.00073999184,5.4940494e-05,0.00022622003,0.0021357157,0.9968431
ALL_core_cancer_type_top95,tabpfn_v1,v1,train,923,BRCA,BRCA,0,0,0.9962358,0.00012741136,0.001011338,0.0008025242,0.0018230143
ALL_core_cancer_type_top95,tabpfn_v1,v1,train,1396,HNSCC,HNSCC,2,2,0.27223447,0.0003321502,0.35120067,0.18775831,0.18847442
ALL_core_cancer_type_top95,tabpfn_v1,v1,train,2393,LSCC,LSCC,3,3,0.033602208,0.0062071662,0.28552273,0.6279882,0.04667961
ALL_core_cancer_type_top95,tabpfn_v1,v1,train,1954,HNSCC,HNSCC,2,2,0.004562437,0.0049496056,0.973436,0.014617589,0.0024343256
ALL_core_cancer_type_top95,tabpfn_v1,v1,train,1404,HNSCC,HNSCC,2,2,0.27223447,0.0003321502,0.35120067,0.18775831,0.18847442
ALL_core_cancer_type_top95,tabpfn_v1,v1,train,1753,HNSCC,HNSCC,2,2,0.012107706,0.006720722,0.9525669,0.023005987,0.005598714
ALL_core_cancer_type_top95,tabpfn_v1,v1,train,1551,HNSCC,HNSCC,2,2,0.0015669051,0.0011032736,0.99171793,0.0047187395,0.0008931694
ALL_core_cancer_type_top95,tabpfn_v1,v1,train,2228,LSCC,LSCC,3,3,0.015657255,0.0009769605,0.022538261,0.94388956,0.016937919
ALL_core_cancer_type_top95,tabpfn_v1,v1,train,770,BRCA,BRCA,0,0,0.9942883,0.0005516535,0.0015469256,0.0009799871,0.0026330883
ALL_core_cancer_type_top95,tabpfn_v1,v1,train,2188,LSCC,LSCC,3,3,0.040872477,0.0007240931,0.008811423,0.6366222,0.31296983
ALL_core_cancer_type_top95,tabpfn_v1,v1,train,2441,LSCC,LSCC,3,3,0.14796308,0.0048337025,0.06989312,0.56966347,0.20764661
ALL_core_cancer_type_top95,tabpfn_v1,v1,train,707,BRCA,BRCA,0,0,0.97887963,0.00027027627,0.006079967,0.007289777,0.007480334
ALL_core_cancer_type_top95,tabpfn_v1,v1,train,1113,BRCA,BRCA,0,0,0.99898475,5.3965134e-05,0.00030183874,0.00018737592,0.0004719072
ALL_core_cancer_type_top95,tabpfn_v1,v1,train,650,BRCA,BRCA,0,0,0.8096374,0.0028524061,0.0346195,0.107040755,0.045849882
ALL_core_cancer_type_top95,tabpfn_v1,v1,train,905,BRCA,BRCA,0,0,0.9928531,8.941452e-05,0.0020766791,0.0023682641,0.00261247
ALL_core_cancer_type_top95,tabpfn_v1,v1,train,675,BRCA,BRCA,0,0,0.99913436,4.1572923e-05,0.00024808862,0.00015032447,0.00042570432
ALL_core_cancer_type_top95,tabpfn_v1,v1,train,267,BRCA,BRCA,0,0,0.99835485,0.00011447809,0.0006035939,0.0002807723,0.0006462358
ALL_core_cancer_type_top95,tabpfn_v1,v1,train,522,BRCA,BRCA,0,0,0.63799,0.05898423,0.13143805,0.116399355,0.055188347
ALL_core_cancer_type_top95,tabpfn_v1,v1,train,3048,LUAD,LUAD,4,4,0.0016513895,6.369469e-05,0.00021630261,0.0017429186,0.9963257
ALL_core_cancer_type_top95,tabpfn_v1,v1,train,1840,HNSCC,HNSCC,2,2,0.003333887,0.0010422377,0.98695344,0.005688379,0.0029820583
ALL_core_cancer_type_top95,tabpfn_v1,v1,train,2945,LUAD,LUAD,4,4,0.18239152,0.0034832573,0.017721359,0.039787848,0.75661606
ALL_core_cancer_type_top95,tabpfn_v1,v1,train,677,BRCA,BRCA,0,0,0.63643193,0.004056061,0.09176198,0.1673526,0.100397386
ALL_core_cancer_type_top95,tabpfn_v1,v1,train,245,BRCA,BRCA,0,0,0.7998799,0.0038162628,0.052216195,0.099941805,0.044145755
ALL_core_cancer_type_top95,tabpfn_v1,v1,train,1110,BRCA,BRCA,0,0,0.9806682,0.0009753912,0.005739861,0.004552322,0.008064164
ALL_core_cancer_type_top95,tabpfn_v1,v1,train,735,BRCA,BRCA,0,0,0.95744836,0.0013057108,0.009143375,0.012618495,0.019484103
ALL_core_cancer_type_top95,tabpfn_v1,v1,train,251,BRCA,BRCA,0,0,0.99061054,0.00027568362,0.003036105,0.0031189052,0.002958744
ALL_core_cancer_type_top95,tabpfn_v1,v1,train,1432,HNSCC,HNSCC,2,2,0.27223447,0.0003321502,0.35120067,0.18775831,0.18847442
ALL_core_cancer_type_top95,tabpfn_v1,v1,train,172,BRCA,BRCA,0,0,0.9980617,7.341874e-05,0.00052115606,0.00037371795,0.00097001554
ALL_core_cancer_type_top95,tabpfn_v1,v1,train,1522,HNSCC,HNSCC,2,2,0.12967393,0.0074670897,0.6267407,0.18021862,0.055899635
ALL_core_cancer_type_top95,tabpfn_v1,v1,train,3066,LUAD,LUAD,4,4,0.30419365,0.0027794335,0.023587218,0.079121105,0.5903185
ALL_core_cancer_type_top95,tabpfn_v1,v1,train,1525,HNSCC,BRCA,2,0,0.50984174,0.06176696,0.1231644,0.13813661,0.16709025
ALL_core_cancer_type_top95,tabpfn_v1,v1,train,243,BRCA,BRCA,0,0,0.9801143,0.0013619132,0.0062180394,0.0069468003,0.005358897
ALL_core_cancer_type_top95,tabpfn_v1,v1,train,483,BRCA,BRCA,0,0,0.9975891,7.932445e-05,0.000704388,0.00056926295,0.0010579564
ALL_core_cancer_type_top95,tabpfn_v1,v1,train,806,BRCA,BRCA,0,0,0.9670829,0.003236393,0.01016395,0.008462546,0.011054276
ALL_core_cancer_type_top95,tabpfn_v1,v1,train,3059,LUAD,LUAD,4,4,0.051468525,0.0007850569,0.009307205,0.08608911,0.8523501
ALL_core_cancer_type_top95,tabpfn_v1,v1,train,1930,HNSCC,HNSCC,2,2,0.001538241,0.0027149676,0.9906804,0.0039621075,0.0011043203
ALL_core_cancer_type_top95,tabpfn_v1,v1,train,2586,LSCC,LSCC,3,3,0.19045122,0.0039883917,0.15767562,0.4851473,0.16273753
ALL_core_cancer_type_top95,tabpfn_v1,v1,train,2802,LUAD,LUAD,4,4,0.02308593,0.001095038,0.007326971,0.07462657,0.8938655
ALL_core_cancer_type_top95,tabpfn_v1,v1,train,1959,HNSCC,HNSCC,2,2,0.003316718,0.0027444647,0.98040086,0.011258654,0.002279247
ALL_core_cancer_type_top95,tabpfn_v1,v1,train,2058,LSCC,HNSCC,3,2,0.27223447,0.0003321502,0.35120067,0.18775831,0.18847442
ALL_core_cancer_type_top95,tabpfn_v1,v1,train,222,BRCA,BRCA,0,0,0.9900434,0.00016059125,0.0024760892,0.0026375975,0.00468225
ALL_core_cancer_type_top95,tabpfn_v1,v1,train,3034,LUAD,LUAD,4,4,0.37178445,0.0013741687,0.013679403,0.05685735,0.55630463
ALL_core_cancer_type_top95,tabpfn_v1,v1,train,1569,HNSCC,HNSCC,2,2,0.009645167,0.010807933,0.9391081,0.035101365,0.0053375075
ALL_core_cancer_type_top95,tabpfn_v1,v1,train,3214,LUAD,LUAD,4,4,0.0027080784,0.0005067157,0.0017910548,0.032648306,0.96234584
ALL_core_cancer_type_top95,tabpfn_v1,v1,train,2326,LSCC,LSCC,3,3,0.0012569145,0.0002654963,0.0036969485,0.9916276,0.0031531067
ALL_core_cancer_type_top95,tabpfn_v1,v1,train,77,BRCA,HNSCC,0,2,0.27223447,0.0003321502,0.35120067,0.18775831,0.18847442
ALL_core_cancer_type_top95,tabpfn_v1,v1,train,56,BRCA,HNSCC,0,2,0.27223447,0.0003321502,0.35120067,0.18775831,0.18847442
ALL_core_cancer_type_top95,tabpfn_v1,v1,train,3095,LUAD,LUAD,4,4,0.06426844,0.0012769983,0.008386909,0.058822326,0.8672453
ALL_core_cancer_type_top95,tabpfn_v1,v1,train,278,BRCA,BRCA,0,0,0.9885938,0.00028653795,0.0045010727,0.0037348564,0.002883768
ALL_core_cancer_type_top95,tabpfn_v1,v1,train,1185,BRCA,BRCA,0,0,0.8203244,0.002445422,0.07085457,0.0747861,0.031589534
ALL_core_cancer_type_top95,tabpfn_v1,v1,train,1235,ESCA,ESCA,1,1,0.03248294,0.8653087,0.05790471,0.017831672,0.0264719
ALL_core_cancer_type_top95,tabpfn_v1,v1,train,217,BRCA,BRCA,0,0,0.6869371,0.0037834472,0.04783337,0.06645313,0.19499296
ALL_core_cancer_type_top95,tabpfn_v1,v1,train,374,BRCA,BRCA,0,0,0.99454087,0.00011315231,0.001366538,0.0013135152,0.0026659733
ALL_core_cancer_type_top95,tabpfn_v1,v1,train,3161,LUAD,LUAD,4,4,0.0088324,0.001237473,0.005694819,0.06754579,0.9166896
ALL_core_cancer_type_top95,tabpfn_v1,v1,train,1248,ESCA,ESCA,1,1,0.049054377,0.6213689,0.24898717,0.054170337,0.026419185
ALL_core_cancer_type_top95,tabpfn_v1,v1,train,173,BRCA,BRCA,0,0,0.9982639,3.3401884e-05,0.0004973384,0.00047933595,0.0007259813
ALL_core_cancer_type_top95,tabpfn_v1,v1,train,1392,HNSCC,HNSCC,2,2,0.27223447,0.0003321502,0.35120067,0.18775831,0.18847442
ALL_core_cancer_type_top95,tabpfn_v1,v1,train,2582,LSCC,LSCC,3,3,0.0020118805,0.00017740556,0.003491984,0.98920536,0.0051133553
ALL_core_cancer_type_top95,tabpfn_v1,v1,train,1972,HNSCC,HNSCC,2,2,0.005497997,0.0020093152,0.98099464,0.009063533,0.0024345382
ALL_core_cancer_type_top95,tabpfn_v1,v1,train,1762,HNSCC,HNSCC,2,2,0.000621873,0.0025089774,0.9944722,0.002020649,0.00037636884
ALL_core_cancer_type_top95,tabpfn_v1,v1,train,451,BRCA,BRCA,0,0,0.9688584,0.0015362519,0.009068139,0.009339486,0.01119761
ALL_core_cancer_type_top95,tabpfn_v1,v1,train,2384,LSCC,LSCC,3,3,0.0030677477,0.0005916239,0.009330426,0.98243225,0.0045779455
ALL_core_cancer_type_top95,tabpfn_v1,v1,train,568,BRCA,BRCA,0,0,0.9970264,4.8215894e-05,0.00082902884,0.0008551934,0.0012412157
ALL_core_cancer_type_top95,tabpfn_v1,v1,train,118,BRCA,HNSCC,0,2,0.27223447,0.0003321502,0.35120067,0.18775831,0.18847442
ALL_core_cancer_type_top95,tabpfn_v1,v1,train,1783,HNSCC,HNSCC,2,2,0.0014525774,0.0037011188,0.9890695,0.004899056,0.0008777352
ALL_core_cancer_type_top95,tabpfn_v1,v1,train,1258,ESCA,ESCA,1,1,0.24659202,0.5387855,0.11117477,0.05402334,0.049424347
ALL_core_cancer_type_top95,tabpfn_v1,v1,train,1247,ESCA,ESCA,1,1,0.12524155,0.7567188,0.03997032,0.014572489,0.06349686
ALL_core_cancer_type_top95,tabpfn_v1,v1,train,1566,HNSCC,HNSCC,2,2,0.010677766,0.0027511439,0.9402068,0.03878174,0.0075825276
ALL_core_cancer_type_top95,tabpfn_v1,v1,train,1554,HNSCC,HNSCC,2,2,0.27080077,0.039474227,0.38961,0.1384178,0.16169721
ALL_core_cancer_type_top95,tabpfn_v1,v1,train,2296,LSCC,LSCC,3,3,0.014952228,0.000824833,0.014025651,0.9102631,0.059934158
ALL_core_cancer_type_top95,tabpfn_v1,v1,train,449,BRCA,BRCA,0,0,0.8885619,0.0033449729,0.025081923,0.048492104,0.034519084
ALL_core_cancer_type_top95,tabpfn_v1,v1,train,1799,HNSCC,HNSCC,2,2,0.0008885194,0.005103844,0.989106,0.0042966544,0.0006048778
ALL_core_cancer_type_top95,tabpfn_v1,v1,train,1774,HNSCC,HNSCC,2,2,0.014022647,0.06596877,0.88469267,0.028601434,0.006714474
ALL_core_cancer_type_top95,tabpfn_v1,v1,train,1825,HNSCC,HNSCC,2,2,0.0028167574,0.0002847845,0.987912,0.007310489,0.0016759775
ALL_core_cancer_type_top95,tabpfn_v1,v1,train,301,BRCA,BRCA,0,0,0.9894783,0.0004182991,0.0029984545,0.0028996295,0.0042053787
ALL_core_cancer_type_top95,tabpfn_v1,v1,train,827,BRCA,BRCA,0,0,0.9927488,0.0005469113,0.002443084,0.0020356812,0.002225508
ALL_core_cancer_type_top95,tabpfn_v1,v1,train,2897,LUAD,LUAD,4,4,0.011097708,0.00047431732,0.003346692,0.04210609,0.94297516
ALL_core_cancer_type_top95,tabpfn_v1,v1,train,338,BRCA,BRCA,0,0,0.9983187,5.5642162e-05,0.00051546836,0.0004119938,0.00069839746
ALL_core_cancer_type_top95,tabpfn_v1,v1,train,2016,HNSCC,HNSCC,2,2,0.06321134,0.20975551,0.6482005,0.049169134,0.029663524
ALL_core_cancer_type_top95,tabpfn_v1,v1,train,1926,HNSCC,HNSCC,2,2,0.017897012,0.0039390177,0.9410745,0.029176684,0.007912807
ALL_core_cancer_type_top95,tabpfn_v1,v1,train,3093,LUAD,LUAD,4,4,0.028168213,0.0024028702,0.012424748,0.13063487,0.8263692
ALL_core_cancer_type_top95,tabpfn_v1,v1,train,1236,ESCA,ESCA,1,1,0.00090682675,0.9870948,0.008348716,0.0030061095,0.0006434932
ALL_core_cancer_type_top95,tabpfn_v1,v1,train,1591,HNSCC,HNSCC,2,2,0.02751059,0.0079348,0.93250906,0.02139624,0.010649369
ALL_core_cancer_type_top95,tabpfn_v1,v1,train,1856,HNSCC,LSCC,2,3,0.20258772,0.00904554,0.17320886,0.4363549,0.178803
ALL_core_cancer_type_top95,tabpfn_v1,v1,train,875,BRCA,BRCA,0,0,0.9995665,2.012957e-05,0.00013880822,7.125242e-05,0.0002032491
ALL_core_cancer_type_top95,tabpfn_v1,v1,train,2829,LUAD,LUAD,4,4,0.03827491,0.0010145666,0.008800505,0.16965076,0.7822593
ALL_core_cancer_type_top95,tabpfn_v1,v1,train,2000,HNSCC,LSCC,2,3,0.050030317,0.024768246,0.37398902,0.48053208,0.07068027
ALL_core_cancer_type_top95,tabpfn_v1,v1,train,155,BRCA,BRCA,0,0,0.90723217,0.0026115591,0.032135967,0.030286375,0.027733954
ALL_core_cancer_type_top95,tabpfn_v1,v1,train,147,BRCA,BRCA,0,0,0.9926715,0.00033905692,0.0020972448,0.0018065549,0.0030856254
ALL_core_cancer_type_top95,tabpfn_v1,v1,train,837,BRCA,BRCA,0,0,0.41883937,0.015589987,0.19460289,0.29894346,0.07202424
ALL_core_cancer_type_top95,tabpfn_v1,v1,train,3174,LUAD,LUAD,4,4,0.0022158239,0.00014599077,0.0008340152,0.013600565,0.98320365
ALL_core_cancer_type_top95,tabpfn_v1,v1,train,31,BRCA,HNSCC,0,2,0.27223447,0.0003321502,0.35120067,0.18775831,0.18847442
ALL_core_cancer_type_top95,tabpfn_v1,v1,train,1481,HNSCC,HNSCC,2,2,0.27223447,0.0003321502,0.35120067,0.18775831,0.18847442
ALL_core_cancer_type_top95,tabpfn_v1,v1,train,2884,LUAD,LUAD,4,4,0.012120821,0.0010837897,0.0046307566,0.050853103,0.9313114
ALL_core_cancer_type_top95,tabpfn_v1,v1,train,3105,LUAD,LUAD,4,4,0.016792256,0.0040723626,0.01193079,0.061189394,0.9060152
ALL_core_cancer_type_top95,tabpfn_v1,v1,train,127,BRCA,BRCA,0,0,0.98944646,0.00016260853,0.0031498384,0.004176871,0.003064294
ALL_core_cancer_type_top95,tabpfn_v1,v1,train,1136,BRCA,BRCA,0,0,0.99722385,3.8629754e-05,0.001021612,0.000849561,0.0008663361
ALL_core_cancer_type_top95,tabpfn_v1,v1,train,150,BRCA,BRCA,0,0,0.98304754,0.0004543071,0.00434616,0.0040474944,0.008104483
ALL_core_cancer_type_top95,tabpfn_v1,v1,train,83,BRCA,HNSCC,0,2,0.27223447,0.0003321502,0.35120067,0.18775831,0.18847442
ALL_core_cancer_type_top95,tabpfn_v1,v1,train,2045,LSCC,HNSCC,3,2,0.27223447,0.0003321502,0.35120067,0.18775831,0.18847442
ALL_core_cancer_type_top95,tabpfn_v1,v1,train,1399,HNSCC,HNSCC,2,2,0.27223447,0.0003321502,0.35120067,0.18775831,0.18847442
ALL_core_cancer_type_top95,tabpfn_v1,v1,train,262,BRCA,BRCA,0,0,0.97106016,0.001164896,0.009797441,0.0073346803,0.010642777
ALL_core_cancer_type_top95,tabpfn_v1,v1,train,2778,LUAD,LUAD,4,4,0.009156238,0.00021559464,0.00094125484,0.0064577316,0.9832292
ALL_core_cancer_type_top95,tabpfn_v1,v1,train,1831,HNSCC,HNSCC,2,2,0.0008645739,0.008306293,0.9801482,0.010014363,0.0006665604
ALL_core_cancer_type_top95,tabpfn_v1,v1,train,1162,BRCA,BRCA,0,0,0.80169785,0.012047186,0.07233416,0.065783694,0.048137065
ALL_core_cancer_type_top95,tabpfn_v1,v1,train,1994,HNSCC,HNSCC,2,2,0.0060744653,0.012789301,0.957963,0.018958986,0.0042141606
ALL_core_cancer_type_top95,tabpfn_v1,v1,train,2993,LUAD,LUAD,4,4,0.10974061,0.019440804,0.089686304,0.30550674,0.47562546
ALL_core_cancer_type_top95,tabpfn_v1,v1,train,2530,LSCC,LSCC,3,3,0.0469234,0.004278762,0.1135107,0.76020354,0.07508361
ALL_core_cancer_type_top95,tabpfn_v1,v1,train,2116,LSCC,HNSCC,3,2,0.27223447,0.0003321502,0.35120067,0.18775831,0.18847442
ALL_core_cancer_type_top95,tabpfn_v1,v1,train,2610,LSCC,LSCC,3,3,0.007334178,0.0024592623,0.070376046,0.9120318,0.007798626
ALL_core_cancer_type_top95,tabpfn_v1,v1,train,762,BRCA,BRCA,0,0,0.9348785,0.0014486732,0.011368138,0.016182,0.03612264
ALL_core_cancer_type_top95,tabpfn_v1,v1,train,3184,LUAD,LUAD,4,4,0.0027811087,0.00022732173,0.0015651258,0.03158208,0.9638443
ALL_core_cancer_type_top95,tabpfn_v1,v1,train,2952,LUAD,LUAD,4,4,0.0003816562,1.9925625e-05,0.00011545564,0.0022415807,0.9972415
ALL_core_cancer_type_top95,tabpfn_v1,v1,train,3056,LUAD,LUAD,4,4,0.00096775236,7.954738e-05,0.00025071105,0.0014231002,0.99727887
ALL_core_cancer_type_top95,tabpfn_v1,v1,train,2489,LSCC,LSCC,3,3,0.00940236,0.0010060546,0.015905267,0.9653571,0.008329171
ALL_core_cancer_type_top95,tabpfn_v1,v1,train,115,BRCA,HNSCC,0,2,0.27223447,0.0003321502,0.35120067,0.18775831,0.18847442
ALL_core_cancer_type_top95,tabpfn_v1,v1,train,1359,ESCA,ESCA,1,1,0.14027433,0.6496699,0.1224201,0.037070222,0.05056545
ALL_core_cancer_type_top95,tabpfn_v1,v1,train,2288,LSCC,LSCC,3,3,0.031464323,0.0021597468,0.07026289,0.75621384,0.13989922
ALL_core_cancer_type_top95,tabpfn_v1,v1,train,487,BRCA,BRCA,0,0,0.90724814,0.0019211691,0.02907292,0.041384175,0.020373624
ALL_core_cancer_type_top95,tabpfn_v1,v1,train,1839,HNSCC,HNSCC,2,2,0.0049061463,0.0058655078,0.9575878,0.02748957,0.004150954
ALL_core_cancer_type_top95,tabpfn_v1,v1,train,2887,LUAD,LUAD,4,4,0.009428681,0.0006026511,0.0043240204,0.19335763,0.79228705
ALL_core_cancer_type_top95,tabpfn_v1,v1,train,1163,BRCA,BRCA,0,0,0.998094,6.831498e-05,0.0005707707,0.00043204756,0.0008349171
ALL_core_cancer_type_top95,tabpfn_v1,v1,train,0,BRCA,HNSCC,0,2,0.27223447,0.0003321502,0.35120067,0.18775831,0.18847442
ALL_core_cancer_type_top95,tabpfn_v1,v1,train,1918,HNSCC,HNSCC,2,2,0.0011429067,0.001551545,0.992683,0.0037632782,0.0008592651
ALL_core_cancer_type_top95,tabpfn_v1,v1,train,777,BRCA,BRCA,0,0,0.8450524,0.0012689882,0.019391492,0.03348196,0.10080524
ALL_core_cancer_type_top95,tabpfn_v1,v1,train,2954,LUAD,LUAD,4,4,0.03593471,0.0030350366,0.0050479705,0.012584155,0.9433982
ALL_core_cancer_type_top95,tabpfn_v1,v1,train,734,BRCA,BRCA,0,0,0.83226436,0.0059997393,0.06759458,0.058435887,0.035705496
ALL_core_cancer_type_top95,tabpfn_v1,v1,train,3203,LUAD,LUAD,4,4,0.028798139,0.0013423396,0.0072909277,0.061392672,0.90117586
ALL_core_cancer_type_top95,tabpfn_v1,v1,train,551,BRCA,BRCA,0,0,0.9992168,2.5415093e-05,0.0002205859,0.00015215804,0.00038493087
ALL_core_cancer_type_top95,tabpfn_v1,v1,train,388,BRCA,BRCA,0,0,0.9998771,7.064531e-06,3.2864355e-05,1.6165708e-05,6.677025e-05
ALL_core_cancer_type_top95,tabpfn_v1,v1,train,61,BRCA,HNSCC,0,2,0.27223447,0.0003321502,0.35120067,0.18775831,0.18847442
ALL_core_cancer_type_top95,tabpfn_v1,v1,train,1758,HNSCC,HNSCC,2,2,0.056674495,0.01677162,0.8889808,0.018793963,0.018779134
ALL_core_cancer_type_top95,tabpfn_v1,v1,train,1219,ESCA,ESCA,1,1,0.1770067,0.50442517,0.13253208,0.0709803,0.115055695
ALL_core_cancer_type_top95,tabpfn_v1,v1,train,1833,HNSCC,HNSCC,2,2,0.06498531,0.11440567,0.74617517,0.052981526,0.02145233
ALL_core_cancer_type_top95,tabpfn_v1,v1,train,582,BRCA,BRCA,0,0,0.9991906,6.881195e-05,0.00020804054,0.00012851768,0.0004038978
ALL_core_cancer_type_top95,tabpfn_v1,v1,train,2035,LSCC,HNSCC,3,2,0.27223447,0.0003321502,0.35120067,0.18775831,0.18847442
ALL_core_cancer_type_top95,tabpfn_v1,v1,train,2273,LSCC,LSCC,3,3,0.12760298,0.0018366101,0.058762126,0.6770942,0.13470404
ALL_core_cancer_type_top95,tabpfn_v1,v1,train,1353,ESCA,BRCA,1,0,0.2291937,0.22908315,0.2172185,0.21113494,0.113369666
ALL_core_cancer_type_top95,tabpfn_v1,v1,train,1386,ESCA,ESCA,1,1,0.0005696653,0.9928387,0.0045147,0.0015024507,0.000574592
ALL_core_cancer_type_top95,tabpfn_v1,v1,train,704,BRCA,BRCA,0,0,0.9228308,0.0013147685,0.025257109,0.03565898,0.014938364
ALL_core_cancer_type_top95,tabpfn_v1,v1,train,1159,BRCA,BRCA,0,0,0.9997254,1.2642551e-05,6.118359e-05,3.010604e-05,0.00017061978
ALL_core_cancer_type_top95,tabpfn_v1,v1,train,1967,HNSCC,HNSCC,2,2,0.0009054538,0.00023396855,0.9965385,0.0018004335,0.0005216518
ALL_core_cancer_type_top95,tabpfn_v1,v1,train,2879,LUAD,LUAD,4,4,0.00063540984,4.4911078e-05,0.00021565931,0.002307087,0.996797
ALL_core_cancer_type_top95,tabpfn_v1,v1,train,1858,HNSCC,HNSCC,2,2,0.02247398,0.28264382,0.65686774,0.026801037,0.011213396
ALL_core_cancer_type_top95,tabpfn_v1,v1,train,85,BRCA,HNSCC,0,2,0.27223447,0.0003321502,0.35120067,0.18775831,0.18847442
ALL_core_cancer_type_top95,tabpfn_v1,v1,train,1412,HNSCC,HNSCC,2,2,0.27223447,0.0003321502,0.35120067,0.18775831,0.18847442
ALL_core_cancer_type_top95,tabpfn_v1,v1,train,1808,HNSCC,HNSCC,2,2,0.0017559708,0.006843064,0.9714443,0.018434381,0.001522198
ALL_core_cancer_type_top95,tabpfn_v1,v1,train,2861,LUAD,LUAD,4,4,0.015731415,0.001285016,0.009341725,0.27549526,0.6981466
ALL_core_cancer_type_top95,tabpfn_v1,v1,train,1729,HNSCC,HNSCC,2,2,0.006052379,0.002425072,0.9701366,0.018296497,0.0030894272
ALL_core_cancer_type_top95,tabpfn_v1,v1,train,546,BRCA,BRCA,0,0,0.9992317,2.5197278e-05,0.00019708948,0.000113275615,0.0004327535
ALL_core_cancer_type_top95,tabpfn_v1,v1,train,982,BRCA,BRCA,0,0,0.9181621,0.01074696,0.017981108,0.022768077,0.03034167
ALL_core_cancer_type_top95,tabpfn_v1,v1,train,79,BRCA,HNSCC,0,2,0.27223447,0.0003321502,0.35120067,0.18775831,0.18847442
ALL_core_cancer_type_top95,tabpfn_v1,v1,train,597,BRCA,BRCA,0,0,0.99589866,0.00017236655,0.0014193117,0.0010284083,0.0014812505
ALL_core_cancer_type_top95,tabpfn_v1,v1,train,2975,LUAD,LUAD,4,4,0.0073824865,0.00044539865,0.0018220029,0.013185751,0.9771643
ALL_core_cancer_type_top95,tabpfn_v1,v1,train,2739,LUAD,LUAD,4,4,0.34904253,0.04877303,0.102853075,0.13227151,0.3670599
ALL_core_cancer_type_top95,tabpfn_v1,v1,train,662,BRCA,BRCA,0,0,0.70352304,0.01373619,0.11162839,0.09238671,0.07872572
ALL_core_cancer_type_top95,tabpfn_v1,v1,train,3194,LUAD,LUAD,4,4,0.01869276,0.0005201906,0.004743586,0.057766683,0.91827685
ALL_core_cancer_type_top95,tabpfn_v1,v1,train,887,BRCA,BRCA,0,0,0.9935875,0.00045095367,0.0019529534,0.0015800957,0.0024285296
ALL_core_cancer_type_top95,tabpfn_v1,v1,train,497,BRCA,BRCA,0,0,0.7867138,0.023985595,0.061990492,0.056938533,0.070371635
ALL_core_cancer_type_top95,tabpfn_v1,v1,train,434,BRCA,BRCA,0,0,0.98977274,0.00059610035,0.0030453422,0.0027739422,0.0038118656
ALL_core_cancer_type_top95,tabpfn_v1,v1,train,1848,HNSCC,LSCC,2,3,0.19171727,0.0053390376,0.31144398,0.330509,0.16099066
ALL_core_cancer_type_top95,tabpfn_v1,v1,train,413,BRCA,BRCA,0,0,0.92108214,0.003169729,0.018551633,0.02382058,0.033375904
ALL_core_cancer_type_top95,tabpfn_v1,v1,train,139,BRCA,BRCA,0,0,0.9909148,0.00091855286,0.0024199155,0.0016388317,0.0041078716
ALL_core_cancer_type_top95,tabpfn_v1,v1,train,3075,LUAD,LUAD,4,4,0.0017580807,0.00010826935,0.000502209,0.0031138826,0.9945176
ALL_core_cancer_type_top95,tabpfn_v1,v1,train,1895,HNSCC,HNSCC,2,2,0.00022500579,0.00042474671,0.99834967,0.0008150421,0.0001855927
ALL_core_cancer_type_top95,tabpfn_v1,v1,train,1033,BRCA,BRCA,0,0,0.78182155,0.011590983,0.054984782,0.08349701,0.06810573
ALL_core_cancer_type_top95,tabpfn_v1,v1,train,2396,LSCC,LSCC,3,3,0.009207963,0.0008409093,0.016986009,0.924484,0.048481148
ALL_core_cancer_type_top95,tabpfn_v1,v1,train,865,BRCA,BRCA,0,0,0.9881279,0.00060125504,0.0034315246,0.0036221766,0.0042171516
ALL_core_cancer_type_top95,tabpfn_v1,v1,train,2896,LUAD,LUAD,4,4,0.003588774,0.00014958168,0.00089956506,0.006887286,0.9884748
ALL_core_cancer_type_top95,tabpfn_v1,v1,train,1203,BRCA,BRCA,0,0,0.99478453,0.00042472902,0.00146846,0.0010640674,0.0022582384
ALL_core_cancer_type_top95,tabpfn_v1,v1,train,2637,LUAD,HNSCC,4,2,0.27223447,0.0003321502,0.35120067,0.18775831,0.18847442
ALL_core_cancer_type_top95,tabpfn_v1,v1,train,1316,ESCA,ESCA,1,1,0.01522276,0.85633343,0.09314305,0.029209781,0.006090989
ALL_core_cancer_type_top95,tabpfn_v1,v1,train,1962,HNSCC,HNSCC,2,2,0.0032956942,0.0016581087,0.98591655,0.006815954,0.0023136516
ALL_core_cancer_type_top95,tabpfn_v1,v1,train,59,BRCA,HNSCC,0,2,0.27223447,0.0003321502,0.35120067,0.18775831,0.18847442
ALL_core_cancer_type_top95,tabpfn_v1,v1,train,369,BRCA,BRCA,0,0,0.9973084,8.1325146e-05,0.0009064152,0.0007003607,0.0010035356
ALL_core_cancer_type_top95,tabpfn_v1,v1,train,2549,LSCC,LSCC,3,3,0.061174177,0.0062821116,0.115152955,0.6871767,0.13021404
ALL_core_cancer_type_top95,tabpfn_v1,v1,train,842,BRCA,BRCA,0,0,0.89762634,0.003946869,0.03416023,0.026122402,0.03814418
ALL_core_cancer_type_top95,tabpfn_v1,v1,train,932,BRCA,BRCA,0,0,0.58939457,0.016701128,0.14119485,0.18044144,0.072268
ALL_core_cancer_type_top95,tabpfn_v1,v1,train,2692,LUAD,HNSCC,4,2,0.27223447,0.0003321502,0.35120067,0.18775831,0.18847442
ALL_core_cancer_type_top95,tabpfn_v1,v1,train,2246,LSCC,LSCC,3,3,0.006709385,0.0019302676,0.016658358,0.95406944,0.02063252
ALL_core_cancer_type_top95,tabpfn_v1,v1,train,312,BRCA,BRCA,0,0,0.7925768,0.0025934076,0.036304288,0.11966077,0.048864827
ALL_core_cancer_type_top95,tabpfn_v1,v1,train,2049,LSCC,HNSCC,3,2,0.27223447,0.0003321502,0.35120067,0.18775831,0.18847442
ALL_core_cancer_type_top95,tabpfn_v1,v1,train,1684,HNSCC,HNSCC,2,2,0.050966352,0.032018796,0.78899044,0.10535745,0.022666963
ALL_core_cancer_type_top95,tabpfn_v1,v1,train,179,BRCA,BRCA,0,0,0.8873761,0.0027550596,0.02454707,0.054729868,0.030591799
ALL_core_cancer_type_top95,tabpfn_v1,v1,train,1863,HNSCC,HNSCC,2,2,0.014186236,0.0007587862,0.9570799,0.020106975,0.0078681335
ALL_core_cancer_type_top95,tabpfn_v1,v1,train,2440,LSCC,LSCC,3,3,0.010411283,0.0012510691,0.018721225,0.9571866,0.012429875
ALL_core_cancer_type_top95,tabpfn_v1,v1,train,1337,ESCA,ESCA,1,1,0.0015233618,0.9373715,0.04345174,0.015317061,0.002336239
ALL_core_cancer_type_top95,tabpfn_v1,v1,train,493,BRCA,BRCA,0,0,0.96900237,0.0014407783,0.008495256,0.0088200895,0.012241525
ALL_core_cancer_type_top95,tabpfn_v1,v1,train,848,BRCA,BRCA,0,0,0.88486826,0.0072778673,0.0386764,0.03364544,0.035531905
ALL_core_cancer_type_top95,tabpfn_v1,v1,train,180,BRCA,BRCA,0,0,0.9675354,0.0075865043,0.009079762,0.0074222283,0.008376176
ALL_core_cancer_type_top95,tabpfn_v1,v1,train,2022,LSCC,HNSCC,3,2,0.27223447,0.0003321502,0.35120067,0.18775831,0.18847442
ALL_core_cancer_type_top95,tabpfn_v1,v1,train,3154,LUAD,LUAD,4,4,0.06495139,0.002685884,0.008043479,0.021651842,0.9026674
ALL_core_cancer_type_top95,tabpfn_v1,v1,train,1397,HNSCC,HNSCC,2,2,0.27223447,0.0003321502,0.35120067,0.18775831,0.18847442
ALL_core_cancer_type_top95,tabpfn_v1,v1,train,467,BRCA,BRCA,0,0,0.9986058,3.2880307e-05,0.00027316756,0.00023170275,0.0008564039
ALL_core_cancer_type_top95,tabpfn_v1,v1,train,1726,HNSCC,HNSCC,2,2,0.009898516,0.003789912,0.8874948,0.0888004,0.01001636
ALL_core_cancer_type_top95,tabpfn_v1,v1,train,1971,HNSCC,HNSCC,2,2,0.0064328127,0.012672259,0.9471589,0.02967754,0.0040585846
ALL_core_cancer_type_top95,tabpfn_v1,v1,train,2940,LUAD,LUAD,4,4,0.0065211533,0.00129816,0.0015424312,0.003431036,0.98720723
ALL_core_cancer_type_top95,tabpfn_v1,v1,train,1964,HNSCC,HNSCC,2,2,0.0066374904,0.0036224385,0.96181256,0.023778446,0.0041490765
ALL_core_cancer_type_top95,tabpfn_v1,v1,train,1891,HNSCC,HNSCC,2,2,0.005168479,0.0029692503,0.98663646,0.002786019,0.002439736
ALL_core_cancer_type_top95,tabpfn_v1,v1,train,234,BRCA,BRCA,0,0,0.8039448,0.003436357,0.0485145,0.10803334,0.036070995
ALL_core_cancer_type_top95,tabpfn_v1,v1,train,984,BRCA,BRCA,0,0,0.97460866,0.00054416043,0.0084975585,0.009000561,0.00734899
ALL_core_cancer_type_top95,tabpfn_v1,v1,train,3143,LUAD,LSCC,4,3,0.16772276,0.007225844,0.07973306,0.51852983,0.22678852
ALL_core_cancer_type_top95,tabpfn_v1,v1,train,1335,ESCA,ESCA,1,1,0.0012331739,0.98192066,0.012720085,0.0031684104,0.0009577256
ALL_core_cancer_type_top95,tabpfn_v1,v1,train,2768,LUAD,LUAD,4,4,0.03721241,0.00059338385,0.0067042406,0.052737553,0.9027524
ALL_core_cancer_type_top95,tabpfn_v1,v1,train,322,BRCA,BRCA,0,0,0.97317886,0.0018429974,0.007028903,0.0066046556,0.011344545
ALL_core_cancer_type_top95,tabpfn_v1,v1,train,258,BRCA,BRCA,0,0,0.97437704,0.0053321384,0.0077300374,0.0058330433,0.0067277714
ALL_core_cancer_type_top95,tabpfn_v1,v1,train,1356,ESCA,ESCA,1,1,0.04307169,0.59459835,0.1717891,0.15572736,0.034813493
ALL_core_cancer_type_top95,tabpfn_v1,v1,train,1074,BRCA,BRCA,0,0,0.9868122,0.00014975322,0.0043033916,0.004811623,0.003923026
ALL_core_cancer_type_top95,tabpfn_v1,v1,train,2581,LSCC,LSCC,3,3,0.1216139,0.007286042,0.0882895,0.6488546,0.13395602
ALL_core_cancer_type_top95,tabpfn_v1,v1,train,2526,LSCC,LSCC,3,3,0.022666346,0.0015701926,0.03826162,0.8364827,0.10101916
ALL_core_cancer_type_top95,tabpfn_v1,v1,train,2271,LSCC,LSCC,3,3,0.019629529,0.004430439,0.14492367,0.80900997,0.022006443
ALL_core_cancer_type_top95,tabpfn_v1,v1,train,209,BRCA,BRCA,0,0,0.990884,0.0010134031,0.0027633428,0.0021456035,0.0031936637
ALL_core_cancer_type_top95,tabpfn_v1,v1,train,303,BRCA,BRCA,0,0,0.99731845,0.00032976022,0.00060203805,0.00039632936,0.0013534346
ALL_core_cancer_type_top95,tabpfn_v1,v1,train,2529,LSCC,LUAD,3,4,0.052171227,0.00084329117,0.015066177,0.36969587,0.5622234
ALL_core_cancer_type_top95,tabpfn_v1,v1,train,1904,HNSCC,HNSCC,2,2,0.0015918473,0.0029992342,0.985424,0.0088935,0.0010913861
ALL_core_cancer_type_top95,tabpfn_v1,v1,train,1149,BRCA,BRCA,0,0,0.98771566,0.0007153508,0.0040616025,0.0031489138,0.004358394
ALL_core_cancer_type_top95,tabpfn_v1,v1,train,408,BRCA,BRCA,0,0,0.9785075,0.000851666,0.003964038,0.0050672544,0.011609595
ALL_core_cancer_type_top95,tabpfn_v1,v1,train,427,BRCA,BRCA,0,0,0.6692349,0.02068024,0.11218113,0.13027692,0.06762693
ALL_core_cancer_type_top95,tabpfn_v1,v1,train,1119,BRCA,BRCA,0,0,0.9978162,3.4389934e-05,0.00076735136,0.000626368,0.0007556856
ALL_core_cancer_type_top95,tabpfn_v1,v1,train,788,BRCA,BRCA,0,0,0.62628555,0.0069562434,0.06705097,0.2766269,0.023080243
ALL_core_cancer_type_top95,tabpfn_v1,v1,train,2043,LSCC,HNSCC,3,2,0.27223447,0.0003321502,0.35120067,0.18775831,0.18847442
ALL_core_cancer_type_top95,tabpfn_v1,v1,train,1793,HNSCC,HNSCC,2,2,0.0031181194,0.0018006905,0.9785252,0.014721265,0.0018347366
ALL_core_cancer_type_top95,tabpfn_v1,v1,train,2905,LUAD,LUAD,4,4,0.0058917063,0.00024588022,0.0022144187,0.033591583,0.95805645
ALL_core_cancer_type_top95,tabpfn_v1,v1,train,2031,LSCC,HNSCC,3,2,0.27223447,0.0003321502,0.35120067,0.18775831,0.18847442
ALL_core_cancer_type_top95,tabpfn_v1,v1,train,2498,LSCC,LSCC,3,3,0.007958311,0.0010027899,0.032208294,0.9424627,0.016367842
ALL_core_cancer_type_top95,tabpfn_v1,v1,train,2597,LSCC,LSCC,3,3,0.001104218,0.00025934845,0.0031712132,0.99088144,0.0045837755
ALL_core_cancer_type_top95,tabpfn_v1,v1,train,1146,BRCA,BRCA,0,0,0.72868,0.006830779,0.0900714,0.119716845,0.05470099
ALL_core_cancer_type_top95,tabpfn_v1,v1,train,3063,LUAD,LUAD,4,4,0.021288656,0.00089981506,0.007448323,0.09995872,0.87040454
ALL_core_cancer_type_top95,tabpfn_v1,v1,train,228,BRCA,BRCA,0,0,0.9656194,0.0012785473,0.010850178,0.012815011,0.0094367545
ALL_core_cancer_type_top95,tabpfn_v1,v1,train,1553,HNSCC,HNSCC,2,2,0.015295752,0.0119115645,0.93033063,0.033797357,0.008664691
ALL_core_cancer_type_top95,tabpfn_v1,v1,train,1502,HNSCC,HNSCC,2,2,0.06000392,0.026987953,0.8622354,0.032634664,0.018138064
ALL_core_cancer_type_top95,tabpfn_v1,v1,train,2810,LUAD,LUAD,4,4,0.11465322,0.0018258243,0.02102038,0.06948975,0.79301083
ALL_core_cancer_type_top95,tabpfn_v1,v1,train,1008,BRCA,BRCA,0,0,0.9996532,1.2729553e-05,0.00010883716,6.312319e-05,0.0001621171
ALL_core_cancer_type_top95,tabpfn_v1,v1,train,1250,ESCA,ESCA,1,1,0.21072856,0.3578578,0.21488653,0.1235787,0.09294847
ALL_core_cancer_type_top95,tabpfn_v1,v1,train,2402,LSCC,LSCC,3,3,0.28079996,0.0036937536,0.09318321,0.39912006,0.22320299
ALL_core_cancer_type_top95,tabpfn_v1,v1,train,2066,LSCC,HNSCC,3,2,0.27223447,0.0003321502,0.35120067,0.18775831,0.18847442
ALL_core_cancer_type_top95,tabpfn_v1,v1,train,1645,HNSCC,HNSCC,2,2,0.0022248635,0.0067802556,0.98339164,0.006267522,0.0013357324
ALL_core_cancer_type_top95,tabpfn_v1,v1,train,2770,LUAD,LUAD,4,4,0.002373177,0.00019731563,0.0009846768,0.011751765,0.98469317
ALL_core_cancer_type_top95,tabpfn_v1,v1,train,1752,HNSCC,HNSCC,2,2,0.2929763,0.007361044,0.37900102,0.20892325,0.1117384
ALL_core_cancer_type_top95,tabpfn_v1,v1,train,674,BRCA,BRCA,0,0,0.422142,0.022242922,0.2487699,0.25153112,0.05531406
ALL_core_cancer_type_top95,tabpfn_v1,v1,train,1157,BRCA,BRCA,0,0,0.99860877,8.434299e-05,0.00036265075,0.00019375322,0.0007505657
ALL_core_cancer_type_top95,tabpfn_v1,v1,train,1583,HNSCC,HNSCC,2,2,0.0024809565,0.0014148236,0.97534704,0.017642314,0.0031148344
ALL_core_cancer_type_top95,tabpfn_v1,v1,train,2799,LUAD,LUAD,4,4,0.0007543299,3.4752786e-05,0.00021919888,0.0022487852,0.996743
ALL_core_cancer_type_top95,tabpfn_v1,v1,train,1732,HNSCC,HNSCC,2,2,0.0049158623,0.0060502714,0.9671359,0.018125547,0.0037724525
ALL_core_cancer_type_top95,tabpfn_v1,v1,train,3092,LUAD,LUAD,4,4,0.11892375,0.0076829656,0.043012876,0.23345648,0.596924
ALL_core_cancer_type_top95,tabpfn_v1,v1,train,1807,HNSCC,HNSCC,2,2,0.082411714,0.07260625,0.4131465,0.38630927,0.045526255
ALL_core_cancer_type_top95,tabpfn_v1,v1,train,334,BRCA,BRCA,0,0,0.40236604,0.0025040244,0.08186042,0.2524639,0.26080558
ALL_core_cancer_type_top95,tabpfn_v1,v1,train,2918,LUAD,LUAD,4,4,0.0021328852,8.757481e-05,0.0005744225,0.005834224,0.9913708
ALL_core_cancer_type_top95,tabpfn_v1,v1,train,1995,HNSCC,BRCA,2,0,0.44979873,0.08653863,0.18776608,0.11273867,0.16315788
ALL_core_cancer_type_top95,tabpfn_v1,v1,train,2506,LSCC,LSCC,3,3,0.0024669166,0.00037921767,0.0064205015,0.9850249,0.005708487
ALL_core_cancer_type_top95,tabpfn_v1,v1,train,2348,LSCC,LSCC,3,3,0.0031882364,0.0013206494,0.022718037,0.96421313,0.008559914
ALL_core_cancer_type_top95,tabpfn_v1,v1,train,1754,HNSCC,HNSCC,2,2,0.18342115,0.008433128,0.4230496,0.28378487,0.101311274
ALL_core_cancer_type_top95,tabpfn_v1,v1,train,653,BRCA,BRCA,0,0,0.73469937,0.0065180296,0.061474733,0.11630349,0.08100436
ALL_core_cancer_type_top95,tabpfn_v1,v1,train,3015,LUAD,LUAD,4,4,0.024362316,0.0010400187,0.0056963162,0.04278622,0.9261152
ALL_core_cancer_type_top95,tabpfn_v1,v1,train,281,BRCA,BRCA,0,0,0.9842701,0.00053907913,0.004202833,0.0043922346,0.0065957922
ALL_core_cancer_type_top95,tabpfn_v1,v1,train,2950,LUAD,LUAD,4,4,0.0017534895,0.00016630697,0.00081641716,0.0073046633,0.98995906
ALL_core_cancer_type_top95,tabpfn_v1,v1,train,978,BRCA,BRCA,0,0,0.98870856,0.00016467643,0.00354338,0.0034741673,0.004109266
ALL_core_cancer_type_top95,tabpfn_v1,v1,train,2800,LUAD,LUAD,4,4,0.0077386475,0.00046829207,0.003180959,0.031780872,0.9568312
ALL_core_cancer_type_top95,tabpfn_v1,v1,train,2631,LUAD,HNSCC,4,2,0.27223447,0.0003321502,0.35120067,0.18775831,0.18847442
ALL_core_cancer_type_top95,tabpfn_v1,v1,train,1284,ESCA,ESCA,1,1,0.22743466,0.51774514,0.11705985,0.049317025,0.088443354
ALL_core_cancer_type_top95,tabpfn_v1,v1,train,947,BRCA,BRCA,0,0,0.9738237,0.002583498,0.0072896173,0.006800635,0.009502595
ALL_core_cancer_type_top95,tabpfn_v1,v1,train,2596,LSCC,LSCC,3,3,0.13344565,0.0030129668,0.06270226,0.5854658,0.21537334
ALL_core_cancer_type_top95,tabpfn_v1,v1,train,655,BRCA,BRCA,0,0,0.9914773,0.001535111,0.002965555,0.0017358976,0.0022860535
ALL_core_cancer_type_top95,tabpfn_v1,v1,train,639,BRCA,BRCA,0,0,0.99314934,4.5795812e-05,0.0018964584,0.002184216,0.0027242356
ALL_core_cancer_type_top95,tabpfn_v1,v1,train,2272,LSCC,LSCC,3,3,0.052474655,0.006322418,0.14635721,0.6306199,0.1642258
ALL_core_cancer_type_top95,tabpfn_v1,v1,train,1948,HNSCC,HNSCC,2,2,0.1319986,0.017763311,0.6023105,0.18726502,0.060662627
ALL_core_cancer_type_top95,tabpfn_v1,v1,train,2375,LSCC,LSCC,3,3,0.0045918487,0.001969274,0.03165409,0.95483863,0.0069461185
ALL_core_cancer_type_top95,tabpfn_v1,v1,train,3098,LUAD,BRCA,4,0,0.41674593,0.009105601,0.08505314,0.1280854,0.3610099
ALL_core_cancer_type_top95,tabpfn_v1,v1,train,1834,HNSCC,HNSCC,2,2,0.005095355,0.0047484334,0.9641533,0.022932937,0.00306995
ALL_core_cancer_type_top95,tabpfn_v1,v1,train,2997,LUAD,LUAD,4,4,0.019879526,0.0013973601,0.009884625,0.096112825,0.8727257
ALL_core_cancer_type_top95,tabpfn_v1,v1,train,149,BRCA,BRCA,0,0,0.9946136,0.002495759,0.0011675849,0.00039900848,0.001324012
ALL_core_cancer_type_top95,tabpfn_v1,v1,train,2041,LSCC,HNSCC,3,2,0.27223447,0.0003321502,0.35120067,0.18775831,0.18847442
ALL_core_cancer_type_top95,tabpfn_v1,v1,train,307,BRCA,BRCA,0,0,0.8222183,0.0042273784,0.056005638,0.081438825,0.03610988
ALL_core_cancer_type_top95,tabpfn_v1,v1,train,1274,ESCA,ESCA,1,1,0.0065155337,0.9359357,0.04258169,0.010216508,0.004750515
ALL_core_cancer_type_top95,tabpfn_v1,v1,train,1683,HNSCC,HNSCC,2,2,0.022650145,0.010849401,0.8747654,0.07513824,0.016596796
ALL_core_cancer_type_top95,tabpfn_v1,v1,train,29,BRCA,HNSCC,0,2,0.27223447,0.0003321502,0.35120067,0.18775831,0.18847442
ALL_core_cancer_type_top95,tabpfn_v1,v1,train,1194,BRCA,BRCA,0,0,0.97259164,0.0003651564,0.009251814,0.011462033,0.0063292207
ALL_core_cancer_type_top95,tabpfn_v1,v1,train,11,BRCA,HNSCC,0,2,0.27223447,0.0003321502,0.35120067,0.18775831,0.18847442
ALL_core_cancer_type_top95,tabpfn_v1,v1,train,1501,HNSCC,HNSCC,2,2,0.020037312,0.0027175103,0.95303386,0.015199823,0.009011491
ALL_core_cancer_type_top95,tabpfn_v1,v1,train,2481,LSCC,HNSCC,3,2,0.06668196,0.014208375,0.4676868,0.39059275,0.06083013
ALL_core_cancer_type_top95,tabpfn_v1,v1,train,88,BRCA,HNSCC,0,2,0.27223447,0.0003321502,0.35120067,0.18775831,0.18847442
ALL_core_cancer_type_top95,tabpfn_v1,v1,train,210,BRCA,BRCA,0,0,0.9879104,0.00070676167,0.0034723459,0.0030903807,0.0048200125
ALL_core_cancer_type_top95,tabpfn_v1,v1,train,2674,LUAD,HNSCC,4,2,0.27223447,0.0003321502,0.35120067,0.18775831,0.18847442
ALL_core_cancer_type_top95,tabpfn_v1,v1,train,2341,LSCC,LSCC,3,3,0.0076918784,0.0008848937,0.01881861,0.9612813,0.011323259
ALL_core_cancer_type_top95,tabpfn_v1,v1,train,1777,HNSCC,HNSCC,2,2,0.0042012804,0.021714486,0.9580088,0.013483369,0.0025920107
ALL_core_cancer_type_top95,tabpfn_v1,v1,train,3046,LUAD,LUAD,4,4,0.043414645,0.0040795025,0.034985784,0.20916066,0.7083595
ALL_core_cancer_type_top95,tabpfn_v1,v1,train,364,BRCA,BRCA,0,0,0.93823665,0.01958094,0.014886236,0.011655072,0.015641058
ALL_core_cancer_type_top95,tabpfn_v1,v1,train,1534,HNSCC,HNSCC,2,2,0.044624586,0.015315379,0.8556921,0.06389492,0.020473095
ALL_core_cancer_type_top95,tabpfn_v1,v1,train,644,BRCA,BRCA,0,0,0.9885507,0.0002775194,0.0024789511,0.003015602,0.005677153
ALL_core_cancer_type_top95,tabpfn_v1,v1,train,1482,HNSCC,HNSCC,2,2,0.27223447,0.0003321502,0.35120067,0.18775831,0.18847442
ALL_core_cancer_type_top95,tabpfn_v1,v1,train,2078,LSCC,HNSCC,3,2,0.27223447,0.0003321502,0.35120067,0.18775831,0.18847442
ALL_core_cancer_type_top95,tabpfn_v1,v1,train,2216,LSCC,LSCC,3,3,0.0048484923,0.00053850823,0.010684872,0.97967935,0.004248791
ALL_core_cancer_type_top95,tabpfn_v1,v1,train,3115,LUAD,LUAD,4,4,0.23423545,0.003633167,0.049426388,0.3105194,0.40218565
ALL_core_cancer_type_top95,tabpfn_v1,v1,train,726,BRCA,BRCA,0,0,0.9892536,0.00047039415,0.0021000928,0.0022694771,0.0059065646
ALL_core_cancer_type_top95,tabpfn_v1,v1,train,542,BRCA,BRCA,0,0,0.9521703,0.002610075,0.0167208,0.015370495,0.013128276
ALL_core_cancer_type_top95,tabpfn_v1,v1,train,415,BRCA,BRCA,0,0,0.95033824,0.0014326159,0.013911846,0.022817476,0.011499904
ALL_core_cancer_type_top95,tabpfn_v1,v1,train,631,BRCA,BRCA,0,0,0.80448675,0.013018313,0.09796057,0.049023382,0.035511024
ALL_core_cancer_type_top95,tabpfn_v1,v1,train,30,BRCA,HNSCC,0,2,0.27223447,0.0003321502,0.35120067,0.18775831,0.18847442
ALL_core_cancer_type_top95,tabpfn_v1,v1,train,2380,LSCC,LSCC,3,3,0.2845282,0.0075770486,0.07973887,0.50574756,0.12240837
ALL_core_cancer_type_top95,tabpfn_v1,v1,train,1536,HNSCC,HNSCC,2,2,0.031248404,0.038047116,0.9073609,0.014198453,0.009145144
ALL_core_cancer_type_top95,tabpfn_v1,v1,train,1234,ESCA,ESCA,1,1,0.001561591,0.9737631,0.017783206,0.0056029167,0.00128913
ALL_core_cancer_type_top95,tabpfn_v1,v1,train,2232,LSCC,LSCC,3,3,0.017825883,0.0008676955,0.010601896,0.80234295,0.16836156
ALL_core_cancer_type_top95,tabpfn_v1,v1,train,2785,LUAD,LUAD,4,4,0.0016733676,7.844072e-05,0.00042119998,0.003932369,0.99389464
ALL_core_cancer_type_top95,tabpfn_v1,v1,train,966,BRCA,BRCA,0,0,0.9933402,0.0007307563,0.0020604797,0.0012833646,0.0025852376
ALL_core_cancer_type_top95,tabpfn_v1,v1,train,1785,HNSCC,HNSCC,2,2,0.0043451632,0.004681197,0.9635773,0.024447659,0.0029486993
ALL_core_cancer_type_top95,tabpfn_v1,v1,train,1491,HNSCC,HNSCC,2,2,0.27223447,0.0003321502,0.35120067,0.18775831,0.18847442
ALL_core_cancer_type_top95,tabpfn_v1,v1,train,2766,LUAD,LUAD,4,4,0.005149972,0.00027258619,0.0013579165,0.00867989,0.9845397
ALL_core_cancer_type_top95,tabpfn_v1,v1,train,2,BRCA,HNSCC,0,2,0.27223447,0.0003321502,0.35120067,0.18775831,0.18847442
ALL_core_cancer_type_top95,tabpfn_v1,v1,train,1036,BRCA,BRCA,0,0,0.97752166,0.0015696515,0.0063177645,0.0062533943,0.008337492
ALL_core_cancer_type_top95,tabpfn_v1,v1,train,2789,LUAD,LUAD,4,4,0.015564156,0.0008633231,0.007273128,0.11434585,0.8619535
ALL_core_cancer_type_top95,tabpfn_v1,v1,train,1464,HNSCC,HNSCC,2,2,0.27223447,0.0003321502,0.35120067,0.18775831,0.18847442
ALL_core_cancer_type_top95,tabpfn_v1,v1,train,2792,LUAD,LUAD,4,4,0.0038433757,0.00039815827,0.001161963,0.0051140925,0.9894824
ALL_core_cancer_type_top95,tabpfn_v1,v1,train,486,BRCA,BRCA,0,0,0.9970673,0.0002108178,0.0007544184,0.0004958106,0.0014717405
ALL_core_cancer_type_top95,tabpfn_v1,v1,train,2513,LSCC,LSCC,3,3,0.07184223,0.0011815515,0.020907862,0.66205406,0.24401432
ALL_core_cancer_type_top95,tabpfn_v1,v1,train,253,BRCA,BRCA,0,0,0.98339164,0.0006297302,0.0043789796,0.0048823496,0.006717189
ALL_core_cancer_type_top95,tabpfn_v1,v1,train,688,BRCA,BRCA,0,0,0.9923063,0.00018875649,0.001904789,0.0020614439,0.0035388854
ALL_core_cancer_type_top95,tabpfn_v1,v1,train,1630,HNSCC,HNSCC,2,2,0.009976756,0.002498162,0.9634071,0.017887147,0.0062307916
ALL_core_cancer_type_top95,tabpfn_v1,v1,train,244,BRCA,BRCA,0,0,0.8719095,0.0024343443,0.033349708,0.06568792,0.026618512
ALL_core_cancer_type_top95,tabpfn_v1,v1,train,1664,HNSCC,HNSCC,2,2,0.0021927734,0.00043622815,0.988591,0.007425227,0.001354697
ALL_core_cancer_type_top95,tabpfn_v1,v1,train,2659,LUAD,HNSCC,4,2,0.27223447,0.0003321502,0.35120067,0.18775831,0.18847442
ALL_core_cancer_type_top95,tabpfn_v1,v1,train,1944,HNSCC,HNSCC,2,2,0.007904639,0.021733908,0.96056575,0.006929617,0.002866165
ALL_core_cancer_type_top95,tabpfn_v1,v1,train,114,BRCA,HNSCC,0,2,0.27223447,0.0003321502,0.35120067,0.18775831,0.18847442
ALL_core_cancer_type_top95,tabpfn_v1,v1,train,93,BRCA,HNSCC,0,2,0.27223447,0.0003321502,0.35120067,0.18775831,0.18847442
ALL_core_cancer_type_top95,tabpfn_v1,v1,train,270,BRCA,BRCA,0,0,0.9977946,8.1245234e-05,0.0006109196,0.00045390383,0.0010593133
ALL_core_cancer_type_top95,tabpfn_v1,v1,train,1357,ESCA,ESCA,1,1,0.002502819,0.9841245,0.008347473,0.0032609852,0.001764272
ALL_core_cancer_type_top95,tabpfn_v1,v1,train,545,BRCA,BRCA,0,0,0.99268603,0.0004024049,0.001861912,0.0017144496,0.0033352238
ALL_core_cancer_type_top95,tabpfn_v1,v1,train,2469,LSCC,LSCC,3,3,0.0022813308,0.000334761,0.0069894926,0.9854152,0.004979137
ALL_core_cancer_type_top95,tabpfn_v1,v1,train,462,BRCA,BRCA,0,0,0.996678,0.00036068357,0.0009486525,0.00058678933,0.0014260423
ALL_core_cancer_type_top95,tabpfn_v1,v1,train,1938,HNSCC,HNSCC,2,2,0.11809924,0.020156426,0.71584326,0.10540252,0.040498585
ALL_core_cancer_type_top95,tabpfn_v1,v1,train,1324,ESCA,ESCA,1,1,0.0041341903,0.8932637,0.073611595,0.025457503,0.0035329883
ALL_core_cancer_type_top95,tabpfn_v1,v1,train,1092,BRCA,LSCC,0,3,0.29667827,0.002768666,0.082819305,0.3231039,0.29462984
ALL_core_cancer_type_top95,tabpfn_v1,v1,train,199,BRCA,BRCA,0,0,0.99832386,5.513099e-05,0.0005200893,0.00037395358,0.0007270635
ALL_core_cancer_type_top95,tabpfn_v1,v1,train,1607,HNSCC,HNSCC,2,2,0.005547785,0.03370412,0.9426711,0.015126262,0.0029507524
ALL_core_cancer_type_top95,tabpfn_v1,v1,train,1504,HNSCC,HNSCC,2,2,0.016164087,0.019170485,0.91425,0.040475726,0.009939623
ALL_core_cancer_type_top95,tabpfn_v1,v1,train,505,BRCA,BRCA,0,0,0.99379706,0.00020305827,0.0015195387,0.0020644697,0.0024159516
ALL_core_cancer_type_top95,tabpfn_v1,v1,train,1561,HNSCC,HNSCC,2,2,0.10824913,0.0051334044,0.6419856,0.1825919,0.062040012
ALL_core_cancer_type_top95,tabpfn_v1,v1,train,2336,LSCC,LSCC,3,3,0.001964141,0.00033655023,0.0064055044,0.98868203,0.0026117126
ALL_core_cancer_type_top95,tabpfn_v1,v1,train,849,BRCA,BRCA,0,0,0.7854119,0.007938788,0.07141337,0.06707768,0.0681583
ALL_core_cancer_type_top95,tabpfn_v1,v1,train,1685,HNSCC,HNSCC,2,2,0.21982573,0.014715493,0.49195725,0.17712809,0.09637349
ALL_core_cancer_type_top95,tabpfn_v1,v1,train,2459,LSCC,BRCA,3,0,0.40665784,0.005542968,0.09366187,0.3421489,0.15198846
ALL_core_cancer_type_top95,tabpfn_v1,v1,train,1694,HNSCC,HNSCC,2,2,0.055229466,0.010731642,0.80032086,0.11097093,0.022747084
ALL_core_cancer_type_top95,tabpfn_v1,v1,train,961,BRCA,BRCA,0,0,0.99309075,0.00017920916,0.0022165773,0.0018534622,0.0026599977
ALL_core_cancer_type_top95,tabpfn_v1,v1,train,654,BRCA,BRCA,0,0,0.98891795,0.0019365866,0.003358587,0.002616563,0.003170308
ALL_core_cancer_type_top95,tabpfn_v1,v1,train,2988,LUAD,LUAD,4,4,0.024379723,0.0036299133,0.024906287,0.2908536,0.65623045
ALL_core_cancer_type_top95,tabpfn_v1,v1,train,480,BRCA,BRCA,0,0,0.9138382,0.02387534,0.023065297,0.020455638,0.01876549
ALL_core_cancer_type_top95,tabpfn_v1,v1,train,349,BRCA,BRCA,0,0,0.9903296,0.0005739489,0.003031745,0.003094427,0.0029703088
ALL_core_cancer_type_top95,tabpfn_v1,v1,train,3124,LUAD,LUAD,4,4,0.0005003854,3.4162524e-05,0.00015977629,0.0014229942,0.9978828
ALL_core_cancer_type_top95,tabpfn_v1,v1,train,465,BRCA,BRCA,0,0,0.60835636,0.013188977,0.098957546,0.25038522,0.029111862
ALL_core_cancer_type_top95,tabpfn_v1,v1,train,1716,HNSCC,HNSCC,2,2,0.081261605,0.03119693,0.7809146,0.07791781,0.028709022
ALL_core_cancer_type_top95,tabpfn_v1,v1,train,1712,HNSCC,HNSCC,2,2,0.099851966,0.0073037352,0.73735994,0.109689295,0.045795117
ALL_core_cancer_type_top95,tabpfn_v1,v1,train,843,BRCA,BRCA,0,0,0.9867491,0.0003586435,0.004400757,0.004952014,0.003539487
ALL_core_cancer_type_top95,tabpfn_v1,v1,train,586,BRCA,BRCA,0,0,0.99084914,0.00051883364,0.0030030825,0.0019821743,0.0036468182
ALL_core_cancer_type_top95,tabpfn_v1,v1,train,489,BRCA,BRCA,0,0,0.98762566,0.0011345856,0.0036974908,0.002651689,0.004890547
ALL_core_cancer_type_top95,tabpfn_v1,v1,train,1634,HNSCC,HNSCC,2,2,0.016830903,0.0021227377,0.91921175,0.04952786,0.0123067545
ALL_core_cancer_type_top95,tabpfn_v1,v1,train,1220,ESCA,ESCA,1,1,0.00393662,0.90761244,0.07283184,0.013568063,0.0020509977
ALL_core_cancer_type_top95,tabpfn_v1,v1,train,911,BRCA,BRCA,0,0,0.9872289,0.0003108802,0.0038342734,0.0041602408,0.004465757
ALL_core_cancer_type_top95,tabpfn_v1,v1,train,1202,BRCA,BRCA,0,0,0.99953353,3.2581484e-05,0.00011057634,5.127792e-05,0.0002720327
ALL_core_cancer_type_top95,tabpfn_v1,v1,train,1577,HNSCC,BRCA,2,0,0.35056126,0.0143043175,0.11353701,0.27907965,0.24251774
ALL_core_cancer_type_top95,tabpfn_v1,v1,train,1984,HNSCC,HNSCC,2,2,0.021198222,0.011746628,0.9232071,0.03496317,0.008884888
ALL_core_cancer_type_top95,tabpfn_v1,v1,train,171,BRCA,BRCA,0,0,0.98438406,0.0007403937,0.0046262853,0.004200265,0.0060489113
ALL_core_cancer_type_top95,tabpfn_v1,v1,train,2547,LSCC,LSCC,3,3,0.0023127978,0.0003040633,0.005575044,0.98833793,0.0034702062
ALL_core_cancer_type_top95,tabpfn_v1,v1,train,1096,BRCA,BRCA,0,0,0.99865913,5.2279924e-05,0.00033087307,0.0003145297,0.000643201
ALL_core_cancer_type_top95,tabpfn_v1,v1,train,2951,LUAD,LUAD,4,4,0.0617117,0.003346545,0.027724488,0.16151586,0.74570143
ALL_core_cancer_type_top95,tabpfn_v1,v1,train,2439,LSCC,LSCC,3,3,0.03725183,0.0015822492,0.030356463,0.86224246,0.06856699
ALL_core_cancer_type_top95,tabpfn_v1,v1,train,3062,LUAD,LUAD,4,4,0.04614278,0.0063429913,0.037874773,0.40265098,0.50698847
ALL_core_cancer_type_top95,tabpfn_v1,v1,train,1207,ESCA,ESCA,1,1,0.00070195156,0.9895314,0.0070991977,0.002164659,0.0005027565
ALL_core_cancer_type_top95,tabpfn_v1,v1,train,2233,LSCC,LSCC,3,3,0.004091901,0.0006261456,0.009171098,0.9763556,0.009755207
ALL_core_cancer_type_top95,tabpfn_v1,v1,train,37,BRCA,HNSCC,0,2,0.27223447,0.0003321502,0.35120067,0.18775831,0.18847442
ALL_core_cancer_type_top95,tabpfn_v1,v1,train,198,BRCA,BRCA,0,0,0.9606722,0.00067202613,0.00983874,0.015590125,0.013226922
ALL_core_cancer_type_top95,tabpfn_v1,v1,train,737,BRCA,BRCA,0,0,0.95173395,0.0030795257,0.011926448,0.014777565,0.018482484
ALL_core_cancer_type_top95,tabpfn_v1,v1,train,25,BRCA,HNSCC,0,2,0.27223447,0.0003321502,0.35120067,0.18775831,0.18847442
ALL_core_cancer_type_top95,tabpfn_v1,v1,train,1173,BRCA,BRCA,0,0,0.8304975,0.0049246866,0.052617457,0.07293735,0.039023075
ALL_core_cancer_type_top95,tabpfn_v1,v1,train,1974,HNSCC,HNSCC,2,2,0.010626248,0.015560897,0.9448761,0.02389198,0.005044765
ALL_core_cancer_type_top95,tabpfn_v1,v1,train,371,BRCA,BRCA,0,0,0.9983909,0.00033301473,0.00043264884,0.00022147014,0.00062200683
ALL_core_cancer_type_top95,tabpfn_v1,v1,train,1968,HNSCC,HNSCC,2,2,0.0013506251,0.0053431327,0.9869768,0.0054325415,0.0008968169
ALL_core_cancer_type_top95,tabpfn_v1,v1,train,2175,LSCC,LSCC,3,3,0.07073266,0.001371166,0.027182963,0.81742656,0.08328663
ALL_core_cancer_type_top95,tabpfn_v1,v1,train,877,BRCA,BRCA,0,0,0.99786973,9.276833e-05,0.00076794304,0.00044589458,0.00082369254
ALL_core_cancer_type_top95,tabpfn_v1,v1,train,2127,LSCC,LSCC,3,3,0.037166733,0.0034619358,0.09801698,0.8059347,0.05541959
ALL_core_cancer_type_top95,tabpfn_v1,v1,train,3103,LUAD,LUAD,4,4,0.021043928,0.0016975808,0.0063200933,0.049913164,0.92102516
ALL_core_cancer_type_top95,tabpfn_v1,v1,train,2033,LSCC,HNSCC,3,2,0.27223447,0.0003321502,0.35120067,0.18775831,0.18847442
ALL_core_cancer_type_top95,tabpfn_v1,v1,train,2337,LSCC,LSCC,3,3,0.019391697,0.00076896866,0.010281923,0.87934256,0.090214856
ALL_core_cancer_type_top95,tabpfn_v1,v1,train,1034,BRCA,BRCA,0,0,0.97420055,0.0016883872,0.006408802,0.0057393364,0.011962981
ALL_core_cancer_type_top95,tabpfn_v1,v1,train,900,BRCA,BRCA,0,0,0.9984143,0.0001610679,0.00049043406,0.0003105192,0.0006236817
ALL_core_cancer_type_top95,tabpfn_v1,v1,train,1905,HNSCC,HNSCC,2,2,0.006346867,0.0015371889,0.9843204,0.00478703,0.0030085763
ALL_core_cancer_type_top95,tabpfn_v1,v1,train,760,BRCA,BRCA,0,0,0.99033314,0.00037444703,0.0034487671,0.0024157232,0.0034279479
ALL_core_cancer_type_top95,tabpfn_v1,v1,train,308,BRCA,BRCA,0,0,0.7292236,0.016164906,0.09812509,0.07934881,0.07713751
ALL_core_cancer_type_top95,tabpfn_v1,v1,train,3067,LUAD,LUAD,4,4,0.0035836871,0.00010605443,0.0007146397,0.0041552493,0.9914403
ALL_core_cancer_type_top95,tabpfn_v1,v1,train,1190,BRCA,BRCA,0,0,0.74706244,0.017239086,0.08370352,0.09346546,0.058529563
ALL_core_cancer_type_top95,tabpfn_v1,v1,train,507,BRCA,BRCA,0,0,0.99047476,0.000459615,0.0029074713,0.0021038323,0.0040542744
ALL_core_cancer_type_top95,tabpfn_v1,v1,train,1755,HNSCC,HNSCC,2,2,0.06849628,0.026028182,0.739192,0.13678531,0.029498208
ALL_core_cancer_type_top95,tabpfn_v1,v1,train,2482,LSCC,LSCC,3,3,0.08677946,0.0029888817,0.09800273,0.6456268,0.16660218
ALL_core_cancer_type_top95,tabpfn_v1,v1,train,3131,LUAD,LUAD,4,4,0.21940167,0.022332896,0.09796247,0.21588577,0.44441724
ALL_core_cancer_type_top95,tabpfn_v1,v1,train,511,BRCA,BRCA,0,0,0.89374095,0.001082065,0.030372754,0.036741205,0.038063113
ALL_core_cancer_type_top95,tabpfn_v1,v1,train,136,BRCA,BRCA,0,0,0.8691535,0.0050363704,0.044827227,0.049704216,0.03127863
ALL_core_cancer_type_top95,tabpfn_v1,v1,train,2818,LUAD,LUAD,4,4,0.0039873575,0.00021397283,0.001133142,0.009725142,0.98494035
ALL_core_cancer_type_top95,tabpfn_v1,v1,train,2568,LSCC,LSCC,3,3,0.061409656,0.0036860842,0.08545332,0.7786269,0.07082407
ALL_core_cancer_type_top95,tabpfn_v1,v1,train,398,BRCA,BRCA,0,0,0.99946636,1.4213755e-05,0.00016205294,9.876808e-05,0.0002586294
ALL_core_cancer_type_top95,tabpfn_v1,v1,train,2748,LUAD,LUAD,4,4,0.00084974867,4.9033115e-05,0.00029131575,0.0024197162,0.99639016
ALL_core_cancer_type_top95,tabpfn_v1,v1,train,869,BRCA,BRCA,0,0,0.9361518,0.003198187,0.021394605,0.017169997,0.022085508
ALL_core_cancer_type_top95,tabpfn_v1,v1,train,611,BRCA,BRCA,0,0,0.9392522,0.016031345,0.019901289,0.012918845,0.011896258
ALL_core_cancer_type_top95,tabpfn_v1,v1,train,830,BRCA,BRCA,0,0,0.99767,7.445371e-05,0.0006326752,0.00053522387,0.001087608
ALL_core_cancer_type_top95,tabpfn_v1,v1,train,2452,LSCC,LSCC,3,3,0.0127247935,0.0020969305,0.025119254,0.94278187,0.01727713
ALL_core_cancer_type_top95,tabpfn_v1,v1,train,1286,ESCA,ESCA,1,1,0.0129565615,0.93703467,0.02937221,0.0106001515,0.010036312
ALL_core_cancer_type_top95,tabpfn_v1,v1,train,2050,LSCC,HNSCC,3,2,0.27223447,0.0003321502,0.35120067,0.18775831,0.18847442
ALL_core_cancer_type_top95,tabpfn_v1,v1,train,2760,LUAD,LUAD,4,4,0.026366347,0.0011723689,0.007527899,0.098420106,0.8665133
ALL_core_cancer_type_top95,tabpfn_v1,v1,train,1001,BRCA,BRCA,0,0,0.97391427,0.0007221124,0.008938392,0.009369999,0.007055257
ALL_core_cancer_type_top95,tabpfn_v1,v1,train,432,BRCA,BRCA,0,0,0.9784293,0.00042128193,0.0057339687,0.0071231374,0.008292355
ALL_core_cancer_type_top95,tabpfn_v1,v1,train,514,BRCA,BRCA,0,0,0.8166719,0.0037253976,0.04004169,0.111307666,0.028253365
ALL_core_cancer_type_top95,tabpfn_v1,v1,train,2267,LSCC,LSCC,3,3,0.1437617,0.0032593524,0.06100583,0.61171144,0.18026163
ALL_core_cancer_type_top95,tabpfn_v1,v1,train,238,BRCA,BRCA,0,0,0.9932427,0.0004881315,0.0020579593,0.0012929616,0.0029181486
ALL_core_cancer_type_top95,tabpfn_v1,v1,train,822,BRCA,BRCA,0,0,0.9869719,0.00014799749,0.0036833466,0.0044291536,0.0047675706
ALL_core_cancer_type_top95,tabpfn_v1,v1,train,2627,LUAD,HNSCC,4,2,0.27223447,0.0003321502,0.35120067,0.18775831,0.18847442
ALL_core_cancer_type_top95,tabpfn_v1,v1,train,105,BRCA,HNSCC,0,2,0.27223447,0.0003321502,0.35120067,0.18775831,0.18847442
ALL_core_cancer_type_top95,tabpfn_v1,v1,train,2641,LUAD,HNSCC,4,2,0.27223447,0.0003321502,0.35120067,0.18775831,0.18847442
ALL_core_cancer_type_top95,tabpfn_v1,v1,train,2858,LUAD,LUAD,4,4,0.018313073,0.00053146394,0.0043121716,0.057744622,0.9190987
ALL_core_cancer_type_top95,tabpfn_v1,v1,train,2661,LUAD,HNSCC,4,2,0.27223447,0.0003321502,0.35120067,0.18775831,0.18847442
ALL_core_cancer_type_top95,tabpfn_v1,v1,train,1609,HNSCC,HNSCC,2,2,0.0029840458,0.0016671693,0.9898233,0.0037740546,0.001751365
ALL_core_cancer_type_top95,tabpfn_v1,v1,train,2675,LUAD,HNSCC,4,2,0.27223447,0.0003321502,0.35120067,0.18775831,0.18847442
ALL_core_cancer_type_top95,tabpfn_v1,v1,train,3152,LUAD,LUAD,4,4,0.0011541492,5.8770285e-05,0.00029492364,0.0022924973,0.99619967
ALL_core_cancer_type_top95,tabpfn_v1,v1,train,964,BRCA,BRCA,0,0,0.9715731,0.0012561536,0.00916747,0.01033995,0.0076633287
ALL_core_cancer_type_top95,tabpfn_v1,v1,train,1484,HNSCC,HNSCC,2,2,0.27223447,0.0003321502,0.35120067,0.18775831,0.18847442
ALL_core_cancer_type_top95,tabpfn_v1,v1,train,1273,ESCA,ESCA,1,1,0.24019691,0.41122136,0.16164726,0.07613435,0.11080018
ALL_core_cancer_type_top95,tabpfn_v1,v1,train,2180,LSCC,HNSCC,3,2,0.027016932,0.01140881,0.4918559,0.45055693,0.019161386
ALL_core_cancer_type_top95,tabpfn_v1,v1,train,2327,LSCC,LSCC,3,3,0.009018393,0.0006794699,0.009126711,0.94928753,0.03188792
ALL_core_cancer_type_top95,tabpfn_v1,v1,train,515,BRCA,BRCA,0,0,0.97675544,0.00020826876,0.0065454915,0.008639851,0.007850939
ALL_core_cancer_type_top95,tabpfn_v1,v1,train,974,BRCA,BRCA,0,0,0.9994993,4.3748085e-05,0.0001367873,6.887312e-05,0.00025133495
ALL_core_cancer_type_top95,tabpfn_v1,v1,train,1052,BRCA,BRCA,0,0,0.9916997,0.00014322672,0.0017340761,0.0023361251,0.004087018
ALL_core_cancer_type_top95,tabpfn_v1,v1,train,1127,BRCA,BRCA,0,0,0.9873734,0.00081512355,0.0033046997,0.002184523,0.0063222568
ALL_core_cancer_type_top95,tabpfn_v1,v1,train,2589,LSCC,LSCC,3,3,0.014800886,0.0009358994,0.015802862,0.9060906,0.0623697
ALL_core_cancer_type_top95,tabpfn_v1,v1,train,2738,LUAD,LUAD,4,4,0.008484383,0.0009884837,0.0035252513,0.0107392715,0.9762625
ALL_core_cancer_type_top95,tabpfn_v1,v1,train,2798,LUAD,LUAD,4,4,0.12056227,0.0049259067,0.027637007,0.18522726,0.66164756
ALL_core_cancer_type_top95,tabpfn_v1,v1,train,2147,LSCC,LSCC,3,3,0.058464784,0.0014266325,0.015488074,0.5139988,0.41062164
ALL_core_cancer_type_top95,tabpfn_v1,v1,train,2543,LSCC,LSCC,3,3,0.109383225,0.0039577326,0.039252695,0.60306686,0.24433947
ALL_core_cancer_type_top95,tabpfn_v1,v1,train,2644,LUAD,HNSCC,4,2,0.27223447,0.0003321502,0.35120067,0.18775831,0.18847442
ALL_core_cancer_type_top95,tabpfn_v1,v1,train,2418,LSCC,LSCC,3,3,0.0010635415,0.00021570467,0.003005207,0.99260265,0.0031128894
ALL_core_cancer_type_top95,tabpfn_v1,v1,train,2524,LSCC,LSCC,3,3,0.052931614,0.001268817,0.023464233,0.6022925,0.3200428
ALL_core_cancer_type_top95,tabpfn_v1,v1,train,1084,BRCA,BRCA,0,0,0.9286964,0.0009697557,0.014327867,0.042579733,0.013426222
ALL_core_cancer_type_top95,tabpfn_v1,v1,train,1836,HNSCC,HNSCC,2,2,0.0052290317,0.00988365,0.96198815,0.019948803,0.0029503487
ALL_core_cancer_type_top95,tabpfn_v1,v1,train,1120,BRCA,BRCA,0,0,0.9182758,0.004741746,0.035055786,0.025287224,0.016639438
ALL_core_cancer_type_top95,tabpfn_v1,v1,train,1457,HNSCC,HNSCC,2,2,0.27223447,0.0003321502,0.35120067,0.18775831,0.18847442
ALL_core_cancer_type_top95,tabpfn_v1,v1,train,550,BRCA,BRCA,0,0,0.8953073,0.0042726514,0.03256654,0.03571965,0.032133885
ALL_core_cancer_type_top95,tabpfn_v1,v1,train,820,BRCA,BRCA,0,0,0.9985625,5.6597477e-05,0.0004308652,0.00033691747,0.0006129895
ALL_core_cancer_type_top95,tabpfn_v1,v1,train,2539,LSCC,LSCC,3,3,0.10493967,0.0031102644,0.04777678,0.65522015,0.18895309
ALL_core_cancer_type_top95,tabpfn_v1,v1,train,92,BRCA,HNSCC,0,2,0.27223447,0.0003321502,0.35120067,0.18775831,0.18847442
ALL_core_cancer_type_top95,tabpfn_v1,v1,train,991,BRCA,BRCA,0,0,0.70118546,0.0064747,0.061418176,0.16472133,0.06620029
ALL_core_cancer_type_top95,tabpfn_v1,v1,train,2964,LUAD,LUAD,4,4,0.0010318499,6.1248866e-05,0.0003258633,0.00462225,0.99395883
ALL_core_cancer_type_top95,tabpfn_v1,v1,train,1358,ESCA,HNSCC,1,2,0.04648423,0.32947993,0.35295,0.24430373,0.026782112
ALL_core_cancer_type_top95,tabpfn_v1,v1,train,1779,HNSCC,HNSCC,2,2,0.004501268,0.014167575,0.92011434,0.05763147,0.0035853009
ALL_core_cancer_type_top95,tabpfn_v1,v1,train,1290,ESCA,ESCA,1,1,0.06136108,0.6835269,0.16469097,0.06652654,0.023894561
ALL_core_cancer_type_top95,tabpfn_v1,v1,train,2189,LSCC,LSCC,3,3,0.029893288,0.0021343818,0.059376318,0.8833569,0.025239067
ALL_core_cancer_type_top95,tabpfn_v1,v1,train,2167,LSCC,LSCC,3,3,0.013830264,0.0010580868,0.017720383,0.90790486,0.059486397
ALL_core_cancer_type_top95,tabpfn_v1,v1,train,2051,LSCC,HNSCC,3,2,0.27223447,0.0003321502,0.35120067,0.18775831,0.18847442
ALL_core_cancer_type_top95,tabpfn_v1,v1,train,588,BRCA,BRCA,0,0,0.6167226,0.013366114,0.12044788,0.1948839,0.054579515
ALL_core_cancer_type_top95,tabpfn_v1,v1,train,282,BRCA,BRCA,0,0,0.8761558,0.004368373,0.048995346,0.036388114,0.034092374
ALL_core_cancer_type_top95,tabpfn_v1,v1,train,2889,LUAD,LUAD,4,4,0.0042562247,0.00021731023,0.0011517828,0.008297388,0.9860773
ALL_core_cancer_type_top95,tabpfn_v1,v1,train,2909,LUAD,LUAD,4,4,0.03604412,0.0010438769,0.010719701,0.18695989,0.76523244
ALL_core_cancer_type_top95,tabpfn_v1,v1,train,1169,BRCA,BRCA,0,0,0.9280568,0.0055959052,0.027367145,0.02026065,0.01871945
ALL_core_cancer_type_top95,tabpfn_v1,v1,train,1523,HNSCC,HNSCC,2,2,0.009613146,0.0020925854,0.97372705,0.010258492,0.0043087546
ALL_core_cancer_type_top95,tabpfn_v1,v1,train,2966,LUAD,LUAD,4,4,0.05059538,0.0009793217,0.009835376,0.06676289,0.871827
ALL_core_cancer_type_top95,tabpfn_v1,v1,train,3186,LUAD,LUAD,4,4,0.027600756,0.0025554695,0.008258791,0.043331787,0.91825324
ALL_core_cancer_type_top95,tabpfn_v1,v1,train,1060,BRCA,BRCA,0,0,0.99730194,9.184001e-05,0.0007284603,0.00049112283,0.001386678
ALL_core_cancer_type_top95,tabpfn_v1,v1,train,231,BRCA,LSCC,0,3,0.16586761,0.002227935,0.08748231,0.59043384,0.15398827
ALL_core_cancer_type_top95,tabpfn_v1,v1,train,340,BRCA,BRCA,0,0,0.94842947,0.0075698365,0.017348358,0.012638713,0.014013657
ALL_core_cancer_type_top95,tabpfn_v1,v1,train,496,BRCA,BRCA,0,0,0.85699064,0.0066766078,0.045319088,0.06968553,0.021328062
ALL_core_cancer_type_top95,tabpfn_v1,v1,train,2890,LUAD,LUAD,4,4,0.051477447,0.003717248,0.02341971,0.19490932,0.7264763
ALL_core_cancer_type_top95,tabpfn_v1,v1,train,2752,LUAD,LUAD,4,4,0.011581808,0.0005229356,0.0037679772,0.044785034,0.93934226
ALL_core_cancer_type_top95,tabpfn_v1,v1,train,1125,BRCA,BRCA,0,0,0.99755365,0.00023635846,0.00072364404,0.0005207648,0.00096566405
ALL_core_cancer_type_top95,tabpfn_v1,v1,train,283,BRCA,BRCA,0,0,0.94427717,0.0028099592,0.01763427,0.016284136,0.018994482
ALL_core_cancer_type_top95,tabpfn_v1,v1,train,3146,LUAD,LUAD,4,4,0.038227927,0.0005572288,0.0038968236,0.028996864,0.9283212
ALL_core_cancer_type_top95,tabpfn_v1,v1,train,1544,HNSCC,HNSCC,2,2,0.0011410575,0.009007283,0.981987,0.007019564,0.00084510393
ALL_core_cancer_type_top95,tabpfn_v1,v1,train,2779,LUAD,LUAD,4,4,0.11405823,0.0017786851,0.013151962,0.05310664,0.81790453
ALL_core_cancer_type_top95,tabpfn_v1,v1,train,1455,HNSCC,HNSCC,2,2,0.27223447,0.0003321502,0.35120067,0.18775831,0.18847442
ALL_core_cancer_type_top95,tabpfn_v1,v1,train,1222,ESCA,ESCA,1,1,0.047212556,0.6141831,0.2260243,0.07847519,0.034104854
ALL_core_cancer_type_top95,tabpfn_v1,v1,train,2943,LUAD,LUAD,4,4,0.0029319255,6.430756e-05,0.00086630456,0.012512746,0.9836248
ALL_core_cancer_type_top95,tabpfn_v1,v1,train,1477,HNSCC,HNSCC,2,2,0.27223447,0.0003321502,0.35120067,0.18775831,0.18847442
ALL_core_cancer_type_top95,tabpfn_v1,v1,train,376,BRCA,BRCA,0,0,0.9952194,3.7969912e-05,0.0013563001,0.0016437438,0.0017425532
ALL_core_cancer_type_top95,tabpfn_v1,v1,train,358,BRCA,BRCA,0,0,0.76049024,0.010289761,0.052222274,0.08955447,0.08744332
ALL_core_cancer_type_top95,tabpfn_v1,v1,train,2350,LSCC,LSCC,3,3,0.026297597,0.004178038,0.14093795,0.8006402,0.027946152
ALL_core_cancer_type_top95,tabpfn_v1,v1,train,2860,LUAD,LUAD,4,4,0.0056740297,0.00035461568,0.0021077737,0.043314237,0.94854933
ALL_core_cancer_type_top95,tabpfn_v1,v1,train,1204,BRCA,BRCA,0,0,0.96908635,0.001107456,0.0074141915,0.008099637,0.014292456
ALL_core_cancer_type_top95,tabpfn_v1,v1,train,1048,BRCA,BRCA,0,0,0.96275514,0.0028875135,0.013947286,0.008763102,0.011647038
ALL_core_cancer_type_top95,tabpfn_v1,v1,train,1444,HNSCC,HNSCC,2,2,0.27223447,0.0003321502,0.35120067,0.18775831,0.18847442
ALL_core_cancer_type_top95,tabpfn_v1,v1,train,1211,ESCA,BRCA,1,0,0.55497175,0.13423777,0.116731524,0.06045069,0.13360828
ALL_core_cancer_type_top95,tabpfn_v1,v1,train,2434,LSCC,LSCC,3,3,0.02804629,0.0022059549,0.06900701,0.8624589,0.038281847
ALL_core_cancer_type_top95,tabpfn_v1,v1,train,3025,LUAD,LUAD,4,4,0.0015975091,6.856347e-05,0.000403521,0.003500593,0.99442977
ALL_core_cancer_type_top95,tabpfn_v1,v1,train,1191,BRCA,BRCA,0,0,0.894663,0.0014101169,0.028115237,0.045598187,0.030213527
ALL_core_cancer_type_top95,tabpfn_v1,v1,train,58,BRCA,HNSCC,0,2,0.27223447,0.0003321502,0.35120067,0.18775831,0.18847442
ALL_core_cancer_type_top95,tabpfn_v1,v1,train,414,BRCA,BRCA,0,0,0.93911386,0.0026322994,0.020324603,0.025518674,0.01241058
ALL_core_cancer_type_top95,tabpfn_v1,v1,train,1862,HNSCC,HNSCC,2,2,0.003319415,0.0025094016,0.962499,0.028587094,0.0030850659
ALL_core_cancer_type_top95,tabpfn_v1,v1,train,733,BRCA,BRCA,0,0,0.9844365,0.0007929935,0.005126689,0.005635111,0.0040086694
ALL_core_cancer_type_top95,tabpfn_v1,v1,train,2548,LSCC,LSCC,3,3,0.030794226,0.0017847895,0.021790128,0.77570033,0.16993056
ALL_core_cancer_type_top95,tabpfn_v1,v1,train,1936,HNSCC,BRCA,2,0,0.37393525,0.035371743,0.27638784,0.17496468,0.13934045
ALL_core_cancer_type_top95,tabpfn_v1,v1,train,1765,HNSCC,HNSCC,2,2,0.0049982066,0.0061629475,0.9748871,0.01062548,0.0033263718
ALL_core_cancer_type_top95,tabpfn_v1,v1,train,2771,LUAD,LUAD,4,4,0.25827593,0.015304936,0.067374915,0.13329679,0.5257475
ALL_core_cancer_type_top95,tabpfn_v1,v1,train,1772,HNSCC,HNSCC,2,2,0.009005843,0.053753078,0.90949935,0.023141922,0.0045998245
ALL_core_cancer_type_top95,tabpfn_v1,v1,train,1124,BRCA,BRCA,0,0,0.9971263,0.0001186529,0.00092263654,0.00070113415,0.0011312694
ALL_core_cancer_type_top95,tabpfn_v1,v1,train,1672,HNSCC,HNSCC,2,2,0.024152296,0.008276495,0.9037579,0.051515277,0.012298061
ALL_core_cancer_type_top95,tabpfn_v1,v1,train,2106,LSCC,HNSCC,3,2,0.27223447,0.0003321502,0.35120067,0.18775831,0.18847442
ALL_core_cancer_type_top95,tabpfn_v1,v1,train,1088,BRCA,BRCA,0,0,0.9959312,0.00036295145,0.0013107896,0.0008780336,0.0015169901
ALL_core_cancer_type_top95,tabpfn_v1,v1,train,603,BRCA,BRCA,0,0,0.9942701,0.00014252315,0.0016311804,0.0016817893,0.0022743738
ALL_core_cancer_type_top95,tabpfn_v1,v1,train,949,BRCA,BRCA,0,0,0.99851197,6.294521e-05,0.0004834388,0.0003574252,0.0005841493
ALL_core_cancer_type_top95,tabpfn_v1,v1,train,1582,HNSCC,HNSCC,2,2,0.05730616,0.012873631,0.78103447,0.1232976,0.025488082
ALL_core_cancer_type_top95,tabpfn_v1,v1,train,902,BRCA,BRCA,0,0,0.8711583,0.006907849,0.037600547,0.0441217,0.040211603
ALL_core_cancer_type_top95,tabpfn_v1,v1,train,431,BRCA,BRCA,0,0,0.9987123,0.000113820824,0.00036025493,0.00017824458,0.00063536427
ALL_core_cancer_type_top95,tabpfn_v1,v1,train,3000,LUAD,LUAD,4,4,0.0008405206,5.812451e-05,0.00026001525,0.004944296,0.993897
ALL_core_cancer_type_top95,tabpfn_v1,v1,train,1616,HNSCC,HNSCC,2,2,0.063795045,0.03872337,0.7999033,0.06899649,0.02858184
ALL_core_cancer_type_top95,tabpfn_v1,v1,train,55,BRCA,HNSCC,0,2,0.27223447,0.0003321502,0.35120067,0.18775831,0.18847442
ALL_core_cancer_type_top95,tabpfn_v1,v1,train,914,BRCA,BRCA,0,0,0.9306982,0.00093487644,0.016480217,0.03285936,0.019027378
ALL_core_cancer_type_top95,tabpfn_v1,v1,train,618,BRCA,BRCA,0,0,0.9944825,0.00043168073,0.001669705,0.0013088385,0.0021072556
ALL_core_cancer_type_top95,tabpfn_v1,v1,train,3125,LUAD,LUAD,4,4,0.011832498,0.0012742673,0.009628751,0.08956042,0.8877041
ALL_core_cancer_type_top95,tabpfn_v1,v1,train,2823,LUAD,LUAD,4,4,0.09597177,0.0032020067,0.029256342,0.30437937,0.5671905
ALL_core_cancer_type_top95,tabpfn_v1,v1,train,2408,LSCC,LSCC,3,3,0.0010594971,0.0002588004,0.0036022228,0.99318016,0.0018993047
ALL_core_cancer_type_top95,tabpfn_v1,v1,train,2561,LSCC,LSCC,3,3,0.017792894,0.0031588722,0.02666671,0.88699836,0.06538323
ALL_core_cancer_type_top95,tabpfn_v1,v1,train,1043,BRCA,BRCA,0,0,0.9988243,5.379775e-05,0.00028624557,0.00018518542,0.00065046817
ALL_core_cancer_type_top95,tabpfn_v1,v1,train,1206,ESCA,ESCA,1,1,0.09967169,0.5960841,0.19576555,0.059887126,0.048591543
ALL_core_cancer_type_top95,tabpfn_v1,v1,train,1798,HNSCC,HNSCC,2,2,0.250401,0.048188496,0.40695697,0.18675913,0.10769447
ALL_core_cancer_type_top95,tabpfn_v1,v1,train,1841,HNSCC,HNSCC,2,2,0.0036129225,0.0054388335,0.9524741,0.035567716,0.0029064596
ALL_core_cancer_type_top95,tabpfn_v1,v1,train,673,BRCA,LSCC,0,3,0.3865171,0.022046108,0.12946948,0.41216502,0.049802314
ALL_core_cancer_type_top95,tabpfn_v1,v1,train,999,BRCA,BRCA,0,0,0.9980527,0.00018615233,0.00053421926,0.00027289236,0.00095410476
ALL_core_cancer_type_top95,tabpfn_v1,v1,train,1565,HNSCC,HNSCC,2,2,0.043945514,0.041080166,0.82114226,0.07491606,0.018916009
ALL_core_cancer_type_top95,tabpfn_v1,v1,train,2203,LSCC,LSCC,3,3,0.004655736,0.0010061652,0.013560192,0.9704878,0.010290129
ALL_core_cancer_type_top95,tabpfn_v1,v1,train,1859,HNSCC,HNSCC,2,2,0.27935058,0.0038840298,0.37795338,0.1741565,0.1646555
ALL_core_cancer_type_top95,tabpfn_v1,v1,train,1131,BRCA,BRCA,0,0,0.7716009,0.02465375,0.072483085,0.069587894,0.061674356
ALL_core_cancer_type_top95,tabpfn_v1,v1,train,2533,LSCC,LSCC,3,3,0.108268015,0.00189681,0.07521213,0.69365036,0.120972626
ALL_core_cancer_type_top95,tabpfn_v1,v1,train,1849,HNSCC,HNSCC,2,2,0.0019399034,0.0051215994,0.95224684,0.03879473,0.0018969799
ALL_core_cancer_type_top95,tabpfn_v1,v1,train,826,BRCA,BRCA,0,0,0.99622583,0.00010928781,0.0010976044,0.000883266,0.0016839937
ALL_core_cancer_type_top95,tabpfn_v1,v1,train,1846,HNSCC,HNSCC,2,2,0.41092438,0.012503953,0.41264683,0.0796568,0.08426801
ALL_core_cancer_type_top95,tabpfn_v1,v1,train,1596,HNSCC,HNSCC,2,2,0.018124614,0.010590923,0.8362751,0.12246865,0.012540664
ALL_core_cancer_type_top95,tabpfn_v1,v1,train,1679,HNSCC,HNSCC,2,2,0.014502797,0.0070987097,0.96263564,0.010648467,0.005114387
ALL_core_cancer_type_top95,tabpfn_v1,v1,train,3099,LUAD,LUAD,4,4,0.021626757,0.00049368176,0.0022670885,0.017727967,0.95788443
ALL_core_cancer_type_top95,tabpfn_v1,v1,train,381,BRCA,HNSCC,0,2,0.2762309,0.044267796,0.39525068,0.20225546,0.0819952
ALL_core_cancer_type_top95,tabpfn_v1,v1,train,2538,LSCC,LSCC,3,3,0.013640422,0.004044305,0.09361461,0.8768958,0.011804785
ALL_core_cancer_type_top95,tabpfn_v1,v1,train,1137,BRCA,BRCA,0,0,0.997311,6.522386e-05,0.00088693155,0.0007316226,0.0010053611
ALL_core_cancer_type_top95,tabpfn_v1,v1,train,1022,BRCA,BRCA,0,0,0.9735493,0.0015242536,0.0054531908,0.005358427,0.014114706
ALL_core_cancer_type_top95,tabpfn_v1,v1,train,3009,LUAD,LUAD,4,4,0.0166032,0.0008988602,0.008607905,0.27746344,0.69642663
ALL_core_cancer_type_top95,tabpfn_v1,v1,train,354,BRCA,BRCA,0,0,0.9987206,5.37698e-05,0.00034154023,0.00027741047,0.000606605
ALL_core_cancer_type_top95,tabpfn_v1,v1,train,2878,LUAD,LUAD,4,4,0.0036326034,0.00044082353,0.00088928663,0.0036661078,0.99137115
ALL_core_cancer_type_top95,tabpfn_v1,v1,train,361,BRCA,BRCA,0,0,0.99383944,0.00016450601,0.0015960059,0.0020931517,0.0023069947
ALL_core_cancer_type_top95,tabpfn_v1,v1,train,265,BRCA,BRCA,0,0,0.9990514,3.1555428e-05,0.00035143507,0.00020395091,0.00036173698
ALL_core_cancer_type_top95,tabpfn_v1,v1,train,1775,HNSCC,HNSCC,2,2,0.003493978,0.001795474,0.97408664,0.017242327,0.0033816257
ALL_core_cancer_type_top95,tabpfn_v1,v1,train,1015,BRCA,BRCA,0,0,0.9131183,0.0020104386,0.02197562,0.044542048,0.018353527
ALL_core_cancer_type_top95,tabpfn_v1,v1,train,1625,HNSCC,HNSCC,2,2,0.00302169,0.004611974,0.96807855,0.021785004,0.0025028556
ALL_core_cancer_type_top95,tabpfn_v1,v1,train,1560,HNSCC,HNSCC,2,2,0.005705912,0.0034493213,0.9568792,0.030396726,0.0035688083
ALL_core_cancer_type_top95,tabpfn_v1,v1,train,2976,LUAD,LUAD,4,4,0.0021484648,9.970002e-05,0.0005921182,0.00444594,0.99271375
ALL_core_cancer_type_top95,tabpfn_v1,v1,train,2455,LSCC,LSCC,3,3,0.012434796,0.006805897,0.14722535,0.8213837,0.012150249
ALL_core_cancer_type_top95,tabpfn_v1,v1,train,2351,LSCC,LSCC,3,3,0.030947136,0.0010568316,0.018880863,0.6549694,0.29414573
ALL_core_cancer_type_top95,tabpfn_v1,v1,train,1983,HNSCC,HNSCC,2,2,0.049771935,0.06010237,0.7922614,0.07376819,0.024096034
ALL_core_cancer_type_top95,tabpfn_v1,v1,train,1866,HNSCC,HNSCC,2,2,0.08279932,0.0048135337,0.8695005,0.020984279,0.021902397
ALL_core_cancer_type_top95,tabpfn_v1,v1,train,70,BRCA,HNSCC,0,2,0.27223447,0.0003321502,0.35120067,0.18775831,0.18847442
ALL_core_cancer_type_top95,tabpfn_v1,v1,train,2163,LSCC,LSCC,3,3,0.009478161,0.0016660981,0.047710553,0.9227281,0.018417051
ALL_core_cancer_type_top95,tabpfn_v1,v1,train,2100,LSCC,HNSCC,3,2,0.27223447,0.0003321502,0.35120067,0.18775831,0.18847442
ALL_core_cancer_type_top95,tabpfn_v1,v1,train,1345,ESCA,ESCA,1,1,0.11514056,0.71398133,0.10746134,0.026732609,0.03668415
ALL_core_cancer_type_top95,tabpfn_v1,v1,train,1949,HNSCC,BRCA,2,0,0.36582464,0.0055116923,0.30675417,0.18010917,0.14180034
ALL_core_cancer_type_top95,tabpfn_v1,v1,train,2081,LSCC,HNSCC,3,2,0.27223447,0.0003321502,0.35120067,0.18775831,0.18847442
ALL_core_cancer_type_top95,tabpfn_v1,v1,train,2525,LSCC,LSCC,3,3,0.018168822,0.0041506826,0.16460297,0.789756,0.023321511
ALL_core_cancer_type_top95,tabpfn_v1,v1,train,2183,LSCC,LSCC,3,3,0.028835252,0.002888783,0.059011914,0.87894785,0.030316262
ALL_core_cancer_type_top95,tabpfn_v1,v1,train,1843,HNSCC,HNSCC,2,2,0.060624823,0.0034575136,0.8230921,0.08541067,0.02741491
ALL_core_cancer_type_top95,tabpfn_v1,v1,train,601,BRCA,BRCA,0,0,0.78206336,0.0022285795,0.05695482,0.112915486,0.04583774
ALL_core_cancer_type_top95,tabpfn_v1,v1,train,596,BRCA,BRCA,0,0,0.5608379,0.023400774,0.19589892,0.1433665,0.076495916
ALL_core_cancer_type_top95,tabpfn_v1,v1,train,2496,LSCC,BRCA,3,0,0.4928078,0.0031770652,0.07650573,0.274516,0.15299334
ALL_core_cancer_type_top95,tabpfn_v1,v1,train,1009,BRCA,BRCA,0,0,0.98885775,0.0004801139,0.0029127146,0.0027760204,0.0049733683
ALL_core_cancer_type_top95,tabpfn_v1,v1,train,1969,HNSCC,HNSCC,2,2,0.0040865783,0.0076501844,0.95731604,0.027391654,0.0035554916
ALL_core_cancer_type_top95,tabpfn_v1,v1,train,60,BRCA,HNSCC,0,2,0.27223447,0.0003321502,0.35120067,0.18775831,0.18847442
ALL_core_cancer_type_top95,tabpfn_v1,v1,train,336,BRCA,BRCA,0,0,0.98535675,0.0010404354,0.0056821266,0.0033404357,0.004580213
ALL_core_cancer_type_top95,tabpfn_v1,v1,train,3068,LUAD,LUAD,4,4,0.0044643916,0.00022681417,0.0009356959,0.006473203,0.9878999
ALL_core_cancer_type_top95,tabpfn_v1,v1,train,2076,LSCC,HNSCC,3,2,0.27223447,0.0003321502,0.35120067,0.18775831,0.18847442
ALL_core_cancer_type_top95,tabpfn_v1,v1,train,1400,HNSCC,HNSCC,2,2,0.27223447,0.0003321502,0.35120067,0.18775831,0.18847442
ALL_core_cancer_type_top95,tabpfn_v1,v1,train,2013,HNSCC,BRCA,2,0,0.3485414,0.10706172,0.2047201,0.1804934,0.15918337
ALL_core_cancer_type_top95,tabpfn_v1,v1,train,3230,LUAD,LUAD,4,4,0.0064007137,0.00021287866,0.001506112,0.023649415,0.96823084
ALL_core_cancer_type_top95,tabpfn_v1,v1,train,2442,LSCC,LUAD,3,4,0.13585617,0.0016559918,0.026021266,0.36001283,0.47645378
ALL_core_cancer_type_top95,tabpfn_v1,v1,train,619,BRCA,BRCA,0,0,0.99615544,0.000116057774,0.0010696312,0.0010757276,0.0015831509
ALL_core_cancer_type_top95,tabpfn_v1,v1,train,3031,LUAD,LUAD,4,4,0.0047479095,0.00040424865,0.0019115664,0.016870325,0.9760659
ALL_core_cancer_type_top95,tabpfn_v1,v1,train,2485,LSCC,LSCC,3,3,0.0009675616,0.00026362276,0.0032153549,0.993701,0.0018525858
ALL_core_cancer_type_top95,tabpfn_v1,v1,train,2279,LSCC,LSCC,3,3,0.0009860935,0.000415308,0.0064413263,0.9905618,0.0015954688
ALL_core_cancer_type_top95,tabpfn_v1,v1,train,213,BRCA,BRCA,0,0,0.99571204,0.00061503047,0.0012799475,0.0009353041,0.0014577447
ALL_core_cancer_type_top95,tabpfn_v1,v1,train,1037,BRCA,BRCA,0,0,0.9957573,6.7232075e-05,0.0011444446,0.0010932578,0.0019378669
ALL_core_cancer_type_top95,tabpfn_v1,v1,train,988,BRCA,BRCA,0,0,0.9945564,0.00037864636,0.0016782322,0.0009815891,0.002405085
ALL_core_cancer_type_top95,tabpfn_v1,v1,train,2495,LSCC,LSCC,3,3,0.0048000347,0.0010071917,0.014225668,0.9731503,0.006816778
ALL_core_cancer_type_top95,tabpfn_v1,v1,train,2141,LSCC,LSCC,3,3,0.01988909,0.0036878462,0.10967156,0.85338575,0.013365675
ALL_core_cancer_type_top95,tabpfn_v1,v1,train,1748,HNSCC,HNSCC,2,2,0.0018378021,0.00302019,0.97152305,0.021786897,0.0018320039
ALL_core_cancer_type_top95,tabpfn_v1,v1,train,1078,BRCA,BRCA,0,0,0.96994746,0.00087015325,0.008305693,0.010293162,0.010583595
ALL_core_cancer_type_top95,tabpfn_v1,v1,train,1617,HNSCC,HNSCC,2,2,0.30198473,0.005428889,0.31474733,0.21012866,0.16771042
ALL_core_cancer_type_top95,tabpfn_v1,v1,train,1003,BRCA,BRCA,0,0,0.8477934,0.0016518639,0.02532253,0.062802516,0.06242969
ALL_core_cancer_type_top95,tabpfn_v1,v1,train,2149,LSCC,LSCC,3,3,0.019939126,0.0011285217,0.012513125,0.877945,0.088474214
ALL_core_cancer_type_top95,tabpfn_v1,v1,train,386,BRCA,BRCA,0,0,0.9994305,4.276013e-05,0.0001437028,6.495167e-05,0.00031816403
ALL_core_cancer_type_top95,tabpfn_v1,v1,train,1977,HNSCC,HNSCC,2,2,0.17456059,0.066947035,0.47553146,0.22280353,0.060157392
ALL_core_cancer_type_top95,tabpfn_v1,v1,train,1230,ESCA,ESCA,1,1,0.016278097,0.9191611,0.03936203,0.01168935,0.0135095045
ALL_core_cancer_type_top95,tabpfn_v1,v1,train,327,BRCA,BRCA,0,0,0.9870619,0.00072373735,0.003345385,0.0031732577,0.005695698
ALL_core_cancer_type_top95,tabpfn_v1,v1,train,1721,HNSCC,HNSCC,2,2,0.038974907,0.014188497,0.86550236,0.06327638,0.018057821
ALL_core_cancer_type_top95,tabpfn_v1,v1,train,3106,LUAD,LUAD,4,4,0.0013664279,0.000113087204,0.00052531564,0.0033854167,0.9946096
ALL_core_cancer_type_top95,tabpfn_v1,v1,train,80,BRCA,HNSCC,0,2,0.27223447,0.0003321502,0.35120067,0.18775831,0.18847442
ALL_core_cancer_type_top95,tabpfn_v1,v1,train,2215,LSCC,LSCC,3,3,0.0069824266,0.0019148103,0.021066777,0.9641453,0.005890616
ALL_core_cancer_type_top95,tabpfn_v1,v1,train,71,BRCA,HNSCC,0,2,0.27223447,0.0003321502,0.35120067,0.18775831,0.18847442
ALL_core_cancer_type_top95,tabpfn_v1,v1,train,703,BRCA,BRCA,0,0,0.98821646,0.00024081254,0.003897497,0.0034648562,0.0041804626
ALL_core_cancer_type_top95,tabpfn_v1,v1,train,2240,LSCC,LSCC,3,3,0.30816025,0.009333765,0.13660522,0.404114,0.14178678
ALL_core_cancer_type_top95,tabpfn_v1,v1,train,2256,LSCC,LSCC,3,3,0.10653736,0.0013126892,0.025439648,0.5176347,0.34907556
ALL_core_cancer_type_top95,tabpfn_v1,v1,train,1121,BRCA,BRCA,0,0,0.99914145,4.0696057e-05,0.00021918844,0.00015524715,0.00044340373
ALL_core_cancer_type_top95,tabpfn_v1,v1,train,485,BRCA,BRCA,0,0,0.9860444,0.00049989956,0.0046701357,0.003746255,0.0050393976
ALL_core_cancer_type_top95,tabpfn_v1,v1,train,2241,LSCC,LSCC,3,3,0.0058484646,0.00067430583,0.009950206,0.97362137,0.009905564
ALL_core_cancer_type_top95,tabpfn_v1,v1,train,2777,LUAD,LUAD,4,4,0.0016075154,0.00012429702,0.0005553227,0.008350994,0.98936194
ALL_core_cancer_type_top95,tabpfn_v1,v1,train,1346,ESCA,ESCA,1,1,0.19152544,0.5734154,0.12013458,0.041723203,0.07320139
ALL_core_cancer_type_top95,tabpfn_v1,v1,train,2585,LSCC,LSCC,3,3,0.0050355047,0.0012846299,0.015566685,0.9666727,0.0114404075
ALL_core_cancer_type_top95,tabpfn_v1,v1,train,1603,HNSCC,HNSCC,2,2,0.06384875,0.1458811,0.6836193,0.08022132,0.026429508
ALL_core_cancer_type_top95,tabpfn_v1,v1,train,690,BRCA,BRCA,0,0,0.7407926,0.005680552,0.05596797,0.1557219,0.041836925
ALL_core_cancer_type_top95,tabpfn_v1,v1,train,996,BRCA,BRCA,0,0,0.98981667,0.0011297949,0.0030711112,0.0020395732,0.0039429823
ALL_core_cancer_type_top95,tabpfn_v1,v1,train,1886,HNSCC,HNSCC,2,2,0.02354996,0.029372644,0.91611576,0.018523857,0.012437905
ALL_core_cancer_type_top95,tabpfn_v1,v1,train,2453,LSCC,LSCC,3,3,0.03593754,0.0024025375,0.07705517,0.8524802,0.03212449
ALL_core_cancer_type_top95,tabpfn_v1,v1,train,111,BRCA,HNSCC,0,2,0.27223447,0.0003321502,0.35120067,0.18775831,0.18847442
ALL_core_cancer_type_top95,tabpfn_v1,v1,train,2137,LSCC,LSCC,3,3,0.07715393,0.0044712075,0.068402864,0.54932106,0.30065095
ALL_core_cancer_type_top95,tabpfn_v1,v1,train,2245,LSCC,LSCC,3,3,0.0324471,0.0011192528,0.014209911,0.5558462,0.39637747
ALL_core_cancer_type_top95,tabpfn_v1,v1,train,3001,LUAD,LUAD,4,4,0.0047388086,0.00042447852,0.0020302357,0.017262444,0.975544
ALL_core_cancer_type_top95,tabpfn_v1,v1,train,1201,BRCA,BRCA,0,0,0.9951885,0.00017808702,0.0012449072,0.001127238,0.0022612559
ALL_core_cancer_type_top95,tabpfn_v1,v1,train,810,BRCA,BRCA,0,0,0.9715375,0.0028116119,0.009065073,0.0066154916,0.00997044
ALL_core_cancer_type_top95,tabpfn_v1,v1,train,2063,LSCC,HNSCC,3,2,0.27223447,0.0003321502,0.35120067,0.18775831,0.18847442
ALL_core_cancer_type_top95,tabpfn_v1,v1,train,2208,LSCC,LSCC,3,3,0.25412592,0.011828801,0.23123965,0.36489642,0.13790925
ALL_core_cancer_type_top95,tabpfn_v1,v1,train,356,BRCA,BRCA,0,0,0.43162334,0.0012084562,0.06462798,0.25196627,0.2505739
ALL_core_cancer_type_top95,tabpfn_v1,v1,train,2117,LSCC,HNSCC,3,2,0.27223447,0.0003321502,0.35120067,0.18775831,0.18847442
ALL_core_cancer_type_top95,tabpfn_v1,v1,train,97,BRCA,HNSCC,0,2,0.27223447,0.0003321502,0.35120067,0.18775831,0.18847442
ALL_core_cancer_type_top95,tabpfn_v1,v1,train,233,BRCA,BRCA,0,0,0.9871263,0.00046683688,0.0033883606,0.0034605223,0.005557968
ALL_core_cancer_type_top95,tabpfn_v1,v1,train,1615,HNSCC,HNSCC,2,2,0.050697763,0.013658629,0.803773,0.10885979,0.023010897
ALL_core_cancer_type_top95,tabpfn_v1,v1,train,615,BRCA,BRCA,0,0,0.98798287,0.00044324473,0.0041239173,0.0032287252,0.0042211777
ALL_core_cancer_type_top95,tabpfn_v1,v1,train,3156,LUAD,LUAD,4,4,0.021240316,0.0017259716,0.010221735,0.15626432,0.8105476
ALL_core_cancer_type_top95,tabpfn_v1,v1,train,256,BRCA,BRCA,0,0,0.95840526,0.002739466,0.01387464,0.00988464,0.015095988
ALL_core_cancer_type_top95,tabpfn_v1,v1,train,24,BRCA,HNSCC,0,2,0.27223447,0.0003321502,0.35120067,0.18775831,0.18847442
ALL_core_cancer_type_top95,tabpfn_v1,v1,train,1026,BRCA,BRCA,0,0,0.7872176,0.0029365506,0.0462678,0.10458654,0.058991563
ALL_core_cancer_type_top95,tabpfn_v1,v1,train,3133,LUAD,LUAD,4,4,0.1460043,0.008974985,0.07296678,0.32510754,0.44694638
ALL_core_cancer_type_top95,tabpfn_v1,v1,train,1531,HNSCC,BRCA,2,0,0.5634193,0.050963096,0.23303735,0.069967575,0.08261265
ALL_core_cancer_type_top95,tabpfn_v1,v1,train,1644,HNSCC,HNSCC,2,2,0.010433999,0.009730204,0.91085625,0.060810428,0.008169138
ALL_core_cancer_type_top95,tabpfn_v1,v1,train,2236,LSCC,LUAD,3,4,0.074547365,0.0012881883,0.018632298,0.2524097,0.65312254
ALL_core_cancer_type_top95,tabpfn_v1,v1,train,158,BRCA,BRCA,0,0,0.99848396,4.138827e-05,0.0003086018,0.00022196466,0.00094398385
ALL_core_cancer_type_top95,tabpfn_v1,v1,train,2643,LUAD,HNSCC,4,2,0.27223447,0.0003321502,0.35120067,0.18775831,0.18847442
ALL_core_cancer_type_top95,tabpfn_v1,v1,train,1663,HNSCC,HNSCC,2,2,0.004939561,0.0011374374,0.98195755,0.009676686,0.00228878
ALL_core_cancer_type_top95,tabpfn_v1,v1,train,1606,HNSCC,HNSCC,2,2,0.05178144,0.0037104273,0.8926925,0.031576812,0.020238876
ALL_core_cancer_type_top95,tabpfn_v1,v1,train,2003,HNSCC,HNSCC,2,2,0.01307444,0.07393042,0.88546485,0.020774033,0.0067563215
ALL_core_cancer_type_top95,tabpfn_v1,v1,train,853,BRCA,BRCA,0,0,0.9984295,0.00012307671,0.00052162434,0.00032683925,0.0005989657
ALL_core_cancer_type_top95,tabpfn_v1,v1,train,249,BRCA,BRCA,0,0,0.82205224,0.0022321134,0.03813175,0.078331195,0.059252735
ALL_core_cancer_type_top95,tabpfn_v1,v1,train,3029,LUAD,LUAD,4,4,0.1490159,0.010115161,0.07255914,0.2842098,0.48410007
ALL_core_cancer_type_top95,tabpfn_v1,v1,train,2541,LSCC,LSCC,3,3,0.008776154,0.0018737081,0.023959707,0.95632374,0.009066673
ALL_core_cancer_type_top95,tabpfn_v1,v1,train,1940,HNSCC,HNSCC,2,2,0.0045038476,0.0060012937,0.9564631,0.029993232,0.0030385186
ALL_core_cancer_type_top95,tabpfn_v1,v1,train,2087,LSCC,HNSCC,3,2,0.27223447,0.0003321502,0.35120067,0.18775831,0.18847442
ALL_core_cancer_type_top95,tabpfn_v1,v1,train,2225,LSCC,LSCC,3,3,0.0945491,0.0013396468,0.031501777,0.54342043,0.32918903
ALL_core_cancer_type_top95,tabpfn_v1,v1,train,2138,LSCC,LSCC,3,3,0.031163802,0.0013208946,0.015722176,0.7259432,0.22584982
ALL_core_cancer_type_top95,tabpfn_v1,v1,train,3081,LUAD,LUAD,4,4,0.0031435473,0.00016074612,0.000718356,0.0056737363,0.9903037
ALL_core_cancer_type_top95,tabpfn_v1,v1,train,525,BRCA,BRCA,0,0,0.9756625,0.0007533424,0.00741608,0.008423882,0.0077442927
ALL_core_cancer_type_top95,tabpfn_v1,v1,train,1535,HNSCC,HNSCC,2,2,0.003908589,0.0036432731,0.97884583,0.011475625,0.0021266658
ALL_core_cancer_type_top95,tabpfn_v1,v1,train,547,BRCA,BRCA,0,0,0.9985519,6.492696e-05,0.00031614714,0.00019831207,0.00086870225
ALL_core_cancer_type_top95,tabpfn_v1,v1,train,2464,LSCC,LSCC,3,3,0.036461763,0.0035079082,0.109703764,0.83202255,0.018304061
ALL_core_cancer_type_top95,tabpfn_v1,v1,train,1341,ESCA,ESCA,1,1,0.095417164,0.8654252,0.016489094,0.0045214645,0.018147003
ALL_core_cancer_type_top95,tabpfn_v1,v1,train,264,BRCA,BRCA,0,0,0.97590524,0.0012331874,0.0038878329,0.003881975,0.015091738
ALL_core_cancer_type_top95,tabpfn_v1,v1,train,598,BRCA,BRCA,0,0,0.61255777,0.003911358,0.07297525,0.13456888,0.1759867
ALL_core_cancer_type_top95,tabpfn_v1,v1,train,2443,LSCC,LSCC,3,3,0.018038351,0.002995178,0.039476138,0.9198322,0.019658122
ALL_core_cancer_type_top95,tabpfn_v1,v1,train,1927,HNSCC,BRCA,2,0,0.4041382,0.023112068,0.2700704,0.1764487,0.12623067
ALL_core_cancer_type_top95,tabpfn_v1,v1,train,1555,HNSCC,HNSCC,2,2,0.0025358694,0.0020995645,0.98320055,0.010618373,0.0015455757
ALL_core_cancer_type_top95,tabpfn_v1,v1,train,128,BRCA,BRCA,0,0,0.9873102,0.0010238218,0.0038242433,0.0027533986,0.00508836
ALL_core_cancer_type_top95,tabpfn_v1,v1,train,965,BRCA,BRCA,0,0,0.9992902,2.5488229e-05,0.00021142064,0.00013185386,0.0003409931
ALL_core_cancer_type_top95,tabpfn_v1,v1,train,895,BRCA,BRCA,0,0,0.9995808,2.1650067e-05,0.00012895186,6.54963e-05,0.00020313669
ALL_core_cancer_type_top95,tabpfn_v1,v1,train,1526,HNSCC,HNSCC,2,2,0.0071161855,0.0038144302,0.9700998,0.015604853,0.0033646664
ALL_core_cancer_type_top95,tabpfn_v1,v1,train,3119,LUAD,LUAD,4,4,0.00042782197,2.1531965e-05,0.00015131387,0.0011927641,0.9982065
ALL_core_cancer_type_top95,tabpfn_v1,v1,train,57,BRCA,HNSCC,0,2,0.27223447,0.0003321502,0.35120067,0.18775831,0.18847442
ALL_core_cancer_type_top95,tabpfn_v1,v1,train,1931,HNSCC,HNSCC,2,2,0.0011679762,0.0053921454,0.9839034,0.008538536,0.0009978662
ALL_core_cancer_type_top95,tabpfn_v1,v1,train,574,BRCA,BRCA,0,0,0.958021,0.0012218424,0.013139014,0.013175244,0.014442871
ALL_core_cancer_type_top95,tabpfn_v1,v1,train,170,BRCA,BRCA,0,0,0.9630184,0.0044883774,0.0121001825,0.008807226,0.011585661
ALL_core_cancer_type_top95,tabpfn_v1,v1,train,2095,LSCC,HNSCC,3,2,0.27223447,0.0003321502,0.35120067,0.18775831,0.18847442
ALL_core_cancer_type_top95,tabpfn_v1,v1,train,3104,LUAD,LUAD,4,4,0.006485186,0.0010698078,0.003019522,0.020350331,0.96907514
ALL_core_cancer_type_top95,tabpfn_v1,v1,train,2733,LUAD,LSCC,4,3,0.24626783,0.02904438,0.17676868,0.36006373,0.1878553
ALL_core_cancer_type_top95,tabpfn_v1,v1,train,1445,HNSCC,HNSCC,2,2,0.27223447,0.0003321502,0.35120067,0.18775831,0.18847442
ALL_core_cancer_type_top95,tabpfn_v1,v1,train,2871,LUAD,LUAD,4,4,0.0055199657,0.00032309451,0.0024295216,0.040524896,0.9512026
ALL_core_cancer_type_top95,tabpfn_v1,v1,train,132,BRCA,BRCA,0,0,0.9990852,7.8614525e-05,0.0002619822,0.0001492862,0.0004248264
ALL_core_cancer_type_top95,tabpfn_v1,v1,train,519,BRCA,BRCA,0,0,0.9882096,0.00038828023,0.0028017447,0.0036699474,0.0049304403
ALL_core_cancer_type_top95,tabpfn_v1,v1,train,594,BRCA,BRCA,0,0,0.9919368,0.0005104507,0.0024091627,0.001707218,0.003436465
ALL_core_cancer_type_top95,tabpfn_v1,v1,train,1621,HNSCC,HNSCC,2,2,0.020473713,0.043784443,0.8432289,0.08143397,0.011078971
ALL_core_cancer_type_top95,tabpfn_v1,v1,train,652,BRCA,BRCA,0,0,0.9871027,0.0003263273,0.0024986037,0.0025901087,0.007482273
ALL_core_cancer_type_top95,tabpfn_v1,v1,train,1581,HNSCC,HNSCC,2,2,0.0023570766,0.008255611,0.96712106,0.020380786,0.0018854853
ALL_core_cancer_type_top95,tabpfn_v1,v1,train,1281,ESCA,ESCA,1,1,0.20685801,0.38294235,0.21626613,0.09570914,0.09822428
ALL_core_cancer_type_top95,tabpfn_v1,v1,train,852,BRCA,BRCA,0,0,0.8575324,0.0027725378,0.026689535,0.0743706,0.03863491
ALL_core_cancer_type_top95,tabpfn_v1,v1,train,1336,ESCA,ESCA,1,1,0.03304978,0.72781336,0.16559067,0.048748136,0.024797978
ALL_core_cancer_type_top95,tabpfn_v1,v1,train,1950,HNSCC,BRCA,2,0,0.39638734,0.040613554,0.19784623,0.1970556,0.16809726
ALL_core_cancer_type_top95,tabpfn_v1,v1,train,1943,HNSCC,HNSCC,2,2,0.0024532035,0.00035231237,0.9827443,0.012627714,0.0018225097
ALL_core_cancer_type_top95,tabpfn_v1,v1,train,2686,LUAD,HNSCC,4,2,0.27223447,0.0003321502,0.35120067,0.18775831,0.18847442
ALL_core_cancer_type_top95,tabpfn_v1,v1,train,1828,HNSCC,HNSCC,2,2,0.043600067,0.07560705,0.7828394,0.078683145,0.019270321
ALL_core_cancer_type_top95,tabpfn_v1,v1,train,290,BRCA,BRCA,0,0,0.96387213,0.0016709612,0.011141101,0.014116616,0.009199252
ALL_core_cancer_type_top95,tabpfn_v1,v1,train,1641,HNSCC,HNSCC,2,2,0.0008315066,0.0052249194,0.9857389,0.007613466,0.00059131917
ALL_core_cancer_type_top95,tabpfn_v1,v1,train,1066,BRCA,BRCA,0,0,0.99815947,0.00025153765,0.0005742022,0.00030589994,0.0007088058
ALL_core_cancer_type_top95,tabpfn_v1,v1,train,2907,LUAD,LUAD,4,4,0.018470617,0.00080710393,0.004704997,0.033866186,0.94215107
ALL_core_cancer_type_top95,tabpfn_v1,v1,train,1842,HNSCC,HNSCC,2,2,0.006233117,0.0016015894,0.980608,0.008487523,0.0030697729
ALL_core_cancer_type_top95,tabpfn_v1,v1,train,1054,BRCA,BRCA,0,0,0.9995753,2.678991e-05,0.00012231761,7.193377e-05,0.00020355193
ALL_core_cancer_type_top95,tabpfn_v1,v1,train,2044,LSCC,HNSCC,3,2,0.27223447,0.0003321502,0.35120067,0.18775831,0.18847442
ALL_core_cancer_type_top95,tabpfn_v1,v1,train,291,BRCA,BRCA,0,0,0.8968046,0.0049018953,0.033086807,0.035366844,0.029839931
ALL_core_cancer_type_top95,tabpfn_v1,v1,train,3041,LUAD,LUAD,4,4,0.0644281,0.0015673452,0.010342768,0.059424818,0.86423695
ALL_core_cancer_type_top95,tabpfn_v1,v1,train,2129,LSCC,LSCC,3,3,0.08425427,0.0026822975,0.16236226,0.5848213,0.16587988
ALL_core_cancer_type_top95,tabpfn_v1,v1,train,2173,LSCC,LSCC,3,3,0.038220912,0.00096865254,0.024933793,0.7393621,0.19651456
ALL_core_cancer_type_top95,tabpfn_v1,v1,train,1871,HNSCC,HNSCC,2,2,0.32335895,0.0118972855,0.42264792,0.124873534,0.117222324
ALL_core_cancer_type_top95,tabpfn_v1,v1,train,937,BRCA,BRCA,0,0,0.93603027,0.0030554691,0.024199944,0.018461756,0.018252602
ALL_core_cancer_type_top95,tabpfn_v1,v1,train,66,BRCA,HNSCC,0,2,0.27223447,0.0003321502,0.35120067,0.18775831,0.18847442
ALL_core_cancer_type_top95,tabpfn_v1,v1,train,2038,LSCC,HNSCC,3,2,0.27223447,0.0003321502,0.35120067,0.18775831,0.18847442
ALL_core_cancer_type_top95,tabpfn_v1,v1,train,555,BRCA,BRCA,0,0,0.9997272,1.41143455e-05,7.735702e-05,4.053301e-05,0.00014073237
ALL_core_cancer_type_top95,tabpfn_v1,v1,train,373,BRCA,BRCA,0,0,0.9917744,0.00038310344,0.0020942169,0.0020910944,0.0036573093
ALL_core_cancer_type_top95,tabpfn_v1,v1,train,2757,LUAD,LUAD,4,4,0.112936296,0.0020680665,0.01775047,0.12802437,0.7392208
ALL_core_cancer_type_top95,tabpfn_v1,v1,train,1832,HNSCC,HNSCC,2,2,0.07171099,0.02789502,0.7278891,0.13994142,0.03256343
ALL_core_cancer_type_top95,tabpfn_v1,v1,train,1571,HNSCC,BRCA,2,0,0.44460487,0.012011451,0.24668996,0.19118921,0.10550446
ALL_core_cancer_type_top95,tabpfn_v1,v1,train,1135,BRCA,BRCA,0,0,0.9513017,0.0030360196,0.017373722,0.01507027,0.013218227
ALL_core_cancer_type_top95,tabpfn_v1,v1,train,309,BRCA,BRCA,0,0,0.94873536,0.0041577066,0.01712818,0.014222056,0.015756657
ALL_core_cancer_type_top95,tabpfn_v1,v1,train,257,BRCA,BRCA,0,0,0.99869955,4.6056528e-05,0.00039576532,0.0002827435,0.00057580933
ALL_core_cancer_type_top95,tabpfn_v1,v1,train,2813,LUAD,LUAD,4,4,0.0054966495,0.00024083203,0.0014145416,0.009204163,0.98364383
ALL_core_cancer_type_top95,tabpfn_v1,v1,train,768,BRCA,BRCA,0,0,0.93101716,0.00637426,0.02181544,0.023234906,0.017558256
ALL_core_cancer_type_top95,tabpfn_v1,v1,train,500,BRCA,BRCA,0,0,0.98513454,0.00055656116,0.0038121368,0.004120637,0.0063761394
ALL_core_cancer_type_top95,tabpfn_v1,v1,train,682,BRCA,BRCA,0,0,0.9981723,8.34842e-05,0.0005296419,0.0003743576,0.00084022555
ALL_core_cancer_type_top95,tabpfn_v1,v1,train,2332,LSCC,LSCC,3,3,0.01435042,0.0017727095,0.07843874,0.88085395,0.024584185
ALL_core_cancer_type_top95,tabpfn_v1,v1,train,801,BRCA,BRCA,0,0,0.60199445,0.033200562,0.0922388,0.08875232,0.18381391
ALL_core_cancer_type_top95,tabpfn_v1,v1,train,1225,ESCA,ESCA,1,1,0.091207996,0.5869412,0.20790365,0.08221197,0.031735156
ALL_core_cancer_type_top95,tabpfn_v1,v1,train,3037,LUAD,LUAD,4,4,0.0070566526,0.00098791,0.0057838894,0.104923196,0.8812484
ALL_core_cancer_type_top95,tabpfn_v1,v1,train,1702,HNSCC,HNSCC,2,2,0.036859687,0.007975702,0.89022243,0.04780582,0.017136369
ALL_core_cancer_type_top95,tabpfn_v1,v1,train,69,BRCA,HNSCC,0,2,0.27223447,0.0003321502,0.35120067,0.18775831,0.18847442
ALL_core_cancer_type_top95,tabpfn_v1,v1,train,1150,BRCA,BRCA,0,0,0.9909196,0.0014481872,0.002676686,0.0018947993,0.0030607556
ALL_core_cancer_type_top95,tabpfn_v1,v1,train,2085,LSCC,HNSCC,3,2,0.27223447,0.0003321502,0.35120067,0.18775831,0.18847442
ALL_core_cancer_type_top95,tabpfn_v1,v1,train,2486,LSCC,LSCC,3,3,0.0020074921,0.00026621603,0.0042353356,0.9862272,0.0072637694
ALL_core_cancer_type_top95,tabpfn_v1,v1,train,738,BRCA,BRCA,0,0,0.98669237,0.00040474735,0.0034858629,0.0041637896,0.005253138
ALL_core_cancer_type_top95,tabpfn_v1,v1,train,670,BRCA,BRCA,0,0,0.92692804,0.0013634324,0.018320024,0.026825171,0.026563328
ALL_core_cancer_type_top95,tabpfn_v1,v1,train,2148,LSCC,LSCC,3,3,0.10766065,0.0027487995,0.025012,0.77862597,0.085952595
ALL_core_cancer_type_top95,tabpfn_v1,v1,train,2139,LSCC,LSCC,3,3,0.0097931,0.0009274194,0.015631877,0.9560261,0.017621439
ALL_core_cancer_type_top95,tabpfn_v1,v1,train,643,BRCA,BRCA,0,0,0.89762557,0.007922469,0.022404253,0.03141783,0.040629875
ALL_core_cancer_type_top95,tabpfn_v1,v1,train,590,BRCA,BRCA,0,0,0.9907092,9.317303e-05,0.002390083,0.0026697423,0.0041379523
ALL_core_cancer_type_top95,tabpfn_v1,v1,train,593,BRCA,BRCA,0,0,0.888103,0.0034838978,0.030636331,0.033227358,0.04454945
ALL_core_cancer_type_top95,tabpfn_v1,v1,train,461,BRCA,BRCA,0,0,0.9959537,0.0005833446,0.0012219663,0.00061217585,0.0016289831
ALL_core_cancer_type_top95,tabpfn_v1,v1,train,1805,HNSCC,HNSCC,2,2,0.0011791753,0.0085306065,0.97474074,0.014543678,0.0010058247
ALL_core_cancer_type_top95,tabpfn_v1,v1,train,2894,LUAD,LUAD,4,4,0.016133366,0.0015381234,0.008476694,0.038970247,0.93488157
ALL_core_cancer_type_top95,tabpfn_v1,v1,train,928,BRCA,BRCA,0,0,0.6898312,0.012882993,0.109902844,0.10484812,0.082534835
ALL_core_cancer_type_top95,tabpfn_v1,v1,train,834,BRCA,BRCA,0,0,0.95355743,0.0019698113,0.017030876,0.01298741,0.014454385
ALL_core_cancer_type_top95,tabpfn_v1,v1,train,286,BRCA,BRCA,0,0,0.9996773,2.1608796e-05,7.993315e-05,3.899634e-05,0.00018205674
ALL_core_cancer_type_top95,tabpfn_v1,v1,train,420,BRCA,BRCA,0,0,0.9922849,0.00032779755,0.002736226,0.0019692439,0.0026817957
ALL_core_cancer_type_top95,tabpfn_v1,v1,train,1454,HNSCC,HNSCC,2,2,0.27223447,0.0003321502,0.35120067,0.18775831,0.18847442
ALL_core_cancer_type_top95,tabpfn_v1,v1,train,1156,BRCA,BRCA,0,0,0.9980058,0.00017037909,0.00065579865,0.00054201926,0.0006259835
ALL_core_cancer_type_top95,tabpfn_v1,v1,train,552,BRCA,BRCA,0,0,0.9970591,6.709238e-05,0.0007211865,0.0006954058,0.0014572649
ALL_core_cancer_type_top95,tabpfn_v1,v1,train,440,BRCA,BRCA,0,0,0.90858805,0.0073977592,0.03459572,0.030558482,0.01885997
ALL_core_cancer_type_top95,tabpfn_v1,v1,train,1276,ESCA,ESCA,1,1,0.31847677,0.35740948,0.13167544,0.09213965,0.10029867
ALL_core_cancer_type_top95,tabpfn_v1,v1,train,2321,LSCC,LSCC,3,3,0.09011894,0.0018153981,0.10007077,0.70883375,0.099161185
ALL_core_cancer_type_top95,tabpfn_v1,v1,train,1688,HNSCC,HNSCC,2,2,0.012940779,0.01501927,0.94642687,0.018090213,0.007522888
ALL_core_cancer_type_top95,tabpfn_v1,v1,train,323,BRCA,BRCA,0,0,0.9905178,9.9571545e-05,0.002701551,0.003504728,0.0031764924
ALL_core_cancer_type_top95,tabpfn_v1,v1,train,3114,LUAD,LUAD,4,4,0.00606835,0.00066239963,0.004157752,0.20123748,0.787874
ALL_core_cancer_type_top95,tabpfn_v1,v1,train,2970,LUAD,LUAD,4,4,0.07429741,0.00263193,0.022117857,0.10779799,0.79315484
ALL_core_cancer_type_top95,tabpfn_v1,v1,train,2289,LSCC,HNSCC,3,2,0.22489433,0.02638268,0.36277035,0.25585142,0.1301012
ALL_core_cancer_type_top95,tabpfn_v1,v1,train,799,BRCA,BRCA,0,0,0.82099617,0.008006912,0.05664565,0.05929846,0.055052903
ALL_core_cancer_type_top95,tabpfn_v1,v1,train,573,BRCA,BRCA,0,0,0.95236295,0.00072147977,0.012134482,0.024238981,0.010542048
ALL_core_cancer_type_top95,tabpfn_v1,v1,train,193,BRCA,BRCA,0,0,0.9368916,0.0020919424,0.021787593,0.020359814,0.01886902
ALL_core_cancer_type_top95,tabpfn_v1,v1,train,1233,ESCA,HNSCC,1,2,0.17035414,0.31677788,0.34935823,0.08593197,0.07757786
ALL_core_cancer_type_top95,tabpfn_v1,v1,train,352,BRCA,BRCA,0,0,0.95848984,0.0027796477,0.012345929,0.0145905325,0.0117940735
ALL_core_cancer_type_top95,tabpfn_v1,v1,train,1888,HNSCC,HNSCC,2,2,0.009766772,0.0075262743,0.9506666,0.026902128,0.00513814
ALL_core_cancer_type_top95,tabpfn_v1,v1,train,3084,LUAD,LUAD,4,4,0.0064771147,0.0006617055,0.0029271606,0.072772644,0.91716135
ALL_core_cancer_type_top95,tabpfn_v1,v1,train,1288,ESCA,HNSCC,1,2,0.09045205,0.35373512,0.36021346,0.13546582,0.06013356
ALL_core_cancer_type_top95,tabpfn_v1,v1,train,2847,LUAD,LUAD,4,4,0.005329812,0.00040182474,0.0014167727,0.0091147525,0.9837368
ALL_core_cancer_type_top95,tabpfn_v1,v1,train,1910,HNSCC,BRCA,2,0,0.3406756,0.02022197,0.14100248,0.26054636,0.23755357
ALL_core_cancer_type_top95,tabpfn_v1,v1,train,2409,LSCC,LSCC,3,3,0.0045100893,0.0005880843,0.010857888,0.9785799,0.005464098
ALL_core_cancer_type_top95,tabpfn_v1,v1,train,473,BRCA,BRCA,0,0,0.8770548,0.0029419372,0.028992847,0.046938207,0.0440722
ALL_core_cancer_type_top95,tabpfn_v1,v1,train,1743,HNSCC,HNSCC,2,2,0.018289626,0.020833803,0.8243798,0.12244035,0.014056359
ALL_core_cancer_type_top95,tabpfn_v1,v1,train,814,BRCA,BRCA,0,0,0.90718913,0.0059969365,0.021564296,0.022579376,0.04267027
ALL_core_cancer_type_top95,tabpfn_v1,v1,train,544,BRCA,BRCA,0,0,0.9946227,9.075786e-05,0.0017959939,0.0020535479,0.0014370471
ALL_core_cancer_type_top95,tabpfn_v1,v1,train,185,BRCA,BRCA,0,0,0.9975032,8.073667e-05,0.00067923777,0.00063299335,0.001103801
ALL_core_cancer_type_top95,tabpfn_v1,v1,train,94,BRCA,HNSCC,0,2,0.27223447,0.0003321502,0.35120067,0.18775831,0.18847442
ALL_core_cancer_type_top95,tabpfn_v1,v1,train,2373,LSCC,LSCC,3,3,0.08683706,0.014382998,0.18406036,0.6734307,0.041288897
ALL_core_cancer_type_top95,tabpfn_v1,v1,train,549,BRCA,BRCA,0,0,0.9660579,0.0013191674,0.010488168,0.01230819,0.0098266825
ALL_core_cancer_type_top95,tabpfn_v1,v1,train,2981,LUAD,LUAD,4,4,0.02228421,0.0007188556,0.006685876,0.088759884,0.88155115
ALL_core_cancer_type_top95,tabpfn_v1,v1,train,346,BRCA,BRCA,0,0,0.99828583,5.33662e-05,0.00051838567,0.00035275507,0.000789601
ALL_core_cancer_type_top95,tabpfn_v1,v1,train,2868,LUAD,LUAD,4,4,0.0010466437,7.1409726e-05,0.00032711957,0.004030443,0.9945245
ALL_core_cancer_type_top95,tabpfn_v1,v1,train,2747,LUAD,LUAD,4,4,0.014436147,0.0011415855,0.0043586507,0.023812706,0.95625085
ALL_core_cancer_type_top95,tabpfn_v1,v1,train,2234,LSCC,LSCC,3,3,0.05744118,0.023921857,0.29829708,0.52286077,0.09747914
ALL_core_cancer_type_top95,tabpfn_v1,v1,train,296,BRCA,BRCA,0,0,0.8764218,0.007742069,0.040842094,0.037456393,0.037537683
ALL_core_cancer_type_top95,tabpfn_v1,v1,train,32,BRCA,HNSCC,0,2,0.27223447,0.0003321502,0.35120067,0.18775831,0.18847442
ALL_core_cancer_type_top95,tabpfn_v1,v1,train,587,BRCA,BRCA,0,0,0.8297388,0.0075573185,0.042626247,0.09160086,0.028476693
ALL_core_cancer_type_top95,tabpfn_v1,v1,train,1366,ESCA,ESCA,1,1,0.002949651,0.9757941,0.013868665,0.0058830935,0.0015045078
ALL_core_cancer_type_top95,tabpfn_v1,v1,train,1598,HNSCC,HNSCC,2,2,0.007092283,0.012830764,0.9200242,0.055126786,0.0049260003
ALL_core_cancer_type_top95,tabpfn_v1,v1,train,828,BRCA,BRCA,0,0,0.6145245,0.0042820135,0.08912654,0.20524225,0.08682476
ALL_core_cancer_type_top95,tabpfn_v1,v1,train,2791,LUAD,LUAD,4,4,0.014563445,0.00051662314,0.003987681,0.026636185,0.95429605
ALL_core_cancer_type_top95,tabpfn_v1,v1,train,2218,LSCC,LSCC,3,3,0.011487284,0.0016085828,0.028737666,0.9483768,0.009789724
ALL_core_cancer_type_top95,tabpfn_v1,v1,train,570,BRCA,BRCA,0,0,0.99793255,8.6885375e-05,0.0006026556,0.0004333688,0.0009445181
ALL_core_cancer_type_top95,tabpfn_v1,v1,train,2196,LSCC,LSCC,3,3,0.03389395,0.0009105753,0.020650482,0.89977163,0.044773415
ALL_core_cancer_type_top95,tabpfn_v1,v1,train,2449,LSCC,LSCC,3,3,0.0020813742,0.0005416577,0.006544842,0.9843345,0.0064975834
ALL_core_cancer_type_top95,tabpfn_v1,v1,train,3051,LUAD,LUAD,4,4,0.13118282,0.008420044,0.04786146,0.21444282,0.5980929
ALL_core_cancer_type_top95,tabpfn_v1,v1,train,1724,HNSCC,HNSCC,2,2,0.0004055087,0.0025661308,0.9913424,0.005287437,0.00039850522
ALL_core_cancer_type_top95,tabpfn_v1,v1,train,1155,BRCA,BRCA,0,0,0.9981469,5.3000607e-05,0.0006963962,0.0005248717,0.0005787586
ALL_core_cancer_type_top95,tabpfn_v1,v1,train,958,BRCA,BRCA,0,0,0.9973354,3.1044925e-05,0.0008599696,0.00078432215,0.0009892815
ALL_core_cancer_type_top95,tabpfn_v1,v1,train,2029,LSCC,HNSCC,3,2,0.27223447,0.0003321502,0.35120067,0.18775831,0.18847442
ALL_core_cancer_type_top95,tabpfn_v1,v1,train,987,BRCA,BRCA,0,0,0.98054504,0.0010934994,0.0044879457,0.00480362,0.009069822
ALL_core_cancer_type_top95,tabpfn_v1,v1,train,2286,LSCC,LSCC,3,3,0.042509764,0.0013041145,0.039414704,0.8581036,0.058667794
ALL_core_cancer_type_top95,tabpfn_v1,v1,train,2938,LUAD,LUAD,4,4,0.2421755,0.02443905,0.11134833,0.2813383,0.34069884
ALL_core_cancer_type_top95,tabpfn_v1,v1,train,910,BRCA,BRCA,0,0,0.99845934,0.00010890735,0.00041866026,0.00028216187,0.00073089154
ALL_core_cancer_type_top95,tabpfn_v1,v1,train,1466,HNSCC,HNSCC,2,2,0.27223447,0.0003321502,0.35120067,0.18775831,0.18847442
ALL_core_cancer_type_top95,tabpfn_v1,v1,train,52,BRCA,HNSCC,0,2,0.27223447,0.0003321502,0.35120067,0.18775831,0.18847442
ALL_core_cancer_type_top95,tabpfn_v1,v1,train,1614,HNSCC,HNSCC,2,2,0.08222303,0.003032931,0.7429247,0.13001037,0.0418089
ALL_core_cancer_type_top95,tabpfn_v1,v1,train,2144,LSCC,LSCC,3,3,0.01818826,0.0036458953,0.089399055,0.8728663,0.01590045
ALL_core_cancer_type_top95,tabpfn_v1,v1,train,985,BRCA,BRCA,0,0,0.98730797,0.0021099912,0.0039435616,0.0029307012,0.0037078322
ALL_core_cancer_type_top95,tabpfn_v1,v1,train,1318,ESCA,ESCA,1,1,0.0005410498,0.9938106,0.0039789574,0.0012812887,0.00038816247
ALL_core_cancer_type_top95,tabpfn_v1,v1,train,138,BRCA,BRCA,0,0,0.995552,0.00051871897,0.001440533,0.0009039207,0.0015848626
ALL_core_cancer_type_top95,tabpfn_v1,v1,train,2047,LSCC,HNSCC,3,2,0.27223447,0.0003321502,0.35120067,0.18775831,0.18847442
ALL_core_cancer_type_top95,tabpfn_v1,v1,train,757,BRCA,BRCA,0,0,0.993785,0.00015386744,0.0019267771,0.0019553844,0.0021789689
ALL_core_cancer_type_top95,tabpfn_v1,v1,train,433,BRCA,BRCA,0,0,0.99908006,4.012682e-05,0.00021640264,0.00013958207,0.00052382256
ALL_core_cancer_type_top95,tabpfn_v1,v1,train,2736,LUAD,LUAD,4,4,0.044679165,0.0016326748,0.0105568245,0.076961406,0.8661699
ALL_core_cancer_type_top95,tabpfn_v1,v1,train,919,BRCA,BRCA,0,0,0.99216473,0.0005154776,0.002394526,0.0019609353,0.002964375
ALL_core_cancer_type_top95,tabpfn_v1,v1,train,1435,HNSCC,HNSCC,2,2,0.27223447,0.0003321502,0.35120067,0.18775831,0.18847442
ALL_core_cancer_type_top95,tabpfn_v1,v1,train,1472,HNSCC,HNSCC,2,2,0.27223447,0.0003321502,0.35120067,0.18775831,0.18847442
ALL_core_cancer_type_top95,tabpfn_v1,v1,train,785,BRCA,BRCA,0,0,0.9805901,0.0016942292,0.0056378795,0.00471717,0.0073606144
ALL_core_cancer_type_top95,tabpfn_v1,v1,train,684,BRCA,BRCA,0,0,0.99615866,0.0003232251,0.0012907573,0.00084995513,0.0013774999
ALL_core_cancer_type_top95,tabpfn_v1,v1,train,1040,BRCA,BRCA,0,0,0.7098212,0.025610443,0.089175634,0.06620919,0.10918353
ALL_core_cancer_type_top95,tabpfn_v1,v1,train,3058,LUAD,LUAD,4,4,0.1423571,0.0023594499,0.018403923,0.06759784,0.76928174
ALL_core_cancer_type_top95,tabpfn_v1,v1,train,471,BRCA,BRCA,0,0,0.98545456,0.0015087982,0.0049387794,0.004553887,0.0035439604
ALL_core_cancer_type_top95,tabpfn_v1,v1,train,3166,LUAD,LUAD,4,4,0.0015044741,9.2006616e-05,0.0003418107,0.003071537,0.99499017
ALL_core_cancer_type_top95,tabpfn_v1,v1,train,708,BRCA,BRCA,0,0,0.9994968,2.094224e-05,0.00012989804,8.994394e-05,0.00026238523
ALL_core_cancer_type_top95,tabpfn_v1,v1,train,2701,LUAD,HNSCC,4,2,0.27223447,0.0003321502,0.35120067,0.18775831,0.18847442
ALL_core_cancer_type_top95,tabpfn_v1,v1,train,790,BRCA,BRCA,0,0,0.97229916,0.0006546144,0.008582031,0.009207031,0.0092573045
ALL_core_cancer_type_top95,tabpfn_v1,v1,train,2550,LSCC,HNSCC,3,2,0.1360554,0.006160502,0.5159357,0.23099184,0.110856526
ALL_core_cancer_type_top95,tabpfn_v1,v1,train,2460,LSCC,LSCC,3,3,0.12584789,0.010322187,0.15432121,0.6386537,0.07085499
ALL_core_cancer_type_top95,tabpfn_v1,v1,train,778,BRCA,BRCA,0,0,0.67145586,0.031072263,0.101581454,0.1449994,0.050891038
ALL_core_cancer_type_top95,tabpfn_v1,v1,train,120,BRCA,HNSCC,0,2,0.27223447,0.0003321502,0.35120067,0.18775831,0.18847442
ALL_core_cancer_type_top95,tabpfn_v1,v1,train,756,BRCA,BRCA,0,0,0.96477336,0.00088409014,0.011546021,0.013255656,0.009540882
ALL_core_cancer_type_top95,tabpfn_v1,v1,train,1050,BRCA,BRCA,0,0,0.99680173,0.0003201807,0.0008776964,0.0006054501,0.0013949339
ALL_core_cancer_type_top95,tabpfn_v1,v1,train,2001,HNSCC,HNSCC,2,2,0.10224194,0.15650612,0.5227297,0.173612,0.044910256
ALL_core_cancer_type_top95,tabpfn_v1,v1,train,1585,HNSCC,HNSCC,2,2,0.19310206,0.07483589,0.60271364,0.0667734,0.062575005
ALL_core_cancer_type_top95,tabpfn_v1,v1,train,1381,ESCA,HNSCC,1,2,0.23619251,0.13909245,0.27349457,0.23647228,0.11474821
ALL_core_cancer_type_top95,tabpfn_v1,v1,train,2298,LSCC,LSCC,3,3,0.1272943,0.007383104,0.111130774,0.59713215,0.15705971
ALL_core_cancer_type_top95,tabpfn_v1,v1,train,1998,HNSCC,HNSCC,2,2,0.0024954434,0.0020978518,0.97213924,0.020988777,0.002278699
ALL_core_cancer_type_top95,tabpfn_v1,v1,train,2957,LUAD,LUAD,4,4,0.008875725,0.0010393392,0.002918519,0.0137234535,0.973443
ALL_core_cancer_type_top95,tabpfn_v1,v1,train,1419,HNSCC,HNSCC,2,2,0.27223447,0.0003321502,0.35120067,0.18775831,0.18847442
ALL_core_cancer_type_top95,tabpfn_v1,v1,train,4,BRCA,HNSCC,0,2,0.27223447,0.0003321502,0.35120067,0.18775831,0.18847442
ALL_core_cancer_type_top95,tabpfn_v1,v1,train,1314,ESCA,ESCA,1,1,0.0010334417,0.9838303,0.011026702,0.0034350494,0.0006745937
ALL_core_cancer_type_top95,tabpfn_v1,v1,train,1243,ESCA,ESCA,1,1,0.005899999,0.96945727,0.014228337,0.0067492905,0.0036650577
ALL_core_cancer_type_top95,tabpfn_v1,v1,train,2160,LSCC,LSCC,3,3,0.0022971714,0.00023922992,0.0055610854,0.98861617,0.003286284
ALL_core_cancer_type_top95,tabpfn_v1,v1,train,3164,LUAD,LUAD,4,4,0.031408053,0.001488701,0.0066212737,0.045655314,0.91482663
ALL_core_cancer_type_top95,tabpfn_v1,v1,train,2378,LSCC,LSCC,3,3,0.0032976351,0.0012420056,0.02456368,0.96515566,0.0057409443
ALL_core_cancer_type_top95,tabpfn_v1,v1,train,490,BRCA,BRCA,0,0,0.9930093,0.00022825655,0.0021070347,0.0019644357,0.002690978
ALL_core_cancer_type_top95,tabpfn_v1,v1,train,2910,LUAD,LUAD,4,4,0.004386716,0.0005323586,0.0033681255,0.13103035,0.8606824
ALL_core_cancer_type_top95,tabpfn_v1,v1,train,695,BRCA,BRCA,0,0,0.94989777,0.0030399899,0.014277085,0.016747355,0.016037835
ALL_core_cancer_type_top95,tabpfn_v1,v1,train,1344,ESCA,BRCA,1,0,0.26514184,0.22531001,0.20060587,0.183022,0.1259203
ALL_core_cancer_type_top95,tabpfn_v1,v1,train,446,BRCA,BRCA,0,0,0.99364567,0.0002647188,0.002123884,0.0018311294,0.0021345757
ALL_core_cancer_type_top95,tabpfn_v1,v1,train,348,BRCA,BRCA,0,0,0.99505746,0.00031544242,0.0013839044,0.0015032392,0.0017399325
ALL_core_cancer_type_top95,tabpfn_v1,v1,train,1254,ESCA,ESCA,1,1,0.16990368,0.7829397,0.017822364,0.006134197,0.023200097
ALL_core_cancer_type_top95,tabpfn_v1,v1,train,2528,LSCC,LSCC,3,3,0.012551743,0.0012947083,0.026860463,0.9461875,0.013105661
ALL_core_cancer_type_top95,tabpfn_v1,v1,train,426,BRCA,BRCA,0,0,0.9617687,0.0012402802,0.01428392,0.0139852865,0.008721856
ALL_core_cancer_type_top95,tabpfn_v1,v1,train,2206,LSCC,HNSCC,3,2,0.036721382,0.041477013,0.68880147,0.20595117,0.027048994
ALL_core_cancer_type_top95,tabpfn_v1,v1,train,1133,BRCA,BRCA,0,0,0.9962591,7.070229e-05,0.0008553943,0.0010597884,0.0017549215
ALL_core_cancer_type_top95,tabpfn_v1,v1,train,2226,LSCC,LSCC,3,3,0.0011327035,0.00014627745,0.0018988502,0.99342453,0.0033976818
ALL_core_cancer_type_top95,tabpfn_v1,v1,train,2123,LSCC,HNSCC,3,2,0.27223447,0.0003321502,0.35120067,0.18775831,0.18847442
ALL_core_cancer_type_top95,tabpfn_v1,v1,train,2448,LSCC,LSCC,3,3,0.22031093,0.020147856,0.1237387,0.57104236,0.06476013
ALL_core_cancer_type_top95,tabpfn_v1,v1,train,585,BRCA,BRCA,0,0,0.9965115,0.00051929837,0.0009927031,0.0005703776,0.001406094
ALL_core_cancer_type_top95,tabpfn_v1,v1,train,2287,LSCC,LSCC,3,3,0.013327793,0.0014736387,0.029161273,0.9177205,0.038316783
ALL_core_cancer_type_top95,tabpfn_v1,v1,train,389,BRCA,BRCA,0,0,0.99953747,2.5606889e-05,0.00014139277,8.009556e-05,0.0002154375
ALL_core_cancer_type_top95,tabpfn_v1,v1,train,813,BRCA,BRCA,0,0,0.9929854,0.00066477957,0.0023265583,0.0017607089,0.0022625613
ALL_core_cancer_type_top95,tabpfn_v1,v1,train,2806,LUAD,BRCA,4,0,0.37707248,0.06326467,0.18563695,0.17875363,0.19527222
ALL_core_cancer_type_top95,tabpfn_v1,v1,train,2923,LUAD,LUAD,4,4,0.017302655,0.000527561,0.0023833036,0.013658637,0.96612775
ALL_core_cancer_type_top95,tabpfn_v1,v1,train,1505,HNSCC,HNSCC,2,2,0.07863992,0.004271285,0.7893229,0.09445093,0.03331503
ALL_core_cancer_type_top95,tabpfn_v1,v1,train,694,BRCA,BRCA,0,0,0.99309444,0.00025410537,0.0017824288,0.001822431,0.0030466309
ALL_core_cancer_type_top95,tabpfn_v1,v1,train,579,BRCA,BRCA,0,0,0.9955527,4.8394722e-05,0.0013430878,0.0014457486,0.0016099479
ALL_core_cancer_type_top95,tabpfn_v1,v1,train,1648,HNSCC,HNSCC,2,2,0.06218939,0.025568822,0.82815737,0.062823504,0.021260867
ALL_core_cancer_type_top95,tabpfn_v1,v1,train,2082,LSCC,HNSCC,3,2,0.27223447,0.0003321502,0.35120067,0.18775831,0.18847442
ALL_core_cancer_type_top95,tabpfn_v1,v1,train,973,BRCA,BRCA,0,0,0.9918001,0.00018183391,0.001971877,0.0026590475,0.0033871592
ALL_core_cancer_type_top95,tabpfn_v1,v1,train,2754,LUAD,LUAD,4,4,0.08118279,0.0018205841,0.008902025,0.06923774,0.83885676
ALL_core_cancer_type_top95,tabpfn_v1,v1,train,1470,HNSCC,HNSCC,2,2,0.27223447,0.0003321502,0.35120067,0.18775831,0.18847442
ALL_core_cancer_type_top95,tabpfn_v1,v1,train,1667,HNSCC,HNSCC,2,2,0.0010291425,0.0063301018,0.9873576,0.00449256,0.0007905247
ALL_core_cancer_type_top95,tabpfn_v1,v1,train,1212,ESCA,ESCA,1,1,0.05829262,0.8346201,0.052416697,0.017743949,0.03692669
ALL_core_cancer_type_top95,tabpfn_v1,v1,train,2429,LSCC,LSCC,3,3,0.0067177145,0.001223633,0.018302834,0.96316296,0.010592877
ALL_core_cancer_type_top95,tabpfn_v1,v1,train,1657,HNSCC,HNSCC,2,2,0.08222317,0.014809911,0.77616185,0.09376971,0.033035304
ALL_core_cancer_type_top95,tabpfn_v1,v1,train,558,BRCA,BRCA,0,0,0.8541776,0.00849882,0.046940256,0.051539786,0.03884365
ALL_core_cancer_type_top95,tabpfn_v1,v1,train,3178,LUAD,LUAD,4,4,0.0025785961,0.00027344812,0.001145801,0.013465527,0.9825366
ALL_core_cancer_type_top95,tabpfn_v1,v1,train,3054,LUAD,LUAD,4,4,0.01854124,0.0014603636,0.007360414,0.12500006,0.8476379
ALL_core_cancer_type_top95,tabpfn_v1,v1,train,800,BRCA,BRCA,0,0,0.97994447,0.00047129625,0.007100989,0.0061075864,0.006375577
ALL_core_cancer_type_top95,tabpfn_v1,v1,train,2194,LSCC,LSCC,3,3,0.19748622,0.0030621279,0.03799583,0.40395373,0.35750213
ALL_core_cancer_type_top95,tabpfn_v1,v1,train,721,BRCA,BRCA,0,0,0.9870811,0.0005138555,0.0044947085,0.0029042608,0.0050060153
ALL_core_cancer_type_top95,tabpfn_v1,v1,train,9,BRCA,HNSCC,0,2,0.27223447,0.0003321502,0.35120067,0.18775831,0.18847442
ALL_core_cancer_type_top95,tabpfn_v1,v1,train,2928,LUAD,LUAD,4,4,0.011803233,0.0006604157,0.003940789,0.029916227,0.9536793
ALL_core_cancer_type_top95,tabpfn_v1,v1,train,1417,HNSCC,HNSCC,2,2,0.27223447,0.0003321502,0.35120067,0.18775831,0.18847442
ALL_core_cancer_type_top95,tabpfn_v1,v1,train,2133,LSCC,LSCC,3,3,0.06375281,0.0041206586,0.04178726,0.71337634,0.17696296
ALL_core_cancer_type_top95,tabpfn_v1,v1,train,578,BRCA,BRCA,0,0,0.998251,4.9010185e-05,0.0004814165,0.00039547746,0.00082316686
ALL_core_cancer_type_top95,tabpfn_v1,v1,train,509,BRCA,BRCA,0,0,0.99309397,0.00017698831,0.0017037682,0.0019347537,0.003090441
ALL_core_cancer_type_top95,tabpfn_v1,v1,train,3097,LUAD,LUAD,4,4,0.0028685841,0.00013185511,0.0008727213,0.0075307754,0.98859614
ALL_core_cancer_type_top95,tabpfn_v1,v1,train,1756,HNSCC,HNSCC,2,2,0.0003990669,0.003586815,0.9933315,0.0023663726,0.00031630383
ALL_core_cancer_type_top95,tabpfn_v1,v1,train,2710,LUAD,HNSCC,4,2,0.27223447,0.0003321502,0.35120067,0.18775831,0.18847442
ALL_core_cancer_type_top95,tabpfn_v1,v1,train,2154,LSCC,LSCC,3,3,0.12522168,0.01690177,0.19314583,0.59621257,0.068518154
ALL_core_cancer_type_top95,tabpfn_v1,v1,train,2014,HNSCC,HNSCC,2,2,0.03168057,0.019244874,0.8638129,0.065230295,0.020031428
ALL_core_cancer_type_top95,tabpfn_v1,v1,train,3132,LUAD,LUAD,4,4,0.0032222003,0.00028854626,0.0007983111,0.0049588173,0.99073213
ALL_core_cancer_type_top95,tabpfn_v1,v1,train,2301,LSCC,LSCC,3,3,0.12213064,0.004155515,0.06594908,0.69725686,0.110507995
ALL_core_cancer_type_top95,tabpfn_v1,v1,train,531,BRCA,BRCA,0,0,0.99066365,0.0003530422,0.0026407002,0.0026396376,0.0037029057
ALL_core_cancer_type_top95,tabpfn_v1,v1,train,2211,LSCC,LSCC,3,3,0.0009203454,0.00023621056,0.0024085334,0.9911287,0.005306197
ALL_core_cancer_type_top95,tabpfn_v1,v1,train,2295,LSCC,LSCC,3,3,0.019442966,0.0024249959,0.042083144,0.9211408,0.014908104
ALL_core_cancer_type_top95,tabpfn_v1,v1,train,2424,LSCC,LSCC,3,3,0.031775597,0.001996314,0.059835996,0.8839774,0.022414662
ALL_core_cancer_type_top95,tabpfn_v1,v1,train,2615,LUAD,HNSCC,4,2,0.27223447,0.0003321502,0.35120067,0.18775831,0.18847442
ALL_core_cancer_type_top95,tabpfn_v1,v1,train,3147,LUAD,LSCC,4,3,0.02771999,0.001407922,0.014464883,0.4978508,0.45855635
ALL_core_cancer_type_top95,tabpfn_v1,v1,train,1319,ESCA,ESCA,1,1,0.039513182,0.8499709,0.06617777,0.0250691,0.019269109
ALL_core_cancer_type_top95,tabpfn_v1,v1,train,1271,ESCA,ESCA,1,1,0.05963972,0.7904931,0.10652473,0.023315877,0.020026578
ALL_core_cancer_type_top95,tabpfn_v1,v1,train,692,BRCA,BRCA,0,0,0.98983943,0.0009386247,0.003143884,0.0023588913,0.0037190802
ALL_core_cancer_type_top95,tabpfn_v1,v1,train,1410,HNSCC,HNSCC,2,2,0.27223447,0.0003321502,0.35120067,0.18775831,0.18847442
ALL_core_cancer_type_top95,tabpfn_v1,v1,train,1650,HNSCC,LSCC,2,3,0.10988739,0.08010193,0.34280872,0.40551955,0.06168233
ALL_core_cancer_type_top95,tabpfn_v1,v1,train,567,BRCA,BRCA,0,0,0.9975642,4.7771573e-05,0.00074955786,0.0007222541,0.00091625785
ALL_core_cancer_type_top95,tabpfn_v1,v1,train,1809,HNSCC,HNSCC,2,2,0.05209335,0.006782874,0.77021605,0.13693935,0.0339684
ALL_core_cancer_type_top95,tabpfn_v1,v1,train,3109,LUAD,LUAD,4,4,0.02496415,0.0009193162,0.005056857,0.044474073,0.9245856
ALL_core_cancer_type_top95,tabpfn_v1,v1,train,1498,HNSCC,HNSCC,2,2,0.058823284,0.018656636,0.75621915,0.1376174,0.028683562
ALL_core_cancer_type_top95,tabpfn_v1,v1,train,2746,LUAD,LUAD,4,4,0.049501415,0.00047763772,0.004979119,0.031609755,0.9134321
ALL_core_cancer_type_top95,tabpfn_v1,v1,train,635,BRCA,BRCA,0,0,0.8476265,0.0024355182,0.033441566,0.086685106,0.029811246
ALL_core_cancer_type_top95,tabpfn_v1,v1,train,2727,LUAD,LUAD,4,4,0.009319523,0.0003971662,0.002699955,0.02155496,0.9660284
ALL_core_cancer_type_top95,tabpfn_v1,v1,train,1619,HNSCC,BRCA,2,0,0.41243842,0.025479637,0.14614823,0.18273094,0.23320276
ALL_core_cancer_type_top95,tabpfn_v1,v1,train,537,BRCA,BRCA,0,0,0.9962924,0.00026440175,0.0011550301,0.00076020573,0.0015278967
ALL_core_cancer_type_top95,tabpfn_v1,v1,train,720,BRCA,BRCA,0,0,0.93099266,0.0020755103,0.021059379,0.031354863,0.014517602
ALL_core_cancer_type_top95,tabpfn_v1,v1,train,2356,LSCC,LSCC,3,3,0.0009257305,0.0002595848,0.0033627278,0.994441,0.0010109487
ALL_core_cancer_type_top95,tabpfn_v1,v1,train,2132,LSCC,LSCC,3,3,0.024918465,0.0017007359,0.03993482,0.87778056,0.055665452
ALL_core_cancer_type_top95,tabpfn_v1,v1,train,1099,BRCA,BRCA,0,0,0.98509896,0.0005196857,0.0034141191,0.004300366,0.00666686
ALL_core_cancer_type_top95,tabpfn_v1,v1,train,2571,LSCC,LSCC,3,3,0.0020365722,0.0007704705,0.007230684,0.9808858,0.00907647
ALL_core_cancer_type_top95,tabpfn_v1,v1,train,2209,LSCC,HNSCC,3,2,0.062068444,0.018607087,0.5181924,0.35569835,0.04543366
ALL_core_cancer_type_top95,tabpfn_v1,v1,train,453,BRCA,BRCA,0,0,0.9824258,0.00052192534,0.00559662,0.006088681,0.0053668455
ALL_core_cancer_type_top95,tabpfn_v1,v1,train,1196,BRCA,LSCC,0,3,0.18867472,0.004114395,0.10336631,0.45455614,0.24928841
ALL_core_cancer_type_top95,tabpfn_v1,v1,train,113,BRCA,HNSCC,0,2,0.27223447,0.0003321502,0.35120067,0.18775831,0.18847442
ALL_core_cancer_type_top95,tabpfn_v1,v1,train,2669,LUAD,HNSCC,4,2,0.27223447,0.0003321502,0.35120067,0.18775831,0.18847442
ALL_core_cancer_type_top95,tabpfn_v1,v1,train,909,BRCA,BRCA,0,0,0.959427,0.0061589293,0.013884645,0.009099192,0.01143023
ALL_core_cancer_type_top95,tabpfn_v1,v1,train,3023,LUAD,LUAD,4,4,0.022157552,0.0009298843,0.008263144,0.067533,0.9011163
ALL_core_cancer_type_top95,tabpfn_v1,v1,train,715,BRCA,BRCA,0,0,0.9839701,0.00032329047,0.0050291293,0.004540198,0.0061372193
ALL_core_cancer_type_top95,tabpfn_v1,v1,train,2893,LUAD,LUAD,4,4,0.28327417,0.018890204,0.046980802,0.08025141,0.57060343
ALL_core_cancer_type_top95,tabpfn_v1,v1,train,559,BRCA,BRCA,0,0,0.97275025,0.00033838677,0.0053098705,0.008756484,0.01284503
ALL_core_cancer_type_top95,tabpfn_v1,v1,train,306,BRCA,BRCA,0,0,0.8733328,0.0028847028,0.028979575,0.05340506,0.04139788
ALL_core_cancer_type_top95,tabpfn_v1,v1,train,971,BRCA,BRCA,0,0,0.9996283,2.1098238e-05,0.00010359317,5.5370012e-05,0.00019166549
ALL_core_cancer_type_top95,tabpfn_v1,v1,train,1343,ESCA,ESCA,1,1,0.18241766,0.51322746,0.14930293,0.09759685,0.05745514
ALL_core_cancer_type_top95,tabpfn_v1,v1,train,2708,LUAD,HNSCC,4,2,0.27223447,0.0003321502,0.35120067,0.18775831,0.18847442
ALL_core_cancer_type_top95,tabpfn_v1,v1,train,16,BRCA,HNSCC,0,2,0.27223447,0.0003321502,0.35120067,0.18775831,0.18847442
ALL_core_cancer_type_top95,tabpfn_v1,v1,train,144,BRCA,BRCA,0,0,0.9925287,0.00027452986,0.0020096814,0.0019909544,0.0031962902
ALL_core_cancer_type_top95,tabpfn_v1,v1,train,933,BRCA,BRCA,0,0,0.9956043,0.00012674821,0.0010707893,0.0011684948,0.0020297223
ALL_core_cancer_type_top95,tabpfn_v1,v1,train,1797,HNSCC,HNSCC,2,2,0.068970054,0.038238734,0.6863565,0.17544852,0.03098617
ALL_core_cancer_type_top95,tabpfn_v1,v1,train,2790,LUAD,LUAD,4,4,0.008999468,0.00057981326,0.0038944439,0.04552871,0.94099754
ALL_core_cancer_type_top95,tabpfn_v1,v1,train,1912,HNSCC,HNSCC,2,2,0.017041266,0.0071954746,0.95443624,0.01442605,0.006901011
ALL_core_cancer_type_top95,tabpfn_v1,v1,train,885,BRCA,BRCA,0,0,0.960464,0.0032259286,0.012496051,0.013004907,0.010809091
ALL_core_cancer_type_top95,tabpfn_v1,v1,train,2317,LSCC,LSCC,3,3,0.030938677,0.0006038906,0.019122332,0.91249764,0.03683742
ALL_core_cancer_type_top95,tabpfn_v1,v1,train,1087,BRCA,BRCA,0,0,0.9906956,0.0014213265,0.0027095992,0.0012621084,0.003911334
ALL_core_cancer_type_top95,tabpfn_v1,v1,train,355,BRCA,BRCA,0,0,0.90800345,0.006493971,0.025787704,0.020867608,0.03884738
ALL_core_cancer_type_top95,tabpfn_v1,v1,train,1489,HNSCC,HNSCC,2,2,0.27223447,0.0003321502,0.35120067,0.18775831,0.18847442
ALL_core_cancer_type_top95,tabpfn_v1,v1,train,124,BRCA,BRCA,0,0,0.98607314,0.0016909522,0.0038015305,0.0026522756,0.0057820934
ALL_core_cancer_type_top95,tabpfn_v1,v1,train,1311,ESCA,ESCA,1,1,0.011075255,0.9550227,0.019668294,0.0058640335,0.008369718
ALL_core_cancer_type_top95,tabpfn_v1,v1,train,2958,LUAD,LUAD,4,4,0.17636032,0.0010364698,0.024584109,0.1419873,0.65603185
ALL_core_cancer_type_top95,tabpfn_v1,v1,train,2998,LUAD,LUAD,4,4,0.007296713,0.0017679682,0.009869684,0.34084186,0.6402238
ALL_core_cancer_type_top95,tabpfn_v1,v1,train,2027,LSCC,HNSCC,3,2,0.27223447,0.0003321502,0.35120067,0.18775831,0.18847442
ALL_core_cancer_type_top95,tabpfn_v1,v1,train,407,BRCA,BRCA,0,0,0.8100904,0.0075328522,0.06215012,0.08197954,0.03824701
ALL_core_cancer_type_top95,tabpfn_v1,v1,train,2319,LSCC,LSCC,3,3,0.05298216,0.0018625582,0.07832761,0.7733051,0.0935225
ALL_core_cancer_type_top95,tabpfn_v1,v1,train,661,BRCA,BRCA,0,0,0.88012105,0.002094349,0.038696874,0.048203904,0.030883746
ALL_core_cancer_type_top95,tabpfn_v1,v1,train,1800,HNSCC,HNSCC,2,2,0.0045499015,0.004354193,0.97307026,0.015118236,0.0029074415
ALL_core_cancer_type_top95,tabpfn_v1,v1,train,2274,LSCC,LSCC,3,3,0.013262035,0.00068007084,0.03626761,0.9290929,0.020697381
ALL_core_cancer_type_top95,tabpfn_v1,v1,train,2026,LSCC,HNSCC,3,2,0.27223447,0.0003321502,0.35120067,0.18775831,0.18847442
ALL_core_cancer_type_top95,tabpfn_v1,v1,train,1439,HNSCC,HNSCC,2,2,0.27223447,0.0003321502,0.35120067,0.18775831,0.18847442
ALL_core_cancer_type_top95,tabpfn_v1,v1,train,2254,LSCC,LSCC,3,3,0.0016753078,0.00016652755,0.002758425,0.9917733,0.0036263908
ALL_core_cancer_type_top95,tabpfn_v1,v1,train,285,BRCA,BRCA,0,0,0.9470222,0.005376237,0.014434951,0.012348965,0.020817585
ALL_core_cancer_type_top95,tabpfn_v1,v1,train,1982,HNSCC,HNSCC,2,2,0.0013145092,0.041841425,0.95020765,0.0057607777,0.0008755872
ALL_core_cancer_type_top95,tabpfn_v1,v1,train,76,BRCA,HNSCC,0,2,0.27223447,0.0003321502,0.35120067,0.18775831,0.18847442
ALL_core_cancer_type_top95,tabpfn_v1,v1,train,2936,LUAD,LUAD,4,4,0.011246407,0.0008402209,0.003925475,0.031992216,0.9519957
ALL_core_cancer_type_top95,tabpfn_v1,v1,train,1057,BRCA,BRCA,0,0,0.6636823,0.015794981,0.09781759,0.19459975,0.028105436
ALL_core_cancer_type_top95,tabpfn_v1,v1,train,164,BRCA,BRCA,0,0,0.9969309,8.0242426e-05,0.0008115876,0.00072010973,0.0014571468
ALL_core_cancer_type_top95,tabpfn_v1,v1,train,2638,LUAD,HNSCC,4,2,0.27223447,0.0003321502,0.35120067,0.18775831,0.18847442
ALL_core_cancer_type_top95,tabpfn_v1,v1,train,1413,HNSCC,HNSCC,2,2,0.27223447,0.0003321502,0.35120067,0.18775831,0.18847442
ALL_core_cancer_type_top95,tabpfn_v1,v1,train,3083,LUAD,LUAD,4,4,0.0005617229,2.4828187e-05,0.00018772468,0.0028840422,0.99634165
ALL_core_cancer_type_top95,tabpfn_v1,v1,train,1594,HNSCC,HNSCC,2,2,0.009490924,0.007455442,0.9589009,0.019325133,0.004827624
ALL_core_cancer_type_top95,tabpfn_v1,v1,train,1418,HNSCC,HNSCC,2,2,0.27223447,0.0003321502,0.35120067,0.18775831,0.18847442
ALL_core_cancer_type_top95,tabpfn_v1,v1,train,1792,HNSCC,HNSCC,2,2,0.0005296996,0.0017333317,0.9949307,0.0024515004,0.0003547277
ALL_core_cancer_type_top95,tabpfn_v1,v1,train,1960,HNSCC,HNSCC,2,2,0.005384942,0.009112674,0.9770731,0.0058097835,0.0026194786
ALL_core_cancer_type_top95,tabpfn_v1,v1,train,920,BRCA,BRCA,0,0,0.65626025,0.013181244,0.12547335,0.13719812,0.06788703
ALL_core_cancer_type_top95,tabpfn_v1,v1,train,142,BRCA,BRCA,0,0,0.99686414,0.00013539882,0.0009822758,0.0006375201,0.0013806004
ALL_core_cancer_type_top95,tabpfn_v1,v1,train,1013,BRCA,BRCA,0,0,0.9949726,0.00030576106,0.0016155605,0.0013844799,0.001721621
ALL_core_cancer_type_top95,tabpfn_v1,v1,train,2270,LSCC,LSCC,3,3,0.0009088351,0.00029397378,0.00423791,0.9922586,0.0023006755
ALL_core_cancer_type_top95,tabpfn_v1,v1,train,656,BRCA,BRCA,0,0,0.8127272,0.0049188053,0.060406797,0.0624677,0.05947952
ALL_core_cancer_type_top95,tabpfn_v1,v1,train,74,BRCA,HNSCC,0,2,0.27223447,0.0003321502,0.35120067,0.18775831,0.18847442
ALL_core_cancer_type_top95,tabpfn_v1,v1,train,2545,LSCC,LSCC,3,3,0.014857381,0.000722471,0.018063324,0.9508588,0.015498033
ALL_core_cancer_type_top95,tabpfn_v1,v1,train,1513,HNSCC,HNSCC,2,2,0.00061419094,0.0012836192,0.9938059,0.0038718015,0.000424551
ALL_core_cancer_type_top95,tabpfn_v1,v1,train,345,BRCA,BRCA,0,0,0.9984273,5.516463e-05,0.0005347606,0.00037318602,0.0006096378
ALL_core_cancer_type_top95,tabpfn_v1,v1,train,1889,HNSCC,HNSCC,2,2,0.053509187,0.03213057,0.86555487,0.028926505,0.019878982
ALL_core_cancer_type_top95,tabpfn_v1,v1,train,10,BRCA,HNSCC,0,2,0.27223447,0.0003321502,0.35120067,0.18775831,0.18847442
ALL_core_cancer_type_top95,tabpfn_v1,v1,train,3035,LUAD,BRCA,4,0,0.41712388,0.0072259596,0.11069733,0.116612494,0.34834045
ALL_core_cancer_type_top95,tabpfn_v1,v1,train,710,BRCA,BRCA,0,0,0.99873537,9.2474205e-05,0.00032844165,0.00017234297,0.0006714214
ALL_core_cancer_type_top95,tabpfn_v1,v1,train,2310,LSCC,LSCC,3,3,0.013393781,0.0007841055,0.017073674,0.954808,0.013940404
ALL_core_cancer_type_top95,tabpfn_v1,v1,train,2991,LUAD,LUAD,4,4,0.0020824387,0.00018036895,0.000719394,0.010689606,0.9863282
ALL_core_cancer_type_top95,tabpfn_v1,v1,train,3153,LUAD,LUAD,4,4,0.015438921,0.00043080832,0.0045657763,0.025311802,0.95425266
ALL_core_cancer_type_top95,tabpfn_v1,v1,train,183,BRCA,BRCA,0,0,0.9990978,6.689054e-05,0.00019935748,0.000105896135,0.0005300463
ALL_core_cancer_type_top95,tabpfn_v1,v1,train,2699,LUAD,HNSCC,4,2,0.27223447,0.0003321502,0.35120067,0.18775831,0.18847442
ALL_core_cancer_type_top95,tabpfn_v1,v1,train,839,BRCA,BRCA,0,0,0.98727685,0.000656882,0.003646259,0.0031894813,0.005230637
ALL_core_cancer_type_top95,tabpfn_v1,v1,train,23,BRCA,HNSCC,0,2,0.27223447,0.0003321502,0.35120067,0.18775831,0.18847442
ALL_core_cancer_type_top95,tabpfn_v1,v1,train,2276,LSCC,BRCA,3,0,0.39468417,0.014764414,0.10300096,0.30543742,0.1821131
ALL_core_cancer_type_top95,tabpfn_v1,v1,train,1512,HNSCC,HNSCC,2,2,0.0029886337,0.003848236,0.9775351,0.013902588,0.0017253506
ALL_core_cancer_type_top95,tabpfn_v1,v1,train,1109,BRCA,BRCA,0,0,0.9799606,0.0009088327,0.0059968373,0.005360958,0.0077727656
ALL_core_cancer_type_top95,tabpfn_v1,v1,train,782,BRCA,BRCA,0,0,0.9733532,0.0012071551,0.006863073,0.00984808,0.008728502
ALL_core_cancer_type_top95,tabpfn_v1,v1,train,890,BRCA,BRCA,0,0,0.9913755,0.00018662999,0.0021012363,0.0027113038,0.003625358
ALL_core_cancer_type_top95,tabpfn_v1,v1,train,1205,BRCA,BRCA,0,0,0.9947413,0.00042688102,0.0016833415,0.001126178,0.0020221695
ALL_core_cancer_type_top95,tabpfn_v1,v1,train,277,BRCA,BRCA,0,0,0.9285608,0.0006468892,0.009637873,0.014536829,0.046617597
ALL_core_cancer_type_top95,tabpfn_v1,v1,train,1116,BRCA,BRCA,0,0,0.99028087,0.0018407736,0.0036000183,0.0013691827,0.0029091514
ALL_core_cancer_type_top95,tabpfn_v1,v1,train,1411,HNSCC,HNSCC,2,2,0.27223447,0.0003321502,0.35120067,0.18775831,0.18847442
ALL_core_cancer_type_top95,tabpfn_v1,v1,train,96,BRCA,HNSCC,0,2,0.27223447,0.0003321502,0.35120067,0.18775831,0.18847442
ALL_core_cancer_type_top95,tabpfn_v1,v1,train,1429,HNSCC,HNSCC,2,2,0.27223447,0.0003321502,0.35120067,0.18775831,0.18847442
ALL_core_cancer_type_top95,tabpfn_v1,v1,train,287,BRCA,BRCA,0,0,0.9100233,0.0031624588,0.02658716,0.035607364,0.02461975
ALL_core_cancer_type_top95,tabpfn_v1,v1,train,2227,LSCC,LSCC,3,3,0.021333242,0.0024605514,0.07062296,0.8861682,0.019415118
ALL_core_cancer_type_top95,tabpfn_v1,v1,train,2965,LUAD,LUAD,4,4,0.04022973,0.0014185979,0.01826509,0.20951708,0.7305695
ALL_core_cancer_type_top95,tabpfn_v1,v1,train,945,BRCA,BRCA,0,0,0.9560809,0.002179198,0.012965217,0.016872635,0.011902045
ALL_core_cancer_type_top95,tabpfn_v1,v1,train,2244,LSCC,LSCC,3,3,0.15802659,0.010148283,0.12883435,0.6365598,0.06643099
ALL_core_cancer_type_top95,tabpfn_v1,v1,train,917,BRCA,BRCA,0,0,0.99852175,0.0001575806,0.0005182805,0.00030984826,0.0004925446
ALL_core_cancer_type_top95,tabpfn_v1,v1,train,893,BRCA,BRCA,0,0,0.9982899,5.0809896e-05,0.0004483562,0.00032008826,0.00089080184
ALL_core_cancer_type_top95,tabpfn_v1,v1,train,1241,ESCA,ESCA,1,1,0.0027781124,0.97556794,0.013949971,0.0061854497,0.0015185573
ALL_core_cancer_type_top95,tabpfn_v1,v1,train,2769,LUAD,LUAD,4,4,0.0008163651,4.344192e-05,0.00021108906,0.0022701768,0.9966589
ALL_core_cancer_type_top95,tabpfn_v1,v1,train,499,BRCA,BRCA,0,0,0.9945533,0.00031973002,0.0019783608,0.0014058157,0.0017427367
ALL_core_cancer_type_top95,tabpfn_v1,v1,train,533,BRCA,BRCA,0,0,0.9976255,0.0006556976,0.00051800103,0.00020860045,0.0009920752
ALL_core_cancer_type_top95,tabpfn_v1,v1,train,636,BRCA,BRCA,0,0,0.9990238,6.292639e-05,0.00029235412,0.00013889196,0.00048195853
ALL_core_cancer_type_top95,tabpfn_v1,v1,train,2974,LUAD,LUAD,4,4,0.009012432,0.00064023334,0.002025249,0.02479375,0.96352834
ALL_core_cancer_type_top95,tabpfn_v1,v1,train,151,BRCA,BRCA,0,0,0.98837763,0.00016936299,0.003428054,0.0038459448,0.0041790116
ALL_core_cancer_type_top95,tabpfn_v1,v1,train,3165,LUAD,LUAD,4,4,0.0016860408,0.00015281615,0.0004170578,0.0026709968,0.995073
ALL_core_cancer_type_top95,tabpfn_v1,v1,train,1437,HNSCC,HNSCC,2,2,0.27223447,0.0003321502,0.35120067,0.18775831,0.18847442
ALL_core_cancer_type_top95,tabpfn_v1,v1,train,2376,LSCC,LSCC,3,3,0.08318297,0.005677405,0.14537373,0.6396112,0.12615469
ALL_core_cancer_type_top95,tabpfn_v1,v1,train,924,BRCA,BRCA,0,0,0.9973679,0.00011915591,0.0006856937,0.0006015259,0.0012258213
ALL_core_cancer_type_top95,tabpfn_v1,v1,train,1700,HNSCC,HNSCC,2,2,0.032252636,0.010505285,0.92488223,0.019878976,0.012480862
ALL_core_cancer_type_top95,tabpfn_v1,v1,train,2825,LUAD,LUAD,4,4,0.019503137,0.0015398363,0.0057791383,0.04667497,0.926503
ALL_core_cancer_type_top95,tabpfn_v1,v1,train,2656,LUAD,HNSCC,4,2,0.27223447,0.0003321502,0.35120067,0.18775831,0.18847442
ALL_core_cancer_type_top95,tabpfn_v1,v1,train,2222,LSCC,BRCA,3,0,0.70915633,0.003745245,0.055857357,0.11845437,0.11278662
ALL_core_cancer_type_top95,tabpfn_v1,v1,train,2294,LSCC,LUAD,3,4,0.1977353,0.0035023608,0.0762661,0.33141002,0.3910862
ALL_core_cancer_type_top95,tabpfn_v1,v1,train,1915,HNSCC,HNSCC,2,2,0.0041020294,0.0015909163,0.9793854,0.012056093,0.0028655892
ALL_core_cancer_type_top95,tabpfn_v1,v1,train,2819,LUAD,LUAD,4,4,0.015452155,0.00089011143,0.0062546195,0.1160388,0.8613643
ALL_core_cancer_type_top95,tabpfn_v1,v1,train,1188,BRCA,BRCA,0,0,0.86098874,0.00588622,0.040245533,0.06633783,0.026541755
ALL_core_cancer_type_top95,tabpfn_v1,v1,train,1118,BRCA,BRCA,0,0,0.99885213,4.06866e-05,0.0003592469,0.00024679044,0.0005011302
ALL_core_cancer_type_top95,tabpfn_v1,v1,train,211,BRCA,BRCA,0,0,0.9869364,0.0038411387,0.0033849264,0.0019680194,0.0038694898
ALL_core_cancer_type_top95,tabpfn_v1,v1,train,2504,LSCC,LSCC,3,3,0.015721716,0.0005642041,0.015050718,0.9503121,0.018351333
ALL_core_cancer_type_top95,tabpfn_v1,v1,train,1742,HNSCC,HNSCC,2,2,0.0037431752,0.0049029817,0.97697234,0.012112301,0.002269185
ALL_core_cancer_type_top95,tabpfn_v1,v1,train,2653,LUAD,HNSCC,4,2,0.27223447,0.0003321502,0.35120067,0.18775831,0.18847442
ALL_core_cancer_type_top95,tabpfn_v1,v1,train,178,BRCA,BRCA,0,0,0.9903126,0.000605849,0.0029489887,0.002188791,0.003943826
ALL_core_cancer_type_top95,tabpfn_v1,v1,train,1737,HNSCC,HNSCC,2,2,0.062298547,0.011581529,0.8676163,0.041161716,0.017341869
ALL_core_cancer_type_top95,tabpfn_v1,v1,train,2706,LUAD,HNSCC,4,2,0.27223447,0.0003321502,0.35120067,0.18775831,0.18847442
ALL_core_cancer_type_top95,tabpfn_v1,v1,train,687,BRCA,BRCA,0,0,0.99864453,0.00012149613,0.00043257678,0.0002532173,0.0005481404
ALL_core_cancer_type_top95,tabpfn_v1,v1,train,1796,HNSCC,HNSCC,2,2,0.0011479814,0.00345452,0.9840641,0.010508978,0.0008244545
ALL_core_cancer_type_top95,tabpfn_v1,v1,train,1822,HNSCC,HNSCC,2,2,0.0017056431,0.004179248,0.9897798,0.003106779,0.0012285948
ALL_core_cancer_type_top95,tabpfn_v1,v1,train,1669,HNSCC,HNSCC,2,2,0.003330973,0.0022223243,0.9834818,0.008918538,0.0020463727
ALL_core_cancer_type_top95,tabpfn_v1,v1,train,569,BRCA,BRCA,0,0,0.9646247,0.000518258,0.008097152,0.010895068,0.01586473
ALL_core_cancer_type_top95,tabpfn_v1,v1,train,1923,HNSCC,HNSCC,2,2,0.01735061,0.0050393157,0.83224237,0.13135077,0.014016901
ALL_core_cancer_type_top95,tabpfn_v1,v1,train,1407,HNSCC,HNSCC,2,2,0.27223447,0.0003321502,0.35120067,0.18775831,0.18847442
ALL_core_cancer_type_top95,tabpfn_v1,v1,train,421,BRCA,BRCA,0,0,0.6489753,0.031546965,0.14691488,0.12752475,0.045038093
ALL_core_cancer_type_top95,tabpfn_v1,v1,train,3120,LUAD,LUAD,4,4,0.013259224,0.0008337042,0.007696699,0.08870411,0.8895063
ALL_core_cancer_type_top95,tabpfn_v1,v1,train,2859,LUAD,LUAD,4,4,0.0069192103,0.00029239844,0.0018911854,0.017511403,0.97338575
ALL_core_cancer_type_top95,tabpfn_v1,v1,train,2012,HNSCC,HNSCC,2,2,0.010209717,0.0028317,0.94738656,0.032897573,0.006674392
ALL_core_cancer_type_top95,tabpfn_v1,v1,train,792,BRCA,BRCA,0,0,0.92801213,0.0010211795,0.018995725,0.032699134,0.019271793
ALL_core_cancer_type_top95,tabpfn_v1,v1,train,1771,HNSCC,HNSCC,2,2,0.056703202,0.055383407,0.8398368,0.029512014,0.01856458
ALL_core_cancer_type_top95,tabpfn_v1,v1,train,1227,ESCA,HNSCC,1,2,0.1300161,0.28245103,0.28714,0.2238666,0.07652626
ALL_core_cancer_type_top95,tabpfn_v1,v1,train,2008,HNSCC,HNSCC,2,2,0.0057612765,0.010530272,0.95786816,0.02249573,0.0033445193
ALL_core_cancer_type_top95,tabpfn_v1,v1,train,718,BRCA,BRCA,0,0,0.9953686,0.00015493801,0.0014597547,0.0014196043,0.0015971372
ALL_core_cancer_type_top95,tabpfn_v1,v1,train,2899,LUAD,LUAD,4,4,0.018417047,0.0018378295,0.013094708,0.10598196,0.8606684
ALL_core_cancer_type_top95,tabpfn_v1,v1,train,1263,ESCA,ESCA,1,1,0.012846727,0.9328472,0.036519676,0.010608601,0.0071777925
ALL_core_cancer_type_top95,tabpfn_v1,v1,train,1804,HNSCC,HNSCC,2,2,0.102405414,0.022621913,0.8166035,0.03275666,0.025612539
ALL_core_cancer_type_top95,tabpfn_v1,v1,train,1436,HNSCC,HNSCC,2,2,0.27223447,0.0003321502,0.35120067,0.18775831,0.18847442
ALL_core_cancer_type_top95,tabpfn_v1,v1,train,2217,LSCC,LSCC,3,3,0.022316333,0.0033295096,0.048448056,0.90687686,0.019029276
ALL_core_cancer_type_top95,tabpfn_v1,v1,train,153,BRCA,BRCA,0,0,0.9973537,0.00012716094,0.0008154109,0.00056016323,0.0011436029
ALL_core_cancer_type_top95,tabpfn_v1,v1,train,2176,LSCC,LSCC,3,3,0.0016598179,0.00045345706,0.0075621447,0.98634434,0.0039802417
ALL_core_cancer_type_top95,tabpfn_v1,v1,train,1870,HNSCC,HNSCC,2,2,0.014918114,0.119217314,0.8294567,0.028358312,0.008049546
ALL_core_cancer_type_top95,tabpfn_v1,v1,train,2145,LSCC,LSCC,3,3,0.0027511646,0.00046899056,0.005990609,0.9865172,0.0042720204
ALL_core_cancer_type_top95,tabpfn_v1,v1,train,2002,HNSCC,HNSCC,2,2,0.20277536,0.02194841,0.47402918,0.2219134,0.07933368
ALL_core_cancer_type_top95,tabpfn_v1,v1,train,2982,LUAD,LUAD,4,4,0.0062575564,0.0002575477,0.0011011413,0.0065866476,0.9857972
ALL_core_cancer_type_top95,tabpfn_v1,v1,train,1739,HNSCC,HNSCC,2,2,0.060519073,0.018846152,0.84499335,0.047066137,0.028575288
ALL_core_cancer_type_top95,tabpfn_v1,v1,train,2642,LUAD,HNSCC,4,2,0.27223447,0.0003321502,0.35120067,0.18775831,0.18847442
ALL_core_cancer_type_top95,tabpfn_v1,v1,train,2682,LUAD,HNSCC,4,2,0.27223447,0.0003321502,0.35120067,0.18775831,0.18847442
ALL_core_cancer_type_top95,tabpfn_v1,v1,train,1817,HNSCC,HNSCC,2,2,0.05459203,0.0056930794,0.87150323,0.040534258,0.027677413
ALL_core_cancer_type_top95,tabpfn_v1,v1,train,1406,HNSCC,HNSCC,2,2,0.27223447,0.0003321502,0.35120067,0.18775831,0.18847442
ALL_core_cancer_type_top95,tabpfn_v1,v1,train,419,BRCA,BRCA,0,0,0.9925833,0.00029458274,0.0020493935,0.0019600785,0.003112701
ALL_core_cancer_type_top95,tabpfn_v1,v1,train,1966,HNSCC,HNSCC,2,2,0.17137662,0.021531163,0.5765473,0.17268252,0.05786238
ALL_core_cancer_type_top95,tabpfn_v1,v1,train,2090,LSCC,HNSCC,3,2,0.27223447,0.0003321502,0.35120067,0.18775831,0.18847442
ALL_core_cancer_type_top95,tabpfn_v1,v1,train,1112,BRCA,BRCA,0,0,0.9919045,0.0009112802,0.0026889893,0.0015069128,0.002988303
ALL_core_cancer_type_top95,tabpfn_v1,v1,train,2514,LSCC,LSCC,3,3,0.062553674,0.0022333344,0.03673987,0.59707767,0.30139554
ALL_core_cancer_type_top95,tabpfn_v1,v1,train,969,BRCA,BRCA,0,0,0.99934024,1.6877797e-05,0.0001944353,0.00012569824,0.00032269434
ALL_core_cancer_type_top95,tabpfn_v1,v1,train,2249,LSCC,LSCC,3,3,0.00141435,0.0001722501,0.0028655424,0.9940791,0.0014686962
ALL_core_cancer_type_top95,tabpfn_v1,v1,train,1601,HNSCC,HNSCC,2,2,0.004140807,0.0023714385,0.9801533,0.010359192,0.0029752117
ALL_core_cancer_type_top95,tabpfn_v1,v1,train,1509,HNSCC,HNSCC,2,2,0.015757635,0.0125977965,0.81244695,0.14717624,0.012021446
ALL_core_cancer_type_top95,tabpfn_v1,v1,train,2594,LSCC,LSCC,3,3,0.044433046,0.0030735452,0.03006858,0.67954963,0.24287523
ALL_core_cancer_type_top95,tabpfn_v1,v1,train,2292,LSCC,LSCC,3,3,0.025012104,0.0016599065,0.023478765,0.8111772,0.13867201
ALL_core_cancer_type_top95,tabpfn_v1,v1,train,724,BRCA,BRCA,0,0,0.9864421,0.002382274,0.004941219,0.00254068,0.0036937043
ALL_core_cancer_type_top95,tabpfn_v1,v1,train,2630,LUAD,HNSCC,4,2,0.27223447,0.0003321502,0.35120067,0.18775831,0.18847442
ALL_core_cancer_type_top95,tabpfn_v1,v1,train,2645,LUAD,HNSCC,4,2,0.27223447,0.0003321502,0.35120067,0.18775831,0.18847442
ALL_core_cancer_type_top95,tabpfn_v1,v1,train,2146,LSCC,LSCC,3,3,0.20758934,0.017650034,0.14251827,0.4715381,0.16070423
ALL_core_cancer_type_top95,tabpfn_v1,v1,train,1267,ESCA,ESCA,1,1,0.007612264,0.97671753,0.0075311377,0.0039648097,0.0041742204
ALL_core_cancer_type_top95,tabpfn_v1,v1,train,1107,BRCA,BRCA,0,0,0.9957093,0.00021580195,0.0012067038,0.00090406905,0.0019640906
ALL_core_cancer_type_top95,tabpfn_v1,v1,train,167,BRCA,BRCA,0,0,0.71251225,0.011997745,0.06044953,0.12479202,0.090248376
ALL_core_cancer_type_top95,tabpfn_v1,v1,train,423,BRCA,BRCA,0,0,0.5290487,0.033910725,0.13224727,0.2161372,0.08865606
ALL_core_cancer_type_top95,tabpfn_v1,v1,train,1178,BRCA,BRCA,0,0,0.9959629,0.0001326131,0.000986856,0.0011073301,0.0018102594
ALL_core_cancer_type_top95,tabpfn_v1,v1,train,394,BRCA,BRCA,0,0,0.998355,1.9866997e-05,0.0005264103,0.00047880472,0.0006199527
ALL_core_cancer_type_top95,tabpfn_v1,v1,train,3057,LUAD,LUAD,4,4,0.0019535676,0.00014928475,0.00043698392,0.0017860034,0.9956741
ALL_core_cancer_type_top95,tabpfn_v1,v1,train,2680,LUAD,HNSCC,4,2,0.27223447,0.0003321502,0.35120067,0.18775831,0.18847442
ALL_core_cancer_type_top95,tabpfn_v1,v1,train,1692,HNSCC,HNSCC,2,2,0.0016179759,0.0023528796,0.9915388,0.0035494943,0.0009407839
ALL_core_cancer_type_top95,tabpfn_v1,v1,train,1824,HNSCC,HNSCC,2,2,0.16408703,0.09987238,0.63233423,0.05338102,0.05032532
ALL_core_cancer_type_top95,tabpfn_v1,v1,train,2613,LSCC,LSCC,3,3,0.04963597,0.010634755,0.13858536,0.7614514,0.03969248
ALL_core_cancer_type_top95,tabpfn_v1,v1,train,1430,HNSCC,HNSCC,2,2,0.27223447,0.0003321502,0.35120067,0.18775831,0.18847442
ALL_core_cancer_type_top95,tabpfn_v1,v1,train,2989,LUAD,LUAD,4,4,0.008866001,0.0006897944,0.00494375,0.09046595,0.89503443
ALL_core_cancer_type_top95,tabpfn_v1,v1,train,1024,BRCA,BRCA,0,0,0.89177585,0.009046322,0.03292407,0.02874957,0.037504133
ALL_core_cancer_type_top95,tabpfn_v1,v1,train,767,BRCA,BRCA,0,0,0.97949755,0.0004895652,0.0043894267,0.0062332,0.009390316
ALL_core_cancer_type_top95,tabpfn_v1,v1,train,1193,BRCA,BRCA,0,0,0.98356473,0.0003170831,0.0046327016,0.005047811,0.00643773
ALL_core_cancer_type_top95,tabpfn_v1,v1,train,3213,LUAD,LUAD,4,4,0.11530368,0.0020505434,0.022208981,0.13814828,0.7222885
ALL_core_cancer_type_top95,tabpfn_v1,v1,train,1030,BRCA,BRCA,0,0,0.901472,0.009573166,0.02755416,0.022005467,0.039395116
ALL_core_cancer_type_top95,tabpfn_v1,v1,train,1478,HNSCC,HNSCC,2,2,0.27223447,0.0003321502,0.35120067,0.18775831,0.18847442
ALL_core_cancer_type_top95,tabpfn_v1,v1,train,1266,ESCA,ESCA,1,1,0.0032755348,0.97866017,0.011648997,0.00436257,0.002052702
ALL_core_cancer_type_top95,tabpfn_v1,v1,train,1221,ESCA,ESCA,1,1,0.0009977871,0.9878159,0.0077964687,0.0028964588,0.00049330015
ALL_core_cancer_type_top95,tabpfn_v1,v1,train,2677,LUAD,HNSCC,4,2,0.27223447,0.0003321502,0.35120067,0.18775831,0.18847442
ALL_core_cancer_type_top95,tabpfn_v1,v1,train,986,BRCA,BRCA,0,0,0.5711016,0.02393684,0.1285033,0.21048066,0.06597758
ALL_core_cancer_type_top95,tabpfn_v1,v1,train,1167,BRCA,BRCA,0,0,0.93409264,0.0021577638,0.016324736,0.032549847,0.014874982
ALL_core_cancer_type_top95,tabpfn_v1,v1,train,1946,HNSCC,HNSCC,2,2,0.0514989,0.01852517,0.81758463,0.08754632,0.024844972
ALL_core_cancer_type_top95,tabpfn_v1,v1,train,517,BRCA,BRCA,0,0,0.8818162,0.0039280676,0.036270816,0.04351896,0.034465935
ALL_core_cancer_type_top95,tabpfn_v1,v1,train,43,BRCA,HNSCC,0,2,0.27223447,0.0003321502,0.35120067,0.18775831,0.18847442
ALL_core_cancer_type_top95,tabpfn_v1,v1,train,1511,HNSCC,HNSCC,2,2,0.006503482,0.012488161,0.9572897,0.01997337,0.0037453661
ALL_core_cancer_type_top95,tabpfn_v1,v1,train,3004,LUAD,LUAD,4,4,0.00083335105,6.730624e-05,0.0003168517,0.0031238284,0.99565864
ALL_core_cancer_type_top95,tabpfn_v1,v1,train,2379,LSCC,LSCC,3,3,0.000574201,0.00010618298,0.0015457137,0.9958658,0.0019080892
ALL_core_cancer_type_top95,tabpfn_v1,v1,train,1541,HNSCC,HNSCC,2,2,0.005520437,0.0017881058,0.97954285,0.010416126,0.0027324953
ALL_core_cancer_type_top95,tabpfn_v1,v1,train,2009,HNSCC,HNSCC,2,2,0.005192492,0.007710308,0.9516316,0.031916723,0.003548932
ALL_core_cancer_type_top95,tabpfn_v1,v1,train,1339,ESCA,ESCA,1,1,0.00021676412,0.99575186,0.0027724253,0.001025014,0.00023391143
ALL_core_cancer_type_top95,tabpfn_v1,v1,train,1409,HNSCC,HNSCC,2,2,0.27223447,0.0003321502,0.35120067,0.18775831,0.18847442
ALL_core_cancer_type_top95,tabpfn_v1,v1,train,616,BRCA,BRCA,0,0,0.9887892,0.0014020028,0.003565551,0.0025204062,0.0037227666
ALL_core_cancer_type_top95,tabpfn_v1,v1,train,2023,LSCC,HNSCC,3,2,0.27223447,0.0003321502,0.35120067,0.18775831,0.18847442
ALL_core_cancer_type_top95,tabpfn_v1,v1,train,1812,HNSCC,HNSCC,2,2,0.040974014,0.004886789,0.77784216,0.1498153,0.026481666
ALL_core_cancer_type_top95,tabpfn_v1,v1,train,72,BRCA,HNSCC,0,2,0.27223447,0.0003321502,0.35120067,0.18775831,0.18847442
ALL_core_cancer_type_top95,tabpfn_v1,v1,train,1947,HNSCC,HNSCC,2,2,0.022592911,0.002483191,0.93231547,0.032785214,0.009823277
ALL_core_cancer_type_top95,tabpfn_v1,v1,train,1452,HNSCC,HNSCC,2,2,0.27223447,0.0003321502,0.35120067,0.18775831,0.18847442
ALL_core_cancer_type_top95,tabpfn_v1,v1,train,3157,LUAD,LUAD,4,4,0.0026596652,0.00016430733,0.0008363798,0.013794195,0.9825454
ALL_core_cancer_type_top95,tabpfn_v1,v1,train,2836,LUAD,LUAD,4,4,0.028099941,0.0024968209,0.00969674,0.044689342,0.9150171
ALL_core_cancer_type_top95,tabpfn_v1,v1,train,2558,LSCC,HNSCC,3,2,0.027853854,0.07739112,0.76903784,0.112019464,0.013697813
ALL_core_cancer_type_top95,tabpfn_v1,v1,train,1438,HNSCC,HNSCC,2,2,0.27223447,0.0003321502,0.35120067,0.18775831,0.18847442
ALL_core_cancer_type_top95,tabpfn_v1,v1,train,2400,LSCC,LSCC,3,3,0.028966064,0.002230375,0.06839348,0.83944136,0.060968705
ALL_core_cancer_type_top95,tabpfn_v1,v1,train,604,BRCA,BRCA,0,0,0.9549351,0.0022561508,0.016121322,0.012736966,0.013950544
ALL_core_cancer_type_top95,tabpfn_v1,v1,train,454,BRCA,BRCA,0,0,0.8155407,0.0038351784,0.041211482,0.08186428,0.057548407
ALL_core_cancer_type_top95,tabpfn_v1,v1,train,2837,LUAD,LUAD,4,4,0.010486221,0.000592178,0.0023116102,0.02149578,0.96511424
ALL_core_cancer_type_top95,tabpfn_v1,v1,train,2640,LUAD,HNSCC,4,2,0.27223447,0.0003321502,0.35120067,0.18775831,0.18847442
ALL_core_cancer_type_top95,tabpfn_v1,v1,train,2996,LUAD,LUAD,4,4,0.18592712,0.0029973038,0.015814079,0.08749562,0.70776594
ALL_core_cancer_type_top95,tabpfn_v1,v1,train,1677,HNSCC,HNSCC,2,2,0.04106222,0.012104496,0.77535,0.14121504,0.030268272
ALL_core_cancer_type_top95,tabpfn_v1,v1,train,280,BRCA,BRCA,0,0,0.9970451,0.0003186773,0.000848438,0.0005973482,0.0011905103
ALL_core_cancer_type_top95,tabpfn_v1,v1,train,2809,LUAD,LUAD,4,4,0.0020923975,0.00010367463,0.0006734107,0.006972976,0.99015754
ALL_core_cancer_type_top95,tabpfn_v1,v1,train,1681,HNSCC,HNSCC,2,2,0.047441594,0.010472307,0.9132384,0.015767617,0.013080076
ALL_core_cancer_type_top95,tabpfn_v1,v1,train,1941,HNSCC,HNSCC,2,2,0.04423113,0.009022295,0.86157495,0.06659672,0.018574977
ALL_core_cancer_type_top95,tabpfn_v1,v1,train,2898,LUAD,LUAD,4,4,0.011265437,0.0011045547,0.008637449,0.037551884,0.94144076
ALL_core_cancer_type_top95,tabpfn_v1,v1,train,1532,HNSCC,HNSCC,2,2,0.00936703,0.003263975,0.9626332,0.020259412,0.004476387
ALL_core_cancer_type_top95,tabpfn_v1,v1,train,2374,LSCC,LSCC,3,3,0.028396918,0.002282143,0.0500078,0.8864904,0.032822747
ALL_core_cancer_type_top95,tabpfn_v1,v1,train,2293,LSCC,LSCC,3,3,0.13577385,0.0070035458,0.06815087,0.47772878,0.3113429
ALL_core_cancer_type_top95,tabpfn_v1,v1,train,745,BRCA,BRCA,0,0,0.96135306,0.0013587687,0.009086417,0.010901174,0.017300624
ALL_core_cancer_type_top95,tabpfn_v1,v1,train,470,BRCA,BRCA,0,0,0.9975834,0.00015137567,0.0007081286,0.0005004266,0.0010566602
ALL_core_cancer_type_top95,tabpfn_v1,v1,train,1578,HNSCC,HNSCC,2,2,0.0012653385,0.00020526271,0.9951525,0.0026762206,0.0007007042
ALL_core_cancer_type_top95,tabpfn_v1,v1,train,1519,HNSCC,HNSCC,2,2,0.0072058383,0.011804806,0.9406435,0.035708804,0.0046369755
ALL_core_cancer_type_top95,tabpfn_v1,v1,train,758,BRCA,BRCA,0,0,0.99916124,7.795424e-05,0.00025455633,0.00014106417,0.00036515325
ALL_core_cancer_type_top95,tabpfn_v1,v1,train,54,BRCA,HNSCC,0,2,0.27223447,0.0003321502,0.35120067,0.18775831,0.18847442
ALL_core_cancer_type_top95,tabpfn_v1,v1,train,1945,HNSCC,HNSCC,2,2,0.00616556,0.0014913612,0.974116,0.014983804,0.0032432682
ALL_core_cancer_type_top95,tabpfn_v1,v1,train,1315,ESCA,ESCA,1,1,0.0060412656,0.94287807,0.0353985,0.010238241,0.0054438966
ALL_core_cancer_type_top95,tabpfn_v1,v1,train,5,BRCA,HNSCC,0,2,0.27223447,0.0003321502,0.35120067,0.18775831,0.18847442
ALL_core_cancer_type_top95,tabpfn_v1,v1,train,1811,HNSCC,HNSCC,2,2,0.043426026,0.082641564,0.7609681,0.097551495,0.015412792
ALL_core_cancer_type_top95,tabpfn_v1,v1,train,341,BRCA,BRCA,0,0,0.9973767,9.561081e-05,0.00077252794,0.0007152835,0.0010400184
ALL_core_cancer_type_top95,tabpfn_v1,v1,train,1420,HNSCC,HNSCC,2,2,0.27223447,0.0003321502,0.35120067,0.18775831,0.18847442
ALL_core_cancer_type_top95,tabpfn_v1,v1,train,2629,LUAD,HNSCC,4,2,0.27223447,0.0003321502,0.35120067,0.18775831,0.18847442
ALL_core_cancer_type_top95,tabpfn_v1,v1,train,2266,LSCC,LSCC,3,3,0.0406705,0.0053758016,0.070217274,0.8447401,0.03899631
ALL_core_cancer_type_top95,tabpfn_v1,v1,train,1986,HNSCC,HNSCC,2,2,0.09341068,0.03318466,0.76932216,0.0709475,0.033135016
ALL_core_cancer_type_top95,tabpfn_v1,v1,train,1333,ESCA,ESCA,1,1,0.05012792,0.8522474,0.059717156,0.019878676,0.018028902
ALL_core_cancer_type_top95,tabpfn_v1,v1,train,154,BRCA,BRCA,0,0,0.3272141,0.033321176,0.22669132,0.18951254,0.22326088
ALL_core_cancer_type_top95,tabpfn_v1,v1,train,3183,LUAD,LUAD,4,4,0.00045307726,4.0373572e-05,0.00012406902,0.0011154407,0.99826694
ALL_core_cancer_type_top95,tabpfn_v1,v1,train,930,BRCA,BRCA,0,0,0.9875882,0.00037653133,0.0028224238,0.003681398,0.0055313893
ALL_core_cancer_type_top95,tabpfn_v1,v1,train,316,BRCA,BRCA,0,0,0.9993987,1.7421136e-05,0.00018130473,0.00011903721,0.00028356677
ALL_core_cancer_type_top95,tabpfn_v1,v1,train,457,BRCA,BRCA,0,0,0.99889225,0.00013448294,0.00026686472,0.00013268377,0.00057369075
ALL_core_cancer_type_top95,tabpfn_v1,v1,train,1538,HNSCC,HNSCC,2,2,0.0696022,0.06381416,0.818835,0.02524783,0.02250078
ALL_core_cancer_type_top95,tabpfn_v1,v1,train,2359,LSCC,LSCC,3,3,0.015312039,0.0009882492,0.007889171,0.86860085,0.107209764
ALL_core_cancer_type_top95,tabpfn_v1,v1,train,1069,BRCA,BRCA,0,0,0.989865,0.0002465025,0.0030993193,0.00260928,0.0041799275
ALL_core_cancer_type_top95,tabpfn_v1,v1,train,2551,LSCC,LSCC,3,3,0.008823885,0.00084687734,0.016575616,0.96165234,0.012101261
ALL_core_cancer_type_top95,tabpfn_v1,v1,train,3061,LUAD,LUAD,4,4,0.003429907,7.5284835e-05,0.0004197573,0.006056285,0.9900187
ALL_core_cancer_type_top95,tabpfn_v1,v1,train,2862,LUAD,LUAD,4,4,0.0008243056,8.796425e-05,0.0004722879,0.002659342,0.995956
ALL_core_cancer_type_top95,tabpfn_v1,v1,train,2580,LSCC,LSCC,3,3,0.004105717,0.0006326953,0.0074010356,0.97761065,0.010249922
ALL_core_cancer_type_top95,tabpfn_v1,v1,train,2946,LUAD,LUAD,4,4,0.02604076,0.0028627166,0.013632157,0.124770924,0.83269346
ALL_core_cancer_type_top95,tabpfn_v1,v1,train,838,BRCA,BRCA,0,0,0.95124596,0.0032897089,0.013155429,0.014495005,0.017813979
ALL_core_cancer_type_top95,tabpfn_v1,v1,train,1696,HNSCC,HNSCC,2,2,0.00050765555,0.00052238913,0.9971922,0.0014323035,0.00034547067
ALL_core_cancer_type_top95,tabpfn_v1,v1,train,2892,LUAD,LUAD,4,4,0.03207487,0.0039094393,0.008657842,0.026843859,0.92851394
ALL_core_cancer_type_top95,tabpfn_v1,v1,train,628,BRCA,BRCA,0,0,0.99323833,0.00038978242,0.0019555003,0.0015289763,0.0028873845
ALL_core_cancer_type_top95,tabpfn_v1,v1,train,2121,LSCC,HNSCC,3,2,0.27223447,0.0003321502,0.35120067,0.18775831,0.18847442
ALL_core_cancer_type_top95,tabpfn_v1,v1,train,2263,LSCC,LSCC,3,3,0.11192737,0.002349079,0.03646067,0.698548,0.15071492
ALL_core_cancer_type_top95,tabpfn_v1,v1,train,2395,LSCC,LSCC,3,3,0.0029640864,0.000852844,0.010756972,0.97920096,0.006225156
ALL_core_cancer_type_top95,tabpfn_v1,v1,train,2282,LSCC,LSCC,3,3,0.121902816,0.0023642876,0.04664101,0.5685929,0.260499
ALL_core_cancer_type_top95,tabpfn_v1,v1,train,786,BRCA,BRCA,0,0,0.9883852,0.0014348732,0.0033198711,0.0023876748,0.0044723586
ALL_core_cancer_type_top95,tabpfn_v1,v1,train,2838,LUAD,LUAD,4,4,0.07588102,0.004264791,0.02614068,0.17417954,0.7195339
ALL_core_cancer_type_top95,tabpfn_v1,v1,train,2564,LSCC,LSCC,3,3,0.028361944,0.0016171638,0.036816526,0.68587834,0.24732602
ALL_core_cancer_type_top95,tabpfn_v1,v1,train,51,BRCA,HNSCC,0,2,0.27223447,0.0003321502,0.35120067,0.18775831,0.18847442
ALL_core_cancer_type_top95,tabpfn_v1,v1,train,1991,HNSCC,HNSCC,2,2,0.13385361,0.011918738,0.48660874,0.2850243,0.0825946
ALL_core_cancer_type_top95,tabpfn_v1,v1,train,3199,LUAD,LUAD,4,4,0.004164276,0.00015998757,0.0012747593,0.009524848,0.98487604
ALL_core_cancer_type_top95,tabpfn_v1,v1,train,372,BRCA,BRCA,0,0,0.9967313,0.000106831205,0.00088494166,0.0007430166,0.0015339605
ALL_core_cancer_type_top95,tabpfn_v1,v1,train,1402,HNSCC,HNSCC,2,2,0.27223447,0.0003321502,0.35120067,0.18775831,0.18847442
ALL_core_cancer_type_top95,tabpfn_v1,v1,train,2614,LUAD,HNSCC,4,2,0.27223447,0.0003321502,0.35120067,0.18775831,0.18847442
ALL_core_cancer_type_top95,tabpfn_v1,v1,train,268,BRCA,BRCA,0,0,0.97113705,0.0048220856,0.009713982,0.006888497,0.00743835
ALL_core_cancer_type_top95,tabpfn_v1,v1,train,2517,LSCC,LSCC,3,3,0.115021646,0.002863474,0.15124546,0.6651986,0.065670826
ALL_core_cancer_type_top95,tabpfn_v1,v1,train,2385,LSCC,LSCC,3,3,0.0018463822,0.00044289467,0.008058734,0.98662335,0.0030285905
ALL_core_cancer_type_top95,tabpfn_v1,v1,train,1639,HNSCC,HNSCC,2,2,0.009898659,0.0040624207,0.94069004,0.03953416,0.005814697
ALL_core_cancer_type_top95,tabpfn_v1,v1,train,3190,LUAD,LUAD,4,4,0.06740663,0.0021494268,0.024113793,0.18844864,0.71788156
ALL_core_cancer_type_top95,tabpfn_v1,v1,train,623,BRCA,BRCA,0,0,0.9892252,0.0007242877,0.0029370296,0.0027093382,0.0044041015
ALL_core_cancer_type_top95,tabpfn_v1,v1,train,49,BRCA,HNSCC,0,2,0.27223447,0.0003321502,0.35120067,0.18775831,0.18847442
ALL_core_cancer_type_top95,tabpfn_v1,v1,train,2315,LSCC,LSCC,3,3,0.052074794,0.003024687,0.056122545,0.7808754,0.10790259
ALL_core_cancer_type_top95,tabpfn_v1,v1,train,2157,LSCC,LSCC,3,3,0.025748415,0.0012877276,0.014482241,0.8724926,0.08598895
ALL_core_cancer_type_top95,tabpfn_v1,v1,train,275,BRCA,BRCA,0,0,0.98934,0.00053463853,0.0029600146,0.0026851757,0.004480136
ALL_core_cancer_type_top95,tabpfn_v1,v1,train,1770,HNSCC,HNSCC,2,2,0.050025936,0.017343616,0.8214651,0.092854634,0.018310748
ALL_core_cancer_type_top95,tabpfn_v1,v1,train,2200,LSCC,LSCC,3,3,0.05136161,0.0055586724,0.108819775,0.7918408,0.04241923
ALL_core_cancer_type_top95,tabpfn_v1,v1,train,2537,LSCC,LSCC,3,3,0.01232133,0.000678517,0.006652243,0.7880291,0.19231884
ALL_core_cancer_type_top95,tabpfn_v1,v1,train,35,BRCA,HNSCC,0,2,0.27223447,0.0003321502,0.35120067,0.18775831,0.18847442
ALL_core_cancer_type_top95,tabpfn_v1,v1,train,2397,LSCC,LSCC,3,3,0.20229991,0.006538035,0.0733403,0.6377319,0.08008986
ALL_core_cancer_type_top95,tabpfn_v1,v1,train,3216,LUAD,LUAD,4,4,0.0012308897,8.725988e-05,0.00035737027,0.004154659,0.99416995
ALL_core_cancer_type_top95,tabpfn_v1,v1,train,1023,BRCA,BRCA,0,0,0.9674884,0.0019074745,0.010269965,0.0129131125,0.007421071
ALL_core_cancer_type_top95,tabpfn_v1,v1,train,953,BRCA,BRCA,0,0,0.8769807,0.009339048,0.042722736,0.03572097,0.035236564
ALL_core_cancer_type_top95,tabpfn_v1,v1,train,1148,BRCA,BRCA,0,0,0.982498,0.00055249885,0.0041351435,0.005115237,0.0076992186
ALL_core_cancer_type_top95,tabpfn_v1,v1,train,2483,LSCC,LSCC,3,3,0.0007128744,0.00033890785,0.004712381,0.99251705,0.0017189049
ALL_core_cancer_type_top95,tabpfn_v1,v1,train,1704,HNSCC,HNSCC,2,2,0.0008941704,0.0013114812,0.99227375,0.004712862,0.00080777553
ALL_core_cancer_type_top95,tabpfn_v1,v1,train,2734,LUAD,LUAD,4,4,0.022510909,0.0012255022,0.0021809696,0.005965534,0.9681171
ALL_core_cancer_type_top95,tabpfn_v1,v1,train,1070,BRCA,BRCA,0,0,0.99830675,4.3686385e-05,0.0004680681,0.0003467037,0.000834888
ALL_core_cancer_type_top95,tabpfn_v1,v1,train,1916,HNSCC,HNSCC,2,2,0.013044361,0.00999079,0.9630287,0.008155498,0.0057806023
ALL_core_cancer_type_top95,tabpfn_v1,v1,train,672,BRCA,BRCA,0,0,0.60587853,0.012134691,0.09302243,0.2534018,0.035562593
ALL_core_cancer_type_top95,tabpfn_v1,v1,train,2844,LUAD,LUAD,4,4,0.019087086,0.0006091449,0.003852188,0.050352193,0.92609936
ALL_core_cancer_type_top95,tabpfn_v1,v1,train,2091,LSCC,HNSCC,3,2,0.27223447,0.0003321502,0.35120067,0.18775831,0.18847442
ALL_core_cancer_type_top95,tabpfn_v1,v1,train,2572,LSCC,LSCC,3,3,0.0938252,0.0035042677,0.09666649,0.68404824,0.12195589
ALL_core_cancer_type_top95,tabpfn_v1,v1,train,2421,LSCC,LSCC,3,3,0.0014409936,0.00022643163,0.0025283243,0.98272806,0.013076151
ALL_core_cancer_type_top95,tabpfn_v1,v1,train,3218,LUAD,LUAD,4,4,0.009035723,0.0004609915,0.0014484486,0.0066430494,0.9824118
ALL_core_cancer_type_top95,tabpfn_v1,v1,train,2709,LUAD,HNSCC,4,2,0.27223447,0.0003321502,0.35120067,0.18775831,0.18847442
ALL_core_cancer_type_top95,tabpfn_v1,v1,train,1141,BRCA,BRCA,0,0,0.96890265,0.0005252093,0.0075491103,0.00928371,0.013739296
ALL_core_cancer_type_top95,tabpfn_v1,v1,train,3038,LUAD,LUAD,4,4,0.0026883702,0.00023782198,0.0013808381,0.020207597,0.97548544
ALL_core_cancer_type_top95,tabpfn_v1,v1,train,1062,BRCA,LUAD,0,4,0.25738055,0.0014832873,0.065183,0.31130013,0.36465302
ALL_core_cancer_type_top95,tabpfn_v1,v1,train,2647,LUAD,HNSCC,4,2,0.27223447,0.0003321502,0.35120067,0.18775831,0.18847442
ALL_core_cancer_type_top95,tabpfn_v1,v1,train,1668,HNSCC,HNSCC,2,2,0.004384682,0.00512981,0.9831124,0.0051871543,0.002185931
ALL_core_cancer_type_top95,tabpfn_v1,v1,train,740,BRCA,BRCA,0,0,0.9985689,3.4955054e-05,0.00048083533,0.00035007845,0.0005651497
ALL_core_cancer_type_top95,tabpfn_v1,v1,train,671,BRCA,BRCA,0,0,0.8980632,0.0025639578,0.036597084,0.03631922,0.02645656
ALL_core_cancer_type_top95,tabpfn_v1,v1,train,2625,LUAD,HNSCC,4,2,0.27223447,0.0003321502,0.35120067,0.18775831,0.18847442
ALL_core_cancer_type_top95,tabpfn_v1,v1,train,1629,HNSCC,HNSCC,2,2,0.002164868,0.0021689772,0.98633933,0.008126198,0.001200657
ALL_core_cancer_type_top95,tabpfn_v1,v1,train,2484,LSCC,LSCC,3,3,0.00055556255,0.0002955757,0.003696746,0.9934956,0.001956449
ALL_core_cancer_type_top95,tabpfn_v1,v1,train,2587,LSCC,LSCC,3,3,0.0006980198,0.00033299197,0.0028587014,0.9945064,0.0016038476
ALL_core_cancer_type_top95,tabpfn_v1,v1,train,1415,HNSCC,HNSCC,2,2,0.27223447,0.0003321502,0.35120067,0.18775831,0.18847442
ALL_core_cancer_type_top95,tabpfn_v1,v1,train,2546,LSCC,BRCA,3,0,0.56934285,0.0080534,0.113414735,0.23134509,0.07784393
ALL_core_cancer_type_top95,tabpfn_v1,v1,train,3197,LUAD,LUAD,4,4,0.0049671927,0.00026987927,0.0019116779,0.025293075,0.96755815
ALL_core_cancer_type_top95,tabpfn_v1,v1,train,53,BRCA,HNSCC,0,2,0.27223447,0.0003321502,0.35120067,0.18775831,0.18847442
ALL_core_cancer_type_top95,tabpfn_v1,v1,train,2186,LSCC,LSCC,3,3,0.0853576,0.01312637,0.0732933,0.56558394,0.26263875
ALL_core_cancer_type_top95,tabpfn_v1,v1,train,403,BRCA,BRCA,0,0,0.9416438,0.0012488209,0.013380343,0.014231812,0.029495265
ALL_core_cancer_type_top95,tabpfn_v1,v1,train,3212,LUAD,LUAD,4,4,0.0049911905,0.00015007095,0.0011217493,0.016345648,0.97739124
ALL_core_cancer_type_top95,tabpfn_v1,v1,train,450,BRCA,BRCA,0,0,0.87358063,0.0026482136,0.03228012,0.075208746,0.016282259
ALL_core_cancer_type_top95,tabpfn_v1,v1,train,1421,HNSCC,HNSCC,2,2,0.27223447,0.0003321502,0.35120067,0.18775831,0.18847442
ALL_core_cancer_type_top95,tabpfn_v1,v1,train,18,BRCA,HNSCC,0,2,0.27223447,0.0003321502,0.35120067,0.18775831,0.18847442
ALL_core_cancer_type_top95,tabpfn_v1,v1,train,1703,HNSCC,HNSCC,2,2,0.003548416,0.004288853,0.96452045,0.02448358,0.00315872
ALL_core_cancer_type_top95,tabpfn_v1,v1,train,2866,LUAD,LUAD,4,4,0.009622129,0.00060503895,0.004149094,0.12213953,0.86348426
ALL_core_cancer_type_top95,tabpfn_v1,v1,train,2268,LSCC,LUAD,3,4,0.04874433,0.0013041057,0.012697428,0.29078588,0.6464682
ALL_core_cancer_type_top95,tabpfn_v1,v1,train,3116,LUAD,LUAD,4,4,0.000327656,1.5732045e-05,0.00013691509,0.001896482,0.99762326
ALL_core_cancer_type_top95,tabpfn_v1,v1,train,2333,LSCC,LSCC,3,3,0.0063516796,0.0010640288,0.014773944,0.97030354,0.0075068246
ALL_core_cancer_type_top95,tabpfn_v1,v1,train,182,BRCA,BRCA,0,0,0.9714292,0.0038015058,0.009089055,0.006681006,0.008999198
ALL_core_cancer_type_top95,tabpfn_v1,v1,train,300,BRCA,BRCA,0,0,0.98298347,0.0003903769,0.003776386,0.0040524798,0.008797233
ALL_core_cancer_type_top95,tabpfn_v1,v1,train,1890,HNSCC,HNSCC,2,2,0.31387773,0.03000183,0.3987664,0.18268721,0.07466682
ALL_core_cancer_type_top95,tabpfn_v1,v1,train,1077,BRCA,BRCA,0,0,0.7533802,0.0052979467,0.05388691,0.13768573,0.049749237
ALL_core_cancer_type_top95,tabpfn_v1,v1,train,553,BRCA,BRCA,0,0,0.96316475,0.0033573182,0.011522335,0.012330694,0.009624829
ALL_core_cancer_type_top95,tabpfn_v1,v1,train,2134,LSCC,LSCC,3,3,0.010450411,0.0047246017,0.1570067,0.8144709,0.013347362
ALL_core_cancer_type_top95,tabpfn_v1,v1,train,395,BRCA,BRCA,0,0,0.9812796,0.0007106176,0.005735517,0.006026368,0.006247894
ALL_core_cancer_type_top95,tabpfn_v1,v1,train,2763,LUAD,LUAD,4,4,0.0013763828,0.0001517569,0.00058578496,0.005759379,0.9921266
ALL_core_cancer_type_top95,tabpfn_v1,v1,train,3036,LUAD,LUAD,4,4,0.0013635643,6.0431066e-05,0.00041306828,0.008622903,0.98954004
ALL_core_cancer_type_top95,tabpfn_v1,v1,train,1636,HNSCC,HNSCC,2,2,0.058934867,0.029560065,0.8026843,0.072157204,0.036663573
ALL_core_cancer_type_top95,tabpfn_v1,v1,train,3219,LUAD,LUAD,4,4,0.008660929,0.00044556393,0.0009948993,0.0049743853,0.9849242
ALL_core_cancer_type_top95,tabpfn_v1,v1,train,2941,LUAD,LUAD,4,4,0.01794253,0.0029123917,0.005106837,0.015563413,0.9584748
ALL_core_cancer_type_top95,tabpfn_v1,v1,train,2360,LSCC,LSCC,3,3,0.07855908,0.003503233,0.06490163,0.81063247,0.04240368
ALL_core_cancer_type_top95,tabpfn_v1,v1,train,1515,HNSCC,HNSCC,2,2,0.018708482,0.031223897,0.9195615,0.02341191,0.0070942044
ALL_core_cancer_type_top95,tabpfn_v1,v1,train,3096,LUAD,LUAD,4,4,0.0022224586,6.260075e-05,0.00072014896,0.012999965,0.98399484
ALL_core_cancer_type_top95,tabpfn_v1,v1,train,1245,ESCA,BRCA,1,0,0.30755234,0.18409628,0.18902268,0.09740131,0.22192733
ALL_core_cancer_type_top95,tabpfn_v1,v1,train,2431,LSCC,LSCC,3,3,0.035804957,0.0020590213,0.06437215,0.8196942,0.07806959
ALL_core_cancer_type_top95,tabpfn_v1,v1,train,3123,LUAD,LUAD,4,4,0.0071027186,0.0003253543,0.0022140495,0.016300647,0.9740572
ALL_core_cancer_type_top95,tabpfn_v1,v1,train,2401,LSCC,LSCC,3,3,0.00188643,0.00028819632,0.0061490643,0.9880134,0.0036628747
ALL_core_cancer_type_top95,tabpfn_v1,v1,train,898,BRCA,BRCA,0,0,0.9990526,0.00014215414,0.00027312408,0.00015689834,0.0003752941
ALL_core_cancer_type_top95,tabpfn_v1,v1,train,272,BRCA,BRCA,0,0,0.943786,0.0012423745,0.012216184,0.020345584,0.022409823
ALL_core_cancer_type_top95,tabpfn_v1,v1,train,1323,ESCA,ESCA,1,1,0.006308844,0.67306495,0.23644236,0.07905035,0.00513356
ALL_core_cancer_type_top95,tabpfn_v1,v1,train,1394,HNSCC,HNSCC,2,2,0.27223447,0.0003321502,0.35120067,0.18775831,0.18847442
ALL_core_cancer_type_top95,tabpfn_v1,v1,train,3171,LUAD,LUAD,4,4,0.0026979372,0.00021183776,0.00069879706,0.00405217,0.99233925
ALL_core_cancer_type_top95,tabpfn_v1,v1,train,2842,LUAD,LUAD,4,4,0.0084216185,0.0007582228,0.0032948721,0.041032907,0.94649243
ALL_core_cancer_type_top95,tabpfn_v1,v1,train,1424,HNSCC,HNSCC,2,2,0.27223447,0.0003321502,0.35120067,0.18775831,0.18847442
ALL_core_cancer_type_top95,tabpfn_v1,v1,train,2566,LSCC,LSCC,3,3,0.118590035,0.0035934348,0.051060356,0.5907807,0.23597549
ALL_core_cancer_type_top95,tabpfn_v1,v1,train,3017,LUAD,HNSCC,4,2,0.24304888,0.055776916,0.39847213,0.18365183,0.119050264
ALL_core_cancer_type_top95,tabpfn_v1,v1,train,2960,LUAD,LUAD,4,4,0.013463438,0.00020817944,0.0034196007,0.030675022,0.95223373
ALL_core_cancer_type_top95,tabpfn_v1,v1,train,36,BRCA,HNSCC,0,2,0.27223447,0.0003321502,0.35120067,0.18775831,0.18847442
ALL_core_cancer_type_top95,tabpfn_v1,v1,train,1580,HNSCC,HNSCC,2,2,0.0002935577,0.004108271,0.9893841,0.005944312,0.00026975648
ALL_core_cancer_type_top95,tabpfn_v1,v1,train,787,BRCA,BRCA,0,0,0.98691297,0.0032168105,0.0042285486,0.0022897576,0.0033519454
ALL_core_cancer_type_top95,tabpfn_v1,v1,train,2846,LUAD,LUAD,4,4,0.0018310627,0.00015402956,0.0010052044,0.01376767,0.98324203
ALL_core_cancer_type_top95,tabpfn_v1,v1,train,1520,HNSCC,LSCC,2,3,0.088820055,0.008355311,0.348904,0.3692751,0.18464556
ALL_core_cancer_type_top95,tabpfn_v1,v1,train,181,BRCA,BRCA,0,0,0.9739492,0.00077129086,0.0071431557,0.011902914,0.00623339
ALL_core_cancer_type_top95,tabpfn_v1,v1,train,696,BRCA,BRCA,0,0,0.99642485,9.7447104e-05,0.0010307117,0.00076648267,0.0016806012
ALL_core_cancer_type_top95,tabpfn_v1,v1,train,3187,LUAD,LUAD,4,4,0.015547865,0.00065324345,0.0027454644,0.012701002,0.9683525
ALL_core_cancer_type_top95,tabpfn_v1,v1,train,1045,BRCA,BRCA,0,0,0.72142273,0.016749898,0.12739989,0.07491532,0.05951217
ALL_core_cancer_type_top95,tabpfn_v1,v1,train,669,BRCA,BRCA,0,0,0.94989413,0.0024462242,0.014352311,0.013262741,0.02004458
ALL_core_cancer_type_top95,tabpfn_v1,v1,train,1973,HNSCC,HNSCC,2,2,0.05357647,0.011632019,0.8358389,0.0722616,0.026691
ALL_core_cancer_type_top95,tabpfn_v1,v1,train,2413,LSCC,HNSCC,3,2,0.2764125,0.038382392,0.36080927,0.23904465,0.08535119
ALL_core_cancer_type_top95,tabpfn_v1,v1,train,1865,HNSCC,BRCA,2,0,0.511634,0.053092103,0.23474047,0.09789479,0.102638625
ALL_core_cancer_type_top95,tabpfn_v1,v1,train,2900,LUAD,LUAD,4,4,0.012861959,0.00046692076,0.0020705813,0.01132131,0.97327924
ALL_core_cancer_type_top95,tabpfn_v1,v1,train,2972,LUAD,LUAD,4,4,0.008294249,0.0004953298,0.0023318445,0.02556555,0.96331304
ALL_core_cancer_type_top95,tabpfn_v1,v1,train,2410,LSCC,BRCA,3,0,0.4540663,0.0031166712,0.065616,0.33428556,0.14291553
ALL_core_cancer_type_top95,tabpfn_v1,v1,train,1499,HNSCC,HNSCC,2,2,0.06963986,0.016817613,0.84430444,0.043879673,0.025358427
ALL_core_cancer_type_top95,tabpfn_v1,v1,train,1079,BRCA,BRCA,0,0,0.99946827,1.8099021e-05,0.00019012754,0.000106761574,0.00021677226
ALL_core_cancer_type_top95,tabpfn_v1,v1,train,1714,HNSCC,HNSCC,2,2,0.0012422071,0.0020431906,0.9715324,0.023889478,0.001292757
ALL_core_cancer_type_top95,tabpfn_v1,v1,train,3223,LUAD,LUAD,4,4,0.07714886,0.0011511733,0.007123962,0.050428294,0.8641477
ALL_core_cancer_type_top95,tabpfn_v1,v1,train,417,BRCA,BRCA,0,0,0.95081866,0.001404394,0.014221166,0.020665664,0.012890187
ALL_core_cancer_type_top95,tabpfn_v1,v1,train,2773,LUAD,LUAD,4,4,0.037870813,0.00042659685,0.009680267,0.042505622,0.9095167
ALL_core_cancer_type_top95,tabpfn_v1,v1,train,1707,HNSCC,HNSCC,2,2,0.29869536,0.007380728,0.5002654,0.11867528,0.07498323
ALL_core_cancer_type_top95,tabpfn_v1,v1,train,2205,LSCC,LSCC,3,3,0.056217473,0.0014803015,0.022522064,0.6232651,0.2965151
ALL_core_cancer_type_top95,tabpfn_v1,v1,train,1275,ESCA,ESCA,1,1,0.045958526,0.86905885,0.053633865,0.015443591,0.015905092
ALL_core_cancer_type_top95,tabpfn_v1,v1,train,1474,HNSCC,HNSCC,2,2,0.27223447,0.0003321502,0.35120067,0.18775831,0.18847442
ALL_core_cancer_type_top95,tabpfn_v1,v1,train,1287,ESCA,ESCA,1,1,0.020653363,0.82195014,0.11484372,0.026680598,0.015872132
ALL_core_cancer_type_top95,tabpfn_v1,v1,train,2704,LUAD,HNSCC,4,2,0.27223447,0.0003321502,0.35120067,0.18775831,0.18847442
ALL_core_cancer_type_top95,tabpfn_v1,v1,train,1826,HNSCC,HNSCC,2,2,0.021015704,0.0027998332,0.9327875,0.03269061,0.010706441
ALL_core_cancer_type_top95,tabpfn_v1,v1,train,1829,HNSCC,HNSCC,2,2,0.19031961,0.014746214,0.6966942,0.056835063,0.041404873
ALL_core_cancer_type_top95,tabpfn_v1,v1,train,979,BRCA,BRCA,0,0,0.92996335,0.0016064555,0.016398361,0.03898093,0.013050948
ALL_core_cancer_type_top95,tabpfn_v1,v1,train,754,BRCA,BRCA,0,0,0.996956,8.884631e-05,0.00079351413,0.0005253821,0.0016362444
ALL_core_cancer_type_top95,tabpfn_v1,v1,train,203,BRCA,BRCA,0,0,0.7455897,0.0033729363,0.046849467,0.15928037,0.04490746
ALL_core_cancer_type_top95,tabpfn_v1,v1,train,437,BRCA,BRCA,0,0,0.98800486,0.00039190493,0.0035990493,0.003944216,0.0040598884
ALL_core_cancer_type_top95,tabpfn_v1,v1,train,1898,HNSCC,HNSCC,2,2,0.09469631,0.0041923504,0.7924199,0.06967341,0.039017927
ALL_core_cancer_type_top95,tabpfn_v1,v1,train,1007,BRCA,BRCA,0,0,0.97150147,0.001239984,0.008601929,0.011984789,0.006671856
ALL_core_cancer_type_top95,tabpfn_v1,v1,train,1255,ESCA,ESCA,1,1,0.0017592589,0.9801603,0.013414911,0.0037405042,0.0009250088
ALL_core_cancer_type_top95,tabpfn_v1,v1,train,2381,LSCC,LSCC,3,3,0.13407485,0.003329297,0.09337181,0.5797083,0.1895158
ALL_core_cancer_type_top95,tabpfn_v1,v1,train,948,BRCA,BRCA,0,0,0.9979468,0.00017579002,0.00063548336,0.00035152872,0.0008903581
ALL_core_cancer_type_top95,tabpfn_v1,v1,train,3073,LUAD,LUAD,4,4,0.035732623,0.0034799988,0.01573078,0.11115935,0.8338973
ALL_core_cancer_type_top95,tabpfn_v1,v1,train,2201,LSCC,LSCC,3,3,0.0033869303,0.0006425892,0.012962295,0.97895354,0.0040546944
ALL_core_cancer_type_top95,tabpfn_v1,v1,train,2623,LUAD,HNSCC,4,2,0.27223447,0.0003321502,0.35120067,0.18775831,0.18847442
ALL_core_cancer_type_top95,tabpfn_v1,v1,train,2725,LUAD,LUAD,4,4,0.011128588,0.00040222745,0.003370682,0.021825809,0.9632727
ALL_core_cancer_type_top95,tabpfn_v1,v1,train,2999,LUAD,LUAD,4,4,0.0068433876,0.0018506887,0.009724578,0.16600128,0.81558007
ALL_core_cancer_type_top95,tabpfn_v1,v1,train,2718,LUAD,HNSCC,4,2,0.27223447,0.0003321502,0.35120067,0.18775831,0.18847442
ALL_core_cancer_type_top95,tabpfn_v1,v1,train,1461,HNSCC,HNSCC,2,2,0.27223447,0.0003321502,0.35120067,0.18775831,0.18847442
ALL_core_cancer_type_top95,tabpfn_v1,v1,train,2723,LUAD,HNSCC,4,2,0.27223447,0.0003321502,0.35120067,0.18775831,0.18847442
ALL_core_cancer_type_top95,tabpfn_v1,v1,train,783,BRCA,BRCA,0,0,0.88191044,0.0033680224,0.045519408,0.037521776,0.031680383
ALL_core_cancer_type_top95,tabpfn_v1,v1,train,321,BRCA,BRCA,0,0,0.9912334,0.0006384585,0.0027371712,0.001974604,0.0034163534
ALL_core_cancer_type_top95,tabpfn_v1,v1,train,3,BRCA,HNSCC,0,2,0.27223447,0.0003321502,0.35120067,0.18775831,0.18847442
ALL_core_cancer_type_top95,tabpfn_v1,v1,train,1780,HNSCC,HNSCC,2,2,0.003285594,0.0034942164,0.98409146,0.0071568983,0.001971851
ALL_core_cancer_type_top95,tabpfn_v1,v1,train,1713,HNSCC,HNSCC,2,2,0.30534938,0.007489939,0.35740125,0.20471586,0.1250436
ALL_core_cancer_type_top95,tabpfn_v1,v1,train,2339,LSCC,LSCC,3,3,0.26865557,0.005046149,0.0874443,0.38855913,0.25029492
ALL_core_cancer_type_top95,tabpfn_v1,v1,train,1676,HNSCC,HNSCC,2,2,0.0025984703,0.0025377101,0.9865019,0.006978993,0.0013830115
ALL_core_cancer_type_top95,tabpfn_v1,v1,train,1725,HNSCC,HNSCC,2,2,0.0014358643,0.002665896,0.97434866,0.02022911,0.0013205635
ALL_core_cancer_type_top95,tabpfn_v1,v1,train,665,BRCA,BRCA,0,0,0.7456918,0.007137474,0.02126573,0.02652833,0.19937673
ALL_core_cancer_type_top95,tabpfn_v1,v1,train,3064,LUAD,LUAD,4,4,0.022045357,0.0012519407,0.0070274975,0.09192632,0.87774897
ALL_core_cancer_type_top95,tabpfn_v1,v1,train,2457,LSCC,LSCC,3,3,0.1561295,0.006509624,0.079881035,0.52427953,0.2332003
ALL_core_cancer_type_top95,tabpfn_v1,v1,train,145,BRCA,BRCA,0,0,0.9930228,0.00015861513,0.0018486204,0.001975514,0.0029944195
ALL_core_cancer_type_top95,tabpfn_v1,v1,train,396,BRCA,BRCA,0,0,0.8950438,0.0019884864,0.023327695,0.054939926,0.024700161
ALL_core_cancer_type_top95,tabpfn_v1,v1,train,261,BRCA,BRCA,0,0,0.9454323,0.0009100178,0.017067198,0.025826365,0.01076413
ALL_core_cancer_type_top95,tabpfn_v1,v1,train,116,BRCA,HNSCC,0,2,0.27223447,0.0003321502,0.35120067,0.18775831,0.18847442
ALL_core_cancer_type_top95,tabpfn_v1,v1,train,3112,LUAD,LUAD,4,4,0.0006088431,7.837355e-05,0.00018526099,0.0006558812,0.9984717
ALL_core_cancer_type_top95,tabpfn_v1,v1,train,880,BRCA,BRCA,0,0,0.97841096,0.00063013943,0.004735642,0.007053899,0.009169271
ALL_core_cancer_type_top95,tabpfn_v1,v1,train,2628,LUAD,HNSCC,4,2,0.27223447,0.0003321502,0.35120067,0.18775831,0.18847442
ALL_core_cancer_type_top95,tabpfn_v1,v1,train,2079,LSCC,HNSCC,3,2,0.27223447,0.0003321502,0.35120067,0.18775831,0.18847442
ALL_core_cancer_type_top95,tabpfn_v1,v1,train,2324,LSCC,LSCC,3,3,0.048847485,0.010527261,0.1671725,0.7073211,0.06613164
ALL_core_cancer_type_top95,tabpfn_v1,v1,train,3069,LUAD,LUAD,4,4,0.004507695,0.00025814233,0.0020058842,0.017090159,0.976138
ALL_core_cancer_type_top95,tabpfn_v1,v1,train,1197,BRCA,BRCA,0,0,0.9360662,0.0017768107,0.014801885,0.01905648,0.028298564
ALL_core_cancer_type_top95,tabpfn_v1,v1,train,3044,LUAD,LUAD,4,4,0.0010585682,0.00011954111,0.00046363586,0.004728815,0.9936294
ALL_core_cancer_type_top95,tabpfn_v1,v1,train,117,BRCA,HNSCC,0,2,0.27223447,0.0003321502,0.35120067,0.18775831,0.18847442
ALL_core_cancer_type_top95,tabpfn_v1,v1,train,2056,LSCC,HNSCC,3,2,0.27223447,0.0003321502,0.35120067,0.18775831,0.18847442
ALL_core_cancer_type_top95,tabpfn_v1,v1,train,2744,LUAD,LUAD,4,4,0.05068544,0.0009832296,0.010543456,0.19657122,0.7412166
ALL_core_cancer_type_top95,tabpfn_v1,v1,train,305,BRCA,BRCA,0,0,0.9902671,0.0001504833,0.002807693,0.003728978,0.00304573
ALL_core_cancer_type_top95,tabpfn_v1,v1,train,1362,ESCA,ESCA,1,1,0.00060359505,0.99173564,0.00531358,0.0018258378,0.0005213485
ALL_core_cancer_type_top95,tabpfn_v1,v1,train,292,BRCA,BRCA,0,0,0.46751612,0.037523266,0.18285292,0.26401338,0.048094403
ALL_core_cancer_type_top95,tabpfn_v1,v1,train,3179,LUAD,LUAD,4,4,0.0012372,0.00023300933,0.0008244775,0.0065880246,0.99111736
ALL_core_cancer_type_top95,tabpfn_v1,v1,train,1922,HNSCC,HNSCC,2,2,0.0032060968,0.0020453685,0.98478055,0.0073800553,0.0025879566
ALL_core_cancer_type_top95,tabpfn_v1,v1,train,190,BRCA,BRCA,0,0,0.99856526,3.702857e-05,0.00039232403,0.0003307725,0.0006746035
ALL_core_cancer_type_top95,tabpfn_v1,v1,train,335,BRCA,BRCA,0,0,0.89973414,0.0036021878,0.037163805,0.039152957,0.020346876
ALL_core_cancer_type_top95,tabpfn_v1,v1,train,2280,LSCC,LSCC,3,3,0.016133541,0.0012977143,0.01343388,0.82667893,0.142456
ALL_core_cancer_type_top95,tabpfn_v1,v1,train,1744,HNSCC,HNSCC,2,2,0.0016925683,0.007982258,0.9743328,0.014732471,0.0012598231
ALL_core_cancer_type_top95,tabpfn_v1,v1,train,65,BRCA,HNSCC,0,2,0.27223447,0.0003321502,0.35120067,0.18775831,0.18847442
ALL_core_cancer_type_top95,tabpfn_v1,v1,train,3108,LUAD,LUAD,4,4,0.0024198561,0.00011313102,0.0008875269,0.01805797,0.97852147
ALL_core_cancer_type_top95,tabpfn_v1,v1,train,12,BRCA,HNSCC,0,2,0.27223447,0.0003321502,0.35120067,0.18775831,0.18847442
ALL_core_cancer_type_top95,tabpfn_v1,v1,train,2168,LSCC,LSCC,3,3,0.018373907,0.0032595256,0.06629014,0.90034837,0.011728061
ALL_core_cancer_type_top95,tabpfn_v1,v1,train,2783,LUAD,LUAD,4,4,0.008572784,0.00057519,0.0018065842,0.00846847,0.98057705
ALL_core_cancer_type_top95,tabpfn_v1,v1,train,1375,ESCA,ESCA,1,1,0.00048327638,0.9958009,0.002400601,0.0008827293,0.00043248435
ALL_core_cancer_type_top95,tabpfn_v1,v1,train,2764,LUAD,LUAD,4,4,0.018629028,0.0021025122,0.012742595,0.3537629,0.6127629
ALL_core_cancer_type_top95,tabpfn_v1,v1,train,2681,LUAD,HNSCC,4,2,0.27223447,0.0003321502,0.35120067,0.18775831,0.18847442
ALL_core_cancer_type_top95,tabpfn_v1,v1,train,1868,HNSCC,HNSCC,2,2,0.014598755,0.020484658,0.836579,0.117063545,0.011274005
ALL_core_cancer_type_top95,tabpfn_v1,v1,train,1658,HNSCC,HNSCC,2,2,0.006551193,0.026743675,0.9237853,0.039024673,0.0038950995
ALL_core_cancer_type_top95,tabpfn_v1,v1,train,2394,LSCC,LSCC,3,3,0.3016487,0.011175019,0.13435395,0.36630175,0.18652055
ALL_core_cancer_type_top95,tabpfn_v1,v1,train,2852,LUAD,LUAD,4,4,0.002233601,0.0002342331,0.0006717841,0.0051987283,0.99166167
ALL_core_cancer_type_top95,tabpfn_v1,v1,train,1851,HNSCC,HNSCC,2,2,0.0018392149,0.0005341498,0.99050736,0.0059331926,0.001186027
ALL_core_cancer_type_top95,tabpfn_v1,v1,train,2412,LSCC,LSCC,3,3,0.017498221,0.003098709,0.11177252,0.8468137,0.020816932
ALL_core_cancer_type_top95,tabpfn_v1,v1,train,2822,LUAD,LUAD,4,4,0.020574404,0.0029610794,0.0060454453,0.019530587,0.9508885
ALL_core_cancer_type_top95,tabpfn_v1,v1,train,2075,LSCC,HNSCC,3,2,0.27223447,0.0003321502,0.35120067,0.18775831,0.18847442
ALL_core_cancer_type_top95,tabpfn_v1,v1,train,175,BRCA,BRCA,0,0,0.9972458,3.4862886e-05,0.0007552086,0.00065744197,0.0013065733
ALL_core_cancer_type_top95,tabpfn_v1,v1,train,1031,BRCA,BRCA,0,0,0.9933869,0.00015391555,0.002273409,0.0021670647,0.002018777
ALL_core_cancer_type_top95,tabpfn_v1,v1,train,2070,LSCC,HNSCC,3,2,0.27223447,0.0003321502,0.35120067,0.18775831,0.18847442
ALL_core_cancer_type_top95,tabpfn_v1,v1,train,2559,LSCC,LSCC,3,3,0.039871518,0.008356186,0.27025133,0.6462036,0.03531734
ALL_core_cancer_type_top95,tabpfn_v1,v1,train,1183,BRCA,BRCA,0,0,0.9919012,0.001639148,0.0025529861,0.0014788787,0.002427742
ALL_core_cancer_type_top95,tabpfn_v1,v1,train,240,BRCA,BRCA,0,0,0.99792224,2.9636605e-05,0.0007406354,0.0005961727,0.0007112175
ALL_core_cancer_type_top95,tabpfn_v1,v1,train,2503,LSCC,LSCC,3,3,0.012799543,0.0012355067,0.023123622,0.9441492,0.018692207
ALL_core_cancer_type_top95,tabpfn_v1,v1,train,2156,LSCC,LSCC,3,3,0.0013329128,0.0003836247,0.0063899416,0.9892147,0.0026788756
ALL_core_cancer_type_top95,tabpfn_v1,v1,train,1909,HNSCC,HNSCC,2,2,0.23983115,0.007295985,0.45771396,0.20595351,0.08920543
ALL_core_cancer_type_top95,tabpfn_v1,v1,train,2877,LUAD,LSCC,4,3,0.16681312,0.028940173,0.123838805,0.4351819,0.2452259
ALL_core_cancer_type_top95,tabpfn_v1,v1,train,2073,LSCC,HNSCC,3,2,0.27223447,0.0003321502,0.35120067,0.18775831,0.18847442
ALL_core_cancer_type_top95,tabpfn_v1,v1,train,1306,ESCA,ESCA,1,1,0.0036109504,0.9662516,0.021589132,0.006480054,0.0020682747
ALL_core_cancer_type_top95,tabpfn_v1,v1,train,2308,LSCC,LSCC,3,3,0.07674825,0.0031103909,0.07649048,0.78560024,0.058050644
ALL_core_cancer_type_top95,tabpfn_v1,v1,train,1690,HNSCC,HNSCC,2,2,0.01666847,0.0101604555,0.921245,0.043377258,0.008548846
ALL_core_cancer_type_top95,tabpfn_v1,v1,train,2841,LUAD,LUAD,4,4,0.0028444207,0.0001609231,0.00082861766,0.01194574,0.9842204
ALL_core_cancer_type_top95,tabpfn_v1,v1,train,2235,LSCC,LUAD,3,4,0.07103132,0.0019229187,0.028935004,0.3679934,0.5301173
ALL_core_cancer_type_top95,tabpfn_v1,v1,train,1494,HNSCC,HNSCC,2,2,0.27223447,0.0003321502,0.35120067,0.18775831,0.18847442
ALL_core_cancer_type_top95,tabpfn_v1,v1,train,912,BRCA,BRCA,0,0,0.80909455,0.006124327,0.0702264,0.07843793,0.036116768
ALL_core_cancer_type_top95,tabpfn_v1,v1,train,884,BRCA,BRCA,0,0,0.84097636,0.0021882919,0.038725477,0.058572445,0.059537392
ALL_core_cancer_type_top95,tabpfn_v1,v1,train,1768,HNSCC,HNSCC,2,2,0.0007983163,0.0032028037,0.9883958,0.0068608066,0.0007422143
ALL_core_cancer_type_top95,tabpfn_v1,v1,train,304,BRCA,BRCA,0,0,0.7465119,0.0072406908,0.072309814,0.104332194,0.06960541
ALL_core_cancer_type_top95,tabpfn_v1,v1,train,1291,ESCA,ESCA,1,1,0.11516647,0.5691272,0.17714074,0.08768587,0.0508797
ALL_core_cancer_type_top95,tabpfn_v1,v1,train,1182,BRCA,BRCA,0,0,0.9549595,0.005785649,0.013945184,0.011235723,0.014073938
ALL_core_cancer_type_top95,tabpfn_v1,v1,train,1469,HNSCC,HNSCC,2,2,0.27223447,0.0003321502,0.35120067,0.18775831,0.18847442
ALL_core_cancer_type_top95,tabpfn_v1,v1,train,208,BRCA,BRCA,0,0,0.99797195,4.0239884e-05,0.0006752319,0.00056426856,0.00074827054
ALL_core_cancer_type_top95,tabpfn_v1,v1,train,3167,LUAD,LUAD,4,4,0.0007852836,2.634598e-05,0.00025941172,0.0041837916,0.99474514
ALL_core_cancer_type_top95,tabpfn_v1,v1,train,3217,LUAD,LUAD,4,4,0.2064395,0.003991353,0.020871771,0.10615921,0.66253823
ALL_core_cancer_type_top95,tabpfn_v1,v1,train,3231,LUAD,LUAD,4,4,0.0013360707,5.402421e-05,0.00036568538,0.0075741285,0.9906702
ALL_core_cancer_type_top95,tabpfn_v1,v1,train,866,BRCA,BRCA,0,0,0.6067698,0.005024696,0.08155903,0.0934764,0.21317007
ALL_core_cancer_type_top95,tabpfn_v1,v1,train,2828,LUAD,LUAD,4,4,0.019740345,0.00094199844,0.0068239872,0.10136125,0.8711323
ALL_core_cancer_type_top95,tabpfn_v1,v1,train,658,BRCA,BRCA,0,0,0.39686307,0.016606111,0.26021218,0.26464477,0.061673895
ALL_core_cancer_type_top95,tabpfn_v1,v1,train,561,BRCA,BRCA,0,0,0.6442604,0.018125847,0.11173857,0.16866177,0.057213366
ALL_core_cancer_type_top95,tabpfn_v1,v1,train,3181,LUAD,LUAD,4,4,0.10500503,0.0030661356,0.01214162,0.031391915,0.8483952
ALL_core_cancer_type_top95,tabpfn_v1,v1,train,2221,LSCC,LSCC,3,3,0.19834244,0.005020155,0.07479659,0.62250125,0.09933957
ALL_core_cancer_type_top95,tabpfn_v1,v1,train,1224,ESCA,ESCA,1,1,0.03866633,0.8456806,0.071155116,0.03339632,0.011101573
ALL_core_cancer_type_top95,tabpfn_v1,v1,train,1699,HNSCC,HNSCC,2,2,0.106117845,0.008638605,0.74580944,0.09766864,0.04176547
ALL_core_cancer_type_top95,tabpfn_v1,v1,train,1447,HNSCC,HNSCC,2,2,0.27223447,0.0003321502,0.35120067,0.18775831,0.18847442
ALL_core_cancer_type_top95,tabpfn_v1,v1,train,221,BRCA,BRCA,0,0,0.6292717,0.015463702,0.10001678,0.1754795,0.07976824
ALL_core_cancer_type_top95,tabpfn_v1,v1,train,2474,LSCC,LSCC,3,3,0.04273838,0.00065745245,0.012887893,0.629317,0.31439918
ALL_core_cancer_type_top95,tabpfn_v1,v1,train,2784,LUAD,LUAD,4,4,0.071006946,0.0024041599,0.020029336,0.29256028,0.6139993
ALL_core_cancer_type_top95,tabpfn_v1,v1,train,1720,HNSCC,HNSCC,2,2,0.009162934,0.018946588,0.914683,0.05216215,0.0050453697
ALL_core_cancer_type_top95,tabpfn_v1,v1,train,1740,HNSCC,HNSCC,2,2,0.010859087,0.00198539,0.962523,0.019130401,0.005502212
ALL_core_cancer_type_top95,tabpfn_v1,v1,train,580,BRCA,BRCA,0,0,0.9975495,0.00025062895,0.00065281155,0.00043709527,0.0011099468
ALL_core_cancer_type_top95,tabpfn_v1,v1,train,1035,BRCA,BRCA,0,0,0.8784912,0.007883822,0.03525836,0.03574647,0.042620163
ALL_core_cancer_type_top95,tabpfn_v1,v1,train,2556,LSCC,LSCC,3,3,0.002588999,0.00036080778,0.010384736,0.9805047,0.006160737
ALL_core_cancer_type_top95,tabpfn_v1,v1,train,2624,LUAD,HNSCC,4,2,0.27223447,0.0003321502,0.35120067,0.18775831,0.18847442
ALL_core_cancer_type_top95,tabpfn_v1,v1,train,2856,LUAD,LUAD,4,4,0.011478212,0.00082565675,0.0058117285,0.059185605,0.9226988
ALL_core_cancer_type_top95,tabpfn_v1,v1,train,1401,HNSCC,HNSCC,2,2,0.27223447,0.0003321502,0.35120067,0.18775831,0.18847442
ALL_core_cancer_type_top95,tabpfn_v1,v1,train,2136,LSCC,LSCC,3,3,0.0028519465,0.0011846184,0.021538904,0.9682276,0.0061969217
ALL_core_cancer_type_top95,tabpfn_v1,v1,train,263,BRCA,BRCA,0,0,0.9715243,0.00069405197,0.0075723883,0.009456851,0.010752347
ALL_core_cancer_type_top95,tabpfn_v1,v1,train,2872,LUAD,LUAD,4,4,0.004711599,0.0002812764,0.0015757494,0.018185632,0.9752457
ALL_core_cancer_type_top95,tabpfn_v1,v1,train,2917,LUAD,LUAD,4,4,0.020242399,0.0002623275,0.002332484,0.0138929235,0.9632699
ALL_core_cancer_type_top95,tabpfn_v1,v1,train,2854,LUAD,LUAD,4,4,0.0032627466,0.0002855276,0.0011989059,0.018157728,0.977095
ALL_core_cancer_type_top95,tabpfn_v1,v1,train,1897,HNSCC,HNSCC,2,2,0.0011353107,0.0028637422,0.9903122,0.004841554,0.0008472156
ALL_core_cancer_type_top95,tabpfn_v1,v1,train,1232,ESCA,ESCA,1,1,0.020558927,0.94554204,0.02165759,0.0063168798,0.0059245043
ALL_core_cancer_type_top95,tabpfn_v1,v1,train,1011,BRCA,BRCA,0,0,0.9892075,0.0009643224,0.0030665528,0.0029818194,0.0037797347
ALL_core_cancer_type_top95,tabpfn_v1,v1,train,2258,LSCC,LSCC,3,3,0.040325016,0.007136277,0.12539035,0.7727353,0.054413
ALL_core_cancer_type_top95,tabpfn_v1,v1,train,2876,LUAD,LUAD,4,4,0.015981989,0.000634396,0.0069519626,0.23310934,0.7433223
ALL_core_cancer_type_top95,tabpfn_v1,v1,train,705,BRCA,BRCA,0,0,0.9981269,0.00013184512,0.00053572434,0.00036393036,0.0008416389
ALL_core_cancer_type_top95,tabpfn_v1,v1,train,1875,HNSCC,HNSCC,2,2,0.0077126315,0.022028923,0.9439697,0.02228592,0.0040027066
ALL_core_cancer_type_top95,tabpfn_v1,v1,train,1794,HNSCC,HNSCC,2,2,0.35805717,0.011687881,0.37380093,0.16582796,0.09062605
ALL_core_cancer_type_top95,tabpfn_v1,v1,train,2961,LUAD,LUAD,4,4,0.0016383075,0.00010427743,0.00042418178,0.00402383,0.9938094
ALL_core_cancer_type_top95,tabpfn_v1,v1,train,1919,HNSCC,HNSCC,2,2,0.026434612,0.002009165,0.7995028,0.15216056,0.019892858
ALL_core_cancer_type_top95,tabpfn_v1,v1,train,1029,BRCA,BRCA,0,0,0.99944955,4.7333047e-05,0.00016999943,8.32275e-05,0.00024985892
ALL_core_cancer_type_top95,tabpfn_v1,v1,train,250,BRCA,BRCA,0,0,0.73133236,0.024635255,0.09667738,0.1247486,0.022606453
ALL_core_cancer_type_top95,tabpfn_v1,v1,train,2178,LSCC,LSCC,3,3,0.0067947097,0.00082660816,0.008499634,0.92301565,0.060863487
ALL_core_cancer_type_top95,tabpfn_v1,v1,train,1956,HNSCC,HNSCC,2,2,0.0077641257,0.011962016,0.82489794,0.14878106,0.0065947794
ALL_core_cancer_type_top95,tabpfn_v1,v1,train,829,BRCA,BRCA,0,0,0.648484,0.008656122,0.12397915,0.12218868,0.09669202
ALL_core_cancer_type_top95,tabpfn_v1,v1,train,129,BRCA,BRCA,0,0,0.99888176,2.1814056e-05,0.0003875346,0.00024684533,0.00046198806
ALL_core_cancer_type_top95,tabpfn_v1,v1,train,3010,LUAD,LUAD,4,4,0.030584162,0.00044306047,0.0047607943,0.04285169,0.9213603
ALL_core_cancer_type_top95,tabpfn_v1,v1,train,207,BRCA,BRCA,0,0,0.9951645,0.000423263,0.00141576,0.00093713205,0.0020593018
ALL_core_cancer_type_top95,tabpfn_v1,v1,train,2724,LUAD,LUAD,4,4,0.00075978704,6.9880814e-05,0.00028053432,0.003009331,0.9958805
ALL_core_cancer_type_top95,tabpfn_v1,v1,train,2788,LUAD,LUAD,4,4,0.013408358,0.00038833314,0.0031382518,0.03863563,0.9444293
ALL_core_cancer_type_top95,tabpfn_v1,v1,train,353,BRCA,BRCA,0,0,0.9995466,4.439968e-05,0.00012252132,6.0608792e-05,0.00022586218
ALL_core_cancer_type_top95,tabpfn_v1,v1,train,2891,LUAD,LUAD,4,4,0.03034642,0.0014859228,0.002851606,0.011040209,0.9542758
ALL_core_cancer_type_top95,tabpfn_v1,v1,train,2062,LSCC,HNSCC,3,2,0.27223447,0.0003321502,0.35120067,0.18775831,0.18847442
ALL_core_cancer_type_top95,tabpfn_v1,v1,train,103,BRCA,HNSCC,0,2,0.27223447,0.0003321502,0.35120067,0.18775831,0.18847442
ALL_core_cancer_type_top95,tabpfn_v1,v1,train,2329,LSCC,LSCC,3,3,0.009043171,0.0012482158,0.0312293,0.9456221,0.0128571475
ALL_core_cancer_type_top95,tabpfn_v1,v1,train,2367,LSCC,LSCC,3,3,0.05726405,0.0010943665,0.0213284,0.7750211,0.14529213
ALL_core_cancer_type_top95,tabpfn_v1,v1,train,2881,LUAD,LSCC,4,3,0.10893131,0.011487637,0.060132317,0.43892372,0.38052502
ALL_core_cancer_type_top95,tabpfn_v1,v1,train,1094,BRCA,BRCA,0,0,0.98742396,0.0011798942,0.0042112973,0.0033956573,0.0037891862
ALL_core_cancer_type_top95,tabpfn_v1,v1,train,2648,LUAD,HNSCC,4,2,0.27223447,0.0003321502,0.35120067,0.18775831,0.18847442
ALL_core_cancer_type_top95,tabpfn_v1,v1,train,412,BRCA,BRCA,0,0,0.9607522,0.008837984,0.008952838,0.009259354,0.012197674
ALL_core_cancer_type_top95,tabpfn_v1,v1,train,3110,LUAD,LUAD,4,4,0.027488932,0.0003147252,0.0012097706,0.011024383,0.9599621
ALL_core_cancer_type_top95,tabpfn_v1,v1,train,1370,ESCA,ESCA,1,1,0.0009956632,0.9806276,0.013062078,0.0046508876,0.0006637935
ALL_core_cancer_type_top95,tabpfn_v1,v1,train,1820,HNSCC,HNSCC,2,2,0.0072743963,0.014475829,0.9623913,0.012372513,0.003485959
ALL_core_cancer_type_top95,tabpfn_v1,v1,train,195,BRCA,BRCA,0,0,0.99486214,0.00020780097,0.0016017513,0.0012300832,0.0020982684
ALL_core_cancer_type_top95,tabpfn_v1,v1,train,284,BRCA,BRCA,0,0,0.800589,0.0047453507,0.06368431,0.09504585,0.035935435
ALL_core_cancer_type_top95,tabpfn_v1,v1,train,990,BRCA,BRCA,0,0,0.99978834,1.0297061e-05,6.660788e-05,3.3332293e-05,0.000101467966
ALL_core_cancer_type_top95,tabpfn_v1,v1,train,1334,ESCA,BRCA,1,0,0.35341153,0.025640128,0.18048592,0.30132613,0.1391363
ALL_core_cancer_type_top95,tabpfn_v1,v1,train,2494,LSCC,LSCC,3,3,0.021243617,0.0016397414,0.030812634,0.9239494,0.022354571
ALL_core_cancer_type_top95,tabpfn_v1,v1,train,1106,BRCA,BRCA,0,0,0.6061544,0.004646505,0.094865866,0.20112288,0.093210384
ALL_core_cancer_type_top95,tabpfn_v1,v1,train,1747,HNSCC,HNSCC,2,2,0.009071888,0.007018236,0.9530093,0.026297411,0.004603137
ALL_core_cancer_type_top95,tabpfn_v1,v1,train,2364,LSCC,LSCC,3,3,0.054314133,0.005114038,0.10724971,0.6929123,0.14040989
ALL_core_cancer_type_top95,tabpfn_v1,v1,train,2987,LUAD,LUAD,4,4,0.0064534657,0.0003978032,0.0016282424,0.016143192,0.9753773
ALL_core_cancer_type_top95,tabpfn_v1,v1,train,1957,HNSCC,HNSCC,2,2,0.082273334,0.009746404,0.74731416,0.113009155,0.047656987
ALL_core_cancer_type_top95,tabpfn_v1,v1,train,3122,LUAD,LUAD,4,4,0.006887023,0.00030670105,0.0019762856,0.014905877,0.9759241
ALL_core_cancer_type_top95,tabpfn_v1,v1,train,271,BRCA,BRCA,0,0,0.99940836,3.6461348e-05,0.0001873417,9.8093544e-05,0.00026979955
ALL_core_cancer_type_top95,tabpfn_v1,v1,train,2827,LUAD,LUAD,4,4,0.00635938,0.00033486003,0.0035280026,0.1434402,0.8463376
ALL_core_cancer_type_top95,tabpfn_v1,v1,train,2942,LUAD,LUAD,4,4,0.004868353,0.00031384057,0.0028223358,0.07439574,0.9175997
ALL_core_cancer_type_top95,tabpfn_v1,v1,train,765,BRCA,BRCA,0,0,0.8736134,0.0060333586,0.038863733,0.04676073,0.03472887
ALL_core_cancer_type_top95,tabpfn_v1,v1,train,1039,BRCA,BRCA,0,0,0.99337184,0.00048406472,0.0023125769,0.0013447942,0.0024866646
ALL_core_cancer_type_top95,tabpfn_v1,v1,train,2716,LUAD,HNSCC,4,2,0.27223447,0.0003321502,0.35120067,0.18775831,0.18847442
ALL_core_cancer_type_top95,tabpfn_v1,v1,train,2028,LSCC,HNSCC,3,2,0.27223447,0.0003321502,0.35120067,0.18775831,0.18847442
ALL_core_cancer_type_top95,tabpfn_v1,v1,train,1244,ESCA,ESCA,1,1,0.001460924,0.992827,0.0032499195,0.0013252692,0.0011369771
ALL_core_cancer_type_top95,tabpfn_v1,v1,train,908,BRCA,BRCA,0,0,0.9940912,0.0004854174,0.001862479,0.0016407432,0.0019200956
ALL_core_cancer_type_top95,tabpfn_v1,v1,train,808,BRCA,BRCA,0,0,0.9785081,0.00049515784,0.005838385,0.0076352498,0.007523005
ALL_core_cancer_type_top95,tabpfn_v1,v1,train,1492,HNSCC,HNSCC,2,2,0.27223447,0.0003321502,0.35120067,0.18775831,0.18847442
ALL_core_cancer_type_top95,tabpfn_v1,v1,train,1695,HNSCC,HNSCC,2,2,0.007255074,0.020601947,0.9492254,0.018912168,0.0040054023
ALL_core_cancer_type_top95,tabpfn_v1,v1,train,2306,LSCC,LSCC,3,3,0.02879594,0.002644151,0.02400512,0.86237335,0.08218142
ALL_core_cancer_type_top95,tabpfn_v1,v1,train,1239,ESCA,ESCA,1,1,0.00046229953,0.9914663,0.0060649584,0.001557865,0.0004486022
ALL_core_cancer_type_top95,tabpfn_v1,v1,train,1674,HNSCC,HNSCC,2,2,0.11545744,0.026196532,0.6077455,0.20083104,0.049769457
ALL_core_cancer_type_top95,tabpfn_v1,v1,train,606,BRCA,BRCA,0,0,0.8476725,0.0064171664,0.050035994,0.069108285,0.02676601
ALL_core_cancer_type_top95,tabpfn_v1,v1,train,2067,LSCC,HNSCC,3,2,0.27223447,0.0003321502,0.35120067,0.18775831,0.18847442
ALL_core_cancer_type_top95,tabpfn_v1,v1,train,1652,HNSCC,HNSCC,2,2,0.011032198,0.0020202314,0.9027037,0.073672764,0.01057105
ALL_core_cancer_type_top95,tabpfn_v1,v1,train,2419,LSCC,LSCC,3,3,0.013662224,0.0015883847,0.04371162,0.8843021,0.056735657
ALL_core_cancer_type_top95,tabpfn_v1,v1,train,722,BRCA,BRCA,0,0,0.9962113,9.666306e-05,0.0009983293,0.0009611795,0.001732609
ALL_core_cancer_type_top95,tabpfn_v1,v1,train,2040,LSCC,HNSCC,3,2,0.27223447,0.0003321502,0.35120067,0.18775831,0.18847442
ALL_core_cancer_type_top95,tabpfn_v1,v1,train,2466,LSCC,LSCC,3,3,0.024156103,0.0028641927,0.15314679,0.76148,0.05835299
ALL_core_cancer_type_top95,tabpfn_v1,v1,train,1431,HNSCC,HNSCC,2,2,0.27223447,0.0003321502,0.35120067,0.18775831,0.18847442
ALL_core_cancer_type_top95,tabpfn_v1,v1,train,526,BRCA,BRCA,0,0,0.9966298,0.0002677803,0.00094248797,0.0006506032,0.0015092978
ALL_core_cancer_type_top95,tabpfn_v1,v1,train,1590,HNSCC,HNSCC,2,2,0.019122332,0.016549904,0.93038946,0.025371684,0.008566597
ALL_core_cancer_type_top95,tabpfn_v1,v1,train,2742,LUAD,LUAD,4,4,0.15570088,0.006024312,0.057391565,0.37805554,0.40282777
ALL_core_cancer_type_top95,tabpfn_v1,v1,train,1317,ESCA,ESCA,1,1,0.007164544,0.9353596,0.039287176,0.012814072,0.0053745536
ALL_core_cancer_type_top95,tabpfn_v1,v1,train,99,BRCA,HNSCC,0,2,0.27223447,0.0003321502,0.35120067,0.18775831,0.18847442
ALL_core_cancer_type_top95,tabpfn_v1,v1,train,15,BRCA,HNSCC,0,2,0.27223447,0.0003321502,0.35120067,0.18775831,0.18847442
ALL_core_cancer_type_top95,tabpfn_v1,v1,train,1670,HNSCC,HNSCC,2,2,0.2665214,0.020039828,0.5223939,0.10979411,0.08125079
ALL_core_cancer_type_top95,tabpfn_v1,v1,train,1105,BRCA,BRCA,0,0,0.9973551,5.4928674e-05,0.0007397466,0.00070837507,0.0011418957
ALL_core_cancer_type_top95,tabpfn_v1,v1,train,2331,LSCC,LSCC,3,3,0.115432814,0.0017750075,0.03366907,0.79251665,0.05660648
ALL_core_cancer_type_top95,tabpfn_v1,v1,train,1405,HNSCC,HNSCC,2,2,0.27223447,0.0003321502,0.35120067,0.18775831,0.18847442
ALL_core_cancer_type_top95,tabpfn_v1,v1,train,3159,LUAD,LUAD,4,4,0.004322073,0.00043812668,0.0010944025,0.003982358,0.9901631
ALL_core_cancer_type_top95,tabpfn_v1,v1,train,2612,LSCC,LSCC,3,3,0.008690273,0.0011889971,0.01528713,0.9618,0.01303364
ALL_core_cancer_type_top95,tabpfn_v1,v1,train,2182,LSCC,LSCC,3,3,0.07238713,0.0025898407,0.042811356,0.7056614,0.17655024
ALL_core_cancer_type_top95,tabpfn_v1,v1,train,1128,BRCA,BRCA,0,0,0.99205023,0.00036072038,0.0023437974,0.0018483868,0.003396853
ALL_core_cancer_type_top95,tabpfn_v1,v1,train,1462,HNSCC,HNSCC,2,2,0.27223447,0.0003321502,0.35120067,0.18775831,0.18847442
ALL_core_cancer_type_top95,tabpfn_v1,v1,train,1376,ESCA,ESCA,1,1,0.033638008,0.5554985,0.25229132,0.1412811,0.017291069
ALL_core_cancer_type_top95,tabpfn_v1,v1,train,2728,LUAD,LUAD,4,4,0.038912572,0.0004739199,0.0057312683,0.042917114,0.9119652
ALL_core_cancer_type_top95,tabpfn_v1,v1,train,3022,LUAD,LUAD,4,4,0.0074972124,0.00031478785,0.0017902079,0.013676232,0.97672164
ALL_core_cancer_type_top95,tabpfn_v1,v1,train,2720,LUAD,HNSCC,4,2,0.27223447,0.0003321502,0.35120067,0.18775831,0.18847442
ALL_core_cancer_type_top95,tabpfn_v1,v1,train,325,BRCA,BRCA,0,0,0.9305128,0.0031060793,0.019352963,0.030818874,0.016209265
ALL_core_cancer_type_top95,tabpfn_v1,v1,train,2555,LSCC,LSCC,3,3,0.06308858,0.0030713133,0.0735268,0.82125074,0.03906251
ALL_core_cancer_type_top95,tabpfn_v1,v1,train,1894,HNSCC,HNSCC,2,2,0.003426569,0.0050863503,0.9738129,0.015160582,0.0025135726
ALL_core_cancer_type_top95,tabpfn_v1,v1,train,2821,LUAD,LUAD,4,4,0.010597633,0.0015171609,0.0043637557,0.02479746,0.9587239
ALL_core_cancer_type_top95,tabpfn_v1,v1,train,2913,LUAD,LUAD,4,4,0.0041191224,0.00017682913,0.0012268974,0.017660888,0.9768163
ALL_core_cancer_type_top95,tabpfn_v1,v1,train,339,BRCA,BRCA,0,0,0.99811375,4.848291e-05,0.0006039478,0.00044333623,0.0007905023
ALL_core_cancer_type_top95,tabpfn_v1,v1,train,2639,LUAD,HNSCC,4,2,0.27223447,0.0003321502,0.35120067,0.18775831,0.18847442
ALL_core_cancer_type_top95,tabpfn_v1,v1,train,2105,LSCC,HNSCC,3,2,0.27223447,0.0003321502,0.35120067,0.18775831,0.18847442
ALL_core_cancer_type_top95,tabpfn_v1,v1,train,998,BRCA,BRCA,0,0,0.9985268,6.222806e-05,0.00050911435,0.00031023895,0.00059158413
ALL_core_cancer_type_top95,tabpfn_v1,v1,train,743,BRCA,BRCA,0,0,0.95942986,0.0009086865,0.012640986,0.016616222,0.010404226
ALL_core_cancer_type_top95,tabpfn_v1,v1,train,2277,LSCC,LSCC,3,3,0.00066429196,0.00018417426,0.0035301263,0.9941116,0.0015097617
ALL_core_cancer_type_top95,tabpfn_v1,v1,train,1592,HNSCC,HNSCC,2,2,0.0010691087,0.002429929,0.98696554,0.0085466895,0.0009886932
ALL_core_cancer_type_top95,tabpfn_v1,v1,train,141,BRCA,LSCC,0,3,0.31530324,0.014125035,0.11531434,0.3301431,0.22511432
ALL_core_cancer_type_top95,tabpfn_v1,v1,train,1089,BRCA,BRCA,0,0,0.97659874,0.0062442375,0.0063628536,0.0037565706,0.0070377053
ALL_core_cancer_type_top95,tabpfn_v1,v1,train,1463,HNSCC,HNSCC,2,2,0.27223447,0.0003321502,0.35120067,0.18775831,0.18847442
ALL_core_cancer_type_top95,tabpfn_v1,v1,train,2729,LUAD,LSCC,4,3,0.028065868,0.007352858,0.035660733,0.4756521,0.4532685
ALL_core_cancer_type_top95,tabpfn_v1,v1,train,1152,BRCA,BRCA,0,0,0.9845627,0.00038322766,0.0041379314,0.004890696,0.006025342
ALL_core_cancer_type_top95,tabpfn_v1,v1,train,2658,LUAD,HNSCC,4,2,0.27223447,0.0003321502,0.35120067,0.18775831,0.18847442
ALL_core_cancer_type_top95,tabpfn_v1,v1,train,436,BRCA,BRCA,0,0,0.9814031,0.0003833174,0.0041444483,0.005012473,0.009056616
ALL_core_cancer_type_top95,tabpfn_v1,v1,train,2984,LUAD,LUAD,4,4,0.0011600251,8.291084e-05,0.0002572514,0.002361862,0.9961379
ALL_core_cancer_type_top95,tabpfn_v1,v1,train,1226,ESCA,ESCA,1,1,0.0652902,0.74272585,0.122410566,0.026400134,0.043173272
ALL_core_cancer_type_top95,tabpfn_v1,v1,train,1352,ESCA,ESCA,1,1,0.23079835,0.3684468,0.1483125,0.13952433,0.11291809
ALL_core_cancer_type_top95,tabpfn_v1,v1,train,850,BRCA,BRCA,0,0,0.99636036,0.0005156383,0.0011183128,0.0007253484,0.0012804328
ALL_core_cancer_type_top95,tabpfn_v1,v1,train,1140,BRCA,BRCA,0,0,0.9929732,0.00039684543,0.0020693315,0.0015711131,0.0029894607
ALL_core_cancer_type_top95,tabpfn_v1,v1,train,1597,HNSCC,HNSCC,2,2,0.0014848037,0.0012904837,0.9899967,0.0062090373,0.0010190357
ALL_core_cancer_type_top95,tabpfn_v1,v1,train,1593,HNSCC,HNSCC,2,2,0.035768732,0.0034996634,0.6640504,0.264963,0.031718235
ALL_core_cancer_type_top95,tabpfn_v1,v1,train,2608,LSCC,LSCC,3,3,0.027252313,0.0005540237,0.0070234924,0.65285,0.31232017
ALL_core_cancer_type_top95,tabpfn_v1,v1,train,2807,LUAD,LUAD,4,4,0.07249133,0.007843684,0.025317427,0.06495139,0.8293961
ALL_core_cancer_type_top95,tabpfn_v1,v1,train,746,BRCA,BRCA,0,0,0.991653,0.0001366298,0.002377118,0.0023284517,0.0035046446
ALL_core_cancer_type_top95,tabpfn_v1,v1,train,3195,LUAD,LUAD,4,4,0.0010051847,5.0896848e-05,0.0002529777,0.003281741,0.9954092
ALL_core_cancer_type_top95,tabpfn_v1,v1,train,3111,LUAD,LUAD,4,4,0.028484454,0.003195705,0.011603148,0.07383791,0.88287884
ALL_core_cancer_type_top95,tabpfn_v1,v1,train,27,BRCA,HNSCC,0,2,0.27223447,0.0003321502,0.35120067,0.18775831,0.18847442
ALL_core_cancer_type_top95,tabpfn_v1,v1,train,2046,LSCC,HNSCC,3,2,0.27223447,0.0003321502,0.35120067,0.18775831,0.18847442
ALL_core_cancer_type_top95,tabpfn_v1,v1,train,422,BRCA,BRCA,0,0,0.8214391,0.0029309315,0.046801172,0.07231184,0.0565169
ALL_core_cancer_type_top95,tabpfn_v1,v1,train,2248,LSCC,LSCC,3,3,0.016661752,0.0016395013,0.024422022,0.9295586,0.02771817
ALL_core_cancer_type_top95,tabpfn_v1,v1,train,1433,HNSCC,HNSCC,2,2,0.27223447,0.0003321502,0.35120067,0.18775831,0.18847442
ALL_core_cancer_type_top95,tabpfn_v1,v1,train,3005,LUAD,LUAD,4,4,0.0050215316,0.0001845172,0.0012862796,0.009730247,0.9837774
ALL_core_cancer_type_top95,tabpfn_v1,v1,train,3224,LUAD,LUAD,4,4,0.020307867,0.001285733,0.010357461,0.0800416,0.8880074
ALL_core_cancer_type_top95,tabpfn_v1,v1,train,1361,ESCA,ESCA,1,1,0.0010280209,0.95728564,0.029659547,0.010694499,0.0013322904
ALL_core_cancer_type_top95,tabpfn_v1,v1,train,333,BRCA,BRCA,0,0,0.8414537,0.0030415806,0.013603348,0.0206855,0.121215954
ALL_core_cancer_type_top95,tabpfn_v1,v1,train,2458,LSCC,LSCC,3,3,0.016397115,0.0037750392,0.039622303,0.9325384,0.0076671652
ALL_core_cancer_type_top95,tabpfn_v1,v1,train,716,BRCA,BRCA,0,0,0.99699867,0.00021296316,0.00078737224,0.0006715655,0.0013294531
ALL_core_cancer_type_top95,tabpfn_v1,v1,train,847,BRCA,BRCA,0,0,0.98143137,0.0006308845,0.0041492875,0.0055611734,0.008227327
ALL_core_cancer_type_top95,tabpfn_v1,v1,train,2220,LSCC,LSCC,3,3,0.0071591306,0.0008453343,0.01833839,0.9616504,0.0120067205
ALL_core_cancer_type_top95,tabpfn_v1,v1,train,62,BRCA,HNSCC,0,2,0.27223447,0.0003321502,0.35120067,0.18775831,0.18847442
ALL_core_cancer_type_top95,tabpfn_v1,v1,train,1766,HNSCC,HNSCC,2,2,0.0012425414,0.0044426755,0.9807953,0.012620491,0.0008989702
ALL_core_cancer_type_top95,tabpfn_v1,v1,train,2534,LSCC,LSCC,3,3,0.011181264,0.0004908825,0.006082526,0.84519666,0.1370487
ALL_core_cancer_type_top95,tabpfn_v1,v1,train,2518,LSCC,LSCC,3,3,0.020473141,0.0017539039,0.04246019,0.9047023,0.030610455
ALL_core_cancer_type_top95,tabpfn_v1,v1,train,3072,LUAD,LUAD,4,4,0.0026002761,0.00019783263,0.0006902931,0.0055104448,0.9910012
ALL_core_cancer_type_top95,tabpfn_v1,v1,train,1122,BRCA,BRCA,0,0,0.9675456,0.00044843872,0.010633865,0.010443181,0.0109289335
ALL_core_cancer_type_top95,tabpfn_v1,v1,train,135,BRCA,BRCA,0,0,0.96685165,0.0032467667,0.0106886905,0.008014265,0.011198681
ALL_core_cancer_type_top95,tabpfn_v1,v1,train,429,BRCA,BRCA,0,0,0.99897873,2.937384e-05,0.00030784708,0.0002440765,0.00044001365
ALL_core_cancer_type_top95,tabpfn_v1,v1,train,3140,LUAD,LUAD,4,4,0.008390965,0.0004647822,0.0032609203,0.042586535,0.94529676
ALL_core_cancer_type_top95,tabpfn_v1,v1,train,2510,LSCC,LSCC,3,3,0.052282307,0.0013255967,0.046386033,0.80704916,0.092956915
ALL_core_cancer_type_top95,tabpfn_v1,v1,train,326,BRCA,BRCA,0,0,0.6780213,0.0032084596,0.07753913,0.15152094,0.08971017
ALL_core_cancer_type_top95,tabpfn_v1,v1,train,1987,HNSCC,BRCA,2,0,0.464059,0.033585366,0.18876868,0.17905825,0.13452862
ALL_core_cancer_type_top95,tabpfn_v1,v1,train,1939,HNSCC,HNSCC,2,2,0.062341962,0.018277774,0.57133466,0.30567634,0.04236928
ALL_core_cancer_type_top95,tabpfn_v1,v1,train,2430,LSCC,LSCC,3,3,0.070174836,0.017588215,0.30321795,0.54915494,0.05986413
ALL_core_cancer_type_top95,tabpfn_v1,v1,train,1588,HNSCC,HNSCC,2,2,0.0038524838,0.0012129495,0.9825033,0.010347808,0.0020834901
ALL_core_cancer_type_top95,tabpfn_v1,v1,train,1385,ESCA,ESCA,1,1,0.002395695,0.95717204,0.026727684,0.012454337,0.001250251
ALL_core_cancer_type_top95,tabpfn_v1,v1,train,989,BRCA,BRCA,0,0,0.9775294,0.0006664419,0.0062161954,0.0052655633,0.010322366
ALL_core_cancer_type_top95,tabpfn_v1,v1,train,3007,LUAD,LUAD,4,4,0.0011644593,8.829403e-05,0.00049389206,0.00805187,0.99020153
ALL_core_cancer_type_top95,tabpfn_v1,v1,train,622,BRCA,BRCA,0,0,0.9952361,0.00026269784,0.0013658842,0.00074268214,0.0023926757
ALL_core_cancer_type_top95,tabpfn_v1,v1,train,2034,LSCC,HNSCC,3,2,0.27223447,0.0003321502,0.35120067,0.18775831,0.18847442
ALL_core_cancer_type_top95,tabpfn_v1,v1,train,1378,ESCA,ESCA,1,1,0.0002968938,0.9955799,0.0029021057,0.0009394676,0.00028158166
ALL_core_cancer_type_top95,tabpfn_v1,v1,train,1143,BRCA,BRCA,0,0,0.96694374,0.0011438577,0.0082184095,0.009675063,0.014018923
ALL_core_cancer_type_top95,tabpfn_v1,v1,train,1047,BRCA,BRCA,0,0,0.9954131,0.00012088653,0.0010624297,0.00083426136,0.0025693837
ALL_core_cancer_type_top95,tabpfn_v1,v1,train,2111,LSCC,HNSCC,3,2,0.27223447,0.0003321502,0.35120067,0.18775831,0.18847442
ALL_core_cancer_type_top95,tabpfn_v1,v1,train,475,BRCA,BRCA,0,0,0.9881726,0.00049117906,0.0034229693,0.002636953,0.005276228
ALL_core_cancer_type_top95,tabpfn_v1,v1,train,516,BRCA,BRCA,0,0,0.66161644,0.023257958,0.12855092,0.1081813,0.07839336
ALL_core_cancer_type_top95,tabpfn_v1,v1,train,1067,BRCA,BRCA,0,0,0.9925102,0.00041414596,0.0021178809,0.002663837,0.0022939008
ALL_core_cancer_type_top95,tabpfn_v1,v1,train,2307,LSCC,LSCC,3,3,0.19090834,0.006390311,0.16010556,0.5305303,0.11206551
ALL_core_cancer_type_top95,tabpfn_v1,v1,train,481,BRCA,BRCA,0,0,0.9980932,8.819303e-05,0.0005042357,0.00033021442,0.0009840784
ALL_core_cancer_type_top95,tabpfn_v1,v1,train,959,BRCA,BRCA,0,0,0.9923781,0.00019196497,0.0019582817,0.0019787801,0.0034929991
ALL_core_cancer_type_top95,tabpfn_v1,v1,train,2074,LSCC,HNSCC,3,2,0.27223447,0.0003321502,0.35120067,0.18775831,0.18847442
ALL_core_cancer_type_top95,tabpfn_v1,v1,train,460,BRCA,BRCA,0,0,0.9942152,0.00055777753,0.0014947378,0.00107922,0.00265306
ALL_core_cancer_type_top95,tabpfn_v1,v1,train,2140,LSCC,LSCC,3,3,0.012355365,0.0021674074,0.06798902,0.8862339,0.031254195
ALL_core_cancer_type_top95,tabpfn_v1,v1,train,2921,LUAD,LUAD,4,4,0.001272413,6.546938e-05,0.00033768005,0.004213787,0.99411064
ALL_core_cancer_type_top95,tabpfn_v1,v1,train,962,BRCA,BRCA,0,0,0.97850513,0.00045237673,0.007155142,0.0068333927,0.007053983
ALL_core_cancer_type_top95,tabpfn_v1,v1,train,2948,LUAD,LUAD,4,4,0.018299224,0.0005326134,0.00470701,0.028397843,0.9480634
ALL_core_cancer_type_top95,tabpfn_v1,v1,train,380,BRCA,BRCA,0,0,0.99535346,0.00016499076,0.0012498733,0.0013423272,0.001889383
ALL_core_cancer_type_top95,tabpfn_v1,v1,train,2934,LUAD,LUAD,4,4,0.0978529,0.004202335,0.016875144,0.06819271,0.8128769
ALL_core_cancer_type_top95,tabpfn_v1,v1,train,46,BRCA,HNSCC,0,2,0.27223447,0.0003321502,0.35120067,0.18775831,0.18847442
ALL_core_cancer_type_top95,tabpfn_v1,v1,train,997,BRCA,BRCA,0,0,0.9888573,0.0005397937,0.002168617,0.0026231974,0.0058110524
ALL_core_cancer_type_top95,tabpfn_v1,v1,train,196,BRCA,BRCA,0,0,0.99633324,8.924117e-05,0.0010502556,0.00081006024,0.0017170716
ALL_core_cancer_type_top95,tabpfn_v1,v1,train,2646,LUAD,HNSCC,4,2,0.27223447,0.0003321502,0.35120067,0.18775831,0.18847442
ALL_core_cancer_type_top95,tabpfn_v1,v1,train,970,BRCA,BRCA,0,0,0.9975988,3.443485e-05,0.0007249333,0.0006064723,0.001035311
ALL_core_cancer_type_top95,tabpfn_v1,v1,train,2335,LSCC,LSCC,3,3,0.0065693157,0.0002596191,0.0036127828,0.95303833,0.036519974
ALL_core_cancer_type_top95,tabpfn_v1,v1,train,994,BRCA,BRCA,0,0,0.34181696,0.0653481,0.23033701,0.295156,0.06734191
ALL_core_cancer_type_top95,tabpfn_v1,v1,train,676,BRCA,BRCA,0,0,0.99244094,0.00030189252,0.0018065135,0.0015601981,0.0038904706
ALL_core_cancer_type_top95,tabpfn_v1,v1,train,2366,LSCC,HNSCC,3,2,0.12567297,0.008817059,0.47231814,0.29767728,0.095514506
ALL_core_cancer_type_top95,tabpfn_v1,v1,train,2532,LSCC,LSCC,3,3,0.02365809,0.000759582,0.013372411,0.49565536,0.46655455
ALL_core_cancer_type_top95,tabpfn_v1,v1,train,318,BRCA,BRCA,0,0,0.9935754,0.00028872708,0.0017037815,0.0014763336,0.0029557534
ALL_core_cancer_type_top95,tabpfn_v1,v1,train,1932,HNSCC,HNSCC,2,2,0.0008721681,0.0053003924,0.9895593,0.0036391928,0.0006288944
ALL_core_cancer_type_top95,tabpfn_v1,v1,train,1861,HNSCC,HNSCC,2,2,0.047057733,0.0060151014,0.5862572,0.31690437,0.043765616
ALL_core_cancer_type_top95,tabpfn_v1,v1,train,2011,HNSCC,HNSCC,2,2,0.010059538,0.012413896,0.8152708,0.1541428,0.008113031
ALL_core_cancer_type_top95,tabpfn_v1,v1,train,576,BRCA,BRCA,0,0,0.98758113,0.000309823,0.0033159954,0.0036759176,0.0051172185
ALL_core_cancer_type_top95,tabpfn_v1,v1,train,273,BRCA,BRCA,0,0,0.99742496,0.00029581963,0.0007291487,0.00048556327,0.0010645713
ALL_core_cancer_type_top95,tabpfn_v1,v1,train,753,BRCA,BRCA,0,0,0.99497664,0.00050036696,0.0014363712,0.0010051676,0.0020815227
ALL_core_cancer_type_top95,tabpfn_v1,v1,train,1666,HNSCC,HNSCC,2,2,0.07575434,0.004543248,0.65467185,0.22836164,0.036669
ALL_core_cancer_type_top95,tabpfn_v1,v1,train,2300,LSCC,LSCC,3,3,0.008005772,0.0015683571,0.021369833,0.9572056,0.011850442
ALL_core_cancer_type_top95,tabpfn_v1,v1,train,1459,HNSCC,HNSCC,2,2,0.27223447,0.0003321502,0.35120067,0.18775831,0.18847442
ALL_core_cancer_type_top95,tabpfn_v1,v1,train,2284,LSCC,LSCC,3,3,0.012497922,0.0007775808,0.01216171,0.94335353,0.03120923
ALL_core_cancer_type_top95,tabpfn_v1,v1,train,1508,HNSCC,HNSCC,2,2,0.21167183,0.063617274,0.4941285,0.15215468,0.078427665
ALL_core_cancer_type_top95,tabpfn_v1,v1,train,3211,LUAD,LUAD,4,4,0.10552088,0.0016807561,0.032800235,0.04480198,0.81519616
ALL_core_cancer_type_top95,tabpfn_v1,v1,train,2097,LSCC,HNSCC,3,2,0.27223447,0.0003321502,0.35120067,0.18775831,0.18847442
ALL_core_cancer_type_top95,tabpfn_v1,v1,train,1458,HNSCC,HNSCC,2,2,0.27223447,0.0003321502,0.35120067,0.18775831,0.18847442
ALL_core_cancer_type_top95,tabpfn_v1,v1,train,1552,HNSCC,HNSCC,2,2,0.03115506,0.01573624,0.87123764,0.06681081,0.015060262
ALL_core_cancer_type_top95,tabpfn_v1,v1,train,1446,HNSCC,HNSCC,2,2,0.27223447,0.0003321502,0.35120067,0.18775831,0.18847442
ALL_core_cancer_type_top95,tabpfn_v1,v1,train,7,BRCA,HNSCC,0,2,0.27223447,0.0003321502,0.35120067,0.18775831,0.18847442
ALL_core_cancer_type_top95,tabpfn_v1,v1,train,2544,LSCC,LSCC,3,3,0.045360036,0.009808831,0.2606133,0.6510255,0.03319238
ALL_core_cancer_type_top95,tabpfn_v1,v1,train,3151,LUAD,LUAD,4,4,0.0043734903,0.00027402752,0.0014844504,0.017570555,0.9762975
ALL_core_cancer_type_top95,tabpfn_v1,v1,train,2320,LSCC,LSCC,3,3,0.0017337069,0.00023422594,0.002993595,0.9883327,0.0067057856
ALL_core_cancer_type_top95,tabpfn_v1,v1,train,660,BRCA,BRCA,0,0,0.98758763,0.0007419636,0.004691857,0.0030878393,0.0038907174
ALL_core_cancer_type_top95,tabpfn_v1,v1,train,2605,LSCC,LSCC,3,3,0.00034829217,0.0001859099,0.002190244,0.9959919,0.0012836619
ALL_core_cancer_type_top95,tabpfn_v1,v1,train,3189,LUAD,LUAD,4,4,0.023662709,0.0041076564,0.017381748,0.06412088,0.8907269
ALL_core_cancer_type_top95,tabpfn_v1,v1,train,1562,HNSCC,HNSCC,2,2,0.00064710085,0.0013623717,0.9932586,0.00427476,0.00045714842
ALL_core_cancer_type_top95,tabpfn_v1,v1,train,888,BRCA,BRCA,0,0,0.9855847,0.001836962,0.0034348145,0.003135406,0.0060080728
ALL_core_cancer_type_top95,tabpfn_v1,v1,train,2096,LSCC,HNSCC,3,2,0.27223447,0.0003321502,0.35120067,0.18775831,0.18847442
ALL_core_cancer_type_top95,tabpfn_v1,v1,train,2762,LUAD,LUAD,4,4,0.0023511725,0.00012295393,0.00078339456,0.013097669,0.9836447
ALL_core_cancer_type_top95,tabpfn_v1,v1,train,3158,LUAD,LUAD,4,4,0.060135216,0.0005996756,0.004855832,0.02388812,0.9105212
ALL_core_cancer_type_top95,tabpfn_v1,v1,train,1483,HNSCC,HNSCC,2,2,0.27223447,0.0003321502,0.35120067,0.18775831,0.18847442
ALL_core_cancer_type_top95,tabpfn_v1,v1,train,809,BRCA,BRCA,0,0,0.9650872,0.00073615846,0.009158129,0.012788266,0.0122303665
ALL_core_cancer_type_top95,tabpfn_v1,v1,train,3055,LUAD,LUAD,4,4,0.017177507,0.0016851437,0.01355184,0.4347627,0.53282285
ALL_core_cancer_type_top95,tabpfn_v1,v1,train,319,BRCA,BRCA,0,0,0.9981883,4.5655604e-05,0.00056923507,0.00041415874,0.0007826475
ALL_core_cancer_type_top95,tabpfn_v1,v1,train,1911,HNSCC,HNSCC,2,2,0.0054636197,0.0012295448,0.9779946,0.012508645,0.002803557
ALL_core_cancer_type_top95,tabpfn_v1,v1,train,1503,HNSCC,HNSCC,2,2,0.0007045536,0.0008029188,0.99668664,0.0013826337,0.00042325378
ALL_core_cancer_type_top95,tabpfn_v1,v1,train,2202,LSCC,LSCC,3,3,0.08479914,0.0036800506,0.098204784,0.5324016,0.28091443
ALL_core_cancer_type_top95,tabpfn_v1,v1,train,2152,LSCC,LSCC,3,3,0.003573926,0.0007435008,0.009331634,0.9824554,0.0038955763
ALL_core_cancer_type_top95,tabpfn_v1,v1,train,2967,LUAD,LUAD,4,4,0.002209314,0.00025497493,0.0010787208,0.01207692,0.98438
ALL_core_cancer_type_top95,tabpfn_v1,v1,train,2414,LSCC,LSCC,3,3,0.20060618,0.0059917015,0.14402561,0.5654236,0.0839529
ALL_core_cancer_type_top95,tabpfn_v1,v1,train,63,BRCA,HNSCC,0,2,0.27223447,0.0003321502,0.35120067,0.18775831,0.18847442
ALL_core_cancer_type_top95,tabpfn_v1,v1,train,2165,LSCC,LSCC,3,3,0.11416451,0.005043792,0.09769324,0.7343824,0.04871607
ALL_core_cancer_type_top95,tabpfn_v1,v1,train,1900,HNSCC,HNSCC,2,2,0.0032723967,0.012908719,0.9076357,0.073507704,0.0026755445
ALL_core_cancer_type_top95,tabpfn_v1,v1,train,513,BRCA,BRCA,0,0,0.8034281,0.014766453,0.05388448,0.0671928,0.060728144
ALL_core_cancer_type_top95,tabpfn_v1,v1,train,2447,LSCC,LSCC,3,3,0.044820845,0.0036976566,0.14543971,0.7577236,0.048318215
ALL_core_cancer_type_top95,tabpfn_v1,v1,train,3135,LUAD,LUAD,4,4,0.014558236,0.00062393694,0.0054340754,0.098308824,0.88107497
ALL_core_cancer_type_top95,tabpfn_v1,v1,train,247,BRCA,BRCA,0,0,0.9996008,3.563282e-05,0.00010370499,5.243678e-05,0.00020745775
ALL_core_cancer_type_top95,tabpfn_v1,v1,train,311,BRCA,BRCA,0,0,0.88848424,0.0012591055,0.02795598,0.05405395,0.02824668
ALL_core_cancer_type_top95,tabpfn_v1,v1,train,1757,HNSCC,HNSCC,2,2,0.0063987784,0.007396493,0.97581166,0.007101381,0.0032915699
ALL_core_cancer_type_top95,tabpfn_v1,v1,train,2475,LSCC,LSCC,3,3,0.0022300095,0.0006990889,0.01176229,0.9823437,0.002964919
ALL_core_cancer_type_top95,tabpfn_v1,v1,train,583,BRCA,BRCA,0,0,0.99923825,2.976531e-05,0.00021395349,0.0001324729,0.0003856238
ALL_core_cancer_type_top95,tabpfn_v1,v1,train,1710,HNSCC,HNSCC,2,2,0.08344245,0.004614471,0.77053356,0.09809823,0.043311257
ALL_core_cancer_type_top95,tabpfn_v1,v1,train,3162,LUAD,LUAD,4,4,0.07071678,0.0019308251,0.016477248,0.1843903,0.72648484
ALL_core_cancer_type_top95,tabpfn_v1,v1,train,148,BRCA,BRCA,0,0,0.8354279,0.022853913,0.056463454,0.03455927,0.05069551
ALL_core_cancer_type_top95,tabpfn_v1,v1,train,844,BRCA,BRCA,0,0,0.9918395,0.0010872878,0.0025733316,0.0016820012,0.0028178603
ALL_core_cancer_type_top95,tabpfn_v1,v1,train,1810,HNSCC,HNSCC,2,2,0.011634844,0.020150293,0.9167889,0.044142902,0.00728309
ALL_core_cancer_type_top95,tabpfn_v1,v1,train,266,BRCA,BRCA,0,0,0.9990446,4.8702594e-05,0.0003070467,0.00016401595,0.0004356231
ALL_core_cancer_type_top95,tabpfn_v1,v1,train,86,BRCA,HNSCC,0,2,0.27223447,0.0003321502,0.35120067,0.18775831,0.18847442
ALL_core_cancer_type_top95,tabpfn_v1,v1,train,2794,LUAD,LUAD,4,4,0.001427058,0.00011160065,0.00042905743,0.004242902,0.9937894
ALL_core_cancer_type_top95,tabpfn_v1,v1,train,109,BRCA,HNSCC,0,2,0.27223447,0.0003321502,0.35120067,0.18775831,0.18847442
ALL_core_cancer_type_top95,tabpfn_v1,v1,train,1132,BRCA,BRCA,0,0,0.99919444,0.00023793193,0.00016018037,6.935972e-05,0.00033799245
ALL_core_cancer_type_top95,tabpfn_v1,v1,train,3080,LUAD,LUAD,4,4,0.08640253,0.025028147,0.066863656,0.1879813,0.6337244
ALL_core_cancer_type_top95,tabpfn_v1,v1,train,194,BRCA,BRCA,0,0,0.5899289,0.03595928,0.1847163,0.121927194,0.067468345
ALL_core_cancer_type_top95,tabpfn_v1,v1,train,2291,LSCC,LSCC,3,3,0.035553608,0.0031982413,0.05136226,0.8595511,0.050334763
ALL_core_cancer_type_top95,tabpfn_v1,v1,train,1372,ESCA,ESCA,1,1,0.007843886,0.9463093,0.031128738,0.00977388,0.0049441545
ALL_core_cancer_type_top95,tabpfn_v1,v1,train,1631,HNSCC,HNSCC,2,2,0.09317023,0.0155767575,0.76987505,0.077824175,0.0435537
ALL_core_cancer_type_top95,tabpfn_v1,v1,train,730,BRCA,BRCA,0,0,0.95588315,0.0012519162,0.013630073,0.015397754,0.013837131
ALL_core_cancer_type_top95,tabpfn_v1,v1,train,2756,LUAD,LUAD,4,4,0.016601464,0.0014964696,0.006875175,0.044365793,0.93066114
ALL_core_cancer_type_top95,tabpfn_v1,v1,train,2912,LUAD,LUAD,4,4,0.09718778,0.008000673,0.042934734,0.21402285,0.63785404
ALL_core_cancer_type_top95,tabpfn_v1,v1,train,81,BRCA,HNSCC,0,2,0.27223447,0.0003321502,0.35120067,0.18775831,0.18847442
ALL_core_cancer_type_top95,tabpfn_v1,v1,train,2372,LSCC,BRCA,3,0,0.4687261,0.006451736,0.07128798,0.35383597,0.099698246
ALL_core_cancer_type_top95,tabpfn_v1,v1,train,896,BRCA,BRCA,0,0,0.7384404,0.014573196,0.10233237,0.08158397,0.063070096
ALL_core_cancer_type_top95,tabpfn_v1,v1,train,1892,HNSCC,HNSCC,2,2,0.06927275,0.033722464,0.8074394,0.06711911,0.022446284
ALL_core_cancer_type_top95,tabpfn_v1,v1,train,2269,LSCC,LSCC,3,3,0.005724825,0.0009304855,0.015519597,0.9699827,0.007842393
ALL_core_cancer_type_top95,tabpfn_v1,v1,train,236,BRCA,BRCA,0,0,0.95260143,0.0022101002,0.011126263,0.013281819,0.020780353
ALL_core_cancer_type_top95,tabpfn_v1,v1,train,1573,HNSCC,HNSCC,2,2,0.001309886,0.0022550004,0.98910004,0.006564394,0.0007706546
ALL_core_cancer_type_top95,tabpfn_v1,v1,train,1999,HNSCC,HNSCC,2,2,0.058181424,0.0058062333,0.6792446,0.21948336,0.03728434
ALL_core_cancer_type_top95,tabpfn_v1,v1,train,2427,LSCC,LSCC,3,3,0.004376266,0.00077593734,0.016543308,0.9551696,0.023134882
ALL_core_cancer_type_top95,tabpfn_v1,v1,train,1735,HNSCC,HNSCC,2,2,0.0034737664,0.0051196683,0.97572404,0.013663749,0.0020187947
ALL_core_cancer_type_top95,tabpfn_v1,v1,train,1174,BRCA,LSCC,0,3,0.28246906,0.036281414,0.25130156,0.39117703,0.038770974
ALL_core_cancer_type_top95,tabpfn_v1,v1,train,1989,HNSCC,HNSCC,2,2,0.018459547,0.09973977,0.8572935,0.015939787,0.008567442
ALL_core_cancer_type_top95,tabpfn_v1,v1,train,851,BRCA,BRCA,0,0,0.94736016,0.0029920489,0.013225621,0.021357918,0.015064312
ALL_core_cancer_type_top95,tabpfn_v1,v1,train,2338,LSCC,LSCC,3,3,0.0031481262,0.00041801922,0.006016532,0.9668669,0.023550399
ALL_core_cancer_type_top95,tabpfn_v1,v1,train,1850,HNSCC,HNSCC,2,2,0.015493798,0.008314916,0.8828008,0.08315989,0.010230628
ALL_core_cancer_type_top95,tabpfn_v1,v1,train,3168,LUAD,LUAD,4,4,0.38574347,0.004764218,0.050818507,0.1634385,0.39523527
ALL_core_cancer_type_top95,tabpfn_v1,v1,train,1310,ESCA,ESCA,1,1,0.005126546,0.9458139,0.036441732,0.0087303715,0.003887508
ALL_core_cancer_type_top95,tabpfn_v1,v1,train,1217,ESCA,ESCA,1,1,0.13286148,0.56547576,0.13220257,0.06804717,0.10141298
ALL_core_cancer_type_top95,tabpfn_v1,v1,train,2187,LSCC,LSCC,3,3,0.008687418,0.0023004806,0.02424423,0.9530496,0.01171824
ALL_core_cancer_type_top95,tabpfn_v1,v1,train,967,BRCA,BRCA,0,0,0.95368344,0.0032502045,0.013948294,0.01506257,0.014055587
ALL_core_cancer_type_top95,tabpfn_v1,v1,train,1200,BRCA,BRCA,0,0,0.98473144,0.0025884877,0.004919175,0.0035257253,0.0042351917
ALL_core_cancer_type_top95,tabpfn_v1,v1,train,2574,LSCC,LSCC,3,3,0.05374003,0.00432998,0.08870824,0.82866603,0.024555746
ALL_core_cancer_type_top95,tabpfn_v1,v1,train,248,BRCA,BRCA,0,0,0.9952732,0.00032760284,0.0013768668,0.0011899319,0.0018324868
ALL_core_cancer_type_top95,tabpfn_v1,v1,train,491,BRCA,BRCA,0,0,0.985603,0.00027034598,0.005210924,0.00433035,0.0045854338
ALL_core_cancer_type_top95,tabpfn_v1,v1,train,3185,LUAD,LUAD,4,4,0.013105858,0.00035851725,0.0024009175,0.024917342,0.95921737
ALL_core_cancer_type_top95,tabpfn_v1,v1,train,1303,ESCA,ESCA,1,1,0.0031754633,0.953128,0.033919334,0.0077260993,0.0020511926
ALL_core_cancer_type_top95,tabpfn_v1,v1,train,943,BRCA,BRCA,0,0,0.8912364,0.0119683035,0.03392101,0.03947013,0.023404129
ALL_core_cancer_type_top95,tabpfn_v1,v1,train,410,BRCA,BRCA,0,0,0.9770901,0.002798581,0.006832484,0.00635175,0.0069270404
ALL_core_cancer_type_top95,tabpfn_v1,v1,train,439,BRCA,BRCA,0,0,0.9922408,0.0007706681,0.0027762167,0.0017217508,0.0024905505
ALL_core_cancer_type_top95,tabpfn_v1,v1,train,2509,LSCC,LSCC,3,3,0.007202596,0.0013229742,0.021341035,0.95729524,0.012838179
ALL_core_cancer_type_top95,tabpfn_v1,v1,train,3003,LUAD,LUAD,4,4,0.0014598849,7.90816e-05,0.000524743,0.0067399708,0.9911964
ALL_core_cancer_type_top95,tabpfn_v1,v1,train,2358,LSCC,LSCC,3,3,0.0027052579,0.00051831297,0.0066610673,0.97908884,0.011026447
ALL_core_cancer_type_top95,tabpfn_v1,v1,train,2576,LSCC,LSCC,3,3,0.027722655,0.0008238756,0.015963867,0.6307766,0.324713
ALL_core_cancer_type_top95,tabpfn_v1,v1,train,2224,LSCC,LSCC,3,3,0.0013970683,0.00033654209,0.0046863835,0.9900328,0.0035471986
ALL_core_cancer_type_top95,tabpfn_v1,v1,train,495,BRCA,BRCA,0,0,0.96387357,0.0007878435,0.009401761,0.017823465,0.008113254
ALL_core_cancer_type_top95,tabpfn_v1,v1,train,1138,BRCA,BRCA,0,0,0.8704593,0.0021459262,0.031741645,0.047626205,0.0480268
ALL_core_cancer_type_top95,tabpfn_v1,v1,train,946,BRCA,BRCA,0,0,0.9984053,6.282868e-05,0.00048366332,0.00029286047,0.00075526506
ALL_core_cancer_type_top95,tabpfn_v1,v1,train,980,BRCA,LSCC,0,3,0.15568908,0.019906256,0.22665147,0.5772369,0.020516306
ALL_core_cancer_type_top95,tabpfn_v1,v1,train,918,BRCA,BRCA,0,0,0.9758784,0.0013653411,0.007939823,0.007113037,0.0077033415
ALL_core_cancer_type_top95,tabpfn_v1,v1,train,362,BRCA,BRCA,0,0,0.9990683,0.0001476458,0.00026860862,0.0001251105,0.00039036726
ALL_core_cancer_type_top95,tabpfn_v1,v1,train,110,BRCA,HNSCC,0,2,0.27223447,0.0003321502,0.35120067,0.18775831,0.18847442
ALL_core_cancer_type_top95,tabpfn_v1,v1,train,1347,ESCA,BRCA,1,0,0.66267854,0.08651526,0.09702911,0.05620613,0.09757093
ALL_core_cancer_type_top95,tabpfn_v1,v1,train,1480,HNSCC,HNSCC,2,2,0.27223447,0.0003321502,0.35120067,0.18775831,0.18847442
ALL_core_cancer_type_top95,tabpfn_v1,v1,train,2299,LSCC,LSCC,3,3,0.028408524,0.012075001,0.16157852,0.7773741,0.020563856
ALL_core_cancer_type_top95,tabpfn_v1,v1,train,2313,LSCC,LSCC,3,3,0.0016885184,0.0001961675,0.0029253592,0.9903019,0.0048879986
ALL_core_cancer_type_top95,tabpfn_v1,v1,train,367,BRCA,BRCA,0,0,0.9987526,4.8099966e-05,0.00026905924,0.00016542338,0.00076479546
ALL_core_cancer_type_top95,tabpfn_v1,v1,train,557,BRCA,BRCA,0,0,0.8035106,0.0089482805,0.05912591,0.044998575,0.08341671
ALL_core_cancer_type_top95,tabpfn_v1,v1,train,1545,HNSCC,HNSCC,2,2,0.07348049,0.009494979,0.54086834,0.32165998,0.05449623
ALL_core_cancer_type_top95,tabpfn_v1,v1,train,3142,LUAD,LUAD,4,4,0.00442302,0.00032827427,0.002105614,0.051594336,0.94154876
ALL_core_cancer_type_top95,tabpfn_v1,v1,train,2520,LSCC,LSCC,3,3,0.06010051,0.00095805054,0.021084089,0.77880496,0.13905239
ALL_core_cancer_type_top95,tabpfn_v1,v1,train,1640,HNSCC,HNSCC,2,2,0.0016047172,0.0003066355,0.9930478,0.0041039274,0.00093687617
ALL_core_cancer_type_top95,tabpfn_v1,v1,train,235,BRCA,BRCA,0,0,0.9844923,0.00072406925,0.0042908667,0.0036292719,0.006863471
ALL_core_cancer_type_top95,tabpfn_v1,v1,train,1760,HNSCC,HNSCC,2,2,0.017460527,0.004661094,0.9542084,0.016195294,0.007474746
ALL_core_cancer_type_top95,tabpfn_v1,v1,train,1285,ESCA,ESCA,1,1,0.0014637057,0.9907032,0.0049609006,0.0018586112,0.0010136375
ALL_core_cancer_type_top95,tabpfn_v1,v1,train,2262,LSCC,LSCC,3,3,0.009798799,0.00065961824,0.015656166,0.9650223,0.008863032
ALL_core_cancer_type_top95,tabpfn_v1,v1,train,3150,LUAD,LUAD,4,4,0.0017276398,0.00013764839,0.0006599962,0.0070672366,0.9904075
ALL_core_cancer_type_top95,tabpfn_v1,v1,train,693,BRCA,BRCA,0,0,0.99455464,0.00057485164,0.0016473538,0.0013016495,0.0019214643
ALL_core_cancer_type_top95,tabpfn_v1,v1,train,254,BRCA,BRCA,0,0,0.9801252,0.0010309046,0.0058329585,0.00520082,0.0078100143
ALL_core_cancer_type_top95,tabpfn_v1,v1,train,2164,LSCC,LSCC,3,3,0.13329472,0.0042023007,0.11238313,0.60254455,0.14757532
ALL_core_cancer_type_top95,tabpfn_v1,v1,train,1032,BRCA,BRCA,0,0,0.8554886,0.0053442926,0.041601047,0.053566948,0.04399909
ALL_core_cancer_type_top95,tabpfn_v1,v1,train,2436,LSCC,LSCC,3,3,0.017932022,0.017078623,0.09535765,0.81528044,0.0543512
ALL_core_cancer_type_top95,tabpfn_v1,v1,train,1873,HNSCC,HNSCC,2,2,0.005134645,0.0017777125,0.9793107,0.0111121135,0.0026648184
ALL_core_cancer_type_top95,tabpfn_v1,v1,train,1321,ESCA,ESCA,1,1,0.07039507,0.7834755,0.074874915,0.049378406,0.02187608
ALL_core_cancer_type_top95,tabpfn_v1,v1,train,2191,LSCC,LSCC,3,3,0.013173728,0.0005747406,0.011416035,0.87477624,0.10005933
ALL_core_cancer_type_top95,tabpfn_v1,v1,train,3047,LUAD,LUAD,4,4,0.0006356964,5.8537556e-05,0.00021727115,0.0018466585,0.99724185
ALL_core_cancer_type_top95,tabpfn_v1,v1,train,2939,LUAD,LUAD,4,4,0.009936497,0.00053703686,0.0022269834,0.015887026,0.9714125
ALL_core_cancer_type_top95,tabpfn_v1,v1,train,1181,BRCA,BRCA,0,0,0.9703921,0.0006081373,0.008438329,0.0079899775,0.012571407
ALL_core_cancer_type_top95,tabpfn_v1,v1,train,1738,HNSCC,HNSCC,2,2,0.018272059,0.0063139917,0.95282227,0.015401084,0.0071905614
ALL_core_cancer_type_top95,tabpfn_v1,v1,train,33,BRCA,HNSCC,0,2,0.27223447,0.0003321502,0.35120067,0.18775831,0.18847442
ALL_core_cancer_type_top95,tabpfn_v1,v1,train,2575,LSCC,LSCC,3,3,0.026267832,0.004536356,0.07925312,0.86364454,0.026298128
ALL_core_cancer_type_top95,tabpfn_v1,v1,train,3136,LUAD,LUAD,4,4,0.000441556,2.2954891e-05,0.00013977212,0.0011625144,0.9982331
ALL_core_cancer_type_top95,tabpfn_v1,v1,train,28,BRCA,HNSCC,0,2,0.27223447,0.0003321502,0.35120067,0.18775831,0.18847442
ALL_core_cancer_type_top95,tabpfn_v1,v1,train,841,BRCA,BRCA,0,0,0.89283204,0.0035737914,0.025432283,0.0409757,0.03718614
ALL_core_cancer_type_top95,tabpfn_v1,v1,train,2053,LSCC,HNSCC,3,2,0.27223447,0.0003321502,0.35120067,0.18775831,0.18847442
ALL_core_cancer_type_top95,tabpfn_v1,v1,train,435,BRCA,BRCA,0,0,0.89949787,0.0042675193,0.025747215,0.025803305,0.04468411
ALL_core_cancer_type_top95,tabpfn_v1,v1,train,554,BRCA,BRCA,0,0,0.9434101,0.0019285211,0.016437858,0.027331505,0.010892052
ALL_core_cancer_type_top95,tabpfn_v1,v1,train,1373,ESCA,ESCA,1,1,0.002662105,0.9808564,0.010428126,0.0045146146,0.0015387208
ALL_core_cancer_type_top95,tabpfn_v1,v1,train,2312,LSCC,LSCC,3,3,0.103632614,0.0032064912,0.06383432,0.7568666,0.07245993
ALL_core_cancer_type_top95,tabpfn_v1,v1,train,1369,ESCA,ESCA,1,1,0.0074130287,0.827144,0.13473299,0.026640194,0.0040697167
ALL_core_cancer_type_top95,tabpfn_v1,v1,train,75,BRCA,HNSCC,0,2,0.27223447,0.0003321502,0.35120067,0.18775831,0.18847442
ALL_core_cancer_type_top95,tabpfn_v1,v1,train,584,BRCA,BRCA,0,0,0.99834824,3.7794423e-05,0.00045344676,0.00040065777,0.0007598854
ALL_core_cancer_type_top95,tabpfn_v1,v1,train,2508,LSCC,LSCC,3,3,0.23562124,0.009441983,0.13338467,0.47130746,0.15024465
ALL_core_cancer_type_top95,tabpfn_v1,v1,train,609,BRCA,BRCA,0,0,0.9981925,8.530032e-05,0.0005558544,0.00037433428,0.00079205807
ALL_core_cancer_type_top95,tabpfn_v1,v1,train,666,BRCA,BRCA,0,0,0.98337364,0.0008028583,0.0047907294,0.005221428,0.0058113486
ALL_core_cancer_type_top95,tabpfn_v1,v1,train,3222,LUAD,LUAD,4,4,0.01483314,0.0004949749,0.0025881843,0.015082565,0.96700114
ALL_core_cancer_type_top95,tabpfn_v1,v1,train,2780,LUAD,BRCA,4,0,0.33471507,0.09705969,0.12576045,0.13670635,0.30575845
ALL_core_cancer_type_top95,tabpfn_v1,v1,train,90,BRCA,HNSCC,0,2,0.27223447,0.0003321502,0.35120067,0.18775831,0.18847442
ALL_core_cancer_type_top95,tabpfn_v1,v1,train,1365,ESCA,ESCA,1,1,0.051302966,0.8376926,0.067509815,0.021814622,0.02168002
ALL_core_cancer_type_top95,tabpfn_v1,v1,train,950,BRCA,BRCA,0,0,0.99872583,0.00018362913,0.000362056,0.00018742243,0.00054099614
ALL_core_cancer_type_top95,tabpfn_v1,v1,train,1814,HNSCC,HNSCC,2,2,0.10206269,0.06974227,0.74524146,0.054511327,0.02844222
ALL_core_cancer_type_top95,tabpfn_v1,v1,train,864,BRCA,BRCA,0,0,0.97758967,0.00033630198,0.0051162397,0.009595054,0.007362753
ALL_core_cancer_type_top95,tabpfn_v1,v1,train,1300,ESCA,ESCA,1,1,0.012350716,0.9363633,0.03426477,0.009926477,0.0070948107
ALL_core_cancer_type_top95,tabpfn_v1,v1,train,160,BRCA,BRCA,0,0,0.96254194,0.000918569,0.012261535,0.014063108,0.0102147935
ALL_core_cancer_type_top95,tabpfn_v1,v1,train,125,BRCA,BRCA,0,0,0.8821476,0.013179218,0.038411453,0.028129047,0.03813264
ALL_core_cancer_type_top95,tabpfn_v1,v1,train,1268,ESCA,ESCA,1,1,0.011297763,0.951741,0.017711435,0.013047732,0.0062020863
ALL_core_cancer_type_top95,tabpfn_v1,v1,train,3040,LUAD,LUAD,4,4,0.05091959,0.0010057577,0.006431821,0.051467657,0.8901751
ALL_core_cancer_type_top95,tabpfn_v1,v1,train,2404,LSCC,LSCC,3,3,0.02933672,0.0020886918,0.09995603,0.819459,0.049159534
ALL_core_cancer_type_top95,tabpfn_v1,v1,train,1363,ESCA,ESCA,1,1,0.08986734,0.5767226,0.1817207,0.113340326,0.038348954
ALL_core_cancer_type_top95,tabpfn_v1,v1,train,2275,LSCC,LSCC,3,3,0.008292731,0.0018061316,0.019754568,0.91080266,0.059343923
ALL_core_cancer_type_top95,tabpfn_v1,v1,train,846,BRCA,BRCA,0,0,0.9952565,0.00022448691,0.0013454682,0.0011577222,0.0020158498
ALL_core_cancer_type_top95,tabpfn_v1,v1,train,3227,LUAD,LUAD,4,4,0.0030420155,0.00020755848,0.0012673748,0.022698278,0.97278476
ALL_core_cancer_type_top95,tabpfn_v1,v1,train,620,BRCA,BRCA,0,0,0.9618492,0.003360066,0.010909276,0.008921537,0.014959976
ALL_core_cancer_type_top95,tabpfn_v1,v1,train,2071,LSCC,HNSCC,3,2,0.27223447,0.0003321502,0.35120067,0.18775831,0.18847442
ALL_core_cancer_type_top95,tabpfn_v1,v1,train,3042,LUAD,LUAD,4,4,0.0108245015,0.0004700675,0.0025267112,0.035318863,0.95085984
ALL_core_cancer_type_top95,tabpfn_v1,v1,train,1934,HNSCC,HNSCC,2,2,0.009233407,0.0033543457,0.96394646,0.01850293,0.004962832
ALL_core_cancer_type_top95,tabpfn_v1,v1,train,68,BRCA,HNSCC,0,2,0.27223447,0.0003321502,0.35120067,0.18775831,0.18847442
ALL_core_cancer_type_top95,tabpfn_v1,v1,train,1209,ESCA,ESCA,1,1,0.011343278,0.94938207,0.024098894,0.007298586,0.0078772465
ALL_core_cancer_type_top95,tabpfn_v1,v1,train,1921,HNSCC,HNSCC,2,2,0.00076219445,0.00040329064,0.99350715,0.0046727867,0.0006544855
ALL_core_cancer_type_top95,tabpfn_v1,v1,train,2634,LUAD,HNSCC,4,2,0.27223447,0.0003321502,0.35120067,0.18775831,0.18847442
ALL_core_cancer_type_top95,tabpfn_v1,v1,train,798,BRCA,BRCA,0,0,0.9014256,0.0026117065,0.02182802,0.03072412,0.043410566
ALL_core_cancer_type_top95,tabpfn_v1,v1,train,3202,LUAD,LUAD,4,4,0.005676894,0.00078216504,0.0016026775,0.0063837934,0.9855546
ALL_core_cancer_type_top95,tabpfn_v1,v1,train,3127,LUAD,LUAD,4,4,0.0018401172,0.0001466005,0.0005072675,0.004198849,0.9933072
ALL_core_cancer_type_top95,tabpfn_v1,v1,train,625,BRCA,BRCA,0,0,0.8190643,0.0043436107,0.031983104,0.049998578,0.094610415
ALL_core_cancer_type_top95,tabpfn_v1,v1,train,566,BRCA,BRCA,0,0,0.9963277,0.0004049394,0.0011266456,0.00085383886,0.0012869021
ALL_core_cancer_type_top95,tabpfn_v1,v1,train,2099,LSCC,HNSCC,3,2,0.27223447,0.0003321502,0.35120067,0.18775831,0.18847442
ALL_core_cancer_type_top95,tabpfn_v1,v1,train,2420,LSCC,LSCC,3,3,0.0766779,0.011546663,0.41117024,0.44327983,0.05732535
ALL_core_cancer_type_top95,tabpfn_v1,v1,train,1887,HNSCC,HNSCC,2,2,0.038680535,0.011051644,0.874047,0.05908171,0.017139219
ALL_core_cancer_type_top95,tabpfn_v1,v1,train,2257,LSCC,BRCA,3,0,0.33699983,0.007196051,0.074954696,0.29629412,0.2845552
ALL_core_cancer_type_top95,tabpfn_v1,v1,train,899,BRCA,BRCA,0,0,0.98757464,0.00060323905,0.0035610574,0.0034201345,0.0048410287
ALL_core_cancer_type_top95,tabpfn_v1,v1,train,1564,HNSCC,HNSCC,2,2,0.04785521,0.0015785847,0.8688226,0.054237403,0.02750622
ALL_core_cancer_type_top95,tabpfn_v1,v1,train,2694,LUAD,HNSCC,4,2,0.27223447,0.0003321502,0.35120067,0.18775831,0.18847442
ALL_core_cancer_type_top95,tabpfn_v1,v1,train,634,BRCA,BRCA,0,0,0.98741305,0.0009858843,0.0036495298,0.0025954565,0.0053560855
ALL_core_cancer_type_top95,tabpfn_v1,v1,train,1654,HNSCC,HNSCC,2,2,0.012427462,0.0053724176,0.87079877,0.102834046,0.008567359
ALL_core_cancer_type_top95,tabpfn_v1,v1,train,1388,HNSCC,HNSCC,2,2,0.27223447,0.0003321502,0.35120067,0.18775831,0.18847442
ALL_core_cancer_type_top95,tabpfn_v1,v1,train,2365,LSCC,LSCC,3,3,0.03362308,0.00040176322,0.011481267,0.730943,0.22355086
ALL_core_cancer_type_top95,tabpfn_v1,v1,train,2805,LUAD,LUAD,4,4,0.0007727504,6.181315e-05,0.00026624594,0.0022814188,0.99661785
ALL_core_cancer_type_top95,tabpfn_v1,v1,train,3204,LUAD,LUAD,4,4,0.020098554,0.0034601903,0.015379819,0.11137664,0.84968483
ALL_core_cancer_type_top95,tabpfn_v1,v1,train,1980,HNSCC,HNSCC,2,2,0.054602273,0.04674353,0.7281548,0.14480516,0.025694335
ALL_core_cancer_type_top95,tabpfn_v1,v1,train,1549,HNSCC,HNSCC,2,2,0.026112802,0.0024366989,0.92431194,0.03536616,0.011772469
ALL_core_cancer_type_top95,tabpfn_v1,v1,train,1997,HNSCC,HNSCC,2,2,0.001609931,0.0009049581,0.99347806,0.0030037414,0.0010032685
ALL_core_cancer_type_top95,tabpfn_v1,v1,train,2264,LSCC,LSCC,3,3,0.005470448,0.0002406586,0.0061885575,0.9778465,0.010253735
ALL_core_cancer_type_top95,tabpfn_v1,v1,train,255,BRCA,BRCA,0,0,0.9960691,0.00024469983,0.0011182978,0.0011238875,0.0014439776
ALL_core_cancer_type_top95,tabpfn_v1,v1,train,1168,BRCA,BRCA,0,0,0.9957599,0.00023040478,0.0011624211,0.0008042021,0.0020429706
ALL_core_cancer_type_top95,tabpfn_v1,v1,train,3169,LUAD,LUAD,4,4,0.0006008334,5.5004642e-05,0.00018936116,0.0014533404,0.99770147
ALL_core_cancer_type_top95,tabpfn_v1,v1,train,2018,HNSCC,HNSCC,2,2,0.0049355393,0.0013384676,0.9855285,0.0056873076,0.0025101707
ALL_core_cancer_type_top95,tabpfn_v1,v1,train,1252,ESCA,ESCA,1,1,0.10175958,0.4868825,0.26419106,0.09305801,0.054108866
ALL_core_cancer_type_top95,tabpfn_v1,v1,train,2467,LSCC,LUAD,3,4,0.03226572,0.003114091,0.016806489,0.2509273,0.69688636
ALL_core_cancer_type_top95,tabpfn_v1,v1,train,2065,LSCC,HNSCC,3,2,0.27223447,0.0003321502,0.35120067,0.18775831,0.18847442
ALL_core_cancer_type_top95,tabpfn_v1,v1,train,1633,HNSCC,HNSCC,2,2,0.01817921,0.0037894475,0.9326567,0.037122734,0.008251986
ALL_core_cancer_type_top95,tabpfn_v1,v1,train,3028,LUAD,LUAD,4,4,0.023925167,0.0009659272,0.0023784947,0.0094923135,0.96323806
ALL_core_cancer_type_top95,tabpfn_v1,v1,train,2370,LSCC,LSCC,3,3,0.020419683,0.0028829612,0.07848024,0.87973034,0.018486833
ALL_core_cancer_type_top95,tabpfn_v1,v1,train,621,BRCA,BRCA,0,0,0.9907541,0.00031733228,0.0023113997,0.0024607617,0.0041564526
ALL_core_cancer_type_top95,tabpfn_v1,v1,train,541,BRCA,BRCA,0,0,0.89909685,0.00989331,0.035292033,0.032464318,0.023253497
ALL_core_cancer_type_top95,tabpfn_v1,v1,train,2114,LSCC,HNSCC,3,2,0.27223447,0.0003321502,0.35120067,0.18775831,0.18847442
ALL_core_cancer_type_top95,tabpfn_v1,v1,train,2024,LSCC,HNSCC,3,2,0.27223447,0.0003321502,0.35120067,0.18775831,0.18847442
ALL_core_cancer_type_top95,tabpfn_v1,v1,train,1847,HNSCC,HNSCC,2,2,0.0037204407,0.001584095,0.98416775,0.008443029,0.0020846706
ALL_core_cancer_type_top95,tabpfn_v1,v1,train,259,BRCA,BRCA,0,0,0.9925857,0.00041278356,0.0014459862,0.0009452397,0.0046103494
ALL_core_cancer_type_top95,tabpfn_v1,v1,train,2535,LSCC,LSCC,3,3,0.03728323,0.0010335025,0.017458066,0.7947423,0.14948288
ALL_core_cancer_type_top95,tabpfn_v1,v1,train,2092,LSCC,HNSCC,3,2,0.27223447,0.0003321502,0.35120067,0.18775831,0.18847442
ALL_core_cancer_type_top95,tabpfn_v1,v1,train,749,BRCA,BRCA,0,0,0.9202351,0.0022939625,0.025289956,0.023672225,0.028508775
ALL_core_cancer_type_top95,tabpfn_v1,v1,train,2816,LUAD,LUAD,4,4,0.0053640367,0.00028943885,0.0015334302,0.009844677,0.9829685
ALL_core_cancer_type_top95,tabpfn_v1,v1,train,357,BRCA,BRCA,0,0,0.99946934,3.5805937e-05,0.00013836058,7.677117e-05,0.00027980382
ALL_core_cancer_type_top95,tabpfn_v1,v1,train,1790,HNSCC,HNSCC,2,2,0.0021985704,0.002704423,0.98910207,0.004482862,0.0015120102
ALL_core_cancer_type_top95,tabpfn_v1,v1,train,1896,HNSCC,HNSCC,2,2,0.0015881215,0.016125795,0.97291756,0.008313272,0.0010553398
ALL_core_cancer_type_top95,tabpfn_v1,v1,train,2192,LSCC,LSCC,3,3,0.3239392,0.0040854136,0.049403325,0.48248664,0.14008543
ALL_core_cancer_type_top95,tabpfn_v1,v1,train,1214,ESCA,ESCA,1,1,0.17526726,0.39835182,0.16164209,0.18095101,0.0837878
ALL_core_cancer_type_top95,tabpfn_v1,v1,train,3016,LUAD,LUAD,4,4,0.0016126395,8.060636e-05,0.0004435082,0.005924402,0.99193877
ALL_core_cancer_type_top95,tabpfn_v1,v1,train,2407,LSCC,LSCC,3,3,0.13801745,0.0017055434,0.033574935,0.60836,0.21834207
ALL_core_cancer_type_top95,tabpfn_v1,v1,train,119,BRCA,HNSCC,0,2,0.27223447,0.0003321502,0.35120067,0.18775831,0.18847442
ALL_core_cancer_type_top95,tabpfn_v1,v1,train,774,BRCA,BRCA,0,0,0.99911314,4.463974e-05,0.0002536632,0.00014947144,0.00043897005
ALL_core_cancer_type_top95,tabpfn_v1,v1,train,444,BRCA,BRCA,0,0,0.9012841,0.0035341287,0.025897674,0.05914012,0.010143964
ALL_core_cancer_type_top95,tabpfn_v1,v1,train,2303,LSCC,LSCC,3,3,0.24652314,0.003029838,0.063684314,0.58742255,0.09934021
ALL_core_cancer_type_top95,tabpfn_v1,v1,train,2654,LUAD,HNSCC,4,2,0.27223447,0.0003321502,0.35120067,0.18775831,0.18847442
ALL_core_cancer_type_top95,tabpfn_v1,v1,train,2088,LSCC,HNSCC,3,2,0.27223447,0.0003321502,0.35120067,0.18775831,0.18847442
ALL_core_cancer_type_top95,tabpfn_v1,v1,train,2223,LSCC,LSCC,3,3,0.14480428,0.0025790038,0.035880845,0.44807398,0.36866194
ALL_core_cancer_type_top95,tabpfn_v1,v1,train,571,BRCA,BRCA,0,0,0.9984995,2.2164184e-05,0.0004213651,0.00046344285,0.0005934527
ALL_core_cancer_type_top95,tabpfn_v1,v1,train,2237,LSCC,LSCC,3,3,0.0010135765,0.0002891868,0.0037710508,0.9922329,0.00269325
ALL_core_cancer_type_top95,tabpfn_v1,v1,train,2355,LSCC,LSCC,3,3,0.01757369,0.00061419024,0.013517168,0.921993,0.04630188
ALL_core_cancer_type_top95,tabpfn_v1,v1,train,2153,LSCC,LSCC,3,3,0.01985194,0.0009311018,0.012970698,0.8896905,0.0765558
ALL_core_cancer_type_top95,tabpfn_v1,v1,train,1479,HNSCC,HNSCC,2,2,0.27223447,0.0003321502,0.35120067,0.18775831,0.18847442
ALL_core_cancer_type_top95,tabpfn_v1,v1,train,1210,ESCA,ESCA,1,1,0.0032208746,0.9398437,0.04052647,0.011986996,0.0044219964
ALL_core_cancer_type_top95,tabpfn_v1,v1,train,3033,LUAD,LUAD,4,4,0.0015722197,6.949337e-05,0.0005086698,0.0061571416,0.99169254
ALL_core_cancer_type_top95,tabpfn_v1,v1,train,1787,HNSCC,HNSCC,2,2,0.0023841937,0.036261532,0.9512401,0.0087749045,0.0013393498
ALL_core_cancer_type_top95,tabpfn_v1,v1,train,1000,BRCA,BRCA,0,0,0.971192,0.001069203,0.010042193,0.009272461,0.008424121
ALL_core_cancer_type_top95,tabpfn_v1,v1,train,1164,BRCA,BRCA,0,0,0.9655087,0.00042185863,0.008728436,0.0132753905,0.012065567
ALL_core_cancer_type_top95,tabpfn_v1,v1,train,2577,LSCC,LSCC,3,3,0.004217236,0.000116146926,0.0056777415,0.9837316,0.006257333
ALL_core_cancer_type_top95,tabpfn_v1,v1,train,1563,HNSCC,HNSCC,2,2,0.01710319,0.0018036257,0.94568247,0.023527363,0.011883368
ALL_core_cancer_type_top95,tabpfn_v1,v1,train,2919,LUAD,LUAD,4,4,0.00061640824,3.2589294e-05,0.00019819326,0.0009230917,0.9982297
ALL_core_cancer_type_top95,tabpfn_v1,v1,train,2657,LUAD,HNSCC,4,2,0.27223447,0.0003321502,0.35120067,0.18775831,0.18847442
ALL_core_cancer_type_top95,tabpfn_v1,v1,train,314,BRCA,BRCA,0,0,0.40276998,0.052306175,0.22315076,0.21667641,0.105096646
ALL_core_cancer_type_top95,tabpfn_v1,v1,train,1838,HNSCC,HNSCC,2,2,0.01721086,0.0018233535,0.85315144,0.11327843,0.014535865
ALL_core_cancer_type_top95,tabpfn_v1,v1,train,1860,HNSCC,BRCA,2,0,0.4826516,0.01380279,0.2979453,0.080472544,0.1251278
ALL_core_cancer_type_top95,tabpfn_v1,v1,train,2832,LUAD,LUAD,4,4,0.0018808038,0.0001145981,0.00058396143,0.008376737,0.98904383
ALL_core_cancer_type_top95,tabpfn_v1,v1,train,543,BRCA,BRCA,0,0,0.96672094,0.0005314068,0.008849937,0.011557976,0.01233974
ALL_core_cancer_type_top95,tabpfn_v1,v1,train,3144,LUAD,LUAD,4,4,0.0015169259,6.101431e-05,0.00048157945,0.008294125,0.9896464
ALL_core_cancer_type_top95,tabpfn_v1,v1,train,2553,LSCC,LSCC,3,3,0.08823717,0.0017674831,0.07610933,0.7502994,0.08358661
ALL_core_cancer_type_top95,tabpfn_v1,v1,train,732,BRCA,BRCA,0,0,0.9506287,0.006172696,0.018686848,0.010414757,0.014097
ALL_core_cancer_type_top95,tabpfn_v1,v1,train,89,BRCA,HNSCC,0,2,0.27223447,0.0003321502,0.35120067,0.18775831,0.18847442
ALL_core_cancer_type_top95,tabpfn_v1,v1,train,2478,LSCC,LSCC,3,3,0.048298236,0.004969581,0.10702898,0.8155236,0.024179537
ALL_core_cancer_type_top95,tabpfn_v1,v1,train,2325,LSCC,LSCC,3,3,0.21397448,0.0018608746,0.066401176,0.5449965,0.17276698
ALL_core_cancer_type_top95,tabpfn_v1,v1,train,84,BRCA,HNSCC,0,2,0.27223447,0.0003321502,0.35120067,0.18775831,0.18847442
ALL_core_cancer_type_top95,tabpfn_v1,v1,train,2649,LUAD,HNSCC,4,2,0.27223447,0.0003321502,0.35120067,0.18775831,0.18847442
ALL_core_cancer_type_top95,tabpfn_v1,v1,train,1818,HNSCC,HNSCC,2,2,0.00062860316,0.0021600407,0.99261534,0.0041211657,0.00047481983
ALL_core_cancer_type_top95,tabpfn_v1,v1,train,921,BRCA,BRCA,0,0,0.9988186,6.596255e-05,0.0003186115,0.00022158827,0.0005751996
ALL_core_cancer_type_top95,tabpfn_v1,v1,train,3188,LUAD,LUAD,4,4,0.025541844,0.0016672064,0.007733819,0.07109374,0.89396334
ALL_core_cancer_type_top95,tabpfn_v1,v1,train,2956,LUAD,LUAD,4,4,0.018600263,0.0012993449,0.0057926606,0.025211545,0.94909614
ALL_core_cancer_type_top95,tabpfn_v1,v1,train,1102,BRCA,BRCA,0,0,0.99511,0.00025851958,0.0016043199,0.0012277226,0.0017994291
ALL_core_cancer_type_top95,tabpfn_v1,v1,train,2930,LUAD,LUAD,4,4,0.00070684485,8.8544344e-05,0.00032564157,0.0019171662,0.9969618
ALL_core_cancer_type_top95,tabpfn_v1,v1,train,886,BRCA,BRCA,0,0,0.9955273,0.00025712955,0.00092087156,0.00052860106,0.002765996
ALL_core_cancer_type_top95,tabpfn_v1,v1,train,1769,HNSCC,HNSCC,2,2,0.002309172,0.0009846197,0.9885649,0.006813104,0.001328204
ALL_core_cancer_type_top95,tabpfn_v1,v1,train,188,BRCA,BRCA,0,0,0.7667556,0.004066435,0.036674455,0.07775887,0.11474465
ALL_core_cancer_type_top95,tabpfn_v1,v1,train,2679,LUAD,HNSCC,4,2,0.27223447,0.0003321502,0.35120067,0.18775831,0.18847442
ALL_core_cancer_type_top95,tabpfn_v1,v1,train,2345,LSCC,LSCC,3,3,0.0010286206,0.0002906631,0.0034776905,0.99322444,0.0019785448
ALL_core_cancer_type_top95,tabpfn_v1,v1,train,1097,BRCA,BRCA,0,0,0.98404956,0.00063516316,0.0043095825,0.0059805587,0.005025278
ALL_core_cancer_type_top95,tabpfn_v1,v1,train,1010,BRCA,BRCA,0,0,0.9905076,0.00040338983,0.0024774773,0.0029296551,0.003681802
ALL_core_cancer_type_top95,tabpfn_v1,v1,train,1327,ESCA,ESCA,1,1,0.0030132467,0.9378322,0.043929126,0.012732903,0.002492452
ALL_core_cancer_type_top95,tabpfn_v1,v1,train,174,BRCA,BRCA,0,0,0.99147004,0.0003444936,0.0013750136,0.0011214847,0.0056889253
ALL_core_cancer_type_top95,tabpfn_v1,v1,train,1741,HNSCC,HNSCC,2,2,0.06178778,0.005613538,0.8586409,0.048637114,0.025320668
ALL_core_cancer_type_top95,tabpfn_v1,v1,train,2015,HNSCC,HNSCC,2,2,0.02285086,0.009493472,0.92062914,0.035376616,0.011649895
ALL_core_cancer_type_top95,tabpfn_v1,v1,train,3071,LUAD,LUAD,4,4,0.012930229,0.0006229963,0.004241446,0.023616115,0.95858926
ALL_core_cancer_type_top95,tabpfn_v1,v1,train,302,BRCA,BRCA,0,0,0.9984004,0.0001557552,0.00045491743,0.00021529032,0.0007736742
ALL_core_cancer_type_top95,tabpfn_v1,v1,train,1229,ESCA,ESCA,1,1,0.061141074,0.52459544,0.24659021,0.13302542,0.034647837
ALL_core_cancer_type_top95,tabpfn_v1,v1,train,1165,BRCA,BRCA,0,0,0.9897758,0.00033109618,0.0025041206,0.00286759,0.004521362
ALL_core_cancer_type_top95,tabpfn_v1,v1,train,1602,HNSCC,HNSCC,2,2,0.0032734629,0.007216985,0.8873734,0.09901953,0.0031166004
ALL_core_cancer_type_top95,tabpfn_v1,v1,train,2690,LUAD,HNSCC,4,2,0.27223447,0.0003321502,0.35120067,0.18775831,0.18847442
ALL_core_cancer_type_top95,tabpfn_v1,v1,train,706,BRCA,BRCA,0,0,0.9979481,5.493283e-05,0.0006480724,0.0004767002,0.00087210373
ALL_core_cancer_type_top95,tabpfn_v1,v1,train,140,BRCA,BRCA,0,0,0.54013103,0.03634172,0.14712957,0.19681112,0.07958657
ALL_core_cancer_type_top95,tabpfn_v1,v1,train,868,BRCA,BRCA,0,0,0.8666055,0.005807808,0.042832293,0.053481128,0.031273175
ALL_core_cancer_type_top95,tabpfn_v1,v1,train,2119,LSCC,HNSCC,3,2,0.27223447,0.0003321502,0.35120067,0.18775831,0.18847442
ALL_core_cancer_type_top95,tabpfn_v1,v1,train,1488,HNSCC,HNSCC,2,2,0.27223447,0.0003321502,0.35120067,0.18775831,0.18847442
ALL_core_cancer_type_top95,tabpfn_v1,v1,train,2583,LSCC,LSCC,3,3,0.002264375,0.00067377766,0.011471044,0.98098147,0.0046092966
ALL_core_cancer_type_top95,tabpfn_v1,v1,train,560,BRCA,BRCA,0,0,0.9946571,0.00064668007,0.0016143031,0.00080336473,0.0022785584
ALL_core_cancer_type_top95,tabpfn_v1,v1,train,1627,HNSCC,BRCA,2,0,0.38880587,0.07538577,0.32371303,0.13091372,0.08118156
ALL_core_cancer_type_top95,tabpfn_v1,v1,train,2588,LSCC,LSCC,3,3,0.014660632,0.0033141342,0.14422917,0.82210314,0.01569292
ALL_core_cancer_type_top95,tabpfn_v1,v1,train,1882,HNSCC,HNSCC,2,2,0.051713023,0.019922867,0.85177344,0.052723262,0.023867479
ALL_core_cancer_type_top95,tabpfn_v1,v1,train,2616,LUAD,HNSCC,4,2,0.27223447,0.0003321502,0.35120067,0.18775831,0.18847442
ALL_core_cancer_type_top95,tabpfn_v1,v1,train,1393,HNSCC,HNSCC,2,2,0.27223447,0.0003321502,0.35120067,0.18775831,0.18847442
ALL_core_cancer_type_top95,tabpfn_v1,v1,train,2446,LSCC,LSCC,3,3,0.022035096,0.0033559224,0.123721324,0.82532936,0.025558373
ALL_core_cancer_type_top95,tabpfn_v1,v1,train,1058,BRCA,BRCA,0,0,0.9961991,0.00018498374,0.0013160949,0.0010388752,0.0012609931
ALL_core_cancer_type_top95,tabpfn_v1,v1,train,1304,ESCA,ESCA,1,1,0.022034137,0.88933635,0.050106,0.020446252,0.018077321
ALL_core_cancer_type_top95,tabpfn_v1,v1,train,478,BRCA,BRCA,0,0,0.9461798,0.0050779246,0.01579156,0.012575496,0.02037527
ALL_core_cancer_type_top95,tabpfn_v1,v1,train,2084,LSCC,HNSCC,3,2,0.27223447,0.0003321502,0.35120067,0.18775831,0.18847442
ALL_core_cancer_type_top95,tabpfn_v1,v1,train,2115,LSCC,HNSCC,3,2,0.27223447,0.0003321502,0.35120067,0.18775831,0.18847442
ALL_core_cancer_type_top95,tabpfn_v1,v1,train,1238,ESCA,ESCA,1,1,0.0011903817,0.9809647,0.012445178,0.0044340873,0.00096557435
ALL_core_cancer_type_top95,tabpfn_v1,v1,train,2765,LUAD,LUAD,4,4,0.0074524204,0.00065506855,0.0035395196,0.065441795,0.92291117
ALL_core_cancer_type_top95,tabpfn_v1,v1,train,1988,HNSCC,HNSCC,2,2,0.13929325,0.07065528,0.61055964,0.124513626,0.054978177
ALL_core_cancer_type_top95,tabpfn_v1,v1,train,2004,HNSCC,HNSCC,2,2,0.004232301,0.0018315038,0.96394956,0.026744394,0.003242258
ALL_core_cancer_type_top95,tabpfn_v1,v1,train,832,BRCA,BRCA,0,0,0.99653167,0.00033447787,0.0012014104,0.0007196682,0.0012127534
ALL_core_cancer_type_top95,tabpfn_v1,v1,train,2664,LUAD,HNSCC,4,2,0.27223447,0.0003321502,0.35120067,0.18775831,0.18847442
ALL_core_cancer_type_top95,tabpfn_v1,v1,train,1328,ESCA,ESCA,1,1,0.0004428003,0.9950938,0.0030988608,0.0010752901,0.00028914958
ALL_core_cancer_type_top95,tabpfn_v1,v1,train,2855,LUAD,LSCC,4,3,0.06286276,0.0036487726,0.026703332,0.5438025,0.36298266
ALL_core_cancer_type_top95,tabpfn_v1,v1,train,2025,LSCC,HNSCC,3,2,0.27223447,0.0003321502,0.35120067,0.18775831,0.18847442
ALL_core_cancer_type_top95,tabpfn_v1,v1,train,941,BRCA,BRCA,0,0,0.99946254,3.451136e-05,0.00015322278,8.004855e-05,0.00026963028
ALL_core_cancer_type_top95,tabpfn_v1,v1,train,731,BRCA,BRCA,0,0,0.65358835,0.013765098,0.09409309,0.1053107,0.13324274
ALL_core_cancer_type_top95,tabpfn_v1,v1,train,3107,LUAD,LUAD,4,4,0.010437752,0.00029475585,0.003162029,0.060481157,0.9256243
ALL_core_cancer_type_top95,tabpfn_v1,v1,train,1543,HNSCC,HNSCC,2,2,0.0058036796,0.009813425,0.9734493,0.008339369,0.0025941753
ALL_core_cancer_type_top95,tabpfn_v1,v1,train,47,BRCA,HNSCC,0,2,0.27223447,0.0003321502,0.35120067,0.18775831,0.18847442
ALL_core_cancer_type_top95,tabpfn_v1,v1,train,882,BRCA,BRCA,0,0,0.9903352,0.0007144483,0.0039336463,0.0024533938,0.0025632426
ALL_core_cancer_type_top95,tabpfn_v1,v1,train,159,BRCA,BRCA,0,0,0.99901474,2.9519582e-05,0.00029306245,0.00020264194,0.00046002533
ALL_core_cancer_type_top95,tabpfn_v1,v1,train,48,BRCA,HNSCC,0,2,0.27223447,0.0003321502,0.35120067,0.18775831,0.18847442
ALL_core_cancer_type_top95,tabpfn_v1,v1,train,2715,LUAD,HNSCC,4,2,0.27223447,0.0003321502,0.35120067,0.18775831,0.18847442
ALL_core_cancer_type_top95,tabpfn_v1,v1,train,614,BRCA,BRCA,0,0,0.99688303,6.855757e-05,0.00087066385,0.00073870504,0.0014391122
ALL_core_cancer_type_top95,tabpfn_v1,v1,train,2761,LUAD,LUAD,4,4,0.00646615,0.0003904909,0.0019666317,0.01954789,0.97162884
ALL_core_cancer_type_top95,tabpfn_v1,v1,train,3225,LUAD,LUAD,4,4,0.002456519,0.0003210776,0.0014723638,0.037389025,0.958361
ALL_core_cancer_type_top95,tabpfn_v1,v1,train,2181,LSCC,LSCC,3,3,0.02259807,0.009514772,0.100074835,0.85428876,0.013523598
ALL_core_cancer_type_top95,tabpfn_v1,v1,train,2983,LUAD,LUAD,4,4,0.0024484848,0.000120885314,0.0005635262,0.0113113085,0.9855559
ALL_core_cancer_type_top95,tabpfn_v1,v1,train,2944,LUAD,LUAD,4,4,0.35367477,0.001827565,0.02853582,0.11202387,0.50393796
ALL_core_cancer_type_top95,tabpfn_v1,v1,train,2019,LSCC,HNSCC,3,2,0.27223447,0.0003321502,0.35120067,0.18775831,0.18847442
ALL_core_cancer_type_top95,tabpfn_v1,v1,train,1354,ESCA,BRCA,1,0,0.55161554,0.22970647,0.07064791,0.039958764,0.10807132
ALL_core_cancer_type_top95,tabpfn_v1,v1,train,2406,LSCC,LSCC,3,3,0.17684218,0.015468684,0.05837893,0.6329013,0.11640892
ALL_core_cancer_type_top95,tabpfn_v1,v1,train,825,BRCA,BRCA,0,0,0.8799832,0.0034169804,0.0337729,0.06283078,0.019996094
ALL_core_cancer_type_top95,tabpfn_v1,v1,train,297,BRCA,BRCA,0,0,0.97654,0.00062506064,0.005931471,0.008141366,0.0087620765
ALL_core_cancer_type_top95,tabpfn_v1,v1,train,2560,LSCC,LSCC,3,3,0.008701193,0.001562617,0.02085442,0.9574902,0.011391565
ALL_core_cancer_type_top95,tabpfn_v1,v1,train,3182,LUAD,LUAD,4,4,0.00072576874,3.2845786e-05,0.00022755397,0.0025508497,0.9964629
ALL_core_cancer_type_top95,tabpfn_v1,v1,train,2992,LUAD,LUAD,4,4,0.04749905,0.0018781198,0.015182024,0.27765155,0.6577893
ALL_core_cancer_type_top95,tabpfn_v1,v1,train,983,BRCA,BRCA,0,0,0.854188,0.0066398857,0.0469127,0.04910933,0.043150075
ALL_core_cancer_type_top95,tabpfn_v1,v1,train,3145,LUAD,LUAD,4,4,0.12858923,0.00088850525,0.009693695,0.07332572,0.7875029
ALL_core_cancer_type_top95,tabpfn_v1,v1,train,728,BRCA,BRCA,0,0,0.9988475,7.018861e-05,0.00031018117,0.00017406043,0.0005980706
ALL_core_cancer_type_top95,tabpfn_v1,v1,train,229,BRCA,BRCA,0,0,0.9984066,9.0504655e-05,0.00046986458,0.00029608197,0.0007370267
ALL_core_cancer_type_top95,tabpfn_v1,v1,train,1322,ESCA,ESCA,1,1,0.0011228905,0.97930086,0.0150167905,0.0034020531,0.0011573373
ALL_core_cancer_type_top95,tabpfn_v1,v1,train,824,BRCA,BRCA,0,0,0.98993623,0.0006868846,0.0028977639,0.0026010168,0.0038781047
ALL_core_cancer_type_top95,tabpfn_v1,v1,train,19,BRCA,HNSCC,0,2,0.27223447,0.0003321502,0.35120067,0.18775831,0.18847442
ALL_core_cancer_type_top95,tabpfn_v1,v1,train,2901,LUAD,LUAD,4,4,0.0008501384,4.566899e-05,0.00031607732,0.004836204,0.99395186
ALL_core_cancer_type_top95,tabpfn_v1,v1,train,215,BRCA,BRCA,0,0,0.9970438,9.7593685e-05,0.0009001962,0.0006960915,0.0012622561
ALL_core_cancer_type_top95,tabpfn_v1,v1,train,1308,ESCA,ESCA,1,1,0.039273724,0.867949,0.046668645,0.020394895,0.025713744
ALL_core_cancer_type_top95,tabpfn_v1,v1,train,3173,LUAD,LUAD,4,4,0.0028465604,0.00012657823,0.00079676317,0.007304028,0.98892605
ALL_core_cancer_type_top95,tabpfn_v1,v1,train,1172,BRCA,BRCA,0,0,0.9792143,0.0013509607,0.005519486,0.005868336,0.008046851
ALL_core_cancer_type_top95,tabpfn_v1,v1,train,2743,LUAD,LUAD,4,4,0.3484086,0.010806688,0.06386634,0.17683056,0.4000878
ALL_core_cancer_type_top95,tabpfn_v1,v1,train,2428,LSCC,LSCC,3,3,0.052086063,0.0019907474,0.030554485,0.68729305,0.22807561
ALL_core_cancer_type_top95,tabpfn_v1,v1,train,1422,HNSCC,HNSCC,2,2,0.27223447,0.0003321502,0.35120067,0.18775831,0.18847442
ALL_core_cancer_type_top95,tabpfn_v1,v1,train,2851,LUAD,LUAD,4,4,0.010696379,0.0003841272,0.0010135955,0.004326819,0.983579
ALL_core_cancer_type_top95,tabpfn_v1,v1,train,1002,BRCA,BRCA,0,0,0.77479124,0.021957723,0.08466859,0.063591346,0.054991048
ALL_core_cancer_type_top95,tabpfn_v1,v1,train,1902,HNSCC,HNSCC,2,2,0.0018543497,0.0017464209,0.9844753,0.010586201,0.001337717
ALL_core_cancer_type_top95,tabpfn_v1,v1,train,1218,ESCA,ESCA,1,1,0.056786977,0.8010642,0.086694896,0.031623736,0.023830209
ALL_core_cancer_type_top95,tabpfn_v1,v1,train,2973,LUAD,LUAD,4,4,0.021079972,0.00059516664,0.0034432798,0.027868027,0.94701356
ALL_core_cancer_type_top95,tabpfn_v1,v1,train,1313,ESCA,ESCA,1,1,0.19332264,0.468388,0.14904103,0.12235948,0.066888876
ALL_core_cancer_type_top95,tabpfn_v1,v1,train,2214,LSCC,LSCC,3,3,0.010356908,0.0026320964,0.029865041,0.9480452,0.009100764
ALL_core_cancer_type_top95,tabpfn_v1,v1,train,1929,HNSCC,HNSCC,2,2,0.00052698737,0.0008584561,0.9970386,0.0012649017,0.00031104148
ALL_core_cancer_type_top95,tabpfn_v1,v1,train,956,BRCA,BRCA,0,0,0.99417996,0.0003924342,0.0016616695,0.0011685608,0.002597379
ALL_core_cancer_type_top95,tabpfn_v1,v1,train,2979,LUAD,LUAD,4,4,0.0415447,0.0014784774,0.015201463,0.23232944,0.70944583
ALL_core_cancer_type_top95,tabpfn_v1,v1,train,2219,LSCC,LSCC,3,3,0.0022107763,0.00052266824,0.009894597,0.9852424,0.0021295242
ALL_core_cancer_type_top95,tabpfn_v1,v1,train,2702,LUAD,HNSCC,4,2,0.27223447,0.0003321502,0.35120067,0.18775831,0.18847442
ALL_core_cancer_type_top95,tabpfn_v1,v1,train,607,BRCA,BRCA,0,0,0.9994777,3.780205e-05,0.00014335559,7.423202e-05,0.00026704636
ALL_core_cancer_type_top95,tabpfn_v1,v1,train,2197,LSCC,LSCC,3,3,0.006381135,0.0011077009,0.019112969,0.9611966,0.012201635
ALL_core_cancer_type_top95,tabpfn_v1,v1,train,1265,ESCA,ESCA,1,1,0.019409534,0.8953738,0.053073265,0.016970586,0.015172723
ALL_core_cancer_type_top95,tabpfn_v1,v1,train,3117,LUAD,LUAD,4,4,0.008159137,0.00024557972,0.0013771913,0.021341857,0.96887624
ALL_core_cancer_type_top95,tabpfn_v1,v1,train,2213,LSCC,LSCC,3,3,0.0022135803,0.0004713888,0.0058287014,0.9859466,0.0055396645
ALL_core_cancer_type_top95,tabpfn_v1,v1,train,1490,HNSCC,HNSCC,2,2,0.27223447,0.0003321502,0.35120067,0.18775831,0.18847442
ALL_core_cancer_type_top95,tabpfn_v1,v1,train,2870,LUAD,LUAD,4,4,0.0022533254,0.00017486009,0.0012779662,0.02756047,0.9687335
ALL_core_cancer_type_top95,tabpfn_v1,v1,train,501,BRCA,LSCC,0,3,0.15430434,0.001750116,0.04551112,0.47617936,0.32225502
ALL_core_cancer_type_top95,tabpfn_v1,v1,train,2113,LSCC,HNSCC,3,2,0.27223447,0.0003321502,0.35120067,0.18775831,0.18847442
ALL_core_cancer_type_top95,tabpfn_v1,v1,train,664,BRCA,BRCA,0,0,0.98616886,0.00041413514,0.003480309,0.0044435193,0.0054932213
ALL_core_cancer_type_top95,tabpfn_v1,v1,train,922,BRCA,BRCA,0,0,0.9741194,0.0010292485,0.0065989704,0.007548279,0.0107040685
ALL_core_cancer_type_top95,tabpfn_v1,v1,train,2456,LSCC,LSCC,3,3,0.0050447555,0.00063906505,0.015767472,0.96795547,0.010593313
ALL_core_cancer_type_top95,tabpfn_v1,v1,train,2933,LUAD,LUAD,4,4,0.17102922,0.027672892,0.06434971,0.13930145,0.5976468
ALL_core_cancer_type_top95,tabpfn_v1,v1,train,1264,ESCA,BRCA,1,0,0.56653327,0.22672345,0.04559424,0.034873854,0.12627518
ALL_core_cancer_type_top95,tabpfn_v1,v1,train,581,BRCA,BRCA,0,0,0.9978352,0.00016061703,0.0006565886,0.00043161682,0.00091591384
ALL_core_cancer_type_top95,tabpfn_v1,v1,train,1103,BRCA,BRCA,0,0,0.99155056,0.00017282479,0.0021355704,0.0026895555,0.0034514938
ALL_core_cancer_type_top95,tabpfn_v1,v1,train,2740,LUAD,LUAD,4,4,0.0014580649,8.862686e-05,0.00046958117,0.0038324802,0.9941513
ALL_core_cancer_type_top95,tabpfn_v1,v1,train,468,BRCA,BRCA,0,0,0.97038853,0.0011257589,0.008035207,0.007509415,0.012941061
ALL_core_cancer_type_top95,tabpfn_v1,v1,train,1355,ESCA,ESCA,1,1,0.001548506,0.9816782,0.011375922,0.0041177366,0.0012795929
ALL_core_cancer_type_top95,tabpfn_v1,v1,train,1791,HNSCC,HNSCC,2,2,0.022515353,0.005888427,0.9488493,0.014485799,0.008261131
ALL_core_cancer_type_top95,tabpfn_v1,v1,train,1608,HNSCC,HNSCC,2,2,0.0025924395,0.0074093947,0.96697026,0.02105394,0.0019739626
ALL_core_cancer_type_top95,tabpfn_v1,v1,train,41,BRCA,HNSCC,0,2,0.27223447,0.0003321502,0.35120067,0.18775831,0.18847442
ALL_core_cancer_type_top95,tabpfn_v1,v1,train,1350,ESCA,ESCA,1,1,0.00440285,0.9773662,0.011419993,0.004657537,0.0021533903
ALL_core_cancer_type_top95,tabpfn_v1,v1,train,2357,LSCC,LSCC,3,3,0.0643551,0.0024090519,0.038042545,0.8667911,0.028402196
ALL_core_cancer_type_top95,tabpfn_v1,v1,train,610,BRCA,BRCA,0,0,0.72500783,0.013978716,0.10063836,0.10516102,0.05521409
ALL_core_cancer_type_top95,tabpfn_v1,v1,train,1584,HNSCC,LSCC,2,3,0.024734864,0.004184708,0.4542837,0.49018,0.026616752
ALL_core_cancer_type_top95,tabpfn_v1,v1,train,2190,LSCC,LSCC,3,3,0.037799988,0.0043756203,0.060129244,0.86116594,0.036529217
ALL_core_cancer_type_top95,tabpfn_v1,v1,train,2255,LSCC,LSCC,3,3,0.006298121,0.0006383614,0.0072104023,0.91944206,0.066411026
ALL_core_cancer_type_top95,tabpfn_v1,v1,train,2787,LUAD,LUAD,4,4,0.07360769,0.0013767981,0.023476522,0.03530367,0.8662353
ALL_core_cancer_type_top95,tabpfn_v1,v1,train,3101,LUAD,LUAD,4,4,0.015892621,0.0032731427,0.011410557,0.101113304,0.86831033
ALL_core_cancer_type_top95,tabpfn_v1,v1,train,651,BRCA,BRCA,0,0,0.5734819,0.013619863,0.22816594,0.115429945,0.06930231
ALL_core_cancer_type_top95,tabpfn_v1,v1,train,1715,HNSCC,HNSCC,2,2,0.14259487,0.0133321155,0.5699387,0.20722228,0.066912025
ALL_core_cancer_type_top95,tabpfn_v1,v1,train,2925,LUAD,LUAD,4,4,0.0016960076,8.056691e-05,0.0005151571,0.010415978,0.9872923
ALL_core_cancer_type_top95,tabpfn_v1,v1,train,366,BRCA,BRCA,0,0,0.9782356,0.001860183,0.007165871,0.005131645,0.0076067084
ALL_core_cancer_type_top95,tabpfn_v1,v1,train,1878,HNSCC,HNSCC,2,2,0.0038999615,0.0049646464,0.9744383,0.014124308,0.002572863
ALL_core_cancer_type_top95,tabpfn_v1,v1,train,963,BRCA,BRCA,0,0,0.995169,0.00087065226,0.0013278179,0.0007011808,0.0019314083
ALL_core_cancer_type_top95,tabpfn_v1,v1,train,2314,LSCC,LSCC,3,3,0.08088469,0.00832739,0.16651191,0.69190854,0.05236747
ALL_core_cancer_type_top95,tabpfn_v1,v1,train,464,BRCA,BRCA,0,0,0.8323436,0.0037780374,0.047188364,0.06626691,0.050423186
ALL_core_cancer_type_top95,tabpfn_v1,v1,train,2735,LUAD,LUAD,4,4,0.026625803,0.0048114983,0.023821678,0.2867831,0.65795785
ALL_core_cancer_type_top95,tabpfn_v1,v1,train,2820,LUAD,LUAD,4,4,0.018060358,0.0015233499,0.007042495,0.10386115,0.8695127
ALL_core_cancer_type_top95,tabpfn_v1,v1,train,2621,LUAD,HNSCC,4,2,0.27223447,0.0003321502,0.35120067,0.18775831,0.18847442
ALL_core_cancer_type_top95,tabpfn_v1,v1,train,1510,HNSCC,HNSCC,2,2,0.009831942,0.0034256927,0.9481237,0.031841412,0.006777252
ALL_core_cancer_type_top95,tabpfn_v1,v1,train,944,BRCA,BRCA,0,0,0.97539353,0.001880659,0.007642995,0.007857287,0.0072254087
ALL_core_cancer_type_top95,tabpfn_v1,v1,train,1331,ESCA,ESCA,1,1,0.0009388749,0.9850306,0.009902023,0.0034590918,0.000669464
ALL_core_cancer_type_top95,tabpfn_v1,v1,train,494,BRCA,BRCA,0,0,0.9277102,0.002113059,0.017843964,0.045171898,0.0071608694
ALL_core_cancer_type_top95,tabpfn_v1,v1,train,2042,LSCC,HNSCC,3,2,0.27223447,0.0003321502,0.35120067,0.18775831,0.18847442
ALL_core_cancer_type_top95,tabpfn_v1,v1,train,2986,LUAD,LUAD,4,4,0.007855184,0.00051419396,0.002995384,0.044239026,0.94439614
ALL_core_cancer_type_top95,tabpfn_v1,v1,train,2753,LUAD,LUAD,4,4,0.005381652,0.001772622,0.008565593,0.26523626,0.7190439
ALL_core_cancer_type_top95,tabpfn_v1,v1,train,2971,LUAD,LUAD,4,4,0.023776837,0.002465221,0.010763938,0.059260428,0.9037335
ALL_core_cancer_type_top95,tabpfn_v1,v1,train,2562,LSCC,LSCC,3,3,0.013176023,0.0068595023,0.0572633,0.8599384,0.062762715
ALL_core_cancer_type_top95,tabpfn_v1,v1,train,1749,HNSCC,HNSCC,2,2,0.285007,0.0143378675,0.55023605,0.07291145,0.077507615
ALL_core_cancer_type_top95,tabpfn_v1,v1,train,2086,LSCC,HNSCC,3,2,0.27223447,0.0003321502,0.35120067,0.18775831,0.18847442
ALL_core_cancer_type_top95,tabpfn_v1,v1,train,3050,LUAD,LUAD,4,4,0.034909897,0.0011763457,0.009941305,0.09315145,0.860821
ALL_core_cancer_type_top95,tabpfn_v1,v1,train,45,BRCA,HNSCC,0,2,0.27223447,0.0003321502,0.35120067,0.18775831,0.18847442
ALL_core_cancer_type_top95,tabpfn_v1,v1,train,2465,LSCC,LSCC,3,3,0.003979231,0.000422045,0.008028666,0.9788279,0.008742162
ALL_core_cancer_type_top95,tabpfn_v1,v1,train,17,BRCA,HNSCC,0,2,0.27223447,0.0003321502,0.35120067,0.18775831,0.18847442
ALL_core_cancer_type_top95,tabpfn_v1,v1,train,2131,LSCC,LSCC,3,3,0.018516332,0.0023767916,0.05752406,0.88047373,0.041109018
ALL_core_cancer_type_top95,tabpfn_v1,v1,train,518,BRCA,BRCA,0,0,0.98502886,0.00091271056,0.004161823,0.0035109324,0.0063856957
ALL_core_cancer_type_top95,tabpfn_v1,v1,train,591,BRCA,BRCA,0,0,0.9260469,0.0023389605,0.017004736,0.0342997,0.020309616
ALL_core_cancer_type_top95,tabpfn_v1,v1,train,2985,LUAD,BRCA,4,0,0.4677197,0.0070014885,0.036412455,0.05034589,0.4385205
ALL_core_cancer_type_top95,tabpfn_v1,v1,train,212,BRCA,BRCA,0,0,0.6866409,0.007074643,0.08286199,0.15994436,0.06347806
ALL_core_cancer_type_top95,tabpfn_v1,v1,train,3074,LUAD,LUAD,4,4,0.003911064,0.00017849561,0.0012789567,0.024807062,0.96982455
ALL_core_cancer_type_top95,tabpfn_v1,v1,train,3020,LUAD,LUAD,4,4,0.0011903076,4.6174122e-05,0.00031004142,0.003237763,0.9952158
ALL_core_cancer_type_top95,tabpfn_v1,v1,train,2032,LSCC,HNSCC,3,2,0.27223447,0.0003321502,0.35120067,0.18775831,0.18847442
ALL_core_cancer_type_top95,tabpfn_v1,v1,train,2052,LSCC,HNSCC,3,2,0.27223447,0.0003321502,0.35120067,0.18775831,0.18847442
ALL_core_cancer_type_top95,tabpfn_v1,v1,train,807,BRCA,BRCA,0,0,0.99638945,0.00025584627,0.0010793397,0.0008596493,0.0014156871
ALL_core_cancer_type_top95,tabpfn_v1,v1,train,3138,LUAD,LUAD,4,4,0.005819589,0.00039357124,0.0019350098,0.022586558,0.9692653
ALL_core_cancer_type_top95,tabpfn_v1,v1,train,1965,HNSCC,HNSCC,2,2,0.019413969,0.0165533,0.90532625,0.04802676,0.010679794
ALL_core_cancer_type_top95,tabpfn_v1,v1,train,2591,LSCC,BRCA,3,0,0.6096366,0.022466764,0.1026439,0.15510303,0.11014966
ALL_core_cancer_type_top95,tabpfn_v1,v1,train,784,BRCA,BRCA,0,0,0.72564626,0.008701118,0.08637424,0.14982216,0.029456211
ALL_core_cancer_type_top95,tabpfn_v1,v1,train,1970,HNSCC,HNSCC,2,2,0.0010001803,0.022110078,0.9688803,0.006996401,0.0010131056
ALL_core_cancer_type_top95,tabpfn_v1,v1,train,191,BRCA,BRCA,0,0,0.86329776,0.0022783454,0.028377846,0.08482226,0.021223783
ALL_core_cancer_type_top95,tabpfn_v1,v1,train,811,BRCA,BRCA,0,0,0.875638,0.0043307436,0.03280202,0.0471043,0.04012497
ALL_core_cancer_type_top95,tabpfn_v1,v1,train,2698,LUAD,HNSCC,4,2,0.27223447,0.0003321502,0.35120067,0.18775831,0.18847442
ALL_core_cancer_type_top95,tabpfn_v1,v1,train,1586,HNSCC,HNSCC,2,2,0.002415146,0.002939217,0.9835554,0.009718945,0.0013712662
ALL_core_cancer_type_top95,tabpfn_v1,v1,train,1867,HNSCC,HNSCC,2,2,0.02405749,0.0027892438,0.7820614,0.17078193,0.020309858
ALL_core_cancer_type_top95,tabpfn_v1,v1,train,1228,ESCA,ESCA,1,1,0.24979444,0.5807101,0.101328745,0.027675413,0.040491316
ALL_core_cancer_type_top95,tabpfn_v1,v1,train,1928,HNSCC,HNSCC,2,2,0.007921024,0.002718742,0.97042453,0.013617675,0.005318043
ALL_core_cancer_type_top95,tabpfn_v1,v1,train,50,BRCA,HNSCC,0,2,0.27223447,0.0003321502,0.35120067,0.18775831,0.18847442
ALL_core_cancer_type_top95,tabpfn_v1,v1,train,1781,HNSCC,HNSCC,2,2,0.0042443047,0.016124986,0.945533,0.031301636,0.0027960164
ALL_core_cancer_type_top95,tabpfn_v1,v1,train,2493,LSCC,LSCC,3,3,0.15189438,0.020484213,0.18990362,0.57810926,0.059608508
ALL_core_cancer_type_top95,tabpfn_v1,v1,train,667,BRCA,BRCA,0,0,0.9807935,0.0004917855,0.0051304814,0.007193103,0.0063911555
ALL_core_cancer_type_top95,tabpfn_v1,v1,train,1530,HNSCC,HNSCC,2,2,0.0036561096,0.006906481,0.96529907,0.020906214,0.003232112
ALL_core_cancer_type_top95,tabpfn_v1,v1,train,1559,HNSCC,HNSCC,2,2,0.0010123134,0.0041888603,0.98794717,0.0061526266,0.0006990364
ALL_core_cancer_type_top95,tabpfn_v1,v1,train,2835,LUAD,LUAD,4,4,0.08649276,0.004610185,0.060295116,0.33340317,0.5151987
ALL_core_cancer_type_top95,tabpfn_v1,v1,train,993,BRCA,BRCA,0,0,0.9937284,0.00023020548,0.0016478951,0.001678295,0.002715143
ALL_core_cancer_type_top95,tabpfn_v1,v1,train,1604,HNSCC,HNSCC,2,2,0.12471257,0.084514774,0.68933237,0.06532552,0.036114823
ALL_core_cancer_type_top95,tabpfn_v1,v1,train,299,BRCA,BRCA,0,0,0.98819774,0.0012281084,0.0034686208,0.0025111607,0.004594459
ALL_core_cancer_type_top95,tabpfn_v1,v1,train,739,BRCA,BRCA,0,0,0.989655,0.001022149,0.003175076,0.0024663503,0.0036813386
ALL_core_cancer_type_top95,tabpfn_v1,v1,train,2622,LUAD,HNSCC,4,2,0.27223447,0.0003321502,0.35120067,0.18775831,0.18847442
ALL_core_cancer_type_top95,tabpfn_v1,v1,train,1215,ESCA,ESCA,1,1,0.0064126384,0.9483414,0.029016104,0.007789246,0.0084406445
ALL_core_cancer_type_top95,tabpfn_v1,v1,train,1599,HNSCC,HNSCC,2,2,0.0006340064,0.0013931929,0.99486285,0.0026141754,0.00049578235
ALL_core_cancer_type_top95,tabpfn_v1,v1,train,1622,HNSCC,HNSCC,2,2,0.00813672,0.004877846,0.9762733,0.0070847943,0.0036272588
ALL_core_cancer_type_top95,tabpfn_v1,v1,train,1441,HNSCC,HNSCC,2,2,0.27223447,0.0003321502,0.35120067,0.18775831,0.18847442
ALL_core_cancer_type_top95,tabpfn_v1,v1,train,926,BRCA,BRCA,0,0,0.955307,0.0030941525,0.015006302,0.013850945,0.012741581
ALL_core_cancer_type_top95,tabpfn_v1,v1,train,1628,HNSCC,HNSCC,2,2,0.11901194,0.012097524,0.7098808,0.11160426,0.047405403
ALL_core_cancer_type_top95,tabpfn_v1,v1,train,1879,HNSCC,HNSCC,2,2,0.002630047,0.0014857932,0.9822713,0.011945523,0.0016673111
ALL_core_cancer_type_top95,tabpfn_v1,v1,train,452,BRCA,BRCA,0,0,0.6232416,0.018433355,0.12093933,0.16552429,0.07186146
ALL_core_cancer_type_top95,tabpfn_v1,v1,train,1090,BRCA,BRCA,0,0,0.79242766,0.0071749324,0.05849524,0.106319554,0.035582718
ALL_core_cancer_type_top95,tabpfn_v1,v1,train,2929,LUAD,LUAD,4,4,0.0015981185,0.00011075091,0.00061315036,0.0038371324,0.99384093
ALL_core_cancer_type_top95,tabpfn_v1,v1,train,1153,BRCA,BRCA,0,0,0.98024094,0.0008519052,0.0052610463,0.0052599628,0.008386108
ALL_core_cancer_type_top95,tabpfn_v1,v1,train,2895,LUAD,LUAD,4,4,0.0018042608,0.00013972401,0.0004894483,0.002620824,0.9949457
ALL_core_cancer_type_top95,tabpfn_v1,v1,train,2817,LUAD,LUAD,4,4,0.0016696579,8.19601e-05,0.0004251132,0.007254472,0.9905689
ALL_core_cancer_type_top95,tabpfn_v1,v1,train,529,BRCA,BRCA,0,0,0.98515195,0.00028898835,0.004548591,0.0050192936,0.0049913116
ALL_core_cancer_type_top95,tabpfn_v1,v1,train,1117,BRCA,BRCA,0,0,0.9973642,0.00036754415,0.0007470293,0.00041958733,0.0011016633
ALL_core_cancer_type_top95,tabpfn_v1,v1,train,2017,HNSCC,HNSCC,2,2,0.051060725,0.058097,0.57519233,0.28836036,0.02728959
ALL_core_cancer_type_top95,tabpfn_v1,v1,train,329,BRCA,BRCA,0,0,0.99667156,0.00013243993,0.0008829165,0.0009123062,0.0014008479
ALL_core_cancer_type_top95,tabpfn_v1,v1,train,761,BRCA,BRCA,0,0,0.999005,2.9867399e-05,0.00030491955,0.00023382291,0.0004264061
ALL_core_cancer_type_top95,tabpfn_v1,v1,train,1223,ESCA,ESCA,1,1,0.008558343,0.9531146,0.025469916,0.009492656,0.0033644843
ALL_core_cancer_type_top95,tabpfn_v1,v1,train,1990,HNSCC,HNSCC,2,2,0.059395168,0.0052119205,0.7000853,0.18578635,0.04952128
ALL_core_cancer_type_top95,tabpfn_v1,v1,train,1005,BRCA,BRCA,0,0,0.9012476,0.0009390404,0.025199069,0.041748475,0.030865772
ALL_core_cancer_type_top95,tabpfn_v1,v1,train,2036,LSCC,HNSCC,3,2,0.27223447,0.0003321502,0.35120067,0.18775831,0.18847442
ALL_core_cancer_type_top95,tabpfn_v1,v1,train,3088,LUAD,LUAD,4,4,0.03422904,0.0018077466,0.0063769426,0.0140649285,0.94352126
ALL_core_cancer_type_top95,tabpfn_v1,v1,train,3002,LUAD,LUAD,4,4,0.0066035637,0.0006815559,0.003081561,0.041547533,0.9480858
ALL_core_cancer_type_top95,tabpfn_v1,v1,train,1326,ESCA,ESCA,1,1,0.004980856,0.9676917,0.017003143,0.0052573937,0.005066862
ALL_core_cancer_type_top95,tabpfn_v1,v1,train,2880,LUAD,LUAD,4,4,0.03519414,0.0021116587,0.014554135,0.23780599,0.71033406
ALL_core_cancer_type_top95,tabpfn_v1,v1,train,781,BRCA,BRCA,0,0,0.9968058,3.9609222e-05,0.0008060221,0.00080837955,0.00154026
ALL_core_cancer_type_top95,tabpfn_v1,v1,train,2347,LSCC,LSCC,3,3,0.034455184,0.00085179857,0.02281508,0.8692149,0.07266295
ALL_core_cancer_type_top95,tabpfn_v1,v1,train,2565,LSCC,LSCC,3,3,0.030164853,0.00091093435,0.011727848,0.50295955,0.4542368
ALL_core_cancer_type_top95,tabpfn_v1,v1,train,26,BRCA,HNSCC,0,2,0.27223447,0.0003321502,0.35120067,0.18775831,0.18847442
ALL_core_cancer_type_top95,tabpfn_v1,v1,train,1952,HNSCC,HNSCC,2,2,0.052983582,0.0053759404,0.7680488,0.14465334,0.028938275
ALL_core_cancer_type_top95,tabpfn_v1,v1,train,2717,LUAD,HNSCC,4,2,0.27223447,0.0003321502,0.35120067,0.18775831,0.18847442
ALL_core_cancer_type_top95,tabpfn_v1,v1,train,1642,HNSCC,HNSCC,2,2,0.1473393,0.0035901538,0.53738135,0.21779509,0.09389416
ALL_core_cancer_type_top95,tabpfn_v1,v1,val,1802,HNSCC,HNSCC,2,2,0.022030847,0.0029095595,0.918511,0.040969692,0.015579002
ALL_core_cancer_type_top95,tabpfn_v1,v1,val,1795,HNSCC,HNSCC,2,2,0.003612762,0.0051212823,0.9800961,0.009067121,0.0021027424
ALL_core_cancer_type_top95,tabpfn_v1,v1,val,1166,BRCA,BRCA,0,0,0.94006246,0.0033689626,0.018322472,0.022875762,0.015370315
ALL_core_cancer_type_top95,tabpfn_v1,v1,val,2251,LSCC,LSCC,3,3,0.09268323,0.0065890914,0.16091731,0.67596763,0.063842766
ALL_core_cancer_type_top95,tabpfn_v1,v1,val,855,BRCA,BRCA,0,0,0.99739623,0.00011831783,0.00079387886,0.00055489,0.001136664
ALL_core_cancer_type_top95,tabpfn_v1,v1,val,1170,BRCA,BRCA,0,0,0.9870597,0.0010303564,0.0034806102,0.0028420745,0.0055873264
ALL_core_cancer_type_top95,tabpfn_v1,v1,val,377,BRCA,BRCA,0,0,0.8958888,0.01079931,0.042916737,0.02552169,0.024873449
ALL_core_cancer_type_top95,tabpfn_v1,v1,val,1428,HNSCC,HNSCC,2,2,0.2722344,0.00033215014,0.3512009,0.18775819,0.18847427
ALL_core_cancer_type_top95,tabpfn_v1,v1,val,1537,HNSCC,HNSCC,2,2,0.05002567,0.015234784,0.9007728,0.020314256,0.013652504
ALL_core_cancer_type_top95,tabpfn_v1,v1,val,1198,BRCA,LUAD,0,4,0.27656856,0.0029747237,0.058050964,0.19044244,0.47196332
ALL_core_cancer_type_top95,tabpfn_v1,v1,val,479,BRCA,BRCA,0,0,0.9786605,0.0013048126,0.007980573,0.0067585004,0.005295527
ALL_core_cancer_type_top95,tabpfn_v1,v1,val,1280,ESCA,ESCA,1,1,0.22967184,0.37039927,0.17571692,0.14074564,0.08346635
ALL_core_cancer_type_top95,tabpfn_v1,v1,val,1506,HNSCC,HNSCC,2,2,0.06935534,0.008540186,0.77253634,0.10938389,0.040184297
ALL_core_cancer_type_top95,tabpfn_v1,v1,val,2804,LUAD,LUAD,4,4,0.008271195,0.00059950486,0.0028985587,0.03186088,0.9563699
ALL_core_cancer_type_top95,tabpfn_v1,v1,val,2937,LUAD,LUAD,4,4,0.15096153,0.018085426,0.044804204,0.07604205,0.71010685
ALL_core_cancer_type_top95,tabpfn_v1,v1,val,2089,LSCC,HNSCC,3,2,0.2722344,0.00033215014,0.3512009,0.18775819,0.18847427
ALL_core_cancer_type_top95,tabpfn_v1,v1,val,812,BRCA,BRCA,0,0,0.7892822,0.01051698,0.06337907,0.11068577,0.026135977
ALL_core_cancer_type_top95,tabpfn_v1,v1,val,685,BRCA,BRCA,0,0,0.9781406,0.0009376591,0.006952452,0.006663377,0.007305938
ALL_core_cancer_type_top95,tabpfn_v1,v1,val,157,BRCA,BRCA,0,0,0.9984511,0.00011659134,0.00031078307,0.00016677685,0.0009546632
ALL_core_cancer_type_top95,tabpfn_v1,v1,val,2389,LSCC,LSCC,3,3,0.024292544,0.00044641836,0.010148393,0.84770733,0.11740528
ALL_core_cancer_type_top95,tabpfn_v1,v1,val,925,BRCA,BRCA,0,0,0.9974807,0.0002033989,0.0007810205,0.0005299538,0.0010050006
ALL_core_cancer_type_top95,tabpfn_v1,v1,val,1342,ESCA,ESCA,1,1,0.27690294,0.34009632,0.13867238,0.13497885,0.10934944
ALL_core_cancer_type_top95,tabpfn_v1,v1,val,477,BRCA,BRCA,0,0,0.99800676,6.0274724e-05,0.0006401484,0.0005045634,0.0007881954
ALL_core_cancer_type_top95,tabpfn_v1,v1,val,2501,LSCC,LSCC,3,3,0.17650524,0.003314938,0.08163094,0.6295929,0.10895599
ALL_core_cancer_type_top95,tabpfn_v1,v1,val,1177,BRCA,BRCA,0,0,0.99546057,0.0001761215,0.0014432428,0.0011719562,0.0017481175
ALL_core_cancer_type_top95,tabpfn_v1,v1,val,602,BRCA,BRCA,0,0,0.9174808,0.0027423915,0.028773325,0.035191845,0.015811592
ALL_core_cancer_type_top95,tabpfn_v1,v1,val,2388,LSCC,LSCC,3,3,0.021846592,0.002601017,0.15863623,0.79079777,0.026118368
ALL_core_cancer_type_top95,tabpfn_v1,v1,val,1134,BRCA,BRCA,0,0,0.9977568,0.00026184204,0.00054445874,0.00032410663,0.0011128535
ALL_core_cancer_type_top95,tabpfn_v1,v1,val,1782,HNSCC,BRCA,2,0,0.44697553,0.013470906,0.3423262,0.06820903,0.12901834
ALL_core_cancer_type_top95,tabpfn_v1,v1,val,192,BRCA,BRCA,0,0,0.92210835,0.0026201995,0.02640748,0.027606936,0.021257104
ALL_core_cancer_type_top95,tabpfn_v1,v1,val,1443,HNSCC,HNSCC,2,2,0.2722344,0.00033215014,0.3512009,0.18775819,0.18847427
ALL_core_cancer_type_top95,tabpfn_v1,v1,val,1883,HNSCC,HNSCC,2,2,0.02120513,0.0028215672,0.91306955,0.049568754,0.013334948
ALL_core_cancer_type_top95,tabpfn_v1,v1,val,2143,LSCC,LSCC,3,3,0.033642847,0.0062747854,0.12882325,0.8096093,0.021649862
ALL_core_cancer_type_top95,tabpfn_v1,v1,val,169,BRCA,BRCA,0,0,0.9904702,0.0001865042,0.002312888,0.0027433657,0.0042870324
ALL_core_cancer_type_top95,tabpfn_v1,v1,val,100,BRCA,HNSCC,0,2,0.2722344,0.00033215014,0.3512009,0.18775819,0.18847427
ALL_core_cancer_type_top95,tabpfn_v1,v1,val,445,BRCA,BRCA,0,0,0.98786736,0.00040178906,0.0038794281,0.00356328,0.0042880806
ALL_core_cancer_type_top95,tabpfn_v1,v1,val,2831,LUAD,LSCC,4,3,0.13433897,0.01212438,0.0944151,0.40986106,0.34926042
ALL_core_cancer_type_top95,tabpfn_v1,v1,val,548,BRCA,LSCC,0,3,0.37713638,0.009828774,0.13086234,0.42811877,0.054053783
ALL_core_cancer_type_top95,tabpfn_v1,v1,val,2253,LSCC,LSCC,3,3,0.018799057,0.0012356952,0.018472513,0.9205442,0.040948555
ALL_core_cancer_type_top95,tabpfn_v1,v1,val,2422,LSCC,LSCC,3,3,0.030927503,0.015267967,0.17149113,0.75590676,0.026406623
ALL_core_cancer_type_top95,tabpfn_v1,v1,val,711,BRCA,BRCA,0,0,0.9501346,0.002205157,0.015378569,0.019213079,0.013068613
ALL_core_cancer_type_top95,tabpfn_v1,v1,val,2527,LSCC,BRCA,3,0,0.3723485,0.017078454,0.19613998,0.3232422,0.09119094
ALL_core_cancer_type_top95,tabpfn_v1,v1,val,857,BRCA,BRCA,0,0,0.99748105,0.00025205634,0.00076707016,0.00047921567,0.0010206375
ALL_core_cancer_type_top95,tabpfn_v1,v1,val,2845,LUAD,LUAD,4,4,0.07372074,0.016591474,0.013332498,0.0108221965,0.8855331
ALL_core_cancer_type_top95,tabpfn_v1,v1,val,2098,LSCC,HNSCC,3,2,0.2722344,0.00033215014,0.3512009,0.18775819,0.18847427
ALL_core_cancer_type_top95,tabpfn_v1,v1,val,968,BRCA,BRCA,0,0,0.99193454,0.00036792588,0.0030920866,0.002161168,0.0024442694
ALL_core_cancer_type_top95,tabpfn_v1,v1,val,1708,HNSCC,HNSCC,2,2,0.06907456,0.01461247,0.6129042,0.2707181,0.03269067
ALL_core_cancer_type_top95,tabpfn_v1,v1,val,1854,HNSCC,HNSCC,2,2,0.17598253,0.006432776,0.38349068,0.3346132,0.09948079
ALL_core_cancer_type_top95,tabpfn_v1,v1,val,1908,HNSCC,HNSCC,2,2,0.002511072,0.015546708,0.97421956,0.006232882,0.0014897925
ALL_core_cancer_type_top95,tabpfn_v1,v1,val,1869,HNSCC,HNSCC,2,2,0.0020535788,0.03082051,0.9425326,0.023085905,0.0015073525
ALL_core_cancer_type_top95,tabpfn_v1,v1,val,133,BRCA,BRCA,0,0,0.99785775,0.00017629341,0.0007748194,0.0003656614,0.00082537794
ALL_core_cancer_type_top95,tabpfn_v1,v1,val,2522,LSCC,LSCC,3,3,0.052744407,0.0016140806,0.055706177,0.82633716,0.06359822
ALL_core_cancer_type_top95,tabpfn_v1,v1,val,2665,LUAD,HNSCC,4,2,0.2722344,0.00033215014,0.3512009,0.18775819,0.18847427
ALL_core_cancer_type_top95,tabpfn_v1,v1,val,3210,LUAD,LUAD,4,4,0.008778204,0.0007135442,0.0038257395,0.088936426,0.89774615
ALL_core_cancer_type_top95,tabpfn_v1,v1,val,539,BRCA,BRCA,0,0,0.9971885,8.9637855e-05,0.00089511427,0.000745851,0.0010809425
ALL_core_cancer_type_top95,tabpfn_v1,v1,val,2064,LSCC,HNSCC,3,2,0.2722344,0.00033215014,0.3512009,0.18775819,0.18847427
ALL_core_cancer_type_top95,tabpfn_v1,v1,val,1881,HNSCC,HNSCC,2,2,0.016093843,0.014946805,0.90825534,0.052106984,0.008597011
ALL_core_cancer_type_top95,tabpfn_v1,v1,val,2437,LSCC,BRCA,3,0,0.41136292,0.050501868,0.22003692,0.19407,0.12402827
ALL_core_cancer_type_top95,tabpfn_v1,v1,val,365,BRCA,BRCA,0,0,0.8848156,0.002290646,0.02877287,0.044372533,0.039748438
ALL_core_cancer_type_top95,tabpfn_v1,v1,val,239,BRCA,BRCA,0,0,0.9985689,5.6365145e-05,0.00034134038,0.00022447473,0.0008089885
ALL_core_cancer_type_top95,tabpfn_v1,v1,val,506,BRCA,BRCA,0,0,0.99779946,4.066004e-05,0.0006919416,0.00054707937,0.0009208299
ALL_core_cancer_type_top95,tabpfn_v1,v1,val,915,BRCA,BRCA,0,0,0.80745065,0.0033890675,0.04159784,0.050312288,0.09725012
ALL_core_cancer_type_top95,tabpfn_v1,v1,val,2685,LUAD,HNSCC,4,2,0.2722344,0.00033215014,0.3512009,0.18775819,0.18847427
ALL_core_cancer_type_top95,tabpfn_v1,v1,val,534,BRCA,BRCA,0,0,0.9431919,0.0015290107,0.0160434,0.027851885,0.0113838585
ALL_core_cancer_type_top95,tabpfn_v1,v1,val,2130,LSCC,BRCA,3,0,0.39220417,0.034547962,0.24194115,0.2151959,0.116110824
ALL_core_cancer_type_top95,tabpfn_v1,v1,val,204,BRCA,BRCA,0,0,0.9980831,0.00032355348,0.0005437605,0.0002325411,0.0008170036
ALL_core_cancer_type_top95,tabpfn_v1,v1,val,3091,LUAD,LUAD,4,4,0.00220637,0.00021407449,0.0009505289,0.011849333,0.9847798
ALL_core_cancer_type_top95,tabpfn_v1,v1,val,2423,LSCC,LSCC,3,3,0.007587355,0.0021179533,0.025019,0.9215047,0.043770995
ALL_core_cancer_type_top95,tabpfn_v1,v1,val,527,BRCA,BRCA,0,0,0.9984889,4.0671104e-05,0.0005107397,0.0003543907,0.0006052599
ALL_core_cancer_type_top95,tabpfn_v1,v1,val,901,BRCA,BRCA,0,0,0.9937425,0.00097206794,0.0014016019,0.00074682164,0.0031368672
ALL_core_cancer_type_top95,tabpfn_v1,v1,val,2830,LUAD,LUAD,4,4,0.05566741,0.002144963,0.005785828,0.02192686,0.91447496
ALL_core_cancer_type_top95,tabpfn_v1,v1,val,1701,HNSCC,HNSCC,2,2,0.021319848,0.010874596,0.9295576,0.027244266,0.011003701
ALL_core_cancer_type_top95,tabpfn_v1,v1,val,1547,HNSCC,HNSCC,2,2,0.0013310708,0.0045561492,0.98953116,0.0038688558,0.0007127855
ALL_core_cancer_type_top95,tabpfn_v1,v1,val,2199,LSCC,LSCC,3,3,0.1370373,0.006615846,0.073647775,0.43095255,0.3517465
ALL_core_cancer_type_top95,tabpfn_v1,v1,val,1253,ESCA,ESCA,1,1,0.009419189,0.90889096,0.055641748,0.020748615,0.0052994965
ALL_core_cancer_type_top95,tabpfn_v1,v1,val,1018,BRCA,BRCA,0,0,0.9541296,0.0011574627,0.010128087,0.017803373,0.016781481
ALL_core_cancer_type_top95,tabpfn_v1,v1,val,1004,BRCA,BRCA,0,0,0.93172693,0.0014151729,0.02129352,0.02546592,0.020098435
ALL_core_cancer_type_top95,tabpfn_v1,v1,val,1073,BRCA,BRCA,0,0,0.9992791,3.6170473e-05,0.00021471937,0.000106577805,0.0003636045
ALL_core_cancer_type_top95,tabpfn_v1,v1,val,906,BRCA,BRCA,0,0,0.9967775,0.00016229595,0.0009522884,0.0007322497,0.0013757842
ALL_core_cancer_type_top95,tabpfn_v1,v1,val,1486,HNSCC,HNSCC,2,2,0.2722344,0.00033215014,0.3512009,0.18775819,0.18847427
ALL_core_cancer_type_top95,tabpfn_v1,v1,val,1723,HNSCC,HNSCC,2,2,0.0075850557,0.0041800328,0.97920907,0.0053838035,0.003641985
ALL_core_cancer_type_top95,tabpfn_v1,v1,val,532,BRCA,BRCA,0,0,0.99614245,0.0005183632,0.0012563042,0.0006535538,0.0014293296
ALL_core_cancer_type_top95,tabpfn_v1,v1,val,1471,HNSCC,HNSCC,2,2,0.2722344,0.00033215014,0.3512009,0.18775819,0.18847427
ALL_core_cancer_type_top95,tabpfn_v1,v1,val,1595,HNSCC,HNSCC,2,2,0.0015712742,0.004032302,0.9813401,0.011897526,0.0011588198
ALL_core_cancer_type_top95,tabpfn_v1,v1,val,1845,HNSCC,HNSCC,2,2,0.09599111,0.006065448,0.7359013,0.111480765,0.050561454
ALL_core_cancer_type_top95,tabpfn_v1,v1,val,2521,LSCC,LSCC,3,3,0.054652058,0.0082872175,0.1673375,0.7385524,0.031170845
ALL_core_cancer_type_top95,tabpfn_v1,v1,val,1081,BRCA,BRCA,0,0,0.9295898,0.013918245,0.021635633,0.02310226,0.011753962
ALL_core_cancer_type_top95,tabpfn_v1,v1,val,1893,HNSCC,HNSCC,2,2,0.055814575,0.038275845,0.86369044,0.025296837,0.016922336
ALL_core_cancer_type_top95,tabpfn_v1,v1,val,894,BRCA,BRCA,0,0,0.99922633,3.6735088e-05,0.0002157271,0.00012791577,0.0003933402
ALL_core_cancer_type_top95,tabpfn_v1,v1,val,892,BRCA,BRCA,0,0,0.6552805,0.005603013,0.07286336,0.2278179,0.038435366
ALL_core_cancer_type_top95,tabpfn_v1,v1,val,438,BRCA,BRCA,0,0,0.98191434,0.0008014116,0.0057956954,0.005860695,0.005627952
ALL_core_cancer_type_top95,tabpfn_v1,v1,val,1935,HNSCC,HNSCC,2,2,0.011068499,0.057834156,0.88428706,0.040184096,0.006626162
ALL_core_cancer_type_top95,tabpfn_v1,v1,val,2853,LUAD,LSCC,4,3,0.042382825,0.003514319,0.027958183,0.5383501,0.38779455
ALL_core_cancer_type_top95,tabpfn_v1,v1,val,22,BRCA,HNSCC,0,2,0.2722344,0.00033215014,0.3512009,0.18775819,0.18847427
ALL_core_cancer_type_top95,tabpfn_v1,v1,val,3193,LUAD,LUAD,4,4,0.12531921,0.004202231,0.040228724,0.17424826,0.65600157
ALL_core_cancer_type_top95,tabpfn_v1,v1,val,2672,LUAD,HNSCC,4,2,0.2722344,0.00033215014,0.3512009,0.18775819,0.18847427
ALL_core_cancer_type_top95,tabpfn_v1,v1,val,3053,LUAD,LUAD,4,4,0.15584189,0.0036151311,0.021528507,0.08374262,0.7352718
ALL_core_cancer_type_top95,tabpfn_v1,v1,val,904,BRCA,BRCA,0,0,0.9952011,0.00020190228,0.0015887192,0.0010519244,0.0019562957
ALL_core_cancer_type_top95,tabpfn_v1,v1,val,2911,LUAD,LUAD,4,4,0.0021190476,0.00011570231,0.0010001232,0.023552492,0.9732126
ALL_core_cancer_type_top95,tabpfn_v1,v1,val,1440,HNSCC,HNSCC,2,2,0.2722344,0.00033215014,0.3512009,0.18775819,0.18847427
ALL_core_cancer_type_top95,tabpfn_v1,v1,val,425,BRCA,BRCA,0,0,0.978227,0.0015517467,0.007604089,0.0062784944,0.006338699
ALL_core_cancer_type_top95,tabpfn_v1,v1,val,1942,HNSCC,HNSCC,2,2,0.04323122,0.03723493,0.8658123,0.039607372,0.014114116
ALL_core_cancer_type_top95,tabpfn_v1,v1,val,836,BRCA,BRCA,0,0,0.9423612,0.0005202475,0.012746146,0.020525174,0.02384728
ALL_core_cancer_type_top95,tabpfn_v1,v1,val,1442,HNSCC,HNSCC,2,2,0.2722344,0.00033215014,0.3512009,0.18775819,0.18847427
ALL_core_cancer_type_top95,tabpfn_v1,v1,val,934,BRCA,BRCA,0,0,0.98377186,0.0017200102,0.0059912396,0.0037198768,0.004796968
ALL_core_cancer_type_top95,tabpfn_v1,v1,val,1611,HNSCC,HNSCC,2,2,0.017301355,0.004029802,0.9619342,0.010788461,0.0059461244
ALL_core_cancer_type_top95,tabpfn_v1,v1,val,1507,HNSCC,HNSCC,2,2,0.084876925,0.0044393837,0.5297471,0.3097332,0.07120341
ALL_core_cancer_type_top95,tabpfn_v1,v1,val,723,BRCA,BRCA,0,0,0.86792517,0.0067320187,0.046302352,0.04429584,0.034744572
ALL_core_cancer_type_top95,tabpfn_v1,v1,val,1899,HNSCC,HNSCC,2,2,0.012131755,0.008785624,0.95801276,0.015068084,0.006001818
ALL_core_cancer_type_top95,tabpfn_v1,v1,val,1649,HNSCC,HNSCC,2,2,0.054981716,0.006822598,0.891278,0.029318823,0.017598817
ALL_core_cancer_type_top95,tabpfn_v1,v1,val,226,BRCA,BRCA,0,0,0.38934654,0.0025905068,0.06927583,0.22013022,0.31865695
ALL_core_cancer_type_top95,tabpfn_v1,v1,val,1330,ESCA,ESCA,1,1,0.04403376,0.73114496,0.15145847,0.059856787,0.0135060195
ALL_core_cancer_type_top95,tabpfn_v1,v1,val,38,BRCA,HNSCC,0,2,0.2722344,0.00033215014,0.3512009,0.18775819,0.18847427
ALL_core_cancer_type_top95,tabpfn_v1,v1,val,2667,LUAD,HNSCC,4,2,0.2722344,0.00033215014,0.3512009,0.18775819,0.18847427
ALL_core_cancer_type_top95,tabpfn_v1,v1,val,2570,LSCC,LSCC,3,3,0.13406,0.0042124437,0.09851625,0.62526375,0.13794754
ALL_core_cancer_type_top95,tabpfn_v1,v1,val,780,BRCA,BRCA,0,0,0.99383074,0.0001630419,0.0015763784,0.0017274289,0.0027024096
ALL_core_cancer_type_top95,tabpfn_v1,v1,val,2128,LSCC,LSCC,3,3,0.3285186,0.003729961,0.07072539,0.4183917,0.17863435
ALL_core_cancer_type_top95,tabpfn_v1,v1,val,1257,ESCA,BRCA,1,0,0.39210206,0.29474437,0.13768852,0.08097863,0.094486415
ALL_core_cancer_type_top95,tabpfn_v1,v1,val,744,BRCA,BRCA,0,0,0.98572296,0.000350084,0.0035428065,0.0034493767,0.0069347387
ALL_core_cancer_type_top95,tabpfn_v1,v1,val,1171,BRCA,BRCA,0,0,0.98972845,0.000371828,0.0027702388,0.0030680276,0.004061438
ALL_core_cancer_type_top95,tabpfn_v1,v1,val,1978,HNSCC,HNSCC,2,2,0.022570884,0.0049553416,0.9261564,0.032362346,0.013954994
ALL_core_cancer_type_top95,tabpfn_v1,v1,val,2229,LSCC,LSCC,3,3,0.0031822883,0.0013852434,0.04854611,0.94211596,0.0047704265
ALL_core_cancer_type_top95,tabpfn_v1,v1,val,1368,ESCA,ESCA,1,1,0.004009377,0.8790269,0.09747506,0.016260168,0.0032284711
ALL_core_cancer_type_top95,tabpfn_v1,v1,val,2826,LUAD,LUAD,4,4,0.00610947,0.0008085247,0.0050412193,0.043752648,0.94428813
ALL_core_cancer_type_top95,tabpfn_v1,v1,val,755,BRCA,BRCA,0,0,0.8492586,0.009019694,0.050339524,0.05624612,0.03513611
ALL_core_cancer_type_top95,tabpfn_v1,v1,val,1678,HNSCC,HNSCC,2,2,0.008218418,0.009171971,0.96018827,0.01835333,0.004067923
ALL_core_cancer_type_top95,tabpfn_v1,v1,val,224,BRCA,BRCA,0,0,0.9344762,0.0139917405,0.020871928,0.0149666695,0.015693396
ALL_core_cancer_type_top95,tabpfn_v1,v1,val,913,BRCA,BRCA,0,0,0.95105904,0.0044631045,0.016474407,0.017187385,0.010816114
ALL_core_cancer_type_top95,tabpfn_v1,v1,val,1917,HNSCC,HNSCC,2,2,0.051415324,0.029458454,0.8445466,0.055558298,0.019021234
ALL_core_cancer_type_top95,tabpfn_v1,v1,val,2304,LSCC,BRCA,3,0,0.49174345,0.029354885,0.16512974,0.19763726,0.1161346
ALL_core_cancer_type_top95,tabpfn_v1,v1,val,977,BRCA,BRCA,0,0,0.9942595,0.000780497,0.0016342904,0.0011646035,0.0021610183
ALL_core_cancer_type_top95,tabpfn_v1,v1,val,2242,LSCC,LSCC,3,3,0.09124514,0.016907718,0.16757385,0.6641335,0.060139798
ALL_core_cancer_type_top95,tabpfn_v1,v1,val,1773,HNSCC,HNSCC,2,2,0.11999062,0.062944226,0.5788844,0.18780111,0.05037966
ALL_core_cancer_type_top95,tabpfn_v1,v1,val,939,BRCA,BRCA,0,0,0.7429586,0.028464677,0.07325863,0.08166419,0.07365381
ALL_core_cancer_type_top95,tabpfn_v1,v1,val,3148,LUAD,LUAD,4,4,0.046731155,0.0054912996,0.04619079,0.32356924,0.57801753
ALL_core_cancer_type_top95,tabpfn_v1,v1,val,1158,BRCA,BRCA,0,0,0.98322785,0.00041251746,0.0040919348,0.0043683094,0.007899373
ALL_core_cancer_type_top95,tabpfn_v1,v1,val,2902,LUAD,LUAD,4,4,0.005597368,0.0023694274,0.009361776,0.120628014,0.8620435
ALL_core_cancer_type_top95,tabpfn_v1,v1,val,1750,HNSCC,HNSCC,2,2,0.038859233,0.017904066,0.8793773,0.049709428,0.014149933
ALL_core_cancer_type_top95,tabpfn_v1,v1,val,332,BRCA,BRCA,0,0,0.9840732,0.0005471201,0.0047789593,0.0065121464,0.0040885415
ALL_core_cancer_type_top95,tabpfn_v1,v1,val,528,BRCA,BRCA,0,0,0.99952006,3.0222998e-05,0.00016502259,8.032885e-05,0.00020431726
ALL_core_cancer_type_top95,tabpfn_v1,v1,val,1108,BRCA,BRCA,0,0,0.54005635,0.01602715,0.15973438,0.21795115,0.066231
ALL_core_cancer_type_top95,tabpfn_v1,v1,val,927,BRCA,BRCA,0,0,0.98487985,0.00064434984,0.005117272,0.0054417048,0.00391686
ALL_core_cancer_type_top95,tabpfn_v1,v1,val,697,BRCA,BRCA,0,0,0.99244225,0.0003182992,0.0022393428,0.0017661725,0.0032339785
ALL_core_cancer_type_top95,tabpfn_v1,v1,val,907,BRCA,BRCA,0,0,0.9992937,2.1401342e-05,0.0002464881,0.00016236478,0.00027597565
ALL_core_cancer_type_top95,tabpfn_v1,v1,val,712,BRCA,BRCA,0,0,0.9993362,9.357878e-05,0.00014633151,5.922875e-05,0.00036464402
ALL_core_cancer_type_top95,tabpfn_v1,v1,val,2697,LUAD,HNSCC,4,2,0.2722344,0.00033215014,0.3512009,0.18775819,0.18847427
ALL_core_cancer_type_top95,tabpfn_v1,v1,val,2814,LUAD,LUAD,4,4,0.09686018,0.0039851996,0.030450517,0.22830868,0.6403954
ALL_core_cancer_type_top95,tabpfn_v1,v1,val,458,BRCA,BRCA,0,0,0.9989567,6.59284e-05,0.00033690422,0.00020454514,0.0004359923
ALL_core_cancer_type_top95,tabpfn_v1,v1,val,2243,LSCC,HNSCC,3,2,0.021891786,0.11703855,0.77276367,0.07375802,0.014547951
ALL_core_cancer_type_top95,tabpfn_v1,v1,val,617,BRCA,BRCA,0,0,0.99188036,0.00012980044,0.002824432,0.0028015182,0.0023639244
ALL_core_cancer_type_top95,tabpfn_v1,v1,val,2006,HNSCC,HNSCC,2,2,0.19740275,0.05718863,0.4223484,0.21597104,0.107089244
ALL_core_cancer_type_top95,tabpfn_v1,v1,val,2059,LSCC,HNSCC,3,2,0.2722344,0.00033215014,0.3512009,0.18775819,0.18847427
ALL_core_cancer_type_top95,tabpfn_v1,v1,val,294,BRCA,BRCA,0,0,0.9456287,0.001144685,0.01051164,0.021122424,0.02159258
ALL_core_cancer_type_top95,tabpfn_v1,v1,val,2377,LSCC,LSCC,3,3,0.030608155,0.00089745055,0.01575176,0.90749836,0.045244213
ALL_core_cancer_type_top95,tabpfn_v1,v1,val,678,BRCA,BRCA,0,0,0.9897586,0.00043290431,0.0031652781,0.0033452061,0.0032979588
ALL_core_cancer_type_top95,tabpfn_v1,v1,val,2705,LUAD,HNSCC,4,2,0.2722344,0.00033215014,0.3512009,0.18775819,0.18847427
ALL_core_cancer_type_top95,tabpfn_v1,v1,val,3175,LUAD,LUAD,4,4,0.00065941527,3.3282115e-05,0.00013959741,0.0014280591,0.9977397
ALL_core_cancer_type_top95,tabpfn_v1,v1,val,2990,LUAD,LUAD,4,4,0.026441617,0.0025563717,0.010940127,0.07281735,0.8872445
ALL_core_cancer_type_top95,tabpfn_v1,v1,val,889,BRCA,LSCC,0,3,0.22855118,0.0010233641,0.081206426,0.44552824,0.24369074
ALL_core_cancer_type_top95,tabpfn_v1,v1,val,859,BRCA,BRCA,0,0,0.9993099,3.226887e-05,0.00021771507,0.00011926924,0.00032086147
ALL_core_cancer_type_top95,tabpfn_v1,v1,val,3126,LUAD,LUAD,4,4,0.0030862382,0.00091338885,0.0037049626,0.1202675,0.8720279
ALL_core_cancer_type_top95,tabpfn_v1,v1,val,2490,LSCC,LUAD,3,4,0.037515983,0.0015264926,0.024543354,0.3867686,0.5496456
ALL_core_cancer_type_top95,tabpfn_v1,v1,val,1423,HNSCC,HNSCC,2,2,0.2722344,0.00033215014,0.3512009,0.18775819,0.18847427
ALL_core_cancer_type_top95,tabpfn_v1,v1,val,872,BRCA,BRCA,0,0,0.9432824,0.0031085184,0.019395359,0.014596112,0.019617548
ALL_core_cancer_type_top95,tabpfn_v1,v1,val,862,BRCA,BRCA,0,0,0.9870509,0.00017058694,0.0038300867,0.0045299735,0.0044184793
ALL_core_cancer_type_top95,tabpfn_v1,v1,val,1091,BRCA,BRCA,0,0,0.9737931,0.00057530025,0.0055736885,0.0076437867,0.012414161
ALL_core_cancer_type_top95,tabpfn_v1,v1,val,1992,HNSCC,HNSCC,2,2,0.0051937476,0.0020368095,0.97789097,0.0113161905,0.003562241
ALL_core_cancer_type_top95,tabpfn_v1,v1,val,1307,ESCA,ESCA,1,1,0.05696372,0.5866696,0.2090165,0.12681727,0.020532893
ALL_core_cancer_type_top95,tabpfn_v1,v1,val,679,BRCA,BRCA,0,0,0.997008,0.00023408659,0.0008872136,0.0006095166,0.001261099
ALL_core_cancer_type_top95,tabpfn_v1,v1,val,104,BRCA,HNSCC,0,2,0.2722344,0.00033215014,0.3512009,0.18775819,0.18847427
ALL_core_cancer_type_top95,tabpfn_v1,v1,val,691,BRCA,BRCA,0,0,0.97124743,0.0050300006,0.0080954,0.005648725,0.009978345
ALL_core_cancer_type_top95,tabpfn_v1,v1,val,2454,LSCC,LSCC,3,3,0.061859388,0.014272082,0.27005222,0.59270775,0.061108563
ALL_core_cancer_type_top95,tabpfn_v1,v1,val,2122,LSCC,HNSCC,3,2,0.2722344,0.00033215014,0.3512009,0.18775819,0.18847427
ALL_core_cancer_type_top95,tabpfn_v1,v1,val,44,BRCA,HNSCC,0,2,0.2722344,0.00033215014,0.3512009,0.18775819,0.18847427
ALL_core_cancer_type_top95,tabpfn_v1,v1,val,2150,LSCC,LSCC,3,3,0.011328685,0.0013744775,0.015072012,0.9370777,0.035147116
ALL_core_cancer_type_top95,tabpfn_v1,v1,val,370,BRCA,BRCA,0,0,0.9835383,0.0015156963,0.0052783354,0.0040744524,0.0055933003
ALL_core_cancer_type_top95,tabpfn_v1,v1,val,2193,LSCC,LSCC,3,3,0.328408,0.0149099035,0.09998082,0.3471206,0.20958063
ALL_core_cancer_type_top95,tabpfn_v1,v1,val,2118,LSCC,HNSCC,3,2,0.2722344,0.00033215014,0.3512009,0.18775819,0.18847427
ALL_core_cancer_type_top95,tabpfn_v1,v1,val,1053,BRCA,BRCA,0,0,0.97782826,0.0008444964,0.007120351,0.009052087,0.0051548127
ALL_core_cancer_type_top95,tabpfn_v1,v1,val,2198,LSCC,LSCC,3,3,0.006297934,0.0006162559,0.009774718,0.9639185,0.01939251
ALL_core_cancer_type_top95,tabpfn_v1,v1,val,1920,HNSCC,HNSCC,2,2,0.04949922,0.0035328479,0.8538634,0.06371169,0.029392866
ALL_core_cancer_type_top95,tabpfn_v1,v1,val,2573,LSCC,LSCC,3,3,0.19340377,0.006160266,0.12424591,0.59146315,0.0847269
ALL_core_cancer_type_top95,tabpfn_v1,v1,val,1041,BRCA,BRCA,0,0,0.98785746,0.0014676366,0.0030909416,0.0025676289,0.005016378
ALL_core_cancer_type_top95,tabpfn_v1,v1,val,2170,LSCC,LSCC,3,3,0.0660811,0.001100347,0.016160427,0.7019444,0.21471368
ALL_core_cancer_type_top95,tabpfn_v1,v1,val,3236,LUAD,LUAD,4,4,0.0039713923,0.0003725075,0.002664195,0.053010404,0.93998146
ALL_core_cancer_type_top95,tabpfn_v1,v1,val,424,BRCA,BRCA,0,0,0.87588525,0.0011730529,0.021066125,0.06513474,0.036740858
ALL_core_cancer_type_top95,tabpfn_v1,v1,val,2953,LUAD,LUAD,4,4,0.00560652,0.00017433216,0.0015199382,0.011352773,0.9813464
ALL_core_cancer_type_top95,tabpfn_v1,v1,val,750,BRCA,BRCA,0,0,0.9936545,0.00048847456,0.002064533,0.001982879,0.0018096215
ALL_core_cancer_type_top95,tabpfn_v1,v1,val,1976,HNSCC,HNSCC,2,2,0.06487451,0.004194108,0.72438985,0.16263022,0.04391128
ALL_core_cancer_type_top95,tabpfn_v1,v1,val,1550,HNSCC,HNSCC,2,2,0.0022838674,0.0018630031,0.98902553,0.0053378046,0.0014897587
ALL_core_cancer_type_top95,tabpfn_v1,v1,val,2678,LUAD,HNSCC,4,2,0.2722344,0.00033215014,0.3512009,0.18775819,0.18847427
ALL_core_cancer_type_top95,tabpfn_v1,v1,val,168,BRCA,BRCA,0,0,0.90724444,0.005315926,0.02064399,0.02034636,0.046449296
ALL_core_cancer_type_top95,tabpfn_v1,v1,val,773,BRCA,BRCA,0,0,0.99773407,2.8629755e-05,0.00075656374,0.00067849434,0.0008022506
ALL_core_cancer_type_top95,tabpfn_v1,v1,val,101,BRCA,HNSCC,0,2,0.2722344,0.00033215014,0.3512009,0.18775819,0.18847427
ALL_core_cancer_type_top95,tabpfn_v1,v1,val,2554,LSCC,LSCC,3,3,0.088191874,0.0074285977,0.20649622,0.64560014,0.052283116
ALL_core_cancer_type_top95,tabpfn_v1,v1,val,2875,LUAD,LUAD,4,4,0.0010931831,6.565106e-05,0.00032305156,0.006015146,0.9925029
ALL_core_cancer_type_top95,tabpfn_v1,v1,val,2007,HNSCC,HNSCC,2,2,0.01559493,0.012147546,0.8456074,0.10915865,0.017491415
ALL_core_cancer_type_top95,tabpfn_v1,v1,val,638,BRCA,BRCA,0,0,0.9977785,8.805145e-05,0.00075515313,0.00052512053,0.0008532246
ALL_core_cancer_type_top95,tabpfn_v1,v1,val,536,BRCA,BRCA,0,0,0.9984682,4.4868935e-05,0.0004456545,0.0002746326,0.000766625
ALL_core_cancer_type_top95,tabpfn_v1,v1,val,2882,LUAD,LUAD,4,4,0.15377006,0.0071579725,0.041626252,0.2574172,0.5400286
ALL_core_cancer_type_top95,tabpfn_v1,v1,val,1042,BRCA,BRCA,0,0,0.9892238,0.00023886068,0.0032389818,0.0034143096,0.0038839383
ALL_core_cancer_type_top95,tabpfn_v1,v1,val,393,BRCA,BRCA,0,0,0.9971335,0.0007357833,0.00073520467,0.0003863009,0.0010092342
ALL_core_cancer_type_top95,tabpfn_v1,v1,val,1572,HNSCC,HNSCC,2,2,0.008464112,0.010750941,0.9217551,0.05224505,0.006784873
ALL_core_cancer_type_top95,tabpfn_v1,v1,val,184,BRCA,BRCA,0,0,0.97773874,0.0005026501,0.0063464134,0.0071579563,0.008254258
ALL_core_cancer_type_top95,tabpfn_v1,v1,val,2567,LSCC,LSCC,3,3,0.008447109,0.00022939191,0.0044890633,0.9121778,0.07465661
ALL_core_cancer_type_top95,tabpfn_v1,v1,val,940,BRCA,BRCA,0,0,0.99732924,0.00041562514,0.00076492346,0.00040569567,0.0010845644
ALL_core_cancer_type_top95,tabpfn_v1,v1,val,2158,LSCC,LSCC,3,3,0.02687464,0.0012847852,0.05331922,0.8900772,0.028444141
ALL_core_cancer_type_top95,tabpfn_v1,v1,val,2426,LSCC,LSCC,3,3,0.044774033,0.00096864166,0.016260697,0.75592947,0.18206716
ALL_core_cancer_type_top95,tabpfn_v1,v1,val,2968,LUAD,LUAD,4,4,0.34257603,0.0054644644,0.07387059,0.126756,0.45133287
ALL_core_cancer_type_top95,tabpfn_v1,v1,val,2250,LSCC,LSCC,3,3,0.0017001326,0.0002802044,0.005517573,0.988483,0.0040190727
ALL_core_cancer_type_top95,tabpfn_v1,v1,val,2578,LSCC,LSCC,3,3,0.04105417,0.0007073918,0.020074077,0.49235803,0.44580638
ALL_core_cancer_type_top95,tabpfn_v1,v1,val,1576,HNSCC,HNSCC,2,2,0.18555859,0.040027536,0.5517932,0.14821218,0.07440845
ALL_core_cancer_type_top95,tabpfn_v1,v1,val,2598,LSCC,LSCC,3,3,0.02137333,0.0032177242,0.03188997,0.8254533,0.11806562
ALL_core_cancer_type_top95,tabpfn_v1,v1,val,1855,HNSCC,HNSCC,2,2,0.22988108,0.01895755,0.4440878,0.22594188,0.0811317
ALL_core_cancer_type_top95,tabpfn_v1,v1,val,443,BRCA,BRCA,0,0,0.80637383,0.0059637646,0.045195185,0.119497485,0.022969667
ALL_core_cancer_type_top95,tabpfn_v1,v1,val,3049,LUAD,LUAD,4,4,0.07505742,0.0029103996,0.025214983,0.38553002,0.51128715
ALL_core_cancer_type_top95,tabpfn_v1,v1,val,874,BRCA,BRCA,0,0,0.99696046,5.736818e-05,0.0010738597,0.00087879266,0.0010294052
ALL_core_cancer_type_top95,tabpfn_v1,v1,val,879,BRCA,LSCC,0,3,0.15169416,0.033565454,0.20280893,0.5685307,0.043400746
ALL_core_cancer_type_top95,tabpfn_v1,v1,val,2712,LUAD,HNSCC,4,2,0.2722344,0.00033215014,0.3512009,0.18775819,0.18847427
ALL_core_cancer_type_top95,tabpfn_v1,v1,val,668,BRCA,BRCA,0,0,0.9782427,0.0007086487,0.007522524,0.0064672753,0.007058836
ALL_core_cancer_type_top95,tabpfn_v1,v1,val,2231,LSCC,LSCC,3,3,0.012282781,0.0010890287,0.020512054,0.8973284,0.06878771
ALL_core_cancer_type_top95,tabpfn_v1,v1,val,1384,ESCA,ESCA,1,1,0.18384223,0.30000532,0.2609823,0.15778874,0.09738144
ALL_core_cancer_type_top95,tabpfn_v1,v1,val,2848,LUAD,LUAD,4,4,0.009349759,0.00040738005,0.001809009,0.020893762,0.96754
ALL_core_cancer_type_top95,tabpfn_v1,v1,val,405,BRCA,BRCA,0,0,0.9951208,0.0013344212,0.0012593436,0.0007464766,0.0015389042
ALL_core_cancer_type_top95,tabpfn_v1,v1,val,2782,LUAD,LUAD,4,4,0.0072191036,0.00040576063,0.0023843057,0.037072722,0.9529182
ALL_core_cancer_type_top95,tabpfn_v1,v1,val,1662,HNSCC,HNSCC,2,2,0.18539977,0.008642815,0.47412476,0.21178919,0.12004349
ALL_core_cancer_type_top95,tabpfn_v1,v1,val,2169,LSCC,LSCC,3,3,0.23495625,0.0014788088,0.016187547,0.46145818,0.28591922
ALL_core_cancer_type_top95,tabpfn_v1,v1,val,2068,LSCC,HNSCC,3,2,0.2722344,0.00033215014,0.3512009,0.18775819,0.18847427
ALL_core_cancer_type_top95,tabpfn_v1,v1,val,797,BRCA,BRCA,0,0,0.86971825,0.004544871,0.0440432,0.049866434,0.03182726
ALL_core_cancer_type_top95,tabpfn_v1,v1,val,3052,LUAD,LUAD,4,4,0.002477969,0.00010197063,0.00077533495,0.0067473403,0.9898974
ALL_core_cancer_type_top95,tabpfn_v1,v1,val,1465,HNSCC,HNSCC,2,2,0.2722344,0.00033215014,0.3512009,0.18775819,0.18847427
ALL_core_cancer_type_top95,tabpfn_v1,v1,val,504,BRCA,BRCA,0,0,0.80818003,0.011419316,0.059719253,0.07027203,0.05040929
ALL_core_cancer_type_top95,tabpfn_v1,v1,val,107,BRCA,HNSCC,0,2,0.2722344,0.00033215014,0.3512009,0.18775819,0.18847427
ALL_core_cancer_type_top95,tabpfn_v1,v1,val,2110,LSCC,HNSCC,3,2,0.2722344,0.00033215014,0.3512009,0.18775819,0.18847427
ALL_core_cancer_type_top95,tabpfn_v1,v1,val,2283,LSCC,LSCC,3,3,0.0016203183,0.00049480126,0.0076741125,0.9855467,0.0046640006
ALL_core_cancer_type_top95,tabpfn_v1,v1,val,1187,BRCA,BRCA,0,0,0.9662003,0.0034685654,0.010301257,0.0070523005,0.0129776
ALL_core_cancer_type_top95,tabpfn_v1,v1,val,1451,HNSCC,HNSCC,2,2,0.2722344,0.00033215014,0.3512009,0.18775819,0.18847427
ALL_core_cancer_type_top95,tabpfn_v1,v1,val,1312,ESCA,ESCA,1,1,0.013728366,0.92829764,0.03929522,0.01195842,0.0067203664
ALL_core_cancer_type_top95,tabpfn_v1,v1,val,873,BRCA,BRCA,0,0,0.9909218,0.00022469579,0.002894767,0.0025770282,0.0033815978
ALL_core_cancer_type_top95,tabpfn_v1,v1,val,572,BRCA,BRCA,0,0,0.9953551,0.00018156962,0.0013680287,0.0012272452,0.0018680991
ALL_core_cancer_type_top95,tabpfn_v1,v1,val,771,BRCA,BRCA,0,0,0.99921405,2.2770586e-05,0.00024657894,0.0001841982,0.0003323159
ALL_core_cancer_type_top95,tabpfn_v1,v1,val,1620,HNSCC,BRCA,2,0,0.47814333,0.014571493,0.19966711,0.13451476,0.17310327
ALL_core_cancer_type_top95,tabpfn_v1,v1,val,82,BRCA,HNSCC,0,2,0.2722344,0.00033215014,0.3512009,0.18775819,0.18847427
ALL_core_cancer_type_top95,tabpfn_v1,v1,val,2210,LSCC,LSCC,3,3,0.11781326,0.009853758,0.20583005,0.5144535,0.15204945
ALL_core_cancer_type_top95,tabpfn_v1,v1,val,1242,ESCA,ESCA,1,1,0.06790967,0.7982867,0.08167965,0.021962328,0.030161627
ALL_core_cancer_type_top95,tabpfn_v1,v1,val,752,BRCA,BRCA,0,0,0.9887399,0.0007277996,0.0037955968,0.002768805,0.0039678854
ALL_core_cancer_type_top95,tabpfn_v1,v1,val,952,BRCA,BRCA,0,0,0.9782835,0.00032457264,0.006666499,0.007472728,0.007252714
ALL_core_cancer_type_top95,tabpfn_v1,v1,val,1955,HNSCC,HNSCC,2,2,0.0045607523,0.0009797245,0.97651845,0.015092813,0.0028482936
ALL_core_cancer_type_top95,tabpfn_v1,v1,val,3024,LUAD,LUAD,4,4,0.0040657925,0.00032748445,0.0019817168,0.03223125,0.96139383
ALL_core_cancer_type_top95,tabpfn_v1,v1,val,344,BRCA,BRCA,0,0,0.99764436,0.000222962,0.0007203032,0.00043779728,0.00097451854
ALL_core_cancer_type_top95,tabpfn_v1,v1,val,3086,LUAD,LUAD,4,4,0.030761568,0.002242274,0.019838009,0.19631416,0.75084394
ALL_core_cancer_type_top95,tabpfn_v1,v1,val,1623,HNSCC,BRCA,2,0,0.4738699,0.023183238,0.28802332,0.11630966,0.0986139
ALL_core_cancer_type_top95,tabpfn_v1,v1,val,3065,LUAD,LUAD,4,4,0.06815773,0.0017149675,0.021779036,0.39237973,0.5159685
ALL_core_cancer_type_top95,tabpfn_v1,v1,val,363,BRCA,BRCA,0,0,0.98643523,0.00060530205,0.00363795,0.003970645,0.0053508044
ALL_core_cancer_type_top95,tabpfn_v1,v1,val,442,BRCA,BRCA,0,0,0.97484916,0.0005315421,0.0064120837,0.009763735,0.008443598
ALL_core_cancer_type_top95,tabpfn_v1,v1,val,1425,HNSCC,HNSCC,2,2,0.2722344,0.00033215014,0.3512009,0.18775819,0.18847427
ALL_core_cancer_type_top95,tabpfn_v1,v1,val,242,BRCA,BRCA,0,0,0.97616583,0.00033356273,0.007115431,0.0070420434,0.009343069
ALL_core_cancer_type_top95,tabpfn_v1,v1,val,2590,LSCC,HNSCC,3,2,0.15324406,0.008682893,0.50306964,0.23901458,0.09598881
ALL_core_cancer_type_top95,tabpfn_v1,v1,val,1065,BRCA,BRCA,0,0,0.9980026,0.00019320029,0.00059741765,0.00031534495,0.0008913225
ALL_core_cancer_type_top95,tabpfn_v1,v1,val,73,BRCA,HNSCC,0,2,0.2722344,0.00033215014,0.3512009,0.18775819,0.18847427
ALL_core_cancer_type_top95,tabpfn_v1,v1,val,2387,LSCC,LSCC,3,3,0.2292931,0.0057399287,0.06302254,0.44468665,0.25725776
ALL_core_cancer_type_top95,tabpfn_v1,v1,val,637,BRCA,BRCA,0,0,0.9191317,0.0017989151,0.018425062,0.03636327,0.024280997
ALL_core_cancer_type_top95,tabpfn_v1,v1,val,2959,LUAD,LUAD,4,4,0.1319456,0.01084995,0.037413165,0.1029255,0.7168657
ALL_core_cancer_type_top95,tabpfn_v1,v1,val,2390,LSCC,LSCC,3,3,0.061774217,0.023816174,0.39244622,0.4783676,0.043595854
ALL_core_cancer_type_top95,tabpfn_v1,v1,val,2093,LSCC,HNSCC,3,2,0.2722344,0.00033215014,0.3512009,0.18775819,0.18847427
ALL_core_cancer_type_top95,tabpfn_v1,v1,val,2476,LSCC,LSCC,3,3,0.35213622,0.00610757,0.07444216,0.40898627,0.15832777
ALL_core_cancer_type_top95,tabpfn_v1,v1,val,416,BRCA,BRCA,0,0,0.9985708,5.0061106e-05,0.00041764104,0.00030722172,0.00065440574
ALL_core_cancer_type_top95,tabpfn_v1,v1,val,2278,LSCC,LSCC,3,3,0.062607124,0.0048768665,0.14310002,0.7340458,0.055370267
ALL_core_cancer_type_top95,tabpfn_v1,v1,val,1395,HNSCC,HNSCC,2,2,0.2722344,0.00033215014,0.3512009,0.18775819,0.18847427
ALL_core_cancer_type_top95,tabpfn_v1,v1,val,2125,LSCC,HNSCC,3,2,0.2722344,0.00033215014,0.3512009,0.18775819,0.18847427
ALL_core_cancer_type_top95,tabpfn_v1,v1,val,1734,HNSCC,HNSCC,2,2,0.004384491,0.0025944607,0.98560834,0.0050037014,0.0024089867
ALL_core_cancer_type_top95,tabpfn_v1,v1,val,1305,ESCA,ESCA,1,1,0.01375484,0.876642,0.07614287,0.022980178,0.010480095
ALL_core_cancer_type_top95,tabpfn_v1,v1,val,680,BRCA,BRCA,0,0,0.9970401,4.7728176e-05,0.0008942682,0.00085544784,0.001162388
ALL_core_cancer_type_top95,tabpfn_v1,v1,val,2619,LUAD,HNSCC,4,2,0.2722344,0.00033215014,0.3512009,0.18775819,0.18847427
ALL_core_cancer_type_top95,tabpfn_v1,v1,val,2696,LUAD,HNSCC,4,2,0.2722344,0.00033215014,0.3512009,0.18775819,0.18847427
ALL_core_cancer_type_top95,tabpfn_v1,v1,val,1516,HNSCC,HNSCC,2,2,0.08542951,0.0036752445,0.6567872,0.19860815,0.055499855
ALL_core_cancer_type_top95,tabpfn_v1,v1,val,237,BRCA,BRCA,0,0,0.984891,0.00015039176,0.0044512465,0.0056965896,0.0048107444
ALL_core_cancer_type_top95,tabpfn_v1,v1,val,1556,HNSCC,HNSCC,2,2,0.079577155,0.03885148,0.698153,0.148857,0.034561366
ALL_core_cancer_type_top95,tabpfn_v1,v1,val,2290,LSCC,LSCC,3,3,0.2824928,0.0124982055,0.116066076,0.48136273,0.107580274
ALL_core_cancer_type_top95,tabpfn_v1,v1,val,2104,LSCC,HNSCC,3,2,0.2722344,0.00033215014,0.3512009,0.18775819,0.18847427
ALL_core_cancer_type_top95,tabpfn_v1,v1,val,713,BRCA,BRCA,0,0,0.9900467,0.00053813035,0.0031183278,0.0024217276,0.0038751801
ALL_core_cancer_type_top95,tabpfn_v1,v1,val,2636,LUAD,HNSCC,4,2,0.2722344,0.00033215014,0.3512009,0.18775819,0.18847427
ALL_core_cancer_type_top95,tabpfn_v1,v1,val,2719,LUAD,HNSCC,4,2,0.2722344,0.00033215014,0.3512009,0.18775819,0.18847427
ALL_core_cancer_type_top95,tabpfn_v1,v1,val,1718,HNSCC,HNSCC,2,2,0.052877262,0.0033298023,0.8193443,0.09776966,0.026679015
ALL_core_cancer_type_top95,tabpfn_v1,v1,val,1180,BRCA,BRCA,0,0,0.99214184,0.00018614175,0.0025063083,0.0029969388,0.0021687176
ALL_core_cancer_type_top95,tabpfn_v1,v1,val,2010,HNSCC,HNSCC,2,2,0.2340668,0.05915978,0.5130777,0.11386145,0.07983431
ALL_core_cancer_type_top95,tabpfn_v1,v1,val,858,BRCA,BRCA,0,0,0.99450994,0.00034157146,0.001722087,0.0010248992,0.0024014798
ALL_core_cancer_type_top95,tabpfn_v1,v1,val,3026,LUAD,LUAD,4,4,0.091319755,0.0023846142,0.012484826,0.05224189,0.8415689
ALL_core_cancer_type_top95,tabpfn_v1,v1,val,876,BRCA,BRCA,0,0,0.94091594,0.0022221524,0.018948538,0.027050842,0.010862552
ALL_core_cancer_type_top95,tabpfn_v1,v1,val,1278,ESCA,ESCA,1,1,0.20564371,0.32568052,0.202171,0.16132288,0.10518193
ALL_core_cancer_type_top95,tabpfn_v1,v1,val,640,BRCA,BRCA,0,0,0.9982274,8.510755e-05,0.000575173,0.00035864866,0.00075372896
ALL_core_cancer_type_top95,tabpfn_v1,v1,val,2626,LUAD,HNSCC,4,2,0.2722344,0.00033215014,0.3512009,0.18775819,0.18847427
ALL_core_cancer_type_top95,tabpfn_v1,v1,val,2652,LUAD,HNSCC,4,2,0.2722344,0.00033215014,0.3512009,0.18775819,0.18847427
ALL_core_cancer_type_top95,tabpfn_v1,v1,val,2609,LSCC,LSCC,3,3,0.02369576,0.0046829814,0.23467478,0.70725554,0.029690914
ALL_core_cancer_type_top95,tabpfn_v1,v1,val,1160,BRCA,BRCA,0,0,0.9907058,0.00011435241,0.0027125564,0.0034073882,0.003059926
ALL_core_cancer_type_top95,tabpfn_v1,v1,val,823,BRCA,BRCA,0,0,0.94449216,0.0012329159,0.017275663,0.022323782,0.014675446
ALL_core_cancer_type_top95,tabpfn_v1,v1,val,469,BRCA,BRCA,0,0,0.9321442,0.0018087819,0.018281765,0.02790616,0.019859122
ALL_core_cancer_type_top95,tabpfn_v1,v1,val,2080,LSCC,HNSCC,3,2,0.2722344,0.00033215014,0.3512009,0.18775819,0.18847427
ALL_core_cancer_type_top95,tabpfn_v1,v1,val,2184,LSCC,LSCC,3,3,0.021861028,0.0035847826,0.057250652,0.8680703,0.04923319
ALL_core_cancer_type_top95,tabpfn_v1,v1,val,2914,LUAD,LUAD,4,4,0.0011862726,8.4409025e-05,0.00034000975,0.0021883945,0.996201
ALL_core_cancer_type_top95,tabpfn_v1,v1,val,1823,HNSCC,HNSCC,2,2,0.005342226,0.0015732365,0.9855063,0.0051013324,0.0024769115
ALL_core_cancer_type_top95,tabpfn_v1,v1,val,2741,LUAD,LUAD,4,4,0.0220986,0.0009010699,0.0046601873,0.060155954,0.9121842
ALL_core_cancer_type_top95,tabpfn_v1,v1,val,1289,ESCA,ESCA,1,1,0.22470655,0.47253135,0.16899021,0.064264975,0.06950693
ALL_core_cancer_type_top95,tabpfn_v1,v1,val,700,BRCA,BRCA,0,0,0.96950823,0.0005728284,0.007411233,0.012645807,0.00986202
ALL_core_cancer_type_top95,tabpfn_v1,v1,val,320,BRCA,BRCA,0,0,0.99240816,0.000294469,0.0029636438,0.0021653571,0.0021684126
ALL_core_cancer_type_top95,tabpfn_v1,v1,val,2569,LSCC,LSCC,3,3,0.013969787,0.0014637279,0.03082638,0.9332485,0.020491533
ALL_core_cancer_type_top95,tabpfn_v1,v1,val,2302,LSCC,LSCC,3,3,0.018187467,0.0010868373,0.03489385,0.85983336,0.08599858
ALL_core_cancer_type_top95,tabpfn_v1,v1,val,2592,LSCC,LSCC,3,3,0.0066886228,0.004350393,0.08219293,0.8994138,0.007354245
ALL_core_cancer_type_top95,tabpfn_v1,v1,val,3087,LUAD,LUAD,4,4,0.0020392814,0.00012201615,0.00055491354,0.0025966403,0.9946871
ALL_core_cancer_type_top95,tabpfn_v1,v1,val,482,BRCA,BRCA,0,0,0.9879225,0.00090106163,0.0040755495,0.0030869811,0.004013929
ALL_core_cancer_type_top95,tabpfn_v1,v1,val,629,BRCA,BRCA,0,0,0.8904758,0.005932902,0.033903576,0.05520915,0.014478475
ALL_core_cancer_type_top95,tabpfn_v1,v1,val,2195,LSCC,LSCC,3,3,0.0061634914,0.0010645861,0.022859095,0.9563457,0.013567119
ALL_core_cancer_type_top95,tabpfn_v1,v1,val,817,BRCA,BRCA,0,0,0.922093,0.0018728059,0.024889376,0.029816682,0.021328108
ALL_core_cancer_type_top95,tabpfn_v1,v1,val,1709,HNSCC,HNSCC,2,2,0.023934867,0.0042782933,0.9273542,0.029343564,0.015089007
ALL_core_cancer_type_top95,tabpfn_v1,v1,val,649,BRCA,BRCA,0,0,0.9868679,0.0011095827,0.0037154658,0.0027139357,0.005593096
ALL_core_cancer_type_top95,tabpfn_v1,v1,val,1647,HNSCC,HNSCC,2,2,0.08126863,0.07470006,0.779601,0.039065532,0.025364812
ALL_core_cancer_type_top95,tabpfn_v1,v1,val,2684,LUAD,HNSCC,4,2,0.2722344,0.00033215014,0.3512009,0.18775819,0.18847427
ALL_core_cancer_type_top95,tabpfn_v1,v1,val,106,BRCA,HNSCC,0,2,0.2722344,0.00033215014,0.3512009,0.18775819,0.18847427
ALL_core_cancer_type_top95,tabpfn_v1,v1,val,2980,LUAD,LUAD,4,4,0.010496418,0.0009235821,0.004076631,0.015566362,0.968937
ALL_core_cancer_type_top95,tabpfn_v1,v1,val,2755,LUAD,LUAD,4,4,0.0053759846,0.0006907306,0.0049507497,0.16879342,0.82018906
ALL_core_cancer_type_top95,tabpfn_v1,v1,val,137,BRCA,BRCA,0,0,0.8058247,0.07825679,0.052987915,0.02325326,0.03967737
ALL_core_cancer_type_top95,tabpfn_v1,v1,val,2618,LUAD,HNSCC,4,2,0.2722344,0.00033215014,0.3512009,0.18775819,0.18847427
ALL_core_cancer_type_top95,tabpfn_v1,v1,val,1493,HNSCC,HNSCC,2,2,0.2722344,0.00033215014,0.3512009,0.18775819,0.18847427
ALL_core_cancer_type_top95,tabpfn_v1,v1,val,1497,HNSCC,HNSCC,2,2,0.0060304366,0.004933572,0.9461413,0.03666579,0.0062288893
ALL_core_cancer_type_top95,tabpfn_v1,v1,val,2865,LUAD,LUAD,4,4,0.003234928,0.0003359026,0.0010227865,0.0045295265,0.99087685
ALL_core_cancer_type_top95,tabpfn_v1,v1,val,1063,BRCA,BRCA,0,0,0.99454933,0.0010030725,0.0016460228,0.0007140035,0.0020874988
ALL_core_cancer_type_top95,tabpfn_v1,v1,val,3011,LUAD,LUAD,4,4,0.042828318,0.0009691424,0.0074519343,0.08028067,0.8684699
ALL_core_cancer_type_top95,tabpfn_v1,v1,val,1142,BRCA,BRCA,0,0,0.855613,0.003390346,0.03695086,0.060525585,0.043520164
ALL_core_cancer_type_top95,tabpfn_v1,v1,val,223,BRCA,BRCA,0,0,0.9913612,0.00022596726,0.0030564116,0.0025994899,0.0027570063
ALL_core_cancer_type_top95,tabpfn_v1,v1,val,1320,ESCA,ESCA,1,1,0.02496821,0.77258235,0.16038512,0.025889747,0.01617453
ALL_core_cancer_type_top95,tabpfn_v1,v1,val,8,BRCA,HNSCC,0,2,0.2722344,0.00033215014,0.3512009,0.18775819,0.18847427
ALL_core_cancer_type_top95,tabpfn_v1,v1,val,2048,LSCC,HNSCC,3,2,0.2722344,0.00033215014,0.3512009,0.18775819,0.18847427
ALL_core_cancer_type_top95,tabpfn_v1,v1,val,2563,LSCC,LSCC,3,3,0.01094736,0.0048548602,0.048991837,0.92306584,0.012140109
ALL_core_cancer_type_top95,tabpfn_v1,v1,val,2072,LSCC,HNSCC,3,2,0.2722344,0.00033215014,0.3512009,0.18775819,0.18847427
ALL_core_cancer_type_top95,tabpfn_v1,v1,val,3130,LUAD,LUAD,4,4,0.03045629,0.00076993834,0.0065450124,0.05191128,0.9103174
ALL_core_cancer_type_top95,tabpfn_v1,v1,val,1348,ESCA,BRCA,1,0,0.6053849,0.071665615,0.11228526,0.09408584,0.11657834
ALL_core_cancer_type_top95,tabpfn_v1,v1,val,1145,BRCA,BRCA,0,0,0.5856289,0.03775138,0.13345769,0.13494755,0.1082144
ALL_core_cancer_type_top95,tabpfn_v1,v1,val,2850,LUAD,LUAD,4,4,0.002157982,0.00013625482,0.00085413066,0.014553466,0.98229814
ALL_core_cancer_type_top95,tabpfn_v1,v1,val,260,BRCA,BRCA,0,0,0.31997985,0.23042926,0.28089377,0.11917154,0.049525548
ALL_core_cancer_type_top95,tabpfn_v1,v1,val,1080,BRCA,BRCA,0,0,0.90928125,0.005197366,0.031595,0.03734034,0.016586062
ALL_core_cancer_type_top95,tabpfn_v1,v1,val,2060,LSCC,HNSCC,3,2,0.2722344,0.00033215014,0.3512009,0.18775819,0.18847427
ALL_core_cancer_type_top95,tabpfn_v1,v1,val,821,BRCA,BRCA,0,0,0.9953831,9.9902056e-05,0.0012631374,0.001186018,0.0020679086
ALL_core_cancer_type_top95,tabpfn_v1,v1,val,503,BRCA,BRCA,0,0,0.99939597,7.190865e-05,0.00015278824,7.881075e-05,0.0003005982
ALL_core_cancer_type_top95,tabpfn_v1,v1,val,1006,BRCA,BRCA,0,0,0.94307554,0.0010435384,0.014522709,0.015936825,0.025421403
ALL_core_cancer_type_top95,tabpfn_v1,v1,val,3134,LUAD,LUAD,4,4,0.0009567941,7.2822724e-05,0.00041819533,0.010010691,0.9885415
ALL_core_cancer_type_top95,tabpfn_v1,v1,val,447,BRCA,BRCA,0,0,0.92205316,0.0042593703,0.022120686,0.028952522,0.02261438
ALL_core_cancer_type_top95,tabpfn_v1,v1,val,2204,LSCC,LSCC,3,3,0.13297926,0.006831335,0.09369581,0.71938604,0.047107533
ALL_core_cancer_type_top95,tabpfn_v1,v1,val,2207,LSCC,LSCC,3,3,0.20520495,0.013738447,0.26735085,0.4153518,0.09835401
ALL_core_cancer_type_top95,tabpfn_v1,v1,val,931,BRCA,BRCA,0,0,0.7271867,0.010301982,0.10020817,0.12463326,0.037669882
ALL_core_cancer_type_top95,tabpfn_v1,v1,val,1496,HNSCC,HNSCC,2,2,0.011130942,0.0022256416,0.96169186,0.017863235,0.0070883865
ALL_core_cancer_type_top95,tabpfn_v1,v1,val,1414,HNSCC,HNSCC,2,2,0.2722344,0.00033215014,0.3512009,0.18775819,0.18847427
ALL_core_cancer_type_top95,tabpfn_v1,v1,val,2711,LUAD,HNSCC,4,2,0.2722344,0.00033215014,0.3512009,0.18775819,0.18847427
ALL_core_cancer_type_top95,tabpfn_v1,v1,val,2499,LSCC,LSCC,3,3,0.092289545,0.03473496,0.2550677,0.5715968,0.04631101
ALL_core_cancer_type_top95,tabpfn_v1,v1,val,1985,HNSCC,HNSCC,2,2,0.004557288,0.06462472,0.9173771,0.011088381,0.002352531
ALL_core_cancer_type_top95,tabpfn_v1,v1,val,1687,HNSCC,HNSCC,2,2,0.35798422,0.010551232,0.44220456,0.09203311,0.097226895
ALL_core_cancer_type_top95,tabpfn_v1,v1,val,3121,LUAD,LUAD,4,4,0.10226534,0.0026555404,0.016925251,0.09444961,0.78370434
ALL_core_cancer_type_top95,tabpfn_v1,v1,val,214,BRCA,BRCA,0,0,0.9793255,0.00023657727,0.005782551,0.009901146,0.0047541703
ALL_core_cancer_type_top95,tabpfn_v1,v1,val,1453,HNSCC,HNSCC,2,2,0.2722344,0.00033215014,0.3512009,0.18775819,0.18847427
ALL_core_cancer_type_top95,tabpfn_v1,v1,val,1309,ESCA,ESCA,1,1,0.2130958,0.5011673,0.14349702,0.061131738,0.08110817
ALL_core_cancer_type_top95,tabpfn_v1,v1,val,523,BRCA,BRCA,0,0,0.94856274,0.0018198712,0.012777606,0.013686933,0.023152845
ALL_core_cancer_type_top95,tabpfn_v1,v1,val,2620,LUAD,HNSCC,4,2,0.2722344,0.00033215014,0.3512009,0.18775819,0.18847427
ALL_core_cancer_type_top95,tabpfn_v1,v1,val,1646,HNSCC,HNSCC,2,2,0.0051479517,0.004474045,0.9736264,0.013048082,0.0037035374
ALL_core_cancer_type_top95,tabpfn_v1,v1,val,3201,LUAD,LUAD,4,4,0.008625194,0.0017408091,0.0051956293,0.0168535,0.9675849
ALL_core_cancer_type_top95,tabpfn_v1,v1,val,6,BRCA,HNSCC,0,2,0.2722344,0.00033215014,0.3512009,0.18775819,0.18847427
ALL_core_cancer_type_top95,tabpfn_v1,v1,val,2947,LUAD,LUAD,4,4,0.005039793,0.0004368502,0.0027222515,0.055602632,0.9361985
ALL_core_cancer_type_top95,tabpfn_v1,v1,val,1568,HNSCC,HNSCC,2,2,0.024047334,0.0040713013,0.8401681,0.1129888,0.018724505
ALL_core_cancer_type_top95,tabpfn_v1,v1,val,2343,LSCC,BRCA,3,0,0.5115184,0.023921318,0.16363288,0.21824263,0.08268473
ALL_core_cancer_type_top95,tabpfn_v1,v1,val,818,BRCA,BRCA,0,0,0.7062227,0.027480386,0.069254,0.10828936,0.08875361
ALL_core_cancer_type_top95,tabpfn_v1,v1,val,1901,HNSCC,HNSCC,2,2,0.0038595863,0.025301715,0.9410844,0.027166318,0.0025879478
ALL_core_cancer_type_top95,tabpfn_v1,v1,val,624,BRCA,BRCA,0,0,0.9978903,9.0769296e-05,0.0005438883,0.0003736871,0.0011014501
ALL_core_cancer_type_top95,tabpfn_v1,v1,val,2635,LUAD,HNSCC,4,2,0.2722344,0.00033215014,0.3512009,0.18775819,0.18847427
ALL_core_cancer_type_top95,tabpfn_v1,v1,val,2600,LSCC,HNSCC,3,2,0.079408556,0.02016423,0.60110366,0.24427727,0.05504626
ALL_core_cancer_type_top95,tabpfn_v1,v1,val,796,BRCA,BRCA,0,0,0.97739184,0.0019518449,0.0071891104,0.0052710343,0.008196164
ALL_core_cancer_type_top95,tabpfn_v1,v1,val,1963,HNSCC,BRCA,2,0,0.50380206,0.04516996,0.22116174,0.10423422,0.12563202
ALL_core_cancer_type_top95,tabpfn_v1,v1,val,2721,LUAD,HNSCC,4,2,0.2722344,0.00033215014,0.3512009,0.18775819,0.18847427
ALL_core_cancer_type_top95,tabpfn_v1,v1,val,1216,ESCA,LSCC,1,3,0.18435256,0.059696272,0.26737136,0.3871667,0.10141314
ALL_core_cancer_type_top95,tabpfn_v1,v1,val,1605,HNSCC,HNSCC,2,2,0.011448357,0.006863304,0.95418763,0.02146859,0.006032121
ALL_core_cancer_type_top95,tabpfn_v1,v1,val,399,BRCA,BRCA,0,0,0.43849686,0.021392416,0.18023606,0.2864659,0.07340875
ALL_core_cancer_type_top95,tabpfn_v1,v1,val,2703,LUAD,HNSCC,4,2,0.2722344,0.00033215014,0.3512009,0.18775819,0.18847427
ALL_core_cancer_type_top95,tabpfn_v1,v1,val,1186,BRCA,BRCA,0,0,0.9060244,0.0049645323,0.020823382,0.018051337,0.050136358
ALL_core_cancer_type_top95,tabpfn_v1,v1,val,3220,LUAD,HNSCC,4,2,0.25067577,0.045559883,0.41231087,0.16416913,0.12728429
ALL_core_cancer_type_top95,tabpfn_v1,v1,val,816,BRCA,BRCA,0,0,0.98399866,0.0022944803,0.0049764034,0.0035057322,0.0052247313
ALL_core_cancer_type_top95,tabpfn_v1,v1,val,1719,HNSCC,HNSCC,2,2,0.002833445,0.0034347393,0.9798024,0.011883331,0.0020460251
ALL_core_cancer_type_top95,tabpfn_v1,v1,val,1951,HNSCC,HNSCC,2,2,0.017256647,0.024917103,0.8745444,0.072722256,0.010559582
ALL_core_cancer_type_top95,tabpfn_v1,v1,val,1460,HNSCC,HNSCC,2,2,0.2722344,0.00033215014,0.3512009,0.18775819,0.18847427
ALL_core_cancer_type_top95,tabpfn_v1,v1,val,3030,LUAD,LUAD,4,4,0.0053131767,0.0014181456,0.0063549695,0.19072747,0.79618615
ALL_core_cancer_type_top95,tabpfn_v1,v1,val,232,BRCA,HNSCC,0,2,0.3332278,0.09375421,0.39563933,0.118220985,0.059157707
ALL_core_cancer_type_top95,tabpfn_v1,v1,val,2650,LUAD,HNSCC,4,2,0.2722344,0.00033215014,0.3512009,0.18775819,0.18847427
ALL_core_cancer_type_top95,tabpfn_v1,v1,val,2542,LSCC,LSCC,3,3,0.341053,0.0041238614,0.087202385,0.4908085,0.07681222
ALL_core_cancer_type_top95,tabpfn_v1,v1,val,1208,ESCA,ESCA,1,1,0.090761825,0.484085,0.2760393,0.0872123,0.061901525
ALL_core_cancer_type_top95,tabpfn_v1,v1,val,2557,LSCC,LSCC,3,3,0.012376408,0.0013421553,0.05292911,0.9173328,0.016019523
ALL_core_cancer_type_top95,tabpfn_v1,v1,val,1844,HNSCC,HNSCC,2,2,0.026423745,0.005640415,0.91834646,0.037454925,0.012134515
ALL_core_cancer_type_top95,tabpfn_v1,v1,val,2523,LSCC,BRCA,3,0,0.7902271,0.0063718483,0.060319886,0.095165014,0.047916193
ALL_core_cancer_type_top95,tabpfn_v1,v1,val,1618,HNSCC,HNSCC,2,2,0.001689426,0.011053612,0.96440977,0.02144901,0.0013980919
ALL_core_cancer_type_top95,tabpfn_v1,v1,val,2461,LSCC,LSCC,3,3,0.13122214,0.002556548,0.058210567,0.41715622,0.39085448
ALL_core_cancer_type_top95,tabpfn_v1,v1,val,916,BRCA,BRCA,0,0,0.9972857,9.135065e-05,0.00074549206,0.0006043849,0.0012729787
ALL_core_cancer_type_top95,tabpfn_v1,v1,val,689,BRCA,BRCA,0,0,0.9901091,0.00083263696,0.003074564,0.0021379227,0.0038458284
ALL_core_cancer_type_top95,tabpfn_v1,v1,val,3163,LUAD,LUAD,4,4,0.020373499,0.0010192287,0.0051117786,0.028642131,0.9448534
ALL_core_cancer_type_top95,tabpfn_v1,v1,val,1475,HNSCC,HNSCC,2,2,0.2722344,0.00033215014,0.3512009,0.18775819,0.18847427
ALL_core_cancer_type_top95,tabpfn_v1,v1,val,2531,LSCC,LSCC,3,3,0.015807176,0.0023512405,0.047460593,0.91877675,0.015604232
ALL_core_cancer_type_top95,tabpfn_v1,v1,val,2793,LUAD,LUAD,4,4,0.0019135727,0.00012048943,0.0007302776,0.0066041905,0.99063146
ALL_core_cancer_type_top95,tabpfn_v1,v1,val,613,BRCA,BRCA,0,0,0.5880482,0.016571786,0.16569574,0.15248148,0.077202775
ALL_core_cancer_type_top95,tabpfn_v1,v1,val,3070,LUAD,LUAD,4,4,0.0010471237,6.638924e-05,0.0007067259,0.006302898,0.99187684
ALL_core_cancer_type_top95,tabpfn_v1,v1,val,1364,ESCA,ESCA,1,1,0.11606451,0.32866138,0.1849523,0.2622296,0.10809221
ALL_core_cancer_type_top95,tabpfn_v1,v1,val,347,BRCA,BRCA,0,0,0.9847847,0.00091448723,0.004519168,0.0051159286,0.004665771
ALL_core_cancer_type_top95,tabpfn_v1,v1,val,1338,ESCA,ESCA,1,1,0.020464623,0.96147746,0.008264111,0.0027639444,0.007029889
ALL_core_cancer_type_top95,tabpfn_v1,v1,val,3176,LUAD,LUAD,4,4,0.0024076363,0.00013181269,0.00057649735,0.00869543,0.9881887
ALL_core_cancer_type_top95,tabpfn_v1,v1,val,2707,LUAD,HNSCC,4,2,0.2722344,0.00033215014,0.3512009,0.18775819,0.18847427
ALL_core_cancer_type_top95,tabpfn_v1,v1,val,1874,HNSCC,HNSCC,2,2,0.017249506,0.0027849202,0.8463146,0.12011567,0.013535346
ALL_core_cancer_type_top95,tabpfn_v1,v1,val,1249,ESCA,ESCA,1,1,0.1337023,0.6198531,0.14267233,0.049469016,0.054303277
ALL_core_cancer_type_top95,tabpfn_v1,v1,val,793,BRCA,BRCA,0,0,0.8188734,0.013633679,0.0861451,0.049920723,0.031426974
ALL_core_cancer_type_top95,tabpfn_v1,v1,val,3008,LUAD,LUAD,4,4,0.27567816,0.021249413,0.1021539,0.17365403,0.42726445
ALL_core_cancer_type_top95,tabpfn_v1,v1,val,3206,LUAD,LUAD,4,4,0.08471341,0.010796458,0.04311029,0.28080904,0.5805709
ALL_core_cancer_type_top95,tabpfn_v1,v1,val,1691,HNSCC,HNSCC,2,2,0.057645846,0.055519316,0.74010724,0.11977446,0.02695307
ALL_core_cancer_type_top95,tabpfn_v1,v1,val,1671,HNSCC,BRCA,2,0,0.42302212,0.029116252,0.21422936,0.1588697,0.1747626
ALL_core_cancer_type_top95,tabpfn_v1,v1,val,1450,HNSCC,HNSCC,2,2,0.2722344,0.00033215014,0.3512009,0.18775819,0.18847427
ALL_core_cancer_type_top95,tabpfn_v1,v1,val,1046,BRCA,BRCA,0,0,0.9611682,0.004188879,0.011323428,0.009577936,0.013741633
ALL_core_cancer_type_top95,tabpfn_v1,v1,val,2617,LUAD,HNSCC,4,2,0.2722344,0.00033215014,0.3512009,0.18775819,0.18847427
ALL_core_cancer_type_top95,tabpfn_v1,v1,val,1612,HNSCC,HNSCC,2,2,0.053250536,0.020942925,0.8237519,0.07333482,0.028719805
ALL_core_cancer_type_top95,tabpfn_v1,v1,val,498,BRCA,BRCA,0,0,0.56747884,0.018335141,0.14758916,0.21700358,0.049593303
ALL_core_cancer_type_top95,tabpfn_v1,v1,val,1514,HNSCC,HNSCC,2,2,0.022556918,0.0148426695,0.8942235,0.052159343,0.01621761
ALL_core_cancer_type_top95,tabpfn_v1,v1,val,764,BRCA,BRCA,0,0,0.9559164,0.0023027721,0.015506623,0.014602377,0.011671867
ALL_core_cancer_type_top95,tabpfn_v1,v1,val,2676,LUAD,HNSCC,4,2,0.2722344,0.00033215014,0.3512009,0.18775819,0.18847427
ALL_core_cancer_type_top95,tabpfn_v1,v1,val,1299,ESCA,ESCA,1,1,0.12981221,0.7043588,0.08946616,0.031743437,0.0446193
ALL_core_cancer_type_top95,tabpfn_v1,v1,val,2849,LUAD,LUAD,4,4,0.12350971,0.0047376165,0.03685612,0.13240556,0.7024909
ALL_core_cancer_type_top95,tabpfn_v1,v1,val,126,BRCA,BRCA,0,0,0.97700477,0.00062838703,0.008197537,0.007119536,0.00704977
ALL_core_cancer_type_top95,tabpfn_v1,v1,val,3077,LUAD,LUAD,4,4,0.02967638,0.00048092232,0.0058789765,0.08337908,0.8805848
ALL_core_cancer_type_top95,tabpfn_v1,v1,val,1733,HNSCC,HNSCC,2,2,0.0005673495,0.003631208,0.9881611,0.007157747,0.00048261762
ALL_core_cancer_type_top95,tabpfn_v1,v1,val,845,BRCA,BRCA,0,0,0.9136895,0.005367276,0.031499274,0.032431867,0.017011989
ALL_core_cancer_type_top95,tabpfn_v1,v1,val,1014,BRCA,BRCA,0,0,0.99065745,0.0007266172,0.0030332897,0.002217717,0.0033648717
ALL_core_cancer_type_top95,tabpfn_v1,v1,val,1072,BRCA,BRCA,0,0,0.8934702,0.011762075,0.0327261,0.04274698,0.019294633
ALL_core_cancer_type_top95,tabpfn_v1,v1,val,2432,LSCC,LSCC,3,3,0.023444254,0.0009414397,0.016186807,0.85678124,0.10264627
ALL_core_cancer_type_top95,tabpfn_v1,v1,val,298,BRCA,BRCA,0,0,0.90240014,0.004589217,0.031895224,0.03403796,0.027077464
ALL_core_cancer_type_top95,tabpfn_v1,v1,val,1686,HNSCC,HNSCC,2,2,0.11843288,0.0024457418,0.7030455,0.11025242,0.0658235
ALL_core_cancer_type_top95,tabpfn_v1,v1,val,2595,LSCC,LSCC,3,3,0.051486682,0.0037485873,0.12208123,0.7746182,0.048065227
ALL_core_cancer_type_top95,tabpfn_v1,v1,val,1374,ESCA,BRCA,1,0,0.3460229,0.1641837,0.15238327,0.14286263,0.19454753
ALL_core_cancer_type_top95,tabpfn_v1,v1,val,819,BRCA,BRCA,0,0,0.9833581,0.001775601,0.00610815,0.0034022857,0.0053559267
ALL_core_cancer_type_top95,tabpfn_v1,v1,val,2416,LSCC,LSCC,3,3,0.0024194329,0.0005144249,0.0068179476,0.9867727,0.0034755603
ALL_core_cancer_type_top95,tabpfn_v1,v1,val,1835,HNSCC,HNSCC,2,2,0.007579813,0.0048853587,0.9188054,0.062005013,0.0067243706
ALL_core_cancer_type_top95,tabpfn_v1,v1,val,2904,LUAD,LUAD,4,4,0.0033500234,0.00050768815,0.0023088546,0.02549018,0.9683432
ALL_core_cancer_type_top95,tabpfn_v1,v1,val,2077,LSCC,HNSCC,3,2,0.2722344,0.00033215014,0.3512009,0.18775819,0.18847427
ALL_core_cancer_type_top95,tabpfn_v1,v1,val,2695,LUAD,HNSCC,4,2,0.2722344,0.00033215014,0.3512009,0.18775819,0.18847427
ALL_core_cancer_type_top95,tabpfn_v1,v1,val,2055,LSCC,HNSCC,3,2,0.2722344,0.00033215014,0.3512009,0.18775819,0.18847427
ALL_core_cancer_type_top95,tabpfn_v1,v1,val,1567,HNSCC,HNSCC,2,2,0.085854486,0.04412751,0.7096471,0.12204403,0.038326845
ALL_core_cancer_type_top95,tabpfn_v1,v1,val,2497,LSCC,BRCA,3,0,0.45533088,0.0058206664,0.063377574,0.35254318,0.122927696
ALL_core_cancer_type_top95,tabpfn_v1,v1,val,1231,ESCA,ESCA,1,1,0.0023845686,0.94992316,0.037394784,0.008098651,0.0021987902
ALL_core_cancer_type_top95,tabpfn_v1,v1,val,1351,ESCA,ESCA,1,1,0.026937468,0.8465444,0.080225565,0.026450785,0.01984177
ALL_core_cancer_type_top95,tabpfn_v1,v1,val,1624,HNSCC,HNSCC,2,2,0.0016967048,0.0017749835,0.98985577,0.0051602777,0.0015123156
ALL_core_cancer_type_top95,tabpfn_v1,v1,val,3076,LUAD,LUAD,4,4,0.0122113675,0.002108576,0.00411074,0.008309404,0.9732599
ALL_core_cancer_type_top95,tabpfn_v1,v1,val,2978,LUAD,LUAD,4,4,0.025279794,0.001133089,0.0081795165,0.081446305,0.8839613
ALL_core_cancer_type_top95,tabpfn_v1,v1,val,2797,LUAD,LUAD,4,4,0.028227087,0.0008449409,0.0076442016,0.08405305,0.8792308
ALL_core_cancer_type_top95,tabpfn_v1,v1,val,605,BRCA,BRCA,0,0,0.9920093,0.00010438598,0.0026045267,0.0027730225,0.002508825
ALL_core_cancer_type_top95,tabpfn_v1,v1,val,1993,HNSCC,HNSCC,2,2,0.016254602,0.015441856,0.9348568,0.026548175,0.006898554
ALL_core_cancer_type_top95,tabpfn_v1,v1,val,1673,HNSCC,HNSCC,2,2,0.26714066,0.012156088,0.42238057,0.17346701,0.12485567
ALL_core_cancer_type_top95,tabpfn_v1,v1,val,2444,LSCC,LSCC,3,3,0.034200642,0.0011877579,0.014281157,0.7037488,0.24658161
ALL_core_cancer_type_top95,tabpfn_v1,v1,val,2803,LUAD,LUAD,4,4,0.050730795,0.022540338,0.060752127,0.40471944,0.46125737
ALL_core_cancer_type_top95,tabpfn_v1,v1,val,1391,HNSCC,HNSCC,2,2,0.2722344,0.00033215014,0.3512009,0.18775819,0.18847427
ALL_core_cancer_type_top95,tabpfn_v1,v1,val,360,BRCA,BRCA,0,0,0.9843556,0.0024777125,0.0053044,0.0036357373,0.004226506
ALL_core_cancer_type_top95,tabpfn_v1,v1,val,2693,LUAD,HNSCC,4,2,0.2722344,0.00033215014,0.3512009,0.18775819,0.18847427
ALL_core_cancer_type_top95,tabpfn_v1,v1,val,2450,LSCC,LSCC,3,3,0.06408617,0.004611257,0.14621784,0.72301483,0.062069945
ALL_core_cancer_type_top95,tabpfn_v1,v1,val,2924,LUAD,LUAD,4,4,0.09147345,0.020528438,0.07328705,0.24036431,0.5743467
ALL_core_cancer_type_top95,tabpfn_v1,v1,val,1279,ESCA,BRCA,1,0,0.6419257,0.2320399,0.04637439,0.028028054,0.051631916
ALL_core_cancer_type_top95,tabpfn_v1,v1,val,1269,ESCA,ESCA,1,1,0.24187806,0.41800547,0.17290182,0.084246434,0.082968235
ALL_core_cancer_type_top95,tabpfn_v1,v1,val,2471,LSCC,LSCC,3,3,0.010801124,0.000601619,0.015567012,0.9487756,0.024254713
ALL_core_cancer_type_top95,tabpfn_v1,v1,val,78,BRCA,HNSCC,0,2,0.2722344,0.00033215014,0.3512009,0.18775819,0.18847427
ALL_core_cancer_type_top95,tabpfn_v1,v1,val,1517,HNSCC,HNSCC,2,2,0.0073985346,0.0032671834,0.96480364,0.02037779,0.0041528763
ALL_core_cancer_type_top95,tabpfn_v1,v1,val,1730,HNSCC,HNSCC,2,2,0.047572028,0.06576618,0.8548604,0.017831337,0.013969973
ALL_core_cancer_type_top95,tabpfn_v1,v1,val,382,BRCA,BRCA,0,0,0.9972185,0.00025722513,0.0006024691,0.00042478854,0.0014970343
ALL_core_cancer_type_top95,tabpfn_v1,v1,val,131,BRCA,BRCA,0,0,0.9985964,0.00011203667,0.00040876312,0.00023726103,0.00064555
ALL_core_cancer_type_top95,tabpfn_v1,v1,val,2995,LUAD,LUAD,4,4,0.035078418,0.0019215291,0.009078285,0.03390384,0.9200179
ALL_core_cancer_type_top95,tabpfn_v1,v1,val,861,BRCA,BRCA,0,0,0.9601332,0.002615843,0.013464692,0.017071769,0.006714447
ALL_core_cancer_type_top95,tabpfn_v1,v1,val,2112,LSCC,HNSCC,3,2,0.2722344,0.00033215014,0.3512009,0.18775819,0.18847427
ALL_core_cancer_type_top95,tabpfn_v1,v1,val,177,BRCA,BRCA,0,0,0.99030226,0.0012871549,0.0030109477,0.0019717298,0.0034279425
ALL_core_cancer_type_top95,tabpfn_v1,v1,val,772,BRCA,BRCA,0,0,0.9460534,0.0019961076,0.017112207,0.02321459,0.011623767
ALL_core_cancer_type_top95,tabpfn_v1,v1,val,2411,LSCC,LSCC,3,3,0.027382066,0.00046919018,0.010785623,0.8225562,0.1388069
ALL_core_cancer_type_top95,tabpfn_v1,v1,val,2863,LUAD,LUAD,4,4,0.0087067215,0.0003751828,0.0013255891,0.007174375,0.9824181
ALL_core_cancer_type_top95,tabpfn_v1,v1,val,1852,HNSCC,HNSCC,2,2,0.004900417,0.0013676191,0.9851334,0.006073208,0.0025253478
ALL_core_cancer_type_top95,tabpfn_v1,v1,val,476,BRCA,BRCA,0,0,0.96479124,0.0025810252,0.011571689,0.0123519655,0.008704067
ALL_core_cancer_type_top95,tabpfn_v1,v1,val,2808,LUAD,LUAD,4,4,0.017954025,0.0019216589,0.0052025905,0.024708714,0.950213
ALL_core_cancer_type_top95,tabpfn_v1,v1,val,2922,LUAD,LUAD,4,4,0.0021042386,0.00018115346,0.0010933155,0.010723821,0.9858974
ALL_core_cancer_type_top95,tabpfn_v1,v1,val,2869,LUAD,LUAD,4,4,0.0422972,0.0012874437,0.007556706,0.052448846,0.89640987
ALL_core_cancer_type_top95,tabpfn_v1,v1,val,2885,LUAD,LUAD,4,4,0.027962195,0.0037346438,0.021157386,0.19024646,0.75689936
ALL_core_cancer_type_top95,tabpfn_v1,v1,val,2451,LSCC,LSCC,3,3,0.051336396,0.0021734005,0.063476786,0.8038274,0.07918599
ALL_core_cancer_type_top95,tabpfn_v1,v1,val,976,BRCA,BRCA,0,0,0.92402065,0.0012596375,0.020912861,0.03485378,0.018953005
ALL_core_cancer_type_top95,tabpfn_v1,v1,val,1139,BRCA,BRCA,0,0,0.7216707,0.0075466637,0.07231323,0.1186483,0.0798211
ALL_core_cancer_type_top95,tabpfn_v1,v1,val,1055,BRCA,BRCA,0,0,0.8357938,0.008137442,0.050292276,0.07406265,0.03171394
ALL_core_cancer_type_top95,tabpfn_v1,v1,test,397,BRCA,LSCC,0,3,0.18709646,0.009614501,0.13340265,0.57072216,0.09916428
ALL_core_cancer_type_top95,tabpfn_v1,v1,test,954,BRCA,BRCA,0,0,0.5551837,0.082238555,0.15708782,0.1353334,0.070156485
ALL_core_cancer_type_top95,tabpfn_v1,v1,test,791,BRCA,BRCA,0,0,0.5133795,0.015157932,0.13602106,0.2421823,0.09325918
ALL_core_cancer_type_top95,tabpfn_v1,v1,test,1021,BRCA,BRCA,0,0,0.8498363,0.0056737713,0.034719806,0.0636273,0.046142794
ALL_core_cancer_type_top95,tabpfn_v1,v1,test,2435,LSCC,LSCC,3,3,0.256305,0.006412023,0.17104077,0.36047363,0.2057686
ALL_core_cancer_type_top95,tabpfn_v1,v1,test,1933,HNSCC,HNSCC,2,2,0.0059920345,0.010299792,0.9608367,0.019209826,0.0036616523
ALL_core_cancer_type_top95,tabpfn_v1,v1,test,1981,HNSCC,HNSCC,2,2,0.043446895,0.018601531,0.65521526,0.2552057,0.027530624
ALL_core_cancer_type_top95,tabpfn_v1,v1,test,2323,LSCC,LSCC,3,3,0.0151745165,0.0014736344,0.028191786,0.8751503,0.08000973
ALL_core_cancer_type_top95,tabpfn_v1,v1,test,972,BRCA,BRCA,0,0,0.9943322,0.0002639558,0.0019174177,0.0017471472,0.0017392937
ALL_core_cancer_type_top95,tabpfn_v1,v1,test,776,BRCA,BRCA,0,0,0.9205214,0.0027296145,0.029901639,0.031255122,0.015592284
ALL_core_cancer_type_top95,tabpfn_v1,v1,test,646,BRCA,BRCA,0,0,0.9680187,0.0049300115,0.01146608,0.005809009,0.009776142
ALL_core_cancer_type_top95,tabpfn_v1,v1,test,540,BRCA,BRCA,0,0,0.9953654,0.0002156007,0.0016741975,0.0010512297,0.0016935957
ALL_core_cancer_type_top95,tabpfn_v1,v1,test,1111,BRCA,BRCA,0,0,0.9905137,0.00046131547,0.0033347635,0.0027153923,0.0029748413
ALL_core_cancer_type_top95,tabpfn_v1,v1,test,698,BRCA,BRCA,0,0,0.9833819,0.00045752138,0.0052669654,0.0053583407,0.005535286
ALL_core_cancer_type_top95,tabpfn_v1,v1,test,1416,HNSCC,HNSCC,2,2,0.2722344,0.00033215014,0.3512009,0.18775819,0.18847427
ALL_core_cancer_type_top95,tabpfn_v1,v1,test,1175,BRCA,BRCA,0,0,0.9449571,0.0026472218,0.017775776,0.017136943,0.017482936
ALL_core_cancer_type_top95,tabpfn_v1,v1,test,2126,LSCC,HNSCC,3,2,0.2722344,0.00033215014,0.3512009,0.18775819,0.18847427
ALL_core_cancer_type_top95,tabpfn_v1,v1,test,2834,LUAD,LUAD,4,4,0.016113866,0.0016164158,0.002398469,0.007241054,0.97263014
ALL_core_cancer_type_top95,tabpfn_v1,v1,test,201,BRCA,BRCA,0,0,0.66745853,0.00682124,0.07668723,0.17859416,0.07043886
ALL_core_cancer_type_top95,tabpfn_v1,v1,test,2512,LSCC,LSCC,3,3,0.007988216,0.00091676787,0.017179674,0.9412805,0.032634903
ALL_core_cancer_type_top95,tabpfn_v1,v1,test,1659,HNSCC,HNSCC,2,2,0.004825947,0.013894253,0.9509884,0.026774457,0.003516973
ALL_core_cancer_type_top95,tabpfn_v1,v1,test,751,BRCA,BRCA,0,0,0.8011912,0.009094187,0.053414386,0.07478581,0.06151436
ALL_core_cancer_type_top95,tabpfn_v1,v1,test,3228,LUAD,LUAD,4,4,0.12001692,0.0008794847,0.009689087,0.046255633,0.823159
ALL_core_cancer_type_top95,tabpfn_v1,v1,test,134,BRCA,BRCA,0,0,0.95744604,0.000844875,0.010873689,0.0250486,0.0057868585
ALL_core_cancer_type_top95,tabpfn_v1,v1,test,2886,LUAD,LUAD,4,4,0.002234969,0.00010218757,0.00057886547,0.009013031,0.98807085
ALL_core_cancer_type_top95,tabpfn_v1,v1,test,1731,HNSCC,HNSCC,2,2,0.15739177,0.058729347,0.5546043,0.16526861,0.06400594
ALL_core_cancer_type_top95,tabpfn_v1,v1,test,1864,HNSCC,HNSCC,2,2,0.017156256,0.011205837,0.9126574,0.04844448,0.010536004
ALL_core_cancer_type_top95,tabpfn_v1,v1,test,143,BRCA,BRCA,0,0,0.9885923,0.0005350873,0.004044438,0.003028689,0.0037994392
ALL_core_cancer_type_top95,tabpfn_v1,v1,test,2633,LUAD,HNSCC,4,2,0.2722344,0.00033215014,0.3512009,0.18775819,0.18847427
ALL_core_cancer_type_top95,tabpfn_v1,v1,test,2601,LSCC,BRCA,3,0,0.6848356,0.011677961,0.09017337,0.11723375,0.096079335
ALL_core_cancer_type_top95,tabpfn_v1,v1,test,1727,HNSCC,HNSCC,2,2,0.19059448,0.042030957,0.6735536,0.05499623,0.03882475
ALL_core_cancer_type_top95,tabpfn_v1,v1,test,831,BRCA,LSCC,0,3,0.2220057,0.09051223,0.21373498,0.35339254,0.12035458
ALL_core_cancer_type_top95,tabpfn_v1,v1,test,1711,HNSCC,HNSCC,2,2,0.0028531093,0.008738899,0.9833666,0.003241854,0.0017994446
ALL_core_cancer_type_top95,tabpfn_v1,v1,test,683,BRCA,BRCA,0,0,0.8480048,0.011267645,0.060877997,0.041067455,0.038782123
ALL_core_cancer_type_top95,tabpfn_v1,v1,test,729,BRCA,BRCA,0,0,0.91185725,0.0044652745,0.03078126,0.033016223,0.019880077
ALL_core_cancer_type_top95,tabpfn_v1,v1,test,455,BRCA,BRCA,0,0,0.9566819,0.0015149767,0.014763553,0.015189384,0.011850242
ALL_core_cancer_type_top95,tabpfn_v1,v1,test,1059,BRCA,BRCA,0,0,0.9671026,0.010782821,0.008633763,0.0051029716,0.008377892
ALL_core_cancer_type_top95,tabpfn_v1,v1,test,2342,LSCC,LSCC,3,3,0.19146223,0.004989775,0.06973047,0.5366243,0.19719328
ALL_core_cancer_type_top95,tabpfn_v1,v1,test,1301,ESCA,ESCA,1,1,0.1258764,0.47890094,0.22680289,0.10111819,0.067301616
ALL_core_cancer_type_top95,tabpfn_v1,v1,test,1383,ESCA,ESCA,1,1,0.19443649,0.2971078,0.18429892,0.20283799,0.12131881
ALL_core_cancer_type_top95,tabpfn_v1,v1,test,1924,HNSCC,HNSCC,2,2,0.27719712,0.025445286,0.42131707,0.18638684,0.08965367
ALL_core_cancer_type_top95,tabpfn_v1,v1,test,2795,LUAD,LUAD,4,4,0.08532294,0.0017567556,0.0096319895,0.05669564,0.8465927
ALL_core_cancer_type_top95,tabpfn_v1,v1,test,2477,LSCC,LSCC,3,3,0.010674278,0.00086891156,0.00871826,0.82467246,0.15506601
ALL_core_cancer_type_top95,tabpfn_v1,v1,test,2774,LUAD,LUAD,4,4,0.11248609,0.004973208,0.024848249,0.18980598,0.66788644
ALL_core_cancer_type_top95,tabpfn_v1,v1,test,2316,LSCC,LSCC,3,3,0.010235812,0.0006884156,0.0107225785,0.9517543,0.02659893
ALL_core_cancer_type_top95,tabpfn_v1,v1,test,1819,HNSCC,HNSCC,2,2,0.017258741,0.022439843,0.9192332,0.030993242,0.010074997
ALL_core_cancer_type_top95,tabpfn_v1,v1,test,337,BRCA,BRCA,0,0,0.9336846,0.0008475442,0.0115233315,0.01991104,0.03403346
ALL_core_cancer_type_top95,tabpfn_v1,v1,test,1329,ESCA,ESCA,1,1,0.015730811,0.93237454,0.026689384,0.009504339,0.01570095
ALL_core_cancer_type_top95,tabpfn_v1,v1,test,2540,LSCC,LSCC,3,3,0.09503325,0.0012324027,0.0234395,0.4821667,0.39812818
ALL_core_cancer_type_top95,tabpfn_v1,v1,test,1237,ESCA,BRCA,1,0,0.45138463,0.31465885,0.1293271,0.039715793,0.064913586
ALL_core_cancer_type_top95,tabpfn_v1,v1,test,2833,LUAD,LUAD,4,4,0.011272292,0.001766549,0.009593186,0.24851388,0.7288541
ALL_core_cancer_type_top95,tabpfn_v1,v1,test,2714,LUAD,HNSCC,4,2,0.2722344,0.00033215014,0.3512009,0.18775819,0.18847427
ALL_core_cancer_type_top95,tabpfn_v1,v1,test,1076,BRCA,BRCA,0,0,0.85593057,0.0050680414,0.033428803,0.065593936,0.039978683
ALL_core_cancer_type_top95,tabpfn_v1,v1,test,1259,ESCA,BRCA,1,0,0.49872574,0.057172537,0.14366,0.0936176,0.20682414
ALL_core_cancer_type_top95,tabpfn_v1,v1,test,13,BRCA,HNSCC,0,2,0.2722344,0.00033215014,0.3512009,0.18775819,0.18847427
ALL_core_cancer_type_top95,tabpfn_v1,v1,test,1872,HNSCC,HNSCC,2,2,0.00914537,0.0038558145,0.96161324,0.020823056,0.004562562
ALL_core_cancer_type_top95,tabpfn_v1,v1,test,681,BRCA,BRCA,0,0,0.9921078,0.00015157498,0.0025869203,0.0025589552,0.0025948319
ALL_core_cancer_type_top95,tabpfn_v1,v1,test,2726,LUAD,LUAD,4,4,0.200896,0.0048630415,0.0725155,0.20691061,0.51481485
ALL_core_cancer_type_top95,tabpfn_v1,v1,test,1095,BRCA,BRCA,0,0,0.48001742,0.00791812,0.06282601,0.1482555,0.30098298
ALL_core_cancer_type_top95,tabpfn_v1,v1,test,2750,LUAD,LUAD,4,4,0.0073558474,0.00029337287,0.0024185136,0.03305907,0.9568733
ALL_core_cancer_type_top95,tabpfn_v1,v1,test,805,BRCA,BRCA,0,0,0.9995346,1.74925e-05,0.00015289852,8.3996114e-05,0.00021096574
ALL_core_cancer_type_top95,tabpfn_v1,v1,test,246,BRCA,BRCA,0,0,0.99935895,2.379996e-05,0.00019486737,0.00011481967,0.00030743048
ALL_core_cancer_type_top95,tabpfn_v1,v1,test,2124,LSCC,HNSCC,3,2,0.2722344,0.00033215014,0.3512009,0.18775819,0.18847427
ALL_core_cancer_type_top95,tabpfn_v1,v1,test,492,BRCA,BRCA,0,0,0.98250717,0.00019382345,0.0046719895,0.0049430146,0.007684077
ALL_core_cancer_type_top95,tabpfn_v1,v1,test,891,BRCA,BRCA,0,0,0.9154854,0.0033670538,0.01766452,0.016325288,0.04715784
ALL_core_cancer_type_top95,tabpfn_v1,v1,test,3229,LUAD,LUAD,4,4,0.013028435,0.00045787374,0.0037540055,0.0930494,0.88971025
ALL_core_cancer_type_top95,tabpfn_v1,v1,test,2399,LSCC,LSCC,3,3,0.01230552,0.0007049796,0.0117627885,0.86265594,0.112570845
ALL_core_cancer_type_top95,tabpfn_v1,v1,test,1767,HNSCC,HNSCC,2,2,0.014434683,0.013400705,0.954158,0.011321195,0.006685432
ALL_core_cancer_type_top95,tabpfn_v1,v1,test,1083,BRCA,BRCA,0,0,0.92455435,0.0049353265,0.023973009,0.018777212,0.027760135
ALL_core_cancer_type_top95,tabpfn_v1,v1,test,951,BRCA,BRCA,0,0,0.9371988,0.016048426,0.018791366,0.009051538,0.018909898
ALL_core_cancer_type_top95,tabpfn_v1,v1,test,1270,ESCA,LSCC,1,3,0.25179458,0.12313848,0.16528556,0.3062071,0.15357429
ALL_core_cancer_type_top95,tabpfn_v1,v1,test,2102,LSCC,HNSCC,3,2,0.2722344,0.00033215014,0.3512009,0.18775819,0.18847427
ALL_core_cancer_type_top95,tabpfn_v1,v1,test,1763,HNSCC,HNSCC,2,2,0.030988527,0.03488793,0.88946223,0.03268983,0.01197142
ALL_core_cancer_type_top95,tabpfn_v1,v1,test,1126,BRCA,BRCA,0,0,0.9993032,3.4698904e-05,0.00017741905,9.489478e-05,0.00038977194
ALL_core_cancer_type_top95,tabpfn_v1,v1,test,1877,HNSCC,HNSCC,2,2,0.0034415573,0.0024770824,0.9831959,0.008378815,0.0025066137
ALL_core_cancer_type_top95,tabpfn_v1,v1,test,600,BRCA,BRCA,0,0,0.9982961,8.084755e-05,0.0005283434,0.0003751031,0.00071968744
ALL_core_cancer_type_top95,tabpfn_v1,v1,test,3155,LUAD,LUAD,4,4,0.022169344,0.0016937632,0.010875581,0.15249176,0.8127696
ALL_core_cancer_type_top95,tabpfn_v1,v1,test,3177,LUAD,LUAD,4,4,0.013066218,0.00059153984,0.0061221095,0.17745611,0.80276394
ALL_core_cancer_type_top95,tabpfn_v1,v1,test,1093,BRCA,BRCA,0,0,0.99778146,7.077758e-05,0.00065001374,0.0005356372,0.00096212764
ALL_core_cancer_type_top95,tabpfn_v1,v1,test,1189,BRCA,BRCA,0,0,0.91683614,0.0034956918,0.030191157,0.03070924,0.018767653
ALL_core_cancer_type_top95,tabpfn_v1,v1,test,1816,HNSCC,HNSCC,2,2,0.012325286,0.005686488,0.8428815,0.13134457,0.0077621373
ALL_core_cancer_type_top95,tabpfn_v1,v1,test,1114,BRCA,BRCA,0,0,0.9917046,9.3189825e-05,0.0027309016,0.0030577003,0.0024135667
ALL_core_cancer_type_top95,tabpfn_v1,v1,test,315,BRCA,BRCA,0,0,0.9931559,0.00021222429,0.0017989706,0.0013714852,0.0034612964
ALL_core_cancer_type_top95,tabpfn_v1,v1,test,2107,LSCC,HNSCC,3,2,0.2722344,0.00033215014,0.3512009,0.18775819,0.18847427
ALL_core_cancer_type_top95,tabpfn_v1,v1,test,2737,LUAD,LUAD,4,4,0.018831814,0.0010015174,0.0028829372,0.010476651,0.96680707
ALL_core_cancer_type_top95,tabpfn_v1,v1,test,2775,LUAD,LUAD,4,4,0.0060060364,0.0006480358,0.003149837,0.047038753,0.9431573
ALL_core_cancer_type_top95,tabpfn_v1,v1,test,794,BRCA,BRCA,0,0,0.96139944,0.0068250312,0.012540967,0.01187659,0.0073580933
ALL_core_cancer_type_top95,tabpfn_v1,v1,test,95,BRCA,HNSCC,0,2,0.2722344,0.00033215014,0.3512009,0.18775819,0.18847427
ALL_core_cancer_type_top95,tabpfn_v1,v1,test,3232,LUAD,LUAD,4,4,0.003703816,0.00013227595,0.00054533035,0.002274981,0.9933436
ALL_core_cancer_type_top95,tabpfn_v1,v1,test,647,BRCA,BRCA,0,0,0.95541656,0.0020957033,0.012965663,0.01226255,0.01725953
ALL_core_cancer_type_top95,tabpfn_v1,v1,test,2403,LSCC,LSCC,3,3,0.054108612,0.0011546508,0.02441815,0.72434527,0.19597325
ALL_core_cancer_type_top95,tabpfn_v1,v1,test,1587,HNSCC,HNSCC,2,2,0.022974664,0.00501742,0.8963881,0.063259505,0.012360356
ALL_core_cancer_type_top95,tabpfn_v1,v1,test,524,BRCA,BRCA,0,0,0.92847735,0.0013609806,0.018491669,0.03962391,0.01204608
ALL_core_cancer_type_top95,tabpfn_v1,v1,test,1016,BRCA,BRCA,0,0,0.99621826,0.00017913996,0.0010400879,0.00078786566,0.001774665
ALL_core_cancer_type_top95,tabpfn_v1,v1,test,3045,LUAD,LUAD,4,4,0.036392257,0.0019719535,0.012370937,0.04479654,0.9044683
ALL_core_cancer_type_top95,tabpfn_v1,v1,test,1298,ESCA,ESCA,1,1,0.13211778,0.5911426,0.16182382,0.07587493,0.039040916
ALL_core_cancer_type_top95,tabpfn_v1,v1,test,2824,LUAD,LUAD,4,4,0.004678213,0.0009996842,0.0031348038,0.024524394,0.9666628
ALL_core_cancer_type_top95,tabpfn_v1,v1,test,2162,LSCC,LSCC,3,3,0.054274995,0.005837877,0.11436959,0.72062075,0.10489673
ALL_core_cancer_type_top95,tabpfn_v1,v1,test,459,BRCA,BRCA,0,0,0.997355,3.9759187e-05,0.0008878901,0.00079013646,0.00092725735
ALL_core_cancer_type_top95,tabpfn_v1,v1,test,466,BRCA,BRCA,0,0,0.9259155,0.0031141073,0.020503176,0.026276834,0.024190353
ALL_core_cancer_type_top95,tabpfn_v1,v1,test,1653,HNSCC,HNSCC,2,2,0.1791064,0.10727943,0.5641599,0.09698933,0.052464902
ALL_core_cancer_type_top95,tabpfn_v1,v1,test,1789,HNSCC,HNSCC,2,2,0.0027423976,0.0017263687,0.9861063,0.0071707647,0.0022541787
ALL_core_cancer_type_top95,tabpfn_v1,v1,test,1390,HNSCC,HNSCC,2,2,0.2722344,0.00033215014,0.3512009,0.18775819,0.18847427
ALL_core_cancer_type_top95,tabpfn_v1,v1,test,2318,LSCC,LSCC,3,3,0.030522618,0.003024791,0.114118226,0.80647635,0.045857944
ALL_core_cancer_type_top95,tabpfn_v1,v1,test,161,BRCA,BRCA,0,0,0.90978974,0.005213602,0.02708712,0.031315517,0.026593968
ALL_core_cancer_type_top95,tabpfn_v1,v1,test,2135,LSCC,BRCA,3,0,0.44416967,0.044891715,0.27975306,0.13185702,0.09932855
ALL_core_cancer_type_top95,tabpfn_v1,v1,test,205,BRCA,BRCA,0,0,0.8846588,0.013065372,0.038387496,0.03292341,0.03096489
ALL_core_cancer_type_top95,tabpfn_v1,v1,test,2883,LUAD,LUAD,4,4,0.23938684,0.003940356,0.018110925,0.06535445,0.6732074
ALL_core_cancer_type_top95,tabpfn_v1,v1,test,2593,LSCC,BRCA,3,0,0.42024615,0.01244354,0.13599312,0.3329859,0.0983313
ALL_core_cancer_type_top95,tabpfn_v1,v1,test,1184,BRCA,BRCA,0,0,0.9894834,0.00017399028,0.0033512902,0.0036858814,0.0033054936
ALL_core_cancer_type_top95,tabpfn_v1,v1,test,1176,BRCA,BRCA,0,0,0.9987594,3.5985693e-05,0.00035975108,0.00026720742,0.0005776157
ALL_core_cancer_type_top95,tabpfn_v1,v1,test,1557,HNSCC,HNSCC,2,2,0.07494758,0.021461518,0.6139931,0.2374987,0.05209908
ALL_core_cancer_type_top95,tabpfn_v1,v1,test,2515,LSCC,LSCC,3,3,0.08770566,0.004718294,0.15971224,0.7031897,0.044674143
ALL_core_cancer_type_top95,tabpfn_v1,v1,test,1448,HNSCC,HNSCC,2,2,0.2722344,0.00033215014,0.3512009,0.18775819,0.18847427
ALL_core_cancer_type_top95,tabpfn_v1,v1,test,2908,LUAD,LSCC,4,3,0.06968723,0.020969154,0.19911906,0.63259554,0.07762896
ALL_core_cancer_type_top95,tabpfn_v1,v1,test,835,BRCA,BRCA,0,0,0.99423707,0.00019561627,0.0015675345,0.0011187582,0.002880864
ALL_core_cancer_type_top95,tabpfn_v1,v1,test,1340,ESCA,BRCA,1,0,0.34792554,0.1487467,0.20745401,0.16270502,0.13316867
ALL_core_cancer_type_top95,tabpfn_v1,v1,test,1495,HNSCC,HNSCC,2,2,0.2722344,0.00033215014,0.3512009,0.18775819,0.18847427
ALL_core_cancer_type_top95,tabpfn_v1,v1,test,2722,LUAD,HNSCC,4,2,0.2722344,0.00033215014,0.3512009,0.18775819,0.18847427
ALL_core_cancer_type_top95,tabpfn_v1,v1,test,779,BRCA,BRCA,0,0,0.99794966,5.2783747e-05,0.000526732,0.0004568761,0.0010138811
ALL_core_cancer_type_top95,tabpfn_v1,v1,test,3013,LUAD,LUAD,4,4,0.030014612,0.00087314163,0.006334404,0.050360113,0.9124178
ALL_core_cancer_type_top95,tabpfn_v1,v1,test,391,BRCA,BRCA,0,0,0.9927868,0.00012164144,0.0023101834,0.0024450563,0.0023362818
ALL_core_cancer_type_top95,tabpfn_v1,v1,test,1302,ESCA,ESCA,1,1,0.012432809,0.89486057,0.06759504,0.016522363,0.0085892435
ALL_core_cancer_type_top95,tabpfn_v1,v1,test,1722,HNSCC,HNSCC,2,2,0.0031354346,0.0027297495,0.9579838,0.03270118,0.0034497874
ALL_core_cancer_type_top95,tabpfn_v1,v1,test,1272,ESCA,BRCA,1,0,0.38875845,0.1583095,0.15336703,0.17355685,0.12600821
ALL_core_cancer_type_top95,tabpfn_v1,v1,test,3021,LUAD,BRCA,4,0,0.53438425,0.005071549,0.036938265,0.09559048,0.3280155
ALL_core_cancer_type_top95,tabpfn_v1,v1,test,2161,LSCC,BRCA,3,0,0.33926862,0.005278268,0.069720015,0.33905515,0.246678
ALL_core_cancer_type_top95,tabpfn_v1,v1,test,1085,BRCA,BRCA,0,0,0.99615186,0.00021980758,0.0013050542,0.0009557281,0.0013675285
ALL_core_cancer_type_top95,tabpfn_v1,v1,test,1367,ESCA,BRCA,1,0,0.42723286,0.013368278,0.11197625,0.17555471,0.27186787
ALL_core_cancer_type_top95,tabpfn_v1,v1,test,378,BRCA,BRCA,0,0,0.9321103,0.0024422498,0.015863793,0.018875571,0.030707961
ALL_core_cancer_type_top95,tabpfn_v1,v1,test,2417,LSCC,LSCC,3,3,0.009503211,0.0004056503,0.0051495787,0.80943745,0.17550413
ALL_core_cancer_type_top95,tabpfn_v1,v1,test,2603,LSCC,LSCC,3,3,0.014370003,0.00167447,0.044916414,0.9249436,0.014095496
ALL_core_cancer_type_top95,tabpfn_v1,v1,test,2759,LUAD,LUAD,4,4,0.004470812,0.00041645984,0.001131208,0.0029885648,0.99099284
ALL_core_cancer_type_top95,tabpfn_v1,v1,test,2005,HNSCC,HNSCC,2,2,0.007275683,0.031953655,0.93081284,0.025771737,0.0041860454
ALL_core_cancer_type_top95,tabpfn_v1,v1,test,2281,LSCC,LSCC,3,3,0.13643745,0.0023680357,0.112851836,0.62303907,0.12530369
ALL_core_cancer_type_top95,tabpfn_v1,v1,test,401,BRCA,BRCA,0,0,0.9841541,0.0023049796,0.005282477,0.0033515368,0.004906897
ALL_core_cancer_type_top95,tabpfn_v1,v1,test,1398,HNSCC,HNSCC,2,2,0.2722344,0.00033215014,0.3512009,0.18775819,0.18847427
ALL_core_cancer_type_top95,tabpfn_v1,v1,test,3205,LUAD,LUAD,4,4,0.0066360286,0.0006626924,0.0040833624,0.120875046,0.8677428
ALL_core_cancer_type_top95,tabpfn_v1,v1,test,1827,HNSCC,BRCA,2,0,0.68994546,0.0043886728,0.12301722,0.077241234,0.10540744
ALL_core_cancer_type_top95,tabpfn_v1,v1,test,2238,LSCC,LSCC,3,3,0.16255087,0.0021352768,0.053593144,0.54862434,0.23309633
ALL_core_cancer_type_top95,tabpfn_v1,v1,test,1759,HNSCC,HNSCC,2,2,0.13565077,0.027954973,0.64435107,0.14419197,0.047851235
ALL_core_cancer_type_top95,tabpfn_v1,v1,test,252,BRCA,BRCA,0,0,0.9961597,0.0005237126,0.0012421947,0.0007269577,0.0013475245
ALL_core_cancer_type_top95,tabpfn_v1,v1,test,1086,BRCA,BRCA,0,0,0.9904198,0.0003218304,0.003087977,0.002660571,0.0035098612
ALL_core_cancer_type_top95,tabpfn_v1,v1,test,2815,LUAD,LUAD,4,4,0.0050830413,0.0005161704,0.0020824652,0.024485696,0.9678325
ALL_core_cancer_type_top95,tabpfn_v1,v1,test,2962,LUAD,LUAD,4,4,0.017879756,0.000680872,0.0070206122,0.07914929,0.8952694
ALL_core_cancer_type_top95,tabpfn_v1,v1,test,1012,BRCA,BRCA,0,0,0.99487203,7.145049e-05,0.0014405351,0.0014562756,0.0021596756
ALL_core_cancer_type_top95,tabpfn_v1,v1,test,2507,LSCC,LSCC,3,3,0.016526146,0.0063735475,0.18573192,0.7754226,0.015945876
ALL_core_cancer_type_top95,tabpfn_v1,v1,test,1632,HNSCC,BRCA,2,0,0.47672758,0.025200253,0.19680192,0.09886092,0.20240934
ALL_core_cancer_type_top95,tabpfn_v1,v1,test,2463,LSCC,LSCC,3,3,0.042571448,0.004425852,0.14639269,0.75199383,0.054616172
ALL_core_cancer_type_top95,tabpfn_v1,v1,test,2297,LSCC,LSCC,3,3,0.20878337,0.012860179,0.18721534,0.47179055,0.119350456
ALL_core_cancer_type_top95,tabpfn_v1,v1,test,1913,HNSCC,HNSCC,2,2,0.030864421,0.02655168,0.69173664,0.2281311,0.022716127
ALL_core_cancer_type_top95,tabpfn_v1,v1,test,1426,HNSCC,HNSCC,2,2,0.2722344,0.00033215014,0.3512009,0.18775819,0.18847427
ALL_core_cancer_type_top95,tabpfn_v1,v1,test,2683,LUAD,HNSCC,4,2,0.2722344,0.00033215014,0.3512009,0.18775819,0.18847427
ALL_core_cancer_type_top95,tabpfn_v1,v1,test,2415,LSCC,LSCC,3,3,0.028682597,0.0010437638,0.016053189,0.93823624,0.015984247
ALL_core_cancer_type_top95,tabpfn_v1,v1,test,1082,BRCA,BRCA,0,0,0.96493196,0.0009962454,0.01084942,0.013327481,0.0098949475
ALL_core_cancer_type_top95,tabpfn_v1,v1,test,2108,LSCC,HNSCC,3,2,0.2722344,0.00033215014,0.3512009,0.18775819,0.18847427
ALL_core_cancer_type_top95,tabpfn_v1,v1,test,3118,LUAD,LUAD,4,4,0.0044728736,0.00046042458,0.0026381486,0.035467837,0.9569607
ALL_core_cancer_type_top95,tabpfn_v1,v1,test,1575,HNSCC,HNSCC,2,2,0.013520469,0.003937353,0.90245,0.06947809,0.010614063
ALL_core_cancer_type_top95,tabpfn_v1,v1,test,1675,HNSCC,HNSCC,2,2,0.06813018,0.017349811,0.8544553,0.03906525,0.020999476
ALL_core_cancer_type_top95,tabpfn_v1,v1,test,769,BRCA,BRCA,0,0,0.99969983,3.502014e-05,8.30936e-05,3.779906e-05,0.00014437815
ALL_core_cancer_type_top95,tabpfn_v1,v1,test,1144,BRCA,BRCA,0,0,0.95129967,0.0028088721,0.01539615,0.016520195,0.01397514
ALL_core_cancer_type_top95,tabpfn_v1,v1,test,565,BRCA,BRCA,0,0,0.99740285,0.00020979489,0.00073389563,0.00046022996,0.0011932813
ALL_core_cancer_type_top95,tabpfn_v1,v1,test,3160,LUAD,LUAD,4,4,0.008063388,0.00017486453,0.0006085514,0.0051414566,0.9860118
ALL_core_cancer_type_top95,tabpfn_v1,v1,test,2330,LSCC,LSCC,3,3,0.028767673,0.0063883066,0.1460718,0.79188824,0.026883991
ALL_core_cancer_type_top95,tabpfn_v1,v1,test,747,BRCA,BRCA,0,0,0.9678104,0.0015283731,0.01025811,0.011393782,0.009009352
ALL_core_cancer_type_top95,tabpfn_v1,v1,test,863,BRCA,BRCA,0,0,0.993454,0.00020434469,0.001925081,0.0016965274,0.0027201327
ALL_core_cancer_type_top95,tabpfn_v1,v1,test,1213,ESCA,ESCA,1,1,0.18738495,0.53859824,0.16045608,0.048372835,0.06518786
ALL_core_cancer_type_top95,tabpfn_v1,v1,test,197,BRCA,BRCA,0,0,0.98028755,0.00050783827,0.0061259647,0.0067910496,0.0062875324
ALL_core_cancer_type_top95,tabpfn_v1,v1,test,871,BRCA,BRCA,0,0,0.9449609,0.0011611445,0.017250217,0.022935888,0.013691781
ALL_core_cancer_type_top95,tabpfn_v1,v1,test,1539,HNSCC,HNSCC,2,2,0.06478088,0.047651384,0.78097177,0.06902769,0.037568312
ALL_core_cancer_type_top95,tabpfn_v1,v1,test,269,BRCA,LSCC,0,3,0.14392792,0.0011217383,0.03583851,0.4985756,0.32053632
ALL_core_cancer_type_top95,tabpfn_v1,v1,test,146,BRCA,BRCA,0,0,0.98948634,0.00041142554,0.0031669554,0.0029379672,0.0039973315
ALL_core_cancer_type_top95,tabpfn_v1,v1,test,2311,LSCC,LSCC,3,3,0.012245166,0.0004187921,0.0037389006,0.624108,0.3594891
ALL_core_cancer_type_top95,tabpfn_v1,v1,test,91,BRCA,HNSCC,0,2,0.2722344,0.00033215014,0.3512009,0.18775819,0.18847427
ALL_core_cancer_type_top95,tabpfn_v1,v1,test,2491,LSCC,LSCC,3,3,0.1591142,0.043416187,0.18547247,0.5267997,0.08519753
ALL_core_cancer_type_top95,tabpfn_v1,v1,test,955,BRCA,BRCA,0,0,0.99076885,0.0013784188,0.0028898232,0.0017012081,0.0032617592
ALL_core_cancer_type_top95,tabpfn_v1,v1,test,1038,BRCA,BRCA,0,0,0.9988438,6.439715e-05,0.00034456543,0.00018434343,0.00056286243
ALL_core_cancer_type_top95,tabpfn_v1,v1,test,21,BRCA,HNSCC,0,2,0.2722344,0.00033215014,0.3512009,0.18775819,0.18847427
ALL_core_cancer_type_top95,tabpfn_v1,v1,test,2392,LSCC,LSCC,3,3,0.025763625,0.0015069623,0.045319114,0.85362947,0.073780894
ALL_core_cancer_type_top95,tabpfn_v1,v1,test,1813,HNSCC,HNSCC,2,2,0.0033557964,0.004075547,0.98048306,0.0100082345,0.0020773907
ALL_core_cancer_type_top95,tabpfn_v1,v1,test,1751,HNSCC,HNSCC,2,2,0.28291383,0.014683807,0.5180243,0.11811407,0.06626395
ALL_core_cancer_type_top95,tabpfn_v1,v1,test,1256,ESCA,ESCA,1,1,0.2070658,0.63523936,0.07088048,0.031121464,0.055692907
ALL_core_cancer_type_top95,tabpfn_v1,v1,test,627,BRCA,BRCA,0,0,0.9434762,0.0008540154,0.011790798,0.034184378,0.00969462
ALL_core_cancer_type_top95,tabpfn_v1,v1,test,1051,BRCA,BRCA,0,0,0.93893796,0.0013181973,0.0090776235,0.012106101,0.03856009
ALL_core_cancer_type_top95,tabpfn_v1,v1,test,1123,BRCA,BRCA,0,0,0.9933763,0.00082528166,0.001745182,0.001265293,0.0027879048
ALL_core_cancer_type_top95,tabpfn_v1,v1,test,2500,LSCC,LSCC,3,3,0.05731464,0.000740345,0.01157802,0.5051587,0.42520824
ALL_core_cancer_type_top95,tabpfn_v1,v1,test,219,BRCA,BRCA,0,0,0.9599796,0.005068344,0.014235549,0.0097126495,0.0110038165
ALL_core_cancer_type_top95,tabpfn_v1,v1,test,2472,LSCC,LSCC,3,3,0.22262232,0.008184188,0.11632734,0.49262235,0.16024381
ALL_core_cancer_type_top95,tabpfn_v1,v1,test,187,BRCA,BRCA,0,0,0.9637259,0.0015622681,0.010697573,0.01655608,0.0074582514
ALL_core_cancer_type_top95,tabpfn_v1,v1,test,1914,HNSCC,HNSCC,2,2,0.0029819494,0.003521359,0.9878642,0.0036894921,0.0019429951
ALL_core_cancer_type_top95,tabpfn_v1,v1,test,1129,BRCA,BRCA,0,0,0.99610126,0.00020034061,0.0011779265,0.0009835968,0.001536936
ALL_core_cancer_type_top95,tabpfn_v1,v1,test,1884,HNSCC,HNSCC,2,2,0.24381979,0.026060747,0.5203401,0.11418694,0.095592484
ALL_core_cancer_type_top95,tabpfn_v1,v1,test,484,BRCA,BRCA,0,0,0.97143734,0.0010585588,0.01058033,0.009184508,0.0077393544
ALL_core_cancer_type_top95,tabpfn_v1,v1,test,1638,HNSCC,HNSCC,2,2,0.106980935,0.0035050595,0.6160275,0.20401445,0.06947209
ALL_core_cancer_type_top95,tabpfn_v1,v1,test,1403,HNSCC,HNSCC,2,2,0.2722344,0.00033215014,0.3512009,0.18775819,0.18847427
ALL_core_cancer_type_top95,tabpfn_v1,v1,test,2285,LSCC,LSCC,3,3,0.043229297,0.0022369137,0.0509777,0.71212465,0.19143146
ALL_core_cancer_type_top95,tabpfn_v1,v1,test,2057,LSCC,HNSCC,3,2,0.2722344,0.00033215014,0.3512009,0.18775819,0.18847427
ALL_core_cancer_type_top95,tabpfn_v1,v1,test,2159,LSCC,LSCC,3,3,0.06538971,0.0025664961,0.05055626,0.8058617,0.07562586
ALL_core_cancer_type_top95,tabpfn_v1,v1,test,1028,BRCA,BRCA,0,0,0.85375166,0.005317916,0.03310263,0.045419358,0.062408365
ALL_core_cancer_type_top95,tabpfn_v1,v1,test,1996,HNSCC,HNSCC,2,2,0.017221501,0.006121803,0.9100958,0.056132976,0.010427918
ALL_core_cancer_type_top95,tabpfn_v1,v1,test,2873,LUAD,LUAD,4,4,0.04413488,0.001514514,0.014871127,0.1852808,0.7541987
ALL_core_cancer_type_top95,tabpfn_v1,v1,test,122,BRCA,BRCA,0,0,0.8126332,0.0066728317,0.053888388,0.08267458,0.044130977
ALL_core_cancer_type_top95,tabpfn_v1,v1,test,1449,HNSCC,HNSCC,2,2,0.2722344,0.00033215014,0.3512009,0.18775819,0.18847427
ALL_core_cancer_type_top95,tabpfn_v1,v1,test,1698,HNSCC,HNSCC,2,2,0.0016311292,0.00078005914,0.99437296,0.0020112905,0.0012045531
ALL_core_cancer_type_top95,tabpfn_v1,v1,test,563,BRCA,BRCA,0,0,0.9947806,0.00016114053,0.0012711545,0.0011871615,0.0025999397
ALL_core_cancer_type_top95,tabpfn_v1,v1,test,1434,HNSCC,HNSCC,2,2,0.2722344,0.00033215014,0.3512009,0.18775819,0.18847427
ALL_core_cancer_type_top95,tabpfn_v1,v1,test,1325,ESCA,ESCA,1,1,0.007396309,0.88957644,0.07127927,0.02649205,0.005255974
ALL_core_cancer_type_top95,tabpfn_v1,v1,test,748,BRCA,BRCA,0,0,0.9996202,2.2186246e-05,9.1007416e-05,4.1833257e-05,0.00022475049
ALL_core_cancer_type_top95,tabpfn_v1,v1,test,2030,LSCC,HNSCC,3,2,0.2722344,0.00033215014,0.3512009,0.18775819,0.18847427
ALL_core_cancer_type_top95,tabpfn_v1,v1,test,121,BRCA,HNSCC,0,2,0.2722344,0.00033215014,0.3512009,0.18775819,0.18847427
ALL_core_cancer_type_top95,tabpfn_v1,v1,test,2689,LUAD,HNSCC,4,2,0.2722344,0.00033215014,0.3512009,0.18775819,0.18847427
ALL_core_cancer_type_top95,tabpfn_v1,v1,test,3237,LUAD,LUAD,4,4,0.0104777645,0.00083377515,0.0039524143,0.016753683,0.9679824
ALL_core_cancer_type_top95,tabpfn_v1,v1,test,804,BRCA,BRCA,0,0,0.9822228,0.0017372316,0.0074532544,0.0039200657,0.0046666414
ALL_core_cancer_type_top95,tabpfn_v1,v1,test,2606,LSCC,LSCC,3,3,0.08073662,0.0023337572,0.05352805,0.7250374,0.1383642
ALL_core_cancer_type_top95,tabpfn_v1,v1,test,385,BRCA,BRCA,0,0,0.97794193,0.00051706174,0.006693065,0.00924209,0.0056058364
ALL_core_cancer_type_top95,tabpfn_v1,v1,test,1778,HNSCC,HNSCC,2,2,0.1407062,0.020277537,0.53438526,0.24098338,0.06364756
ALL_core_cancer_type_top95,tabpfn_v1,v1,test,508,BRCA,BRCA,0,0,0.8426773,0.002992669,0.035111174,0.086129986,0.03308881
ALL_core_cancer_type_top95,tabpfn_v1,v1,test,2776,LUAD,LUAD,4,4,0.105927564,0.0027910843,0.017078362,0.06973796,0.804465
ALL_core_cancer_type_top95,tabpfn_v1,v1,test,1529,HNSCC,HNSCC,2,2,0.036378067,0.0040606447,0.5876793,0.33781222,0.034069724
ALL_core_cancer_type_top95,tabpfn_v1,v1,test,2668,LUAD,HNSCC,4,2,0.2722344,0.00033215014,0.3512009,0.18775819,0.18847427
ALL_core_cancer_type_top95,tabpfn_v1,v1,test,2651,LUAD,HNSCC,4,2,0.2722344,0.00033215014,0.3512009,0.18775819,0.18847427
ALL_core_cancer_type_top95,tabpfn_v1,v1,test,854,BRCA,BRCA,0,0,0.93224436,0.0044589657,0.019088939,0.024945268,0.019262476
ALL_core_cancer_type_top95,tabpfn_v1,v1,test,1485,HNSCC,HNSCC,2,2,0.2722344,0.00033215014,0.3512009,0.18775819,0.18847427
ALL_core_cancer_type_top95,tabpfn_v1,v1,test,1746,HNSCC,HNSCC,2,2,0.0110028405,0.018584128,0.94618505,0.018445497,0.0057825283
ALL_core_cancer_type_top95,tabpfn_v1,v1,test,330,BRCA,BRCA,0,0,0.9993268,4.6475223e-05,0.00022032172,0.00010715343,0.0002992617
ALL_core_cancer_type_top95,tabpfn_v1,v1,test,1071,BRCA,BRCA,0,0,0.9759257,0.0010290091,0.007421435,0.008926434,0.0066976007
ALL_core_cancer_type_top95,tabpfn_v1,v1,test,2438,LSCC,LSCC,3,3,0.2704845,0.0025519992,0.07788876,0.48058966,0.16848502
ALL_core_cancer_type_top95,tabpfn_v1,v1,test,1524,HNSCC,HNSCC,2,2,0.067563936,0.009451749,0.56956756,0.3054299,0.047986872
ALL_core_cancer_type_top95,tabpfn_v1,v1,test,2083,LSCC,HNSCC,3,2,0.2722344,0.00033215014,0.3512009,0.18775819,0.18847427
ALL_core_cancer_type_top95,tabpfn_v1,v1,test,1,BRCA,HNSCC,0,2,0.2722344,0.00033215014,0.3512009,0.18775819,0.18847427
ALL_core_cancer_type_top95,tabpfn_v1,v1,test,2172,LSCC,LSCC,3,3,0.012528141,0.002686278,0.023329403,0.92000777,0.041448437
ALL_core_cancer_type_top95,tabpfn_v1,v1,test,1689,HNSCC,HNSCC,2,2,0.032185897,0.019678777,0.71773577,0.20847252,0.021927051
ALL_core_cancer_type_top95,tabpfn_v1,v1,test,2611,LSCC,LSCC,3,3,0.071566984,0.0045471615,0.04741836,0.76013356,0.11633398
ALL_core_cancer_type_top95,tabpfn_v1,v1,test,2120,LSCC,HNSCC,3,2,0.2722344,0.00033215014,0.3512009,0.18775819,0.18847427
ALL_core_cancer_type_top95,tabpfn_v1,v1,test,1147,BRCA,BRCA,0,0,0.87651443,0.0072543803,0.036119707,0.037402656,0.042708836
ALL_core_cancer_type_top95,tabpfn_v1,v1,test,1925,HNSCC,HNSCC,2,2,0.00969847,0.0028879782,0.90400076,0.07510378,0.008308985
ALL_core_cancer_type_top95,tabpfn_v1,v1,test,1100,BRCA,BRCA,0,0,0.9872705,0.0019575404,0.004131443,0.0026305388,0.00400996
ALL_core_cancer_type_top95,tabpfn_v1,v1,test,2468,LSCC,LSCC,3,3,0.13458665,0.0020366593,0.032529753,0.6629132,0.16793375
ALL_core_cancer_type_top95,tabpfn_v1,v1,test,2867,LUAD,LUAD,4,4,0.009410586,0.0015658217,0.009832595,0.42671764,0.5524733
ALL_core_cancer_type_top95,tabpfn_v1,v1,test,510,BRCA,BRCA,0,0,0.47459838,0.026095768,0.14430107,0.31185058,0.043154225
ALL_core_cancer_type_top95,tabpfn_v1,v1,test,2177,LSCC,LSCC,3,3,0.0063216873,0.00399069,0.07353087,0.9062259,0.009930862
ALL_core_cancer_type_top95,tabpfn_v1,v1,test,1260,ESCA,ESCA,1,1,0.19954969,0.5597029,0.100148514,0.048674937,0.091923974
ALL_core_cancer_type_top95,tabpfn_v1,v1,test,3113,LUAD,LUAD,4,4,0.014243154,0.00088828005,0.005754016,0.14890441,0.8302101
ALL_core_cancer_type_top95,tabpfn_v1,v1,test,3129,LUAD,LUAD,4,4,0.001955393,0.00035148725,0.0010915791,0.009263246,0.9873383
ALL_core_cancer_type_top95,tabpfn_v1,v1,test,293,BRCA,BRCA,0,0,0.6852508,0.0062847366,0.075486265,0.1596772,0.07330104
ALL_core_cancer_type_top95,tabpfn_v1,v1,test,2021,LSCC,HNSCC,3,2,0.2722344,0.00033215014,0.3512009,0.18775819,0.18847427
ALL_core_cancer_type_top95,tabpfn_v1,v1,test,929,BRCA,BRCA,0,0,0.99362564,0.0005139742,0.0021946365,0.0016410903,0.0020246147
ALL_core_cancer_type_top95,tabpfn_v1,v1,test,2039,LSCC,HNSCC,3,2,0.2722344,0.00033215014,0.3512009,0.18775819,0.18847427
ALL_core_cancer_type_top95,tabpfn_v1,v1,test,2670,LUAD,HNSCC,4,2,0.2722344,0.00033215014,0.3512009,0.18775819,0.18847427
ALL_core_cancer_type_top95,tabpfn_v1,v1,test,1906,HNSCC,HNSCC,2,2,0.0413697,0.011240426,0.86468935,0.06416003,0.018540576
ALL_core_cancer_type_top95,tabpfn_v1,v1,test,1540,HNSCC,HNSCC,2,2,0.019381154,0.005143869,0.9416907,0.023778059,0.010006303
ALL_core_cancer_type_top95,tabpfn_v1,v1,test,642,BRCA,BRCA,0,0,0.9923292,0.00024570685,0.002346728,0.0031949712,0.0018834141
ALL_core_cancer_type_top95,tabpfn_v1,v1,test,1473,HNSCC,HNSCC,2,2,0.2722344,0.00033215014,0.3512009,0.18775819,0.18847427
ALL_core_cancer_type_top95,tabpfn_v1,v1,test,3019,LUAD,LUAD,4,4,0.03370322,0.0013448352,0.005246166,0.029321527,0.93038416
ALL_core_cancer_type_top95,tabpfn_v1,v1,test,1958,HNSCC,HNSCC,2,2,0.026945524,0.02406679,0.93293136,0.008830432,0.007225846
ALL_core_cancer_type_top95,tabpfn_v1,v1,test,2368,LSCC,LSCC,3,3,0.015532877,0.001313311,0.043689635,0.9253967,0.014067442
ALL_core_cancer_type_top95,tabpfn_v1,v1,test,1570,HNSCC,HNSCC,2,2,0.005802347,0.008601458,0.75543046,0.22543944,0.004726317
ALL_core_cancer_type_top95,tabpfn_v1,v1,test,2344,LSCC,LSCC,3,3,0.05566438,0.005684661,0.08473942,0.7205557,0.13335587
ALL_core_cancer_type_top95,tabpfn_v1,v1,test,659,BRCA,BRCA,0,0,0.99901485,2.7130138e-05,0.00034534838,0.00021856226,0.00039409043
ALL_core_cancer_type_top95,tabpfn_v1,v1,test,14,BRCA,HNSCC,0,2,0.2722344,0.00033215014,0.3512009,0.18775819,0.18847427
ALL_core_cancer_type_top95,tabpfn_v1,v1,test,3234,LUAD,LUAD,4,4,0.021561883,0.0009438741,0.008464344,0.10037418,0.8686558
ALL_core_cancer_type_top95,tabpfn_v1,v1,test,2383,LSCC,LSCC,3,3,0.018315911,0.00061811367,0.012513659,0.9073419,0.061210427
ALL_core_cancer_type_top95,tabpfn_v1,v1,test,1953,HNSCC,HNSCC,2,2,0.11715319,0.033999942,0.6444321,0.15784667,0.046568055
ALL_core_cancer_type_top95,tabpfn_v1,v1,test,2949,LUAD,LUAD,4,4,0.0035297233,0.00054343534,0.0038574103,0.41669115,0.5753783
ALL_core_cancer_type_top95,tabpfn_v1,v1,test,1706,HNSCC,HNSCC,2,2,0.0046036374,0.0053783827,0.8540586,0.13158195,0.004377446
ALL_core_cancer_type_top95,tabpfn_v1,v1,test,20,BRCA,HNSCC,0,2,0.2722344,0.00033215014,0.3512009,0.18775819,0.18847427
ALL_core_cancer_type_top95,tabpfn_v1,v1,test,2673,LUAD,HNSCC,4,2,0.2722344,0.00033215014,0.3512009,0.18775819,0.18847427
ALL_core_cancer_type_top95,tabpfn_v1,v1,test,1297,ESCA,BRCA,1,0,0.45456317,0.19355914,0.11647019,0.069069795,0.16633776
ALL_core_cancer_type_top95,tabpfn_v1,v1,test,2179,LSCC,LSCC,3,3,0.023965921,0.01629061,0.1925719,0.74026805,0.026903503
ALL_core_cancer_type_top95,tabpfn_v1,v1,test,1056,BRCA,BRCA,0,0,0.98038816,0.00032869232,0.004380592,0.00623295,0.008669611
ALL_core_cancer_type_top95,tabpfn_v1,v1,test,2328,LSCC,LSCC,3,3,0.032619838,0.009959707,0.21554974,0.7085323,0.033338506
ALL_core_cancer_type_top95,tabpfn_v1,v1,test,1283,ESCA,BRCA,1,0,0.47825074,0.09726866,0.12618433,0.12369015,0.17460617
ALL_core_cancer_type_top95,tabpfn_v1,v1,test,1377,ESCA,ESCA,1,1,0.09331634,0.6225191,0.16570495,0.07370924,0.04475044
ALL_core_cancer_type_top95,tabpfn_v1,v1,test,2322,LSCC,LSCC,3,3,0.0061718104,0.0027933933,0.04333858,0.9196682,0.028028086
ALL_core_cancer_type_top95,tabpfn_v1,v1,test,216,BRCA,BRCA,0,0,0.82112074,0.0050934777,0.050182637,0.086077705,0.03752552
ALL_core_cancer_type_top95,tabpfn_v1,v1,test,1574,HNSCC,HNSCC,2,2,0.0029446797,0.0026084275,0.9636887,0.028208308,0.0025499298
ALL_core_cancer_type_top95,tabpfn_v1,v1,test,3094,LUAD,LUAD,4,4,0.0097550675,0.0012902205,0.005143077,0.0380828,0.9457289
ALL_core_cancer_type_top95,tabpfn_v1,v1,test,2369,LSCC,LSCC,3,3,0.06313728,0.0068342052,0.13289519,0.754579,0.0425543
ALL_core_cancer_type_top95,tabpfn_v1,v1,test,2691,LUAD,HNSCC,4,2,0.2722344,0.00033215014,0.3512009,0.18775819,0.18847427
ALL_core_cancer_type_top95,tabpfn_v1,v1,test,2969,LUAD,LUAD,4,4,0.06899538,0.0023345842,0.021014396,0.18451244,0.7231433
ALL_core_cancer_type_top95,tabpfn_v1,v1,test,2352,LSCC,LSCC,3,3,0.09062271,0.0051426757,0.050948605,0.5589258,0.2943602
ALL_core_cancer_type_top95,tabpfn_v1,v1,test,1251,ESCA,BRCA,1,0,0.3902031,0.26083678,0.12669359,0.09015977,0.1321068
ALL_core_cancer_type_top95,tabpfn_v1,v1,test,2346,LSCC,LSCC,3,3,0.052286007,0.00093665114,0.03211857,0.8206823,0.09397647
ALL_core_cancer_type_top95,tabpfn_v1,v1,test,2020,LSCC,HNSCC,3,2,0.2722344,0.00033215014,0.3512009,0.18775819,0.18847427
ALL_core_cancer_type_top95,tabpfn_v1,v1,test,1017,BRCA,BRCA,0,0,0.98328894,0.0006288849,0.0046451665,0.005461786,0.0059751184
ALL_core_cancer_type_top95,tabpfn_v1,v1,test,1786,HNSCC,HNSCC,2,2,0.01118187,0.0045718323,0.84645,0.12952153,0.00827475
ALL_core_cancer_type_top95,tabpfn_v1,v1,test,1277,ESCA,BRCA,1,0,0.40570924,0.20279953,0.1669848,0.09865982,0.12584661
ALL_core_cancer_type_top95,tabpfn_v1,v1,test,1130,BRCA,BRCA,0,0,0.98445606,0.0002875012,0.004970573,0.0049089403,0.005376864
ALL_core_cancer_type_top95,tabpfn_v1,v1,test,1292,ESCA,ESCA,1,1,0.059992593,0.6182587,0.21473244,0.068723425,0.038292766
ALL_core_cancer_type_top95,tabpfn_v1,v1,test,474,BRCA,BRCA,0,0,0.9921245,0.00029369164,0.0026022878,0.002167656,0.002811826
ALL_core_cancer_type_top95,tabpfn_v1,v1,test,2730,LUAD,LUAD,4,4,0.12228721,0.0034477003,0.011661129,0.038356896,0.824247
ALL_core_cancer_type_top95,tabpfn_v1,v1,test,2811,LUAD,LUAD,4,4,0.28880367,0.0015118662,0.029477945,0.17280608,0.5074004
ALL_core_cancer_type_top95,tabpfn_v1,v1,test,1610,HNSCC,HNSCC,2,2,0.010876595,0.006240943,0.9500334,0.026654493,0.006194588
ALL_core_cancer_type_top95,tabpfn_v1,v1,test,742,BRCA,BRCA,0,0,0.75255483,0.0111787915,0.054344554,0.06640124,0.11552064
ALL_core_cancer_type_top95,tabpfn_v1,v1,test,3027,LUAD,LUAD,4,4,0.03255918,0.0012416256,0.0042086816,0.012764892,0.94922566
ALL_core_cancer_type_top95,tabpfn_v1,v1,test,775,BRCA,BRCA,0,0,0.9869112,0.00064848794,0.00475896,0.0036794145,0.004001853
ALL_core_cancer_type_top95,tabpfn_v1,v1,test,1262,ESCA,ESCA,1,1,0.16680536,0.7189382,0.052810397,0.017082512,0.044363484
ALL_core_cancer_type_top95,tabpfn_v1,v1,test,612,BRCA,BRCA,0,0,0.81627303,0.002749925,0.04646438,0.068556786,0.06595584
ALL_core_cancer_type_top95,tabpfn_v1,v1,test,960,BRCA,BRCA,0,0,0.9843233,0.00034798353,0.0039620306,0.0048655933,0.006501104
ALL_core_cancer_type_top95,tabpfn_v1,v1,test,2767,LUAD,LUAD,4,4,0.0010946235,0.000111313806,0.00043825587,0.003404368,0.9949515
ALL_core_cancer_type_top95,tabpfn_v1,v1,test,1518,HNSCC,BRCA,2,0,0.35744485,0.10463819,0.33383662,0.11844603,0.085634276
ALL_core_cancer_type_top95,tabpfn_v1,v1,test,387,BRCA,BRCA,0,0,0.9974022,0.0001905494,0.00082157465,0.00056295237,0.0010227413
ALL_core_cancer_type_top95,tabpfn_v1,v1,test,276,BRCA,BRCA,0,0,0.9734812,0.00075225724,0.008801541,0.008337567,0.008627513
ALL_core_cancer_type_top95,tabpfn_v1,v1,test,1853,HNSCC,HNSCC,2,2,0.19199404,0.016757315,0.5740684,0.14167656,0.07550367
ALL_core_cancer_type_top95,tabpfn_v1,v1,test,2425,LSCC,LSCC,3,3,0.048485324,0.0009647696,0.018654121,0.6353795,0.2965163
ALL_core_cancer_type_top95,tabpfn_v1,v1,test,1558,HNSCC,HNSCC,2,2,0.1281653,0.05176046,0.56444216,0.12840174,0.12723032
ALL_core_cancer_type_top95,tabpfn_v1,v1,test,2955,LUAD,LSCC,4,3,0.0057723606,0.0015977414,0.008476368,0.5811171,0.40303645
ALL_core_cancer_type_top95,tabpfn_v1,v1,test,2103,LSCC,HNSCC,3,2,0.2722344,0.00033215014,0.3512009,0.18775819,0.18847427
ALL_core_cancer_type_top95,tabpfn_v1,v1,test,1880,HNSCC,HNSCC,2,2,0.035012387,0.010719701,0.8919272,0.045563903,0.016776925
ALL_core_cancer_type_top95,tabpfn_v1,v1,test,2142,LSCC,LSCC,3,3,0.017279927,0.0013330833,0.017508963,0.87648517,0.08739285
ALL_core_cancer_type_top95,tabpfn_v1,v1,test,870,BRCA,BRCA,0,0,0.99703,4.8642123e-05,0.00084204716,0.0007400255,0.001339115
ALL_core_cancer_type_top95,tabpfn_v1,v1,test,463,BRCA,BRCA,0,0,0.96519,0.0013492259,0.009152286,0.011784554,0.012523848
ALL_core_cancer_type_top95,tabpfn_v1,v1,test,763,BRCA,BRCA,0,0,0.8882879,0.004792879,0.033936813,0.045166735,0.027815675
ALL_core_cancer_type_top95,tabpfn_v1,v1,test,592,BRCA,BRCA,0,0,0.9993038,0.0001243465,0.00017711858,8.349001e-05,0.00031120903
ALL_core_cancer_type_top95,tabpfn_v1,v1,test,1240,ESCA,ESCA,1,1,0.046589617,0.8764779,0.038788848,0.013546767,0.024596844
ALL_core_cancer_type_top95,tabpfn_v1,v1,test,2604,LSCC,LSCC,3,3,0.10214386,0.0037953395,0.0346739,0.6309432,0.22844374
ALL_core_cancer_type_top95,tabpfn_v1,v1,test,1736,HNSCC,HNSCC,2,2,0.12566292,0.06401465,0.6480949,0.100457504,0.061770033
ALL_core_cancer_type_top95,tabpfn_v1,v1,test,981,BRCA,BRCA,0,0,0.66907865,0.008438352,0.11548716,0.14019184,0.06680401
ALL_core_cancer_type_top95,tabpfn_v1,v1,test,418,BRCA,BRCA,0,0,0.8322219,0.00341325,0.040799666,0.07328325,0.050281998
ALL_core_cancer_type_top95,tabpfn_v1,v1,test,1548,HNSCC,HNSCC,2,2,0.002528847,0.0017124643,0.98880136,0.004989759,0.0019675512
ALL_core_cancer_type_top95,tabpfn_v1,v1,test,719,BRCA,BRCA,0,0,0.99046916,0.0002989865,0.0031297368,0.0027230005,0.003379183
ALL_core_cancer_type_top95,tabpfn_v1,v1,test,2994,LUAD,BRCA,4,0,0.4822115,0.008285658,0.05037853,0.07271107,0.3864132
ALL_core_cancer_type_top95,tabpfn_v1,v1,test,406,BRCA,BRCA,0,0,0.99851865,8.219153e-05,0.00046238423,0.00027693517,0.0006598562
ALL_core_cancer_type_top95,tabpfn_v1,v1,test,1830,HNSCC,HNSCC,2,2,0.049012423,0.004441754,0.8581399,0.06604582,0.022360103
ALL_core_cancer_type_top95,tabpfn_v1,v1,test,1903,HNSCC,HNSCC,2,2,0.0066743684,0.023981776,0.9587833,0.007419162,0.0031413315
ALL_core_cancer_type_top95,tabpfn_v1,v1,test,1528,HNSCC,HNSCC,2,2,0.08598999,0.009063383,0.61438864,0.24387506,0.046682943
ALL_core_cancer_type_top95,tabpfn_v1,v1,test,766,BRCA,BRCA,0,0,0.9895229,0.00061547017,0.003122807,0.0029296414,0.0038092353
ALL_core_cancer_type_top95,tabpfn_v1,v1,test,2470,LSCC,LSCC,3,3,0.09897749,0.000795114,0.02213905,0.70721173,0.17087664
ALL_core_cancer_type_top95,tabpfn_v1,v1,test,3018,LUAD,LSCC,4,3,0.019601164,0.0015036551,0.015165495,0.5875802,0.37614945
ALL_core_cancer_type_top95,tabpfn_v1,v1,test,840,BRCA,BRCA,0,0,0.89136684,0.0049447087,0.023624187,0.024971623,0.055092648
ALL_core_cancer_type_top95,tabpfn_v1,v1,test,1546,HNSCC,HNSCC,2,2,0.020218497,0.051659193,0.87904716,0.040226936,0.008848253
ALL_core_cancer_type_top95,tabpfn_v1,v1,test,1697,HNSCC,HNSCC,2,2,0.0076963007,0.024949765,0.9435188,0.01937372,0.004461319
ALL_core_cancer_type_top95,tabpfn_v1,v1,test,699,BRCA,BRCA,0,0,0.59190613,0.016453765,0.13005723,0.16375038,0.09783252
ALL_core_cancer_type_top95,tabpfn_v1,v1,test,3039,LUAD,LUAD,4,4,0.037805356,0.011904165,0.08362137,0.400381,0.46628812
ALL_core_cancer_type_top95,tabpfn_v1,v1,test,2915,LUAD,LUAD,4,4,0.0018899654,0.00018578405,0.00093709194,0.030903893,0.9660832
ALL_core_cancer_type_top95,tabpfn_v1,v1,test,186,BRCA,BRCA,0,0,0.99740016,8.375027e-05,0.00079106307,0.00065559347,0.0010695062
ALL_core_cancer_type_top95,tabpfn_v1,v1,test,2607,LSCC,LSCC,3,3,0.068323396,0.010942815,0.18551867,0.6496277,0.08558741
ALL_core_cancer_type_top95,tabpfn_v1,v1,test,1380,ESCA,ESCA,1,1,0.069459386,0.51432693,0.17353958,0.19930162,0.04337251
ALL_core_cancer_type_top95,tabpfn_v1,v1,test,402,BRCA,BRCA,0,0,0.96974146,0.0023429627,0.007941734,0.0052106837,0.014763119
ALL_core_cancer_type_top95,tabpfn_v1,v1,test,883,BRCA,BRCA,0,0,0.95293957,0.0027654248,0.0153075615,0.017491544,0.011495758
ALL_core_cancer_type_top95,tabpfn_v1,v1,test,2602,LSCC,LSCC,3,3,0.010371696,0.0011129074,0.026844088,0.94854915,0.013122236
ALL_core_cancer_type_top95,tabpfn_v1,v1,test,2599,LSCC,LSCC,3,3,0.015971903,0.0022249396,0.09299863,0.8570605,0.031743992
ALL_core_cancer_type_top95,tabpfn_v1,v1,test,3172,LUAD,LUAD,4,4,0.02733585,0.0010890999,0.006186014,0.0808707,0.8845184
ALL_core_cancer_type_top95,tabpfn_v1,v1,test,1660,HNSCC,HNSCC,2,2,0.004453531,0.014225602,0.95010436,0.027948078,0.0032685027
ALL_core_cancer_type_top95,tabpfn_v1,v1,test,1979,HNSCC,HNSCC,2,2,0.013312458,0.013222597,0.7463903,0.21531998,0.011754635
ALL_core_cancer_type_top95,tabpfn_v1,v1,test,112,BRCA,HNSCC,0,2,0.2722344,0.00033215014,0.3512009,0.18775819,0.18847427
ALL_core_cancer_type_top95,tabpfn_v1,v1,test,608,BRCA,BRCA,0,0,0.96908265,0.0012004854,0.010284265,0.0126764355,0.006756173
ALL_core_cancer_type_top95,tabpfn_v1,v1,test,2662,LUAD,HNSCC,4,2,0.2722344,0.00033215014,0.3512009,0.18775819,0.18847427
ALL_core_cancer_type_top95,tabpfn_v1,v1,test,709,BRCA,BRCA,0,0,0.9623381,0.0003496242,0.011116455,0.013131506,0.013064228
ALL_core_cancer_type_top95,tabpfn_v1,v1,test,556,BRCA,BRCA,0,0,0.81065243,0.0054380996,0.05400769,0.07929231,0.05060947
ALL_core_cancer_type_top95,tabpfn_v1,v1,test,1151,BRCA,BRCA,0,0,0.7790117,0.00582326,0.049057443,0.09267768,0.07342977
ALL_core_cancer_type_top95,tabpfn_v1,v1,test,702,BRCA,BRCA,0,0,0.99108726,0.00026635436,0.0027479508,0.0028231062,0.003075335
ALL_core_cancer_type_top95,tabpfn_v1,v1,test,3082,LUAD,LUAD,4,4,0.009377674,0.00063249306,0.0019619514,0.016297126,0.9717308
ALL_core_cancer_type_top95,tabpfn_v1,v1,test,3198,LUAD,LUAD,4,4,0.008968497,0.00024680223,0.0019308421,0.034099545,0.9547543
ALL_core_cancer_type_top95,tabpfn_v1,v1,test,795,BRCA,BRCA,0,0,0.98187524,0.0006927659,0.0059165624,0.0064000264,0.0051153777
ALL_core_cancer_type_top95,tabpfn_v1,v1,test,2094,LSCC,HNSCC,3,2,0.2722344,0.00033215014,0.3512009,0.18775819,0.18847427
ALL_core_cancer_type_top95,tabpfn_v1,v1,test,441,BRCA,BRCA,0,0,0.9989687,2.1812064e-05,0.00025039644,0.00021422181,0.0005448361
ALL_core_cancer_type_top95,tabpfn_v1,v1,test,2772,LUAD,LUAD,4,4,0.017343896,0.00069445313,0.0033798655,0.022759246,0.9558225
ALL_core_cancer_type_top95,tabpfn_v1,v1,test,2069,LSCC,HNSCC,3,2,0.2722344,0.00033215014,0.3512009,0.18775819,0.18847427
ALL_core_cancer_type_top95,tabpfn_v1,v1,test,632,BRCA,BRCA,0,0,0.9993098,3.7972804e-05,0.00021894749,0.000106288644,0.000326954
ALL_core_cancer_type_top95,tabpfn_v1,v1,test,34,BRCA,HNSCC,0,2,0.2722344,0.00033215014,0.3512009,0.18775819,0.18847427
ALL_core_cancer_type_top95,tabpfn_v1,v1,test,2174,LSCC,LSCC,3,3,0.029654354,0.000896876,0.016873602,0.8745514,0.07802377
ALL_core_cancer_type_top95,tabpfn_v1,v1,test,1349,ESCA,BRCA,1,0,0.4096038,0.25400522,0.14153998,0.079488076,0.115362935
ALL_core_cancer_type_top95,tabpfn_v1,v1,test,3139,LUAD,LUAD,4,4,0.0043790936,0.00018782238,0.0010878074,0.007856897,0.9864884
ALL_core_cancer_type_top95,tabpfn_v1,v1,test,3208,LUAD,LUAD,4,4,0.013863399,0.0009358383,0.007966826,0.32580948,0.65142447
ALL_core_cancer_type_top95,tabpfn_v1,v1,test,1613,HNSCC,HNSCC,2,2,0.014706431,0.0044257054,0.9486271,0.025015136,0.0072256955
ALL_core_cancer_type_top95,tabpfn_v1,v1,test,1527,HNSCC,HNSCC,2,2,0.003272957,0.0014530884,0.9815431,0.011458057,0.002272748
ALL_core_cancer_type_top95,tabpfn_v1,v1,test,1533,HNSCC,HNSCC,2,2,0.08089992,0.11197952,0.61818886,0.15363456,0.035297167
ALL_core_cancer_type_top95,tabpfn_v1,v1,test,2516,LSCC,HNSCC,3,2,0.06463608,0.022276452,0.59163815,0.28243425,0.039015036
ALL_core_cancer_type_top95,tabpfn_v1,v1,test,2732,LUAD,BRCA,4,0,0.3748514,0.005215682,0.059518952,0.20655844,0.35385552
ALL_core_cancer_type_top95,tabpfn_v1,v1,test,975,BRCA,BRCA,0,0,0.93630975,0.0015756155,0.017020313,0.030954115,0.014140188
ALL_core_cancer_type_top95,tabpfn_v1,v1,test,488,BRCA,BRCA,0,0,0.970169,0.0020088714,0.009530533,0.00873294,0.009558641
ALL_core_cancer_type_top95,tabpfn_v1,v1,test,1387,ESCA,ESCA,1,1,0.09858063,0.74239856,0.0666934,0.025840122,0.06648733
ALL_core_cancer_type_top95,tabpfn_v1,v1,test,663,BRCA,BRCA,0,0,0.9466821,0.00078257057,0.011855022,0.014601895,0.026078401
ALL_core_cancer_type_top95,tabpfn_v1,v1,test,1626,HNSCC,HNSCC,2,2,0.00622107,0.0086409645,0.9713047,0.010631233,0.0032020912
ALL_core_cancer_type_top95,tabpfn_v1,v1,test,2382,LSCC,LSCC,3,3,0.00850893,0.0017013412,0.03474536,0.94169956,0.013344802
ALL_core_cancer_type_top95,tabpfn_v1,v1,test,2362,LSCC,LSCC,3,3,0.018217511,0.0031743909,0.040402632,0.87601036,0.062195037
ALL_core_cancer_type_top95,tabpfn_v1,v1,test,1705,HNSCC,HNSCC,2,2,0.020768153,0.007132821,0.874207,0.085782416,0.012109598
ALL_core_cancer_type_top95,tabpfn_v1,v1,test,3089,LUAD,LUAD,4,4,0.013169446,0.001185566,0.006987376,0.04430345,0.93435425
ALL_core_cancer_type_top95,tabpfn_v1,v1,test,400,BRCA,BRCA,0,0,0.7243775,0.046865914,0.09892416,0.07060427,0.05922812
ALL_core_cancer_type_top95,tabpfn_v1,v1,test,189,BRCA,BRCA,0,0,0.8257968,0.0050285514,0.053292572,0.07155248,0.04432963
ALL_core_cancer_type_top95,tabpfn_v1,v1,test,2731,LUAD,LUAD,4,4,0.01384332,0.0011661627,0.007805087,0.10234655,0.8748389
ALL_core_cancer_type_top95,tabpfn_v1,v1,test,2239,LSCC,LSCC,3,3,0.13439815,0.0034919616,0.10849679,0.62952137,0.12409165
ALL_core_cancer_type_top95,tabpfn_v1,v1,test,2349,LSCC,LSCC,3,3,0.027937377,0.00474477,0.033054158,0.59852946,0.3357342
ALL_core_cancer_type_top95,tabpfn_v1,v1,test,1784,HNSCC,HNSCC,2,2,0.0019014562,0.0010183242,0.98960644,0.0060207928,0.0014528879
ALL_core_cancer_type_top95,tabpfn_v1,v1,test,2688,LUAD,HNSCC,4,2,0.2722344,0.00033215014,0.3512009,0.18775819,0.18847427
ALL_core_cancer_type_top95,tabpfn_v1,v1,test,2363,LSCC,LSCC,3,3,0.042521335,0.0009842737,0.019280437,0.7988163,0.1383976
ALL_core_cancer_type_top95,tabpfn_v1,v1,test,166,BRCA,BRCA,0,0,0.999074,1.7324466e-05,0.00027655117,0.00021656175,0.00041554935
ALL_core_cancer_type_top95,tabpfn_v1,v1,test,725,BRCA,BRCA,0,0,0.9882564,0.0008204767,0.0037515128,0.0027177387,0.0044538723
ALL_core_cancer_type_top95,tabpfn_v1,v1,test,648,BRCA,BRCA,0,0,0.9818958,0.00058898743,0.005264955,0.0061090533,0.0061412337
ALL_core_cancer_type_top95,tabpfn_v1,v1,test,1801,HNSCC,HNSCC,2,2,0.002993093,0.0053996807,0.9767755,0.01279222,0.0020394982
ALL_core_cancer_type_top95,tabpfn_v1,v1,test,2391,LSCC,HNSCC,3,2,0.069190726,0.008944301,0.5068976,0.36393923,0.05102809
ALL_core_cancer_type_top95,tabpfn_v1,v1,test,2663,LUAD,HNSCC,4,2,0.2722344,0.00033215014,0.3512009,0.18775819,0.18847427
ALL_core_cancer_type_top95,tabpfn_v1,v1,test,1476,HNSCC,HNSCC,2,2,0.2722344,0.00033215014,0.3512009,0.18775819,0.18847427
ALL_core_cancer_type_top95,tabpfn_v1,v1,test,1020,BRCA,BRCA,0,0,0.99438924,0.00068880606,0.0017197996,0.001395823,0.0018063542
ALL_core_cancer_type_top95,tabpfn_v1,v1,test,384,BRCA,BRCA,0,0,0.9886358,0.0034574913,0.0032071704,0.001635231,0.0030642808
ALL_core_cancer_type_top95,tabpfn_v1,v1,test,3128,LUAD,LUAD,4,4,0.052065834,0.004422781,0.024537958,0.1361254,0.782848
ALL_core_cancer_type_top95,tabpfn_v1,v1,test,288,BRCA,BRCA,0,0,0.99936086,7.109382e-05,0.00016763282,7.2511706e-05,0.00032797322
ALL_core_cancer_type_top95,tabpfn_v1,v1,test,995,BRCA,BRCA,0,0,0.9863302,0.0011771083,0.0035703366,0.00323929,0.005683074
ALL_core_cancer_type_top95,tabpfn_v1,v1,test,1661,HNSCC,HNSCC,2,2,0.010005289,0.007450975,0.96331203,0.014337957,0.0048936857
ALL_core_cancer_type_top95,tabpfn_v1,v1,test,1064,BRCA,BRCA,0,0,0.9996278,1.1739237e-05,0.0001284199,7.485188e-05,0.00015701115
ALL_core_cancer_type_top95,tabpfn_v1,v1,test,562,BRCA,BRCA,0,0,0.98201156,0.004036414,0.0053094435,0.002941021,0.005701576
ALL_core_cancer_type_top95,tabpfn_v1,v1,test,2916,LUAD,LUAD,4,4,0.024995832,0.000982561,0.0036176678,0.020483991,0.94991994
ALL_core_cancer_type_top95,tabpfn_v1,v1,test,2840,LUAD,LUAD,4,4,0.24401218,0.0050511453,0.03765046,0.16407901,0.54920727
ALL_core_cancer_type_top95,tabpfn_v1,v1,test,3191,LUAD,LUAD,4,4,0.0018434548,0.00027670249,0.00084917113,0.0061865803,0.9908441
ALL_core_cancer_type_top95,tabpfn_v1,v1,test,2796,LUAD,LUAD,4,4,0.013987907,0.002639467,0.024511812,0.41685385,0.54200697
ALL_core_cancer_type_top95,tabpfn_v1,v1,test,295,BRCA,BRCA,0,0,0.7974153,0.012003074,0.05296962,0.06978648,0.067825444
ALL_core_cancer_type_top95,tabpfn_v1,v1,test,1655,HNSCC,HNSCC,2,2,0.0032578583,0.008353347,0.9675038,0.01837521,0.002509882
ALL_core_cancer_type_top95,tabpfn_v1,v1,test,230,BRCA,BRCA,0,0,0.88601357,0.0097117815,0.046606265,0.039068405,0.018600019
ALL_core_cancer_type_top95,tabpfn_v1,v1,test,202,BRCA,BRCA,0,0,0.99354035,0.00091516034,0.0019426267,0.0015723036,0.0020295444
ALL_core_cancer_type_top95,tabpfn_v1,v1,test,1637,HNSCC,HNSCC,2,2,0.025725653,0.004162271,0.91704553,0.040405482,0.012661112
ALL_core_cancer_type_top95,tabpfn_v1,v1,test,3014,LUAD,BRCA,4,0,0.42450836,0.0051251403,0.08216186,0.14563496,0.3425697
ALL_core_cancer_type_top95,tabpfn_v1,v1,test,878,BRCA,BRCA,0,0,0.96876556,0.0008039694,0.0073658405,0.011825724,0.011238949
ALL_core_cancer_type_top95,tabpfn_v1,v1,test,1803,HNSCC,HNSCC,2,2,0.0014175266,0.0065044677,0.97537816,0.01571258,0.0009872591
ALL_core_cancer_type_top95,tabpfn_v1,v1,test,241,BRCA,BRCA,0,0,0.8454655,0.0029039937,0.036033016,0.068684675,0.046912912
ALL_core_cancer_type_top95,tabpfn_v1,v1,test,2751,LUAD,LUAD,4,4,0.009354634,0.00038571956,0.0026802423,0.03256399,0.9550153
ALL_core_cancer_type_top95,tabpfn_v1,v1,test,2927,LUAD,LUAD,4,4,0.029586634,0.0007485438,0.0051298807,0.046050884,0.918484
ALL_core_cancer_type_top95,tabpfn_v1,v1,test,2660,LUAD,HNSCC,4,2,0.2722344,0.00033215014,0.3512009,0.18775819,0.18847427
ALL_core_cancer_type_top95,tabpfn_v1,v1,test,2354,LSCC,LSCC,3,3,0.073700555,0.019484572,0.21488644,0.64535964,0.046568837
ALL_core_cancer_type_top95,tabpfn_v1,v1,test,577,BRCA,BRCA,0,0,0.9980956,7.0543756e-05,0.00043910908,0.00031511308,0.0010795984
ALL_core_cancer_type_top95,tabpfn_v1,v1,test,564,BRCA,BRCA,0,0,0.99363565,8.604071e-05,0.0015295479,0.0015488274,0.0031999894
ALL_core_cancer_type_top95,tabpfn_v1,v1,test,130,BRCA,BRCA,0,0,0.9483847,0.0036483807,0.017745037,0.01159405,0.01862774
ALL_core_cancer_type_top95,tabpfn_v1,v1,test,2801,LUAD,LUAD,4,4,0.016695041,0.005573344,0.017925091,0.08861494,0.8711915
ALL_core_cancer_type_top95,tabpfn_v1,v1,test,1468,HNSCC,HNSCC,2,2,0.2722344,0.00033215014,0.3512009,0.18775819,0.18847427
ALL_core_cancer_type_top95,tabpfn_v1,v1,test,2473,LSCC,LSCC,3,3,0.05827674,0.0040278123,0.103802584,0.5678964,0.26599652
ALL_core_cancer_type_top95,tabpfn_v1,v1,test,40,BRCA,HNSCC,0,2,0.2722344,0.00033215014,0.3512009,0.18775819,0.18847427
ALL_core_cancer_type_top95,tabpfn_v1,v1,test,1761,HNSCC,HNSCC,2,2,0.16768248,0.017257936,0.52472025,0.22640824,0.06393108
ALL_core_cancer_type_top95,tabpfn_v1,v1,test,2361,LSCC,LSCC,3,3,0.069047265,0.0041386485,0.06041314,0.80851185,0.057889044
ALL_core_cancer_type_top95,tabpfn_v1,v1,test,3221,LUAD,LUAD,4,4,0.037209306,0.0044350536,0.025236243,0.28117418,0.65194523
ALL_core_cancer_type_top95,tabpfn_v1,v1,test,379,BRCA,BRCA,0,0,0.61928165,0.009437947,0.09482717,0.22659552,0.0498577
ALL_core_cancer_type_top95,tabpfn_v1,v1,test,2259,LSCC,LSCC,3,3,0.018079314,0.012448807,0.12897083,0.80593646,0.03456459
ALL_core_cancer_type_top95,tabpfn_v1,v1,test,2926,LUAD,LUAD,4,4,0.09542285,0.007494892,0.053139128,0.14773768,0.6962054
ALL_core_cancer_type_top95,tabpfn_v1,v1,test,1680,HNSCC,HNSCC,2,2,0.30217972,0.02266769,0.40285748,0.16481103,0.10748409
ALL_core_cancer_type_top95,tabpfn_v1,v1,test,2963,LUAD,LUAD,4,4,0.008911304,0.0002719595,0.001375061,0.012516766,0.9769249
ALL_core_cancer_type_top95,tabpfn_v1,v1,test,1154,BRCA,BRCA,0,0,0.9547792,0.0008461755,0.008637631,0.024593705,0.011143322
ALL_core_cancer_type_top95,tabpfn_v1,v1,test,98,BRCA,HNSCC,0,2,0.2722344,0.00033215014,0.3512009,0.18775819,0.18847427
ALL_core_cancer_type_top95,tabpfn_v1,v1,test,856,BRCA,BRCA,0,0,0.99295115,0.00101232,0.0025347734,0.001721148,0.0017806544
ALL_core_cancer_type_top95,tabpfn_v1,v1,test,2151,LSCC,BRCA,3,0,0.425791,0.0607519,0.20748976,0.16902024,0.13694713
ALL_core_cancer_type_top95,tabpfn_v1,v1,test,3180,LUAD,LUAD,4,4,0.33316356,0.0025163677,0.06678567,0.15678316,0.44075125
ALL_core_cancer_type_top95,tabpfn_v1,v1,test,2309,LSCC,LSCC,3,3,0.0059340824,0.00088401884,0.010698457,0.93070966,0.051773738
ALL_core_cancer_type_top95,tabpfn_v1,v1,test,3012,LUAD,LUAD,4,4,0.0068460405,0.00040701742,0.0019028746,0.022905568,0.9679385
ALL_core_cancer_type_top95,tabpfn_v1,v1,test,3196,LUAD,LUAD,4,4,0.007199599,0.00035345828,0.0014468719,0.016803686,0.9741964
ALL_core_cancer_type_top95,tabpfn_v1,v1,test,206,BRCA,BRCA,0,0,0.94553846,0.0014108083,0.015613738,0.017393736,0.02004326
ALL_core_cancer_type_top95,tabpfn_v1,v1,test,815,BRCA,BRCA,0,0,0.9409903,0.0011093545,0.01487467,0.030252166,0.012773471
ALL_core_cancer_type_top95,tabpfn_v1,v1,test,957,BRCA,BRCA,0,0,0.971839,0.00083604513,0.008155252,0.011901759,0.0072678956
ALL_core_cancer_type_top95,tabpfn_v1,v1,test,897,BRCA,BRCA,0,0,0.6211398,0.04124728,0.1391306,0.1420683,0.056413963
ALL_core_cancer_type_top95,tabpfn_v1,v1,test,392,BRCA,BRCA,0,0,0.998793,3.5451758e-05,0.0003444546,0.00024476464,0.00058238156
ALL_core_cancer_type_top95,tabpfn_v1,v1,test,2874,LUAD,LUAD,4,4,0.009694656,0.00023694479,0.0010745707,0.0072402875,0.9817535
ALL_core_cancer_type_top95,tabpfn_v1,v1,test,2932,LUAD,LUAD,4,4,0.032679066,0.0017345006,0.008105053,0.07272026,0.88476115
ALL_core_cancer_type_top95,tabpfn_v1,v1,test,1776,HNSCC,HNSCC,2,2,0.0021070973,0.0035393338,0.97490406,0.017441802,0.0020077263
ALL_core_cancer_type_top95,tabpfn_v1,v1,test,1885,HNSCC,HNSCC,2,2,0.032858744,0.11874979,0.75040793,0.08078809,0.017195432
ALL_core_cancer_type_top95,tabpfn_v1,v1,test,200,BRCA,BRCA,0,0,0.9937587,0.000114443974,0.0018907926,0.0020120945,0.0022239806
ALL_core_cancer_type_top95,tabpfn_v1,v1,test,1937,HNSCC,BRCA,2,0,0.28602877,0.04603239,0.28205392,0.23503439,0.15085047
ALL_core_cancer_type_top95,tabpfn_v1,v1,test,3192,LUAD,LUAD,4,4,0.003184065,0.00049946166,0.0010231559,0.0013798136,0.9939136
ALL_core_cancer_type_top95,tabpfn_v1,v1,test,1764,HNSCC,HNSCC,2,2,0.041513342,0.009089525,0.83670497,0.084920175,0.027771993
ALL_core_cancer_type_top95,tabpfn_v1,v1,test,2584,LSCC,LSCC,3,3,0.032258604,0.005685727,0.08318069,0.8396404,0.039234605
ALL_core_cancer_type_top95,tabpfn_v1,v1,test,645,BRCA,BRCA,0,0,0.99761415,3.664851e-05,0.0007838809,0.00068588456,0.0008793936
ALL_core_cancer_type_top95,tabpfn_v1,v1,test,87,BRCA,HNSCC,0,2,0.2722344,0.00033215014,0.3512009,0.18775819,0.18847427
ALL_core_cancer_type_top95,tabpfn_v1,v1,test,3200,LUAD,LUAD,4,4,0.18301693,0.14301902,0.1553287,0.25435758,0.2642778
ALL_core_cancer_type_top95,tabpfn_v1,v1,test,3209,LUAD,LUAD,4,4,0.005788386,0.00061151566,0.0033491966,0.0621095,0.9281414
ALL_core_cancer_type_top95,tabpfn_v1,v1,test,2745,LUAD,LUAD,4,4,0.13027647,0.010153933,0.038923066,0.10152176,0.7191248
ALL_core_cancer_type_top95,tabpfn_v1,v1,test,279,BRCA,BRCA,0,0,0.6908344,0.00827941,0.067509815,0.18105783,0.052318525
ALL_core_cancer_type_top95,tabpfn_v1,v1,test,686,BRCA,BRCA,0,0,0.9000176,0.0048113815,0.029776853,0.0416634,0.023730673
ALL_core_cancer_type_top95,tabpfn_v1,v1,test,2054,LSCC,HNSCC,3,2,0.2722344,0.00033215014,0.3512009,0.18775819,0.18847427
ALL_core_cancer_type_top95,tabpfn_v1,v1,test,2445,LSCC,LSCC,3,3,0.011191643,0.006160833,0.114067964,0.83315617,0.035423372
ALL_core_cancer_type_top95,tabpfn_v1,v1,test,3149,LUAD,LUAD,4,4,0.08525525,0.0029433381,0.02925754,0.28167585,0.60086805
ALL_core_cancer_type_top95,tabpfn_v1,v1,test,2488,LSCC,LSCC,3,3,0.0047819354,0.001313879,0.02609583,0.95951104,0.008297297
ALL_core_cancer_type_top95,tabpfn_v1,v1,test,1876,HNSCC,HNSCC,2,2,0.003953825,0.0055675693,0.9463108,0.040269174,0.00389861
ALL_core_cancer_type_top95,tabpfn_v1,v1,test,502,BRCA,BRCA,0,0,0.9894125,0.0003786477,0.0030600128,0.0030299802,0.0041188714
ALL_core_cancer_type_top95,tabpfn_v1,v1,test,343,BRCA,BRCA,0,0,0.9934182,0.0004590293,0.0019745075,0.00220454,0.0019437192
ALL_core_cancer_type_top95,tabpfn_v1,v1,test,1104,BRCA,BRCA,0,0,0.9994104,3.911277e-05,0.00016287851,8.2250495e-05,0.00030534595
ALL_core_cancer_type_top95,tabpfn_v1,v1,test,520,BRCA,BRCA,0,0,0.9693842,0.0041997856,0.009816578,0.0073645758,0.009234864
ALL_core_cancer_type_top95,tabpfn_v1,v1,test,64,BRCA,HNSCC,0,2,0.2722344,0.00033215014,0.3512009,0.18775819,0.18847427
ALL_core_cancer_type_top95,tabpfn_v1,v1,test,2687,LUAD,HNSCC,4,2,0.2722344,0.00033215014,0.3512009,0.18775819,0.18847427
ALL_core_cancer_type_top95,tabpfn_v1,v1,test,317,BRCA,BRCA,0,0,0.97788686,0.001096139,0.0068324623,0.0060543343,0.00813014
ALL_core_cancer_type_top95,tabpfn_v1,v1,test,1044,BRCA,BRCA,0,0,0.9985745,4.1738116e-05,0.00042012797,0.00031816782,0.00064558734
ALL_core_cancer_type_top95,tabpfn_v1,v1,test,1025,BRCA,BRCA,0,0,0.8509481,0.0034176111,0.03799378,0.072579704,0.03506078
ALL_core_cancer_type_top95,tabpfn_v1,v1,test,1837,HNSCC,HNSCC,2,2,0.0084705,0.020255374,0.9524574,0.014861016,0.0039556236
ALL_core_cancer_type_top95,tabpfn_v1,v1,test,860,BRCA,BRCA,0,0,0.7976447,0.010452992,0.06839409,0.06981165,0.05369656
ALL_core_cancer_type_top95,tabpfn_v1,v1,test,2037,LSCC,HNSCC,3,2,0.2722344,0.00033215014,0.3512009,0.18775819,0.18847427
ALL_core_cancer_type_top95,tabpfn_v1,v1,test,641,BRCA,BRCA,0,0,0.66569096,0.008057553,0.11313697,0.17216241,0.040952105
ALL_core_cancer_type_top95,tabpfn_v1,v1,test,2977,LUAD,LUAD,4,4,0.005573726,0.0008618997,0.004721582,0.049777657,0.93906504
ALL_core_cancer_type_top95,tabpfn_v1,v1,test,1788,HNSCC,HNSCC,2,2,0.020702878,0.010210913,0.7250506,0.2303314,0.01370423
ALL_core_cancer_type_top95,tabpfn_v1,v1,test,1293,ESCA,ESCA,1,1,0.21870635,0.3375222,0.18808526,0.112872906,0.14281327
ALL_core_cancer_type_top95,tabpfn_v1,v1,test,2632,LUAD,HNSCC,4,2,0.2722344,0.00033215014,0.3512009,0.18775819,0.18847427
ALL_core_cancer_type_top95,tabpfn_v1,v1,test,2061,LSCC,HNSCC,3,2,0.2722344,0.00033215014,0.3512009,0.18775819,0.18847427
