sample_id,y_true,y_pred,prob_BRCA,prob_HNSCC,prob_LSCC,prob_LUAD
TCGA:BRCA:TCGA-3C-AAAU-01,BRCA,BRCA,0.9969931840896606,0.000836756604257971,0.0010955872712656856,0.0010744503233581781
TCGA:BRCA:TCGA-3C-AALI-01,BRCA,BRCA,0.9999997019767761,7.603738083616918e-08,1.1464561566754128e-07,1.2482050237849762e-07
TCGA:BRCA:TCGA-3C-AALJ-01,BRCA,BRCA,0.9999985098838806,3.174153846430272e-07,2.54077548333953e-07,9.009694963424408e-07
TCGA:BRCA:TCGA-3C-AALK-01,BRCA,BRCA,0.9999464154243469,1.7552105418872088e-05,1.8389657270745374e-05,1.764642001944594e-05
TCGA:BRCA:TCGA-4H-AAAK-01,BRCA,BRCA,0.9977348446846008,0.000789156649261713,0.0007179540116339922,0.0007580641540698707
TCGA:BRCA:TCGA-5L-AAT0-01,BRCA,BRCA,0.9999842047691345,5.271782356430776e-06,5.6083290473907255e-06,4.894242465525167e-06
TCGA:BRCA:TCGA-5T-A9QA-01,BRCA,BRCA,0.9999258518218994,2.8018806119689543e-07,1.4523536151500593e-07,7.373168773483485e-05
TCGA:BRCA:TCGA-A1-A0SB-01,BRCA,BRCA,0.9999374151229858,3.394348459551111e-05,1.2553416127047967e-05,1.6081849025795236e-05
TCGA:BRCA:TCGA-A1-A0SD-01,BRCA,BRCA,0.9977551698684692,0.0007545690168626606,0.0007167518488131464,0.0007734851678833365
TCGA:BRCA:TCGA-A1-A0SE-01,BRCA,BRCA,0.9999533295631409,1.531837733637076e-05,1.4332737009681296e-05,1.6995196347124875e-05
TCGA:BRCA:TCGA-A1-A0SF-01,BRCA,BRCA,0.9999998807907104,1.9246469307176994e-08,2.1215349477188283e-08,5.338807085308872e-08
TCGA:BRCA:TCGA-A1-A0SG-01,BRCA,BRCA,0.9999470114707947,1.5530338714597747e-05,1.8595195797388442e-05,1.8857992472476326e-05
TCGA:BRCA:TCGA-A1-A0SH-01,BRCA,BRCA,0.997626543045044,0.0008543879957869649,0.0007546755950897932,0.0007644192082807422
TCGA:BRCA:TCGA-A1-A0SI-01,BRCA,BRCA,0.9999839663505554,5.1613155847007874e-06,4.354172233433928e-06,6.522395779029466e-06
TCGA:BRCA:TCGA-A1-A0SJ-01,BRCA,BRCA,0.9999836087226868,6.237594334379537e-06,4.634531251213048e-06,5.542506187339313e-06
TCGA:BRCA:TCGA-A1-A0SK-01,BRCA,BRCA,0.9948976039886475,0.0020589525811374187,0.0015646712854504585,0.0014787550317123532
TCGA:BRCA:TCGA-A1-A0SM-01,BRCA,BRCA,0.9998517632484436,3.921646930393763e-05,3.715514321811497e-05,7.187842129496858e-05
TCGA:BRCA:TCGA-A1-A0SN-01,BRCA,BRCA,0.9999999403953552,2.739740878610064e-08,1.1175119496442676e-08,2.9348591112920985e-08
TCGA:BRCA:TCGA-A1-A0SO-01,BRCA,BRCA,0.9996700286865234,2.4113960535032675e-05,1.3519905223802198e-05,0.0002923366264440119
TCGA:BRCA:TCGA-A1-A0SP-01,BRCA,BRCA,0.9999895691871643,3.7479539969353937e-06,5.867412255611271e-06,8.098922421595489e-07
TCGA:BRCA:TCGA-A1-A0SQ-01,BRCA,BRCA,0.9999999403953552,9.451701643570232e-09,5.844525308162929e-09,1.4521190472294165e-08
TCGA:BRCA:TCGA-A2-A04N-01,BRCA,BRCA,0.9999999403953552,2.126721732054193e-08,1.4822653326973523e-08,2.8985832400962863e-08
TCGA:BRCA:TCGA-A2-A04P-01,BRCA,BRCA,0.9998034238815308,3.221355291316286e-05,0.00012516809510998428,3.917668072972447e-05
TCGA:BRCA:TCGA-A2-A04Q-01,BRCA,BRCA,0.9999999403953552,1.7502133076163773e-08,2.4838099577095818e-08,2.1460380139615154e-08
TCGA:BRCA:TCGA-A2-A04R-01,BRCA,BRCA,0.9999999403953552,1.299059348980336e-08,7.22689819099287e-09,1.077398437132615e-08
TCGA:BRCA:TCGA-A2-A04T-01,BRCA,BRCA,0.9911488890647888,0.004015064798295498,0.0027772379107773304,0.0020588256884366274
TCGA:BRCA:TCGA-A2-A04U-01,BRCA,BRCA,0.9982715249061584,0.0011616258416324854,0.0002990372304338962,0.0002678214805200696
TCGA:BRCA:TCGA-A2-A04V-01,BRCA,BRCA,0.9999396204948425,1.555380003992468e-05,2.2817772332928143e-05,2.1982290490996093e-05
TCGA:BRCA:TCGA-A2-A04W-01,BRCA,BRCA,0.9999986290931702,7.702799820208384e-08,4.832653388575636e-08,1.2614854085768457e-06
TCGA:BRCA:TCGA-A2-A04X-01,BRCA,BRCA,0.9972317218780518,0.000991969252936542,0.0008156162220984697,0.0009606795501895249
TCGA:BRCA:TCGA-A2-A04Y-01,BRCA,BRCA,0.9999999403953552,2.3778428115406314e-08,1.779719838168603e-08,2.5421918792289944e-08
TCGA:BRCA:TCGA-A2-A0CK-01,BRCA,BRCA,0.9994280934333801,3.549931716406718e-05,5.6046570534817874e-05,0.0004803646297659725
TCGA:BRCA:TCGA-A2-A0CL-01,BRCA,BRCA,0.9999998211860657,6.286590803483705e-08,5.99415272972692e-08,7.783612687717323e-08
TCGA:BRCA:TCGA-A2-A0CM-01,BRCA,BRCA,0.9999983310699463,1.264049046767468e-06,1.3125880116149347e-07,2.906623706167011e-07
TCGA:BRCA:TCGA-A2-A0CO-01,BRCA,BRCA,0.9999998807907104,4.1065092659664515e-08,2.4319490421476075e-08,2.757728445601515e-08
TCGA:BRCA:TCGA-A2-A0CP-01,BRCA,BRCA,0.9976677894592285,0.0007930207648314536,0.0007331680390052497,0.0008060164982452989
TCGA:BRCA:TCGA-A2-A0CQ-01,BRCA,BRCA,0.9999998807907104,2.8494639536802424e-08,2.3768878421037698e-08,4.173805834284394e-08
TCGA:BRCA:TCGA-A2-A0CR-01,BRCA,BRCA,0.9968159198760986,0.0009845173917710781,0.00087987061124295,0.0013197014341130853
TCGA:BRCA:TCGA-A2-A0CS-01,BRCA,BRCA,0.9999255537986755,1.8225471649202518e-05,1.643639916437678e-05,3.9809376175981015e-05
TCGA:BRCA:TCGA-A2-A0CT-01,BRCA,BRCA,0.9578003287315369,0.006022137589752674,0.032201603055000305,0.003975939936935902
TCGA:BRCA:TCGA-A2-A0CU-01,BRCA,BRCA,0.9999704957008362,1.0350375305279158e-05,9.19429112400394e-06,9.938768926076591e-06
TCGA:BRCA:TCGA-A2-A0CV-01,BRCA,BRCA,0.9999361038208008,1.6682133718859404e-05,1.680794775893446e-05,3.038409340661019e-05
TCGA:BRCA:TCGA-A2-A0CW-01,BRCA,BRCA,0.9975296854972839,0.0008601746521890163,0.0007857920718379319,0.0008243774645961821
TCGA:BRCA:TCGA-A2-A0CX-01,BRCA,BRCA,0.9999296069145203,2.7677891921484843e-05,2.1462725271703675e-05,2.1268439013510942e-05
TCGA:BRCA:TCGA-A2-A0CZ-01,BRCA,BRCA,0.9999999403953552,1.3324011227666688e-08,1.5828536703565987e-08,1.3419193756192271e-08
TCGA:BRCA:TCGA-A2-A0D0-01,BRCA,BRCA,0.9996515512466431,0.00015171048289630562,9.15984928724356e-05,0.00010513282177271321
TCGA:BRCA:TCGA-A2-A0D1-01,BRCA,BRCA,0.9999980330467224,1.591218165231112e-06,1.8716822580699954e-07,1.780651928129373e-07
TCGA:BRCA:TCGA-A2-A0D2-01,BRCA,BRCA,0.9999999403953552,1.677661209953385e-08,2.1589224630247372e-08,2.687671774026512e-08
TCGA:BRCA:TCGA-A2-A0D3-01,BRCA,BRCA,0.9967098236083984,0.0011577230179682374,0.0010461763013154268,0.001086301519535482
TCGA:BRCA:TCGA-A2-A0D4-01,BRCA,BRCA,0.999946653842926,1.9845176211674698e-05,1.5071976122271735e-05,1.8452748918207362e-05
TCGA:BRCA:TCGA-A2-A0EM-01,BRCA,BRCA,0.9999505877494812,1.9393799448153004e-05,1.4331725651572924e-05,1.5708508726675063e-05
TCGA:BRCA:TCGA-A2-A0EN-01,BRCA,BRCA,0.9999999403953552,9.767048503306341e-09,5.089449750528274e-09,3.0385379545805336e-08
TCGA:BRCA:TCGA-A2-A0EO-01,BRCA,BRCA,0.9999544620513916,1.6046302334871143e-05,1.4319061847345438e-05,1.5180263289948925e-05
TCGA:BRCA:TCGA-A2-A0EP-01,BRCA,BRCA,0.9999767541885376,5.169638825464062e-06,4.889730007562321e-06,1.3203753042034805e-05
TCGA:BRCA:TCGA-A2-A0EQ-01,BRCA,BRCA,0.9999987483024597,1.8426423764594801e-07,1.4323137520477758e-07,9.148675985670707e-07
TCGA:BRCA:TCGA-A2-A0ER-01,BRCA,BRCA,0.9999392628669739,1.7446236597606912e-05,2.2317397451843135e-05,2.096997559419833e-05
TCGA:BRCA:TCGA-A2-A0ES-01,BRCA,BRCA,0.999926745891571,1.8738943253993057e-05,2.219778616563417e-05,3.234603354940191e-05
TCGA:BRCA:TCGA-A2-A0ET-01,BRCA,BRCA,0.9999998211860657,2.78832690270292e-08,2.0380765519689703e-08,1.166909342487088e-07
TCGA:BRCA:TCGA-A2-A0EU-01,BRCA,BRCA,0.9982519149780273,4.0649367292644456e-05,0.001657669898122549,4.978435390512459e-05
TCGA:BRCA:TCGA-A2-A0EV-01,BRCA,BRCA,0.997420072555542,0.0008876103674992919,0.0008897825027815998,0.0008025242132134736
TCGA:BRCA:TCGA-A2-A0EW-01,BRCA,BRCA,0.9974472522735596,0.0007764713373035192,0.0010108997812494636,0.0007653905195184052
TCGA:BRCA:TCGA-A2-A0EX-01,BRCA,BRCA,0.9999999403953552,2.1269714878258128e-08,1.963155149553586e-08,2.3864206610824112e-08
TCGA:BRCA:TCGA-A2-A0EY-01,BRCA,BRCA,0.9999997615814209,1.5853046875236032e-08,9.953899926529175e-09,1.9201246459488175e-07
TCGA:BRCA:TCGA-A2-A0ST-01,BRCA,BRCA,0.9999776482582092,5.634265107801184e-06,9.222308108292054e-06,7.476859082089504e-06
TCGA:BRCA:TCGA-A2-A0SU-01,BRCA,BRCA,0.9999792575836182,4.931895091431215e-06,7.961585652083158e-06,7.86672899266705e-06
TCGA:BRCA:TCGA-A2-A0SV-01,BRCA,BRCA,0.9999998211860657,2.9827848635477494e-08,3.7373911965232764e-08,1.0044781362239519e-07
TCGA:BRCA:TCGA-A2-A0SW-01,BRCA,BRCA,0.9999993443489075,1.5340109627004495e-08,4.445998058599798e-07,2.182175080633897e-07
TCGA:BRCA:TCGA-A2-A0SX-01,BRCA,BRCA,0.9999994039535522,3.559179049261729e-07,1.4511579138343222e-07,8.006399099258488e-08
TCGA:BRCA:TCGA-A2-A0SY-01,BRCA,BRCA,0.9999495148658752,1.720032378216274e-05,1.529829933133442e-05,1.7964604921871796e-05
TCGA:BRCA:TCGA-A2-A0T0-01,BRCA,BRCA,0.9999995231628418,3.213719992345432e-07,7.250342548559274e-08,9.663473576893011e-08
TCGA:BRCA:TCGA-A2-A0T1-01,BRCA,BRCA,0.9999061822891235,2.306256465089973e-05,2.727078208408784e-05,4.3458603613544255e-05
TCGA:BRCA:TCGA-A2-A0T2-01,BRCA,BRCA,0.999800443649292,0.0001282372686546296,2.8993126761633903e-05,4.2310752178309485e-05
TCGA:BRCA:TCGA-A2-A0T3-01,BRCA,BRCA,0.9999999403953552,1.4613709353739068e-08,6.3444955955560545e-09,1.9380912874567002e-08
TCGA:BRCA:TCGA-A2-A0T4-01,BRCA,BRCA,0.9999999403953552,1.150786932413439e-08,8.023056885519964e-09,2.8289656839319832e-08
TCGA:BRCA:TCGA-A2-A0T5-01,BRCA,BRCA,0.9999998807907104,3.919689461895359e-08,2.155573142204048e-08,2.9691758385297362e-08
TCGA:BRCA:TCGA-A2-A0T6-01,BRCA,BRCA,0.9999423027038574,1.5343861377914436e-05,2.0022547687403858e-05,2.2343565433402546e-05
TCGA:BRCA:TCGA-A2-A0T7-01,BRCA,BRCA,0.9999791383743286,8.41764995129779e-06,6.440251581807388e-06,5.981236427032854e-06
TCGA:BRCA:TCGA-A2-A0YC-01,BRCA,BRCA,0.9972909092903137,0.0007775243138894439,0.0007138154469430447,0.0012177700409665704
TCGA:BRCA:TCGA-A2-A0YD-01,BRCA,BRCA,0.9999999403953552,3.0092429881278804e-08,3.108222657033366e-08,2.479867333704533e-08
TCGA:BRCA:TCGA-A2-A0YE-01,BRCA,BRCA,0.9999996423721313,1.2507678093243157e-07,2.878348759338678e-08,2.1596309807137004e-07
TCGA:BRCA:TCGA-A2-A0YF-01,BRCA,BRCA,0.9999999403953552,6.147106823561899e-09,3.4635019297013514e-09,7.95676342590923e-08
TCGA:BRCA:TCGA-A2-A0YG-01,BRCA,BRCA,0.9999999403953552,1.9925694871858468e-08,1.826184892195215e-08,3.0182224719510486e-08
TCGA:BRCA:TCGA-A2-A0YH-01,BRCA,BRCA,0.9972407221794128,0.00084496388444677,0.0007915840833447874,0.0011227449867874384
TCGA:BRCA:TCGA-A2-A0YI-01,BRCA,BRCA,0.9999999403953552,7.975103244461934e-09,5.977138339829935e-09,5.873491204511083e-08
TCGA:BRCA:TCGA-A2-A0YJ-01,BRCA,BRCA,0.985547661781311,0.0030330743174999952,0.004908071365207434,0.006511210929602385
TCGA:BRCA:TCGA-A2-A0YK-01,BRCA,BRCA,0.9999997615814209,7.637624577228053e-08,1.0102218794827422e-07,3.2498444824113903e-08
TCGA:BRCA:TCGA-A2-A0YL-01,BRCA,BRCA,0.9999866485595703,4.401808837428689e-06,4.717728643299779e-06,4.235760570736602e-06
TCGA:BRCA:TCGA-A2-A0YM-01,BRCA,BRCA,0.9993495941162109,0.00018800217367243022,0.00020623933232855052,0.00025618114159442484
TCGA:BRCA:TCGA-A2-A0YT-01,BRCA,BRCA,0.9999746680259705,6.43542534817243e-06,5.344861165212933e-06,1.3532448065234348e-05
TCGA:BRCA:TCGA-A2-A1FV-01,BRCA,BRCA,0.9999999403953552,1.369387891969609e-08,2.9873632456656196e-08,1.2243903668718303e-08
TCGA:BRCA:TCGA-A2-A1FW-01,BRCA,BRCA,0.9974982142448425,0.0008872976177372038,0.0007374620181508362,0.0008770200074650347
TCGA:BRCA:TCGA-A2-A1FX-01,BRCA,BRCA,0.997712254524231,0.0007753345998935401,0.0007271547801792622,0.0007852676790207624
TCGA:BRCA:TCGA-A2-A1FZ-01,BRCA,BRCA,1.0,6.6270988696714994e-09,5.167454020238438e-09,1.5906771011486853e-08
TCGA:BRCA:TCGA-A2-A1G0-01,BRCA,BRCA,0.9999999403953552,2.5296001737729057e-08,1.4042407237013776e-08,2.2340048033697713e-08
TCGA:BRCA:TCGA-A2-A1G1-01,BRCA,BRCA,0.9629237055778503,0.009558017365634441,0.006206996273249388,0.021311266347765923
TCGA:BRCA:TCGA-A2-A1G4-01,BRCA,BRCA,0.9999999403953552,2.2151136036541175e-08,1.6258580259886912e-08,4.389067242982492e-08
TCGA:BRCA:TCGA-A2-A1G6-01,BRCA,BRCA,0.9999774694442749,9.561221304466017e-06,5.962688192084897e-06,7.006352916505421e-06
TCGA:BRCA:TCGA-A2-A259-01,BRCA,BRCA,0.9999999403953552,2.300918922060191e-08,1.5804785036266367e-08,1.6964829541166182e-08
TCGA:BRCA:TCGA-A2-A25A-01,BRCA,BRCA,0.9999529719352722,1.5325531421694905e-05,1.5054069081088528e-05,1.666419302637223e-05
TCGA:BRCA:TCGA-A2-A25B-01,BRCA,BRCA,0.9999999403953552,1.224447565562059e-08,6.640363370280511e-09,4.308753887016792e-08
TCGA:BRCA:TCGA-A2-A25C-01,BRCA,BRCA,0.9999789595603943,5.606512331723934e-06,4.437404641066678e-06,1.0990040209435392e-05
TCGA:BRCA:TCGA-A2-A25D-01,BRCA,BRCA,0.997725784778595,0.0008022379479371011,0.0007088764104992151,0.0007631093030795455
TCGA:BRCA:TCGA-A2-A25E-01,BRCA,BRCA,0.9999539256095886,1.5291434465325437e-05,1.4316196939034853e-05,1.6483734725625254e-05
TCGA:BRCA:TCGA-A2-A25F-01,BRCA,BRCA,0.9999945759773254,1.8420770402372e-06,9.068360213859705e-07,2.645658469191403e-06
TCGA:BRCA:TCGA-A2-A3KC-01,BRCA,BRCA,0.9976474642753601,0.000778092653490603,0.0007543583633378148,0.0008201073505915701
TCGA:BRCA:TCGA-A2-A3KD-01,BRCA,BRCA,0.9999998807907104,4.64906193542447e-08,2.0067066230922137e-08,2.757290396004919e-08
TCGA:BRCA:TCGA-A2-A3XS-01,BRCA,BRCA,0.999999463558197,3.5841162571159657e-07,1.0434715136398154e-07,1.0259652327704316e-07
TCGA:BRCA:TCGA-A2-A3XT-01,BRCA,BRCA,0.9998565316200256,4.770851955981925e-05,3.994584039901383e-05,5.578493801294826e-05
TCGA:BRCA:TCGA-A2-A3XU-01,BRCA,BRCA,0.9959279894828796,0.0016134496545419097,0.0012795915827155113,0.0011789592681452632
TCGA:BRCA:TCGA-A2-A3XV-01,BRCA,BRCA,0.9998654127120972,2.9189644919824786e-05,3.7001816963311285e-05,6.839380512246862e-05
TCGA:BRCA:TCGA-A2-A3XW-01,BRCA,BRCA,0.8136499524116516,0.18607735633850098,0.00014471074973698705,0.0001280010474147275
TCGA:BRCA:TCGA-A2-A3XX-01,BRCA,BRCA,0.9999700784683228,9.834880984271877e-06,8.953738870332018e-06,1.1107245882158168e-05
TCGA:BRCA:TCGA-A2-A3XY-01,BRCA,BRCA,0.9999996423721313,2.1278742678987328e-07,6.965814947079707e-08,5.298130290043446e-08
TCGA:BRCA:TCGA-A2-A3XZ-01,BRCA,BRCA,0.9972392916679382,0.000983426463790238,0.0008002347312867641,0.0009770274627953768
TCGA:BRCA:TCGA-A2-A3Y0-01,BRCA,BRCA,0.9935216903686523,0.006447008810937405,2.818908433255274e-05,3.0871055969328154e-06
TCGA:BRCA:TCGA-A2-A4RW-01,BRCA,BRCA,0.9978080987930298,0.0007497657788917422,0.0007028733380138874,0.000739250797778368
TCGA:BRCA:TCGA-A2-A4RX-01,BRCA,BRCA,0.9998116493225098,0.0001875135931186378,5.320322316038073e-07,3.1594711913385254e-07
TCGA:BRCA:TCGA-A2-A4RY-01,BRCA,BRCA,0.9999999403953552,4.19889225611314e-08,1.387366133087653e-08,2.4207736259995727e-08
TCGA:BRCA:TCGA-A2-A4S0-01,BRCA,BRCA,0.9999998211860657,3.775810242245825e-08,3.589177310914238e-08,1.2030635332394013e-07
TCGA:BRCA:TCGA-A2-A4S1-01,BRCA,BRCA,0.7234553694725037,0.11747559159994125,0.05064649507403374,0.10842255502939224
TCGA:BRCA:TCGA-A2-A4S2-01,BRCA,BRCA,0.9999999403953552,1.1176549463698393e-08,2.630259565705728e-09,1.6010098136121087e-08
TCGA:BRCA:TCGA-A2-A4S3-01,BRCA,BRCA,0.9999209046363831,1.857632196333725e-05,1.5950090528349392e-05,4.4574720959644765e-05
TCGA:BRCA:TCGA-A7-A0CD-01,BRCA,BRCA,0.9999839663505554,5.784799668617779e-06,5.160999990039272e-06,5.080036316940095e-06
TCGA:BRCA:TCGA-A7-A0CE-01,BRCA,BRCA,0.9999535083770752,9.450513971387409e-06,7.392292900476605e-06,2.9667520720977336e-05
TCGA:BRCA:TCGA-A7-A0CG-01,BRCA,BRCA,0.999952495098114,1.6609295926173218e-05,1.5735704437247477e-05,1.518514909548685e-05
TCGA:BRCA:TCGA-A7-A0CH-01,BRCA,BRCA,0.9999187588691711,2.5869068849715404e-05,2.240479807369411e-05,3.298917363281362e-05
TCGA:BRCA:TCGA-A7-A0CJ-01,BRCA,BRCA,0.9974908232688904,0.0008928870665840805,0.0008200386655516922,0.0007962410454638302
TCGA:BRCA:TCGA-A7-A0D9-01,BRCA,BRCA,0.9911494851112366,0.0025217898655682802,0.004715787712484598,0.0016129633877426386
TCGA:BRCA:TCGA-A7-A0DA-01,BRCA,BRCA,0.9999774098396301,8.420368430961389e-06,5.655133463733364e-06,8.494156645610929e-06
TCGA:BRCA:TCGA-A7-A0DB-01,BRCA,BRCA,0.9999497532844543,1.5305900888051838e-05,1.6022884665289894e-05,1.8906726836576127e-05
TCGA:BRCA:TCGA-A7-A0DC-01,BRCA,BRCA,0.9999756813049316,6.210163519426715e-06,5.358267571864417e-06,1.2774796232406516e-05
TCGA:BRCA:TCGA-A7-A13D-01,BRCA,BRCA,0.9999862909317017,8.818566129775718e-06,2.1873213427170413e-06,2.7121755010739435e-06
TCGA:BRCA:TCGA-A7-A13E-01,BRCA,BRCA,0.9990895390510559,0.000430930289439857,0.00029561424162238836,0.00018393044592812657
TCGA:BRCA:TCGA-A7-A13F-01,BRCA,BRCA,0.9967628717422485,0.0010007270611822605,0.0013194333296269178,0.0009169937111437321
TCGA:BRCA:TCGA-A7-A13G-01,BRCA,BRCA,0.9999998807907104,2.6880265124873404e-08,2.212828320580229e-08,4.673576015079561e-08
TCGA:BRCA:TCGA-A7-A13H-01,BRCA,BRCA,0.9999855160713196,4.878729214397026e-06,4.7204980546666775e-06,4.897075996268541e-06
TCGA:BRCA:TCGA-A7-A26E-01,BRCA,BRCA,1.0,7.006873747883446e-09,5.003816028192887e-09,1.122637804940041e-08
TCGA:BRCA:TCGA-A7-A26F-01,BRCA,BRCA,0.9999073147773743,8.467799489153549e-05,1.9310191419208422e-06,6.087167093937751e-06
TCGA:BRCA:TCGA-A7-A26G-01,BRCA,BRCA,0.9998956322669983,2.5341756554553285e-05,2.0483581465668976e-05,5.855113340658136e-05
TCGA:BRCA:TCGA-A7-A26H-01,BRCA,BRCA,0.9999999403953552,2.3332999532499343e-08,1.7961234277663607e-08,2.928558195947062e-08
TCGA:BRCA:TCGA-A7-A26I-01,BRCA,BRCA,0.9860484004020691,0.0069296942092478275,0.0031271877232939005,0.003894728608429432
TCGA:BRCA:TCGA-A7-A26J-01,BRCA,BRCA,0.9999521970748901,1.6825273633003235e-05,1.5460740542039275e-05,1.55034849740332e-05
TCGA:BRCA:TCGA-A7-A2KD-01,BRCA,BRCA,0.999920129776001,1.65437777468469e-05,3.9834307244746014e-05,2.3490385501645505e-05
TCGA:BRCA:TCGA-A7-A3IY-01,BRCA,BRCA,0.9999999403953552,2.8735552604075565e-08,4.5888257638182495e-09,3.5465927084032955e-08
TCGA:BRCA:TCGA-A7-A3IZ-01,BRCA,BRCA,0.9999818801879883,4.866887138632592e-06,6.199227755132597e-06,7.078534054016927e-06
TCGA:BRCA:TCGA-A7-A3J0-01,BRCA,BRCA,0.999999463558197,1.9058692402040833e-08,3.5472204729103396e-08,4.61587177369438e-07
TCGA:BRCA:TCGA-A7-A3J1-01,BRCA,BRCA,0.9976771473884583,0.0007713409722782671,0.000767937395721674,0.0007835878059267998
TCGA:BRCA:TCGA-A7-A3RF-01,BRCA,BRCA,0.9962369799613953,0.0012084923218935728,0.0013650933979079127,0.0011894219787791371
TCGA:BRCA:TCGA-A7-A425-01,BRCA,BRCA,0.9999432563781738,1.9691093257279135e-05,1.7677704818197526e-05,1.9369812434888445e-05
TCGA:BRCA:TCGA-A7-A426-01,BRCA,BRCA,0.9976732730865479,0.0007743460591882467,0.0007880876073613763,0.0007643217104487121
TCGA:BRCA:TCGA-A7-A4SA-01,BRCA,BRCA,0.9975325465202332,0.000800154753960669,0.0009176628082059324,0.0007496117032133043
TCGA:BRCA:TCGA-A7-A4SB-01,BRCA,BRCA,0.9999834895133972,4.695076768257422e-06,4.551829078991432e-06,7.276481028384296e-06
TCGA:BRCA:TCGA-A7-A4SC-01,BRCA,BRCA,0.9999849200248718,6.081633728172164e-06,4.491929757932667e-06,4.5357169256021734e-06
TCGA:BRCA:TCGA-A7-A4SD-01,BRCA,BRCA,0.9995559453964233,0.00020933119230903685,0.00011389210703782737,0.00012083753244951367
TCGA:BRCA:TCGA-A7-A4SE-01,BRCA,BRCA,0.9999988675117493,9.259267130801163e-07,1.2435873486538185e-07,1.0125798866056357e-07
TCGA:BRCA:TCGA-A7-A4SF-01,BRCA,BRCA,0.9998872876167297,4.6176261093933135e-05,2.8689781174762174e-05,3.783234933507629e-05
TCGA:BRCA:TCGA-A7-A56D-01,BRCA,BRCA,0.9999952912330627,1.2234367829933035e-07,1.2644233038372477e-07,4.459699084691238e-06
TCGA:BRCA:TCGA-A7-A5ZV-01,BRCA,BRCA,0.9351581931114197,0.0337849035859108,0.014407009817659855,0.016649875789880753
TCGA:BRCA:TCGA-A7-A5ZW-01,BRCA,BRCA,0.9999999403953552,1.4440505680113347e-08,5.884302378689199e-09,2.0864577621182434e-08
TCGA:BRCA:TCGA-A7-A5ZX-01,BRCA,BRCA,0.9999998807907104,1.0485145196525991e-07,5.6126863157146545e-09,1.3394089393159447e-08
TCGA:BRCA:TCGA-A7-A6VV-01,BRCA,BRCA,0.9999166131019592,3.1332296202890575e-05,2.3949600290507078e-05,2.810667319863569e-05
TCGA:BRCA:TCGA-A7-A6VW-01,BRCA,BRCA,0.9962990880012512,0.0026814155280590057,0.0006219138158485293,0.00039761190419085324
TCGA:BRCA:TCGA-A7-A6VX-01,BRCA,BRCA,0.9999821186065674,5.063224307377823e-06,5.090379545436008e-06,7.736456609563902e-06
TCGA:BRCA:TCGA-A7-A6VY-01,BRCA,BRCA,0.9993039965629578,0.0002306530950590968,0.00033967121271416545,0.000125674472656101
TCGA:BRCA:TCGA-A8-A06N-01,BRCA,BRCA,0.999956488609314,1.1222840839764103e-05,1.3525608665077016e-05,1.876037276815623e-05
TCGA:BRCA:TCGA-A8-A06O-01,BRCA,BRCA,0.9977943897247314,0.0007530730217695236,0.0007067522965371609,0.0007457939791493118
TCGA:BRCA:TCGA-A8-A06P-01,BRCA,BRCA,0.9975497722625732,0.0007862458587624133,0.0008882905822247267,0.0007757151615805924
TCGA:BRCA:TCGA-A8-A06Q-01,BRCA,BRCA,0.9999997019767761,2.298437351555549e-08,3.260776892943795e-08,2.612696334836073e-07
TCGA:BRCA:TCGA-A8-A06R-01,BRCA,BRCA,0.9999998211860657,2.844542912328052e-08,1.381079357543058e-07,3.583746632784823e-08
TCGA:BRCA:TCGA-A8-A06T-01,BRCA,BRCA,0.9975489377975464,0.0007551416056230664,0.0007114635081961751,0.0009844769956544042
TCGA:BRCA:TCGA-A8-A06U-01,BRCA,BRCA,0.9954385757446289,0.0011215247213840485,0.0017243768088519573,0.0017154960660263896
TCGA:BRCA:TCGA-A8-A06X-01,BRCA,BRCA,0.9998707175254822,4.893348886980675e-05,3.706011193571612e-05,4.330715091782622e-05
TCGA:BRCA:TCGA-A8-A06Y-01,BRCA,BRCA,0.9999998807907104,1.099088198230902e-08,1.2078340105858842e-08,8.071717161328706e-08
TCGA:BRCA:TCGA-A8-A06Z-01,BRCA,BRCA,0.9999989867210388,9.890492691511099e-08,9.9528776331681e-08,8.36662820802303e-07
TCGA:BRCA:TCGA-A8-A075-01,BRCA,BRCA,0.9999997615814209,4.028499489550086e-08,1.6903454636008064e-08,1.799604802954491e-07
TCGA:BRCA:TCGA-A8-A076-01,BRCA,BRCA,0.9999998211860657,4.197269731776032e-08,2.3456731668147768e-08,1.36952237994592e-07
TCGA:BRCA:TCGA-A8-A079-01,BRCA,BRCA,0.9974892139434814,0.0008671703981235623,0.000780488655436784,0.0008631126838736236
TCGA:BRCA:TCGA-A8-A07B-01,BRCA,BRCA,0.9999993443489075,2.5183991780863835e-08,2.8619206560165367e-08,5.851240416632209e-07
TCGA:BRCA:TCGA-A8-A07C-01,BRCA,BRCA,0.9999306797981262,2.408951877441723e-05,2.6012136004283093e-05,1.9204579075449146e-05
TCGA:BRCA:TCGA-A8-A07E-01,BRCA,BRCA,0.9999465942382812,1.8181603081757203e-05,1.9353950847289525e-05,1.5847635950194672e-05
TCGA:BRCA:TCGA-A8-A07F-01,BRCA,BRCA,0.9999999403953552,5.728177931985101e-09,1.2461060627799725e-08,2.1441724840087772e-08
TCGA:BRCA:TCGA-A8-A07G-01,BRCA,BRCA,0.9999999403953552,1.1676138278460257e-08,7.475344787621907e-09,2.238617291538958e-08
TCGA:BRCA:TCGA-A8-A07I-01,BRCA,BRCA,0.9973870515823364,0.000920106191188097,0.0009014832903631032,0.0007913503213785589
TCGA:BRCA:TCGA-A8-A07J-01,BRCA,BRCA,0.9999998807907104,2.7209670960814947e-08,4.275139176002085e-08,3.093587608304915e-08
TCGA:BRCA:TCGA-A8-A07L-01,BRCA,BRCA,0.9943825602531433,0.0019402350299060345,0.0016909416299313307,0.0019862446933984756
TCGA:BRCA:TCGA-A8-A07O-01,BRCA,BRCA,0.99994295835495,2.4557957658544183e-05,1.5650715795345604e-05,1.6852683984325267e-05
TCGA:BRCA:TCGA-A8-A07P-01,BRCA,BRCA,0.9973706603050232,0.0007950842846184969,0.0007260717102326453,0.0011081703705713153
TCGA:BRCA:TCGA-A8-A07R-01,BRCA,BRCA,0.9999995827674866,1.4165864570259146e-07,5.9149705577965506e-08,1.896449504101838e-07
TCGA:BRCA:TCGA-A8-A07S-01,BRCA,BRCA,0.9999511241912842,1.551010791445151e-05,1.4515484508592635e-05,1.8828115571523085e-05
TCGA:BRCA:TCGA-A8-A07U-01,BRCA,BRCA,0.9999997019767761,8.532832396213053e-08,1.1726076110107897e-07,1.0970160246870364e-07
TCGA:BRCA:TCGA-A8-A07W-01,BRCA,BRCA,0.9999998807907104,2.129198328759685e-08,1.9442014220771853e-08,9.587548532863366e-08
TCGA:BRCA:TCGA-A8-A07Z-01,BRCA,BRCA,0.99992436170578,2.113043774443213e-05,1.777458419383038e-05,3.6707631807075813e-05
TCGA:BRCA:TCGA-A8-A081-01,BRCA,BRCA,0.9997434020042419,5.478311504703015e-05,4.26409205829259e-05,0.00015918644203338772
TCGA:BRCA:TCGA-A8-A082-01,BRCA,BRCA,0.9976477026939392,0.0008462572586722672,0.0007193454657681286,0.000786704127676785
TCGA:BRCA:TCGA-A8-A083-01,BRCA,BRCA,0.9999998211860657,3.49373401320463e-08,8.722794042625992e-09,1.1398535093576356e-07
TCGA:BRCA:TCGA-A8-A085-01,BRCA,BRCA,0.9999949932098389,2.1231110167718725e-06,3.5470594639264164e-07,2.5515992092550732e-06
TCGA:BRCA:TCGA-A8-A086-01,BRCA,BRCA,0.9999999403953552,1.2521224945771792e-08,7.49384554410426e-09,1.771752700108209e-08
TCGA:BRCA:TCGA-A8-A08A-01,BRCA,BRCA,0.9999998211860657,2.341378291248475e-08,1.7913189154228348e-08,1.1889098061601544e-07
TCGA:BRCA:TCGA-A8-A08B-01,BRCA,BRCA,0.9998803734779358,5.934959517617244e-06,8.996540600492153e-06,0.00010467912215972319
TCGA:BRCA:TCGA-A8-A08C-01,BRCA,BRCA,0.9999793767929077,4.488276772462996e-06,5.076407433080021e-06,1.1033211194444448e-05
TCGA:BRCA:TCGA-A8-A08G-01,BRCA,BRCA,0.9999132752418518,2.1673198716598563e-05,4.059600905748084e-05,2.4442473659291863e-05
TCGA:BRCA:TCGA-A8-A08H-01,BRCA,BRCA,0.9999270439147949,2.2073840227676556e-05,2.855435377568938e-05,2.2299569536698982e-05
TCGA:BRCA:TCGA-A8-A08I-01,BRCA,BRCA,0.9999996423721313,1.0612548173583036e-08,1.673532601387251e-08,3.2461639420944266e-07
TCGA:BRCA:TCGA-A8-A08J-01,BRCA,BRCA,0.9999394416809082,2.1329420633264817e-05,2.03009185497649e-05,1.8901064322562888e-05
TCGA:BRCA:TCGA-A8-A08L-01,BRCA,BRCA,0.9999067187309265,4.027739123557694e-05,1.9763834643526934e-05,3.3232088753720745e-05
TCGA:BRCA:TCGA-A8-A08O-01,BRCA,BRCA,0.9976136088371277,0.0008873239858075976,0.0007304842583835125,0.0007685767486691475
TCGA:BRCA:TCGA-A8-A08P-01,BRCA,BRCA,0.9999997615814209,3.194353581648102e-08,4.847804291330249e-08,1.832522968925332e-07
TCGA:BRCA:TCGA-A8-A08R-01,BRCA,BRCA,0.9999640583992004,9.892512935039122e-06,1.2179327313788235e-05,1.3875835065846331e-05
TCGA:BRCA:TCGA-A8-A08T-01,BRCA,BRCA,0.9999997019767761,3.151070870899275e-08,3.3858153614119146e-08,2.4880606019905827e-07
TCGA:BRCA:TCGA-A8-A08X-01,BRCA,BRCA,0.999771773815155,6.034464240656234e-05,5.904092904529534e-05,0.00010884546645684168
TCGA:BRCA:TCGA-A8-A08Z-01,BRCA,BRCA,0.9999998807907104,5.3893874252253227e-08,1.8862317929801975e-08,7.132308610380278e-08
TCGA:BRCA:TCGA-A8-A090-01,BRCA,BRCA,0.9999821186065674,5.612459972326178e-06,5.909351330046775e-06,6.331509666779311e-06
TCGA:BRCA:TCGA-A8-A091-01,BRCA,BRCA,0.9999998807907104,2.422179434802274e-08,2.4405020226936358e-08,4.32597850874572e-08
TCGA:BRCA:TCGA-A8-A092-01,BRCA,BRCA,0.9999496936798096,1.5675961549277417e-05,1.6077419786597602e-05,1.8556454961071722e-05
TCGA:BRCA:TCGA-A8-A093-01,BRCA,BRCA,0.9999407529830933,1.778446494427044e-05,2.2194519260665402e-05,1.924184471135959e-05
TCGA:BRCA:TCGA-A8-A094-01,BRCA,BRCA,0.9998577237129211,3.554685099516064e-05,4.162574259680696e-05,6.510043749585748e-05
TCGA:BRCA:TCGA-A8-A095-01,BRCA,BRCA,0.9999999403953552,7.490712938817978e-09,7.720768024910285e-09,6.429031174093325e-08
TCGA:BRCA:TCGA-A8-A096-01,BRCA,BRCA,0.9998881220817566,2.9595876185339876e-05,4.310725489631295e-05,3.919498703908175e-05
TCGA:BRCA:TCGA-A8-A097-01,BRCA,BRCA,0.9999999403953552,1.2582872521704758e-08,6.360836746210907e-09,1.502741220349435e-08
TCGA:BRCA:TCGA-A8-A099-01,BRCA,BRCA,0.9999997019767761,4.777672657496623e-08,3.41303696416162e-08,2.0052623028732341e-07
TCGA:BRCA:TCGA-A8-A09A-01,BRCA,BRCA,0.9999998807907104,2.5356039046187107e-08,2.3243986291276997e-08,4.1116365423476964e-08
TCGA:BRCA:TCGA-A8-A09B-01,BRCA,BRCA,0.9999999403953552,1.5254007834641925e-08,4.176646584141963e-09,1.7681582420436825e-08
TCGA:BRCA:TCGA-A8-A09C-01,BRCA,BRCA,0.9999999403953552,5.521644030892503e-09,5.848014961173931e-09,7.293561310461882e-08
TCGA:BRCA:TCGA-A8-A09D-01,BRCA,BRCA,0.9999995827674866,7.10409864268513e-08,8.657842442971742e-08,2.4190441649807326e-07
TCGA:BRCA:TCGA-A8-A09G-01,BRCA,BRCA,0.9999999403953552,1.4225247646493244e-08,9.06065800165834e-09,3.141341409218512e-08
TCGA:BRCA:TCGA-A8-A09I-01,BRCA,BRCA,0.9999473094940186,1.6024476281017996e-05,1.8874208763008937e-05,1.781234095687978e-05
TCGA:BRCA:TCGA-A8-A09M-01,BRCA,BRCA,0.9999856352806091,4.585062924888916e-06,4.0274376260640565e-06,5.739419975725468e-06
TCGA:BRCA:TCGA-A8-A09N-01,BRCA,BRCA,0.9999999403953552,1.9096827230669078e-08,1.6650297141040937e-08,4.411329967979327e-08
TCGA:BRCA:TCGA-A8-A09Q-01,BRCA,BRCA,0.9999412298202515,1.7460133676650003e-05,1.8236432879348285e-05,2.3066953872330487e-05
TCGA:BRCA:TCGA-A8-A09R-01,BRCA,BRCA,0.9999828934669495,4.671051101468038e-06,6.045965619705385e-06,6.36189315628144e-06
TCGA:BRCA:TCGA-A8-A09T-01,BRCA,BRCA,0.9999998807907104,1.7220193271327844e-08,1.957494966120521e-08,8.059215872435743e-08
TCGA:BRCA:TCGA-A8-A09V-01,BRCA,BRCA,0.9999489188194275,1.5707395505160093e-05,1.4684783309348859e-05,2.0717467123176903e-05
TCGA:BRCA:TCGA-A8-A09W-01,BRCA,BRCA,0.9999769330024719,7.051662578305695e-06,5.300773864291841e-06,1.0686673704185523e-05
TCGA:BRCA:TCGA-A8-A09X-01,BRCA,BRCA,0.9999998211860657,3.183800600936593e-08,2.1717930565046117e-08,1.1470789473833065e-07
TCGA:BRCA:TCGA-A8-A09Z-01,BRCA,BRCA,0.9930986762046814,0.002584511414170265,0.0018823451828211546,0.0024344895500689745
TCGA:BRCA:TCGA-A8-A0A1-01,BRCA,BRCA,0.9999856948852539,4.457588602235774e-06,4.2974124880856834e-06,5.533855983230751e-06
TCGA:BRCA:TCGA-A8-A0A2-01,BRCA,BRCA,0.9976839423179626,0.0008163408492691815,0.0007052334840409458,0.000794494990259409
TCGA:BRCA:TCGA-A8-A0A4-01,BRCA,BRCA,0.9971898198127747,0.0008085431763902307,0.0011271279072389007,0.0008745315717533231
TCGA:BRCA:TCGA-A8-A0A6-01,BRCA,BRCA,0.9974993467330933,0.000924457039218396,0.0007604575948789716,0.0008157630218192935
TCGA:BRCA:TCGA-A8-A0A7-01,BRCA,BRCA,0.9998795390129089,4.8566231271252036e-05,3.724102862179279e-05,3.467952774371952e-05
TCGA:BRCA:TCGA-A8-A0A9-01,BRCA,BRCA,0.9976315498352051,0.0008184261387214065,0.0007509461720474064,0.0007990802405402064
TCGA:BRCA:TCGA-A8-A0AB-01,BRCA,BRCA,0.9977920055389404,0.000753794563934207,0.000707515690010041,0.000746712030377239
TCGA:BRCA:TCGA-A8-A0AD-01,BRCA,BRCA,0.9999999403953552,2.991644265648574e-08,4.8513504324887435e-09,3.762165334819656e-08
TCGA:BRCA:TCGA-AC-A23C-01,BRCA,BRCA,0.997036874294281,0.0008019625092856586,0.0007387301884591579,0.0014224303886294365
TCGA:BRCA:TCGA-AC-A23E-01,BRCA,BRCA,0.9999999403953552,4.2243605946623575e-08,1.58280233364394e-08,3.068952381113377e-08
TCGA:BRCA:TCGA-AC-A23G-01,BRCA,BRCA,0.9999998807907104,6.964845056245395e-08,1.0089900470688917e-08,2.1498054891821994e-08
TCGA:BRCA:TCGA-AC-A23H-01,BRCA,BRCA,0.9999997615814209,5.6362207345728166e-08,4.368688166778156e-08,1.4937633352474222e-07
TCGA:BRCA:TCGA-AC-A2B8-01,BRCA,BRCA,0.9999493360519409,1.7282318367506377e-05,1.5305400665965863e-05,1.8081649614032358e-05
TCGA:BRCA:TCGA-AC-A2BK-01,BRCA,BRCA,0.9999911189079285,2.392201849943376e-06,2.192527972511016e-06,4.2959545680787414e-06
TCGA:BRCA:TCGA-AC-A2BM-01,BRCA,BRCA,0.9999455213546753,1.7256010323762894e-05,1.6456842786283232e-05,2.078730358334724e-05
TCGA:BRCA:TCGA-AC-A2FB-01,BRCA,BRCA,0.9999999403953552,1.1184521753193621e-08,9.859346228324739e-09,3.121803260341949e-08
TCGA:BRCA:TCGA-AC-A2FE-01,BRCA,BRCA,0.9999437928199768,1.6074598534032702e-05,1.710690776235424e-05,2.299706102348864e-05
TCGA:BRCA:TCGA-AC-A2FF-01,BRCA,BRCA,0.9999999403953552,1.761617163253959e-08,1.3470382143054849e-08,1.837857332986914e-08
TCGA:BRCA:TCGA-AC-A2FG-01,BRCA,BRCA,0.9999838471412659,5.7275869949080516e-06,4.18237777921604e-06,6.22161087449058e-06
TCGA:BRCA:TCGA-AC-A2FK-01,BRCA,BRCA,0.9999335408210754,1.862152203102596e-05,2.5899114916683175e-05,2.1953044779365882e-05
TCGA:BRCA:TCGA-AC-A2FM-01,BRCA,BRCA,0.9999999403953552,1.1499858842967114e-08,8.779644566914158e-09,1.798003523845182e-08
TCGA:BRCA:TCGA-AC-A2FO-01,BRCA,BRCA,0.9999508261680603,1.7902459148899652e-05,1.497219727752963e-05,1.6269890693365596e-05
TCGA:BRCA:TCGA-AC-A2QH-01,BRCA,BRCA,0.9992017149925232,0.000418181240092963,5.962408613413572e-05,0.0003204526146873832
TCGA:BRCA:TCGA-AC-A2QI-01,BRCA,BRCA,0.9999856352806091,4.1965104173868895e-06,4.3654104047163855e-06,5.79334619033034e-06
TCGA:BRCA:TCGA-AC-A2QJ-01,BRCA,BRCA,0.657355785369873,0.34256207942962646,5.7480501709505916e-05,2.4642593416501768e-05
TCGA:BRCA:TCGA-AC-A3BB-01,BRCA,BRCA,0.9999999403953552,1.0680816231456447e-08,7.298472048944404e-09,2.4358612904507027e-08
TCGA:BRCA:TCGA-AC-A3EH-01,BRCA,BRCA,0.9999827146530151,5.305172180669615e-06,3.930370894522639e-06,8.043662091949955e-06
TCGA:BRCA:TCGA-AC-A3HN-01,BRCA,BRCA,0.997749924659729,0.0007517561898566782,0.000701175827998668,0.000797152693849057
TCGA:BRCA:TCGA-AC-A3OD-01,BRCA,BRCA,0.9999999403953552,2.4301154866179786e-08,2.6614371151367777e-08,2.8887905401120406e-08
TCGA:BRCA:TCGA-AC-A3QP-01,BRCA,BRCA,0.9975804686546326,0.0007918237242847681,0.0008067537564784288,0.0008209695806726813
TCGA:BRCA:TCGA-AC-A3QQ-01,BRCA,BRCA,0.9999469518661499,1.7024391127051786e-05,1.4646214367530774e-05,2.137661249435041e-05
TCGA:BRCA:TCGA-AC-A3TM-01,BRCA,BRCA,0.9999845623970032,6.907078386575449e-06,3.904225195583422e-06,4.601199179887772e-06
TCGA:BRCA:TCGA-AC-A3TN-01,BRCA,BRCA,0.9999868273735046,4.3942245611106046e-06,4.081229690200416e-06,4.720136985270074e-06
TCGA:BRCA:TCGA-AC-A3W5-01,BRCA,BRCA,0.9999998807907104,2.9748180807587232e-08,3.099248502280716e-08,8.707290533038758e-08
TCGA:BRCA:TCGA-AC-A3W6-01,BRCA,BRCA,0.9999998211860657,6.49010161168917e-08,2.7455103079887522e-08,6.830694587733888e-08
TCGA:BRCA:TCGA-AC-A3W7-01,BRCA,BRCA,0.9999999403953552,5.624326959718928e-08,3.7927301299589544e-09,2.65375881269847e-08
TCGA:BRCA:TCGA-AC-A3YI-01,BRCA,BRCA,0.9970375299453735,0.0011564628221094608,0.0009589815745130181,0.0008470005122944713
TCGA:BRCA:TCGA-AC-A3YJ-01,BRCA,BRCA,0.9999998211860657,5.1895352015662866e-08,2.0113871457283494e-08,8.740922652350491e-08
TCGA:BRCA:TCGA-AC-A4ZE-01,BRCA,BRCA,0.9999008774757385,3.558896787581034e-05,2.7421732738730498e-05,3.611773354350589e-05
TCGA:BRCA:TCGA-AC-A5EH-01,BRCA,BRCA,0.9967455267906189,0.0014824116369709373,0.0008449844317510724,0.0009270767914131284
TCGA:BRCA:TCGA-AC-A5XS-01,BRCA,BRCA,0.999976634979248,6.4865953390835784e-06,6.530752216349356e-06,1.0327478776162025e-05
TCGA:BRCA:TCGA-AC-A5XU-01,BRCA,BRCA,0.9999997615814209,1.0167913444547594e-07,4.7716806506059584e-08,8.451869604186868e-08
TCGA:BRCA:TCGA-AC-A62V-01,BRCA,BRCA,0.9992737770080566,0.0002835314371623099,0.00018255878239870071,0.00026015800540335476
TCGA:BRCA:TCGA-AC-A62X-01,BRCA,BRCA,0.9999991059303284,2.1355420187774143e-07,1.7857115608421736e-07,5.106986691316706e-07
TCGA:BRCA:TCGA-AC-A62Y-01,BRCA,BRCA,0.9999998807907104,9.714928417281499e-09,1.1032648572495418e-08,6.867414015232498e-08
TCGA:BRCA:TCGA-AC-A6IV-01,BRCA,BRCA,0.9999118447303772,1.8886561520048417e-05,4.197341331746429e-05,2.727977334870957e-05
TCGA:BRCA:TCGA-AC-A6IW-01,BRCA,BRCA,0.9999991655349731,5.033264756093558e-07,2.1946215156276594e-07,1.2120395354031643e-07
TCGA:BRCA:TCGA-AC-A6IX-01,BRCA,BRCA,0.9999999403953552,2.7615950415338375e-08,2.1391866056319486e-08,2.3891688627486474e-08
TCGA:BRCA:TCGA-AC-A6NO-01,BRCA,BRCA,0.9999999403953552,2.8342402202952144e-08,1.9587602650972258e-08,2.8926477213531143e-08
TCGA:BRCA:TCGA-AC-A7VB-01,BRCA,BRCA,0.9999998211860657,5.3006633748964305e-08,3.299157569358613e-08,1.000426408381827e-07
TCGA:BRCA:TCGA-AC-A7VC-01,BRCA,BRCA,0.9886375665664673,0.007485406473278999,0.0023647684138268232,0.0015122756594792008
TCGA:BRCA:TCGA-AC-A8OP-01,BRCA,BRCA,0.9970502257347107,0.0008528504404239357,0.0008107488392852247,0.0012861936120316386
TCGA:BRCA:TCGA-AC-A8OQ-01,BRCA,BRCA,0.9998543858528137,4.219299808028154e-05,4.0199858631240204e-05,6.32113151368685e-05
TCGA:BRCA:TCGA-AC-A8OR-01,BRCA,BRCA,0.9999998807907104,4.1418701357542886e-08,1.3261901798955478e-08,9.267753142694346e-08
TCGA:BRCA:TCGA-AC-A8OS-01,BRCA,BRCA,0.9999842047691345,4.8847318794287276e-06,4.586440809362102e-06,6.303069767454872e-06
TCGA:BRCA:TCGA-AN-A03X-01,BRCA,BRCA,0.9998962879180908,2.1576954168267548e-05,3.911559178959578e-05,4.304781759856269e-05
TCGA:BRCA:TCGA-AN-A03Y-01,BRCA,BRCA,0.9999215006828308,1.9444025383563712e-05,1.7278534869547002e-05,4.1806539229582995e-05
TCGA:BRCA:TCGA-AN-A041-01,BRCA,BRCA,0.9999997615814209,5.6483052901512565e-08,3.294640293916018e-08,1.51245075130646e-07
TCGA:BRCA:TCGA-AN-A046-01,BRCA,BRCA,0.9977248311042786,0.0007672580541111529,0.000748503371141851,0.0007594238268211484
TCGA:BRCA:TCGA-AN-A049-01,BRCA,BRCA,0.9976903796195984,0.0008637698483653367,0.0007005836814641953,0.0007452737772837281
TCGA:BRCA:TCGA-AN-A04A-01,BRCA,BRCA,0.9999999403953552,2.9479776841867533e-08,1.736116139738897e-08,2.7068061569934798e-08
TCGA:BRCA:TCGA-AN-A04C-01,BRCA,BRCA,0.9999998807907104,1.5394345354025063e-08,1.1868820593008422e-08,1.0216843548960242e-07
TCGA:BRCA:TCGA-AN-A04D-01,BRCA,BRCA,0.9999995231628418,2.5131419079116313e-07,8.612533264340527e-08,1.6470713148919458e-07
TCGA:BRCA:TCGA-AN-A0AJ-01,BRCA,BRCA,0.9997814297676086,4.168719533481635e-05,5.716933083022013e-05,0.00011970655032200739
TCGA:BRCA:TCGA-AN-A0AK-01,BRCA,BRCA,0.999919056892395,2.8261343686608598e-05,2.5337083570775576e-05,2.734550798777491e-05
TCGA:BRCA:TCGA-AN-A0AL-01,BRCA,BRCA,0.9999893307685852,5.016562226956012e-06,1.1565788327061455e-06,4.488975264393957e-06
TCGA:BRCA:TCGA-AN-A0AM-01,BRCA,BRCA,0.9999998211860657,5.300194061419461e-08,4.028099098718485e-08,5.797814850438954e-08
TCGA:BRCA:TCGA-AN-A0AR-01,BRCA,BRCA,0.9999877214431763,3.106346639469848e-06,4.255757630744483e-06,4.912354143016273e-06
TCGA:BRCA:TCGA-AN-A0AS-01,BRCA,BRCA,0.9999992251396179,6.160408361211012e-08,5.0269342466435774e-08,6.833247425674926e-07
TCGA:BRCA:TCGA-AN-A0AT-01,BRCA,BRCA,0.9934855699539185,0.002227094257250428,0.0019122852245345712,0.0023750783875584602
TCGA:BRCA:TCGA-AN-A0FD-01,BRCA,BRCA,0.9999828934669495,5.732968929805793e-06,6.20091714154114e-06,5.177650109544629e-06
TCGA:BRCA:TCGA-AN-A0FF-01,BRCA,BRCA,0.9999844431877136,4.470680778467795e-06,4.207234724162845e-06,6.894254511280451e-06
TCGA:BRCA:TCGA-AN-A0FJ-01,BRCA,BRCA,0.9996181726455688,0.00014926998119335622,0.00011836873454740271,0.000114213049528189
TCGA:BRCA:TCGA-AN-A0FK-01,BRCA,BRCA,0.9999999403953552,1.6685083537026912e-08,1.2801351090274693e-08,5.060984875626673e-08
TCGA:BRCA:TCGA-AN-A0FL-01,BRCA,BRCA,0.9998859167098999,3.6214172723703086e-05,2.5269460820709355e-05,5.258737292024307e-05
TCGA:BRCA:TCGA-AN-A0FN-01,BRCA,BRCA,0.9999999403953552,1.581594410993148e-08,2.170959767511249e-08,1.881263678171763e-08
TCGA:BRCA:TCGA-AN-A0FS-01,BRCA,BRCA,0.9999999403953552,8.119070749046386e-09,8.624840397430944e-09,1.6567662797228877e-08
TCGA:BRCA:TCGA-AN-A0FT-01,BRCA,BRCA,0.9999999403953552,1.4310836959907647e-08,7.446181893300263e-09,5.195048302653049e-08
TCGA:BRCA:TCGA-AN-A0FV-01,BRCA,BRCA,0.9999996423721313,1.3001888987673738e-07,3.673167725537496e-08,2.0372434050841548e-07
TCGA:BRCA:TCGA-AN-A0FW-01,BRCA,BRCA,0.9999508857727051,1.5779023669892922e-05,1.749189141264651e-05,1.581666037964169e-05
TCGA:BRCA:TCGA-AN-A0FX-01,BRCA,BRCA,0.9999998807907104,3.603935638807343e-08,1.5067302072679922e-08,4.212292026295472e-08
TCGA:BRCA:TCGA-AN-A0FY-01,BRCA,BRCA,0.9999845623970032,4.363803327578353e-06,5.737351784773637e-06,5.352412244974403e-06
TCGA:BRCA:TCGA-AN-A0FZ-01,BRCA,BRCA,0.9999083280563354,2.7574598789215088e-05,3.1313484214479104e-05,3.275975905125961e-05
TCGA:BRCA:TCGA-AN-A0G0-01,BRCA,BRCA,0.9998148679733276,3.1439849408343434e-05,3.308604937046766e-05,0.00012062780297128484
TCGA:BRCA:TCGA-AN-A0XL-01,BRCA,BRCA,0.9999999403953552,2.130945375711235e-08,1.2569771001835761e-08,1.866557575169736e-08
TCGA:BRCA:TCGA-AN-A0XN-01,BRCA,BRCA,0.9999998211860657,7.363586007613776e-08,6.00817955387356e-08,7.343547991922605e-08
TCGA:BRCA:TCGA-AN-A0XO-01,BRCA,BRCA,0.9999797344207764,6.346395366563229e-06,7.51507968743681e-06,6.420573754439829e-06
TCGA:BRCA:TCGA-AN-A0XP-01,BRCA,BRCA,0.997534990310669,0.0008569963974878192,0.0007684560841880739,0.0008395436452701688
TCGA:BRCA:TCGA-AN-A0XR-01,BRCA,BRCA,0.9968433976173401,0.0010768622159957886,0.000999300042167306,0.0010804353514686227
TCGA:BRCA:TCGA-AN-A0XS-01,BRCA,BRCA,0.9975965619087219,0.000756888824980706,0.0008989576599560678,0.0007475733873434365
TCGA:BRCA:TCGA-AN-A0XT-01,BRCA,BRCA,0.9998438954353333,1.9813614926533774e-05,0.00010509902494959533,3.116394145763479e-05
TCGA:BRCA:TCGA-AN-A0XU-01,BRCA,BRCA,0.9999995231628418,3.209266878911876e-07,6.36960137967435e-08,1.1814748290817079e-07
TCGA:BRCA:TCGA-AN-A0XV-01,BRCA,BRCA,0.9970867037773132,0.0008039391250349581,0.0013116525951772928,0.0007976907072588801
TCGA:BRCA:TCGA-AN-A0XW-01,BRCA,BRCA,0.9999999403953552,1.6693274318413387e-08,2.7539419633626494e-08,2.2141131594821672e-08
TCGA:BRCA:TCGA-AO-A03L-01,BRCA,BRCA,0.9999457597732544,1.8223254301119596e-05,1.722425440675579e-05,1.8768978407024406e-05
TCGA:BRCA:TCGA-AO-A03M-01,BRCA,BRCA,0.9999849200248718,4.765724042954389e-06,5.38478070666315e-06,4.953292318532476e-06
TCGA:BRCA:TCGA-AO-A03N-01,BRCA,BRCA,0.9914435148239136,0.0014425896806642413,0.0015129223465919495,0.005600990727543831
TCGA:BRCA:TCGA-AO-A03O-01,BRCA,BRCA,0.9967301487922668,0.0009750155732035637,0.0009875346440821886,0.0013072813162580132
TCGA:BRCA:TCGA-AO-A03P-01,BRCA,BRCA,0.9999997615814209,4.9431285731316166e-08,3.322247010828505e-08,1.5543143661034264e-07
TCGA:BRCA:TCGA-AO-A03R-01,BRCA,BRCA,0.9976106882095337,0.0007862556376494467,0.0007748011848889291,0.0008282258058898151
TCGA:BRCA:TCGA-AO-A03T-01,BRCA,BRCA,0.9999827742576599,6.72893247610773e-06,5.2148384384054225e-06,5.288787178869825e-06
TCGA:BRCA:TCGA-AO-A03U-01,BRCA,BRCA,0.9999997615814209,5.80347645495749e-08,4.584365953519409e-08,1.349607288148036e-07
TCGA:BRCA:TCGA-AO-A03V-01,BRCA,BRCA,0.9999843835830688,4.4162302401673514e-06,4.65745779365534e-06,6.550435045937775e-06
TCGA:BRCA:TCGA-AO-A0J2-01,BRCA,BRCA,0.9999994039535522,9.109397325346436e-08,1.9790228122928966e-07,3.018813004018739e-07
TCGA:BRCA:TCGA-AO-A0J3-01,BRCA,BRCA,0.9999693632125854,7.088978236424737e-06,8.88580507307779e-06,1.467635502194753e-05
TCGA:BRCA:TCGA-AO-A0J4-01,BRCA,BRCA,0.9999995231628418,2.742335141192598e-07,6.53528573479889e-08,1.2494867007717403e-07
TCGA:BRCA:TCGA-AO-A0J5-01,BRCA,BRCA,0.9999999403953552,8.738390455675926e-09,1.6212750253430386e-08,3.3398308119103604e-08
TCGA:BRCA:TCGA-AO-A0J6-01,BRCA,BRCA,0.9928451180458069,0.0025380065198987722,0.002486273879185319,0.002130597596988082
TCGA:BRCA:TCGA-AO-A0J7-01,BRCA,BRCA,0.9999999403953552,1.5483461623944095e-08,8.487724301176058e-09,3.976189333343427e-08
TCGA:BRCA:TCGA-AO-A0J8-01,BRCA,BRCA,0.9999999403953552,1.9781159821263827e-08,1.5698955024845418e-08,4.947178666725449e-08
TCGA:BRCA:TCGA-AO-A0J9-01,BRCA,BRCA,0.9970158338546753,0.0009041091543622315,0.0009470274671912193,0.0011330244597047567
TCGA:BRCA:TCGA-AO-A0JA-01,BRCA,BRCA,0.9975295662879944,0.0008747074170969427,0.0007376892608590424,0.0008580145076848567
TCGA:BRCA:TCGA-AO-A0JB-01,BRCA,BRCA,0.9999995231628418,2.4759677330621344e-07,1.5804189956725168e-07,8.150408348228666e-08
TCGA:BRCA:TCGA-AO-A0JC-01,BRCA,BRCA,0.9999832510948181,7.580835585940804e-07,1.55145662574796e-05,4.757108058583981e-07
TCGA:BRCA:TCGA-AO-A0JD-01,BRCA,BRCA,0.9999854564666748,2.1185778464882787e-08,1.4296963854576461e-05,2.479591785231605e-07
TCGA:BRCA:TCGA-AO-A0JE-01,BRCA,BRCA,0.9999977350234985,2.3448058072972344e-07,1.9257643089076737e-06,9.324582350700439e-08
TCGA:BRCA:TCGA-AO-A0JF-01,BRCA,BRCA,0.9998549818992615,6.394678166543599e-06,0.00012870771752204746,9.911385859595612e-06
TCGA:BRCA:TCGA-AO-A0JG-01,BRCA,BRCA,0.9999874234199524,4.223383712087525e-06,3.7484858239622554e-06,4.595125574269332e-06
TCGA:BRCA:TCGA-AO-A0JI-01,BRCA,BRCA,0.9999999403953552,2.2005469446639836e-08,1.186302256428462e-08,3.5750677085388816e-08
TCGA:BRCA:TCGA-AO-A0JJ-01,BRCA,BRCA,0.9999998807907104,8.919042926436305e-08,2.1658877358277095e-08,3.586590580084703e-08
TCGA:BRCA:TCGA-AO-A0JL-01,BRCA,BRCA,0.9999996423721313,8.993026057169118e-08,3.1175240167158336e-08,2.5379014800819277e-07
TCGA:BRCA:TCGA-AO-A0JM-01,BRCA,BRCA,0.9999987483024597,1.0280659807904158e-06,5.7922683538436104e-08,1.417232766698362e-07
TCGA:BRCA:TCGA-AO-A124-01,BRCA,BRCA,0.9999982118606567,1.2161575568825356e-06,2.1583865361662902e-07,3.618048083353642e-07
TCGA:BRCA:TCGA-AO-A125-01,BRCA,BRCA,0.9997909665107727,4.9420774303143844e-05,3.305284553789534e-05,0.00012656650505959988
TCGA:BRCA:TCGA-AO-A126-01,BRCA,BRCA,0.9999997615814209,5.721343399045509e-08,3.433330064694928e-08,1.5016665599887347e-07
TCGA:BRCA:TCGA-AO-A128-01,BRCA,BRCA,0.9990804195404053,0.00023359894112218171,0.0002619290607981384,0.0004240761627443135
TCGA:BRCA:TCGA-AO-A129-01,BRCA,BRCA,0.9999998211860657,8.848024179997083e-08,3.924642300034975e-08,3.097222744941064e-08
TCGA:BRCA:TCGA-AO-A12A-01,BRCA,BRCA,0.9976972341537476,0.0007658001268282533,0.0007169298478402197,0.000820016663055867
TCGA:BRCA:TCGA-AO-A12B-01,BRCA,BRCA,0.9999996423721313,3.666977832494922e-08,3.46386705984969e-08,2.8936463536410884e-07
TCGA:BRCA:TCGA-AO-A12D-01,BRCA,BRCA,0.9999997615814209,1.4395527614396997e-07,2.9973389104043235e-08,5.026285876397196e-08
TCGA:BRCA:TCGA-AO-A12E-01,BRCA,BRCA,0.9999999403953552,8.679791108079371e-09,1.3219133343511658e-08,3.8407495850378837e-08
TCGA:BRCA:TCGA-AO-A12F-01,BRCA,BRCA,0.9999170899391174,4.316840568208136e-05,1.790755231922958e-05,2.1830297555425204e-05
TCGA:BRCA:TCGA-AO-A12G-01,BRCA,BRCA,0.9999999403953552,1.1411932732130481e-08,1.134621285814319e-08,1.5788792495641246e-08
TCGA:BRCA:TCGA-AO-A12H-01,BRCA,BRCA,0.9999997615814209,4.5515566426956866e-08,2.572714663529041e-08,1.6473420316742704e-07
TCGA:BRCA:TCGA-AO-A1KO-01,BRCA,BRCA,0.9970394372940063,0.0011181620648130774,0.0009304474224336445,0.0009119758033193648
TCGA:BRCA:TCGA-AO-A1KP-01,BRCA,BRCA,0.9999999403953552,8.670294704415937e-09,1.0521141291519598e-08,6.806959618188557e-08
TCGA:BRCA:TCGA-AO-A1KQ-01,BRCA,BRCA,0.9826656579971313,0.005471768788993359,0.004045092035084963,0.007817468605935574
TCGA:BRCA:TCGA-AO-A1KR-01,BRCA,BRCA,0.9995855689048767,0.00012082496687071398,0.00021551220561377704,7.81181879574433e-05
TCGA:BRCA:TCGA-AO-A1KS-01,BRCA,BRCA,1.0,9.63181534530122e-09,6.795043638874176e-09,1.3282733135611124e-08
TCGA:BRCA:TCGA-AO-A1KT-01,BRCA,BRCA,0.9975174069404602,0.0008364052628166974,0.0008313307771459222,0.0008148273918777704
TCGA:BRCA:TCGA-AQ-A04H-01,BRCA,BRCA,0.9999998807907104,4.1244692994268917e-08,2.7996930995755065e-08,4.3799904148045243e-08
TCGA:BRCA:TCGA-AQ-A04J-01,BRCA,BRCA,0.9999996423721313,2.655131368101138e-07,5.061230723413246e-08,3.11061008062552e-08
TCGA:BRCA:TCGA-AQ-A04L-01,BRCA,BRCA,0.9998836517333984,4.433395224623382e-05,2.4709845092729665e-05,4.72923566121608e-05
TCGA:BRCA:TCGA-AQ-A0Y5-01,BRCA,BRCA,0.9999998807907104,3.96317929585166e-08,8.736831702549352e-09,6.450931522294923e-08
TCGA:BRCA:TCGA-AQ-A1H2-01,BRCA,BRCA,0.9999833106994629,4.646378783945693e-06,4.431272827787325e-06,7.632637789356522e-06
TCGA:BRCA:TCGA-AQ-A1H3-01,BRCA,BRCA,0.9977055788040161,0.0007803422631695867,0.0007297383272089064,0.0007843660423532128
TCGA:BRCA:TCGA-AQ-A54N-01,BRCA,BRCA,0.9996857643127441,8.441592945018783e-05,8.733214781386778e-05,0.00014248119259718806
TCGA:BRCA:TCGA-AQ-A54O-01,BRCA,BRCA,0.9999968409538269,2.1316548100003274e-06,2.5203112841154507e-07,7.866878490858653e-07
TCGA:BRCA:TCGA-AQ-A7U7-01,BRCA,BRCA,0.9999820590019226,5.246088221610989e-06,4.465543952392181e-06,8.236543180828448e-06
TCGA:BRCA:TCGA-AR-A0TP-01,BRCA,BRCA,0.9999979734420776,8.775584205977793e-07,3.627110061188432e-07,7.954217835504096e-07
TCGA:BRCA:TCGA-AR-A0TQ-01,BRCA,BRCA,0.9999821782112122,5.1393662943155505e-06,6.256339929677779e-06,6.437775482481811e-06
TCGA:BRCA:TCGA-AR-A0TR-01,BRCA,BRCA,0.9999997615814209,3.922164282244012e-08,3.740982990052544e-08,1.6397758884068026e-07
TCGA:BRCA:TCGA-AR-A0TS-01,BRCA,BRCA,0.9999911785125732,3.878575626004022e-06,3.2370778626500396e-06,1.6955523278738838e-06
TCGA:BRCA:TCGA-AR-A0TT-01,BRCA,BRCA,0.9999517798423767,1.7762364223017357e-05,1.3814000340062194e-05,1.6645593859720975e-05
TCGA:BRCA:TCGA-AR-A0TU-01,BRCA,BRCA,0.9910574555397034,0.0040292334742844105,0.0027489883359521627,0.0021643033251166344
TCGA:BRCA:TCGA-AR-A0TV-01,BRCA,BRCA,0.999896228313446,3.247493441449478e-05,2.339612001378555e-05,4.792135950992815e-05
TCGA:BRCA:TCGA-AR-A0TW-01,BRCA,BRCA,0.9999997019767761,8.521060124166979e-08,5.304612216150417e-08,1.3894651829104987e-07
TCGA:BRCA:TCGA-AR-A0TX-01,BRCA,BRCA,0.9999998807907104,3.0049239541085626e-08,2.4649613905580736e-08,5.379828493801142e-08
TCGA:BRCA:TCGA-AR-A0TY-01,BRCA,BRCA,0.9999997615814209,4.4523446263156075e-08,5.30375032781194e-08,1.3266760845453973e-07
TCGA:BRCA:TCGA-AR-A0TZ-01,BRCA,BRCA,0.9999999403953552,1.6485241616237545e-08,5.7282778520573174e-09,2.4046315161285747e-08
TCGA:BRCA:TCGA-AR-A0U0-01,BRCA,BRCA,0.9999964833259583,2.483233402017504e-06,6.662162377324421e-07,3.545119398040697e-07
TCGA:BRCA:TCGA-AR-A0U1-01,BRCA,BRCA,0.9525169730186462,0.0014808676205575466,0.015909137204289436,0.030093032866716385
TCGA:BRCA:TCGA-AR-A0U2-01,BRCA,BRCA,0.9880424737930298,0.0019923090003430843,0.0033175365533679724,0.0066476622596383095
TCGA:BRCA:TCGA-AR-A0U3-01,BRCA,BRCA,0.9999999403953552,6.427368859363014e-09,6.745898062376909e-09,1.990234821391823e-08
TCGA:BRCA:TCGA-AR-A0U4-01,BRCA,BRCA,0.9861193895339966,0.00394715229049325,0.00609779916703701,0.003835632698610425
TCGA:BRCA:TCGA-AR-A1AH-01,BRCA,BRCA,0.9999998211860657,5.491657617540113e-08,3.2594222432180686e-08,8.3781436899244e-08
TCGA:BRCA:TCGA-AR-A1AI-01,BRCA,BRCA,0.9999979734420776,5.918432748330815e-07,4.879008770330984e-07,9.369545068693697e-07
TCGA:BRCA:TCGA-AR-A1AJ-01,BRCA,BRCA,0.9999998807907104,2.6362641847299528e-08,8.073748603010245e-08,3.2495034218982255e-08
TCGA:BRCA:TCGA-AR-A1AK-01,BRCA,BRCA,0.9999999403953552,1.146663830553507e-08,4.11348066720052e-09,1.5817724019484558e-08
TCGA:BRCA:TCGA-AR-A1AL-01,BRCA,BRCA,0.9999868273735046,4.072197498317109e-06,4.149445430812193e-06,4.924314453091938e-06
TCGA:BRCA:TCGA-AR-A1AM-01,BRCA,BRCA,0.9999870657920837,4.108880148123717e-06,3.762138248930569e-06,5.0550584091979545e-06
TCGA:BRCA:TCGA-AR-A1AN-01,BRCA,BRCA,0.9999850392341614,4.243867351760855e-06,4.016468210465973e-06,6.712232334393775e-06
TCGA:BRCA:TCGA-AR-A1AO-01,BRCA,BRCA,0.9999999403953552,3.6007524073511377e-08,2.837099444263913e-08,1.581839548236985e-08
TCGA:BRCA:TCGA-AR-A1AP-01,BRCA,BRCA,0.999941885471344,1.6039393813116476e-05,1.8065862604998983e-05,2.4005104933166876e-05
TCGA:BRCA:TCGA-AR-A1AQ-01,BRCA,BRCA,0.9996741414070129,0.00012214441085234284,0.000132380286231637,7.13078334229067e-05
TCGA:BRCA:TCGA-AR-A1AR-01,BRCA,BRCA,0.999996542930603,1.7078177734219935e-06,8.466618623970135e-07,8.764969834373915e-07
TCGA:BRCA:TCGA-AR-A1AS-01,BRCA,BRCA,0.9999323487281799,2.6107676603714935e-05,2.258287167933304e-05,1.894883462227881e-05
TCGA:BRCA:TCGA-AR-A1AT-01,BRCA,BRCA,0.9999675154685974,6.1551668295578565e-06,5.650289949699072e-06,2.0669247533078305e-05
TCGA:BRCA:TCGA-AR-A1AU-01,BRCA,BRCA,0.9999460577964783,1.571341636008583e-05,2.233149098174181e-05,1.5897181583568454e-05
TCGA:BRCA:TCGA-AR-A1AV-01,BRCA,BRCA,0.9999960064888,1.4876179648126708e-06,1.7071036495508451e-07,2.3436675746779656e-06
TCGA:BRCA:TCGA-AR-A1AW-01,BRCA,BRCA,0.9999293684959412,1.7340838894597255e-05,2.8562397346831858e-05,2.4751432647462934e-05
TCGA:BRCA:TCGA-AR-A1AX-01,BRCA,BRCA,0.9999850392341614,4.822628397960216e-06,5.5902210078784265e-06,4.520541551755741e-06
TCGA:BRCA:TCGA-AR-A1AY-01,BRCA,BRCA,0.9998672604560852,5.0267997721675783e-05,3.085038042627275e-05,5.1633527618832886e-05
TCGA:BRCA:TCGA-AR-A24H-01,BRCA,BRCA,0.9999390244483948,2.526862226659432e-05,1.699743006611243e-05,1.8736680431175046e-05
TCGA:BRCA:TCGA-AR-A24K-01,BRCA,BRCA,0.9999349117279053,2.5809935323195532e-05,1.7751250197761692e-05,2.150981526938267e-05
TCGA:BRCA:TCGA-AR-A24L-01,BRCA,BRCA,0.9976812601089478,0.0008040718385018408,0.0007466883980669081,0.0007679886184632778
TCGA:BRCA:TCGA-AR-A24M-01,BRCA,BRCA,0.9999999403953552,1.4554196070548642e-08,9.294545577631652e-09,4.774668127538462e-08
TCGA:BRCA:TCGA-AR-A24N-01,BRCA,BRCA,0.9999823570251465,5.654013875755481e-06,5.781525942438748e-06,6.178122475830605e-06
TCGA:BRCA:TCGA-AR-A24O-01,BRCA,BRCA,0.9999374747276306,2.0319885152275674e-05,1.9650013200589456e-05,2.252861850138288e-05
TCGA:BRCA:TCGA-AR-A24P-01,BRCA,BRCA,0.9976907968521118,0.0008388443966396153,0.0007144245901145041,0.0007559093064628541
TCGA:BRCA:TCGA-AR-A24Q-01,BRCA,BRCA,0.9999533295631409,1.6179885278688744e-05,1.591200998518616e-05,1.4576457942894194e-05
TCGA:BRCA:TCGA-AR-A24R-01,BRCA,BRCA,0.9976990818977356,0.0007774252444505692,0.0007242198335006833,0.0007992532919161022
TCGA:BRCA:TCGA-AR-A24S-01,BRCA,BRCA,0.997765839099884,0.0007644535508006811,0.0007153460755944252,0.0007543520769104362
TCGA:BRCA:TCGA-AR-A24T-01,BRCA,BRCA,1.0,1.1728399584853832e-08,3.514266433413127e-09,8.487735847495514e-09
TCGA:BRCA:TCGA-AR-A24U-01,BRCA,BRCA,0.9999995231628418,6.725377943439526e-08,7.225048648251686e-08,3.487717208372487e-07
TCGA:BRCA:TCGA-AR-A24V-01,BRCA,BRCA,0.9999999403953552,2.6669736641338204e-08,9.373567699810792e-09,3.019183836272532e-08
TCGA:BRCA:TCGA-AR-A24W-01,BRCA,BRCA,0.9999999403953552,2.5724963492734787e-08,2.2340167049605952e-08,2.3001506477271505e-08
TCGA:BRCA:TCGA-AR-A24X-01,BRCA,BRCA,0.9999999403953552,2.1387954518559127e-08,1.5969442657137733e-08,2.5672656889241807e-08
TCGA:BRCA:TCGA-AR-A24Z-01,BRCA,BRCA,0.9975399374961853,0.0007533543393947184,0.0007036918541416526,0.0010030254488810897
TCGA:BRCA:TCGA-AR-A250-01,BRCA,BRCA,0.9999392032623291,2.1197187379584648e-05,1.978502405108884e-05,1.979491389647592e-05
TCGA:BRCA:TCGA-AR-A251-01,BRCA,BRCA,0.9957770705223083,0.0012473157839849591,0.0011027493746951222,0.0018728937720879912
TCGA:BRCA:TCGA-AR-A252-01,BRCA,BRCA,0.9999997019767761,4.424416388815189e-08,1.656069059663423e-07,6.148503217673351e-08
TCGA:BRCA:TCGA-AR-A254-01,BRCA,BRCA,0.9999799132347107,1.0404008207842708e-05,5.079739821667317e-06,4.594902293320047e-06
TCGA:BRCA:TCGA-AR-A255-01,BRCA,BRCA,0.9999862909317017,4.39973155152984e-06,4.653247287933482e-06,4.665037522499915e-06
TCGA:BRCA:TCGA-AR-A256-01,BRCA,BRCA,0.9999997615814209,7.813439140136325e-08,3.9868833567879847e-08,1.3737378878886375e-07
TCGA:BRCA:TCGA-AR-A2LE-01,BRCA,BRCA,0.999995768070221,2.764255384590797e-07,1.9862811484472331e-07,3.7765039451187477e-06
TCGA:BRCA:TCGA-AR-A2LH-01,BRCA,BRCA,0.9999997615814209,7.869549278893828e-08,6.240703243065582e-08,1.018628807969435e-07
TCGA:BRCA:TCGA-AR-A2LJ-01,BRCA,BRCA,0.9999865293502808,4.774404715135461e-06,4.262385118636303e-06,4.4057683226128574e-06
TCGA:BRCA:TCGA-AR-A2LK-01,BRCA,BRCA,0.9999999403953552,1.8818333558101585e-08,1.645705438590994e-08,3.06304777097921e-08
TCGA:BRCA:TCGA-AR-A2LM-01,BRCA,BRCA,0.9999860525131226,4.02026762458263e-06,4.5925562517368235e-06,5.331996362656355e-06
TCGA:BRCA:TCGA-AR-A2LN-01,BRCA,BRCA,0.9999452233314514,1.615174551261589e-05,1.6263540601357818e-05,2.23573933908483e-05
TCGA:BRCA:TCGA-AR-A2LO-01,BRCA,BRCA,0.9974625706672668,0.0007385519566014409,0.0007234782679006457,0.0010754239046946168
TCGA:BRCA:TCGA-AR-A2LQ-01,BRCA,BRCA,0.9999998211860657,6.292558651921354e-08,2.8740412716388164e-08,5.961762639117296e-08
TCGA:BRCA:TCGA-AR-A5QM-01,BRCA,BRCA,0.9999999403953552,9.958109892238554e-09,8.356068725845489e-09,2.372032881226005e-08
TCGA:BRCA:TCGA-AR-A5QN-01,BRCA,BRCA,0.9999999403953552,5.6924540636771326e-09,1.3236676643657574e-08,2.759291817255871e-08
TCGA:BRCA:TCGA-AR-A5QP-01,BRCA,BRCA,0.9999999403953552,1.3656052288979481e-08,7.097656240517836e-09,2.993406411633259e-08
TCGA:BRCA:TCGA-AR-A5QQ-01,BRCA,BRCA,0.5083742737770081,0.48901399970054626,0.0017372745787724853,0.0008744192309677601
TCGA:BRCA:TCGA-B6-A0I1-01,BRCA,BRCA,0.999999463558197,2.2672938371215423e-07,1.04913844722887e-07,1.9754668301175116e-07
TCGA:BRCA:TCGA-B6-A0I2-01,BRCA,BRCA,0.9995730519294739,7.818174344720319e-05,0.00011121637362521142,0.0002375510084675625
TCGA:BRCA:TCGA-B6-A0I5-01,BRCA,BRCA,0.9999809265136719,4.75296155855176e-06,6.6665738813753705e-06,7.663370524824131e-06
TCGA:BRCA:TCGA-B6-A0I6-01,BRCA,BRCA,0.9999423623085022,2.5265915610361844e-05,1.7623269741307013e-05,1.4746766282769386e-05
TCGA:BRCA:TCGA-B6-A0I8-01,BRCA,BRCA,0.9999998807907104,2.5608242637531475e-08,2.1471606714840163e-08,5.968934857492059e-08
TCGA:BRCA:TCGA-B6-A0I9-01,BRCA,BRCA,0.996361494064331,0.0010872568236663938,0.0009266827837564051,0.0016245887381955981
TCGA:BRCA:TCGA-B6-A0IA-01,BRCA,BRCA,0.9999995827674866,7.351336250849272e-08,4.290168575948883e-08,2.7511109124134236e-07
TCGA:BRCA:TCGA-B6-A0IB-01,BRCA,BRCA,0.9971339106559753,0.0009270433220081031,0.0007724855677224696,0.0011665605707094073
TCGA:BRCA:TCGA-B6-A0IC-01,BRCA,BRCA,0.9999996423721313,6.066637325830015e-08,3.923779701153762e-08,2.3341129917753278e-07
TCGA:BRCA:TCGA-B6-A0IE-01,BRCA,BRCA,0.9999999403953552,1.8257596323678627e-08,1.3874280391235061e-08,2.0015649582205697e-08
TCGA:BRCA:TCGA-B6-A0IG-01,BRCA,BRCA,0.9999999403953552,2.371712604087861e-08,1.9090647285224804e-08,3.364790757132141e-08
TCGA:BRCA:TCGA-B6-A0IH-01,BRCA,BRCA,0.9999863505363464,4.338720373198157e-06,3.8487082747451495e-06,5.456790859170724e-06
TCGA:BRCA:TCGA-B6-A0IJ-01,BRCA,BRCA,0.9913403987884521,0.003413408761844039,0.002705173334106803,0.0025409983936697245
TCGA:BRCA:TCGA-B6-A0IK-01,BRCA,BRCA,0.999942421913147,2.9656048354809172e-05,1.639221591176465e-05,1.1521182386786677e-05
TCGA:BRCA:TCGA-B6-A0IM-01,BRCA,BRCA,0.9968690872192383,0.0010041260393336415,0.0010679432889446616,0.0010588184231892228
TCGA:BRCA:TCGA-B6-A0IN-01,BRCA,BRCA,0.9999999403953552,8.267731388400534e-09,2.7986768458276856e-08,2.410980926015327e-08
TCGA:BRCA:TCGA-B6-A0IO-01,BRCA,BRCA,0.9999998807907104,1.8919568134379006e-08,2.3421138806156705e-08,6.043314471071426e-08
TCGA:BRCA:TCGA-B6-A0IP-01,BRCA,BRCA,0.9999999403953552,1.778609437508294e-08,3.947531190817699e-09,2.2523225950976666e-08
TCGA:BRCA:TCGA-B6-A0IQ-01,BRCA,BRCA,0.9998800158500671,4.119964796700515e-05,4.990602974430658e-05,2.8857801225967705e-05
TCGA:BRCA:TCGA-B6-A0RE-01,BRCA,BRCA,0.9994634985923767,8.593634265707806e-05,0.0003918243164662272,5.8738634834298864e-05
TCGA:BRCA:TCGA-B6-A0RG-01,BRCA,BRCA,0.9790138602256775,0.0018758177757263184,0.01784834824502468,0.001261947094462812
TCGA:BRCA:TCGA-B6-A0RH-01,BRCA,BRCA,0.9999999403953552,4.9675669799853495e-08,1.0242685810624153e-08,2.0643271980702593e-08
TCGA:BRCA:TCGA-B6-A0RI-01,BRCA,BRCA,0.9932831525802612,0.0013892241986468434,0.004425107501447201,0.0009025444160215557
TCGA:BRCA:TCGA-B6-A0RL-01,BRCA,BRCA,0.9999995231628418,1.5015487520031456e-08,1.5522164886760947e-08,4.2238110609105206e-07
TCGA:BRCA:TCGA-B6-A0RM-01,BRCA,BRCA,0.9999990463256836,8.445524031230889e-07,2.1079840095694635e-08,9.568937997528337e-08
TCGA:BRCA:TCGA-B6-A0RN-01,BRCA,BRCA,0.9999999403953552,2.7468027852250998e-08,1.0838669517454491e-08,4.119673846503247e-08
TCGA:BRCA:TCGA-B6-A0RO-01,BRCA,BRCA,0.9972736835479736,0.0008027292205952108,0.0007640096009708941,0.0011595968389883637
TCGA:BRCA:TCGA-B6-A0RP-01,BRCA,BRCA,0.9999998807907104,3.061683884197919e-08,1.859494247469229e-08,6.305933908379302e-08
TCGA:BRCA:TCGA-B6-A0RQ-01,BRCA,BRCA,0.9999839067459106,6.20354876446072e-06,4.454521331354044e-06,5.457342012959998e-06
TCGA:BRCA:TCGA-B6-A0RS-01,BRCA,BRCA,0.9998974204063416,5.1259848987683654e-05,2.6045567210530862e-05,2.529844277887605e-05
TCGA:BRCA:TCGA-B6-A0RT-01,BRCA,BRCA,0.9971916079521179,0.0010272692888975143,0.0009304929408244789,0.0008506354643031955
TCGA:BRCA:TCGA-B6-A0RU-01,BRCA,BRCA,0.9999998807907104,1.6570842475971403e-08,1.5174400402884203e-08,7.876317908994679e-08
TCGA:BRCA:TCGA-B6-A0RV-01,BRCA,BRCA,0.9999869465827942,4.201579940854572e-06,4.3618615563900676e-06,4.507769972406095e-06
TCGA:BRCA:TCGA-B6-A0WS-01,BRCA,BRCA,0.9976619482040405,0.0008117452380247414,0.0007420143811032176,0.0007843088242225349
TCGA:BRCA:TCGA-B6-A0WT-01,BRCA,BRCA,0.9976388812065125,0.0007537606288678944,0.000845405098516494,0.0007619422394782305
TCGA:BRCA:TCGA-B6-A0WV-01,BRCA,BRCA,0.9999828338623047,4.83468602396897e-06,7.179853128036484e-06,5.159121883480111e-06
TCGA:BRCA:TCGA-B6-A0WW-01,BRCA,BRCA,0.9971073865890503,0.0009188950061798096,0.001003757701255381,0.0009699449292384088
TCGA:BRCA:TCGA-B6-A0WX-01,BRCA,BRCA,0.9999664425849915,1.0775490409287158e-05,1.0108812602993567e-05,1.2686419722740538e-05
TCGA:BRCA:TCGA-B6-A0WY-01,BRCA,BRCA,0.9999439120292664,2.106425199599471e-05,1.6748434063629247e-05,1.824944956752006e-05
TCGA:BRCA:TCGA-B6-A0WZ-01,BRCA,BRCA,1.0,1.471914412576325e-08,4.079579785098986e-09,1.0327346977589968e-08
TCGA:BRCA:TCGA-B6-A0X0-01,BRCA,BRCA,0.9999999403953552,2.341030835850688e-08,1.8883040908690418e-08,2.238880902893925e-08
TCGA:BRCA:TCGA-B6-A0X1-01,BRCA,BRCA,0.9949303865432739,0.0014775993768125772,0.0023573609068989754,0.0012346592266112566
TCGA:BRCA:TCGA-B6-A0X4-01,BRCA,BRCA,0.9999998211860657,5.6241187706973506e-08,4.433850264717876e-08,9.397052735948819e-08
TCGA:BRCA:TCGA-B6-A0X5-01,BRCA,BRCA,0.9927484393119812,0.0013208859600126743,0.0011770318960770965,0.004753642249852419
TCGA:BRCA:TCGA-B6-A0X7-01,BRCA,BRCA,0.9977157711982727,0.0008122084545902908,0.0007087343255989254,0.0007632585475221276
TCGA:BRCA:TCGA-B6-A1KC-01,BRCA,BRCA,0.996969997882843,0.0011957831447944045,0.0008562487200833857,0.0009779703104868531
TCGA:BRCA:TCGA-B6-A1KF-01,BRCA,BRCA,0.9999327063560486,3.022746750502847e-05,1.8086208001477644e-05,1.8970427845488302e-05
TCGA:BRCA:TCGA-B6-A1KI-01,BRCA,BRCA,0.9999403357505798,1.788649933587294e-05,1.5690329746576026e-05,2.6110381440958008e-05
TCGA:BRCA:TCGA-B6-A1KN-01,BRCA,BRCA,0.9999448657035828,2.1538384316954762e-05,1.5557907317997888e-05,1.8028784324997105e-05
TCGA:BRCA:TCGA-B6-A2IU-01,BRCA,BRCA,0.9999999403953552,1.598088417154031e-08,1.819719663842534e-08,3.4111486968413374e-08
TCGA:BRCA:TCGA-B6-A3ZX-01,BRCA,BRCA,0.9999968409538269,2.1050048815141054e-07,2.7342239263816737e-06,2.3579129049267067e-07
TCGA:BRCA:TCGA-B6-A400-01,BRCA,BRCA,0.9925631284713745,0.0025884180795401335,0.002875991864129901,0.001972485799342394
TCGA:BRCA:TCGA-B6-A401-01,BRCA,BRCA,0.9999168515205383,1.8347900549997576e-05,2.2329586499836296e-05,4.249201811035164e-05
TCGA:BRCA:TCGA-B6-A402-01,BRCA,BRCA,0.999999463558197,2.745297535966529e-07,1.656604524669092e-07,1.1800738519696097e-07
TCGA:BRCA:TCGA-B6-A408-01,BRCA,BRCA,0.9999999403953552,1.56604471612809e-08,1.1124740240120445e-08,4.823516519536497e-08
TCGA:BRCA:TCGA-B6-A409-01,BRCA,BRCA,0.9969596862792969,0.0009507604409009218,0.0008880299283191562,0.001201500417664647
TCGA:BRCA:TCGA-B6-A40B-01,BRCA,BRCA,0.9999744296073914,1.2241455806361046e-05,5.450610387924826e-06,7.87000772106694e-06
TCGA:BRCA:TCGA-B6-A40C-01,BRCA,BRCA,0.9999999403953552,2.182496494640418e-08,8.53572945658243e-09,4.272553510986654e-08
TCGA:BRCA:TCGA-BH-A0AU-01,BRCA,BRCA,0.9999999403953552,1.0099593161783105e-08,1.6733563867887824e-08,1.158721563143672e-08
TCGA:BRCA:TCGA-BH-A0AV-01,BRCA,BRCA,0.9893069267272949,0.0045551578514277935,0.003255325835198164,0.0028825707267969847
TCGA:BRCA:TCGA-BH-A0AW-01,BRCA,BRCA,0.9985004663467407,9.19963204069063e-05,0.0013662850251421332,4.124963015783578e-05
TCGA:BRCA:TCGA-BH-A0AY-01,BRCA,BRCA,0.997363269329071,0.0007888746331445873,0.0008478456293232739,0.0009999879403039813
TCGA:BRCA:TCGA-BH-A0AZ-01,BRCA,BRCA,0.9999750256538391,7.197041668405291e-06,5.781274012406357e-06,1.2000443348370027e-05
TCGA:BRCA:TCGA-BH-A0B0-01,BRCA,BRCA,0.99993497133255,1.65482415468432e-05,2.089405825245194e-05,2.760924144240562e-05
TCGA:BRCA:TCGA-BH-A0B1-01,BRCA,BRCA,0.9874654412269592,0.0020420236978679895,0.008765870705246925,0.0017266874201595783
TCGA:BRCA:TCGA-BH-A0B2-01,BRCA,BRCA,0.9966754913330078,0.000832635909318924,0.0009006556938402355,0.001591209089383483
TCGA:BRCA:TCGA-BH-A0B3-01,BRCA,BRCA,0.985848605632782,0.003465755609795451,0.00896960124373436,0.001716027152724564
TCGA:BRCA:TCGA-BH-A0B4-01,BRCA,BRCA,0.9997209906578064,0.00015220118802972138,6.0759590269299224e-05,6.604385271202773e-05
TCGA:BRCA:TCGA-BH-A0B5-01,BRCA,BRCA,0.9999998807907104,2.1276541417591943e-08,1.718614406343022e-08,7.852909789107798e-08
TCGA:BRCA:TCGA-BH-A0B7-01,BRCA,BRCA,0.9999291896820068,1.8504399122321047e-05,1.9690427507157438e-05,3.263532926212065e-05
TCGA:BRCA:TCGA-BH-A0B8-01,BRCA,BRCA,0.9999985694885254,2.1566077634815883e-07,1.144546899922716e-06,6.440131272711369e-08
TCGA:BRCA:TCGA-BH-A0B9-01,BRCA,BRCA,0.9999983310699463,7.473749974451493e-07,5.452006917039398e-07,3.5203839843234164e-07
TCGA:BRCA:TCGA-BH-A0BA-01,BRCA,BRCA,0.9974668622016907,0.000868606788571924,0.0008809475693851709,0.0007835843716748059
TCGA:BRCA:TCGA-BH-A0BC-01,BRCA,BRCA,0.9999531507492065,1.5323139450629242e-05,1.5066446394484956e-05,1.6463427527924068e-05
TCGA:BRCA:TCGA-BH-A0BD-01,BRCA,BRCA,0.9999999403953552,2.3128890802581736e-08,2.6913962614116826e-08,3.497003930874598e-08
TCGA:BRCA:TCGA-BH-A0BF-01,BRCA,BRCA,0.9999159574508667,3.792490315390751e-05,2.3650452931178734e-05,2.247552947665099e-05
TCGA:BRCA:TCGA-BH-A0BG-01,BRCA,BRCA,0.9999414682388306,1.2921884263050742e-05,2.5027289666468278e-05,2.057041638181545e-05
TCGA:BRCA:TCGA-BH-A0BJ-01,BRCA,BRCA,0.9999999403953552,1.3275117893840616e-08,6.91116630591182e-09,1.3682630140010588e-08
TCGA:BRCA:TCGA-BH-A0BL-01,BRCA,BRCA,0.9998407959938049,7.696561078773811e-05,5.045362195232883e-05,3.177976395818405e-05
TCGA:BRCA:TCGA-BH-A0BM-01,BRCA,BRCA,0.9999999403953552,3.847647178645275e-08,3.586815955358702e-09,3.2819201578604407e-08
TCGA:BRCA:TCGA-BH-A0BO-01,BRCA,BRCA,0.9999998807907104,3.507038215389002e-08,2.3627078959975734e-08,4.025416089348255e-08
TCGA:BRCA:TCGA-BH-A0BP-01,BRCA,BRCA,0.9999999403953552,1.0341961065307714e-08,4.427208821766726e-09,1.8026019787953373e-08
TCGA:BRCA:TCGA-BH-A0BQ-01,BRCA,BRCA,0.9999998211860657,3.125303393858303e-08,5.4142763161735274e-08,7.040322458351511e-08
TCGA:BRCA:TCGA-BH-A0BR-01,BRCA,BRCA,0.999927282333374,1.9001392502104864e-05,2.521031638025306e-05,2.8525771995191462e-05
TCGA:BRCA:TCGA-BH-A0BS-01,BRCA,BRCA,0.9999999403953552,2.3270818161336138e-08,1.617529932218531e-08,2.7660460588663227e-08
TCGA:BRCA:TCGA-BH-A0BT-01,BRCA,BRCA,0.9999999403953552,1.4322787400544712e-08,3.4399196824352885e-09,2.7380908207419452e-08
TCGA:BRCA:TCGA-BH-A0BV-01,BRCA,BRCA,0.9975067973136902,0.0007977961795404553,0.0007488592527806759,0.0009465221664868295
TCGA:BRCA:TCGA-BH-A0BW-01,BRCA,BRCA,0.9941508769989014,0.0019084123196080327,0.002354654483497143,0.0015860849525779486
TCGA:BRCA:TCGA-BH-A0BZ-01,BRCA,BRCA,0.9999998807907104,4.8846622746623325e-08,3.850003338357055e-08,4.5975681928212e-08
TCGA:BRCA:TCGA-BH-A0C0-01,BRCA,BRCA,0.9999243021011353,9.319603123003617e-06,5.106946628075093e-05,1.5283174434443936e-05
TCGA:BRCA:TCGA-BH-A0C1-01,BRCA,BRCA,0.9975080490112305,0.000836808409076184,0.0008339294581674039,0.0008212279644794762
TCGA:BRCA:TCGA-BH-A0C3-01,BRCA,BRCA,0.9999993443489075,1.996866494380356e-08,6.050166803106549e-07,4.9483180220022405e-08
TCGA:BRCA:TCGA-BH-A0C7-01,BRCA,BRCA,0.9999859929084778,5.0931089390360285e-06,4.076356617588317e-06,4.818582510779379e-06
TCGA:BRCA:TCGA-BH-A0DD-01,BRCA,BRCA,0.9999964833259583,1.8265455992150237e-06,4.353583449301368e-07,1.2417654033924919e-06
TCGA:BRCA:TCGA-BH-A0DE-01,BRCA,BRCA,0.9999368786811829,1.7029382433975115e-05,2.3453299945686013e-05,2.264760587422643e-05
TCGA:BRCA:TCGA-BH-A0DG-01,BRCA,BRCA,0.9999999403953552,8.557573316636535e-09,6.115238981863058e-09,1.756712109113323e-08
TCGA:BRCA:TCGA-BH-A0DH-01,BRCA,BRCA,0.9999834895133972,5.226524081081152e-06,4.773061846208293e-06,6.535344709845958e-06
TCGA:BRCA:TCGA-BH-A0DI-01,BRCA,BRCA,0.9999845623970032,5.096679160487838e-06,4.454013833310455e-06,5.9158610383747146e-06
TCGA:BRCA:TCGA-BH-A0DK-01,BRCA,BRCA,0.9999926686286926,1.2432988683031e-07,7.176394319685642e-06,4.481523419030964e-08
TCGA:BRCA:TCGA-BH-A0DL-01,BRCA,BRCA,0.6584749817848206,0.3414299488067627,6.141196354292333e-05,3.3688742405502126e-05
TCGA:BRCA:TCGA-BH-A0DO-01,BRCA,BRCA,0.9999857544898987,4.3442864807730075e-06,4.837630967813311e-06,5.056981990492204e-06
TCGA:BRCA:TCGA-BH-A0DP-01,BRCA,BRCA,0.9999278783798218,2.862923611246515e-05,1.5849274859647267e-05,2.766880970739294e-05
TCGA:BRCA:TCGA-BH-A0DQ-01,BRCA,BRCA,0.9999998807907104,4.450625468166436e-08,2.3172614049826734e-08,2.467007043094327e-08
TCGA:BRCA:TCGA-BH-A0DS-01,BRCA,BRCA,0.9999998807907104,1.998012422177453e-08,6.494802029521907e-09,7.543010838162445e-08
TCGA:BRCA:TCGA-BH-A0DT-01,BRCA,BRCA,0.999951958656311,1.649161276873201e-05,1.534299190097954e-05,1.6199604942812584e-05
TCGA:BRCA:TCGA-BH-A0DV-01,BRCA,BRCA,0.9999721050262451,1.5428524420713075e-05,7.055580681480933e-06,5.437821982923197e-06
TCGA:BRCA:TCGA-BH-A0DX-01,BRCA,BRCA,1.0,9.238852349824356e-09,8.163542730699191e-09,1.0501901570592054e-08
TCGA:BRCA:TCGA-BH-A0DZ-01,BRCA,BRCA,0.9999998807907104,2.412923727490579e-08,1.0416805196200585e-08,9.187302651980644e-08
TCGA:BRCA:TCGA-BH-A0E0-01,BRCA,BRCA,0.9918515682220459,0.006130385212600231,0.0011170427314937115,0.0009010126232169569
TCGA:BRCA:TCGA-BH-A0E1-01,BRCA,BRCA,0.9999760389328003,5.960265298199374e-06,6.613744517380837e-06,1.1416321285651065e-05
TCGA:BRCA:TCGA-BH-A0E2-01,BRCA,BRCA,0.999997615814209,1.854765656617019e-07,2.051100182143273e-06,1.1866146820693757e-07
TCGA:BRCA:TCGA-BH-A0E6-01,BRCA,BRCA,0.9999992251396179,3.005313828907674e-07,3.4132304449485673e-07,1.429593652346739e-07
TCGA:BRCA:TCGA-BH-A0E7-01,BRCA,BRCA,0.997593879699707,0.0007704108138568699,0.0007888823747634888,0.0008468417800031602
TCGA:BRCA:TCGA-BH-A0E9-01,BRCA,BRCA,0.9999999403953552,1.0732116528799907e-08,1.1574737612818353e-08,2.3338239785175574e-08
TCGA:BRCA:TCGA-BH-A0EA-01,BRCA,BRCA,0.9971730709075928,0.0009414160158485174,0.0009747887961566448,0.0009107060614041984
TCGA:BRCA:TCGA-BH-A0EB-01,BRCA,BRCA,0.9999868273735046,4.581837401929079e-06,3.8811754166090395e-06,4.706505933427252e-06
TCGA:BRCA:TCGA-BH-A0EE-01,BRCA,BRCA,0.9985283017158508,0.00043571178684942424,9.318852244177833e-05,0.0009428178891539574
TCGA:BRCA:TCGA-BH-A0EI-01,BRCA,BRCA,0.9999821186065674,5.326068276190199e-06,6.763576948287664e-06,5.811225037177792e-06
TCGA:BRCA:TCGA-BH-A0GY-01,BRCA,BRCA,0.9964831471443176,0.00011923474812647328,0.003306865692138672,9.075316484086215e-05
TCGA:BRCA:TCGA-BH-A0GZ-01,BRCA,BRCA,0.9897806644439697,0.0017461261013522744,0.006720300763845444,0.0017528985626995564
TCGA:BRCA:TCGA-BH-A0H0-01,BRCA,BRCA,0.9999999403953552,1.9702508069485702e-08,9.09320796438351e-09,2.6329535884883626e-08
TCGA:BRCA:TCGA-BH-A0H3-01,BRCA,BRCA,0.9999988079071045,1.7957985676275712e-07,2.1496914826002467e-07,7.74419788740488e-07
TCGA:BRCA:TCGA-BH-A0H5-01,BRCA,BRCA,0.9999825358390808,4.342094143794384e-06,6.358966857078485e-06,6.788544396840734e-06
TCGA:BRCA:TCGA-BH-A0H6-01,BRCA,BRCA,0.9975913763046265,0.0008376396144740283,0.0007292726077139378,0.0008417368517257273
TCGA:BRCA:TCGA-BH-A0H7-01,BRCA,BRCA,0.9973857998847961,0.0008230047533288598,0.0009846404427662492,0.0008065261063165963
TCGA:BRCA:TCGA-BH-A0H9-01,BRCA,BRCA,0.9999999403953552,3.511825852342554e-08,7.578854877010599e-09,4.489490024184306e-08
TCGA:BRCA:TCGA-BH-A0HA-01,BRCA,BRCA,0.9999998807907104,4.27423003657168e-08,5.623751064831595e-08,4.5077719335040456e-08
TCGA:BRCA:TCGA-BH-A0HB-01,BRCA,BRCA,0.9994699954986572,4.555225314106792e-05,0.0004446471866685897,3.980843393946998e-05
TCGA:BRCA:TCGA-BH-A0HF-01,BRCA,BRCA,0.984444797039032,7.040476248221239e-06,0.015532602556049824,1.5537061699433252e-05
TCGA:BRCA:TCGA-BH-A0HI-01,BRCA,BRCA,0.9999999403953552,2.2288675793902257e-08,1.3623218109160007e-08,3.95528267915779e-08
TCGA:BRCA:TCGA-BH-A0HK-01,BRCA,BRCA,0.9941632747650146,6.134324212325737e-05,0.005642063915729523,0.00013331850641407073
TCGA:BRCA:TCGA-BH-A0HL-01,BRCA,BRCA,0.999971330165863,8.830511433188803e-06,1.1171513506269548e-05,8.681310646352358e-06
TCGA:BRCA:TCGA-BH-A0HN-01,BRCA,BRCA,0.999904215335846,2.643400148372166e-05,2.53026228165254e-05,4.4069955038139597e-05
TCGA:BRCA:TCGA-BH-A0HO-01,BRCA,BRCA,0.9999426603317261,1.7789234334486537e-05,1.6768017303547822e-05,2.2784268367104232e-05
TCGA:BRCA:TCGA-BH-A0HP-01,BRCA,BRCA,1.0,5.9746665392879095e-09,8.587463184994704e-09,1.348015121749313e-08
TCGA:BRCA:TCGA-BH-A0HQ-01,BRCA,BRCA,1.0,6.505843419546409e-09,3.2014921824696785e-09,1.1079135830982523e-08
TCGA:BRCA:TCGA-BH-A0HU-01,BRCA,BRCA,0.9976782202720642,0.000870123622007668,0.0007057819166220725,0.000745885306969285
TCGA:BRCA:TCGA-BH-A0HW-01,BRCA,BRCA,0.9999235272407532,2.6033047106466256e-05,1.9693998183356598e-05,3.076524080825038e-05
TCGA:BRCA:TCGA-BH-A0HX-01,BRCA,BRCA,0.9999982118606567,4.4406068155922185e-08,1.6868099237399292e-06,8.019839725648126e-08
TCGA:BRCA:TCGA-BH-A0HY-01,BRCA,BRCA,0.999985933303833,4.5329602471611e-06,4.68560574518051e-06,4.877603714703582e-06
TCGA:BRCA:TCGA-BH-A0RX-01,BRCA,BRCA,0.9999999403953552,2.400069298857943e-08,1.4716170504414094e-08,4.097957173598843e-08
TCGA:BRCA:TCGA-BH-A0W3-01,BRCA,BRCA,0.9975611567497253,0.0008402421372011304,0.0007567130378447473,0.0008418626966886222
TCGA:BRCA:TCGA-BH-A0W4-01,BRCA,BRCA,0.9977877140045166,0.0007549951551482081,0.0007080970099195838,0.0007491919095627964
TCGA:BRCA:TCGA-BH-A0W5-01,BRCA,BRCA,0.9999999403953552,4.2025884994245644e-08,1.7829407283898036e-08,2.2069952976266904e-08
TCGA:BRCA:TCGA-BH-A0W7-01,BRCA,BRCA,0.9972638487815857,0.0008173314854502678,0.0009363818098790944,0.0009824098087847233
TCGA:BRCA:TCGA-BH-A0WA-01,BRCA,BRCA,0.9999998211860657,8.368658654944738e-08,3.376279877898014e-08,7.040730309881837e-08
TCGA:BRCA:TCGA-BH-A18F-01,BRCA,BRCA,0.9999857544898987,5.254681582300691e-06,3.970409125031438e-06,5.021652214054484e-06
TCGA:BRCA:TCGA-BH-A18G-01,BRCA,BRCA,0.9998680353164673,2.9595250452985056e-05,5.649168451782316e-05,4.5861084799980745e-05
TCGA:BRCA:TCGA-BH-A18H-01,BRCA,BRCA,0.9999862909317017,4.423884547577472e-06,4.326289399614325e-06,4.94020787300542e-06
TCGA:BRCA:TCGA-BH-A18I-01,BRCA,BRCA,0.9999999403953552,1.0461464583499946e-08,8.226678893663575e-09,1.9761387193284463e-08
TCGA:BRCA:TCGA-BH-A18J-01,BRCA,BRCA,0.9999998807907104,3.6679157489061254e-08,7.22787563134375e-09,7.24532753793028e-08
TCGA:BRCA:TCGA-BH-A18K-01,BRCA,BRCA,0.999984085559845,5.3464414122572634e-06,4.774772150994977e-06,5.815995336888591e-06
TCGA:BRCA:TCGA-BH-A18L-01,BRCA,BRCA,0.9999681711196899,6.370604296535021e-06,7.464087502739858e-06,1.7990900232689455e-05
TCGA:BRCA:TCGA-BH-A18M-01,BRCA,BRCA,0.9976943135261536,0.0007809351664036512,0.000750348437577486,0.0007743927999399602
TCGA:BRCA:TCGA-BH-A18N-01,BRCA,BRCA,0.9999750256538391,7.955920409585815e-06,8.071117918007076e-06,8.951480594987515e-06
TCGA:BRCA:TCGA-BH-A18P-01,BRCA,BRCA,0.9976568222045898,0.0007756401901133358,0.0007105647819116712,0.0008569822530262172
TCGA:BRCA:TCGA-BH-A18Q-01,BRCA,BRCA,0.9999212622642517,3.0821291147731245e-05,2.20856618398102e-05,2.580841646704357e-05
TCGA:BRCA:TCGA-BH-A18R-01,BRCA,BRCA,0.9977739453315735,0.0007568311411887407,0.0007229644688777626,0.000746233097743243
TCGA:BRCA:TCGA-BH-A18S-01,BRCA,BRCA,0.9999281764030457,2.1920226572547108e-05,2.0773737560375594e-05,2.910949115175754e-05
TCGA:BRCA:TCGA-BH-A18T-01,BRCA,BRCA,0.9999999403953552,3.372574042259657e-08,2.0061214911493153e-08,2.281676003690336e-08
TCGA:BRCA:TCGA-BH-A18U-01,BRCA,BRCA,0.999981701374054,4.867885309067788e-06,6.338561433949508e-06,7.113981155271176e-06
TCGA:BRCA:TCGA-BH-A18V-01,BRCA,BRCA,0.9999927878379822,4.104338586330414e-06,7.175427185757144e-07,2.376366182943457e-06
TCGA:BRCA:TCGA-BH-A1EN-01,BRCA,BRCA,0.979525625705719,0.00635115709155798,0.006422884296625853,0.0077003296464681625
TCGA:BRCA:TCGA-BH-A1EO-01,BRCA,BRCA,0.9967554807662964,0.0009499894804321229,0.0012164650252088904,0.0010780548909679055
TCGA:BRCA:TCGA-BH-A1ES-01,BRCA,BRCA,0.9999712705612183,1.2422726285876706e-05,7.848602763260715e-06,8.44144233269617e-06
TCGA:BRCA:TCGA-BH-A1ET-01,BRCA,BRCA,0.9999999403953552,1.9621754887566567e-08,1.5757963822693455e-08,3.252736391345934e-08
TCGA:BRCA:TCGA-BH-A1EU-01,BRCA,BRCA,0.9999998807907104,1.5761093763444478e-08,4.648054385825162e-08,2.8671271579128188e-08
TCGA:BRCA:TCGA-BH-A1EV-01,BRCA,BRCA,0.9948855042457581,0.000986297382041812,0.0008053277852013707,0.0033228984102606773
TCGA:BRCA:TCGA-BH-A1EW-01,BRCA,BRCA,0.9999999403953552,9.309131243639968e-09,5.057573471134447e-09,6.533473850822702e-08
TCGA:BRCA:TCGA-BH-A1EX-01,BRCA,BRCA,0.9999986290931702,8.914980753615964e-09,1.0556002294492828e-08,1.3550547919294331e-06
TCGA:BRCA:TCGA-BH-A1EY-01,BRCA,BRCA,0.9999987483024597,2.8830390519374305e-08,3.010571703043752e-08,1.1936447208427126e-06
TCGA:BRCA:TCGA-BH-A1F0-01,BRCA,BRCA,0.9999450445175171,1.9667468222905882e-05,1.7369864508509636e-05,1.7899112208397128e-05
TCGA:BRCA:TCGA-BH-A1F2-01,BRCA,BRCA,0.9999995231628418,1.4459001818067918e-07,8.569633536126275e-08,2.461566737110843e-07
TCGA:BRCA:TCGA-BH-A1F5-01,BRCA,BRCA,0.997729480266571,0.0007761229062452912,0.000739094044547528,0.0007553178584203124
TCGA:BRCA:TCGA-BH-A1F6-01,BRCA,BRCA,0.9999303221702576,3.108693999820389e-05,1.5593701391480863e-05,2.3025108021101914e-05
TCGA:BRCA:TCGA-BH-A1F8-01,BRCA,BRCA,0.9999998807907104,2.8149672814947735e-08,2.456734904399127e-08,4.9946969227221416e-08
TCGA:BRCA:TCGA-BH-A1FB-01,BRCA,BRCA,0.9999999403953552,2.49233362836776e-08,2.3410899885334402e-08,2.751037264658862e-08
TCGA:BRCA:TCGA-BH-A1FC-01,BRCA,BRCA,0.9977158904075623,0.000906981120351702,0.0004798509180545807,0.0008972479263320565
TCGA:BRCA:TCGA-BH-A1FD-01,BRCA,BRCA,0.9977144598960876,0.0007572842878289521,0.0007058700430206954,0.0008223664481192827
TCGA:BRCA:TCGA-BH-A1FE-01,BRCA,BRCA,0.9977099895477295,0.0007524401880800724,0.0007434804574586451,0.0007940689101815224
TCGA:BRCA:TCGA-BH-A1FG-01,BRCA,BRCA,0.9999999403953552,2.6337595215863985e-08,1.311170017004315e-08,2.7596838592103268e-08
TCGA:BRCA:TCGA-BH-A1FH-01,BRCA,BRCA,0.9999083876609802,2.2856269424664788e-05,2.9893739338149317e-05,3.885490878019482e-05
TCGA:BRCA:TCGA-BH-A1FJ-01,BRCA,BRCA,0.9974092245101929,0.001016202149912715,0.0007883500074967742,0.0007862345082685351
TCGA:BRCA:TCGA-BH-A1FL-01,BRCA,BRCA,0.9999999403953552,2.2130555166199883e-08,1.713173958250991e-08,2.2968000834566737e-08
TCGA:BRCA:TCGA-BH-A1FM-01,BRCA,BRCA,0.9999390840530396,2.1483725504367612e-05,1.853681169450283e-05,2.0883830075035803e-05
TCGA:BRCA:TCGA-BH-A1FN-01,BRCA,BRCA,0.9973970055580139,0.0009377526002936065,0.0008794245077297091,0.0007857929449528456
TCGA:BRCA:TCGA-BH-A1FR-01,BRCA,BRCA,0.9999998807907104,2.3265515736170528e-08,4.134705378078252e-08,5.204320174811983e-08
TCGA:BRCA:TCGA-BH-A1FU-01,BRCA,BRCA,0.9999999403953552,3.1232733732622364e-08,2.7971318594666172e-09,1.7425509923896243e-08
TCGA:BRCA:TCGA-BH-A201-01,BRCA,BRCA,0.9999999403953552,1.3923654229586191e-08,8.25717005881188e-09,3.61438843299311e-08
TCGA:BRCA:TCGA-BH-A202-01,BRCA,BRCA,0.9963581562042236,0.0008126114262267947,0.000826244882773608,0.002002968220040202
TCGA:BRCA:TCGA-BH-A203-01,BRCA,BRCA,0.9999999403953552,1.081178169215491e-08,1.690864870340647e-08,1.487449186043932e-08
TCGA:BRCA:TCGA-BH-A204-01,BRCA,BRCA,0.9970325231552124,0.0010911517310887575,0.0008813461754471064,0.0009949965169653296
TCGA:BRCA:TCGA-BH-A208-01,BRCA,BRCA,0.9950987696647644,0.002094942145049572,0.0013746258337050676,0.0014316916931420565
TCGA:BRCA:TCGA-BH-A209-01,BRCA,BRCA,0.9999797940254211,4.668387191486545e-06,4.22555604018271e-06,1.1308492503303569e-05
TCGA:BRCA:TCGA-BH-A28O-01,BRCA,BRCA,0.9999352097511292,1.2423780390236061e-05,3.533188282744959e-05,1.702242843748536e-05
TCGA:BRCA:TCGA-BH-A28Q-01,BRCA,BRCA,0.9999873042106628,4.060839273734018e-06,4.197160706098657e-06,4.45978730567731e-06
TCGA:BRCA:TCGA-BH-A2L8-01,BRCA,BRCA,0.9999104738235474,1.6975411199382506e-05,1.8037926565739326e-05,5.450139724416658e-05
TCGA:BRCA:TCGA-BH-A42T-01,BRCA,BRCA,0.9999998807907104,1.643431346565194e-08,5.8603988328798096e-09,6.790610029838717e-08
TCGA:BRCA:TCGA-BH-A42U-01,BRCA,BRCA,0.9999164342880249,3.579432814149186e-05,2.0339291950222105e-05,2.741335083555896e-05
TCGA:BRCA:TCGA-BH-A42V-01,BRCA,BRCA,0.9999999403953552,3.696581529766263e-08,2.2147929712446057e-08,1.9082731839148437e-08
TCGA:BRCA:TCGA-BH-A5IZ-01,BRCA,BRCA,0.9993104338645935,0.00020131899509578943,0.00010378727165516466,0.0003844517923425883
TCGA:BRCA:TCGA-BH-A5J0-01,BRCA,BRCA,0.9999999403953552,1.707133989725662e-08,1.1651994924477549e-08,2.3943481863852867e-08
TCGA:BRCA:TCGA-BH-A6R8-01,BRCA,BRCA,0.9999999403953552,1.085733458694449e-08,1.3311232116564042e-08,5.408741543533324e-08
TCGA:BRCA:TCGA-BH-A6R9-01,BRCA,BRCA,0.994551420211792,0.005042060744017363,0.0002439543604850769,0.00016257376410067081
TCGA:BRCA:TCGA-BH-A8FY-01,BRCA,BRCA,0.9999998807907104,2.6799661156928778e-08,1.6292759141833812e-08,7.366583787415948e-08
TCGA:BRCA:TCGA-BH-A8FZ-01,BRCA,BRCA,0.99722820520401,0.0008643926703371108,0.0009899163851514459,0.0009175117593258619
TCGA:BRCA:TCGA-BH-A8G0-01,BRCA,BRCA,0.9972037076950073,0.0009232108714058995,0.0010256143286824226,0.0008474742062389851
TCGA:BRCA:TCGA-BH-AB28-01,BRCA,BRCA,0.9999840259552002,6.23719552095281e-06,4.1994944695034064e-06,5.529368536372203e-06
TCGA:BRCA:TCGA-C8-A12K-01,BRCA,BRCA,0.9997228384017944,4.381771577754989e-05,0.00014312966959550977,9.023792517837137e-05
TCGA:BRCA:TCGA-C8-A12L-01,BRCA,BRCA,0.9947995543479919,0.0015034369425848126,0.001487265108153224,0.002209735568612814
TCGA:BRCA:TCGA-C8-A12M-01,BRCA,BRCA,0.9999999403953552,6.435100452506504e-09,1.590817433338998e-08,5.0098496018335936e-08
TCGA:BRCA:TCGA-C8-A12N-01,BRCA,BRCA,0.9999849796295166,5.70987276660162e-06,3.938057943742024e-06,5.373211479309248e-06
TCGA:BRCA:TCGA-C8-A12O-01,BRCA,BRCA,0.9973078966140747,0.0007651275373063982,0.0007075410685501993,0.0012194453738629818
TCGA:BRCA:TCGA-C8-A12P-01,BRCA,BRCA,0.9999969601631165,4.476101480577199e-07,1.7926842588167347e-07,2.4056012080109213e-06
TCGA:BRCA:TCGA-C8-A12Q-01,BRCA,BRCA,0.999930739402771,2.221374052169267e-05,1.8601604097057134e-05,2.84557172562927e-05
TCGA:BRCA:TCGA-C8-A12T-01,BRCA,BRCA,0.9999999403953552,2.8580046773640788e-08,1.9682628860095974e-08,2.5733449149356602e-08
TCGA:BRCA:TCGA-C8-A12U-01,BRCA,BRCA,0.999810516834259,5.449418313219212e-05,4.3895379349123687e-05,9.107133519137278e-05
TCGA:BRCA:TCGA-C8-A12V-01,BRCA,BRCA,0.9999999403953552,1.4635515022121126e-08,1.5555441379433432e-08,1.352647505115101e-08
TCGA:BRCA:TCGA-C8-A12W-01,BRCA,BRCA,0.9974705576896667,0.0008648202056065202,0.0008145056199282408,0.0008501345873810351
TCGA:BRCA:TCGA-C8-A12X-01,BRCA,BRCA,0.9999820590019226,6.5422891566413455e-06,5.93894310441101e-06,5.433016667666379e-06
TCGA:BRCA:TCGA-C8-A12Y-01,BRCA,BRCA,0.9999836087226868,6.7530090746004134e-06,4.917942078463966e-06,4.742384589917492e-06
TCGA:BRCA:TCGA-C8-A12Z-01,BRCA,BRCA,0.9999772310256958,9.272057468479034e-06,5.4974775594018865e-06,7.985311640368309e-06
TCGA:BRCA:TCGA-C8-A130-01,BRCA,BRCA,0.9999999403953552,1.3088071959543868e-08,1.700532337167715e-08,2.8962164222434694e-08
TCGA:BRCA:TCGA-C8-A131-01,BRCA,BRCA,0.999992311000824,6.464263719863084e-07,5.498825885297265e-06,1.5236917079164414e-06
TCGA:BRCA:TCGA-C8-A132-01,BRCA,BRCA,0.9999364018440247,1.9724087906070054e-05,2.0235540432622656e-05,2.362689883739222e-05
TCGA:BRCA:TCGA-C8-A133-01,BRCA,BRCA,0.9973363876342773,0.0009120451868511736,0.00085736921755597,0.0008941687410697341
TCGA:BRCA:TCGA-C8-A134-01,BRCA,BRCA,0.9965071082115173,0.0012260895455256104,0.001044639153406024,0.0012221754295751452
TCGA:BRCA:TCGA-C8-A135-01,BRCA,BRCA,0.9999999403953552,1.4235404854900935e-08,8.745326240955364e-09,3.095329859092999e-08
TCGA:BRCA:TCGA-C8-A137-01,BRCA,BRCA,0.9999751448631287,7.836877557565458e-06,8.782484655966982e-06,8.248857739090454e-06
TCGA:BRCA:TCGA-C8-A138-01,BRCA,BRCA,0.9996413588523865,3.670465957839042e-05,0.0001176391524495557,0.00020428706193342805
TCGA:BRCA:TCGA-C8-A1HE-01,BRCA,BRCA,0.9999427795410156,1.73484022525372e-05,1.4951316188671626e-05,2.4918581402744167e-05
TCGA:BRCA:TCGA-C8-A1HF-01,BRCA,BRCA,0.9999725222587585,7.974547770572826e-06,9.726110874908045e-06,9.756024155649357e-06
TCGA:BRCA:TCGA-C8-A1HG-01,BRCA,BRCA,0.9966943264007568,0.00123002496547997,0.0009016487747430801,0.001174014643765986
TCGA:BRCA:TCGA-C8-A1HI-01,BRCA,BRCA,0.9999998211860657,4.6859558011647096e-08,2.9147065205847866e-08,1.1106038044772504e-07
TCGA:BRCA:TCGA-C8-A1HJ-01,BRCA,BRCA,0.9994155764579773,0.0003172971773892641,0.00014584949531126767,0.00012125607463531196
TCGA:BRCA:TCGA-C8-A1HK-01,BRCA,BRCA,0.9999998807907104,2.9725844896688614e-08,3.8863117168830286e-08,7.336041818462036e-08
TCGA:BRCA:TCGA-C8-A1HL-01,BRCA,BRCA,0.9999997019767761,3.838382767185067e-08,2.488885897378168e-08,2.1116757409345155e-07
TCGA:BRCA:TCGA-C8-A1HM-01,BRCA,BRCA,0.9999003410339355,2.5823239411693066e-05,2.6190256903646514e-05,4.762105527333915e-05
TCGA:BRCA:TCGA-C8-A1HN-01,BRCA,BRCA,0.9999485015869141,1.768056972650811e-05,1.7220470908796415e-05,1.6599198715994135e-05
TCGA:BRCA:TCGA-C8-A1HO-01,BRCA,BRCA,0.9999998211860657,3.4170522411614e-08,2.7630202126260883e-08,1.301310845747139e-07
TCGA:BRCA:TCGA-C8-A26V-01,BRCA,BRCA,0.9999399185180664,1.8390885088592768e-05,2.0462182874325663e-05,2.124323509633541e-05
TCGA:BRCA:TCGA-C8-A26W-01,BRCA,BRCA,0.9975256323814392,0.0008005540003068745,0.0008792988955974579,0.0007945058750919998
TCGA:BRCA:TCGA-C8-A26X-01,BRCA,BRCA,0.9953253865242004,0.0013018316822126508,0.0014952545752748847,0.0018775243079289794
TCGA:BRCA:TCGA-C8-A26Y-01,BRCA,BRCA,0.9999868273735046,8.018171797630202e-07,1.2302308505240944e-07,1.2239760508236941e-05
TCGA:BRCA:TCGA-C8-A26Z-01,BRCA,BRCA,0.9999998807907104,1.5306461875752575e-08,2.703612977938974e-08,5.979290307323026e-08
TCGA:BRCA:TCGA-C8-A273-01,BRCA,BRCA,0.999930739402771,2.2073829313740134e-05,1.8601236661197618e-05,2.8565780667122453e-05
TCGA:BRCA:TCGA-C8-A274-01,BRCA,BRCA,0.9999567866325378,1.1493433703435585e-05,1.014887857309077e-05,2.1552948965108953e-05
TCGA:BRCA:TCGA-C8-A275-01,BRCA,BRCA,0.9975817203521729,0.0008181935409083962,0.0007628962630406022,0.0008372034062631428
TCGA:BRCA:TCGA-C8-A278-01,BRCA,BRCA,0.9972221255302429,0.0009488504729233682,0.0007882430218160152,0.0010407904628664255
TCGA:BRCA:TCGA-C8-A27A-01,BRCA,BRCA,0.9998524188995361,4.872700083069503e-05,5.373754174797796e-05,4.509504287852906e-05
TCGA:BRCA:TCGA-C8-A27B-01,BRCA,BRCA,0.9993968605995178,0.00017564075824338943,0.0002147011982742697,0.00021281430963426828
TCGA:BRCA:TCGA-C8-A3M7-01,BRCA,BRCA,0.9999998211860657,3.471554066436511e-08,9.939108736034541e-08,3.6586001783689426e-08
TCGA:BRCA:TCGA-C8-A3M8-01,BRCA,BRCA,0.9974353909492493,0.0008802965166978538,0.0007339803851209581,0.0009503124165348709
TCGA:BRCA:TCGA-C8-A8HP-01,BRCA,BRCA,0.9999998211860657,4.277200815749893e-08,1.2456669473692727e-08,1.269799554393103e-07
TCGA:BRCA:TCGA-C8-A8HQ-01,BRCA,BRCA,0.999971330165863,1.2185538253106643e-05,8.961587809608318e-06,7.537992132711224e-06
TCGA:BRCA:TCGA-C8-A8HR-01,BRCA,BRCA,0.999945878982544,1.7792850485420786e-05,2.1020036001573317e-05,1.531489033368416e-05
TCGA:BRCA:TCGA-D8-A13Y-01,BRCA,BRCA,0.9986831545829773,0.0001626542507437989,0.00037774062366224825,0.0007764759939163923
TCGA:BRCA:TCGA-D8-A13Z-01,BRCA,BRCA,0.9980067014694214,0.0004929561982862651,0.0005891823675483465,0.0009111457620747387
TCGA:BRCA:TCGA-D8-A140-01,BRCA,BRCA,0.9999032020568848,3.3154519769595936e-05,2.694335489650257e-05,3.6671466659754515e-05
TCGA:BRCA:TCGA-D8-A141-01,BRCA,BRCA,0.9999998807907104,2.4253498764892356e-08,1.8007717983437033e-08,5.069460584650187e-08
TCGA:BRCA:TCGA-D8-A142-01,BRCA,BRCA,0.9999997019767761,1.6065752106442233e-07,5.274784697917312e-08,6.4400524024677e-08
TCGA:BRCA:TCGA-D8-A143-01,BRCA,BRCA,0.9941486120223999,0.0019308107439428568,0.0018346632132306695,0.002085912972688675
TCGA:BRCA:TCGA-D8-A145-01,BRCA,BRCA,0.9999998807907104,1.9511217530521208e-08,2.537080767694988e-08,4.8807144992224494e-08
TCGA:BRCA:TCGA-D8-A147-01,BRCA,BRCA,0.9896356463432312,0.005374155472964048,0.0025240613613277674,0.002466132864356041
TCGA:BRCA:TCGA-D8-A1J8-01,BRCA,BRCA,0.999902069568634,3.245372499804944e-05,3.797727913479321e-05,2.747211510722991e-05
TCGA:BRCA:TCGA-D8-A1J9-01,BRCA,BRCA,0.9964859485626221,0.0009103057091124356,0.0007507721893489361,0.0018529673106968403
TCGA:BRCA:TCGA-D8-A1JA-01,BRCA,BRCA,0.9962010979652405,0.0010783802717924118,0.0011952087515965104,0.0015253027668222785
TCGA:BRCA:TCGA-D8-A1JB-01,BRCA,BRCA,0.9999999403953552,2.4617833105367026e-08,1.8187938266578385e-08,2.902958939898781e-08
TCGA:BRCA:TCGA-D8-A1JC-01,BRCA,BRCA,0.9969786405563354,0.000912261544726789,0.0009247931302525103,0.0011843217071145773
TCGA:BRCA:TCGA-D8-A1JD-01,BRCA,BRCA,0.9977777600288391,0.0007728757336735725,0.0007038284675218165,0.0007455475861206651
TCGA:BRCA:TCGA-D8-A1JE-01,BRCA,BRCA,0.9999730587005615,8.360686479136348e-06,6.4224977904814295e-06,1.2147648703830782e-05
TCGA:BRCA:TCGA-D8-A1JF-01,BRCA,BRCA,0.9999948143959045,5.496795552062395e-07,5.959876716588042e-07,4.0609379539091606e-06
TCGA:BRCA:TCGA-D8-A1JG-01,BRCA,BRCA,0.9998546242713928,6.787980964872986e-05,3.5668905184138566e-05,4.180911128059961e-05
TCGA:BRCA:TCGA-D8-A1JH-01,BRCA,BRCA,0.9999521970748901,1.5618588804500178e-05,1.53326091094641e-05,1.6833942936500534e-05
TCGA:BRCA:TCGA-D8-A1JI-01,BRCA,BRCA,0.9999992251396179,5.355558840847152e-08,6.248246364748411e-08,6.55105850455584e-07
TCGA:BRCA:TCGA-D8-A1JJ-01,BRCA,BRCA,0.9999997019767761,1.6650462342227e-08,1.590352383118443e-08,2.876559790365718e-07
TCGA:BRCA:TCGA-D8-A1JK-01,BRCA,BRCA,0.9994655251502991,9.716427302919328e-05,0.00010076801845571026,0.00033654842991381884
TCGA:BRCA:TCGA-D8-A1JL-01,BRCA,BRCA,0.9999407529830933,2.410088200122118e-05,1.7414084140909836e-05,1.773830081219785e-05
TCGA:BRCA:TCGA-D8-A1JM-01,BRCA,BRCA,0.9999561905860901,1.539029472041875e-05,7.455944341927534e-06,2.093875991704408e-05
TCGA:BRCA:TCGA-D8-A1JN-01,BRCA,BRCA,0.997041642665863,0.0010189570020884275,0.0008747457177378237,0.0010646386072039604
TCGA:BRCA:TCGA-D8-A1JP-01,BRCA,BRCA,0.9999839067459106,6.7063506321574096e-06,4.547557637124555e-06,4.860575700149639e-06
TCGA:BRCA:TCGA-D8-A1JS-01,BRCA,BRCA,0.9999998807907104,4.5299501039153256e-08,3.391877001490684e-08,5.202009489835291e-08
TCGA:BRCA:TCGA-D8-A1JT-01,BRCA,BRCA,0.9999836087226868,5.242259703663876e-06,5.487181624630466e-06,5.65297159482725e-06
TCGA:BRCA:TCGA-D8-A1JU-01,BRCA,BRCA,0.9999999403953552,1.2702119356333696e-08,1.3830208089871121e-08,1.114575631788739e-08
TCGA:BRCA:TCGA-D8-A1X5-01,BRCA,BRCA,0.9999998211860657,1.2172665542209415e-08,3.7875285130439806e-08,1.0715804421579378e-07
TCGA:BRCA:TCGA-D8-A1X6-01,BRCA,BRCA,0.9974328875541687,0.0008754530572332442,0.0007428472745232284,0.000948818342294544
TCGA:BRCA:TCGA-D8-A1X7-01,BRCA,BRCA,0.9999403953552246,1.914919266710058e-05,1.598546441528015e-05,2.4450160708511248e-05
TCGA:BRCA:TCGA-D8-A1X8-01,BRCA,BRCA,0.9999874234199524,3.964339157391805e-06,3.713642399816308e-06,4.914055352855939e-06
TCGA:BRCA:TCGA-D8-A1X9-01,BRCA,BRCA,0.9999998211860657,2.0961625324389388e-08,1.726330012274957e-08,1.6811259229143616e-07
TCGA:BRCA:TCGA-D8-A1XA-01,BRCA,BRCA,0.9999998807907104,4.2256846910504464e-08,2.169949731012366e-08,7.765358844835646e-08
TCGA:BRCA:TCGA-D8-A1XB-01,BRCA,BRCA,0.9999862909317017,4.6431632654275745e-06,4.137458745390177e-06,4.936862751492299e-06
TCGA:BRCA:TCGA-D8-A1XC-01,BRCA,BRCA,0.9998995065689087,2.3586257157148793e-05,2.349614806007594e-05,5.343960947357118e-05
TCGA:BRCA:TCGA-D8-A1XD-01,BRCA,BRCA,0.9999842643737793,4.869417807640275e-06,5.574052920565009e-06,5.300497377902502e-06
TCGA:BRCA:TCGA-D8-A1XF-01,BRCA,BRCA,0.9999732971191406,9.665795005275868e-06,7.085524885042105e-06,9.976076398743317e-06
TCGA:BRCA:TCGA-D8-A1XG-01,BRCA,BRCA,0.9999324679374695,2.2811487724538893e-05,2.4047145416261628e-05,2.0656167180277407e-05
TCGA:BRCA:TCGA-D8-A1XJ-01,BRCA,BRCA,0.9971089959144592,0.0009450006764382124,0.0008439660887233913,0.001102020381949842
TCGA:BRCA:TCGA-D8-A1XK-01,BRCA,BRCA,0.9999017119407654,2.3414053430315107e-05,5.081724884803407e-05,2.406006933597382e-05
TCGA:BRCA:TCGA-D8-A1XL-01,BRCA,BRCA,0.9999856948852539,4.760354386235122e-06,4.345979505160358e-06,5.176023933017859e-06
TCGA:BRCA:TCGA-D8-A1XM-01,BRCA,BRCA,0.9999999403953552,2.0850917437087446e-08,2.0531162547854365e-08,2.538336296709076e-08
TCGA:BRCA:TCGA-D8-A1XO-01,BRCA,BRCA,0.9999857544898987,4.309318683226593e-06,4.387638000480365e-06,5.576531748374691e-06
TCGA:BRCA:TCGA-D8-A1XQ-01,BRCA,BRCA,0.999912440776825,2.3508315280196257e-05,2.9886967240599915e-05,3.415961691644043e-05
TCGA:BRCA:TCGA-D8-A1XR-01,BRCA,BRCA,0.9999864101409912,1.8355484598941985e-07,1.3594532788374636e-07,1.325033554167021e-05
TCGA:BRCA:TCGA-D8-A1XS-01,BRCA,BRCA,0.9893462061882019,0.004511937499046326,0.0030553892720490694,0.0030864865984767675
TCGA:BRCA:TCGA-D8-A1XT-01,BRCA,BRCA,0.9998502135276794,3.9927046600496396e-05,5.537158722290769e-05,5.447092553367838e-05
TCGA:BRCA:TCGA-D8-A1XU-01,BRCA,BRCA,0.9999680519104004,4.666167114919517e-06,3.988125172327273e-06,2.328422669961583e-05
TCGA:BRCA:TCGA-D8-A1XV-01,BRCA,BRCA,0.9974406361579895,0.0008011116296984255,0.0007658282993361354,0.0009924313053488731
TCGA:BRCA:TCGA-D8-A1XW-01,BRCA,BRCA,0.999880850315094,4.7315519623225555e-05,3.0769078875891864e-05,4.10432112403214e-05
TCGA:BRCA:TCGA-D8-A1XY-01,BRCA,BRCA,0.9999845027923584,5.103756848257035e-06,5.31261321157217e-06,5.0821417971747e-06
TCGA:BRCA:TCGA-D8-A1XZ-01,BRCA,BRCA,0.997631311416626,0.0008623257162980735,0.0007274695672094822,0.0007789030787535012
TCGA:BRCA:TCGA-D8-A1Y0-01,BRCA,BRCA,0.9999462366104126,1.7635929907555692e-05,1.856159360613674e-05,1.7554950318299234e-05
TCGA:BRCA:TCGA-D8-A1Y1-01,BRCA,BRCA,0.9999464750289917,1.6975516700767912e-05,1.7031023162417114e-05,1.9522331058396958e-05
TCGA:BRCA:TCGA-D8-A1Y2-01,BRCA,BRCA,0.9999217391014099,1.7258616935578175e-05,2.3121503545553423e-05,3.7868601793888956e-05
TCGA:BRCA:TCGA-D8-A1Y3-01,BRCA,BRCA,0.9974591732025146,0.0008038747473619878,0.0008840500959195197,0.0008529021870344877
TCGA:BRCA:TCGA-D8-A27E-01,BRCA,BRCA,0.9999998807907104,1.6790625778639878e-08,9.31288557382004e-09,7.538033486298445e-08
TCGA:BRCA:TCGA-D8-A27F-01,BRCA,BRCA,0.9997997283935547,8.571962098358199e-05,5.017248258809559e-05,6.435668910853565e-05
TCGA:BRCA:TCGA-D8-A27G-01,BRCA,BRCA,0.9966160655021667,0.0018631062703207135,0.0007276462856680155,0.0007931709988042712
TCGA:BRCA:TCGA-D8-A27H-01,BRCA,BRCA,0.9999896287918091,3.303177891211817e-06,3.985784132964909e-06,3.1089252843230497e-06
TCGA:BRCA:TCGA-D8-A27I-01,BRCA,BRCA,0.9999999403953552,1.0501929104123064e-08,1.9934313755243238e-08,1.5513011319967518e-08
TCGA:BRCA:TCGA-D8-A27K-01,BRCA,BRCA,0.9999492168426514,1.599311326572206e-05,1.6226320440182462e-05,1.858257564890664e-05
TCGA:BRCA:TCGA-D8-A27L-01,BRCA,BRCA,0.9999999403953552,3.3149277101074404e-08,1.69072027489392e-08,2.792574171905926e-08
TCGA:BRCA:TCGA-D8-A27M-01,BRCA,BRCA,0.9999483823776245,2.852826401067432e-05,1.0515616850170773e-05,1.2555738976516295e-05
TCGA:BRCA:TCGA-D8-A27N-01,BRCA,BRCA,0.9999405741691589,2.1574813217739575e-05,1.904687815112993e-05,1.8825221559382044e-05
TCGA:BRCA:TCGA-D8-A27P-01,BRCA,BRCA,0.9975146055221558,0.0009543200139887631,0.0007438914617523551,0.000787198543548584
TCGA:BRCA:TCGA-D8-A27R-01,BRCA,BRCA,0.9972116947174072,0.0009672928135842085,0.0007270996575243771,0.0010939032072201371
TCGA:BRCA:TCGA-D8-A27T-01,BRCA,BRCA,0.9975678324699402,0.0008602909510955215,0.0007349075749516487,0.000836964522022754
TCGA:BRCA:TCGA-D8-A27V-01,BRCA,BRCA,0.9999999403953552,2.821211886328001e-08,3.505646439805332e-09,2.1926837234786944e-08
TCGA:BRCA:TCGA-D8-A27W-01,BRCA,BRCA,0.999973475933075,8.70481653691968e-06,6.7529126681620255e-06,1.1068837011407595e-05
TCGA:BRCA:TCGA-D8-A3Z5-01,BRCA,BRCA,0.9916825294494629,0.0013994131004437804,0.0013940694043412805,0.005524011328816414
TCGA:BRCA:TCGA-D8-A3Z6-01,BRCA,BRCA,0.9999434351921082,1.6814654372865334e-05,1.5858970073168166e-05,2.3864489776315168e-05
TCGA:BRCA:TCGA-D8-A4Z1-01,BRCA,BRCA,0.9999849200248718,4.957038527209079e-06,5.101550414110534e-06,4.997084488422843e-06
TCGA:BRCA:TCGA-D8-A73U-01,BRCA,BRCA,0.9999697804450989,7.596581781399436e-06,7.739212378510274e-06,1.4868579455651343e-05
TCGA:BRCA:TCGA-D8-A73W-01,BRCA,BRCA,0.9971454739570618,0.0009312817710451782,0.0008100682171061635,0.0011131677310913801
TCGA:BRCA:TCGA-D8-A73X-01,BRCA,BRCA,0.999986469745636,5.222234904067591e-06,4.326645012042718e-06,3.974660103267524e-06
TCGA:BRCA:TCGA-E2-A105-01,BRCA,BRCA,0.997799277305603,0.0007391268154606223,0.0007329373038373888,0.0007286785403266549
TCGA:BRCA:TCGA-E2-A107-01,BRCA,BRCA,0.9999999403953552,1.98395930794959e-08,1.4803538839203156e-08,3.299273032553174e-08
TCGA:BRCA:TCGA-E2-A108-01,BRCA,BRCA,0.9999381303787231,1.6549151041544974e-05,3.0122208045213483e-05,1.5199522749753669e-05
TCGA:BRCA:TCGA-E2-A109-01,BRCA,BRCA,0.9999999403953552,1.2892114042983849e-08,7.886226782716221e-09,2.7707327987513963e-08
TCGA:BRCA:TCGA-E2-A10A-01,BRCA,BRCA,0.9999999403953552,7.815939007116413e-09,7.703436111228257e-09,5.607305553212427e-08
TCGA:BRCA:TCGA-E2-A10B-01,BRCA,BRCA,0.9999483227729797,1.5582820196868852e-05,1.456609334127279e-05,2.152348679373972e-05
TCGA:BRCA:TCGA-E2-A10C-01,BRCA,BRCA,0.9999988675117493,4.889850302447485e-08,7.305403926238796e-08,1.028187625706778e-06
TCGA:BRCA:TCGA-E2-A10E-01,BRCA,BRCA,0.9999999403953552,1.5651789198045662e-08,1.9059033462553998e-08,2.3381119262921857e-08
TCGA:BRCA:TCGA-E2-A10F-01,BRCA,BRCA,0.9999871850013733,4.58350541521213e-06,3.926587396563264e-06,4.289110165700549e-06
TCGA:BRCA:TCGA-E2-A14N-01,BRCA,BRCA,0.9999222755432129,2.6851199436350726e-05,2.272071833431255e-05,2.816593405441381e-05
TCGA:BRCA:TCGA-E2-A14O-01,BRCA,BRCA,0.9999356865882874,2.0031164240208454e-05,1.9843399059027433e-05,2.4443941583740525e-05
TCGA:BRCA:TCGA-E2-A14P-01,BRCA,BRCA,0.9999998807907104,3.888073152324978e-08,1.6393487456412004e-08,4.7998387486813954e-08
TCGA:BRCA:TCGA-E2-A14Q-01,BRCA,BRCA,0.9999999403953552,1.764700918727158e-08,2.8091774240124323e-08,1.9397365491613527e-08
TCGA:BRCA:TCGA-E2-A14R-01,BRCA,BRCA,0.9999975562095642,4.6230692873905355e-07,4.877990704699187e-07,1.465059312977246e-06
TCGA:BRCA:TCGA-E2-A14S-01,BRCA,BRCA,0.9999999403953552,1.500937685250392e-08,8.832868658714688e-09,2.515536046132638e-08
TCGA:BRCA:TCGA-E2-A14T-01,BRCA,BRCA,0.996397078037262,0.0008294990402646363,0.0008558357949368656,0.0019176084315404296
TCGA:BRCA:TCGA-E2-A14U-01,BRCA,BRCA,0.9999852180480957,4.8447391236550175e-06,4.535397692961851e-06,5.419138688012026e-06
TCGA:BRCA:TCGA-E2-A14V-01,BRCA,BRCA,0.9999452829360962,2.3275648345588706e-05,1.5498333596042357e-05,1.5947482097544707e-05
TCGA:BRCA:TCGA-E2-A14W-01,BRCA,BRCA,0.9999977946281433,1.5961298913680366e-06,1.1596665672186646e-07,5.185742679714167e-07
TCGA:BRCA:TCGA-E2-A14X-01,BRCA,BRCA,0.9999694228172302,1.0827407095348462e-05,1.0408080015622545e-05,9.368650353280827e-06
TCGA:BRCA:TCGA-E2-A14Y-01,BRCA,BRCA,0.9962895512580872,0.0036430074833333492,3.346306039020419e-05,3.3965894544962794e-05
TCGA:BRCA:TCGA-E2-A14Z-01,BRCA,BRCA,0.9999767541885376,5.074839464214165e-06,1.0540255971136503e-05,7.605459359183442e-06
TCGA:BRCA:TCGA-E2-A150-01,BRCA,BRCA,0.9999996423721313,1.4828434302671667e-07,1.0137207340221721e-07,1.0567772790182062e-07
TCGA:BRCA:TCGA-E2-A152-01,BRCA,BRCA,0.9999300837516785,2.1684769308194518e-05,2.0871284505119547e-05,2.7361846150597557e-05
TCGA:BRCA:TCGA-E2-A153-01,BRCA,BRCA,0.9973902702331543,0.0008635922567918897,0.0009076729184016585,0.0008384693064726889
TCGA:BRCA:TCGA-E2-A154-01,BRCA,BRCA,0.9974280595779419,0.0007730291108600795,0.0007069457205943763,0.0010919531341642141
TCGA:BRCA:TCGA-E2-A155-01,BRCA,BRCA,0.9999817609786987,5.4332926993083674e-06,7.154128070396837e-06,5.667810910381377e-06
TCGA:BRCA:TCGA-E2-A156-01,BRCA,BRCA,0.9999999403953552,1.6807103264682155e-08,5.544012360303441e-09,4.125424268863753e-08
TCGA:BRCA:TCGA-E2-A158-01,BRCA,BRCA,0.999647855758667,0.00022051682753954083,7.222756539704278e-05,5.93802506045904e-05
TCGA:BRCA:TCGA-E2-A159-01,BRCA,BRCA,0.9997463822364807,0.00017019821098074317,5.2475621487246826e-05,3.093358100159094e-05
TCGA:BRCA:TCGA-E2-A15A-01,BRCA,BRCA,0.9999361038208008,1.7349348127027042e-05,2.0449955627555028e-05,2.608468639664352e-05
TCGA:BRCA:TCGA-E2-A15C-01,BRCA,BRCA,0.9999322295188904,3.573226786102168e-05,1.6182460967684165e-05,1.5831457858439535e-05
TCGA:BRCA:TCGA-E2-A15D-01,BRCA,BRCA,0.9999998807907104,6.9859038553943265e-09,9.307773218836246e-09,7.950578151394438e-08
TCGA:BRCA:TCGA-E2-A15E-01,BRCA,BRCA,0.9999998807907104,5.795799040697602e-08,3.433191864132823e-08,2.9009692426029687e-08
TCGA:BRCA:TCGA-E2-A15F-01,BRCA,BRCA,0.9999999403953552,9.619785856784802e-09,5.1068291817557565e-09,2.5440234807661e-08
TCGA:BRCA:TCGA-E2-A15G-01,BRCA,BRCA,0.9977344274520874,0.0007791589014232159,0.0007078835042193532,0.0007785538327880204
TCGA:BRCA:TCGA-E2-A15H-01,BRCA,BRCA,0.9976100325584412,0.0008707866072654724,0.0007390782702714205,0.0007800862076692283
TCGA:BRCA:TCGA-E2-A15I-01,BRCA,BRCA,0.9999849200248718,4.162250661465805e-06,4.119427103432827e-06,6.816010682086926e-06
TCGA:BRCA:TCGA-E2-A15J-01,BRCA,BRCA,0.9999998807907104,3.1455368088018076e-08,1.802627025426773e-08,8.422187391943226e-08
TCGA:BRCA:TCGA-E2-A15K-01,BRCA,BRCA,0.9973666667938232,0.0009208276169374585,0.0008308502146974206,0.0008816266781650484
TCGA:BRCA:TCGA-E2-A15L-01,BRCA,BRCA,0.9999469518661499,1.7111035049310885e-05,1.68572660186328e-05,1.9060351405641995e-05
TCGA:BRCA:TCGA-E2-A15M-01,BRCA,BRCA,0.9999659657478333,6.984944320720388e-06,6.475497229985194e-06,2.0558072719722986e-05
TCGA:BRCA:TCGA-E2-A15O-01,BRCA,BRCA,0.9973945021629333,0.0008493531495332718,0.00086424924666062,0.0008918820531107485
TCGA:BRCA:TCGA-E2-A15P-01,BRCA,BRCA,0.9999999403953552,2.592337189355476e-08,1.4053226138344144e-08,2.8907566118618888e-08
TCGA:BRCA:TCGA-E2-A15R-01,BRCA,BRCA,0.9999999403953552,9.795559030578715e-09,2.564178913644355e-08,1.4359590849721826e-08
TCGA:BRCA:TCGA-E2-A15S-01,BRCA,BRCA,0.9999998807907104,3.102538315147285e-08,2.7579517336562276e-08,5.3647333686512866e-08
TCGA:BRCA:TCGA-E2-A15T-01,BRCA,BRCA,0.9999810457229614,4.806898232345702e-06,5.396977485361276e-06,8.77148977451725e-06
TCGA:BRCA:TCGA-E2-A1AZ-01,BRCA,BRCA,0.9999995827674866,1.9752282298668433e-07,1.2730102127989085e-07,1.1165221991404906e-07
TCGA:BRCA:TCGA-E2-A1B0-01,BRCA,BRCA,0.9970325231552124,0.0009683938696980476,0.0009165165247395635,0.00108253862708807
TCGA:BRCA:TCGA-E2-A1B1-01,BRCA,BRCA,0.9974945783615112,0.0009064905461855233,0.0007972420426085591,0.0008016948704607785
TCGA:BRCA:TCGA-E2-A1B4-01,BRCA,BRCA,0.997649073600769,0.0007943998789414763,0.0007584382547065616,0.0007980686496011913
TCGA:BRCA:TCGA-E2-A1B5-01,BRCA,BRCA,0.9999998807907104,1.727138787543936e-08,2.2171748881305575e-08,5.03542700869275e-08
TCGA:BRCA:TCGA-E2-A1B6-01,BRCA,BRCA,0.9998209476470947,6.617138569708914e-05,6.168086838442832e-05,5.117944601806812e-05
TCGA:BRCA:TCGA-E2-A1BC-01,BRCA,BRCA,0.9999999403953552,2.285858080597336e-08,1.5022214583382265e-08,4.515415241712617e-08
TCGA:BRCA:TCGA-E2-A1BD-01,BRCA,BRCA,0.9999999403953552,1.2763634593682127e-08,2.7823865433873607e-09,1.6338519870373602e-08
TCGA:BRCA:TCGA-E2-A1IE-01,BRCA,BRCA,0.9999833703041077,5.300924385664985e-06,5.968436198600102e-06,5.341644737200113e-06
TCGA:BRCA:TCGA-E2-A1IF-01,BRCA,BRCA,0.9999859929084778,4.8505667109566275e-06,4.232290848449338e-06,4.951120899931993e-06
TCGA:BRCA:TCGA-E2-A1IG-01,BRCA,BRCA,0.9999625086784363,1.0845186807273421e-05,1.5436635294463485e-05,1.1230141353735235e-05
TCGA:BRCA:TCGA-E2-A1IH-01,BRCA,BRCA,0.9999802708625793,4.348596576164709e-06,8.623413123132195e-06,6.785858658986399e-06
TCGA:BRCA:TCGA-E2-A1II-01,BRCA,BRCA,0.9977813959121704,0.0005548163899220526,0.0006892068777233362,0.0009746079449541867
TCGA:BRCA:TCGA-E2-A1IJ-01,BRCA,BRCA,0.9977284669876099,0.0007760955486446619,0.0007249262416735291,0.0007705247844569385
TCGA:BRCA:TCGA-E2-A1IK-01,BRCA,BRCA,0.9999998807907104,3.4612629207231294e-08,3.046986662980089e-08,6.890536496939603e-08
TCGA:BRCA:TCGA-E2-A1IL-01,BRCA,BRCA,1.0,1.2320343856231375e-08,5.887720533337415e-09,7.989720884893359e-09
TCGA:BRCA:TCGA-E2-A1IN-01,BRCA,BRCA,0.9999871850013733,3.97163648813148e-06,4.639763574232347e-06,4.1995981518994085e-06
TCGA:BRCA:TCGA-E2-A1IO-01,BRCA,BRCA,0.999987006187439,4.329424882598687e-06,4.1831167436612304e-06,4.487154456001008e-06
TCGA:BRCA:TCGA-E2-A1IU-01,BRCA,BRCA,0.999951958656311,1.5925754269119352e-05,1.515996154921595e-05,1.6966840121312998e-05
TCGA:BRCA:TCGA-E2-A1L6-01,BRCA,BRCA,0.9999849200248718,4.233345407556044e-06,5.526020686374977e-06,5.330284238880267e-06
TCGA:BRCA:TCGA-E2-A1L7-01,BRCA,BRCA,0.9999999403953552,9.659141042561714e-09,2.0092073782507214e-08,3.4878389953973965e-08
TCGA:BRCA:TCGA-E2-A1L8-01,BRCA,BRCA,0.9999998807907104,2.879104421538159e-08,2.6343096592995607e-08,4.641179884856683e-08
TCGA:BRCA:TCGA-E2-A1L9-01,BRCA,BRCA,0.9973936080932617,0.0009458399144932628,0.0008070082985796034,0.0008535234373994172
TCGA:BRCA:TCGA-E2-A1LA-01,BRCA,BRCA,0.9999737739562988,5.529245754587464e-06,1.048101967171533e-05,1.0241561540169641e-05
TCGA:BRCA:TCGA-E2-A1LB-01,BRCA,BRCA,0.9999671578407288,9.85519727692008e-06,9.105363460548688e-06,1.3909900189901236e-05
TCGA:BRCA:TCGA-E2-A1LE-01,BRCA,BRCA,0.99652099609375,0.0012354389764368534,0.0012799871619790792,0.0009635748574510217
TCGA:BRCA:TCGA-E2-A1LG-01,BRCA,BRCA,0.9933520555496216,0.004267094656825066,0.00011434484622441232,0.00226649921387434
TCGA:BRCA:TCGA-E2-A1LH-01,BRCA,BRCA,0.9999448657035828,1.0363504770793952e-05,3.406855103094131e-05,1.0690851013350766e-05
TCGA:BRCA:TCGA-E2-A1LI-01,BRCA,BRCA,0.9999709725379944,7.685227501497138e-06,8.681011422595475e-06,1.2679545761784539e-05
TCGA:BRCA:TCGA-E2-A1LK-01,BRCA,BRCA,0.9999797940254211,1.929470818140544e-05,5.697646656699362e-07,3.576624010293017e-07
TCGA:BRCA:TCGA-E2-A1LL-01,BRCA,BRCA,0.979110062122345,0.02056163363158703,0.00018665692186914384,0.00014166810433380306
TCGA:BRCA:TCGA-E2-A1LS-01,BRCA,BRCA,0.9998614192008972,5.04495546920225e-05,4.705348328570835e-05,4.10901520808693e-05
TCGA:BRCA:TCGA-E2-A2P5-01,BRCA,BRCA,0.9999999403953552,2.6167176869762443e-08,1.9872899770234653e-08,2.5030512773582814e-08
TCGA:BRCA:TCGA-E2-A2P6-01,BRCA,BRCA,0.9999998807907104,1.7266607699184533e-08,7.134515200846181e-09,1.1977670055784984e-07
TCGA:BRCA:TCGA-E2-A3DX-01,BRCA,BRCA,0.9999757409095764,5.690445050277049e-06,1.113130656449357e-05,7.414756510115694e-06
TCGA:BRCA:TCGA-E2-A56Z-01,BRCA,BRCA,0.9999997615814209,4.108273898850712e-08,3.8388986212112286e-08,1.3331954562545434e-07
TCGA:BRCA:TCGA-E2-A570-01,BRCA,BRCA,0.9999998807907104,2.524531872438729e-08,1.676861138832919e-08,5.1629058361868374e-08
TCGA:BRCA:TCGA-E2-A573-01,BRCA,BRCA,0.999883234500885,3.384079536772333e-05,3.968806049670093e-05,4.326273119659163e-05
TCGA:BRCA:TCGA-E2-A574-01,BRCA,BRCA,0.901643693447113,0.06913764774799347,0.012404821813106537,0.016813814640045166
TCGA:BRCA:TCGA-E2-A576-01,BRCA,BRCA,0.9999356865882874,2.071620838250965e-05,1.7512695194454864e-05,2.606247471703682e-05
TCGA:BRCA:TCGA-E2-A9RU-01,BRCA,BRCA,0.9999999403953552,1.6619477349877343e-08,7.06882508083595e-09,3.869980957915686e-08
TCGA:BRCA:TCGA-E9-A1N3-01,BRCA,BRCA,0.9999796152114868,6.3056468206923455e-06,5.954783773631789e-06,8.113356670946814e-06
TCGA:BRCA:TCGA-E9-A1N4-01,BRCA,BRCA,0.9999998807907104,2.723661296499813e-08,1.933587157054717e-08,4.336283154771081e-08
TCGA:BRCA:TCGA-E9-A1N5-01,BRCA,BRCA,0.9999460577964783,1.5979931049514562e-05,1.744831752148457e-05,2.0527477317955345e-05
TCGA:BRCA:TCGA-E9-A1N6-01,BRCA,BRCA,0.9999999403953552,1.9992823396819404e-08,2.0391723865031963e-08,4.048748891705145e-08
TCGA:BRCA:TCGA-E9-A1N8-01,BRCA,BRCA,0.9993748068809509,9.850178321357816e-05,0.00043077097507193685,9.592492278898135e-05
TCGA:BRCA:TCGA-E9-A1N9-01,BRCA,BRCA,0.9998744130134583,2.0100116671528667e-05,2.369785579503514e-05,8.181502198567614e-05
TCGA:BRCA:TCGA-E9-A1NA-01,BRCA,BRCA,0.9996727108955383,0.00013862040941603482,0.00010011962876887992,8.854296174831688e-05
TCGA:BRCA:TCGA-E9-A1NC-01,BRCA,BRCA,0.9999992847442627,5.131806233293901e-07,3.8038454164279756e-08,1.6477301301165426e-07
TCGA:BRCA:TCGA-E9-A1ND-01,BRCA,BRCA,0.9937626123428345,0.005008655600249767,0.0007239097030833364,0.0005048090824857354
TCGA:BRCA:TCGA-E9-A1NE-01,BRCA,BRCA,0.9999837875366211,4.102229922864353e-06,6.300270342762815e-06,5.808452897326788e-06
TCGA:BRCA:TCGA-E9-A1NF-01,BRCA,BRCA,0.9999325275421143,2.1408715838333592e-05,2.5014222046593204e-05,2.1076555640320294e-05
TCGA:BRCA:TCGA-E9-A1NG-01,BRCA,BRCA,0.9999998211860657,7.690095316092993e-08,1.880244226981631e-08,7.260994294711054e-08
TCGA:BRCA:TCGA-E9-A1NH-01,BRCA,BRCA,0.9999999403953552,2.403766075076419e-08,1.8708483651153074e-08,2.6200606129123116e-08
TCGA:BRCA:TCGA-E9-A1NI-01,BRCA,BRCA,0.9999995827674866,1.2143324568114622e-08,6.050323797524015e-09,4.2565898183966056e-07
TCGA:BRCA:TCGA-E9-A1QZ-01,BRCA,BRCA,0.9999848008155823,4.594578058458865e-06,4.617761987901758e-06,6.012062385707395e-06
TCGA:BRCA:TCGA-E9-A1R0-01,BRCA,BRCA,0.9999383091926575,1.8279970390722156e-05,2.313818367838394e-05,2.0251300156814978e-05
TCGA:BRCA:TCGA-E9-A1R2-01,BRCA,BRCA,0.9999999403953552,8.415665497807368e-09,1.736710864008728e-08,4.008031950775148e-08
TCGA:BRCA:TCGA-E9-A1R3-01,BRCA,BRCA,0.9999998807907104,1.531548399213989e-08,8.120355055041273e-09,7.978293581345497e-08
TCGA:BRCA:TCGA-E9-A1R4-01,BRCA,BRCA,0.999944269657135,1.661025635257829e-05,2.150344880647026e-05,1.761498424457386e-05
TCGA:BRCA:TCGA-E9-A1R5-01,BRCA,BRCA,0.9999998211860657,4.001887177196295e-08,3.074164922622913e-08,8.07375784006581e-08
TCGA:BRCA:TCGA-E9-A1R6-01,BRCA,BRCA,0.9999998807907104,3.332432285674258e-08,2.1925467663663767e-08,6.777563754667426e-08
TCGA:BRCA:TCGA-E9-A1R7-01,BRCA,BRCA,0.9999999403953552,6.596939439162952e-09,1.7938543095397108e-08,2.5847850082527657e-08
TCGA:BRCA:TCGA-E9-A1RA-01,BRCA,BRCA,0.9999999403953552,1.4722949082113246e-08,5.640016453867247e-09,2.316981451144784e-08
TCGA:BRCA:TCGA-E9-A1RB-01,BRCA,BRCA,0.9999999403953552,5.95256866020577e-09,4.926167473939813e-09,7.537637003451891e-08
TCGA:BRCA:TCGA-E9-A1RC-01,BRCA,BRCA,0.9999997615814209,1.1811518874083049e-08,7.73153541189231e-09,2.011878592611538e-07
TCGA:BRCA:TCGA-E9-A1RD-01,BRCA,BRCA,0.9999871253967285,3.962381470046239e-06,4.579527740133926e-06,4.317949787946418e-06
TCGA:BRCA:TCGA-E9-A1RE-01,BRCA,BRCA,0.9999052882194519,2.9069091397104785e-05,2.997007868543733e-05,3.5646215110318735e-05
TCGA:BRCA:TCGA-E9-A1RF-01,BRCA,BRCA,0.9999998807907104,3.71708104296431e-08,2.992279490854344e-08,3.2003960370730056e-08
TCGA:BRCA:TCGA-E9-A1RG-01,BRCA,BRCA,0.9999991655349731,7.65774856859025e-08,1.650367664751684e-07,6.045646046004549e-07
TCGA:BRCA:TCGA-E9-A1RH-01,BRCA,BRCA,0.9999960064888,2.647509290909511e-06,3.772300658511085e-07,9.58844452725316e-07
TCGA:BRCA:TCGA-E9-A1RI-01,BRCA,BRCA,0.9999999403953552,2.887157357633896e-08,1.4093764377776097e-08,2.0790894339484112e-08
TCGA:BRCA:TCGA-E9-A226-01,BRCA,BRCA,0.9999812245368958,6.328119525278453e-06,5.847921784152277e-06,6.59438546790625e-06
TCGA:BRCA:TCGA-E9-A227-01,BRCA,BRCA,0.9999357461929321,1.675921339483466e-05,2.1397741875262e-05,2.608864633657504e-05
TCGA:BRCA:TCGA-E9-A228-01,BRCA,BRCA,0.9999991655349731,5.2487241219978387e-08,4.6783437568365116e-08,7.337398528761696e-07
TCGA:BRCA:TCGA-E9-A229-01,BRCA,BRCA,0.9999999403953552,2.636942397771236e-08,1.3871478188320907e-08,3.0992204358426534e-08
TCGA:BRCA:TCGA-E9-A22A-01,BRCA,BRCA,0.9999997019767761,1.5824653587515058e-07,1.1991973281055834e-07,4.248871476875138e-08
TCGA:BRCA:TCGA-E9-A22B-01,BRCA,BRCA,0.999985933303833,4.160789103480056e-06,5.340486040950054e-06,4.568801159621216e-06
TCGA:BRCA:TCGA-E9-A22D-01,BRCA,BRCA,0.9999621510505676,5.91886464462732e-06,1.1234743396926206e-05,2.067784225801006e-05
TCGA:BRCA:TCGA-E9-A22E-01,BRCA,BRCA,0.999999463558197,1.5206465775463585e-07,5.1848406457111196e-08,3.0406232554014423e-07
TCGA:BRCA:TCGA-E9-A22G-01,BRCA,BRCA,0.9998881816864014,4.1145613067783415e-05,4.3698488298105076e-05,2.696648152777925e-05
TCGA:BRCA:TCGA-E9-A22H-01,BRCA,BRCA,0.9999999403953552,2.0921717691635422e-08,1.72467462533632e-08,4.18820711445278e-08
TCGA:BRCA:TCGA-E9-A243-01,BRCA,BRCA,0.9807054996490479,0.0017314986325800419,0.002691462868824601,0.014871512539684772
TCGA:BRCA:TCGA-E9-A244-01,BRCA,BRCA,0.9999996423721313,1.7840299904037238e-07,7.097958842905427e-08,1.0829175067783581e-07
TCGA:BRCA:TCGA-E9-A245-01,BRCA,BRCA,0.9996726512908936,7.057855691527948e-05,0.0001998610096052289,5.688225064659491e-05
TCGA:BRCA:TCGA-E9-A247-01,BRCA,BRCA,0.99769127368927,0.0008187496569007635,0.0007436266751028597,0.000746342062484473
TCGA:BRCA:TCGA-E9-A248-01,BRCA,BRCA,0.999998927116394,1.888666361082869e-07,7.263157897341443e-08,7.964750352584815e-07
TCGA:BRCA:TCGA-E9-A249-01,BRCA,BRCA,0.9998607635498047,2.8079060939489864e-05,5.624713594443165e-05,5.490869079949334e-05
TCGA:BRCA:TCGA-E9-A24A-01,BRCA,BRCA,0.9999769926071167,6.461369139287854e-06,5.561698344536126e-06,1.0986797860823572e-05
TCGA:BRCA:TCGA-E9-A295-01,BRCA,BRCA,0.9884017705917358,0.008845769800245762,0.0015095100970938802,0.001242931350134313
TCGA:BRCA:TCGA-E9-A2JS-01,BRCA,BRCA,0.9999998807907104,5.752681886406208e-08,2.249596597891923e-08,3.422690042498289e-08
TCGA:BRCA:TCGA-E9-A2JT-01,BRCA,BRCA,0.9966344833374023,0.000800286652520299,0.0008145733154378831,0.001750662922859192
TCGA:BRCA:TCGA-E9-A3HO-01,BRCA,BRCA,0.9999998807907104,4.1742104883724096e-08,2.4135440312988976e-08,6.13792536796609e-08
TCGA:BRCA:TCGA-E9-A3Q9-01,BRCA,BRCA,0.9969401955604553,0.0009857610566541553,0.000957888551056385,0.0011161508737131953
TCGA:BRCA:TCGA-E9-A3QA-01,BRCA,BRCA,0.9999034404754639,3.516748620313592e-05,2.9782466299366206e-05,3.163246947224252e-05
TCGA:BRCA:TCGA-E9-A3X8-01,BRCA,BRCA,0.999981701374054,6.787519396311836e-06,5.0874655244115274e-06,6.4487167037441395e-06
TCGA:BRCA:TCGA-E9-A54X-01,BRCA,BRCA,0.9999815225601196,6.107264198362827e-06,5.633237378788181e-06,6.744516667822609e-06
TCGA:BRCA:TCGA-E9-A54Y-01,BRCA,BRCA,0.9996502995491028,0.0002642056788317859,4.763475953950547e-05,3.7869180232519284e-05
TCGA:BRCA:TCGA-E9-A5FK-01,BRCA,BRCA,0.9999997615814209,4.0882113694351574e-08,1.0128370320217073e-07,8.335606338505386e-08
TCGA:BRCA:TCGA-E9-A5FL-01,BRCA,BRCA,0.3864942193031311,0.2713713049888611,0.31548622250556946,0.026648251339793205
TCGA:BRCA:TCGA-E9-A5UO-01,BRCA,BRCA,0.9998654723167419,4.96458524139598e-05,3.290753375040367e-05,5.1950970373582095e-05
TCGA:BRCA:TCGA-E9-A5UP-01,BRCA,BRCA,0.9962103962898254,0.0012517255963757634,0.0009396667592227459,0.0015982347540557384
TCGA:BRCA:TCGA-E9-A6HE-01,BRCA,BRCA,0.9999999403953552,3.9407471064123456e-08,2.1392402516084985e-08,2.5824428817600165e-08
TCGA:BRCA:TCGA-EW-A1IW-01,BRCA,BRCA,0.9999998807907104,1.1106402908467317e-08,9.73023794870187e-09,1.2453484998786735e-07
TCGA:BRCA:TCGA-EW-A1IX-01,BRCA,BRCA,0.9999498128890991,1.6348845747415908e-05,1.705574686639011e-05,1.680394052527845e-05
TCGA:BRCA:TCGA-EW-A1IY-01,BRCA,BRCA,0.9999159574508667,1.9435206922935322e-05,2.3541611881228164e-05,4.105076732230373e-05
TCGA:BRCA:TCGA-EW-A1IZ-01,BRCA,BRCA,0.9999998807907104,3.126730874214445e-08,2.6262810592925234e-08,6.028655263889959e-08
TCGA:BRCA:TCGA-EW-A1J1-01,BRCA,BRCA,0.9999130964279175,2.8650178137468174e-05,2.9567609090008773e-05,2.8695731089101173e-05
TCGA:BRCA:TCGA-EW-A1J2-01,BRCA,BRCA,0.9999998807907104,2.6925793150667232e-08,5.165296457221302e-08,2.361154471941518e-08
TCGA:BRCA:TCGA-EW-A1J3-01,BRCA,BRCA,0.9999857544898987,4.10499842473655e-06,4.4243847696634475e-06,5.7162842495017685e-06
TCGA:BRCA:TCGA-EW-A1J5-01,BRCA,BRCA,0.9999999403953552,2.3615916333596942e-08,1.6382820433591405e-08,2.99805336112513e-08
TCGA:BRCA:TCGA-EW-A1J6-01,BRCA,BRCA,0.9999274015426636,2.0835363102378324e-05,2.498753929103259e-05,2.674962888704613e-05
TCGA:BRCA:TCGA-EW-A1OV-01,BRCA,BRCA,0.9999207854270935,3.370363265275955e-05,1.9008042727364227e-05,2.6480605811229907e-05
TCGA:BRCA:TCGA-EW-A1OW-01,BRCA,BRCA,0.9953117966651917,0.0015436816029250622,0.001831144210882485,0.001313387299887836
TCGA:BRCA:TCGA-EW-A1OX-01,BRCA,BRCA,0.9999997615814209,2.6776067585387864e-08,2.1694742002864587e-08,1.6651114265187061e-07
TCGA:BRCA:TCGA-EW-A1OY-01,BRCA,BRCA,0.999941885471344,1.8917256966233253e-05,2.2784550310461782e-05,1.638548928895034e-05
TCGA:BRCA:TCGA-EW-A1OZ-01,BRCA,BRCA,0.9999837875366211,6.5364733927708585e-06,4.323686425777851e-06,5.3323142310546245e-06
TCGA:BRCA:TCGA-EW-A1P0-01,BRCA,BRCA,0.9999999403953552,1.553583750535381e-08,9.705821923944313e-09,6.17947648606787e-08
TCGA:BRCA:TCGA-EW-A1P1-01,BRCA,BRCA,0.9998713135719299,2.9979431928950362e-05,6.852920341771096e-05,3.018885399797e-05
TCGA:BRCA:TCGA-EW-A1P3-01,BRCA,BRCA,0.9999843239784241,4.3637401176965795e-06,5.801736733701546e-06,5.51274069948704e-06
TCGA:BRCA:TCGA-EW-A1P4-01,BRCA,BRCA,0.999746561050415,9.104730997933075e-05,9.686355770099908e-05,6.55255644232966e-05
TCGA:BRCA:TCGA-EW-A1P5-01,BRCA,BRCA,0.9975325465202332,0.0007744383765384555,0.0009391513885930181,0.0007538886275142431
TCGA:BRCA:TCGA-EW-A1P6-01,BRCA,BRCA,0.9999390244483948,1.577713919687085e-05,1.9370065274415538e-05,2.58299769484438e-05
TCGA:BRCA:TCGA-EW-A1P7-01,BRCA,BRCA,0.9999996423721313,1.5831116684239532e-07,1.4488340127627453e-07,8.01928266014329e-08
TCGA:BRCA:TCGA-EW-A1P8-01,BRCA,BRCA,0.9999740123748779,8.127469300234225e-06,8.774210073170252e-06,9.068153303815052e-06
TCGA:BRCA:TCGA-EW-A1PA-01,BRCA,BRCA,0.9999864101409912,4.211878149362747e-06,4.124253337067785e-06,5.2503737606457435e-06
TCGA:BRCA:TCGA-EW-A1PB-01,BRCA,BRCA,0.9999777674674988,1.1207737770746462e-05,5.78990920985234e-06,5.254602001514286e-06
TCGA:BRCA:TCGA-EW-A1PC-01,BRCA,BRCA,0.9998369812965393,3.697946522152051e-05,7.273114169947803e-05,5.333079388947226e-05
TCGA:BRCA:TCGA-EW-A1PD-01,BRCA,BRCA,0.9999954104423523,4.142106718063587e-06,1.9222409264330054e-07,2.846065569883649e-07
TCGA:BRCA:TCGA-EW-A1PE-01,BRCA,BRCA,0.9999442100524902,1.6991922166198492e-05,1.4804259990341961e-05,2.4011234927456826e-05
TCGA:BRCA:TCGA-EW-A1PF-01,BRCA,BRCA,0.9999876618385315,4.02177101932466e-06,3.860260221699718e-06,4.482464191823965e-06
TCGA:BRCA:TCGA-EW-A1PG-01,BRCA,BRCA,0.999915599822998,3.4349493944318965e-05,2.5799045033636503e-05,2.4236402168753557e-05
TCGA:BRCA:TCGA-EW-A1PH-01,BRCA,BRCA,0.9881308078765869,0.0055236914195120335,0.0029113790951669216,0.0034340990241616964
TCGA:BRCA:TCGA-EW-A2FR-01,BRCA,BRCA,0.9999160766601562,2.3500033421441913e-05,3.13737073156517e-05,2.902315100072883e-05
TCGA:BRCA:TCGA-EW-A2FS-01,BRCA,BRCA,0.9999439120292664,1.9384529878152534e-05,1.7805339666665532e-05,1.8885366444010288e-05
TCGA:BRCA:TCGA-EW-A2FV-01,BRCA,BRCA,0.9999999403953552,2.315473857095185e-08,1.7266632568180285e-08,2.3162955997690915e-08
TCGA:BRCA:TCGA-EW-A2FW-01,BRCA,BRCA,0.9999999403953552,2.4818563204576094e-08,9.23199916513795e-09,1.514245440148443e-08
TCGA:BRCA:TCGA-EW-A3E8-01,BRCA,BRCA,0.9999998807907104,8.716138211184443e-08,2.4618275418220037e-08,2.685435518401391e-08
TCGA:BRCA:TCGA-EW-A3U0-01,BRCA,BRCA,0.9922714233398438,0.002295965328812599,0.0017841968219727278,0.0036484405864030123
TCGA:BRCA:TCGA-EW-A423-01,BRCA,BRCA,0.9974295496940613,0.0008318140753544867,0.0008634657715447247,0.0008751694695092738
TCGA:BRCA:TCGA-EW-A424-01,BRCA,BRCA,0.9999861717224121,4.7672519940533675e-06,4.280336725059897e-06,4.759634521178668e-06
TCGA:BRCA:TCGA-EW-A6S9-01,BRCA,BRCA,0.9999192357063293,2.6964740754920058e-05,2.5222465410479344e-05,2.8577631383086555e-05
TCGA:BRCA:TCGA-EW-A6SA-01,BRCA,BRCA,0.9993801116943359,0.0003669873985927552,0.00011185793118784204,0.00014103927242103964
TCGA:BRCA:TCGA-EW-A6SB-01,BRCA,BRCA,0.9879443645477295,0.007336845621466637,0.00265534408390522,0.002063421532511711
TCGA:BRCA:TCGA-EW-A6SC-01,BRCA,BRCA,0.9977707266807556,0.0007775748963467777,0.0007053788285702467,0.0007463365909643471
TCGA:BRCA:TCGA-EW-A6SD-01,BRCA,BRCA,0.9966049194335938,0.0009376387461088598,0.0010219250107184052,0.0014355439925566316
TCGA:BRCA:TCGA-GI-A2C8-01,BRCA,BRCA,0.9999755620956421,7.753862519166432e-06,6.8759322857658844e-06,9.809532457438763e-06
TCGA:BRCA:TCGA-GI-A2C9-01,BRCA,BRCA,0.9999924302101135,1.6208136912609916e-06,1.2727919056487735e-06,4.6947516239015386e-06
TCGA:BRCA:TCGA-GM-A2D9-01,BRCA,BRCA,0.9999999403953552,3.42567112454617e-08,1.851342901204589e-08,2.7716231087993037e-08
TCGA:BRCA:TCGA-GM-A2DA-01,BRCA,BRCA,0.9999019503593445,1.812336267903447e-05,3.74090886907652e-05,4.252383951097727e-05
TCGA:BRCA:TCGA-GM-A2DB-01,BRCA,BRCA,0.999891459941864,1.2174255061836448e-06,3.0588209938287036e-06,0.00010426853987155482
TCGA:BRCA:TCGA-GM-A2DC-01,BRCA,BRCA,0.9999999403953552,6.969938848300217e-09,2.253227471271657e-08,2.3200774634801746e-08
TCGA:BRCA:TCGA-GM-A2DD-01,BRCA,BRCA,0.9999995231628418,1.0104709247116261e-07,7.583177819014963e-08,3.15036857045925e-07
TCGA:BRCA:TCGA-GM-A2DF-01,BRCA,BRCA,0.9996883273124695,7.462820940418169e-05,0.00017175967514049262,6.530894461320713e-05
TCGA:BRCA:TCGA-GM-A2DH-01,BRCA,BRCA,0.9999966621398926,3.4115132052647823e-07,6.233309477465809e-07,2.3998595679586288e-06
TCGA:BRCA:TCGA-GM-A2DI-01,BRCA,BRCA,0.9999998211860657,3.015499672187616e-08,8.357230996125509e-08,5.100690003700947e-08
TCGA:BRCA:TCGA-GM-A2DK-01,BRCA,BRCA,0.9999999403953552,4.5005272397702356e-08,1.7616713421375607e-08,1.5736349112671633e-08
TCGA:BRCA:TCGA-GM-A2DL-01,BRCA,BRCA,0.9975885152816772,0.0007701644790358841,0.0008344993111677468,0.0008068395545706153
TCGA:BRCA:TCGA-GM-A2DM-01,BRCA,BRCA,0.9967490434646606,0.0009111543768085539,0.001359019661322236,0.0009808116592466831
TCGA:BRCA:TCGA-GM-A2DN-01,BRCA,BRCA,0.9999999403953552,2.2843318348009234e-08,1.4262695025024641e-08,4.367424821793975e-08
TCGA:BRCA:TCGA-GM-A2DO-01,BRCA,BRCA,0.9999995231628418,2.731738035777198e-08,2.1360779101087246e-07,2.2912489328064112e-07
TCGA:BRCA:TCGA-GM-A3NW-01,BRCA,BRCA,0.9974298477172852,0.0008681243052706122,0.0007707150653004646,0.0009313126211054623
TCGA:BRCA:TCGA-GM-A3NY-01,BRCA,BRCA,0.9999822974205017,4.632173840946052e-06,4.596265625878004e-06,8.46769762574695e-06
TCGA:BRCA:TCGA-GM-A3XG-01,BRCA,BRCA,0.9999997615814209,7.399666657192938e-08,1.5058431301895325e-07,3.187510699831364e-08
TCGA:BRCA:TCGA-GM-A3XL-01,BRCA,BRCA,0.9998975992202759,3.7995207094354555e-05,3.6574609111994505e-05,2.780947761493735e-05
TCGA:BRCA:TCGA-GM-A3XN-01,BRCA,BRCA,0.9999860525131226,4.6399109123740345e-06,4.225179509376176e-06,5.064706328994362e-06
TCGA:BRCA:TCGA-GM-A4E0-01,BRCA,BRCA,0.9963751435279846,0.0013465490192174911,0.0011648741783574224,0.0011134217493236065
TCGA:BRCA:TCGA-GM-A5PV-01,BRCA,BRCA,0.9999521970748901,1.600825271452777e-05,1.4845649275230244e-05,1.6965386748779565e-05
TCGA:BRCA:TCGA-GM-A5PX-01,BRCA,BRCA,0.9976256489753723,0.0008728633401915431,0.0007379943854175508,0.0007635036599822342
TCGA:BRCA:TCGA-HN-A2NL-01,BRCA,BRCA,0.9871740341186523,0.003885975107550621,0.005253877956420183,0.0036861104890704155
TCGA:BRCA:TCGA-HN-A2OB-01,BRCA,BRCA,0.9975389838218689,0.0008433159673586488,0.0008350468124262989,0.0007826376822777092
TCGA:BRCA:TCGA-JL-A3YW-01,BRCA,BRCA,0.9998814463615417,4.826892836717889e-05,6.168842082843184e-05,8.59200008562766e-06
TCGA:BRCA:TCGA-JL-A3YX-01,BRCA,BRCA,0.9999999403953552,8.043436139359983e-09,4.154336430417516e-09,2.3745453603396527e-08
TCGA:BRCA:TCGA-LD-A66U-01,BRCA,BRCA,0.9974484443664551,0.0010824342025443912,0.0007086126133799553,0.0007604981074109674
TCGA:BRCA:TCGA-LD-A74U-01,BRCA,BRCA,0.9999483823776245,1.817680094973184e-05,1.5149335922615137e-05,1.8263674064655788e-05
TCGA:BRCA:TCGA-LD-A7W5-01,BRCA,BRCA,0.9968550205230713,0.000931310176383704,0.0007756187114864588,0.0014380631037056446
TCGA:BRCA:TCGA-LD-A7W6-01,BRCA,BRCA,0.999985933303833,4.492168500291882e-06,4.1693901948747225e-06,5.399967449193355e-06
TCGA:BRCA:TCGA-LD-A9QF-01,BRCA,BRCA,0.999836266040802,5.4770924180047587e-05,4.647923196898773e-05,6.247710552997887e-05
TCGA:BRCA:TCGA-LL-A440-01,BRCA,BRCA,0.9975627660751343,0.0008240557508543134,0.0008233459084294736,0.0007898493204265833
TCGA:BRCA:TCGA-LL-A441-01,BRCA,BRCA,0.9999807476997375,5.975327439955436e-06,5.857166797795799e-06,7.413078492390923e-06
TCGA:BRCA:TCGA-LL-A442-01,BRCA,BRCA,0.9999997615814209,4.757539073807493e-08,7.225114728726112e-08,1.3813759380809643e-07
TCGA:BRCA:TCGA-LL-A50Y-01,BRCA,BRCA,0.9999309182167053,1.9367233107914217e-05,2.1351912437239662e-05,2.8371137887006626e-05
TCGA:BRCA:TCGA-LL-A5YL-01,BRCA,BRCA,0.9999215006828308,2.0403949747560546e-05,1.9673256247187965e-05,3.840751378447749e-05
TCGA:BRCA:TCGA-LL-A5YM-01,BRCA,BRCA,0.9994334578514099,6.0832917370134965e-05,0.00044387218076735735,6.186647806316614e-05
TCGA:BRCA:TCGA-LL-A5YN-01,BRCA,BRCA,0.9999998211860657,1.2589564946097198e-08,1.1898656282482989e-07,6.446897771184013e-08
TCGA:BRCA:TCGA-LL-A5YO-01,BRCA,BRCA,0.9998524785041809,3.829800698440522e-05,5.776334728579968e-05,5.145907198311761e-05
TCGA:BRCA:TCGA-LL-A5YP-01,BRCA,BRCA,0.9999725818634033,7.3351898208784405e-06,1.0692514479160309e-05,9.410138773091603e-06
TCGA:BRCA:TCGA-LL-A6FP-01,BRCA,BRCA,0.9999999403953552,1.7714377520405833e-08,7.421339986990461e-09,3.7021063548081656e-08
TCGA:BRCA:TCGA-LL-A6FQ-01,BRCA,BRCA,0.9999348521232605,1.8768119844025932e-05,2.1423615180538036e-05,2.4934401153586805e-05
TCGA:BRCA:TCGA-LL-A6FR-01,BRCA,BRCA,0.9999935626983643,5.991135822114302e-06,2.735515920448961e-07,1.817374624124568e-07
TCGA:BRCA:TCGA-LL-A73Y-01,BRCA,BRCA,0.999998927116394,5.897244932384638e-07,1.714269615149533e-07,3.260521168613195e-07
TCGA:BRCA:TCGA-LL-A73Z-01,BRCA,BRCA,0.9999996423721313,1.0885013779216024e-07,2.4182442714959507e-08,2.2220199014100217e-07
TCGA:BRCA:TCGA-LL-A740-01,BRCA,BRCA,0.9998752474784851,4.0528218960389495e-05,4.301660737837665e-05,4.117840217077173e-05
TCGA:BRCA:TCGA-LL-A7SZ-01,BRCA,BRCA,0.9999998807907104,1.8138560875513576e-08,4.595698399612047e-08,2.730647885584858e-08
TCGA:BRCA:TCGA-LL-A7T0-01,BRCA,BRCA,0.9999792575836182,7.4017807492055e-06,5.8718828768178355e-06,7.457174433511682e-06
TCGA:BRCA:TCGA-LL-A8F5-01,BRCA,BRCA,0.9812458157539368,0.011164924129843712,0.004078781697899103,0.0035104863345623016
TCGA:BRCA:TCGA-LL-A9Q3-01,BRCA,BRCA,0.9946850538253784,0.00133829889819026,0.0024634143337607384,0.0015132364351302385
TCGA:BRCA:TCGA-LQ-A4E4-01,BRCA,BRCA,0.9999191761016846,2.462927659507841e-05,2.8334196031210013e-05,2.7875230443896726e-05
TCGA:BRCA:TCGA-MS-A51U-01,BRCA,BRCA,0.9999999403953552,1.911702085521938e-08,5.9744857949795005e-09,1.197044952050419e-08
TCGA:BRCA:TCGA-OK-A5Q2-01,BRCA,BRCA,0.9999130964279175,3.936892608180642e-05,2.6319770768168382e-05,2.1200832634349354e-05
TCGA:BRCA:TCGA-OL-A5D6-01,BRCA,BRCA,0.9999997615814209,1.0839278274943354e-07,6.098537141951965e-08,7.02702322996629e-08
TCGA:BRCA:TCGA-OL-A5D7-01,BRCA,BRCA,0.9999566078186035,1.5350256944657303e-05,1.1693581654981244e-05,1.632670137041714e-05
TCGA:BRCA:TCGA-OL-A5D8-01,BRCA,BRCA,0.9999859929084778,4.9082796067523304e-06,4.008990345027996e-06,5.070167389931157e-06
TCGA:BRCA:TCGA-OL-A5DA-01,BRCA,BRCA,0.9977023601531982,0.0007992618484422565,0.0007277500699274242,0.0007706165197305381
TCGA:BRCA:TCGA-OL-A5RU-01,BRCA,BRCA,0.9976950883865356,0.0007770844385959208,0.0007829024107195437,0.0007449450204148889
TCGA:BRCA:TCGA-OL-A5RV-01,BRCA,BRCA,0.9999316334724426,2.511896309442818e-05,2.165076875826344e-05,2.1603274944936857e-05
TCGA:BRCA:TCGA-OL-A5RW-01,BRCA,BRCA,0.9999443292617798,4.282319423509762e-05,4.827642896998441e-06,7.99877307144925e-06
TCGA:BRCA:TCGA-OL-A5RX-01,BRCA,BRCA,0.9999866485595703,4.241108854330378e-06,4.362270829005865e-06,4.718363925348967e-06
TCGA:BRCA:TCGA-OL-A5RY-01,BRCA,BRCA,0.9971305131912231,0.0010280858259648085,0.0009208485716953874,0.0009205247624777257
TCGA:BRCA:TCGA-OL-A5RZ-01,BRCA,BRCA,0.9999642968177795,2.140368815162219e-05,5.520776994671905e-06,8.7607941168244e-06
TCGA:BRCA:TCGA-OL-A5S0-01,BRCA,BRCA,0.9999995231628418,3.2875868782866746e-07,8.393158168473747e-08,6.737958813118894e-08
TCGA:BRCA:TCGA-OL-A66H-01,BRCA,BRCA,0.9999167323112488,3.168161492794752e-05,2.6604790036799386e-05,2.498435424058698e-05
TCGA:BRCA:TCGA-OL-A66I-01,BRCA,BRCA,0.9999986290931702,6.506847967102658e-07,4.311884538310551e-07,2.6943740749629796e-07
TCGA:BRCA:TCGA-OL-A66J-01,BRCA,BRCA,0.9975379109382629,0.0008754976443015039,0.0008328779367730021,0.0007536858902312815
TCGA:BRCA:TCGA-OL-A66K-01,BRCA,BRCA,0.9999999403953552,1.3317356106767875e-08,3.895259226283088e-09,1.7957722420192113e-08
TCGA:BRCA:TCGA-OL-A66L-01,BRCA,BRCA,0.9999998807907104,5.662355562208177e-08,3.647805968398643e-08,2.285665523515945e-08
TCGA:BRCA:TCGA-OL-A66N-01,BRCA,BRCA,0.9999999403953552,1.9878722667954207e-08,1.1099537289283035e-08,1.8153041736468367e-08
TCGA:BRCA:TCGA-OL-A66O-01,BRCA,BRCA,0.9969301223754883,0.0010251051280647516,0.0008215474081225693,0.0012232253793627024
TCGA:BRCA:TCGA-OL-A66P-01,BRCA,BRCA,0.9998513460159302,4.608858944266103e-05,5.270934707368724e-05,4.984072802471928e-05
TCGA:BRCA:TCGA-OL-A6VO-01,BRCA,BRCA,0.9867396950721741,0.005124772433191538,0.003934058360755444,0.0042014578357338905
TCGA:BRCA:TCGA-OL-A6VQ-01,BRCA,BRCA,0.9999998807907104,3.476423060533307e-08,1.7693901455118066e-08,3.7414665143842285e-08
TCGA:BRCA:TCGA-OL-A6VR-01,BRCA,BRCA,0.9999340772628784,1.780369166226592e-05,2.4606842998764478e-05,2.3498378141084686e-05
TCGA:BRCA:TCGA-OL-A97C-01,BRCA,BRCA,0.9999997615814209,9.967336467298082e-08,9.467260042583803e-08,6.649295869465277e-08
TCGA:BRCA:TCGA-PE-A5DC-01,BRCA,BRCA,0.9999836087226868,5.6961052905535325e-06,5.376915851229569e-06,5.341953510651365e-06
TCGA:BRCA:TCGA-PE-A5DD-01,BRCA,BRCA,0.9999407529830933,1.5767016520840116e-05,1.9868717572535388e-05,2.3633951059309766e-05
TCGA:BRCA:TCGA-PE-A5DE-01,BRCA,BRCA,0.9999868869781494,4.116754553251667e-06,4.451459062693175e-06,4.570948476612102e-06
TCGA:BRCA:TCGA-PL-A8LV-01,BRCA,BRCA,0.9780588150024414,0.01504991203546524,0.0034480143804103136,0.0034432620741426945
TCGA:BRCA:TCGA-PL-A8LX-01,BRCA,BRCA,0.999960720539093,1.4584938980988227e-05,1.0923065929091536e-05,1.3757934539171401e-05
TCGA:BRCA:TCGA-PL-A8LY-01,BRCA,BRCA,0.9998922348022461,5.368765414459631e-05,3.0301966035040095e-05,2.380304067628458e-05
TCGA:BRCA:TCGA-PL-A8LZ-01,BRCA,BRCA,0.9999979138374329,5.811310188619245e-07,3.964948120938061e-07,1.1140788274133229e-06
TCGA:BRCA:TCGA-S3-A6ZF-01,BRCA,BRCA,0.9999998211860657,2.7589848627940228e-08,2.5283956262001084e-08,9.994998606543959e-08
TCGA:BRCA:TCGA-S3-A6ZG-01,BRCA,BRCA,0.9999176263809204,2.111474532284774e-05,2.3778799004503526e-05,3.745255162357353e-05
TCGA:BRCA:TCGA-S3-A6ZH-01,BRCA,BRCA,0.9999423027038574,1.907373734866269e-05,1.7199485228047706e-05,2.141104414477013e-05
TCGA:BRCA:TCGA-S3-AA0Z-01,BRCA,BRCA,0.9999991059303284,6.396007279363403e-07,4.021340771487303e-08,1.847672308485926e-07
TCGA:BRCA:TCGA-S3-AA10-01,BRCA,BRCA,0.978441059589386,0.010631878860294819,0.006251942366361618,0.004675138276070356
TCGA:BRCA:TCGA-S3-AA11-01,BRCA,BRCA,0.9999998211860657,2.749482597153019e-08,1.094924471090053e-07,5.425203042364046e-08
TCGA:BRCA:TCGA-S3-AA12-01,BRCA,BRCA,0.9999997019767761,3.524854363945451e-08,3.91261387733266e-08,2.3690165562584298e-07
TCGA:BRCA:TCGA-S3-AA14-01,BRCA,BRCA,0.9999865889549255,3.935851054848172e-06,4.534972049441421e-06,4.929352144245058e-06
TCGA:BRCA:TCGA-S3-AA15-01,BRCA,BRCA,0.9999999403953552,2.2467256499680843e-08,3.2369783298236143e-08,1.6073965269924884e-08
TCGA:BRCA:TCGA-S3-AA17-01,BRCA,BRCA,0.9999110698699951,2.2485735826194286e-05,2.1530009689740837e-05,4.489449565880932e-05
TCGA:BRCA:TCGA-UL-AAZ6-01,BRCA,BRCA,0.9999378323554993,1.6192991552088642e-06,1.0862772796826903e-05,4.970434383722022e-05
TCGA:BRCA:TCGA-UU-A93S-01,BRCA,BRCA,0.999832808971405,4.5280365156941116e-05,3.471680247457698e-05,8.71695956448093e-05
TCGA:BRCA:TCGA-V7-A7HQ-01,BRCA,BRCA,0.9829798340797424,0.001924540614709258,0.0104023776948452,0.004693220369517803
TCGA:BRCA:TCGA-W8-A86G-01,BRCA,BRCA,0.9999855160713196,4.51273854196188e-06,4.414547220221721e-06,5.539272024179809e-06
TCGA:BRCA:TCGA-WT-AB41-01,BRCA,BRCA,0.9964004755020142,0.0008651218959130347,0.0007489664712920785,0.00198542233556509
TCGA:BRCA:TCGA-WT-AB44-01,BRCA,BRCA,0.9999999403953552,3.1604173500454635e-08,1.025542761823317e-08,3.765986988923942e-08
TCGA:BRCA:TCGA-XX-A899-01,BRCA,BRCA,0.9999997615814209,2.3531251613917448e-08,3.3975656066331794e-08,1.6382773537770845e-07
TCGA:BRCA:TCGA-XX-A89A-01,BRCA,BRCA,0.9958786368370056,0.0010922980727627873,0.0013044826919212937,0.0017245884519070387
TCGA:BRCA:TCGA-Z7-A8R5-01,BRCA,BRCA,0.9999802708625793,6.4641371864126995e-06,5.824488653161097e-06,7.42631209504907e-06
TCGA:BRCA:TCGA-Z7-A8R6-01,BRCA,BRCA,0.999950110912323,1.53900127770612e-05,1.5402258213725872e-05,1.9124932805425487e-05
TCGA:LUAD:TCGA-05-4244-01,LUAD,LUAD,1.9034074284718372e-05,7.786065907566808e-06,3.368547186255455e-05,0.999939501285553
TCGA:LUAD:TCGA-05-4249-01,LUAD,LUAD,1.9119657736155204e-05,9.002809747471474e-06,2.2941814677324146e-05,0.9999489188194275
TCGA:LUAD:TCGA-05-4250-01,LUAD,LUAD,1.8071887097903527e-06,5.820622277497023e-07,0.00028023458435200155,0.9997173547744751
TCGA:LUAD:TCGA-05-4382-01,LUAD,LUAD,0.003280690871179104,0.0013925746316090226,0.003377073910087347,0.9919496774673462
TCGA:LUAD:TCGA-05-4384-01,LUAD,LUAD,1.2354130376479588e-05,8.994315066956915e-06,1.6877082089195028e-05,0.999961793422699
TCGA:LUAD:TCGA-05-4389-01,LUAD,LUAD,0.004546480253338814,0.0025108957197517157,0.006039793137460947,0.9869028329849243
TCGA:LUAD:TCGA-05-4390-01,LUAD,LUAD,5.890356078452896e-07,2.1128369098732946e-07,2.11488395507331e-06,0.999997079372406
TCGA:LUAD:TCGA-05-4395-01,LUAD,LUAD,0.01932349056005478,0.024928152561187744,0.1353854089975357,0.82036292552948
TCGA:LUAD:TCGA-05-4396-01,LUAD,LUAD,4.535396146820858e-05,2.2265317966230214e-05,6.879308057250455e-05,0.9998635649681091
TCGA:LUAD:TCGA-05-4397-01,LUAD,LUAD,0.11567505449056625,0.02907300926744938,0.25437819957733154,0.6008737087249756
TCGA:LUAD:TCGA-05-4398-01,LUAD,LUAD,4.234550488035893e-06,9.489820627095469e-07,0.00021707768610212952,0.9997777342796326
TCGA:LUAD:TCGA-05-4402-01,LUAD,LUAD,4.2331467398071254e-07,2.830261678354873e-07,1.2624132068594918e-05,0.9999866485595703
TCGA:LUAD:TCGA-05-4403-01,LUAD,LUAD,6.174801092129201e-05,5.658029476762749e-05,0.00025907281087711453,0.9996225833892822
TCGA:LUAD:TCGA-05-4405-01,LUAD,LUAD,0.0019390883389860392,0.0012105951318517327,0.001465700101107359,0.9953846335411072
TCGA:LUAD:TCGA-05-4410-01,LUAD,LUAD,7.095329834783115e-08,2.6971898492433866e-08,1.5099712982191704e-06,0.9999983906745911
TCGA:LUAD:TCGA-05-4415-01,LUAD,LUAD,1.4790645764151122e-05,2.932939605670981e-05,0.0030777533538639545,0.9968781471252441
TCGA:LUAD:TCGA-05-4417-01,LUAD,LUAD,1.037606125464663e-06,1.3798609188597766e-07,1.0649970136000775e-05,0.9999881982803345
TCGA:LUAD:TCGA-05-4418-01,LUAD,LUAD,0.006271636579185724,0.004679175093770027,0.03931090235710144,0.9497382640838623
TCGA:LUAD:TCGA-05-4420-01,LUAD,LUAD,0.0026736976578831673,0.001413277117535472,0.002520225942134857,0.993392825126648
TCGA:LUAD:TCGA-05-4422-01,LUAD,LUAD,2.5636356326685927e-07,3.3796080600723144e-08,1.1104382480198183e-07,0.9999995827674866
TCGA:LUAD:TCGA-05-4424-01,LUAD,LUAD,0.00015427263861056417,9.473795944359154e-05,0.0008452025940641761,0.9989057779312134
TCGA:LUAD:TCGA-05-4425-01,LUAD,LUAD,6.945105269551277e-05,3.128522803308442e-05,6.401744758477435e-05,0.9998352527618408
TCGA:LUAD:TCGA-05-4426-01,LUAD,LUAD,0.00029720444581471384,8.096008969005197e-05,0.0006467720377258956,0.9989750385284424
TCGA:LUAD:TCGA-05-4427-01,LUAD,LUAD,0.004161992110311985,0.002085447311401367,0.00402312446385622,0.9897294640541077
TCGA:LUAD:TCGA-05-4430-01,LUAD,LUAD,3.3618024986026285e-07,1.2344054312052322e-07,4.188083494227612e-06,0.9999953508377075
TCGA:LUAD:TCGA-05-4432-01,LUAD,LUAD,0.003396012121811509,0.0016636161599308252,0.003632232779636979,0.9913081526756287
TCGA:LUAD:TCGA-05-4433-01,LUAD,LUAD,0.0045701889321208,0.0024191595148295164,0.004570133984088898,0.9884405136108398
TCGA:LUAD:TCGA-05-4434-01,LUAD,LUAD,1.0530910913075786e-05,3.6847333717560105e-07,0.0002706364030018449,0.9997184872627258
TCGA:LUAD:TCGA-05-5423-01,LUAD,LUAD,9.590447007212788e-05,3.99291020585224e-05,6.978926103329286e-05,0.9997943639755249
TCGA:LUAD:TCGA-05-5425-01,LUAD,LUAD,7.156032921784572e-08,1.557834217180698e-08,5.439379719973658e-07,0.9999993443489075
TCGA:LUAD:TCGA-05-5428-01,LUAD,LUAD,2.0409410694810504e-07,3.938412262982638e-08,1.0824629725902923e-06,0.9999986886978149
TCGA:LUAD:TCGA-05-5429-01,LUAD,LUAD,1.4931946452634293e-06,1.1445832797107869e-06,8.687948138685897e-06,0.9999886751174927
TCGA:LUAD:TCGA-05-5715-01,LUAD,LUAD,0.0027853164356201887,0.0013794376282021403,0.003005286678671837,0.9928299784660339
TCGA:LUAD:TCGA-35-3615-01,LUAD,LUAD,5.2560793051270593e-08,1.2089351741906285e-08,1.0581810272469738e-07,0.9999998211860657
TCGA:LUAD:TCGA-35-4122-01,LUAD,LUAD,5.426983625511639e-05,2.717643292271532e-05,0.0002120535500580445,0.999706506729126
TCGA:LUAD:TCGA-35-4123-01,LUAD,LUAD,0.000802324153482914,0.00012794154463335872,0.006728844251483679,0.9923408627510071
TCGA:LUAD:TCGA-35-5375-01,LUAD,LSCC,0.0004169438616372645,0.00020449890871532261,0.6439943909645081,0.35538414120674133
TCGA:LUAD:TCGA-38-4625-01,LUAD,LUAD,3.7140221138542984e-06,7.000973596404947e-07,3.9384831325151026e-05,0.9999561905860901
TCGA:LUAD:TCGA-38-4626-01,LUAD,LUAD,0.0003341574047226459,0.0001255249371752143,0.0016583005199208856,0.9978820085525513
TCGA:LUAD:TCGA-38-4627-01,LUAD,LUAD,0.00015115838323254138,5.6022290664259344e-05,0.000625378917902708,0.9991674423217773
TCGA:LUAD:TCGA-38-4628-01,LUAD,LUAD,6.128631753199443e-07,9.813873447228616e-08,4.039791008381144e-07,0.9999988675117493
TCGA:LUAD:TCGA-38-4631-01,LUAD,LUAD,0.0011666141217574477,0.0009846061002463102,0.05236303061246872,0.9454857707023621
TCGA:LUAD:TCGA-38-4632-01,LUAD,LUAD,0.0031368581112474203,0.0021844184957444668,0.0048437039367854595,0.9898350238800049
TCGA:LUAD:TCGA-38-6178-01,LUAD,LUAD,1.734278521325905e-05,8.188352694560308e-06,3.863163510686718e-05,0.9999358654022217
TCGA:LUAD:TCGA-38-7271-01,LUAD,LUAD,3.228196510463022e-05,1.782145773177035e-05,0.00023217305715661496,0.9997177124023438
TCGA:LUAD:TCGA-38-A44F-01,LUAD,LUAD,4.592045854678872e-08,3.270345061423541e-08,9.530617006703324e-08,0.9999998211860657
TCGA:LUAD:TCGA-44-2655-01,LUAD,LUAD,5.730506913437239e-08,5.6821441773990955e-08,1.1460770821258848e-07,0.9999997615814209
TCGA:LUAD:TCGA-44-2656-01,LUAD,LUAD,0.002293144352734089,0.0012237842893227935,0.0025687390007078648,0.9939143061637878
TCGA:LUAD:TCGA-44-2657-01,LUAD,LUAD,3.570317494450137e-05,1.3020870937907603e-05,0.00047023678780533373,0.9994810223579407
TCGA:LUAD:TCGA-44-2659-01,LUAD,LUAD,2.013410949075478e-07,3.7459805923845124e-08,1.2324186116074998e-07,0.9999996423721313
TCGA:LUAD:TCGA-44-2662-01,LUAD,LUAD,5.232057560533576e-07,2.514357433369696e-08,3.92383270764185e-07,0.9999990463256836
TCGA:LUAD:TCGA-44-2665-01,LUAD,LUAD,2.36735195358051e-06,2.321244636505071e-07,6.029437372490065e-06,0.9999913573265076
TCGA:LUAD:TCGA-44-2666-01,LUAD,LUAD,2.2278389621988026e-07,6.050214551578392e-08,4.048934272304905e-07,0.9999992847442627
TCGA:LUAD:TCGA-44-2668-01,LUAD,LUAD,1.2961397260369267e-05,5.862836587766651e-06,0.006856768392026424,0.9931244254112244
TCGA:LUAD:TCGA-44-3396-01,LUAD,LUAD,0.00016410504758823663,6.207084516063333e-05,0.00040470974636264145,0.9993690848350525
TCGA:LUAD:TCGA-44-3398-01,LUAD,LUAD,0.00029727452783845365,0.00020213515381328762,0.003324920078739524,0.9961756467819214
TCGA:LUAD:TCGA-44-3918-01,LUAD,LUAD,6.458518328145146e-05,2.342196967219934e-05,0.00017319676408078521,0.9997388124465942
TCGA:LUAD:TCGA-44-3919-01,LUAD,LUAD,1.6367081116186455e-05,9.365928235638421e-06,2.1263243979774415e-05,0.999953031539917
TCGA:LUAD:TCGA-44-4112-01,LUAD,LUAD,0.0023352147545665503,0.0012515266425907612,0.0021544084884226322,0.9942588210105896
TCGA:LUAD:TCGA-44-5643-01,LUAD,LSCC,9.27661603782326e-05,0.0003932553227059543,0.9993465542793274,0.00016740552382543683
TCGA:LUAD:TCGA-44-5644-01,LUAD,LUAD,2.6576180971460417e-06,1.326688021663358e-07,9.8583368526306e-05,0.9998986124992371
TCGA:LUAD:TCGA-44-5645-01,LUAD,LUAD,7.647518941666931e-05,5.574898386839777e-05,7.03361802152358e-05,0.9997974634170532
TCGA:LUAD:TCGA-44-6145-01,LUAD,LUAD,2.893376222345978e-05,2.3293499907595105e-05,0.00017607187328394502,0.9997717142105103
TCGA:LUAD:TCGA-44-6146-01,LUAD,LUAD,0.004809359088540077,0.0024117736611515284,0.004086700268089771,0.9886921644210815
TCGA:LUAD:TCGA-44-6148-01,LUAD,LUAD,2.0367338038340677e-06,5.541548375731509e-07,1.3117695743858349e-05,0.9999842643737793
TCGA:LUAD:TCGA-44-6774-01,LUAD,LUAD,2.5860210826067487e-06,4.391956167637545e-07,5.3759911679662764e-05,0.999943196773529
TCGA:LUAD:TCGA-44-6775-01,LUAD,LUAD,0.00010570416634436697,4.136659481446259e-05,0.00013767981727141887,0.999715268611908
TCGA:LUAD:TCGA-44-6776-01,LUAD,LUAD,4.690236821147664e-08,8.815228547121023e-09,1.718445297171911e-08,0.9999999403953552
TCGA:LUAD:TCGA-44-6777-01,LUAD,LUAD,4.900694329990074e-05,2.3018679712549783e-05,0.00038072883035056293,0.9995472431182861
TCGA:LUAD:TCGA-44-6778-01,LUAD,LUAD,0.007891058921813965,0.004582187160849571,0.028876475989818573,0.9586502909660339
TCGA:LUAD:TCGA-44-6779-01,LUAD,LUAD,6.175119779072702e-05,4.447223182069138e-05,0.00018896629626397043,0.9997048377990723
TCGA:LUAD:TCGA-44-7659-01,LUAD,LUAD,2.0161529334927764e-07,1.3998764814004971e-07,1.611059360584477e-06,0.9999980330467224
TCGA:LUAD:TCGA-44-7660-01,LUAD,LSCC,0.0026500795502215624,0.0007780817686580122,0.9850109815597534,0.011560834012925625
TCGA:LUAD:TCGA-44-7661-01,LUAD,LUAD,0.0003197269979864359,0.00014559055853169411,0.005841456353664398,0.9936932325363159
TCGA:LUAD:TCGA-44-7662-01,LUAD,LUAD,0.0002645557979121804,0.00011338014155626297,0.001006991951726377,0.9986150860786438
TCGA:LUAD:TCGA-44-7667-01,LUAD,LUAD,0.025863591581583023,0.012412897311151028,0.07417371869087219,0.8875498175621033
TCGA:LUAD:TCGA-44-7669-01,LUAD,LUAD,3.121532245131675e-06,1.8509484789319686e-06,0.0006912045646458864,0.9993038177490234
TCGA:LUAD:TCGA-44-7670-01,LUAD,LUAD,3.6924514006386744e-06,9.81906964625523e-07,0.0022544634994119406,0.9977408647537231
TCGA:LUAD:TCGA-44-7671-01,LUAD,LUAD,1.9715489543159492e-05,1.0989978363795672e-05,5.039747338742018e-05,0.9999188780784607
TCGA:LUAD:TCGA-44-7672-01,LUAD,LUAD,0.00010252209176542237,5.9135345509275794e-05,0.0005581174045801163,0.9992802143096924
TCGA:LUAD:TCGA-44-8117-01,LUAD,LUAD,0.00620853528380394,0.002334318123757839,0.004735713358968496,0.9867214560508728
TCGA:LUAD:TCGA-44-8119-01,LUAD,LUAD,0.0018179230391979218,0.0005196082638576627,0.01570952497422695,0.981952965259552
TCGA:LUAD:TCGA-44-8120-01,LUAD,LUAD,1.4341388805405586e-06,4.3458933873807837e-07,1.8640463167685084e-05,0.9999794960021973
TCGA:LUAD:TCGA-44-A479-01,LUAD,LUAD,4.908469691145001e-06,3.6294596839070437e-07,0.0001108105861931108,0.9998838901519775
TCGA:LUAD:TCGA-44-A47A-01,LUAD,LUAD,9.977449371945113e-05,5.5576430895598605e-05,0.0032194468658417463,0.9966251850128174
TCGA:LUAD:TCGA-44-A47B-01,LUAD,LUAD,0.0031989377457648516,0.0016939989291131496,0.0027926538605242968,0.9923143982887268
TCGA:LUAD:TCGA-44-A47G-01,LUAD,LUAD,6.676153674334273e-08,3.203640019933118e-08,1.2350951692496892e-06,0.9999986886978149
TCGA:LUAD:TCGA-44-A4SS-01,LUAD,LUAD,5.557525355470716e-07,1.266899971597013e-07,8.811978659650777e-06,0.9999905228614807
TCGA:LUAD:TCGA-44-A4SU-01,LUAD,LUAD,8.938046084949747e-05,3.856786497635767e-05,8.572514343541116e-05,0.9997863173484802
TCGA:LUAD:TCGA-49-4486-01,LUAD,LUAD,0.0022921462077647448,0.0014520573895424604,0.0023180453572422266,0.9939377307891846
TCGA:LUAD:TCGA-49-4487-01,LUAD,LUAD,0.0002198341826442629,8.876335778040811e-05,0.001270768349058926,0.9984206557273865
TCGA:LUAD:TCGA-49-4488-01,LUAD,LUAD,0.003118568565696478,0.001545142033137381,0.003378748195245862,0.9919575452804565
TCGA:LUAD:TCGA-49-4490-01,LUAD,LUAD,0.005047067534178495,0.0031186239793896675,0.027272101491689682,0.964562177658081
TCGA:LUAD:TCGA-49-4494-01,LUAD,LUAD,9.033635433297604e-05,6.199864583322778e-05,0.0002048337337328121,0.9996428489685059
TCGA:LUAD:TCGA-49-4501-01,LUAD,LUAD,4.67327119224592e-08,2.0473670758747176e-08,6.152849607587996e-08,0.9999998807907104
TCGA:LUAD:TCGA-49-4505-01,LUAD,LUAD,6.646094163897942e-08,3.645510204819402e-08,1.6750479403526697e-07,0.9999997019767761
TCGA:LUAD:TCGA-49-4506-01,LUAD,LUAD,1.9600565792643465e-05,1.5478173054361832e-06,0.00010846133955055848,0.9998704195022583
TCGA:LUAD:TCGA-49-4507-01,LUAD,LUAD,6.037938146619126e-05,5.8038218412548304e-05,8.805041579762474e-05,0.999793529510498
TCGA:LUAD:TCGA-49-4510-01,LUAD,LUAD,2.9998653872098657e-07,8.40449629890827e-08,1.4607253433496226e-06,0.999998152256012
TCGA:LUAD:TCGA-49-4512-01,LUAD,LUAD,2.2153666577651165e-05,1.0817413567565382e-05,8.957376121543348e-05,0.9998774528503418
TCGA:LUAD:TCGA-49-4514-01,LUAD,LUAD,8.455237548332661e-05,5.336319009074941e-05,0.0005643886397592723,0.9992976784706116
TCGA:LUAD:TCGA-49-6742-01,LUAD,LUAD,6.401689915946918e-07,4.638017117031268e-07,6.397209290298633e-06,0.9999924898147583
TCGA:LUAD:TCGA-49-6743-01,LUAD,LUAD,6.000084977131337e-05,3.976422885898501e-05,0.000380144250812009,0.9995200634002686
TCGA:LUAD:TCGA-49-6744-01,LUAD,LUAD,1.1256189935693328e-07,2.181632083875229e-07,4.899937380287156e-07,0.9999991655349731
TCGA:LUAD:TCGA-49-6745-01,LUAD,LUAD,4.3201879407206434e-07,1.3667813902884518e-07,5.856560528627597e-05,0.9999408721923828
TCGA:LUAD:TCGA-49-6761-01,LUAD,LUAD,0.0001689040072960779,6.60524528939277e-05,0.0017100779805332422,0.9980549812316895
TCGA:LUAD:TCGA-49-6767-01,LUAD,LUAD,6.368719914462417e-05,2.412907178950263e-06,0.0033742988016456366,0.9965596199035645
TCGA:LUAD:TCGA-49-AAQV-01,LUAD,LUAD,0.00016538657655473799,9.61500991252251e-05,0.0005654036067426205,0.9991730451583862
TCGA:LUAD:TCGA-49-AAR0-01,LUAD,LUAD,1.5734806879663665e-07,8.90116922391826e-08,3.745446065295255e-06,0.9999960064888
TCGA:LUAD:TCGA-49-AAR2-01,LUAD,LUAD,0.00013208392192609608,6.553904677275568e-05,0.00030489652999676764,0.9994974732398987
TCGA:LUAD:TCGA-49-AAR3-01,LUAD,LUAD,0.00011973754590144381,7.657073729205877e-05,0.0002306097449036315,0.9995731115341187
TCGA:LUAD:TCGA-49-AAR4-01,LUAD,LUAD,4.1551646745574544e-07,1.253936972034353e-07,3.5725199268199503e-05,0.9999637603759766
TCGA:LUAD:TCGA-49-AAR9-01,LUAD,LUAD,0.03642352670431137,0.06304968148469925,0.054233964532613754,0.8462928533554077
TCGA:LUAD:TCGA-49-AARE-01,LUAD,LUAD,0.0013036539312452078,0.0003961468464694917,0.021139971911907196,0.9771602153778076
TCGA:LUAD:TCGA-49-AARN-01,LUAD,LUAD,8.230233652284369e-05,4.600996180670336e-05,0.00019849679665639997,0.9996731877326965
TCGA:LUAD:TCGA-49-AARO-01,LUAD,LUAD,0.005030157510191202,0.002201235620304942,0.016803070902824402,0.9759655594825745
TCGA:LUAD:TCGA-49-AARQ-01,LUAD,LUAD,0.0003006949264090508,7.258115510921925e-05,0.000182726260391064,0.9994440078735352
TCGA:LUAD:TCGA-49-AARR-01,LUAD,LUAD,0.012691494077444077,0.005479179322719574,0.05776536092162132,0.9240639805793762
TCGA:LUAD:TCGA-4B-A93V-01,LUAD,LUAD,0.0003010137297678739,0.00013578768994193524,0.0010733657982200384,0.9984898567199707
TCGA:LUAD:TCGA-50-5044-01,LUAD,LUAD,7.44458475310239e-06,4.0720769334257056e-07,0.0004095747135579586,0.9995825886726379
TCGA:LUAD:TCGA-50-5045-01,LUAD,LUAD,3.695314808283001e-05,1.9710059859789908e-05,0.00047965190606191754,0.999463677406311
TCGA:LUAD:TCGA-50-5049-01,LUAD,LUAD,1.1227333516217186e-06,3.208685086519836e-07,0.0007941183284856379,0.9992044568061829
TCGA:LUAD:TCGA-50-5051-01,LUAD,LUAD,5.046825322096993e-07,8.854472355324106e-08,6.78101002904441e-07,0.9999987483024597
TCGA:LUAD:TCGA-50-5055-01,LUAD,LUAD,0.00021751830354332924,0.00012296369823161513,0.002759480383247137,0.9969000220298767
TCGA:LUAD:TCGA-50-5066-01,LUAD,LUAD,0.008806638419628143,0.004753762856125832,0.053831033408641815,0.9326085448265076
TCGA:LUAD:TCGA-50-5068-01,LUAD,LUAD,6.992924318183213e-05,2.3039314328343607e-05,0.00014002293755766004,0.999767005443573
TCGA:LUAD:TCGA-50-5072-01,LUAD,LUAD,0.001128786476328969,0.0005669445381499827,0.14573009312152863,0.8525741696357727
TCGA:LUAD:TCGA-50-5930-01,LUAD,LUAD,0.004290358629077673,0.0022628430742770433,0.010082971304655075,0.9833638072013855
TCGA:LUAD:TCGA-50-5931-01,LUAD,LSCC,2.974579547299072e-05,1.4822593357166625e-06,0.9999010562896729,6.77210045978427e-05
TCGA:LUAD:TCGA-50-5932-01,LUAD,LUAD,1.4979210391175002e-05,6.790342013118789e-06,9.713004146760795e-06,0.9999685287475586
TCGA:LUAD:TCGA-50-5933-01,LUAD,LUAD,0.016521386802196503,0.00850790087133646,0.05831056088209152,0.9166601300239563
TCGA:LUAD:TCGA-50-5935-01,LUAD,LUAD,4.937552375849918e-07,5.1249198662617346e-08,1.9862794431446673e-07,0.9999992847442627
TCGA:LUAD:TCGA-50-5936-01,LUAD,LUAD,2.1737275801569922e-07,1.0403085326515793e-07,1.4106291928328574e-05,0.9999855756759644
TCGA:LUAD:TCGA-50-5939-01,LUAD,LUAD,0.006299643311649561,0.0037954316940158606,0.016342060640454292,0.9735628366470337
TCGA:LUAD:TCGA-50-5941-01,LUAD,LUAD,2.2478592143215792e-07,4.9813390745612196e-08,1.5938580872898456e-06,0.999998152256012
TCGA:LUAD:TCGA-50-5942-01,LUAD,LUAD,5.5946635256987065e-05,3.284764170530252e-05,5.4056035878602415e-05,0.9998571276664734
TCGA:LUAD:TCGA-50-5944-01,LUAD,LUAD,0.0022306712344288826,0.0012329691089689732,0.0015450334176421165,0.9949913024902344
TCGA:LUAD:TCGA-50-5946-01,LUAD,LUAD,3.448515144555131e-07,1.353887739696802e-07,0.0005318234325386584,0.999467670917511
TCGA:LUAD:TCGA-50-6590-01,LUAD,LUAD,0.003632608102634549,0.0002721976488828659,0.03273172304034233,0.9633634686470032
TCGA:LUAD:TCGA-50-6591-01,LUAD,LUAD,0.002840801142156124,0.0006404060404747725,0.0012319657253101468,0.9952868223190308
TCGA:LUAD:TCGA-50-6592-01,LUAD,LUAD,2.5225712306564674e-05,7.895948783698259e-07,0.0023575997911393642,0.9976164102554321
TCGA:LUAD:TCGA-50-6593-01,LUAD,LUAD,1.0804488681515068e-07,2.7652614420503596e-08,6.011874802425154e-07,0.9999992847442627
TCGA:LUAD:TCGA-50-6594-01,LUAD,LUAD,0.0012203085934743285,0.00042914642835967243,0.007707799784839153,0.9906427264213562
TCGA:LUAD:TCGA-50-6595-01,LUAD,LUAD,0.00011614330287557095,7.334376277867705e-05,0.1939561814069748,0.805854320526123
TCGA:LUAD:TCGA-50-6597-01,LUAD,LUAD,0.01329445093870163,0.0012630197452381253,0.002233923180028796,0.9832085967063904
TCGA:LUAD:TCGA-50-6673-01,LUAD,LUAD,3.621250243668328e-06,2.181346417273744e-06,0.00012651091674342752,0.9998676776885986
TCGA:LUAD:TCGA-50-7109-01,LUAD,LUAD,6.429930363083258e-05,3.3662159694358706e-05,0.0010144327534362674,0.9988875985145569
TCGA:LUAD:TCGA-50-8457-01,LUAD,LUAD,4.8546469770371914e-05,3.9757251215633005e-05,0.0008835081243887544,0.999028205871582
TCGA:LUAD:TCGA-50-8459-01,LUAD,LUAD,4.529129000729881e-06,2.3545455860585207e-06,0.0035419403575360775,0.996451199054718
TCGA:LUAD:TCGA-50-8460-01,LUAD,LUAD,0.005743181332945824,0.0035475643817335367,0.02178119495511055,0.9689280390739441
TCGA:LUAD:TCGA-53-7624-01,LUAD,LUAD,0.022140875458717346,0.002311372198164463,0.4163834750652313,0.55916428565979
TCGA:LUAD:TCGA-53-7626-01,LUAD,LUAD,9.376416443274138e-08,4.514571472213902e-08,1.2052475995005807e-07,0.9999997615814209
TCGA:LUAD:TCGA-53-7813-01,LUAD,LUAD,0.0022551126312464476,0.0010379458544775844,0.002002380322664976,0.99470454454422
TCGA:LUAD:TCGA-53-A4EZ-01,LUAD,LUAD,0.00018793919298332185,0.0001016225796774961,0.0007261699647642672,0.9989842772483826
TCGA:LUAD:TCGA-55-1592-01,LUAD,LUAD,7.597902731504291e-05,2.8897497031721286e-05,6.338088860502467e-05,0.9998317360877991
TCGA:LUAD:TCGA-55-1594-01,LUAD,LUAD,8.424573024967685e-05,5.597146082436666e-05,0.0011013109469786286,0.9987584948539734
TCGA:LUAD:TCGA-55-1595-01,LUAD,LUAD,0.002888487419113517,0.001530240522697568,0.0032917149364948273,0.9922895431518555
TCGA:LUAD:TCGA-55-1596-01,LUAD,LUAD,0.005642835516482592,0.0023913600016385317,0.0067691984586417675,0.985196590423584
TCGA:LUAD:TCGA-55-5899-01,LUAD,LUAD,0.013119409792125225,0.0006849198834970593,0.004235446453094482,0.9819602370262146
TCGA:LUAD:TCGA-55-6543-01,LUAD,LUAD,1.8309519873582758e-05,8.780068128544372e-06,1.956968117156066e-05,0.9999533295631409
TCGA:LUAD:TCGA-55-6642-01,LUAD,LUAD,1.505431299619886e-07,7.38965653113155e-08,2.5431239691897645e-07,0.9999995231628418
TCGA:LUAD:TCGA-55-6712-01,LUAD,LUAD,5.692642844223883e-06,2.6751386030809954e-06,0.0001654584484640509,0.999826192855835
TCGA:LUAD:TCGA-55-6968-01,LUAD,LSCC,5.940827031736262e-05,7.940889918245375e-05,0.9023264646530151,0.09753473848104477
TCGA:LUAD:TCGA-55-6969-01,LUAD,LUAD,0.0011365094687789679,0.000496848311740905,0.047016989439725876,0.951349675655365
TCGA:LUAD:TCGA-55-6970-01,LUAD,LUAD,8.4087112384168e-08,2.4722812241861902e-08,1.6210650244374847e-07,0.9999997019767761
TCGA:LUAD:TCGA-55-6971-01,LUAD,LUAD,5.827873295061181e-08,1.4151537719442331e-08,9.986723625843297e-08,0.9999998211860657
TCGA:LUAD:TCGA-55-6972-01,LUAD,LUAD,0.00290250638499856,0.0016332970699295402,0.003572250483557582,0.9918919205665588
TCGA:LUAD:TCGA-55-6975-01,LUAD,LUAD,0.005176573526114225,0.0020007514394819736,0.044517677277326584,0.9483050107955933
TCGA:LUAD:TCGA-55-6978-01,LUAD,LUAD,0.000398792268242687,0.0002253295824630186,0.015593187883496284,0.9837827086448669
TCGA:LUAD:TCGA-55-6979-01,LUAD,LUAD,3.534211646183394e-05,1.4876716704748105e-05,0.00017196535191033036,0.9997777938842773
TCGA:LUAD:TCGA-55-6980-01,LUAD,LUAD,9.773862984729931e-05,5.005790080758743e-05,0.00022249491303227842,0.9996297359466553
TCGA:LUAD:TCGA-55-6981-01,LUAD,LUAD,7.17727089067921e-05,3.8288355426630005e-05,5.843164763064124e-05,0.99983149766922
TCGA:LUAD:TCGA-55-6982-01,LUAD,LUAD,0.001888276427052915,0.0010969912400469184,0.001999722793698311,0.995015025138855
TCGA:LUAD:TCGA-55-6983-01,LUAD,LUAD,0.0018015995156019926,0.0010598606895655394,0.0024298434145748615,0.9947087168693542
TCGA:LUAD:TCGA-55-6984-01,LUAD,LUAD,0.005129086319357157,0.0030272749718278646,0.008527187630534172,0.9833164811134338
TCGA:LUAD:TCGA-55-6985-01,LUAD,LUAD,5.038836548010295e-07,2.89829351629578e-08,1.8602881937113125e-06,0.999997615814209
TCGA:LUAD:TCGA-55-6986-01,LUAD,LUAD,0.002186428289860487,0.0012664271052926779,0.0032648141495883465,0.9932823181152344
TCGA:LUAD:TCGA-55-6987-01,LUAD,LUAD,0.00016749519272707403,0.00010304970783181489,0.0005037273513153195,0.9992257356643677
TCGA:LUAD:TCGA-55-7227-01,LUAD,LUAD,0.00328962248750031,0.002100397599861026,0.008335597813129425,0.9862743616104126
TCGA:LUAD:TCGA-55-7281-01,LUAD,LUAD,0.0019783361349254847,0.0011238156585022807,0.0036893717478960752,0.9932084679603577
TCGA:LUAD:TCGA-55-7283-01,LUAD,LUAD,2.5085181931672196e-08,1.5565055022648266e-08,8.943927376492411e-09,0.9999999403953552
TCGA:LUAD:TCGA-55-7284-01,LUAD,LUAD,0.00012176881864434108,7.788358198013157e-05,0.0006518294103443623,0.9991485476493835
TCGA:LUAD:TCGA-55-7570-01,LUAD,LUAD,0.015763426199555397,0.00892345979809761,0.2905915081501007,0.6847215890884399
TCGA:LUAD:TCGA-55-7573-01,LUAD,LUAD,2.954414776468184e-05,1.7967764506465755e-05,0.0001363732008030638,0.9998161196708679
TCGA:LUAD:TCGA-55-7574-01,LUAD,LUAD,0.00025533480220474303,0.0001303234457736835,0.013433962129056454,0.9861803650856018
TCGA:LUAD:TCGA-55-7576-01,LUAD,LUAD,1.6134585166582838e-05,9.001878424896859e-06,6.76111230859533e-05,0.9999072551727295
TCGA:LUAD:TCGA-55-7724-01,LUAD,LSCC,5.5279691878240556e-05,0.00033039881964214146,0.9994931221008301,0.0001211922281072475
TCGA:LUAD:TCGA-55-7725-01,LUAD,LUAD,0.008810354396700859,0.0013138779904693365,0.0017501495312899351,0.9881256222724915
TCGA:LUAD:TCGA-55-7726-01,LUAD,LSCC,0.0007983025279827416,0.0008496299269609153,0.9864825010299683,0.011869584210216999
TCGA:LUAD:TCGA-55-7727-01,LUAD,LUAD,8.687691632758288e-08,1.6504143829365603e-08,2.1274050254760368e-07,0.9999997019767761
TCGA:LUAD:TCGA-55-7728-01,LUAD,LUAD,2.600795414764434e-05,1.0111274661994685e-07,7.40809036869905e-06,0.9999665021896362
TCGA:LUAD:TCGA-55-7815-01,LUAD,LUAD,0.0005934574292041361,0.00018858612747862935,0.001180277788080275,0.9980376958847046
TCGA:LUAD:TCGA-55-7816-01,LUAD,LUAD,0.10896314680576324,0.011331941932439804,0.2761332392692566,0.6035717129707336
TCGA:LUAD:TCGA-55-7903-01,LUAD,LUAD,2.879518206100329e-07,9.750649354600682e-08,6.024444246577332e-06,0.9999935626983643
TCGA:LUAD:TCGA-55-7907-01,LUAD,LUAD,1.8975353668793105e-05,2.259573375340551e-05,4.371963950688951e-05,0.9999147057533264
TCGA:LUAD:TCGA-55-7910-01,LUAD,LUAD,1.0203118563367752e-06,8.535717199720239e-08,8.886899536264536e-07,0.9999980330467224
TCGA:LUAD:TCGA-55-7911-01,LUAD,LUAD,1.629195685382001e-05,7.414424544549547e-06,3.1854433473199606e-05,0.9999444484710693
TCGA:LUAD:TCGA-55-7913-01,LUAD,LUAD,4.504486423684284e-05,4.25450925831683e-05,0.00010489867418073118,0.9998075366020203
TCGA:LUAD:TCGA-55-7914-01,LUAD,LUAD,0.005872289650142193,0.0014712142292410135,0.0033695378806442022,0.9892869591712952
TCGA:LUAD:TCGA-55-7994-01,LUAD,LUAD,2.183413243983523e-06,1.9591868749557761e-07,4.987259671906941e-06,0.9999926090240479
TCGA:LUAD:TCGA-55-7995-01,LUAD,LUAD,3.421625251576188e-06,6.511548349408258e-07,4.4110536691732705e-05,0.9999518394470215
TCGA:LUAD:TCGA-55-8085-01,LUAD,LUAD,7.783985012110861e-08,3.599184594804683e-08,7.800487651365984e-07,0.9999991059303284
TCGA:LUAD:TCGA-55-8087-01,LUAD,LUAD,3.3100496921179e-07,9.327320071861323e-08,1.9947123064412153e-07,0.9999994039535522
TCGA:LUAD:TCGA-55-8089-01,LUAD,LUAD,0.011086961254477501,0.006533474195748568,0.13270950317382812,0.8496700525283813
TCGA:LUAD:TCGA-55-8090-01,LUAD,LUAD,0.00012857079855166376,7.648608880117536e-05,0.0012248570565134287,0.9985700845718384
TCGA:LUAD:TCGA-55-8091-01,LUAD,LUAD,2.40918495819642e-07,8.957158570410684e-08,1.1841718787763966e-06,0.9999985098838806
TCGA:LUAD:TCGA-55-8092-01,LUAD,LUAD,4.857018211623654e-05,1.4848687897028867e-05,5.210438393987715e-05,0.9998844861984253
TCGA:LUAD:TCGA-55-8094-01,LUAD,LUAD,1.049924890139664e-06,4.809611482414766e-07,4.392556093080202e-06,0.9999940991401672
TCGA:LUAD:TCGA-55-8096-01,LUAD,LUAD,8.049468306126073e-05,1.866636739578098e-05,8.037202496780083e-05,0.9998204708099365
TCGA:LUAD:TCGA-55-8097-01,LUAD,LUAD,2.2817137505626306e-05,1.2407335816533305e-05,6.30610084044747e-05,0.9999017119407654
TCGA:LUAD:TCGA-55-8203-01,LUAD,LUAD,9.582415805198252e-05,4.8651592805981636e-05,0.000303645123494789,0.9995518922805786
TCGA:LUAD:TCGA-55-8204-01,LUAD,LSCC,3.0556151614291593e-05,2.561173459980637e-05,0.9995730519294739,0.0003707767173182219
TCGA:LUAD:TCGA-55-8205-01,LUAD,LUAD,0.0038162712007761,0.001899874652735889,0.007951733656227589,0.9863321185112
TCGA:LUAD:TCGA-55-8206-01,LUAD,LUAD,0.002234945073723793,0.0012211828725412488,0.0019517247565090656,0.9945921301841736
TCGA:LUAD:TCGA-55-8207-01,LUAD,LUAD,2.1049043425591663e-05,1.1992930922133382e-05,4.2897350795101374e-05,0.9999240636825562
TCGA:LUAD:TCGA-55-8208-01,LUAD,LUAD,0.0004087972338311374,0.0002169145009247586,0.046054378151893616,0.9533199071884155
TCGA:LUAD:TCGA-55-8299-01,LUAD,LUAD,0.0006581218331120908,9.100528404815122e-05,0.006572412326931953,0.9926784634590149
TCGA:LUAD:TCGA-55-8301-01,LUAD,LUAD,6.2049955886323e-05,3.052707324968651e-05,0.002503857482224703,0.9974035620689392
TCGA:LUAD:TCGA-55-8302-01,LUAD,LUAD,0.0003737043007276952,0.00021248945267871022,0.03210173174738884,0.9673120975494385
TCGA:LUAD:TCGA-55-8505-01,LUAD,LUAD,0.00040944910142570734,0.00020073568157386035,0.010460373014211655,0.9889294505119324
TCGA:LUAD:TCGA-55-8506-01,LUAD,LUAD,9.057478678187181e-07,2.0347096096884343e-07,7.527648904215312e-06,0.9999913573265076
TCGA:LUAD:TCGA-55-8507-01,LUAD,LUAD,0.002564221154898405,0.001765791210345924,0.002488589147105813,0.9931814074516296
TCGA:LUAD:TCGA-55-8508-01,LUAD,LUAD,2.3823473327411193e-07,1.4930334657492494e-07,5.120417426951462e-06,0.9999945163726807
TCGA:LUAD:TCGA-55-8510-01,LUAD,LUAD,8.053301280597225e-05,4.3270094465697184e-05,0.0002861215325538069,0.9995900988578796
TCGA:LUAD:TCGA-55-8511-01,LUAD,LUAD,2.0651853560593736e-07,2.404980392611833e-08,6.93387107730814e-07,0.9999990463256836
TCGA:LUAD:TCGA-55-8512-01,LUAD,LUAD,0.000207561140996404,1.6760543076088652e-05,0.010953777469694614,0.9888219237327576
TCGA:LUAD:TCGA-55-8513-01,LUAD,LUAD,6.310586400104512e-07,2.495563649063115e-07,7.662910320505034e-06,0.9999914765357971
TCGA:LUAD:TCGA-55-8514-01,LUAD,LUAD,3.3556923881405964e-05,1.171627900475869e-05,5.091962157166563e-05,0.9999037981033325
TCGA:LUAD:TCGA-55-8614-01,LUAD,LSCC,0.0004288338532205671,0.0003700096858665347,0.9838981628417969,0.015302995219826698
TCGA:LUAD:TCGA-55-8615-01,LUAD,LUAD,2.778478460641054e-07,1.648695331368799e-07,1.5240035509123118e-06,0.9999980330467224
TCGA:LUAD:TCGA-55-8616-01,LUAD,LUAD,0.0035459129139781,0.0023556852247565985,0.004443253856152296,0.9896551370620728
TCGA:LUAD:TCGA-55-8619-01,LUAD,LUAD,3.506353823468089e-05,3.4139604395022616e-05,0.0004527501296252012,0.9994780421257019
TCGA:LUAD:TCGA-55-8620-01,LUAD,LUAD,0.000458934111520648,0.00012509949738159776,0.006129798945039511,0.9932861924171448
TCGA:LUAD:TCGA-55-8621-01,LUAD,LUAD,1.2319512165959168e-07,3.035023610209464e-08,1.8429058172841906e-06,0.9999980330467224
TCGA:LUAD:TCGA-55-A48X-01,LUAD,LUAD,0.00010436229786137119,6.218255293788388e-05,0.0008275301079265773,0.999005913734436
TCGA:LUAD:TCGA-55-A48Y-01,LUAD,LUAD,4.696958200156587e-08,9.872574757707753e-09,2.7183685347154096e-07,0.9999996423721313
TCGA:LUAD:TCGA-55-A48Z-01,LUAD,LUAD,2.8226372705830727e-07,7.128400625333597e-08,1.585909558343701e-06,0.9999980330467224
TCGA:LUAD:TCGA-55-A490-01,LUAD,LUAD,0.0006211563013494015,0.0003062198811676353,0.007153070531785488,0.9919195771217346
TCGA:LUAD:TCGA-55-A491-01,LUAD,LUAD,5.34483213243675e-08,7.087855191656445e-09,2.726628700600031e-08,0.9999999403953552
TCGA:LUAD:TCGA-55-A492-01,LUAD,LUAD,0.0025227514561265707,0.001326254685409367,0.0020950192119926214,0.994055986404419
TCGA:LUAD:TCGA-55-A493-01,LUAD,LUAD,0.009218396618962288,0.004660388454794884,0.05237661674618721,0.9337446093559265
TCGA:LUAD:TCGA-55-A494-01,LUAD,LUAD,2.729979939886107e-07,6.062447965859974e-08,3.1783392273609934e-07,0.9999993443489075
TCGA:LUAD:TCGA-55-A4DF-01,LUAD,LUAD,1.831576696531556e-06,6.199649646987382e-07,0.0003234574105590582,0.9996740818023682
TCGA:LUAD:TCGA-55-A4DG-01,LUAD,LUAD,1.566582170653419e-07,1.632859607525461e-07,4.719592539004225e-07,0.9999992251396179
TCGA:LUAD:TCGA-55-A57B-01,LUAD,LUAD,4.35669250009596e-07,1.5022125410268927e-07,1.0022469723480754e-05,0.99998939037323
TCGA:LUAD:TCGA-62-8394-01,LUAD,LUAD,1.9215400470784516e-07,1.541443594987868e-07,9.006828918245446e-07,0.9999987483024597
TCGA:LUAD:TCGA-62-8395-01,LUAD,LUAD,1.1891611251257928e-07,3.8860747508806526e-08,6.978963256187853e-07,0.9999991655349731
TCGA:LUAD:TCGA-62-8397-01,LUAD,LUAD,1.072244373290232e-07,1.3966315215441227e-08,7.65295737892302e-08,0.9999998211860657
TCGA:LUAD:TCGA-62-8398-01,LUAD,LUAD,1.7677774621915887e-07,3.2820750561768364e-08,2.444732899675728e-06,0.9999973177909851
TCGA:LUAD:TCGA-62-8399-01,LUAD,LUAD,1.6676469272169925e-07,5.054642571167278e-08,9.833580406848341e-06,0.999989926815033
TCGA:LUAD:TCGA-62-8402-01,LUAD,LUAD,6.784350262023509e-05,3.569271939340979e-05,0.00013231602497398853,0.9997641444206238
TCGA:LUAD:TCGA-62-A46O-01,LUAD,LUAD,0.00010898238542722538,2.14305728150066e-05,0.0008849300211295485,0.9989846348762512
TCGA:LUAD:TCGA-62-A46P-01,LUAD,LUAD,2.031654366874136e-05,1.0259404916723724e-05,3.958852175856009e-05,0.9999298453330994
TCGA:LUAD:TCGA-62-A46R-01,LUAD,LUAD,0.0017982744611799717,0.0009950861567631364,0.0018933372339233756,0.995313286781311
TCGA:LUAD:TCGA-62-A46S-01,LUAD,LUAD,4.4699671519765616e-08,2.0429519409503882e-08,5.982181505714834e-08,0.9999998807907104
TCGA:LUAD:TCGA-62-A46U-01,LUAD,LUAD,3.25995557659553e-07,2.3129516080189205e-08,8.261467598913441e-08,0.9999995827674866
TCGA:LUAD:TCGA-62-A46V-01,LUAD,LUAD,6.866738431199337e-07,8.875912271832931e-08,7.442418450409605e-07,0.9999985098838806
TCGA:LUAD:TCGA-62-A46Y-01,LUAD,LUAD,1.4297304005594924e-05,9.460251931159291e-06,2.4593611669843085e-05,0.9999516606330872
TCGA:LUAD:TCGA-62-A470-01,LUAD,LUAD,0.003570124739781022,0.001850384403951466,0.004096509423106909,0.9904829859733582
TCGA:LUAD:TCGA-62-A471-01,LUAD,LUAD,0.0008963826694525778,0.0011208840878680348,0.3777691125869751,0.6202136278152466
TCGA:LUAD:TCGA-62-A472-01,LUAD,LUAD,0.00020521397527772933,7.616085349582136e-05,0.00024330815358553082,0.9994753003120422
TCGA:LUAD:TCGA-64-1676-01,LUAD,LUAD,0.005912151653319597,0.0018338945228606462,0.0048486338928341866,0.9874053001403809
TCGA:LUAD:TCGA-64-1677-01,LUAD,LUAD,3.062728239910939e-07,1.1335397687162185e-07,3.6231767808203585e-06,0.9999959468841553
TCGA:LUAD:TCGA-64-1678-01,LUAD,LUAD,0.0006360580446198583,0.00015602866187691689,0.001507367705926299,0.997700572013855
TCGA:LUAD:TCGA-64-1679-01,LUAD,LUAD,9.38120938371867e-05,4.834137507714331e-05,0.0007348953513428569,0.9991229772567749
TCGA:LUAD:TCGA-64-1680-01,LUAD,LUAD,0.002283385256305337,0.0013468951219692826,0.0022376521956175566,0.9941320419311523
TCGA:LUAD:TCGA-64-1681-01,LUAD,LUAD,0.002817929722368717,0.0015514687402173877,0.0024638951290398836,0.9931666851043701
TCGA:LUAD:TCGA-64-5774-01,LUAD,LUAD,0.006221511866897345,0.0028072542045265436,0.00781306903809309,0.9831581711769104
TCGA:LUAD:TCGA-64-5775-01,LUAD,LUAD,0.0424899160861969,0.17027558386325836,0.009209900163114071,0.7780246138572693
TCGA:LUAD:TCGA-64-5778-01,LUAD,LUAD,7.837801518917331e-08,2.5537993053603714e-08,3.467173712579097e-07,0.9999995231628418
TCGA:LUAD:TCGA-64-5779-01,LUAD,LUAD,0.00041372296982444823,0.00016901599883567542,0.009994203224778175,0.9894230365753174
TCGA:LUAD:TCGA-64-5781-01,LUAD,LUAD,0.0003079438174609095,0.00017548365576658398,0.0018847911851480603,0.9976317882537842
TCGA:LUAD:TCGA-64-5815-01,LUAD,LUAD,0.0082407770678401,0.004671677015721798,0.03628721833229065,0.9508002996444702
TCGA:LUAD:TCGA-67-3770-01,LUAD,LUAD,6.065687330192304e-08,1.4025682837370823e-08,3.1100423569796476e-08,0.9999998807907104
TCGA:LUAD:TCGA-67-3771-01,LUAD,LUAD,6.833929364802316e-05,2.4655591914779507e-05,0.0008256224682554603,0.9990813732147217
TCGA:LUAD:TCGA-67-3772-01,LUAD,LUAD,6.786600715713575e-05,4.5646454964298755e-05,0.00013759778812527657,0.9997488856315613
TCGA:LUAD:TCGA-67-3773-01,LUAD,LUAD,0.004835578612983227,0.0013819170417264104,0.0019426211947575212,0.9918398857116699
TCGA:LUAD:TCGA-67-3774-01,LUAD,LUAD,7.083923492245958e-08,2.5239044632030527e-08,5.34941250407428e-07,0.9999993443489075
TCGA:LUAD:TCGA-67-4679-01,LUAD,LUAD,5.741910058532085e-08,2.2001149346806415e-08,1.6914124500999606e-07,0.9999997615814209
TCGA:LUAD:TCGA-67-6215-01,LUAD,LUAD,1.2603619552464806e-06,8.19474450963753e-07,3.871240187436342e-05,0.9999592304229736
TCGA:LUAD:TCGA-67-6216-01,LUAD,LUAD,5.663828872570775e-08,1.1515370879067177e-08,5.993209128973831e-08,0.9999998807907104
TCGA:LUAD:TCGA-67-6217-01,LUAD,LUAD,6.735760393894452e-08,4.7343963416324186e-08,9.387971999785805e-08,0.9999998211860657
TCGA:LUAD:TCGA-69-7760-01,LUAD,LUAD,1.128878125200572e-06,9.34610682179482e-07,1.8029903003480285e-05,0.9999799132347107
TCGA:LUAD:TCGA-69-7761-01,LUAD,LUAD,0.0048729791305959225,0.003012308618053794,0.006249697878956795,0.9858649969100952
TCGA:LUAD:TCGA-69-7763-01,LUAD,LUAD,0.003485121065750718,0.0018713432364165783,0.007676468696445227,0.9869670867919922
TCGA:LUAD:TCGA-69-7764-01,LUAD,LUAD,0.0023743475321680307,0.0009244786924682558,0.0011184507748112082,0.9955826997756958
TCGA:LUAD:TCGA-69-7765-01,LUAD,LUAD,1.1065276339650154e-06,6.063517616894387e-07,5.9995574702043086e-05,0.9999383091926575
TCGA:LUAD:TCGA-69-7973-01,LUAD,LUAD,2.8337039111647755e-05,1.230456564371707e-05,5.6406515795970336e-05,0.9999029636383057
TCGA:LUAD:TCGA-69-7974-01,LUAD,LUAD,2.933080622824491e-07,8.549677943392453e-08,4.390537014842266e-06,0.999995231628418
TCGA:LUAD:TCGA-69-7978-01,LUAD,LUAD,3.0182671252987348e-05,1.716496808512602e-05,0.00033104087924584746,0.9996216297149658
TCGA:LUAD:TCGA-69-7979-01,LUAD,LUAD,0.0002472276391927153,8.08131298981607e-05,0.0013897598255425692,0.9982821941375732
TCGA:LUAD:TCGA-69-7980-01,LUAD,LUAD,6.34784228168428e-05,3.3761119993869215e-05,0.00019798194989562035,0.9997047781944275
TCGA:LUAD:TCGA-69-8253-01,LUAD,LUAD,0.0022458387538790703,0.0014450345188379288,0.009423311799764633,0.9868857860565186
TCGA:LUAD:TCGA-69-8254-01,LUAD,LUAD,7.437779277097434e-05,3.702166577568278e-05,7.639715477125719e-05,0.9998121857643127
TCGA:LUAD:TCGA-69-8255-01,LUAD,LUAD,0.0004849741526413709,0.00019804057956207544,0.0026504523120820522,0.9966665506362915
TCGA:LUAD:TCGA-69-8453-01,LUAD,LUAD,2.7375341232982464e-05,1.6589934602961875e-05,0.00014013718464411795,0.9998158812522888
TCGA:LUAD:TCGA-69-A59K-01,LUAD,LUAD,0.010274709202349186,0.0045989034697413445,0.020632581785321236,0.9644938111305237
TCGA:LUAD:TCGA-71-6725-01,LUAD,LUAD,1.5680095657444326e-06,1.937095532866806e-07,6.975702717681997e-07,0.9999975562095642
TCGA:LUAD:TCGA-71-8520-01,LUAD,LUAD,0.002403193386271596,0.0009993186686187983,0.0011864705011248589,0.9954110383987427
TCGA:LUAD:TCGA-73-4658-01,LUAD,LUAD,1.0777277026363663e-07,8.777689686212398e-08,5.201359840611985e-07,0.9999992847442627
TCGA:LUAD:TCGA-73-4659-01,LUAD,LUAD,6.42048180452548e-05,3.510451642796397e-05,0.00011932277266168967,0.9997813701629639
TCGA:LUAD:TCGA-73-4662-01,LUAD,LUAD,1.368378264032799e-07,3.571521034473335e-08,1.5385300855541573e-07,0.9999997019767761
TCGA:LUAD:TCGA-73-4666-01,LUAD,LUAD,0.0002713469148147851,6.777181260986254e-05,0.001615853514522314,0.998045027256012
TCGA:LUAD:TCGA-73-4668-01,LUAD,LUAD,1.9090161913482007e-06,3.5276457310828846e-07,1.0574349289527163e-05,0.9999871850013733
TCGA:LUAD:TCGA-73-4670-01,LUAD,LSCC,0.0150005416944623,0.008230656385421753,0.48852378129959106,0.48824501037597656
TCGA:LUAD:TCGA-73-4675-01,LUAD,LUAD,4.7608519793129744e-08,9.62168744678138e-09,1.0539458372704757e-07,0.9999998211860657
TCGA:LUAD:TCGA-73-4676-01,LUAD,LUAD,5.2355258048919495e-06,2.7022999802284176e-06,0.021972768008708954,0.9780192971229553
TCGA:LUAD:TCGA-73-4677-01,LUAD,LUAD,6.616112813162545e-08,3.2307077901805314e-08,1.3846859019395197e-06,0.9999985098838806
TCGA:LUAD:TCGA-73-7498-01,LUAD,LUAD,1.3584482076112181e-05,9.061234777618665e-06,1.2505363883974496e-05,0.9999648332595825
TCGA:LUAD:TCGA-73-7499-01,LUAD,LUAD,5.360004706744803e-07,1.6614953324278758e-07,8.728378020350647e-07,0.9999984502792358
TCGA:LUAD:TCGA-73-A9RS-01,LUAD,LUAD,0.00014759523037355393,4.911631185677834e-05,0.0001749723742250353,0.9996283054351807
TCGA:LUAD:TCGA-75-5122-01,LUAD,LUAD,0.005333857145160437,0.002869635121896863,0.009636114351451397,0.9821603894233704
TCGA:LUAD:TCGA-75-5125-01,LUAD,LUAD,0.00584816699847579,0.0024087538477033377,0.01530466228723526,0.9764384031295776
TCGA:LUAD:TCGA-75-5126-01,LUAD,LUAD,1.2054601938871201e-05,2.1660753191099502e-06,0.004230398219078779,0.9957553744316101
TCGA:LUAD:TCGA-75-5146-01,LUAD,LUAD,2.280312401126139e-05,1.4523192476190161e-05,0.00011580065620364621,0.999846875667572
TCGA:LUAD:TCGA-75-5147-01,LUAD,LUAD,0.0030234893783926964,0.0016404641792178154,0.008777614682912827,0.9865584373474121
TCGA:LUAD:TCGA-75-6203-01,LUAD,LUAD,4.018028221253189e-07,1.2311357977523585e-07,2.946523807167978e-07,0.9999991655349731
TCGA:LUAD:TCGA-75-6205-01,LUAD,LUAD,7.008185548329493e-06,4.966187816535239e-07,8.541966235497966e-05,0.9999070763587952
TCGA:LUAD:TCGA-75-6206-01,LUAD,LUAD,0.002874918980523944,0.0011421741219237447,0.0016288072802126408,0.9943541288375854
TCGA:LUAD:TCGA-75-6207-01,LUAD,LUAD,1.386465697805761e-07,1.7453253065013996e-08,4.0326906969312404e-07,0.999999463558197
TCGA:LUAD:TCGA-75-6211-01,LUAD,LUAD,0.00022830524540040642,0.00012601239723153412,0.0007893818547017872,0.9988563060760498
TCGA:LUAD:TCGA-75-6212-01,LUAD,LUAD,3.6588301099982345e-07,1.478613853578281e-07,8.591491678089369e-07,0.9999986290931702
TCGA:LUAD:TCGA-75-6214-01,LUAD,LSCC,0.023626161739230156,0.05128828436136246,0.7086233496665955,0.21646222472190857
TCGA:LUAD:TCGA-75-7025-01,LUAD,LUAD,0.00020921770192217082,0.00022009063104633242,0.0013452827697619796,0.9982253909111023
TCGA:LUAD:TCGA-75-7027-01,LUAD,LUAD,1.3899166333430912e-06,6.583513254554418e-07,2.1617826860165223e-05,0.9999763369560242
TCGA:LUAD:TCGA-75-7030-01,LUAD,LUAD,7.787619688315317e-05,5.414342740550637e-05,0.0006864192546345294,0.9991815686225891
TCGA:LUAD:TCGA-75-7031-01,LUAD,LUAD,5.846227395522874e-07,2.475009708291509e-08,5.032773628954601e-07,0.9999988675117493
TCGA:LUAD:TCGA-78-7143-01,LUAD,LUAD,1.1474102393549401e-05,7.152044418035075e-06,9.851151844486594e-06,0.9999715089797974
TCGA:LUAD:TCGA-78-7145-01,LUAD,LUAD,6.595326595970619e-08,1.3642554641535298e-08,4.1881250467667996e-08,0.9999998807907104
TCGA:LUAD:TCGA-78-7146-01,LUAD,LUAD,0.0007152531761676073,0.00035638484405353665,0.013090779073536396,0.9858375787734985
TCGA:LUAD:TCGA-78-7147-01,LUAD,LUAD,2.4642242351546884e-05,1.0042105714092031e-05,2.9988852475071326e-05,0.9999353289604187
TCGA:LUAD:TCGA-78-7148-01,LUAD,LUAD,0.002360133221372962,0.0013499691849574447,0.0016949553973972797,0.994594931602478
TCGA:LUAD:TCGA-78-7149-01,LUAD,LUAD,0.0017996259266510606,0.0012112718541175127,0.002041073050349951,0.9949480295181274
TCGA:LUAD:TCGA-78-7150-01,LUAD,LUAD,4.312635792302899e-05,3.22338382829912e-05,0.0007116196793504059,0.9992130398750305
TCGA:LUAD:TCGA-78-7152-01,LUAD,LUAD,0.00010844007920240983,0.00012857549882028252,0.0008586979238316417,0.998904287815094
TCGA:LUAD:TCGA-78-7153-01,LUAD,LUAD,2.7127189241582528e-05,1.2469710782170296e-05,5.08169068780262e-05,0.9999095797538757
TCGA:LUAD:TCGA-78-7154-01,LUAD,LUAD,0.007184668444097042,0.004207335878163576,0.037748124450445175,0.9508598446846008
TCGA:LUAD:TCGA-78-7155-01,LUAD,LUAD,0.025544945150613785,0.0011830832809209824,0.028488852083683014,0.944783091545105
TCGA:LUAD:TCGA-78-7156-01,LUAD,LUAD,0.0027408781461417675,0.001679490553215146,0.0028187413699924946,0.9927608966827393
TCGA:LUAD:TCGA-78-7158-01,LUAD,LUAD,4.337703956025507e-07,1.3863895276244875e-07,7.661705581085698e-07,0.9999986886978149
TCGA:LUAD:TCGA-78-7159-01,LUAD,LUAD,5.51251616798254e-07,1.0059354593749958e-07,1.2453784847821225e-06,0.9999980926513672
TCGA:LUAD:TCGA-78-7160-01,LUAD,LUAD,1.1661585830324839e-07,9.850613480466563e-08,8.994375662041421e-07,0.9999988675117493
TCGA:LUAD:TCGA-78-7161-01,LUAD,LUAD,0.0018546017818152905,0.0010336529230698943,0.001659780042245984,0.9954519867897034
TCGA:LUAD:TCGA-78-7162-01,LUAD,LUAD,2.2353144231601618e-05,1.4807203115196899e-05,7.152997568482533e-05,0.9998912811279297
TCGA:LUAD:TCGA-78-7163-01,LUAD,LUAD,2.196514969909913e-06,2.9919354460616887e-07,5.554755375669629e-07,0.9999969601631165
TCGA:LUAD:TCGA-78-7166-01,LUAD,LUAD,7.307079795282334e-05,4.8967307520797476e-05,0.00016862554184626788,0.9997093081474304
TCGA:LUAD:TCGA-78-7167-01,LUAD,LUAD,3.6844596706941957e-07,2.0147275847648416e-07,2.4185198981285794e-06,0.9999970197677612
TCGA:LUAD:TCGA-78-7220-01,LUAD,LUAD,3.7586414691759273e-05,2.505904012650717e-05,0.00018417656247038394,0.9997531771659851
TCGA:LUAD:TCGA-78-7535-01,LUAD,LUAD,6.985707295825705e-05,3.471273521427065e-05,6.308066804194823e-05,0.9998323321342468
TCGA:LUAD:TCGA-78-7536-01,LUAD,LUAD,0.004313386511057615,0.0021626087836921215,0.009548886679112911,0.9839751124382019
TCGA:LUAD:TCGA-78-7537-01,LUAD,LUAD,7.055237074382603e-05,4.353191252448596e-05,0.00014346696843858808,0.9997424483299255
TCGA:LUAD:TCGA-78-7539-01,LUAD,LUAD,7.022192107797309e-07,1.260569320038485e-07,8.161443929566303e-07,0.9999983310699463
TCGA:LUAD:TCGA-78-7540-01,LUAD,LUAD,7.60587427066639e-05,5.0444872613297775e-05,0.0003181200590915978,0.9995553493499756
TCGA:LUAD:TCGA-78-7542-01,LUAD,LSCC,0.0025228746235370636,0.004194795154035091,0.7083843946456909,0.28489795327186584
TCGA:LUAD:TCGA-78-7633-01,LUAD,LUAD,0.0037703528068959713,0.0015145569341257215,0.0022507342509925365,0.9924643635749817
TCGA:LUAD:TCGA-78-8640-01,LUAD,LUAD,1.7904253013512061e-07,2.958647549178295e-08,1.202458633997594e-06,0.9999985694885254
TCGA:LUAD:TCGA-78-8648-01,LUAD,LUAD,2.749301984295016e-06,1.9207334389648167e-06,0.00011871948663610965,0.9998766183853149
TCGA:LUAD:TCGA-78-8655-01,LUAD,LUAD,1.9277257479188847e-07,1.0445030795835919e-07,6.692927740914456e-07,0.9999990463256836
TCGA:LUAD:TCGA-78-8660-01,LUAD,LUAD,2.7948249226028565e-07,5.9420386833153316e-08,3.991572157246992e-06,0.9999956488609314
TCGA:LUAD:TCGA-78-8662-01,LUAD,LUAD,0.0005942603456787765,0.0001154619239969179,0.0010634292848408222,0.9982268214225769
TCGA:LUAD:TCGA-80-5607-01,LUAD,LUAD,1.8915250620921142e-05,8.875264938978944e-06,3.6122321034781635e-05,0.9999361038208008
TCGA:LUAD:TCGA-80-5608-01,LUAD,LUAD,2.3099993029518373e-07,5.971859451392447e-08,4.5715475494034763e-07,0.9999992251396179
TCGA:LUAD:TCGA-80-5611-01,LUAD,LUAD,0.0003520260797813535,2.536414513087948e-06,3.3778458600863814e-05,0.9996116757392883
TCGA:LUAD:TCGA-83-5908-01,LUAD,LUAD,7.178249506978318e-05,4.875342347077094e-05,0.002647828310728073,0.997231662273407
TCGA:LUAD:TCGA-86-6562-01,LUAD,LUAD,3.832236217249374e-08,1.0095114078012557e-08,1.9277412377505243e-07,0.9999997615814209
TCGA:LUAD:TCGA-86-6851-01,LUAD,LUAD,1.2351825944278971e-06,3.200538287728705e-07,9.309866982221138e-06,0.9999891519546509
TCGA:LUAD:TCGA-86-7701-01,LUAD,LUAD,3.7821339446963975e-06,8.601339231972815e-07,0.001737617771141231,0.9982577562332153
TCGA:LUAD:TCGA-86-7711-01,LUAD,LUAD,0.0005664787022396922,4.706661457021255e-06,0.003708971431478858,0.995719850063324
TCGA:LUAD:TCGA-86-7713-01,LUAD,LUAD,8.029175546653278e-08,2.4121501240870202e-08,3.179425789312518e-07,0.9999995827674866
TCGA:LUAD:TCGA-86-7714-01,LUAD,LUAD,8.599685230592513e-08,9.503461129156676e-09,1.2896570034115484e-08,0.9999998807907104
TCGA:LUAD:TCGA-86-7953-01,LUAD,LUAD,0.0028702188283205032,0.00149453803896904,0.0035858277697116137,0.9920493960380554
TCGA:LUAD:TCGA-86-7954-01,LUAD,LUAD,0.00016181821411009878,6.360987754305825e-05,0.0002959431440103799,0.9994786381721497
TCGA:LUAD:TCGA-86-7955-01,LUAD,LUAD,0.00737259304150939,0.004330090247094631,0.03845119848847389,0.949846088886261
TCGA:LUAD:TCGA-86-8054-01,LUAD,LUAD,0.004351319745182991,0.0023088878951966763,0.013760223053395748,0.9795795679092407
TCGA:LUAD:TCGA-86-8055-01,LUAD,LUAD,2.9737984164057707e-07,9.68277618085267e-08,3.0456052627414465e-05,0.9999691247940063
TCGA:LUAD:TCGA-86-8056-01,LUAD,LUAD,5.059035146359747e-08,2.054263781303689e-08,1.0144103868015009e-07,0.9999998211860657
TCGA:LUAD:TCGA-86-8073-01,LUAD,LUAD,1.8629688725013693e-07,1.3589121294899087e-07,5.353692813514499e-06,0.9999943375587463
TCGA:LUAD:TCGA-86-8074-01,LUAD,LUAD,6.841716094641015e-05,3.027392813237384e-05,5.791116927866824e-05,0.999843418598175
TCGA:LUAD:TCGA-86-8075-01,LUAD,LUAD,5.373271960706916e-08,1.0289712193412015e-08,1.815217132161706e-08,0.9999999403953552
TCGA:LUAD:TCGA-86-8076-01,LUAD,LUAD,0.0028138754423707724,0.0017813148442655802,0.008715160191059113,0.9866896271705627
TCGA:LUAD:TCGA-86-8278-01,LUAD,LUAD,0.00013836711877956986,6.638168270001188e-05,0.0004671228816732764,0.9993281364440918
TCGA:LUAD:TCGA-86-8279-01,LUAD,LUAD,1.5770414165672264e-06,2.947549262444227e-07,1.3523542293114588e-05,0.999984622001648
TCGA:LUAD:TCGA-86-8280-01,LUAD,LUAD,4.3552285205805674e-05,2.493616921128705e-05,4.529371653916314e-05,0.9998862147331238
TCGA:LUAD:TCGA-86-8281-01,LUAD,LUAD,5.203686015420317e-08,2.5566594175074897e-08,1.1595587068313762e-07,0.9999998211860657
TCGA:LUAD:TCGA-86-8358-01,LUAD,LUAD,0.0015327971195802093,0.0004025634261779487,0.1808435022830963,0.8172211647033691
TCGA:LUAD:TCGA-86-8359-01,LUAD,LUAD,3.7878950820413593e-07,2.5732575181791617e-07,3.3907542729139095e-06,0.9999959468841553
TCGA:LUAD:TCGA-86-8585-01,LUAD,LUAD,4.5808945287717506e-05,3.0836064979666844e-05,0.0005835550837218761,0.9993398189544678
TCGA:LUAD:TCGA-86-8668-01,LUAD,LUAD,0.00013008057430852205,4.798223017132841e-05,0.00021271688456181437,0.9996092319488525
TCGA:LUAD:TCGA-86-8669-01,LUAD,LUAD,0.00011651127715595067,6.573588325409219e-05,0.00024752996978349984,0.9995702505111694
TCGA:LUAD:TCGA-86-8671-01,LUAD,LUAD,4.260561036062427e-05,1.609392711543478e-05,6.779046088922769e-05,0.9998735189437866
TCGA:LUAD:TCGA-86-8672-01,LUAD,LUAD,1.4142057125354768e-07,2.5203222620007182e-08,1.2283899764042872e-07,0.9999997019767761
TCGA:LUAD:TCGA-86-8673-01,LUAD,LUAD,6.986230437178165e-05,3.566224768292159e-05,0.0001765028719091788,0.9997179508209229
TCGA:LUAD:TCGA-86-8674-01,LUAD,LUAD,0.00025455429567955434,0.00016883631178643554,0.00694495253264904,0.9926316738128662
TCGA:LUAD:TCGA-86-A456-01,LUAD,LUAD,1.6331958008208858e-08,5.6356110889055344e-09,1.6322697860005064e-08,0.9999999403953552
TCGA:LUAD:TCGA-86-A4D0-01,LUAD,LUAD,0.0002464175340719521,9.331551700597629e-05,0.0006282383692450821,0.9990320205688477
TCGA:LUAD:TCGA-86-A4JF-01,LUAD,LUAD,3.379797635716386e-05,1.1752129466913175e-05,3.496816134429537e-05,0.9999194741249084
TCGA:LUAD:TCGA-86-A4P7-01,LUAD,LUAD,8.957008685683832e-05,5.4665051720803604e-05,0.00013070713612250984,0.9997250437736511
TCGA:LUAD:TCGA-86-A4P8-01,LUAD,LUAD,0.004791317507624626,0.001850484637543559,0.008758959360420704,0.984599232673645
TCGA:LUAD:TCGA-91-6828-01,LUAD,LUAD,7.986859418451786e-05,3.339091927045956e-05,4.9422600568505004e-05,0.999837338924408
TCGA:LUAD:TCGA-91-6829-01,LUAD,LUAD,0.0065536582842469215,0.003071446903049946,0.014335885643959045,0.9760389924049377
TCGA:LUAD:TCGA-91-6830-01,LUAD,LUAD,0.00037147366674616933,0.0002977742697112262,0.005863524042069912,0.9934672117233276
TCGA:LUAD:TCGA-91-6831-01,LUAD,LUAD,5.735957074648468e-06,8.234874258050695e-07,7.684060619794764e-06,0.9999857544898987
TCGA:LUAD:TCGA-91-6835-01,LUAD,LUAD,3.123722490272485e-05,1.5883568266872317e-05,0.000355128722731024,0.9995977282524109
TCGA:LUAD:TCGA-91-6836-01,LUAD,LUAD,6.069794835639186e-06,4.22349472728456e-07,3.5894019674742594e-05,0.9999576210975647
TCGA:LUAD:TCGA-91-6840-01,LUAD,LUAD,0.00010310230572940782,2.924297223216854e-05,0.0006113987183198333,0.9992562532424927
TCGA:LUAD:TCGA-91-6847-01,LUAD,LUAD,0.2913719713687897,0.0004431111738085747,0.020759938284754753,0.6874249577522278
TCGA:LUAD:TCGA-91-6848-01,LUAD,LSCC,0.0005082661518827081,3.463793473201804e-05,0.9560539722442627,0.04340314120054245
TCGA:LUAD:TCGA-91-6849-01,LUAD,LUAD,2.565348466987416e-08,4.654421736915992e-09,1.360395884830723e-08,0.9999999403953552
TCGA:LUAD:TCGA-91-7771-01,LUAD,LUAD,0.0001251537469215691,9.051928645931184e-05,0.0021012125071138144,0.9976831078529358
TCGA:LUAD:TCGA-91-8496-01,LUAD,LUAD,7.467127005611474e-08,2.5611198495312237e-08,3.4129818970995984e-08,0.9999998807907104
TCGA:LUAD:TCGA-91-8497-01,LUAD,LUAD,5.721371465483571e-08,1.607092947608635e-08,4.8614886338782526e-08,0.9999998807907104
TCGA:LUAD:TCGA-91-8499-01,LUAD,LSCC,0.006543293129652739,0.0012147013330832124,0.8298894166946411,0.16235259175300598
TCGA:LUAD:TCGA-91-A4BC-01,LUAD,LUAD,8.195159466595214e-07,1.352181868696789e-07,1.2633381629711948e-05,0.9999864101409912
TCGA:LUAD:TCGA-91-A4BD-01,LUAD,LUAD,1.4146514331514481e-05,1.2884314855909906e-05,1.446024816686986e-05,0.9999585151672363
TCGA:LUAD:TCGA-93-7347-01,LUAD,LUAD,2.909247065474574e-08,7.651778766160078e-09,1.1863856563820718e-08,0.9999999403953552
TCGA:LUAD:TCGA-93-7348-01,LUAD,LUAD,1.5766394767524616e-07,4.894709704217348e-08,4.674978413277131e-07,0.9999993443489075
TCGA:LUAD:TCGA-93-8067-01,LUAD,LUAD,9.554650750942528e-05,6.424696039175615e-05,0.00043189036659896374,0.9994083046913147
TCGA:LUAD:TCGA-93-A4JN-01,LUAD,LUAD,1.38346038625059e-07,9.115814947335821e-08,1.3357133639146923e-06,0.9999984502792358
TCGA:LUAD:TCGA-93-A4JO-01,LUAD,LUAD,0.004996302537620068,0.002690353197976947,0.024983465671539307,0.9673298597335815
TCGA:LUAD:TCGA-93-A4JP-01,LUAD,LUAD,0.006188607309013605,0.0002562288718763739,0.0011317110620439053,0.9924234747886658
TCGA:LUAD:TCGA-93-A4JQ-01,LUAD,LUAD,4.98224726470653e-05,3.218460187781602e-05,0.0005578759009949863,0.9993601441383362
TCGA:LUAD:TCGA-95-7039-01,LUAD,LUAD,3.2198793633142486e-05,2.121386569342576e-05,7.558341894764453e-05,0.999871015548706
TCGA:LUAD:TCGA-95-7043-01,LUAD,LUAD,0.0006637544720433652,0.00010717941768234596,0.0008727286476641893,0.9983563423156738
TCGA:LUAD:TCGA-95-7562-01,LUAD,LUAD,0.00036253707366995513,0.00019542827794793993,0.0022820935118943453,0.9971599578857422
TCGA:LUAD:TCGA-95-7567-01,LUAD,LUAD,4.2081521200998395e-07,1.5430744326749846e-07,6.523735919472529e-06,0.9999929070472717
TCGA:LUAD:TCGA-95-7944-01,LUAD,LUAD,0.04294299706816673,0.02145424485206604,0.26546281576156616,0.6701399683952332
TCGA:LUAD:TCGA-95-7947-01,LUAD,LUAD,0.008471660315990448,0.004622281529009342,0.025960927829146385,0.9609451293945312
TCGA:LUAD:TCGA-95-7948-01,LUAD,LUAD,0.008291919715702534,0.0028853013645857573,0.010699711740016937,0.9781230688095093
TCGA:LUAD:TCGA-95-8039-01,LUAD,LUAD,6.920674167076868e-08,4.53377033693414e-08,1.5416723897487827e-07,0.9999997019767761
TCGA:LUAD:TCGA-95-8494-01,LUAD,LUAD,0.005951309110969305,0.002613593591377139,0.012594742700457573,0.9788403511047363
TCGA:LUAD:TCGA-95-A4VK-01,LUAD,LUAD,6.580117428711674e-08,5.527738622390643e-08,8.856398636680751e-08,0.9999997615814209
TCGA:LUAD:TCGA-95-A4VN-01,LUAD,LUAD,2.02824503503507e-05,1.0717970326368231e-05,8.156312833307311e-05,0.9998874068260193
TCGA:LUAD:TCGA-95-A4VP-01,LUAD,LUAD,4.298256044421578e-07,4.0330885298089925e-08,5.346963689589757e-07,0.9999989867210388
TCGA:LUAD:TCGA-97-7546-01,LUAD,LUAD,3.323576152070018e-07,7.75585604628759e-08,1.7077373968277243e-06,0.9999978542327881
TCGA:LUAD:TCGA-97-7547-01,LUAD,LUAD,3.1359104468720034e-05,1.334350417891983e-05,1.3656466762768105e-05,0.9999416470527649
TCGA:LUAD:TCGA-97-7552-01,LUAD,LUAD,9.82412231564922e-08,6.184107093076818e-08,3.758333377845702e-07,0.999999463558197
TCGA:LUAD:TCGA-97-7553-01,LUAD,LUAD,1.0122068516693616e-07,4.757844962455238e-08,8.368328394681157e-07,0.9999989867210388
TCGA:LUAD:TCGA-97-7554-01,LUAD,LUAD,0.00010235264198854566,3.350804036017507e-05,0.00018822337733581662,0.9996759295463562
TCGA:LUAD:TCGA-97-7937-01,LUAD,LUAD,4.71650309918914e-05,2.2551947040483356e-05,0.0006723621627315879,0.9992579221725464
TCGA:LUAD:TCGA-97-7938-01,LUAD,LUAD,4.815415621806096e-08,1.7206453151175083e-08,2.3847331931392546e-07,0.9999997019767761
TCGA:LUAD:TCGA-97-7941-01,LUAD,LUAD,6.828054756624624e-05,3.8387453969335184e-05,0.00019006177899427712,0.9997032880783081
TCGA:LUAD:TCGA-97-8171-01,LUAD,LUAD,5.055722067481838e-05,3.157664104946889e-05,9.493584366282448e-05,0.9998229146003723
TCGA:LUAD:TCGA-97-8172-01,LUAD,LUAD,6.100800237618387e-05,3.258016295148991e-05,9.235674951924011e-05,0.9998140335083008
TCGA:LUAD:TCGA-97-8174-01,LUAD,LUAD,0.0023489543236792088,0.0013765631010755897,0.0034472469706088305,0.9928272366523743
TCGA:LUAD:TCGA-97-8175-01,LUAD,LUAD,1.823448110371828e-05,7.496014859498246e-06,2.295426747878082e-05,0.9999513030052185
TCGA:LUAD:TCGA-97-8176-01,LUAD,LUAD,0.0002088297187583521,0.00013057437899988145,0.002425453858450055,0.997235119342804
TCGA:LUAD:TCGA-97-8177-01,LUAD,LUAD,0.0022368270438164473,0.001378752407617867,0.004522709641605616,0.9918617010116577
TCGA:LUAD:TCGA-97-8179-01,LUAD,LUAD,0.00011991959763690829,6.538697925861925e-05,0.00043534566066227853,0.9993793368339539
TCGA:LUAD:TCGA-97-8547-01,LUAD,LUAD,6.245016379580193e-07,4.8788745488081986e-08,2.638540479438234e-07,0.9999990463256836
TCGA:LUAD:TCGA-97-8552-01,LUAD,LUAD,2.1399633624241687e-05,1.0255178494844586e-05,4.266590622137301e-05,0.9999256730079651
TCGA:LUAD:TCGA-97-A4LX-01,LUAD,LUAD,2.6666299390853965e-07,1.016543720311347e-07,1.220503349941282e-06,0.9999983906745911
TCGA:LUAD:TCGA-97-A4M0-01,LUAD,LUAD,1.5083696780493483e-05,6.683766969217686e-06,1.8518803699407727e-05,0.9999597072601318
TCGA:LUAD:TCGA-97-A4M1-01,LUAD,LUAD,6.703411781927571e-05,4.9675032641971484e-05,5.219398008193821e-05,0.9998310804367065
TCGA:LUAD:TCGA-97-A4M2-01,LUAD,LUAD,0.0032396495807915926,0.0017317176098003983,0.009246832691133022,0.9857817888259888
TCGA:LUAD:TCGA-97-A4M3-01,LUAD,LUAD,1.8959775843541138e-05,1.0129252586921211e-05,4.108726716367528e-05,0.9999298453330994
TCGA:LUAD:TCGA-97-A4M5-01,LUAD,LUAD,2.2967722657085687e-07,1.6809744352030975e-07,3.98606152884895e-06,0.9999955892562866
TCGA:LUAD:TCGA-97-A4M6-01,LUAD,LUAD,0.00023380840138997883,0.00011317092867102474,0.0017575956881046295,0.9978954195976257
TCGA:LUAD:TCGA-97-A4M7-01,LUAD,LUAD,1.8701747706018068e-07,2.079119951758912e-07,1.8034479580819607e-06,0.9999977946281433
TCGA:LUAD:TCGA-99-7458-01,LUAD,LUAD,9.776109521908438e-08,7.289247605513083e-08,1.714549142661781e-07,0.9999996423721313
TCGA:LUAD:TCGA-99-8025-01,LUAD,LUAD,2.707839428239822e-07,6.247391581837292e-08,1.97699978343735e-06,0.9999976754188538
TCGA:LUAD:TCGA-99-8028-01,LUAD,LUAD,3.135079168714583e-06,1.8436545587974251e-06,0.000586558657232672,0.999408483505249
TCGA:LUAD:TCGA-99-8032-01,LUAD,LUAD,0.011383733712136745,0.002068846020847559,0.005737221334129572,0.9808102250099182
TCGA:LUAD:TCGA-99-8033-01,LUAD,LUAD,0.0036463821306824684,0.001575204310938716,0.004270236007869244,0.9905081987380981
TCGA:LUAD:TCGA-99-AA5R-01,LUAD,LUAD,0.00013532245066016912,0.0001128717849496752,0.00034579314524307847,0.9994060397148132
TCGA:LUAD:TCGA-J2-8192-01,LUAD,LUAD,0.00020478850638028234,0.0001226300373673439,0.0024103871546685696,0.997262179851532
TCGA:LUAD:TCGA-J2-8194-01,LUAD,LUAD,4.970831923856167e-07,1.8187678563208465e-07,1.61450316227274e-05,0.9999831914901733
TCGA:LUAD:TCGA-J2-A4AD-01,LUAD,LUAD,0.008084924891591072,0.003995625767856836,0.0664229542016983,0.9214965105056763
TCGA:LUAD:TCGA-J2-A4AE-01,LUAD,LUAD,6.707879407485962e-08,8.421738861841277e-09,2.5148706228605988e-08,0.9999998807907104
TCGA:LUAD:TCGA-J2-A4AG-01,LUAD,LUAD,6.196249557888223e-08,1.1655365561580311e-08,4.157649158287313e-08,0.9999998807907104
TCGA:LUAD:TCGA-L4-A4E5-01,LUAD,LUAD,8.192026143660769e-05,3.289597589173354e-05,8.898939995560795e-05,0.9997962117195129
TCGA:LUAD:TCGA-L4-A4E6-01,LUAD,LUAD,2.962850089716085e-07,2.4821710553624143e-07,6.3061715991352685e-06,0.9999931454658508
TCGA:LUAD:TCGA-L9-A443-01,LUAD,LUAD,6.43928797217086e-05,3.2209463824983686e-05,5.971304562990554e-05,0.9998436570167542
TCGA:LUAD:TCGA-L9-A444-01,LUAD,LUAD,6.491842441391782e-08,8.99478447280444e-09,2.5439721440534413e-08,0.9999998807907104
TCGA:LUAD:TCGA-L9-A50W-01,LUAD,LUAD,8.764970698393881e-05,3.4149274142691866e-05,5.85746493015904e-05,0.9998196363449097
TCGA:LUAD:TCGA-L9-A5IP-01,LUAD,LSCC,0.0053351810202002525,0.011834022589027882,0.7260026931762695,0.25682809948921204
TCGA:LUAD:TCGA-L9-A743-01,LUAD,LUAD,1.8474136595614254e-05,1.0475459930603392e-05,9.543291525915265e-05,0.9998756051063538
TCGA:LUAD:TCGA-L9-A7SV-01,LUAD,LUAD,7.969767466420308e-06,8.561179356547655e-07,0.0006567410309799016,0.999334454536438
TCGA:LUAD:TCGA-L9-A8F4-01,LUAD,LUAD,0.0005342200165614486,0.00020145041344221681,0.0016246383311226964,0.9976397156715393
TCGA:LUAD:TCGA-MN-A4N1-01,LUAD,LUAD,0.0001971644815057516,9.764656715560704e-05,0.001973165897652507,0.9977320432662964
TCGA:LUAD:TCGA-MN-A4N4-01,LUAD,LUAD,1.6424056639152695e-06,6.779335990358959e-07,8.640737360110506e-05,0.9999112486839294
TCGA:LUAD:TCGA-MN-A4N5-01,LUAD,LUAD,4.4579810491995886e-05,2.2934267690288834e-05,0.000311788113322109,0.9996206760406494
TCGA:LUAD:TCGA-MP-A4SV-01,LUAD,LUAD,2.383489317026033e-07,1.2033743246320228e-07,7.433105565723963e-06,0.9999921917915344
TCGA:LUAD:TCGA-MP-A4SW-01,LUAD,LUAD,1.2736193639284465e-05,5.535994205274619e-06,7.896291208453476e-06,0.9999738335609436
TCGA:LUAD:TCGA-MP-A4SY-01,LUAD,LUAD,1.562212190719947e-07,5.009454540072511e-08,9.237005542672705e-06,0.9999905824661255
TCGA:LUAD:TCGA-MP-A4T4-01,LUAD,LUAD,9.559347518006689e-07,2.0965345015611092e-07,0.0001710215728962794,0.9998278021812439
TCGA:LUAD:TCGA-MP-A4T6-01,LUAD,LUAD,7.709513027975845e-08,2.8091449166822713e-08,7.799253154416874e-08,0.9999998211860657
TCGA:LUAD:TCGA-MP-A4T7-01,LUAD,LUAD,4.569609518512152e-05,2.513419349270407e-05,4.777879439643584e-05,0.999881386756897
TCGA:LUAD:TCGA-MP-A4T8-01,LUAD,LUAD,0.0016857701120898128,0.0001692201622063294,0.000745012832339853,0.9973999857902527
TCGA:LUAD:TCGA-MP-A4T9-01,LUAD,LUAD,7.352007287408924e-07,2.9302449888746196e-07,1.593991146364715e-05,0.999983012676239
TCGA:LUAD:TCGA-MP-A4TA-01,LUAD,LUAD,0.00045187005889602005,0.0002398611541138962,0.002038753591477871,0.9972695112228394
TCGA:LUAD:TCGA-MP-A4TC-01,LUAD,LUAD,1.8324234360989067e-06,7.0049378564363e-07,8.655308920424432e-05,0.9999108910560608
TCGA:LUAD:TCGA-MP-A4TD-01,LUAD,LUAD,0.0020884114783257246,0.0011833913158625364,0.0024705033283680677,0.9942576885223389
TCGA:LUAD:TCGA-MP-A4TE-01,LUAD,LUAD,2.27793020712852e-06,1.3771574458587565e-07,2.8183542326587485e-06,0.9999947547912598
TCGA:LUAD:TCGA-MP-A4TF-01,LUAD,LUAD,5.839873665536288e-06,6.731810913152003e-07,7.145417475840077e-05,0.9999220371246338
TCGA:LUAD:TCGA-MP-A4TH-01,LUAD,LUAD,0.0018773518968373537,0.0010137299541383982,0.0011574114905670285,0.9959515333175659
TCGA:LUAD:TCGA-MP-A4TI-01,LUAD,LUAD,0.0006356362719088793,0.0003471650124993175,0.0235744621604681,0.9754427671432495
TCGA:LUAD:TCGA-MP-A4TJ-01,LUAD,LUAD,0.0001356486463919282,6.690257578156888e-05,0.0006568453973159194,0.9991406202316284
TCGA:LUAD:TCGA-MP-A4TK-01,LUAD,LUAD,2.014420033447095e-06,1.0628069730955758e-06,2.805702570185531e-05,0.9999688863754272
TCGA:LUAD:TCGA-MP-A5C7-01,LUAD,LUAD,0.0022813472896814346,0.0012005787575617433,0.0015124371275305748,0.9950056076049805
TCGA:LUAD:TCGA-NJ-A4YF-01,LUAD,LUAD,2.771251729427604e-06,9.413353296849891e-08,1.4457610859608394e-06,0.9999957084655762
TCGA:LUAD:TCGA-NJ-A4YG-01,LUAD,LUAD,0.002758950926363468,0.0011407127603888512,0.0018570892279967666,0.9942432641983032
TCGA:LUAD:TCGA-NJ-A4YI-01,LUAD,LUAD,4.0215604713012e-06,1.5370383721347025e-07,1.9462038380879676e-06,0.9999938607215881
TCGA:LUAD:TCGA-NJ-A4YP-01,LUAD,LUAD,8.505791129209683e-07,1.2847604011767544e-06,2.5256398657802492e-05,0.9999725818634033
TCGA:LUAD:TCGA-NJ-A4YQ-01,LUAD,LUAD,5.129915280122077e-06,1.0042009535027319e-06,1.4170138456393033e-05,0.9999796748161316
TCGA:LUAD:TCGA-NJ-A55A-01,LUAD,LUAD,5.407214302977081e-07,5.759730470344948e-07,7.1169361035572365e-06,0.999991774559021
TCGA:LUAD:TCGA-NJ-A55O-01,LUAD,LUAD,3.294408452347852e-05,8.474464266328141e-06,1.7044852938852273e-05,0.9999415278434753
TCGA:LUAD:TCGA-NJ-A55R-01,LUAD,LUAD,3.4908171073766425e-06,1.2075891220320045e-07,6.68581208174146e-07,0.9999957084655762
TCGA:LUAD:TCGA-NJ-A7XG-01,LUAD,LUAD,3.890818334184587e-08,8.19876433411082e-09,5.0581785870917884e-08,0.9999998807907104
TCGA:LUAD:TCGA-O1-A52J-01,LUAD,LUAD,0.0026762632187455893,0.0010683994041755795,0.00136448978446424,0.9948908686637878
TCGA:LUAD:TCGA-S2-AA1A-01,LUAD,LUAD,6.367563764797524e-05,2.223954288638197e-05,4.784037446370348e-05,0.999866247177124
TCGA:LSCC:TCGA-18-3406-01,LSCC,LSCC,2.0495497210504254e-07,8.246238394349348e-06,0.9999913573265076,1.988629207971826e-07
TCGA:LSCC:TCGA-18-3407-01,LSCC,LSCC,9.427149905150145e-08,1.3570570445153862e-07,0.9999995827674866,2.1291063490025408e-07
TCGA:LSCC:TCGA-18-3408-01,LSCC,LSCC,1.541368146718014e-05,2.023712295340374e-05,0.9999334812164307,3.085950083914213e-05
TCGA:LSCC:TCGA-18-3410-01,LSCC,LSCC,0.00012478599091991782,0.00013733892410527915,0.9995239973068237,0.0002138599520549178
TCGA:LSCC:TCGA-18-3411-01,LSCC,LSCC,3.3170422852890624e-07,1.4021333072378184e-07,0.9999993443489075,1.9768795311847498e-07
TCGA:LSCC:TCGA-18-3412-01,LSCC,LSCC,8.012617036001757e-05,0.00013562172534875572,0.999705970287323,7.826158253010362e-05
TCGA:LSCC:TCGA-18-3414-01,LSCC,LSCC,3.961544643971138e-05,3.6872486816719174e-05,0.9998761415481567,4.736969276564196e-05
TCGA:LSCC:TCGA-18-3415-01,LSCC,LSCC,0.001713625155389309,0.0019657358061522245,0.9950318932533264,0.001288717263378203
TCGA:LSCC:TCGA-18-3416-01,LSCC,LSCC,0.012770622968673706,0.09209439158439636,0.8889910578727722,0.006143911741673946
TCGA:LSCC:TCGA-18-3417-01,LSCC,LSCC,0.0001525760890217498,0.00012462939776014537,0.9993874430656433,0.00033532228553667665
TCGA:LSCC:TCGA-18-3419-01,LSCC,LSCC,0.00033272249856963754,0.44201457500457764,0.5568681955337524,0.0007844826905056834
TCGA:LSCC:TCGA-18-3421-01,LSCC,LSCC,0.003653831547126174,0.00298484624363482,0.9847045540809631,0.008656787686049938
TCGA:LSCC:TCGA-18-4083-01,LSCC,LSCC,1.3017871424381156e-05,2.266214505652897e-05,0.9999521374702454,1.2171879461675417e-05
TCGA:LSCC:TCGA-18-4086-01,LSCC,LSCC,6.922042672385942e-08,1.6111272316265968e-07,0.9999997019767761,4.6094339012370256e-08
TCGA:LSCC:TCGA-18-4721-01,LSCC,LSCC,0.0017524423310533166,0.0014400762738659978,0.9954206943511963,0.0013867836678400636
TCGA:LSCC:TCGA-18-5592-01,LSCC,LSCC,0.00010874534928007051,0.0019215232459828258,0.99789959192276,7.013507274677977e-05
TCGA:LSCC:TCGA-21-1071-01,LSCC,LSCC,1.9135713955620304e-05,1.245594467036426e-05,0.9999537467956543,1.4676011232950259e-05
TCGA:LSCC:TCGA-21-1072-01,LSCC,LSCC,2.59560183621943e-05,0.00022475126024801284,0.9997284412384033,2.0868790670647286e-05
TCGA:LSCC:TCGA-21-1075-01,LSCC,LSCC,0.0015048192581161857,0.0013558947248384356,0.9959993362426758,0.0011399673530831933
TCGA:LSCC:TCGA-21-1076-01,LSCC,LSCC,1.1322279647174582e-07,1.561127618288083e-07,0.9999995231628418,2.210686744774648e-07
TCGA:LSCC:TCGA-21-1079-01,LSCC,HNSCC,6.88974978402257e-05,0.8494405746459961,0.1504722535610199,1.8293507309863344e-05
TCGA:LSCC:TCGA-21-1080-01,LSCC,LSCC,3.4862097209042986e-08,9.297738046143422e-08,0.9999997615814209,1.3543230181767285e-07
TCGA:LSCC:TCGA-21-1081-01,LSCC,LSCC,1.2098476531718916e-07,4.451555923878914e-06,0.9999951720237732,2.520908140013489e-07
TCGA:LSCC:TCGA-21-1082-01,LSCC,LSCC,3.7036667777101684e-07,1.1828602737296023e-06,0.9999968409538269,1.5960571317918948e-06
TCGA:LSCC:TCGA-21-5782-01,LSCC,LSCC,1.7834428945207037e-05,5.356682595447637e-05,0.9999235272407532,5.078359208710026e-06
TCGA:LSCC:TCGA-21-5783-01,LSCC,LSCC,0.0008983382140286267,0.002847931580618024,0.9956308603286743,0.0006228821002878249
TCGA:LSCC:TCGA-21-5784-01,LSCC,LSCC,1.6385042727051768e-06,1.5121496289793868e-05,0.9999738335609436,9.395143933943473e-06
TCGA:LSCC:TCGA-21-5786-01,LSCC,LSCC,2.7363500976207433e-07,1.9717133909580298e-05,0.9999799728393555,6.27698071298255e-08
TCGA:LSCC:TCGA-21-5787-01,LSCC,LUAD,0.0005329506238922477,4.3437688873382285e-05,0.034003227949142456,0.9654203653335571
TCGA:LSCC:TCGA-22-0940-01,LSCC,LSCC,1.619201412950133e-07,6.829790777374001e-08,0.9999990463256836,7.427017862937646e-07
TCGA:LSCC:TCGA-22-0944-01,LSCC,LSCC,8.801029025562457e-07,4.6763110731262714e-05,0.9999510049819946,1.3710712210013298e-06
TCGA:LSCC:TCGA-22-1000-01,LSCC,LSCC,0.0012769604800269008,0.002825532341375947,0.9877856373786926,0.008111841976642609
TCGA:LSCC:TCGA-22-1002-01,LSCC,LSCC,3.9506747270934284e-05,5.109815174364485e-05,0.9998186230659485,9.074555418919772e-05
TCGA:LSCC:TCGA-22-1005-01,LSCC,LUAD,0.0006200208445079625,0.000360553473001346,0.02224918268620968,0.9767702221870422
TCGA:LSCC:TCGA-22-1011-01,LSCC,LSCC,0.00033923573209904134,0.001371484948322177,0.9976832866668701,0.0006060012965463102
TCGA:LSCC:TCGA-22-1012-01,LSCC,LSCC,0.002421370707452297,0.00430451100692153,0.9917135834693909,0.001560534001328051
TCGA:LSCC:TCGA-22-1016-01,LSCC,LSCC,8.808034908724949e-05,6.714791379636154e-05,0.9993481040000916,0.0004966428386978805
TCGA:LSCC:TCGA-22-1017-01,LSCC,LUAD,0.004032033961266279,0.0023575855884701014,0.01961812749505043,0.9739922285079956
TCGA:LSCC:TCGA-22-4591-01,LSCC,LSCC,0.000133847031975165,9.211333963321522e-05,0.9924140572547913,0.007359964307397604
TCGA:LSCC:TCGA-22-4593-01,LSCC,LSCC,6.085357426854898e-07,5.287753992888611e-06,0.9999936819076538,4.110768827558786e-07
TCGA:LSCC:TCGA-22-4594-01,LSCC,LUAD,0.004444395657628775,0.00223610014654696,0.017615605145692825,0.9757038950920105
TCGA:LSCC:TCGA-22-4595-01,LSCC,LSCC,3.5484112004269264e-07,1.6827946183184395e-06,0.9999971389770508,8.342710202668968e-07
TCGA:LSCC:TCGA-22-4596-01,LSCC,LUAD,3.7095262541697593e-06,7.075486223584448e-07,0.0014365953393280506,0.9985589981079102
TCGA:LSCC:TCGA-22-4599-01,LSCC,LSCC,0.002204393967986107,0.0031366324983537197,0.9930687546730042,0.00159020209684968
TCGA:LSCC:TCGA-22-4601-01,LSCC,LSCC,0.00012790494656655937,0.00011703360360115767,0.9995843172073364,0.00017077030497603118
TCGA:LSCC:TCGA-22-4604-01,LSCC,LSCC,1.3884834970667725e-07,8.331667231686879e-06,0.9999914765357971,4.871066749956299e-08
TCGA:LSCC:TCGA-22-4605-01,LSCC,LSCC,0.0002731525164563209,0.0006028802017681301,0.998321533203125,0.0008024573908187449
TCGA:LSCC:TCGA-22-4607-01,LSCC,LSCC,0.009790626354515553,0.027802862226963043,0.955937922000885,0.006468582898378372
TCGA:LSCC:TCGA-22-4609-01,LSCC,LSCC,0.00020884317927993834,0.00028048857348039746,0.9990132451057434,0.000497433531563729
TCGA:LSCC:TCGA-22-4613-01,LSCC,LSCC,2.1915448087383993e-05,2.0229656001902185e-05,0.9998582005500793,9.962684998754412e-05
TCGA:LSCC:TCGA-22-5471-01,LSCC,LSCC,9.912702080328017e-05,0.0031719154212623835,0.9966661930084229,6.275538908084854e-05
TCGA:LSCC:TCGA-22-5472-01,LSCC,LSCC,1.0956627193081658e-05,2.343540108995512e-05,0.9967784285545349,0.0031871763058006763
TCGA:LSCC:TCGA-22-5473-01,LSCC,LSCC,9.78743130986004e-08,1.524083330650683e-07,0.9999986886978149,1.0791634394990979e-06
TCGA:LSCC:TCGA-22-5474-01,LSCC,LSCC,0.0033879061229526997,0.0046965074725449085,0.9892284274101257,0.0026871822774410248
TCGA:LSCC:TCGA-22-5477-01,LSCC,LSCC,0.001852983026765287,0.0011953602079302073,0.994918704032898,0.002032945631071925
TCGA:LSCC:TCGA-22-5478-01,LSCC,LSCC,7.393043688352918e-07,9.739060402580435e-08,0.9998506903648376,0.00014845030091237277
TCGA:LSCC:TCGA-22-5479-01,LSCC,LSCC,0.0002908723836299032,0.016148153692483902,0.9832837581634521,0.0002771860745269805
TCGA:LSCC:TCGA-22-5480-01,LSCC,LSCC,1.4630046507591032e-06,2.9881931595809874e-07,0.9999970197677612,1.2199589036754332e-06
TCGA:LSCC:TCGA-22-5481-01,LSCC,LSCC,0.15073232352733612,0.024533916264772415,0.4657762944698334,0.3589574694633484
TCGA:LSCC:TCGA-22-5482-01,LSCC,LSCC,5.278333219393971e-07,0.0010830984683707356,0.9989157319068909,6.404895316336479e-07
TCGA:LSCC:TCGA-22-5483-01,LSCC,LSCC,0.0005128418561071157,0.0014250861713662744,0.9934636354446411,0.004598422907292843
TCGA:LSCC:TCGA-22-5485-01,LSCC,LSCC,1.0498742852860232e-07,9.767181552433613e-08,0.9999992847442627,4.841009513256722e-07
TCGA:LSCC:TCGA-22-5489-01,LSCC,LSCC,6.396625394700095e-05,2.256888365081977e-05,0.9998874068260193,2.605299414426554e-05
TCGA:LSCC:TCGA-22-5491-01,LSCC,LSCC,1.5146176338021178e-05,0.021795619279146194,0.9781290292739868,6.0231410316191614e-05
TCGA:LSCC:TCGA-22-5492-01,LSCC,LSCC,0.00010315381223335862,9.287853754358366e-05,0.9995333552360535,0.0002706049708649516
TCGA:LSCC:TCGA-22-A5C4-01,LSCC,LSCC,1.2841586567446939e-06,3.779228450184746e-07,0.9999839067459106,1.4432181160373148e-05
TCGA:LSCC:TCGA-33-4532-01,LSCC,LSCC,1.7091337213059887e-05,3.6853518395219e-05,0.9999213218688965,2.4709730496397242e-05
TCGA:LSCC:TCGA-33-4533-01,LSCC,LSCC,8.072524360613897e-05,4.67542304249946e-05,0.9998672604560852,5.257832981442334e-06
TCGA:LSCC:TCGA-33-4538-01,LSCC,LSCC,8.378448546864092e-05,0.0009824816370382905,0.9988216161727905,0.00011208837531739846
TCGA:LSCC:TCGA-33-4547-01,LSCC,LSCC,1.8050150174531154e-05,9.525039786240086e-06,0.9999533295631409,1.9102493752143346e-05
TCGA:LSCC:TCGA-33-4566-01,LSCC,LSCC,0.0001675280655035749,0.00018931165686808527,0.9031422138214111,0.0965009331703186
TCGA:LSCC:TCGA-33-4582-01,LSCC,LSCC,2.4060635041678324e-05,4.632438503904268e-05,0.9998759627342224,5.363396121538244e-05
TCGA:LSCC:TCGA-33-4583-01,LSCC,LSCC,7.82739633109486e-08,1.9586354937928263e-06,0.9999979138374329,5.292753968433317e-08
TCGA:LSCC:TCGA-33-4586-01,LSCC,LSCC,5.0566114850880695e-08,9.140807577523447e-08,0.9999997615814209,7.84197453640445e-08
TCGA:LSCC:TCGA-33-4587-01,LSCC,LSCC,0.40785160660743713,0.0011280933395028114,0.5618332028388977,0.029187098145484924
TCGA:LSCC:TCGA-33-4589-01,LSCC,HNSCC,1.8003795048571192e-05,0.9870898723602295,0.01288785319775343,4.261376943759387e-06
TCGA:LSCC:TCGA-33-6738-01,LSCC,LSCC,0.01723669283092022,0.0066171190701425076,0.9457457065582275,0.03040046989917755
TCGA:LSCC:TCGA-33-A4WN-01,LSCC,LSCC,1.4422949789150152e-05,3.0438148314715363e-05,0.9999420046806335,1.3115350157022476e-05
TCGA:LSCC:TCGA-33-A5GW-01,LSCC,LSCC,1.5832445399155404e-07,1.8237934682474588e-06,0.9999974370002747,5.560855242947582e-07
TCGA:LSCC:TCGA-33-AAS8-01,LSCC,LSCC,9.557282464811578e-05,9.162838978227228e-05,0.9996103048324585,0.00020251685054972768
TCGA:LSCC:TCGA-33-AASB-01,LSCC,LSCC,0.0013398162554949522,0.0006512729451060295,0.6173965930938721,0.380612313747406
TCGA:LSCC:TCGA-33-AASD-01,LSCC,LSCC,0.0002713640278670937,0.04177673161029816,0.9577569365501404,0.00019493802392389625
TCGA:LSCC:TCGA-33-AASI-01,LSCC,LSCC,4.233433719491586e-05,6.873265192552935e-06,0.9981833100318909,0.0017675113631412387
TCGA:LSCC:TCGA-33-AASJ-01,LSCC,LSCC,0.00013208441669121385,0.0009888827335089445,0.9987952709197998,8.373946911888197e-05
TCGA:LSCC:TCGA-33-AASL-01,LSCC,HNSCC,2.1602936612907797e-05,0.7791200876235962,0.22085553407669067,2.794805141093093e-06
TCGA:LSCC:TCGA-34-2596-01,LSCC,LSCC,6.405566921330319e-08,2.5944240533704033e-08,0.9999998807907104,4.099158701365013e-08
TCGA:LSCC:TCGA-34-2600-01,LSCC,LSCC,0.00010182857658946887,0.0001611228217370808,0.9996750950813293,6.198030314408243e-05
TCGA:LSCC:TCGA-34-2608-01,LSCC,LSCC,0.002430384512990713,0.0018927182536572218,0.9895460605621338,0.006130855530500412
TCGA:LSCC:TCGA-34-5231-01,LSCC,LSCC,0.00013366309576667845,0.0002718933392316103,0.9995115995407104,8.282801718451083e-05
TCGA:LSCC:TCGA-34-5232-01,LSCC,LSCC,1.6684744252870587e-07,8.240720603680529e-07,0.9999987483024597,2.7558539272831695e-07
TCGA:LSCC:TCGA-34-5234-01,LSCC,LSCC,0.006285722367465496,0.00925162248313427,0.9316895604133606,0.05277309939265251
TCGA:LSCC:TCGA-34-5236-01,LSCC,LSCC,9.29195849153075e-08,3.98362999476376e-06,0.9999958872795105,3.307256690732174e-08
TCGA:LSCC:TCGA-34-5239-01,LSCC,LSCC,1.3244699630377e-06,1.278570471185958e-05,0.999984622001648,1.2458015135052847e-06
TCGA:LSCC:TCGA-34-5240-01,LSCC,LSCC,4.111080488655716e-05,3.389347330085002e-05,0.9998694658279419,5.5508669902337715e-05
TCGA:LSCC:TCGA-34-5241-01,LSCC,LSCC,0.0022868444211781025,0.0018007468897849321,0.9938782453536987,0.002034140517935157
TCGA:LSCC:TCGA-34-5927-01,LSCC,LSCC,2.738079274422489e-06,5.878634510736447e-06,0.9999706745147705,2.069586298603099e-05
TCGA:LSCC:TCGA-34-5928-01,LSCC,LSCC,1.1741871475123844e-07,3.542187698712951e-08,0.9999998211860657,5.1582912163894434e-08
TCGA:LSCC:TCGA-34-5929-01,LSCC,LSCC,6.857128482806729e-07,8.297474209939537e-07,0.9999980330467224,4.5934558556837146e-07
TCGA:LSCC:TCGA-34-7107-01,LSCC,LSCC,1.32875470626459e-07,4.853020527662011e-07,0.9999991655349731,2.3888338773758733e-07
TCGA:LSCC:TCGA-34-8454-01,LSCC,LSCC,3.551331610651687e-05,4.2768057028297335e-05,0.9997969269752502,0.00012478011194616556
TCGA:LSCC:TCGA-34-8455-01,LSCC,LSCC,6.612989091081545e-05,0.00010933722660411149,0.9995708465576172,0.0002536598185542971
TCGA:LSCC:TCGA-34-8456-01,LSCC,LSCC,2.8259458773050028e-08,2.738574700344998e-08,0.9999999403953552,1.9773752413243528e-08
TCGA:LSCC:TCGA-34-A5IX-01,LSCC,LSCC,0.0030320051591843367,0.0031989417038857937,0.9910963177680969,0.002672710223123431
TCGA:LSCC:TCGA-37-3783-01,LSCC,LSCC,0.004735293332487345,0.021989820525050163,0.9701350927352905,0.003139783162623644
TCGA:LSCC:TCGA-37-3789-01,LSCC,LSCC,0.0002824302646331489,0.01601235382258892,0.9834967851638794,0.00020845502149313688
TCGA:LSCC:TCGA-37-3792-01,LSCC,LSCC,0.0003768199239857495,0.0006971423863433301,0.9701988697052002,0.02872716449201107
TCGA:LSCC:TCGA-37-4129-01,LSCC,BRCA,0.42050763964653015,0.04184761643409729,0.3054670989513397,0.23217764496803284
TCGA:LSCC:TCGA-37-4130-01,LSCC,LUAD,0.003357144771143794,0.0007034728769212961,0.02934448793530464,0.9665948748588562
TCGA:LSCC:TCGA-37-4132-01,LSCC,LSCC,0.0026056915521621704,0.0007189214811660349,0.9536218643188477,0.043053533881902695
TCGA:LSCC:TCGA-37-4133-01,LSCC,LSCC,0.002515234285965562,0.0030442234128713608,0.9893843531608582,0.005056170281022787
TCGA:LSCC:TCGA-37-4135-01,LSCC,LSCC,2.70674627245171e-06,2.5631828748373664e-07,0.9999935626983643,3.4898926060122903e-06
TCGA:LSCC:TCGA-37-4141-01,LSCC,LSCC,0.030057480558753014,0.0004766842757817358,0.9532107710838318,0.016255073249340057
TCGA:LSCC:TCGA-37-5819-01,LSCC,LSCC,4.802929834113456e-05,2.4436503736069426e-05,0.7427756190299988,0.25715190172195435
TCGA:LSCC:TCGA-37-A5EL-01,LSCC,LSCC,0.021150704473257065,0.14940832555294037,0.8168124556541443,0.012628525495529175
TCGA:LSCC:TCGA-37-A5EN-01,LSCC,LSCC,0.002481954637914896,0.003919550683349371,0.9920907020568848,0.0015078169526532292
TCGA:LSCC:TCGA-39-5011-01,LSCC,LUAD,1.1240381354582496e-06,1.6977682548713346e-07,0.00019554422760847956,0.9998031854629517
TCGA:LSCC:TCGA-39-5016-01,LSCC,LSCC,2.3684984626015648e-05,9.698860230855644e-05,0.9998592138290405,2.0133922589593567e-05
TCGA:LSCC:TCGA-39-5019-01,LSCC,LSCC,1.4604303032683674e-05,2.0822271835641004e-05,0.9999533295631409,1.1224205081816763e-05
TCGA:LSCC:TCGA-39-5021-01,LSCC,LSCC,0.001606007688678801,0.0012367505114525557,0.9956152439117432,0.0015419890405610204
TCGA:LSCC:TCGA-39-5022-01,LSCC,LSCC,1.2459317986213136e-06,7.127553089958383e-07,0.9999963045120239,1.74464616975456e-06
TCGA:LSCC:TCGA-39-5024-01,LSCC,LSCC,0.0002845616836566478,0.000513794831931591,0.9980104565620422,0.0011912040645256639
TCGA:LSCC:TCGA-39-5027-01,LSCC,LSCC,0.002118953736498952,0.0016540526412427425,0.9936550259590149,0.002571969060227275
TCGA:LSCC:TCGA-39-5028-01,LSCC,LSCC,2.095493437082041e-05,0.0005243478226475418,0.9988784193992615,0.0005762878572568297
TCGA:LSCC:TCGA-39-5029-01,LSCC,LSCC,3.478738221929234e-07,3.4426088291183987e-07,0.9999970197677612,2.3005875391390873e-06
TCGA:LSCC:TCGA-39-5030-01,LSCC,LSCC,2.8650259991991334e-05,2.2803487809142098e-05,0.9999327659606934,1.580461503181141e-05
TCGA:LSCC:TCGA-39-5031-01,LSCC,LSCC,0.004246971569955349,0.0035957572981715202,0.9894981980323792,0.0026590763591229916
TCGA:LSCC:TCGA-39-5034-01,LSCC,LUAD,1.2342304671619786e-06,2.9315367555682315e-07,0.00026726495707407594,0.999731183052063
TCGA:LSCC:TCGA-39-5035-01,LSCC,LSCC,0.00022668123710900545,0.0002883784763980657,0.9993147850036621,0.00017015999765135348
TCGA:LSCC:TCGA-39-5036-01,LSCC,LSCC,4.9272589563997826e-08,9.700004710566645e-08,0.9999995827674866,2.6712132239481434e-07
TCGA:LSCC:TCGA-39-5037-01,LSCC,LSCC,4.977936214345391e-07,4.2586366362229455e-06,0.9999948143959045,4.560476440929051e-07
TCGA:LSCC:TCGA-39-5039-01,LSCC,LSCC,0.0008407604182139039,0.0009116970468312502,0.9488733410835266,0.049374211579561234
TCGA:LSCC:TCGA-39-5040-01,LSCC,LSCC,0.003229309106245637,0.0004387061926536262,0.9890853762626648,0.007246623747050762
TCGA:LSCC:TCGA-43-2576-01,LSCC,LUAD,0.0005748510593548417,0.00011631259985733777,0.004261705558747053,0.9950471520423889
TCGA:LSCC:TCGA-43-2578-01,LSCC,LSCC,0.00019334987155161798,7.228524918900803e-05,0.8848965167999268,0.11483785510063171
TCGA:LSCC:TCGA-43-2581-01,LSCC,LUAD,0.0048044896684587,0.0023338901810348034,0.027632789686322212,0.9652288556098938
TCGA:LSCC:TCGA-43-3394-01,LSCC,LSCC,1.2781128134520259e-05,2.0251982277841307e-05,0.9999531507492065,1.3825533642375376e-05
TCGA:LSCC:TCGA-43-3920-01,LSCC,LSCC,1.6404061398134218e-07,9.518596471025376e-07,0.9999986290931702,2.2857705062051537e-07
TCGA:LSCC:TCGA-43-5668-01,LSCC,LSCC,0.00020497698278632015,2.0596962713170797e-05,0.8458873629570007,0.1538870632648468
TCGA:LSCC:TCGA-43-5670-01,LSCC,LSCC,0.010640287771821022,0.2511623203754425,0.7324855327606201,0.0057118660770356655
TCGA:LSCC:TCGA-43-6143-01,LSCC,LSCC,0.00011682623880915344,0.00019988870189990848,0.9995698928833008,0.00011338867625454441
TCGA:LSCC:TCGA-43-6647-01,LSCC,LSCC,0.003700213273987174,0.002324767177924514,0.9913663268089294,0.002608705312013626
TCGA:LSCC:TCGA-43-6770-01,LSCC,LSCC,4.49041290266905e-05,4.520231595961377e-05,0.9998756647109985,3.4227956348331645e-05
TCGA:LSCC:TCGA-43-6771-01,LSCC,HNSCC,3.122722773696296e-05,0.9974036812782288,0.0025461071636527777,1.897609945444856e-05
TCGA:LSCC:TCGA-43-6773-01,LSCC,LSCC,3.989129595538543e-07,4.2489514839871845e-07,0.9999909400939941,8.22311358206207e-06
TCGA:LSCC:TCGA-43-7656-01,LSCC,LSCC,0.0023610719945281744,0.0007914045709185302,0.9964504241943359,0.0003971054102294147
TCGA:LSCC:TCGA-43-7657-01,LSCC,LSCC,9.412232611794025e-05,0.0003835794050246477,0.9994845986366272,3.7717458326369524e-05
TCGA:LSCC:TCGA-43-7658-01,LSCC,LSCC,0.0018519606674090028,7.826519868103787e-05,0.9796919822692871,0.01837778650224209
TCGA:LSCC:TCGA-43-8115-01,LSCC,LSCC,0.00018072624516207725,0.00040875811828300357,0.9992758631706238,0.00013465028314385563
TCGA:LSCC:TCGA-43-8116-01,LSCC,LSCC,2.009493618970737e-05,3.135591032332741e-05,0.9999045729637146,4.397307202452794e-05
TCGA:LSCC:TCGA-43-8118-01,LSCC,LSCC,0.0027503292076289654,0.002087024739012122,0.9891190528869629,0.006043573841452599
TCGA:LSCC:TCGA-43-A474-01,LSCC,LSCC,5.5529122619191185e-05,0.0010586520656943321,0.9988508224487305,3.500356979202479e-05
TCGA:LSCC:TCGA-43-A475-01,LSCC,LSCC,6.207622209331021e-05,5.767586480942555e-05,0.999809980392456,7.02966281096451e-05
TCGA:LSCC:TCGA-43-A56U-01,LSCC,LSCC,4.170424745097989e-06,6.186977770994417e-06,0.9998378753662109,0.00015174722648225725
TCGA:LSCC:TCGA-43-A56V-01,LSCC,LSCC,2.4325245249201544e-05,4.353391705080867e-05,0.9998924136161804,3.971099067712203e-05
TCGA:LSCC:TCGA-46-3765-01,LSCC,LSCC,1.9758583221118897e-05,1.587045881024096e-05,0.9999393224716187,2.506918644940015e-05
TCGA:LSCC:TCGA-46-3766-01,LSCC,LSCC,1.1347582358212094e-06,3.795615555191034e-07,0.99996417760849,3.4283570130355656e-05
TCGA:LSCC:TCGA-46-3767-01,LSCC,LSCC,1.4085560906096362e-05,9.217643309966661e-06,0.9999657273292542,1.0947554983431473e-05
TCGA:LSCC:TCGA-46-3768-01,LSCC,LSCC,0.0019383752951398492,0.0013441464398056269,0.9946562647819519,0.0020612324588000774
TCGA:LSCC:TCGA-46-3769-01,LSCC,LSCC,1.3096929478706443e-06,6.058782560103282e-07,0.9999895691871643,8.511931810062379e-06
TCGA:LSCC:TCGA-46-6025-01,LSCC,LSCC,8.766446262598038e-05,0.0004256136598996818,0.9993565678596497,0.00013016602315474302
TCGA:LSCC:TCGA-46-6026-01,LSCC,LSCC,0.00021744525292888284,0.0008239985327236354,0.9987055659294128,0.00025301575078628957
TCGA:LSCC:TCGA-51-4079-01,LSCC,LSCC,3.767519984876344e-08,1.5876888426191726e-07,0.9999997615814209,2.2191645854263697e-08
TCGA:LSCC:TCGA-51-4080-01,LSCC,LSCC,4.89867634314578e-05,9.627753752283752e-05,0.9998227953910828,3.1924148061079904e-05
TCGA:LSCC:TCGA-51-4081-01,LSCC,LSCC,1.6156438675807294e-07,7.851681402826216e-06,0.9999918937683105,6.50583942274352e-08
TCGA:LSCC:TCGA-52-7622-01,LSCC,LSCC,0.00243527558632195,0.0018528872169554234,0.989682137966156,0.006029682233929634
TCGA:LSCC:TCGA-52-7809-01,LSCC,LSCC,1.3888767114167422e-07,5.865624430612115e-08,0.9999976754188538,2.103889528370928e-06
TCGA:LSCC:TCGA-52-7810-01,LSCC,LSCC,4.141919873745792e-07,4.458328476175666e-06,0.9999950528144836,9.219738927868093e-08
TCGA:LSCC:TCGA-52-7811-01,LSCC,LSCC,7.264367013704032e-05,0.00010117356578120962,0.9997233152389526,0.0001028494953061454
TCGA:LSCC:TCGA-52-7812-01,LSCC,LUAD,4.196380541543476e-05,3.087249206146225e-05,0.0004957955097779632,0.9994313716888428
TCGA:LSCC:TCGA-56-1622-01,LSCC,LSCC,0.00013330922229215503,0.0004556404601316899,0.9974127411842346,0.0019983244128525257
TCGA:LSCC:TCGA-56-5897-01,LSCC,LSCC,0.0001357618602924049,0.0008264406933449209,0.9989493489265442,8.847623394103721e-05
TCGA:LSCC:TCGA-56-5898-01,LSCC,LSCC,7.512556976507767e-08,3.584823389246594e-07,0.9999992847442627,2.8572389965120237e-07
TCGA:LSCC:TCGA-56-6545-01,LSCC,LSCC,0.0025435364805161953,0.0015076634008437395,0.9943392872810364,0.001609527738764882
TCGA:LSCC:TCGA-56-6546-01,LSCC,LSCC,9.38364100875333e-05,0.0001220588237629272,0.9842530488967896,0.015531049109995365
TCGA:LSCC:TCGA-56-7221-01,LSCC,LSCC,8.468194891975145e-07,2.0222458260832354e-05,0.999972939491272,6.015981853124686e-06
TCGA:LSCC:TCGA-56-7222-01,LSCC,LSCC,4.714570991382061e-07,1.2971333944733487e-06,0.9999856352806091,1.2576407243614085e-05
TCGA:LSCC:TCGA-56-7223-01,LSCC,LSCC,0.00424747122451663,0.0037519203033298254,0.9797871708869934,0.012213459238409996
TCGA:LSCC:TCGA-56-7579-01,LSCC,LSCC,0.0003892713284585625,0.021913975477218628,0.9774264097213745,0.0002703468780964613
TCGA:LSCC:TCGA-56-7580-01,LSCC,LSCC,0.001931424718350172,0.0023790495470166206,0.9933081269264221,0.002381427213549614
TCGA:LSCC:TCGA-56-7582-01,LSCC,LSCC,7.532649419772497e-07,0.0005456762737594545,0.9994533061981201,2.568949071246607e-07
TCGA:LSCC:TCGA-56-7730-01,LSCC,LSCC,2.6536037367463905e-08,2.5328048991468677e-08,0.9999999403953552,2.323319492347764e-08
TCGA:LSCC:TCGA-56-7731-01,LSCC,LSCC,0.00011063723650295287,7.562326936749741e-05,0.9989285469055176,0.0008851666934788227
TCGA:LSCC:TCGA-56-7822-01,LSCC,LSCC,2.724646037677303e-07,8.22755100671202e-06,0.9999909996986389,5.053904033047729e-07
TCGA:LSCC:TCGA-56-7823-01,LSCC,LSCC,8.906907896744087e-05,0.0007739674183540046,0.9990341067314148,0.00010285264579579234
TCGA:LSCC:TCGA-56-8082-01,LSCC,LSCC,0.0026502383407205343,0.002036684425547719,0.9927043914794922,0.002608662936836481
TCGA:LSCC:TCGA-56-8083-01,LSCC,LSCC,0.0001416388840880245,9.265507105737925e-05,0.9984011650085449,0.001364555791951716
TCGA:LSCC:TCGA-56-8201-01,LSCC,LSCC,2.4200414827646455e-06,3.083676119786105e-06,0.9999898672103882,4.600864485837519e-06
TCGA:LSCC:TCGA-56-8304-01,LSCC,LSCC,2.295831222909328e-07,6.422855676646577e-06,0.9999926686286926,6.538098773489764e-07
TCGA:LSCC:TCGA-56-8305-01,LSCC,LSCC,1.7879185179481283e-05,8.146269829012454e-05,0.9998876452445984,1.2994201824767515e-05
TCGA:LSCC:TCGA-56-8307-01,LSCC,LSCC,0.009266606532037258,0.0123732415959239,0.9713596701622009,0.007000498007982969
TCGA:LSCC:TCGA-56-8308-01,LSCC,LSCC,0.0016844080528244376,0.0014217325951904058,0.9956365823745728,0.0012572597479447722
TCGA:LSCC:TCGA-56-8309-01,LSCC,LSCC,2.3126639803194848e-07,1.2253669012807222e-07,0.9999780058860779,2.163984754588455e-05
TCGA:LSCC:TCGA-56-8503-01,LSCC,LSCC,1.1851450381072937e-06,1.1504205758683383e-05,0.9999871253967285,1.7043014111095545e-07
TCGA:LSCC:TCGA-56-8504-01,LSCC,LSCC,0.0019220737740397453,0.0019216127693653107,0.9948917627334595,0.0012645372189581394
TCGA:LSCC:TCGA-56-8622-01,LSCC,LSCC,0.00035845855018123984,0.002415424445644021,0.9963670969009399,0.0008590258075855672
TCGA:LSCC:TCGA-56-8623-01,LSCC,LUAD,1.2142513696744572e-05,1.1031854228349403e-05,0.06203869730234146,0.9379381537437439
TCGA:LSCC:TCGA-56-8624-01,LSCC,LSCC,2.438387355141458e-06,3.2729333270253846e-06,0.999992847442627,1.4515281918647815e-06
TCGA:LSCC:TCGA-56-8625-01,LSCC,LSCC,2.0460024074964167e-07,1.2412024830155133e-07,0.9999983310699463,1.3620776826428482e-06
TCGA:LSCC:TCGA-56-8626-01,LSCC,LSCC,0.0029998752288520336,0.0018003315199166536,0.9921305775642395,0.003069191938266158
TCGA:LSCC:TCGA-56-8628-01,LSCC,LSCC,5.928638347540982e-05,3.810456473729573e-05,0.9997093081474304,0.00019330736540723592
TCGA:LSCC:TCGA-56-8629-01,LSCC,LSCC,2.8825706976931542e-06,7.597025160066551e-06,0.9999877214431763,1.8259515854879282e-06
TCGA:LSCC:TCGA-56-A49D-01,LSCC,LSCC,8.117425022646785e-05,0.00012001634604530409,0.9991329908370972,0.0006658310303464532
TCGA:LSCC:TCGA-56-A4BW-01,LSCC,LSCC,0.003394559258595109,0.0025420452002435923,0.990213930606842,0.0038494847249239683
TCGA:LSCC:TCGA-56-A4BX-01,LSCC,LSCC,7.360062568295689e-07,0.0002184567420044914,0.9997803568840027,4.6262445607681e-07
TCGA:LSCC:TCGA-56-A4BY-01,LSCC,LSCC,1.3701921375286474e-07,1.6012012338251225e-07,0.9999980926513672,1.6063620478234952e-06
TCGA:LSCC:TCGA-56-A4ZJ-01,LSCC,LSCC,0.004654574673622847,0.003617808921262622,0.9398353099822998,0.051892321556806564
TCGA:LSCC:TCGA-56-A4ZK-01,LSCC,LSCC,0.00011183566675754264,0.0006610737182199955,0.9991567730903625,7.03179175616242e-05
TCGA:LSCC:TCGA-56-A5DR-01,LSCC,LSCC,1.5111359630282095e-07,3.064838267619052e-07,0.9999986886978149,8.831018476485042e-07
TCGA:LSCC:TCGA-56-A5DS-01,LSCC,LSCC,0.0032604499720036983,0.002399845514446497,0.9918143153190613,0.0025254033971577883
TCGA:LSCC:TCGA-56-A62T-01,LSCC,LSCC,1.8350065147387795e-05,0.05456817150115967,0.9453941583633423,1.9301085558254272e-05
TCGA:LSCC:TCGA-58-8386-01,LSCC,LSCC,2.587479139037896e-05,5.2499453886412084e-05,0.99986332654953,5.830178633914329e-05
TCGA:LSCC:TCGA-58-8387-01,LSCC,LSCC,3.618229675339535e-05,0.00018319173250347376,0.9996765851974487,0.00010403518535895273
TCGA:LSCC:TCGA-58-8388-01,LSCC,LSCC,1.1505861948535312e-05,1.5612872630299535e-06,0.99995356798172,3.336365261930041e-05
TCGA:LSCC:TCGA-58-8390-01,LSCC,LSCC,0.00482441671192646,0.0022873086854815483,0.9913502335548401,0.00153804337605834
TCGA:LSCC:TCGA-58-8391-01,LSCC,LSCC,6.669830554528744e-08,1.2358761125597084e-07,0.9999996423721313,1.9330884981627605e-07
TCGA:LSCC:TCGA-58-8392-01,LSCC,LSCC,1.7742037016432732e-05,4.534628169494681e-05,0.999923050403595,1.3852753909304738e-05
TCGA:LSCC:TCGA-58-8393-01,LSCC,LSCC,3.587836181395687e-05,1.9290939235361293e-05,0.9999029040336609,4.194755092612468e-05
TCGA:LSCC:TCGA-58-A46J-01,LSCC,LSCC,0.00011703049676725641,0.00013717953697778285,0.9990401864051819,0.0007056227186694741
TCGA:LSCC:TCGA-58-A46K-01,LSCC,LSCC,5.180805828786106e-08,7.542934099546983e-08,0.9999998211860657,6.752095771389577e-08
TCGA:LSCC:TCGA-58-A46L-01,LSCC,LSCC,1.882691975652051e-07,9.989234058593865e-06,0.9999896883964539,1.179286641672661e-07
TCGA:LSCC:TCGA-58-A46M-01,LSCC,LSCC,0.002101116580888629,0.037644580006599426,0.9591996073722839,0.001054678694345057
TCGA:LSCC:TCGA-58-A46N-01,LSCC,LSCC,0.00014594360254704952,0.009497186169028282,0.9902703762054443,8.647879440104589e-05
TCGA:LSCC:TCGA-60-2695-01,LSCC,LSCC,0.00021662308427039534,2.6996340238838457e-05,0.9904462099075317,0.009310154244303703
TCGA:LSCC:TCGA-60-2697-01,LSCC,LSCC,0.0008342608925886452,0.0007176944054663181,0.9525675177574158,0.04588053375482559
TCGA:LSCC:TCGA-60-2698-01,LSCC,LSCC,1.2794846959707229e-08,3.344452537135112e-08,0.9999999403953552,1.3118466313244426e-08
TCGA:LSCC:TCGA-60-2703-01,LSCC,LSCC,1.2523164514277596e-06,3.421712619910977e-07,0.9999710917472839,2.7338965082890354e-05
TCGA:LSCC:TCGA-60-2704-01,LSCC,LSCC,7.746187691282103e-08,1.2015691197575507e-07,0.9999995231628418,2.690898099899641e-07
TCGA:LSCC:TCGA-60-2706-01,LSCC,LUAD,0.0005452560726553202,0.00026844063540920615,0.018629545345902443,0.9805567860603333
TCGA:LSCC:TCGA-60-2707-01,LSCC,LSCC,0.00897968839854002,0.008893162943422794,0.9558612108230591,0.026265960186719894
TCGA:LSCC:TCGA-60-2708-01,LSCC,LSCC,2.746986069723789e-07,2.065648732241243e-05,0.9999786615371704,4.2528009203124384e-07
TCGA:LSCC:TCGA-60-2709-01,LSCC,LSCC,1.1775515673662085e-08,1.1237435870725676e-08,0.9999999403953552,7.4186243814722275e-09
TCGA:LSCC:TCGA-60-2710-01,LSCC,LSCC,6.893994577694684e-05,8.38438281789422e-05,0.9997347593307495,0.00011247420479776338
TCGA:LSCC:TCGA-60-2711-01,LSCC,LSCC,4.1467308619758114e-05,5.7793717132881284e-05,0.9998494386672974,5.1290458941366524e-05
TCGA:LSCC:TCGA-60-2713-01,LSCC,LSCC,7.609621388837695e-05,0.0008139479323290288,0.9990617632865906,4.821503534913063e-05
TCGA:LSCC:TCGA-60-2714-01,LSCC,LUAD,4.855742008658126e-05,4.1175611841026694e-05,0.00042965429020114243,0.9994806051254272
TCGA:LSCC:TCGA-60-2716-01,LSCC,LSCC,0.0006358349928632379,0.003872562199831009,0.9926564693450928,0.0028351377695798874
TCGA:LSCC:TCGA-60-2719-01,LSCC,LSCC,1.6089672953967238e-06,1.5290225974240457e-06,0.999992311000824,4.540220743365353e-06
TCGA:LSCC:TCGA-60-2720-01,LSCC,LSCC,2.273563040944282e-05,3.7312776839826256e-05,0.9999101758003235,2.9766013540211134e-05
TCGA:LSCC:TCGA-60-2721-01,LSCC,LSCC,2.4280629418171884e-07,6.651746843999717e-06,0.9999925494194031,5.487879661814077e-07
TCGA:LSCC:TCGA-60-2722-01,LSCC,LSCC,0.0027388434391468763,0.010375804267823696,0.9856553673744202,0.0012299725785851479
TCGA:LSCC:TCGA-60-2723-01,LSCC,LSCC,0.002704569837078452,0.0016632751794531941,0.9874978065490723,0.008134325966238976
TCGA:LSCC:TCGA-60-2724-01,LSCC,LSCC,0.0004963395767845213,0.07177050411701202,0.9272850155830383,0.0004481608630158007
TCGA:LSCC:TCGA-60-2725-01,LSCC,LSCC,0.00011553767399163917,9.77326781139709e-05,0.9997140169143677,7.270659989444539e-05
TCGA:LSCC:TCGA-60-2726-01,LSCC,LSCC,4.111723228561459e-08,4.1653990479062486e-08,0.9999998211860657,8.440416365829151e-08
TCGA:LSCC:TCGA-63-5128-01,LSCC,LSCC,6.081390893086791e-05,0.00016206885629799217,0.9997256398200989,5.1465671276673675e-05
TCGA:LSCC:TCGA-63-5131-01,LSCC,LSCC,0.0034939260222017765,0.003749182680621743,0.9843520522117615,0.008404867723584175
TCGA:LSCC:TCGA-63-6202-01,LSCC,LUAD,6.066824425943196e-06,3.3929431992874015e-06,0.04748003929853439,0.9525104761123657
TCGA:LSCC:TCGA-63-7020-01,LSCC,LSCC,4.298644000755303e-07,3.6806233083552797e-07,0.9999604225158691,3.880617441609502e-05
TCGA:LSCC:TCGA-63-7021-01,LSCC,LSCC,0.002390486653894186,0.006675171200186014,0.989407479763031,0.0015268785646185279
TCGA:LSCC:TCGA-63-7022-01,LSCC,LSCC,3.8629050180816193e-08,2.4178858026857597e-08,0.9999998211860657,9.011286294935417e-08
TCGA:LSCC:TCGA-63-7023-01,LSCC,LSCC,2.509488240320934e-06,4.020325377496192e-06,0.9999826550483704,1.0814566849148832e-05
TCGA:LSCC:TCGA-63-A5M9-01,LSCC,LSCC,1.0381032211626007e-07,3.251270541682061e-08,0.9999997615814209,1.2431098639353877e-07
TCGA:LSCC:TCGA-63-A5MB-01,LSCC,LSCC,7.712071965215728e-05,8.808017446426675e-05,0.9997586011886597,7.619192183483392e-05
TCGA:LSCC:TCGA-63-A5MG-01,LSCC,LSCC,8.280939596261305e-07,3.7950289879518095e-06,0.9999753832817078,2.0019253497594036e-05
TCGA:LSCC:TCGA-63-A5MH-01,LSCC,LSCC,3.9777140045771375e-05,0.005134427919983864,0.994818925857544,6.8473423198156524e-06
TCGA:LSCC:TCGA-63-A5MI-01,LSCC,LSCC,3.5568259448837125e-08,6.77608156252063e-08,0.9999997019767761,1.898953740919751e-07
TCGA:LSCC:TCGA-63-A5MJ-01,LSCC,LSCC,0.0012462298618629575,0.04752997308969498,0.9505503177642822,0.0006734638591296971
TCGA:LSCC:TCGA-63-A5ML-01,LSCC,LSCC,1.6988598872558214e-05,1.5011862160463352e-05,0.9999375343322754,3.0465687814285047e-05
TCGA:LSCC:TCGA-63-A5MM-01,LSCC,LSCC,0.00046449940418824553,0.003010215936228633,0.9961769580841064,0.0003483397013042122
TCGA:LSCC:TCGA-63-A5MN-01,LSCC,LSCC,4.02820369345136e-05,1.9288700059405528e-05,0.5448938012123108,0.4550466239452362
TCGA:LSCC:TCGA-63-A5MP-01,LSCC,LSCC,6.565425536564362e-09,3.987533414573363e-09,1.0,9.382474353003545e-09
TCGA:LSCC:TCGA-63-A5MR-01,LSCC,LSCC,2.169407764540665e-07,4.7926845581969246e-05,0.9999517202377319,1.1231834662339679e-07
TCGA:LSCC:TCGA-63-A5MS-01,LSCC,LSCC,7.271483326576345e-08,1.8583438787800333e-08,0.9999998211860657,7.499162535395953e-08
TCGA:LSCC:TCGA-63-A5MT-01,LSCC,LSCC,5.337913171388209e-05,4.608307790476829e-05,0.9995406866073608,0.0003598493931349367
TCGA:LSCC:TCGA-63-A5MU-01,LSCC,LSCC,0.00017338982434011996,0.0200213510543108,0.9797096252441406,9.562446939526126e-05
TCGA:LSCC:TCGA-63-A5MV-01,LSCC,LSCC,4.5142789417695894e-07,3.807357416008017e-06,0.9999954700469971,2.6589609092297906e-07
TCGA:LSCC:TCGA-63-A5MW-01,LSCC,LSCC,0.012258022092282772,0.03470659255981445,0.9473000168800354,0.005735345184803009
TCGA:LSCC:TCGA-63-A5MY-01,LSCC,LSCC,0.00018745912529993802,0.0005877400981262326,0.9989643692970276,0.0002604276523925364
TCGA:LSCC:TCGA-66-2727-01,LSCC,LSCC,1.0517702264678519e-07,8.310266252919973e-08,0.999999463558197,3.226851390536467e-07
TCGA:LSCC:TCGA-66-2734-01,LSCC,LSCC,5.0959915398607336e-08,1.948467520662689e-08,0.9999998807907104,2.934739207205439e-08
TCGA:LSCC:TCGA-66-2737-01,LSCC,LSCC,8.92201423852157e-09,2.5712774132102822e-08,0.9999999403953552,4.201804237879969e-09
TCGA:LSCC:TCGA-66-2742-01,LSCC,LSCC,6.48687346256338e-05,5.4173171520233154e-05,0.9997079968452454,0.00017296172154601663
TCGA:LSCC:TCGA-66-2744-01,LSCC,LSCC,0.00601922394707799,0.004134980030357838,0.9701706767082214,0.019675128161907196
TCGA:LSCC:TCGA-66-2753-01,LSCC,LSCC,0.002018457744270563,0.0013431182596832514,0.9948482513427734,0.0017901487881317735
TCGA:LSCC:TCGA-66-2754-01,LSCC,LUAD,0.001151692122220993,0.0005397702916525304,0.2658292055130005,0.7324793338775635
TCGA:LSCC:TCGA-66-2755-01,LSCC,LSCC,0.0005310201668180525,0.0003341294068377465,0.998928427696228,0.00020640779985114932
TCGA:LSCC:TCGA-66-2756-01,LSCC,LUAD,0.016528891399502754,0.008082098327577114,0.10487789660692215,0.8705111145973206
TCGA:LSCC:TCGA-66-2757-01,LSCC,LSCC,0.023792633786797523,0.004559286870062351,0.9594789147377014,0.012169180437922478
TCGA:LSCC:TCGA-66-2758-01,LSCC,LSCC,0.002169376239180565,0.0016332847299054265,0.9941383600234985,0.002058964455500245
TCGA:LSCC:TCGA-66-2759-01,LSCC,LSCC,3.924477098848911e-08,1.8612427084008232e-06,0.9999980330467224,4.1802621808528784e-08
TCGA:LSCC:TCGA-66-2763-01,LSCC,LSCC,0.00011660294694593176,0.00026698605506680906,0.9992896318435669,0.0003267802530899644
TCGA:LSCC:TCGA-66-2765-01,LSCC,LSCC,3.3552504419276374e-07,2.756530420811032e-06,0.9999948740005493,2.0585152924468275e-06
TCGA:LSCC:TCGA-66-2766-01,LSCC,LSCC,1.3223256019045948e-06,2.937172757810913e-05,0.9999673366546631,1.968288870557444e-06
TCGA:LSCC:TCGA-66-2767-01,LSCC,LSCC,1.8227783016300236e-07,3.7108276274011587e-07,0.9999988675117493,5.996041636535665e-07
TCGA:LSCC:TCGA-66-2768-01,LSCC,LSCC,0.009177155792713165,0.2471875548362732,0.7377057075500488,0.005929568316787481
TCGA:LSCC:TCGA-66-2769-01,LSCC,LSCC,0.002694572089239955,0.0019442111952230334,0.991699755191803,0.003661450929939747
TCGA:LSCC:TCGA-66-2770-01,LSCC,LSCC,4.558918226393871e-05,4.677363540395163e-05,0.9998694658279419,3.814574665739201e-05
TCGA:LSCC:TCGA-66-2771-01,LSCC,LSCC,0.0030105765908956528,0.002183143049478531,0.9873315691947937,0.0074747223407030106
TCGA:LSCC:TCGA-66-2773-01,LSCC,LSCC,5.911543485126458e-05,4.278121195966378e-05,0.9997573494911194,0.00014073334750719368
TCGA:LSCC:TCGA-66-2777-01,LSCC,LSCC,6.187467533891322e-07,5.022434379498009e-07,0.9999790787696838,1.9808290744549595e-05
TCGA:LSCC:TCGA-66-2778-01,LSCC,LSCC,1.8920334696304053e-05,3.9181788451969624e-05,0.9998704791069031,7.139326044125482e-05
TCGA:LSCC:TCGA-66-2780-01,LSCC,LSCC,1.175496393557296e-07,1.232751714042024e-07,0.9999995231628418,2.1118169968303846e-07
TCGA:LSCC:TCGA-66-2781-01,LSCC,LSCC,8.010322005702619e-08,1.2267302906820987e-07,0.9999997615814209,6.507449512582753e-08
TCGA:LSCC:TCGA-66-2782-01,LSCC,LSCC,0.0023909681476652622,0.001971956342458725,0.9937872290611267,0.001849858439527452
TCGA:LSCC:TCGA-66-2783-01,LSCC,LSCC,2.032147313002497e-05,4.408279346534982e-05,0.9999108910560608,2.470115759933833e-05
TCGA:LSCC:TCGA-66-2785-01,LSCC,LSCC,0.0006712564500048757,4.049504241265822e-06,0.9990734457969666,0.00025121899670921266
TCGA:LSCC:TCGA-66-2786-01,LSCC,LSCC,1.6514806020495598e-06,8.192949394469906e-07,0.9996660351753235,0.00033146614441648126
TCGA:LSCC:TCGA-66-2787-01,LSCC,LSCC,1.8378555921572115e-07,7.41174090990171e-08,0.9999997019767761,4.771095163391692e-08
TCGA:LSCC:TCGA-66-2788-01,LSCC,LSCC,0.003312567016109824,0.0034448972437530756,0.9891350865364075,0.0041074310429394245
TCGA:LSCC:TCGA-66-2789-01,LSCC,LSCC,8.21274923623605e-08,6.210216696445059e-08,0.9999996423721313,2.2967857660205482e-07
TCGA:LSCC:TCGA-66-2790-01,LSCC,LSCC,0.0002579145657364279,0.000285571557469666,0.9989252686500549,0.0005312325083650649
TCGA:LSCC:TCGA-66-2791-01,LSCC,LSCC,1.4234512946131872e-07,3.2152078688341135e-07,0.9999990463256836,4.7483851517426956e-07
TCGA:LSCC:TCGA-66-2792-01,LSCC,LSCC,3.000155084009748e-05,0.00010419895261293277,0.9998398423194885,2.5972185540013015e-05
TCGA:LSCC:TCGA-66-2793-01,LSCC,LSCC,4.978288779966533e-05,5.555009556701407e-05,0.9996291399002075,0.00026553659699857235
TCGA:LSCC:TCGA-66-2794-01,LSCC,LSCC,1.8386256783742283e-07,1.7961430387458677e-07,0.9999974966049194,2.1132964320713654e-06
TCGA:LSCC:TCGA-66-2795-01,LSCC,LSCC,4.5194741687737405e-05,2.840403249138035e-05,0.9998926520347595,3.375394226168282e-05
TCGA:LSCC:TCGA-66-2800-01,LSCC,LSCC,1.65378278325079e-05,1.367495769954985e-05,0.9999400973320007,2.9680684747290798e-05
TCGA:LSCC:TCGA-68-7755-01,LSCC,LSCC,0.029334940016269684,0.1920621693134308,0.7638721466064453,0.01473076269030571
TCGA:LSCC:TCGA-68-7756-01,LSCC,LSCC,4.210686165606603e-05,6.398942787200212e-05,0.9998347759246826,5.9108948335051537e-05
TCGA:LSCC:TCGA-68-7757-01,LSCC,LSCC,2.352687715756474e-06,6.928682523721363e-06,0.9999094009399414,8.130080823320895e-05
TCGA:LSCC:TCGA-68-8250-01,LSCC,LSCC,0.004155704285949469,0.0022764834575355053,0.976935088634491,0.016632718965411186
TCGA:LSCC:TCGA-68-8251-01,LSCC,LSCC,2.8401606755323883e-07,5.140894359101367e-07,0.9999988079071045,4.0611067220197583e-07
TCGA:LSCC:TCGA-68-A59I-01,LSCC,LSCC,0.0001865165977505967,0.0005744209629483521,0.9987075328826904,0.0005315138259902596
TCGA:LSCC:TCGA-68-A59J-01,LSCC,LSCC,3.216609184164554e-05,3.386152457096614e-05,0.9998244643211365,0.00010947971168207005
TCGA:LSCC:TCGA-6A-AB49-01,LSCC,LSCC,0.03090025670826435,0.03432809188961983,0.8726206421852112,0.0621509775519371
TCGA:LSCC:TCGA-70-6722-01,LSCC,LSCC,0.0003355911758262664,0.0001928234560182318,0.9960913062095642,0.003380265086889267
TCGA:LSCC:TCGA-70-6723-01,LSCC,LSCC,0.0030866344459354877,0.013650378212332726,0.9809297919273376,0.0023331977427005768
TCGA:LSCC:TCGA-77-6842-01,LSCC,LSCC,1.673524934631132e-06,9.261020750273019e-07,0.9999424815177917,5.492948548635468e-05
TCGA:LSCC:TCGA-77-6843-01,LSCC,LSCC,3.0145774871925823e-05,0.00017025960551109165,0.9997568130493164,4.277755942894146e-05
TCGA:LSCC:TCGA-77-6844-01,LSCC,LSCC,0.00356394168920815,0.0029691646341234446,0.99032062292099,0.0031462518963962793
TCGA:LSCC:TCGA-77-6845-01,LSCC,LSCC,0.00010092374577652663,7.920050120446831e-05,0.9996724128723145,0.0001474831224186346
TCGA:LSCC:TCGA-77-7138-01,LSCC,LSCC,3.949769234168343e-05,0.033641964197158813,0.9662503004074097,6.820943235652521e-05
TCGA:LSCC:TCGA-77-7139-01,LSCC,LSCC,0.00020143907750025392,0.0005819655489176512,0.9990553855895996,0.00016118117491714656
TCGA:LSCC:TCGA-77-7140-01,LSCC,LSCC,2.603426992209279e-06,2.188942198699806e-05,0.9999720454216003,3.4677195799304172e-06
TCGA:LSCC:TCGA-77-7141-01,LSCC,LSCC,0.0013732071965932846,0.00023602350847795606,0.9982604384422302,0.00013032794231548905
TCGA:LSCC:TCGA-77-7142-01,LSCC,LSCC,1.4194242794474121e-06,1.7276186099479673e-06,0.9999474883079529,4.937583798891865e-05
TCGA:LSCC:TCGA-77-7335-01,LSCC,LSCC,1.554541768200579e-06,1.4811486835242249e-05,0.9999812841415405,2.358409119551652e-06
TCGA:LSCC:TCGA-77-7337-01,LSCC,LSCC,0.00047965694102458656,0.04829137772321701,0.9509323835372925,0.00029656264814548194
TCGA:LSCC:TCGA-77-7338-01,LSCC,LSCC,1.564832382427994e-05,2.4599987227702513e-05,0.999943733215332,1.6036445231293328e-05
TCGA:LSCC:TCGA-77-7463-01,LSCC,LSCC,2.32459296256593e-08,7.539326674077529e-08,0.9999998807907104,2.5545874748900133e-08
TCGA:LSCC:TCGA-77-7465-01,LSCC,LSCC,0.004985745530575514,0.00228319875895977,0.9900824427604675,0.002648597117513418
TCGA:LSCC:TCGA-77-8007-01,LSCC,LUAD,0.0003167731629218906,0.00023025755945127457,0.0008042403496801853,0.9986487030982971
TCGA:LSCC:TCGA-77-8008-01,LSCC,LSCC,4.707808614057285e-07,1.290130694542313e-05,0.9999860525131226,6.045065106263792e-07
TCGA:LSCC:TCGA-77-8009-01,LSCC,LSCC,3.711900717462413e-05,0.0002923371794167906,0.9996440410614014,2.6493369659874588e-05
TCGA:LSCC:TCGA-77-8128-01,LSCC,LSCC,0.00011890562018379569,0.00875968299806118,0.99098140001297,0.0001400038308929652
TCGA:LSCC:TCGA-77-8130-01,LSCC,LSCC,0.00010424522042740136,0.0008132483344525099,0.998965859413147,0.00011662274482659996
TCGA:LSCC:TCGA-77-8131-01,LSCC,LSCC,0.0008564852178096771,0.00200810469686985,0.9962011575698853,0.0009342354023829103
TCGA:LSCC:TCGA-77-8133-01,LSCC,LSCC,0.0029954127967357635,0.0206767488270998,0.974250316619873,0.0020775117445737123
TCGA:LSCC:TCGA-77-8136-01,LSCC,LSCC,2.4871606001397595e-05,3.241140802856535e-05,0.9999130368232727,2.970728382933885e-05
TCGA:LSCC:TCGA-77-8138-01,LSCC,LSCC,6.617307803935546e-07,5.54166206256923e-07,0.9999918341636658,6.937334092071978e-06
TCGA:LSCC:TCGA-77-8139-01,LSCC,LSCC,0.00019221972615923733,0.002316778991371393,0.9973154067993164,0.00017559589468874037
TCGA:LSCC:TCGA-77-8140-01,LSCC,LSCC,9.750727940627257e-07,8.121643872982531e-07,0.9999865889549255,1.1613226888584904e-05
TCGA:LSCC:TCGA-77-8143-01,LSCC,LSCC,0.01002521999180317,0.015195142477750778,0.9546299576759338,0.020149698480963707
TCGA:LSCC:TCGA-77-8144-01,LSCC,HNSCC,0.0016916755121201277,0.604211151599884,0.3930862247943878,0.0010109494905918837
TCGA:LSCC:TCGA-77-8145-01,LSCC,LSCC,0.0026615322567522526,0.0023957123048603535,0.9927695989608765,0.002173134358599782
TCGA:LSCC:TCGA-77-8148-01,LSCC,LSCC,0.00014812032168265432,0.001387330936267972,0.9983937740325928,7.076500332914293e-05
TCGA:LSCC:TCGA-77-8150-01,LSCC,LSCC,8.667377926485642e-09,1.3199100479255321e-08,1.0,3.5520359986662697e-09
TCGA:LSCC:TCGA-77-8153-01,LSCC,LSCC,1.0349503298812124e-07,5.453147764455935e-07,0.9999992847442627,5.8967493998807186e-08
TCGA:LSCC:TCGA-77-8154-01,LSCC,LSCC,0.0022498038597404957,0.0018275958718732,0.9944871068000793,0.001435517449863255
TCGA:LSCC:TCGA-77-8156-01,LSCC,LSCC,2.2662826282271453e-08,2.2459673232333444e-08,0.9999999403953552,1.2492806789055066e-08
TCGA:LSCC:TCGA-77-A5FZ-01,LSCC,LUAD,0.000851087796036154,0.000486631179228425,0.40254127979278564,0.5961210131645203
TCGA:LSCC:TCGA-77-A5G1-01,LSCC,LSCC,3.958315573981963e-06,1.973294956769678e-06,0.9999579191207886,3.6174031265545636e-05
TCGA:LSCC:TCGA-77-A5G3-01,LSCC,LSCC,2.3993694412638433e-05,0.0006128892418928444,0.9993415474891663,2.158624556614086e-05
TCGA:LSCC:TCGA-77-A5G6-01,LSCC,LSCC,1.4278606741413569e-08,2.5196246866698857e-08,0.9999999403953552,3.393986602873156e-08
TCGA:LSCC:TCGA-77-A5G7-01,LSCC,LSCC,0.0022310002241283655,0.0022968717385083437,0.9923601746559143,0.0031119463965296745
TCGA:LSCC:TCGA-77-A5G8-01,LSCC,LSCC,4.557019201456569e-05,9.197370673064142e-05,0.9998268485069275,3.563076097634621e-05
TCGA:LSCC:TCGA-77-A5GB-01,LSCC,LSCC,1.2190424740765593e-06,0.00016180209058802575,0.9998354315757751,1.5289855355149484e-06
TCGA:LSCC:TCGA-77-A5GF-01,LSCC,LSCC,0.004526559729129076,0.009806412272155285,0.9835892915725708,0.00207774480804801
TCGA:LSCC:TCGA-77-A5GH-01,LSCC,LSCC,0.005010474938899279,0.0040825423784554005,0.9855377674102783,0.0053691985085606575
TCGA:LSCC:TCGA-79-5596-01,LSCC,HNSCC,0.027487417683005333,0.49971503019332886,0.4625607132911682,0.010236852802336216
TCGA:LSCC:TCGA-85-6175-01,LSCC,LSCC,0.00010393239062977955,5.787196641904302e-05,0.9998012781143188,3.6897505196975544e-05
TCGA:LSCC:TCGA-85-6560-01,LSCC,LSCC,0.04327927157282829,0.02175397053360939,0.8844457268714905,0.050521038472652435
TCGA:LSCC:TCGA-85-6561-01,LSCC,LSCC,0.002057379577308893,0.002361494116485119,0.9943200349807739,0.0012610650155693293
TCGA:LSCC:TCGA-85-6798-01,LSCC,LSCC,1.9065968444920145e-05,8.607050403952599e-05,0.9998822808265686,1.2576333574543241e-05
TCGA:LSCC:TCGA-85-7696-01,LSCC,LSCC,1.9399506356876373e-07,1.5641934680843406e-07,0.999998927116394,7.314298500205041e-07
TCGA:LSCC:TCGA-85-7697-01,LSCC,LSCC,0.0003733569465111941,0.015903741121292114,0.983370840549469,0.0003520650789141655
TCGA:LSCC:TCGA-85-7698-01,LSCC,LSCC,1.976661820890513e-07,1.2216852155688684e-05,0.9999874234199524,1.714842738920197e-07
TCGA:LSCC:TCGA-85-7699-01,LSCC,LSCC,0.00020927305740769953,0.0010818924056366086,0.9987029433250427,5.912855613132706e-06
TCGA:LSCC:TCGA-85-7710-01,LSCC,LSCC,2.5733454549481394e-06,2.190123268519528e-06,0.99998939037323,5.848994987900369e-06
TCGA:LSCC:TCGA-85-7843-01,LSCC,LSCC,2.1886184242703166e-07,4.6951470721978694e-05,0.9999523758888245,4.3384360992604343e-07
TCGA:LSCC:TCGA-85-7844-01,LSCC,LSCC,5.7639579608803615e-05,5.93551121710334e-05,0.9997842311859131,9.876827243715525e-05
TCGA:LSCC:TCGA-85-7950-01,LSCC,LSCC,8.859928129822947e-06,3.337425732752308e-05,0.9999491572380066,8.58256134961266e-06
TCGA:LSCC:TCGA-85-8048-01,LSCC,LSCC,9.267056157113984e-05,5.633075852529146e-05,0.9996994733810425,0.00015152990818023682
TCGA:LSCC:TCGA-85-8049-01,LSCC,LSCC,4.604049536283128e-05,0.0002763666561804712,0.9995540976524353,0.00012351218902040273
TCGA:LSCC:TCGA-85-8052-01,LSCC,LSCC,6.715493938713735e-09,5.696700888790929e-09,1.0,3.737013365423536e-09
TCGA:LSCC:TCGA-85-8070-01,LSCC,LSCC,0.0052061257883906364,0.006221703253686428,0.9839158058166504,0.0046563767828047276
TCGA:LSCC:TCGA-85-8071-01,LSCC,LSCC,9.852427638179506e-07,0.0006360856932587922,0.9993603825569153,2.5448664473515237e-06
TCGA:LSCC:TCGA-85-8072-01,LSCC,LSCC,6.36741315247491e-05,4.173880006419495e-05,0.9996617436408997,0.00023286919167730957
TCGA:LSCC:TCGA-85-8276-01,LSCC,LSCC,1.3713097359868698e-05,2.1748892322648317e-05,0.9999496340751648,1.4877289686410222e-05
TCGA:LSCC:TCGA-85-8277-01,LSCC,LSCC,1.0686200766940601e-05,1.3287452929944266e-05,0.9999628663063049,1.3161278729967307e-05
TCGA:LSCC:TCGA-85-8287-01,LSCC,LSCC,4.0684776081434393e-07,1.1753980544426668e-07,0.9999988675117493,6.260758595999505e-07
TCGA:LSCC:TCGA-85-8288-01,LSCC,LSCC,9.940929430740653e-07,1.2311793398112059e-05,0.9999854564666748,1.2489281289163046e-06
TCGA:LSCC:TCGA-85-8350-01,LSCC,LSCC,0.000155277390149422,0.0003594845184125006,0.9993447065353394,0.000140507792821154
TCGA:LSCC:TCGA-85-8351-01,LSCC,LSCC,5.067379902357061e-07,6.617231633754272e-07,0.9999881386756897,1.0668570212146733e-05
TCGA:LSCC:TCGA-85-8352-01,LSCC,LSCC,0.009168513119220734,0.0042188032530248165,0.9796800017356873,0.006932688876986504
TCGA:LSCC:TCGA-85-8353-01,LSCC,LSCC,1.262980191540919e-07,1.2099438606583135e-07,0.9999995231628418,2.5321682528556266e-07
TCGA:LSCC:TCGA-85-8354-01,LSCC,LSCC,5.5333952531100294e-08,1.9227293535095669e-07,0.9999996423721313,1.2350818678896758e-07
TCGA:LSCC:TCGA-85-8355-01,LSCC,LSCC,0.0001255938404938206,0.00022379544680006802,0.999455988407135,0.00019464870274532586
TCGA:LSCC:TCGA-85-8479-01,LSCC,LSCC,7.980199370649643e-06,0.1953052431344986,0.8046793937683105,7.36539959689253e-06
TCGA:LSCC:TCGA-85-8481-01,LSCC,LSCC,0.00019558850908651948,0.0005175695987418294,0.9989431500434875,0.00034368052729405463
TCGA:LSCC:TCGA-85-8580-01,LSCC,LSCC,0.002347539411857724,0.002346860943362117,0.9928625822067261,0.002443010453134775
TCGA:LSCC:TCGA-85-8582-01,LSCC,LSCC,0.0001513687166152522,0.003865613369271159,0.9958750605583191,0.00010796701826620847
TCGA:LSCC:TCGA-85-8584-01,LSCC,LUAD,6.245425902307034e-05,2.840014894900378e-05,0.0002426904975436628,0.9996664524078369
TCGA:LSCC:TCGA-85-8664-01,LSCC,LSCC,0.00022219360107555985,0.0004651331400964409,0.9989809989929199,0.0003316598304081708
TCGA:LSCC:TCGA-85-8666-01,LSCC,LSCC,0.018009109422564507,0.12285055220127106,0.8546699285507202,0.004470394924283028
TCGA:LSCC:TCGA-85-A4CL-01,LSCC,LSCC,5.7411340094404295e-05,0.0002668181259650737,0.9996230602264404,5.273527494864538e-05
TCGA:LSCC:TCGA-85-A4CN-01,LSCC,LSCC,0.0003523560590110719,0.2309362143278122,0.76869136095047,2.0062552721356042e-05
TCGA:LSCC:TCGA-85-A4JB-01,LSCC,LSCC,0.00045282646897248924,0.0949622094631195,0.9042420983314514,0.00034286981099285185
TCGA:LSCC:TCGA-85-A4JC-01,LSCC,LSCC,0.0035016112960875034,0.268884539604187,0.7265768647193909,0.001036978093907237
TCGA:LSCC:TCGA-85-A4PA-01,LSCC,LSCC,0.0053674462251365185,0.0007999456720426679,0.7890018224716187,0.20483078062534332
TCGA:LSCC:TCGA-85-A4QQ-01,LSCC,LSCC,0.0004593044286593795,0.16261941194534302,0.8365994691848755,0.0003218147321604192
TCGA:LSCC:TCGA-85-A4QR-01,LSCC,LSCC,6.088836812523368e-07,2.7857870463776635e-06,0.9999936819076538,2.923608690252877e-06
TCGA:LSCC:TCGA-85-A50M-01,LSCC,LSCC,0.0023540339898318052,0.0026672123931348324,0.716650664806366,0.2783281207084656
TCGA:LSCC:TCGA-85-A50Z-01,LSCC,LSCC,0.0043800887651741505,0.0030617755837738514,0.987701416015625,0.004856729879975319
TCGA:LSCC:TCGA-85-A510-01,LSCC,LUAD,0.00010699770064093173,3.925033161067404e-05,0.1898413598537445,0.8100124001502991
TCGA:LSCC:TCGA-85-A511-01,LSCC,LSCC,3.8358660248150045e-08,4.735752412443617e-08,0.9999998807907104,1.0139376449558313e-08
TCGA:LSCC:TCGA-85-A512-01,LSCC,LSCC,4.504170283325948e-05,0.00073852768400684,0.999184250831604,3.215215110685676e-05
TCGA:LSCC:TCGA-85-A513-01,LSCC,LUAD,0.008243745192885399,0.00380711886100471,0.047784555703401566,0.9401645660400391
TCGA:LSCC:TCGA-85-A53L-01,LSCC,LSCC,0.0020469834562391043,0.0016994534526020288,0.9940580725669861,0.002195495180785656
TCGA:LSCC:TCGA-85-A5B5-01,LSCC,LSCC,4.6350764023372903e-05,0.000534186779987067,0.9993783831596375,4.109827568754554e-05
TCGA:LSCC:TCGA-90-6837-01,LSCC,LSCC,0.00017186783952638507,0.0050010234117507935,0.9945743680000305,0.0002527673786971718
TCGA:LSCC:TCGA-90-7766-01,LSCC,LSCC,0.002870352705940604,0.002180418698117137,0.991498589515686,0.0034506397787481546
TCGA:LSCC:TCGA-90-7767-01,LSCC,LSCC,0.00859178975224495,0.02666066214442253,0.9610100984573364,0.00373742263764143
TCGA:LSCC:TCGA-90-7769-01,LSCC,LSCC,7.4552531259541865e-06,0.004364298190921545,0.9956154227256775,1.2847921425418463e-05
TCGA:LSCC:TCGA-90-7964-01,LSCC,LSCC,2.1219850168563426e-05,1.1414206710469443e-05,0.9943656325340271,0.005601729732006788
TCGA:LSCC:TCGA-90-A4ED-01,LSCC,LSCC,0.004470342770218849,0.004672656301409006,0.9873868823051453,0.003470107214525342
TCGA:LSCC:TCGA-90-A4EE-01,LSCC,LSCC,0.004285234957933426,0.0033234998118132353,0.986615002155304,0.005776247940957546
TCGA:LSCC:TCGA-90-A59Q-01,LSCC,LSCC,0.0023211571387946606,0.006443789694458246,0.7967529892921448,0.19448208808898926
TCGA:LSCC:TCGA-92-7340-01,LSCC,LSCC,0.0023550873156636953,0.0018788801971822977,0.9929357767105103,0.0028302392456680536
TCGA:LSCC:TCGA-92-7341-01,LSCC,LSCC,4.0611266172163596e-07,8.91079762368463e-05,0.9999104142189026,9.782273480141157e-08
TCGA:LSCC:TCGA-92-8063-01,LSCC,LSCC,0.00013756657426711172,0.00012797622184734792,0.9990673661231995,0.000667113228701055
TCGA:LSCC:TCGA-92-8064-01,LSCC,LSCC,5.051098028729939e-08,2.0438601211481e-07,0.9999997019767761,3.8575969085741235e-08
TCGA:LSCC:TCGA-92-8065-01,LSCC,LSCC,0.003073851577937603,0.3094206750392914,0.6847386360168457,0.002766861580312252
TCGA:LSCC:TCGA-94-7033-01,LSCC,LSCC,0.003968486562371254,0.005947934463620186,0.9856175184249878,0.0044660307466983795
TCGA:LSCC:TCGA-94-7557-01,LSCC,LSCC,0.002160429721698165,0.0015823353314772248,0.9932776689529419,0.00297957262955606
TCGA:LSCC:TCGA-94-7943-01,LSCC,LSCC,0.00022420637833420187,5.0313346946495585e-06,0.9983057379722595,0.0014650010270997882
TCGA:LSCC:TCGA-94-8035-01,LSCC,LSCC,7.214707147795707e-05,0.000364065810572356,0.9994474053382874,0.00011635332339210436
TCGA:LSCC:TCGA-94-8490-01,LSCC,LSCC,0.00011563645239220932,0.02811162918806076,0.9716936945915222,7.903231744421646e-05
TCGA:LSCC:TCGA-94-8491-01,LSCC,LSCC,1.6625160697003594e-06,1.9419640011619776e-06,0.9999169111251831,7.951024599606171e-05
TCGA:LSCC:TCGA-94-A4VJ-01,LSCC,LSCC,8.637813152745366e-06,0.00043137255124747753,0.9995564818382263,3.518870244079153e-06
TCGA:LSCC:TCGA-94-A5I4-01,LSCC,LSCC,0.0018365731230005622,0.001745542511343956,0.9945620894432068,0.001855819602496922
TCGA:LSCC:TCGA-94-A5I6-01,LSCC,LSCC,2.390680364783293e-08,2.41716662685576e-07,0.9999997019767761,8.270041540470174e-09
TCGA:LSCC:TCGA-96-7544-01,LSCC,LSCC,0.00024019318516366184,0.001164893968962133,0.9983909726142883,0.0002039422106463462
TCGA:LSCC:TCGA-96-7545-01,LSCC,LSCC,2.9535689449744496e-08,1.8314150196374612e-08,0.9999997615814209,1.8432260162626335e-07
TCGA:LSCC:TCGA-96-8169-01,LSCC,LSCC,1.3776165133094764e-06,1.3395110443070735e-07,0.9999919533729553,6.524487616843544e-06
TCGA:LSCC:TCGA-96-8170-01,LSCC,LSCC,0.0008084532455541193,0.003339617745950818,0.9830031394958496,0.012848787941038609
TCGA:LSCC:TCGA-96-A4JL-01,LSCC,LSCC,0.004620974883437157,6.127142842160538e-05,0.9581543803215027,0.03716336563229561
TCGA:LSCC:TCGA-98-7454-01,LSCC,LSCC,2.2110220015747473e-05,5.317754130373942e-06,0.7722188234329224,0.22775374352931976
TCGA:LSCC:TCGA-98-8020-01,LSCC,LSCC,0.0006414122763089836,0.006774963811039925,0.9915693998336792,0.001014198176562786
TCGA:LSCC:TCGA-98-8021-01,LSCC,LSCC,0.002430739114060998,0.001696607330814004,0.9932587742805481,0.002613896271213889
TCGA:LSCC:TCGA-98-8022-01,LSCC,LSCC,0.00046978576574474573,0.00043243844993412495,0.9984468817710876,0.0006509106606245041
TCGA:LSCC:TCGA-98-8023-01,LSCC,LSCC,1.2550251994980499e-05,0.00043594936141744256,0.999538004398346,1.3518512787413783e-05
TCGA:LSCC:TCGA-98-A538-01,LSCC,LSCC,4.260931518729194e-08,2.086634140141541e-06,0.9999978542327881,3.940549575531804e-08
TCGA:LSCC:TCGA-98-A539-01,LSCC,LSCC,6.590151315322146e-05,6.944727647351101e-05,0.9998058676719666,5.878962838323787e-05
TCGA:LSCC:TCGA-98-A53A-01,LSCC,LSCC,1.3064896847936325e-05,2.1007806935813278e-05,0.9999467730522156,1.9149607396684587e-05
TCGA:LSCC:TCGA-98-A53B-01,LSCC,LSCC,0.0030185829382389784,0.0018515146803110838,0.9908872246742249,0.004242674447596073
TCGA:LSCC:TCGA-98-A53C-01,LSCC,LSCC,0.0012630788842216134,0.0006138550816103816,0.9233730435371399,0.07475003600120544
TCGA:LSCC:TCGA-98-A53D-01,LSCC,LSCC,0.01261509396135807,0.0076308283023536205,0.6266825199127197,0.35307157039642334
TCGA:LSCC:TCGA-98-A53H-01,LSCC,LSCC,0.00042767281411215663,0.00040500040631741285,0.8912411332130432,0.10792617499828339
TCGA:LSCC:TCGA-98-A53I-01,LSCC,LSCC,0.004920674953609705,0.34267479181289673,0.6497114300727844,0.0026931024622172117
TCGA:LSCC:TCGA-98-A53J-01,LSCC,LSCC,2.6405172093291185e-07,1.7298516468144953e-05,0.9999823570251465,7.723743067344913e-08
TCGA:LSCC:TCGA-J1-A4AH-01,LSCC,LSCC,0.00010430155089125037,0.021717997267842293,0.9781436920166016,3.398049739189446e-05
TCGA:LSCC:TCGA-L3-A4E7-01,LSCC,LSCC,2.4756863581387734e-07,2.8192943091198686e-07,0.9999942779541016,5.2008435886818916e-06
TCGA:LSCC:TCGA-L3-A524-01,LSCC,LSCC,0.008693287149071693,0.4420943260192871,0.5470321178436279,0.0021802547853440046
TCGA:LSCC:TCGA-LA-A446-01,LSCC,LSCC,1.3890301886476664e-07,7.705484961206821e-08,0.9999997019767761,9.230525677139667e-08
TCGA:LSCC:TCGA-LA-A7SW-01,LSCC,LSCC,0.0007328484207391739,0.20477594435214996,0.7937930822372437,0.0006981401820667088
TCGA:LSCC:TCGA-MF-A522-01,LSCC,HNSCC,0.000651575333904475,0.5862602591514587,0.4125067889690399,0.0005813940078951418
TCGA:LSCC:TCGA-NC-A5HD-01,LSCC,LSCC,0.00027370985480956733,0.0029407984111458063,0.9965680241584778,0.00021746593120042235
TCGA:LSCC:TCGA-NC-A5HE-01,LSCC,LSCC,0.00028772116638720036,0.0001558507065055892,0.9992358088493347,0.0003206274996045977
TCGA:LSCC:TCGA-NC-A5HF-01,LSCC,LSCC,0.0022681753616780043,0.0023336324375122786,0.9932920336723328,0.0021061745937913656
TCGA:LSCC:TCGA-NC-A5HG-01,LSCC,HNSCC,0.0028375298716127872,0.9759380221366882,0.01919523812830448,0.0020292119588702917
TCGA:LSCC:TCGA-NC-A5HH-01,LSCC,LSCC,1.1538622857187875e-05,2.2924214135855436e-05,0.9999647736549377,7.747522658974049e-07
TCGA:LSCC:TCGA-NC-A5HI-01,LSCC,LSCC,2.608097133816045e-07,1.5523877664236352e-05,0.9999836683273315,5.327741519067786e-07
TCGA:LSCC:TCGA-NC-A5HJ-01,LSCC,LSCC,0.0010190424509346485,0.0003468451905064285,0.8208476901054382,0.1777864247560501
TCGA:LSCC:TCGA-NC-A5HK-01,LSCC,LSCC,0.0005908958264626563,0.00030168527155183256,0.9981257915496826,0.0009815993253141642
TCGA:LSCC:TCGA-NC-A5HL-01,LSCC,LSCC,1.3886752014968806e-07,9.279289514552147e-08,0.9999987483024597,1.0303044746251544e-06
TCGA:LSCC:TCGA-NC-A5HM-01,LSCC,LSCC,0.0003413804224692285,0.0012547217775136232,0.9971103072166443,0.0012935608392581344
TCGA:LSCC:TCGA-NC-A5HN-01,LSCC,LSCC,0.0032152568455785513,0.042817577719688416,0.9511390924453735,0.0028280685655772686
TCGA:LSCC:TCGA-NC-A5HO-01,LSCC,LSCC,3.500892489682883e-05,0.4512518644332886,0.5487027764320374,1.03356223917217e-05
TCGA:LSCC:TCGA-NC-A5HP-01,LSCC,LSCC,0.0029500843957066536,0.003286199178546667,0.9917799830436707,0.0019837177824229
TCGA:LSCC:TCGA-NC-A5HQ-01,LSCC,LSCC,5.2367697207955644e-05,0.00018580474716145545,0.9996384978294373,0.00012331812467891723
TCGA:LSCC:TCGA-NC-A5HR-01,LSCC,LSCC,0.00010537007619859651,0.00018869883206207305,0.999589741230011,0.00011618562712101266
TCGA:LSCC:TCGA-NC-A5HT-01,LSCC,LSCC,8.059330866672099e-06,7.599050150020048e-06,0.9998872876167297,9.707433491712436e-05
TCGA:LSCC:TCGA-NK-A5CR-01,LSCC,LSCC,1.633964348002337e-05,1.7720574760460295e-05,0.9999516606330872,1.4305132026493084e-05
TCGA:LSCC:TCGA-NK-A5CT-01,LSCC,LSCC,0.0005797328776679933,0.0008397016208618879,0.9893155694007874,0.009264994412660599
TCGA:LSCC:TCGA-NK-A5CX-01,LSCC,LSCC,0.00019943705410696566,0.00029257527785375714,0.9986976981163025,0.0008103155996650457
TCGA:LSCC:TCGA-NK-A7XE-01,LSCC,LSCC,0.007595790550112724,0.02883237600326538,0.9564706087112427,0.00710122799500823
TCGA:LSCC:TCGA-O2-A52N-01,LSCC,LSCC,3.676186679513194e-05,6.30533613730222e-05,0.9998644590377808,3.574159927666187e-05
TCGA:LSCC:TCGA-O2-A52Q-01,LSCC,LUAD,0.0009568490204401314,0.0007776126149110496,0.03910991922020912,0.9591556191444397
TCGA:LSCC:TCGA-O2-A52S-01,LSCC,LSCC,0.1069955974817276,0.21855796873569489,0.6290439367294312,0.04540247097611427
TCGA:LSCC:TCGA-O2-A52V-01,LSCC,LSCC,1.0694875385297564e-07,6.287381779657153e-07,0.9999992251396179,5.119510859685761e-08
TCGA:LSCC:TCGA-O2-A52W-01,LSCC,LSCC,9.410594793735072e-05,0.0002451833861414343,0.9993889331817627,0.00027176705771125853
TCGA:LSCC:TCGA-O2-A5IB-01,LSCC,LSCC,0.03252065181732178,0.0003303876146674156,0.9594182968139648,0.0077306609600782394
TCGA:LSCC:TCGA-XC-AA0X-01,LSCC,LSCC,0.00017220026347786188,0.0006047101342119277,0.9988420605659485,0.0003810488269664347
TCGA:HNSCC:TCGA-4P-AA8J-01,HNSCC,HNSCC,0.0024966134224087,0.994638979434967,0.001717479433864355,0.0011469206074252725
TCGA:HNSCC:TCGA-BA-4074-01,HNSCC,HNSCC,6.600824417546391e-05,0.9701675772666931,0.029599344357848167,0.0001670896599534899
TCGA:HNSCC:TCGA-BA-4076-01,HNSCC,HNSCC,1.2548799531941768e-05,0.9999693036079407,1.1077900126110762e-05,7.05159845892922e-06
TCGA:HNSCC:TCGA-BA-4078-01,HNSCC,HNSCC,0.0014616484986618161,0.9311456084251404,0.06655067950487137,0.0008420493686571717
TCGA:HNSCC:TCGA-BA-5149-01,HNSCC,HNSCC,0.0026714925188571215,0.9928067326545715,0.0031544144731014967,0.0013673867797479033
TCGA:HNSCC:TCGA-BA-5151-01,HNSCC,HNSCC,5.742685971199535e-08,0.9999998807907104,5.167062155919666e-08,1.2375823033039524e-08
TCGA:HNSCC:TCGA-BA-5152-01,HNSCC,HNSCC,0.00027381183463148773,0.9993625283241272,0.00024204033252317458,0.00012162147322669625
TCGA:HNSCC:TCGA-BA-5153-01,HNSCC,HNSCC,6.780003900530573e-07,0.9999966025352478,1.8601220972414012e-06,8.64064020333899e-07
TCGA:HNSCC:TCGA-BA-5555-01,HNSCC,HNSCC,0.00992240384221077,0.9773709177970886,0.008033025078475475,0.004673672374337912
TCGA:HNSCC:TCGA-BA-5556-01,HNSCC,HNSCC,1.7973273713778326e-07,0.9999992251396179,5.195688572712243e-07,5.991748963651844e-08
TCGA:HNSCC:TCGA-BA-5557-01,HNSCC,HNSCC,3.018683614186557e-08,0.9999999403953552,2.3350313682612978e-08,6.916742290030697e-09
TCGA:HNSCC:TCGA-BA-5558-01,HNSCC,HNSCC,3.7680467357859015e-05,0.9995750188827515,0.00036399715463630855,2.3298305677599274e-05
TCGA:HNSCC:TCGA-BA-5559-01,HNSCC,HNSCC,0.00017117292736656964,0.9954341053962708,0.00422385660931468,0.0001708595227682963
TCGA:HNSCC:TCGA-BA-6868-01,HNSCC,HNSCC,2.3454297206626507e-06,0.9999599456787109,3.7598420021822676e-05,1.2842633623222355e-07
TCGA:HNSCC:TCGA-BA-6869-01,HNSCC,HNSCC,2.653789294981834e-07,0.9999955296516418,3.944816853618249e-06,2.5286635718657635e-07
TCGA:HNSCC:TCGA-BA-6870-01,HNSCC,HNSCC,0.0021693080198019743,0.9952995181083679,0.001343238283880055,0.0011879511876031756
TCGA:HNSCC:TCGA-BA-6871-01,HNSCC,HNSCC,0.001227398170158267,0.9956269860267639,0.0020786651875823736,0.0010669213952496648
TCGA:HNSCC:TCGA-BA-6872-01,HNSCC,HNSCC,1.6733603843022138e-05,0.9999623894691467,1.1232325050514191e-05,9.618725016480312e-06
TCGA:HNSCC:TCGA-BA-6873-01,HNSCC,HNSCC,5.0266746256966144e-05,0.99989253282547,2.78137613349827e-05,2.9377433747868054e-05
TCGA:HNSCC:TCGA-BA-7269-01,HNSCC,HNSCC,0.0028636944480240345,0.9923000931739807,0.0034395174589008093,0.0013967135455459356
TCGA:HNSCC:TCGA-BA-A4IF-01,HNSCC,HNSCC,5.46598676010035e-05,0.9997488856315613,0.0001549385633552447,4.149004598730244e-05
TCGA:HNSCC:TCGA-BA-A4IG-01,HNSCC,HNSCC,9.539598249830306e-05,0.9997308850288391,0.00011986008757958189,5.38551939825993e-05
TCGA:HNSCC:TCGA-BA-A4IH-01,HNSCC,HNSCC,0.0001477941987104714,0.9988451600074768,0.0009330518078058958,7.399957394227386e-05
TCGA:HNSCC:TCGA-BA-A4II-01,HNSCC,HNSCC,2.0855539332842454e-05,0.9994328022003174,0.0005346089601516724,1.1725551303243265e-05
TCGA:HNSCC:TCGA-BA-A6D8-01,HNSCC,HNSCC,0.00017493935592938215,0.9977306127548218,0.0019770523067563772,0.00011741119669750333
TCGA:HNSCC:TCGA-BA-A6DA-01,HNSCC,HNSCC,1.699694252010886e-07,0.9999967217445374,3.108598093604087e-06,2.083094230442839e-08
TCGA:HNSCC:TCGA-BA-A6DB-01,HNSCC,HNSCC,1.0986384069155974e-07,0.9999998807907104,8.31821278524103e-09,1.0566179042825752e-08
TCGA:HNSCC:TCGA-BA-A6DD-01,HNSCC,HNSCC,3.546353610772712e-08,0.9999999403953552,2.250357766797606e-08,5.253855572817656e-09
TCGA:HNSCC:TCGA-BA-A6DE-01,HNSCC,HNSCC,0.0025603496469557285,0.9949464797973633,0.0013209609314799309,0.0011722003109753132
TCGA:HNSCC:TCGA-BA-A6DG-01,HNSCC,HNSCC,4.998679514756077e-08,0.9999999403953552,1.6006636016641096e-08,6.58447696366693e-09
TCGA:HNSCC:TCGA-BA-A6DI-01,HNSCC,HNSCC,4.6904648343115696e-07,0.9999474287033081,4.8720929044066e-05,3.3628984965616837e-06
TCGA:HNSCC:TCGA-BA-A6DJ-01,HNSCC,HNSCC,5.6393280829070136e-05,0.9998624324798584,4.700807767221704e-05,3.414885577512905e-05
TCGA:HNSCC:TCGA-BA-A6DL-01,HNSCC,HNSCC,7.596299838041887e-05,0.9996270537376404,0.00021656262106262147,8.041015098569915e-05
TCGA:HNSCC:TCGA-BA-A8YP-01,HNSCC,HNSCC,0.005005288869142532,0.9852260947227478,0.005759100895375013,0.004009522031992674
TCGA:HNSCC:TCGA-BB-4217-01,HNSCC,HNSCC,0.002611747942864895,0.9944155812263489,0.0014741382328793406,0.0014985139714553952
TCGA:HNSCC:TCGA-BB-4223-01,HNSCC,HNSCC,0.0074645597487688065,0.9677554368972778,0.021169861778616905,0.003610122948884964
TCGA:HNSCC:TCGA-BB-4224-01,HNSCC,HNSCC,5.579467483585177e-07,0.9999985694885254,7.846237508601916e-07,8.523214489741804e-08
TCGA:HNSCC:TCGA-BB-4225-01,HNSCC,HNSCC,0.0001625153818167746,0.9894687533378601,0.010346194729208946,2.2551650545210578e-05
TCGA:HNSCC:TCGA-BB-4227-01,HNSCC,HNSCC,0.00047364243073388934,0.9965922236442566,0.0025944181252270937,0.00033971923403441906
TCGA:HNSCC:TCGA-BB-4228-01,HNSCC,HNSCC,0.007777925115078688,0.9553759098052979,0.03343906253576279,0.003407120006158948
TCGA:HNSCC:TCGA-BB-7861-01,HNSCC,HNSCC,0.005856109317392111,0.9725786447525024,0.017368193715810776,0.004197044298052788
TCGA:HNSCC:TCGA-BB-7862-01,HNSCC,HNSCC,2.1031003143434646e-06,0.9999885559082031,8.574639650760219e-06,7.911776265245862e-07
TCGA:HNSCC:TCGA-BB-7863-01,HNSCC,HNSCC,0.0027397284284234047,0.9949771165847778,0.001257948693819344,0.0010252298088744283
TCGA:HNSCC:TCGA-BB-7864-01,HNSCC,HNSCC,0.002921574516221881,0.992638111114502,0.002712682355195284,0.0017276308499276638
TCGA:HNSCC:TCGA-BB-7866-01,HNSCC,HNSCC,0.0073881628923118114,0.9843593835830688,0.004460164811462164,0.003792272415012121
TCGA:HNSCC:TCGA-BB-7870-01,HNSCC,HNSCC,0.004150996915996075,0.9809161424636841,0.012710188515484333,0.0022226718720048666
TCGA:HNSCC:TCGA-BB-7871-01,HNSCC,HNSCC,0.0002212877298006788,0.9988617897033691,0.0009134167339652777,3.491379175102338e-06
TCGA:HNSCC:TCGA-BB-7872-01,HNSCC,HNSCC,1.21604825835675e-05,0.999968409538269,1.2360684195300564e-05,7.057894436002243e-06
TCGA:HNSCC:TCGA-BB-8596-01,HNSCC,HNSCC,0.01729804463684559,0.9581087231636047,0.017745548859238625,0.006847703363746405
TCGA:HNSCC:TCGA-BB-8601-01,HNSCC,HNSCC,0.0012402344727888703,0.9245102405548096,0.0735584944486618,0.000691024586558342
TCGA:HNSCC:TCGA-BB-A5HU-01,HNSCC,HNSCC,3.0434228392550722e-05,0.999923586845398,3.038301110791508e-05,1.5572648408124223e-05
TCGA:HNSCC:TCGA-BB-A5HY-01,HNSCC,HNSCC,5.301082524056255e-07,0.9999958872795105,3.4481849979783874e-06,1.229295634175287e-07
TCGA:HNSCC:TCGA-BB-A5HZ-01,HNSCC,HNSCC,3.079570376485208e-07,0.9999983906745911,1.102934447771986e-06,2.134105869799896e-07
TCGA:HNSCC:TCGA-BB-A6UM-01,HNSCC,HNSCC,2.811360921839423e-08,0.9999999403953552,1.3291538536464031e-08,4.156714084047053e-08
TCGA:HNSCC:TCGA-BB-A6UO-01,HNSCC,HNSCC,5.267821165944042e-07,0.9999992251396179,1.5065592151586316e-07,6.922697792788313e-08
TCGA:HNSCC:TCGA-C9-A47Z-01,HNSCC,HNSCC,0.0037349031772464514,0.9814246892929077,0.013108206912875175,0.001732206903398037
TCGA:HNSCC:TCGA-C9-A480-01,HNSCC,HNSCC,2.136684997822158e-05,0.9999603629112244,1.2220766620885115e-05,6.045216650818475e-06
TCGA:HNSCC:TCGA-CN-4722-01,HNSCC,HNSCC,0.007433728780597448,0.7905862331390381,0.19756121933460236,0.004418849945068359
TCGA:HNSCC:TCGA-CN-4723-01,HNSCC,HNSCC,0.00010674567602109164,0.5785728693008423,0.4212413430213928,7.906730024842545e-05
TCGA:HNSCC:TCGA-CN-4725-01,HNSCC,HNSCC,6.113609560998157e-05,0.9998842477798462,3.3405674912501127e-05,2.1188938262639567e-05
TCGA:HNSCC:TCGA-CN-4726-01,HNSCC,HNSCC,5.703628994524479e-05,0.9998706579208374,3.8805879739811644e-05,3.352054409333505e-05
TCGA:HNSCC:TCGA-CN-4727-01,HNSCC,HNSCC,2.4822143132041674e-06,0.9999285936355591,6.716469215461984e-05,1.7314647493549273e-06
TCGA:HNSCC:TCGA-CN-4728-01,HNSCC,HNSCC,0.003801050828769803,0.9798992276191711,0.014302688650786877,0.0019970338325947523
TCGA:HNSCC:TCGA-CN-4729-01,HNSCC,HNSCC,1.0970738912874367e-06,0.9999751448631287,2.303380097146146e-05,7.318643611142761e-07
TCGA:HNSCC:TCGA-CN-4730-01,HNSCC,HNSCC,8.006756252143532e-05,0.9995168447494507,0.00034640307421796024,5.666713695973158e-05
TCGA:HNSCC:TCGA-CN-4731-01,HNSCC,HNSCC,0.00016037269961088896,0.9981135725975037,0.001626980141736567,9.909898653859273e-05
TCGA:HNSCC:TCGA-CN-4733-01,HNSCC,HNSCC,1.3781545021629427e-05,0.9999628663063049,1.5187617464107461e-05,8.166551197064109e-06
TCGA:HNSCC:TCGA-CN-4734-01,HNSCC,HNSCC,3.327142508169345e-07,0.9999979138374329,1.4660305396319018e-06,3.159866253099608e-07
TCGA:HNSCC:TCGA-CN-4735-01,HNSCC,HNSCC,0.00012069090735167265,0.9985191822052002,0.001354733482003212,5.369945938582532e-06
TCGA:HNSCC:TCGA-CN-4736-01,HNSCC,HNSCC,0.005542111117392778,0.991279661655426,0.0020607374608516693,0.0011175153777003288
TCGA:HNSCC:TCGA-CN-4737-01,HNSCC,HNSCC,1.0754544746305328e-05,0.9999765157699585,6.252003004192375e-06,6.496383321064059e-06
TCGA:HNSCC:TCGA-CN-4738-01,HNSCC,HNSCC,0.0009573005372658372,0.8515178561210632,0.14690625667572021,0.0006185781094245613
TCGA:HNSCC:TCGA-CN-4739-01,HNSCC,HNSCC,0.004508457612246275,0.7070083022117615,0.2838467061519623,0.0046365219168365
TCGA:HNSCC:TCGA-CN-4740-01,HNSCC,HNSCC,8.966011364464066e-07,0.9999459981918335,5.306158709572628e-05,6.584578926549511e-08
TCGA:HNSCC:TCGA-CN-4741-01,HNSCC,HNSCC,6.719148223055527e-05,0.9995622634887695,0.00033100033761002123,3.951969483750872e-05
TCGA:HNSCC:TCGA-CN-4742-01,HNSCC,HNSCC,6.385236338246614e-05,0.9998079538345337,9.928673534886912e-05,2.891912117775064e-05
TCGA:HNSCC:TCGA-CN-5355-01,HNSCC,HNSCC,1.119755168588199e-07,0.9999699592590332,2.988767300848849e-05,5.5972492418732145e-08
TCGA:HNSCC:TCGA-CN-5356-01,HNSCC,HNSCC,0.00010161279351450503,0.9990198612213135,0.0007381404866464436,0.0001403740025125444
TCGA:HNSCC:TCGA-CN-5358-01,HNSCC,HNSCC,7.269159141287673e-08,0.9999998807907104,3.5744307069762726e-08,9.399271583276914e-09
TCGA:HNSCC:TCGA-CN-5359-01,HNSCC,HNSCC,9.815191151574254e-05,0.9994502067565918,0.0003947964287362993,5.686099757440388e-05
TCGA:HNSCC:TCGA-CN-5360-01,HNSCC,HNSCC,8.733999266041792e-07,0.9999281764030457,7.006622763583437e-05,8.712387966625101e-07
TCGA:HNSCC:TCGA-CN-5361-01,HNSCC,HNSCC,0.007001915015280247,0.9753144383430481,0.013350972905755043,0.0043326569721102715
TCGA:HNSCC:TCGA-CN-5363-01,HNSCC,HNSCC,0.00010825278150150552,0.9998366236686707,3.289438609499484e-05,2.221076465502847e-05
TCGA:HNSCC:TCGA-CN-5364-01,HNSCC,HNSCC,1.720330828902661e-07,0.9999986290931702,1.0736092690422083e-06,9.730309358246814e-08
TCGA:HNSCC:TCGA-CN-5365-01,HNSCC,LSCC,0.010243762284517288,0.17297561466693878,0.8103312253952026,0.006449391599744558
TCGA:HNSCC:TCGA-CN-5366-01,HNSCC,HNSCC,8.920668915379792e-05,0.9892750978469849,0.010570963844656944,6.475011468864977e-05
TCGA:HNSCC:TCGA-CN-5367-01,HNSCC,HNSCC,0.003580740187317133,0.981955349445343,0.012392922304570675,0.0020710050594061613
TCGA:HNSCC:TCGA-CN-5369-01,HNSCC,HNSCC,8.527380487066694e-06,0.9577444791793823,0.0422416552901268,5.338131359167164e-06
TCGA:HNSCC:TCGA-CN-5370-01,HNSCC,HNSCC,6.611956138158348e-08,0.9999998807907104,3.4557107397859e-08,1.860648701779155e-08
TCGA:HNSCC:TCGA-CN-5373-01,HNSCC,HNSCC,0.0022556341718882322,0.9949490427970886,0.0018307110294699669,0.0009646302205510437
TCGA:HNSCC:TCGA-CN-5374-01,HNSCC,HNSCC,4.044347952003591e-05,0.9999361634254456,1.2808549399778713e-05,1.0571880920906551e-05
TCGA:HNSCC:TCGA-CN-6010-01,HNSCC,HNSCC,7.655919944227207e-06,0.9993842840194702,0.0006024523172527552,5.606665581581183e-06
TCGA:HNSCC:TCGA-CN-6011-01,HNSCC,HNSCC,0.0007024715887382627,0.9989240169525146,0.00027172904810868204,0.00010179246601182967
TCGA:HNSCC:TCGA-CN-6012-01,HNSCC,HNSCC,1.830798646551557e-05,0.8898590207099915,0.1100911870598793,3.14784083457198e-05
TCGA:HNSCC:TCGA-CN-6013-01,HNSCC,HNSCC,0.002105353632941842,0.9927456378936768,0.003970200661569834,0.0011787888361141086
TCGA:HNSCC:TCGA-CN-6016-01,HNSCC,HNSCC,1.1815743050647143e-07,0.9999997615814209,1.35596309291941e-07,7.799264345464962e-09
TCGA:HNSCC:TCGA-CN-6017-01,HNSCC,HNSCC,5.301764645082585e-07,0.9999969601631165,2.4576463601988507e-06,3.966455253134882e-08
TCGA:HNSCC:TCGA-CN-6018-01,HNSCC,HNSCC,9.765871800482273e-05,0.9997919201850891,5.5526052165078e-05,5.488215902005322e-05
TCGA:HNSCC:TCGA-CN-6019-01,HNSCC,HNSCC,6.257883069338277e-05,0.9998210072517395,9.90652697510086e-05,1.7351416317978874e-05
TCGA:HNSCC:TCGA-CN-6020-01,HNSCC,HNSCC,4.680226695086276e-08,0.9999996423721313,2.7361025445316045e-07,2.376739338671996e-08
TCGA:HNSCC:TCGA-CN-6021-01,HNSCC,HNSCC,9.683579264674336e-06,0.9994391798973083,0.0005479143001139164,3.2048847060650587e-06
TCGA:HNSCC:TCGA-CN-6022-01,HNSCC,HNSCC,2.823534259732696e-07,0.9999983310699463,1.2542988088171114e-06,1.4310994345123618e-07
TCGA:HNSCC:TCGA-CN-6023-01,HNSCC,LSCC,0.003217861754819751,0.08829282224178314,0.9065290689468384,0.0019602347165346146
TCGA:HNSCC:TCGA-CN-6024-01,HNSCC,HNSCC,3.7770679028881204e-08,0.9999998211860657,1.4594066044537612e-07,5.296902028106842e-09
TCGA:HNSCC:TCGA-CN-6988-01,HNSCC,HNSCC,3.313597005671909e-07,0.9999930262565613,5.699901976186084e-06,9.471266366745112e-07
TCGA:HNSCC:TCGA-CN-6989-01,HNSCC,HNSCC,1.6663690985296853e-05,0.9999072551727295,6.733571353834122e-05,8.754203008720651e-06
TCGA:HNSCC:TCGA-CN-6992-01,HNSCC,HNSCC,0.0005494235083460808,0.9941423535346985,0.004997974261641502,0.0003102699411101639
TCGA:HNSCC:TCGA-CN-6994-01,HNSCC,HNSCC,7.651635769434506e-07,0.9999977350234985,1.4672234556201147e-06,4.375373663378923e-08
TCGA:HNSCC:TCGA-CN-6995-01,HNSCC,HNSCC,1.4489079376289737e-06,0.9999908804893494,6.784701326978393e-06,8.6230306806101e-07
TCGA:HNSCC:TCGA-CN-6996-01,HNSCC,HNSCC,1.6019446036352747e-07,0.9999998211860657,1.689967632501066e-08,1.9267016426738337e-08
TCGA:HNSCC:TCGA-CN-6997-01,HNSCC,HNSCC,4.048861228511669e-05,0.946113646030426,0.053824570029973984,2.131042128894478e-05
TCGA:HNSCC:TCGA-CN-6998-01,HNSCC,HNSCC,2.4538676868246512e-08,0.9999999403953552,7.450566830158323e-09,3.2073828037937346e-09
TCGA:HNSCC:TCGA-CN-A497-01,HNSCC,HNSCC,0.005573716480284929,0.9822993278503418,0.009807322174310684,0.002319633960723877
TCGA:HNSCC:TCGA-CN-A498-01,HNSCC,HNSCC,0.0029691008385270834,0.9941083788871765,0.0016772854141891003,0.0012452317168936133
TCGA:HNSCC:TCGA-CN-A499-01,HNSCC,HNSCC,3.7863475881749764e-05,0.9999125599861145,3.355693843332119e-05,1.6035675798775628e-05
TCGA:HNSCC:TCGA-CN-A49A-01,HNSCC,HNSCC,3.5250373002782e-06,0.9999961256980896,2.6222903670714004e-07,6.752480885552359e-08
TCGA:HNSCC:TCGA-CN-A49B-01,HNSCC,HNSCC,0.0030248600523918867,0.9906030893325806,0.0046084169298410416,0.0017636340344324708
TCGA:HNSCC:TCGA-CN-A49C-01,HNSCC,HNSCC,3.6595244523596193e-07,0.9999988079071045,5.682405230800214e-07,2.6995078883373935e-07
TCGA:HNSCC:TCGA-CN-A63T-01,HNSCC,HNSCC,1.1950628220347426e-07,0.9999977350234985,1.966952368093189e-06,1.7350726011500228e-07
TCGA:HNSCC:TCGA-CN-A63U-01,HNSCC,HNSCC,4.583558620652184e-06,0.9999808669090271,1.2919234904984478e-05,1.602050019755552e-06
TCGA:HNSCC:TCGA-CN-A63V-01,HNSCC,HNSCC,7.884381921030581e-05,0.9993301033973694,0.0005341779324226081,5.685555515810847e-05
TCGA:HNSCC:TCGA-CN-A63W-01,HNSCC,HNSCC,4.280529353195561e-08,0.9999999403953552,2.9104032961413395e-08,8.871624324058303e-09
TCGA:HNSCC:TCGA-CN-A641-01,HNSCC,HNSCC,1.5356183212134056e-05,0.9999520182609558,1.8090953744831495e-05,1.4540759366354905e-05
TCGA:HNSCC:TCGA-CN-A642-01,HNSCC,HNSCC,0.00010615387873258442,0.9998127222061157,4.828879900742322e-05,3.283330806880258e-05
TCGA:HNSCC:TCGA-CN-A6UY-01,HNSCC,HNSCC,0.0001580364623805508,0.9991568922996521,0.0006176817696541548,6.739225500496104e-05
TCGA:HNSCC:TCGA-CN-A6V1-01,HNSCC,HNSCC,2.2082546990986884e-07,0.9999992847442627,2.698301670989167e-07,2.342846983083291e-07
TCGA:HNSCC:TCGA-CN-A6V3-01,HNSCC,HNSCC,2.238130764453672e-05,0.9999493360519409,1.9837001673295163e-05,8.439084012934472e-06
TCGA:HNSCC:TCGA-CN-A6V6-01,HNSCC,HNSCC,0.0017958758398890495,0.9958904385566711,0.0012011646758764982,0.0011125230230391026
TCGA:HNSCC:TCGA-CN-A6V7-01,HNSCC,HNSCC,0.007501558866351843,0.9795284271240234,0.00847512949258089,0.004494884982705116
TCGA:HNSCC:TCGA-CQ-5323-01,HNSCC,HNSCC,0.0025169909931719303,0.9938803911209106,0.002183539094403386,0.0014190521324053407
TCGA:HNSCC:TCGA-CQ-5324-01,HNSCC,HNSCC,5.8207500842399895e-05,0.9997894763946533,9.983994095819071e-05,5.249877358437516e-05
TCGA:HNSCC:TCGA-CQ-5325-01,HNSCC,HNSCC,0.0025040737818926573,0.995410144329071,0.001141575863584876,0.0009442231967113912
TCGA:HNSCC:TCGA-CQ-5326-01,HNSCC,HNSCC,0.005651047453284264,0.9859841465950012,0.005164719186723232,0.0032000967767089605
TCGA:HNSCC:TCGA-CQ-5327-01,HNSCC,HNSCC,4.6308212375834046e-08,0.9999999403953552,8.300436782349152e-09,9.647705745408075e-09
TCGA:HNSCC:TCGA-CQ-5329-01,HNSCC,HNSCC,1.6850596296080766e-07,0.9999997019767761,6.757905879339887e-08,3.4415602812032375e-08
TCGA:HNSCC:TCGA-CQ-5330-01,HNSCC,HNSCC,0.00035103692789562047,0.9993706941604614,0.00023368083930108696,4.4574226194527e-05
TCGA:HNSCC:TCGA-CQ-5331-01,HNSCC,HNSCC,9.16169469178385e-08,0.9999998211860657,8.07510005529366e-08,6.62570531773099e-09
TCGA:HNSCC:TCGA-CQ-5332-01,HNSCC,HNSCC,0.002889439230784774,0.988850474357605,0.006795012392103672,0.001465081819333136
TCGA:HNSCC:TCGA-CQ-5333-01,HNSCC,HNSCC,7.915356263765716e-07,0.9999990463256836,9.540644896333106e-08,4.126061980969098e-08
TCGA:HNSCC:TCGA-CQ-5334-01,HNSCC,HNSCC,0.0036282769870013,0.9939872622489929,0.0013851230032742023,0.0009993106359615922
TCGA:HNSCC:TCGA-CQ-6218-01,HNSCC,HNSCC,0.006445968523621559,0.9869599938392639,0.00385782471857965,0.0027361877728253603
TCGA:HNSCC:TCGA-CQ-6219-01,HNSCC,HNSCC,8.551780774723738e-05,0.9997988939285278,8.381775114685297e-05,3.1775052775628865e-05
TCGA:HNSCC:TCGA-CQ-6220-01,HNSCC,HNSCC,2.6141874442942026e-08,0.9999999403953552,2.8384702588368782e-08,3.2828588736322217e-09
TCGA:HNSCC:TCGA-CQ-6222-01,HNSCC,HNSCC,0.00011362540681147948,0.9997382164001465,0.00010730677604442462,4.0867587813409045e-05
TCGA:HNSCC:TCGA-CQ-6223-01,HNSCC,HNSCC,1.8714785255724564e-05,0.9999422430992126,2.8469861717894673e-05,1.055472603184171e-05
TCGA:HNSCC:TCGA-CQ-6224-01,HNSCC,HNSCC,0.0003998963220510632,0.9993663430213928,0.00017485721036791801,5.8890069340122864e-05
TCGA:HNSCC:TCGA-CQ-6225-01,HNSCC,HNSCC,1.5332926750488696e-07,0.9999983310699463,1.3801271734337206e-06,1.546141845665261e-07
TCGA:HNSCC:TCGA-CQ-6227-01,HNSCC,HNSCC,2.682031379208638e-07,0.9999995231628418,1.66798585610195e-07,4.1679108164771606e-08
TCGA:HNSCC:TCGA-CQ-6228-01,HNSCC,HNSCC,0.00016459979815408587,0.999161422252655,0.0006166722741909325,5.7328332331962883e-05
TCGA:HNSCC:TCGA-CQ-6229-01,HNSCC,HNSCC,1.0734052757754853e-08,1.0,6.5830234596830906e-09,2.7512374600746625e-09
TCGA:HNSCC:TCGA-CQ-7063-01,HNSCC,HNSCC,4.184829231235199e-05,0.9999309778213501,1.9376260752324015e-05,7.800918865541462e-06
TCGA:HNSCC:TCGA-CQ-7065-01,HNSCC,HNSCC,1.1508757779665757e-05,0.9999677538871765,1.2742117178277113e-05,7.992908649612218e-06
TCGA:HNSCC:TCGA-CQ-7067-01,HNSCC,HNSCC,4.397984412207734e-07,0.9999994039535522,6.993690249146312e-08,7.218187647595187e-08
TCGA:HNSCC:TCGA-CQ-7068-01,HNSCC,HNSCC,0.00019446873920969665,0.9997027516365051,8.016233914531767e-05,2.260058136016596e-05
TCGA:HNSCC:TCGA-CQ-7069-01,HNSCC,HNSCC,0.00020086439326405525,0.99968022108078,8.123067527776584e-05,3.7671976315323263e-05
TCGA:HNSCC:TCGA-CQ-7071-01,HNSCC,HNSCC,6.580573597148032e-08,0.9999998807907104,6.4204449756744e-08,8.935265860543495e-09
TCGA:HNSCC:TCGA-CQ-7072-01,HNSCC,HNSCC,0.0008848122088238597,0.9966674447059631,0.0021077292039990425,0.0003399968845769763
TCGA:HNSCC:TCGA-CQ-A4C6-01,HNSCC,HNSCC,0.0017776722088456154,0.9963555335998535,0.0009273451287299395,0.0009394341032020748
TCGA:HNSCC:TCGA-CQ-A4C9-01,HNSCC,HNSCC,1.93917358615181e-07,0.9999991655349731,5.356359906727448e-07,1.3145623256605177e-07
TCGA:HNSCC:TCGA-CQ-A4CA-01,HNSCC,HNSCC,0.003713551675900817,0.9930071234703064,0.0018549044616520405,0.001424435991793871
TCGA:HNSCC:TCGA-CQ-A4CB-01,HNSCC,HNSCC,0.007571078836917877,0.9847247004508972,0.0036842254921793938,0.004020008724182844
TCGA:HNSCC:TCGA-CQ-A4CD-01,HNSCC,HNSCC,2.6827010515262373e-06,0.999984860420227,1.1837752936116885e-05,6.124597007328703e-07
TCGA:HNSCC:TCGA-CQ-A4CE-01,HNSCC,HNSCC,9.544192636212756e-08,0.9999998211860657,3.949735472019711e-08,2.7309877026482354e-08
TCGA:HNSCC:TCGA-CQ-A4CG-01,HNSCC,HNSCC,1.6784390027169138e-05,0.9999709129333496,9.985313226934522e-06,2.3390807655232493e-06
TCGA:HNSCC:TCGA-CQ-A4CH-01,HNSCC,HNSCC,0.0001431463606422767,0.9996573328971863,0.00010455288429511711,9.497443534201011e-05
TCGA:HNSCC:TCGA-CQ-A4CI-01,HNSCC,HNSCC,0.009788855910301208,0.9222418069839478,0.06086859852075577,0.0071007367223501205
TCGA:HNSCC:TCGA-CR-5243-01,HNSCC,HNSCC,5.532545515052334e-07,0.9999980330467224,1.2977534424862824e-06,1.40100752332728e-07
TCGA:HNSCC:TCGA-CR-5247-01,HNSCC,HNSCC,4.712180867727511e-08,0.9999998807907104,4.0650707688882903e-08,7.711763672091365e-09
TCGA:HNSCC:TCGA-CR-5248-01,HNSCC,HNSCC,1.1933718269574456e-05,0.998788058757782,0.0011908665765076876,9.126874829235021e-06
TCGA:HNSCC:TCGA-CR-5249-01,HNSCC,HNSCC,3.6688226828118786e-05,0.9999197721481323,2.8857339202659205e-05,1.468764639867004e-05
TCGA:HNSCC:TCGA-CR-5250-01,HNSCC,HNSCC,0.0001811752445064485,0.9988169074058533,0.0008713788702152669,0.00013052739086560905
TCGA:HNSCC:TCGA-CR-6467-01,HNSCC,HNSCC,6.784900324419141e-05,0.9996142387390137,0.00026287647779099643,5.505217632162385e-05
TCGA:HNSCC:TCGA-CR-6470-01,HNSCC,HNSCC,7.0396919909399e-05,0.999740481376648,0.00015003872977104038,3.9075282984413207e-05
TCGA:HNSCC:TCGA-CR-6471-01,HNSCC,HNSCC,6.97622155598765e-08,0.9999999403953552,4.5224957112566244e-09,5.950091086504017e-09
TCGA:HNSCC:TCGA-CR-6472-01,HNSCC,HNSCC,5.332079126674216e-06,0.9999760985374451,1.2079118278052192e-05,6.498067705251742e-06
TCGA:HNSCC:TCGA-CR-6473-01,HNSCC,HNSCC,0.0004657847748603672,0.9983515739440918,0.0008086684974841774,0.00037397569394670427
TCGA:HNSCC:TCGA-CR-6474-01,HNSCC,HNSCC,5.709146577714819e-08,0.9999997615814209,1.9762396163969242e-07,7.508102584097287e-09
TCGA:HNSCC:TCGA-CR-6477-01,HNSCC,HNSCC,5.899840971324011e-07,0.9999991059303284,2.2306001312699664e-07,8.459908684699258e-08
TCGA:HNSCC:TCGA-CR-6478-01,HNSCC,HNSCC,0.0001823338243411854,0.9997181296348572,5.0893831939902157e-05,4.8664380301488563e-05
TCGA:HNSCC:TCGA-CR-6480-01,HNSCC,HNSCC,6.500448216684163e-05,0.9997780919075012,6.0474860219983384e-05,9.642148506827652e-05
TCGA:HNSCC:TCGA-CR-6481-01,HNSCC,HNSCC,4.724718962734187e-07,0.9999988675117493,4.64265951904963e-07,1.679293148981742e-07
TCGA:HNSCC:TCGA-CR-6482-01,HNSCC,HNSCC,0.029979314655065536,0.9258634448051453,0.028863530606031418,0.015293682925403118
TCGA:HNSCC:TCGA-CR-6484-01,HNSCC,HNSCC,4.948192145093344e-05,0.9998947381973267,3.5587359889177606e-05,2.0166979084024206e-05
TCGA:HNSCC:TCGA-CR-6487-01,HNSCC,HNSCC,0.018802255392074585,0.9559705257415771,0.015594168566167355,0.009633063338696957
TCGA:HNSCC:TCGA-CR-6488-01,HNSCC,HNSCC,0.0022415744606405497,0.9954537153244019,0.0011588037014007568,0.0011459251400083303
TCGA:HNSCC:TCGA-CR-6491-01,HNSCC,HNSCC,2.614767069530899e-08,0.9999998807907104,1.0358336766103093e-07,5.818290294001827e-09
TCGA:HNSCC:TCGA-CR-6492-01,HNSCC,HNSCC,0.0047380742616951466,0.9913057684898376,0.0018715504556894302,0.0020845928229391575
TCGA:HNSCC:TCGA-CR-6493-01,HNSCC,HNSCC,4.2554278479656205e-05,0.99989253282547,3.6222641938365996e-05,2.8674097848124802e-05
TCGA:HNSCC:TCGA-CR-7364-01,HNSCC,HNSCC,0.003597208298742771,0.9895121455192566,0.004330746363848448,0.002559918910264969
TCGA:HNSCC:TCGA-CR-7365-01,HNSCC,HNSCC,1.5781665752001572e-08,1.0,3.5511626972350996e-09,3.5149987365201696e-09
TCGA:HNSCC:TCGA-CR-7367-01,HNSCC,HNSCC,4.406342384299933e-07,0.9999993443489075,1.5653453999675548e-07,7.244344146783988e-08
TCGA:HNSCC:TCGA-CR-7368-01,HNSCC,HNSCC,0.002297900151461363,0.9950748085975647,0.0013869254617020488,0.0012403939617797732
TCGA:HNSCC:TCGA-CR-7369-01,HNSCC,HNSCC,2.7532729873769313e-08,0.9999999403953552,1.7926703677062505e-08,1.1582635295326327e-08
TCGA:HNSCC:TCGA-CR-7370-01,HNSCC,HNSCC,1.17101280920906e-05,0.9966744780540466,0.0033118503633886576,1.9618541955424007e-06
TCGA:HNSCC:TCGA-CR-7371-01,HNSCC,HNSCC,2.4350172225240385e-06,0.9998878836631775,0.00010840255708899349,1.2544486480692285e-06
TCGA:HNSCC:TCGA-CR-7372-01,HNSCC,HNSCC,4.6219714278095125e-08,0.9999999403953552,1.464705245979303e-08,1.9774736514932556e-08
TCGA:HNSCC:TCGA-CR-7373-01,HNSCC,HNSCC,1.9967907064710744e-05,0.999958872795105,1.2029194294882473e-05,9.124451025854796e-06
TCGA:HNSCC:TCGA-CR-7374-01,HNSCC,HNSCC,0.010661691427230835,0.8969987630844116,0.08980001509189606,0.00253954716026783
TCGA:HNSCC:TCGA-CR-7376-01,HNSCC,HNSCC,9.237655831384473e-07,0.9999982118606567,7.702539619458548e-07,9.25794196859897e-08
TCGA:HNSCC:TCGA-CR-7377-01,HNSCC,HNSCC,0.0019381378078833222,0.9952163696289062,0.0017046740977093577,0.0011408047284930944
TCGA:HNSCC:TCGA-CR-7379-01,HNSCC,HNSCC,0.0019670166075229645,0.9956403374671936,0.0012634622398763895,0.0011291815899312496
TCGA:HNSCC:TCGA-CR-7380-01,HNSCC,HNSCC,2.3976064767339267e-05,0.9999508857727051,1.5474488463951275e-05,9.641899850976188e-06
TCGA:HNSCC:TCGA-CR-7382-01,HNSCC,HNSCC,2.9769255434075603e-06,0.9999937415122986,2.8917272629769286e-06,3.841128943804506e-07
TCGA:HNSCC:TCGA-CR-7383-01,HNSCC,HNSCC,2.619015617710829e-07,0.9999994039535522,3.392433711724152e-07,7.781303601461786e-09
TCGA:HNSCC:TCGA-CR-7385-01,HNSCC,HNSCC,4.748386572828167e-07,0.9999983310699463,8.311583883369167e-07,3.416864444716339e-07
TCGA:HNSCC:TCGA-CR-7386-01,HNSCC,HNSCC,0.0026919888332486153,0.9809544086456299,0.014847436919808388,0.001506139407865703
TCGA:HNSCC:TCGA-CR-7388-01,HNSCC,HNSCC,0.0001450778654543683,0.9991429448127747,0.0006512798718176782,6.071413372410461e-05
TCGA:HNSCC:TCGA-CR-7389-01,HNSCC,HNSCC,8.335468010045588e-05,0.9995726346969604,0.00031807232880964875,2.5932520657079294e-05
TCGA:HNSCC:TCGA-CR-7390-01,HNSCC,HNSCC,1.2334432142324658e-08,1.0,9.232921982516018e-09,3.587437458207887e-09
TCGA:HNSCC:TCGA-CR-7391-01,HNSCC,HNSCC,6.206225953064859e-05,0.9998206496238708,8.5033243522048e-05,3.227802517358214e-05
TCGA:HNSCC:TCGA-CR-7392-01,HNSCC,HNSCC,4.4505133701022714e-05,0.9999053478240967,2.782752926577814e-05,2.2301022909232415e-05
TCGA:HNSCC:TCGA-CR-7393-01,HNSCC,HNSCC,1.3659098385687685e-07,0.9999997019767761,1.0754995116712962e-07,6.039213218400619e-08
TCGA:HNSCC:TCGA-CR-7394-01,HNSCC,HNSCC,0.0021469967905431986,0.9951038360595703,0.0014662613393738866,0.0012828989420086145
TCGA:HNSCC:TCGA-CR-7395-01,HNSCC,HNSCC,4.4848467950941995e-05,0.9998613595962524,6.880285945953801e-05,2.4978391593322158e-05
TCGA:HNSCC:TCGA-CR-7397-01,HNSCC,HNSCC,0.0020790863782167435,0.9953561425209045,0.00135454919654876,0.0012102456530556083
TCGA:HNSCC:TCGA-CR-7398-01,HNSCC,HNSCC,0.0002629677765071392,0.9992640614509583,0.00035930724698118865,0.00011369040294084698
TCGA:HNSCC:TCGA-CR-7399-01,HNSCC,HNSCC,0.0004456847673282027,0.9992260336875916,0.00031067070085555315,1.7616735931369476e-05
TCGA:HNSCC:TCGA-CR-7401-01,HNSCC,HNSCC,3.864684913423844e-05,0.9998652935028076,7.423839997500181e-05,2.1842985006514937e-05
TCGA:HNSCC:TCGA-CR-7402-01,HNSCC,HNSCC,6.657109707930431e-08,0.9999998807907104,4.004803599855222e-08,3.828717964893258e-08
TCGA:HNSCC:TCGA-CR-7404-01,HNSCC,HNSCC,0.003728481475263834,0.9920745491981506,0.0025993320159614086,0.0015976218273863196
TCGA:HNSCC:TCGA-CV-5430-01,HNSCC,HNSCC,0.0003904080658685416,0.9977098107337952,0.0017215735279023647,0.00017820963694248348
TCGA:HNSCC:TCGA-CV-5431-01,HNSCC,HNSCC,1.3461375601764303e-05,0.9990065097808838,0.0009764234418980777,3.611225338318036e-06
TCGA:HNSCC:TCGA-CV-5432-01,HNSCC,HNSCC,1.4122585525910836e-05,0.9999474883079529,3.10965915559791e-05,7.313775768125197e-06
TCGA:HNSCC:TCGA-CV-5434-01,HNSCC,HNSCC,0.00018079541041515768,0.9988622069358826,0.0008929049363359809,6.411610957002267e-05
TCGA:HNSCC:TCGA-CV-5435-01,HNSCC,HNSCC,0.0013718691188842058,0.9913003444671631,0.00706818699836731,0.00025960689526982605
TCGA:HNSCC:TCGA-CV-5436-01,HNSCC,HNSCC,3.3638240637401395e-08,0.9999999403953552,2.287315581384064e-08,5.469652730738517e-09
TCGA:HNSCC:TCGA-CV-5439-01,HNSCC,HNSCC,1.677859451376662e-08,1.0,7.601352436381603e-09,4.5558130601364155e-09
TCGA:HNSCC:TCGA-CV-5440-01,HNSCC,HNSCC,4.6240169467637315e-05,0.9995958209037781,0.0003301044926047325,2.7845691874972545e-05
TCGA:HNSCC:TCGA-CV-5441-01,HNSCC,HNSCC,0.0030320521909743547,0.9884458184242249,0.006854818668216467,0.0016673029167577624
TCGA:HNSCC:TCGA-CV-5442-01,HNSCC,HNSCC,8.33414560474921e-07,0.9999991059303284,5.121281176911907e-08,7.453171413374093e-09
TCGA:HNSCC:TCGA-CV-5443-01,HNSCC,HNSCC,7.089153314154828e-06,0.9998723864555359,0.00011917440133402124,1.337415596935898e-06
TCGA:HNSCC:TCGA-CV-5444-01,HNSCC,HNSCC,2.0968826675016317e-07,0.9999994039535522,3.4106747648365854e-07,3.575195961502686e-08
TCGA:HNSCC:TCGA-CV-5966-01,HNSCC,HNSCC,9.111844701692462e-05,0.999788224697113,7.52870982978493e-05,4.5398111979011446e-05
TCGA:HNSCC:TCGA-CV-5970-01,HNSCC,HNSCC,1.3508475603885017e-05,0.9999750256538391,6.0784050219808705e-06,5.417045485955896e-06
TCGA:HNSCC:TCGA-CV-5971-01,HNSCC,HNSCC,1.757897189236246e-05,0.9999799132347107,2.3421978312399006e-06,1.5674167741508427e-07
TCGA:HNSCC:TCGA-CV-5973-01,HNSCC,HNSCC,0.002067140070721507,0.99513840675354,0.001555476919747889,0.0012389522744342685
TCGA:HNSCC:TCGA-CV-5976-01,HNSCC,HNSCC,6.424404830340791e-08,0.9999998807907104,2.6446109302469267e-08,2.4953402899541288e-08
TCGA:HNSCC:TCGA-CV-5977-01,HNSCC,HNSCC,1.2848318853286855e-08,1.0,5.4738356070060945e-09,1.7039804012242143e-09
TCGA:HNSCC:TCGA-CV-5978-01,HNSCC,HNSCC,1.1221261047467124e-05,0.9999770522117615,1.1419554539315868e-05,3.1201383876577893e-07
TCGA:HNSCC:TCGA-CV-5979-01,HNSCC,HNSCC,6.090724724572283e-08,0.9999998807907104,3.560401751201425e-08,2.230718187945513e-08
TCGA:HNSCC:TCGA-CV-6003-01,HNSCC,HNSCC,3.0268984119175e-07,0.9999995827674866,4.041164203272274e-08,6.978211075647778e-08
TCGA:HNSCC:TCGA-CV-6433-01,HNSCC,HNSCC,5.3510993893723935e-06,0.9999816417694092,1.0809042578330263e-05,2.2045476271159714e-06
TCGA:HNSCC:TCGA-CV-6436-01,HNSCC,HNSCC,5.840863741468638e-05,0.9998522400856018,6.234679312910885e-05,2.7004432922694832e-05
TCGA:HNSCC:TCGA-CV-6441-01,HNSCC,HNSCC,4.919932052871445e-07,0.999997615814209,1.0528132179388194e-06,8.347312245859939e-07
TCGA:HNSCC:TCGA-CV-6933-01,HNSCC,HNSCC,0.0018623719224706292,0.9888395071029663,0.008240699768066406,0.001057446002960205
TCGA:HNSCC:TCGA-CV-6934-01,HNSCC,HNSCC,5.837045478074288e-07,0.9999591112136841,4.024679947178811e-05,5.950935388909784e-08
TCGA:HNSCC:TCGA-CV-6935-01,HNSCC,HNSCC,0.00916395615786314,0.9717128872871399,0.016223812475800514,0.0028993587475270033
TCGA:HNSCC:TCGA-CV-6936-01,HNSCC,HNSCC,3.7393959928522236e-07,0.999998927116394,5.776611260444042e-07,1.1496596385995872e-07
TCGA:HNSCC:TCGA-CV-6937-01,HNSCC,HNSCC,0.0006458176067098975,0.9964014291763306,0.0027205951046198606,0.00023215384862851351
TCGA:HNSCC:TCGA-CV-6938-01,HNSCC,HNSCC,0.0020126819144934416,0.9955990314483643,0.0013671200722455978,0.001021177158690989
TCGA:HNSCC:TCGA-CV-6939-01,HNSCC,HNSCC,9.959439921658486e-07,0.9999951124191284,2.0268350908736465e-06,1.8727017732089735e-06
TCGA:HNSCC:TCGA-CV-6940-01,HNSCC,HNSCC,1.6429497918579727e-05,0.9999486207962036,2.869001946237404e-05,6.253103038034169e-06
TCGA:HNSCC:TCGA-CV-6941-01,HNSCC,HNSCC,6.479938008396857e-08,0.9999993443489075,5.138188612363592e-07,7.701351023570169e-08
TCGA:HNSCC:TCGA-CV-6942-01,HNSCC,HNSCC,0.0003313881461508572,0.9995001554489136,9.39014571486041e-05,7.452600402757525e-05
TCGA:HNSCC:TCGA-CV-6943-01,HNSCC,HNSCC,1.7986687694815373e-08,0.9999998807907104,1.142798069508899e-07,3.0425979513637458e-09
TCGA:HNSCC:TCGA-CV-6945-01,HNSCC,HNSCC,0.00010483289952389896,0.9997463822364807,0.00010488500993233174,4.3912805267609656e-05
TCGA:HNSCC:TCGA-CV-6948-01,HNSCC,HNSCC,0.0002573966630734503,0.9943561553955078,0.005185715854167938,0.00020074621716048568
TCGA:HNSCC:TCGA-CV-6950-01,HNSCC,HNSCC,1.1185989023942966e-07,0.9999997615814209,7.78722295535772e-08,7.421844117061482e-08
TCGA:HNSCC:TCGA-CV-6951-01,HNSCC,HNSCC,7.689837389079912e-08,0.9999997615814209,1.2332262144809647e-07,4.6117797580791375e-08
TCGA:HNSCC:TCGA-CV-6952-01,HNSCC,HNSCC,1.0368460579002203e-07,0.9999998211860657,3.0525328043040645e-08,2.0242538312231773e-08
TCGA:HNSCC:TCGA-CV-6953-01,HNSCC,HNSCC,1.4906511751178186e-05,0.99996018409729,1.5287399946828373e-05,9.615937415219378e-06
TCGA:HNSCC:TCGA-CV-6954-01,HNSCC,HNSCC,2.8154772735433653e-08,0.9999999403953552,1.0005168249449525e-08,3.6077221210462085e-09
TCGA:HNSCC:TCGA-CV-6955-01,HNSCC,HNSCC,4.0302978732142947e-07,0.9999969601631165,2.383565060881665e-06,2.3920219405226817e-07
TCGA:HNSCC:TCGA-CV-6956-01,HNSCC,HNSCC,3.4265198678440356e-08,0.9999999403953552,2.2482321782035797e-08,2.342014759904032e-08
TCGA:HNSCC:TCGA-CV-6959-01,HNSCC,HNSCC,0.0022376326378434896,0.9959737062454224,0.0008907992742024362,0.0008978902478702366
TCGA:HNSCC:TCGA-CV-6960-01,HNSCC,HNSCC,0.0003121648041997105,0.9991990923881531,0.00038501364178955555,0.000103757694887463
TCGA:HNSCC:TCGA-CV-6961-01,HNSCC,HNSCC,4.4268901547184214e-05,0.9996746182441711,0.0002372368617216125,4.3874602852156386e-05
TCGA:HNSCC:TCGA-CV-6962-01,HNSCC,HNSCC,6.960648897802457e-05,0.996643602848053,0.0032229782082140446,6.381356797646731e-05
TCGA:HNSCC:TCGA-CV-7089-01,HNSCC,HNSCC,1.915463521129368e-08,0.9999998807907104,1.1421442280834526e-07,9.759417274324278e-09
TCGA:HNSCC:TCGA-CV-7090-01,HNSCC,HNSCC,1.9791998056462035e-05,0.999958336353302,1.3926667634223122e-05,7.926670150482096e-06
TCGA:HNSCC:TCGA-CV-7091-01,HNSCC,HNSCC,0.0022386345081031322,0.9946922063827515,0.0018726048292592168,0.0011965613812208176
TCGA:HNSCC:TCGA-CV-7095-01,HNSCC,HNSCC,7.288945198524743e-05,0.9998515248298645,4.1648250771686435e-05,3.3916821848833933e-05
TCGA:HNSCC:TCGA-CV-7097-01,HNSCC,HNSCC,2.748666338447947e-05,0.9999431371688843,1.691103716439102e-05,1.2477072232286446e-05
TCGA:HNSCC:TCGA-CV-7099-01,HNSCC,HNSCC,0.00011873959010699764,0.9993401169776917,0.00048357664491049945,5.755779784522019e-05
TCGA:HNSCC:TCGA-CV-7100-01,HNSCC,HNSCC,0.0005670702666975558,0.9980456829071045,0.0008904132409952581,0.0004968353896401823
TCGA:HNSCC:TCGA-CV-7101-01,HNSCC,HNSCC,6.759564996627887e-08,0.999997079372406,2.791546648950316e-06,6.191586976456165e-08
TCGA:HNSCC:TCGA-CV-7102-01,HNSCC,HNSCC,0.0001227621833095327,0.9997931718826294,4.919232742395252e-05,3.487551293801516e-05
TCGA:HNSCC:TCGA-CV-7103-01,HNSCC,HNSCC,4.58520335087087e-05,0.999616265296936,0.0003180938365403563,1.9786610209848732e-05
TCGA:HNSCC:TCGA-CV-7104-01,HNSCC,HNSCC,6.875252722693403e-08,0.9999999403953552,7.81505615776723e-09,4.462400671201294e-09
TCGA:HNSCC:TCGA-CV-7177-01,HNSCC,HNSCC,2.6742613954411354e-06,0.9999154806137085,8.042406989261508e-05,1.4484975281447987e-06
TCGA:HNSCC:TCGA-CV-7178-01,HNSCC,HNSCC,0.0002911082992795855,0.9995932579040527,7.651153282495216e-05,3.910646410076879e-05
TCGA:HNSCC:TCGA-CV-7180-01,HNSCC,HNSCC,1.132136912929127e-05,0.9999590516090393,2.2292415451374836e-05,7.328964784392156e-06
TCGA:HNSCC:TCGA-CV-7183-01,HNSCC,HNSCC,6.656660116277635e-05,0.9992998242378235,0.0005899390671402216,4.368136069388129e-05
TCGA:HNSCC:TCGA-CV-7235-01,HNSCC,HNSCC,3.372055516592809e-06,0.9999616146087646,3.436368206166662e-05,6.386910058608919e-07
TCGA:HNSCC:TCGA-CV-7236-01,HNSCC,HNSCC,3.008530256920494e-06,0.9999964237213135,3.597976103719702e-07,1.937929283712947e-07
TCGA:HNSCC:TCGA-CV-7238-01,HNSCC,HNSCC,1.9824581443117495e-07,0.9999997019767761,5.638831268583999e-08,2.2287432344114677e-08
TCGA:HNSCC:TCGA-CV-7242-01,HNSCC,HNSCC,0.009982217103242874,0.9641176462173462,0.018980197608470917,0.006919924169778824
TCGA:HNSCC:TCGA-CV-7243-01,HNSCC,HNSCC,0.003072216175496578,0.9943619966506958,0.0013357518473640084,0.0012300503440201283
TCGA:HNSCC:TCGA-CV-7245-01,HNSCC,HNSCC,4.581423127092421e-05,0.9998630285263062,6.383681466104463e-05,2.7292997401673347e-05
TCGA:HNSCC:TCGA-CV-7247-01,HNSCC,HNSCC,1.716843200938456e-07,0.9999442100524902,5.5570752010680735e-05,3.001525428203422e-08
TCGA:HNSCC:TCGA-CV-7248-01,HNSCC,HNSCC,8.974383490567561e-06,0.9999844431877136,6.404408850357868e-06,1.5027151789581694e-07
TCGA:HNSCC:TCGA-CV-7250-01,HNSCC,HNSCC,7.3108999742999e-08,0.9999995827674866,2.2106607389105193e-07,1.3634605977586034e-07
TCGA:HNSCC:TCGA-CV-7252-01,HNSCC,HNSCC,0.00016531396249774843,0.9995893239974976,0.0002048360911430791,4.053132943226956e-05
TCGA:HNSCC:TCGA-CV-7253-01,HNSCC,HNSCC,1.633883402973879e-05,0.9999201893806458,4.5690110709983855e-05,1.779147714842111e-05
TCGA:HNSCC:TCGA-CV-7254-01,HNSCC,HNSCC,0.0007012987043708563,0.985267162322998,0.013506912626326084,0.0005246174405328929
TCGA:HNSCC:TCGA-CV-7255-01,HNSCC,HNSCC,0.0016342104645445943,0.9963617920875549,0.0010376812424510717,0.000966298917774111
TCGA:HNSCC:TCGA-CV-7261-01,HNSCC,HNSCC,4.278374490240822e-06,0.9994901418685913,0.0005037285154685378,1.8479289565220824e-06
TCGA:HNSCC:TCGA-CV-7263-01,HNSCC,HNSCC,1.5817417079233564e-05,0.9999242424964905,4.824486677534878e-05,1.1706426448654383e-05
TCGA:HNSCC:TCGA-CV-7406-01,HNSCC,HNSCC,5.747927843913203e-06,0.9999793767929077,1.196982429974014e-05,2.923499550888664e-06
TCGA:HNSCC:TCGA-CV-7407-01,HNSCC,HNSCC,4.10189926469684e-07,0.9999989867210388,5.354809218260925e-07,3.933048731141753e-08
TCGA:HNSCC:TCGA-CV-7409-01,HNSCC,HNSCC,0.002946586115285754,0.9888575673103333,0.005966842174530029,0.0022290092892944813
TCGA:HNSCC:TCGA-CV-7410-01,HNSCC,HNSCC,0.0003925880591850728,0.9991668462753296,0.0003178186889272183,0.00012273086758796126
TCGA:HNSCC:TCGA-CV-7411-01,HNSCC,HNSCC,0.0030850672628730536,0.9920297861099243,0.002957721706479788,0.0019274422666057944
TCGA:HNSCC:TCGA-CV-7413-01,HNSCC,HNSCC,0.000641578168142587,0.99834805727005,0.0008585175382904708,0.0001518414937891066
TCGA:HNSCC:TCGA-CV-7414-01,HNSCC,HNSCC,2.930487710273155e-07,0.9999990463256836,5.355103667170624e-07,1.0150534990316373e-07
TCGA:HNSCC:TCGA-CV-7415-01,HNSCC,HNSCC,3.004651034643757e-07,0.9999882578849792,1.1357967196090613e-05,9.971481063075771e-08
TCGA:HNSCC:TCGA-CV-7416-01,HNSCC,HNSCC,0.0003374478837940842,0.9991997480392456,0.00033070892095565796,0.00013212257181294262
TCGA:HNSCC:TCGA-CV-7418-01,HNSCC,HNSCC,1.7209702036780072e-06,0.9998180866241455,0.00017953949281945825,6.344565690596937e-07
TCGA:HNSCC:TCGA-CV-7421-01,HNSCC,HNSCC,0.0001374587300233543,0.9996227025985718,0.00013021727500017732,0.00010964785906253383
TCGA:HNSCC:TCGA-CV-7422-01,HNSCC,HNSCC,8.372851425519912e-07,0.9999980926513672,8.892704386198602e-07,1.8649170385742764e-07
TCGA:HNSCC:TCGA-CV-7423-01,HNSCC,HNSCC,6.183414370752871e-05,0.9998753666877747,3.838113116216846e-05,2.4438078980892897e-05
TCGA:HNSCC:TCGA-CV-7424-01,HNSCC,LSCC,0.0019271664787083864,0.3809979259967804,0.615975558757782,0.0010993145406246185
TCGA:HNSCC:TCGA-CV-7425-01,HNSCC,HNSCC,4.7164539296318253e-07,0.999999463558197,4.7989967555395197e-08,3.506625390059526e-08
TCGA:HNSCC:TCGA-CV-7427-01,HNSCC,HNSCC,5.742875873693265e-05,0.9998659491539001,5.262305785436183e-05,2.402152313152328e-05
TCGA:HNSCC:TCGA-CV-7428-01,HNSCC,HNSCC,0.0005313157453201711,0.9989293217658997,0.00031975837191566825,0.0002196017885580659
TCGA:HNSCC:TCGA-CV-7429-01,HNSCC,HNSCC,0.0036049457266926765,0.9951784610748291,0.0007476884638890624,0.0004689051129389554
TCGA:HNSCC:TCGA-CV-7430-01,HNSCC,HNSCC,1.3438562973533408e-07,0.999999463558197,3.9343495927823824e-07,3.236766943359726e-08
TCGA:HNSCC:TCGA-CV-7432-01,HNSCC,HNSCC,3.197685600753175e-07,0.999998927116394,5.47177592125081e-07,1.9505138482145412e-07
TCGA:HNSCC:TCGA-CV-7433-01,HNSCC,HNSCC,4.4221702410141006e-05,0.9996991157531738,0.0002315712918061763,2.5110290152952075e-05
TCGA:HNSCC:TCGA-CV-7434-01,HNSCC,HNSCC,0.0005440036184154451,0.998963475227356,0.00033465566230006516,0.00015784025890752673
TCGA:HNSCC:TCGA-CV-7435-01,HNSCC,HNSCC,4.9740865506464615e-05,0.9998171925544739,0.00010063029185403138,3.244228719267994e-05
TCGA:HNSCC:TCGA-CV-7437-01,HNSCC,HNSCC,0.007412298116832972,0.9480584859848022,0.040483903139829636,0.004045283887535334
TCGA:HNSCC:TCGA-CV-7438-01,HNSCC,HNSCC,0.00011575730604818091,0.9998124837875366,3.834029848803766e-05,3.341169940540567e-05
TCGA:HNSCC:TCGA-CV-7440-01,HNSCC,HNSCC,0.0016814805567264557,0.9912154674530029,0.0033848260063678026,0.0037182183004915714
TCGA:HNSCC:TCGA-CV-7446-01,HNSCC,HNSCC,0.00028412541723810136,0.9976680874824524,0.001887539285235107,0.00016026714001782238
TCGA:HNSCC:TCGA-CV-7568-01,HNSCC,HNSCC,0.00015475550026167184,0.9997347593307495,7.033092697383836e-05,4.0139115299098194e-05
TCGA:HNSCC:TCGA-CV-A45O-01,HNSCC,HNSCC,7.081362855387852e-05,0.999811053276062,8.27899930300191e-05,3.53360446752049e-05
TCGA:HNSCC:TCGA-CV-A45P-01,HNSCC,HNSCC,1.306279244772668e-07,0.9999993443489075,4.287246042622428e-07,7.898849219145632e-08
TCGA:HNSCC:TCGA-CV-A45Q-01,HNSCC,HNSCC,3.2858088161447085e-07,0.9999994039535522,2.1054675869436323e-07,3.8798198431777564e-08
TCGA:HNSCC:TCGA-CV-A45R-01,HNSCC,HNSCC,5.636046626023017e-05,0.999867856502533,4.3954911234322935e-05,3.180542989866808e-05
TCGA:HNSCC:TCGA-CV-A45T-01,HNSCC,HNSCC,0.0017705094069242477,0.9959883689880371,0.001199604943394661,0.001041531446389854
TCGA:HNSCC:TCGA-CV-A45U-01,HNSCC,HNSCC,1.6992757423395233e-07,0.9999979734420776,1.827822870836826e-06,3.404363724257564e-08
TCGA:HNSCC:TCGA-CV-A45V-01,HNSCC,HNSCC,0.0018185330554842949,0.9959336519241333,0.001254719216376543,0.000993102672509849
TCGA:HNSCC:TCGA-CV-A45W-01,HNSCC,HNSCC,1.2876666005467996e-05,0.782554030418396,0.2174292355775833,3.881084012391511e-06
TCGA:HNSCC:TCGA-CV-A45X-01,HNSCC,HNSCC,1.594392415427137e-05,0.9999309778213501,4.214787622913718e-05,1.0927058610832319e-05
TCGA:HNSCC:TCGA-CV-A45Y-01,HNSCC,HNSCC,0.000414063164498657,0.9918050765991211,0.0075865332037210464,0.00019430406973697245
TCGA:HNSCC:TCGA-CV-A45Z-01,HNSCC,HNSCC,3.822201222192234e-07,0.9999991655349731,3.9462935319534154e-07,5.138474179489094e-08
TCGA:HNSCC:TCGA-CV-A460-01,HNSCC,HNSCC,3.172513606841676e-05,0.9966687560081482,0.003294205293059349,5.3418953029904515e-06
TCGA:HNSCC:TCGA-CV-A461-01,HNSCC,HNSCC,1.1943323841023812e-07,0.9999990463256836,7.90916374171502e-07,3.476746357478078e-08
TCGA:HNSCC:TCGA-CV-A463-01,HNSCC,HNSCC,2.8030508474330418e-05,0.9999494552612305,1.5483825336559676e-05,7.015136361587793e-06
TCGA:HNSCC:TCGA-CV-A464-01,HNSCC,HNSCC,4.7339312914118636e-08,0.9999998807907104,5.433485839034802e-08,2.2788173126286893e-08
TCGA:HNSCC:TCGA-CV-A465-01,HNSCC,HNSCC,6.29641508567147e-05,0.9998643398284912,4.4071646698284894e-05,2.862034125428181e-05
TCGA:HNSCC:TCGA-CV-A468-01,HNSCC,HNSCC,6.619826308451593e-05,0.9998549222946167,4.739729411085136e-05,3.1456471333513036e-05
TCGA:HNSCC:TCGA-CV-A6JD-01,HNSCC,HNSCC,6.084532742534066e-06,0.9999932050704956,5.85131317620835e-07,1.0053407351051646e-07
TCGA:HNSCC:TCGA-CV-A6JE-01,HNSCC,HNSCC,0.0070047578774392605,0.9863457679748535,0.0039780354127287865,0.0026714473497122526
TCGA:HNSCC:TCGA-CV-A6JM-01,HNSCC,HNSCC,1.414590315107489e-06,0.99996018409729,3.748243398149498e-05,8.953051064963802e-07
TCGA:HNSCC:TCGA-CV-A6JN-01,HNSCC,HNSCC,1.0233943470439044e-08,1.0,5.997039753680156e-09,1.586930031827194e-09
TCGA:HNSCC:TCGA-CV-A6JO-01,HNSCC,HNSCC,3.669677607831545e-05,0.9999074339866638,3.540172110660933e-05,2.0476240024436265e-05
TCGA:HNSCC:TCGA-CV-A6JT-01,HNSCC,HNSCC,2.0673049220931716e-05,0.9999513626098633,2.0291774490033276e-05,7.696004104218446e-06
TCGA:HNSCC:TCGA-CV-A6JU-01,HNSCC,HNSCC,8.582964801462367e-05,0.9999131560325623,7.16787383225892e-07,3.1140660894379835e-07
TCGA:HNSCC:TCGA-CV-A6JY-01,HNSCC,HNSCC,5.2697540553481304e-08,0.9999998807907104,7.313267502695453e-08,1.2748426314601602e-08
TCGA:HNSCC:TCGA-CV-A6JZ-01,HNSCC,HNSCC,0.005832406226545572,0.9860962629318237,0.00565998163074255,0.002411366906017065
TCGA:HNSCC:TCGA-CV-A6K0-01,HNSCC,HNSCC,0.0020576028618961573,0.9955193996429443,0.0012888632481917739,0.0011341393692418933
TCGA:HNSCC:TCGA-CV-A6K1-01,HNSCC,HNSCC,4.018686377094127e-05,0.9998286962509155,6.367045716615394e-05,6.747198494849727e-05
TCGA:HNSCC:TCGA-CV-A6K2-01,HNSCC,HNSCC,0.00030956536647863686,0.9992790818214417,0.00026305916253477335,0.00014831831504125148
TCGA:HNSCC:TCGA-CX-7085-01,HNSCC,HNSCC,0.00279935821890831,0.9936210513114929,0.0024732027668505907,0.0011063766432926059
TCGA:HNSCC:TCGA-CX-7086-01,HNSCC,HNSCC,0.0023773449938744307,0.9939370155334473,0.0022894854191690683,0.001396151608787477
TCGA:HNSCC:TCGA-CX-7219-01,HNSCC,HNSCC,2.0915027562296018e-05,0.9999197125434875,3.9250422560144216e-05,2.013730954786297e-05
TCGA:HNSCC:TCGA-CX-A4AQ-01,HNSCC,HNSCC,0.007828718982636929,0.9874538779258728,0.0037928789388388395,0.0009245357941836119
TCGA:HNSCC:TCGA-D6-6515-01,HNSCC,HNSCC,9.832270734477788e-05,0.9998424053192139,4.523564348346554e-05,1.4008576727064792e-05
TCGA:HNSCC:TCGA-D6-6516-01,HNSCC,HNSCC,0.0037577340845018625,0.9926539063453674,0.0020576221868395805,0.0015307083958759904
TCGA:HNSCC:TCGA-D6-6517-01,HNSCC,HNSCC,2.9798736704833573e-06,0.9999927878379822,2.4989280973386485e-06,1.7490152686150395e-06
TCGA:HNSCC:TCGA-D6-6823-01,HNSCC,HNSCC,1.7503481331004878e-08,1.0,3.860663788657348e-09,7.336517171552259e-09
TCGA:HNSCC:TCGA-D6-6824-01,HNSCC,HNSCC,0.03972170874476433,0.9290273785591125,0.01379198208451271,0.01745891012251377
TCGA:HNSCC:TCGA-D6-6825-01,HNSCC,HNSCC,4.5535863080203853e-08,0.9999999403953552,2.0821952162464186e-08,4.569202349813395e-09
TCGA:HNSCC:TCGA-D6-6826-01,HNSCC,HNSCC,5.78170647713705e-06,0.9999931454658508,6.029417249919788e-07,4.5810705273652275e-07
TCGA:HNSCC:TCGA-D6-6827-01,HNSCC,HNSCC,0.005499175284057856,0.9944552779197693,3.694845872814767e-05,8.60052114148857e-06
TCGA:HNSCC:TCGA-D6-8568-01,HNSCC,HNSCC,0.004136394243687391,0.990074634552002,0.004139640834182501,0.0016493559814989567
TCGA:HNSCC:TCGA-D6-8569-01,HNSCC,HNSCC,9.195739949063864e-06,0.9999793171882629,6.379457772709429e-06,5.0931648729601875e-06
TCGA:HNSCC:TCGA-D6-A4Z9-01,HNSCC,HNSCC,0.0016018592286854982,0.9965548515319824,0.0009325584978796542,0.0009107541409321129
TCGA:HNSCC:TCGA-D6-A4ZB-01,HNSCC,HNSCC,0.005995709914714098,0.959983766078949,0.03070768713951111,0.003312811953946948
TCGA:HNSCC:TCGA-D6-A6EK-01,HNSCC,HNSCC,5.266345226573321e-08,0.999999463558197,4.858242732552753e-07,2.1049531895300788e-08
TCGA:HNSCC:TCGA-D6-A6EM-01,HNSCC,HNSCC,2.673112612683326e-05,0.9999727606773376,2.5608264309084916e-07,2.3683104188876314e-07
TCGA:HNSCC:TCGA-D6-A6EN-01,HNSCC,HNSCC,6.49260837235488e-05,0.9998984336853027,1.6544026948395185e-05,2.008514820772689e-05
TCGA:HNSCC:TCGA-D6-A6EO-01,HNSCC,HNSCC,1.0578523301774112e-07,0.9999995231628418,2.1577419317964086e-07,1.415430403994833e-07
TCGA:HNSCC:TCGA-D6-A6EP-01,HNSCC,HNSCC,0.04475041851401329,0.731095552444458,0.2192179560661316,0.004936069715768099
TCGA:HNSCC:TCGA-D6-A6EQ-01,HNSCC,HNSCC,8.29091077321209e-05,0.9989014863967896,0.0009875084506347775,2.8091368221794255e-05
TCGA:HNSCC:TCGA-D6-A6ES-01,HNSCC,HNSCC,0.006615343037992716,0.9844377636909485,0.006121569778770208,0.0028253246564418077
TCGA:HNSCC:TCGA-D6-A74Q-01,HNSCC,HNSCC,0.00023908015282358974,0.9987275004386902,0.000871865835506469,0.0001615572691662237
TCGA:HNSCC:TCGA-DQ-5624-01,HNSCC,HNSCC,4.604522274576084e-08,0.9999999403953552,7.674322510808906e-09,4.4982173541541215e-09
TCGA:HNSCC:TCGA-DQ-5625-01,HNSCC,HNSCC,0.00011911890760529786,0.9997867941856384,6.39900317764841e-05,3.011588160006795e-05
TCGA:HNSCC:TCGA-DQ-5629-01,HNSCC,LSCC,6.916745769558474e-05,0.44056788086891174,0.5593592524528503,3.706721599883167e-06
TCGA:HNSCC:TCGA-DQ-5630-01,HNSCC,HNSCC,1.0944006135105155e-05,0.9999697804450989,1.2814545698347501e-05,6.438239324779715e-06
TCGA:HNSCC:TCGA-DQ-5631-01,HNSCC,HNSCC,6.937539001228288e-05,0.9998395442962646,7.071340951370075e-05,2.0339475668151863e-05
TCGA:HNSCC:TCGA-DQ-7588-01,HNSCC,HNSCC,0.000128702144138515,0.9996090531349182,0.00017293916607741266,8.930775948101655e-05
TCGA:HNSCC:TCGA-DQ-7589-01,HNSCC,HNSCC,0.005358729045838118,0.9793592095375061,0.012294648215174675,0.0029874166939407587
TCGA:HNSCC:TCGA-DQ-7590-01,HNSCC,HNSCC,0.0028251244220882654,0.9901511669158936,0.0053936936892569065,0.0016299854032695293
TCGA:HNSCC:TCGA-DQ-7591-01,HNSCC,HNSCC,5.859384373252396e-07,0.9999886751174927,9.840539860306308e-06,8.996857445708883e-07
TCGA:HNSCC:TCGA-DQ-7592-01,HNSCC,HNSCC,2.944596033671587e-08,0.9999999403953552,2.7871683627722632e-08,1.517798864369979e-08
TCGA:HNSCC:TCGA-DQ-7593-01,HNSCC,HNSCC,0.00025407577049918473,0.9990773797035217,0.0004865248338319361,0.00018201446800958365
TCGA:HNSCC:TCGA-DQ-7594-01,HNSCC,HNSCC,0.005011104047298431,0.992220401763916,0.0013292611110955477,0.001439262880012393
TCGA:HNSCC:TCGA-DQ-7595-01,HNSCC,HNSCC,0.0002440931275486946,0.9948068261146545,0.0045116678811609745,0.00043738947715610266
TCGA:HNSCC:TCGA-DQ-7596-01,HNSCC,HNSCC,0.00214644824154675,0.9938434958457947,0.002244415692985058,0.0017656356794759631
TCGA:HNSCC:TCGA-F7-7848-01,HNSCC,HNSCC,0.0046119652688503265,0.9912216663360596,0.0021402642596513033,0.0020260990131646395
TCGA:HNSCC:TCGA-F7-8298-01,HNSCC,HNSCC,8.682704333295987e-07,0.9999986290931702,4.852060442317452e-07,2.7734877505736222e-08
TCGA:HNSCC:TCGA-F7-8489-01,HNSCC,HNSCC,0.00010943735105684027,0.9991129636764526,0.000713808520231396,6.381707498803735e-05
TCGA:HNSCC:TCGA-F7-A50G-01,HNSCC,HNSCC,1.2347415179192467e-07,0.9999998211860657,3.994258079842439e-08,3.834304607153172e-08
TCGA:HNSCC:TCGA-F7-A50I-01,HNSCC,HNSCC,0.00022933818399906158,0.9979814291000366,0.0015657668700441718,0.0002234901621704921
TCGA:HNSCC:TCGA-F7-A50J-01,HNSCC,HNSCC,3.229628782719374e-05,0.9999268054962158,2.3323191271629184e-05,1.7558977560838684e-05
TCGA:HNSCC:TCGA-F7-A61S-01,HNSCC,HNSCC,0.0016241263365373015,0.9961527585983276,0.0011791940778493881,0.0010439450852572918
TCGA:HNSCC:TCGA-F7-A61V-01,HNSCC,HNSCC,1.5967498256941326e-05,0.9999638795852661,1.409467040502932e-05,6.036004378984217e-06
TCGA:HNSCC:TCGA-F7-A61W-01,HNSCC,HNSCC,0.001997336745262146,0.9955158829689026,0.0013982240343466401,0.0010885337833315134
TCGA:HNSCC:TCGA-F7-A620-01,HNSCC,HNSCC,0.0018139341846108437,0.9958168864250183,0.0013662680285051465,0.0010029387194663286
TCGA:HNSCC:TCGA-F7-A622-01,HNSCC,HNSCC,2.1312084541591503e-08,0.9999999403953552,3.017500915802884e-08,2.24942198201461e-09
TCGA:HNSCC:TCGA-F7-A623-01,HNSCC,HNSCC,6.72742203278176e-07,0.9999990463256836,2.7880372499566874e-07,1.828551532412348e-08
TCGA:HNSCC:TCGA-F7-A624-01,HNSCC,BRCA,0.8077692985534668,0.1892145723104477,0.0021441427525132895,0.0008720114710740745
TCGA:HNSCC:TCGA-H7-7774-01,HNSCC,HNSCC,1.6151568615896394e-07,0.9999996423721313,1.6538491820483614e-07,4.34665849979865e-08
TCGA:HNSCC:TCGA-H7-8501-01,HNSCC,HNSCC,3.695951420468191e-07,0.999999463558197,1.4439414997013955e-07,2.653056796475539e-08
TCGA:HNSCC:TCGA-H7-8502-01,HNSCC,HNSCC,2.0751103875227273e-05,0.9999580383300781,1.2527775652415585e-05,8.670586794323754e-06
TCGA:HNSCC:TCGA-H7-A6C4-01,HNSCC,HNSCC,2.736595483554538e-08,0.9999999403953552,6.508274363881128e-09,4.741947279285341e-09
TCGA:HNSCC:TCGA-H7-A76A-01,HNSCC,HNSCC,1.0138121979252901e-05,0.9934509992599487,0.006532871630042791,5.9666849665518384e-06
TCGA:HNSCC:TCGA-HD-7229-01,HNSCC,HNSCC,2.347962180238028e-07,0.99992436170578,7.524661486968398e-05,1.6139046010721358e-07
TCGA:HNSCC:TCGA-HD-7753-01,HNSCC,HNSCC,0.003145570168271661,0.9892627000808716,0.005908680148422718,0.0016830216627568007
TCGA:HNSCC:TCGA-HD-7754-01,HNSCC,HNSCC,0.0055434140376746655,0.9869914054870605,0.004698998294770718,0.0027661954518407583
TCGA:HNSCC:TCGA-HD-7831-01,HNSCC,HNSCC,0.00014044031559024006,0.9995847344398499,0.00023198119015432894,4.283028465579264e-05
TCGA:HNSCC:TCGA-HD-7832-01,HNSCC,HNSCC,4.2744766687974334e-05,0.9999006986618042,3.412725345697254e-05,2.243791095679626e-05
TCGA:HNSCC:TCGA-HD-7917-01,HNSCC,HNSCC,5.574138413066976e-05,0.9998950958251953,2.398486503807362e-05,2.5153174647130072e-05
TCGA:HNSCC:TCGA-HD-8224-01,HNSCC,HNSCC,1.4135500805423362e-06,0.9999963045120239,1.8710950371314539e-06,4.1066147105084383e-07
TCGA:HNSCC:TCGA-HD-8314-01,HNSCC,HNSCC,0.0001187356174341403,0.9998737573623657,2.7196140308660688e-06,4.775480647367658e-06
TCGA:HNSCC:TCGA-HD-8634-01,HNSCC,HNSCC,2.187712055956581e-08,0.9999999403953552,5.466970431911022e-09,7.541053115289742e-09
TCGA:HNSCC:TCGA-HD-8635-01,HNSCC,HNSCC,2.3369670088868588e-05,0.9999759197235107,6.255544349187403e-07,5.982539619253657e-08
TCGA:HNSCC:TCGA-HD-A4C1-01,HNSCC,HNSCC,3.561035919119604e-05,0.9994754195213318,0.00046528095845133066,2.3692180548096076e-05
TCGA:HNSCC:TCGA-HD-A633-01,HNSCC,HNSCC,8.236671419581398e-05,0.9997836947441101,7.81566632213071e-05,5.575759496423416e-05
TCGA:HNSCC:TCGA-HD-A634-01,HNSCC,HNSCC,0.28411391377449036,0.4784640967845917,0.15070731937885284,0.08671467006206512
TCGA:HNSCC:TCGA-HD-A6HZ-01,HNSCC,HNSCC,3.2790055684017716e-06,0.9999861717224121,1.0396029210824054e-05,1.3797010467442306e-07
TCGA:HNSCC:TCGA-HD-A6I0-01,HNSCC,HNSCC,3.0129956485325238e-06,0.9999969005584717,4.372485307158058e-08,2.8668676321785824e-08
TCGA:HNSCC:TCGA-HL-7533-01,HNSCC,HNSCC,4.1702392081788275e-06,0.9999040961265564,9.114811109611765e-05,6.075435408092744e-07
TCGA:HNSCC:TCGA-IQ-7630-01,HNSCC,HNSCC,5.814811811433174e-05,0.9998719692230225,3.475739504210651e-05,3.512003968353383e-05
TCGA:HNSCC:TCGA-IQ-7631-01,HNSCC,HNSCC,0.015217630192637444,0.9847506284713745,2.4987353754113428e-05,6.7808900894306134e-06
TCGA:HNSCC:TCGA-IQ-7632-01,HNSCC,HNSCC,3.9025861042318866e-05,0.9999278783798218,2.3723667254671454e-05,9.380215487908572e-06
TCGA:HNSCC:TCGA-IQ-A61E-01,HNSCC,HNSCC,2.7996716767120233e-07,0.9999996423721313,5.832556482232576e-08,3.475910403949456e-08
TCGA:HNSCC:TCGA-IQ-A61G-01,HNSCC,HNSCC,0.0003427603514865041,0.9990715384483337,0.0004162864061072469,0.00016942713409662247
TCGA:HNSCC:TCGA-IQ-A61H-01,HNSCC,HNSCC,1.3948671551133884e-07,0.9999992251396179,5.898732524656225e-07,2.987398062259672e-08
TCGA:HNSCC:TCGA-IQ-A61I-01,HNSCC,HNSCC,0.00011236107093282044,0.9997419118881226,8.65590845933184e-05,5.91858770349063e-05
TCGA:HNSCC:TCGA-IQ-A61J-01,HNSCC,HNSCC,0.0017508633900433779,0.9962567090988159,0.0009631332941353321,0.0010292853694409132
TCGA:HNSCC:TCGA-IQ-A61O-01,HNSCC,HNSCC,0.2806102931499481,0.6713732481002808,0.03748634457588196,0.010530096478760242
TCGA:HNSCC:TCGA-IQ-A6SG-01,HNSCC,HNSCC,0.00015009324124548584,0.999594509601593,0.00017947398009710014,7.592812471557409e-05
TCGA:HNSCC:TCGA-IQ-A6SH-01,HNSCC,HNSCC,4.824345887755044e-05,0.999891996383667,3.3879030524985865e-05,2.588561619631946e-05
TCGA:HNSCC:TCGA-KU-A66S-01,HNSCC,HNSCC,0.017989594489336014,0.9782974123954773,0.003559654578566551,0.00015331538452301174
TCGA:HNSCC:TCGA-KU-A66T-01,HNSCC,HNSCC,0.0002233311824966222,0.9993390440940857,0.0002653709379956126,0.00017227519128937274
TCGA:HNSCC:TCGA-KU-A6H7-01,HNSCC,HNSCC,0.0001893364533316344,0.9993913769721985,0.0003117647429462522,0.00010750721412478015
TCGA:HNSCC:TCGA-KU-A6H8-01,HNSCC,HNSCC,7.315701805055141e-05,0.9998778104782104,3.330164327053353e-05,1.5728430298622698e-05
TCGA:HNSCC:TCGA-MT-A51W-01,HNSCC,HNSCC,0.0065348707139492035,0.9740707278251648,0.015172294341027737,0.004222105257213116
TCGA:HNSCC:TCGA-MT-A51X-01,HNSCC,HNSCC,5.273702896602117e-08,0.9999998807907104,2.1974928543500027e-08,2.0076901918741896e-08
TCGA:HNSCC:TCGA-MT-A67A-01,HNSCC,HNSCC,1.8917706938736956e-06,0.9999977946281433,1.985668802717555e-07,9.930860045415102e-08
TCGA:HNSCC:TCGA-MT-A67D-01,HNSCC,HNSCC,5.880874596186914e-07,0.9999985694885254,4.849770789405738e-07,3.4537060855655e-07
TCGA:HNSCC:TCGA-MT-A67F-01,HNSCC,HNSCC,4.78201968689973e-07,0.9999986290931702,7.579546945635229e-07,1.359227326247492e-07
TCGA:HNSCC:TCGA-MT-A7BN-01,HNSCC,BRCA,0.9816737771034241,0.01591670699417591,0.002016885206103325,0.00039263852522708476
TCGA:HNSCC:TCGA-MZ-A5BI-01,HNSCC,HNSCC,1.274166970688384e-05,0.9999203085899353,6.641581421718001e-05,5.293509843795619e-07
TCGA:HNSCC:TCGA-MZ-A6I9-01,HNSCC,HNSCC,0.0017396509647369385,0.9957848191261292,0.0014580594142898917,0.0010174568742513657
TCGA:HNSCC:TCGA-MZ-A7D7-01,HNSCC,HNSCC,3.964563859426562e-07,0.9999935030937195,6.0152092373755295e-06,6.530409990546104e-08
TCGA:HNSCC:TCGA-P3-A5Q5-01,HNSCC,HNSCC,6.201847213560541e-07,0.9999983906745911,9.014708552967932e-07,1.1413509071189765e-07
TCGA:HNSCC:TCGA-P3-A5Q6-01,HNSCC,HNSCC,3.3218236694665393e-07,0.9999992847442627,2.824723992489453e-07,1.247467196208163e-07
TCGA:HNSCC:TCGA-P3-A5QA-01,HNSCC,HNSCC,1.190171701637155e-06,0.9999984502792358,2.2474166883057478e-07,1.1399051658145254e-07
TCGA:HNSCC:TCGA-P3-A5QE-01,HNSCC,HNSCC,0.0003157978062517941,0.9994913339614868,0.00010558221401879564,8.727119711693376e-05
TCGA:HNSCC:TCGA-P3-A5QF-01,HNSCC,HNSCC,3.3662199712125584e-05,0.9998915791511536,4.9405800382373855e-05,2.5374956749146804e-05
TCGA:HNSCC:TCGA-P3-A6SW-01,HNSCC,HNSCC,7.780556916259229e-05,0.9997000694274902,0.00017530533659737557,4.683226143242791e-05
TCGA:HNSCC:TCGA-P3-A6SX-01,HNSCC,HNSCC,3.5812283272207424e-07,0.999999463558197,1.0800654592912906e-07,6.044265887794609e-08
TCGA:HNSCC:TCGA-P3-A6T0-01,HNSCC,HNSCC,0.002482536481693387,0.9957468509674072,0.0014280203031376004,0.0003425932372920215
TCGA:HNSCC:TCGA-P3-A6T2-01,HNSCC,HNSCC,4.940415010423749e-07,0.999999463558197,3.8999864671040996e-08,3.107383861333801e-08
TCGA:HNSCC:TCGA-P3-A6T3-01,HNSCC,HNSCC,0.0015077567659318447,0.996385931968689,0.000994124449789524,0.0011121892603114247
TCGA:HNSCC:TCGA-P3-A6T4-01,HNSCC,HNSCC,0.0043955459259450436,0.9890342950820923,0.0036847961600869894,0.0028853609692305326
TCGA:HNSCC:TCGA-P3-A6T5-01,HNSCC,HNSCC,3.852724603348179e-06,0.9999955296516418,5.451412903312303e-07,5.162966232319377e-08
TCGA:HNSCC:TCGA-P3-A6T6-01,HNSCC,HNSCC,0.00022572030138690025,0.9986029863357544,0.0006369567126967013,0.0005343069788068533
TCGA:HNSCC:TCGA-P3-A6T7-01,HNSCC,HNSCC,1.8313548935111612e-05,0.9999598860740662,1.2406851965351962e-05,9.390120794705581e-06
TCGA:HNSCC:TCGA-P3-A6T8-01,HNSCC,HNSCC,5.4651165555696934e-05,0.9998774528503418,3.671281592687592e-05,3.1181749363895506e-05
TCGA:HNSCC:TCGA-QK-A64Z-01,HNSCC,HNSCC,0.0005609910585917532,0.9986632466316223,0.00065383076434955,0.00012195201270515099
TCGA:HNSCC:TCGA-QK-A652-01,HNSCC,HNSCC,1.8934558809746704e-08,1.0,4.1398684480498105e-09,3.4350171596031487e-09
TCGA:HNSCC:TCGA-QK-A6IF-01,HNSCC,HNSCC,0.00037674824125133455,0.9995285868644714,5.627754217130132e-05,3.840108911390416e-05
TCGA:HNSCC:TCGA-QK-A6IG-01,HNSCC,HNSCC,0.0017904308624565601,0.9843183159828186,0.01263112761080265,0.0012601278722286224
TCGA:HNSCC:TCGA-QK-A6IH-01,HNSCC,HNSCC,3.7637653349520406e-07,0.9999995827674866,3.8659791812278854e-08,2.1450521359156483e-08
TCGA:HNSCC:TCGA-QK-A6II-01,HNSCC,HNSCC,2.2343974706018344e-05,0.9999532699584961,1.1722265298885759e-05,1.2684244211413898e-05
TCGA:HNSCC:TCGA-QK-A6IJ-01,HNSCC,HNSCC,1.8094789993483573e-05,0.9999695420265198,7.103866209945409e-06,5.263729690341279e-06
TCGA:HNSCC:TCGA-QK-A6V9-01,HNSCC,HNSCC,1.2089277845461766e-07,0.9999995827674866,1.7813719921377924e-07,9.24914047573111e-08
TCGA:HNSCC:TCGA-QK-A6VB-01,HNSCC,HNSCC,2.2791368792240974e-06,0.9999960064888,1.158438408310758e-06,5.476095452650043e-07
TCGA:HNSCC:TCGA-QK-A6VC-01,HNSCC,HNSCC,1.109438107960159e-05,0.9994680285453796,0.0005195243284106255,1.3566885854743305e-06
TCGA:HNSCC:TCGA-QK-A8Z7-01,HNSCC,HNSCC,0.0006878610583953559,0.9963756799697876,0.0026551138143986464,0.00028137158369645476
TCGA:HNSCC:TCGA-QK-A8Z8-01,HNSCC,HNSCC,0.00010178187221754342,0.9989667534828186,0.0008332981378771365,9.814737131819129e-05
TCGA:HNSCC:TCGA-QK-A8Z9-01,HNSCC,HNSCC,0.0046287961304187775,0.9908876419067383,0.0028951759450137615,0.0015883698360994458
TCGA:HNSCC:TCGA-QK-A8ZA-01,HNSCC,HNSCC,0.0003954476851504296,0.9888955950737,0.010451411828398705,0.00025755411479622126
TCGA:HNSCC:TCGA-QK-A8ZB-01,HNSCC,HNSCC,0.00011103558063041419,0.9997333884239197,0.00010877368913497776,4.681687642005272e-05
TCGA:HNSCC:TCGA-QK-AA3J-01,HNSCC,HNSCC,9.901059820549563e-05,0.999617874622345,0.00019866884395014495,8.44701353344135e-05
TCGA:HNSCC:TCGA-QK-AA3K-01,HNSCC,HNSCC,0.11760624498128891,0.8369661569595337,0.038907431066036224,0.006520163733512163
TCGA:HNSCC:TCGA-RS-A6TO-01,HNSCC,HNSCC,1.4842722748653614e-06,0.999998152256012,3.456579804606008e-07,4.383187501844077e-08
TCGA:HNSCC:TCGA-RS-A6TP-01,HNSCC,HNSCC,0.005096502602100372,0.985072672367096,0.007268919143825769,0.0025618921499699354
TCGA:HNSCC:TCGA-T2-A6WX-01,HNSCC,HNSCC,0.009599353186786175,0.9755172729492188,0.011127151548862457,0.0037562281358987093
TCGA:HNSCC:TCGA-T2-A6WZ-01,HNSCC,HNSCC,1.6995189255908372e-08,1.0,2.3588953013131686e-09,1.6591387153042092e-09
TCGA:HNSCC:TCGA-T2-A6X0-01,HNSCC,HNSCC,5.561964280786924e-05,0.9451771378517151,0.054679300636053085,8.797241025604308e-05
TCGA:HNSCC:TCGA-T2-A6X2-01,HNSCC,HNSCC,1.618510577827692e-05,0.9999504685401917,2.617510654090438e-05,7.1877871050674e-06
TCGA:HNSCC:TCGA-T3-A92M-01,HNSCC,HNSCC,0.0006945540080778301,0.8950026035308838,0.10408692806959152,0.00021588556410279125
TCGA:HNSCC:TCGA-T3-A92N-01,HNSCC,HNSCC,8.57281411299482e-05,0.9996717572212219,0.00018227135296911,6.0251484683249146e-05
TCGA:HNSCC:TCGA-TN-A7HI-01,HNSCC,HNSCC,0.0010561461094766855,0.9946574568748474,0.0038473017048090696,0.0004391190886963159
TCGA:HNSCC:TCGA-TN-A7HJ-01,HNSCC,HNSCC,2.4960456812550547e-07,0.9999990463256836,6.473620146607573e-07,5.022983629032751e-08
TCGA:HNSCC:TCGA-TN-A7HL-01,HNSCC,HNSCC,0.0003663526149466634,0.9355466365814209,0.06385964900255203,0.00022734918456990272
TCGA:HNSCC:TCGA-UF-A718-01,HNSCC,HNSCC,0.00010796615242725238,0.9996418952941895,0.00015494530089199543,9.517361468169838e-05
TCGA:HNSCC:TCGA-UF-A719-01,HNSCC,HNSCC,9.230034629581496e-05,0.9996773600578308,0.0001578173105372116,7.25317804608494e-05
TCGA:HNSCC:TCGA-UF-A71A-01,HNSCC,HNSCC,2.492818964583421e-07,0.9999986290931702,1.0181688594457228e-06,9.099645836840864e-08
TCGA:HNSCC:TCGA-UF-A71B-01,HNSCC,HNSCC,5.6563843827461824e-05,0.9996918439865112,0.00021603408094961196,3.552988709998317e-05
TCGA:HNSCC:TCGA-UF-A71D-01,HNSCC,HNSCC,7.500700303353369e-05,0.9998005032539368,6.231876614037901e-05,6.218596536200494e-05
TCGA:HNSCC:TCGA-UF-A71E-01,HNSCC,HNSCC,0.004396162461489439,0.9784832000732422,0.014719972386956215,0.0024006690364331007
TCGA:HNSCC:TCGA-UF-A7J9-01,HNSCC,HNSCC,5.176734339329414e-05,0.9981703758239746,0.001743733650073409,3.411834404687397e-05
TCGA:HNSCC:TCGA-UF-A7JA-01,HNSCC,HNSCC,0.00015547039220109582,0.9990358948707581,0.0007221426349133253,8.64940884639509e-05
TCGA:HNSCC:TCGA-UF-A7JC-01,HNSCC,HNSCC,0.0017096425872296095,0.9954909086227417,0.0018582915654405951,0.0009411458158865571
TCGA:HNSCC:TCGA-UF-A7JD-01,HNSCC,HNSCC,0.003065072000026703,0.991542398929596,0.003813508665189147,0.0015790313482284546
TCGA:HNSCC:TCGA-UF-A7JF-01,HNSCC,HNSCC,2.2584626435673272e-07,0.9999697804450989,2.9883596653235145e-05,1.351146181605145e-07
TCGA:HNSCC:TCGA-UF-A7JH-01,HNSCC,HNSCC,9.160653462458868e-06,0.9999727606773376,1.0551332707109395e-05,7.499471394112334e-06
TCGA:HNSCC:TCGA-UF-A7JJ-01,HNSCC,HNSCC,0.0048367599956691265,0.9851683974266052,0.007316666189581156,0.0026781682390719652
TCGA:HNSCC:TCGA-UF-A7JK-01,HNSCC,HNSCC,0.00032545378780923784,0.9974262714385986,0.0020919397938996553,0.00015633163275197148
TCGA:HNSCC:TCGA-UF-A7JO-01,HNSCC,HNSCC,0.0022474362049251795,0.9899168610572815,0.006548367440700531,0.0012873567175120115
TCGA:HNSCC:TCGA-UF-A7JS-01,HNSCC,HNSCC,0.00021162763005122542,0.999618649482727,0.00013945643149781972,3.0245777452364564e-05
TCGA:HNSCC:TCGA-UF-A7JT-01,HNSCC,HNSCC,3.098646266153082e-05,0.9999464154243469,1.4446960449276958e-05,8.132897164614405e-06
TCGA:HNSCC:TCGA-UF-A7JV-01,HNSCC,HNSCC,0.0004276264808140695,0.998822808265686,0.0005722651840187609,0.00017731377738527954
TCGA:HNSCC:TCGA-UP-A6WW-01,HNSCC,HNSCC,8.920532650336099e-07,0.9999980330467224,6.802144412176858e-07,3.989672734405758e-07
TCGA:HNSCC:TCGA-WA-A7GZ-01,HNSCC,HNSCC,0.0023603057488799095,0.9951952695846558,0.0013898410834372044,0.0010545977856963873
TCGA:HNSCC:TCGA-WA-A7H4-01,HNSCC,HNSCC,4.892688593827188e-06,0.9999947547912598,1.2834017582008528e-07,2.054332668421921e-07
