endpoint,model_name,recall,precision
extreme_os,tabfm_default,1.0,0.6453900709219859
extreme_os,tabfm_default,0.989010989010989,0.6428571428571429
extreme_os,tabfm_default,0.978021978021978,0.6402877697841727
extreme_os,tabfm_default,0.9340659340659341,0.6640625
extreme_os,tabfm_default,0.9120879120879121,0.6693548387096774
extreme_os,tabfm_default,0.9120879120879121,0.680327868852459
extreme_os,tabfm_default,0.8791208791208791,0.7547169811320755
extreme_os,tabfm_default,0.8791208791208791,0.7766990291262136
extreme_os,tabfm_default,0.8681318681318682,0.8144329896907216
extreme_os,tabfm_default,0.8681318681318682,0.8229166666666666
extreme_os,tabfm_default,0.8461538461538461,0.8279569892473119
extreme_os,tabfm_default,0.8241758241758241,0.8333333333333334
extreme_os,tabfm_default,0.8021978021978022,0.8295454545454546
extreme_os,tabfm_default,0.7362637362637363,0.8375
extreme_os,tabfm_default,0.7142857142857143,0.8441558441558441
extreme_os,tabfm_default,0.6703296703296703,0.8472222222222222
extreme_os,tabfm_default,0.6703296703296703,0.8714285714285714
extreme_os,tabfm_default,0.6593406593406593,0.8695652173913043
extreme_os,tabfm_default,0.6483516483516484,0.8676470588235294
extreme_os,tabfm_default,0.6373626373626373,0.8787878787878788
extreme_os,tabfm_default,0.6263736263736264,0.8769230769230769
extreme_os,tabfm_default,0.6153846153846154,0.875
extreme_os,tabfm_default,0.6043956043956044,0.873015873015873
extreme_os,tabfm_default,0.5934065934065934,0.8852459016393442
extreme_os,tabfm_default,0.5824175824175825,0.8833333333333333
extreme_os,tabfm_default,0.5824175824175825,0.9137931034482759
extreme_os,tabfm_default,0.5384615384615384,0.9245283018867925
extreme_os,tabfm_default,0.5054945054945055,0.92
extreme_os,tabfm_default,0.4835164835164835,0.9166666666666666
extreme_os,tabfm_default,0.46153846153846156,0.9333333333333333
extreme_os,tabfm_default,0.43956043956043955,0.9523809523809523
extreme_os,tabfm_default,0.42857142857142855,0.9512195121951219
extreme_os,tabfm_default,0.4175824175824176,0.95
extreme_os,tabfm_default,0.4065934065934066,0.9487179487179487
extreme_os,tabfm_default,0.38461538461538464,0.9459459459459459
extreme_os,tabfm_default,0.3626373626373626,0.9428571428571428
extreme_os,tabfm_default,0.31868131868131866,0.9354838709677419
extreme_os,tabfm_default,0.2967032967032967,0.9310344827586207
extreme_os,tabfm_default,0.2857142857142857,0.9285714285714286
extreme_os,tabfm_default,0.27472527472527475,0.9259259259259259
extreme_os,tabfm_default,0.26373626373626374,0.9230769230769231
extreme_os,tabfm_default,0.25274725274725274,0.92
extreme_os,tabfm_default,0.21978021978021978,0.9523809523809523
extreme_os,tabfm_default,0.2087912087912088,0.95
extreme_os,tabfm_default,0.17582417582417584,0.9411764705882353
extreme_os,tabfm_default,0.14285714285714285,0.9285714285714286
extreme_os,tabfm_default,0.13186813186813187,1.0
extreme_os,tabfm_default,0.12087912087912088,1.0
extreme_os,tabfm_default,0.10989010989010989,1.0
extreme_os,tabfm_default,0.0989010989010989,1.0
extreme_os,tabfm_default,0.07692307692307693,1.0
extreme_os,tabfm_default,0.0,1.0
extreme_os,tabpfn_v2,1.0,0.6453900709219859
extreme_os,tabpfn_v2,1.0,0.65
extreme_os,tabpfn_v2,0.989010989010989,0.6474820143884892
extreme_os,tabpfn_v2,0.989010989010989,0.6521739130434783
extreme_os,tabpfn_v2,0.989010989010989,0.656934306569343
extreme_os,tabpfn_v2,0.989010989010989,0.6617647058823529
extreme_os,tabpfn_v2,0.989010989010989,0.6666666666666666
extreme_os,tabpfn_v2,0.989010989010989,0.6766917293233082
extreme_os,tabpfn_v2,0.989010989010989,0.6818181818181818
extreme_os,tabpfn_v2,0.989010989010989,0.6870229007633588
extreme_os,tabpfn_v2,0.978021978021978,0.6846153846153846
extreme_os,tabpfn_v2,0.967032967032967,0.6821705426356589
extreme_os,tabpfn_v2,0.9560439560439561,0.6796875
extreme_os,tabpfn_v2,0.9560439560439561,0.6850393700787402
extreme_os,tabpfn_v2,0.9560439560439561,0.6904761904761905
extreme_os,tabpfn_v2,0.945054945054945,0.688
extreme_os,tabpfn_v2,0.9340659340659341,0.6854838709677419
extreme_os,tabpfn_v2,0.9340659340659341,0.6910569105691057
extreme_os,tabpfn_v2,0.9230769230769231,0.6885245901639344
extreme_os,tabpfn_v2,0.9230769230769231,0.6942148760330579
extreme_os,tabpfn_v2,0.9120879120879121,0.6916666666666667
extreme_os,tabpfn_v2,0.9010989010989011,0.6890756302521008
extreme_os,tabpfn_v2,0.9010989010989011,0.6949152542372882
extreme_os,tabpfn_v2,0.9010989010989011,0.7008547008547008
extreme_os,tabpfn_v2,0.9010989010989011,0.7068965517241379
extreme_os,tabpfn_v2,0.8901098901098901,0.7043478260869566
extreme_os,tabpfn_v2,0.8901098901098901,0.7105263157894737
extreme_os,tabpfn_v2,0.8791208791208791,0.7079646017699115
extreme_os,tabpfn_v2,0.8791208791208791,0.7142857142857143
extreme_os,tabpfn_v2,0.8791208791208791,0.7207207207207207
extreme_os,tabpfn_v2,0.8791208791208791,0.7272727272727273
extreme_os,tabpfn_v2,0.8791208791208791,0.7339449541284404
extreme_os,tabpfn_v2,0.8791208791208791,0.7407407407407407
extreme_os,tabpfn_v2,0.8791208791208791,0.7476635514018691
extreme_os,tabpfn_v2,0.8791208791208791,0.7547169811320755
extreme_os,tabpfn_v2,0.8791208791208791,0.7619047619047619
extreme_os,tabpfn_v2,0.8791208791208791,0.7692307692307693
extreme_os,tabpfn_v2,0.8791208791208791,0.7766990291262136
extreme_os,tabpfn_v2,0.8791208791208791,0.7843137254901961
extreme_os,tabpfn_v2,0.8791208791208791,0.7920792079207921
extreme_os,tabpfn_v2,0.8791208791208791,0.8
extreme_os,tabpfn_v2,0.8681318681318682,0.797979797979798
extreme_os,tabpfn_v2,0.8681318681318682,0.8061224489795918
extreme_os,tabpfn_v2,0.8681318681318682,0.8144329896907216
extreme_os,tabpfn_v2,0.8681318681318682,0.8229166666666666
extreme_os,tabpfn_v2,0.8571428571428571,0.8210526315789474
extreme_os,tabpfn_v2,0.8461538461538461,0.8191489361702128
extreme_os,tabpfn_v2,0.8351648351648352,0.8172043010752689
extreme_os,tabpfn_v2,0.8241758241758241,0.8152173913043478
extreme_os,tabpfn_v2,0.8131868131868132,0.8131868131868132
extreme_os,tabpfn_v2,0.8021978021978022,0.8111111111111111
extreme_os,tabpfn_v2,0.7912087912087912,0.8089887640449438
extreme_os,tabpfn_v2,0.7912087912087912,0.8181818181818182
extreme_os,tabpfn_v2,0.7802197802197802,0.8160919540229885
extreme_os,tabpfn_v2,0.7692307692307693,0.813953488372093
extreme_os,tabpfn_v2,0.7692307692307693,0.8235294117647058
extreme_os,tabpfn_v2,0.7692307692307693,0.8333333333333334
extreme_os,tabpfn_v2,0.7582417582417582,0.8313253012048193
extreme_os,tabpfn_v2,0.7472527472527473,0.8292682926829268
extreme_os,tabpfn_v2,0.7362637362637363,0.8271604938271605
extreme_os,tabpfn_v2,0.7362637362637363,0.8375
extreme_os,tabpfn_v2,0.7252747252747253,0.8354430379746836
extreme_os,tabpfn_v2,0.7252747252747253,0.8461538461538461
extreme_os,tabpfn_v2,0.7142857142857143,0.8441558441558441
extreme_os,tabpfn_v2,0.7032967032967034,0.8421052631578947
extreme_os,tabpfn_v2,0.6923076923076923,0.84
extreme_os,tabpfn_v2,0.6813186813186813,0.8378378378378378
extreme_os,tabpfn_v2,0.6703296703296703,0.8356164383561644
extreme_os,tabpfn_v2,0.6593406593406593,0.8333333333333334
extreme_os,tabpfn_v2,0.6483516483516484,0.8309859154929577
extreme_os,tabpfn_v2,0.6373626373626373,0.8285714285714286
extreme_os,tabpfn_v2,0.6373626373626373,0.8405797101449275
extreme_os,tabpfn_v2,0.6263736263736264,0.8382352941176471
extreme_os,tabpfn_v2,0.6153846153846154,0.835820895522388
extreme_os,tabpfn_v2,0.6153846153846154,0.8484848484848485
extreme_os,tabpfn_v2,0.6153846153846154,0.8615384615384616
extreme_os,tabpfn_v2,0.6043956043956044,0.859375
extreme_os,tabpfn_v2,0.5934065934065934,0.8571428571428571
extreme_os,tabpfn_v2,0.5824175824175825,0.8548387096774194
extreme_os,tabpfn_v2,0.5714285714285714,0.8524590163934426
extreme_os,tabpfn_v2,0.5714285714285714,0.8666666666666667
extreme_os,tabpfn_v2,0.5604395604395604,0.864406779661017
extreme_os,tabpfn_v2,0.5494505494505495,0.8620689655172413
extreme_os,tabpfn_v2,0.5384615384615384,0.8596491228070176
extreme_os,tabpfn_v2,0.5384615384615384,0.875
extreme_os,tabpfn_v2,0.5274725274725275,0.8727272727272727
extreme_os,tabpfn_v2,0.5274725274725275,0.8888888888888888
extreme_os,tabpfn_v2,0.5164835164835165,0.8867924528301887
extreme_os,tabpfn_v2,0.5054945054945055,0.8846153846153846
extreme_os,tabpfn_v2,0.5054945054945055,0.9019607843137255
extreme_os,tabpfn_v2,0.4945054945054945,0.9
extreme_os,tabpfn_v2,0.4835164835164835,0.8979591836734694
extreme_os,tabpfn_v2,0.4725274725274725,0.8958333333333334
extreme_os,tabpfn_v2,0.46153846153846156,0.8936170212765957
extreme_os,tabpfn_v2,0.45054945054945056,0.8913043478260869
extreme_os,tabpfn_v2,0.45054945054945056,0.9111111111111111
extreme_os,tabpfn_v2,0.43956043956043955,0.9090909090909091
extreme_os,tabpfn_v2,0.42857142857142855,0.9069767441860465
extreme_os,tabpfn_v2,0.4175824175824176,0.9047619047619048
extreme_os,tabpfn_v2,0.4065934065934066,0.9024390243902439
extreme_os,tabpfn_v2,0.3956043956043956,0.9
extreme_os,tabpfn_v2,0.3956043956043956,0.9230769230769231
extreme_os,tabpfn_v2,0.38461538461538464,0.9210526315789473
extreme_os,tabpfn_v2,0.37362637362637363,0.918918918918919
extreme_os,tabpfn_v2,0.3626373626373626,0.9166666666666666
extreme_os,tabpfn_v2,0.3516483516483517,0.9142857142857143
extreme_os,tabpfn_v2,0.34065934065934067,0.9117647058823529
extreme_os,tabpfn_v2,0.34065934065934067,0.9393939393939394
extreme_os,tabpfn_v2,0.32967032967032966,0.9375
extreme_os,tabpfn_v2,0.31868131868131866,0.9354838709677419
extreme_os,tabpfn_v2,0.3076923076923077,0.9333333333333333
extreme_os,tabpfn_v2,0.3076923076923077,0.9655172413793104
extreme_os,tabpfn_v2,0.2857142857142857,0.9629629629629629
extreme_os,tabpfn_v2,0.27472527472527475,0.9615384615384616
extreme_os,tabpfn_v2,0.26373626373626374,0.96
extreme_os,tabpfn_v2,0.25274725274725274,0.9583333333333334
extreme_os,tabpfn_v2,0.24175824175824176,0.9565217391304348
extreme_os,tabpfn_v2,0.23076923076923078,0.9545454545454546
extreme_os,tabpfn_v2,0.23076923076923078,1.0
extreme_os,tabpfn_v2,0.21978021978021978,1.0
extreme_os,tabpfn_v2,0.2087912087912088,1.0
extreme_os,tabpfn_v2,0.1978021978021978,1.0
extreme_os,tabpfn_v2,0.18681318681318682,1.0
extreme_os,tabpfn_v2,0.17582417582417584,1.0
extreme_os,tabpfn_v2,0.16483516483516483,1.0
extreme_os,tabpfn_v2,0.15384615384615385,1.0
extreme_os,tabpfn_v2,0.14285714285714285,1.0
extreme_os,tabpfn_v2,0.12087912087912088,1.0
extreme_os,tabpfn_v2,0.10989010989010989,1.0
extreme_os,tabpfn_v2,0.0989010989010989,1.0
extreme_os,tabpfn_v2,0.08791208791208792,1.0
extreme_os,tabpfn_v2,0.07692307692307693,1.0
extreme_os,tabpfn_v2,0.06593406593406594,1.0
extreme_os,tabpfn_v2,0.03296703296703297,1.0
extreme_os,tabpfn_v2,0.02197802197802198,1.0
extreme_os,tabpfn_v2,0.01098901098901099,1.0
extreme_os,tabpfn_v2,0.0,1.0
extreme_os,tabpfn_v2_5,1.0,0.6453900709219859
extreme_os,tabpfn_v2_5,1.0,0.65
extreme_os,tabpfn_v2_5,1.0,0.6546762589928058
extreme_os,tabpfn_v2_5,1.0,0.6594202898550725
extreme_os,tabpfn_v2_5,1.0,0.6642335766423357
extreme_os,tabpfn_v2_5,1.0,0.6691176470588235
extreme_os,tabpfn_v2_5,1.0,0.674074074074074
extreme_os,tabpfn_v2_5,1.0,0.6791044776119403
extreme_os,tabpfn_v2_5,1.0,0.6842105263157895
extreme_os,tabpfn_v2_5,1.0,0.6893939393939394
extreme_os,tabpfn_v2_5,0.989010989010989,0.6870229007633588
extreme_os,tabpfn_v2_5,0.989010989010989,0.6923076923076923
extreme_os,tabpfn_v2_5,0.989010989010989,0.6976744186046512
extreme_os,tabpfn_v2_5,0.989010989010989,0.7086614173228346
extreme_os,tabpfn_v2_5,0.989010989010989,0.7142857142857143
extreme_os,tabpfn_v2_5,0.978021978021978,0.712
extreme_os,tabpfn_v2_5,0.978021978021978,0.717741935483871
extreme_os,tabpfn_v2_5,0.978021978021978,0.7235772357723578
extreme_os,tabpfn_v2_5,0.967032967032967,0.7213114754098361
extreme_os,tabpfn_v2_5,0.9560439560439561,0.71900826446281
extreme_os,tabpfn_v2_5,0.945054945054945,0.7166666666666667
extreme_os,tabpfn_v2_5,0.945054945054945,0.7226890756302521
extreme_os,tabpfn_v2_5,0.945054945054945,0.7288135593220338
extreme_os,tabpfn_v2_5,0.945054945054945,0.7350427350427351
extreme_os,tabpfn_v2_5,0.9340659340659341,0.7327586206896551
extreme_os,tabpfn_v2_5,0.9340659340659341,0.7391304347826086
extreme_os,tabpfn_v2_5,0.9340659340659341,0.7522123893805309
extreme_os,tabpfn_v2_5,0.9340659340659341,0.7589285714285714
extreme_os,tabpfn_v2_5,0.9230769230769231,0.7567567567567568
extreme_os,tabpfn_v2_5,0.9230769230769231,0.7636363636363637
extreme_os,tabpfn_v2_5,0.9230769230769231,0.7706422018348624
extreme_os,tabpfn_v2_5,0.9120879120879121,0.7685185185185185
extreme_os,tabpfn_v2_5,0.9120879120879121,0.7757009345794392
extreme_os,tabpfn_v2_5,0.9120879120879121,0.7830188679245284
extreme_os,tabpfn_v2_5,0.9010989010989011,0.780952380952381
extreme_os,tabpfn_v2_5,0.9010989010989011,0.7884615384615384
extreme_os,tabpfn_v2_5,0.8901098901098901,0.7864077669902912
extreme_os,tabpfn_v2_5,0.8901098901098901,0.7941176470588235
extreme_os,tabpfn_v2_5,0.8901098901098901,0.801980198019802
extreme_os,tabpfn_v2_5,0.8901098901098901,0.81
extreme_os,tabpfn_v2_5,0.8901098901098901,0.8181818181818182
extreme_os,tabpfn_v2_5,0.8791208791208791,0.8163265306122449
extreme_os,tabpfn_v2_5,0.8681318681318682,0.8144329896907216
extreme_os,tabpfn_v2_5,0.8571428571428571,0.8125
extreme_os,tabpfn_v2_5,0.8571428571428571,0.8210526315789474
extreme_os,tabpfn_v2_5,0.8461538461538461,0.8191489361702128
extreme_os,tabpfn_v2_5,0.8351648351648352,0.8172043010752689
extreme_os,tabpfn_v2_5,0.8351648351648352,0.8260869565217391
extreme_os,tabpfn_v2_5,0.8351648351648352,0.8351648351648352
extreme_os,tabpfn_v2_5,0.8351648351648352,0.8444444444444444
extreme_os,tabpfn_v2_5,0.8241758241758241,0.8426966292134831
extreme_os,tabpfn_v2_5,0.8131868131868132,0.8409090909090909
extreme_os,tabpfn_v2_5,0.8021978021978022,0.8390804597701149
extreme_os,tabpfn_v2_5,0.7912087912087912,0.8372093023255814
extreme_os,tabpfn_v2_5,0.7802197802197802,0.8352941176470589
extreme_os,tabpfn_v2_5,0.7692307692307693,0.8333333333333334
extreme_os,tabpfn_v2_5,0.7692307692307693,0.8433734939759037
extreme_os,tabpfn_v2_5,0.7582417582417582,0.8414634146341463
extreme_os,tabpfn_v2_5,0.7472527472527473,0.8395061728395061
extreme_os,tabpfn_v2_5,0.7472527472527473,0.85
extreme_os,tabpfn_v2_5,0.7472527472527473,0.8607594936708861
extreme_os,tabpfn_v2_5,0.7362637362637363,0.8589743589743589
extreme_os,tabpfn_v2_5,0.7252747252747253,0.8571428571428571
extreme_os,tabpfn_v2_5,0.7142857142857143,0.8552631578947368
extreme_os,tabpfn_v2_5,0.7032967032967034,0.8533333333333334
extreme_os,tabpfn_v2_5,0.7032967032967034,0.8648648648648649
extreme_os,tabpfn_v2_5,0.6923076923076923,0.863013698630137
extreme_os,tabpfn_v2_5,0.6813186813186813,0.8611111111111112
extreme_os,tabpfn_v2_5,0.6703296703296703,0.8591549295774648
extreme_os,tabpfn_v2_5,0.6593406593406593,0.8571428571428571
extreme_os,tabpfn_v2_5,0.6483516483516484,0.855072463768116
extreme_os,tabpfn_v2_5,0.6373626373626373,0.8529411764705882
extreme_os,tabpfn_v2_5,0.6263736263736264,0.8507462686567164
extreme_os,tabpfn_v2_5,0.6263736263736264,0.8636363636363636
extreme_os,tabpfn_v2_5,0.6153846153846154,0.8615384615384616
extreme_os,tabpfn_v2_5,0.6153846153846154,0.875
extreme_os,tabpfn_v2_5,0.6043956043956044,0.873015873015873
extreme_os,tabpfn_v2_5,0.5934065934065934,0.8709677419354839
extreme_os,tabpfn_v2_5,0.5824175824175825,0.8688524590163934
extreme_os,tabpfn_v2_5,0.5714285714285714,0.8666666666666667
extreme_os,tabpfn_v2_5,0.5604395604395604,0.864406779661017
extreme_os,tabpfn_v2_5,0.5494505494505495,0.8620689655172413
extreme_os,tabpfn_v2_5,0.5494505494505495,0.8771929824561403
extreme_os,tabpfn_v2_5,0.5384615384615384,0.875
extreme_os,tabpfn_v2_5,0.5384615384615384,0.8909090909090909
extreme_os,tabpfn_v2_5,0.5274725274725275,0.8888888888888888
extreme_os,tabpfn_v2_5,0.5164835164835165,0.8867924528301887
extreme_os,tabpfn_v2_5,0.5054945054945055,0.8846153846153846
extreme_os,tabpfn_v2_5,0.4945054945054945,0.8823529411764706
extreme_os,tabpfn_v2_5,0.4835164835164835,0.88
extreme_os,tabpfn_v2_5,0.4835164835164835,0.8979591836734694
extreme_os,tabpfn_v2_5,0.4725274725274725,0.8958333333333334
extreme_os,tabpfn_v2_5,0.46153846153846156,0.8936170212765957
extreme_os,tabpfn_v2_5,0.45054945054945056,0.8913043478260869
extreme_os,tabpfn_v2_5,0.43956043956043955,0.8888888888888888
extreme_os,tabpfn_v2_5,0.42857142857142855,0.8863636363636364
extreme_os,tabpfn_v2_5,0.4175824175824176,0.8837209302325582
extreme_os,tabpfn_v2_5,0.4175824175824176,0.9047619047619048
extreme_os,tabpfn_v2_5,0.4175824175824176,0.926829268292683
extreme_os,tabpfn_v2_5,0.4175824175824176,0.95
extreme_os,tabpfn_v2_5,0.4065934065934066,0.9487179487179487
extreme_os,tabpfn_v2_5,0.3956043956043956,0.9473684210526315
extreme_os,tabpfn_v2_5,0.38461538461538464,0.9459459459459459
extreme_os,tabpfn_v2_5,0.38461538461538464,0.9722222222222222
extreme_os,tabpfn_v2_5,0.37362637362637363,0.9714285714285714
extreme_os,tabpfn_v2_5,0.3626373626373626,0.9705882352941176
extreme_os,tabpfn_v2_5,0.3516483516483517,0.9696969696969697
extreme_os,tabpfn_v2_5,0.34065934065934067,0.96875
extreme_os,tabpfn_v2_5,0.32967032967032966,0.967741935483871
extreme_os,tabpfn_v2_5,0.31868131868131866,0.9666666666666667
extreme_os,tabpfn_v2_5,0.3076923076923077,0.9655172413793104
extreme_os,tabpfn_v2_5,0.2967032967032967,0.9642857142857143
extreme_os,tabpfn_v2_5,0.2857142857142857,0.9629629629629629
extreme_os,tabpfn_v2_5,0.27472527472527475,0.9615384615384616
extreme_os,tabpfn_v2_5,0.26373626373626374,0.96
extreme_os,tabpfn_v2_5,0.25274725274725274,0.9583333333333334
extreme_os,tabpfn_v2_5,0.24175824175824176,0.9565217391304348
extreme_os,tabpfn_v2_5,0.23076923076923078,0.9545454545454546
extreme_os,tabpfn_v2_5,0.21978021978021978,0.9523809523809523
extreme_os,tabpfn_v2_5,0.2087912087912088,0.95
extreme_os,tabpfn_v2_5,0.1978021978021978,0.9473684210526315
extreme_os,tabpfn_v2_5,0.18681318681318682,0.9444444444444444
extreme_os,tabpfn_v2_5,0.17582417582417584,0.9411764705882353
extreme_os,tabpfn_v2_5,0.16483516483516483,0.9375
extreme_os,tabpfn_v2_5,0.15384615384615385,0.9333333333333333
extreme_os,tabpfn_v2_5,0.14285714285714285,0.9285714285714286
extreme_os,tabpfn_v2_5,0.14285714285714285,1.0
extreme_os,tabpfn_v2_5,0.13186813186813187,1.0
extreme_os,tabpfn_v2_5,0.12087912087912088,1.0
extreme_os,tabpfn_v2_5,0.10989010989010989,1.0
extreme_os,tabpfn_v2_5,0.0989010989010989,1.0
extreme_os,tabpfn_v2_5,0.07692307692307693,1.0
extreme_os,tabpfn_v2_5,0.06593406593406594,1.0
extreme_os,tabpfn_v2_5,0.03296703296703297,1.0
extreme_os,tabpfn_v2_5,0.02197802197802198,1.0
extreme_os,tabpfn_v2_5,0.01098901098901099,1.0
extreme_os,tabpfn_v2_5,0.0,1.0
extreme_os,tabpfn_v2_6,1.0,0.6453900709219859
extreme_os,tabpfn_v2_6,1.0,0.65
extreme_os,tabpfn_v2_6,1.0,0.6546762589928058
extreme_os,tabpfn_v2_6,1.0,0.6594202898550725
extreme_os,tabpfn_v2_6,1.0,0.6642335766423357
extreme_os,tabpfn_v2_6,0.989010989010989,0.6617647058823529
extreme_os,tabpfn_v2_6,0.978021978021978,0.6592592592592592
extreme_os,tabpfn_v2_6,0.978021978021978,0.664179104477612
extreme_os,tabpfn_v2_6,0.967032967032967,0.6616541353383458
extreme_os,tabpfn_v2_6,0.967032967032967,0.6666666666666666
extreme_os,tabpfn_v2_6,0.967032967032967,0.6717557251908397
extreme_os,tabpfn_v2_6,0.967032967032967,0.676923076923077
extreme_os,tabpfn_v2_6,0.967032967032967,0.6821705426356589
extreme_os,tabpfn_v2_6,0.967032967032967,0.6875
extreme_os,tabpfn_v2_6,0.967032967032967,0.6929133858267716
extreme_os,tabpfn_v2_6,0.967032967032967,0.6984126984126984
extreme_os,tabpfn_v2_6,0.967032967032967,0.704
extreme_os,tabpfn_v2_6,0.967032967032967,0.7096774193548387
extreme_os,tabpfn_v2_6,0.967032967032967,0.7154471544715447
extreme_os,tabpfn_v2_6,0.9560439560439561,0.7131147540983607
extreme_os,tabpfn_v2_6,0.945054945054945,0.7107438016528925
extreme_os,tabpfn_v2_6,0.945054945054945,0.7166666666666667
extreme_os,tabpfn_v2_6,0.945054945054945,0.7226890756302521
extreme_os,tabpfn_v2_6,0.9340659340659341,0.7264957264957265
extreme_os,tabpfn_v2_6,0.9340659340659341,0.7327586206896551
extreme_os,tabpfn_v2_6,0.9230769230769231,0.7304347826086957
extreme_os,tabpfn_v2_6,0.9120879120879121,0.7280701754385965
extreme_os,tabpfn_v2_6,0.9120879120879121,0.7345132743362832
extreme_os,tabpfn_v2_6,0.9120879120879121,0.7410714285714286
extreme_os,tabpfn_v2_6,0.9120879120879121,0.7477477477477478
extreme_os,tabpfn_v2_6,0.9010989010989011,0.7454545454545455
extreme_os,tabpfn_v2_6,0.9010989010989011,0.7522935779816514
extreme_os,tabpfn_v2_6,0.9010989010989011,0.7592592592592593
extreme_os,tabpfn_v2_6,0.9010989010989011,0.7663551401869159
extreme_os,tabpfn_v2_6,0.9010989010989011,0.7735849056603774
extreme_os,tabpfn_v2_6,0.9010989010989011,0.7884615384615384
extreme_os,tabpfn_v2_6,0.8901098901098901,0.7864077669902912
extreme_os,tabpfn_v2_6,0.8901098901098901,0.7941176470588235
extreme_os,tabpfn_v2_6,0.8901098901098901,0.801980198019802
extreme_os,tabpfn_v2_6,0.8791208791208791,0.8
extreme_os,tabpfn_v2_6,0.8791208791208791,0.8080808080808081
extreme_os,tabpfn_v2_6,0.8791208791208791,0.8163265306122449
extreme_os,tabpfn_v2_6,0.8681318681318682,0.8144329896907216
extreme_os,tabpfn_v2_6,0.8681318681318682,0.8229166666666666
extreme_os,tabpfn_v2_6,0.8571428571428571,0.8210526315789474
extreme_os,tabpfn_v2_6,0.8571428571428571,0.8297872340425532
extreme_os,tabpfn_v2_6,0.8461538461538461,0.8369565217391305
extreme_os,tabpfn_v2_6,0.8351648351648352,0.8351648351648352
extreme_os,tabpfn_v2_6,0.8351648351648352,0.8444444444444444
extreme_os,tabpfn_v2_6,0.8241758241758241,0.8426966292134831
extreme_os,tabpfn_v2_6,0.8131868131868132,0.8409090909090909
extreme_os,tabpfn_v2_6,0.8021978021978022,0.8390804597701149
extreme_os,tabpfn_v2_6,0.8021978021978022,0.8488372093023255
extreme_os,tabpfn_v2_6,0.7912087912087912,0.8470588235294118
extreme_os,tabpfn_v2_6,0.7802197802197802,0.8452380952380952
extreme_os,tabpfn_v2_6,0.7692307692307693,0.8433734939759037
extreme_os,tabpfn_v2_6,0.7582417582417582,0.8414634146341463
extreme_os,tabpfn_v2_6,0.7582417582417582,0.8518518518518519
extreme_os,tabpfn_v2_6,0.7472527472527473,0.85
extreme_os,tabpfn_v2_6,0.7362637362637363,0.8481012658227848
extreme_os,tabpfn_v2_6,0.7252747252747253,0.8461538461538461
extreme_os,tabpfn_v2_6,0.7142857142857143,0.8441558441558441
extreme_os,tabpfn_v2_6,0.7032967032967034,0.8421052631578947
extreme_os,tabpfn_v2_6,0.6923076923076923,0.84
extreme_os,tabpfn_v2_6,0.6813186813186813,0.8378378378378378
extreme_os,tabpfn_v2_6,0.6813186813186813,0.8493150684931506
extreme_os,tabpfn_v2_6,0.6703296703296703,0.8472222222222222
extreme_os,tabpfn_v2_6,0.6593406593406593,0.8450704225352113
extreme_os,tabpfn_v2_6,0.6593406593406593,0.8571428571428571
extreme_os,tabpfn_v2_6,0.6483516483516484,0.855072463768116
extreme_os,tabpfn_v2_6,0.6373626373626373,0.8529411764705882
extreme_os,tabpfn_v2_6,0.6373626373626373,0.8656716417910447
extreme_os,tabpfn_v2_6,0.6263736263736264,0.8636363636363636
extreme_os,tabpfn_v2_6,0.6153846153846154,0.8615384615384616
extreme_os,tabpfn_v2_6,0.6043956043956044,0.859375
extreme_os,tabpfn_v2_6,0.5934065934065934,0.8571428571428571
extreme_os,tabpfn_v2_6,0.5824175824175825,0.8548387096774194
extreme_os,tabpfn_v2_6,0.5714285714285714,0.8524590163934426
extreme_os,tabpfn_v2_6,0.5604395604395604,0.85
extreme_os,tabpfn_v2_6,0.5604395604395604,0.864406779661017
extreme_os,tabpfn_v2_6,0.5494505494505495,0.8620689655172413
extreme_os,tabpfn_v2_6,0.5384615384615384,0.8596491228070176
extreme_os,tabpfn_v2_6,0.5274725274725275,0.8571428571428571
extreme_os,tabpfn_v2_6,0.5164835164835165,0.8545454545454545
extreme_os,tabpfn_v2_6,0.5164835164835165,0.8703703703703703
extreme_os,tabpfn_v2_6,0.5054945054945055,0.8679245283018868
extreme_os,tabpfn_v2_6,0.5054945054945055,0.8846153846153846
extreme_os,tabpfn_v2_6,0.5054945054945055,0.9019607843137255
extreme_os,tabpfn_v2_6,0.5054945054945055,0.92
extreme_os,tabpfn_v2_6,0.5054945054945055,0.9387755102040817
extreme_os,tabpfn_v2_6,0.4945054945054945,0.9375
extreme_os,tabpfn_v2_6,0.4835164835164835,0.9361702127659575
extreme_os,tabpfn_v2_6,0.4725274725274725,0.9347826086956522
extreme_os,tabpfn_v2_6,0.4725274725274725,0.9555555555555556
extreme_os,tabpfn_v2_6,0.46153846153846156,0.9545454545454546
extreme_os,tabpfn_v2_6,0.45054945054945056,0.9534883720930233
extreme_os,tabpfn_v2_6,0.43956043956043955,0.9523809523809523
extreme_os,tabpfn_v2_6,0.42857142857142855,0.9512195121951219
extreme_os,tabpfn_v2_6,0.4175824175824176,0.95
extreme_os,tabpfn_v2_6,0.4065934065934066,0.9487179487179487
extreme_os,tabpfn_v2_6,0.3956043956043956,0.9473684210526315
extreme_os,tabpfn_v2_6,0.38461538461538464,0.9459459459459459
extreme_os,tabpfn_v2_6,0.37362637362637363,0.9444444444444444
extreme_os,tabpfn_v2_6,0.3626373626373626,0.9428571428571428
extreme_os,tabpfn_v2_6,0.3516483516483517,0.9411764705882353
extreme_os,tabpfn_v2_6,0.32967032967032966,0.9375
extreme_os,tabpfn_v2_6,0.31868131868131866,0.9354838709677419
extreme_os,tabpfn_v2_6,0.3076923076923077,0.9333333333333333
extreme_os,tabpfn_v2_6,0.2967032967032967,0.9310344827586207
extreme_os,tabpfn_v2_6,0.2857142857142857,0.9285714285714286
extreme_os,tabpfn_v2_6,0.27472527472527475,0.9259259259259259
extreme_os,tabpfn_v2_6,0.26373626373626374,0.9230769230769231
extreme_os,tabpfn_v2_6,0.25274725274725274,0.92
extreme_os,tabpfn_v2_6,0.24175824175824176,0.9166666666666666
extreme_os,tabpfn_v2_6,0.24175824175824176,0.9565217391304348
extreme_os,tabpfn_v2_6,0.23076923076923078,0.9545454545454546
extreme_os,tabpfn_v2_6,0.21978021978021978,0.9523809523809523
extreme_os,tabpfn_v2_6,0.21978021978021978,1.0
extreme_os,tabpfn_v2_6,0.2087912087912088,1.0
extreme_os,tabpfn_v2_6,0.1978021978021978,1.0
extreme_os,tabpfn_v2_6,0.18681318681318682,1.0
extreme_os,tabpfn_v2_6,0.17582417582417584,1.0
extreme_os,tabpfn_v2_6,0.16483516483516483,1.0
extreme_os,tabpfn_v2_6,0.15384615384615385,1.0
extreme_os,tabpfn_v2_6,0.14285714285714285,1.0
extreme_os,tabpfn_v2_6,0.13186813186813187,1.0
extreme_os,tabpfn_v2_6,0.12087912087912088,1.0
extreme_os,tabpfn_v2_6,0.10989010989010989,1.0
extreme_os,tabpfn_v2_6,0.0989010989010989,1.0
extreme_os,tabpfn_v2_6,0.08791208791208792,1.0
extreme_os,tabpfn_v2_6,0.07692307692307693,1.0
extreme_os,tabpfn_v2_6,0.054945054945054944,1.0
extreme_os,tabpfn_v2_6,0.02197802197802198,1.0
extreme_os,tabpfn_v2_6,0.01098901098901099,1.0
extreme_os,tabpfn_v2_6,0.0,1.0
extreme_os,tabpfn_v3,1.0,0.6453900709219859
extreme_os,tabpfn_v3,0.989010989010989,0.6428571428571429
extreme_os,tabpfn_v3,0.989010989010989,0.6474820143884892
extreme_os,tabpfn_v3,0.989010989010989,0.6521739130434783
extreme_os,tabpfn_v3,0.989010989010989,0.656934306569343
extreme_os,tabpfn_v3,0.989010989010989,0.6617647058823529
extreme_os,tabpfn_v3,0.989010989010989,0.6666666666666666
extreme_os,tabpfn_v3,0.978021978021978,0.664179104477612
extreme_os,tabpfn_v3,0.978021978021978,0.6691729323308271
extreme_os,tabpfn_v3,0.978021978021978,0.6742424242424242
extreme_os,tabpfn_v3,0.967032967032967,0.6717557251908397
extreme_os,tabpfn_v3,0.967032967032967,0.676923076923077
extreme_os,tabpfn_v3,0.9560439560439561,0.6744186046511628
extreme_os,tabpfn_v3,0.945054945054945,0.671875
extreme_os,tabpfn_v3,0.945054945054945,0.6771653543307087
extreme_os,tabpfn_v3,0.9340659340659341,0.6746031746031746
extreme_os,tabpfn_v3,0.9340659340659341,0.68
extreme_os,tabpfn_v3,0.9230769230769231,0.6774193548387096
extreme_os,tabpfn_v3,0.9120879120879121,0.6747967479674797
extreme_os,tabpfn_v3,0.9120879120879121,0.680327868852459
extreme_os,tabpfn_v3,0.9120879120879121,0.6859504132231405
extreme_os,tabpfn_v3,0.9120879120879121,0.6916666666666667
extreme_os,tabpfn_v3,0.9120879120879121,0.6974789915966386
extreme_os,tabpfn_v3,0.9120879120879121,0.7033898305084746
extreme_os,tabpfn_v3,0.9120879120879121,0.7094017094017094
extreme_os,tabpfn_v3,0.9120879120879121,0.7155172413793104
extreme_os,tabpfn_v3,0.9120879120879121,0.7217391304347827
extreme_os,tabpfn_v3,0.9120879120879121,0.7280701754385965
extreme_os,tabpfn_v3,0.9120879120879121,0.7345132743362832
extreme_os,tabpfn_v3,0.9120879120879121,0.7410714285714286
extreme_os,tabpfn_v3,0.9120879120879121,0.7477477477477478
extreme_os,tabpfn_v3,0.9120879120879121,0.7545454545454545
extreme_os,tabpfn_v3,0.9010989010989011,0.7522935779816514
extreme_os,tabpfn_v3,0.8901098901098901,0.75
extreme_os,tabpfn_v3,0.8901098901098901,0.7570093457943925
extreme_os,tabpfn_v3,0.8901098901098901,0.7641509433962265
extreme_os,tabpfn_v3,0.8901098901098901,0.7714285714285715
extreme_os,tabpfn_v3,0.8901098901098901,0.7788461538461539
extreme_os,tabpfn_v3,0.8901098901098901,0.7864077669902912
extreme_os,tabpfn_v3,0.8901098901098901,0.7941176470588235
extreme_os,tabpfn_v3,0.8901098901098901,0.801980198019802
extreme_os,tabpfn_v3,0.8901098901098901,0.81
extreme_os,tabpfn_v3,0.8791208791208791,0.8080808080808081
extreme_os,tabpfn_v3,0.8681318681318682,0.8061224489795918
extreme_os,tabpfn_v3,0.8681318681318682,0.8144329896907216
extreme_os,tabpfn_v3,0.8571428571428571,0.8125
extreme_os,tabpfn_v3,0.8571428571428571,0.8210526315789474
extreme_os,tabpfn_v3,0.8461538461538461,0.8191489361702128
extreme_os,tabpfn_v3,0.8461538461538461,0.8279569892473119
extreme_os,tabpfn_v3,0.8351648351648352,0.8260869565217391
extreme_os,tabpfn_v3,0.8241758241758241,0.8241758241758241
extreme_os,tabpfn_v3,0.8131868131868132,0.8222222222222222
extreme_os,tabpfn_v3,0.8131868131868132,0.8314606741573034
extreme_os,tabpfn_v3,0.8021978021978022,0.8295454545454546
extreme_os,tabpfn_v3,0.8021978021978022,0.8390804597701149
extreme_os,tabpfn_v3,0.7912087912087912,0.8372093023255814
extreme_os,tabpfn_v3,0.7802197802197802,0.8352941176470589
extreme_os,tabpfn_v3,0.7692307692307693,0.8333333333333334
extreme_os,tabpfn_v3,0.7692307692307693,0.8433734939759037
extreme_os,tabpfn_v3,0.7582417582417582,0.8414634146341463
extreme_os,tabpfn_v3,0.7472527472527473,0.8395061728395061
extreme_os,tabpfn_v3,0.7362637362637363,0.8375
extreme_os,tabpfn_v3,0.7252747252747253,0.8354430379746836
extreme_os,tabpfn_v3,0.7252747252747253,0.8461538461538461
extreme_os,tabpfn_v3,0.7252747252747253,0.8571428571428571
extreme_os,tabpfn_v3,0.7142857142857143,0.8552631578947368
extreme_os,tabpfn_v3,0.7142857142857143,0.8666666666666667
extreme_os,tabpfn_v3,0.7032967032967034,0.8648648648648649
extreme_os,tabpfn_v3,0.6923076923076923,0.863013698630137
extreme_os,tabpfn_v3,0.6923076923076923,0.875
extreme_os,tabpfn_v3,0.6813186813186813,0.8732394366197183
extreme_os,tabpfn_v3,0.6703296703296703,0.8714285714285714
extreme_os,tabpfn_v3,0.6593406593406593,0.8695652173913043
extreme_os,tabpfn_v3,0.6483516483516484,0.8676470588235294
extreme_os,tabpfn_v3,0.6373626373626373,0.8656716417910447
extreme_os,tabpfn_v3,0.6263736263736264,0.8636363636363636
extreme_os,tabpfn_v3,0.6153846153846154,0.8615384615384616
extreme_os,tabpfn_v3,0.6043956043956044,0.859375
extreme_os,tabpfn_v3,0.6043956043956044,0.873015873015873
extreme_os,tabpfn_v3,0.5934065934065934,0.8709677419354839
extreme_os,tabpfn_v3,0.5934065934065934,0.8852459016393442
extreme_os,tabpfn_v3,0.5824175824175825,0.8833333333333333
extreme_os,tabpfn_v3,0.5714285714285714,0.8813559322033898
extreme_os,tabpfn_v3,0.5604395604395604,0.8793103448275862
extreme_os,tabpfn_v3,0.5604395604395604,0.8947368421052632
extreme_os,tabpfn_v3,0.5604395604395604,0.9107142857142857
extreme_os,tabpfn_v3,0.5494505494505495,0.9090909090909091
extreme_os,tabpfn_v3,0.5384615384615384,0.9074074074074074
extreme_os,tabpfn_v3,0.5274725274725275,0.9056603773584906
extreme_os,tabpfn_v3,0.5164835164835165,0.9038461538461539
extreme_os,tabpfn_v3,0.5054945054945055,0.9019607843137255
extreme_os,tabpfn_v3,0.4945054945054945,0.9
extreme_os,tabpfn_v3,0.4945054945054945,0.9183673469387755
extreme_os,tabpfn_v3,0.4835164835164835,0.9166666666666666
extreme_os,tabpfn_v3,0.4725274725274725,0.9148936170212766
extreme_os,tabpfn_v3,0.4725274725274725,0.9347826086956522
extreme_os,tabpfn_v3,0.46153846153846156,0.9333333333333333
extreme_os,tabpfn_v3,0.46153846153846156,0.9545454545454546
extreme_os,tabpfn_v3,0.45054945054945056,0.9534883720930233
extreme_os,tabpfn_v3,0.43956043956043955,0.9523809523809523
extreme_os,tabpfn_v3,0.42857142857142855,0.9512195121951219
extreme_os,tabpfn_v3,0.4175824175824176,0.95
extreme_os,tabpfn_v3,0.4065934065934066,0.9487179487179487
extreme_os,tabpfn_v3,0.3956043956043956,0.9473684210526315
extreme_os,tabpfn_v3,0.38461538461538464,0.9459459459459459
extreme_os,tabpfn_v3,0.37362637362637363,0.9444444444444444
extreme_os,tabpfn_v3,0.3626373626373626,0.9428571428571428
extreme_os,tabpfn_v3,0.3516483516483517,0.9411764705882353
extreme_os,tabpfn_v3,0.34065934065934067,0.9393939393939394
extreme_os,tabpfn_v3,0.32967032967032966,0.9375
extreme_os,tabpfn_v3,0.32967032967032966,0.967741935483871
extreme_os,tabpfn_v3,0.31868131868131866,0.9666666666666667
extreme_os,tabpfn_v3,0.3076923076923077,0.9655172413793104
extreme_os,tabpfn_v3,0.2967032967032967,0.9642857142857143
extreme_os,tabpfn_v3,0.2857142857142857,0.9629629629629629
extreme_os,tabpfn_v3,0.27472527472527475,0.9615384615384616
extreme_os,tabpfn_v3,0.26373626373626374,0.96
extreme_os,tabpfn_v3,0.25274725274725274,0.9583333333333334
extreme_os,tabpfn_v3,0.24175824175824176,0.9565217391304348
extreme_os,tabpfn_v3,0.23076923076923078,0.9545454545454546
extreme_os,tabpfn_v3,0.21978021978021978,0.9523809523809523
extreme_os,tabpfn_v3,0.2087912087912088,0.95
extreme_os,tabpfn_v3,0.1978021978021978,0.9473684210526315
extreme_os,tabpfn_v3,0.1978021978021978,1.0
extreme_os,tabpfn_v3,0.18681318681318682,1.0
extreme_os,tabpfn_v3,0.17582417582417584,1.0
extreme_os,tabpfn_v3,0.16483516483516483,1.0
extreme_os,tabpfn_v3,0.15384615384615385,1.0
extreme_os,tabpfn_v3,0.14285714285714285,1.0
extreme_os,tabpfn_v3,0.13186813186813187,1.0
extreme_os,tabpfn_v3,0.12087912087912088,1.0
extreme_os,tabpfn_v3,0.10989010989010989,1.0
extreme_os,tabpfn_v3,0.0989010989010989,1.0
extreme_os,tabpfn_v3,0.08791208791208792,1.0
extreme_os,tabpfn_v3,0.07692307692307693,1.0
extreme_os,tabpfn_v3,0.054945054945054944,1.0
extreme_os,tabpfn_v3,0.02197802197802198,1.0
extreme_os,tabpfn_v3,0.01098901098901099,1.0
extreme_os,tabpfn_v3,0.0,1.0
os_3yr,tabfm_default,1.0,0.41330645161290325
os_3yr,tabfm_default,0.9951219512195122,0.4121212121212121
os_3yr,tabfm_default,0.9951219512195122,0.41295546558704455
os_3yr,tabfm_default,0.9951219512195122,0.41379310344827586
os_3yr,tabfm_default,0.9951219512195122,0.4146341463414634
os_3yr,tabfm_default,0.9951219512195122,0.4154786150712831
os_3yr,tabfm_default,0.9902439024390244,0.4142857142857143
os_3yr,tabfm_default,0.9902439024390244,0.41683778234086244
os_3yr,tabfm_default,0.9902439024390244,0.4176954732510288
os_3yr,tabfm_default,0.9902439024390244,0.41855670103092785
os_3yr,tabfm_default,0.9902439024390244,0.42028985507246375
os_3yr,tabfm_default,0.9902439024390244,0.4211618257261411
os_3yr,tabfm_default,0.9902439024390244,0.42203742203742206
os_3yr,tabfm_default,0.9853658536585366,0.4225941422594142
os_3yr,tabfm_default,0.9804878048780488,0.4231578947368421
os_3yr,tabfm_default,0.975609756097561,0.42283298097251587
os_3yr,tabfm_default,0.975609756097561,0.42462845010615713
os_3yr,tabfm_default,0.975609756097561,0.42643923240938164
os_3yr,tabfm_default,0.975609756097561,0.42735042735042733
os_3yr,tabfm_default,0.975609756097561,0.4282655246252677
os_3yr,tabfm_default,0.975609756097561,0.4291845493562232
os_3yr,tabfm_default,0.975609756097561,0.4329004329004329
os_3yr,tabfm_default,0.975609756097561,0.4366812227074236
os_3yr,tabfm_default,0.975609756097561,0.437636761487965
os_3yr,tabfm_default,0.9707317073170731,0.43640350877192985
os_3yr,tabfm_default,0.9707317073170731,0.4392935982339956
os_3yr,tabfm_default,0.9707317073170731,0.44026548672566373
os_3yr,tabfm_default,0.9707317073170731,0.44124168514412415
os_3yr,tabfm_default,0.9707317073170731,0.44222222222222224
os_3yr,tabfm_default,0.9707317073170731,0.44320712694877507
os_3yr,tabfm_default,0.9707317073170731,0.44419642857142855
os_3yr,tabfm_default,0.9707317073170731,0.4451901565995526
os_3yr,tabfm_default,0.9707317073170731,0.4461883408071749
os_3yr,tabfm_default,0.9707317073170731,0.44719101123595506
os_3yr,tabfm_default,0.9707317073170731,0.44819819819819817
os_3yr,tabfm_default,0.9658536585365853,0.4469525959367946
os_3yr,tabfm_default,0.9658536585365853,0.4479638009049774
os_3yr,tabfm_default,0.9658536585365853,0.4489795918367347
os_3yr,tabfm_default,0.9658536585365853,0.4520547945205479
os_3yr,tabfm_default,0.9658536585365853,0.45308924485125857
os_3yr,tabfm_default,0.9658536585365853,0.4541284403669725
os_3yr,tabfm_default,0.9658536585365853,0.45622119815668205
os_3yr,tabfm_default,0.9658536585365853,0.45727482678983833
os_3yr,tabfm_default,0.9658536585365853,0.46588235294117647
os_3yr,tabfm_default,0.9658536585365853,0.4669811320754717
os_3yr,tabfm_default,0.9658536585365853,0.46808510638297873
os_3yr,tabfm_default,0.9658536585365853,0.47596153846153844
os_3yr,tabfm_default,0.9658536585365853,0.4782608695652174
os_3yr,tabfm_default,0.9560975609756097,0.48877805486284287
os_3yr,tabfm_default,0.9512195121951219,0.48872180451127817
os_3yr,tabfm_default,0.9463414634146341,0.5012919896640827
os_3yr,tabfm_default,0.9463414634146341,0.5052083333333334
os_3yr,tabfm_default,0.9463414634146341,0.5145888594164456
os_3yr,tabfm_default,0.9463414634146341,0.5159574468085106
os_3yr,tabfm_default,0.9463414634146341,0.5187165775401069
os_3yr,tabfm_default,0.9414634146341463,0.517426273458445
os_3yr,tabfm_default,0.9365853658536586,0.5231607629427792
os_3yr,tabfm_default,0.9317073170731708,0.5218579234972678
os_3yr,tabfm_default,0.9317073170731708,0.5247252747252747
os_3yr,tabfm_default,0.926829268292683,0.5234159779614325
os_3yr,tabfm_default,0.926829268292683,0.5248618784530387
os_3yr,tabfm_default,0.926829268292683,0.5263157894736842
os_3yr,tabfm_default,0.926829268292683,0.5277777777777778
os_3yr,tabfm_default,0.926829268292683,0.5292479108635098
os_3yr,tabfm_default,0.926829268292683,0.5307262569832403
os_3yr,tabfm_default,0.9219512195121952,0.5294117647058824
os_3yr,tabfm_default,0.9170731707317074,0.5280898876404494
os_3yr,tabfm_default,0.9170731707317074,0.5295774647887324
os_3yr,tabfm_default,0.9170731707317074,0.5310734463276836
os_3yr,tabfm_default,0.9170731707317074,0.5325779036827195
os_3yr,tabfm_default,0.9170731707317074,0.5340909090909091
os_3yr,tabfm_default,0.9170731707317074,0.5356125356125356
os_3yr,tabfm_default,0.9170731707317074,0.5371428571428571
os_3yr,tabfm_default,0.9121951219512195,0.5358166189111748
os_3yr,tabfm_default,0.9121951219512195,0.5373563218390804
os_3yr,tabfm_default,0.9073170731707317,0.5360230547550432
os_3yr,tabfm_default,0.9073170731707317,0.5375722543352601
os_3yr,tabfm_default,0.9073170731707317,0.5391304347826087
os_3yr,tabfm_default,0.9073170731707317,0.5406976744186046
os_3yr,tabfm_default,0.9073170731707317,0.5422740524781341
os_3yr,tabfm_default,0.9073170731707317,0.543859649122807
os_3yr,tabfm_default,0.8975609756097561,0.5492537313432836
os_3yr,tabfm_default,0.8926829268292683,0.5479041916167665
os_3yr,tabfm_default,0.8878048780487805,0.5465465465465466
os_3yr,tabfm_default,0.8829268292682927,0.5451807228915663
os_3yr,tabfm_default,0.8780487804878049,0.5438066465256798
os_3yr,tabfm_default,0.8731707317073171,0.5424242424242425
os_3yr,tabfm_default,0.8731707317073171,0.5440729483282675
os_3yr,tabfm_default,0.8682926829268293,0.5426829268292683
os_3yr,tabfm_default,0.8634146341463415,0.5412844036697247
os_3yr,tabfm_default,0.8585365853658536,0.5398773006134969
os_3yr,tabfm_default,0.8585365853658536,0.5415384615384615
os_3yr,tabfm_default,0.8585365853658536,0.5432098765432098
os_3yr,tabfm_default,0.8585365853658536,0.544891640866873
os_3yr,tabfm_default,0.8585365853658536,0.546583850931677
os_3yr,tabfm_default,0.8439024390243902,0.5509554140127388
os_3yr,tabfm_default,0.8390243902439024,0.549520766773163
os_3yr,tabfm_default,0.8292682926829268,0.551948051948052
os_3yr,tabfm_default,0.8292682926829268,0.5555555555555556
os_3yr,tabfm_default,0.824390243902439,0.555921052631579
os_3yr,tabfm_default,0.8048780487804879,0.5518394648829431
os_3yr,tabfm_default,0.7951219512195122,0.5506756756756757
os_3yr,tabfm_default,0.7902439024390244,0.5491525423728814
os_3yr,tabfm_default,0.7170731707317073,0.5364963503649635
os_3yr,tabfm_default,0.7024390243902439,0.5413533834586466
os_3yr,tabfm_default,0.6634146341463415,0.5483870967741935
os_3yr,tabfm_default,0.6634146341463415,0.5506072874493927
os_3yr,tabfm_default,0.6585365853658537,0.5487804878048781
os_3yr,tabfm_default,0.6536585365853659,0.5491803278688525
os_3yr,tabfm_default,0.6487804878048781,0.5473251028806584
os_3yr,tabfm_default,0.6439024390243903,0.5454545454545454
os_3yr,tabfm_default,0.6341463414634146,0.5439330543933054
os_3yr,tabfm_default,0.6292682926829268,0.542016806722689
os_3yr,tabfm_default,0.6195121951219512,0.538135593220339
os_3yr,tabfm_default,0.6195121951219512,0.5404255319148936
os_3yr,tabfm_default,0.6146341463414634,0.5384615384615384
os_3yr,tabfm_default,0.6146341463414634,0.5407725321888412
os_3yr,tabfm_default,0.6097560975609756,0.5482456140350878
os_3yr,tabfm_default,0.6048780487804878,0.5486725663716814
os_3yr,tabfm_default,0.5951219512195122,0.547085201793722
os_3yr,tabfm_default,0.5951219512195122,0.5520361990950227
os_3yr,tabfm_default,0.5804878048780487,0.5560747663551402
os_3yr,tabfm_default,0.5804878048780487,0.5639810426540285
os_3yr,tabfm_default,0.5756097560975609,0.5645933014354066
os_3yr,tabfm_default,0.5756097560975609,0.5673076923076923
os_3yr,tabfm_default,0.5658536585365853,0.5686274509803921
os_3yr,tabfm_default,0.5609756097560976,0.5693069306930693
os_3yr,tabfm_default,0.5463414634146342,0.5628140703517588
os_3yr,tabfm_default,0.5414634146341464,0.5692307692307692
os_3yr,tabfm_default,0.5317073170731708,0.5797872340425532
os_3yr,tabfm_default,0.5219512195121951,0.5815217391304348
os_3yr,tabfm_default,0.5121951219512195,0.5769230769230769
os_3yr,tabfm_default,0.47317073170731705,0.5878787878787879
os_3yr,tabfm_default,0.4585365853658537,0.5987261146496815
os_3yr,tabfm_default,0.44878048780487806,0.5974025974025974
os_3yr,tabfm_default,0.4195121951219512,0.6056338028169014
os_3yr,tabfm_default,0.4146341463414634,0.6028368794326241
os_3yr,tabfm_default,0.4097560975609756,0.6
os_3yr,tabfm_default,0.4,0.5985401459854015
os_3yr,tabfm_default,0.4,0.6029411764705882
os_3yr,tabfm_default,0.3853658536585366,0.5939849624060151
os_3yr,tabfm_default,0.375609756097561,0.5877862595419847
os_3yr,tabfm_default,0.37073170731707317,0.5891472868217055
os_3yr,tabfm_default,0.36585365853658536,0.5859375
os_3yr,tabfm_default,0.36097560975609755,0.5826771653543307
os_3yr,tabfm_default,0.35121951219512193,0.5806451612903226
os_3yr,tabfm_default,0.3463414634146341,0.5819672131147541
os_3yr,tabfm_default,0.33658536585365856,0.575
os_3yr,tabfm_default,0.32682926829268294,0.5677966101694916
os_3yr,tabfm_default,0.32195121951219513,0.5689655172413793
os_3yr,tabfm_default,0.3121951219512195,0.5614035087719298
os_3yr,tabfm_default,0.3073170731707317,0.5575221238938053
os_3yr,tabfm_default,0.28292682926829266,0.5523809523809524
os_3yr,tabfm_default,0.2682926829268293,0.5445544554455446
os_3yr,tabfm_default,0.25365853658536586,0.5306122448979592
os_3yr,tabfm_default,0.22926829268292684,0.5529411764705883
os_3yr,tabfm_default,0.22439024390243903,0.5476190476190477
os_3yr,tabfm_default,0.2097560975609756,0.5657894736842105
os_3yr,tabfm_default,0.18048780487804877,0.5692307692307692
os_3yr,tabfm_default,0.18048780487804877,0.5873015873015873
os_3yr,tabfm_default,0.18048780487804877,0.5967741935483871
os_3yr,tabfm_default,0.17073170731707318,0.5833333333333334
os_3yr,tabfm_default,0.16585365853658537,0.5964912280701754
os_3yr,tabfm_default,0.16585365853658537,0.6071428571428571
os_3yr,tabfm_default,0.16097560975609757,0.6111111111111112
os_3yr,tabfm_default,0.14634146341463414,0.6
os_3yr,tabfm_default,0.14634146341463414,0.6122448979591837
os_3yr,tabfm_default,0.14146341463414633,0.6304347826086957
os_3yr,tabfm_default,0.14146341463414633,0.6444444444444445
os_3yr,tabfm_default,0.13658536585365855,0.6363636363636364
os_3yr,tabfm_default,0.13658536585365855,0.6666666666666666
os_3yr,tabfm_default,0.13658536585365855,0.6829268292682927
os_3yr,tabfm_default,0.13658536585365855,0.7
os_3yr,tabfm_default,0.13658536585365855,0.717948717948718
os_3yr,tabfm_default,0.13658536585365855,0.7368421052631579
os_3yr,tabfm_default,0.13658536585365855,0.7567567567567568
os_3yr,tabfm_default,0.13170731707317074,0.75
os_3yr,tabfm_default,0.12682926829268293,0.7428571428571429
os_3yr,tabfm_default,0.12195121951219512,0.7352941176470589
os_3yr,tabfm_default,0.11707317073170732,0.7272727272727273
os_3yr,tabfm_default,0.11707317073170732,0.75
os_3yr,tabfm_default,0.11707317073170732,0.7741935483870968
os_3yr,tabfm_default,0.11707317073170732,0.8
os_3yr,tabfm_default,0.11219512195121951,0.7931034482758621
os_3yr,tabfm_default,0.11219512195121951,0.8214285714285714
os_3yr,tabfm_default,0.1073170731707317,0.8148148148148148
os_3yr,tabfm_default,0.1024390243902439,0.8076923076923077
os_3yr,tabfm_default,0.0975609756097561,0.8
os_3yr,tabfm_default,0.09268292682926829,0.7916666666666666
os_3yr,tabfm_default,0.08780487804878048,0.8181818181818182
os_3yr,tabfm_default,0.08292682926829269,0.8095238095238095
os_3yr,tabfm_default,0.07317073170731707,0.7894736842105263
os_3yr,tabfm_default,0.06341463414634146,0.7647058823529411
os_3yr,tabfm_default,0.05853658536585366,0.75
os_3yr,tabfm_default,0.05853658536585366,0.8
os_3yr,tabfm_default,0.05365853658536585,0.7857142857142857
os_3yr,tabfm_default,0.04878048780487805,0.7692307692307693
os_3yr,tabfm_default,0.04878048780487805,0.8333333333333334
os_3yr,tabfm_default,0.04390243902439024,0.8181818181818182
os_3yr,tabfm_default,0.03902439024390244,0.8
os_3yr,tabfm_default,0.03902439024390244,0.8888888888888888
os_3yr,tabfm_default,0.02926829268292683,0.8571428571428571
os_3yr,tabfm_default,0.024390243902439025,0.8333333333333334
os_3yr,tabfm_default,0.01951219512195122,0.8
os_3yr,tabfm_default,0.01951219512195122,1.0
os_3yr,tabfm_default,0.014634146341463415,1.0
os_3yr,tabfm_default,0.00975609756097561,1.0
os_3yr,tabfm_default,0.004878048780487805,1.0
os_3yr,tabfm_default,0.0,1.0
os_3yr,tabpfn_v2,1.0,0.41330645161290325
os_3yr,tabpfn_v2,1.0,0.41414141414141414
os_3yr,tabpfn_v2,1.0,0.4149797570850202
os_3yr,tabpfn_v2,1.0,0.4158215010141988
os_3yr,tabpfn_v2,1.0,0.4166666666666667
os_3yr,tabpfn_v2,1.0,0.4175152749490835
os_3yr,tabpfn_v2,1.0,0.41836734693877553
os_3yr,tabpfn_v2,1.0,0.41922290388548056
os_3yr,tabpfn_v2,1.0,0.42008196721311475
os_3yr,tabpfn_v2,0.9951219512195122,0.4188911704312115
os_3yr,tabpfn_v2,0.9951219512195122,0.41975308641975306
os_3yr,tabpfn_v2,0.9951219512195122,0.42061855670103093
os_3yr,tabpfn_v2,0.9951219512195122,0.4214876033057851
os_3yr,tabpfn_v2,0.9951219512195122,0.422360248447205
os_3yr,tabpfn_v2,0.9951219512195122,0.42323651452282157
os_3yr,tabpfn_v2,0.9951219512195122,0.42411642411642414
os_3yr,tabpfn_v2,0.9951219512195122,0.425
os_3yr,tabpfn_v2,0.9951219512195122,0.42588726513569936
os_3yr,tabpfn_v2,0.9951219512195122,0.42677824267782427
os_3yr,tabpfn_v2,0.9951219512195122,0.4276729559748428
os_3yr,tabpfn_v2,0.9951219512195122,0.42857142857142855
os_3yr,tabpfn_v2,0.9951219512195122,0.42947368421052634
os_3yr,tabpfn_v2,0.9951219512195122,0.43037974683544306
os_3yr,tabpfn_v2,0.9951219512195122,0.4312896405919662
os_3yr,tabpfn_v2,0.9951219512195122,0.4322033898305085
os_3yr,tabpfn_v2,0.9951219512195122,0.43312101910828027
os_3yr,tabpfn_v2,0.9951219512195122,0.4340425531914894
os_3yr,tabpfn_v2,0.9951219512195122,0.4349680170575693
os_3yr,tabpfn_v2,0.9951219512195122,0.4358974358974359
os_3yr,tabpfn_v2,0.9951219512195122,0.43683083511777304
os_3yr,tabpfn_v2,0.9951219512195122,0.43776824034334766
os_3yr,tabpfn_v2,0.9951219512195122,0.43870967741935485
os_3yr,tabpfn_v2,0.9951219512195122,0.4396551724137931
os_3yr,tabpfn_v2,0.9951219512195122,0.4406047516198704
os_3yr,tabpfn_v2,0.9951219512195122,0.44155844155844154
os_3yr,tabpfn_v2,0.9951219512195122,0.44251626898047725
os_3yr,tabpfn_v2,0.9951219512195122,0.4434782608695652
os_3yr,tabpfn_v2,0.9951219512195122,0.4444444444444444
os_3yr,tabpfn_v2,0.9951219512195122,0.44541484716157204
os_3yr,tabpfn_v2,0.9951219512195122,0.44638949671772427
os_3yr,tabpfn_v2,0.9951219512195122,0.4473684210526316
os_3yr,tabpfn_v2,0.9902439024390244,0.4461538461538462
os_3yr,tabpfn_v2,0.9853658536585366,0.44493392070484583
os_3yr,tabpfn_v2,0.9853658536585366,0.445916114790287
os_3yr,tabpfn_v2,0.9853658536585366,0.4469026548672566
os_3yr,tabpfn_v2,0.9853658536585366,0.44789356984478934
os_3yr,tabpfn_v2,0.9853658536585366,0.4488888888888889
os_3yr,tabpfn_v2,0.9804878048780488,0.44766146993318484
os_3yr,tabpfn_v2,0.9804878048780488,0.4486607142857143
os_3yr,tabpfn_v2,0.9804878048780488,0.44966442953020136
os_3yr,tabpfn_v2,0.9804878048780488,0.45067264573991034
os_3yr,tabpfn_v2,0.9804878048780488,0.451685393258427
os_3yr,tabpfn_v2,0.9804878048780488,0.4527027027027027
os_3yr,tabpfn_v2,0.9804878048780488,0.45372460496614
os_3yr,tabpfn_v2,0.975609756097561,0.45248868778280543
os_3yr,tabpfn_v2,0.975609756097561,0.45351473922902497
os_3yr,tabpfn_v2,0.975609756097561,0.45454545454545453
os_3yr,tabpfn_v2,0.975609756097561,0.45558086560364464
os_3yr,tabpfn_v2,0.975609756097561,0.45662100456621
os_3yr,tabpfn_v2,0.975609756097561,0.45871559633027525
os_3yr,tabpfn_v2,0.975609756097561,0.45977011494252873
os_3yr,tabpfn_v2,0.975609756097561,0.4608294930875576
os_3yr,tabpfn_v2,0.975609756097561,0.4618937644341801
os_3yr,tabpfn_v2,0.975609756097561,0.46296296296296297
os_3yr,tabpfn_v2,0.975609756097561,0.46403712296983757
os_3yr,tabpfn_v2,0.9707317073170731,0.4627906976744186
os_3yr,tabpfn_v2,0.9707317073170731,0.46386946386946387
os_3yr,tabpfn_v2,0.9707317073170731,0.4649532710280374
os_3yr,tabpfn_v2,0.9707317073170731,0.46604215456674475
os_3yr,tabpfn_v2,0.9707317073170731,0.4682352941176471
os_3yr,tabpfn_v2,0.9707317073170731,0.47268408551068886
os_3yr,tabpfn_v2,0.9707317073170731,0.4738095238095238
os_3yr,tabpfn_v2,0.9707317073170731,0.47721822541966424
os_3yr,tabpfn_v2,0.9658536585365853,0.47596153846153844
os_3yr,tabpfn_v2,0.9658536585365853,0.4771084337349398
os_3yr,tabpfn_v2,0.9658536585365853,0.4782608695652174
os_3yr,tabpfn_v2,0.9658536585365853,0.48058252427184467
os_3yr,tabpfn_v2,0.9658536585365853,0.48175182481751827
os_3yr,tabpfn_v2,0.9658536585365853,0.48292682926829267
os_3yr,tabpfn_v2,0.9658536585365853,0.4841075794621027
os_3yr,tabpfn_v2,0.9658536585365853,0.4852941176470588
os_3yr,tabpfn_v2,0.9658536585365853,0.4864864864864865
os_3yr,tabpfn_v2,0.9658536585365853,0.4876847290640394
os_3yr,tabpfn_v2,0.9658536585365853,0.4888888888888889
os_3yr,tabpfn_v2,0.9609756097560975,0.4876237623762376
os_3yr,tabpfn_v2,0.9609756097560975,0.48883374689826303
os_3yr,tabpfn_v2,0.9609756097560975,0.4900497512437811
os_3yr,tabpfn_v2,0.9609756097560975,0.4912718204488778
os_3yr,tabpfn_v2,0.9609756097560975,0.4925
os_3yr,tabpfn_v2,0.9560975609756097,0.49122807017543857
os_3yr,tabpfn_v2,0.9560975609756097,0.49246231155778897
os_3yr,tabpfn_v2,0.9560975609756097,0.49370277078085645
os_3yr,tabpfn_v2,0.9512195121951219,0.49242424242424243
os_3yr,tabpfn_v2,0.9512195121951219,0.4936708860759494
os_3yr,tabpfn_v2,0.9512195121951219,0.4949238578680203
os_3yr,tabpfn_v2,0.9512195121951219,0.4961832061068702
os_3yr,tabpfn_v2,0.9512195121951219,0.49744897959183676
os_3yr,tabpfn_v2,0.9512195121951219,0.49872122762148335
os_3yr,tabpfn_v2,0.9512195121951219,0.5
os_3yr,tabpfn_v2,0.9512195121951219,0.5012853470437018
os_3yr,tabpfn_v2,0.9463414634146341,0.5
os_3yr,tabpfn_v2,0.9414634146341463,0.49870801033591733
os_3yr,tabpfn_v2,0.9414634146341463,0.5
os_3yr,tabpfn_v2,0.9414634146341463,0.5012987012987012
os_3yr,tabpfn_v2,0.9414634146341463,0.5039164490861618
os_3yr,tabpfn_v2,0.9414634146341463,0.5052356020942408
os_3yr,tabpfn_v2,0.9414634146341463,0.5065616797900262
os_3yr,tabpfn_v2,0.9414634146341463,0.5078947368421053
os_3yr,tabpfn_v2,0.9414634146341463,0.5092348284960422
os_3yr,tabpfn_v2,0.9414634146341463,0.5105820105820106
os_3yr,tabpfn_v2,0.9414634146341463,0.5119363395225465
os_3yr,tabpfn_v2,0.9414634146341463,0.5132978723404256
os_3yr,tabpfn_v2,0.9414634146341463,0.5146666666666667
os_3yr,tabpfn_v2,0.9414634146341463,0.516042780748663
os_3yr,tabpfn_v2,0.9365853658536586,0.514745308310992
os_3yr,tabpfn_v2,0.9317073170731708,0.5134408602150538
os_3yr,tabpfn_v2,0.9317073170731708,0.5148247978436657
os_3yr,tabpfn_v2,0.9317073170731708,0.5176151761517616
os_3yr,tabpfn_v2,0.9317073170731708,0.5190217391304348
os_3yr,tabpfn_v2,0.926829268292683,0.5177111716621253
os_3yr,tabpfn_v2,0.926829268292683,0.5191256830601093
os_3yr,tabpfn_v2,0.926829268292683,0.5205479452054794
os_3yr,tabpfn_v2,0.926829268292683,0.521978021978022
os_3yr,tabpfn_v2,0.926829268292683,0.5234159779614325
os_3yr,tabpfn_v2,0.926829268292683,0.5248618784530387
os_3yr,tabpfn_v2,0.926829268292683,0.5263157894736842
os_3yr,tabpfn_v2,0.926829268292683,0.5277777777777778
os_3yr,tabpfn_v2,0.926829268292683,0.5292479108635098
os_3yr,tabpfn_v2,0.926829268292683,0.5322128851540616
os_3yr,tabpfn_v2,0.926829268292683,0.5337078651685393
os_3yr,tabpfn_v2,0.9219512195121952,0.532394366197183
os_3yr,tabpfn_v2,0.9219512195121952,0.5338983050847458
os_3yr,tabpfn_v2,0.9170731707317074,0.5325779036827195
os_3yr,tabpfn_v2,0.9170731707317074,0.5340909090909091
os_3yr,tabpfn_v2,0.9121951219512195,0.5327635327635327
os_3yr,tabpfn_v2,0.9121951219512195,0.5342857142857143
os_3yr,tabpfn_v2,0.9121951219512195,0.5358166189111748
os_3yr,tabpfn_v2,0.9121951219512195,0.5373563218390804
os_3yr,tabpfn_v2,0.9121951219512195,0.5389048991354467
os_3yr,tabpfn_v2,0.9121951219512195,0.5404624277456648
os_3yr,tabpfn_v2,0.9121951219512195,0.5420289855072464
os_3yr,tabpfn_v2,0.9024390243902439,0.5473372781065089
os_3yr,tabpfn_v2,0.9024390243902439,0.5489614243323442
os_3yr,tabpfn_v2,0.8975609756097561,0.5476190476190477
os_3yr,tabpfn_v2,0.8975609756097561,0.5492537313432836
os_3yr,tabpfn_v2,0.8829268292682927,0.5535168195718655
os_3yr,tabpfn_v2,0.8780487804878049,0.5521472392638037
os_3yr,tabpfn_v2,0.8780487804878049,0.5555555555555556
os_3yr,tabpfn_v2,0.8731707317073171,0.5559006211180124
os_3yr,tabpfn_v2,0.8682926829268293,0.5545171339563862
os_3yr,tabpfn_v2,0.8634146341463415,0.553125
os_3yr,tabpfn_v2,0.8634146341463415,0.554858934169279
os_3yr,tabpfn_v2,0.8634146341463415,0.5566037735849056
os_3yr,tabpfn_v2,0.8634146341463415,0.5583596214511041
os_3yr,tabpfn_v2,0.8585365853658536,0.5587301587301587
os_3yr,tabpfn_v2,0.8536585365853658,0.5591054313099042
os_3yr,tabpfn_v2,0.848780487804878,0.5576923076923077
os_3yr,tabpfn_v2,0.8439024390243902,0.5562700964630225
os_3yr,tabpfn_v2,0.8439024390243902,0.5580645161290323
os_3yr,tabpfn_v2,0.8390243902439024,0.5566343042071198
os_3yr,tabpfn_v2,0.8341463414634146,0.5551948051948052
os_3yr,tabpfn_v2,0.8292682926829268,0.5537459283387622
os_3yr,tabpfn_v2,0.824390243902439,0.5522875816993464
os_3yr,tabpfn_v2,0.8195121951219512,0.5508196721311476
os_3yr,tabpfn_v2,0.8146341463414634,0.5493421052631579
os_3yr,tabpfn_v2,0.8097560975609757,0.5478547854785478
os_3yr,tabpfn_v2,0.8097560975609757,0.5496688741721855
os_3yr,tabpfn_v2,0.8048780487804879,0.5481727574750831
os_3yr,tabpfn_v2,0.8,0.5466666666666666
os_3yr,tabpfn_v2,0.8,0.5484949832775919
os_3yr,tabpfn_v2,0.7951219512195122,0.5469798657718121
os_3yr,tabpfn_v2,0.7902439024390244,0.5454545454545454
os_3yr,tabpfn_v2,0.7853658536585366,0.543918918918919
os_3yr,tabpfn_v2,0.7804878048780488,0.5423728813559322
os_3yr,tabpfn_v2,0.775609756097561,0.5408163265306123
os_3yr,tabpfn_v2,0.7707317073170732,0.5392491467576792
os_3yr,tabpfn_v2,0.7707317073170732,0.5429553264604811
os_3yr,tabpfn_v2,0.7609756097560976,0.5435540069686411
os_3yr,tabpfn_v2,0.7609756097560976,0.5454545454545454
os_3yr,tabpfn_v2,0.7560975609756098,0.545774647887324
os_3yr,tabpfn_v2,0.751219512195122,0.5441696113074205
os_3yr,tabpfn_v2,0.751219512195122,0.5460992907801419
os_3yr,tabpfn_v2,0.7463414634146341,0.5444839857651246
os_3yr,tabpfn_v2,0.7414634146341463,0.5448028673835126
os_3yr,tabpfn_v2,0.7365853658536585,0.5431654676258992
os_3yr,tabpfn_v2,0.7317073170731707,0.5415162454873647
os_3yr,tabpfn_v2,0.7268292682926829,0.5418181818181819
os_3yr,tabpfn_v2,0.7219512195121951,0.5441176470588235
os_3yr,tabpfn_v2,0.7121951219512195,0.5447761194029851
os_3yr,tabpfn_v2,0.7073170731707317,0.5430711610486891
os_3yr,tabpfn_v2,0.7024390243902439,0.5413533834586466
os_3yr,tabpfn_v2,0.697560975609756,0.539622641509434
os_3yr,tabpfn_v2,0.6878048780487804,0.5361216730038023
os_3yr,tabpfn_v2,0.6829268292682927,0.5343511450381679
os_3yr,tabpfn_v2,0.6731707317073171,0.5307692307692308
os_3yr,tabpfn_v2,0.6682926829268293,0.5310077519379846
os_3yr,tabpfn_v2,0.6634146341463415,0.5291828793774319
os_3yr,tabpfn_v2,0.6634146341463415,0.5333333333333333
os_3yr,tabpfn_v2,0.6634146341463415,0.5375494071146245
os_3yr,tabpfn_v2,0.6634146341463415,0.5396825396825397
os_3yr,tabpfn_v2,0.6634146341463415,0.5418326693227091
os_3yr,tabpfn_v2,0.6585365853658537,0.54
os_3yr,tabpfn_v2,0.6536585365853659,0.5381526104417671
os_3yr,tabpfn_v2,0.6487804878048781,0.5384615384615384
os_3yr,tabpfn_v2,0.6487804878048781,0.540650406504065
os_3yr,tabpfn_v2,0.6439024390243903,0.5387755102040817
os_3yr,tabpfn_v2,0.6439024390243903,0.5454545454545454
os_3yr,tabpfn_v2,0.6341463414634146,0.5416666666666666
os_3yr,tabpfn_v2,0.6292682926829268,0.542016806722689
os_3yr,tabpfn_v2,0.624390243902439,0.540084388185654
os_3yr,tabpfn_v2,0.6146341463414634,0.5361702127659574
os_3yr,tabpfn_v2,0.6097560975609756,0.5364806866952789
os_3yr,tabpfn_v2,0.6,0.5324675324675324
os_3yr,tabpfn_v2,0.5951219512195122,0.5304347826086957
os_3yr,tabpfn_v2,0.5853658536585366,0.5357142857142857
os_3yr,tabpfn_v2,0.5804878048780487,0.5336322869955157
os_3yr,tabpfn_v2,0.5804878048780487,0.536036036036036
os_3yr,tabpfn_v2,0.5756097560975609,0.5363636363636364
os_3yr,tabpfn_v2,0.5658536585365853,0.5321100917431193
os_3yr,tabpfn_v2,0.5560975609756098,0.5277777777777778
os_3yr,tabpfn_v2,0.551219512195122,0.5305164319248826
os_3yr,tabpfn_v2,0.5365853658536586,0.541871921182266
os_3yr,tabpfn_v2,0.5365853658536586,0.5445544554455446
os_3yr,tabpfn_v2,0.5317073170731708,0.5422885572139303
os_3yr,tabpfn_v2,0.5317073170731708,0.545
os_3yr,tabpfn_v2,0.526829268292683,0.5454545454545454
os_3yr,tabpfn_v2,0.526829268292683,0.5482233502538071
os_3yr,tabpfn_v2,0.5219512195121951,0.5459183673469388
os_3yr,tabpfn_v2,0.5170731707317073,0.5435897435897435
os_3yr,tabpfn_v2,0.5170731707317073,0.5463917525773195
os_3yr,tabpfn_v2,0.5121951219512195,0.5440414507772021
os_3yr,tabpfn_v2,0.5073170731707317,0.5416666666666666
os_3yr,tabpfn_v2,0.5073170731707317,0.5445026178010471
os_3yr,tabpfn_v2,0.5024390243902439,0.544973544973545
os_3yr,tabpfn_v2,0.5024390243902439,0.5478723404255319
os_3yr,tabpfn_v2,0.4975609756097561,0.5454545454545454
os_3yr,tabpfn_v2,0.4975609756097561,0.5483870967741935
os_3yr,tabpfn_v2,0.4975609756097561,0.5513513513513514
os_3yr,tabpfn_v2,0.4926829268292683,0.5489130434782609
os_3yr,tabpfn_v2,0.4926829268292683,0.5519125683060109
os_3yr,tabpfn_v2,0.4878048780487805,0.5494505494505495
os_3yr,tabpfn_v2,0.4878048780487805,0.5524861878453039
os_3yr,tabpfn_v2,0.48292682926829267,0.5561797752808989
os_3yr,tabpfn_v2,0.48292682926829267,0.559322033898305
os_3yr,tabpfn_v2,0.48292682926829267,0.5625
os_3yr,tabpfn_v2,0.47804878048780486,0.5632183908045977
os_3yr,tabpfn_v2,0.47804878048780486,0.5664739884393064
os_3yr,tabpfn_v2,0.47804878048780486,0.5697674418604651
os_3yr,tabpfn_v2,0.47317073170731705,0.5672514619883041
os_3yr,tabpfn_v2,0.4682926829268293,0.5647058823529412
os_3yr,tabpfn_v2,0.4682926829268293,0.5680473372781065
os_3yr,tabpfn_v2,0.4634146341463415,0.5654761904761905
os_3yr,tabpfn_v2,0.4634146341463415,0.5688622754491018
os_3yr,tabpfn_v2,0.4634146341463415,0.5757575757575758
os_3yr,tabpfn_v2,0.4634146341463415,0.5792682926829268
os_3yr,tabpfn_v2,0.4634146341463415,0.5828220858895705
os_3yr,tabpfn_v2,0.4634146341463415,0.5900621118012422
os_3yr,tabpfn_v2,0.45365853658536587,0.5849056603773585
os_3yr,tabpfn_v2,0.44878048780487806,0.5822784810126582
os_3yr,tabpfn_v2,0.44390243902439025,0.5796178343949044
os_3yr,tabpfn_v2,0.43902439024390244,0.5806451612903226
os_3yr,tabpfn_v2,0.43414634146341463,0.577922077922078
os_3yr,tabpfn_v2,0.43414634146341463,0.5816993464052288
os_3yr,tabpfn_v2,0.4292682926829268,0.5789473684210527
os_3yr,tabpfn_v2,0.4292682926829268,0.5827814569536424
os_3yr,tabpfn_v2,0.4146341463414634,0.5902777777777778
os_3yr,tabpfn_v2,0.4146341463414634,0.5944055944055944
os_3yr,tabpfn_v2,0.4097560975609756,0.5915492957746479
os_3yr,tabpfn_v2,0.40487804878048783,0.5886524822695035
os_3yr,tabpfn_v2,0.40487804878048783,0.5928571428571429
os_3yr,tabpfn_v2,0.4,0.5899280575539568
os_3yr,tabpfn_v2,0.3951219512195122,0.5869565217391305
os_3yr,tabpfn_v2,0.3951219512195122,0.5912408759124088
os_3yr,tabpfn_v2,0.3951219512195122,0.5955882352941176
os_3yr,tabpfn_v2,0.3951219512195122,0.6
os_3yr,tabpfn_v2,0.3951219512195122,0.6044776119402985
os_3yr,tabpfn_v2,0.3902439024390244,0.6015037593984962
os_3yr,tabpfn_v2,0.3902439024390244,0.6060606060606061
os_3yr,tabpfn_v2,0.3902439024390244,0.6106870229007634
os_3yr,tabpfn_v2,0.3902439024390244,0.6153846153846154
os_3yr,tabpfn_v2,0.3853658536585366,0.6124031007751938
os_3yr,tabpfn_v2,0.3804878048780488,0.609375
os_3yr,tabpfn_v2,0.375609756097561,0.6062992125984252
os_3yr,tabpfn_v2,0.37073170731707317,0.6031746031746031
os_3yr,tabpfn_v2,0.37073170731707317,0.608
os_3yr,tabpfn_v2,0.36585365853658536,0.6048387096774194
os_3yr,tabpfn_v2,0.36585365853658536,0.6097560975609756
os_3yr,tabpfn_v2,0.36097560975609755,0.6065573770491803
os_3yr,tabpfn_v2,0.36097560975609755,0.6115702479338843
os_3yr,tabpfn_v2,0.35609756097560974,0.6083333333333333
os_3yr,tabpfn_v2,0.35121951219512193,0.6050420168067226
os_3yr,tabpfn_v2,0.3463414634146341,0.6016949152542372
os_3yr,tabpfn_v2,0.3463414634146341,0.6068376068376068
os_3yr,tabpfn_v2,0.3463414634146341,0.6120689655172413
os_3yr,tabpfn_v2,0.34146341463414637,0.6086956521739131
os_3yr,tabpfn_v2,0.33658536585365856,0.6052631578947368
os_3yr,tabpfn_v2,0.33658536585365856,0.6106194690265486
os_3yr,tabpfn_v2,0.33170731707317075,0.6071428571428571
os_3yr,tabpfn_v2,0.32682926829268294,0.6036036036036037
os_3yr,tabpfn_v2,0.32195121951219513,0.6
os_3yr,tabpfn_v2,0.3170731707317073,0.5963302752293578
os_3yr,tabpfn_v2,0.3170731707317073,0.6018518518518519
os_3yr,tabpfn_v2,0.3073170731707317,0.5943396226415094
os_3yr,tabpfn_v2,0.3024390243902439,0.5904761904761905
os_3yr,tabpfn_v2,0.2975609756097561,0.5865384615384616
os_3yr,tabpfn_v2,0.2926829268292683,0.5825242718446602
os_3yr,tabpfn_v2,0.28780487804878047,0.5841584158415841
os_3yr,tabpfn_v2,0.28292682926829266,0.58
os_3yr,tabpfn_v2,0.28292682926829266,0.5858585858585859
os_3yr,tabpfn_v2,0.28292682926829266,0.5918367346938775
os_3yr,tabpfn_v2,0.2780487804878049,0.5876288659793815
os_3yr,tabpfn_v2,0.2731707317073171,0.5833333333333334
os_3yr,tabpfn_v2,0.2682926829268293,0.5789473684210527
os_3yr,tabpfn_v2,0.2634146341463415,0.574468085106383
os_3yr,tabpfn_v2,0.2634146341463415,0.5806451612903226
os_3yr,tabpfn_v2,0.25853658536585367,0.5760869565217391
os_3yr,tabpfn_v2,0.25853658536585367,0.5824175824175825
os_3yr,tabpfn_v2,0.25365853658536586,0.5777777777777777
os_3yr,tabpfn_v2,0.25365853658536586,0.5842696629213483
os_3yr,tabpfn_v2,0.24878048780487805,0.5795454545454546
os_3yr,tabpfn_v2,0.24878048780487805,0.5862068965517241
os_3yr,tabpfn_v2,0.24390243902439024,0.5882352941176471
os_3yr,tabpfn_v2,0.23902439024390243,0.5833333333333334
os_3yr,tabpfn_v2,0.23414634146341465,0.5783132530120482
os_3yr,tabpfn_v2,0.23414634146341465,0.6
os_3yr,tabpfn_v2,0.23414634146341465,0.6075949367088608
os_3yr,tabpfn_v2,0.23414634146341465,0.6153846153846154
os_3yr,tabpfn_v2,0.23414634146341465,0.6233766233766234
os_3yr,tabpfn_v2,0.22926829268292684,0.618421052631579
os_3yr,tabpfn_v2,0.22926829268292684,0.6351351351351351
os_3yr,tabpfn_v2,0.22439024390243903,0.6388888888888888
os_3yr,tabpfn_v2,0.22439024390243903,0.647887323943662
os_3yr,tabpfn_v2,0.21951219512195122,0.6428571428571429
os_3yr,tabpfn_v2,0.2146341463414634,0.6470588235294118
os_3yr,tabpfn_v2,0.2097560975609756,0.6417910447761194
os_3yr,tabpfn_v2,0.2097560975609756,0.6515151515151515
os_3yr,tabpfn_v2,0.2097560975609756,0.6615384615384615
os_3yr,tabpfn_v2,0.2048780487804878,0.65625
os_3yr,tabpfn_v2,0.2,0.6507936507936508
os_3yr,tabpfn_v2,0.1951219512195122,0.6451612903225806
os_3yr,tabpfn_v2,0.1902439024390244,0.639344262295082
os_3yr,tabpfn_v2,0.18536585365853658,0.6333333333333333
os_3yr,tabpfn_v2,0.18048780487804877,0.6271186440677966
os_3yr,tabpfn_v2,0.18048780487804877,0.6379310344827587
os_3yr,tabpfn_v2,0.18048780487804877,0.6491228070175439
os_3yr,tabpfn_v2,0.18048780487804877,0.6607142857142857
os_3yr,tabpfn_v2,0.17560975609756097,0.6545454545454545
os_3yr,tabpfn_v2,0.17073170731707318,0.6481481481481481
os_3yr,tabpfn_v2,0.17073170731707318,0.660377358490566
os_3yr,tabpfn_v2,0.16585365853658537,0.6538461538461539
os_3yr,tabpfn_v2,0.16097560975609757,0.6470588235294118
os_3yr,tabpfn_v2,0.15609756097560976,0.64
os_3yr,tabpfn_v2,0.15609756097560976,0.6530612244897959
os_3yr,tabpfn_v2,0.15121951219512195,0.6458333333333334
os_3yr,tabpfn_v2,0.15121951219512195,0.6595744680851063
os_3yr,tabpfn_v2,0.15121951219512195,0.6739130434782609
os_3yr,tabpfn_v2,0.14634146341463414,0.6666666666666666
os_3yr,tabpfn_v2,0.14146341463414633,0.6590909090909091
os_3yr,tabpfn_v2,0.13658536585365855,0.6511627906976745
os_3yr,tabpfn_v2,0.13658536585365855,0.6666666666666666
os_3yr,tabpfn_v2,0.13658536585365855,0.6829268292682927
os_3yr,tabpfn_v2,0.13658536585365855,0.7
os_3yr,tabpfn_v2,0.13170731707317074,0.6923076923076923
os_3yr,tabpfn_v2,0.13170731707317074,0.7297297297297297
os_3yr,tabpfn_v2,0.12682926829268293,0.7222222222222222
os_3yr,tabpfn_v2,0.12682926829268293,0.7428571428571429
os_3yr,tabpfn_v2,0.12682926829268293,0.7647058823529411
os_3yr,tabpfn_v2,0.12195121951219512,0.7575757575757576
os_3yr,tabpfn_v2,0.11707317073170732,0.75
os_3yr,tabpfn_v2,0.11219512195121951,0.7419354838709677
os_3yr,tabpfn_v2,0.11219512195121951,0.7666666666666667
os_3yr,tabpfn_v2,0.11219512195121951,0.7931034482758621
os_3yr,tabpfn_v2,0.1073170731707317,0.7857142857142857
os_3yr,tabpfn_v2,0.1024390243902439,0.7777777777777778
os_3yr,tabpfn_v2,0.0975609756097561,0.7692307692307693
os_3yr,tabpfn_v2,0.09268292682926829,0.76
os_3yr,tabpfn_v2,0.08780487804878048,0.75
os_3yr,tabpfn_v2,0.08292682926829269,0.7391304347826086
os_3yr,tabpfn_v2,0.07804878048780488,0.7272727272727273
os_3yr,tabpfn_v2,0.07804878048780488,0.7619047619047619
os_3yr,tabpfn_v2,0.07317073170731707,0.75
os_3yr,tabpfn_v2,0.06829268292682927,0.7368421052631579
os_3yr,tabpfn_v2,0.06341463414634146,0.7222222222222222
os_3yr,tabpfn_v2,0.06341463414634146,0.7647058823529411
os_3yr,tabpfn_v2,0.06341463414634146,0.8125
os_3yr,tabpfn_v2,0.05853658536585366,0.8
os_3yr,tabpfn_v2,0.05365853658536585,0.7857142857142857
os_3yr,tabpfn_v2,0.04878048780487805,0.7692307692307693
os_3yr,tabpfn_v2,0.04390243902439024,0.75
os_3yr,tabpfn_v2,0.03902439024390244,0.7272727272727273
os_3yr,tabpfn_v2,0.03414634146341464,0.7
os_3yr,tabpfn_v2,0.02926829268292683,0.6666666666666666
os_3yr,tabpfn_v2,0.02926829268292683,0.75
os_3yr,tabpfn_v2,0.024390243902439025,0.7142857142857143
os_3yr,tabpfn_v2,0.01951219512195122,0.6666666666666666
os_3yr,tabpfn_v2,0.014634146341463415,0.6
os_3yr,tabpfn_v2,0.00975609756097561,0.5
os_3yr,tabpfn_v2,0.004878048780487805,0.3333333333333333
os_3yr,tabpfn_v2,0.004878048780487805,0.5
os_3yr,tabpfn_v2,0.0,0.0
os_3yr,tabpfn_v2,0.0,1.0
os_3yr,tabpfn_v2_5,1.0,0.41330645161290325
os_3yr,tabpfn_v2_5,1.0,0.41414141414141414
os_3yr,tabpfn_v2_5,1.0,0.4149797570850202
os_3yr,tabpfn_v2_5,1.0,0.4158215010141988
os_3yr,tabpfn_v2_5,1.0,0.4166666666666667
os_3yr,tabpfn_v2_5,1.0,0.4175152749490835
os_3yr,tabpfn_v2_5,1.0,0.41836734693877553
os_3yr,tabpfn_v2_5,1.0,0.41922290388548056
os_3yr,tabpfn_v2_5,0.9951219512195122,0.4180327868852459
os_3yr,tabpfn_v2_5,0.9951219512195122,0.4188911704312115
os_3yr,tabpfn_v2_5,0.9902439024390244,0.4176954732510288
os_3yr,tabpfn_v2_5,0.9853658536585366,0.41649484536082476
os_3yr,tabpfn_v2_5,0.9853658536585366,0.41735537190082644
os_3yr,tabpfn_v2_5,0.9853658536585366,0.41821946169772256
os_3yr,tabpfn_v2_5,0.9853658536585366,0.4190871369294606
os_3yr,tabpfn_v2_5,0.9853658536585366,0.41995841995842
os_3yr,tabpfn_v2_5,0.9853658536585366,0.42083333333333334
os_3yr,tabpfn_v2_5,0.9853658536585366,0.42171189979123175
os_3yr,tabpfn_v2_5,0.9853658536585366,0.4225941422594142
os_3yr,tabpfn_v2_5,0.9853658536585366,0.42348008385744235
os_3yr,tabpfn_v2_5,0.9853658536585366,0.42436974789915966
os_3yr,tabpfn_v2_5,0.9853658536585366,0.42526315789473684
os_3yr,tabpfn_v2_5,0.9853658536585366,0.427061310782241
os_3yr,tabpfn_v2_5,0.9853658536585366,0.4279661016949153
os_3yr,tabpfn_v2_5,0.9853658536585366,0.4288747346072187
os_3yr,tabpfn_v2_5,0.9853658536585366,0.4297872340425532
os_3yr,tabpfn_v2_5,0.9853658536585366,0.43070362473347545
os_3yr,tabpfn_v2_5,0.9853658536585366,0.43162393162393164
os_3yr,tabpfn_v2_5,0.9853658536585366,0.43254817987152033
os_3yr,tabpfn_v2_5,0.9853658536585366,0.4334763948497854
os_3yr,tabpfn_v2_5,0.9853658536585366,0.4344086021505376
os_3yr,tabpfn_v2_5,0.9853658536585366,0.4353448275862069
os_3yr,tabpfn_v2_5,0.9853658536585366,0.43628509719222464
os_3yr,tabpfn_v2_5,0.9853658536585366,0.43722943722943725
os_3yr,tabpfn_v2_5,0.9853658536585366,0.43817787418655096
os_3yr,tabpfn_v2_5,0.9853658536585366,0.4391304347826087
os_3yr,tabpfn_v2_5,0.9853658536585366,0.4400871459694989
os_3yr,tabpfn_v2_5,0.9853658536585366,0.4410480349344978
os_3yr,tabpfn_v2_5,0.9853658536585366,0.4420131291028446
os_3yr,tabpfn_v2_5,0.9853658536585366,0.44298245614035087
os_3yr,tabpfn_v2_5,0.9853658536585366,0.44395604395604393
os_3yr,tabpfn_v2_5,0.9853658536585366,0.44493392070484583
os_3yr,tabpfn_v2_5,0.9853658536585366,0.445916114790287
os_3yr,tabpfn_v2_5,0.9853658536585366,0.4469026548672566
os_3yr,tabpfn_v2_5,0.9804878048780488,0.44567627494456763
os_3yr,tabpfn_v2_5,0.9804878048780488,0.44666666666666666
os_3yr,tabpfn_v2_5,0.9804878048780488,0.44766146993318484
os_3yr,tabpfn_v2_5,0.9804878048780488,0.4486607142857143
os_3yr,tabpfn_v2_5,0.9804878048780488,0.44966442953020136
os_3yr,tabpfn_v2_5,0.9804878048780488,0.45067264573991034
os_3yr,tabpfn_v2_5,0.9804878048780488,0.4527027027027027
os_3yr,tabpfn_v2_5,0.9804878048780488,0.45372460496614
os_3yr,tabpfn_v2_5,0.9804878048780488,0.45475113122171945
os_3yr,tabpfn_v2_5,0.9804878048780488,0.4557823129251701
os_3yr,tabpfn_v2_5,0.9804878048780488,0.45681818181818185
os_3yr,tabpfn_v2_5,0.975609756097561,0.45558086560364464
os_3yr,tabpfn_v2_5,0.975609756097561,0.45662100456621
os_3yr,tabpfn_v2_5,0.975609756097561,0.45871559633027525
os_3yr,tabpfn_v2_5,0.975609756097561,0.4608294930875576
os_3yr,tabpfn_v2_5,0.975609756097561,0.46296296296296297
os_3yr,tabpfn_v2_5,0.9707317073170731,0.4627906976744186
os_3yr,tabpfn_v2_5,0.9707317073170731,0.46386946386946387
os_3yr,tabpfn_v2_5,0.9707317073170731,0.4649532710280374
os_3yr,tabpfn_v2_5,0.9707317073170731,0.46604215456674475
os_3yr,tabpfn_v2_5,0.9707317073170731,0.4682352941176471
os_3yr,tabpfn_v2_5,0.9707317073170731,0.4693396226415094
os_3yr,tabpfn_v2_5,0.9707317073170731,0.47044917257683216
os_3yr,tabpfn_v2_5,0.9658536585365853,0.46919431279620855
os_3yr,tabpfn_v2_5,0.9658536585365853,0.47030878859857483
os_3yr,tabpfn_v2_5,0.9658536585365853,0.4714285714285714
os_3yr,tabpfn_v2_5,0.9658536585365853,0.47255369928400953
os_3yr,tabpfn_v2_5,0.9658536585365853,0.47368421052631576
os_3yr,tabpfn_v2_5,0.9658536585365853,0.4748201438848921
os_3yr,tabpfn_v2_5,0.9658536585365853,0.4771084337349398
os_3yr,tabpfn_v2_5,0.9658536585365853,0.4782608695652174
os_3yr,tabpfn_v2_5,0.9658536585365853,0.48058252427184467
os_3yr,tabpfn_v2_5,0.9658536585365853,0.48175182481751827
os_3yr,tabpfn_v2_5,0.9658536585365853,0.48292682926829267
os_3yr,tabpfn_v2_5,0.9658536585365853,0.4841075794621027
os_3yr,tabpfn_v2_5,0.9658536585365853,0.4864864864864865
os_3yr,tabpfn_v2_5,0.9609756097560975,0.4876237623762376
os_3yr,tabpfn_v2_5,0.9609756097560975,0.48883374689826303
os_3yr,tabpfn_v2_5,0.9609756097560975,0.4900497512437811
os_3yr,tabpfn_v2_5,0.9609756097560975,0.4912718204488778
os_3yr,tabpfn_v2_5,0.9609756097560975,0.4925
os_3yr,tabpfn_v2_5,0.9609756097560975,0.4949748743718593
os_3yr,tabpfn_v2_5,0.9560975609756097,0.4962025316455696
os_3yr,tabpfn_v2_5,0.9560975609756097,0.49746192893401014
os_3yr,tabpfn_v2_5,0.9560975609756097,0.49872773536895676
os_3yr,tabpfn_v2_5,0.9560975609756097,0.5
os_3yr,tabpfn_v2_5,0.9560975609756097,0.5025641025641026
os_3yr,tabpfn_v2_5,0.9560975609756097,0.5038560411311054
os_3yr,tabpfn_v2_5,0.9560975609756097,0.5064599483204134
os_3yr,tabpfn_v2_5,0.9512195121951219,0.5051813471502591
os_3yr,tabpfn_v2_5,0.9512195121951219,0.5064935064935064
os_3yr,tabpfn_v2_5,0.9512195121951219,0.5078125
os_3yr,tabpfn_v2_5,0.9512195121951219,0.5091383812010444
os_3yr,tabpfn_v2_5,0.9512195121951219,0.5104712041884817
os_3yr,tabpfn_v2_5,0.9512195121951219,0.5118110236220472
os_3yr,tabpfn_v2_5,0.9463414634146341,0.5105263157894737
os_3yr,tabpfn_v2_5,0.9463414634146341,0.5118733509234829
os_3yr,tabpfn_v2_5,0.9463414634146341,0.5132275132275133
os_3yr,tabpfn_v2_5,0.9463414634146341,0.5145888594164456
os_3yr,tabpfn_v2_5,0.9463414634146341,0.5159574468085106
os_3yr,tabpfn_v2_5,0.9463414634146341,0.5173333333333333
os_3yr,tabpfn_v2_5,0.9414634146341463,0.516042780748663
os_3yr,tabpfn_v2_5,0.9414634146341463,0.5188172043010753
os_3yr,tabpfn_v2_5,0.9365853658536586,0.5175202156334232
os_3yr,tabpfn_v2_5,0.9365853658536586,0.518918918918919
os_3yr,tabpfn_v2_5,0.9365853658536586,0.5203252032520326
os_3yr,tabpfn_v2_5,0.9365853658536586,0.5217391304347826
os_3yr,tabpfn_v2_5,0.9365853658536586,0.5231607629427792
os_3yr,tabpfn_v2_5,0.9317073170731708,0.5218579234972678
os_3yr,tabpfn_v2_5,0.9317073170731708,0.5232876712328767
os_3yr,tabpfn_v2_5,0.9317073170731708,0.5247252747252747
os_3yr,tabpfn_v2_5,0.926829268292683,0.5234159779614325
os_3yr,tabpfn_v2_5,0.9219512195121952,0.5220994475138122
os_3yr,tabpfn_v2_5,0.9219512195121952,0.5235457063711911
os_3yr,tabpfn_v2_5,0.9219512195121952,0.525
os_3yr,tabpfn_v2_5,0.9219512195121952,0.5264623955431755
os_3yr,tabpfn_v2_5,0.9219512195121952,0.5279329608938548
os_3yr,tabpfn_v2_5,0.9219512195121952,0.5294117647058824
os_3yr,tabpfn_v2_5,0.9219512195121952,0.5308988764044944
os_3yr,tabpfn_v2_5,0.9170731707317074,0.5295774647887324
os_3yr,tabpfn_v2_5,0.9170731707317074,0.5310734463276836
os_3yr,tabpfn_v2_5,0.9170731707317074,0.5325779036827195
os_3yr,tabpfn_v2_5,0.9170731707317074,0.5340909090909091
os_3yr,tabpfn_v2_5,0.9170731707317074,0.5356125356125356
os_3yr,tabpfn_v2_5,0.9170731707317074,0.5371428571428571
os_3yr,tabpfn_v2_5,0.9170731707317074,0.5386819484240688
os_3yr,tabpfn_v2_5,0.9170731707317074,0.5402298850574713
os_3yr,tabpfn_v2_5,0.9170731707317074,0.5417867435158501
os_3yr,tabpfn_v2_5,0.9170731707317074,0.5433526011560693
os_3yr,tabpfn_v2_5,0.9121951219512195,0.5420289855072464
os_3yr,tabpfn_v2_5,0.9024390243902439,0.5473372781065089
os_3yr,tabpfn_v2_5,0.9024390243902439,0.5489614243323442
os_3yr,tabpfn_v2_5,0.8975609756097561,0.5476190476190477
os_3yr,tabpfn_v2_5,0.8829268292682927,0.551829268292683
os_3yr,tabpfn_v2_5,0.8829268292682927,0.5535168195718655
os_3yr,tabpfn_v2_5,0.8780487804878049,0.5521472392638037
os_3yr,tabpfn_v2_5,0.8731707317073171,0.5507692307692308
os_3yr,tabpfn_v2_5,0.8731707317073171,0.5541795665634675
os_3yr,tabpfn_v2_5,0.8731707317073171,0.5559006211180124
os_3yr,tabpfn_v2_5,0.8682926829268293,0.5545171339563862
os_3yr,tabpfn_v2_5,0.8682926829268293,0.55625
os_3yr,tabpfn_v2_5,0.8682926829268293,0.5579937304075235
os_3yr,tabpfn_v2_5,0.8682926829268293,0.559748427672956
os_3yr,tabpfn_v2_5,0.8634146341463415,0.5583596214511041
os_3yr,tabpfn_v2_5,0.8585365853658536,0.5569620253164557
os_3yr,tabpfn_v2_5,0.8585365853658536,0.5587301587301587
os_3yr,tabpfn_v2_5,0.8536585365853658,0.5573248407643312
os_3yr,tabpfn_v2_5,0.848780487804878,0.5559105431309904
os_3yr,tabpfn_v2_5,0.848780487804878,0.5576923076923077
os_3yr,tabpfn_v2_5,0.848780487804878,0.5594855305466238
os_3yr,tabpfn_v2_5,0.8439024390243902,0.5598705501618123
os_3yr,tabpfn_v2_5,0.8390243902439024,0.5584415584415584
os_3yr,tabpfn_v2_5,0.8341463414634146,0.5570032573289903
os_3yr,tabpfn_v2_5,0.8292682926829268,0.5555555555555556
os_3yr,tabpfn_v2_5,0.8292682926829268,0.5573770491803278
os_3yr,tabpfn_v2_5,0.824390243902439,0.555921052631579
os_3yr,tabpfn_v2_5,0.824390243902439,0.5577557755775577
os_3yr,tabpfn_v2_5,0.8195121951219512,0.5562913907284768
os_3yr,tabpfn_v2_5,0.8195121951219512,0.5581395348837209
os_3yr,tabpfn_v2_5,0.8146341463414634,0.5566666666666666
os_3yr,tabpfn_v2_5,0.8097560975609757,0.5551839464882943
os_3yr,tabpfn_v2_5,0.8048780487804879,0.5555555555555556
os_3yr,tabpfn_v2_5,0.8,0.5540540540540541
os_3yr,tabpfn_v2_5,0.7951219512195122,0.5525423728813559
os_3yr,tabpfn_v2_5,0.7951219512195122,0.5544217687074829
os_3yr,tabpfn_v2_5,0.7902439024390244,0.552901023890785
os_3yr,tabpfn_v2_5,0.7804878048780488,0.5517241379310345
os_3yr,tabpfn_v2_5,0.775609756097561,0.5501730103806228
os_3yr,tabpfn_v2_5,0.775609756097561,0.5520833333333334
os_3yr,tabpfn_v2_5,0.7707317073170732,0.5505226480836237
os_3yr,tabpfn_v2_5,0.7707317073170732,0.5524475524475524
os_3yr,tabpfn_v2_5,0.7658536585365854,0.5508771929824562
os_3yr,tabpfn_v2_5,0.7560975609756098,0.5477031802120141
os_3yr,tabpfn_v2_5,0.7560975609756098,0.549645390070922
os_3yr,tabpfn_v2_5,0.751219512195122,0.5480427046263345
os_3yr,tabpfn_v2_5,0.751219512195122,0.55
os_3yr,tabpfn_v2_5,0.7463414634146341,0.5483870967741935
os_3yr,tabpfn_v2_5,0.7414634146341463,0.5467625899280576
os_3yr,tabpfn_v2_5,0.7414634146341463,0.5487364620938628
os_3yr,tabpfn_v2_5,0.7365853658536585,0.5490909090909091
os_3yr,tabpfn_v2_5,0.7365853658536585,0.551094890510949
os_3yr,tabpfn_v2_5,0.7365853658536585,0.5531135531135531
os_3yr,tabpfn_v2_5,0.7317073170731707,0.5514705882352942
os_3yr,tabpfn_v2_5,0.7268292682926829,0.5498154981549815
os_3yr,tabpfn_v2_5,0.7268292682926829,0.5518518518518518
os_3yr,tabpfn_v2_5,0.7170731707317073,0.5485074626865671
os_3yr,tabpfn_v2_5,0.7121951219512195,0.5468164794007491
os_3yr,tabpfn_v2_5,0.7073170731707317,0.5451127819548872
os_3yr,tabpfn_v2_5,0.7024390243902439,0.5433962264150943
os_3yr,tabpfn_v2_5,0.7024390243902439,0.5454545454545454
os_3yr,tabpfn_v2_5,0.7024390243902439,0.5475285171102662
os_3yr,tabpfn_v2_5,0.697560975609756,0.5458015267175572
os_3yr,tabpfn_v2_5,0.6829268292682927,0.5555555555555556
os_3yr,tabpfn_v2_5,0.6780487804878049,0.5537848605577689
os_3yr,tabpfn_v2_5,0.6780487804878049,0.556
os_3yr,tabpfn_v2_5,0.6731707317073171,0.5542168674698795
os_3yr,tabpfn_v2_5,0.6731707317073171,0.5564516129032258
os_3yr,tabpfn_v2_5,0.6731707317073171,0.5587044534412956
os_3yr,tabpfn_v2_5,0.6731707317073171,0.5609756097560976
os_3yr,tabpfn_v2_5,0.6682926829268293,0.5591836734693878
os_3yr,tabpfn_v2_5,0.6634146341463415,0.5573770491803278
os_3yr,tabpfn_v2_5,0.6585365853658537,0.5555555555555556
os_3yr,tabpfn_v2_5,0.6536585365853659,0.5537190082644629
os_3yr,tabpfn_v2_5,0.6536585365853659,0.5606694560669456
os_3yr,tabpfn_v2_5,0.6487804878048781,0.5588235294117647
os_3yr,tabpfn_v2_5,0.6439024390243903,0.5569620253164557
os_3yr,tabpfn_v2_5,0.6390243902439025,0.5550847457627118
os_3yr,tabpfn_v2_5,0.6341463414634146,0.5531914893617021
os_3yr,tabpfn_v2_5,0.6341463414634146,0.5555555555555556
os_3yr,tabpfn_v2_5,0.6292682926829268,0.5584415584415584
os_3yr,tabpfn_v2_5,0.6146341463414634,0.5526315789473685
os_3yr,tabpfn_v2_5,0.6097560975609756,0.5530973451327433
os_3yr,tabpfn_v2_5,0.6097560975609756,0.5555555555555556
os_3yr,tabpfn_v2_5,0.6048780487804878,0.5535714285714286
os_3yr,tabpfn_v2_5,0.6,0.5540540540540541
os_3yr,tabpfn_v2_5,0.6,0.5616438356164384
os_3yr,tabpfn_v2_5,0.5902439024390244,0.5576036866359447
os_3yr,tabpfn_v2_5,0.5902439024390244,0.5601851851851852
os_3yr,tabpfn_v2_5,0.5902439024390244,0.5627906976744186
os_3yr,tabpfn_v2_5,0.5902439024390244,0.5654205607476636
os_3yr,tabpfn_v2_5,0.5804878048780487,0.5613207547169812
os_3yr,tabpfn_v2_5,0.5707317073170731,0.5571428571428572
os_3yr,tabpfn_v2_5,0.5658536585365853,0.5576923076923077
os_3yr,tabpfn_v2_5,0.5609756097560976,0.5555555555555556
os_3yr,tabpfn_v2_5,0.5560975609756098,0.5533980582524272
os_3yr,tabpfn_v2_5,0.551219512195122,0.551219512195122
os_3yr,tabpfn_v2_5,0.5463414634146342,0.5490196078431373
os_3yr,tabpfn_v2_5,0.5463414634146342,0.5517241379310345
os_3yr,tabpfn_v2_5,0.5463414634146342,0.5544554455445545
os_3yr,tabpfn_v2_5,0.5414634146341464,0.5522388059701493
os_3yr,tabpfn_v2_5,0.5414634146341464,0.555
os_3yr,tabpfn_v2_5,0.5365853658536586,0.5527638190954773
os_3yr,tabpfn_v2_5,0.5365853658536586,0.5555555555555556
os_3yr,tabpfn_v2_5,0.526829268292683,0.5510204081632653
os_3yr,tabpfn_v2_5,0.5219512195121951,0.5721925133689839
os_3yr,tabpfn_v2_5,0.5170731707317073,0.572972972972973
os_3yr,tabpfn_v2_5,0.5121951219512195,0.5706521739130435
os_3yr,tabpfn_v2_5,0.5121951219512195,0.5737704918032787
os_3yr,tabpfn_v2_5,0.5121951219512195,0.5769230769230769
os_3yr,tabpfn_v2_5,0.5121951219512195,0.5833333333333334
os_3yr,tabpfn_v2_5,0.5073170731707317,0.5810055865921788
os_3yr,tabpfn_v2_5,0.5024390243902439,0.5852272727272727
os_3yr,tabpfn_v2_5,0.5024390243902439,0.5885714285714285
os_3yr,tabpfn_v2_5,0.4975609756097561,0.5862068965517241
os_3yr,tabpfn_v2_5,0.4926829268292683,0.5838150289017341
os_3yr,tabpfn_v2_5,0.4926829268292683,0.5872093023255814
os_3yr,tabpfn_v2_5,0.48292682926829267,0.5823529411764706
os_3yr,tabpfn_v2_5,0.47317073170731705,0.5773809523809523
os_3yr,tabpfn_v2_5,0.47317073170731705,0.5808383233532934
os_3yr,tabpfn_v2_5,0.4682926829268293,0.5783132530120482
os_3yr,tabpfn_v2_5,0.4634146341463415,0.5792682926829268
os_3yr,tabpfn_v2_5,0.4634146341463415,0.5864197530864198
os_3yr,tabpfn_v2_5,0.4634146341463415,0.5900621118012422
os_3yr,tabpfn_v2_5,0.4585365853658537,0.5875
os_3yr,tabpfn_v2_5,0.4585365853658537,0.5911949685534591
os_3yr,tabpfn_v2_5,0.45365853658536587,0.5886075949367089
os_3yr,tabpfn_v2_5,0.44878048780487806,0.5897435897435898
os_3yr,tabpfn_v2_5,0.44390243902439025,0.5870967741935483
os_3yr,tabpfn_v2_5,0.44390243902439025,0.5909090909090909
os_3yr,tabpfn_v2_5,0.43902439024390244,0.5882352941176471
os_3yr,tabpfn_v2_5,0.43414634146341463,0.5855263157894737
os_3yr,tabpfn_v2_5,0.43414634146341463,0.5894039735099338
os_3yr,tabpfn_v2_5,0.4292682926829268,0.5866666666666667
os_3yr,tabpfn_v2_5,0.424390243902439,0.5838926174496645
os_3yr,tabpfn_v2_5,0.4195121951219512,0.5850340136054422
os_3yr,tabpfn_v2_5,0.4146341463414634,0.5821917808219178
os_3yr,tabpfn_v2_5,0.40487804878048783,0.5763888888888888
os_3yr,tabpfn_v2_5,0.4,0.5734265734265734
os_3yr,tabpfn_v2_5,0.3951219512195122,0.5704225352112676
os_3yr,tabpfn_v2_5,0.3951219512195122,0.574468085106383
os_3yr,tabpfn_v2_5,0.3853658536585366,0.5683453237410072
os_3yr,tabpfn_v2_5,0.3804878048780488,0.5652173913043478
os_3yr,tabpfn_v2_5,0.375609756097561,0.5620437956204379
os_3yr,tabpfn_v2_5,0.36585365853658536,0.5725190839694656
os_3yr,tabpfn_v2_5,0.36585365853658536,0.5769230769230769
os_3yr,tabpfn_v2_5,0.36097560975609755,0.5736434108527132
os_3yr,tabpfn_v2_5,0.36097560975609755,0.578125
os_3yr,tabpfn_v2_5,0.35609756097560974,0.5748031496062992
os_3yr,tabpfn_v2_5,0.35609756097560974,0.5793650793650794
os_3yr,tabpfn_v2_5,0.35121951219512193,0.576
os_3yr,tabpfn_v2_5,0.3463414634146341,0.5725806451612904
os_3yr,tabpfn_v2_5,0.3463414634146341,0.5772357723577236
os_3yr,tabpfn_v2_5,0.3463414634146341,0.5819672131147541
os_3yr,tabpfn_v2_5,0.34146341463414637,0.5785123966942148
os_3yr,tabpfn_v2_5,0.34146341463414637,0.5833333333333334
os_3yr,tabpfn_v2_5,0.33658536585365856,0.5798319327731093
os_3yr,tabpfn_v2_5,0.33170731707317075,0.576271186440678
os_3yr,tabpfn_v2_5,0.33170731707317075,0.5811965811965812
os_3yr,tabpfn_v2_5,0.32682926829268294,0.5775862068965517
os_3yr,tabpfn_v2_5,0.32682926829268294,0.5826086956521739
os_3yr,tabpfn_v2_5,0.32195121951219513,0.5789473684210527
os_3yr,tabpfn_v2_5,0.3170731707317073,0.5752212389380531
os_3yr,tabpfn_v2_5,0.3170731707317073,0.5803571428571429
os_3yr,tabpfn_v2_5,0.3121951219512195,0.5765765765765766
os_3yr,tabpfn_v2_5,0.3121951219512195,0.5818181818181818
os_3yr,tabpfn_v2_5,0.3073170731707317,0.5779816513761468
os_3yr,tabpfn_v2_5,0.3073170731707317,0.5833333333333334
os_3yr,tabpfn_v2_5,0.2975609756097561,0.580952380952381
os_3yr,tabpfn_v2_5,0.2926829268292683,0.5769230769230769
os_3yr,tabpfn_v2_5,0.28780487804878047,0.5728155339805825
os_3yr,tabpfn_v2_5,0.28292682926829266,0.5686274509803921
os_3yr,tabpfn_v2_5,0.28292682926829266,0.5742574257425742
os_3yr,tabpfn_v2_5,0.28292682926829266,0.58
os_3yr,tabpfn_v2_5,0.2780487804878049,0.5757575757575758
os_3yr,tabpfn_v2_5,0.2780487804878049,0.5816326530612245
os_3yr,tabpfn_v2_5,0.2780487804878049,0.5876288659793815
os_3yr,tabpfn_v2_5,0.2731707317073171,0.5833333333333334
os_3yr,tabpfn_v2_5,0.2682926829268293,0.5789473684210527
os_3yr,tabpfn_v2_5,0.2634146341463415,0.574468085106383
os_3yr,tabpfn_v2_5,0.2634146341463415,0.5806451612903226
os_3yr,tabpfn_v2_5,0.25853658536585367,0.5824175824175825
os_3yr,tabpfn_v2_5,0.25365853658536586,0.5842696629213483
os_3yr,tabpfn_v2_5,0.25365853658536586,0.5909090909090909
os_3yr,tabpfn_v2_5,0.24878048780487805,0.5862068965517241
os_3yr,tabpfn_v2_5,0.24878048780487805,0.6
os_3yr,tabpfn_v2_5,0.24878048780487805,0.6071428571428571
os_3yr,tabpfn_v2_5,0.24390243902439024,0.6024096385542169
os_3yr,tabpfn_v2_5,0.24390243902439024,0.6097560975609756
os_3yr,tabpfn_v2_5,0.24390243902439024,0.6172839506172839
os_3yr,tabpfn_v2_5,0.23902439024390243,0.6125
os_3yr,tabpfn_v2_5,0.23414634146341465,0.6075949367088608
os_3yr,tabpfn_v2_5,0.23414634146341465,0.6153846153846154
os_3yr,tabpfn_v2_5,0.22926829268292684,0.618421052631579
os_3yr,tabpfn_v2_5,0.22439024390243903,0.6216216216216216
os_3yr,tabpfn_v2_5,0.21951219512195122,0.6164383561643836
os_3yr,tabpfn_v2_5,0.21951219512195122,0.625
os_3yr,tabpfn_v2_5,0.2146341463414634,0.6197183098591549
os_3yr,tabpfn_v2_5,0.2097560975609756,0.6142857142857143
os_3yr,tabpfn_v2_5,0.2048780487804878,0.6086956521739131
os_3yr,tabpfn_v2_5,0.2048780487804878,0.6176470588235294
os_3yr,tabpfn_v2_5,0.2,0.6119402985074627
os_3yr,tabpfn_v2_5,0.1951219512195122,0.6153846153846154
os_3yr,tabpfn_v2_5,0.1951219512195122,0.625
os_3yr,tabpfn_v2_5,0.1902439024390244,0.6190476190476191
os_3yr,tabpfn_v2_5,0.18536585365853658,0.6129032258064516
os_3yr,tabpfn_v2_5,0.18048780487804877,0.6065573770491803
os_3yr,tabpfn_v2_5,0.18048780487804877,0.6166666666666667
os_3yr,tabpfn_v2_5,0.17560975609756097,0.6101694915254238
os_3yr,tabpfn_v2_5,0.17560975609756097,0.6206896551724138
os_3yr,tabpfn_v2_5,0.17560975609756097,0.631578947368421
os_3yr,tabpfn_v2_5,0.17560975609756097,0.6428571428571429
os_3yr,tabpfn_v2_5,0.17560975609756097,0.6545454545454545
os_3yr,tabpfn_v2_5,0.17073170731707318,0.6481481481481481
os_3yr,tabpfn_v2_5,0.17073170731707318,0.660377358490566
os_3yr,tabpfn_v2_5,0.17073170731707318,0.6730769230769231
os_3yr,tabpfn_v2_5,0.17073170731707318,0.6862745098039216
os_3yr,tabpfn_v2_5,0.17073170731707318,0.7
os_3yr,tabpfn_v2_5,0.17073170731707318,0.7142857142857143
os_3yr,tabpfn_v2_5,0.17073170731707318,0.7291666666666666
os_3yr,tabpfn_v2_5,0.16585365853658537,0.723404255319149
os_3yr,tabpfn_v2_5,0.16585365853658537,0.7391304347826086
os_3yr,tabpfn_v2_5,0.16097560975609757,0.7333333333333333
os_3yr,tabpfn_v2_5,0.15609756097560976,0.7272727272727273
os_3yr,tabpfn_v2_5,0.15609756097560976,0.7441860465116279
os_3yr,tabpfn_v2_5,0.15121951219512195,0.7380952380952381
os_3yr,tabpfn_v2_5,0.14634146341463414,0.7317073170731707
os_3yr,tabpfn_v2_5,0.14146341463414633,0.725
os_3yr,tabpfn_v2_5,0.13658536585365855,0.717948717948718
os_3yr,tabpfn_v2_5,0.13658536585365855,0.7368421052631579
os_3yr,tabpfn_v2_5,0.13170731707317074,0.7297297297297297
os_3yr,tabpfn_v2_5,0.13170731707317074,0.75
os_3yr,tabpfn_v2_5,0.12682926829268293,0.7428571428571429
os_3yr,tabpfn_v2_5,0.12195121951219512,0.7352941176470589
os_3yr,tabpfn_v2_5,0.12195121951219512,0.7575757575757576
os_3yr,tabpfn_v2_5,0.11707317073170732,0.75
os_3yr,tabpfn_v2_5,0.11219512195121951,0.7419354838709677
os_3yr,tabpfn_v2_5,0.11219512195121951,0.7666666666666667
os_3yr,tabpfn_v2_5,0.1073170731707317,0.7586206896551724
os_3yr,tabpfn_v2_5,0.1073170731707317,0.7857142857142857
os_3yr,tabpfn_v2_5,0.1024390243902439,0.7777777777777778
os_3yr,tabpfn_v2_5,0.1024390243902439,0.8076923076923077
os_3yr,tabpfn_v2_5,0.0975609756097561,0.8
os_3yr,tabpfn_v2_5,0.0975609756097561,0.8333333333333334
os_3yr,tabpfn_v2_5,0.09268292682926829,0.8260869565217391
os_3yr,tabpfn_v2_5,0.08780487804878048,0.8181818181818182
os_3yr,tabpfn_v2_5,0.08292682926829269,0.8095238095238095
os_3yr,tabpfn_v2_5,0.07804878048780488,0.8
os_3yr,tabpfn_v2_5,0.07317073170731707,0.7894736842105263
os_3yr,tabpfn_v2_5,0.06829268292682927,0.7777777777777778
os_3yr,tabpfn_v2_5,0.06829268292682927,0.8235294117647058
os_3yr,tabpfn_v2_5,0.06341463414634146,0.8125
os_3yr,tabpfn_v2_5,0.05853658536585366,0.8
os_3yr,tabpfn_v2_5,0.05365853658536585,0.7857142857142857
os_3yr,tabpfn_v2_5,0.04878048780487805,0.7692307692307693
os_3yr,tabpfn_v2_5,0.04390243902439024,0.75
os_3yr,tabpfn_v2_5,0.03902439024390244,0.7272727272727273
os_3yr,tabpfn_v2_5,0.03414634146341464,0.7
os_3yr,tabpfn_v2_5,0.02926829268292683,0.6666666666666666
os_3yr,tabpfn_v2_5,0.024390243902439025,0.625
os_3yr,tabpfn_v2_5,0.024390243902439025,0.7142857142857143
os_3yr,tabpfn_v2_5,0.01951219512195122,0.6666666666666666
os_3yr,tabpfn_v2_5,0.014634146341463415,0.6
os_3yr,tabpfn_v2_5,0.00975609756097561,0.5
os_3yr,tabpfn_v2_5,0.00975609756097561,0.6666666666666666
os_3yr,tabpfn_v2_5,0.004878048780487805,0.5
os_3yr,tabpfn_v2_5,0.0,0.0
os_3yr,tabpfn_v2_5,0.0,1.0
os_3yr,tabpfn_v2_6,1.0,0.41330645161290325
os_3yr,tabpfn_v2_6,1.0,0.41414141414141414
os_3yr,tabpfn_v2_6,1.0,0.4149797570850202
os_3yr,tabpfn_v2_6,1.0,0.4158215010141988
os_3yr,tabpfn_v2_6,1.0,0.4166666666666667
os_3yr,tabpfn_v2_6,1.0,0.4175152749490835
os_3yr,tabpfn_v2_6,1.0,0.41836734693877553
os_3yr,tabpfn_v2_6,1.0,0.41922290388548056
os_3yr,tabpfn_v2_6,1.0,0.42008196721311475
os_3yr,tabpfn_v2_6,1.0,0.4209445585215606
os_3yr,tabpfn_v2_6,0.9951219512195122,0.41975308641975306
os_3yr,tabpfn_v2_6,0.9951219512195122,0.42061855670103093
os_3yr,tabpfn_v2_6,0.9951219512195122,0.4214876033057851
os_3yr,tabpfn_v2_6,0.9951219512195122,0.422360248447205
os_3yr,tabpfn_v2_6,0.9951219512195122,0.42323651452282157
os_3yr,tabpfn_v2_6,0.9951219512195122,0.42411642411642414
os_3yr,tabpfn_v2_6,0.9951219512195122,0.425
os_3yr,tabpfn_v2_6,0.9951219512195122,0.42588726513569936
os_3yr,tabpfn_v2_6,0.9951219512195122,0.42677824267782427
os_3yr,tabpfn_v2_6,0.9902439024390244,0.42557651991614254
os_3yr,tabpfn_v2_6,0.9902439024390244,0.4264705882352941
os_3yr,tabpfn_v2_6,0.9853658536585366,0.42526315789473684
os_3yr,tabpfn_v2_6,0.9853658536585366,0.42616033755274263
os_3yr,tabpfn_v2_6,0.9853658536585366,0.427061310782241
os_3yr,tabpfn_v2_6,0.9853658536585366,0.4279661016949153
os_3yr,tabpfn_v2_6,0.9804878048780488,0.4267515923566879
os_3yr,tabpfn_v2_6,0.9804878048780488,0.4276595744680851
os_3yr,tabpfn_v2_6,0.9804878048780488,0.42857142857142855
os_3yr,tabpfn_v2_6,0.9804878048780488,0.42948717948717946
os_3yr,tabpfn_v2_6,0.9804878048780488,0.430406852248394
os_3yr,tabpfn_v2_6,0.9804878048780488,0.4313304721030043
os_3yr,tabpfn_v2_6,0.9804878048780488,0.432258064516129
os_3yr,tabpfn_v2_6,0.9804878048780488,0.4331896551724138
os_3yr,tabpfn_v2_6,0.9804878048780488,0.43412526997840173
os_3yr,tabpfn_v2_6,0.9804878048780488,0.43506493506493504
os_3yr,tabpfn_v2_6,0.9804878048780488,0.4360086767895879
os_3yr,tabpfn_v2_6,0.9804878048780488,0.4369565217391304
os_3yr,tabpfn_v2_6,0.9804878048780488,0.43790849673202614
os_3yr,tabpfn_v2_6,0.975609756097561,0.4366812227074236
os_3yr,tabpfn_v2_6,0.975609756097561,0.437636761487965
os_3yr,tabpfn_v2_6,0.975609756097561,0.43859649122807015
os_3yr,tabpfn_v2_6,0.975609756097561,0.43956043956043955
os_3yr,tabpfn_v2_6,0.975609756097561,0.44052863436123346
os_3yr,tabpfn_v2_6,0.975609756097561,0.4424778761061947
os_3yr,tabpfn_v2_6,0.975609756097561,0.4434589800443459
os_3yr,tabpfn_v2_6,0.975609756097561,0.4444444444444444
os_3yr,tabpfn_v2_6,0.975609756097561,0.44543429844098
os_3yr,tabpfn_v2_6,0.975609756097561,0.44642857142857145
os_3yr,tabpfn_v2_6,0.975609756097561,0.44742729306487694
os_3yr,tabpfn_v2_6,0.975609756097561,0.4484304932735426
os_3yr,tabpfn_v2_6,0.975609756097561,0.449438202247191
os_3yr,tabpfn_v2_6,0.975609756097561,0.45045045045045046
os_3yr,tabpfn_v2_6,0.975609756097561,0.45146726862302483
os_3yr,tabpfn_v2_6,0.975609756097561,0.45248868778280543
os_3yr,tabpfn_v2_6,0.975609756097561,0.45454545454545453
os_3yr,tabpfn_v2_6,0.975609756097561,0.45558086560364464
os_3yr,tabpfn_v2_6,0.975609756097561,0.45662100456621
os_3yr,tabpfn_v2_6,0.975609756097561,0.4576659038901602
os_3yr,tabpfn_v2_6,0.975609756097561,0.45871559633027525
os_3yr,tabpfn_v2_6,0.975609756097561,0.45977011494252873
os_3yr,tabpfn_v2_6,0.9707317073170731,0.45852534562211983
os_3yr,tabpfn_v2_6,0.9658536585365853,0.4593967517401392
os_3yr,tabpfn_v2_6,0.9658536585365853,0.4604651162790698
os_3yr,tabpfn_v2_6,0.9658536585365853,0.46261682242990654
os_3yr,tabpfn_v2_6,0.9658536585365853,0.4637002341920375
os_3yr,tabpfn_v2_6,0.9658536585365853,0.4647887323943662
os_3yr,tabpfn_v2_6,0.9609756097560975,0.46352941176470586
os_3yr,tabpfn_v2_6,0.9609756097560975,0.46462264150943394
os_3yr,tabpfn_v2_6,0.9560975609756097,0.4677804295942721
os_3yr,tabpfn_v2_6,0.9560975609756097,0.472289156626506
os_3yr,tabpfn_v2_6,0.9512195121951219,0.47101449275362317
os_3yr,tabpfn_v2_6,0.9512195121951219,0.4733009708737864
os_3yr,tabpfn_v2_6,0.9512195121951219,0.4744525547445255
os_3yr,tabpfn_v2_6,0.9512195121951219,0.4767726161369193
os_3yr,tabpfn_v2_6,0.9512195121951219,0.47794117647058826
os_3yr,tabpfn_v2_6,0.9512195121951219,0.4802955665024631
os_3yr,tabpfn_v2_6,0.9463414634146341,0.4813895781637717
os_3yr,tabpfn_v2_6,0.9463414634146341,0.485
os_3yr,tabpfn_v2_6,0.9463414634146341,0.48621553884711777
os_3yr,tabpfn_v2_6,0.9463414634146341,0.48743718592964824
os_3yr,tabpfn_v2_6,0.9463414634146341,0.48866498740554154
os_3yr,tabpfn_v2_6,0.9414634146341463,0.48984771573604063
os_3yr,tabpfn_v2_6,0.9414634146341463,0.4936061381074169
os_3yr,tabpfn_v2_6,0.9414634146341463,0.4948717948717949
os_3yr,tabpfn_v2_6,0.9414634146341463,0.4961439588688946
os_3yr,tabpfn_v2_6,0.9414634146341463,0.49870801033591733
os_3yr,tabpfn_v2_6,0.9365853658536586,0.5052631578947369
os_3yr,tabpfn_v2_6,0.9365853658536586,0.5092838196286472
os_3yr,tabpfn_v2_6,0.9365853658536586,0.5106382978723404
os_3yr,tabpfn_v2_6,0.9365853658536586,0.5161290322580645
os_3yr,tabpfn_v2_6,0.9365853658536586,0.5175202156334232
os_3yr,tabpfn_v2_6,0.9317073170731708,0.5162162162162162
os_3yr,tabpfn_v2_6,0.9317073170731708,0.5176151761517616
os_3yr,tabpfn_v2_6,0.9317073170731708,0.5190217391304348
os_3yr,tabpfn_v2_6,0.9317073170731708,0.5232876712328767
os_3yr,tabpfn_v2_6,0.9317073170731708,0.5276243093922652
os_3yr,tabpfn_v2_6,0.9317073170731708,0.5290858725761773
os_3yr,tabpfn_v2_6,0.9317073170731708,0.5305555555555556
os_3yr,tabpfn_v2_6,0.9317073170731708,0.532033426183844
os_3yr,tabpfn_v2_6,0.9317073170731708,0.5350140056022409
os_3yr,tabpfn_v2_6,0.9317073170731708,0.5365168539325843
os_3yr,tabpfn_v2_6,0.926829268292683,0.5352112676056338
os_3yr,tabpfn_v2_6,0.926829268292683,0.536723163841808
os_3yr,tabpfn_v2_6,0.926829268292683,0.5382436260623229
os_3yr,tabpfn_v2_6,0.926829268292683,0.5397727272727273
os_3yr,tabpfn_v2_6,0.926829268292683,0.5413105413105413
os_3yr,tabpfn_v2_6,0.9219512195121952,0.54
os_3yr,tabpfn_v2_6,0.9219512195121952,0.5415472779369628
os_3yr,tabpfn_v2_6,0.9170731707317074,0.5402298850574713
os_3yr,tabpfn_v2_6,0.9170731707317074,0.5417867435158501
os_3yr,tabpfn_v2_6,0.9073170731707317,0.5470588235294118
os_3yr,tabpfn_v2_6,0.9073170731707317,0.5486725663716814
os_3yr,tabpfn_v2_6,0.9024390243902439,0.5473372781065089
os_3yr,tabpfn_v2_6,0.9024390243902439,0.5489614243323442
os_3yr,tabpfn_v2_6,0.9024390243902439,0.5505952380952381
os_3yr,tabpfn_v2_6,0.8975609756097561,0.5492537313432836
os_3yr,tabpfn_v2_6,0.8975609756097561,0.5508982035928144
os_3yr,tabpfn_v2_6,0.8926829268292683,0.5495495495495496
os_3yr,tabpfn_v2_6,0.8926829268292683,0.5512048192771084
os_3yr,tabpfn_v2_6,0.8926829268292683,0.552870090634441
os_3yr,tabpfn_v2_6,0.8878048780487805,0.5515151515151515
os_3yr,tabpfn_v2_6,0.8829268292682927,0.5501519756838906
os_3yr,tabpfn_v2_6,0.8780487804878049,0.5487804878048781
os_3yr,tabpfn_v2_6,0.8731707317073171,0.5474006116207951
os_3yr,tabpfn_v2_6,0.8731707317073171,0.549079754601227
os_3yr,tabpfn_v2_6,0.8682926829268293,0.5476923076923077
os_3yr,tabpfn_v2_6,0.8634146341463415,0.5462962962962963
os_3yr,tabpfn_v2_6,0.8634146341463415,0.5496894409937888
os_3yr,tabpfn_v2_6,0.8634146341463415,0.5514018691588785
os_3yr,tabpfn_v2_6,0.8585365853658536,0.55
os_3yr,tabpfn_v2_6,0.8585365853658536,0.5517241379310345
os_3yr,tabpfn_v2_6,0.8536585365853658,0.550314465408805
os_3yr,tabpfn_v2_6,0.848780487804878,0.5488958990536278
os_3yr,tabpfn_v2_6,0.8341463414634146,0.5533980582524272
os_3yr,tabpfn_v2_6,0.8341463414634146,0.5551948051948052
os_3yr,tabpfn_v2_6,0.8341463414634146,0.5570032573289903
os_3yr,tabpfn_v2_6,0.8292682926829268,0.5555555555555556
os_3yr,tabpfn_v2_6,0.8292682926829268,0.5573770491803278
os_3yr,tabpfn_v2_6,0.824390243902439,0.555921052631579
os_3yr,tabpfn_v2_6,0.824390243902439,0.5577557755775577
os_3yr,tabpfn_v2_6,0.8195121951219512,0.5581395348837209
os_3yr,tabpfn_v2_6,0.8195121951219512,0.56
os_3yr,tabpfn_v2_6,0.8146341463414634,0.5585284280936454
os_3yr,tabpfn_v2_6,0.8146341463414634,0.5604026845637584
os_3yr,tabpfn_v2_6,0.8048780487804879,0.5574324324324325
os_3yr,tabpfn_v2_6,0.8048780487804879,0.5612244897959183
os_3yr,tabpfn_v2_6,0.8,0.5597269624573379
os_3yr,tabpfn_v2_6,0.7853658536585366,0.568904593639576
os_3yr,tabpfn_v2_6,0.7707317073170732,0.5642857142857143
os_3yr,tabpfn_v2_6,0.7609756097560976,0.5631768953068592
os_3yr,tabpfn_v2_6,0.7560975609756098,0.5615942028985508
os_3yr,tabpfn_v2_6,0.7414634146341463,0.5588235294117647
os_3yr,tabpfn_v2_6,0.7365853658536585,0.5571955719557196
os_3yr,tabpfn_v2_6,0.7317073170731707,0.5555555555555556
os_3yr,tabpfn_v2_6,0.7268292682926829,0.5559701492537313
os_3yr,tabpfn_v2_6,0.7219512195121951,0.5543071161048689
os_3yr,tabpfn_v2_6,0.7121951219512195,0.5551330798479087
os_3yr,tabpfn_v2_6,0.7024390243902439,0.5538461538461539
os_3yr,tabpfn_v2_6,0.6926829268292682,0.5525291828793775
os_3yr,tabpfn_v2_6,0.6731707317073171,0.5476190476190477
os_3yr,tabpfn_v2_6,0.6682926829268293,0.5502008032128514
os_3yr,tabpfn_v2_6,0.6682926829268293,0.5546558704453441
os_3yr,tabpfn_v2_6,0.6682926829268293,0.556910569105691
os_3yr,tabpfn_v2_6,0.6634146341463415,0.5551020408163265
os_3yr,tabpfn_v2_6,0.6487804878048781,0.5495867768595041
os_3yr,tabpfn_v2_6,0.6439024390243903,0.55
os_3yr,tabpfn_v2_6,0.6390243902439025,0.5504201680672269
os_3yr,tabpfn_v2_6,0.6341463414634146,0.5485232067510548
os_3yr,tabpfn_v2_6,0.6341463414634146,0.5508474576271186
os_3yr,tabpfn_v2_6,0.6341463414634146,0.5531914893617021
os_3yr,tabpfn_v2_6,0.6341463414634146,0.5555555555555556
os_3yr,tabpfn_v2_6,0.6341463414634146,0.5579399141630901
os_3yr,tabpfn_v2_6,0.6292682926829268,0.5560344827586207
os_3yr,tabpfn_v2_6,0.624390243902439,0.5541125541125541
os_3yr,tabpfn_v2_6,0.6195121951219512,0.5521739130434783
os_3yr,tabpfn_v2_6,0.6146341463414634,0.5502183406113537
os_3yr,tabpfn_v2_6,0.6146341463414634,0.5526315789473685
os_3yr,tabpfn_v2_6,0.6097560975609756,0.5506607929515418
os_3yr,tabpfn_v2_6,0.6097560975609756,0.5530973451327433
os_3yr,tabpfn_v2_6,0.6097560975609756,0.5580357142857143
os_3yr,tabpfn_v2_6,0.6048780487804878,0.5560538116591929
os_3yr,tabpfn_v2_6,0.6,0.5540540540540541
os_3yr,tabpfn_v2_6,0.5951219512195122,0.5520361990950227
os_3yr,tabpfn_v2_6,0.5902439024390244,0.5525114155251142
os_3yr,tabpfn_v2_6,0.5853658536585366,0.5529953917050692
os_3yr,tabpfn_v2_6,0.5853658536585366,0.5555555555555556
os_3yr,tabpfn_v2_6,0.5853658536585366,0.5581395348837209
os_3yr,tabpfn_v2_6,0.5804878048780487,0.5560747663551402
os_3yr,tabpfn_v2_6,0.5756097560975609,0.5539906103286385
os_3yr,tabpfn_v2_6,0.5707317073170731,0.5545023696682464
os_3yr,tabpfn_v2_6,0.5658536585365853,0.5523809523809524
os_3yr,tabpfn_v2_6,0.5609756097560976,0.5502392344497608
os_3yr,tabpfn_v2_6,0.5463414634146342,0.5544554455445545
os_3yr,tabpfn_v2_6,0.5463414634146342,0.5572139303482587
os_3yr,tabpfn_v2_6,0.5414634146341464,0.555
os_3yr,tabpfn_v2_6,0.5317073170731708,0.5505050505050505
os_3yr,tabpfn_v2_6,0.5317073170731708,0.558974358974359
os_3yr,tabpfn_v2_6,0.526829268292683,0.5567010309278351
os_3yr,tabpfn_v2_6,0.526829268292683,0.5595854922279793
os_3yr,tabpfn_v2_6,0.526829268292683,0.5654450261780105
os_3yr,tabpfn_v2_6,0.5170731707317073,0.5608465608465608
os_3yr,tabpfn_v2_6,0.5121951219512195,0.5614973262032086
os_3yr,tabpfn_v2_6,0.5121951219512195,0.5645161290322581
os_3yr,tabpfn_v2_6,0.5073170731707317,0.5621621621621622
os_3yr,tabpfn_v2_6,0.5024390243902439,0.5628415300546448
os_3yr,tabpfn_v2_6,0.4926829268292683,0.5611111111111111
os_3yr,tabpfn_v2_6,0.47804878048780486,0.5664739884393064
os_3yr,tabpfn_v2_6,0.47317073170731705,0.5672514619883041
os_3yr,tabpfn_v2_6,0.47317073170731705,0.5739644970414202
os_3yr,tabpfn_v2_6,0.4682926829268293,0.5748502994011976
os_3yr,tabpfn_v2_6,0.4682926829268293,0.5783132530120482
os_3yr,tabpfn_v2_6,0.4634146341463415,0.5792682926829268
os_3yr,tabpfn_v2_6,0.4634146341463415,0.5828220858895705
os_3yr,tabpfn_v2_6,0.4634146341463415,0.5864197530864198
os_3yr,tabpfn_v2_6,0.4634146341463415,0.5900621118012422
os_3yr,tabpfn_v2_6,0.4585365853658537,0.5911949685534591
os_3yr,tabpfn_v2_6,0.45365853658536587,0.5886075949367089
os_3yr,tabpfn_v2_6,0.44878048780487806,0.5859872611464968
os_3yr,tabpfn_v2_6,0.44390243902439025,0.5870967741935483
os_3yr,tabpfn_v2_6,0.43902439024390244,0.5882352941176471
os_3yr,tabpfn_v2_6,0.43414634146341463,0.5933333333333334
os_3yr,tabpfn_v2_6,0.43414634146341463,0.6013513513513513
os_3yr,tabpfn_v2_6,0.4292682926829268,0.5986394557823129
os_3yr,tabpfn_v2_6,0.4292682926829268,0.6027397260273972
os_3yr,tabpfn_v2_6,0.424390243902439,0.6041666666666666
os_3yr,tabpfn_v2_6,0.4195121951219512,0.6013986013986014
os_3yr,tabpfn_v2_6,0.4146341463414634,0.5985915492957746
os_3yr,tabpfn_v2_6,0.4146341463414634,0.6028368794326241
os_3yr,tabpfn_v2_6,0.4097560975609756,0.6
os_3yr,tabpfn_v2_6,0.40487804878048783,0.5971223021582733
os_3yr,tabpfn_v2_6,0.40487804878048783,0.6014492753623188
os_3yr,tabpfn_v2_6,0.4,0.5985401459854015
os_3yr,tabpfn_v2_6,0.3951219512195122,0.5955882352941176
os_3yr,tabpfn_v2_6,0.3902439024390244,0.5970149253731343
os_3yr,tabpfn_v2_6,0.3902439024390244,0.6015037593984962
os_3yr,tabpfn_v2_6,0.3853658536585366,0.5984848484848485
os_3yr,tabpfn_v2_6,0.3853658536585366,0.6076923076923076
os_3yr,tabpfn_v2_6,0.3804878048780488,0.6046511627906976
os_3yr,tabpfn_v2_6,0.375609756097561,0.6015625
os_3yr,tabpfn_v2_6,0.37073170731707317,0.6031746031746031
os_3yr,tabpfn_v2_6,0.37073170731707317,0.608
os_3yr,tabpfn_v2_6,0.36585365853658536,0.6048387096774194
os_3yr,tabpfn_v2_6,0.36097560975609755,0.6065573770491803
os_3yr,tabpfn_v2_6,0.35609756097560974,0.6033057851239669
os_3yr,tabpfn_v2_6,0.35609756097560974,0.6083333333333333
os_3yr,tabpfn_v2_6,0.34146341463414637,0.5982905982905983
os_3yr,tabpfn_v2_6,0.33658536585365856,0.5948275862068966
os_3yr,tabpfn_v2_6,0.33170731707317075,0.591304347826087
os_3yr,tabpfn_v2_6,0.32682926829268294,0.5877192982456141
os_3yr,tabpfn_v2_6,0.3170731707317073,0.5803571428571429
os_3yr,tabpfn_v2_6,0.3121951219512195,0.5765765765765766
os_3yr,tabpfn_v2_6,0.3073170731707317,0.5727272727272728
os_3yr,tabpfn_v2_6,0.3073170731707317,0.5779816513761468
os_3yr,tabpfn_v2_6,0.3024390243902439,0.5740740740740741
os_3yr,tabpfn_v2_6,0.3024390243902439,0.5794392523364486
os_3yr,tabpfn_v2_6,0.2975609756097561,0.580952380952381
os_3yr,tabpfn_v2_6,0.2926829268292683,0.5825242718446602
os_3yr,tabpfn_v2_6,0.28780487804878047,0.5784313725490197
os_3yr,tabpfn_v2_6,0.28780487804878047,0.59
os_3yr,tabpfn_v2_6,0.2780487804878049,0.5876288659793815
os_3yr,tabpfn_v2_6,0.2780487804878049,0.59375
os_3yr,tabpfn_v2_6,0.2634146341463415,0.5869565217391305
os_3yr,tabpfn_v2_6,0.2634146341463415,0.5934065934065934
os_3yr,tabpfn_v2_6,0.2634146341463415,0.6
os_3yr,tabpfn_v2_6,0.25853658536585367,0.5955056179775281
os_3yr,tabpfn_v2_6,0.25365853658536586,0.5909090909090909
os_3yr,tabpfn_v2_6,0.24390243902439024,0.5813953488372093
os_3yr,tabpfn_v2_6,0.24390243902439024,0.5882352941176471
os_3yr,tabpfn_v2_6,0.23414634146341465,0.5783132530120482
os_3yr,tabpfn_v2_6,0.23414634146341465,0.5925925925925926
os_3yr,tabpfn_v2_6,0.23414634146341465,0.6
os_3yr,tabpfn_v2_6,0.22439024390243903,0.5897435897435898
os_3yr,tabpfn_v2_6,0.22439024390243903,0.5974025974025974
os_3yr,tabpfn_v2_6,0.22439024390243903,0.6052631578947368
os_3yr,tabpfn_v2_6,0.21951219512195122,0.6
os_3yr,tabpfn_v2_6,0.21951219512195122,0.6081081081081081
os_3yr,tabpfn_v2_6,0.21951219512195122,0.6164383561643836
os_3yr,tabpfn_v2_6,0.2146341463414634,0.6197183098591549
os_3yr,tabpfn_v2_6,0.2097560975609756,0.6231884057971014
os_3yr,tabpfn_v2_6,0.2048780487804878,0.6176470588235294
os_3yr,tabpfn_v2_6,0.2,0.6212121212121212
os_3yr,tabpfn_v2_6,0.1951219512195122,0.6153846153846154
os_3yr,tabpfn_v2_6,0.1951219512195122,0.625
os_3yr,tabpfn_v2_6,0.1951219512195122,0.6349206349206349
os_3yr,tabpfn_v2_6,0.1951219512195122,0.6451612903225806
os_3yr,tabpfn_v2_6,0.1902439024390244,0.639344262295082
os_3yr,tabpfn_v2_6,0.1902439024390244,0.65
os_3yr,tabpfn_v2_6,0.1902439024390244,0.6610169491525424
os_3yr,tabpfn_v2_6,0.1902439024390244,0.6724137931034483
os_3yr,tabpfn_v2_6,0.1902439024390244,0.6842105263157895
os_3yr,tabpfn_v2_6,0.1902439024390244,0.6964285714285714
os_3yr,tabpfn_v2_6,0.18536585365853658,0.6909090909090909
os_3yr,tabpfn_v2_6,0.18536585365853658,0.7037037037037037
os_3yr,tabpfn_v2_6,0.18536585365853658,0.7169811320754716
os_3yr,tabpfn_v2_6,0.18048780487804877,0.7115384615384616
os_3yr,tabpfn_v2_6,0.18048780487804877,0.7254901960784313
os_3yr,tabpfn_v2_6,0.17560975609756097,0.72
os_3yr,tabpfn_v2_6,0.17073170731707318,0.7291666666666666
os_3yr,tabpfn_v2_6,0.16585365853658537,0.723404255319149
os_3yr,tabpfn_v2_6,0.16097560975609757,0.717391304347826
os_3yr,tabpfn_v2_6,0.15609756097560976,0.7111111111111111
os_3yr,tabpfn_v2_6,0.15121951219512195,0.7045454545454546
os_3yr,tabpfn_v2_6,0.15121951219512195,0.7209302325581395
os_3yr,tabpfn_v2_6,0.14634146341463414,0.7142857142857143
os_3yr,tabpfn_v2_6,0.14146341463414633,0.7073170731707317
os_3yr,tabpfn_v2_6,0.14146341463414633,0.725
os_3yr,tabpfn_v2_6,0.14146341463414633,0.7435897435897436
os_3yr,tabpfn_v2_6,0.14146341463414633,0.7631578947368421
os_3yr,tabpfn_v2_6,0.13658536585365855,0.7567567567567568
os_3yr,tabpfn_v2_6,0.13658536585365855,0.7777777777777778
os_3yr,tabpfn_v2_6,0.13170731707317074,0.7714285714285715
os_3yr,tabpfn_v2_6,0.12682926829268293,0.7647058823529411
os_3yr,tabpfn_v2_6,0.12682926829268293,0.7878787878787878
os_3yr,tabpfn_v2_6,0.12195121951219512,0.78125
os_3yr,tabpfn_v2_6,0.11707317073170732,0.7741935483870968
os_3yr,tabpfn_v2_6,0.11707317073170732,0.8
os_3yr,tabpfn_v2_6,0.11707317073170732,0.8275862068965517
os_3yr,tabpfn_v2_6,0.11219512195121951,0.8214285714285714
os_3yr,tabpfn_v2_6,0.1073170731707317,0.8148148148148148
os_3yr,tabpfn_v2_6,0.1073170731707317,0.8461538461538461
os_3yr,tabpfn_v2_6,0.1024390243902439,0.84
os_3yr,tabpfn_v2_6,0.0975609756097561,0.8333333333333334
os_3yr,tabpfn_v2_6,0.09268292682926829,0.8260869565217391
os_3yr,tabpfn_v2_6,0.08780487804878048,0.8181818181818182
os_3yr,tabpfn_v2_6,0.08292682926829269,0.8095238095238095
os_3yr,tabpfn_v2_6,0.08292682926829269,0.85
os_3yr,tabpfn_v2_6,0.07804878048780488,0.8421052631578947
os_3yr,tabpfn_v2_6,0.07317073170731707,0.8333333333333334
os_3yr,tabpfn_v2_6,0.06829268292682927,0.8235294117647058
os_3yr,tabpfn_v2_6,0.06341463414634146,0.8125
os_3yr,tabpfn_v2_6,0.05853658536585366,0.8
os_3yr,tabpfn_v2_6,0.05365853658536585,0.7857142857142857
os_3yr,tabpfn_v2_6,0.04878048780487805,0.7692307692307693
os_3yr,tabpfn_v2_6,0.04390243902439024,0.75
os_3yr,tabpfn_v2_6,0.03902439024390244,0.7272727272727273
os_3yr,tabpfn_v2_6,0.03414634146341464,0.7
os_3yr,tabpfn_v2_6,0.03414634146341464,0.7777777777777778
os_3yr,tabpfn_v2_6,0.02926829268292683,0.75
os_3yr,tabpfn_v2_6,0.024390243902439025,0.7142857142857143
os_3yr,tabpfn_v2_6,0.01951219512195122,0.6666666666666666
os_3yr,tabpfn_v2_6,0.01951219512195122,0.8
os_3yr,tabpfn_v2_6,0.01951219512195122,1.0
os_3yr,tabpfn_v2_6,0.014634146341463415,1.0
os_3yr,tabpfn_v2_6,0.00975609756097561,1.0
os_3yr,tabpfn_v2_6,0.004878048780487805,1.0
os_3yr,tabpfn_v2_6,0.0,1.0
os_3yr,tabpfn_v3,1.0,0.41330645161290325
os_3yr,tabpfn_v3,1.0,0.41414141414141414
os_3yr,tabpfn_v3,1.0,0.4149797570850202
os_3yr,tabpfn_v3,1.0,0.4158215010141988
os_3yr,tabpfn_v3,1.0,0.4166666666666667
os_3yr,tabpfn_v3,1.0,0.4175152749490835
os_3yr,tabpfn_v3,1.0,0.41836734693877553
os_3yr,tabpfn_v3,1.0,0.41922290388548056
os_3yr,tabpfn_v3,1.0,0.42008196721311475
os_3yr,tabpfn_v3,1.0,0.4209445585215606
os_3yr,tabpfn_v3,1.0,0.4218106995884774
os_3yr,tabpfn_v3,1.0,0.422680412371134
os_3yr,tabpfn_v3,0.9951219512195122,0.4214876033057851
os_3yr,tabpfn_v3,0.9951219512195122,0.422360248447205
os_3yr,tabpfn_v3,0.9951219512195122,0.42323651452282157
os_3yr,tabpfn_v3,0.9951219512195122,0.42411642411642414
os_3yr,tabpfn_v3,0.9951219512195122,0.425
os_3yr,tabpfn_v3,0.9902439024390244,0.42379958246346555
os_3yr,tabpfn_v3,0.9902439024390244,0.4246861924686193
os_3yr,tabpfn_v3,0.9902439024390244,0.42557651991614254
os_3yr,tabpfn_v3,0.9902439024390244,0.4264705882352941
os_3yr,tabpfn_v3,0.9902439024390244,0.42736842105263156
os_3yr,tabpfn_v3,0.9853658536585366,0.42616033755274263
os_3yr,tabpfn_v3,0.9804878048780488,0.4249471458773784
os_3yr,tabpfn_v3,0.9804878048780488,0.4258474576271186
os_3yr,tabpfn_v3,0.9804878048780488,0.4267515923566879
os_3yr,tabpfn_v3,0.9804878048780488,0.4276595744680851
os_3yr,tabpfn_v3,0.9804878048780488,0.42857142857142855
os_3yr,tabpfn_v3,0.9804878048780488,0.42948717948717946
os_3yr,tabpfn_v3,0.9804878048780488,0.430406852248394
os_3yr,tabpfn_v3,0.9804878048780488,0.4313304721030043
os_3yr,tabpfn_v3,0.9804878048780488,0.432258064516129
os_3yr,tabpfn_v3,0.9804878048780488,0.4331896551724138
os_3yr,tabpfn_v3,0.975609756097561,0.4319654427645788
os_3yr,tabpfn_v3,0.975609756097561,0.4329004329004329
os_3yr,tabpfn_v3,0.975609756097561,0.43383947939262474
os_3yr,tabpfn_v3,0.975609756097561,0.43478260869565216
os_3yr,tabpfn_v3,0.975609756097561,0.4357298474945534
os_3yr,tabpfn_v3,0.9707317073170731,0.4344978165938865
os_3yr,tabpfn_v3,0.9707317073170731,0.43544857768052514
os_3yr,tabpfn_v3,0.9707317073170731,0.43640350877192985
os_3yr,tabpfn_v3,0.9707317073170731,0.43736263736263736
os_3yr,tabpfn_v3,0.9707317073170731,0.43832599118942733
os_3yr,tabpfn_v3,0.9707317073170731,0.4392935982339956
os_3yr,tabpfn_v3,0.9707317073170731,0.44026548672566373
os_3yr,tabpfn_v3,0.9658536585365853,0.43902439024390244
os_3yr,tabpfn_v3,0.9658536585365853,0.44
os_3yr,tabpfn_v3,0.9658536585365853,0.44097995545657015
os_3yr,tabpfn_v3,0.9658536585365853,0.4419642857142857
os_3yr,tabpfn_v3,0.9658536585365853,0.4429530201342282
os_3yr,tabpfn_v3,0.9658536585365853,0.4439461883408072
os_3yr,tabpfn_v3,0.9658536585365853,0.4449438202247191
os_3yr,tabpfn_v3,0.9658536585365853,0.44594594594594594
os_3yr,tabpfn_v3,0.9658536585365853,0.4469525959367946
os_3yr,tabpfn_v3,0.9658536585365853,0.4479638009049774
os_3yr,tabpfn_v3,0.9658536585365853,0.4489795918367347
os_3yr,tabpfn_v3,0.9658536585365853,0.45
os_3yr,tabpfn_v3,0.9658536585365853,0.4510250569476082
os_3yr,tabpfn_v3,0.9658536585365853,0.4520547945205479
os_3yr,tabpfn_v3,0.9658536585365853,0.45308924485125857
os_3yr,tabpfn_v3,0.9658536585365853,0.4541284403669725
os_3yr,tabpfn_v3,0.9658536585365853,0.45517241379310347
os_3yr,tabpfn_v3,0.9658536585365853,0.45622119815668205
os_3yr,tabpfn_v3,0.9658536585365853,0.45727482678983833
os_3yr,tabpfn_v3,0.9658536585365853,0.4583333333333333
os_3yr,tabpfn_v3,0.9658536585365853,0.4593967517401392
os_3yr,tabpfn_v3,0.9658536585365853,0.4604651162790698
os_3yr,tabpfn_v3,0.9658536585365853,0.46153846153846156
os_3yr,tabpfn_v3,0.9658536585365853,0.46261682242990654
os_3yr,tabpfn_v3,0.9658536585365853,0.4637002341920375
os_3yr,tabpfn_v3,0.9658536585365853,0.4647887323943662
os_3yr,tabpfn_v3,0.9658536585365853,0.46588235294117647
os_3yr,tabpfn_v3,0.9658536585365853,0.4669811320754717
os_3yr,tabpfn_v3,0.9658536585365853,0.46808510638297873
os_3yr,tabpfn_v3,0.9658536585365853,0.46919431279620855
os_3yr,tabpfn_v3,0.9658536585365853,0.47030878859857483
os_3yr,tabpfn_v3,0.9658536585365853,0.4714285714285714
os_3yr,tabpfn_v3,0.9658536585365853,0.47255369928400953
os_3yr,tabpfn_v3,0.9609756097560975,0.47129186602870815
os_3yr,tabpfn_v3,0.9609756097560975,0.4724220623501199
os_3yr,tabpfn_v3,0.9609756097560975,0.4735576923076923
os_3yr,tabpfn_v3,0.9609756097560975,0.4746987951807229
os_3yr,tabpfn_v3,0.9560975609756097,0.47342995169082125
os_3yr,tabpfn_v3,0.9560975609756097,0.4745762711864407
os_3yr,tabpfn_v3,0.9560975609756097,0.47572815533980584
os_3yr,tabpfn_v3,0.9560975609756097,0.4768856447688564
os_3yr,tabpfn_v3,0.9560975609756097,0.47804878048780486
os_3yr,tabpfn_v3,0.9560975609756097,0.4792176039119804
os_3yr,tabpfn_v3,0.9560975609756097,0.4803921568627451
os_3yr,tabpfn_v3,0.9560975609756097,0.48157248157248156
os_3yr,tabpfn_v3,0.9560975609756097,0.4827586206896552
os_3yr,tabpfn_v3,0.9560975609756097,0.4839506172839506
os_3yr,tabpfn_v3,0.9560975609756097,0.48514851485148514
os_3yr,tabpfn_v3,0.9560975609756097,0.48635235732009924
os_3yr,tabpfn_v3,0.9560975609756097,0.48756218905472637
os_3yr,tabpfn_v3,0.9560975609756097,0.48877805486284287
os_3yr,tabpfn_v3,0.9560975609756097,0.49
os_3yr,tabpfn_v3,0.9560975609756097,0.49122807017543857
os_3yr,tabpfn_v3,0.9560975609756097,0.49246231155778897
os_3yr,tabpfn_v3,0.9560975609756097,0.49370277078085645
os_3yr,tabpfn_v3,0.9560975609756097,0.494949494949495
os_3yr,tabpfn_v3,0.9560975609756097,0.4962025316455696
os_3yr,tabpfn_v3,0.9512195121951219,0.4949238578680203
os_3yr,tabpfn_v3,0.9463414634146341,0.49363867684478374
os_3yr,tabpfn_v3,0.9463414634146341,0.49489795918367346
os_3yr,tabpfn_v3,0.9414634146341463,0.4936061381074169
os_3yr,tabpfn_v3,0.9414634146341463,0.4948717948717949
os_3yr,tabpfn_v3,0.9414634146341463,0.4961439588688946
os_3yr,tabpfn_v3,0.9414634146341463,0.49742268041237114
os_3yr,tabpfn_v3,0.9414634146341463,0.49870801033591733
os_3yr,tabpfn_v3,0.9414634146341463,0.5
os_3yr,tabpfn_v3,0.9414634146341463,0.5012987012987012
os_3yr,tabpfn_v3,0.9414634146341463,0.5026041666666666
os_3yr,tabpfn_v3,0.9414634146341463,0.5039164490861618
os_3yr,tabpfn_v3,0.9414634146341463,0.5052356020942408
os_3yr,tabpfn_v3,0.9414634146341463,0.5065616797900262
os_3yr,tabpfn_v3,0.9414634146341463,0.5078947368421053
os_3yr,tabpfn_v3,0.9414634146341463,0.5092348284960422
os_3yr,tabpfn_v3,0.9414634146341463,0.5105820105820106
os_3yr,tabpfn_v3,0.9414634146341463,0.5119363395225465
os_3yr,tabpfn_v3,0.9414634146341463,0.5132978723404256
os_3yr,tabpfn_v3,0.9365853658536586,0.512
os_3yr,tabpfn_v3,0.9365853658536586,0.5133689839572193
os_3yr,tabpfn_v3,0.9317073170731708,0.5120643431635389
os_3yr,tabpfn_v3,0.9317073170731708,0.5134408602150538
os_3yr,tabpfn_v3,0.9317073170731708,0.5148247978436657
os_3yr,tabpfn_v3,0.9317073170731708,0.5162162162162162
os_3yr,tabpfn_v3,0.9317073170731708,0.5176151761517616
os_3yr,tabpfn_v3,0.926829268292683,0.5163043478260869
os_3yr,tabpfn_v3,0.926829268292683,0.5177111716621253
os_3yr,tabpfn_v3,0.926829268292683,0.5191256830601093
os_3yr,tabpfn_v3,0.926829268292683,0.5205479452054794
os_3yr,tabpfn_v3,0.926829268292683,0.521978021978022
os_3yr,tabpfn_v3,0.926829268292683,0.5234159779614325
os_3yr,tabpfn_v3,0.926829268292683,0.5248618784530387
os_3yr,tabpfn_v3,0.926829268292683,0.5263157894736842
os_3yr,tabpfn_v3,0.926829268292683,0.5277777777777778
os_3yr,tabpfn_v3,0.926829268292683,0.5292479108635098
os_3yr,tabpfn_v3,0.926829268292683,0.5307262569832403
os_3yr,tabpfn_v3,0.9219512195121952,0.5294117647058824
os_3yr,tabpfn_v3,0.9219512195121952,0.5308988764044944
os_3yr,tabpfn_v3,0.9219512195121952,0.532394366197183
os_3yr,tabpfn_v3,0.9219512195121952,0.5338983050847458
os_3yr,tabpfn_v3,0.9170731707317074,0.5325779036827195
os_3yr,tabpfn_v3,0.9170731707317074,0.5340909090909091
os_3yr,tabpfn_v3,0.9170731707317074,0.5356125356125356
os_3yr,tabpfn_v3,0.9170731707317074,0.5371428571428571
os_3yr,tabpfn_v3,0.9170731707317074,0.5386819484240688
os_3yr,tabpfn_v3,0.9170731707317074,0.5402298850574713
os_3yr,tabpfn_v3,0.9170731707317074,0.5417867435158501
os_3yr,tabpfn_v3,0.9121951219512195,0.5404624277456648
os_3yr,tabpfn_v3,0.9121951219512195,0.5420289855072464
os_3yr,tabpfn_v3,0.9073170731707317,0.5406976744186046
os_3yr,tabpfn_v3,0.8975609756097561,0.5459940652818991
os_3yr,tabpfn_v3,0.8926829268292683,0.5446428571428571
os_3yr,tabpfn_v3,0.8926829268292683,0.5462686567164179
os_3yr,tabpfn_v3,0.8926829268292683,0.5479041916167665
os_3yr,tabpfn_v3,0.8926829268292683,0.5495495495495496
os_3yr,tabpfn_v3,0.8926829268292683,0.5512048192771084
os_3yr,tabpfn_v3,0.8878048780487805,0.5498489425981873
os_3yr,tabpfn_v3,0.8878048780487805,0.5515151515151515
os_3yr,tabpfn_v3,0.8829268292682927,0.5501519756838906
os_3yr,tabpfn_v3,0.8829268292682927,0.551829268292683
os_3yr,tabpfn_v3,0.8780487804878049,0.5504587155963303
os_3yr,tabpfn_v3,0.8634146341463415,0.554858934169279
os_3yr,tabpfn_v3,0.8634146341463415,0.5583596214511041
os_3yr,tabpfn_v3,0.8634146341463415,0.560126582278481
os_3yr,tabpfn_v3,0.8634146341463415,0.5619047619047619
os_3yr,tabpfn_v3,0.8634146341463415,0.5636942675159236
os_3yr,tabpfn_v3,0.8634146341463415,0.5654952076677316
os_3yr,tabpfn_v3,0.8585365853658536,0.5641025641025641
os_3yr,tabpfn_v3,0.8536585365853658,0.5627009646302251
os_3yr,tabpfn_v3,0.848780487804878,0.5612903225806452
os_3yr,tabpfn_v3,0.8439024390243902,0.5598705501618123
os_3yr,tabpfn_v3,0.8390243902439024,0.5584415584415584
os_3yr,tabpfn_v3,0.8390243902439024,0.5602605863192183
os_3yr,tabpfn_v3,0.8390243902439024,0.5620915032679739
os_3yr,tabpfn_v3,0.8341463414634146,0.5606557377049181
os_3yr,tabpfn_v3,0.8292682926829268,0.5592105263157895
os_3yr,tabpfn_v3,0.824390243902439,0.5577557755775577
os_3yr,tabpfn_v3,0.824390243902439,0.5596026490066225
os_3yr,tabpfn_v3,0.8195121951219512,0.5581395348837209
os_3yr,tabpfn_v3,0.8195121951219512,0.56
os_3yr,tabpfn_v3,0.8146341463414634,0.5585284280936454
os_3yr,tabpfn_v3,0.8097560975609757,0.5570469798657718
os_3yr,tabpfn_v3,0.8048780487804879,0.5555555555555556
os_3yr,tabpfn_v3,0.8048780487804879,0.5574324324324325
os_3yr,tabpfn_v3,0.8,0.5559322033898305
os_3yr,tabpfn_v3,0.7951219512195122,0.5544217687074829
os_3yr,tabpfn_v3,0.7902439024390244,0.552901023890785
os_3yr,tabpfn_v3,0.7853658536585366,0.5513698630136986
os_3yr,tabpfn_v3,0.7804878048780488,0.5498281786941581
os_3yr,tabpfn_v3,0.775609756097561,0.5482758620689655
os_3yr,tabpfn_v3,0.7707317073170732,0.5467128027681661
os_3yr,tabpfn_v3,0.7707317073170732,0.5486111111111112
os_3yr,tabpfn_v3,0.7658536585365854,0.5470383275261324
os_3yr,tabpfn_v3,0.7609756097560976,0.5454545454545454
os_3yr,tabpfn_v3,0.7609756097560976,0.5473684210526316
os_3yr,tabpfn_v3,0.7560975609756098,0.545774647887324
os_3yr,tabpfn_v3,0.751219512195122,0.5441696113074205
os_3yr,tabpfn_v3,0.7463414634146341,0.5425531914893617
os_3yr,tabpfn_v3,0.7463414634146341,0.5444839857651246
os_3yr,tabpfn_v3,0.7414634146341463,0.5428571428571428
os_3yr,tabpfn_v3,0.7365853658536585,0.5412186379928315
os_3yr,tabpfn_v3,0.7365853658536585,0.5431654676258992
os_3yr,tabpfn_v3,0.7365853658536585,0.5451263537906137
os_3yr,tabpfn_v3,0.7317073170731707,0.5434782608695652
os_3yr,tabpfn_v3,0.7317073170731707,0.5454545454545454
os_3yr,tabpfn_v3,0.7268292682926829,0.5437956204379562
os_3yr,tabpfn_v3,0.7268292682926829,0.5457875457875457
os_3yr,tabpfn_v3,0.7268292682926829,0.5477941176470589
os_3yr,tabpfn_v3,0.7219512195121951,0.5461254612546126
os_3yr,tabpfn_v3,0.7219512195121951,0.5481481481481482
os_3yr,tabpfn_v3,0.7170731707317073,0.5464684014869888
os_3yr,tabpfn_v3,0.7121951219512195,0.5447761194029851
os_3yr,tabpfn_v3,0.7121951219512195,0.5468164794007491
os_3yr,tabpfn_v3,0.7121951219512195,0.5488721804511278
os_3yr,tabpfn_v3,0.7073170731707317,0.5471698113207547
os_3yr,tabpfn_v3,0.7073170731707317,0.5492424242424242
os_3yr,tabpfn_v3,0.7073170731707317,0.5513307984790875
os_3yr,tabpfn_v3,0.7024390243902439,0.549618320610687
os_3yr,tabpfn_v3,0.7024390243902439,0.5517241379310345
os_3yr,tabpfn_v3,0.7024390243902439,0.5538461538461539
os_3yr,tabpfn_v3,0.7024390243902439,0.555984555984556
os_3yr,tabpfn_v3,0.697560975609756,0.5542635658914729
os_3yr,tabpfn_v3,0.697560975609756,0.556420233463035
os_3yr,tabpfn_v3,0.6926829268292682,0.5546875
os_3yr,tabpfn_v3,0.6878048780487804,0.5529411764705883
os_3yr,tabpfn_v3,0.6878048780487804,0.5551181102362205
os_3yr,tabpfn_v3,0.6878048780487804,0.5573122529644269
os_3yr,tabpfn_v3,0.6731707317073171,0.5679012345679012
os_3yr,tabpfn_v3,0.6731707317073171,0.5702479338842975
os_3yr,tabpfn_v3,0.6731707317073171,0.5726141078838174
os_3yr,tabpfn_v3,0.6682926829268293,0.5708333333333333
os_3yr,tabpfn_v3,0.6682926829268293,0.5732217573221757
os_3yr,tabpfn_v3,0.6682926829268293,0.5756302521008403
os_3yr,tabpfn_v3,0.6634146341463415,0.5738396624472574
os_3yr,tabpfn_v3,0.6585365853658537,0.5720338983050848
os_3yr,tabpfn_v3,0.6536585365853659,0.5702127659574469
os_3yr,tabpfn_v3,0.6487804878048781,0.5683760683760684
os_3yr,tabpfn_v3,0.6439024390243903,0.5665236051502146
os_3yr,tabpfn_v3,0.6390243902439025,0.5646551724137931
os_3yr,tabpfn_v3,0.6341463414634146,0.5627705627705628
os_3yr,tabpfn_v3,0.6292682926829268,0.5608695652173913
os_3yr,tabpfn_v3,0.624390243902439,0.5589519650655022
os_3yr,tabpfn_v3,0.624390243902439,0.5614035087719298
os_3yr,tabpfn_v3,0.6195121951219512,0.5594713656387665
os_3yr,tabpfn_v3,0.6146341463414634,0.5575221238938053
os_3yr,tabpfn_v3,0.6146341463414634,0.56
os_3yr,tabpfn_v3,0.6097560975609756,0.5580357142857143
os_3yr,tabpfn_v3,0.6048780487804878,0.5560538116591929
os_3yr,tabpfn_v3,0.6,0.5540540540540541
os_3yr,tabpfn_v3,0.5951219512195122,0.5520361990950227
os_3yr,tabpfn_v3,0.5902439024390244,0.55
os_3yr,tabpfn_v3,0.5902439024390244,0.5525114155251142
os_3yr,tabpfn_v3,0.5902439024390244,0.555045871559633
os_3yr,tabpfn_v3,0.5902439024390244,0.5576036866359447
os_3yr,tabpfn_v3,0.5902439024390244,0.5601851851851852
os_3yr,tabpfn_v3,0.5853658536585366,0.5581395348837209
os_3yr,tabpfn_v3,0.5804878048780487,0.5560747663551402
os_3yr,tabpfn_v3,0.5804878048780487,0.5586854460093896
os_3yr,tabpfn_v3,0.5756097560975609,0.5566037735849056
os_3yr,tabpfn_v3,0.5756097560975609,0.5592417061611374
os_3yr,tabpfn_v3,0.5756097560975609,0.5619047619047619
os_3yr,tabpfn_v3,0.5756097560975609,0.5645933014354066
os_3yr,tabpfn_v3,0.5707317073170731,0.5625
os_3yr,tabpfn_v3,0.5658536585365853,0.5603864734299517
os_3yr,tabpfn_v3,0.5658536585365853,0.5631067961165048
os_3yr,tabpfn_v3,0.5609756097560976,0.5609756097560976
os_3yr,tabpfn_v3,0.5609756097560976,0.5637254901960784
os_3yr,tabpfn_v3,0.5560975609756098,0.5615763546798029
os_3yr,tabpfn_v3,0.551219512195122,0.5594059405940595
os_3yr,tabpfn_v3,0.5463414634146342,0.5572139303482587
os_3yr,tabpfn_v3,0.5414634146341464,0.555
os_3yr,tabpfn_v3,0.5365853658536586,0.5527638190954773
os_3yr,tabpfn_v3,0.5365853658536586,0.5555555555555556
os_3yr,tabpfn_v3,0.5317073170731708,0.5532994923857868
os_3yr,tabpfn_v3,0.526829268292683,0.5510204081632653
os_3yr,tabpfn_v3,0.5219512195121951,0.5487179487179488
os_3yr,tabpfn_v3,0.5170731707317073,0.5463917525773195
os_3yr,tabpfn_v3,0.5121951219512195,0.5440414507772021
os_3yr,tabpfn_v3,0.5073170731707317,0.5531914893617021
os_3yr,tabpfn_v3,0.5024390243902439,0.5508021390374331
os_3yr,tabpfn_v3,0.4975609756097561,0.5483870967741935
os_3yr,tabpfn_v3,0.4975609756097561,0.5513513513513514
os_3yr,tabpfn_v3,0.4975609756097561,0.5543478260869565
os_3yr,tabpfn_v3,0.4926829268292683,0.5519125683060109
os_3yr,tabpfn_v3,0.4878048780487805,0.5494505494505495
os_3yr,tabpfn_v3,0.48292682926829267,0.5469613259668509
os_3yr,tabpfn_v3,0.48292682926829267,0.55
os_3yr,tabpfn_v3,0.47804878048780486,0.547486033519553
os_3yr,tabpfn_v3,0.47804878048780486,0.550561797752809
os_3yr,tabpfn_v3,0.47804878048780486,0.5536723163841808
os_3yr,tabpfn_v3,0.47804878048780486,0.5568181818181818
os_3yr,tabpfn_v3,0.47804878048780486,0.56
os_3yr,tabpfn_v3,0.47804878048780486,0.5632183908045977
os_3yr,tabpfn_v3,0.47804878048780486,0.5664739884393064
os_3yr,tabpfn_v3,0.47804878048780486,0.5697674418604651
os_3yr,tabpfn_v3,0.47804878048780486,0.5730994152046783
os_3yr,tabpfn_v3,0.47804878048780486,0.5764705882352941
os_3yr,tabpfn_v3,0.47317073170731705,0.5739644970414202
os_3yr,tabpfn_v3,0.4682926829268293,0.5714285714285714
os_3yr,tabpfn_v3,0.4682926829268293,0.5748502994011976
os_3yr,tabpfn_v3,0.4682926829268293,0.5783132530120482
os_3yr,tabpfn_v3,0.4682926829268293,0.5818181818181818
os_3yr,tabpfn_v3,0.4682926829268293,0.5853658536585366
os_3yr,tabpfn_v3,0.4634146341463415,0.5828220858895705
os_3yr,tabpfn_v3,0.4634146341463415,0.5864197530864198
os_3yr,tabpfn_v3,0.4634146341463415,0.5900621118012422
os_3yr,tabpfn_v3,0.4634146341463415,0.59375
os_3yr,tabpfn_v3,0.4585365853658537,0.5911949685534591
os_3yr,tabpfn_v3,0.45365853658536587,0.5886075949367089
os_3yr,tabpfn_v3,0.44878048780487806,0.5859872611464968
os_3yr,tabpfn_v3,0.44878048780487806,0.5897435897435898
os_3yr,tabpfn_v3,0.44390243902439025,0.5870967741935483
os_3yr,tabpfn_v3,0.43902439024390244,0.5844155844155844
os_3yr,tabpfn_v3,0.43414634146341463,0.5816993464052288
os_3yr,tabpfn_v3,0.4292682926829268,0.5789473684210527
os_3yr,tabpfn_v3,0.4292682926829268,0.5827814569536424
os_3yr,tabpfn_v3,0.4292682926829268,0.5866666666666667
os_3yr,tabpfn_v3,0.4292682926829268,0.5906040268456376
os_3yr,tabpfn_v3,0.4292682926829268,0.5945945945945946
os_3yr,tabpfn_v3,0.424390243902439,0.5918367346938775
os_3yr,tabpfn_v3,0.424390243902439,0.5958904109589042
os_3yr,tabpfn_v3,0.4195121951219512,0.593103448275862
os_3yr,tabpfn_v3,0.4146341463414634,0.5902777777777778
os_3yr,tabpfn_v3,0.4097560975609756,0.5874125874125874
os_3yr,tabpfn_v3,0.40487804878048783,0.5845070422535211
os_3yr,tabpfn_v3,0.40487804878048783,0.5886524822695035
os_3yr,tabpfn_v3,0.4,0.5857142857142857
os_3yr,tabpfn_v3,0.4,0.5899280575539568
os_3yr,tabpfn_v3,0.4,0.5942028985507246
os_3yr,tabpfn_v3,0.4,0.5985401459854015
os_3yr,tabpfn_v3,0.4,0.6029411764705882
os_3yr,tabpfn_v3,0.3951219512195122,0.6
os_3yr,tabpfn_v3,0.3902439024390244,0.5970149253731343
os_3yr,tabpfn_v3,0.3853658536585366,0.5939849624060151
os_3yr,tabpfn_v3,0.3804878048780488,0.5909090909090909
os_3yr,tabpfn_v3,0.3804878048780488,0.5954198473282443
os_3yr,tabpfn_v3,0.375609756097561,0.5923076923076923
os_3yr,tabpfn_v3,0.37073170731707317,0.5891472868217055
os_3yr,tabpfn_v3,0.37073170731707317,0.59375
os_3yr,tabpfn_v3,0.36585365853658536,0.5905511811023622
os_3yr,tabpfn_v3,0.36585365853658536,0.5952380952380952
os_3yr,tabpfn_v3,0.36097560975609755,0.592
os_3yr,tabpfn_v3,0.36097560975609755,0.5967741935483871
os_3yr,tabpfn_v3,0.36097560975609755,0.6016260162601627
os_3yr,tabpfn_v3,0.35609756097560974,0.5983606557377049
os_3yr,tabpfn_v3,0.35121951219512193,0.5950413223140496
os_3yr,tabpfn_v3,0.35121951219512193,0.6
os_3yr,tabpfn_v3,0.3463414634146341,0.5966386554621849
os_3yr,tabpfn_v3,0.3463414634146341,0.6016949152542372
os_3yr,tabpfn_v3,0.34146341463414637,0.5982905982905983
os_3yr,tabpfn_v3,0.33170731707317075,0.6126126126126126
os_3yr,tabpfn_v3,0.32682926829268294,0.6090909090909091
os_3yr,tabpfn_v3,0.32195121951219513,0.6055045871559633
os_3yr,tabpfn_v3,0.32195121951219513,0.6111111111111112
os_3yr,tabpfn_v3,0.32195121951219513,0.616822429906542
os_3yr,tabpfn_v3,0.3170731707317073,0.6132075471698113
os_3yr,tabpfn_v3,0.3170731707317073,0.6190476190476191
os_3yr,tabpfn_v3,0.3121951219512195,0.6153846153846154
os_3yr,tabpfn_v3,0.3073170731707317,0.6116504854368932
os_3yr,tabpfn_v3,0.3024390243902439,0.6078431372549019
os_3yr,tabpfn_v3,0.2975609756097561,0.6039603960396039
os_3yr,tabpfn_v3,0.2926829268292683,0.6
os_3yr,tabpfn_v3,0.2926829268292683,0.6060606060606061
os_3yr,tabpfn_v3,0.28780487804878047,0.6020408163265306
os_3yr,tabpfn_v3,0.28780487804878047,0.6082474226804123
os_3yr,tabpfn_v3,0.28292682926829266,0.6041666666666666
os_3yr,tabpfn_v3,0.2780487804878049,0.6
os_3yr,tabpfn_v3,0.2780487804878049,0.6063829787234043
os_3yr,tabpfn_v3,0.2731707317073171,0.6021505376344086
os_3yr,tabpfn_v3,0.2682926829268293,0.5978260869565217
os_3yr,tabpfn_v3,0.2634146341463415,0.5934065934065934
os_3yr,tabpfn_v3,0.25853658536585367,0.5888888888888889
os_3yr,tabpfn_v3,0.25853658536585367,0.5955056179775281
os_3yr,tabpfn_v3,0.25853658536585367,0.6022727272727273
os_3yr,tabpfn_v3,0.25365853658536586,0.5977011494252874
os_3yr,tabpfn_v3,0.25365853658536586,0.6046511627906976
os_3yr,tabpfn_v3,0.25365853658536586,0.611764705882353
os_3yr,tabpfn_v3,0.24878048780487805,0.6071428571428571
os_3yr,tabpfn_v3,0.24878048780487805,0.6144578313253012
os_3yr,tabpfn_v3,0.24878048780487805,0.6219512195121951
os_3yr,tabpfn_v3,0.24878048780487805,0.6296296296296297
os_3yr,tabpfn_v3,0.24390243902439024,0.625
os_3yr,tabpfn_v3,0.24390243902439024,0.6329113924050633
os_3yr,tabpfn_v3,0.24390243902439024,0.6410256410256411
os_3yr,tabpfn_v3,0.23902439024390243,0.6363636363636364
os_3yr,tabpfn_v3,0.23414634146341465,0.631578947368421
os_3yr,tabpfn_v3,0.22926829268292684,0.6266666666666667
os_3yr,tabpfn_v3,0.22926829268292684,0.6351351351351351
os_3yr,tabpfn_v3,0.22439024390243903,0.6301369863013698
os_3yr,tabpfn_v3,0.21951219512195122,0.625
os_3yr,tabpfn_v3,0.2146341463414634,0.6197183098591549
os_3yr,tabpfn_v3,0.2097560975609756,0.6142857142857143
os_3yr,tabpfn_v3,0.2048780487804878,0.6086956521739131
os_3yr,tabpfn_v3,0.2,0.6029411764705882
os_3yr,tabpfn_v3,0.1951219512195122,0.5970149253731343
os_3yr,tabpfn_v3,0.1951219512195122,0.6060606060606061
os_3yr,tabpfn_v3,0.1902439024390244,0.6
os_3yr,tabpfn_v3,0.18536585365853658,0.59375
os_3yr,tabpfn_v3,0.18536585365853658,0.6031746031746031
os_3yr,tabpfn_v3,0.18048780487804877,0.5967741935483871
os_3yr,tabpfn_v3,0.18048780487804877,0.6065573770491803
os_3yr,tabpfn_v3,0.17560975609756097,0.6
os_3yr,tabpfn_v3,0.17560975609756097,0.6101694915254238
os_3yr,tabpfn_v3,0.17560975609756097,0.6206896551724138
os_3yr,tabpfn_v3,0.17560975609756097,0.631578947368421
os_3yr,tabpfn_v3,0.17073170731707318,0.625
os_3yr,tabpfn_v3,0.16585365853658537,0.6181818181818182
os_3yr,tabpfn_v3,0.16585365853658537,0.6296296296296297
os_3yr,tabpfn_v3,0.16585365853658537,0.6415094339622641
os_3yr,tabpfn_v3,0.16097560975609757,0.6346153846153846
os_3yr,tabpfn_v3,0.16097560975609757,0.6470588235294118
os_3yr,tabpfn_v3,0.16097560975609757,0.66
os_3yr,tabpfn_v3,0.16097560975609757,0.673469387755102
os_3yr,tabpfn_v3,0.15609756097560976,0.6666666666666666
os_3yr,tabpfn_v3,0.15609756097560976,0.6808510638297872
os_3yr,tabpfn_v3,0.15609756097560976,0.6956521739130435
os_3yr,tabpfn_v3,0.15121951219512195,0.6888888888888889
os_3yr,tabpfn_v3,0.15121951219512195,0.7045454545454546
os_3yr,tabpfn_v3,0.15121951219512195,0.7209302325581395
os_3yr,tabpfn_v3,0.15121951219512195,0.7380952380952381
os_3yr,tabpfn_v3,0.14634146341463414,0.7317073170731707
os_3yr,tabpfn_v3,0.14146341463414633,0.725
os_3yr,tabpfn_v3,0.13658536585365855,0.717948717948718
os_3yr,tabpfn_v3,0.13658536585365855,0.7368421052631579
os_3yr,tabpfn_v3,0.13658536585365855,0.7567567567567568
os_3yr,tabpfn_v3,0.13170731707317074,0.75
os_3yr,tabpfn_v3,0.12682926829268293,0.7428571428571429
os_3yr,tabpfn_v3,0.12682926829268293,0.7647058823529411
os_3yr,tabpfn_v3,0.12195121951219512,0.7575757575757576
os_3yr,tabpfn_v3,0.12195121951219512,0.78125
os_3yr,tabpfn_v3,0.12195121951219512,0.8064516129032258
os_3yr,tabpfn_v3,0.12195121951219512,0.8333333333333334
os_3yr,tabpfn_v3,0.11707317073170732,0.8275862068965517
os_3yr,tabpfn_v3,0.11219512195121951,0.8214285714285714
os_3yr,tabpfn_v3,0.1073170731707317,0.8148148148148148
os_3yr,tabpfn_v3,0.1073170731707317,0.8461538461538461
os_3yr,tabpfn_v3,0.1024390243902439,0.84
os_3yr,tabpfn_v3,0.0975609756097561,0.8333333333333334
os_3yr,tabpfn_v3,0.09268292682926829,0.8260869565217391
os_3yr,tabpfn_v3,0.08780487804878048,0.8181818181818182
os_3yr,tabpfn_v3,0.08292682926829269,0.8095238095238095
os_3yr,tabpfn_v3,0.07804878048780488,0.8
os_3yr,tabpfn_v3,0.07317073170731707,0.7894736842105263
os_3yr,tabpfn_v3,0.06829268292682927,0.7777777777777778
os_3yr,tabpfn_v3,0.06829268292682927,0.8235294117647058
os_3yr,tabpfn_v3,0.06341463414634146,0.8125
os_3yr,tabpfn_v3,0.05853658536585366,0.8
os_3yr,tabpfn_v3,0.05365853658536585,0.7857142857142857
os_3yr,tabpfn_v3,0.04878048780487805,0.7692307692307693
os_3yr,tabpfn_v3,0.04390243902439024,0.75
os_3yr,tabpfn_v3,0.04390243902439024,0.8181818181818182
os_3yr,tabpfn_v3,0.03902439024390244,0.8
os_3yr,tabpfn_v3,0.03414634146341464,0.7777777777777778
os_3yr,tabpfn_v3,0.02926829268292683,0.75
os_3yr,tabpfn_v3,0.02926829268292683,0.8571428571428571
os_3yr,tabpfn_v3,0.024390243902439025,0.8333333333333334
os_3yr,tabpfn_v3,0.01951219512195122,0.8
os_3yr,tabpfn_v3,0.014634146341463415,0.75
os_3yr,tabpfn_v3,0.00975609756097561,0.6666666666666666
os_3yr,tabpfn_v3,0.004878048780487805,0.5
os_3yr,tabpfn_v3,0.004878048780487805,1.0
os_3yr,tabpfn_v3,0.0,1.0
os_5yr,tabfm_default,1.0,0.6175637393767706
os_5yr,tabfm_default,1.0,0.6193181818181818
os_5yr,tabfm_default,0.9954128440366973,0.62
os_5yr,tabfm_default,0.9954128440366973,0.6217765042979942
os_5yr,tabfm_default,0.9908256880733946,0.6260869565217392
os_5yr,tabfm_default,0.9908256880733946,0.6297376093294461
os_5yr,tabfm_default,0.9862385321100917,0.6286549707602339
os_5yr,tabfm_default,0.981651376146789,0.6294117647058823
os_5yr,tabfm_default,0.9770642201834863,0.6320474777448071
os_5yr,tabfm_default,0.9770642201834863,0.6358208955223881
os_5yr,tabfm_default,0.9724770642201835,0.6404833836858006
os_5yr,tabfm_default,0.9724770642201835,0.6424242424242425
os_5yr,tabfm_default,0.9678899082568807,0.6512345679012346
os_5yr,tabfm_default,0.963302752293578,0.6501547987616099
os_5yr,tabfm_default,0.963302752293578,0.65625
os_5yr,tabfm_default,0.9403669724770642,0.6612903225806451
os_5yr,tabfm_default,0.9357798165137615,0.6601941747572816
os_5yr,tabfm_default,0.9311926605504587,0.66996699669967
os_5yr,tabfm_default,0.9311926605504587,0.6721854304635762
os_5yr,tabfm_default,0.9311926605504587,0.6835016835016835
os_5yr,tabfm_default,0.9174311926605505,0.6944444444444444
os_5yr,tabfm_default,0.9036697247706422,0.7060931899641577
os_5yr,tabfm_default,0.8944954128440367,0.7090909090909091
os_5yr,tabfm_default,0.8853211009174312,0.7201492537313433
os_5yr,tabfm_default,0.8853211009174312,0.7228464419475655
os_5yr,tabfm_default,0.8807339449541285,0.7218045112781954
os_5yr,tabfm_default,0.8807339449541285,0.732824427480916
os_5yr,tabfm_default,0.8761467889908257,0.7318007662835249
os_5yr,tabfm_default,0.8669724770642202,0.7297297297297297
os_5yr,tabfm_default,0.8623853211009175,0.7315175097276264
os_5yr,tabfm_default,0.8577981651376146,0.73046875
os_5yr,tabfm_default,0.8577981651376146,0.7333333333333333
os_5yr,tabfm_default,0.8577981651376146,0.7362204724409449
os_5yr,tabfm_default,0.8577981651376146,0.7420634920634921
os_5yr,tabfm_default,0.8577981651376146,0.7450199203187251
os_5yr,tabfm_default,0.8577981651376146,0.748
os_5yr,tabfm_default,0.8577981651376146,0.751004016064257
os_5yr,tabfm_default,0.8577981651376146,0.7540322580645161
os_5yr,tabfm_default,0.8532110091743119,0.7530364372469636
os_5yr,tabfm_default,0.8486238532110092,0.7520325203252033
os_5yr,tabfm_default,0.8486238532110092,0.7551020408163265
os_5yr,tabfm_default,0.8440366972477065,0.7540983606557377
os_5yr,tabfm_default,0.8394495412844036,0.7530864197530864
os_5yr,tabfm_default,0.8348623853211009,0.7520661157024794
os_5yr,tabfm_default,0.8302752293577982,0.7510373443983402
os_5yr,tabfm_default,0.8256880733944955,0.75
os_5yr,tabfm_default,0.8211009174311926,0.7489539748953975
os_5yr,tabfm_default,0.8211009174311926,0.7521008403361344
os_5yr,tabfm_default,0.8119266055045872,0.75
os_5yr,tabfm_default,0.8073394495412844,0.7489361702127659
os_5yr,tabfm_default,0.8027522935779816,0.7478632478632479
os_5yr,tabfm_default,0.8027522935779816,0.7510729613733905
os_5yr,tabfm_default,0.8027522935779816,0.7543103448275862
os_5yr,tabfm_default,0.7935779816513762,0.7521739130434782
os_5yr,tabfm_default,0.7844036697247706,0.75
os_5yr,tabfm_default,0.7798165137614679,0.748898678414097
os_5yr,tabfm_default,0.7798165137614679,0.7522123893805309
os_5yr,tabfm_default,0.7752293577981652,0.7511111111111111
os_5yr,tabfm_default,0.7752293577981652,0.757847533632287
os_5yr,tabfm_default,0.7752293577981652,0.7612612612612613
os_5yr,tabfm_default,0.7706422018348624,0.7636363636363637
os_5yr,tabfm_default,0.7660550458715596,0.7625570776255708
os_5yr,tabfm_default,0.7568807339449541,0.7603686635944701
os_5yr,tabfm_default,0.7568807339449541,0.7638888888888888
os_5yr,tabfm_default,0.7522935779816514,0.7627906976744186
os_5yr,tabfm_default,0.7477064220183486,0.7616822429906542
os_5yr,tabfm_default,0.7431192660550459,0.7641509433962265
os_5yr,tabfm_default,0.7339449541284404,0.7655502392344498
os_5yr,tabfm_default,0.7293577981651376,0.7644230769230769
os_5yr,tabfm_default,0.7247706422018348,0.7632850241545893
os_5yr,tabfm_default,0.7155963302752294,0.7684729064039408
os_5yr,tabfm_default,0.7064220183486238,0.7777777777777778
os_5yr,tabfm_default,0.6880733944954128,0.78125
os_5yr,tabfm_default,0.6651376146788991,0.7754010695187166
os_5yr,tabfm_default,0.6376146788990825,0.776536312849162
os_5yr,tabfm_default,0.6330275229357798,0.7796610169491526
os_5yr,tabfm_default,0.6284403669724771,0.7873563218390804
os_5yr,tabfm_default,0.6192660550458715,0.8035714285714286
os_5yr,tabfm_default,0.6146788990825688,0.8023952095808383
os_5yr,tabfm_default,0.6100917431192661,0.8012048192771084
os_5yr,tabfm_default,0.6009174311926605,0.7987804878048781
os_5yr,tabfm_default,0.591743119266055,0.8012422360248447
os_5yr,tabfm_default,0.5825688073394495,0.8037974683544303
os_5yr,tabfm_default,0.5825688073394495,0.8089171974522293
os_5yr,tabfm_default,0.5779816513761468,0.8076923076923077
os_5yr,tabfm_default,0.573394495412844,0.8064516129032258
os_5yr,tabfm_default,0.5688073394495413,0.8051948051948052
os_5yr,tabfm_default,0.5642201834862385,0.803921568627451
os_5yr,tabfm_default,0.5596330275229358,0.8079470198675497
os_5yr,tabfm_default,0.555045871559633,0.8066666666666666
os_5yr,tabfm_default,0.5458715596330275,0.815068493150685
os_5yr,tabfm_default,0.5412844036697247,0.8137931034482758
os_5yr,tabfm_default,0.536697247706422,0.8181818181818182
os_5yr,tabfm_default,0.518348623853211,0.8129496402877698
os_5yr,tabfm_default,0.518348623853211,0.8188405797101449
os_5yr,tabfm_default,0.5137614678899083,0.8175182481751825
os_5yr,tabfm_default,0.5091743119266054,0.8161764705882353
os_5yr,tabfm_default,0.5,0.8134328358208955
os_5yr,tabfm_default,0.4954128440366973,0.8120300751879699
os_5yr,tabfm_default,0.4908256880733945,0.8106060606060606
os_5yr,tabfm_default,0.45871559633027525,0.8064516129032258
os_5yr,tabfm_default,0.44954128440366975,0.8099173553719008
os_5yr,tabfm_default,0.44495412844036697,0.8083333333333333
os_5yr,tabfm_default,0.42201834862385323,0.8
os_5yr,tabfm_default,0.41284403669724773,0.7964601769911505
os_5yr,tabfm_default,0.39908256880733944,0.7981651376146789
os_5yr,tabfm_default,0.39908256880733944,0.8130841121495327
os_5yr,tabfm_default,0.3853211009174312,0.8076923076923077
os_5yr,tabfm_default,0.3761467889908257,0.803921568627451
os_5yr,tabfm_default,0.3669724770642202,0.8
os_5yr,tabfm_default,0.3577981651376147,0.7959183673469388
os_5yr,tabfm_default,0.3440366972477064,0.7894736842105263
os_5yr,tabfm_default,0.3394495412844037,0.7872340425531915
os_5yr,tabfm_default,0.3256880733944954,0.7802197802197802
os_5yr,tabfm_default,0.3165137614678899,0.7752808988764045
os_5yr,tabfm_default,0.3165137614678899,0.7840909090909091
os_5yr,tabfm_default,0.3073394495412844,0.7790697674418605
os_5yr,tabfm_default,0.30275229357798167,0.7764705882352941
os_5yr,tabfm_default,0.2798165137614679,0.7721518987341772
os_5yr,tabfm_default,0.26605504587155965,0.7837837837837838
os_5yr,tabfm_default,0.25229357798165136,0.7746478873239436
os_5yr,tabfm_default,0.24770642201834864,0.8059701492537313
os_5yr,tabfm_default,0.23853211009174313,0.8
os_5yr,tabfm_default,0.22477064220183487,0.7903225806451613
os_5yr,tabfm_default,0.22018348623853212,0.8275862068965517
os_5yr,tabfm_default,0.21559633027522937,0.8392857142857143
os_5yr,tabfm_default,0.21100917431192662,0.8518518518518519
os_5yr,tabfm_default,0.20642201834862386,0.8490566037735849
os_5yr,tabfm_default,0.2018348623853211,0.8461538461538461
os_5yr,tabfm_default,0.19724770642201836,0.8431372549019608
os_5yr,tabfm_default,0.1926605504587156,0.84
os_5yr,tabfm_default,0.18807339449541285,0.8367346938775511
os_5yr,tabfm_default,0.1834862385321101,0.8333333333333334
os_5yr,tabfm_default,0.17889908256880735,0.8297872340425532
os_5yr,tabfm_default,0.1651376146788991,0.8181818181818182
os_5yr,tabfm_default,0.16055045871559634,0.813953488372093
os_5yr,tabfm_default,0.13302752293577982,0.7837837837837838
os_5yr,tabfm_default,0.12385321100917432,0.7941176470588235
os_5yr,tabfm_default,0.11926605504587157,0.8125
os_5yr,tabfm_default,0.11926605504587157,0.8387096774193549
os_5yr,tabfm_default,0.11467889908256881,0.8333333333333334
os_5yr,tabfm_default,0.11009174311926606,0.8275862068965517
os_5yr,tabfm_default,0.10550458715596331,0.8214285714285714
os_5yr,tabfm_default,0.10091743119266056,0.8148148148148148
os_5yr,tabfm_default,0.10091743119266056,0.8461538461538461
os_5yr,tabfm_default,0.0963302752293578,0.84
os_5yr,tabfm_default,0.09174311926605505,0.8333333333333334
os_5yr,tabfm_default,0.0871559633027523,0.8260869565217391
os_5yr,tabfm_default,0.0779816513761468,0.8095238095238095
os_5yr,tabfm_default,0.07339449541284404,0.8
os_5yr,tabfm_default,0.07339449541284404,0.8421052631578947
os_5yr,tabfm_default,0.07339449541284404,0.8888888888888888
os_5yr,tabfm_default,0.06880733944954129,0.8823529411764706
os_5yr,tabfm_default,0.06422018348623854,0.875
os_5yr,tabfm_default,0.06422018348623854,0.9333333333333333
os_5yr,tabfm_default,0.05504587155963303,1.0
os_5yr,tabfm_default,0.05045871559633028,1.0
os_5yr,tabfm_default,0.03211009174311927,1.0
os_5yr,tabfm_default,0.027522935779816515,1.0
os_5yr,tabfm_default,0.022935779816513763,1.0
os_5yr,tabfm_default,0.0,1.0
os_5yr,tabpfn_v2,1.0,0.6175637393767706
os_5yr,tabpfn_v2,1.0,0.6193181818181818
os_5yr,tabpfn_v2,0.9954128440366973,0.6182336182336182
os_5yr,tabpfn_v2,0.9908256880733946,0.6171428571428571
os_5yr,tabpfn_v2,0.9908256880733946,0.6189111747851003
os_5yr,tabpfn_v2,0.9908256880733946,0.6206896551724138
os_5yr,tabpfn_v2,0.9908256880733946,0.622478386167147
os_5yr,tabpfn_v2,0.9908256880733946,0.6242774566473989
os_5yr,tabpfn_v2,0.9908256880733946,0.6260869565217392
os_5yr,tabpfn_v2,0.9862385321100917,0.625
os_5yr,tabpfn_v2,0.9862385321100917,0.6268221574344023
os_5yr,tabpfn_v2,0.9862385321100917,0.6286549707602339
os_5yr,tabpfn_v2,0.981651376146789,0.6275659824046921
os_5yr,tabpfn_v2,0.981651376146789,0.6294117647058823
os_5yr,tabpfn_v2,0.9770642201834863,0.6283185840707964
os_5yr,tabpfn_v2,0.9724770642201835,0.6272189349112426
os_5yr,tabpfn_v2,0.9724770642201835,0.629080118694362
os_5yr,tabpfn_v2,0.9724770642201835,0.6309523809523809
os_5yr,tabpfn_v2,0.9724770642201835,0.6328358208955224
os_5yr,tabpfn_v2,0.9678899082568807,0.6317365269461078
os_5yr,tabpfn_v2,0.963302752293578,0.6306306306306306
os_5yr,tabpfn_v2,0.963302752293578,0.6325301204819277
os_5yr,tabpfn_v2,0.963302752293578,0.6344410876132931
os_5yr,tabpfn_v2,0.963302752293578,0.6363636363636364
os_5yr,tabpfn_v2,0.963302752293578,0.6382978723404256
os_5yr,tabpfn_v2,0.963302752293578,0.6402439024390244
os_5yr,tabpfn_v2,0.963302752293578,0.6441717791411042
os_5yr,tabpfn_v2,0.963302752293578,0.6461538461538462
os_5yr,tabpfn_v2,0.9587155963302753,0.6470588235294118
os_5yr,tabpfn_v2,0.9587155963302753,0.6490683229813664
os_5yr,tabpfn_v2,0.9587155963302753,0.653125
os_5yr,tabpfn_v2,0.9587155963302753,0.6572327044025157
os_5yr,tabpfn_v2,0.9541284403669725,0.6561514195583596
os_5yr,tabpfn_v2,0.9541284403669725,0.6582278481012658
os_5yr,tabpfn_v2,0.9541284403669725,0.6603174603174603
os_5yr,tabpfn_v2,0.9495412844036697,0.6592356687898089
os_5yr,tabpfn_v2,0.9495412844036697,0.6613418530351438
os_5yr,tabpfn_v2,0.9495412844036697,0.6634615384615384
os_5yr,tabpfn_v2,0.9495412844036697,0.6655948553054662
os_5yr,tabpfn_v2,0.944954128440367,0.6666666666666666
os_5yr,tabpfn_v2,0.9403669724770642,0.6655844155844156
os_5yr,tabpfn_v2,0.9403669724770642,0.6677524429967426
os_5yr,tabpfn_v2,0.9357798165137615,0.6666666666666666
os_5yr,tabpfn_v2,0.9357798165137615,0.6732673267326733
os_5yr,tabpfn_v2,0.9357798165137615,0.6754966887417219
os_5yr,tabpfn_v2,0.9311926605504587,0.6744186046511628
os_5yr,tabpfn_v2,0.9311926605504587,0.6766666666666666
os_5yr,tabpfn_v2,0.9311926605504587,0.6789297658862876
os_5yr,tabpfn_v2,0.926605504587156,0.6778523489932886
os_5yr,tabpfn_v2,0.926605504587156,0.6801346801346801
os_5yr,tabpfn_v2,0.926605504587156,0.6824324324324325
os_5yr,tabpfn_v2,0.926605504587156,0.6847457627118644
os_5yr,tabpfn_v2,0.926605504587156,0.689419795221843
os_5yr,tabpfn_v2,0.9220183486238532,0.6883561643835616
os_5yr,tabpfn_v2,0.9220183486238532,0.6907216494845361
os_5yr,tabpfn_v2,0.9174311926605505,0.6920415224913494
os_5yr,tabpfn_v2,0.9174311926605505,0.6993006993006993
os_5yr,tabpfn_v2,0.9128440366972477,0.7007042253521126
os_5yr,tabpfn_v2,0.908256880733945,0.7021276595744681
os_5yr,tabpfn_v2,0.908256880733945,0.7046263345195729
os_5yr,tabpfn_v2,0.908256880733945,0.7071428571428572
os_5yr,tabpfn_v2,0.908256880733945,0.7096774193548387
os_5yr,tabpfn_v2,0.908256880733945,0.7122302158273381
os_5yr,tabpfn_v2,0.908256880733945,0.7148014440433214
os_5yr,tabpfn_v2,0.908256880733945,0.717391304347826
os_5yr,tabpfn_v2,0.9036697247706422,0.718978102189781
os_5yr,tabpfn_v2,0.8990825688073395,0.717948717948718
os_5yr,tabpfn_v2,0.8990825688073395,0.7232472324723247
os_5yr,tabpfn_v2,0.8944954128440367,0.7222222222222222
os_5yr,tabpfn_v2,0.8944954128440367,0.724907063197026
os_5yr,tabpfn_v2,0.8899082568807339,0.7238805970149254
os_5yr,tabpfn_v2,0.8899082568807339,0.7265917602996255
os_5yr,tabpfn_v2,0.8853211009174312,0.7255639097744361
os_5yr,tabpfn_v2,0.8853211009174312,0.7283018867924528
os_5yr,tabpfn_v2,0.8853211009174312,0.7310606060606061
os_5yr,tabpfn_v2,0.8853211009174312,0.7338403041825095
os_5yr,tabpfn_v2,0.8853211009174312,0.7366412213740458
os_5yr,tabpfn_v2,0.8807339449541285,0.735632183908046
os_5yr,tabpfn_v2,0.8807339449541285,0.7384615384615385
os_5yr,tabpfn_v2,0.8761467889908257,0.7374517374517374
os_5yr,tabpfn_v2,0.8761467889908257,0.7403100775193798
os_5yr,tabpfn_v2,0.8715596330275229,0.7392996108949417
os_5yr,tabpfn_v2,0.8715596330275229,0.7421875
os_5yr,tabpfn_v2,0.8715596330275229,0.7450980392156863
os_5yr,tabpfn_v2,0.8715596330275229,0.7480314960629921
os_5yr,tabpfn_v2,0.8669724770642202,0.7470355731225297
os_5yr,tabpfn_v2,0.8623853211009175,0.746031746031746
os_5yr,tabpfn_v2,0.8623853211009175,0.749003984063745
os_5yr,tabpfn_v2,0.8577981651376146,0.748
os_5yr,tabpfn_v2,0.8577981651376146,0.751004016064257
os_5yr,tabpfn_v2,0.8532110091743119,0.75
os_5yr,tabpfn_v2,0.8486238532110092,0.7489878542510121
os_5yr,tabpfn_v2,0.8440366972477065,0.7479674796747967
os_5yr,tabpfn_v2,0.8394495412844036,0.746938775510204
os_5yr,tabpfn_v2,0.8348623853211009,0.7459016393442623
os_5yr,tabpfn_v2,0.8302752293577982,0.7448559670781894
os_5yr,tabpfn_v2,0.8256880733944955,0.743801652892562
os_5yr,tabpfn_v2,0.8211009174311926,0.7427385892116183
os_5yr,tabpfn_v2,0.8165137614678899,0.7416666666666667
os_5yr,tabpfn_v2,0.8119266055045872,0.7405857740585774
os_5yr,tabpfn_v2,0.8073394495412844,0.7394957983193278
os_5yr,tabpfn_v2,0.8027522935779816,0.7383966244725738
os_5yr,tabpfn_v2,0.8027522935779816,0.7415254237288136
os_5yr,tabpfn_v2,0.8027522935779816,0.7446808510638298
os_5yr,tabpfn_v2,0.7981651376146789,0.7435897435897436
os_5yr,tabpfn_v2,0.7935779816513762,0.7424892703862661
os_5yr,tabpfn_v2,0.7935779816513762,0.7456896551724138
os_5yr,tabpfn_v2,0.7935779816513762,0.7489177489177489
os_5yr,tabpfn_v2,0.7935779816513762,0.7521739130434782
os_5yr,tabpfn_v2,0.7889908256880734,0.7510917030567685
os_5yr,tabpfn_v2,0.7889908256880734,0.7543859649122807
os_5yr,tabpfn_v2,0.7889908256880734,0.7577092511013216
os_5yr,tabpfn_v2,0.7889908256880734,0.7610619469026548
os_5yr,tabpfn_v2,0.7889908256880734,0.7644444444444445
os_5yr,tabpfn_v2,0.7889908256880734,0.7678571428571429
os_5yr,tabpfn_v2,0.7844036697247706,0.7668161434977578
os_5yr,tabpfn_v2,0.7798165137614679,0.7657657657657657
os_5yr,tabpfn_v2,0.7752293577981652,0.7647058823529411
os_5yr,tabpfn_v2,0.7706422018348624,0.7636363636363637
os_5yr,tabpfn_v2,0.7660550458715596,0.7625570776255708
os_5yr,tabpfn_v2,0.7568807339449541,0.7638888888888888
os_5yr,tabpfn_v2,0.7522935779816514,0.7627906976744186
os_5yr,tabpfn_v2,0.7522935779816514,0.7663551401869159
os_5yr,tabpfn_v2,0.7477064220183486,0.7652582159624414
os_5yr,tabpfn_v2,0.7431192660550459,0.7641509433962265
os_5yr,tabpfn_v2,0.7385321100917431,0.7630331753554502
os_5yr,tabpfn_v2,0.7339449541284404,0.7619047619047619
os_5yr,tabpfn_v2,0.7293577981651376,0.7607655502392344
os_5yr,tabpfn_v2,0.7293577981651376,0.7644230769230769
os_5yr,tabpfn_v2,0.7247706422018348,0.7632850241545893
os_5yr,tabpfn_v2,0.7247706422018348,0.7669902912621359
os_5yr,tabpfn_v2,0.7247706422018348,0.7707317073170732
os_5yr,tabpfn_v2,0.7201834862385321,0.7696078431372549
os_5yr,tabpfn_v2,0.7155963302752294,0.7684729064039408
os_5yr,tabpfn_v2,0.7110091743119266,0.7673267326732673
os_5yr,tabpfn_v2,0.7064220183486238,0.7661691542288557
os_5yr,tabpfn_v2,0.7018348623853211,0.765
os_5yr,tabpfn_v2,0.6972477064220184,0.7638190954773869
os_5yr,tabpfn_v2,0.6972477064220184,0.7676767676767676
os_5yr,tabpfn_v2,0.6972477064220184,0.7715736040609137
os_5yr,tabpfn_v2,0.6972477064220184,0.7755102040816326
os_5yr,tabpfn_v2,0.6926605504587156,0.7743589743589744
os_5yr,tabpfn_v2,0.6880733944954128,0.7731958762886598
os_5yr,tabpfn_v2,0.6880733944954128,0.78125
os_5yr,tabpfn_v2,0.6880733944954128,0.7853403141361257
os_5yr,tabpfn_v2,0.6834862385321101,0.7883597883597884
os_5yr,tabpfn_v2,0.6834862385321101,0.7925531914893617
os_5yr,tabpfn_v2,0.6743119266055045,0.7903225806451613
os_5yr,tabpfn_v2,0.6651376146788991,0.7923497267759563
os_5yr,tabpfn_v2,0.6559633027522935,0.7900552486187845
os_5yr,tabpfn_v2,0.6513761467889908,0.7888888888888889
os_5yr,tabpfn_v2,0.6513761467889908,0.797752808988764
os_5yr,tabpfn_v2,0.6513761467889908,0.8022598870056498
os_5yr,tabpfn_v2,0.6467889908256881,0.8011363636363636
os_5yr,tabpfn_v2,0.6376146788990825,0.7988505747126436
os_5yr,tabpfn_v2,0.6284403669724771,0.7965116279069767
os_5yr,tabpfn_v2,0.6238532110091743,0.7953216374269005
os_5yr,tabpfn_v2,0.6238532110091743,0.8047337278106509
os_5yr,tabpfn_v2,0.6192660550458715,0.8035714285714286
os_5yr,tabpfn_v2,0.6146788990825688,0.8023952095808383
os_5yr,tabpfn_v2,0.6100917431192661,0.8012048192771084
os_5yr,tabpfn_v2,0.6100917431192661,0.806060606060606
os_5yr,tabpfn_v2,0.6055045871559633,0.8048780487804879
os_5yr,tabpfn_v2,0.6009174311926605,0.803680981595092
os_5yr,tabpfn_v2,0.591743119266055,0.8012422360248447
os_5yr,tabpfn_v2,0.5871559633027523,0.8
os_5yr,tabpfn_v2,0.5871559633027523,0.8050314465408805
os_5yr,tabpfn_v2,0.5825688073394495,0.8037974683544303
os_5yr,tabpfn_v2,0.5779816513761468,0.802547770700637
os_5yr,tabpfn_v2,0.573394495412844,0.8012820512820513
os_5yr,tabpfn_v2,0.5688073394495413,0.8
os_5yr,tabpfn_v2,0.5688073394495413,0.8051948051948052
os_5yr,tabpfn_v2,0.5642201834862385,0.803921568627451
os_5yr,tabpfn_v2,0.5596330275229358,0.8026315789473685
os_5yr,tabpfn_v2,0.555045871559633,0.8013245033112583
os_5yr,tabpfn_v2,0.5504587155963303,0.8
os_5yr,tabpfn_v2,0.5458715596330275,0.7986577181208053
os_5yr,tabpfn_v2,0.5458715596330275,0.8040540540540541
os_5yr,tabpfn_v2,0.5412844036697247,0.8027210884353742
os_5yr,tabpfn_v2,0.5321100917431193,0.8
os_5yr,tabpfn_v2,0.5275229357798165,0.7986111111111112
os_5yr,tabpfn_v2,0.5229357798165137,0.7972027972027972
os_5yr,tabpfn_v2,0.5229357798165137,0.8028169014084507
os_5yr,tabpfn_v2,0.518348623853211,0.8014184397163121
os_5yr,tabpfn_v2,0.5137614678899083,0.8
os_5yr,tabpfn_v2,0.5091743119266054,0.7985611510791367
os_5yr,tabpfn_v2,0.5091743119266054,0.8043478260869565
os_5yr,tabpfn_v2,0.5045871559633027,0.8029197080291971
os_5yr,tabpfn_v2,0.5,0.8014705882352942
os_5yr,tabpfn_v2,0.4954128440366973,0.8
os_5yr,tabpfn_v2,0.4908256880733945,0.7985074626865671
os_5yr,tabpfn_v2,0.48623853211009177,0.7969924812030075
os_5yr,tabpfn_v2,0.481651376146789,0.7954545454545454
os_5yr,tabpfn_v2,0.481651376146789,0.8015267175572519
os_5yr,tabpfn_v2,0.47706422018348627,0.8
os_5yr,tabpfn_v2,0.4724770642201835,0.7984496124031008
os_5yr,tabpfn_v2,0.46788990825688076,0.8031496062992126
os_5yr,tabpfn_v2,0.463302752293578,0.8015873015873016
os_5yr,tabpfn_v2,0.45871559633027525,0.8
os_5yr,tabpfn_v2,0.4541284403669725,0.7983870967741935
os_5yr,tabpfn_v2,0.44495412844036697,0.7950819672131147
os_5yr,tabpfn_v2,0.44036697247706424,0.7933884297520661
os_5yr,tabpfn_v2,0.44036697247706424,0.8
os_5yr,tabpfn_v2,0.43119266055045874,0.7966101694915254
os_5yr,tabpfn_v2,0.42660550458715596,0.7948717948717948
os_5yr,tabpfn_v2,0.42201834862385323,0.8
os_5yr,tabpfn_v2,0.41743119266055045,0.7982456140350878
os_5yr,tabpfn_v2,0.41284403669724773,0.7964601769911505
os_5yr,tabpfn_v2,0.39908256880733944,0.7909090909090909
os_5yr,tabpfn_v2,0.3944954128440367,0.7889908256880734
os_5yr,tabpfn_v2,0.3853211009174312,0.7850467289719626
os_5yr,tabpfn_v2,0.38073394495412843,0.7830188679245284
os_5yr,tabpfn_v2,0.38073394495412843,0.7904761904761904
os_5yr,tabpfn_v2,0.3761467889908257,0.7884615384615384
os_5yr,tabpfn_v2,0.37155963302752293,0.7864077669902912
os_5yr,tabpfn_v2,0.3669724770642202,0.7843137254901961
os_5yr,tabpfn_v2,0.3623853211009174,0.7821782178217822
os_5yr,tabpfn_v2,0.3577981651376147,0.78
os_5yr,tabpfn_v2,0.3532110091743119,0.7777777777777778
os_5yr,tabpfn_v2,0.3486238532110092,0.7835051546391752
os_5yr,tabpfn_v2,0.3440366972477064,0.78125
os_5yr,tabpfn_v2,0.3394495412844037,0.7789473684210526
os_5yr,tabpfn_v2,0.3302752293577982,0.7741935483870968
os_5yr,tabpfn_v2,0.3302752293577982,0.782608695652174
os_5yr,tabpfn_v2,0.3302752293577982,0.7912087912087912
os_5yr,tabpfn_v2,0.3302752293577982,0.8
os_5yr,tabpfn_v2,0.3256880733944954,0.797752808988764
os_5yr,tabpfn_v2,0.3256880733944954,0.8068181818181818
os_5yr,tabpfn_v2,0.3165137614678899,0.8023255813953488
os_5yr,tabpfn_v2,0.3119266055045872,0.8
os_5yr,tabpfn_v2,0.3073394495412844,0.7976190476190477
os_5yr,tabpfn_v2,0.30275229357798167,0.7951807228915663
os_5yr,tabpfn_v2,0.2981651376146789,0.7926829268292683
os_5yr,tabpfn_v2,0.2981651376146789,0.8024691358024691
os_5yr,tabpfn_v2,0.29357798165137616,0.8
os_5yr,tabpfn_v2,0.2889908256880734,0.7974683544303798
os_5yr,tabpfn_v2,0.2889908256880734,0.8076923076923077
os_5yr,tabpfn_v2,0.28440366972477066,0.8051948051948052
os_5yr,tabpfn_v2,0.2798165137614679,0.8026315789473685
os_5yr,tabpfn_v2,0.27522935779816515,0.8
os_5yr,tabpfn_v2,0.2706422018348624,0.7972972972972973
os_5yr,tabpfn_v2,0.26605504587155965,0.7945205479452054
os_5yr,tabpfn_v2,0.26146788990825687,0.7916666666666666
os_5yr,tabpfn_v2,0.25688073394495414,0.7887323943661971
os_5yr,tabpfn_v2,0.25688073394495414,0.8
os_5yr,tabpfn_v2,0.25229357798165136,0.7971014492753623
os_5yr,tabpfn_v2,0.25229357798165136,0.8088235294117647
os_5yr,tabpfn_v2,0.24770642201834864,0.8059701492537313
os_5yr,tabpfn_v2,0.24311926605504589,0.803030303030303
os_5yr,tabpfn_v2,0.24311926605504589,0.8153846153846154
os_5yr,tabpfn_v2,0.24311926605504589,0.828125
os_5yr,tabpfn_v2,0.24311926605504589,0.8412698412698413
os_5yr,tabpfn_v2,0.23853211009174313,0.8387096774193549
os_5yr,tabpfn_v2,0.23853211009174313,0.8524590163934426
os_5yr,tabpfn_v2,0.23394495412844038,0.85
os_5yr,tabpfn_v2,0.22935779816513763,0.847457627118644
os_5yr,tabpfn_v2,0.22477064220183487,0.8448275862068966
os_5yr,tabpfn_v2,0.22018348623853212,0.8571428571428571
os_5yr,tabpfn_v2,0.22018348623853212,0.8727272727272727
os_5yr,tabpfn_v2,0.21559633027522937,0.8867924528301887
os_5yr,tabpfn_v2,0.21100917431192662,0.8846153846153846
os_5yr,tabpfn_v2,0.20642201834862386,0.8823529411764706
os_5yr,tabpfn_v2,0.2018348623853211,0.88
os_5yr,tabpfn_v2,0.19724770642201836,0.8775510204081632
os_5yr,tabpfn_v2,0.1926605504587156,0.875
os_5yr,tabpfn_v2,0.18807339449541285,0.8913043478260869
os_5yr,tabpfn_v2,0.1834862385321101,0.8888888888888888
os_5yr,tabpfn_v2,0.17889908256880735,0.8863636363636364
os_5yr,tabpfn_v2,0.1743119266055046,0.8837209302325582
os_5yr,tabpfn_v2,0.16972477064220184,0.8809523809523809
os_5yr,tabpfn_v2,0.1651376146788991,0.8780487804878049
os_5yr,tabpfn_v2,0.16055045871559634,0.875
os_5yr,tabpfn_v2,0.13761467889908258,0.8571428571428571
os_5yr,tabpfn_v2,0.13302752293577982,0.8529411764705882
os_5yr,tabpfn_v2,0.12844036697247707,0.8484848484848485
os_5yr,tabpfn_v2,0.12385321100917432,0.84375
os_5yr,tabpfn_v2,0.11926605504587157,0.8387096774193549
os_5yr,tabpfn_v2,0.11467889908256881,0.8333333333333334
os_5yr,tabpfn_v2,0.11009174311926606,0.8275862068965517
os_5yr,tabpfn_v2,0.10550458715596331,0.8214285714285714
os_5yr,tabpfn_v2,0.10091743119266056,0.8148148148148148
os_5yr,tabpfn_v2,0.0963302752293578,0.8076923076923077
os_5yr,tabpfn_v2,0.0963302752293578,0.84
os_5yr,tabpfn_v2,0.0963302752293578,0.875
os_5yr,tabpfn_v2,0.09174311926605505,0.8695652173913043
os_5yr,tabpfn_v2,0.0871559633027523,0.8636363636363636
os_5yr,tabpfn_v2,0.08256880733944955,0.8571428571428571
os_5yr,tabpfn_v2,0.0779816513761468,0.85
os_5yr,tabpfn_v2,0.07339449541284404,0.8421052631578947
os_5yr,tabpfn_v2,0.07339449541284404,0.8888888888888888
os_5yr,tabpfn_v2,0.06880733944954129,0.8823529411764706
os_5yr,tabpfn_v2,0.05963302752293578,0.8666666666666667
os_5yr,tabpfn_v2,0.05963302752293578,0.9285714285714286
os_5yr,tabpfn_v2,0.05963302752293578,1.0
os_5yr,tabpfn_v2,0.05504587155963303,1.0
os_5yr,tabpfn_v2,0.03669724770642202,1.0
os_5yr,tabpfn_v2,0.03211009174311927,1.0
os_5yr,tabpfn_v2,0.027522935779816515,1.0
os_5yr,tabpfn_v2,0.022935779816513763,1.0
os_5yr,tabpfn_v2,0.0,1.0
os_5yr,tabpfn_v2_5,1.0,0.6175637393767706
os_5yr,tabpfn_v2_5,1.0,0.6193181818181818
os_5yr,tabpfn_v2_5,1.0,0.6210826210826211
os_5yr,tabpfn_v2_5,0.9954128440366973,0.62
os_5yr,tabpfn_v2_5,0.9908256880733946,0.6189111747851003
os_5yr,tabpfn_v2_5,0.9908256880733946,0.6206896551724138
os_5yr,tabpfn_v2_5,0.9908256880733946,0.622478386167147
os_5yr,tabpfn_v2_5,0.9862385321100917,0.6213872832369942
os_5yr,tabpfn_v2_5,0.9862385321100917,0.6231884057971014
os_5yr,tabpfn_v2_5,0.9862385321100917,0.625
os_5yr,tabpfn_v2_5,0.9862385321100917,0.6268221574344023
os_5yr,tabpfn_v2_5,0.9862385321100917,0.6286549707602339
os_5yr,tabpfn_v2_5,0.981651376146789,0.6275659824046921
os_5yr,tabpfn_v2_5,0.981651376146789,0.6294117647058823
os_5yr,tabpfn_v2_5,0.981651376146789,0.6312684365781711
os_5yr,tabpfn_v2_5,0.981651376146789,0.6350148367952523
os_5yr,tabpfn_v2_5,0.981651376146789,0.6369047619047619
os_5yr,tabpfn_v2_5,0.981651376146789,0.6388059701492538
os_5yr,tabpfn_v2_5,0.981651376146789,0.6407185628742516
os_5yr,tabpfn_v2_5,0.9770642201834863,0.6396396396396397
os_5yr,tabpfn_v2_5,0.9770642201834863,0.641566265060241
os_5yr,tabpfn_v2_5,0.9770642201834863,0.6435045317220544
os_5yr,tabpfn_v2_5,0.9724770642201835,0.6424242424242425
os_5yr,tabpfn_v2_5,0.9678899082568807,0.6413373860182371
os_5yr,tabpfn_v2_5,0.9678899082568807,0.6432926829268293
os_5yr,tabpfn_v2_5,0.9678899082568807,0.6452599388379205
os_5yr,tabpfn_v2_5,0.9678899082568807,0.647239263803681
os_5yr,tabpfn_v2_5,0.9678899082568807,0.6492307692307693
os_5yr,tabpfn_v2_5,0.963302752293578,0.6501547987616099
os_5yr,tabpfn_v2_5,0.963302752293578,0.6521739130434783
os_5yr,tabpfn_v2_5,0.963302752293578,0.6542056074766355
os_5yr,tabpfn_v2_5,0.963302752293578,0.65625
os_5yr,tabpfn_v2_5,0.963302752293578,0.658307210031348
os_5yr,tabpfn_v2_5,0.963302752293578,0.660377358490566
os_5yr,tabpfn_v2_5,0.963302752293578,0.6645569620253164
os_5yr,tabpfn_v2_5,0.963302752293578,0.6666666666666666
os_5yr,tabpfn_v2_5,0.963302752293578,0.6687898089171974
os_5yr,tabpfn_v2_5,0.9587155963302753,0.6677316293929713
os_5yr,tabpfn_v2_5,0.9587155963302753,0.6698717948717948
os_5yr,tabpfn_v2_5,0.9541284403669725,0.6688102893890675
os_5yr,tabpfn_v2_5,0.9495412844036697,0.667741935483871
os_5yr,tabpfn_v2_5,0.9495412844036697,0.6699029126213593
os_5yr,tabpfn_v2_5,0.9495412844036697,0.672077922077922
os_5yr,tabpfn_v2_5,0.9495412844036697,0.6742671009771987
os_5yr,tabpfn_v2_5,0.944954128440367,0.673202614379085
os_5yr,tabpfn_v2_5,0.9403669724770642,0.6721311475409836
os_5yr,tabpfn_v2_5,0.9357798165137615,0.6710526315789473
os_5yr,tabpfn_v2_5,0.9311926605504587,0.66996699669967
os_5yr,tabpfn_v2_5,0.9311926605504587,0.6721854304635762
os_5yr,tabpfn_v2_5,0.9311926605504587,0.6744186046511628
os_5yr,tabpfn_v2_5,0.9311926605504587,0.6766666666666666
os_5yr,tabpfn_v2_5,0.9311926605504587,0.6789297658862876
os_5yr,tabpfn_v2_5,0.9311926605504587,0.6812080536912751
os_5yr,tabpfn_v2_5,0.9311926605504587,0.6835016835016835
os_5yr,tabpfn_v2_5,0.9311926605504587,0.6858108108108109
os_5yr,tabpfn_v2_5,0.9311926605504587,0.688135593220339
os_5yr,tabpfn_v2_5,0.9311926605504587,0.6904761904761905
os_5yr,tabpfn_v2_5,0.9311926605504587,0.6928327645051194
os_5yr,tabpfn_v2_5,0.9311926605504587,0.6952054794520548
os_5yr,tabpfn_v2_5,0.926605504587156,0.6941580756013745
os_5yr,tabpfn_v2_5,0.9220183486238532,0.6955017301038062
os_5yr,tabpfn_v2_5,0.9220183486238532,0.6979166666666666
os_5yr,tabpfn_v2_5,0.9174311926605505,0.6968641114982579
os_5yr,tabpfn_v2_5,0.9174311926605505,0.6993006993006993
os_5yr,tabpfn_v2_5,0.9174311926605505,0.704225352112676
os_5yr,tabpfn_v2_5,0.9128440366972477,0.7031802120141343
os_5yr,tabpfn_v2_5,0.9128440366972477,0.7056737588652482
os_5yr,tabpfn_v2_5,0.9128440366972477,0.708185053380783
os_5yr,tabpfn_v2_5,0.9128440366972477,0.7107142857142857
os_5yr,tabpfn_v2_5,0.9128440366972477,0.7132616487455197
os_5yr,tabpfn_v2_5,0.908256880733945,0.7148014440433214
os_5yr,tabpfn_v2_5,0.908256880733945,0.7226277372262774
os_5yr,tabpfn_v2_5,0.908256880733945,0.7252747252747253
os_5yr,tabpfn_v2_5,0.908256880733945,0.7279411764705882
os_5yr,tabpfn_v2_5,0.9036697247706422,0.7269372693726938
os_5yr,tabpfn_v2_5,0.8990825688073395,0.725925925925926
os_5yr,tabpfn_v2_5,0.8990825688073395,0.7286245353159851
os_5yr,tabpfn_v2_5,0.8944954128440367,0.7276119402985075
os_5yr,tabpfn_v2_5,0.8899082568807339,0.7265917602996255
os_5yr,tabpfn_v2_5,0.8853211009174312,0.7255639097744361
os_5yr,tabpfn_v2_5,0.8807339449541285,0.7245283018867924
os_5yr,tabpfn_v2_5,0.8807339449541285,0.7272727272727273
os_5yr,tabpfn_v2_5,0.8761467889908257,0.7262357414448669
os_5yr,tabpfn_v2_5,0.8761467889908257,0.7290076335877863
os_5yr,tabpfn_v2_5,0.8761467889908257,0.7318007662835249
os_5yr,tabpfn_v2_5,0.8761467889908257,0.7346153846153847
os_5yr,tabpfn_v2_5,0.8761467889908257,0.7374517374517374
os_5yr,tabpfn_v2_5,0.8715596330275229,0.7364341085271318
os_5yr,tabpfn_v2_5,0.8669724770642202,0.7354085603112841
os_5yr,tabpfn_v2_5,0.8623853211009175,0.734375
os_5yr,tabpfn_v2_5,0.8623853211009175,0.7372549019607844
os_5yr,tabpfn_v2_5,0.8623853211009175,0.7401574803149606
os_5yr,tabpfn_v2_5,0.8623853211009175,0.7430830039525692
os_5yr,tabpfn_v2_5,0.8623853211009175,0.746031746031746
os_5yr,tabpfn_v2_5,0.8577981651376146,0.7450199203187251
os_5yr,tabpfn_v2_5,0.8577981651376146,0.748
os_5yr,tabpfn_v2_5,0.8577981651376146,0.751004016064257
os_5yr,tabpfn_v2_5,0.8532110091743119,0.75
os_5yr,tabpfn_v2_5,0.8486238532110092,0.7489878542510121
os_5yr,tabpfn_v2_5,0.8440366972477065,0.7479674796747967
os_5yr,tabpfn_v2_5,0.8394495412844036,0.746938775510204
os_5yr,tabpfn_v2_5,0.8348623853211009,0.7459016393442623
os_5yr,tabpfn_v2_5,0.8302752293577982,0.7448559670781894
os_5yr,tabpfn_v2_5,0.8256880733944955,0.743801652892562
os_5yr,tabpfn_v2_5,0.8211009174311926,0.7427385892116183
os_5yr,tabpfn_v2_5,0.8165137614678899,0.7416666666666667
os_5yr,tabpfn_v2_5,0.8119266055045872,0.7405857740585774
os_5yr,tabpfn_v2_5,0.8073394495412844,0.7394957983193278
os_5yr,tabpfn_v2_5,0.8027522935779816,0.7383966244725738
os_5yr,tabpfn_v2_5,0.7981651376146789,0.7372881355932204
os_5yr,tabpfn_v2_5,0.7935779816513762,0.7361702127659574
os_5yr,tabpfn_v2_5,0.7935779816513762,0.7393162393162394
os_5yr,tabpfn_v2_5,0.7935779816513762,0.7424892703862661
os_5yr,tabpfn_v2_5,0.7935779816513762,0.7456896551724138
os_5yr,tabpfn_v2_5,0.7935779816513762,0.7489177489177489
os_5yr,tabpfn_v2_5,0.7935779816513762,0.7521739130434782
os_5yr,tabpfn_v2_5,0.7889908256880734,0.7510917030567685
os_5yr,tabpfn_v2_5,0.7844036697247706,0.75
os_5yr,tabpfn_v2_5,0.7844036697247706,0.7533039647577092
os_5yr,tabpfn_v2_5,0.7798165137614679,0.7522123893805309
os_5yr,tabpfn_v2_5,0.7798165137614679,0.7555555555555555
os_5yr,tabpfn_v2_5,0.7752293577981652,0.7544642857142857
os_5yr,tabpfn_v2_5,0.7752293577981652,0.757847533632287
os_5yr,tabpfn_v2_5,0.7706422018348624,0.7567567567567568
os_5yr,tabpfn_v2_5,0.7660550458715596,0.755656108597285
os_5yr,tabpfn_v2_5,0.7660550458715596,0.759090909090909
os_5yr,tabpfn_v2_5,0.7614678899082569,0.7579908675799086
os_5yr,tabpfn_v2_5,0.7568807339449541,0.7568807339449541
os_5yr,tabpfn_v2_5,0.7522935779816514,0.7557603686635944
os_5yr,tabpfn_v2_5,0.7477064220183486,0.7546296296296297
os_5yr,tabpfn_v2_5,0.7385321100917431,0.7523364485981309
os_5yr,tabpfn_v2_5,0.7385321100917431,0.755868544600939
os_5yr,tabpfn_v2_5,0.7339449541284404,0.7547169811320755
os_5yr,tabpfn_v2_5,0.7339449541284404,0.7582938388625592
os_5yr,tabpfn_v2_5,0.7339449541284404,0.7619047619047619
os_5yr,tabpfn_v2_5,0.7293577981651376,0.7644230769230769
os_5yr,tabpfn_v2_5,0.7201834862385321,0.7658536585365854
os_5yr,tabpfn_v2_5,0.7110091743119266,0.7635467980295566
os_5yr,tabpfn_v2_5,0.7110091743119266,0.7673267326732673
os_5yr,tabpfn_v2_5,0.7064220183486238,0.7661691542288557
os_5yr,tabpfn_v2_5,0.7064220183486238,0.77
os_5yr,tabpfn_v2_5,0.7018348623853211,0.7688442211055276
os_5yr,tabpfn_v2_5,0.6972477064220184,0.7676767676767676
os_5yr,tabpfn_v2_5,0.6926605504587156,0.766497461928934
os_5yr,tabpfn_v2_5,0.6834862385321101,0.764102564102564
os_5yr,tabpfn_v2_5,0.6788990825688074,0.7628865979381443
os_5yr,tabpfn_v2_5,0.6697247706422018,0.7604166666666666
os_5yr,tabpfn_v2_5,0.6651376146788991,0.7631578947368421
os_5yr,tabpfn_v2_5,0.6651376146788991,0.7712765957446809
os_5yr,tabpfn_v2_5,0.6605504587155964,0.7783783783783784
os_5yr,tabpfn_v2_5,0.6422018348623854,0.7821229050279329
os_5yr,tabpfn_v2_5,0.6330275229357798,0.7840909090909091
os_5yr,tabpfn_v2_5,0.6238532110091743,0.7816091954022989
os_5yr,tabpfn_v2_5,0.6192660550458715,0.7848837209302325
os_5yr,tabpfn_v2_5,0.6146788990825688,0.783625730994152
os_5yr,tabpfn_v2_5,0.6100917431192661,0.7869822485207101
os_5yr,tabpfn_v2_5,0.6100917431192661,0.7916666666666666
os_5yr,tabpfn_v2_5,0.6100917431192661,0.7964071856287425
os_5yr,tabpfn_v2_5,0.6055045871559633,0.7951807228915663
os_5yr,tabpfn_v2_5,0.6009174311926605,0.793939393939394
os_5yr,tabpfn_v2_5,0.5963302752293578,0.7975460122699386
os_5yr,tabpfn_v2_5,0.5871559633027523,0.7950310559006211
os_5yr,tabpfn_v2_5,0.5825688073394495,0.79375
os_5yr,tabpfn_v2_5,0.5779816513761468,0.7924528301886793
os_5yr,tabpfn_v2_5,0.5779816513761468,0.7974683544303798
os_5yr,tabpfn_v2_5,0.573394495412844,0.7961783439490446
os_5yr,tabpfn_v2_5,0.573394495412844,0.8012820512820513
os_5yr,tabpfn_v2_5,0.5688073394495413,0.8
os_5yr,tabpfn_v2_5,0.5642201834862385,0.7987012987012987
os_5yr,tabpfn_v2_5,0.5596330275229358,0.7973856209150327
os_5yr,tabpfn_v2_5,0.555045871559633,0.7960526315789473
os_5yr,tabpfn_v2_5,0.5504587155963303,0.7947019867549668
os_5yr,tabpfn_v2_5,0.5458715596330275,0.7933333333333333
os_5yr,tabpfn_v2_5,0.5412844036697247,0.7919463087248322
os_5yr,tabpfn_v2_5,0.536697247706422,0.7905405405405406
os_5yr,tabpfn_v2_5,0.5321100917431193,0.7891156462585034
os_5yr,tabpfn_v2_5,0.5275229357798165,0.7876712328767124
os_5yr,tabpfn_v2_5,0.5229357798165137,0.7862068965517242
os_5yr,tabpfn_v2_5,0.518348623853211,0.7847222222222222
os_5yr,tabpfn_v2_5,0.5137614678899083,0.7832167832167832
os_5yr,tabpfn_v2_5,0.5091743119266054,0.7816901408450704
os_5yr,tabpfn_v2_5,0.5045871559633027,0.7801418439716312
os_5yr,tabpfn_v2_5,0.5045871559633027,0.7857142857142857
os_5yr,tabpfn_v2_5,0.5045871559633027,0.7913669064748201
os_5yr,tabpfn_v2_5,0.5,0.7898550724637681
os_5yr,tabpfn_v2_5,0.4954128440366973,0.7883211678832117
os_5yr,tabpfn_v2_5,0.4908256880733945,0.7867647058823529
os_5yr,tabpfn_v2_5,0.48623853211009177,0.7851851851851852
os_5yr,tabpfn_v2_5,0.481651376146789,0.7835820895522388
os_5yr,tabpfn_v2_5,0.47706422018348627,0.7819548872180451
os_5yr,tabpfn_v2_5,0.4724770642201835,0.7803030303030303
os_5yr,tabpfn_v2_5,0.4724770642201835,0.7862595419847328
os_5yr,tabpfn_v2_5,0.46788990825688076,0.7846153846153846
os_5yr,tabpfn_v2_5,0.46788990825688076,0.7906976744186046
os_5yr,tabpfn_v2_5,0.463302752293578,0.7890625
os_5yr,tabpfn_v2_5,0.45871559633027525,0.7874015748031497
os_5yr,tabpfn_v2_5,0.4541284403669725,0.7857142857142857
os_5yr,tabpfn_v2_5,0.44954128440366975,0.784
os_5yr,tabpfn_v2_5,0.44495412844036697,0.782258064516129
os_5yr,tabpfn_v2_5,0.44036697247706424,0.7804878048780488
os_5yr,tabpfn_v2_5,0.43119266055045874,0.7768595041322314
os_5yr,tabpfn_v2_5,0.43119266055045874,0.7833333333333333
os_5yr,tabpfn_v2_5,0.42660550458715596,0.7815126050420168
os_5yr,tabpfn_v2_5,0.42201834862385323,0.7796610169491526
os_5yr,tabpfn_v2_5,0.41743119266055045,0.7777777777777778
os_5yr,tabpfn_v2_5,0.41284403669724773,0.7758620689655172
os_5yr,tabpfn_v2_5,0.40825688073394495,0.7739130434782608
os_5yr,tabpfn_v2_5,0.4036697247706422,0.7719298245614035
os_5yr,tabpfn_v2_5,0.4036697247706422,0.7787610619469026
os_5yr,tabpfn_v2_5,0.39908256880733944,0.7837837837837838
os_5yr,tabpfn_v2_5,0.3944954128440367,0.7889908256880734
os_5yr,tabpfn_v2_5,0.38990825688073394,0.7870370370370371
os_5yr,tabpfn_v2_5,0.3853211009174312,0.7850467289719626
os_5yr,tabpfn_v2_5,0.3853211009174312,0.7924528301886793
os_5yr,tabpfn_v2_5,0.38073394495412843,0.7904761904761904
os_5yr,tabpfn_v2_5,0.3761467889908257,0.7884615384615384
os_5yr,tabpfn_v2_5,0.37155963302752293,0.7864077669902912
os_5yr,tabpfn_v2_5,0.3669724770642202,0.7920792079207921
os_5yr,tabpfn_v2_5,0.3623853211009174,0.79
os_5yr,tabpfn_v2_5,0.3577981651376147,0.7878787878787878
os_5yr,tabpfn_v2_5,0.3532110091743119,0.7857142857142857
os_5yr,tabpfn_v2_5,0.3486238532110092,0.7835051546391752
os_5yr,tabpfn_v2_5,0.3440366972477064,0.78125
os_5yr,tabpfn_v2_5,0.3394495412844037,0.7789473684210526
os_5yr,tabpfn_v2_5,0.3348623853211009,0.776595744680851
os_5yr,tabpfn_v2_5,0.3348623853211009,0.7849462365591398
os_5yr,tabpfn_v2_5,0.3302752293577982,0.782608695652174
os_5yr,tabpfn_v2_5,0.3256880733944954,0.7802197802197802
os_5yr,tabpfn_v2_5,0.3211009174311927,0.7777777777777778
os_5yr,tabpfn_v2_5,0.3165137614678899,0.7752808988764045
os_5yr,tabpfn_v2_5,0.3119266055045872,0.7727272727272727
os_5yr,tabpfn_v2_5,0.3073394495412844,0.7790697674418605
os_5yr,tabpfn_v2_5,0.3073394495412844,0.788235294117647
os_5yr,tabpfn_v2_5,0.30275229357798167,0.7857142857142857
os_5yr,tabpfn_v2_5,0.2981651376146789,0.7831325301204819
os_5yr,tabpfn_v2_5,0.29357798165137616,0.7804878048780488
os_5yr,tabpfn_v2_5,0.28440366972477066,0.775
os_5yr,tabpfn_v2_5,0.2798165137614679,0.7721518987341772
os_5yr,tabpfn_v2_5,0.27522935779816515,0.7692307692307693
os_5yr,tabpfn_v2_5,0.27522935779816515,0.7792207792207793
os_5yr,tabpfn_v2_5,0.2706422018348624,0.7763157894736842
os_5yr,tabpfn_v2_5,0.26605504587155965,0.7733333333333333
os_5yr,tabpfn_v2_5,0.26605504587155965,0.7837837837837838
os_5yr,tabpfn_v2_5,0.26605504587155965,0.7945205479452054
os_5yr,tabpfn_v2_5,0.26146788990825687,0.7916666666666666
os_5yr,tabpfn_v2_5,0.25688073394495414,0.7887323943661971
os_5yr,tabpfn_v2_5,0.25688073394495414,0.8
os_5yr,tabpfn_v2_5,0.25688073394495414,0.8115942028985508
os_5yr,tabpfn_v2_5,0.25229357798165136,0.8088235294117647
os_5yr,tabpfn_v2_5,0.24770642201834864,0.8059701492537313
os_5yr,tabpfn_v2_5,0.24770642201834864,0.8181818181818182
os_5yr,tabpfn_v2_5,0.24311926605504589,0.8153846153846154
os_5yr,tabpfn_v2_5,0.24311926605504589,0.828125
os_5yr,tabpfn_v2_5,0.23853211009174313,0.8253968253968254
os_5yr,tabpfn_v2_5,0.23394495412844038,0.8225806451612904
os_5yr,tabpfn_v2_5,0.22935779816513763,0.819672131147541
os_5yr,tabpfn_v2_5,0.22477064220183487,0.8166666666666667
os_5yr,tabpfn_v2_5,0.22018348623853212,0.8135593220338984
os_5yr,tabpfn_v2_5,0.22018348623853212,0.8275862068965517
os_5yr,tabpfn_v2_5,0.21559633027522937,0.8245614035087719
os_5yr,tabpfn_v2_5,0.21100917431192662,0.8214285714285714
os_5yr,tabpfn_v2_5,0.21100917431192662,0.8363636363636363
os_5yr,tabpfn_v2_5,0.20642201834862386,0.8333333333333334
os_5yr,tabpfn_v2_5,0.20642201834862386,0.8490566037735849
os_5yr,tabpfn_v2_5,0.19724770642201836,0.86
os_5yr,tabpfn_v2_5,0.1926605504587156,0.8571428571428571
os_5yr,tabpfn_v2_5,0.1926605504587156,0.875
os_5yr,tabpfn_v2_5,0.18807339449541285,0.8723404255319149
os_5yr,tabpfn_v2_5,0.1834862385321101,0.8695652173913043
os_5yr,tabpfn_v2_5,0.17889908256880735,0.8666666666666667
os_5yr,tabpfn_v2_5,0.1743119266055046,0.8636363636363636
os_5yr,tabpfn_v2_5,0.16972477064220184,0.8604651162790697
os_5yr,tabpfn_v2_5,0.16972477064220184,0.8809523809523809
os_5yr,tabpfn_v2_5,0.1651376146788991,0.8780487804878049
os_5yr,tabpfn_v2_5,0.16055045871559634,0.875
os_5yr,tabpfn_v2_5,0.1559633027522936,0.8717948717948718
os_5yr,tabpfn_v2_5,0.15137614678899083,0.868421052631579
os_5yr,tabpfn_v2_5,0.15137614678899083,0.8918918918918919
os_5yr,tabpfn_v2_5,0.14678899082568808,0.8888888888888888
os_5yr,tabpfn_v2_5,0.14220183486238533,0.8857142857142857
os_5yr,tabpfn_v2_5,0.13761467889908258,0.8823529411764706
os_5yr,tabpfn_v2_5,0.13302752293577982,0.8787878787878788
os_5yr,tabpfn_v2_5,0.11009174311926606,0.8571428571428571
os_5yr,tabpfn_v2_5,0.10550458715596331,0.8518518518518519
os_5yr,tabpfn_v2_5,0.10091743119266056,0.8461538461538461
os_5yr,tabpfn_v2_5,0.0963302752293578,0.84
os_5yr,tabpfn_v2_5,0.0963302752293578,0.875
os_5yr,tabpfn_v2_5,0.09174311926605505,0.8695652173913043
os_5yr,tabpfn_v2_5,0.0871559633027523,0.8636363636363636
os_5yr,tabpfn_v2_5,0.08256880733944955,0.8571428571428571
os_5yr,tabpfn_v2_5,0.0779816513761468,0.85
os_5yr,tabpfn_v2_5,0.07339449541284404,0.8421052631578947
os_5yr,tabpfn_v2_5,0.07339449541284404,0.8888888888888888
os_5yr,tabpfn_v2_5,0.06880733944954129,0.8823529411764706
os_5yr,tabpfn_v2_5,0.05045871559633028,0.8461538461538461
os_5yr,tabpfn_v2_5,0.045871559633027525,0.8333333333333334
os_5yr,tabpfn_v2_5,0.045871559633027525,0.9090909090909091
os_5yr,tabpfn_v2_5,0.045871559633027525,1.0
os_5yr,tabpfn_v2_5,0.03669724770642202,1.0
os_5yr,tabpfn_v2_5,0.03211009174311927,1.0
os_5yr,tabpfn_v2_5,0.027522935779816515,1.0
os_5yr,tabpfn_v2_5,0.022935779816513763,1.0
os_5yr,tabpfn_v2_5,0.0,1.0
os_5yr,tabpfn_v2_6,1.0,0.6175637393767706
os_5yr,tabpfn_v2_6,0.9954128440366973,0.6164772727272727
os_5yr,tabpfn_v2_6,0.9954128440366973,0.6182336182336182
os_5yr,tabpfn_v2_6,0.9954128440366973,0.62
os_5yr,tabpfn_v2_6,0.9954128440366973,0.6217765042979942
os_5yr,tabpfn_v2_6,0.9908256880733946,0.6206896551724138
os_5yr,tabpfn_v2_6,0.9908256880733946,0.622478386167147
os_5yr,tabpfn_v2_6,0.9908256880733946,0.6242774566473989
os_5yr,tabpfn_v2_6,0.9908256880733946,0.6260869565217392
os_5yr,tabpfn_v2_6,0.9908256880733946,0.627906976744186
os_5yr,tabpfn_v2_6,0.9862385321100917,0.6268221574344023
os_5yr,tabpfn_v2_6,0.9862385321100917,0.6304985337243402
os_5yr,tabpfn_v2_6,0.9862385321100917,0.6323529411764706
os_5yr,tabpfn_v2_6,0.9862385321100917,0.6342182890855457
os_5yr,tabpfn_v2_6,0.981651376146789,0.6331360946745562
os_5yr,tabpfn_v2_6,0.9770642201834863,0.6320474777448071
os_5yr,tabpfn_v2_6,0.9770642201834863,0.6339285714285714
os_5yr,tabpfn_v2_6,0.9770642201834863,0.6358208955223881
os_5yr,tabpfn_v2_6,0.9724770642201835,0.6347305389221557
os_5yr,tabpfn_v2_6,0.9724770642201835,0.6366366366366366
os_5yr,tabpfn_v2_6,0.9724770642201835,0.6385542168674698
os_5yr,tabpfn_v2_6,0.9724770642201835,0.6404833836858006
os_5yr,tabpfn_v2_6,0.9678899082568807,0.6393939393939394
os_5yr,tabpfn_v2_6,0.9678899082568807,0.6413373860182371
os_5yr,tabpfn_v2_6,0.9678899082568807,0.6432926829268293
os_5yr,tabpfn_v2_6,0.9678899082568807,0.6452599388379205
os_5yr,tabpfn_v2_6,0.9678899082568807,0.647239263803681
os_5yr,tabpfn_v2_6,0.9678899082568807,0.6492307692307693
os_5yr,tabpfn_v2_6,0.9678899082568807,0.6512345679012346
os_5yr,tabpfn_v2_6,0.963302752293578,0.6501547987616099
os_5yr,tabpfn_v2_6,0.963302752293578,0.6521739130434783
os_5yr,tabpfn_v2_6,0.9587155963302753,0.6510903426791277
os_5yr,tabpfn_v2_6,0.9587155963302753,0.653125
os_5yr,tabpfn_v2_6,0.9587155963302753,0.6551724137931034
os_5yr,tabpfn_v2_6,0.9587155963302753,0.6572327044025157
os_5yr,tabpfn_v2_6,0.9587155963302753,0.6593059936908517
os_5yr,tabpfn_v2_6,0.9587155963302753,0.6613924050632911
os_5yr,tabpfn_v2_6,0.9587155963302753,0.6634920634920635
os_5yr,tabpfn_v2_6,0.9541284403669725,0.6645367412140575
os_5yr,tabpfn_v2_6,0.9541284403669725,0.6666666666666666
os_5yr,tabpfn_v2_6,0.9495412844036697,0.6655948553054662
os_5yr,tabpfn_v2_6,0.9495412844036697,0.667741935483871
os_5yr,tabpfn_v2_6,0.9495412844036697,0.6699029126213593
os_5yr,tabpfn_v2_6,0.944954128440367,0.6688311688311688
os_5yr,tabpfn_v2_6,0.944954128440367,0.6710097719869706
os_5yr,tabpfn_v2_6,0.944954128440367,0.673202614379085
os_5yr,tabpfn_v2_6,0.944954128440367,0.6776315789473685
os_5yr,tabpfn_v2_6,0.9403669724770642,0.6765676567656765
os_5yr,tabpfn_v2_6,0.9357798165137615,0.6754966887417219
os_5yr,tabpfn_v2_6,0.9311926605504587,0.6744186046511628
os_5yr,tabpfn_v2_6,0.926605504587156,0.6733333333333333
os_5yr,tabpfn_v2_6,0.9220183486238532,0.674496644295302
os_5yr,tabpfn_v2_6,0.9174311926605505,0.6734006734006734
os_5yr,tabpfn_v2_6,0.9174311926605505,0.6756756756756757
os_5yr,tabpfn_v2_6,0.9128440366972477,0.6745762711864407
os_5yr,tabpfn_v2_6,0.9128440366972477,0.6768707482993197
os_5yr,tabpfn_v2_6,0.9128440366972477,0.6791808873720137
os_5yr,tabpfn_v2_6,0.9128440366972477,0.6815068493150684
os_5yr,tabpfn_v2_6,0.908256880733945,0.6804123711340206
os_5yr,tabpfn_v2_6,0.908256880733945,0.6827586206896552
os_5yr,tabpfn_v2_6,0.908256880733945,0.6851211072664359
os_5yr,tabpfn_v2_6,0.908256880733945,0.6875
os_5yr,tabpfn_v2_6,0.9036697247706422,0.686411149825784
os_5yr,tabpfn_v2_6,0.9036697247706422,0.6888111888111889
os_5yr,tabpfn_v2_6,0.8990825688073395,0.6877192982456141
os_5yr,tabpfn_v2_6,0.8990825688073395,0.6901408450704225
os_5yr,tabpfn_v2_6,0.8990825688073395,0.6925795053003534
os_5yr,tabpfn_v2_6,0.8944954128440367,0.6914893617021277
os_5yr,tabpfn_v2_6,0.8944954128440367,0.693950177935943
os_5yr,tabpfn_v2_6,0.8899082568807339,0.6953405017921147
os_5yr,tabpfn_v2_6,0.8899082568807339,0.697841726618705
os_5yr,tabpfn_v2_6,0.8853211009174312,0.6967509025270758
os_5yr,tabpfn_v2_6,0.8853211009174312,0.6992753623188406
os_5yr,tabpfn_v2_6,0.8853211009174312,0.7018181818181818
os_5yr,tabpfn_v2_6,0.8853211009174312,0.706959706959707
os_5yr,tabpfn_v2_6,0.8853211009174312,0.7095588235294118
os_5yr,tabpfn_v2_6,0.8853211009174312,0.7121771217712177
os_5yr,tabpfn_v2_6,0.8807339449541285,0.7137546468401487
os_5yr,tabpfn_v2_6,0.8807339449541285,0.7164179104477612
os_5yr,tabpfn_v2_6,0.8807339449541285,0.7191011235955056
os_5yr,tabpfn_v2_6,0.8761467889908257,0.7180451127819549
os_5yr,tabpfn_v2_6,0.8761467889908257,0.720754716981132
os_5yr,tabpfn_v2_6,0.8715596330275229,0.7196969696969697
os_5yr,tabpfn_v2_6,0.8715596330275229,0.7224334600760456
os_5yr,tabpfn_v2_6,0.8715596330275229,0.7251908396946565
os_5yr,tabpfn_v2_6,0.8715596330275229,0.7279693486590039
os_5yr,tabpfn_v2_6,0.8669724770642202,0.7269230769230769
os_5yr,tabpfn_v2_6,0.8623853211009175,0.7258687258687259
os_5yr,tabpfn_v2_6,0.8623853211009175,0.7286821705426356
os_5yr,tabpfn_v2_6,0.8623853211009175,0.7315175097276264
os_5yr,tabpfn_v2_6,0.8623853211009175,0.734375
os_5yr,tabpfn_v2_6,0.8623853211009175,0.7372549019607844
os_5yr,tabpfn_v2_6,0.8623853211009175,0.7401574803149606
os_5yr,tabpfn_v2_6,0.8577981651376146,0.7391304347826086
os_5yr,tabpfn_v2_6,0.8577981651376146,0.7420634920634921
os_5yr,tabpfn_v2_6,0.8532110091743119,0.7410358565737052
os_5yr,tabpfn_v2_6,0.8532110091743119,0.744
os_5yr,tabpfn_v2_6,0.8532110091743119,0.7469879518072289
os_5yr,tabpfn_v2_6,0.8486238532110092,0.7459677419354839
os_5yr,tabpfn_v2_6,0.8440366972477065,0.7449392712550608
os_5yr,tabpfn_v2_6,0.8394495412844036,0.7439024390243902
os_5yr,tabpfn_v2_6,0.8394495412844036,0.746938775510204
os_5yr,tabpfn_v2_6,0.8348623853211009,0.7459016393442623
os_5yr,tabpfn_v2_6,0.8348623853211009,0.7489711934156379
os_5yr,tabpfn_v2_6,0.8348623853211009,0.7520661157024794
os_5yr,tabpfn_v2_6,0.8302752293577982,0.7510373443983402
os_5yr,tabpfn_v2_6,0.8256880733944955,0.75
os_5yr,tabpfn_v2_6,0.8211009174311926,0.7489539748953975
os_5yr,tabpfn_v2_6,0.8165137614678899,0.7478991596638656
os_5yr,tabpfn_v2_6,0.8165137614678899,0.7510548523206751
os_5yr,tabpfn_v2_6,0.8119266055045872,0.75
os_5yr,tabpfn_v2_6,0.8119266055045872,0.7531914893617021
os_5yr,tabpfn_v2_6,0.8073394495412844,0.7521367521367521
os_5yr,tabpfn_v2_6,0.8027522935779816,0.7510729613733905
os_5yr,tabpfn_v2_6,0.8027522935779816,0.7543103448275862
os_5yr,tabpfn_v2_6,0.7981651376146789,0.7532467532467533
os_5yr,tabpfn_v2_6,0.7889908256880734,0.7510917030567685
os_5yr,tabpfn_v2_6,0.7844036697247706,0.75
os_5yr,tabpfn_v2_6,0.7798165137614679,0.748898678414097
os_5yr,tabpfn_v2_6,0.7798165137614679,0.7522123893805309
os_5yr,tabpfn_v2_6,0.7752293577981652,0.7511111111111111
os_5yr,tabpfn_v2_6,0.7706422018348624,0.75
os_5yr,tabpfn_v2_6,0.7660550458715596,0.7488789237668162
os_5yr,tabpfn_v2_6,0.7614678899082569,0.7477477477477478
os_5yr,tabpfn_v2_6,0.7568807339449541,0.746606334841629
os_5yr,tabpfn_v2_6,0.7522935779816514,0.7454545454545455
os_5yr,tabpfn_v2_6,0.7477064220183486,0.7442922374429224
os_5yr,tabpfn_v2_6,0.7477064220183486,0.7477064220183486
os_5yr,tabpfn_v2_6,0.7477064220183486,0.7511520737327189
os_5yr,tabpfn_v2_6,0.7431192660550459,0.75
os_5yr,tabpfn_v2_6,0.7431192660550459,0.7534883720930232
os_5yr,tabpfn_v2_6,0.7385321100917431,0.7523364485981309
os_5yr,tabpfn_v2_6,0.7339449541284404,0.7511737089201878
os_5yr,tabpfn_v2_6,0.7293577981651376,0.75
os_5yr,tabpfn_v2_6,0.7247706422018348,0.7488151658767772
os_5yr,tabpfn_v2_6,0.7247706422018348,0.7523809523809524
os_5yr,tabpfn_v2_6,0.7247706422018348,0.7559808612440191
os_5yr,tabpfn_v2_6,0.7201834862385321,0.7584541062801933
os_5yr,tabpfn_v2_6,0.7155963302752294,0.7572815533980582
os_5yr,tabpfn_v2_6,0.7110091743119266,0.7560975609756098
os_5yr,tabpfn_v2_6,0.7110091743119266,0.7598039215686274
os_5yr,tabpfn_v2_6,0.7064220183486238,0.7623762376237624
os_5yr,tabpfn_v2_6,0.7064220183486238,0.7661691542288557
os_5yr,tabpfn_v2_6,0.7018348623853211,0.765
os_5yr,tabpfn_v2_6,0.6972477064220184,0.7638190954773869
os_5yr,tabpfn_v2_6,0.6880733944954128,0.7614213197969543
os_5yr,tabpfn_v2_6,0.6834862385321101,0.7602040816326531
os_5yr,tabpfn_v2_6,0.6743119266055045,0.7577319587628866
os_5yr,tabpfn_v2_6,0.6697247706422018,0.7564766839378239
os_5yr,tabpfn_v2_6,0.6697247706422018,0.7604166666666666
os_5yr,tabpfn_v2_6,0.6651376146788991,0.7591623036649214
os_5yr,tabpfn_v2_6,0.6605504587155964,0.7659574468085106
os_5yr,tabpfn_v2_6,0.6559633027522935,0.7647058823529411
os_5yr,tabpfn_v2_6,0.6513761467889908,0.7634408602150538
os_5yr,tabpfn_v2_6,0.6467889908256881,0.7621621621621621
os_5yr,tabpfn_v2_6,0.6422018348623854,0.7608695652173914
os_5yr,tabpfn_v2_6,0.6376146788990825,0.7595628415300546
os_5yr,tabpfn_v2_6,0.6330275229357798,0.7582417582417582
os_5yr,tabpfn_v2_6,0.6284403669724771,0.7569060773480663
os_5yr,tabpfn_v2_6,0.6146788990825688,0.7570621468926554
os_5yr,tabpfn_v2_6,0.6055045871559633,0.7542857142857143
os_5yr,tabpfn_v2_6,0.6055045871559633,0.7586206896551724
os_5yr,tabpfn_v2_6,0.6009174311926605,0.7572254335260116
os_5yr,tabpfn_v2_6,0.6009174311926605,0.7616279069767442
os_5yr,tabpfn_v2_6,0.5963302752293578,0.7602339181286549
os_5yr,tabpfn_v2_6,0.5963302752293578,0.7647058823529411
os_5yr,tabpfn_v2_6,0.5963302752293578,0.7692307692307693
os_5yr,tabpfn_v2_6,0.591743119266055,0.7678571428571429
os_5yr,tabpfn_v2_6,0.5871559633027523,0.7664670658682635
os_5yr,tabpfn_v2_6,0.5825688073394495,0.7650602409638554
os_5yr,tabpfn_v2_6,0.5825688073394495,0.7696969696969697
os_5yr,tabpfn_v2_6,0.5825688073394495,0.774390243902439
os_5yr,tabpfn_v2_6,0.5825688073394495,0.7791411042944786
os_5yr,tabpfn_v2_6,0.5825688073394495,0.7839506172839507
os_5yr,tabpfn_v2_6,0.5779816513761468,0.782608695652174
os_5yr,tabpfn_v2_6,0.5779816513761468,0.7875
os_5yr,tabpfn_v2_6,0.573394495412844,0.7861635220125787
os_5yr,tabpfn_v2_6,0.5688073394495413,0.7848101265822784
os_5yr,tabpfn_v2_6,0.5642201834862385,0.7834394904458599
os_5yr,tabpfn_v2_6,0.5596330275229358,0.782051282051282
os_5yr,tabpfn_v2_6,0.555045871559633,0.7806451612903226
os_5yr,tabpfn_v2_6,0.5458715596330275,0.7777777777777778
os_5yr,tabpfn_v2_6,0.5412844036697247,0.7763157894736842
os_5yr,tabpfn_v2_6,0.5412844036697247,0.7814569536423841
os_5yr,tabpfn_v2_6,0.536697247706422,0.78
os_5yr,tabpfn_v2_6,0.5321100917431193,0.7785234899328859
os_5yr,tabpfn_v2_6,0.5275229357798165,0.777027027027027
os_5yr,tabpfn_v2_6,0.5275229357798165,0.782312925170068
os_5yr,tabpfn_v2_6,0.5229357798165137,0.7808219178082192
os_5yr,tabpfn_v2_6,0.518348623853211,0.7793103448275862
os_5yr,tabpfn_v2_6,0.5091743119266054,0.7762237762237763
os_5yr,tabpfn_v2_6,0.5045871559633027,0.7746478873239436
os_5yr,tabpfn_v2_6,0.5045871559633027,0.7801418439716312
os_5yr,tabpfn_v2_6,0.5045871559633027,0.7857142857142857
os_5yr,tabpfn_v2_6,0.5,0.7841726618705036
os_5yr,tabpfn_v2_6,0.4954128440366973,0.782608695652174
os_5yr,tabpfn_v2_6,0.4908256880733945,0.7867647058823529
os_5yr,tabpfn_v2_6,0.48623853211009177,0.7851851851851852
os_5yr,tabpfn_v2_6,0.481651376146789,0.7835820895522388
os_5yr,tabpfn_v2_6,0.481651376146789,0.7894736842105263
os_5yr,tabpfn_v2_6,0.47706422018348627,0.7878787878787878
os_5yr,tabpfn_v2_6,0.4724770642201835,0.7862595419847328
os_5yr,tabpfn_v2_6,0.46788990825688076,0.7846153846153846
os_5yr,tabpfn_v2_6,0.463302752293578,0.7829457364341085
os_5yr,tabpfn_v2_6,0.45871559633027525,0.78125
os_5yr,tabpfn_v2_6,0.4541284403669725,0.7857142857142857
os_5yr,tabpfn_v2_6,0.44954128440366975,0.784
os_5yr,tabpfn_v2_6,0.44036697247706424,0.7804878048780488
os_5yr,tabpfn_v2_6,0.44036697247706424,0.7868852459016393
os_5yr,tabpfn_v2_6,0.44036697247706424,0.7933884297520661
os_5yr,tabpfn_v2_6,0.43577981651376146,0.7916666666666666
os_5yr,tabpfn_v2_6,0.43119266055045874,0.7899159663865546
os_5yr,tabpfn_v2_6,0.42660550458715596,0.788135593220339
os_5yr,tabpfn_v2_6,0.42660550458715596,0.7948717948717948
os_5yr,tabpfn_v2_6,0.42201834862385323,0.7931034482758621
os_5yr,tabpfn_v2_6,0.41743119266055045,0.7913043478260869
os_5yr,tabpfn_v2_6,0.4036697247706422,0.7927927927927928
os_5yr,tabpfn_v2_6,0.3944954128440367,0.7889908256880734
os_5yr,tabpfn_v2_6,0.38990825688073394,0.7870370370370371
os_5yr,tabpfn_v2_6,0.3853211009174312,0.7850467289719626
os_5yr,tabpfn_v2_6,0.38073394495412843,0.7830188679245284
os_5yr,tabpfn_v2_6,0.38073394495412843,0.7904761904761904
os_5yr,tabpfn_v2_6,0.37155963302752293,0.7864077669902912
os_5yr,tabpfn_v2_6,0.3623853211009174,0.7821782178217822
os_5yr,tabpfn_v2_6,0.3577981651376147,0.78
os_5yr,tabpfn_v2_6,0.3486238532110092,0.7755102040816326
os_5yr,tabpfn_v2_6,0.3440366972477064,0.7731958762886598
os_5yr,tabpfn_v2_6,0.3394495412844037,0.7708333333333334
os_5yr,tabpfn_v2_6,0.3348623853211009,0.7684210526315789
os_5yr,tabpfn_v2_6,0.3302752293577982,0.7659574468085106
os_5yr,tabpfn_v2_6,0.3256880733944954,0.7634408602150538
os_5yr,tabpfn_v2_6,0.3256880733944954,0.7717391304347826
os_5yr,tabpfn_v2_6,0.3211009174311927,0.7692307692307693
os_5yr,tabpfn_v2_6,0.3165137614678899,0.7666666666666667
os_5yr,tabpfn_v2_6,0.3119266055045872,0.7640449438202247
os_5yr,tabpfn_v2_6,0.3119266055045872,0.7727272727272727
os_5yr,tabpfn_v2_6,0.3119266055045872,0.7816091954022989
os_5yr,tabpfn_v2_6,0.3119266055045872,0.7906976744186046
os_5yr,tabpfn_v2_6,0.3073394495412844,0.788235294117647
os_5yr,tabpfn_v2_6,0.3073394495412844,0.7976190476190477
os_5yr,tabpfn_v2_6,0.30275229357798167,0.7951807228915663
os_5yr,tabpfn_v2_6,0.30275229357798167,0.8048780487804879
os_5yr,tabpfn_v2_6,0.2981651376146789,0.8024691358024691
os_5yr,tabpfn_v2_6,0.29357798165137616,0.8
os_5yr,tabpfn_v2_6,0.28440366972477066,0.8051948051948052
os_5yr,tabpfn_v2_6,0.28440366972477066,0.8157894736842105
os_5yr,tabpfn_v2_6,0.2798165137614679,0.8133333333333334
os_5yr,tabpfn_v2_6,0.27522935779816515,0.821917808219178
os_5yr,tabpfn_v2_6,0.2706422018348624,0.8194444444444444
os_5yr,tabpfn_v2_6,0.26605504587155965,0.8169014084507042
os_5yr,tabpfn_v2_6,0.26146788990825687,0.8142857142857143
os_5yr,tabpfn_v2_6,0.26146788990825687,0.8260869565217391
os_5yr,tabpfn_v2_6,0.25688073394495414,0.8235294117647058
os_5yr,tabpfn_v2_6,0.25229357798165136,0.8208955223880597
os_5yr,tabpfn_v2_6,0.24770642201834864,0.8181818181818182
os_5yr,tabpfn_v2_6,0.24770642201834864,0.8307692307692308
os_5yr,tabpfn_v2_6,0.24770642201834864,0.84375
os_5yr,tabpfn_v2_6,0.23853211009174313,0.8387096774193549
os_5yr,tabpfn_v2_6,0.23394495412844038,0.8360655737704918
os_5yr,tabpfn_v2_6,0.22935779816513763,0.8333333333333334
os_5yr,tabpfn_v2_6,0.22477064220183487,0.8305084745762712
os_5yr,tabpfn_v2_6,0.22018348623853212,0.8275862068965517
os_5yr,tabpfn_v2_6,0.21559633027522937,0.8392857142857143
os_5yr,tabpfn_v2_6,0.21100917431192662,0.8363636363636363
os_5yr,tabpfn_v2_6,0.20642201834862386,0.8333333333333334
os_5yr,tabpfn_v2_6,0.2018348623853211,0.8301886792452831
os_5yr,tabpfn_v2_6,0.2018348623853211,0.8461538461538461
os_5yr,tabpfn_v2_6,0.19724770642201836,0.8431372549019608
os_5yr,tabpfn_v2_6,0.1926605504587156,0.84
os_5yr,tabpfn_v2_6,0.1926605504587156,0.8571428571428571
os_5yr,tabpfn_v2_6,0.1926605504587156,0.875
os_5yr,tabpfn_v2_6,0.18807339449541285,0.8723404255319149
os_5yr,tabpfn_v2_6,0.1834862385321101,0.8695652173913043
os_5yr,tabpfn_v2_6,0.17889908256880735,0.8666666666666667
os_5yr,tabpfn_v2_6,0.1743119266055046,0.8636363636363636
os_5yr,tabpfn_v2_6,0.1743119266055046,0.8837209302325582
os_5yr,tabpfn_v2_6,0.16972477064220184,0.8809523809523809
os_5yr,tabpfn_v2_6,0.1651376146788991,0.8780487804878049
os_5yr,tabpfn_v2_6,0.16055045871559634,0.875
os_5yr,tabpfn_v2_6,0.16055045871559634,0.8974358974358975
os_5yr,tabpfn_v2_6,0.1559633027522936,0.8947368421052632
os_5yr,tabpfn_v2_6,0.15137614678899083,0.8918918918918919
os_5yr,tabpfn_v2_6,0.14678899082568808,0.8888888888888888
os_5yr,tabpfn_v2_6,0.14220183486238533,0.8857142857142857
os_5yr,tabpfn_v2_6,0.13761467889908258,0.8823529411764706
os_5yr,tabpfn_v2_6,0.13302752293577982,0.8787878787878788
os_5yr,tabpfn_v2_6,0.13302752293577982,0.90625
os_5yr,tabpfn_v2_6,0.12844036697247707,0.9032258064516129
os_5yr,tabpfn_v2_6,0.12385321100917432,0.9
os_5yr,tabpfn_v2_6,0.11926605504587157,0.896551724137931
os_5yr,tabpfn_v2_6,0.11467889908256881,0.8928571428571429
os_5yr,tabpfn_v2_6,0.11009174311926606,0.8888888888888888
os_5yr,tabpfn_v2_6,0.10550458715596331,0.8846153846153846
os_5yr,tabpfn_v2_6,0.10091743119266056,0.88
os_5yr,tabpfn_v2_6,0.0779816513761468,0.85
os_5yr,tabpfn_v2_6,0.0779816513761468,0.8947368421052632
os_5yr,tabpfn_v2_6,0.07339449541284404,0.8888888888888888
os_5yr,tabpfn_v2_6,0.06880733944954129,0.8823529411764706
os_5yr,tabpfn_v2_6,0.06880733944954129,0.9375
os_5yr,tabpfn_v2_6,0.05963302752293578,0.9285714285714286
os_5yr,tabpfn_v2_6,0.05963302752293578,1.0
os_5yr,tabpfn_v2_6,0.05504587155963303,1.0
os_5yr,tabpfn_v2_6,0.05045871559633028,1.0
os_5yr,tabpfn_v2_6,0.045871559633027525,1.0
os_5yr,tabpfn_v2_6,0.04128440366972477,1.0
os_5yr,tabpfn_v2_6,0.022935779816513763,1.0
os_5yr,tabpfn_v2_6,0.0,1.0
os_5yr,tabpfn_v3,1.0,0.6175637393767706
os_5yr,tabpfn_v3,1.0,0.6193181818181818
os_5yr,tabpfn_v3,1.0,0.6210826210826211
os_5yr,tabpfn_v3,0.9954128440366973,0.62
os_5yr,tabpfn_v3,0.9908256880733946,0.6189111747851003
os_5yr,tabpfn_v3,0.9908256880733946,0.6206896551724138
os_5yr,tabpfn_v3,0.9908256880733946,0.622478386167147
os_5yr,tabpfn_v3,0.9908256880733946,0.6242774566473989
os_5yr,tabpfn_v3,0.9862385321100917,0.6231884057971014
os_5yr,tabpfn_v3,0.9862385321100917,0.625
os_5yr,tabpfn_v3,0.9862385321100917,0.6268221574344023
os_5yr,tabpfn_v3,0.9862385321100917,0.6286549707602339
os_5yr,tabpfn_v3,0.9862385321100917,0.6304985337243402
os_5yr,tabpfn_v3,0.9862385321100917,0.6323529411764706
os_5yr,tabpfn_v3,0.981651376146789,0.6312684365781711
os_5yr,tabpfn_v3,0.981651376146789,0.6331360946745562
os_5yr,tabpfn_v3,0.981651376146789,0.6350148367952523
os_5yr,tabpfn_v3,0.981651376146789,0.6369047619047619
os_5yr,tabpfn_v3,0.981651376146789,0.6388059701492538
os_5yr,tabpfn_v3,0.981651376146789,0.6407185628742516
os_5yr,tabpfn_v3,0.9770642201834863,0.6396396396396397
os_5yr,tabpfn_v3,0.9770642201834863,0.641566265060241
os_5yr,tabpfn_v3,0.9770642201834863,0.6435045317220544
os_5yr,tabpfn_v3,0.9724770642201835,0.6424242424242425
os_5yr,tabpfn_v3,0.9724770642201835,0.6443768996960486
os_5yr,tabpfn_v3,0.9724770642201835,0.6463414634146342
os_5yr,tabpfn_v3,0.9724770642201835,0.6483180428134556
os_5yr,tabpfn_v3,0.9724770642201835,0.6503067484662577
os_5yr,tabpfn_v3,0.9678899082568807,0.6492307692307693
os_5yr,tabpfn_v3,0.963302752293578,0.6481481481481481
os_5yr,tabpfn_v3,0.963302752293578,0.6501547987616099
os_5yr,tabpfn_v3,0.9587155963302753,0.6490683229813664
os_5yr,tabpfn_v3,0.9587155963302753,0.6510903426791277
os_5yr,tabpfn_v3,0.9587155963302753,0.653125
os_5yr,tabpfn_v3,0.9587155963302753,0.6551724137931034
os_5yr,tabpfn_v3,0.9587155963302753,0.6572327044025157
os_5yr,tabpfn_v3,0.9541284403669725,0.6561514195583596
os_5yr,tabpfn_v3,0.9541284403669725,0.6582278481012658
os_5yr,tabpfn_v3,0.9541284403669725,0.6603174603174603
os_5yr,tabpfn_v3,0.9541284403669725,0.6624203821656051
os_5yr,tabpfn_v3,0.9541284403669725,0.6645367412140575
os_5yr,tabpfn_v3,0.9495412844036697,0.6634615384615384
os_5yr,tabpfn_v3,0.9495412844036697,0.6655948553054662
os_5yr,tabpfn_v3,0.944954128440367,0.6645161290322581
os_5yr,tabpfn_v3,0.944954128440367,0.6666666666666666
os_5yr,tabpfn_v3,0.9403669724770642,0.6655844155844156
os_5yr,tabpfn_v3,0.9403669724770642,0.6677524429967426
os_5yr,tabpfn_v3,0.9403669724770642,0.6699346405228758
os_5yr,tabpfn_v3,0.9403669724770642,0.6721311475409836
os_5yr,tabpfn_v3,0.9357798165137615,0.6710526315789473
os_5yr,tabpfn_v3,0.9357798165137615,0.6732673267326733
os_5yr,tabpfn_v3,0.9357798165137615,0.6754966887417219
os_5yr,tabpfn_v3,0.9357798165137615,0.6777408637873754
os_5yr,tabpfn_v3,0.9311926605504587,0.6766666666666666
os_5yr,tabpfn_v3,0.9311926605504587,0.6789297658862876
os_5yr,tabpfn_v3,0.9311926605504587,0.6812080536912751
os_5yr,tabpfn_v3,0.9311926605504587,0.6835016835016835
os_5yr,tabpfn_v3,0.9311926605504587,0.6858108108108109
os_5yr,tabpfn_v3,0.926605504587156,0.6847457627118644
os_5yr,tabpfn_v3,0.9220183486238532,0.6836734693877551
os_5yr,tabpfn_v3,0.9220183486238532,0.6860068259385665
os_5yr,tabpfn_v3,0.9220183486238532,0.6883561643835616
os_5yr,tabpfn_v3,0.9220183486238532,0.6907216494845361
os_5yr,tabpfn_v3,0.9174311926605505,0.6896551724137931
os_5yr,tabpfn_v3,0.9128440366972477,0.6885813148788927
os_5yr,tabpfn_v3,0.9128440366972477,0.6909722222222222
os_5yr,tabpfn_v3,0.9128440366972477,0.6933797909407665
os_5yr,tabpfn_v3,0.9128440366972477,0.6958041958041958
os_5yr,tabpfn_v3,0.9128440366972477,0.6982456140350877
os_5yr,tabpfn_v3,0.9128440366972477,0.7007042253521126
os_5yr,tabpfn_v3,0.9128440366972477,0.7031802120141343
os_5yr,tabpfn_v3,0.908256880733945,0.7021276595744681
os_5yr,tabpfn_v3,0.9036697247706422,0.701067615658363
os_5yr,tabpfn_v3,0.8990825688073395,0.7
os_5yr,tabpfn_v3,0.8990825688073395,0.7025089605734767
os_5yr,tabpfn_v3,0.8990825688073395,0.7050359712230215
os_5yr,tabpfn_v3,0.8944954128440367,0.703971119133574
os_5yr,tabpfn_v3,0.8944954128440367,0.7065217391304348
os_5yr,tabpfn_v3,0.8944954128440367,0.7090909090909091
os_5yr,tabpfn_v3,0.8944954128440367,0.7116788321167883
os_5yr,tabpfn_v3,0.8944954128440367,0.7142857142857143
os_5yr,tabpfn_v3,0.8944954128440367,0.7169117647058824
os_5yr,tabpfn_v3,0.8944954128440367,0.7195571955719557
os_5yr,tabpfn_v3,0.8944954128440367,0.7222222222222222
os_5yr,tabpfn_v3,0.8944954128440367,0.724907063197026
os_5yr,tabpfn_v3,0.8944954128440367,0.7276119402985075
os_5yr,tabpfn_v3,0.8899082568807339,0.7265917602996255
os_5yr,tabpfn_v3,0.8853211009174312,0.7255639097744361
os_5yr,tabpfn_v3,0.8853211009174312,0.7283018867924528
os_5yr,tabpfn_v3,0.8807339449541285,0.7272727272727273
os_5yr,tabpfn_v3,0.8761467889908257,0.7262357414448669
os_5yr,tabpfn_v3,0.8715596330275229,0.7251908396946565
os_5yr,tabpfn_v3,0.8715596330275229,0.7279693486590039
os_5yr,tabpfn_v3,0.8715596330275229,0.7307692307692307
os_5yr,tabpfn_v3,0.8669724770642202,0.7297297297297297
os_5yr,tabpfn_v3,0.8623853211009175,0.7286821705426356
os_5yr,tabpfn_v3,0.8623853211009175,0.7315175097276264
os_5yr,tabpfn_v3,0.8577981651376146,0.73046875
os_5yr,tabpfn_v3,0.8577981651376146,0.7333333333333333
os_5yr,tabpfn_v3,0.8577981651376146,0.7362204724409449
os_5yr,tabpfn_v3,0.8577981651376146,0.7391304347826086
os_5yr,tabpfn_v3,0.8577981651376146,0.7420634920634921
os_5yr,tabpfn_v3,0.8577981651376146,0.7450199203187251
os_5yr,tabpfn_v3,0.8577981651376146,0.748
os_5yr,tabpfn_v3,0.8577981651376146,0.751004016064257
os_5yr,tabpfn_v3,0.8532110091743119,0.75
os_5yr,tabpfn_v3,0.8486238532110092,0.7489878542510121
os_5yr,tabpfn_v3,0.8440366972477065,0.7479674796747967
os_5yr,tabpfn_v3,0.8394495412844036,0.746938775510204
os_5yr,tabpfn_v3,0.8348623853211009,0.7459016393442623
os_5yr,tabpfn_v3,0.8302752293577982,0.7448559670781894
os_5yr,tabpfn_v3,0.8256880733944955,0.743801652892562
os_5yr,tabpfn_v3,0.8211009174311926,0.7427385892116183
os_5yr,tabpfn_v3,0.8165137614678899,0.7416666666666667
os_5yr,tabpfn_v3,0.8119266055045872,0.7405857740585774
os_5yr,tabpfn_v3,0.8119266055045872,0.7436974789915967
os_5yr,tabpfn_v3,0.8119266055045872,0.7468354430379747
os_5yr,tabpfn_v3,0.8073394495412844,0.7457627118644068
os_5yr,tabpfn_v3,0.8073394495412844,0.7489361702127659
os_5yr,tabpfn_v3,0.8073394495412844,0.7521367521367521
os_5yr,tabpfn_v3,0.8073394495412844,0.7553648068669528
os_5yr,tabpfn_v3,0.8027522935779816,0.7543103448275862
os_5yr,tabpfn_v3,0.7981651376146789,0.7532467532467533
os_5yr,tabpfn_v3,0.7981651376146789,0.7565217391304347
os_5yr,tabpfn_v3,0.7935779816513762,0.7554585152838428
os_5yr,tabpfn_v3,0.7889908256880734,0.7543859649122807
os_5yr,tabpfn_v3,0.7889908256880734,0.7577092511013216
os_5yr,tabpfn_v3,0.7889908256880734,0.7610619469026548
os_5yr,tabpfn_v3,0.7889908256880734,0.7644444444444445
os_5yr,tabpfn_v3,0.7889908256880734,0.7678571428571429
os_5yr,tabpfn_v3,0.7889908256880734,0.7713004484304933
os_5yr,tabpfn_v3,0.7844036697247706,0.7702702702702703
os_5yr,tabpfn_v3,0.7798165137614679,0.7692307692307693
os_5yr,tabpfn_v3,0.7752293577981652,0.7681818181818182
os_5yr,tabpfn_v3,0.7706422018348624,0.7671232876712328
os_5yr,tabpfn_v3,0.7660550458715596,0.7660550458715596
os_5yr,tabpfn_v3,0.7614678899082569,0.7649769585253456
os_5yr,tabpfn_v3,0.7568807339449541,0.7638888888888888
os_5yr,tabpfn_v3,0.7568807339449541,0.7674418604651163
os_5yr,tabpfn_v3,0.7522935779816514,0.7663551401869159
os_5yr,tabpfn_v3,0.7522935779816514,0.7699530516431925
os_5yr,tabpfn_v3,0.7477064220183486,0.7688679245283019
os_5yr,tabpfn_v3,0.7431192660550459,0.7677725118483413
os_5yr,tabpfn_v3,0.7385321100917431,0.7666666666666667
os_5yr,tabpfn_v3,0.7385321100917431,0.7703349282296651
os_5yr,tabpfn_v3,0.7385321100917431,0.7740384615384616
os_5yr,tabpfn_v3,0.7385321100917431,0.7777777777777778
os_5yr,tabpfn_v3,0.7339449541284404,0.7766990291262136
os_5yr,tabpfn_v3,0.7293577981651376,0.775609756097561
os_5yr,tabpfn_v3,0.7247706422018348,0.7745098039215687
os_5yr,tabpfn_v3,0.7201834862385321,0.7733990147783252
os_5yr,tabpfn_v3,0.7155963302752294,0.7722772277227723
os_5yr,tabpfn_v3,0.7110091743119266,0.7711442786069652
os_5yr,tabpfn_v3,0.7064220183486238,0.77
os_5yr,tabpfn_v3,0.7018348623853211,0.7688442211055276
os_5yr,tabpfn_v3,0.6972477064220184,0.7676767676767676
os_5yr,tabpfn_v3,0.6972477064220184,0.7715736040609137
os_5yr,tabpfn_v3,0.6926605504587156,0.7704081632653061
os_5yr,tabpfn_v3,0.6926605504587156,0.7743589743589744
os_5yr,tabpfn_v3,0.6880733944954128,0.7731958762886598
os_5yr,tabpfn_v3,0.6880733944954128,0.7772020725388601
os_5yr,tabpfn_v3,0.6880733944954128,0.78125
os_5yr,tabpfn_v3,0.6834862385321101,0.7801047120418848
os_5yr,tabpfn_v3,0.6788990825688074,0.7789473684210526
os_5yr,tabpfn_v3,0.6743119266055045,0.7777777777777778
os_5yr,tabpfn_v3,0.6743119266055045,0.7819148936170213
os_5yr,tabpfn_v3,0.6743119266055045,0.786096256684492
os_5yr,tabpfn_v3,0.6697247706422018,0.7849462365591398
os_5yr,tabpfn_v3,0.6651376146788991,0.7837837837837838
os_5yr,tabpfn_v3,0.6605504587155964,0.782608695652174
os_5yr,tabpfn_v3,0.6559633027522935,0.7814207650273224
os_5yr,tabpfn_v3,0.6559633027522935,0.7857142857142857
os_5yr,tabpfn_v3,0.6559633027522935,0.7900552486187845
os_5yr,tabpfn_v3,0.6559633027522935,0.7944444444444444
os_5yr,tabpfn_v3,0.6559633027522935,0.7988826815642458
os_5yr,tabpfn_v3,0.6513761467889908,0.797752808988764
os_5yr,tabpfn_v3,0.6467889908256881,0.7966101694915254
os_5yr,tabpfn_v3,0.6467889908256881,0.8011363636363636
os_5yr,tabpfn_v3,0.6422018348623854,0.8
os_5yr,tabpfn_v3,0.6422018348623854,0.8045977011494253
os_5yr,tabpfn_v3,0.6422018348623854,0.8092485549132948
os_5yr,tabpfn_v3,0.6376146788990825,0.8081395348837209
os_5yr,tabpfn_v3,0.6330275229357798,0.8070175438596491
os_5yr,tabpfn_v3,0.6284403669724771,0.8058823529411765
os_5yr,tabpfn_v3,0.6238532110091743,0.8047337278106509
os_5yr,tabpfn_v3,0.6192660550458715,0.8035714285714286
os_5yr,tabpfn_v3,0.6146788990825688,0.8023952095808383
os_5yr,tabpfn_v3,0.6100917431192661,0.8012048192771084
os_5yr,tabpfn_v3,0.6055045871559633,0.8
os_5yr,tabpfn_v3,0.6009174311926605,0.7987804878048781
os_5yr,tabpfn_v3,0.5963302752293578,0.7975460122699386
os_5yr,tabpfn_v3,0.591743119266055,0.7962962962962963
os_5yr,tabpfn_v3,0.5871559633027523,0.7950310559006211
os_5yr,tabpfn_v3,0.5871559633027523,0.8
os_5yr,tabpfn_v3,0.5825688073394495,0.7987421383647799
os_5yr,tabpfn_v3,0.5779816513761468,0.7974683544303798
os_5yr,tabpfn_v3,0.573394495412844,0.7961783439490446
os_5yr,tabpfn_v3,0.5688073394495413,0.7948717948717948
os_5yr,tabpfn_v3,0.5688073394495413,0.8
os_5yr,tabpfn_v3,0.5642201834862385,0.7987012987012987
os_5yr,tabpfn_v3,0.5596330275229358,0.7973856209150327
os_5yr,tabpfn_v3,0.555045871559633,0.7960526315789473
os_5yr,tabpfn_v3,0.5504587155963303,0.7947019867549668
os_5yr,tabpfn_v3,0.5458715596330275,0.7933333333333333
os_5yr,tabpfn_v3,0.5412844036697247,0.7919463087248322
os_5yr,tabpfn_v3,0.536697247706422,0.7905405405405406
os_5yr,tabpfn_v3,0.5321100917431193,0.7891156462585034
os_5yr,tabpfn_v3,0.5321100917431193,0.7945205479452054
os_5yr,tabpfn_v3,0.5275229357798165,0.7931034482758621
os_5yr,tabpfn_v3,0.5229357798165137,0.7916666666666666
os_5yr,tabpfn_v3,0.518348623853211,0.7902097902097902
os_5yr,tabpfn_v3,0.5137614678899083,0.7887323943661971
os_5yr,tabpfn_v3,0.5091743119266054,0.7872340425531915
os_5yr,tabpfn_v3,0.5045871559633027,0.7857142857142857
os_5yr,tabpfn_v3,0.5,0.7841726618705036
os_5yr,tabpfn_v3,0.4954128440366973,0.782608695652174
os_5yr,tabpfn_v3,0.4908256880733945,0.781021897810219
os_5yr,tabpfn_v3,0.48623853211009177,0.7794117647058824
os_5yr,tabpfn_v3,0.481651376146789,0.7777777777777778
os_5yr,tabpfn_v3,0.47706422018348627,0.7761194029850746
os_5yr,tabpfn_v3,0.4724770642201835,0.7744360902255639
os_5yr,tabpfn_v3,0.46788990825688076,0.7727272727272727
os_5yr,tabpfn_v3,0.463302752293578,0.7709923664122137
os_5yr,tabpfn_v3,0.463302752293578,0.7769230769230769
os_5yr,tabpfn_v3,0.45871559633027525,0.7751937984496124
os_5yr,tabpfn_v3,0.45871559633027525,0.78125
os_5yr,tabpfn_v3,0.45871559633027525,0.7874015748031497
os_5yr,tabpfn_v3,0.45871559633027525,0.7936507936507936
os_5yr,tabpfn_v3,0.4541284403669725,0.792
os_5yr,tabpfn_v3,0.4541284403669725,0.7983870967741935
os_5yr,tabpfn_v3,0.44954128440366975,0.7967479674796748
os_5yr,tabpfn_v3,0.44954128440366975,0.8032786885245902
os_5yr,tabpfn_v3,0.44495412844036697,0.8016528925619835
os_5yr,tabpfn_v3,0.44036697247706424,0.8
os_5yr,tabpfn_v3,0.43577981651376146,0.7983193277310925
os_5yr,tabpfn_v3,0.43119266055045874,0.7966101694915254
os_5yr,tabpfn_v3,0.42660550458715596,0.7948717948717948
os_5yr,tabpfn_v3,0.42201834862385323,0.7931034482758621
os_5yr,tabpfn_v3,0.41743119266055045,0.7913043478260869
os_5yr,tabpfn_v3,0.41284403669724773,0.7894736842105263
os_5yr,tabpfn_v3,0.41284403669724773,0.7964601769911505
os_5yr,tabpfn_v3,0.40825688073394495,0.7946428571428571
os_5yr,tabpfn_v3,0.4036697247706422,0.7927927927927928
os_5yr,tabpfn_v3,0.39908256880733944,0.7909090909090909
os_5yr,tabpfn_v3,0.3944954128440367,0.7889908256880734
os_5yr,tabpfn_v3,0.38990825688073394,0.7870370370370371
os_5yr,tabpfn_v3,0.3853211009174312,0.7850467289719626
os_5yr,tabpfn_v3,0.3853211009174312,0.7924528301886793
os_5yr,tabpfn_v3,0.3853211009174312,0.8
os_5yr,tabpfn_v3,0.38073394495412843,0.7980769230769231
os_5yr,tabpfn_v3,0.38073394495412843,0.8058252427184466
os_5yr,tabpfn_v3,0.3761467889908257,0.803921568627451
os_5yr,tabpfn_v3,0.37155963302752293,0.801980198019802
os_5yr,tabpfn_v3,0.3669724770642202,0.8
os_5yr,tabpfn_v3,0.3623853211009174,0.797979797979798
os_5yr,tabpfn_v3,0.3623853211009174,0.8061224489795918
os_5yr,tabpfn_v3,0.3577981651376147,0.8041237113402062
os_5yr,tabpfn_v3,0.3532110091743119,0.8020833333333334
os_5yr,tabpfn_v3,0.3486238532110092,0.8
os_5yr,tabpfn_v3,0.3486238532110092,0.8085106382978723
os_5yr,tabpfn_v3,0.3486238532110092,0.8172043010752689
os_5yr,tabpfn_v3,0.3440366972477064,0.8152173913043478
os_5yr,tabpfn_v3,0.3394495412844037,0.8131868131868132
os_5yr,tabpfn_v3,0.3348623853211009,0.8111111111111111
os_5yr,tabpfn_v3,0.3302752293577982,0.8089887640449438
os_5yr,tabpfn_v3,0.3256880733944954,0.8068181818181818
os_5yr,tabpfn_v3,0.3211009174311927,0.8045977011494253
os_5yr,tabpfn_v3,0.3211009174311927,0.813953488372093
os_5yr,tabpfn_v3,0.3165137614678899,0.8117647058823529
os_5yr,tabpfn_v3,0.3119266055045872,0.8095238095238095
os_5yr,tabpfn_v3,0.3073394495412844,0.8072289156626506
os_5yr,tabpfn_v3,0.3073394495412844,0.8170731707317073
os_5yr,tabpfn_v3,0.30275229357798167,0.8148148148148148
os_5yr,tabpfn_v3,0.2981651376146789,0.8125
os_5yr,tabpfn_v3,0.29357798165137616,0.810126582278481
os_5yr,tabpfn_v3,0.2889908256880734,0.8076923076923077
os_5yr,tabpfn_v3,0.28440366972477066,0.8051948051948052
os_5yr,tabpfn_v3,0.2798165137614679,0.8026315789473685
os_5yr,tabpfn_v3,0.2798165137614679,0.8133333333333334
os_5yr,tabpfn_v3,0.2798165137614679,0.8243243243243243
os_5yr,tabpfn_v3,0.2798165137614679,0.8356164383561644
os_5yr,tabpfn_v3,0.27522935779816515,0.8333333333333334
os_5yr,tabpfn_v3,0.27522935779816515,0.8450704225352113
os_5yr,tabpfn_v3,0.2706422018348624,0.8428571428571429
os_5yr,tabpfn_v3,0.26605504587155965,0.8405797101449275
os_5yr,tabpfn_v3,0.26605504587155965,0.8529411764705882
os_5yr,tabpfn_v3,0.26146788990825687,0.8507462686567164
os_5yr,tabpfn_v3,0.25688073394495414,0.8484848484848485
os_5yr,tabpfn_v3,0.25688073394495414,0.8615384615384616
os_5yr,tabpfn_v3,0.25229357798165136,0.859375
os_5yr,tabpfn_v3,0.25229357798165136,0.873015873015873
os_5yr,tabpfn_v3,0.24770642201834864,0.8709677419354839
os_5yr,tabpfn_v3,0.24311926605504589,0.8688524590163934
os_5yr,tabpfn_v3,0.23853211009174313,0.8666666666666667
os_5yr,tabpfn_v3,0.23394495412844038,0.864406779661017
os_5yr,tabpfn_v3,0.22935779816513763,0.8620689655172413
os_5yr,tabpfn_v3,0.22477064220183487,0.8596491228070176
os_5yr,tabpfn_v3,0.22018348623853212,0.8571428571428571
os_5yr,tabpfn_v3,0.21559633027522937,0.8545454545454545
os_5yr,tabpfn_v3,0.21100917431192662,0.8518518518518519
os_5yr,tabpfn_v3,0.20642201834862386,0.8490566037735849
os_5yr,tabpfn_v3,0.2018348623853211,0.8461538461538461
os_5yr,tabpfn_v3,0.19724770642201836,0.8431372549019608
os_5yr,tabpfn_v3,0.19724770642201836,0.86
os_5yr,tabpfn_v3,0.1926605504587156,0.8571428571428571
os_5yr,tabpfn_v3,0.18807339449541285,0.8541666666666666
os_5yr,tabpfn_v3,0.18807339449541285,0.8723404255319149
os_5yr,tabpfn_v3,0.1834862385321101,0.8695652173913043
os_5yr,tabpfn_v3,0.17889908256880735,0.8666666666666667
os_5yr,tabpfn_v3,0.1743119266055046,0.8636363636363636
os_5yr,tabpfn_v3,0.1743119266055046,0.8837209302325582
os_5yr,tabpfn_v3,0.16972477064220184,0.8809523809523809
os_5yr,tabpfn_v3,0.1651376146788991,0.8780487804878049
os_5yr,tabpfn_v3,0.1651376146788991,0.9
os_5yr,tabpfn_v3,0.16055045871559634,0.8974358974358975
os_5yr,tabpfn_v3,0.1559633027522936,0.8947368421052632
os_5yr,tabpfn_v3,0.15137614678899083,0.8918918918918919
os_5yr,tabpfn_v3,0.12844036697247707,0.875
os_5yr,tabpfn_v3,0.12385321100917432,0.8709677419354839
os_5yr,tabpfn_v3,0.11926605504587157,0.8666666666666667
os_5yr,tabpfn_v3,0.11467889908256881,0.8620689655172413
os_5yr,tabpfn_v3,0.11009174311926606,0.8571428571428571
os_5yr,tabpfn_v3,0.10550458715596331,0.8518518518518519
os_5yr,tabpfn_v3,0.10091743119266056,0.8461538461538461
os_5yr,tabpfn_v3,0.0963302752293578,0.84
os_5yr,tabpfn_v3,0.09174311926605505,0.8333333333333334
os_5yr,tabpfn_v3,0.09174311926605505,0.8695652173913043
os_5yr,tabpfn_v3,0.0871559633027523,0.8636363636363636
os_5yr,tabpfn_v3,0.08256880733944955,0.8571428571428571
os_5yr,tabpfn_v3,0.0779816513761468,0.85
os_5yr,tabpfn_v3,0.0779816513761468,0.8947368421052632
os_5yr,tabpfn_v3,0.07339449541284404,0.8888888888888888
os_5yr,tabpfn_v3,0.05504587155963303,0.8571428571428571
os_5yr,tabpfn_v3,0.05045871559633028,0.8461538461538461
os_5yr,tabpfn_v3,0.04128440366972477,0.8181818181818182
os_5yr,tabpfn_v3,0.04128440366972477,0.9
os_5yr,tabpfn_v3,0.04128440366972477,1.0
os_5yr,tabpfn_v3,0.03669724770642202,1.0
os_5yr,tabpfn_v3,0.03211009174311927,1.0
os_5yr,tabpfn_v3,0.027522935779816515,1.0
os_5yr,tabpfn_v3,0.022935779816513763,1.0
os_5yr,tabpfn_v3,0.0,1.0
