endpoint,model_name,fpr,tpr
extreme_os,tabfm_default,0.0,0.0
extreme_os,tabfm_default,0.0,0.07692307692307693
extreme_os,tabfm_default,0.0,0.0989010989010989
extreme_os,tabfm_default,0.0,0.13186813186813187
extreme_os,tabfm_default,0.02,0.14285714285714285
extreme_os,tabfm_default,0.02,0.2087912087912088
extreme_os,tabfm_default,0.02,0.21978021978021978
extreme_os,tabfm_default,0.04,0.25274725274725274
extreme_os,tabfm_default,0.04,0.2967032967032967
extreme_os,tabfm_default,0.04,0.31868131868131866
extreme_os,tabfm_default,0.04,0.3626373626373626
extreme_os,tabfm_default,0.04,0.4065934065934066
extreme_os,tabfm_default,0.04,0.43956043956043955
extreme_os,tabfm_default,0.08,0.4835164835164835
extreme_os,tabfm_default,0.08,0.5054945054945055
extreme_os,tabfm_default,0.08,0.5384615384615384
extreme_os,tabfm_default,0.1,0.5824175824175825
extreme_os,tabfm_default,0.14,0.5824175824175825
extreme_os,tabfm_default,0.14,0.5934065934065934
extreme_os,tabfm_default,0.16,0.6043956043956044
extreme_os,tabfm_default,0.16,0.6373626373626373
extreme_os,tabfm_default,0.18,0.6483516483516484
extreme_os,tabfm_default,0.18,0.6703296703296703
extreme_os,tabfm_default,0.22,0.6703296703296703
extreme_os,tabfm_default,0.24,0.7142857142857143
extreme_os,tabfm_default,0.26,0.7362637362637363
extreme_os,tabfm_default,0.3,0.8021978021978022
extreme_os,tabfm_default,0.3,0.8241758241758241
extreme_os,tabfm_default,0.34,0.8681318681318682
extreme_os,tabfm_default,0.36,0.8681318681318682
extreme_os,tabfm_default,0.46,0.8791208791208791
extreme_os,tabfm_default,0.52,0.8791208791208791
extreme_os,tabfm_default,0.78,0.9120879120879121
extreme_os,tabfm_default,0.82,0.9120879120879121
extreme_os,tabfm_default,0.86,0.9340659340659341
extreme_os,tabfm_default,1.0,0.978021978021978
extreme_os,tabfm_default,1.0,1.0
extreme_os,tabpfn_v2,0.0,0.0
extreme_os,tabpfn_v2,0.0,0.01098901098901099
extreme_os,tabpfn_v2,0.0,0.03296703296703297
extreme_os,tabpfn_v2,0.0,0.06593406593406594
extreme_os,tabpfn_v2,0.0,0.12087912087912088
extreme_os,tabpfn_v2,0.0,0.14285714285714285
extreme_os,tabpfn_v2,0.0,0.23076923076923078
extreme_os,tabpfn_v2,0.02,0.23076923076923078
extreme_os,tabpfn_v2,0.02,0.2857142857142857
extreme_os,tabpfn_v2,0.02,0.3076923076923077
extreme_os,tabpfn_v2,0.04,0.3076923076923077
extreme_os,tabpfn_v2,0.04,0.34065934065934067
extreme_os,tabpfn_v2,0.06,0.34065934065934067
extreme_os,tabpfn_v2,0.06,0.3956043956043956
extreme_os,tabpfn_v2,0.08,0.3956043956043956
extreme_os,tabpfn_v2,0.08,0.45054945054945056
extreme_os,tabpfn_v2,0.1,0.45054945054945056
extreme_os,tabpfn_v2,0.1,0.5054945054945055
extreme_os,tabpfn_v2,0.12,0.5054945054945055
extreme_os,tabpfn_v2,0.12,0.5274725274725275
extreme_os,tabpfn_v2,0.14,0.5274725274725275
extreme_os,tabpfn_v2,0.14,0.5384615384615384
extreme_os,tabpfn_v2,0.16,0.5384615384615384
extreme_os,tabpfn_v2,0.16,0.5714285714285714
extreme_os,tabpfn_v2,0.18,0.5714285714285714
extreme_os,tabpfn_v2,0.18,0.6153846153846154
extreme_os,tabpfn_v2,0.22,0.6153846153846154
extreme_os,tabpfn_v2,0.22,0.6373626373626373
extreme_os,tabpfn_v2,0.24,0.6373626373626373
extreme_os,tabpfn_v2,0.24,0.7252747252747253
extreme_os,tabpfn_v2,0.26,0.7252747252747253
extreme_os,tabpfn_v2,0.26,0.7362637362637363
extreme_os,tabpfn_v2,0.28,0.7362637362637363
extreme_os,tabpfn_v2,0.28,0.7692307692307693
extreme_os,tabpfn_v2,0.32,0.7692307692307693
extreme_os,tabpfn_v2,0.32,0.7912087912087912
extreme_os,tabpfn_v2,0.34,0.7912087912087912
extreme_os,tabpfn_v2,0.34,0.8681318681318682
extreme_os,tabpfn_v2,0.4,0.8681318681318682
extreme_os,tabpfn_v2,0.4,0.8791208791208791
extreme_os,tabpfn_v2,0.66,0.8791208791208791
extreme_os,tabpfn_v2,0.66,0.8901098901098901
extreme_os,tabpfn_v2,0.68,0.8901098901098901
extreme_os,tabpfn_v2,0.68,0.9010989010989011
extreme_os,tabpfn_v2,0.74,0.9010989010989011
extreme_os,tabpfn_v2,0.74,0.9230769230769231
extreme_os,tabpfn_v2,0.76,0.9230769230769231
extreme_os,tabpfn_v2,0.76,0.9340659340659341
extreme_os,tabpfn_v2,0.78,0.9340659340659341
extreme_os,tabpfn_v2,0.78,0.9560439560439561
extreme_os,tabpfn_v2,0.82,0.9560439560439561
extreme_os,tabpfn_v2,0.82,0.989010989010989
extreme_os,tabpfn_v2,0.86,0.989010989010989
extreme_os,tabpfn_v2,0.9,0.989010989010989
extreme_os,tabpfn_v2,0.98,0.989010989010989
extreme_os,tabpfn_v2,0.98,1.0
extreme_os,tabpfn_v2,1.0,1.0
extreme_os,tabpfn_v2_5,0.0,0.0
extreme_os,tabpfn_v2_5,0.0,0.01098901098901099
extreme_os,tabpfn_v2_5,0.0,0.03296703296703297
extreme_os,tabpfn_v2_5,0.0,0.06593406593406594
extreme_os,tabpfn_v2_5,0.0,0.07692307692307693
extreme_os,tabpfn_v2_5,0.0,0.0989010989010989
extreme_os,tabpfn_v2_5,0.0,0.14285714285714285
extreme_os,tabpfn_v2_5,0.02,0.14285714285714285
extreme_os,tabpfn_v2_5,0.02,0.38461538461538464
extreme_os,tabpfn_v2_5,0.04,0.38461538461538464
extreme_os,tabpfn_v2_5,0.04,0.4175824175824176
extreme_os,tabpfn_v2_5,0.1,0.4175824175824176
extreme_os,tabpfn_v2_5,0.1,0.4835164835164835
extreme_os,tabpfn_v2_5,0.12,0.4835164835164835
extreme_os,tabpfn_v2_5,0.12,0.5384615384615384
extreme_os,tabpfn_v2_5,0.14,0.5384615384615384
extreme_os,tabpfn_v2_5,0.14,0.5494505494505495
extreme_os,tabpfn_v2_5,0.16,0.5494505494505495
extreme_os,tabpfn_v2_5,0.16,0.6153846153846154
extreme_os,tabpfn_v2_5,0.18,0.6153846153846154
extreme_os,tabpfn_v2_5,0.18,0.6263736263736264
extreme_os,tabpfn_v2_5,0.2,0.6263736263736264
extreme_os,tabpfn_v2_5,0.2,0.7032967032967034
extreme_os,tabpfn_v2_5,0.22,0.7032967032967034
extreme_os,tabpfn_v2_5,0.22,0.7472527472527473
extreme_os,tabpfn_v2_5,0.26,0.7472527472527473
extreme_os,tabpfn_v2_5,0.26,0.7692307692307693
extreme_os,tabpfn_v2_5,0.28,0.7692307692307693
extreme_os,tabpfn_v2_5,0.28,0.8351648351648352
extreme_os,tabpfn_v2_5,0.34,0.8351648351648352
extreme_os,tabpfn_v2_5,0.34,0.8571428571428571
extreme_os,tabpfn_v2_5,0.36,0.8571428571428571
extreme_os,tabpfn_v2_5,0.36,0.8901098901098901
extreme_os,tabpfn_v2_5,0.44,0.8901098901098901
extreme_os,tabpfn_v2_5,0.44,0.9010989010989011
extreme_os,tabpfn_v2_5,0.46,0.9010989010989011
extreme_os,tabpfn_v2_5,0.46,0.9120879120879121
extreme_os,tabpfn_v2_5,0.5,0.9120879120879121
extreme_os,tabpfn_v2_5,0.5,0.9230769230769231
extreme_os,tabpfn_v2_5,0.54,0.9230769230769231
extreme_os,tabpfn_v2_5,0.54,0.9340659340659341
extreme_os,tabpfn_v2_5,0.56,0.9340659340659341
extreme_os,tabpfn_v2_5,0.6,0.9340659340659341
extreme_os,tabpfn_v2_5,0.62,0.9340659340659341
extreme_os,tabpfn_v2_5,0.62,0.945054945054945
extreme_os,tabpfn_v2_5,0.68,0.945054945054945
extreme_os,tabpfn_v2_5,0.68,0.978021978021978
extreme_os,tabpfn_v2_5,0.72,0.978021978021978
extreme_os,tabpfn_v2_5,0.72,0.989010989010989
extreme_os,tabpfn_v2_5,0.74,0.989010989010989
extreme_os,tabpfn_v2_5,0.78,0.989010989010989
extreme_os,tabpfn_v2_5,0.82,0.989010989010989
extreme_os,tabpfn_v2_5,0.82,1.0
extreme_os,tabpfn_v2_5,1.0,1.0
extreme_os,tabpfn_v2_6,0.0,0.0
extreme_os,tabpfn_v2_6,0.0,0.01098901098901099
extreme_os,tabpfn_v2_6,0.0,0.02197802197802198
extreme_os,tabpfn_v2_6,0.0,0.054945054945054944
extreme_os,tabpfn_v2_6,0.0,0.07692307692307693
extreme_os,tabpfn_v2_6,0.0,0.21978021978021978
extreme_os,tabpfn_v2_6,0.02,0.21978021978021978
extreme_os,tabpfn_v2_6,0.02,0.24175824175824176
extreme_os,tabpfn_v2_6,0.04,0.24175824175824176
extreme_os,tabpfn_v2_6,0.04,0.32967032967032966
extreme_os,tabpfn_v2_6,0.04,0.3516483516483517
extreme_os,tabpfn_v2_6,0.04,0.4725274725274725
extreme_os,tabpfn_v2_6,0.06,0.4725274725274725
extreme_os,tabpfn_v2_6,0.06,0.5054945054945055
extreme_os,tabpfn_v2_6,0.14,0.5054945054945055
extreme_os,tabpfn_v2_6,0.14,0.5164835164835165
extreme_os,tabpfn_v2_6,0.16,0.5164835164835165
extreme_os,tabpfn_v2_6,0.16,0.5604395604395604
extreme_os,tabpfn_v2_6,0.18,0.5604395604395604
extreme_os,tabpfn_v2_6,0.18,0.6373626373626373
extreme_os,tabpfn_v2_6,0.2,0.6373626373626373
extreme_os,tabpfn_v2_6,0.2,0.6593406593406593
extreme_os,tabpfn_v2_6,0.22,0.6593406593406593
extreme_os,tabpfn_v2_6,0.22,0.6813186813186813
extreme_os,tabpfn_v2_6,0.24,0.6813186813186813
extreme_os,tabpfn_v2_6,0.24,0.7582417582417582
extreme_os,tabpfn_v2_6,0.26,0.7582417582417582
extreme_os,tabpfn_v2_6,0.26,0.8021978021978022
extreme_os,tabpfn_v2_6,0.28,0.8021978021978022
extreme_os,tabpfn_v2_6,0.28,0.8351648351648352
extreme_os,tabpfn_v2_6,0.3,0.8351648351648352
extreme_os,tabpfn_v2_6,0.3,0.8461538461538461
extreme_os,tabpfn_v2_6,0.32,0.8571428571428571
extreme_os,tabpfn_v2_6,0.34,0.8571428571428571
extreme_os,tabpfn_v2_6,0.34,0.8681318681318682
extreme_os,tabpfn_v2_6,0.36,0.8681318681318682
extreme_os,tabpfn_v2_6,0.36,0.8791208791208791
extreme_os,tabpfn_v2_6,0.4,0.8791208791208791
extreme_os,tabpfn_v2_6,0.4,0.8901098901098901
extreme_os,tabpfn_v2_6,0.44,0.8901098901098901
extreme_os,tabpfn_v2_6,0.44,0.9010989010989011
extreme_os,tabpfn_v2_6,0.48,0.9010989010989011
extreme_os,tabpfn_v2_6,0.56,0.9010989010989011
extreme_os,tabpfn_v2_6,0.56,0.9120879120879121
extreme_os,tabpfn_v2_6,0.62,0.9120879120879121
extreme_os,tabpfn_v2_6,0.62,0.9340659340659341
extreme_os,tabpfn_v2_6,0.64,0.9340659340659341
extreme_os,tabpfn_v2_6,0.66,0.945054945054945
extreme_os,tabpfn_v2_6,0.7,0.945054945054945
extreme_os,tabpfn_v2_6,0.7,0.967032967032967
extreme_os,tabpfn_v2_6,0.9,0.967032967032967
extreme_os,tabpfn_v2_6,0.9,0.978021978021978
extreme_os,tabpfn_v2_6,0.92,0.978021978021978
extreme_os,tabpfn_v2_6,0.92,1.0
extreme_os,tabpfn_v2_6,1.0,1.0
extreme_os,tabpfn_v3,0.0,0.0
extreme_os,tabpfn_v3,0.0,0.01098901098901099
extreme_os,tabpfn_v3,0.0,0.02197802197802198
extreme_os,tabpfn_v3,0.0,0.054945054945054944
extreme_os,tabpfn_v3,0.0,0.07692307692307693
extreme_os,tabpfn_v3,0.0,0.1978021978021978
extreme_os,tabpfn_v3,0.02,0.1978021978021978
extreme_os,tabpfn_v3,0.02,0.32967032967032966
extreme_os,tabpfn_v3,0.04,0.32967032967032966
extreme_os,tabpfn_v3,0.04,0.46153846153846156
extreme_os,tabpfn_v3,0.06,0.46153846153846156
extreme_os,tabpfn_v3,0.06,0.4725274725274725
extreme_os,tabpfn_v3,0.08,0.4725274725274725
extreme_os,tabpfn_v3,0.08,0.4945054945054945
extreme_os,tabpfn_v3,0.1,0.4945054945054945
extreme_os,tabpfn_v3,0.1,0.5604395604395604
extreme_os,tabpfn_v3,0.14,0.5604395604395604
extreme_os,tabpfn_v3,0.14,0.5934065934065934
extreme_os,tabpfn_v3,0.16,0.5934065934065934
extreme_os,tabpfn_v3,0.16,0.6043956043956044
extreme_os,tabpfn_v3,0.18,0.6043956043956044
extreme_os,tabpfn_v3,0.18,0.6923076923076923
extreme_os,tabpfn_v3,0.2,0.6923076923076923
extreme_os,tabpfn_v3,0.2,0.7142857142857143
extreme_os,tabpfn_v3,0.22,0.7142857142857143
extreme_os,tabpfn_v3,0.22,0.7252747252747253
extreme_os,tabpfn_v3,0.26,0.7252747252747253
extreme_os,tabpfn_v3,0.26,0.7692307692307693
extreme_os,tabpfn_v3,0.28,0.7692307692307693
extreme_os,tabpfn_v3,0.28,0.8021978021978022
extreme_os,tabpfn_v3,0.3,0.8021978021978022
extreme_os,tabpfn_v3,0.3,0.8131868131868132
extreme_os,tabpfn_v3,0.32,0.8131868131868132
extreme_os,tabpfn_v3,0.32,0.8461538461538461
extreme_os,tabpfn_v3,0.34,0.8461538461538461
extreme_os,tabpfn_v3,0.34,0.8571428571428571
extreme_os,tabpfn_v3,0.36,0.8571428571428571
extreme_os,tabpfn_v3,0.36,0.8681318681318682
extreme_os,tabpfn_v3,0.38,0.8681318681318682
extreme_os,tabpfn_v3,0.38,0.8901098901098901
extreme_os,tabpfn_v3,0.54,0.8901098901098901
extreme_os,tabpfn_v3,0.54,0.9120879120879121
extreme_os,tabpfn_v3,0.8,0.9120879120879121
extreme_os,tabpfn_v3,0.8,0.9340659340659341
extreme_os,tabpfn_v3,0.82,0.9340659340659341
extreme_os,tabpfn_v3,0.82,0.945054945054945
extreme_os,tabpfn_v3,0.84,0.945054945054945
extreme_os,tabpfn_v3,0.84,0.967032967032967
extreme_os,tabpfn_v3,0.86,0.967032967032967
extreme_os,tabpfn_v3,0.86,0.978021978021978
extreme_os,tabpfn_v3,0.9,0.978021978021978
extreme_os,tabpfn_v3,0.9,0.989010989010989
extreme_os,tabpfn_v3,1.0,0.989010989010989
extreme_os,tabpfn_v3,1.0,1.0
os_3yr,tabfm_default,0.0,0.0
os_3yr,tabfm_default,0.0,0.004878048780487805
os_3yr,tabfm_default,0.0,0.01951219512195122
os_3yr,tabfm_default,0.003436426116838488,0.01951219512195122
os_3yr,tabfm_default,0.003436426116838488,0.02926829268292683
os_3yr,tabfm_default,0.003436426116838488,0.03902439024390244
os_3yr,tabfm_default,0.006872852233676976,0.03902439024390244
os_3yr,tabfm_default,0.006872852233676976,0.04878048780487805
os_3yr,tabfm_default,0.010309278350515464,0.04878048780487805
os_3yr,tabfm_default,0.010309278350515464,0.05853658536585366
os_3yr,tabfm_default,0.013745704467353952,0.05853658536585366
os_3yr,tabfm_default,0.013745704467353952,0.06341463414634146
os_3yr,tabfm_default,0.013745704467353952,0.08292682926829269
os_3yr,tabfm_default,0.013745704467353952,0.08780487804878048
os_3yr,tabfm_default,0.01718213058419244,0.09268292682926829
os_3yr,tabfm_default,0.01718213058419244,0.11219512195121951
os_3yr,tabfm_default,0.020618556701030927,0.11219512195121951
os_3yr,tabfm_default,0.020618556701030927,0.11707317073170732
os_3yr,tabfm_default,0.030927835051546393,0.11707317073170732
os_3yr,tabfm_default,0.030927835051546393,0.13658536585365855
os_3yr,tabfm_default,0.048109965635738834,0.13658536585365855
os_3yr,tabfm_default,0.054982817869415807,0.13658536585365855
os_3yr,tabfm_default,0.054982817869415807,0.14146341463414633
os_3yr,tabfm_default,0.058419243986254296,0.14146341463414633
os_3yr,tabfm_default,0.06529209621993128,0.14634146341463414
os_3yr,tabfm_default,0.06872852233676977,0.14634146341463414
os_3yr,tabfm_default,0.07216494845360824,0.16097560975609757
os_3yr,tabfm_default,0.07560137457044673,0.16585365853658537
os_3yr,tabfm_default,0.07903780068728522,0.16585365853658537
os_3yr,tabfm_default,0.0859106529209622,0.17073170731707318
os_3yr,tabfm_default,0.0859106529209622,0.18048780487804877
os_3yr,tabfm_default,0.08934707903780069,0.18048780487804877
os_3yr,tabfm_default,0.09621993127147767,0.18048780487804877
os_3yr,tabfm_default,0.1134020618556701,0.2097560975609756
os_3yr,tabfm_default,0.13058419243986255,0.22439024390243903
os_3yr,tabfm_default,0.13058419243986255,0.22926829268292684
os_3yr,tabfm_default,0.15807560137457044,0.25365853658536586
os_3yr,tabfm_default,0.15807560137457044,0.2682926829268293
os_3yr,tabfm_default,0.16151202749140894,0.28292682926829266
os_3yr,tabfm_default,0.1718213058419244,0.3073170731707317
os_3yr,tabfm_default,0.1718213058419244,0.3121951219512195
os_3yr,tabfm_default,0.1718213058419244,0.32195121951219513
os_3yr,tabfm_default,0.17525773195876287,0.32682926829268294
os_3yr,tabfm_default,0.17525773195876287,0.3463414634146341
os_3yr,tabfm_default,0.17869415807560138,0.35121951219512193
os_3yr,tabfm_default,0.18213058419243985,0.36097560975609755
os_3yr,tabfm_default,0.18213058419243985,0.37073170731707317
os_3yr,tabfm_default,0.18556701030927836,0.375609756097561
os_3yr,tabfm_default,0.18556701030927836,0.3853658536585366
os_3yr,tabfm_default,0.18556701030927836,0.4
os_3yr,tabfm_default,0.18900343642611683,0.4
os_3yr,tabfm_default,0.19243986254295534,0.4097560975609756
os_3yr,tabfm_default,0.19243986254295534,0.4195121951219512
os_3yr,tabfm_default,0.21305841924398625,0.44878048780487806
os_3yr,tabfm_default,0.21649484536082475,0.4585365853658537
os_3yr,tabfm_default,0.23367697594501718,0.47317073170731705
os_3yr,tabfm_default,0.2646048109965636,0.5121951219512195
os_3yr,tabfm_default,0.2646048109965636,0.5219512195121951
os_3yr,tabfm_default,0.27147766323024053,0.5317073170731708
os_3yr,tabfm_default,0.28865979381443296,0.5414634146341464
os_3yr,tabfm_default,0.29896907216494845,0.5463414634146342
os_3yr,tabfm_default,0.29896907216494845,0.5609756097560976
os_3yr,tabfm_default,0.3024054982817869,0.5658536585365853
os_3yr,tabfm_default,0.30927835051546393,0.5756097560975609
os_3yr,tabfm_default,0.3127147766323024,0.5756097560975609
os_3yr,tabfm_default,0.3161512027491409,0.5804878048780487
os_3yr,tabfm_default,0.32646048109965636,0.5804878048780487
os_3yr,tabfm_default,0.3402061855670103,0.5951219512195122
os_3yr,tabfm_default,0.3470790378006873,0.5951219512195122
os_3yr,tabfm_default,0.35051546391752575,0.6048780487804878
os_3yr,tabfm_default,0.3539518900343643,0.6097560975609756
os_3yr,tabfm_default,0.36769759450171824,0.6146341463414634
os_3yr,tabfm_default,0.3711340206185567,0.6146341463414634
os_3yr,tabfm_default,0.3711340206185567,0.6195121951219512
os_3yr,tabfm_default,0.3745704467353952,0.6195121951219512
os_3yr,tabfm_default,0.3745704467353952,0.6292682926829268
os_3yr,tabfm_default,0.3745704467353952,0.6341463414634146
os_3yr,tabfm_default,0.37800687285223367,0.6439024390243903
os_3yr,tabfm_default,0.37800687285223367,0.6536585365853659
os_3yr,tabfm_default,0.38144329896907214,0.6585365853658537
os_3yr,tabfm_default,0.38144329896907214,0.6634146341463415
os_3yr,tabfm_default,0.3848797250859107,0.6634146341463415
os_3yr,tabfm_default,0.41924398625429554,0.7024390243902439
os_3yr,tabfm_default,0.436426116838488,0.7170731707317073
os_3yr,tabfm_default,0.4570446735395189,0.7902439024390244
os_3yr,tabfm_default,0.4570446735395189,0.7951219512195122
os_3yr,tabfm_default,0.46048109965635736,0.8048780487804879
os_3yr,tabfm_default,0.4639175257731959,0.824390243902439
os_3yr,tabfm_default,0.46735395189003437,0.8292682926829268
os_3yr,tabfm_default,0.4742268041237113,0.8292682926829268
os_3yr,tabfm_default,0.4845360824742268,0.8390243902439024
os_3yr,tabfm_default,0.4845360824742268,0.8439024390243902
os_3yr,tabfm_default,0.5017182130584192,0.8585365853658536
os_3yr,tabfm_default,0.5154639175257731,0.8585365853658536
os_3yr,tabfm_default,0.5154639175257731,0.8731707317073171
os_3yr,tabfm_default,0.5189003436426117,0.8731707317073171
os_3yr,tabfm_default,0.5189003436426117,0.8975609756097561
os_3yr,tabfm_default,0.5360824742268041,0.9073170731707317
os_3yr,tabfm_default,0.5532646048109966,0.9073170731707317
os_3yr,tabfm_default,0.5532646048109966,0.9121951219512195
os_3yr,tabfm_default,0.5567010309278351,0.9121951219512195
os_3yr,tabfm_default,0.5567010309278351,0.9170731707317074
os_3yr,tabfm_default,0.5773195876288659,0.9170731707317074
os_3yr,tabfm_default,0.5773195876288659,0.926829268292683
os_3yr,tabfm_default,0.5945017182130584,0.926829268292683
os_3yr,tabfm_default,0.5945017182130584,0.9317073170731708
os_3yr,tabfm_default,0.6013745704467354,0.9317073170731708
os_3yr,tabfm_default,0.6013745704467354,0.9365853658536586
os_3yr,tabfm_default,0.6185567010309279,0.9414634146341463
os_3yr,tabfm_default,0.6185567010309279,0.9463414634146341
os_3yr,tabfm_default,0.6254295532646048,0.9463414634146341
os_3yr,tabfm_default,0.6288659793814433,0.9463414634146341
os_3yr,tabfm_default,0.6529209621993127,0.9463414634146341
os_3yr,tabfm_default,0.6632302405498282,0.9463414634146341
os_3yr,tabfm_default,0.7010309278350515,0.9512195121951219
os_3yr,tabfm_default,0.7044673539518901,0.9560975609756097
os_3yr,tabfm_default,0.7422680412371134,0.9658536585365853
os_3yr,tabfm_default,0.7491408934707904,0.9658536585365853
os_3yr,tabfm_default,0.7731958762886598,0.9658536585365853
os_3yr,tabfm_default,0.7800687285223368,0.9658536585365853
os_3yr,tabfm_default,0.8075601374570447,0.9658536585365853
os_3yr,tabfm_default,0.8109965635738832,0.9658536585365853
os_3yr,tabfm_default,0.8178694158075601,0.9658536585365853
os_3yr,tabfm_default,0.8247422680412371,0.9658536585365853
os_3yr,tabfm_default,0.8350515463917526,0.9658536585365853
os_3yr,tabfm_default,0.8419243986254296,0.9658536585365853
os_3yr,tabfm_default,0.8419243986254296,0.9707317073170731
os_3yr,tabfm_default,0.872852233676976,0.9707317073170731
os_3yr,tabfm_default,0.8831615120274914,0.9707317073170731
os_3yr,tabfm_default,0.8831615120274914,0.975609756097561
os_3yr,tabfm_default,0.8865979381443299,0.975609756097561
os_3yr,tabfm_default,0.9140893470790378,0.975609756097561
os_3yr,tabfm_default,0.9243986254295533,0.975609756097561
os_3yr,tabfm_default,0.9381443298969072,0.975609756097561
os_3yr,tabfm_default,0.9415807560137457,0.9804878048780488
os_3yr,tabfm_default,0.9553264604810997,0.9902439024390244
os_3yr,tabfm_default,0.9621993127147767,0.9902439024390244
os_3yr,tabfm_default,0.9690721649484536,0.9902439024390244
os_3yr,tabfm_default,0.9759450171821306,0.9902439024390244
os_3yr,tabfm_default,0.9862542955326461,0.9902439024390244
os_3yr,tabfm_default,0.9862542955326461,0.9951219512195122
os_3yr,tabfm_default,1.0,0.9951219512195122
os_3yr,tabfm_default,1.0,1.0
os_3yr,tabpfn_v2,0.0,0.0
os_3yr,tabpfn_v2,0.003436426116838488,0.0
os_3yr,tabpfn_v2,0.003436426116838488,0.004878048780487805
os_3yr,tabpfn_v2,0.006872852233676976,0.004878048780487805
os_3yr,tabpfn_v2,0.006872852233676976,0.02926829268292683
os_3yr,tabpfn_v2,0.010309278350515464,0.02926829268292683
os_3yr,tabpfn_v2,0.010309278350515464,0.06341463414634146
os_3yr,tabpfn_v2,0.01718213058419244,0.06341463414634146
os_3yr,tabpfn_v2,0.01718213058419244,0.07804878048780488
os_3yr,tabpfn_v2,0.020618556701030927,0.07804878048780488
os_3yr,tabpfn_v2,0.020618556701030927,0.11219512195121951
os_3yr,tabpfn_v2,0.027491408934707903,0.11219512195121951
os_3yr,tabpfn_v2,0.027491408934707903,0.12682926829268293
os_3yr,tabpfn_v2,0.03436426116838488,0.12682926829268293
os_3yr,tabpfn_v2,0.03436426116838488,0.13170731707317074
os_3yr,tabpfn_v2,0.041237113402061855,0.13170731707317074
os_3yr,tabpfn_v2,0.041237113402061855,0.13658536585365855
os_3yr,tabpfn_v2,0.05154639175257732,0.13658536585365855
os_3yr,tabpfn_v2,0.05154639175257732,0.15121951219512195
os_3yr,tabpfn_v2,0.058419243986254296,0.15121951219512195
os_3yr,tabpfn_v2,0.058419243986254296,0.15609756097560976
os_3yr,tabpfn_v2,0.061855670103092786,0.15609756097560976
os_3yr,tabpfn_v2,0.061855670103092786,0.17073170731707318
os_3yr,tabpfn_v2,0.06529209621993128,0.17073170731707318
os_3yr,tabpfn_v2,0.06529209621993128,0.18048780487804877
os_3yr,tabpfn_v2,0.07560137457044673,0.18048780487804877
os_3yr,tabpfn_v2,0.07560137457044673,0.2097560975609756
os_3yr,tabpfn_v2,0.08247422680412371,0.2097560975609756
os_3yr,tabpfn_v2,0.08247422680412371,0.2146341463414634
os_3yr,tabpfn_v2,0.0859106529209622,0.21951219512195122
os_3yr,tabpfn_v2,0.0859106529209622,0.22439024390243903
os_3yr,tabpfn_v2,0.08934707903780069,0.22439024390243903
os_3yr,tabpfn_v2,0.09278350515463918,0.22926829268292684
os_3yr,tabpfn_v2,0.09965635738831616,0.22926829268292684
os_3yr,tabpfn_v2,0.09965635738831616,0.23414634146341465
os_3yr,tabpfn_v2,0.10996563573883161,0.23414634146341465
os_3yr,tabpfn_v2,0.12027491408934708,0.23414634146341465
os_3yr,tabpfn_v2,0.12027491408934708,0.24390243902439024
os_3yr,tabpfn_v2,0.12371134020618557,0.24878048780487805
os_3yr,tabpfn_v2,0.12714776632302405,0.24878048780487805
os_3yr,tabpfn_v2,0.12714776632302405,0.25365853658536586
os_3yr,tabpfn_v2,0.13058419243986255,0.25365853658536586
os_3yr,tabpfn_v2,0.13058419243986255,0.25853658536585367
os_3yr,tabpfn_v2,0.13402061855670103,0.25853658536585367
os_3yr,tabpfn_v2,0.13402061855670103,0.2634146341463415
os_3yr,tabpfn_v2,0.13745704467353953,0.2634146341463415
os_3yr,tabpfn_v2,0.13745704467353953,0.28292682926829266
os_3yr,tabpfn_v2,0.14432989690721648,0.28292682926829266
os_3yr,tabpfn_v2,0.14432989690721648,0.28780487804878047
os_3yr,tabpfn_v2,0.14776632302405499,0.2926829268292683
os_3yr,tabpfn_v2,0.14776632302405499,0.3073170731707317
os_3yr,tabpfn_v2,0.14776632302405499,0.3170731707317073
os_3yr,tabpfn_v2,0.15120274914089346,0.3170731707317073
os_3yr,tabpfn_v2,0.15120274914089346,0.33658536585365856
os_3yr,tabpfn_v2,0.15463917525773196,0.33658536585365856
os_3yr,tabpfn_v2,0.15463917525773196,0.3463414634146341
os_3yr,tabpfn_v2,0.16151202749140894,0.3463414634146341
os_3yr,tabpfn_v2,0.16151202749140894,0.36097560975609755
os_3yr,tabpfn_v2,0.16494845360824742,0.36097560975609755
os_3yr,tabpfn_v2,0.16494845360824742,0.36585365853658536
os_3yr,tabpfn_v2,0.16838487972508592,0.36585365853658536
os_3yr,tabpfn_v2,0.16838487972508592,0.37073170731707317
os_3yr,tabpfn_v2,0.1718213058419244,0.37073170731707317
os_3yr,tabpfn_v2,0.1718213058419244,0.3902439024390244
os_3yr,tabpfn_v2,0.18213058419243985,0.3902439024390244
os_3yr,tabpfn_v2,0.18213058419243985,0.3951219512195122
os_3yr,tabpfn_v2,0.1958762886597938,0.3951219512195122
os_3yr,tabpfn_v2,0.1958762886597938,0.40487804878048783
os_3yr,tabpfn_v2,0.19931271477663232,0.40487804878048783
os_3yr,tabpfn_v2,0.19931271477663232,0.4146341463414634
os_3yr,tabpfn_v2,0.2027491408934708,0.4146341463414634
os_3yr,tabpfn_v2,0.21649484536082475,0.4292682926829268
os_3yr,tabpfn_v2,0.21993127147766323,0.4292682926829268
os_3yr,tabpfn_v2,0.21993127147766323,0.43414634146341463
os_3yr,tabpfn_v2,0.22336769759450173,0.43414634146341463
os_3yr,tabpfn_v2,0.22336769759450173,0.43902439024390244
os_3yr,tabpfn_v2,0.2268041237113402,0.44390243902439025
os_3yr,tabpfn_v2,0.2268041237113402,0.45365853658536587
os_3yr,tabpfn_v2,0.2268041237113402,0.4634146341463415
os_3yr,tabpfn_v2,0.23367697594501718,0.4634146341463415
os_3yr,tabpfn_v2,0.24054982817869416,0.4634146341463415
os_3yr,tabpfn_v2,0.24742268041237114,0.4634146341463415
os_3yr,tabpfn_v2,0.2508591065292096,0.4634146341463415
os_3yr,tabpfn_v2,0.2508591065292096,0.4682926829268293
os_3yr,tabpfn_v2,0.2542955326460481,0.4682926829268293
os_3yr,tabpfn_v2,0.2542955326460481,0.47804878048780486
os_3yr,tabpfn_v2,0.2611683848797251,0.47804878048780486
os_3yr,tabpfn_v2,0.2646048109965636,0.48292682926829267
os_3yr,tabpfn_v2,0.27147766323024053,0.48292682926829267
os_3yr,tabpfn_v2,0.27835051546391754,0.4878048780487805
os_3yr,tabpfn_v2,0.281786941580756,0.4878048780487805
os_3yr,tabpfn_v2,0.281786941580756,0.4926829268292683
os_3yr,tabpfn_v2,0.2852233676975945,0.4926829268292683
os_3yr,tabpfn_v2,0.2852233676975945,0.4975609756097561
os_3yr,tabpfn_v2,0.2920962199312715,0.4975609756097561
os_3yr,tabpfn_v2,0.2920962199312715,0.5024390243902439
os_3yr,tabpfn_v2,0.29553264604810997,0.5024390243902439
os_3yr,tabpfn_v2,0.29896907216494845,0.5073170731707317
os_3yr,tabpfn_v2,0.3024054982817869,0.5073170731707317
os_3yr,tabpfn_v2,0.3024054982817869,0.5170731707317073
os_3yr,tabpfn_v2,0.30584192439862545,0.5170731707317073
os_3yr,tabpfn_v2,0.30584192439862545,0.526829268292683
os_3yr,tabpfn_v2,0.30927835051546393,0.526829268292683
os_3yr,tabpfn_v2,0.3127147766323024,0.5317073170731708
os_3yr,tabpfn_v2,0.3161512027491409,0.5317073170731708
os_3yr,tabpfn_v2,0.3161512027491409,0.5365853658536586
os_3yr,tabpfn_v2,0.31958762886597936,0.5365853658536586
os_3yr,tabpfn_v2,0.3436426116838488,0.551219512195122
os_3yr,tabpfn_v2,0.35051546391752575,0.5560975609756098
os_3yr,tabpfn_v2,0.35051546391752575,0.5756097560975609
os_3yr,tabpfn_v2,0.3539518900343643,0.5804878048780487
os_3yr,tabpfn_v2,0.35738831615120276,0.5804878048780487
os_3yr,tabpfn_v2,0.35738831615120276,0.5853658536585366
os_3yr,tabpfn_v2,0.3711340206185567,0.5951219512195122
os_3yr,tabpfn_v2,0.3711340206185567,0.6
os_3yr,tabpfn_v2,0.3711340206185567,0.6097560975609756
os_3yr,tabpfn_v2,0.3745704467353952,0.6146341463414634
os_3yr,tabpfn_v2,0.3745704467353952,0.624390243902439
os_3yr,tabpfn_v2,0.3745704467353952,0.6292682926829268
os_3yr,tabpfn_v2,0.37800687285223367,0.6341463414634146
os_3yr,tabpfn_v2,0.37800687285223367,0.6439024390243903
os_3yr,tabpfn_v2,0.38831615120274915,0.6439024390243903
os_3yr,tabpfn_v2,0.38831615120274915,0.6487804878048781
os_3yr,tabpfn_v2,0.3917525773195876,0.6487804878048781
os_3yr,tabpfn_v2,0.3951890034364261,0.6536585365853659
os_3yr,tabpfn_v2,0.3951890034364261,0.6634146341463415
os_3yr,tabpfn_v2,0.4020618556701031,0.6634146341463415
os_3yr,tabpfn_v2,0.41580756013745707,0.6634146341463415
os_3yr,tabpfn_v2,0.41580756013745707,0.6682926829268293
os_3yr,tabpfn_v2,0.41924398625429554,0.6731707317073171
os_3yr,tabpfn_v2,0.41924398625429554,0.6829268292682927
os_3yr,tabpfn_v2,0.41924398625429554,0.6878048780487804
os_3yr,tabpfn_v2,0.41924398625429554,0.697560975609756
os_3yr,tabpfn_v2,0.41924398625429554,0.7121951219512195
os_3yr,tabpfn_v2,0.4261168384879725,0.7219512195121951
os_3yr,tabpfn_v2,0.4329896907216495,0.7268292682926829
os_3yr,tabpfn_v2,0.436426116838488,0.7317073170731707
os_3yr,tabpfn_v2,0.436426116838488,0.7414634146341463
os_3yr,tabpfn_v2,0.43986254295532645,0.7463414634146341
os_3yr,tabpfn_v2,0.43986254295532645,0.751219512195122
os_3yr,tabpfn_v2,0.44329896907216493,0.751219512195122
os_3yr,tabpfn_v2,0.44329896907216493,0.7560975609756098
os_3yr,tabpfn_v2,0.44673539518900346,0.7609756097560976
os_3yr,tabpfn_v2,0.45017182130584193,0.7609756097560976
os_3yr,tabpfn_v2,0.4570446735395189,0.7707317073170732
os_3yr,tabpfn_v2,0.4639175257731959,0.7707317073170732
os_3yr,tabpfn_v2,0.4639175257731959,0.8
os_3yr,tabpfn_v2,0.46735395189003437,0.8
os_3yr,tabpfn_v2,0.46735395189003437,0.8097560975609757
os_3yr,tabpfn_v2,0.47079037800687284,0.8097560975609757
os_3yr,tabpfn_v2,0.47079037800687284,0.8439024390243902
os_3yr,tabpfn_v2,0.4742268041237113,0.8439024390243902
os_3yr,tabpfn_v2,0.4742268041237113,0.8536585365853658
os_3yr,tabpfn_v2,0.48109965635738833,0.8634146341463415
os_3yr,tabpfn_v2,0.49140893470790376,0.8634146341463415
os_3yr,tabpfn_v2,0.49140893470790376,0.8731707317073171
os_3yr,tabpfn_v2,0.4948453608247423,0.8780487804878049
os_3yr,tabpfn_v2,0.5017182130584192,0.8780487804878049
os_3yr,tabpfn_v2,0.5017182130584192,0.8829268292682927
os_3yr,tabpfn_v2,0.5189003436426117,0.8975609756097561
os_3yr,tabpfn_v2,0.5223367697594502,0.8975609756097561
os_3yr,tabpfn_v2,0.5223367697594502,0.9024390243902439
os_3yr,tabpfn_v2,0.5257731958762887,0.9024390243902439
os_3yr,tabpfn_v2,0.5429553264604811,0.9121951219512195
os_3yr,tabpfn_v2,0.563573883161512,0.9121951219512195
os_3yr,tabpfn_v2,0.563573883161512,0.9170731707317074
os_3yr,tabpfn_v2,0.5670103092783505,0.9170731707317074
os_3yr,tabpfn_v2,0.5670103092783505,0.9219512195121952
os_3yr,tabpfn_v2,0.570446735395189,0.9219512195121952
os_3yr,tabpfn_v2,0.570446735395189,0.926829268292683
os_3yr,tabpfn_v2,0.5738831615120275,0.926829268292683
os_3yr,tabpfn_v2,0.5807560137457045,0.926829268292683
os_3yr,tabpfn_v2,0.6082474226804123,0.926829268292683
os_3yr,tabpfn_v2,0.6082474226804123,0.9317073170731708
os_3yr,tabpfn_v2,0.6116838487972509,0.9317073170731708
os_3yr,tabpfn_v2,0.6185567010309279,0.9317073170731708
os_3yr,tabpfn_v2,0.6219931271477663,0.9317073170731708
os_3yr,tabpfn_v2,0.6219931271477663,0.9414634146341463
os_3yr,tabpfn_v2,0.6529209621993127,0.9414634146341463
os_3yr,tabpfn_v2,0.6597938144329897,0.9414634146341463
os_3yr,tabpfn_v2,0.6666666666666666,0.9414634146341463
os_3yr,tabpfn_v2,0.6666666666666666,0.9512195121951219
os_3yr,tabpfn_v2,0.6907216494845361,0.9512195121951219
os_3yr,tabpfn_v2,0.6907216494845361,0.9560975609756097
os_3yr,tabpfn_v2,0.697594501718213,0.9560975609756097
os_3yr,tabpfn_v2,0.697594501718213,0.9609756097560975
os_3yr,tabpfn_v2,0.711340206185567,0.9609756097560975
os_3yr,tabpfn_v2,0.711340206185567,0.9658536585365853
os_3yr,tabpfn_v2,0.7353951890034365,0.9658536585365853
os_3yr,tabpfn_v2,0.7422680412371134,0.9658536585365853
os_3yr,tabpfn_v2,0.7491408934707904,0.9658536585365853
os_3yr,tabpfn_v2,0.7491408934707904,0.9707317073170731
os_3yr,tabpfn_v2,0.7594501718213058,0.9707317073170731
os_3yr,tabpfn_v2,0.7628865979381443,0.9707317073170731
os_3yr,tabpfn_v2,0.7766323024054983,0.9707317073170731
os_3yr,tabpfn_v2,0.7835051546391752,0.9707317073170731
os_3yr,tabpfn_v2,0.7938144329896907,0.9707317073170731
os_3yr,tabpfn_v2,0.7938144329896907,0.975609756097561
os_3yr,tabpfn_v2,0.8109965635738832,0.975609756097561
os_3yr,tabpfn_v2,0.8178694158075601,0.975609756097561
os_3yr,tabpfn_v2,0.8316151202749141,0.975609756097561
os_3yr,tabpfn_v2,0.8316151202749141,0.9804878048780488
os_3yr,tabpfn_v2,0.852233676975945,0.9804878048780488
os_3yr,tabpfn_v2,0.852233676975945,0.9853658536585366
os_3yr,tabpfn_v2,0.865979381443299,0.9853658536585366
os_3yr,tabpfn_v2,0.865979381443299,0.9951219512195122
os_3yr,tabpfn_v2,0.9725085910652921,0.9951219512195122
os_3yr,tabpfn_v2,0.9725085910652921,1.0
os_3yr,tabpfn_v2,1.0,1.0
os_3yr,tabpfn_v2_5,0.0,0.0
os_3yr,tabpfn_v2_5,0.003436426116838488,0.0
os_3yr,tabpfn_v2_5,0.003436426116838488,0.00975609756097561
os_3yr,tabpfn_v2_5,0.006872852233676976,0.00975609756097561
os_3yr,tabpfn_v2_5,0.006872852233676976,0.024390243902439025
os_3yr,tabpfn_v2_5,0.010309278350515464,0.024390243902439025
os_3yr,tabpfn_v2_5,0.010309278350515464,0.06829268292682927
os_3yr,tabpfn_v2_5,0.013745704467353952,0.06829268292682927
os_3yr,tabpfn_v2_5,0.013745704467353952,0.0975609756097561
os_3yr,tabpfn_v2_5,0.01718213058419244,0.0975609756097561
os_3yr,tabpfn_v2_5,0.01718213058419244,0.1024390243902439
os_3yr,tabpfn_v2_5,0.020618556701030927,0.1024390243902439
os_3yr,tabpfn_v2_5,0.020618556701030927,0.1073170731707317
os_3yr,tabpfn_v2_5,0.024054982817869417,0.1073170731707317
os_3yr,tabpfn_v2_5,0.024054982817869417,0.11219512195121951
os_3yr,tabpfn_v2_5,0.027491408934707903,0.11219512195121951
os_3yr,tabpfn_v2_5,0.027491408934707903,0.12195121951219512
os_3yr,tabpfn_v2_5,0.030927835051546393,0.12195121951219512
os_3yr,tabpfn_v2_5,0.030927835051546393,0.13170731707317074
os_3yr,tabpfn_v2_5,0.03436426116838488,0.13170731707317074
os_3yr,tabpfn_v2_5,0.03436426116838488,0.13658536585365855
os_3yr,tabpfn_v2_5,0.037800687285223365,0.13658536585365855
os_3yr,tabpfn_v2_5,0.037800687285223365,0.15609756097560976
os_3yr,tabpfn_v2_5,0.041237113402061855,0.15609756097560976
os_3yr,tabpfn_v2_5,0.041237113402061855,0.16585365853658537
os_3yr,tabpfn_v2_5,0.044673539518900345,0.16585365853658537
os_3yr,tabpfn_v2_5,0.044673539518900345,0.17073170731707318
os_3yr,tabpfn_v2_5,0.06529209621993128,0.17073170731707318
os_3yr,tabpfn_v2_5,0.06529209621993128,0.17560975609756097
os_3yr,tabpfn_v2_5,0.07903780068728522,0.17560975609756097
os_3yr,tabpfn_v2_5,0.07903780068728522,0.18048780487804877
os_3yr,tabpfn_v2_5,0.08247422680412371,0.18048780487804877
os_3yr,tabpfn_v2_5,0.08247422680412371,0.1951219512195122
os_3yr,tabpfn_v2_5,0.0859106529209622,0.1951219512195122
os_3yr,tabpfn_v2_5,0.08934707903780069,0.2
os_3yr,tabpfn_v2_5,0.08934707903780069,0.2048780487804878
os_3yr,tabpfn_v2_5,0.09278350515463918,0.2048780487804878
os_3yr,tabpfn_v2_5,0.09278350515463918,0.21951219512195122
os_3yr,tabpfn_v2_5,0.09621993127147767,0.21951219512195122
os_3yr,tabpfn_v2_5,0.09621993127147767,0.22439024390243903
os_3yr,tabpfn_v2_5,0.10309278350515463,0.23414634146341465
os_3yr,tabpfn_v2_5,0.10652920962199312,0.23414634146341465
os_3yr,tabpfn_v2_5,0.10652920962199312,0.24390243902439024
os_3yr,tabpfn_v2_5,0.1134020618556701,0.24390243902439024
os_3yr,tabpfn_v2_5,0.1134020618556701,0.24878048780487805
os_3yr,tabpfn_v2_5,0.11683848797250859,0.24878048780487805
os_3yr,tabpfn_v2_5,0.12371134020618557,0.24878048780487805
os_3yr,tabpfn_v2_5,0.12371134020618557,0.25365853658536586
os_3yr,tabpfn_v2_5,0.12714776632302405,0.25365853658536586
os_3yr,tabpfn_v2_5,0.13402061855670103,0.2634146341463415
os_3yr,tabpfn_v2_5,0.13745704467353953,0.2634146341463415
os_3yr,tabpfn_v2_5,0.13745704467353953,0.2780487804878049
os_3yr,tabpfn_v2_5,0.14432989690721648,0.2780487804878049
os_3yr,tabpfn_v2_5,0.14432989690721648,0.28292682926829266
os_3yr,tabpfn_v2_5,0.15120274914089346,0.28292682926829266
os_3yr,tabpfn_v2_5,0.15120274914089346,0.2975609756097561
os_3yr,tabpfn_v2_5,0.15463917525773196,0.3073170731707317
os_3yr,tabpfn_v2_5,0.15807560137457044,0.3073170731707317
os_3yr,tabpfn_v2_5,0.15807560137457044,0.3121951219512195
os_3yr,tabpfn_v2_5,0.16151202749140894,0.3121951219512195
os_3yr,tabpfn_v2_5,0.16151202749140894,0.3170731707317073
os_3yr,tabpfn_v2_5,0.16494845360824742,0.3170731707317073
os_3yr,tabpfn_v2_5,0.16494845360824742,0.32682926829268294
os_3yr,tabpfn_v2_5,0.16838487972508592,0.32682926829268294
os_3yr,tabpfn_v2_5,0.16838487972508592,0.33170731707317075
os_3yr,tabpfn_v2_5,0.1718213058419244,0.33170731707317075
os_3yr,tabpfn_v2_5,0.1718213058419244,0.34146341463414637
os_3yr,tabpfn_v2_5,0.17525773195876287,0.34146341463414637
os_3yr,tabpfn_v2_5,0.17525773195876287,0.3463414634146341
os_3yr,tabpfn_v2_5,0.18213058419243985,0.3463414634146341
os_3yr,tabpfn_v2_5,0.18213058419243985,0.35609756097560974
os_3yr,tabpfn_v2_5,0.18556701030927836,0.35609756097560974
os_3yr,tabpfn_v2_5,0.18556701030927836,0.36097560975609755
os_3yr,tabpfn_v2_5,0.18900343642611683,0.36097560975609755
os_3yr,tabpfn_v2_5,0.18900343642611683,0.36585365853658536
os_3yr,tabpfn_v2_5,0.19243986254295534,0.36585365853658536
os_3yr,tabpfn_v2_5,0.20618556701030927,0.375609756097561
os_3yr,tabpfn_v2_5,0.20618556701030927,0.3853658536585366
os_3yr,tabpfn_v2_5,0.20618556701030927,0.3951219512195122
os_3yr,tabpfn_v2_5,0.20962199312714777,0.3951219512195122
os_3yr,tabpfn_v2_5,0.20962199312714777,0.40487804878048783
os_3yr,tabpfn_v2_5,0.20962199312714777,0.4146341463414634
os_3yr,tabpfn_v2_5,0.20962199312714777,0.4195121951219512
os_3yr,tabpfn_v2_5,0.21305841924398625,0.424390243902439
os_3yr,tabpfn_v2_5,0.21305841924398625,0.43414634146341463
os_3yr,tabpfn_v2_5,0.21649484536082475,0.43414634146341463
os_3yr,tabpfn_v2_5,0.21649484536082475,0.44390243902439025
os_3yr,tabpfn_v2_5,0.21993127147766323,0.44390243902439025
os_3yr,tabpfn_v2_5,0.21993127147766323,0.44878048780487806
os_3yr,tabpfn_v2_5,0.22336769759450173,0.45365853658536587
os_3yr,tabpfn_v2_5,0.22336769759450173,0.4585365853658537
os_3yr,tabpfn_v2_5,0.2268041237113402,0.4585365853658537
os_3yr,tabpfn_v2_5,0.2268041237113402,0.4634146341463415
os_3yr,tabpfn_v2_5,0.23024054982817868,0.4634146341463415
os_3yr,tabpfn_v2_5,0.23711340206185566,0.4634146341463415
os_3yr,tabpfn_v2_5,0.24054982817869416,0.4682926829268293
os_3yr,tabpfn_v2_5,0.24054982817869416,0.47317073170731705
os_3yr,tabpfn_v2_5,0.24398625429553264,0.47317073170731705
os_3yr,tabpfn_v2_5,0.24398625429553264,0.4926829268292683
os_3yr,tabpfn_v2_5,0.24742268041237114,0.4926829268292683
os_3yr,tabpfn_v2_5,0.24742268041237114,0.5024390243902439
os_3yr,tabpfn_v2_5,0.2508591065292096,0.5024390243902439
os_3yr,tabpfn_v2_5,0.25773195876288657,0.5073170731707317
os_3yr,tabpfn_v2_5,0.25773195876288657,0.5121951219512195
os_3yr,tabpfn_v2_5,0.2646048109965636,0.5121951219512195
os_3yr,tabpfn_v2_5,0.27147766323024053,0.5121951219512195
os_3yr,tabpfn_v2_5,0.27147766323024053,0.5170731707317073
os_3yr,tabpfn_v2_5,0.27491408934707906,0.5219512195121951
os_3yr,tabpfn_v2_5,0.3024054982817869,0.526829268292683
os_3yr,tabpfn_v2_5,0.3024054982817869,0.5365853658536586
os_3yr,tabpfn_v2_5,0.30584192439862545,0.5365853658536586
os_3yr,tabpfn_v2_5,0.30584192439862545,0.5414634146341464
os_3yr,tabpfn_v2_5,0.30927835051546393,0.5414634146341464
os_3yr,tabpfn_v2_5,0.30927835051546393,0.5463414634146342
os_3yr,tabpfn_v2_5,0.3161512027491409,0.5463414634146342
os_3yr,tabpfn_v2_5,0.3161512027491409,0.5658536585365853
os_3yr,tabpfn_v2_5,0.31958762886597936,0.5707317073170731
os_3yr,tabpfn_v2_5,0.31958762886597936,0.5902439024390244
os_3yr,tabpfn_v2_5,0.32989690721649484,0.5902439024390244
os_3yr,tabpfn_v2_5,0.32989690721649484,0.6
os_3yr,tabpfn_v2_5,0.3402061855670103,0.6
os_3yr,tabpfn_v2_5,0.3436426116838488,0.6048780487804878
os_3yr,tabpfn_v2_5,0.3436426116838488,0.6097560975609756
os_3yr,tabpfn_v2_5,0.3470790378006873,0.6097560975609756
os_3yr,tabpfn_v2_5,0.35051546391752575,0.6146341463414634
os_3yr,tabpfn_v2_5,0.35051546391752575,0.6292682926829268
os_3yr,tabpfn_v2_5,0.35738831615120276,0.6341463414634146
os_3yr,tabpfn_v2_5,0.36082474226804123,0.6341463414634146
os_3yr,tabpfn_v2_5,0.36082474226804123,0.6536585365853659
os_3yr,tabpfn_v2_5,0.3711340206185567,0.6536585365853659
os_3yr,tabpfn_v2_5,0.3711340206185567,0.6731707317073171
os_3yr,tabpfn_v2_5,0.38144329896907214,0.6731707317073171
os_3yr,tabpfn_v2_5,0.38144329896907214,0.6780487804878049
os_3yr,tabpfn_v2_5,0.3848797250859107,0.6780487804878049
os_3yr,tabpfn_v2_5,0.3848797250859107,0.6829268292682927
os_3yr,tabpfn_v2_5,0.40893470790378006,0.697560975609756
os_3yr,tabpfn_v2_5,0.40893470790378006,0.7024390243902439
os_3yr,tabpfn_v2_5,0.41580756013745707,0.7024390243902439
os_3yr,tabpfn_v2_5,0.41580756013745707,0.7170731707317073
os_3yr,tabpfn_v2_5,0.41580756013745707,0.7268292682926829
os_3yr,tabpfn_v2_5,0.41924398625429554,0.7268292682926829
os_3yr,tabpfn_v2_5,0.41924398625429554,0.7365853658536585
os_3yr,tabpfn_v2_5,0.4261168384879725,0.7365853658536585
os_3yr,tabpfn_v2_5,0.42955326460481097,0.7414634146341463
os_3yr,tabpfn_v2_5,0.4329896907216495,0.7414634146341463
os_3yr,tabpfn_v2_5,0.4329896907216495,0.751219512195122
os_3yr,tabpfn_v2_5,0.436426116838488,0.751219512195122
os_3yr,tabpfn_v2_5,0.436426116838488,0.7560975609756098
os_3yr,tabpfn_v2_5,0.43986254295532645,0.7560975609756098
os_3yr,tabpfn_v2_5,0.43986254295532645,0.7658536585365854
os_3yr,tabpfn_v2_5,0.43986254295532645,0.7707317073170732
os_3yr,tabpfn_v2_5,0.44329896907216493,0.7707317073170732
os_3yr,tabpfn_v2_5,0.44329896907216493,0.775609756097561
os_3yr,tabpfn_v2_5,0.44673539518900346,0.775609756097561
os_3yr,tabpfn_v2_5,0.44673539518900346,0.7804878048780488
os_3yr,tabpfn_v2_5,0.45017182130584193,0.7902439024390244
os_3yr,tabpfn_v2_5,0.45017182130584193,0.7951219512195122
os_3yr,tabpfn_v2_5,0.4536082474226804,0.7951219512195122
os_3yr,tabpfn_v2_5,0.4536082474226804,0.8048780487804879
os_3yr,tabpfn_v2_5,0.4570446735395189,0.8097560975609757
os_3yr,tabpfn_v2_5,0.4570446735395189,0.8195121951219512
os_3yr,tabpfn_v2_5,0.46048109965635736,0.8195121951219512
os_3yr,tabpfn_v2_5,0.46048109965635736,0.824390243902439
os_3yr,tabpfn_v2_5,0.4639175257731959,0.824390243902439
os_3yr,tabpfn_v2_5,0.4639175257731959,0.8292682926829268
os_3yr,tabpfn_v2_5,0.46735395189003437,0.8292682926829268
os_3yr,tabpfn_v2_5,0.46735395189003437,0.8439024390243902
os_3yr,tabpfn_v2_5,0.47079037800687284,0.848780487804878
os_3yr,tabpfn_v2_5,0.47766323024054985,0.848780487804878
os_3yr,tabpfn_v2_5,0.47766323024054985,0.8585365853658536
os_3yr,tabpfn_v2_5,0.48109965635738833,0.8585365853658536
os_3yr,tabpfn_v2_5,0.48109965635738833,0.8682926829268293
os_3yr,tabpfn_v2_5,0.49140893470790376,0.8682926829268293
os_3yr,tabpfn_v2_5,0.49140893470790376,0.8731707317073171
os_3yr,tabpfn_v2_5,0.4948453608247423,0.8731707317073171
os_3yr,tabpfn_v2_5,0.5017182130584192,0.8731707317073171
os_3yr,tabpfn_v2_5,0.5017182130584192,0.8829268292682927
os_3yr,tabpfn_v2_5,0.5051546391752577,0.8829268292682927
os_3yr,tabpfn_v2_5,0.5223367697594502,0.8975609756097561
os_3yr,tabpfn_v2_5,0.5223367697594502,0.9024390243902439
os_3yr,tabpfn_v2_5,0.5257731958762887,0.9024390243902439
os_3yr,tabpfn_v2_5,0.5429553264604811,0.9121951219512195
os_3yr,tabpfn_v2_5,0.5429553264604811,0.9170731707317074
os_3yr,tabpfn_v2_5,0.5738831615120275,0.9170731707317074
os_3yr,tabpfn_v2_5,0.5738831615120275,0.9219512195121952
os_3yr,tabpfn_v2_5,0.5945017182130584,0.9219512195121952
os_3yr,tabpfn_v2_5,0.5945017182130584,0.9317073170731708
os_3yr,tabpfn_v2_5,0.6013745704467354,0.9317073170731708
os_3yr,tabpfn_v2_5,0.6013745704467354,0.9365853658536586
os_3yr,tabpfn_v2_5,0.6151202749140894,0.9365853658536586
os_3yr,tabpfn_v2_5,0.6151202749140894,0.9414634146341463
os_3yr,tabpfn_v2_5,0.6219931271477663,0.9414634146341463
os_3yr,tabpfn_v2_5,0.6219931271477663,0.9463414634146341
os_3yr,tabpfn_v2_5,0.6391752577319587,0.9463414634146341
os_3yr,tabpfn_v2_5,0.6391752577319587,0.9512195121951219
os_3yr,tabpfn_v2_5,0.6563573883161512,0.9512195121951219
os_3yr,tabpfn_v2_5,0.6563573883161512,0.9560975609756097
os_3yr,tabpfn_v2_5,0.6632302405498282,0.9560975609756097
os_3yr,tabpfn_v2_5,0.6666666666666666,0.9560975609756097
os_3yr,tabpfn_v2_5,0.6735395189003437,0.9560975609756097
os_3yr,tabpfn_v2_5,0.6838487972508591,0.9560975609756097
os_3yr,tabpfn_v2_5,0.6907216494845361,0.9609756097560975
os_3yr,tabpfn_v2_5,0.697594501718213,0.9609756097560975
os_3yr,tabpfn_v2_5,0.711340206185567,0.9609756097560975
os_3yr,tabpfn_v2_5,0.718213058419244,0.9658536585365853
os_3yr,tabpfn_v2_5,0.7250859106529209,0.9658536585365853
os_3yr,tabpfn_v2_5,0.7353951890034365,0.9658536585365853
os_3yr,tabpfn_v2_5,0.7422680412371134,0.9658536585365853
os_3yr,tabpfn_v2_5,0.7457044673539519,0.9658536585365853
os_3yr,tabpfn_v2_5,0.7525773195876289,0.9658536585365853
os_3yr,tabpfn_v2_5,0.7697594501718213,0.9658536585365853
os_3yr,tabpfn_v2_5,0.7697594501718213,0.9707317073170731
os_3yr,tabpfn_v2_5,0.7766323024054983,0.9707317073170731
os_3yr,tabpfn_v2_5,0.7835051546391752,0.9707317073170731
os_3yr,tabpfn_v2_5,0.7938144329896907,0.9707317073170731
os_3yr,tabpfn_v2_5,0.7972508591065293,0.975609756097561
os_3yr,tabpfn_v2_5,0.8178694158075601,0.975609756097561
os_3yr,tabpfn_v2_5,0.8213058419243986,0.975609756097561
os_3yr,tabpfn_v2_5,0.8213058419243986,0.9804878048780488
os_3yr,tabpfn_v2_5,0.8350515463917526,0.9804878048780488
os_3yr,tabpfn_v2_5,0.8419243986254296,0.9804878048780488
os_3yr,tabpfn_v2_5,0.8591065292096219,0.9804878048780488
os_3yr,tabpfn_v2_5,0.8591065292096219,0.9853658536585366
os_3yr,tabpfn_v2_5,0.9312714776632303,0.9853658536585366
os_3yr,tabpfn_v2_5,0.9381443298969072,0.9853658536585366
os_3yr,tabpfn_v2_5,0.9725085910652921,0.9853658536585366
os_3yr,tabpfn_v2_5,0.9725085910652921,0.9951219512195122
os_3yr,tabpfn_v2_5,0.9759450171821306,0.9951219512195122
os_3yr,tabpfn_v2_5,0.9759450171821306,1.0
os_3yr,tabpfn_v2_5,1.0,1.0
os_3yr,tabpfn_v2_6,0.0,0.0
os_3yr,tabpfn_v2_6,0.0,0.004878048780487805
os_3yr,tabpfn_v2_6,0.0,0.01951219512195122
os_3yr,tabpfn_v2_6,0.006872852233676976,0.01951219512195122
os_3yr,tabpfn_v2_6,0.006872852233676976,0.03414634146341464
os_3yr,tabpfn_v2_6,0.010309278350515464,0.03414634146341464
os_3yr,tabpfn_v2_6,0.010309278350515464,0.08292682926829269
os_3yr,tabpfn_v2_6,0.013745704467353952,0.08292682926829269
os_3yr,tabpfn_v2_6,0.013745704467353952,0.1073170731707317
os_3yr,tabpfn_v2_6,0.01718213058419244,0.1073170731707317
os_3yr,tabpfn_v2_6,0.01718213058419244,0.11707317073170732
os_3yr,tabpfn_v2_6,0.024054982817869417,0.11707317073170732
os_3yr,tabpfn_v2_6,0.024054982817869417,0.12682926829268293
os_3yr,tabpfn_v2_6,0.027491408934707903,0.12682926829268293
os_3yr,tabpfn_v2_6,0.027491408934707903,0.13658536585365855
os_3yr,tabpfn_v2_6,0.030927835051546393,0.13658536585365855
os_3yr,tabpfn_v2_6,0.030927835051546393,0.14146341463414633
os_3yr,tabpfn_v2_6,0.041237113402061855,0.14146341463414633
os_3yr,tabpfn_v2_6,0.041237113402061855,0.15121951219512195
os_3yr,tabpfn_v2_6,0.044673539518900345,0.15121951219512195
os_3yr,tabpfn_v2_6,0.044673539518900345,0.17073170731707318
os_3yr,tabpfn_v2_6,0.048109965635738834,0.17560975609756097
os_3yr,tabpfn_v2_6,0.048109965635738834,0.18048780487804877
os_3yr,tabpfn_v2_6,0.05154639175257732,0.18048780487804877
os_3yr,tabpfn_v2_6,0.05154639175257732,0.18536585365853658
os_3yr,tabpfn_v2_6,0.058419243986254296,0.18536585365853658
os_3yr,tabpfn_v2_6,0.058419243986254296,0.1902439024390244
os_3yr,tabpfn_v2_6,0.07560137457044673,0.1902439024390244
os_3yr,tabpfn_v2_6,0.07560137457044673,0.1951219512195122
os_3yr,tabpfn_v2_6,0.0859106529209622,0.1951219512195122
os_3yr,tabpfn_v2_6,0.0859106529209622,0.2
os_3yr,tabpfn_v2_6,0.08934707903780069,0.2048780487804878
os_3yr,tabpfn_v2_6,0.08934707903780069,0.2097560975609756
os_3yr,tabpfn_v2_6,0.09621993127147767,0.21951219512195122
os_3yr,tabpfn_v2_6,0.10309278350515463,0.21951219512195122
os_3yr,tabpfn_v2_6,0.10309278350515463,0.22439024390243903
os_3yr,tabpfn_v2_6,0.10996563573883161,0.22439024390243903
os_3yr,tabpfn_v2_6,0.10996563573883161,0.23414634146341465
os_3yr,tabpfn_v2_6,0.1134020618556701,0.23414634146341465
os_3yr,tabpfn_v2_6,0.12027491408934708,0.23414634146341465
os_3yr,tabpfn_v2_6,0.12027491408934708,0.24390243902439024
os_3yr,tabpfn_v2_6,0.12371134020618557,0.24390243902439024
os_3yr,tabpfn_v2_6,0.12371134020618557,0.25365853658536586
os_3yr,tabpfn_v2_6,0.12371134020618557,0.2634146341463415
os_3yr,tabpfn_v2_6,0.13058419243986255,0.2634146341463415
os_3yr,tabpfn_v2_6,0.13402061855670103,0.2780487804878049
os_3yr,tabpfn_v2_6,0.13745704467353953,0.2780487804878049
os_3yr,tabpfn_v2_6,0.140893470790378,0.28780487804878047
os_3yr,tabpfn_v2_6,0.14776632302405499,0.28780487804878047
os_3yr,tabpfn_v2_6,0.14776632302405499,0.2926829268292683
os_3yr,tabpfn_v2_6,0.15463917525773196,0.3024390243902439
os_3yr,tabpfn_v2_6,0.15807560137457044,0.3024390243902439
os_3yr,tabpfn_v2_6,0.15807560137457044,0.3073170731707317
os_3yr,tabpfn_v2_6,0.16151202749140894,0.3073170731707317
os_3yr,tabpfn_v2_6,0.16151202749140894,0.3170731707317073
os_3yr,tabpfn_v2_6,0.16151202749140894,0.32682926829268294
os_3yr,tabpfn_v2_6,0.16151202749140894,0.34146341463414637
os_3yr,tabpfn_v2_6,0.16151202749140894,0.35609756097560974
os_3yr,tabpfn_v2_6,0.16494845360824742,0.35609756097560974
os_3yr,tabpfn_v2_6,0.16494845360824742,0.36097560975609755
os_3yr,tabpfn_v2_6,0.16838487972508592,0.36585365853658536
os_3yr,tabpfn_v2_6,0.16838487972508592,0.37073170731707317
os_3yr,tabpfn_v2_6,0.1718213058419244,0.37073170731707317
os_3yr,tabpfn_v2_6,0.17525773195876287,0.375609756097561
os_3yr,tabpfn_v2_6,0.17525773195876287,0.3853658536585366
os_3yr,tabpfn_v2_6,0.18213058419243985,0.3853658536585366
os_3yr,tabpfn_v2_6,0.18213058419243985,0.3902439024390244
os_3yr,tabpfn_v2_6,0.18556701030927836,0.3902439024390244
os_3yr,tabpfn_v2_6,0.18900343642611683,0.3951219512195122
os_3yr,tabpfn_v2_6,0.18900343642611683,0.40487804878048783
os_3yr,tabpfn_v2_6,0.19243986254295534,0.40487804878048783
os_3yr,tabpfn_v2_6,0.19243986254295534,0.4146341463414634
os_3yr,tabpfn_v2_6,0.1958762886597938,0.4146341463414634
os_3yr,tabpfn_v2_6,0.1958762886597938,0.424390243902439
os_3yr,tabpfn_v2_6,0.19931271477663232,0.4292682926829268
os_3yr,tabpfn_v2_6,0.2027491408934708,0.4292682926829268
os_3yr,tabpfn_v2_6,0.2027491408934708,0.43414634146341463
os_3yr,tabpfn_v2_6,0.20962199312714777,0.43414634146341463
os_3yr,tabpfn_v2_6,0.21649484536082475,0.43902439024390244
os_3yr,tabpfn_v2_6,0.22336769759450173,0.44878048780487806
os_3yr,tabpfn_v2_6,0.22336769759450173,0.4585365853658537
os_3yr,tabpfn_v2_6,0.2268041237113402,0.4634146341463415
os_3yr,tabpfn_v2_6,0.23711340206185566,0.4634146341463415
os_3yr,tabpfn_v2_6,0.24054982817869416,0.4682926829268293
os_3yr,tabpfn_v2_6,0.24398625429553264,0.4682926829268293
os_3yr,tabpfn_v2_6,0.24742268041237114,0.47317073170731705
os_3yr,tabpfn_v2_6,0.2542955326460481,0.47317073170731705
os_3yr,tabpfn_v2_6,0.25773195876288657,0.47804878048780486
os_3yr,tabpfn_v2_6,0.27147766323024053,0.4926829268292683
os_3yr,tabpfn_v2_6,0.27491408934707906,0.5024390243902439
os_3yr,tabpfn_v2_6,0.27835051546391754,0.5073170731707317
os_3yr,tabpfn_v2_6,0.27835051546391754,0.5121951219512195
os_3yr,tabpfn_v2_6,0.281786941580756,0.5121951219512195
os_3yr,tabpfn_v2_6,0.2852233676975945,0.5170731707317073
os_3yr,tabpfn_v2_6,0.2852233676975945,0.526829268292683
os_3yr,tabpfn_v2_6,0.2920962199312715,0.526829268292683
os_3yr,tabpfn_v2_6,0.29553264604810997,0.526829268292683
os_3yr,tabpfn_v2_6,0.29553264604810997,0.5317073170731708
os_3yr,tabpfn_v2_6,0.30584192439862545,0.5317073170731708
os_3yr,tabpfn_v2_6,0.30584192439862545,0.5414634146341464
os_3yr,tabpfn_v2_6,0.30584192439862545,0.5463414634146342
os_3yr,tabpfn_v2_6,0.30927835051546393,0.5463414634146342
os_3yr,tabpfn_v2_6,0.3230240549828179,0.5609756097560976
os_3yr,tabpfn_v2_6,0.3230240549828179,0.5707317073170731
os_3yr,tabpfn_v2_6,0.32646048109965636,0.5756097560975609
os_3yr,tabpfn_v2_6,0.32646048109965636,0.5853658536585366
os_3yr,tabpfn_v2_6,0.3333333333333333,0.5853658536585366
os_3yr,tabpfn_v2_6,0.3402061855670103,0.5951219512195122
os_3yr,tabpfn_v2_6,0.3402061855670103,0.6097560975609756
os_3yr,tabpfn_v2_6,0.3470790378006873,0.6097560975609756
os_3yr,tabpfn_v2_6,0.35051546391752575,0.6097560975609756
os_3yr,tabpfn_v2_6,0.35051546391752575,0.6146341463414634
os_3yr,tabpfn_v2_6,0.3539518900343643,0.6146341463414634
os_3yr,tabpfn_v2_6,0.3539518900343643,0.6341463414634146
os_3yr,tabpfn_v2_6,0.36769759450171824,0.6341463414634146
os_3yr,tabpfn_v2_6,0.36769759450171824,0.6390243902439025
os_3yr,tabpfn_v2_6,0.3745704467353952,0.6487804878048781
os_3yr,tabpfn_v2_6,0.3745704467353952,0.6634146341463415
os_3yr,tabpfn_v2_6,0.3745704467353952,0.6682926829268293
os_3yr,tabpfn_v2_6,0.37800687285223367,0.6682926829268293
os_3yr,tabpfn_v2_6,0.3848797250859107,0.6682926829268293
os_3yr,tabpfn_v2_6,0.3917525773195876,0.6731707317073171
os_3yr,tabpfn_v2_6,0.3951890034364261,0.6926829268292682
os_3yr,tabpfn_v2_6,0.4020618556701031,0.7121951219512195
os_3yr,tabpfn_v2_6,0.40893470790378006,0.7219512195121951
os_3yr,tabpfn_v2_6,0.40893470790378006,0.7268292682926829
os_3yr,tabpfn_v2_6,0.41237113402061853,0.7317073170731707
os_3yr,tabpfn_v2_6,0.41237113402061853,0.7414634146341463
os_3yr,tabpfn_v2_6,0.41580756013745707,0.7560975609756098
os_3yr,tabpfn_v2_6,0.41580756013745707,0.7609756097560976
os_3yr,tabpfn_v2_6,0.41924398625429554,0.7707317073170732
os_3yr,tabpfn_v2_6,0.41924398625429554,0.7853658536585366
os_3yr,tabpfn_v2_6,0.44329896907216493,0.8
os_3yr,tabpfn_v2_6,0.44329896907216493,0.8048780487804879
os_3yr,tabpfn_v2_6,0.45017182130584193,0.8048780487804879
os_3yr,tabpfn_v2_6,0.45017182130584193,0.8146341463414634
os_3yr,tabpfn_v2_6,0.4536082474226804,0.8146341463414634
os_3yr,tabpfn_v2_6,0.4536082474226804,0.8195121951219512
os_3yr,tabpfn_v2_6,0.4570446735395189,0.8195121951219512
os_3yr,tabpfn_v2_6,0.46048109965635736,0.824390243902439
os_3yr,tabpfn_v2_6,0.4639175257731959,0.824390243902439
os_3yr,tabpfn_v2_6,0.4639175257731959,0.8292682926829268
os_3yr,tabpfn_v2_6,0.46735395189003437,0.8292682926829268
os_3yr,tabpfn_v2_6,0.46735395189003437,0.8341463414634146
os_3yr,tabpfn_v2_6,0.4742268041237113,0.8341463414634146
os_3yr,tabpfn_v2_6,0.49140893470790376,0.848780487804878
os_3yr,tabpfn_v2_6,0.49140893470790376,0.8585365853658536
os_3yr,tabpfn_v2_6,0.4948453608247423,0.8585365853658536
os_3yr,tabpfn_v2_6,0.4948453608247423,0.8634146341463415
os_3yr,tabpfn_v2_6,0.49828178694158076,0.8634146341463415
os_3yr,tabpfn_v2_6,0.5051546391752577,0.8634146341463415
os_3yr,tabpfn_v2_6,0.5051546391752577,0.8731707317073171
os_3yr,tabpfn_v2_6,0.5085910652920962,0.8731707317073171
os_3yr,tabpfn_v2_6,0.5085910652920962,0.8926829268292683
os_3yr,tabpfn_v2_6,0.5154639175257731,0.8926829268292683
os_3yr,tabpfn_v2_6,0.5154639175257731,0.8975609756097561
os_3yr,tabpfn_v2_6,0.5189003436426117,0.8975609756097561
os_3yr,tabpfn_v2_6,0.5189003436426117,0.9024390243902439
os_3yr,tabpfn_v2_6,0.5257731958762887,0.9024390243902439
os_3yr,tabpfn_v2_6,0.5257731958762887,0.9073170731707317
os_3yr,tabpfn_v2_6,0.5292096219931272,0.9073170731707317
os_3yr,tabpfn_v2_6,0.5463917525773195,0.9170731707317074
os_3yr,tabpfn_v2_6,0.5498281786941581,0.9170731707317074
os_3yr,tabpfn_v2_6,0.5498281786941581,0.9219512195121952
os_3yr,tabpfn_v2_6,0.5532646048109966,0.9219512195121952
os_3yr,tabpfn_v2_6,0.5532646048109966,0.926829268292683
os_3yr,tabpfn_v2_6,0.5670103092783505,0.926829268292683
os_3yr,tabpfn_v2_6,0.5670103092783505,0.9317073170731708
os_3yr,tabpfn_v2_6,0.570446735395189,0.9317073170731708
os_3yr,tabpfn_v2_6,0.5773195876288659,0.9317073170731708
os_3yr,tabpfn_v2_6,0.5876288659793815,0.9317073170731708
os_3yr,tabpfn_v2_6,0.6082474226804123,0.9317073170731708
os_3yr,tabpfn_v2_6,0.6151202749140894,0.9317073170731708
os_3yr,tabpfn_v2_6,0.6151202749140894,0.9365853658536586
os_3yr,tabpfn_v2_6,0.6185567010309279,0.9365853658536586
os_3yr,tabpfn_v2_6,0.6323024054982818,0.9365853658536586
os_3yr,tabpfn_v2_6,0.6357388316151202,0.9365853658536586
os_3yr,tabpfn_v2_6,0.6460481099656358,0.9365853658536586
os_3yr,tabpfn_v2_6,0.6666666666666666,0.9414634146341463
os_3yr,tabpfn_v2_6,0.6735395189003437,0.9414634146341463
os_3yr,tabpfn_v2_6,0.6804123711340206,0.9414634146341463
os_3yr,tabpfn_v2_6,0.6907216494845361,0.9414634146341463
os_3yr,tabpfn_v2_6,0.697594501718213,0.9463414634146341
os_3yr,tabpfn_v2_6,0.7079037800687286,0.9463414634146341
os_3yr,tabpfn_v2_6,0.718213058419244,0.9463414634146341
os_3yr,tabpfn_v2_6,0.7250859106529209,0.9512195121951219
os_3yr,tabpfn_v2_6,0.7319587628865979,0.9512195121951219
os_3yr,tabpfn_v2_6,0.7353951890034365,0.9512195121951219
os_3yr,tabpfn_v2_6,0.7422680412371134,0.9512195121951219
os_3yr,tabpfn_v2_6,0.7457044673539519,0.9512195121951219
os_3yr,tabpfn_v2_6,0.7525773195876289,0.9512195121951219
os_3yr,tabpfn_v2_6,0.7525773195876289,0.9560975609756097
os_3yr,tabpfn_v2_6,0.7663230240549829,0.9560975609756097
os_3yr,tabpfn_v2_6,0.7800687285223368,0.9609756097560975
os_3yr,tabpfn_v2_6,0.7835051546391752,0.9609756097560975
os_3yr,tabpfn_v2_6,0.7835051546391752,0.9658536585365853
os_3yr,tabpfn_v2_6,0.7903780068728522,0.9658536585365853
os_3yr,tabpfn_v2_6,0.7972508591065293,0.9658536585365853
os_3yr,tabpfn_v2_6,0.8006872852233677,0.9658536585365853
os_3yr,tabpfn_v2_6,0.8075601374570447,0.9707317073170731
os_3yr,tabpfn_v2_6,0.8075601374570447,0.975609756097561
os_3yr,tabpfn_v2_6,0.8247422680412371,0.975609756097561
os_3yr,tabpfn_v2_6,0.8316151202749141,0.975609756097561
os_3yr,tabpfn_v2_6,0.865979381443299,0.975609756097561
os_3yr,tabpfn_v2_6,0.872852233676976,0.975609756097561
os_3yr,tabpfn_v2_6,0.8865979381443299,0.975609756097561
os_3yr,tabpfn_v2_6,0.8865979381443299,0.9804878048780488
os_3yr,tabpfn_v2_6,0.9278350515463918,0.9804878048780488
os_3yr,tabpfn_v2_6,0.9278350515463918,0.9853658536585366
os_3yr,tabpfn_v2_6,0.9381443298969072,0.9853658536585366
os_3yr,tabpfn_v2_6,0.9381443298969072,0.9902439024390244
os_3yr,tabpfn_v2_6,0.9415807560137457,0.9902439024390244
os_3yr,tabpfn_v2_6,0.9415807560137457,0.9951219512195122
os_3yr,tabpfn_v2_6,0.9690721649484536,0.9951219512195122
os_3yr,tabpfn_v2_6,0.9690721649484536,1.0
os_3yr,tabpfn_v2_6,1.0,1.0
os_3yr,tabpfn_v3,0.0,0.0
os_3yr,tabpfn_v3,0.0,0.004878048780487805
os_3yr,tabpfn_v3,0.003436426116838488,0.004878048780487805
os_3yr,tabpfn_v3,0.003436426116838488,0.02926829268292683
os_3yr,tabpfn_v3,0.006872852233676976,0.02926829268292683
os_3yr,tabpfn_v3,0.006872852233676976,0.04390243902439024
os_3yr,tabpfn_v3,0.010309278350515464,0.04390243902439024
os_3yr,tabpfn_v3,0.010309278350515464,0.06829268292682927
os_3yr,tabpfn_v3,0.013745704467353952,0.06829268292682927
os_3yr,tabpfn_v3,0.013745704467353952,0.1073170731707317
os_3yr,tabpfn_v3,0.01718213058419244,0.1073170731707317
os_3yr,tabpfn_v3,0.01718213058419244,0.12195121951219512
os_3yr,tabpfn_v3,0.027491408934707903,0.12195121951219512
os_3yr,tabpfn_v3,0.027491408934707903,0.12682926829268293
os_3yr,tabpfn_v3,0.030927835051546393,0.12682926829268293
os_3yr,tabpfn_v3,0.030927835051546393,0.13658536585365855
os_3yr,tabpfn_v3,0.037800687285223365,0.13658536585365855
os_3yr,tabpfn_v3,0.037800687285223365,0.15121951219512195
os_3yr,tabpfn_v3,0.048109965635738834,0.15121951219512195
os_3yr,tabpfn_v3,0.048109965635738834,0.15609756097560976
os_3yr,tabpfn_v3,0.054982817869415807,0.15609756097560976
os_3yr,tabpfn_v3,0.054982817869415807,0.16097560975609757
os_3yr,tabpfn_v3,0.06529209621993128,0.16097560975609757
os_3yr,tabpfn_v3,0.06529209621993128,0.16585365853658537
os_3yr,tabpfn_v3,0.07216494845360824,0.16585365853658537
os_3yr,tabpfn_v3,0.07216494845360824,0.17560975609756097
os_3yr,tabpfn_v3,0.08247422680412371,0.17560975609756097
os_3yr,tabpfn_v3,0.08247422680412371,0.18048780487804877
os_3yr,tabpfn_v3,0.0859106529209622,0.18048780487804877
os_3yr,tabpfn_v3,0.0859106529209622,0.18536585365853658
os_3yr,tabpfn_v3,0.08934707903780069,0.18536585365853658
os_3yr,tabpfn_v3,0.08934707903780069,0.1951219512195122
os_3yr,tabpfn_v3,0.09278350515463918,0.1951219512195122
os_3yr,tabpfn_v3,0.09278350515463918,0.22926829268292684
os_3yr,tabpfn_v3,0.09621993127147767,0.22926829268292684
os_3yr,tabpfn_v3,0.09621993127147767,0.24390243902439024
os_3yr,tabpfn_v3,0.10309278350515463,0.24390243902439024
os_3yr,tabpfn_v3,0.10309278350515463,0.24878048780487805
os_3yr,tabpfn_v3,0.1134020618556701,0.24878048780487805
os_3yr,tabpfn_v3,0.1134020618556701,0.25365853658536586
os_3yr,tabpfn_v3,0.12027491408934708,0.25365853658536586
os_3yr,tabpfn_v3,0.12027491408934708,0.25853658536585367
os_3yr,tabpfn_v3,0.12714776632302405,0.25853658536585367
os_3yr,tabpfn_v3,0.12714776632302405,0.2780487804878049
os_3yr,tabpfn_v3,0.13058419243986255,0.2780487804878049
os_3yr,tabpfn_v3,0.13058419243986255,0.28780487804878047
os_3yr,tabpfn_v3,0.13402061855670103,0.28780487804878047
os_3yr,tabpfn_v3,0.13402061855670103,0.2926829268292683
os_3yr,tabpfn_v3,0.13745704467353953,0.2926829268292683
os_3yr,tabpfn_v3,0.13745704467353953,0.3170731707317073
os_3yr,tabpfn_v3,0.140893470790378,0.3170731707317073
os_3yr,tabpfn_v3,0.140893470790378,0.32195121951219513
os_3yr,tabpfn_v3,0.14776632302405499,0.32195121951219513
os_3yr,tabpfn_v3,0.14776632302405499,0.33170731707317075
os_3yr,tabpfn_v3,0.16151202749140894,0.34146341463414637
os_3yr,tabpfn_v3,0.16151202749140894,0.3463414634146341
os_3yr,tabpfn_v3,0.16494845360824742,0.3463414634146341
os_3yr,tabpfn_v3,0.16494845360824742,0.35121951219512193
os_3yr,tabpfn_v3,0.16838487972508592,0.35121951219512193
os_3yr,tabpfn_v3,0.16838487972508592,0.36097560975609755
os_3yr,tabpfn_v3,0.17525773195876287,0.36097560975609755
os_3yr,tabpfn_v3,0.17525773195876287,0.36585365853658536
os_3yr,tabpfn_v3,0.17869415807560138,0.36585365853658536
os_3yr,tabpfn_v3,0.17869415807560138,0.37073170731707317
os_3yr,tabpfn_v3,0.18213058419243985,0.37073170731707317
os_3yr,tabpfn_v3,0.18213058419243985,0.3804878048780488
os_3yr,tabpfn_v3,0.18556701030927836,0.3804878048780488
os_3yr,tabpfn_v3,0.18556701030927836,0.4
os_3yr,tabpfn_v3,0.19931271477663232,0.4
os_3yr,tabpfn_v3,0.19931271477663232,0.40487804878048783
os_3yr,tabpfn_v3,0.2027491408934708,0.40487804878048783
os_3yr,tabpfn_v3,0.2027491408934708,0.424390243902439
os_3yr,tabpfn_v3,0.20618556701030927,0.424390243902439
os_3yr,tabpfn_v3,0.20618556701030927,0.4292682926829268
os_3yr,tabpfn_v3,0.21993127147766323,0.4292682926829268
os_3yr,tabpfn_v3,0.21993127147766323,0.44878048780487806
os_3yr,tabpfn_v3,0.22336769759450173,0.44878048780487806
os_3yr,tabpfn_v3,0.22336769759450173,0.4634146341463415
os_3yr,tabpfn_v3,0.23367697594501718,0.4634146341463415
os_3yr,tabpfn_v3,0.23367697594501718,0.4682926829268293
os_3yr,tabpfn_v3,0.24742268041237114,0.4682926829268293
os_3yr,tabpfn_v3,0.24742268041237114,0.47804878048780486
os_3yr,tabpfn_v3,0.27835051546391754,0.47804878048780486
os_3yr,tabpfn_v3,0.27835051546391754,0.48292682926829267
os_3yr,tabpfn_v3,0.281786941580756,0.48292682926829267
os_3yr,tabpfn_v3,0.281786941580756,0.4975609756097561
os_3yr,tabpfn_v3,0.28865979381443296,0.4975609756097561
os_3yr,tabpfn_v3,0.28865979381443296,0.5073170731707317
os_3yr,tabpfn_v3,0.3024054982817869,0.5121951219512195
os_3yr,tabpfn_v3,0.3024054982817869,0.5365853658536586
os_3yr,tabpfn_v3,0.30584192439862545,0.5365853658536586
os_3yr,tabpfn_v3,0.30584192439862545,0.5609756097560976
os_3yr,tabpfn_v3,0.30927835051546393,0.5609756097560976
os_3yr,tabpfn_v3,0.30927835051546393,0.5658536585365853
os_3yr,tabpfn_v3,0.3127147766323024,0.5658536585365853
os_3yr,tabpfn_v3,0.3127147766323024,0.5756097560975609
os_3yr,tabpfn_v3,0.3230240549828179,0.5756097560975609
os_3yr,tabpfn_v3,0.3230240549828179,0.5804878048780487
os_3yr,tabpfn_v3,0.32646048109965636,0.5804878048780487
os_3yr,tabpfn_v3,0.32646048109965636,0.5902439024390244
os_3yr,tabpfn_v3,0.3402061855670103,0.5902439024390244
os_3yr,tabpfn_v3,0.3402061855670103,0.6146341463414634
os_3yr,tabpfn_v3,0.3436426116838488,0.6146341463414634
os_3yr,tabpfn_v3,0.3436426116838488,0.624390243902439
os_3yr,tabpfn_v3,0.3470790378006873,0.624390243902439
os_3yr,tabpfn_v3,0.3470790378006873,0.6682926829268293
os_3yr,tabpfn_v3,0.3539518900343643,0.6682926829268293
os_3yr,tabpfn_v3,0.3539518900343643,0.6731707317073171
os_3yr,tabpfn_v3,0.36082474226804123,0.6731707317073171
os_3yr,tabpfn_v3,0.3848797250859107,0.6878048780487804
os_3yr,tabpfn_v3,0.3917525773195876,0.6878048780487804
os_3yr,tabpfn_v3,0.3917525773195876,0.697560975609756
os_3yr,tabpfn_v3,0.3951890034364261,0.697560975609756
os_3yr,tabpfn_v3,0.3951890034364261,0.7024390243902439
os_3yr,tabpfn_v3,0.4054982817869416,0.7024390243902439
os_3yr,tabpfn_v3,0.4054982817869416,0.7073170731707317
os_3yr,tabpfn_v3,0.41237113402061853,0.7073170731707317
os_3yr,tabpfn_v3,0.41237113402061853,0.7121951219512195
os_3yr,tabpfn_v3,0.41924398625429554,0.7121951219512195
os_3yr,tabpfn_v3,0.41924398625429554,0.7219512195121951
os_3yr,tabpfn_v3,0.422680412371134,0.7219512195121951
os_3yr,tabpfn_v3,0.422680412371134,0.7268292682926829
os_3yr,tabpfn_v3,0.42955326460481097,0.7268292682926829
os_3yr,tabpfn_v3,0.42955326460481097,0.7317073170731707
os_3yr,tabpfn_v3,0.4329896907216495,0.7317073170731707
os_3yr,tabpfn_v3,0.4329896907216495,0.7365853658536585
os_3yr,tabpfn_v3,0.43986254295532645,0.7365853658536585
os_3yr,tabpfn_v3,0.43986254295532645,0.7463414634146341
os_3yr,tabpfn_v3,0.44329896907216493,0.7463414634146341
os_3yr,tabpfn_v3,0.44329896907216493,0.7609756097560976
os_3yr,tabpfn_v3,0.44673539518900346,0.7609756097560976
os_3yr,tabpfn_v3,0.44673539518900346,0.7707317073170732
os_3yr,tabpfn_v3,0.45017182130584193,0.7707317073170732
os_3yr,tabpfn_v3,0.45017182130584193,0.8048780487804879
os_3yr,tabpfn_v3,0.4536082474226804,0.8048780487804879
os_3yr,tabpfn_v3,0.4536082474226804,0.8195121951219512
os_3yr,tabpfn_v3,0.4570446735395189,0.8195121951219512
os_3yr,tabpfn_v3,0.4570446735395189,0.824390243902439
os_3yr,tabpfn_v3,0.46048109965635736,0.824390243902439
os_3yr,tabpfn_v3,0.46048109965635736,0.8390243902439024
os_3yr,tabpfn_v3,0.46735395189003437,0.8390243902439024
os_3yr,tabpfn_v3,0.46735395189003437,0.8634146341463415
os_3yr,tabpfn_v3,0.48109965635738833,0.8634146341463415
os_3yr,tabpfn_v3,0.4879725085910653,0.8634146341463415
os_3yr,tabpfn_v3,0.5051546391752577,0.8780487804878049
os_3yr,tabpfn_v3,0.5051546391752577,0.8829268292682927
os_3yr,tabpfn_v3,0.5085910652920962,0.8829268292682927
os_3yr,tabpfn_v3,0.5085910652920962,0.8878048780487805
os_3yr,tabpfn_v3,0.5120274914089347,0.8878048780487805
os_3yr,tabpfn_v3,0.5120274914089347,0.8926829268292683
os_3yr,tabpfn_v3,0.5257731958762887,0.8926829268292683
os_3yr,tabpfn_v3,0.5257731958762887,0.8975609756097561
os_3yr,tabpfn_v3,0.5429553264604811,0.9073170731707317
os_3yr,tabpfn_v3,0.5429553264604811,0.9121951219512195
os_3yr,tabpfn_v3,0.5463917525773195,0.9121951219512195
os_3yr,tabpfn_v3,0.5463917525773195,0.9170731707317074
os_3yr,tabpfn_v3,0.5670103092783505,0.9170731707317074
os_3yr,tabpfn_v3,0.5670103092783505,0.9219512195121952
os_3yr,tabpfn_v3,0.5773195876288659,0.9219512195121952
os_3yr,tabpfn_v3,0.5773195876288659,0.926829268292683
os_3yr,tabpfn_v3,0.6116838487972509,0.926829268292683
os_3yr,tabpfn_v3,0.6116838487972509,0.9317073170731708
os_3yr,tabpfn_v3,0.6254295532646048,0.9317073170731708
os_3yr,tabpfn_v3,0.6254295532646048,0.9365853658536586
os_3yr,tabpfn_v3,0.6288659793814433,0.9365853658536586
os_3yr,tabpfn_v3,0.6288659793814433,0.9414634146341463
os_3yr,tabpfn_v3,0.6804123711340206,0.9414634146341463
os_3yr,tabpfn_v3,0.6804123711340206,0.9463414634146341
os_3yr,tabpfn_v3,0.6838487972508591,0.9463414634146341
os_3yr,tabpfn_v3,0.6838487972508591,0.9560975609756097
os_3yr,tabpfn_v3,0.7491408934707904,0.9560975609756097
os_3yr,tabpfn_v3,0.7491408934707904,0.9609756097560975
os_3yr,tabpfn_v3,0.7594501718213058,0.9609756097560975
os_3yr,tabpfn_v3,0.7594501718213058,0.9658536585365853
os_3yr,tabpfn_v3,0.8694158075601375,0.9658536585365853
os_3yr,tabpfn_v3,0.8694158075601375,0.9707317073170731
os_3yr,tabpfn_v3,0.8900343642611683,0.9707317073170731
os_3yr,tabpfn_v3,0.8900343642611683,0.975609756097561
os_3yr,tabpfn_v3,0.9037800687285223,0.975609756097561
os_3yr,tabpfn_v3,0.9037800687285223,0.9804878048780488
os_3yr,tabpfn_v3,0.9347079037800687,0.9804878048780488
os_3yr,tabpfn_v3,0.9347079037800687,0.9902439024390244
os_3yr,tabpfn_v3,0.9484536082474226,0.9902439024390244
os_3yr,tabpfn_v3,0.9484536082474226,0.9951219512195122
os_3yr,tabpfn_v3,0.9621993127147767,0.9951219512195122
os_3yr,tabpfn_v3,0.9621993127147767,1.0
os_3yr,tabpfn_v3,1.0,1.0
os_5yr,tabfm_default,0.0,0.0
os_5yr,tabfm_default,0.0,0.022935779816513763
os_5yr,tabfm_default,0.0,0.03211009174311927
os_5yr,tabfm_default,0.0,0.05045871559633028
os_5yr,tabfm_default,0.0,0.05504587155963303
os_5yr,tabfm_default,0.007407407407407408,0.06422018348623854
os_5yr,tabfm_default,0.014814814814814815,0.06422018348623854
os_5yr,tabfm_default,0.014814814814814815,0.07339449541284404
os_5yr,tabfm_default,0.02962962962962963,0.07339449541284404
os_5yr,tabfm_default,0.02962962962962963,0.0779816513761468
os_5yr,tabfm_default,0.02962962962962963,0.0871559633027523
os_5yr,tabfm_default,0.02962962962962963,0.10091743119266056
os_5yr,tabfm_default,0.037037037037037035,0.10091743119266056
os_5yr,tabfm_default,0.037037037037037035,0.11926605504587157
os_5yr,tabfm_default,0.044444444444444446,0.11926605504587157
os_5yr,tabfm_default,0.05185185185185185,0.12385321100917432
os_5yr,tabfm_default,0.05925925925925926,0.13302752293577982
os_5yr,tabfm_default,0.05925925925925926,0.16055045871559634
os_5yr,tabfm_default,0.05925925925925926,0.1651376146788991
os_5yr,tabfm_default,0.05925925925925926,0.17889908256880735
os_5yr,tabfm_default,0.05925925925925926,0.21100917431192662
os_5yr,tabfm_default,0.07407407407407407,0.22018348623853212
os_5yr,tabfm_default,0.0962962962962963,0.22477064220183487
os_5yr,tabfm_default,0.0962962962962963,0.23853211009174313
os_5yr,tabfm_default,0.0962962962962963,0.24770642201834864
os_5yr,tabfm_default,0.11851851851851852,0.25229357798165136
os_5yr,tabfm_default,0.11851851851851852,0.26605504587155965
os_5yr,tabfm_default,0.13333333333333333,0.2798165137614679
os_5yr,tabfm_default,0.14074074074074075,0.30275229357798167
os_5yr,tabfm_default,0.14074074074074075,0.3073394495412844
os_5yr,tabfm_default,0.14074074074074075,0.3165137614678899
os_5yr,tabfm_default,0.14814814814814814,0.3165137614678899
os_5yr,tabfm_default,0.14814814814814814,0.3256880733944954
os_5yr,tabfm_default,0.14814814814814814,0.3394495412844037
os_5yr,tabfm_default,0.14814814814814814,0.3440366972477064
os_5yr,tabfm_default,0.14814814814814814,0.3577981651376147
os_5yr,tabfm_default,0.14814814814814814,0.3853211009174312
os_5yr,tabfm_default,0.14814814814814814,0.39908256880733944
os_5yr,tabfm_default,0.16296296296296298,0.39908256880733944
os_5yr,tabfm_default,0.17037037037037037,0.41284403669724773
os_5yr,tabfm_default,0.17037037037037037,0.42201834862385323
os_5yr,tabfm_default,0.17037037037037037,0.44495412844036697
os_5yr,tabfm_default,0.17037037037037037,0.44954128440366975
os_5yr,tabfm_default,0.17777777777777778,0.45871559633027525
os_5yr,tabfm_default,0.18518518518518517,0.4908256880733945
os_5yr,tabfm_default,0.18518518518518517,0.5
os_5yr,tabfm_default,0.18518518518518517,0.5091743119266054
os_5yr,tabfm_default,0.18518518518518517,0.518348623853211
os_5yr,tabfm_default,0.1925925925925926,0.518348623853211
os_5yr,tabfm_default,0.1925925925925926,0.536697247706422
os_5yr,tabfm_default,0.2,0.5412844036697247
os_5yr,tabfm_default,0.2,0.5458715596330275
os_5yr,tabfm_default,0.21481481481481482,0.555045871559633
os_5yr,tabfm_default,0.21481481481481482,0.5596330275229358
os_5yr,tabfm_default,0.2222222222222222,0.5642201834862385
os_5yr,tabfm_default,0.2222222222222222,0.5825688073394495
os_5yr,tabfm_default,0.22962962962962963,0.5825688073394495
os_5yr,tabfm_default,0.24444444444444444,0.6009174311926605
os_5yr,tabfm_default,0.24444444444444444,0.6100917431192661
os_5yr,tabfm_default,0.24444444444444444,0.6192660550458715
os_5yr,tabfm_default,0.2740740740740741,0.6284403669724771
os_5yr,tabfm_default,0.28888888888888886,0.6330275229357798
os_5yr,tabfm_default,0.2962962962962963,0.6376146788990825
os_5yr,tabfm_default,0.3111111111111111,0.6651376146788991
os_5yr,tabfm_default,0.3111111111111111,0.6880733944954128
os_5yr,tabfm_default,0.32592592592592595,0.7064220183486238
os_5yr,tabfm_default,0.34814814814814815,0.7155963302752294
os_5yr,tabfm_default,0.362962962962963,0.7247706422018348
os_5yr,tabfm_default,0.362962962962963,0.7339449541284404
os_5yr,tabfm_default,0.37037037037037035,0.7431192660550459
os_5yr,tabfm_default,0.37777777777777777,0.7477064220183486
os_5yr,tabfm_default,0.37777777777777777,0.7568807339449541
os_5yr,tabfm_default,0.3851851851851852,0.7568807339449541
os_5yr,tabfm_default,0.3851851851851852,0.7660550458715596
os_5yr,tabfm_default,0.3851851851851852,0.7706422018348624
os_5yr,tabfm_default,0.3925925925925926,0.7752293577981652
os_5yr,tabfm_default,0.4,0.7752293577981652
os_5yr,tabfm_default,0.4148148148148148,0.7752293577981652
os_5yr,tabfm_default,0.4148148148148148,0.7798165137614679
os_5yr,tabfm_default,0.4222222222222222,0.7798165137614679
os_5yr,tabfm_default,0.4222222222222222,0.7844036697247706
os_5yr,tabfm_default,0.4222222222222222,0.8027522935779816
os_5yr,tabfm_default,0.43703703703703706,0.8027522935779816
os_5yr,tabfm_default,0.43703703703703706,0.8119266055045872
os_5yr,tabfm_default,0.43703703703703706,0.8211009174311926
os_5yr,tabfm_default,0.4444444444444444,0.8211009174311926
os_5yr,tabfm_default,0.4444444444444444,0.8486238532110092
os_5yr,tabfm_default,0.45185185185185184,0.8486238532110092
os_5yr,tabfm_default,0.45185185185185184,0.8577981651376146
os_5yr,tabfm_default,0.48148148148148145,0.8577981651376146
os_5yr,tabfm_default,0.4962962962962963,0.8577981651376146
os_5yr,tabfm_default,0.5111111111111111,0.8577981651376146
os_5yr,tabfm_default,0.5111111111111111,0.8623853211009175
os_5yr,tabfm_default,0.5185185185185185,0.8669724770642202
os_5yr,tabfm_default,0.5185185185185185,0.8761467889908257
os_5yr,tabfm_default,0.5185185185185185,0.8807339449541285
os_5yr,tabfm_default,0.5481481481481482,0.8807339449541285
os_5yr,tabfm_default,0.5481481481481482,0.8853211009174312
os_5yr,tabfm_default,0.5555555555555556,0.8853211009174312
os_5yr,tabfm_default,0.5925925925925926,0.8944954128440367
os_5yr,tabfm_default,0.6074074074074074,0.9036697247706422
os_5yr,tabfm_default,0.6962962962962963,0.9311926605504587
os_5yr,tabfm_default,0.7333333333333333,0.9311926605504587
os_5yr,tabfm_default,0.7407407407407407,0.9311926605504587
os_5yr,tabfm_default,0.7777777777777778,0.9357798165137615
os_5yr,tabfm_default,0.7777777777777778,0.9403669724770642
os_5yr,tabfm_default,0.8148148148148148,0.963302752293578
os_5yr,tabfm_default,0.837037037037037,0.963302752293578
os_5yr,tabfm_default,0.837037037037037,0.9678899082568807
os_5yr,tabfm_default,0.8740740740740741,0.9724770642201835
os_5yr,tabfm_default,0.8814814814814815,0.9724770642201835
os_5yr,tabfm_default,0.9037037037037037,0.9770642201834863
os_5yr,tabfm_default,0.9185185185185185,0.9770642201834863
os_5yr,tabfm_default,0.9333333333333333,0.981651376146789
os_5yr,tabfm_default,0.9407407407407408,0.9862385321100917
os_5yr,tabfm_default,0.9407407407407408,0.9908256880733946
os_5yr,tabfm_default,0.9555555555555556,0.9908256880733946
os_5yr,tabfm_default,0.9777777777777777,0.9954128440366973
os_5yr,tabfm_default,0.9851851851851852,0.9954128440366973
os_5yr,tabfm_default,0.9925925925925926,1.0
os_5yr,tabfm_default,1.0,1.0
os_5yr,tabpfn_v2,0.0,0.0
os_5yr,tabpfn_v2,0.0,0.022935779816513763
os_5yr,tabpfn_v2,0.0,0.03669724770642202
os_5yr,tabpfn_v2,0.0,0.05504587155963303
os_5yr,tabpfn_v2,0.0,0.05963302752293578
os_5yr,tabpfn_v2,0.014814814814814815,0.05963302752293578
os_5yr,tabpfn_v2,0.014814814814814815,0.06880733944954129
os_5yr,tabpfn_v2,0.014814814814814815,0.07339449541284404
os_5yr,tabpfn_v2,0.022222222222222223,0.07339449541284404
os_5yr,tabpfn_v2,0.022222222222222223,0.0963302752293578
os_5yr,tabpfn_v2,0.037037037037037035,0.0963302752293578
os_5yr,tabpfn_v2,0.037037037037037035,0.13761467889908258
os_5yr,tabpfn_v2,0.037037037037037035,0.16055045871559634
os_5yr,tabpfn_v2,0.037037037037037035,0.18807339449541285
os_5yr,tabpfn_v2,0.044444444444444446,0.1926605504587156
os_5yr,tabpfn_v2,0.044444444444444446,0.21559633027522937
os_5yr,tabpfn_v2,0.05185185185185185,0.22018348623853212
os_5yr,tabpfn_v2,0.05925925925925926,0.22018348623853212
os_5yr,tabpfn_v2,0.06666666666666667,0.22477064220183487
os_5yr,tabpfn_v2,0.06666666666666667,0.23853211009174313
os_5yr,tabpfn_v2,0.07407407407407407,0.23853211009174313
os_5yr,tabpfn_v2,0.07407407407407407,0.24311926605504589
os_5yr,tabpfn_v2,0.0962962962962963,0.24311926605504589
os_5yr,tabpfn_v2,0.0962962962962963,0.25229357798165136
os_5yr,tabpfn_v2,0.1037037037037037,0.25229357798165136
os_5yr,tabpfn_v2,0.1037037037037037,0.25688073394495414
os_5yr,tabpfn_v2,0.1111111111111111,0.25688073394495414
os_5yr,tabpfn_v2,0.1111111111111111,0.2889908256880734
os_5yr,tabpfn_v2,0.11851851851851852,0.2889908256880734
os_5yr,tabpfn_v2,0.11851851851851852,0.2981651376146789
os_5yr,tabpfn_v2,0.1259259259259259,0.2981651376146789
os_5yr,tabpfn_v2,0.1259259259259259,0.3165137614678899
os_5yr,tabpfn_v2,0.1259259259259259,0.3256880733944954
os_5yr,tabpfn_v2,0.13333333333333333,0.3256880733944954
os_5yr,tabpfn_v2,0.13333333333333333,0.3302752293577982
os_5yr,tabpfn_v2,0.15555555555555556,0.3302752293577982
os_5yr,tabpfn_v2,0.15555555555555556,0.3394495412844037
os_5yr,tabpfn_v2,0.15555555555555556,0.3486238532110092
os_5yr,tabpfn_v2,0.16296296296296298,0.3532110091743119
os_5yr,tabpfn_v2,0.16296296296296298,0.38073394495412843
os_5yr,tabpfn_v2,0.17037037037037037,0.38073394495412843
os_5yr,tabpfn_v2,0.17037037037037037,0.3853211009174312
os_5yr,tabpfn_v2,0.17037037037037037,0.3944954128440367
os_5yr,tabpfn_v2,0.17037037037037037,0.39908256880733944
os_5yr,tabpfn_v2,0.17037037037037037,0.41284403669724773
os_5yr,tabpfn_v2,0.17037037037037037,0.42201834862385323
os_5yr,tabpfn_v2,0.17777777777777778,0.42660550458715596
os_5yr,tabpfn_v2,0.17777777777777778,0.43119266055045874
os_5yr,tabpfn_v2,0.17777777777777778,0.44036697247706424
os_5yr,tabpfn_v2,0.18518518518518517,0.44036697247706424
os_5yr,tabpfn_v2,0.18518518518518517,0.44495412844036697
os_5yr,tabpfn_v2,0.18518518518518517,0.4541284403669725
os_5yr,tabpfn_v2,0.18518518518518517,0.46788990825688076
os_5yr,tabpfn_v2,0.1925925925925926,0.4724770642201835
os_5yr,tabpfn_v2,0.1925925925925926,0.481651376146789
os_5yr,tabpfn_v2,0.2,0.481651376146789
os_5yr,tabpfn_v2,0.2,0.5091743119266054
os_5yr,tabpfn_v2,0.2074074074074074,0.5091743119266054
os_5yr,tabpfn_v2,0.2074074074074074,0.5229357798165137
os_5yr,tabpfn_v2,0.21481481481481482,0.5229357798165137
os_5yr,tabpfn_v2,0.21481481481481482,0.5321100917431193
os_5yr,tabpfn_v2,0.21481481481481482,0.5412844036697247
os_5yr,tabpfn_v2,0.21481481481481482,0.5458715596330275
os_5yr,tabpfn_v2,0.2222222222222222,0.5458715596330275
os_5yr,tabpfn_v2,0.2222222222222222,0.5688073394495413
os_5yr,tabpfn_v2,0.22962962962962963,0.5688073394495413
os_5yr,tabpfn_v2,0.22962962962962963,0.5871559633027523
os_5yr,tabpfn_v2,0.23703703703703705,0.5871559633027523
os_5yr,tabpfn_v2,0.23703703703703705,0.591743119266055
os_5yr,tabpfn_v2,0.23703703703703705,0.6009174311926605
os_5yr,tabpfn_v2,0.23703703703703705,0.6100917431192661
os_5yr,tabpfn_v2,0.24444444444444444,0.6100917431192661
os_5yr,tabpfn_v2,0.24444444444444444,0.6238532110091743
os_5yr,tabpfn_v2,0.25925925925925924,0.6238532110091743
os_5yr,tabpfn_v2,0.25925925925925924,0.6284403669724771
os_5yr,tabpfn_v2,0.25925925925925924,0.6467889908256881
os_5yr,tabpfn_v2,0.25925925925925924,0.6513761467889908
os_5yr,tabpfn_v2,0.26666666666666666,0.6513761467889908
os_5yr,tabpfn_v2,0.2814814814814815,0.6513761467889908
os_5yr,tabpfn_v2,0.2814814814814815,0.6559633027522935
os_5yr,tabpfn_v2,0.2814814814814815,0.6651376146788991
os_5yr,tabpfn_v2,0.28888888888888886,0.6743119266055045
os_5yr,tabpfn_v2,0.28888888888888886,0.6834862385321101
os_5yr,tabpfn_v2,0.2962962962962963,0.6834862385321101
os_5yr,tabpfn_v2,0.3037037037037037,0.6880733944954128
os_5yr,tabpfn_v2,0.3111111111111111,0.6880733944954128
os_5yr,tabpfn_v2,0.32592592592592595,0.6880733944954128
os_5yr,tabpfn_v2,0.32592592592592595,0.6972477064220184
os_5yr,tabpfn_v2,0.34814814814814815,0.6972477064220184
os_5yr,tabpfn_v2,0.34814814814814815,0.7247706422018348
os_5yr,tabpfn_v2,0.362962962962963,0.7247706422018348
os_5yr,tabpfn_v2,0.362962962962963,0.7293577981651376
os_5yr,tabpfn_v2,0.37037037037037035,0.7293577981651376
os_5yr,tabpfn_v2,0.37037037037037035,0.7522935779816514
os_5yr,tabpfn_v2,0.37777777777777777,0.7522935779816514
os_5yr,tabpfn_v2,0.37777777777777777,0.7568807339449541
os_5yr,tabpfn_v2,0.3851851851851852,0.7660550458715596
os_5yr,tabpfn_v2,0.3851851851851852,0.7889908256880734
os_5yr,tabpfn_v2,0.4222222222222222,0.7889908256880734
os_5yr,tabpfn_v2,0.4222222222222222,0.7935779816513762
os_5yr,tabpfn_v2,0.4444444444444444,0.7935779816513762
os_5yr,tabpfn_v2,0.4444444444444444,0.8027522935779816
os_5yr,tabpfn_v2,0.45925925925925926,0.8027522935779816
os_5yr,tabpfn_v2,0.45925925925925926,0.8577981651376146
os_5yr,tabpfn_v2,0.4666666666666667,0.8577981651376146
os_5yr,tabpfn_v2,0.4666666666666667,0.8623853211009175
os_5yr,tabpfn_v2,0.4740740740740741,0.8623853211009175
os_5yr,tabpfn_v2,0.4740740740740741,0.8715596330275229
os_5yr,tabpfn_v2,0.4962962962962963,0.8715596330275229
os_5yr,tabpfn_v2,0.4962962962962963,0.8761467889908257
os_5yr,tabpfn_v2,0.5037037037037037,0.8761467889908257
os_5yr,tabpfn_v2,0.5037037037037037,0.8807339449541285
os_5yr,tabpfn_v2,0.5111111111111111,0.8807339449541285
os_5yr,tabpfn_v2,0.5111111111111111,0.8853211009174312
os_5yr,tabpfn_v2,0.5407407407407407,0.8853211009174312
os_5yr,tabpfn_v2,0.5407407407407407,0.8899082568807339
os_5yr,tabpfn_v2,0.5481481481481482,0.8899082568807339
os_5yr,tabpfn_v2,0.5481481481481482,0.8944954128440367
os_5yr,tabpfn_v2,0.5555555555555556,0.8944954128440367
os_5yr,tabpfn_v2,0.5555555555555556,0.8990825688073395
os_5yr,tabpfn_v2,0.5703703703703704,0.8990825688073395
os_5yr,tabpfn_v2,0.5703703703703704,0.9036697247706422
os_5yr,tabpfn_v2,0.5777777777777777,0.908256880733945
os_5yr,tabpfn_v2,0.6222222222222222,0.908256880733945
os_5yr,tabpfn_v2,0.6370370370370371,0.9174311926605505
os_5yr,tabpfn_v2,0.6592592592592592,0.9174311926605505
os_5yr,tabpfn_v2,0.6666666666666666,0.9220183486238532
os_5yr,tabpfn_v2,0.674074074074074,0.9220183486238532
os_5yr,tabpfn_v2,0.674074074074074,0.926605504587156
os_5yr,tabpfn_v2,0.6888888888888889,0.926605504587156
os_5yr,tabpfn_v2,0.7111111111111111,0.926605504587156
os_5yr,tabpfn_v2,0.7111111111111111,0.9311926605504587
os_5yr,tabpfn_v2,0.725925925925926,0.9311926605504587
os_5yr,tabpfn_v2,0.725925925925926,0.9357798165137615
os_5yr,tabpfn_v2,0.7333333333333333,0.9357798165137615
os_5yr,tabpfn_v2,0.7555555555555555,0.9357798165137615
os_5yr,tabpfn_v2,0.7555555555555555,0.9403669724770642
os_5yr,tabpfn_v2,0.762962962962963,0.9403669724770642
os_5yr,tabpfn_v2,0.762962962962963,0.944954128440367
os_5yr,tabpfn_v2,0.7703703703703704,0.9495412844036697
os_5yr,tabpfn_v2,0.7925925925925926,0.9495412844036697
os_5yr,tabpfn_v2,0.7925925925925926,0.9541284403669725
os_5yr,tabpfn_v2,0.8074074074074075,0.9541284403669725
os_5yr,tabpfn_v2,0.8074074074074075,0.9587155963302753
os_5yr,tabpfn_v2,0.837037037037037,0.9587155963302753
os_5yr,tabpfn_v2,0.8444444444444444,0.9587155963302753
os_5yr,tabpfn_v2,0.8518518518518519,0.963302752293578
os_5yr,tabpfn_v2,0.8592592592592593,0.963302752293578
os_5yr,tabpfn_v2,0.8740740740740741,0.963302752293578
os_5yr,tabpfn_v2,0.9111111111111111,0.963302752293578
os_5yr,tabpfn_v2,0.9111111111111111,0.9724770642201835
os_5yr,tabpfn_v2,0.9333333333333333,0.9724770642201835
os_5yr,tabpfn_v2,0.9333333333333333,0.981651376146789
os_5yr,tabpfn_v2,0.9407407407407408,0.981651376146789
os_5yr,tabpfn_v2,0.9407407407407408,0.9862385321100917
os_5yr,tabpfn_v2,0.9555555555555556,0.9862385321100917
os_5yr,tabpfn_v2,0.9555555555555556,0.9908256880733946
os_5yr,tabpfn_v2,0.9925925925925926,0.9908256880733946
os_5yr,tabpfn_v2,0.9925925925925926,1.0
os_5yr,tabpfn_v2,1.0,1.0
os_5yr,tabpfn_v2_5,0.0,0.0
os_5yr,tabpfn_v2_5,0.0,0.022935779816513763
os_5yr,tabpfn_v2_5,0.0,0.03669724770642202
os_5yr,tabpfn_v2_5,0.0,0.045871559633027525
os_5yr,tabpfn_v2_5,0.014814814814814815,0.045871559633027525
os_5yr,tabpfn_v2_5,0.014814814814814815,0.05045871559633028
os_5yr,tabpfn_v2_5,0.014814814814814815,0.06880733944954129
os_5yr,tabpfn_v2_5,0.014814814814814815,0.07339449541284404
os_5yr,tabpfn_v2_5,0.022222222222222223,0.07339449541284404
os_5yr,tabpfn_v2_5,0.022222222222222223,0.0963302752293578
os_5yr,tabpfn_v2_5,0.02962962962962963,0.0963302752293578
os_5yr,tabpfn_v2_5,0.02962962962962963,0.11009174311926606
os_5yr,tabpfn_v2_5,0.02962962962962963,0.13302752293577982
os_5yr,tabpfn_v2_5,0.02962962962962963,0.15137614678899083
os_5yr,tabpfn_v2_5,0.037037037037037035,0.15137614678899083
os_5yr,tabpfn_v2_5,0.037037037037037035,0.16972477064220184
os_5yr,tabpfn_v2_5,0.044444444444444446,0.16972477064220184
os_5yr,tabpfn_v2_5,0.044444444444444446,0.1926605504587156
os_5yr,tabpfn_v2_5,0.05185185185185185,0.1926605504587156
os_5yr,tabpfn_v2_5,0.05185185185185185,0.19724770642201836
os_5yr,tabpfn_v2_5,0.05925925925925926,0.20642201834862386
os_5yr,tabpfn_v2_5,0.06666666666666667,0.20642201834862386
os_5yr,tabpfn_v2_5,0.06666666666666667,0.21100917431192662
os_5yr,tabpfn_v2_5,0.07407407407407407,0.21100917431192662
os_5yr,tabpfn_v2_5,0.07407407407407407,0.22018348623853212
os_5yr,tabpfn_v2_5,0.08148148148148149,0.22018348623853212
os_5yr,tabpfn_v2_5,0.08148148148148149,0.24311926605504589
os_5yr,tabpfn_v2_5,0.08888888888888889,0.24311926605504589
os_5yr,tabpfn_v2_5,0.08888888888888889,0.24770642201834864
os_5yr,tabpfn_v2_5,0.0962962962962963,0.24770642201834864
os_5yr,tabpfn_v2_5,0.0962962962962963,0.25688073394495414
os_5yr,tabpfn_v2_5,0.1111111111111111,0.25688073394495414
os_5yr,tabpfn_v2_5,0.1111111111111111,0.26605504587155965
os_5yr,tabpfn_v2_5,0.1259259259259259,0.26605504587155965
os_5yr,tabpfn_v2_5,0.1259259259259259,0.27522935779816515
os_5yr,tabpfn_v2_5,0.13333333333333333,0.27522935779816515
os_5yr,tabpfn_v2_5,0.13333333333333333,0.28440366972477066
os_5yr,tabpfn_v2_5,0.13333333333333333,0.29357798165137616
os_5yr,tabpfn_v2_5,0.13333333333333333,0.3073394495412844
os_5yr,tabpfn_v2_5,0.14074074074074075,0.3073394495412844
os_5yr,tabpfn_v2_5,0.14814814814814814,0.3119266055045872
os_5yr,tabpfn_v2_5,0.14814814814814814,0.3348623853211009
os_5yr,tabpfn_v2_5,0.15555555555555556,0.3348623853211009
os_5yr,tabpfn_v2_5,0.15555555555555556,0.3669724770642202
os_5yr,tabpfn_v2_5,0.16296296296296298,0.37155963302752293
os_5yr,tabpfn_v2_5,0.16296296296296298,0.3853211009174312
os_5yr,tabpfn_v2_5,0.17037037037037037,0.3853211009174312
os_5yr,tabpfn_v2_5,0.17037037037037037,0.3944954128440367
os_5yr,tabpfn_v2_5,0.18518518518518517,0.4036697247706422
os_5yr,tabpfn_v2_5,0.1925925925925926,0.4036697247706422
os_5yr,tabpfn_v2_5,0.1925925925925926,0.43119266055045874
os_5yr,tabpfn_v2_5,0.2,0.43119266055045874
os_5yr,tabpfn_v2_5,0.2,0.44036697247706424
os_5yr,tabpfn_v2_5,0.2,0.46788990825688076
os_5yr,tabpfn_v2_5,0.2074074074074074,0.46788990825688076
os_5yr,tabpfn_v2_5,0.2074074074074074,0.4724770642201835
os_5yr,tabpfn_v2_5,0.21481481481481482,0.4724770642201835
os_5yr,tabpfn_v2_5,0.21481481481481482,0.5045871559633027
os_5yr,tabpfn_v2_5,0.22962962962962963,0.5045871559633027
os_5yr,tabpfn_v2_5,0.22962962962962963,0.573394495412844
os_5yr,tabpfn_v2_5,0.23703703703703705,0.573394495412844
os_5yr,tabpfn_v2_5,0.23703703703703705,0.5779816513761468
os_5yr,tabpfn_v2_5,0.24444444444444444,0.5779816513761468
os_5yr,tabpfn_v2_5,0.24444444444444444,0.5871559633027523
os_5yr,tabpfn_v2_5,0.24444444444444444,0.5963302752293578
os_5yr,tabpfn_v2_5,0.2518518518518518,0.6009174311926605
os_5yr,tabpfn_v2_5,0.2518518518518518,0.6100917431192661
os_5yr,tabpfn_v2_5,0.26666666666666666,0.6100917431192661
os_5yr,tabpfn_v2_5,0.2740740740740741,0.6146788990825688
os_5yr,tabpfn_v2_5,0.2740740740740741,0.6192660550458715
os_5yr,tabpfn_v2_5,0.2814814814814815,0.6238532110091743
os_5yr,tabpfn_v2_5,0.2814814814814815,0.6330275229357798
os_5yr,tabpfn_v2_5,0.28888888888888886,0.6422018348623854
os_5yr,tabpfn_v2_5,0.3037037037037037,0.6605504587155964
os_5yr,tabpfn_v2_5,0.31851851851851853,0.6651376146788991
os_5yr,tabpfn_v2_5,0.3333333333333333,0.6651376146788991
os_5yr,tabpfn_v2_5,0.34074074074074073,0.6697247706422018
os_5yr,tabpfn_v2_5,0.34074074074074073,0.6788990825688074
os_5yr,tabpfn_v2_5,0.34074074074074073,0.6834862385321101
os_5yr,tabpfn_v2_5,0.34074074074074073,0.6926605504587156
os_5yr,tabpfn_v2_5,0.34074074074074073,0.7064220183486238
os_5yr,tabpfn_v2_5,0.34814814814814815,0.7064220183486238
os_5yr,tabpfn_v2_5,0.34814814814814815,0.7110091743119266
os_5yr,tabpfn_v2_5,0.35555555555555557,0.7110091743119266
os_5yr,tabpfn_v2_5,0.35555555555555557,0.7201834862385321
os_5yr,tabpfn_v2_5,0.362962962962963,0.7293577981651376
os_5yr,tabpfn_v2_5,0.37037037037037035,0.7339449541284404
os_5yr,tabpfn_v2_5,0.3851851851851852,0.7339449541284404
os_5yr,tabpfn_v2_5,0.3851851851851852,0.7385321100917431
os_5yr,tabpfn_v2_5,0.3925925925925926,0.7385321100917431
os_5yr,tabpfn_v2_5,0.3925925925925926,0.7477064220183486
os_5yr,tabpfn_v2_5,0.3925925925925926,0.7660550458715596
os_5yr,tabpfn_v2_5,0.4,0.7660550458715596
os_5yr,tabpfn_v2_5,0.4,0.7752293577981652
os_5yr,tabpfn_v2_5,0.4074074074074074,0.7752293577981652
os_5yr,tabpfn_v2_5,0.4074074074074074,0.7798165137614679
os_5yr,tabpfn_v2_5,0.4148148148148148,0.7798165137614679
os_5yr,tabpfn_v2_5,0.4148148148148148,0.7844036697247706
os_5yr,tabpfn_v2_5,0.4222222222222222,0.7844036697247706
os_5yr,tabpfn_v2_5,0.4222222222222222,0.7935779816513762
os_5yr,tabpfn_v2_5,0.45925925925925926,0.7935779816513762
os_5yr,tabpfn_v2_5,0.45925925925925926,0.8577981651376146
os_5yr,tabpfn_v2_5,0.4740740740740741,0.8577981651376146
os_5yr,tabpfn_v2_5,0.4740740740740741,0.8623853211009175
os_5yr,tabpfn_v2_5,0.5037037037037037,0.8623853211009175
os_5yr,tabpfn_v2_5,0.5037037037037037,0.8761467889908257
os_5yr,tabpfn_v2_5,0.5333333333333333,0.8761467889908257
os_5yr,tabpfn_v2_5,0.5333333333333333,0.8807339449541285
os_5yr,tabpfn_v2_5,0.5407407407407407,0.8807339449541285
os_5yr,tabpfn_v2_5,0.5407407407407407,0.8990825688073395
os_5yr,tabpfn_v2_5,0.5481481481481482,0.8990825688073395
os_5yr,tabpfn_v2_5,0.5481481481481482,0.908256880733945
os_5yr,tabpfn_v2_5,0.562962962962963,0.908256880733945
os_5yr,tabpfn_v2_5,0.5851851851851851,0.908256880733945
os_5yr,tabpfn_v2_5,0.5925925925925926,0.9128440366972477
os_5yr,tabpfn_v2_5,0.6222222222222222,0.9128440366972477
os_5yr,tabpfn_v2_5,0.6222222222222222,0.9174311926605505
os_5yr,tabpfn_v2_5,0.6370370370370371,0.9174311926605505
os_5yr,tabpfn_v2_5,0.6444444444444445,0.9174311926605505
os_5yr,tabpfn_v2_5,0.6444444444444445,0.9220183486238532
os_5yr,tabpfn_v2_5,0.6518518518518519,0.9220183486238532
os_5yr,tabpfn_v2_5,0.6592592592592592,0.926605504587156
os_5yr,tabpfn_v2_5,0.6592592592592592,0.9311926605504587
os_5yr,tabpfn_v2_5,0.7407407407407407,0.9311926605504587
os_5yr,tabpfn_v2_5,0.7407407407407407,0.9495412844036697
os_5yr,tabpfn_v2_5,0.762962962962963,0.9495412844036697
os_5yr,tabpfn_v2_5,0.762962962962963,0.9587155963302753
os_5yr,tabpfn_v2_5,0.7703703703703704,0.9587155963302753
os_5yr,tabpfn_v2_5,0.7703703703703704,0.963302752293578
os_5yr,tabpfn_v2_5,0.7851851851851852,0.963302752293578
os_5yr,tabpfn_v2_5,0.8,0.963302752293578
os_5yr,tabpfn_v2_5,0.837037037037037,0.963302752293578
os_5yr,tabpfn_v2_5,0.8444444444444444,0.9678899082568807
os_5yr,tabpfn_v2_5,0.8740740740740741,0.9678899082568807
os_5yr,tabpfn_v2_5,0.8740740740740741,0.9770642201834863
os_5yr,tabpfn_v2_5,0.8888888888888888,0.9770642201834863
os_5yr,tabpfn_v2_5,0.8888888888888888,0.981651376146789
os_5yr,tabpfn_v2_5,0.9111111111111111,0.981651376146789
os_5yr,tabpfn_v2_5,0.9259259259259259,0.981651376146789
os_5yr,tabpfn_v2_5,0.9407407407407408,0.981651376146789
os_5yr,tabpfn_v2_5,0.9407407407407408,0.9862385321100917
os_5yr,tabpfn_v2_5,0.9703703703703703,0.9862385321100917
os_5yr,tabpfn_v2_5,0.9703703703703703,0.9908256880733946
os_5yr,tabpfn_v2_5,0.9851851851851852,0.9908256880733946
os_5yr,tabpfn_v2_5,0.9851851851851852,1.0
os_5yr,tabpfn_v2_5,1.0,1.0
os_5yr,tabpfn_v2_6,0.0,0.0
os_5yr,tabpfn_v2_6,0.0,0.022935779816513763
os_5yr,tabpfn_v2_6,0.0,0.04128440366972477
os_5yr,tabpfn_v2_6,0.0,0.05963302752293578
os_5yr,tabpfn_v2_6,0.007407407407407408,0.05963302752293578
os_5yr,tabpfn_v2_6,0.007407407407407408,0.06880733944954129
os_5yr,tabpfn_v2_6,0.014814814814814815,0.06880733944954129
os_5yr,tabpfn_v2_6,0.014814814814814815,0.0779816513761468
os_5yr,tabpfn_v2_6,0.022222222222222223,0.0779816513761468
os_5yr,tabpfn_v2_6,0.022222222222222223,0.10091743119266056
os_5yr,tabpfn_v2_6,0.022222222222222223,0.13302752293577982
os_5yr,tabpfn_v2_6,0.02962962962962963,0.13302752293577982
os_5yr,tabpfn_v2_6,0.02962962962962963,0.16055045871559634
os_5yr,tabpfn_v2_6,0.037037037037037035,0.16055045871559634
os_5yr,tabpfn_v2_6,0.037037037037037035,0.1743119266055046
os_5yr,tabpfn_v2_6,0.044444444444444446,0.1743119266055046
os_5yr,tabpfn_v2_6,0.044444444444444446,0.1926605504587156
os_5yr,tabpfn_v2_6,0.05925925925925926,0.1926605504587156
os_5yr,tabpfn_v2_6,0.05925925925925926,0.2018348623853211
os_5yr,tabpfn_v2_6,0.06666666666666667,0.2018348623853211
os_5yr,tabpfn_v2_6,0.06666666666666667,0.21559633027522937
os_5yr,tabpfn_v2_6,0.07407407407407407,0.22018348623853212
os_5yr,tabpfn_v2_6,0.07407407407407407,0.23853211009174313
os_5yr,tabpfn_v2_6,0.07407407407407407,0.24770642201834864
os_5yr,tabpfn_v2_6,0.08888888888888889,0.24770642201834864
os_5yr,tabpfn_v2_6,0.08888888888888889,0.26146788990825687
os_5yr,tabpfn_v2_6,0.0962962962962963,0.26146788990825687
os_5yr,tabpfn_v2_6,0.0962962962962963,0.27522935779816515
os_5yr,tabpfn_v2_6,0.1037037037037037,0.2798165137614679
os_5yr,tabpfn_v2_6,0.1037037037037037,0.28440366972477066
os_5yr,tabpfn_v2_6,0.1111111111111111,0.28440366972477066
os_5yr,tabpfn_v2_6,0.11851851851851852,0.29357798165137616
os_5yr,tabpfn_v2_6,0.11851851851851852,0.30275229357798167
os_5yr,tabpfn_v2_6,0.1259259259259259,0.30275229357798167
os_5yr,tabpfn_v2_6,0.1259259259259259,0.3073394495412844
os_5yr,tabpfn_v2_6,0.13333333333333333,0.3073394495412844
os_5yr,tabpfn_v2_6,0.13333333333333333,0.3119266055045872
os_5yr,tabpfn_v2_6,0.15555555555555556,0.3119266055045872
os_5yr,tabpfn_v2_6,0.15555555555555556,0.3256880733944954
os_5yr,tabpfn_v2_6,0.16296296296296298,0.3256880733944954
os_5yr,tabpfn_v2_6,0.16296296296296298,0.3486238532110092
os_5yr,tabpfn_v2_6,0.16296296296296298,0.3577981651376147
os_5yr,tabpfn_v2_6,0.16296296296296298,0.3623853211009174
os_5yr,tabpfn_v2_6,0.16296296296296298,0.38073394495412843
os_5yr,tabpfn_v2_6,0.17037037037037037,0.38073394495412843
os_5yr,tabpfn_v2_6,0.17037037037037037,0.3944954128440367
os_5yr,tabpfn_v2_6,0.17037037037037037,0.4036697247706422
os_5yr,tabpfn_v2_6,0.17777777777777778,0.41743119266055045
os_5yr,tabpfn_v2_6,0.17777777777777778,0.42660550458715596
os_5yr,tabpfn_v2_6,0.18518518518518517,0.42660550458715596
os_5yr,tabpfn_v2_6,0.18518518518518517,0.44036697247706424
os_5yr,tabpfn_v2_6,0.2,0.44036697247706424
os_5yr,tabpfn_v2_6,0.2,0.44954128440366975
os_5yr,tabpfn_v2_6,0.2,0.4541284403669725
os_5yr,tabpfn_v2_6,0.2074074074074074,0.45871559633027525
os_5yr,tabpfn_v2_6,0.2074074074074074,0.481651376146789
os_5yr,tabpfn_v2_6,0.21481481481481482,0.481651376146789
os_5yr,tabpfn_v2_6,0.21481481481481482,0.4908256880733945
os_5yr,tabpfn_v2_6,0.2222222222222222,0.4954128440366973
os_5yr,tabpfn_v2_6,0.2222222222222222,0.5045871559633027
os_5yr,tabpfn_v2_6,0.23703703703703705,0.5045871559633027
os_5yr,tabpfn_v2_6,0.23703703703703705,0.5091743119266054
os_5yr,tabpfn_v2_6,0.23703703703703705,0.518348623853211
os_5yr,tabpfn_v2_6,0.23703703703703705,0.5275229357798165
os_5yr,tabpfn_v2_6,0.24444444444444444,0.5275229357798165
os_5yr,tabpfn_v2_6,0.24444444444444444,0.5412844036697247
os_5yr,tabpfn_v2_6,0.2518518518518518,0.5412844036697247
os_5yr,tabpfn_v2_6,0.2518518518518518,0.5458715596330275
os_5yr,tabpfn_v2_6,0.2518518518518518,0.555045871559633
os_5yr,tabpfn_v2_6,0.2518518518518518,0.5779816513761468
os_5yr,tabpfn_v2_6,0.25925925925925924,0.5779816513761468
os_5yr,tabpfn_v2_6,0.25925925925925924,0.5825688073394495
os_5yr,tabpfn_v2_6,0.28888888888888886,0.5825688073394495
os_5yr,tabpfn_v2_6,0.28888888888888886,0.5963302752293578
os_5yr,tabpfn_v2_6,0.3037037037037037,0.5963302752293578
os_5yr,tabpfn_v2_6,0.3037037037037037,0.6009174311926605
os_5yr,tabpfn_v2_6,0.3111111111111111,0.6009174311926605
os_5yr,tabpfn_v2_6,0.3111111111111111,0.6055045871559633
os_5yr,tabpfn_v2_6,0.31851851851851853,0.6055045871559633
os_5yr,tabpfn_v2_6,0.31851851851851853,0.6146788990825688
os_5yr,tabpfn_v2_6,0.32592592592592595,0.6284403669724771
os_5yr,tabpfn_v2_6,0.32592592592592595,0.6605504587155964
os_5yr,tabpfn_v2_6,0.34074074074074073,0.6651376146788991
os_5yr,tabpfn_v2_6,0.34074074074074073,0.6697247706422018
os_5yr,tabpfn_v2_6,0.34814814814814815,0.6697247706422018
os_5yr,tabpfn_v2_6,0.34814814814814815,0.6743119266055045
os_5yr,tabpfn_v2_6,0.34814814814814815,0.6834862385321101
os_5yr,tabpfn_v2_6,0.34814814814814815,0.6880733944954128
os_5yr,tabpfn_v2_6,0.34814814814814815,0.6972477064220184
os_5yr,tabpfn_v2_6,0.34814814814814815,0.7064220183486238
os_5yr,tabpfn_v2_6,0.35555555555555557,0.7064220183486238
os_5yr,tabpfn_v2_6,0.362962962962963,0.7110091743119266
os_5yr,tabpfn_v2_6,0.37037037037037035,0.7110091743119266
os_5yr,tabpfn_v2_6,0.37037037037037035,0.7201834862385321
os_5yr,tabpfn_v2_6,0.37777777777777777,0.7247706422018348
os_5yr,tabpfn_v2_6,0.3925925925925926,0.7247706422018348
os_5yr,tabpfn_v2_6,0.3925925925925926,0.7431192660550459
os_5yr,tabpfn_v2_6,0.4,0.7431192660550459
os_5yr,tabpfn_v2_6,0.4,0.7477064220183486
os_5yr,tabpfn_v2_6,0.4148148148148148,0.7477064220183486
os_5yr,tabpfn_v2_6,0.4148148148148148,0.7798165137614679
os_5yr,tabpfn_v2_6,0.4222222222222222,0.7798165137614679
os_5yr,tabpfn_v2_6,0.4222222222222222,0.7889908256880734
os_5yr,tabpfn_v2_6,0.4222222222222222,0.7981651376146789
os_5yr,tabpfn_v2_6,0.4222222222222222,0.8027522935779816
os_5yr,tabpfn_v2_6,0.42962962962962964,0.8027522935779816
os_5yr,tabpfn_v2_6,0.42962962962962964,0.8119266055045872
os_5yr,tabpfn_v2_6,0.43703703703703706,0.8119266055045872
os_5yr,tabpfn_v2_6,0.43703703703703706,0.8165137614678899
os_5yr,tabpfn_v2_6,0.4444444444444444,0.8165137614678899
os_5yr,tabpfn_v2_6,0.4444444444444444,0.8348623853211009
os_5yr,tabpfn_v2_6,0.45925925925925926,0.8348623853211009
os_5yr,tabpfn_v2_6,0.45925925925925926,0.8394495412844036
os_5yr,tabpfn_v2_6,0.4666666666666667,0.8394495412844036
os_5yr,tabpfn_v2_6,0.4666666666666667,0.8532110091743119
os_5yr,tabpfn_v2_6,0.48148148148148145,0.8532110091743119
os_5yr,tabpfn_v2_6,0.48148148148148145,0.8577981651376146
os_5yr,tabpfn_v2_6,0.4888888888888889,0.8577981651376146
os_5yr,tabpfn_v2_6,0.4888888888888889,0.8623853211009175
os_5yr,tabpfn_v2_6,0.5259259259259259,0.8623853211009175
os_5yr,tabpfn_v2_6,0.5259259259259259,0.8715596330275229
os_5yr,tabpfn_v2_6,0.5481481481481482,0.8715596330275229
os_5yr,tabpfn_v2_6,0.5481481481481482,0.8761467889908257
os_5yr,tabpfn_v2_6,0.5555555555555556,0.8761467889908257
os_5yr,tabpfn_v2_6,0.5555555555555556,0.8807339449541285
os_5yr,tabpfn_v2_6,0.5703703703703704,0.8807339449541285
os_5yr,tabpfn_v2_6,0.5777777777777777,0.8853211009174312
os_5yr,tabpfn_v2_6,0.5925925925925926,0.8853211009174312
os_5yr,tabpfn_v2_6,0.6074074074074074,0.8853211009174312
os_5yr,tabpfn_v2_6,0.6222222222222222,0.8853211009174312
os_5yr,tabpfn_v2_6,0.6222222222222222,0.8899082568807339
os_5yr,tabpfn_v2_6,0.6296296296296297,0.8899082568807339
os_5yr,tabpfn_v2_6,0.6370370370370371,0.8944954128440367
os_5yr,tabpfn_v2_6,0.6444444444444445,0.8944954128440367
os_5yr,tabpfn_v2_6,0.6444444444444445,0.8990825688073395
os_5yr,tabpfn_v2_6,0.6592592592592592,0.8990825688073395
os_5yr,tabpfn_v2_6,0.6592592592592592,0.9036697247706422
os_5yr,tabpfn_v2_6,0.6666666666666666,0.9036697247706422
os_5yr,tabpfn_v2_6,0.6666666666666666,0.908256880733945
os_5yr,tabpfn_v2_6,0.6888888888888889,0.908256880733945
os_5yr,tabpfn_v2_6,0.6888888888888889,0.9128440366972477
os_5yr,tabpfn_v2_6,0.7111111111111111,0.9128440366972477
os_5yr,tabpfn_v2_6,0.7111111111111111,0.9174311926605505
os_5yr,tabpfn_v2_6,0.7185185185185186,0.9174311926605505
os_5yr,tabpfn_v2_6,0.7185185185185186,0.9220183486238532
os_5yr,tabpfn_v2_6,0.725925925925926,0.926605504587156
os_5yr,tabpfn_v2_6,0.725925925925926,0.944954128440367
os_5yr,tabpfn_v2_6,0.7407407407407407,0.944954128440367
os_5yr,tabpfn_v2_6,0.7555555555555555,0.944954128440367
os_5yr,tabpfn_v2_6,0.7555555555555555,0.9495412844036697
os_5yr,tabpfn_v2_6,0.7703703703703704,0.9495412844036697
os_5yr,tabpfn_v2_6,0.7703703703703704,0.9541284403669725
os_5yr,tabpfn_v2_6,0.7777777777777778,0.9541284403669725
os_5yr,tabpfn_v2_6,0.7851851851851852,0.9587155963302753
os_5yr,tabpfn_v2_6,0.8296296296296296,0.9587155963302753
os_5yr,tabpfn_v2_6,0.8296296296296296,0.963302752293578
os_5yr,tabpfn_v2_6,0.837037037037037,0.963302752293578
os_5yr,tabpfn_v2_6,0.837037037037037,0.9678899082568807
os_5yr,tabpfn_v2_6,0.8814814814814815,0.9678899082568807
os_5yr,tabpfn_v2_6,0.8814814814814815,0.9724770642201835
os_5yr,tabpfn_v2_6,0.9037037037037037,0.9724770642201835
os_5yr,tabpfn_v2_6,0.9037037037037037,0.9770642201834863
os_5yr,tabpfn_v2_6,0.9185185185185185,0.9770642201834863
os_5yr,tabpfn_v2_6,0.9185185185185185,0.9862385321100917
os_5yr,tabpfn_v2_6,0.9333333333333333,0.9862385321100917
os_5yr,tabpfn_v2_6,0.9481481481481482,0.9862385321100917
os_5yr,tabpfn_v2_6,0.9481481481481482,0.9908256880733946
os_5yr,tabpfn_v2_6,0.9777777777777777,0.9908256880733946
os_5yr,tabpfn_v2_6,0.9777777777777777,0.9954128440366973
os_5yr,tabpfn_v2_6,1.0,0.9954128440366973
os_5yr,tabpfn_v2_6,1.0,1.0
os_5yr,tabpfn_v3,0.0,0.0
os_5yr,tabpfn_v3,0.0,0.022935779816513763
os_5yr,tabpfn_v3,0.0,0.04128440366972477
os_5yr,tabpfn_v3,0.014814814814814815,0.04128440366972477
os_5yr,tabpfn_v3,0.014814814814814815,0.05045871559633028
os_5yr,tabpfn_v3,0.014814814814814815,0.05504587155963303
os_5yr,tabpfn_v3,0.014814814814814815,0.07339449541284404
os_5yr,tabpfn_v3,0.014814814814814815,0.0779816513761468
os_5yr,tabpfn_v3,0.022222222222222223,0.0779816513761468
os_5yr,tabpfn_v3,0.022222222222222223,0.09174311926605505
os_5yr,tabpfn_v3,0.02962962962962963,0.09174311926605505
os_5yr,tabpfn_v3,0.02962962962962963,0.12844036697247707
os_5yr,tabpfn_v3,0.02962962962962963,0.15137614678899083
os_5yr,tabpfn_v3,0.02962962962962963,0.1651376146788991
os_5yr,tabpfn_v3,0.037037037037037035,0.1651376146788991
os_5yr,tabpfn_v3,0.037037037037037035,0.1743119266055046
os_5yr,tabpfn_v3,0.044444444444444446,0.1743119266055046
os_5yr,tabpfn_v3,0.044444444444444446,0.18807339449541285
os_5yr,tabpfn_v3,0.05185185185185185,0.18807339449541285
os_5yr,tabpfn_v3,0.05185185185185185,0.19724770642201836
os_5yr,tabpfn_v3,0.05925925925925926,0.19724770642201836
os_5yr,tabpfn_v3,0.05925925925925926,0.25229357798165136
os_5yr,tabpfn_v3,0.06666666666666667,0.25229357798165136
os_5yr,tabpfn_v3,0.06666666666666667,0.25688073394495414
os_5yr,tabpfn_v3,0.07407407407407407,0.25688073394495414
os_5yr,tabpfn_v3,0.07407407407407407,0.26605504587155965
os_5yr,tabpfn_v3,0.08148148148148149,0.26605504587155965
os_5yr,tabpfn_v3,0.08148148148148149,0.27522935779816515
os_5yr,tabpfn_v3,0.08888888888888889,0.27522935779816515
os_5yr,tabpfn_v3,0.08888888888888889,0.2798165137614679
os_5yr,tabpfn_v3,0.1111111111111111,0.2798165137614679
os_5yr,tabpfn_v3,0.1111111111111111,0.3073394495412844
os_5yr,tabpfn_v3,0.11851851851851852,0.3073394495412844
os_5yr,tabpfn_v3,0.11851851851851852,0.3211009174311927
os_5yr,tabpfn_v3,0.1259259259259259,0.3211009174311927
os_5yr,tabpfn_v3,0.1259259259259259,0.3486238532110092
os_5yr,tabpfn_v3,0.14074074074074075,0.3486238532110092
os_5yr,tabpfn_v3,0.14074074074074075,0.3623853211009174
os_5yr,tabpfn_v3,0.14814814814814814,0.3623853211009174
os_5yr,tabpfn_v3,0.14814814814814814,0.38073394495412843
os_5yr,tabpfn_v3,0.15555555555555556,0.38073394495412843
os_5yr,tabpfn_v3,0.15555555555555556,0.3853211009174312
os_5yr,tabpfn_v3,0.17037037037037037,0.3853211009174312
os_5yr,tabpfn_v3,0.17037037037037037,0.41284403669724773
os_5yr,tabpfn_v3,0.17777777777777778,0.41284403669724773
os_5yr,tabpfn_v3,0.17777777777777778,0.44954128440366975
os_5yr,tabpfn_v3,0.18518518518518517,0.44954128440366975
os_5yr,tabpfn_v3,0.18518518518518517,0.4541284403669725
os_5yr,tabpfn_v3,0.1925925925925926,0.4541284403669725
os_5yr,tabpfn_v3,0.1925925925925926,0.45871559633027525
os_5yr,tabpfn_v3,0.21481481481481482,0.45871559633027525
os_5yr,tabpfn_v3,0.21481481481481482,0.463302752293578
os_5yr,tabpfn_v3,0.2222222222222222,0.463302752293578
os_5yr,tabpfn_v3,0.2222222222222222,0.5321100917431193
os_5yr,tabpfn_v3,0.22962962962962963,0.5321100917431193
os_5yr,tabpfn_v3,0.22962962962962963,0.5688073394495413
os_5yr,tabpfn_v3,0.23703703703703705,0.5688073394495413
os_5yr,tabpfn_v3,0.23703703703703705,0.5871559633027523
os_5yr,tabpfn_v3,0.24444444444444444,0.5871559633027523
os_5yr,tabpfn_v3,0.24444444444444444,0.6422018348623854
os_5yr,tabpfn_v3,0.25925925925925924,0.6422018348623854
os_5yr,tabpfn_v3,0.25925925925925924,0.6467889908256881
os_5yr,tabpfn_v3,0.26666666666666666,0.6467889908256881
os_5yr,tabpfn_v3,0.26666666666666666,0.6559633027522935
os_5yr,tabpfn_v3,0.2962962962962963,0.6559633027522935
os_5yr,tabpfn_v3,0.2962962962962963,0.6743119266055045
os_5yr,tabpfn_v3,0.3111111111111111,0.6743119266055045
os_5yr,tabpfn_v3,0.3111111111111111,0.6880733944954128
os_5yr,tabpfn_v3,0.32592592592592595,0.6880733944954128
os_5yr,tabpfn_v3,0.32592592592592595,0.6926605504587156
os_5yr,tabpfn_v3,0.3333333333333333,0.6926605504587156
os_5yr,tabpfn_v3,0.3333333333333333,0.6972477064220184
os_5yr,tabpfn_v3,0.34074074074074073,0.6972477064220184
os_5yr,tabpfn_v3,0.34074074074074073,0.7385321100917431
os_5yr,tabpfn_v3,0.362962962962963,0.7385321100917431
os_5yr,tabpfn_v3,0.362962962962963,0.7522935779816514
os_5yr,tabpfn_v3,0.37037037037037035,0.7522935779816514
os_5yr,tabpfn_v3,0.37037037037037035,0.7568807339449541
os_5yr,tabpfn_v3,0.37777777777777777,0.7568807339449541
os_5yr,tabpfn_v3,0.37777777777777777,0.7889908256880734
os_5yr,tabpfn_v3,0.4148148148148148,0.7889908256880734
os_5yr,tabpfn_v3,0.4148148148148148,0.7981651376146789
os_5yr,tabpfn_v3,0.4222222222222222,0.7981651376146789
os_5yr,tabpfn_v3,0.4222222222222222,0.8073394495412844
os_5yr,tabpfn_v3,0.4444444444444444,0.8073394495412844
os_5yr,tabpfn_v3,0.4444444444444444,0.8119266055045872
os_5yr,tabpfn_v3,0.45925925925925926,0.8119266055045872
os_5yr,tabpfn_v3,0.45925925925925926,0.8577981651376146
os_5yr,tabpfn_v3,0.5111111111111111,0.8577981651376146
os_5yr,tabpfn_v3,0.5111111111111111,0.8623853211009175
os_5yr,tabpfn_v3,0.5185185185185185,0.8623853211009175
os_5yr,tabpfn_v3,0.5185185185185185,0.8715596330275229
os_5yr,tabpfn_v3,0.5333333333333333,0.8715596330275229
os_5yr,tabpfn_v3,0.5333333333333333,0.8853211009174312
os_5yr,tabpfn_v3,0.5407407407407407,0.8853211009174312
os_5yr,tabpfn_v3,0.5407407407407407,0.8944954128440367
os_5yr,tabpfn_v3,0.6074074074074074,0.8944954128440367
os_5yr,tabpfn_v3,0.6074074074074074,0.8990825688073395
os_5yr,tabpfn_v3,0.6222222222222222,0.8990825688073395
os_5yr,tabpfn_v3,0.6222222222222222,0.9128440366972477
os_5yr,tabpfn_v3,0.6666666666666666,0.9128440366972477
os_5yr,tabpfn_v3,0.6666666666666666,0.9220183486238532
os_5yr,tabpfn_v3,0.6888888888888889,0.9220183486238532
os_5yr,tabpfn_v3,0.6888888888888889,0.9311926605504587
os_5yr,tabpfn_v3,0.7185185185185186,0.9311926605504587
os_5yr,tabpfn_v3,0.7185185185185186,0.9357798165137615
os_5yr,tabpfn_v3,0.7407407407407407,0.9357798165137615
os_5yr,tabpfn_v3,0.7407407407407407,0.9403669724770642
os_5yr,tabpfn_v3,0.762962962962963,0.9403669724770642
os_5yr,tabpfn_v3,0.762962962962963,0.944954128440367
os_5yr,tabpfn_v3,0.7703703703703704,0.944954128440367
os_5yr,tabpfn_v3,0.7703703703703704,0.9495412844036697
os_5yr,tabpfn_v3,0.7777777777777778,0.9495412844036697
os_5yr,tabpfn_v3,0.7777777777777778,0.9541284403669725
os_5yr,tabpfn_v3,0.8074074074074075,0.9541284403669725
os_5yr,tabpfn_v3,0.8074074074074075,0.9587155963302753
os_5yr,tabpfn_v3,0.837037037037037,0.9587155963302753
os_5yr,tabpfn_v3,0.837037037037037,0.963302752293578
os_5yr,tabpfn_v3,0.8444444444444444,0.963302752293578
os_5yr,tabpfn_v3,0.8444444444444444,0.9724770642201835
os_5yr,tabpfn_v3,0.8740740740740741,0.9724770642201835
os_5yr,tabpfn_v3,0.8740740740740741,0.9770642201834863
os_5yr,tabpfn_v3,0.8888888888888888,0.9770642201834863
os_5yr,tabpfn_v3,0.8888888888888888,0.981651376146789
os_5yr,tabpfn_v3,0.9259259259259259,0.981651376146789
os_5yr,tabpfn_v3,0.9259259259259259,0.9862385321100917
os_5yr,tabpfn_v3,0.9629629629629629,0.9862385321100917
os_5yr,tabpfn_v3,0.9629629629629629,0.9908256880733946
os_5yr,tabpfn_v3,0.9851851851851852,0.9908256880733946
os_5yr,tabpfn_v3,0.9851851851851852,1.0
os_5yr,tabpfn_v3,1.0,1.0
